OBJECTID,JOIN_FID,ID,sourceCountry,ENRICH_FID,aggregationMethod,populationToPolygonSizeRating,apportionmentConfidence,HasData,burglary_crime_est,total_crime_est,total_population,unemployment_rate_idx,pct_hispanic,median_income_idx,pct_veterans,ID_1,sourceCountry_1,ENRICH_FID_1,aggregationMethod_1,populationToPolygonSizeRating_1,apportionmentConfidence_1,HasData_1,pct_household_disability,pct_public_assistance,pct_severe_rent_burden,pct_no_schooling,pct_no_health_insurance,pct_veterans_2,pct_hs_grad,ACSHHPBLPV_P,esri_market_idx_14068,esri_market_idx_14068_forecast,source_run,latitude,longitude,address,heading,filename,tent_prediction_count,max_conf,classes_seen,hex_area_sqkm,climate_t2m_2024_c,climate_tmax_2024_c,climate_ppt_2024_mm,tent_ref_point_count,tent_ref_prediction_sum,tent_ref_max_conf,tent_ref_mean_conf,transit_stops_count,hospital_count,fire_station_count,library_count,college_count,public_school_count,private_school_count,recreation_center_count,adult_recreation_count,cool_zone_count,affordable_housing_count,sud_treatment_count,business_sites_count,gas_station_count,police_station_count,food_access_count,lausd_school_site_count,osm_major_road_segments_count,osm_major_road_length_m,nearest_osm_major_road_m,freeway_segments_count,freeway_length_m,nearest_freeway_m,river_drainage_segments_count,river_drainage_length_m,nearest_river_drainage_m,osm_amenity_count,caltrans_highway_segments_count,caltrans_highway_length_m,nearest_caltrans_highway_m,fema_flood_hazard_area_pct,fema_flood_hazard_intersects,la_geohub_100yr_flood_area_pct,la_geohub_100yr_flood_intersects,la_geohub_500yr_flood_area_pct,la_geohub_500yr_flood_intersects,la_geohub_fire_hazard_area_pct,la_geohub_fire_hazard_intersects,heat_exposure_area_pct,heat_exposure_intersects,tree_canopy_proxy_pct,vegetation_proxy_pct,impervious_proxy_pct,water_proxy_pct,bare_ground_proxy_pct,dominant_landcover_class,heat_exposure_proxy_score,Join_Count,GRID_ID,colnum,row,school_count,tent_present,centroid_lat,centroid_lon,centroid_source,baseline_risk,top_interaction_a,top_interaction_b,top_interaction_val
1,-1,0,US,411,BlockApportionment:US.BlockGroups;PointsLayer:US.BlockPoints,2.191,2.576,1,89,85,8099,45,49.92,118,2.89,0,US,1,BlockApportionment:US.BlockGroups;PointsLayer:US.BlockPoints,2.191,2.576,1,23.57,2.12,25.67,5.37,4.36,1.96,14.08,9.85,104,106,,,,,,,,,,1.9425,17.47,29.74,16.36,0,0,,,57,0,0,0,0,1,1,0,0,0,0,2,751,747,0,0,2,43,3904.06,128.42,0,0.0,3741.23,1,1497.94,125.49,9,0,0.0,3769.86,0.0,0,0.0,0,0.0,0,100.0,1,0.0,0,2.7,20.34,52.62,6.47,20.58,5.0,66.02,0,I-10,9,10,2,0,34.20983206760771,-118.51735624806112,reconstructed,0.5777658400989447,la_geohub_500yr_flood_intersects,water_proxy_pct,0.013296714594876184
2,-1,1,US,412,BlockApportionment:US.BlockGroups;PointsLayer:US.BlockPoints,2.191,2.576,1,91,81,4856,183,50.1,127,4.93,1,US,2,BlockApportionment:US.BlockGroups;PointsLayer:US.BlockPoints,2.191,2.576,1,27.55,5.52,45.61,5.36,6.72,5.49,13.13,17.26,117,121,,,,,,,,,,1.9425,17.47,29.74,16.36,0,0,,,33,0,0,0,0,0,0,0,0,0,0,2,721,771,0,0,2,17,1509.1,183.97,0,0.0,2738.78,5,1477.09,531.83,8,0,0.0,2739.94,0.0,0,1.58,1,0.0,0,100.0,1,0.0,0,3.41,17.48,62.44,4.05,16.03,5.0,72.68,0,J-10,10,10,0,0,34.20966510831023,-118.50322902533254,reconstructed,0.5965350619910585,la_geohub_100yr_flood_area_pct,tree_canopy_proxy_pct,-0.030147387349581767
3,-1,2,US,413,BlockApportionment:US.BlockGroups;PointsLayer:US.BlockPoints,2.191,2.576,1,118,140,3794,181,59.44,90,3.31,2,US,3,BlockApportionment:US.BlockGroups;PointsLayer:US.BlockPoints,2.191,2.576,1,26.49,3.74,44.53,6.95,5.47,2.55,22.02,19.31,77,80,,,,,,,,,,1.9425,17.47,29.74,16.36,0,0,,,63,0,0,0,0,0,0,0,1,0,0,1,938,860,0,0,1,59,3716.36,450.59,0,0.0,1333.51,7,587.68,427.2,10,0,0.0,1436.42,0.0,0,0.46,1,0.0,0,100.0,1,0.0,0,0.47,12.06,72.47,2.41,13.06,5.0,80.59,0,K-10,11,10,0,0,34.20949814901275,-118.48910180260395,reconstructed,0.6287766853211569,la_geohub_100yr_flood_area_pct,tree_canopy_proxy_pct,0.05689136148816336
4,1186,3,US,414,BlockApportionment:US.BlockGroups;PointsLayer:US.BlockPoints,2.191,2.576,1,116,158,3377,148,68.02,97,3.51,3,US,4,BlockApportionment:US.BlockGroups;PointsLayer:US.BlockPoints,2.191,2.576,1,15.89,3.46,19.13,8.41,3.53,3.18,18.91,8.82,83,84,api_test_workflow_v8_remaining_location_deduped_final_after10_30_2026-05-23,34.21786497,-118.47477398,"8100 N HASKELL AVE, 91406",180.0,34.2178649665_-118.474773982_180.jpg,1.0,0.8036,tent,1.9425,17.47,29.74,16.36,0,0,,,24,0,0,0,0,1,0,0,0,0,0,2,854,840,0,0,2,35,6437.36,145.35,27,6025.38,145.35,0,0.0,1547.91,1,2,2996.03,146.51,0.64,1,0.0,0,0.0,0,100.0,1,0.0,0,1.04,8.8,75.93,3.24,12.04,5.0,82.84,0,L-10,12,10,1,0,34.20933118971528,-118.47497457987537,detection_avg,0.6219691538610201,pct_veterans_2,river_drainage_segments_count,-0.027090061864534522
5,1724,3,US,414,BlockApportionment:US.BlockGroups;PointsLayer:US.BlockPoints,2.191,2.576,1,116,158,3377,148,68.02,97,3.51,3,US,4,BlockApportionment:US.BlockGroups;PointsLayer:US.BlockPoints,2.191,2.576,1,15.89,3.46,19.13,8.41,3.53,3.18,18.91,8.82,83,84,api_test_workflow_v8_remaining_location_deduped_final_after10_30_2026-05-23,34.21714756,-118.47480668,"8048 N HASKELL AVE, 91406",270.0,34.2171475615_-118.474806677_270.jpg,2.0,0.7615,tent,1.9425,17.47,29.74,16.36,0,0,,,24,0,0,0,0,1,0,0,0,0,0,2,854,840,0,0,2,35,6437.36,145.35,27,6025.38,145.35,0,0.0,1547.91,1,2,2996.03,146.51,0.64,1,0.0,0,0.0,0,100.0,1,0.0,0,1.04,8.8,75.93,3.24,12.04,5.0,82.84,1,L-10,12,10,1,1,34.20933118971528,-118.47497457987537,detection_avg,0.6219691538610201,pct_veterans_2,river_drainage_segments_count,-0.027090061864534522
6,123,4,US,415,BlockApportionment:US.BlockGroups;PointsLayer:US.BlockPoints,2.191,2.576,1,91,119,10302,169,50.68,81,1.32,4,US,5,BlockApportionment:US.BlockGroups;PointsLayer:US.BlockPoints,2.191,2.576,1,24.04,4.15,38.71,4.08,3.63,2.75,18.46,16.09,89,96,api_test_workflow_v2_remaining_model6_2026-05-08,34.19957942,-118.46604241,"7108 N SEPULVEDA BLVD, 91405",270.0,34.1995794198_-118.46604241_270.jpg,1.0,0.6938,tent,1.9425,17.47,29.74,16.36,0,0,,,54,0,0,0,1,1,1,0,0,0,0,1,1170,1240,0,0,7,55,3757.13,449.03,0,0.0,1091.86,1,530.36,717.15,11,0,0.0,1135.63,0.58,1,0.0,0,0.0,0,100.0,1,0.0,0,1.59,16.35,63.29,3.35,17.0,5.0,73.83,0,M-10,13,10,2,0,34.209164230417805,-118.4608473571468,detection_avg,0.5727368245094243,business_sites_count,bare_ground_proxy_pct,-0.010516355571964911
7,767,4,US,415,BlockApportionment:US.BlockGroups;PointsLayer:US.BlockPoints,2.191,2.576,1,91,119,10302,169,50.68,81,1.32,4,US,5,BlockApportionment:US.BlockGroups;PointsLayer:US.BlockPoints,2.191,2.576,1,24.04,4.15,38.71,4.08,3.63,2.75,18.46,16.09,89,96,api_test_workflow_v2_30pct_model6_2026-05-08,34.20013655,-118.46603739,"7134 N SEPULVEDA BLVD, 91405",270.0,34.200136553_-118.466037391_270.jpg,1.0,0.811,tent,1.9425,17.47,29.74,16.36,0,0,,,54,0,0,0,1,1,1,0,0,0,0,1,1170,1240,0,0,7,55,3757.13,449.03,0,0.0,1091.86,1,530.36,717.15,11,0,0.0,1135.63,0.58,1,0.0,0,0.0,0,100.0,1,0.0,0,1.59,16.35,63.29,3.35,17.0,5.0,73.83,0,M-10,13,10,2,0,34.209164230417805,-118.4608473571468,detection_avg,0.5727368245094243,business_sites_count,bare_ground_proxy_pct,-0.010516355571964911
8,139,5,US,416,BlockApportionment:US.BlockGroups;PointsLayer:US.BlockPoints,2.191,2.576,1,97,114,6425,195,73.67,76,1.22,5,US,6,BlockApportionment:US.BlockGroups;PointsLayer:US.BlockPoints,2.191,2.576,1,29.76,7.75,29.79,6.93,7.52,1.41,22.77,20.79,76,80,api_test_workflow_v2_remaining_model6_2026-05-08,34.20670396,-118.44766899,"14435 W COHASSET ST, 91405",0.0,34.2067039605_-118.447668986_0.jpg,1.0,0.7685,tent,1.9425,17.47,29.74,16.36,0,0,,,75,0,1,0,0,2,0,0,0,0,0,3,901,893,0,0,6,33,2996.05,170.26,0,0.0,2425.58,6,1516.66,239.89,14,0,0.0,2425.57,0.75,1,0.0,0,0.0,0,100.0,1,0.0,0,1.85,9.77,75.32,2.08,12.83,5.0,82.17,1,N-10,14,10,2,1,34.208997271120325,-118.4467201344182,detection_avg,0.5610652500336174,sud_treatment_count,business_sites_count,0.019032882344528296
9,441,5,US,416,BlockApportionment:US.BlockGroups;PointsLayer:US.BlockPoints,2.191,2.576,1,97,114,6425,195,73.67,76,1.22,5,US,6,BlockApportionment:US.BlockGroups;PointsLayer:US.BlockPoints,2.191,2.576,1,29.76,7.75,29.79,6.93,7.52,1.41,22.77,20.79,76,80,api_test_workflow_v2_20pct_model6_2026-05-07,34.21079875,-118.44931066,"14485 W RAYMER ST, 91405",270.0,34.2107987472_-118.449310663_270.jpg,1.0,0.8799,tent,1.9425,17.47,29.74,16.36,0,0,,,75,0,1,0,0,2,0,0,0,0,0,3,901,893,0,0,6,33,2996.05,170.26,0,0.0,2425.58,6,1516.66,239.89,14,0,0.0,2425.57,0.75,1,0.0,0,0.0,0,100.0,1,0.0,0,1.85,9.77,75.32,2.08,12.83,5.0,82.17,0,N-10,14,10,2,0,34.208997271120325,-118.4467201344182,detection_avg,0.5610652500336174,sud_treatment_count,business_sites_count,0.019032882344528296
10,725,5,US,416,BlockApportionment:US.BlockGroups;PointsLayer:US.BlockPoints,2.191,2.576,1,97,114,6425,195,73.67,76,1.22,5,US,6,BlockApportionment:US.BlockGroups;PointsLayer:US.BlockPoints,2.191,2.576,1,29.76,7.75,29.79,6.93,7.52,1.41,22.77,20.79,76,80,api_test_workflow_v2_30pct_model6_2026-05-08,34.20533475,-118.44900753,"7411 N VAN NUYS BLVD, 91405",0.0,34.2053347502_-118.44900753_0.jpg,1.0,0.679,tent,1.9425,17.47,29.74,16.36,0,0,,,75,0,1,0,0,2,0,0,0,0,0,3,901,893,0,0,6,33,2996.05,170.26,0,0.0,2425.58,6,1516.66,239.89,14,0,0.0,2425.57,0.75,1,0.0,0,0.0,0,100.0,1,0.0,0,1.85,9.77,75.32,2.08,12.83,5.0,82.17,0,N-10,14,10,2,0,34.208997271120325,-118.4467201344182,detection_avg,0.5610652500336174,sud_treatment_count,business_sites_count,0.019032882344528296
11,1501,5,US,416,BlockApportionment:US.BlockGroups;PointsLayer:US.BlockPoints,2.191,2.576,1,97,114,6425,195,73.67,76,1.22,5,US,6,BlockApportionment:US.BlockGroups;PointsLayer:US.BlockPoints,2.191,2.576,1,29.76,7.75,29.79,6.93,7.52,1.41,22.77,20.79,76,80,api_test_workflow_v8_remaining_location_deduped_10pct_2026-05-22,34.21123616,-118.4493044,"14505 W RAYMER ST, 91405",0.0,34.21123616_-118.449304399_0.jpg,2.0,0.8849,tent,1.9425,17.47,29.74,16.36,0,0,,,75,0,1,0,0,2,0,0,0,0,0,3,901,893,0,0,6,33,2996.05,170.26,0,0.0,2425.58,6,1516.66,239.89,14,0,0.0,2425.57,0.75,1,0.0,0,0.0,0,100.0,1,0.0,0,1.85,9.77,75.32,2.08,12.83,5.0,82.17,0,N-10,14,10,2,0,34.208997271120325,-118.4467201344182,detection_avg,0.5610652500336174,sud_treatment_count,business_sites_count,0.019032882344528296
12,1504,5,US,416,BlockApportionment:US.BlockGroups;PointsLayer:US.BlockPoints,2.191,2.576,1,97,114,6425,195,73.67,76,1.22,5,US,6,BlockApportionment:US.BlockGroups;PointsLayer:US.BlockPoints,2.191,2.576,1,29.76,7.75,29.79,6.93,7.52,1.41,22.77,20.79,76,80,api_test_workflow_v8_remaining_location_deduped_10pct_2026-05-22,34.21123616,-118.4493044,"14505 W RAYMER ST, 91405",90.0,34.21123616_-118.449304399_90.jpg,2.0,0.8768,tent,1.9425,17.47,29.74,16.36,0,0,,,75,0,1,0,0,2,0,0,0,0,0,3,901,893,0,0,6,33,2996.05,170.26,0,0.0,2425.58,6,1516.66,239.89,14,0,0.0,2425.57,0.75,1,0.0,0,0.0,0,100.0,1,0.0,0,1.85,9.77,75.32,2.08,12.83,5.0,82.17,0,N-10,14,10,2,0,34.208997271120325,-118.4467201344182,detection_avg,0.5610652500336174,sud_treatment_count,business_sites_count,0.019032882344528296
13,17,6,US,417,BlockApportionment:US.BlockGroups;PointsLayer:US.BlockPoints,2.191,2.576,1,86,84,11071,136,54.86,74,2.47,6,US,7,BlockApportionment:US.BlockGroups;PointsLayer:US.BlockPoints,2.191,2.576,1,29.83,6.83,42.15,3.66,4.07,2.69,22.26,17.94,65,65,api_test_workflow_v2_10pct_model6_2026-05-06_live,34.20763679,-118.42898394,"13601 W RAYMER ST, 91405",270.0,34.2076367916_-118.428983938_270.jpg,1.0,0.7868,tent,1.9425,17.47,29.74,16.36,0,0,,,36,0,0,0,0,0,0,0,0,0,0,1,1124,1152,0,0,0,43,2982.28,138.61,0,0.0,2419.57,8,2892.73,387.52,9,0,0.0,2420.69,3.47,1,2.96,1,0.0,0,100.0,1,0.0,0,2.35,14.54,66.33,3.24,15.89,5.0,75.73,1,O-10,15,10,0,1,34.20883031182285,-118.43259291168962,detection_avg,0.5986022230689384,esri_market_idx_14068_forecast,business_sites_count,0.04434660574665947
14,1610,6,US,417,BlockApportionment:US.BlockGroups;PointsLayer:US.BlockPoints,2.191,2.576,1,86,84,11071,136,54.86,74,2.47,6,US,7,BlockApportionment:US.BlockGroups;PointsLayer:US.BlockPoints,2.191,2.576,1,29.83,6.83,42.15,3.66,4.07,2.69,22.26,17.94,65,65,api_test_workflow_v8_remaining_location_deduped_30pct_after10_2026-05-22,34.20952442,-118.42882112,"13601 W SATICOY ST, 91402",270.0,34.2095244208_-118.428821115_270.jpg,1.0,0.7185,tent,1.9425,17.47,29.74,16.36,0,0,,,36,0,0,0,0,0,0,0,0,0,0,1,1124,1152,0,0,0,43,2982.28,138.61,0,0.0,2419.57,8,2892.73,387.52,9,0,0.0,2420.69,3.47,1,2.96,1,0.0,0,100.0,1,0.0,0,2.35,14.54,66.33,3.24,15.89,5.0,75.73,0,O-10,15,10,0,0,34.20883031182285,-118.43259291168962,detection_avg,0.5986022230689384,esri_market_idx_14068_forecast,business_sites_count,0.04434660574665947
15,1537,7,US,418,BlockApportionment:US.BlockGroups;PointsLayer:US.BlockPoints,2.191,2.576,1,143,174,5552,169,35.1,111,1.49,7,US,8,BlockApportionment:US.BlockGroups;PointsLayer:US.BlockPoints,2.191,2.576,1,37.19,3.46,46.44,3.74,3.35,1.14,22.98,11.99,106,110,api_test_workflow_v8_remaining_location_deduped_10pct_2026-05-22,34.20594624,-118.42134586,"13244 W RAYMER ST, 91605",90.0,34.2059462432_-118.421345856_90.jpg,1.0,0.8611,tent,1.9425,17.47,29.74,16.36,0,0,,,42,0,0,0,0,0,0,0,0,0,0,6,772,759,0,0,4,0,0.0,992.43,0,0.0,992.43,1,1074.79,597.73,1,0,0.0,991.08,3.0,1,3.01,1,0.0,0,100.0,1,0.0,0,1.33,13.78,62.02,4.52,19.69,5.0,73.02,0,P-10,16,10,0,0,34.20866335252538,-118.41846568896104,detection_avg,0.5905227816923034,total_population,pct_household_disability,-0.014070140854821308
16,1324,8,US,419,BlockApportionment:US.BlockGroups;PointsLayer:US.BlockPoints,2.191,2.576,1,105,107,4615,114,37.31,91,1.53,8,US,9,BlockApportionment:US.BlockGroups;PointsLayer:US.BlockPoints,2.191,2.576,1,25.45,4.99,40.26,3.86,3.27,1.08,14.66,9.28,89,94,api_test_workflow_v2_remaining_model6_2026-05-08,34.20861502,-118.39908226,"12205 W SATICOY ST, 91605",90.0,34.2086150209_-118.39908226_90.jpg,1.0,0.6577,tent,1.9425,17.47,29.74,16.36,0,0,,,42,0,0,0,0,0,0,0,0,0,0,0,767,819,0,0,0,68,10628.34,75.08,29,8403.31,75.08,0,0.0,1231.51,8,2,3119.06,73.25,0.0,0,0.0,0,0.0,0,100.0,1,0.0,0,0.47,10.46,69.08,4.53,15.93,5.0,78.21,0,Q-10,17,10,0,0,34.208496393227904,-118.40433846623245,detection_avg,0.6281382297396257,nearest_river_drainage_m,water_proxy_pct,0.019128957772934402
17,109,9,US,420,BlockApportionment:US.BlockGroups;PointsLayer:US.BlockPoints,2.191,2.576,1,110,113,12180,140,69.37,80,1.55,9,US,10,BlockApportionment:US.BlockGroups;PointsLayer:US.BlockPoints,2.191,2.576,1,31.07,5.74,35.19,8.1,7.87,0.8,18.89,13.54,85,88,api_test_workflow_v2_remaining_model6_2026-05-08,34.21875871,-118.39067581,"8175 N WEBB AVE, 91605",90.0,34.2187587098_-118.390675807_90.jpg,1.0,0.9021,tent,1.9425,17.47,29.74,16.36,0,0,,,80,0,0,0,0,1,0,0,0,0,0,5,1081,1051,0,0,2,43,2587.89,255.39,0,0.0,1518.9,0,0.0,1717.99,11,0,0.0,1517.08,0.1,1,0.0,0,0.1,1,100.0,1,0.0,0,2.14,16.19,65.18,4.05,14.57,5.0,74.98,0,R-10,18,10,1,0,34.20832943393042,-118.39021124350388,detection_avg,0.5876939581157636,nearest_river_drainage_m,la_geohub_500yr_flood_area_pct,0.024381880021906718
18,192,9,US,420,BlockApportionment:US.BlockGroups;PointsLayer:US.BlockPoints,2.191,2.576,1,110,113,12180,140,69.37,80,1.55,9,US,10,BlockApportionment:US.BlockGroups;PointsLayer:US.BlockPoints,2.191,2.576,1,31.07,5.74,35.19,8.1,7.87,0.8,18.89,13.54,85,88,api_test_workflow_v2_remaining_model6_2026-05-08,34.2145266,-118.38762829,"7918 N LANKERSHIM BLVD, 91605",90.0,34.2145266012_-118.387628286_90.jpg,1.0,0.8818,tent,1.9425,17.47,29.74,16.36,0,0,,,80,0,0,0,0,1,0,0,0,0,0,5,1081,1051,0,0,2,43,2587.89,255.39,0,0.0,1518.9,0,0.0,1717.99,11,0,0.0,1517.08,0.1,1,0.0,0,0.1,1,100.0,1,0.0,0,2.14,16.19,65.18,4.05,14.57,5.0,74.98,0,R-10,18,10,1,0,34.20832943393042,-118.39021124350388,detection_avg,0.5876939581157636,nearest_river_drainage_m,la_geohub_500yr_flood_area_pct,0.024381880021906718
19,316,9,US,420,BlockApportionment:US.BlockGroups;PointsLayer:US.BlockPoints,2.191,2.576,1,110,113,12180,140,69.37,80,1.55,9,US,10,BlockApportionment:US.BlockGroups;PointsLayer:US.BlockPoints,2.191,2.576,1,31.07,5.74,35.19,8.1,7.87,0.8,18.89,13.54,85,88,api_test_workflow_v2_5pct_2026-04-25,34.21555263,-118.3862307,"11650 W STRATHERN ST, 91605",90.0,34.2155526337_-118.386230704_90.jpg,1.0,0.7482,tent,1.9425,17.47,29.74,16.36,0,0,,,80,0,0,0,0,1,0,0,0,0,0,5,1081,1051,0,0,2,43,2587.89,255.39,0,0.0,1518.9,0,0.0,1717.99,11,0,0.0,1517.08,0.1,1,0.0,0,0.1,1,100.0,1,0.0,0,2.14,16.19,65.18,4.05,14.57,5.0,74.98,0,R-10,18,10,1,0,34.20832943393042,-118.39021124350388,detection_avg,0.5876939581157636,nearest_river_drainage_m,la_geohub_500yr_flood_area_pct,0.024381880021906718
20,338,9,US,420,BlockApportionment:US.BlockGroups;PointsLayer:US.BlockPoints,2.191,2.576,1,110,113,12180,140,69.37,80,1.55,9,US,10,BlockApportionment:US.BlockGroups;PointsLayer:US.BlockPoints,2.191,2.576,1,31.07,5.74,35.19,8.1,7.87,0.8,18.89,13.54,85,88,api_test_workflow_v2_5pct_2026-04-25,34.21879159,-118.39082878,"8145 N WEBB AVE, 91605",90.0,34.2187915874_-118.390828785_90.jpg,1.0,0.7542,tent,1.9425,17.47,29.74,16.36,0,0,,,80,0,0,0,0,1,0,0,0,0,0,5,1081,1051,0,0,2,43,2587.89,255.39,0,0.0,1518.9,0,0.0,1717.99,11,0,0.0,1517.08,0.1,1,0.0,0,0.1,1,100.0,1,0.0,0,2.14,16.19,65.18,4.05,14.57,5.0,74.98,8,R-10,18,10,1,1,34.20832943393042,-118.39021124350388,detection_avg,0.5876939581157636,nearest_river_drainage_m,la_geohub_500yr_flood_area_pct,0.024381880021906718
21,365,9,US,420,BlockApportionment:US.BlockGroups;PointsLayer:US.BlockPoints,2.191,2.576,1,110,113,12180,140,69.37,80,1.55,9,US,10,BlockApportionment:US.BlockGroups;PointsLayer:US.BlockPoints,2.191,2.576,1,31.07,5.74,35.19,8.1,7.87,0.8,18.89,13.54,85,88,api_test_workflow_v2_5pct_fresh_2026-04-28,34.2147966,-118.3900083,"BLYTHE ST AT MORELLA AVE, 91605",180.0,34.2147965969_-118.390008298_180.jpg,1.0,0.6536,tent,1.9425,17.47,29.74,16.36,0,0,,,80,0,0,0,0,1,0,0,0,0,0,5,1081,1051,0,0,2,43,2587.89,255.39,0,0.0,1518.9,0,0.0,1717.99,11,0,0.0,1517.08,0.1,1,0.0,0,0.1,1,100.0,1,0.0,0,2.14,16.19,65.18,4.05,14.57,5.0,74.98,0,R-10,18,10,1,0,34.20832943393042,-118.39021124350388,detection_avg,0.5876939581157636,nearest_river_drainage_m,la_geohub_500yr_flood_area_pct,0.024381880021906718
22,407,9,US,420,BlockApportionment:US.BlockGroups;PointsLayer:US.BlockPoints,2.191,2.576,1,110,113,12180,140,69.37,80,1.55,9,US,10,BlockApportionment:US.BlockGroups;PointsLayer:US.BlockPoints,2.191,2.576,1,31.07,5.74,35.19,8.1,7.87,0.8,18.89,13.54,85,88,api_test_workflow_v2_20pct_model6_2026-05-07,34.2100313,-118.38911353,"7659 N SIMPSON AVE, 91605",0.0,34.2100313035_-118.38911353_0.jpg,1.0,0.7951,tent,1.9425,17.47,29.74,16.36,0,0,,,80,0,0,0,0,1,0,0,0,0,0,5,1081,1051,0,0,2,43,2587.89,255.39,0,0.0,1518.9,0,0.0,1717.99,11,0,0.0,1517.08,0.1,1,0.0,0,0.1,1,100.0,1,0.0,0,2.14,16.19,65.18,4.05,14.57,5.0,74.98,0,R-10,18,10,1,0,34.20832943393042,-118.39021124350388,detection_avg,0.5876939581157636,nearest_river_drainage_m,la_geohub_500yr_flood_area_pct,0.024381880021906718
23,408,9,US,420,BlockApportionment:US.BlockGroups;PointsLayer:US.BlockPoints,2.191,2.576,1,110,113,12180,140,69.37,80,1.55,9,US,10,BlockApportionment:US.BlockGroups;PointsLayer:US.BlockPoints,2.191,2.576,1,31.07,5.74,35.19,8.1,7.87,0.8,18.89,13.54,85,88,api_test_workflow_v2_20pct_model6_2026-05-07,34.2100313,-118.38911353,"7659 N SIMPSON AVE, 91605",90.0,34.2100313035_-118.38911353_90.jpg,1.0,0.8214,tent,1.9425,17.47,29.74,16.36,0,0,,,80,0,0,0,0,1,0,0,0,0,0,5,1081,1051,0,0,2,43,2587.89,255.39,0,0.0,1518.9,0,0.0,1717.99,11,0,0.0,1517.08,0.1,1,0.0,0,0.1,1,100.0,1,0.0,0,2.14,16.19,65.18,4.05,14.57,5.0,74.98,2,R-10,18,10,1,1,34.20832943393042,-118.39021124350388,detection_avg,0.5876939581157636,nearest_river_drainage_m,la_geohub_500yr_flood_area_pct,0.024381880021906718
24,688,9,US,420,BlockApportionment:US.BlockGroups;PointsLayer:US.BlockPoints,2.191,2.576,1,110,113,12180,140,69.37,80,1.55,9,US,10,BlockApportionment:US.BlockGroups;PointsLayer:US.BlockPoints,2.191,2.576,1,31.07,5.74,35.19,8.1,7.87,0.8,18.89,13.54,85,88,api_test_workflow_v2_remaining_model6_2026-05-08,34.21555874,-118.38976152,"11756 W STRATHERN ST, 91605",90.0,34.2155587424_-118.389761524_90.jpg,1.0,0.6727,tent,1.9425,17.47,29.74,16.36,0,0,,,80,0,0,0,0,1,0,0,0,0,0,5,1081,1051,0,0,2,43,2587.89,255.39,0,0.0,1518.9,0,0.0,1717.99,11,0,0.0,1517.08,0.1,1,0.0,0,0.1,1,100.0,1,0.0,0,2.14,16.19,65.18,4.05,14.57,5.0,74.98,0,R-10,18,10,1,0,34.20832943393042,-118.39021124350388,detection_avg,0.5876939581157636,nearest_river_drainage_m,la_geohub_500yr_flood_area_pct,0.024381880021906718
25,831,9,US,420,BlockApportionment:US.BlockGroups;PointsLayer:US.BlockPoints,2.191,2.576,1,110,113,12180,140,69.37,80,1.55,9,US,10,BlockApportionment:US.BlockGroups;PointsLayer:US.BlockPoints,2.191,2.576,1,31.07,5.74,35.19,8.1,7.87,0.8,18.89,13.54,85,88,api_test_workflow_v2_10pct_model6_2026-05-06_live,34.21848236,-118.390431,"8159 N WEBB AVE, 91605",270.0,34.2184823567_-118.390430997_270.jpg,3.0,0.8561,tent,1.9425,17.47,29.74,16.36,0,0,,,80,0,0,0,0,1,0,0,0,0,0,5,1081,1051,0,0,2,43,2587.89,255.39,0,0.0,1518.9,0,0.0,1717.99,11,0,0.0,1517.08,0.1,1,0.0,0,0.1,1,100.0,1,0.0,0,2.14,16.19,65.18,4.05,14.57,5.0,74.98,0,R-10,18,10,1,0,34.20832943393042,-118.39021124350388,detection_avg,0.5876939581157636,nearest_river_drainage_m,la_geohub_500yr_flood_area_pct,0.024381880021906718
26,1695,9,US,420,BlockApportionment:US.BlockGroups;PointsLayer:US.BlockPoints,2.191,2.576,1,110,113,12180,140,69.37,80,1.55,9,US,10,BlockApportionment:US.BlockGroups;PointsLayer:US.BlockPoints,2.191,2.576,1,31.07,5.74,35.19,8.1,7.87,0.8,18.89,13.54,85,88,api_test_workflow_v8_remaining_location_deduped_final_after10_30_2026-05-23,34.21397048,-118.38704469,"11673 W ARMINTA ST, 91605",270.0,34.2139704767_-118.387044685_270.jpg,1.0,0.7885,tent,1.9425,17.47,29.74,16.36,0,0,,,80,0,0,0,0,1,0,0,0,0,0,5,1081,1051,0,0,2,43,2587.89,255.39,0,0.0,1518.9,0,0.0,1717.99,11,0,0.0,1517.08,0.1,1,0.0,0,0.1,1,100.0,1,0.0,0,2.14,16.19,65.18,4.05,14.57,5.0,74.98,1,R-10,18,10,1,1,34.20832943393042,-118.39021124350388,detection_avg,0.5876939581157636,nearest_river_drainage_m,la_geohub_500yr_flood_area_pct,0.024381880021906718
27,1721,9,US,420,BlockApportionment:US.BlockGroups;PointsLayer:US.BlockPoints,2.191,2.576,1,110,113,12180,140,69.37,80,1.55,9,US,10,BlockApportionment:US.BlockGroups;PointsLayer:US.BlockPoints,2.191,2.576,1,31.07,5.74,35.19,8.1,7.87,0.8,18.89,13.54,85,88,api_test_workflow_v8_remaining_location_deduped_final_after10_30_2026-05-23,34.20845233,-118.39001561,"SATICOY ST AT MORELLA AVE, 91605",270.0,34.2084523252_-118.390015615_270.jpg,1.0,0.7983,tent,1.9425,17.47,29.74,16.36,0,0,,,80,0,0,0,0,1,0,0,0,0,0,5,1081,1051,0,0,2,43,2587.89,255.39,0,0.0,1518.9,0,0.0,1717.99,11,0,0.0,1517.08,0.1,1,0.0,0,0.1,1,100.0,1,0.0,0,2.14,16.19,65.18,4.05,14.57,5.0,74.98,0,R-10,18,10,1,0,34.20832943393042,-118.39021124350388,detection_avg,0.5876939581157636,nearest_river_drainage_m,la_geohub_500yr_flood_area_pct,0.024381880021906718
28,1736,9,US,420,BlockApportionment:US.BlockGroups;PointsLayer:US.BlockPoints,2.191,2.576,1,110,113,12180,140,69.37,80,1.55,9,US,10,BlockApportionment:US.BlockGroups;PointsLayer:US.BlockPoints,2.191,2.576,1,31.07,5.74,35.19,8.1,7.87,0.8,18.89,13.54,85,88,api_test_workflow_v8_remaining_location_deduped_final_after10_30_2026-05-23,34.21845819,-118.3901221,"8150 N WEBB AVE, 91605",270.0,34.2184581871_-118.390122098_270.jpg,1.0,0.7272,tent,1.9425,17.47,29.74,16.36,0,0,,,80,0,0,0,0,1,0,0,0,0,0,5,1081,1051,0,0,2,43,2587.89,255.39,0,0.0,1518.9,0,0.0,1717.99,11,0,0.0,1517.08,0.1,1,0.0,0,0.1,1,100.0,1,0.0,0,2.14,16.19,65.18,4.05,14.57,5.0,74.98,1,R-10,18,10,1,1,34.20832943393042,-118.39021124350388,detection_avg,0.5876939581157636,nearest_river_drainage_m,la_geohub_500yr_flood_area_pct,0.024381880021906718
29,-1,10,US,421,BlockApportionment:US.BlockGroups;PointsLayer:US.BlockPoints,2.191,2.576,1,119,128,9889,95,82.08,78,2.14,10,US,11,BlockApportionment:US.BlockGroups;PointsLayer:US.BlockPoints,2.191,2.576,1,32.5,9.01,31.63,9.32,6.81,1.57,25.58,17.63,85,90,,,,,,,,,,1.9425,17.47,29.74,16.36,0,0,,,60,0,0,0,0,2,0,0,0,0,0,0,732,722,0,0,8,19,1200.78,458.16,0,0.0,1966.03,9,219.89,360.47,3,0,0.0,1985.19,4.79,1,0.0,0,2.04,1,100.0,1,0.0,0,1.59,11.7,72.02,4.47,11.82,5.0,79.94,0,S-10,19,10,2,0,34.20816247463295,-118.37608402077528,reconstructed,0.6383933414555214,total_population,pct_household_disability,0.02979691987683358
30,1026,11,US,422,BlockApportionment:US.BlockGroups;PointsLayer:US.BlockPoints,2.191,2.576,1,119,141,5574,119,80.73,97,0.58,11,US,12,BlockApportionment:US.BlockGroups;PointsLayer:US.BlockPoints,2.191,2.576,1,33.5,2.71,40.87,7.39,6.6,0.98,26.31,11.5,91,97,api_test_workflow_v8_remaining_location_deduped_10pct_2026-05-22,34.21829755,-118.36191704,"10600 W RAINIER ST, 91352",0.0,34.2182975501_-118.361917044_0.jpg,1.0,0.8772,tent,1.9425,17.47,29.74,16.36,0,0,,,36,0,0,0,0,1,1,0,0,0,0,0,560,547,0,0,5,36,2695.86,126.43,0,0.0,917.19,0,0.0,975.32,0,0,0.0,918.18,0.04,1,0.0,0,0.04,1,100.0,1,0.0,0,1.33,10.3,69.62,3.7,16.38,5.0,78.34,0,T-10,20,10,2,0,34.20799551533548,-118.3619567980467,detection_avg,0.6224603583589595,pct_severe_rent_burden,public_school_count,0.014721603863100166
31,-1,12,US,423,BlockApportionment:US.BlockGroups;PointsLayer:US.BlockPoints,2.191,2.576,1,92,121,1724,86,56.5,115,1.75,12,US,13,BlockApportionment:US.BlockGroups;PointsLayer:US.BlockPoints,2.191,2.576,1,17.72,3.74,34.27,1.57,2.62,2.04,24.59,10.11,111,120,,,,,,,,,,1.9425,17.47,29.74,16.36,0,0,,,78,0,0,0,0,0,1,0,0,0,0,1,224,237,0,0,0,61,7694.27,20.62,26,5362.47,466.26,3,1188.09,523.82,12,2,2501.68,472.02,0.82,1,0.82,1,0.0,0,100.0,1,0.0,0,0.59,8.77,59.62,3.0,28.61,5.0,71.56,0,U-10,21,10,1,0,34.207828556038,-118.34782957531812,reconstructed,0.6543937959589364,la_geohub_100yr_flood_area_pct,tree_canopy_proxy_pct,0.057893614603027624
32,-1,13,US,424,BlockApportionment:US.BlockGroups;PointsLayer:US.BlockPoints,2.191,2.576,1,73,81,3299,64,20.67,154,4.46,13,US,14,BlockApportionment:US.BlockGroups;PointsLayer:US.BlockPoints,2.191,2.576,1,26.77,3.17,54.94,2.2,1.06,3.89,10.46,14.26,129,132,,,,,,,,,,1.9425,17.47,29.74,16.36,0,0,,,10,0,1,0,0,1,0,0,0,0,0,0,303,308,0,0,1,20,1636.49,78.13,0,0.0,5360.94,17,3194.77,110.05,0,0,0.0,2189.2,0.0,0,0.0,0,0.0,0,100.0,1,0.0,0,3.94,22.84,52.44,5.59,19.13,5.0,65.53,0,A-9,1,9,1,0,34.224635106866835,-118.63037101110896,reconstructed,0.5998354119901375,pct_severe_rent_burden,public_school_count,0.08688911823162347
33,-1,14,US,425,BlockApportionment:US.BlockGroups;PointsLayer:US.BlockPoints,2.191,2.576,1,86,87,3009,136,22.03,196,3.36,14,US,15,BlockApportionment:US.BlockGroups;PointsLayer:US.BlockPoints,2.191,2.576,1,28.25,3.27,15.87,1.63,1.44,2.98,13.17,5.71,164,165,,,,,,,,,,1.9425,17.47,29.74,16.36,0,0,,,10,0,0,0,0,1,0,0,0,0,0,2,279,260,0,0,2,8,979.23,650.16,0,0.0,4990.84,1,211.9,607.86,0,0,0.0,892.57,11.66,1,0.0,0,0.0,0,100.0,1,0.0,0,6.77,43.61,33.6,4.63,18.16,5.0,51.49,0,B-9,2,9,1,0,34.22446814756936,-118.61624378838036,reconstructed,0.6113840120630978,sud_treatment_count,business_sites_count,0.029211994877287487
34,133,15,US,426,BlockApportionment:US.BlockGroups;PointsLayer:US.BlockPoints,2.191,2.576,1,63,70,11740,105,66.04,79,3.24,15,US,16,BlockApportionment:US.BlockGroups;PointsLayer:US.BlockPoints,2.191,2.576,1,31.78,4.92,33.47,7.46,5.65,2.49,22.94,16.01,76,79,api_test_workflow_v2_remaining_model6_2026-05-08,34.21981809,-118.59510302,"ROSCOE BLVD AT DEERING AVE, 91304",270.0,34.2198180853_-118.595103015_270.jpg,1.0,0.6231,tent,1.9425,17.47,29.74,16.36,0,0,,,53,0,0,0,1,0,1,1,0,0,0,1,927,944,1,0,1,48,3217.66,121.38,0,0.0,5202.14,0,0.0,1236.24,13,2,2995.92,389.51,0.0,0,0.0,0,0.0,0,100.0,1,0.0,0,1.29,15.1,65.39,3.88,15.63,5.0,75.39,0,C-9,3,9,1,0,34.22430118827189,-118.60211656565178,detection_avg,0.5324711292437202,business_sites_count,bare_ground_proxy_pct,-0.010720008822458731
35,651,15,US,426,BlockApportionment:US.BlockGroups;PointsLayer:US.BlockPoints,2.191,2.576,1,63,70,11740,105,66.04,79,3.24,15,US,16,BlockApportionment:US.BlockGroups;PointsLayer:US.BlockPoints,2.191,2.576,1,31.78,4.92,33.47,7.46,5.65,2.49,22.94,16.01,76,79,api_test_workflow_v2_remaining_model6_2026-05-08,34.21971485,-118.59555499,"21316 W ROSCOE BLVD, 91304",180.0,34.2197148495_-118.595554993_180.jpg,1.0,0.6401,tent,1.9425,17.47,29.74,16.36,0,0,,,53,0,0,0,1,0,1,1,0,0,0,1,927,944,1,0,1,48,3217.66,121.38,0,0.0,5202.14,0,0.0,1236.24,13,2,2995.92,389.51,0.0,0,0.0,0,0.0,0,100.0,1,0.0,0,1.29,15.1,65.39,3.88,15.63,5.0,75.39,0,C-9,3,9,1,0,34.22430118827189,-118.60211656565178,detection_avg,0.5324711292437202,business_sites_count,bare_ground_proxy_pct,-0.010720008822458731
36,1010,15,US,426,BlockApportionment:US.BlockGroups;PointsLayer:US.BlockPoints,2.191,2.576,1,63,70,11740,105,66.04,79,3.24,15,US,16,BlockApportionment:US.BlockGroups;PointsLayer:US.BlockPoints,2.191,2.576,1,31.78,4.92,33.47,7.46,5.65,2.49,22.94,16.01,76,79,api_test_workflow_v8_remaining_location_deduped_10pct_2026-05-22,34.21550262,-118.59934961,"7998 N ALABAMA AVE, 91304",0.0,34.2155026231_-118.599349612_0.jpg,1.0,0.8419,tent,1.9425,17.47,29.74,16.36,0,0,,,53,0,0,0,1,0,1,1,0,0,0,1,927,944,1,0,1,48,3217.66,121.38,0,0.0,5202.14,0,0.0,1236.24,13,2,2995.92,389.51,0.0,0,0.0,0,0.0,0,100.0,1,0.0,0,1.29,15.1,65.39,3.88,15.63,5.0,75.39,0,C-9,3,9,1,0,34.22430118827189,-118.60211656565178,detection_avg,0.5324711292437202,business_sites_count,bare_ground_proxy_pct,-0.010720008822458731
37,1342,15,US,426,BlockApportionment:US.BlockGroups;PointsLayer:US.BlockPoints,2.191,2.576,1,63,70,11740,105,66.04,79,3.24,15,US,16,BlockApportionment:US.BlockGroups;PointsLayer:US.BlockPoints,2.191,2.576,1,31.78,4.92,33.47,7.46,5.65,2.49,22.94,16.01,76,79,api_test_workflow_v2_remaining_model6_2026-05-08,34.22023661,-118.59779679,"8301 N CANOGA AVE, 91304",270.0,34.2202366095_-118.597796789_270.jpg,1.0,0.635,tent,1.9425,17.47,29.74,16.36,0,0,,,53,0,0,0,1,0,1,1,0,0,0,1,927,944,1,0,1,48,3217.66,121.38,0,0.0,5202.14,0,0.0,1236.24,13,2,2995.92,389.51,0.0,0,0.0,0,0.0,0,100.0,1,0.0,0,1.29,15.1,65.39,3.88,15.63,5.0,75.39,0,C-9,3,9,1,0,34.22430118827189,-118.60211656565178,detection_avg,0.5324711292437202,business_sites_count,bare_ground_proxy_pct,-0.010720008822458731
38,1463,15,US,426,BlockApportionment:US.BlockGroups;PointsLayer:US.BlockPoints,2.191,2.576,1,63,70,11740,105,66.04,79,3.24,15,US,16,BlockApportionment:US.BlockGroups;PointsLayer:US.BlockPoints,2.191,2.576,1,31.78,4.92,33.47,7.46,5.65,2.49,22.94,16.01,76,79,api_test_workflow_v2_remaining_model6_2026-05-08,34.21566558,-118.59932403,"21433 W STRATHERN ST, 91304",0.0,34.2156655806_-118.599324028_0.jpg,1.0,0.7614,tent,1.9425,17.47,29.74,16.36,0,0,,,53,0,0,0,1,0,1,1,0,0,0,1,927,944,1,0,1,48,3217.66,121.38,0,0.0,5202.14,0,0.0,1236.24,13,2,2995.92,389.51,0.0,0,0.0,0,0.0,0,100.0,1,0.0,0,1.29,15.1,65.39,3.88,15.63,5.0,75.39,0,C-9,3,9,1,0,34.22430118827189,-118.60211656565178,detection_avg,0.5324711292437202,business_sites_count,bare_ground_proxy_pct,-0.010720008822458731
39,1495,15,US,426,BlockApportionment:US.BlockGroups;PointsLayer:US.BlockPoints,2.191,2.576,1,63,70,11740,105,66.04,79,3.24,15,US,16,BlockApportionment:US.BlockGroups;PointsLayer:US.BlockPoints,2.191,2.576,1,31.78,4.92,33.47,7.46,5.65,2.49,22.94,16.01,76,79,api_test_workflow_v8_remaining_location_deduped_10pct_2026-05-22,34.2138458,-118.60122414,"21621 W ARMINTA ST, 91304",90.0,34.2138458041_-118.601224144_90.jpg,1.0,0.9477,tent,1.9425,17.47,29.74,16.36,0,0,,,53,0,0,0,1,0,1,1,0,0,0,1,927,944,1,0,1,48,3217.66,121.38,0,0.0,5202.14,0,0.0,1236.24,13,2,2995.92,389.51,0.0,0,0.0,0,0.0,0,100.0,1,0.0,0,1.29,15.1,65.39,3.88,15.63,5.0,75.39,0,C-9,3,9,1,0,34.22430118827189,-118.60211656565178,detection_avg,0.5324711292437202,business_sites_count,bare_ground_proxy_pct,-0.010720008822458731
40,699,16,US,427,BlockApportionment:US.BlockGroups;PointsLayer:US.BlockPoints,2.191,2.576,1,56,63,11410,112,54.7,90,2.48,16,US,17,BlockApportionment:US.BlockGroups;PointsLayer:US.BlockPoints,2.191,2.576,1,19.91,3.19,31.2,5.64,6.85,2.27,21.98,12.17,89,91,api_test_workflow_v2_remaining_model6_2026-05-08,34.22467699,-118.59085828,"21001 W CHASE ST, 91304",180.0,34.2246769916_-118.590858275_180.jpg,1.0,0.8087,tent,1.9425,17.47,29.74,16.36,0,0,,,36,0,0,0,0,1,0,0,0,0,0,0,657,657,0,0,3,38,2527.59,83.79,0,0.0,5220.48,10,1804.18,160.67,7,0,0.0,1471.39,0.87,1,0.87,1,0.0,0,100.0,1,0.0,0,3.29,17.92,60.92,4.05,17.11,5.0,71.66,0,D-9,4,9,1,0,34.22413422897441,-118.5879893429232,detection_avg,0.5831410632960262,la_geohub_100yr_flood_area_pct,tree_canopy_proxy_pct,-0.03969776570930444
41,784,17,US,428,BlockApportionment:US.BlockGroups;PointsLayer:US.BlockPoints,2.191,2.576,1,72,53,8237,186,49.41,102,3.45,17,US,18,BlockApportionment:US.BlockGroups;PointsLayer:US.BlockPoints,2.191,2.576,1,23.77,7.54,43.73,8.17,6.12,3.26,17.95,24.87,101,105,api_test_workflow_v2_30pct_model6_2026-05-08,34.22484961,-118.57240511,"8500 N COMANCHE AVE, 91306",270.0,34.2248496105_-118.572405114_270.jpg,1.0,0.8512,tent,1.9425,17.47,29.74,16.36,0,0,,,36,0,1,0,0,1,1,1,0,0,0,3,653,684,0,0,2,25,2120.27,164.46,0,0.0,5089.76,0,0.0,1157.27,3,0,0.0,2952.37,0.0,0,0.0,0,0.0,0,100.0,1,0.0,0,4.75,23.45,51.3,3.88,21.37,5.0,64.48,0,E-9,5,9,2,0,34.22396726967693,-118.5738621201946,detection_avg,0.5694284802866334,pct_veterans_2,river_drainage_segments_count,-0.027802739549033922
42,-1,18,US,429,BlockApportionment:US.BlockGroups;PointsLayer:US.BlockPoints,2.191,2.576,1,94,119,5703,98,51.24,132,4.52,18,US,19,BlockApportionment:US.BlockGroups;PointsLayer:US.BlockPoints,2.191,2.576,1,28.64,2.41,28.26,5.61,2.22,2.94,19.88,10.74,105,108,,,,,,,,,,1.9425,17.47,29.74,16.36,0,0,,,24,0,0,0,1,0,1,0,0,0,0,2,618,626,0,0,0,45,2663.32,543.23,0,0.0,5165.08,0,0.0,893.49,8,0,0.0,4011.12,0.0,0,0.0,0,0.0,0,100.0,1,0.0,0,3.88,20.65,58.24,3.93,17.18,5.0,69.6,0,F-9,6,9,1,0,34.22380031037946,-118.55973489746604,reconstructed,0.5327950220151558,pct_veterans_2,river_drainage_segments_count,-0.023169390740411605
43,-1,19,US,430,BlockApportionment:US.BlockGroups;PointsLayer:US.BlockPoints,2.191,2.576,1,76,89,5452,129,55.76,117,1.63,19,US,20,BlockApportionment:US.BlockGroups;PointsLayer:US.BlockPoints,2.191,2.576,1,26.05,3.89,27.35,5.52,3.76,2.89,19.35,8.32,102,104,,,,,,,,,,1.9425,17.47,29.74,16.36,0,0,,,24,0,0,0,0,4,0,0,0,0,0,3,485,501,0,0,10,26,1903.87,207.33,0,0.0,5013.59,1,1554.52,60.74,3,0,0.0,5014.64,3.07,1,2.08,1,3.06,1,100.0,1,0.0,0,4.28,24.19,46.64,6.71,22.45,5.0,61.36,0,G-9,7,9,4,0,34.22363335108198,-118.54560767473744,reconstructed,0.6090315968242549,nearest_river_drainage_m,la_geohub_500yr_flood_area_pct,-0.04377560012035356
44,529,20,US,431,BlockApportionment:US.BlockGroups;PointsLayer:US.BlockPoints,2.191,2.576,1,102,111,7248,152,58.17,91,2.07,20,US,21,BlockApportionment:US.BlockGroups;PointsLayer:US.BlockPoints,2.191,2.576,1,19.97,3.78,41.94,8.22,8.25,2.21,17.27,20.58,86,89,api_test_workflow_v2_20pct_model6_2026-05-07_batch2,34.22765498,-118.53300999,"18342 W EDDY ST, 91325",180.0,34.2276549847_-118.533009993_180.jpg,1.0,0.8319,tent,1.9425,17.47,29.74,16.36,0,0,,,59,1,1,0,0,1,0,0,0,0,0,5,1120,1115,0,0,6,37,2947.49,439.54,0,0.0,5326.42,0,0.0,1234.35,31,0,0.0,5346.72,0.11,1,0.0,0,0.11,1,100.0,1,0.0,0,2.08,17.52,63.5,3.64,15.33,5.0,73.83,0,H-9,8,9,1,0,34.223466391784505,-118.53148045200884,detection_avg,0.5441785437482665,pct_severe_rent_burden,public_school_count,0.018461664953809787
45,1314,20,US,431,BlockApportionment:US.BlockGroups;PointsLayer:US.BlockPoints,2.191,2.576,1,102,111,7248,152,58.17,91,2.07,20,US,21,BlockApportionment:US.BlockGroups;PointsLayer:US.BlockPoints,2.191,2.576,1,19.97,3.78,41.94,8.22,8.25,2.21,17.27,20.58,86,89,api_test_workflow_v2_remaining_model6_2026-05-08,34.2284872,-118.5332624,"18400 W PARTHENIA ST, 91325",90.0,34.2284871955_-118.533262397_90.jpg,1.0,0.6245,tent,1.9425,17.47,29.74,16.36,0,0,,,59,1,1,0,0,1,0,0,0,0,0,5,1120,1115,0,0,6,37,2947.49,439.54,0,0.0,5326.42,0,0.0,1234.35,31,0,0.0,5346.72,0.11,1,0.0,0,0.11,1,100.0,1,0.0,0,2.08,17.52,63.5,3.64,15.33,5.0,73.83,0,H-9,8,9,1,0,34.223466391784505,-118.53148045200884,detection_avg,0.5441785437482665,pct_severe_rent_burden,public_school_count,0.018461664953809787
46,-1,21,US,432,BlockApportionment:US.BlockGroups;PointsLayer:US.BlockPoints,2.191,2.576,1,76,59,6825,79,52.88,119,4.59,21,US,22,BlockApportionment:US.BlockGroups;PointsLayer:US.BlockPoints,2.191,2.576,1,25.84,4.47,33.59,3.91,4.06,5.02,21.83,7.31,122,126,,,,,,,,,,1.9425,17.47,29.74,16.36,0,0,,,41,0,0,0,0,2,2,0,0,0,0,0,518,502,0,0,4,27,2437.96,128.22,0,0.0,4019.94,14,1544.34,125.64,6,0,0.0,4043.33,0.0,0,0.0,0,0.0,0,100.0,1,0.0,0,4.4,24.64,49.28,4.92,21.17,5.0,63.18,0,I-9,9,9,4,0,34.22329943248703,-118.51735322928027,reconstructed,0.6167190115887731,pct_veterans_2,river_drainage_segments_count,-0.030793346196984785
47,-1,22,US,433,BlockApportionment:US.BlockGroups;PointsLayer:US.BlockPoints,2.191,2.576,1,75,94,5392,121,45.4,102,2.16,22,US,23,BlockApportionment:US.BlockGroups;PointsLayer:US.BlockPoints,2.191,2.576,1,26.08,3.94,39.33,2.6,3.67,3.09,22.15,16.46,97,103,,,,,,,,,,1.9425,17.47,29.74,16.36,0,0,,,36,0,0,0,0,0,0,0,0,0,0,1,445,467,0,0,2,30,2737.43,48.31,0,0.0,2745.06,6,2111.83,301.76,8,0,0.0,2753.32,1.21,1,1.16,1,1.21,1,100.0,1,0.0,0,4.0,20.11,58.38,3.94,17.58,5.0,69.67,0,J-9,10,9,0,0,34.22313247318956,-118.50322600655169,reconstructed,0.6332560569264968,la_geohub_100yr_flood_area_pct,tree_canopy_proxy_pct,-0.05619229913446212
48,-1,23,US,434,BlockApportionment:US.BlockGroups;PointsLayer:US.BlockPoints,2.191,2.576,1,124,159,422,110,49.53,149,4.77,23,US,24,BlockApportionment:US.BlockGroups;PointsLayer:US.BlockPoints,2.191,2.576,1,40.0,6.45,25.0,3.0,2.45,3.74,18.94,3.64,123,124,,,,,,,,,,1.9425,17.47,29.74,16.36,0,0,,,43,0,2,0,0,0,0,0,0,0,0,0,270,286,0,0,1,36,3196.59,279.83,0,0.0,1434.76,1,4.56,853.26,5,0,0.0,1449.93,1.11,1,0.01,1,1.12,1,100.0,1,0.0,0,1.39,13.12,64.39,1.91,20.58,5.0,74.66,0,K-9,11,9,0,0,34.22296551389208,-118.48909878382312,reconstructed,0.6379372000155725,nearest_river_drainage_m,water_proxy_pct,-0.011960625183010113
49,451,24,US,435,BlockApportionment:US.BlockGroups;PointsLayer:US.BlockPoints,2.191,2.576,1,78,94,10024,162,71.52,72,1.21,24,US,25,BlockApportionment:US.BlockGroups;PointsLayer:US.BlockPoints,2.191,2.576,1,29.62,5.61,35.49,3.48,9.0,0.93,24.72,28.36,77,78,api_test_workflow_v2_20pct_model6_2026-05-07,34.22829885,-118.47315884,"PARTHENIA ST AT SAN DIEGO FRWY, 91343",270.0,34.2282988507_-118.473158838_270.jpg,1.0,0.6628,tent,1.9425,17.47,29.74,16.36,0,0,,,30,0,0,0,0,1,1,0,0,0,0,1,644,634,0,0,1,77,9831.56,160.91,42,7314.52,160.91,5,278.44,460.59,10,2,2996.06,159.93,1.18,1,0.0,0,0.0,0,100.0,1,0.0,0,1.88,18.82,61.88,4.06,15.24,5.0,72.75,0,L-9,12,9,2,0,34.222798554594604,-118.47497156109452,detection_avg,0.5995975467146878,pct_veterans_2,river_drainage_segments_count,0.015372474626104056
50,1059,24,US,435,BlockApportionment:US.BlockGroups;PointsLayer:US.BlockPoints,2.191,2.576,1,78,94,10024,162,71.52,72,1.21,24,US,25,BlockApportionment:US.BlockGroups;PointsLayer:US.BlockPoints,2.191,2.576,1,29.62,5.61,35.49,3.48,9.0,0.93,24.72,28.36,77,78,api_test_workflow_v8_remaining_location_deduped_30pct_after10_2026-05-22,34.22820081,-118.47287122,"15636 W PARTHENIA ST, 91343",270.0,34.2282008088_-118.472871221_270.jpg,1.0,0.7718,tent,1.9425,17.47,29.74,16.36,0,0,,,30,0,0,0,0,1,1,0,0,0,0,1,644,634,0,0,1,77,9831.56,160.91,42,7314.52,160.91,5,278.44,460.59,10,2,2996.06,159.93,1.18,1,0.0,0,0.0,0,100.0,1,0.0,0,1.88,18.82,61.88,4.06,15.24,5.0,72.75,0,L-9,12,9,2,0,34.222798554594604,-118.47497156109452,detection_avg,0.5995975467146878,pct_veterans_2,river_drainage_segments_count,0.015372474626104056
51,1466,24,US,435,BlockApportionment:US.BlockGroups;PointsLayer:US.BlockPoints,2.191,2.576,1,78,94,10024,162,71.52,72,1.21,24,US,25,BlockApportionment:US.BlockGroups;PointsLayer:US.BlockPoints,2.191,2.576,1,29.62,5.61,35.49,3.48,9.0,0.93,24.72,28.36,77,78,api_test_workflow_v8_remaining_location_deduped_30pct_after10_2026-05-22,34.2283805,-118.47095617,"15549 W PARTHENIA ST, 91343",270.0,34.2283805045_-118.470956172_270.jpg,1.0,0.6531,tent,1.9425,17.47,29.74,16.36,0,0,,,30,0,0,0,0,1,1,0,0,0,0,1,644,634,0,0,1,77,9831.56,160.91,42,7314.52,160.91,5,278.44,460.59,10,2,2996.06,159.93,1.18,1,0.0,0,0.0,0,100.0,1,0.0,0,1.88,18.82,61.88,4.06,15.24,5.0,72.75,1,L-9,12,9,2,1,34.222798554594604,-118.47497156109452,detection_avg,0.5995975467146878,pct_veterans_2,river_drainage_segments_count,0.015372474626104056
52,1848,24,US,435,BlockApportionment:US.BlockGroups;PointsLayer:US.BlockPoints,2.191,2.576,1,78,94,10024,162,71.52,72,1.21,24,US,25,BlockApportionment:US.BlockGroups;PointsLayer:US.BlockPoints,2.191,2.576,1,29.62,5.61,35.49,3.48,9.0,0.93,24.72,28.36,77,78,api_test_workflow_v8_remaining_location_deduped_final_after10_30_2026-05-23,34.22127765,-118.47370352,"15660 W ROSCOE BLVD, 91406",270.0,34.221277648_-118.473703516_270.jpg,1.0,0.8348,tent,1.9425,17.47,29.74,16.36,0,0,,,30,0,0,0,0,1,1,0,0,0,0,1,644,634,0,0,1,77,9831.56,160.91,42,7314.52,160.91,5,278.44,460.59,10,2,2996.06,159.93,1.18,1,0.0,0,0.0,0,100.0,1,0.0,0,1.88,18.82,61.88,4.06,15.24,5.0,72.75,2,L-9,12,9,2,1,34.222798554594604,-118.47497156109452,detection_avg,0.5995975467146878,pct_veterans_2,river_drainage_segments_count,0.015372474626104056
53,-1,25,US,436,BlockApportionment:US.BlockGroups;PointsLayer:US.BlockPoints,2.191,2.576,1,77,85,13494,243,76.74,64,1.04,25,US,26,BlockApportionment:US.BlockGroups;PointsLayer:US.BlockPoints,2.191,2.576,1,32.23,5.97,32.99,7.51,9.86,0.84,23.36,22.92,70,73,,,,,,,,,,1.9425,17.47,29.74,16.36,0,0,,,36,1,0,0,0,4,0,1,1,0,0,0,1239,1210,0,0,9,50,3469.97,294.15,0,0.0,1108.39,11,1895.69,160.65,16,0,0.0,1122.1,1.76,1,0.0,0,0.0,0,100.0,1,0.0,0,2.2,14.99,65.74,3.94,15.34,5.0,75.36,0,M-9,13,9,4,0,34.22263159529713,-118.46084433836592,reconstructed,0.619563514544705,esri_market_idx_14068_forecast,business_sites_count,0.022182867853678574
54,48,26,US,437,BlockApportionment:US.BlockGroups;PointsLayer:US.BlockPoints,2.191,2.576,1,77,74,15981,174,74.3,65,1.06,26,US,27,BlockApportionment:US.BlockGroups;PointsLayer:US.BlockPoints,2.191,2.576,1,29.52,4.76,41.86,7.86,6.67,1.19,28.81,20.44,61,63,api_test_workflow_v2_10pct_model6_2026-05-06_live,34.22625855,-118.45048652,"8555 N VESPER AVE, 91402",90.0,34.226258549_-118.450486519_90.jpg,1.0,0.6465,tent,1.9425,17.47,29.74,16.36,0,0,,,135,0,0,1,3,1,0,1,0,0,0,2,1580,1588,0,0,3,51,4033.82,184.63,0,0.0,2409.33,0,0.0,1091.01,17,0,0.0,2412.03,0.0,0,0.0,0,0.0,0,100.0,1,0.0,0,2.53,15.6,67.39,2.71,14.3,5.0,76.41,1,N-9,14,9,1,1,34.22246463599966,-118.44671711563736,detection_avg,0.6262956132542441,pct_severe_rent_burden,public_school_count,0.018164158283505538
55,96,26,US,437,BlockApportionment:US.BlockGroups;PointsLayer:US.BlockPoints,2.191,2.576,1,77,74,15981,174,74.3,65,1.06,26,US,27,BlockApportionment:US.BlockGroups;PointsLayer:US.BlockPoints,2.191,2.576,1,29.52,4.76,41.86,7.86,6.67,1.19,28.81,20.44,61,63,api_test_workflow_v2_20pct_model6_2026-05-07,34.22346863,-118.45181669,"8413 N TOBIAS AVE, 91402",0.0,34.2234686295_-118.451816693_0.jpg,1.0,0.8285,tent,1.9425,17.47,29.74,16.36,0,0,,,135,0,0,1,3,1,0,1,0,0,0,2,1580,1588,0,0,3,51,4033.82,184.63,0,0.0,2409.33,0,0.0,1091.01,17,0,0.0,2412.03,0.0,0,0.0,0,0.0,0,100.0,1,0.0,0,2.53,15.6,67.39,2.71,14.3,5.0,76.41,0,N-9,14,9,1,0,34.22246463599966,-118.44671711563736,detection_avg,0.6262956132542441,pct_severe_rent_burden,public_school_count,0.018164158283505538
56,97,26,US,437,BlockApportionment:US.BlockGroups;PointsLayer:US.BlockPoints,2.191,2.576,1,77,74,15981,174,74.3,65,1.06,26,US,27,BlockApportionment:US.BlockGroups;PointsLayer:US.BlockPoints,2.191,2.576,1,29.52,4.76,41.86,7.86,6.67,1.19,28.81,20.44,61,63,api_test_workflow_v2_20pct_model6_2026-05-07,34.22346863,-118.45181669,"8413 N TOBIAS AVE, 91402",270.0,34.2234686295_-118.451816693_270.jpg,1.0,0.8834,tent,1.9425,17.47,29.74,16.36,0,0,,,135,0,0,1,3,1,0,1,0,0,0,2,1580,1588,0,0,3,51,4033.82,184.63,0,0.0,2409.33,0,0.0,1091.01,17,0,0.0,2412.03,0.0,0,0.0,0,0.0,0,100.0,1,0.0,0,2.53,15.6,67.39,2.71,14.3,5.0,76.41,0,N-9,14,9,1,0,34.22246463599966,-118.44671711563736,detection_avg,0.6262956132542441,pct_severe_rent_burden,public_school_count,0.018164158283505538
57,289,26,US,437,BlockApportionment:US.BlockGroups;PointsLayer:US.BlockPoints,2.191,2.576,1,77,74,15981,174,74.3,65,1.06,26,US,27,BlockApportionment:US.BlockGroups;PointsLayer:US.BlockPoints,2.191,2.576,1,29.52,4.76,41.86,7.86,6.67,1.19,28.81,20.44,61,63,api_test_workflow_v2_30pct_model6_2026-05-08,34.22316901,-118.45181608,"8401 N TOBIAS AVE, 91402",0.0,34.2231690131_-118.451816083_0.jpg,1.0,0.851,tent,1.9425,17.47,29.74,16.36,0,0,,,135,0,0,1,3,1,0,1,0,0,0,2,1580,1588,0,0,3,51,4033.82,184.63,0,0.0,2409.33,0,0.0,1091.01,17,0,0.0,2412.03,0.0,0,0.0,0,0.0,0,100.0,1,0.0,0,2.53,15.6,67.39,2.71,14.3,5.0,76.41,0,N-9,14,9,1,0,34.22246463599966,-118.44671711563736,detection_avg,0.6262956132542441,pct_severe_rent_burden,public_school_count,0.018164158283505538
58,582,26,US,437,BlockApportionment:US.BlockGroups;PointsLayer:US.BlockPoints,2.191,2.576,1,77,74,15981,174,74.3,65,1.06,26,US,27,BlockApportionment:US.BlockGroups;PointsLayer:US.BlockPoints,2.191,2.576,1,29.52,4.76,41.86,7.86,6.67,1.19,28.81,20.44,61,63,api_test_workflow_v2_20pct_model6_2026-05-07_batch2,34.22344086,-118.45180679,"8421 N TOBIAS AVE, 91402",0.0,34.2234408575_-118.451806795_0.jpg,1.0,0.8285,tent,1.9425,17.47,29.74,16.36,0,0,,,135,0,0,1,3,1,0,1,0,0,0,2,1580,1588,0,0,3,51,4033.82,184.63,0,0.0,2409.33,0,0.0,1091.01,17,0,0.0,2412.03,0.0,0,0.0,0,0.0,0,100.0,1,0.0,0,2.53,15.6,67.39,2.71,14.3,5.0,76.41,11,N-9,14,9,1,1,34.22246463599966,-118.44671711563736,detection_avg,0.6262956132542441,pct_severe_rent_burden,public_school_count,0.018164158283505538
59,583,26,US,437,BlockApportionment:US.BlockGroups;PointsLayer:US.BlockPoints,2.191,2.576,1,77,74,15981,174,74.3,65,1.06,26,US,27,BlockApportionment:US.BlockGroups;PointsLayer:US.BlockPoints,2.191,2.576,1,29.52,4.76,41.86,7.86,6.67,1.19,28.81,20.44,61,63,api_test_workflow_v2_20pct_model6_2026-05-07_batch2,34.22344086,-118.45180679,"8421 N TOBIAS AVE, 91402",270.0,34.2234408575_-118.451806795_270.jpg,1.0,0.8834,tent,1.9425,17.47,29.74,16.36,0,0,,,135,0,0,1,3,1,0,1,0,0,0,2,1580,1588,0,0,3,51,4033.82,184.63,0,0.0,2409.33,0,0.0,1091.01,17,0,0.0,2412.03,0.0,0,0.0,0,0.0,0,100.0,1,0.0,0,2.53,15.6,67.39,2.71,14.3,5.0,76.41,2,N-9,14,9,1,1,34.22246463599966,-118.44671711563736,detection_avg,0.6262956132542441,pct_severe_rent_burden,public_school_count,0.018164158283505538
60,663,26,US,437,BlockApportionment:US.BlockGroups;PointsLayer:US.BlockPoints,2.191,2.576,1,77,74,15981,174,74.3,65,1.06,26,US,27,BlockApportionment:US.BlockGroups;PointsLayer:US.BlockPoints,2.191,2.576,1,29.52,4.76,41.86,7.86,6.67,1.19,28.81,20.44,61,63,api_test_workflow_v2_remaining_model6_2026-05-08,34.22489737,-118.4479983,"14431 W CHASE ST, 91402",180.0,34.2248973742_-118.447998296_180.jpg,2.0,0.7562,tent,1.9425,17.47,29.74,16.36,0,0,,,135,0,0,1,3,1,0,1,0,0,0,2,1580,1588,0,0,3,51,4033.82,184.63,0,0.0,2409.33,0,0.0,1091.01,17,0,0.0,2412.03,0.0,0,0.0,0,0.0,0,100.0,1,0.0,0,2.53,15.6,67.39,2.71,14.3,5.0,76.41,0,N-9,14,9,1,0,34.22246463599966,-118.44671711563736,detection_avg,0.6262956132542441,pct_severe_rent_burden,public_school_count,0.018164158283505538
61,698,26,US,437,BlockApportionment:US.BlockGroups;PointsLayer:US.BlockPoints,2.191,2.576,1,77,74,15981,174,74.3,65,1.06,26,US,27,BlockApportionment:US.BlockGroups;PointsLayer:US.BlockPoints,2.191,2.576,1,29.52,4.76,41.86,7.86,6.67,1.19,28.81,20.44,61,63,api_test_workflow_v2_remaining_model6_2026-05-08,34.22379477,-118.45181734,"8427 N TOBIAS AVE, 91402",180.0,34.2237947677_-118.451817341_180.jpg,1.0,0.8361,tent,1.9425,17.47,29.74,16.36,0,0,,,135,0,0,1,3,1,0,1,0,0,0,2,1580,1588,0,0,3,51,4033.82,184.63,0,0.0,2409.33,0,0.0,1091.01,17,0,0.0,2412.03,0.0,0,0.0,0,0.0,0,100.0,1,0.0,0,2.53,15.6,67.39,2.71,14.3,5.0,76.41,0,N-9,14,9,1,0,34.22246463599966,-118.44671711563736,detection_avg,0.6262956132542441,pct_severe_rent_burden,public_school_count,0.018164158283505538
62,825,26,US,437,BlockApportionment:US.BlockGroups;PointsLayer:US.BlockPoints,2.191,2.576,1,77,74,15981,174,74.3,65,1.06,26,US,27,BlockApportionment:US.BlockGroups;PointsLayer:US.BlockPoints,2.191,2.576,1,29.52,4.76,41.86,7.86,6.67,1.19,28.81,20.44,61,63,api_test_workflow_v2_5pct_fresh_2026-04-28,34.22377093,-118.45181523,"8425 N TOBIAS AVE, 91402",180.0,34.2237709346_-118.45181523_180.jpg,1.0,0.8264,tent,1.9425,17.47,29.74,16.36,0,0,,,135,0,0,1,3,1,0,1,0,0,0,2,1580,1588,0,0,3,51,4033.82,184.63,0,0.0,2409.33,0,0.0,1091.01,17,0,0.0,2412.03,0.0,0,0.0,0,0.0,0,100.0,1,0.0,0,2.53,15.6,67.39,2.71,14.3,5.0,76.41,1,N-9,14,9,1,1,34.22246463599966,-118.44671711563736,detection_avg,0.6262956132542441,pct_severe_rent_burden,public_school_count,0.018164158283505538
63,1070,26,US,437,BlockApportionment:US.BlockGroups;PointsLayer:US.BlockPoints,2.191,2.576,1,77,74,15981,174,74.3,65,1.06,26,US,27,BlockApportionment:US.BlockGroups;PointsLayer:US.BlockPoints,2.191,2.576,1,29.52,4.76,41.86,7.86,6.67,1.19,28.81,20.44,61,63,api_test_workflow_v8_remaining_location_deduped_30pct_after10_2026-05-22,34.22334842,-118.45157528,"8414 N TOBIAS AVE, 91402",0.0,34.2233484187_-118.451575276_0.jpg,2.0,0.8325,tent,1.9425,17.47,29.74,16.36,0,0,,,135,0,0,1,3,1,0,1,0,0,0,2,1580,1588,0,0,3,51,4033.82,184.63,0,0.0,2409.33,0,0.0,1091.01,17,0,0.0,2412.03,0.0,0,0.0,0,0.0,0,100.0,1,0.0,0,2.53,15.6,67.39,2.71,14.3,5.0,76.41,1,N-9,14,9,1,1,34.22246463599966,-118.44671711563736,detection_avg,0.6262956132542441,pct_severe_rent_burden,public_school_count,0.018164158283505538
64,1071,26,US,437,BlockApportionment:US.BlockGroups;PointsLayer:US.BlockPoints,2.191,2.576,1,77,74,15981,174,74.3,65,1.06,26,US,27,BlockApportionment:US.BlockGroups;PointsLayer:US.BlockPoints,2.191,2.576,1,29.52,4.76,41.86,7.86,6.67,1.19,28.81,20.44,61,63,api_test_workflow_v8_remaining_location_deduped_30pct_after10_2026-05-22,34.22334842,-118.45157528,"8414 N TOBIAS AVE, 91402",90.0,34.2233484187_-118.451575276_90.jpg,1.0,0.7213,tent,1.9425,17.47,29.74,16.36,0,0,,,135,0,0,1,3,1,0,1,0,0,0,2,1580,1588,0,0,3,51,4033.82,184.63,0,0.0,2409.33,0,0.0,1091.01,17,0,0.0,2412.03,0.0,0,0.0,0,0.0,0,100.0,1,0.0,0,2.53,15.6,67.39,2.71,14.3,5.0,76.41,0,N-9,14,9,1,0,34.22246463599966,-118.44671711563736,detection_avg,0.6262956132542441,pct_severe_rent_burden,public_school_count,0.018164158283505538
65,1072,26,US,437,BlockApportionment:US.BlockGroups;PointsLayer:US.BlockPoints,2.191,2.576,1,77,74,15981,174,74.3,65,1.06,26,US,27,BlockApportionment:US.BlockGroups;PointsLayer:US.BlockPoints,2.191,2.576,1,29.52,4.76,41.86,7.86,6.67,1.19,28.81,20.44,61,63,api_test_workflow_v8_remaining_location_deduped_30pct_after10_2026-05-22,34.22334842,-118.45157528,"8414 N TOBIAS AVE, 91402",180.0,34.2233484187_-118.451575276_180.jpg,1.0,0.866,tent,1.9425,17.47,29.74,16.36,0,0,,,135,0,0,1,3,1,0,1,0,0,0,2,1580,1588,0,0,3,51,4033.82,184.63,0,0.0,2409.33,0,0.0,1091.01,17,0,0.0,2412.03,0.0,0,0.0,0,0.0,0,100.0,1,0.0,0,2.53,15.6,67.39,2.71,14.3,5.0,76.41,1,N-9,14,9,1,1,34.22246463599966,-118.44671711563736,detection_avg,0.6262956132542441,pct_severe_rent_burden,public_school_count,0.018164158283505538
66,1081,26,US,437,BlockApportionment:US.BlockGroups;PointsLayer:US.BlockPoints,2.191,2.576,1,77,74,15981,174,74.3,65,1.06,26,US,27,BlockApportionment:US.BlockGroups;PointsLayer:US.BlockPoints,2.191,2.576,1,29.52,4.76,41.86,7.86,6.67,1.19,28.81,20.44,61,63,api_test_workflow_v8_remaining_location_deduped_30pct_after10_2026-05-22,34.22489928,-118.44761655,"14415 W CHASE ST, 91402",90.0,34.224899281_-118.447616554_90.jpg,1.0,0.7849,tent,1.9425,17.47,29.74,16.36,0,0,,,135,0,0,1,3,1,0,1,0,0,0,2,1580,1588,0,0,3,51,4033.82,184.63,0,0.0,2409.33,0,0.0,1091.01,17,0,0.0,2412.03,0.0,0,0.0,0,0.0,0,100.0,1,0.0,0,2.53,15.6,67.39,2.71,14.3,5.0,76.41,0,N-9,14,9,1,0,34.22246463599966,-118.44671711563736,detection_avg,0.6262956132542441,pct_severe_rent_burden,public_school_count,0.018164158283505538
67,173,27,US,438,BlockApportionment:US.BlockGroups;PointsLayer:US.BlockPoints,2.191,2.576,1,93,101,9359,160,55.04,91,1.15,27,US,28,BlockApportionment:US.BlockGroups;PointsLayer:US.BlockPoints,2.191,2.576,1,33.55,8.25,36.42,7.24,4.18,1.6,24.64,12.79,85,86,api_test_workflow_v2_remaining_model6_2026-05-08,34.22412642,-118.43321123,"8426 N MINUET PL, 91402",0.0,34.2241264174_-118.433211231_0.jpg,1.0,0.604,tent,1.9425,17.47,29.74,16.36,0,0,,,90,1,0,0,0,1,2,0,0,0,0,2,832,802,0,0,2,36,2924.56,114.02,0,0.0,1960.41,17,1311.05,99.49,33,0,0.0,2091.67,0.32,1,0.11,1,0.0,0,100.0,1,0.0,0,2.14,17.62,58.87,4.97,18.54,5.0,70.57,0,O-9,15,9,3,0,34.222297676702176,-118.43258989290877,detection_avg,0.5843467261021245,total_population,pct_household_disability,0.04056639126507448
68,-1,28,US,439,BlockApportionment:US.BlockGroups;PointsLayer:US.BlockPoints,2.191,2.576,1,115,97,4466,50,53.61,138,2.93,28,US,29,BlockApportionment:US.BlockGroups;PointsLayer:US.BlockPoints,2.191,2.576,1,30.1,4.64,29.28,4.38,3.42,2.83,23.23,5.44,128,132,,,,,,,,,,1.9425,17.47,29.74,16.36,0,0,,,42,0,0,0,0,0,0,0,0,0,0,0,311,301,0,0,1,31,3678.45,433.23,18,2424.9,692.98,20,4660.2,8.29,3,2,881.4,698.12,2.57,1,2.57,1,0.0,0,100.0,1,0.0,0,2.0,17.34,43.5,2.06,37.1,5.0,59.85,0,P-9,16,9,0,0,34.2221307174047,-118.4184626701802,reconstructed,0.5969300787223486,la_geohub_100yr_flood_area_pct,tree_canopy_proxy_pct,0.024300014566797368
69,257,29,US,440,BlockApportionment:US.BlockGroups;PointsLayer:US.BlockPoints,2.191,2.576,1,111,112,5327,145,52.88,109,1.89,29,US,30,BlockApportionment:US.BlockGroups;PointsLayer:US.BlockPoints,2.191,2.576,1,34.21,10.2,43.88,4.21,3.26,2.39,21.62,11.64,100,108,api_test_workflow_v2_30pct_model6_2026-05-08,34.21601265,-118.4115447,"8000 N GOSFORD AVE, 91605",0.0,34.2160126494_-118.4115447_0.jpg,1.0,0.6484,tent,1.9425,17.47,29.74,16.36,0,0,,,23,0,0,0,0,2,0,0,0,0,0,2,513,498,0,0,7,66,9889.4,315.04,40,7599.86,398.81,3,126.46,735.31,6,2,2624.35,417.03,0.0,0,0.0,0,0.0,0,100.0,1,0.0,0,2.26,19.79,54.8,4.8,20.6,5.0,67.68,0,Q-9,17,9,2,0,34.22196375810723,-118.4043354474516,detection_avg,0.585150533420817,sud_treatment_count,business_sites_count,0.012225758161930911
70,258,29,US,440,BlockApportionment:US.BlockGroups;PointsLayer:US.BlockPoints,2.191,2.576,1,111,112,5327,145,52.88,109,1.89,29,US,30,BlockApportionment:US.BlockGroups;PointsLayer:US.BlockPoints,2.191,2.576,1,34.21,10.2,43.88,4.21,3.26,2.39,21.62,11.64,100,108,api_test_workflow_v2_30pct_model6_2026-05-08,34.21601265,-118.4115447,"8000 N GOSFORD AVE, 91605",180.0,34.2160126494_-118.4115447_180.jpg,1.0,0.7207,tent,1.9425,17.47,29.74,16.36,0,0,,,23,0,0,0,0,2,0,0,0,0,0,2,513,498,0,0,7,66,9889.4,315.04,40,7599.86,398.81,3,126.46,735.31,6,2,2624.35,417.03,0.0,0,0.0,0,0.0,0,100.0,1,0.0,0,2.26,19.79,54.8,4.8,20.6,5.0,67.68,0,Q-9,17,9,2,0,34.22196375810723,-118.4043354474516,detection_avg,0.585150533420817,sud_treatment_count,business_sites_count,0.012225758161930911
71,387,29,US,440,BlockApportionment:US.BlockGroups;PointsLayer:US.BlockPoints,2.191,2.576,1,111,112,5327,145,52.88,109,1.89,29,US,30,BlockApportionment:US.BlockGroups;PointsLayer:US.BlockPoints,2.191,2.576,1,34.21,10.2,43.88,4.21,3.26,2.39,21.62,11.64,100,108,api_test_workflow_v2_5pct_fresh_2026-04-28,34.21862999,-118.39636118,"8130 N LAUREL CANYON BLVD, 91605",270.0,34.2186299869_-118.396361177_270.jpg,1.0,0.8154,tent,1.9425,17.47,29.74,16.36,0,0,,,23,0,0,0,0,2,0,0,0,0,0,2,513,498,0,0,7,66,9889.4,315.04,40,7599.86,398.81,3,126.46,735.31,6,2,2624.35,417.03,0.0,0,0.0,0,0.0,0,100.0,1,0.0,0,2.26,19.79,54.8,4.8,20.6,5.0,67.68,1,Q-9,17,9,2,1,34.22196375810723,-118.4043354474516,detection_avg,0.585150533420817,sud_treatment_count,business_sites_count,0.012225758161930911
72,436,29,US,440,BlockApportionment:US.BlockGroups;PointsLayer:US.BlockPoints,2.191,2.576,1,111,112,5327,145,52.88,109,1.89,29,US,30,BlockApportionment:US.BlockGroups;PointsLayer:US.BlockPoints,2.191,2.576,1,34.21,10.2,43.88,4.21,3.26,2.39,21.62,11.64,100,108,api_test_workflow_v2_20pct_model6_2026-05-07,34.21598416,-118.40404953,"8000 N WILKINSON AVE, 91605",0.0,34.2159841607_-118.404049532_0.jpg,1.0,0.6815,tent,1.9425,17.47,29.74,16.36,0,0,,,23,0,0,0,0,2,0,0,0,0,0,2,513,498,0,0,7,66,9889.4,315.04,40,7599.86,398.81,3,126.46,735.31,6,2,2624.35,417.03,0.0,0,0.0,0,0.0,0,100.0,1,0.0,0,2.26,19.79,54.8,4.8,20.6,5.0,67.68,0,Q-9,17,9,2,0,34.22196375810723,-118.4043354474516,detection_avg,0.585150533420817,sud_treatment_count,business_sites_count,0.012225758161930911
73,9,30,US,441,BlockApportionment:US.BlockGroups;PointsLayer:US.BlockPoints,2.191,2.576,1,133,155,4577,110,77.1,116,2.2,30,US,31,BlockApportionment:US.BlockGroups;PointsLayer:US.BlockPoints,2.191,2.576,1,29.48,4.56,33.12,7.5,5.5,2.01,22.99,9.86,110,117,api_test_workflow_v2_10pct_model6_2026-05-06_live,34.21925459,-118.39072494,"8160 N WEBB AVE, 91605",180.0,34.2192545855_-118.390724937_180.jpg,1.0,0.7616,tent,1.9425,17.47,29.74,16.36,0,0,,,83,0,0,0,0,1,0,0,0,0,0,2,677,654,0,0,3,101,13398.74,121.79,37,8454.48,121.79,0,0.0,1046.39,7,2,2920.42,191.43,0.0,0,0.0,0,0.0,0,100.0,1,0.0,0,1.23,12.82,67.78,4.0,15.4,5.0,77.08,4,R-9,18,9,1,1,34.22179679880976,-118.390208224723,detection_avg,0.5914359896937756,nearest_river_drainage_m,water_proxy_pct,0.00952037340247412
74,746,30,US,441,BlockApportionment:US.BlockGroups;PointsLayer:US.BlockPoints,2.191,2.576,1,133,155,4577,110,77.1,116,2.2,30,US,31,BlockApportionment:US.BlockGroups;PointsLayer:US.BlockPoints,2.191,2.576,1,29.48,4.56,33.12,7.5,5.5,2.01,22.99,9.86,110,117,api_test_workflow_v2_30pct_model6_2026-05-08,34.22486786,-118.38459462,"TUXFORD ST AT TELFAIR AVE, 91352",90.0,34.2248678553_-118.384594619_90.jpg,1.0,0.8507,tent,1.9425,17.47,29.74,16.36,0,0,,,83,0,0,0,0,1,0,0,0,0,0,2,677,654,0,0,3,101,13398.74,121.79,37,8454.48,121.79,0,0.0,1046.39,7,2,2920.42,191.43,0.0,0,0.0,0,0.0,0,100.0,1,0.0,0,1.23,12.82,67.78,4.0,15.4,5.0,77.08,0,R-9,18,9,1,0,34.22179679880976,-118.390208224723,detection_avg,0.5914359896937756,nearest_river_drainage_m,water_proxy_pct,0.00952037340247412
75,774,30,US,441,BlockApportionment:US.BlockGroups;PointsLayer:US.BlockPoints,2.191,2.576,1,133,155,4577,110,77.1,116,2.2,30,US,31,BlockApportionment:US.BlockGroups;PointsLayer:US.BlockPoints,2.191,2.576,1,29.48,4.56,33.12,7.5,5.5,2.01,22.99,9.86,110,117,api_test_workflow_v2_30pct_model6_2026-05-08,34.22752277,-118.38716428,"8712 N TELFAIR AVE, 91352",90.0,34.2275227748_-118.387164285_90.jpg,1.0,0.6404,tent,1.9425,17.47,29.74,16.36,0,0,,,83,0,0,0,0,1,0,0,0,0,0,2,677,654,0,0,3,101,13398.74,121.79,37,8454.48,121.79,0,0.0,1046.39,7,2,2920.42,191.43,0.0,0,0.0,0,0.0,0,100.0,1,0.0,0,1.23,12.82,67.78,4.0,15.4,5.0,77.08,1,R-9,18,9,1,1,34.22179679880976,-118.390208224723,detection_avg,0.5914359896937756,nearest_river_drainage_m,water_proxy_pct,0.00952037340247412
76,989,30,US,441,BlockApportionment:US.BlockGroups;PointsLayer:US.BlockPoints,2.191,2.576,1,133,155,4577,110,77.1,116,2.2,30,US,31,BlockApportionment:US.BlockGroups;PointsLayer:US.BlockPoints,2.191,2.576,1,29.48,4.56,33.12,7.5,5.5,2.01,22.99,9.86,110,117,api_test_workflow_v2_20pct_model6_2026-05-07_batch2,34.2254999,-118.386936,"8567 N CAYUGA AVE, 91352",180.0,34.2254999041_-118.386936001_180.jpg,1.0,0.7644,tent,1.9425,17.47,29.74,16.36,0,0,,,83,0,0,0,0,1,0,0,0,0,0,2,677,654,0,0,3,101,13398.74,121.79,37,8454.48,121.79,0,0.0,1046.39,7,2,2920.42,191.43,0.0,0,0.0,0,0.0,0,100.0,1,0.0,0,1.23,12.82,67.78,4.0,15.4,5.0,77.08,0,R-9,18,9,1,0,34.22179679880976,-118.390208224723,detection_avg,0.5914359896937756,nearest_river_drainage_m,water_proxy_pct,0.00952037340247412
77,1474,30,US,441,BlockApportionment:US.BlockGroups;PointsLayer:US.BlockPoints,2.191,2.576,1,133,155,4577,110,77.1,116,2.2,30,US,31,BlockApportionment:US.BlockGroups;PointsLayer:US.BlockPoints,2.191,2.576,1,29.48,4.56,33.12,7.5,5.5,2.01,22.99,9.86,110,117,api_test_workflow_v8_remaining_location_deduped_30pct_after10_2026-05-22,34.22363131,-118.38358442,"8501 N TELFAIR AVE, 91352",0.0,34.2236313143_-118.383584419_0.jpg,1.0,0.7915,tent,1.9425,17.47,29.74,16.36,0,0,,,83,0,0,0,0,1,0,0,0,0,0,2,677,654,0,0,3,101,13398.74,121.79,37,8454.48,121.79,0,0.0,1046.39,7,2,2920.42,191.43,0.0,0,0.0,0,0.0,0,100.0,1,0.0,0,1.23,12.82,67.78,4.0,15.4,5.0,77.08,0,R-9,18,9,1,0,34.22179679880976,-118.390208224723,detection_avg,0.5914359896937756,nearest_river_drainage_m,water_proxy_pct,0.00952037340247412
78,1701,30,US,441,BlockApportionment:US.BlockGroups;PointsLayer:US.BlockPoints,2.191,2.576,1,133,155,4577,110,77.1,116,2.2,30,US,31,BlockApportionment:US.BlockGroups;PointsLayer:US.BlockPoints,2.191,2.576,1,29.48,4.56,33.12,7.5,5.5,2.01,22.99,9.86,110,117,api_test_workflow_v8_remaining_location_deduped_final_after10_30_2026-05-23,34.22526838,-118.39668358,"LAUREL CANYON BLVD AT WEBB AVE, 91352",0.0,34.225268379_-118.396683584_0.jpg,1.0,0.821,tent,1.9425,17.47,29.74,16.36,0,0,,,83,0,0,0,0,1,0,0,0,0,0,2,677,654,0,0,3,101,13398.74,121.79,37,8454.48,121.79,0,0.0,1046.39,7,2,2920.42,191.43,0.0,0,0.0,0,0.0,0,100.0,1,0.0,0,1.23,12.82,67.78,4.0,15.4,5.0,77.08,0,R-9,18,9,1,0,34.22179679880976,-118.390208224723,detection_avg,0.5914359896937756,nearest_river_drainage_m,water_proxy_pct,0.00952037340247412
79,27,31,US,442,BlockApportionment:US.BlockGroups;PointsLayer:US.BlockPoints,2.191,2.576,1,128,151,6016,107,78.19,65,1.78,31,US,32,BlockApportionment:US.BlockGroups;PointsLayer:US.BlockPoints,2.191,2.576,1,39.63,7.4,34.26,7.94,8.12,1.68,21.64,25.46,64,68,api_test_workflow_v2_10pct_model6_2026-05-06_live,34.22055255,-118.37020365,"8256 N SAN FERNANDO ROAD, 91352",270.0,34.2205525542_-118.370203646_270.jpg,1.0,0.8539,tent,1.9425,17.47,29.74,16.36,0,0,,,42,0,0,1,0,1,0,1,0,0,0,0,567,519,0,0,2,46,4648.76,456.0,18,3186.8,655.63,5,294.1,292.61,12,2,1172.81,657.49,7.88,1,0.0,0,0.76,1,100.0,1,0.0,0,1.62,14.53,66.32,2.43,16.72,5.0,75.94,0,S-9,19,9,1,0,34.221629839512275,-118.37608100199444,detection_avg,0.5705189616228733,total_population,pct_household_disability,-0.023993739705000263
80,50,31,US,442,BlockApportionment:US.BlockGroups;PointsLayer:US.BlockPoints,2.191,2.576,1,128,151,6016,107,78.19,65,1.78,31,US,32,BlockApportionment:US.BlockGroups;PointsLayer:US.BlockPoints,2.191,2.576,1,39.63,7.4,34.26,7.94,8.12,1.68,21.64,25.46,64,68,api_test_workflow_v2_10pct_model6_2026-05-06_live,34.218204,-118.36798139,"10900 W RATNER ST, 91352",270.0,34.2182040032_-118.367981392_270.jpg,1.0,0.7492,tent,1.9425,17.47,29.74,16.36,0,0,,,42,0,0,1,0,1,0,1,0,0,0,0,567,519,0,0,2,46,4648.76,456.0,18,3186.8,655.63,5,294.1,292.61,12,2,1172.81,657.49,7.88,1,0.0,0,0.76,1,100.0,1,0.0,0,1.62,14.53,66.32,2.43,16.72,5.0,75.94,0,S-9,19,9,1,0,34.221629839512275,-118.37608100199444,detection_avg,0.5705189616228733,total_population,pct_household_disability,-0.023993739705000263
81,53,31,US,442,BlockApportionment:US.BlockGroups;PointsLayer:US.BlockPoints,2.191,2.576,1,128,151,6016,107,78.19,65,1.78,31,US,32,BlockApportionment:US.BlockGroups;PointsLayer:US.BlockPoints,2.191,2.576,1,39.63,7.4,34.26,7.94,8.12,1.68,21.64,25.46,64,68,api_test_workflow_v2_10pct_model6_2026-05-06_live,34.21752185,-118.37927093,"8101 N TUJUNGA AVE, 91352",90.0,34.2175218524_-118.379270934_90.jpg,1.0,0.7858,tent,1.9425,17.47,29.74,16.36,0,0,,,42,0,0,1,0,1,0,1,0,0,0,0,567,519,0,0,2,46,4648.76,456.0,18,3186.8,655.63,5,294.1,292.61,12,2,1172.81,657.49,7.88,1,0.0,0,0.76,1,100.0,1,0.0,0,1.62,14.53,66.32,2.43,16.72,5.0,75.94,0,S-9,19,9,1,0,34.221629839512275,-118.37608100199444,detection_avg,0.5705189616228733,total_population,pct_household_disability,-0.023993739705000263
82,434,31,US,442,BlockApportionment:US.BlockGroups;PointsLayer:US.BlockPoints,2.191,2.576,1,128,151,6016,107,78.19,65,1.78,31,US,32,BlockApportionment:US.BlockGroups;PointsLayer:US.BlockPoints,2.191,2.576,1,39.63,7.4,34.26,7.94,8.12,1.68,21.64,25.46,64,68,api_test_workflow_v2_20pct_model6_2026-05-07,34.21844465,-118.37053124,"8133 N VINELAND AVE, 91352",90.0,34.2184446506_-118.370531237_90.jpg,1.0,0.6301,tent,1.9425,17.47,29.74,16.36,0,0,,,42,0,0,1,0,1,0,1,0,0,0,0,567,519,0,0,2,46,4648.76,456.0,18,3186.8,655.63,5,294.1,292.61,12,2,1172.81,657.49,7.88,1,0.0,0,0.76,1,100.0,1,0.0,0,1.62,14.53,66.32,2.43,16.72,5.0,75.94,1,S-9,19,9,1,1,34.221629839512275,-118.37608100199444,detection_avg,0.5705189616228733,total_population,pct_household_disability,-0.023993739705000263
83,676,31,US,442,BlockApportionment:US.BlockGroups;PointsLayer:US.BlockPoints,2.191,2.576,1,128,151,6016,107,78.19,65,1.78,31,US,32,BlockApportionment:US.BlockGroups;PointsLayer:US.BlockPoints,2.191,2.576,1,39.63,7.4,34.26,7.94,8.12,1.68,21.64,25.46,64,68,api_test_workflow_v2_remaining_model6_2026-05-08,34.21664488,-118.37037741,"VINELAND AVE AT RATNER ST, 91352",270.0,34.2166448754_-118.370377412_270.jpg,1.0,0.7189,tent,1.9425,17.47,29.74,16.36,0,0,,,42,0,0,1,0,1,0,1,0,0,0,0,567,519,0,0,2,46,4648.76,456.0,18,3186.8,655.63,5,294.1,292.61,12,2,1172.81,657.49,7.88,1,0.0,0,0.76,1,100.0,1,0.0,0,1.62,14.53,66.32,2.43,16.72,5.0,75.94,0,S-9,19,9,1,0,34.221629839512275,-118.37608100199444,detection_avg,0.5705189616228733,total_population,pct_household_disability,-0.023993739705000263
84,1335,31,US,442,BlockApportionment:US.BlockGroups;PointsLayer:US.BlockPoints,2.191,2.576,1,128,151,6016,107,78.19,65,1.78,31,US,32,BlockApportionment:US.BlockGroups;PointsLayer:US.BlockPoints,2.191,2.576,1,39.63,7.4,34.26,7.94,8.12,1.68,21.64,25.46,64,68,api_test_workflow_v2_remaining_model6_2026-05-08,34.21865059,-118.36871525,"8165 N SAN FERNANDO ROAD, 91352",270.0,34.218650589_-118.368715248_270.jpg,1.0,0.6024,tent,1.9425,17.47,29.74,16.36,0,0,,,42,0,0,1,0,1,0,1,0,0,0,0,567,519,0,0,2,46,4648.76,456.0,18,3186.8,655.63,5,294.1,292.61,12,2,1172.81,657.49,7.88,1,0.0,0,0.76,1,100.0,1,0.0,0,1.62,14.53,66.32,2.43,16.72,5.0,75.94,0,S-9,19,9,1,0,34.221629839512275,-118.37608100199444,detection_avg,0.5705189616228733,total_population,pct_household_disability,-0.023993739705000263
85,1370,31,US,442,BlockApportionment:US.BlockGroups;PointsLayer:US.BlockPoints,2.191,2.576,1,128,151,6016,107,78.19,65,1.78,31,US,32,BlockApportionment:US.BlockGroups;PointsLayer:US.BlockPoints,2.191,2.576,1,39.63,7.4,34.26,7.94,8.12,1.68,21.64,25.46,64,68,api_test_workflow_v2_remaining_model6_2026-05-08,34.21568288,-118.37037652,"VINELAND AVE AT STRATHERN ST, 91352",180.0,34.2156828811_-118.370376522_180.jpg,1.0,0.63,tent,1.9425,17.47,29.74,16.36,0,0,,,42,0,0,1,0,1,0,1,0,0,0,0,567,519,0,0,2,46,4648.76,456.0,18,3186.8,655.63,5,294.1,292.61,12,2,1172.81,657.49,7.88,1,0.0,0,0.76,1,100.0,1,0.0,0,1.62,14.53,66.32,2.43,16.72,5.0,75.94,0,S-9,19,9,1,0,34.221629839512275,-118.37608100199444,detection_avg,0.5705189616228733,total_population,pct_household_disability,-0.023993739705000263
86,1567,31,US,442,BlockApportionment:US.BlockGroups;PointsLayer:US.BlockPoints,2.191,2.576,1,128,151,6016,107,78.19,65,1.78,31,US,32,BlockApportionment:US.BlockGroups;PointsLayer:US.BlockPoints,2.191,2.576,1,39.63,7.4,34.26,7.94,8.12,1.68,21.64,25.46,64,68,api_test_workflow_v8_remaining_location_deduped_10pct_2026-05-22,34.21771567,-118.37897967,"8102 N TUJUNGA AVE, 91352",180.0,34.217715674_-118.378979666_180.jpg,1.0,0.7686,tent,1.9425,17.47,29.74,16.36,0,0,,,42,0,0,1,0,1,0,1,0,0,0,0,567,519,0,0,2,46,4648.76,456.0,18,3186.8,655.63,5,294.1,292.61,12,2,1172.81,657.49,7.88,1,0.0,0,0.76,1,100.0,1,0.0,0,1.62,14.53,66.32,2.43,16.72,5.0,75.94,1,S-9,19,9,1,1,34.221629839512275,-118.37608100199444,detection_avg,0.5705189616228733,total_population,pct_household_disability,-0.023993739705000263
87,1843,31,US,442,BlockApportionment:US.BlockGroups;PointsLayer:US.BlockPoints,2.191,2.576,1,128,151,6016,107,78.19,65,1.78,31,US,32,BlockApportionment:US.BlockGroups;PointsLayer:US.BlockPoints,2.191,2.576,1,39.63,7.4,34.26,7.94,8.12,1.68,21.64,25.46,64,68,api_test_workflow_v8_remaining_location_deduped_final_after10_30_2026-05-23,34.21752325,-118.37897985,"8100 N TUJUNGA AVE, 91352",90.0,34.2175232451_-118.378979848_90.jpg,1.0,0.836,tent,1.9425,17.47,29.74,16.36,0,0,,,42,0,0,1,0,1,0,1,0,0,0,0,567,519,0,0,2,46,4648.76,456.0,18,3186.8,655.63,5,294.1,292.61,12,2,1172.81,657.49,7.88,1,0.0,0,0.76,1,100.0,1,0.0,0,1.62,14.53,66.32,2.43,16.72,5.0,75.94,0,S-9,19,9,1,0,34.221629839512275,-118.37608100199444,detection_avg,0.5705189616228733,total_population,pct_household_disability,-0.023993739705000263
88,1320,32,US,443,BlockApportionment:US.BlockGroups;PointsLayer:US.BlockPoints,2.191,2.576,1,115,127,6458,117,57.36,93,1.97,32,US,33,BlockApportionment:US.BlockGroups;PointsLayer:US.BlockPoints,2.191,2.576,1,31.79,7.13,35.46,6.08,6.41,1.89,20.68,9.72,86,89,api_test_workflow_v2_remaining_model6_2026-05-08,34.22385009,-118.36098808,"8465 N GLENOAKS BLVD, 91352",0.0,34.2238500888_-118.360988082_0.jpg,1.0,0.6611,tent,1.9425,17.47,29.74,16.36,0,0,,,90,0,0,0,0,1,0,0,0,0,0,1,549,586,0,0,2,65,7728.08,312.66,27,5760.35,404.56,12,2472.82,71.14,10,2,2450.55,409.61,2.91,1,2.05,1,0.0,0,100.0,1,0.0,0,2.53,24.5,49.06,4.64,21.8,5.0,63.58,8,T-9,20,9,1,1,34.2214628802148,-118.36195377926585,detection_avg,0.5947380173449348,osm_amenity_count,bare_ground_proxy_pct,-0.014818039393257675
89,1735,32,US,443,BlockApportionment:US.BlockGroups;PointsLayer:US.BlockPoints,2.191,2.576,1,115,127,6458,117,57.36,93,1.97,32,US,33,BlockApportionment:US.BlockGroups;PointsLayer:US.BlockPoints,2.191,2.576,1,31.79,7.13,35.46,6.08,6.41,1.89,20.68,9.72,86,89,api_test_workflow_v8_remaining_location_deduped_final_after10_30_2026-05-23,34.22053025,-118.35868902,"8266 N DE GARMO AVE, 91352",270.0,34.2205302468_-118.358689018_270.jpg,1.0,0.7491,tent,1.9425,17.47,29.74,16.36,0,0,,,90,0,0,0,0,1,0,0,0,0,0,1,549,586,0,0,2,65,7728.08,312.66,27,5760.35,404.56,12,2472.82,71.14,10,2,2450.55,409.61,2.91,1,2.05,1,0.0,0,100.0,1,0.0,0,2.53,24.5,49.06,4.64,21.8,5.0,63.58,1,T-9,20,9,1,1,34.2214628802148,-118.36195377926585,detection_avg,0.5947380173449348,osm_amenity_count,bare_ground_proxy_pct,-0.014818039393257675
90,1522,33,US,1,BlockApportionment:US.BlockGroups;PointsLayer:US.BlockPoints,2.191,2.576,1,85,36,2422,74,34.39,122,4.99,33,US,34,BlockApportionment:US.BlockGroups;PointsLayer:US.BlockPoints,2.191,2.576,1,18.62,0.53,21.24,0.2,3.95,5.26,15.21,5.03,120,124,api_test_workflow_v8_remaining_location_deduped_30pct_after10_2026-05-22,33.70622287,-118.28897388,"540 W PASEO DEL MAR, 90731",90.0,33.7062228729_-118.288973882_90.jpg,1.0,0.852,tent,1.9425,17.47,29.74,16.36,0,0,,,0,0,0,0,0,0,0,0,1,0,0,0,94,108,0,0,0,0,0.0,1738.49,0,0.0,4471.95,1,38.07,676.07,14,0,0.0,2674.02,0.0,0,0.0,0,0.33,1,37.93,1,0.0,0,1.35,39.08,28.44,1.75,30.73,4.0,49.5,0,Y-47,25,47,0,0,33.708868218313015,-118.29143237929524,detection_avg,0.6264968232635265,pct_veterans_2,river_drainage_segments_count,0.017180720928828722
91,1524,33,US,1,BlockApportionment:US.BlockGroups;PointsLayer:US.BlockPoints,2.191,2.576,1,85,36,2422,74,34.39,122,4.99,33,US,34,BlockApportionment:US.BlockGroups;PointsLayer:US.BlockPoints,2.191,2.576,1,18.62,0.53,21.24,0.2,3.95,5.26,15.21,5.03,120,124,api_test_workflow_v8_remaining_location_deduped_30pct_after10_2026-05-22,33.70622287,-118.28897388,"540 W PASEO DEL MAR, 90731",270.0,33.7062228729_-118.288973882_270.jpg,1.0,0.8591,tent,1.9425,17.47,29.74,16.36,0,0,,,0,0,0,0,0,0,0,0,1,0,0,0,94,108,0,0,0,0,0.0,1738.49,0,0.0,4471.95,1,38.07,676.07,14,0,0.0,2674.02,0.0,0,0.0,0,0.33,1,37.93,1,0.0,0,1.35,39.08,28.44,1.75,30.73,4.0,49.5,2,Y-47,25,47,0,1,33.708868218313015,-118.29143237929524,detection_avg,0.6264968232635265,pct_veterans_2,river_drainage_segments_count,0.017180720928828722
92,-1,34,US,444,BlockApportionment:US.BlockGroups;PointsLayer:US.BlockPoints,2.191,2.576,1,88,107,2601,140,31.95,116,3.14,34,US,35,BlockApportionment:US.BlockGroups;PointsLayer:US.BlockPoints,2.191,2.576,1,25.59,5.47,38.78,2.14,2.61,2.6,16.78,6.34,104,108,,,,,,,,,,1.9425,17.47,29.74,16.36,0,0,,,24,0,0,0,0,0,0,0,0,0,0,0,222,202,0,0,0,32,4867.31,517.95,32,4867.31,517.95,19,3419.95,135.79,1,2,2359.54,521.59,0.69,1,0.69,1,0.0,0,100.0,1,0.0,0,7.34,48.96,26.65,3.24,21.16,3.0,46.45,3,U-9,21,9,0,1,34.22129592091733,-118.34782655653729,reconstructed,0.6021020420204456,pct_hs_grad,dominant_landcover_class,0.0196530513054093
93,-1,35,US,445,BlockApportionment:US.BlockGroups;PointsLayer:US.BlockPoints,2.191,2.576,1,79,128,939,69,27.16,204,3.43,35,US,36,BlockApportionment:US.BlockGroups;PointsLayer:US.BlockPoints,2.191,2.576,1,22.75,1.12,16.1,3.08,1.45,2.9,16.17,4.67,171,170,,,,,,,,,,1.9425,17.47,29.74,16.36,0,0,,,0,0,0,0,0,0,0,0,0,0,0,0,81,73,0,0,0,1,436.26,468.4,0,0.0,3655.98,8,2311.08,468.4,1,0,0.0,887.4,25.58,1,1.31,1,0.0,0,100.0,1,0.0,0,2.71,58.53,19.12,3.18,19.18,3.0,42.57,0,B-8,2,8,0,0,34.237935512448686,-118.61624076959951,reconstructed,0.6240576271612936,esri_market_idx_14068_forecast,business_sites_count,-0.06723774334003392
94,987,36,US,446,BlockApportionment:US.BlockGroups;PointsLayer:US.BlockPoints,2.191,2.576,1,67,68,5896,267,47.13,82,4.97,36,US,37,BlockApportionment:US.BlockGroups;PointsLayer:US.BlockPoints,2.191,2.576,1,31.21,3.32,34.29,3.85,4.3,5.05,18.04,9.45,101,102,api_test_workflow_v2_20pct_model6_2026-05-07_batch2,34.23781249,-118.60381188,"9218 N JORDAN AVE, 91311",0.0,34.2378124932_-118.603811881_0.jpg,2.0,0.804,tent,1.9425,17.47,29.74,16.36,0,0,,,36,0,0,0,0,0,0,0,0,0,0,0,697,758,0,0,0,39,3603.54,125.82,0,0.0,4608.62,12,1865.92,120.4,10,2,3344.61,120.84,1.88,1,1.87,1,0.0,0,100.0,1,0.0,0,3.53,18.69,59.09,3.99,18.23,5.0,70.3,0,C-8,3,8,0,0,34.23776855315121,-118.60211354687092,detection_avg,0.6034455647412302,pct_veterans_2,river_drainage_segments_count,-0.028209804785523887
95,1359,36,US,446,BlockApportionment:US.BlockGroups;PointsLayer:US.BlockPoints,2.191,2.576,1,67,68,5896,267,47.13,82,4.97,36,US,37,BlockApportionment:US.BlockGroups;PointsLayer:US.BlockPoints,2.191,2.576,1,31.21,3.32,34.29,3.85,4.3,5.05,18.04,9.45,101,102,api_test_workflow_v2_remaining_model6_2026-05-08,34.23694956,-118.60382872,"9160 N JORDAN AVE, 91311",0.0,34.2369495603_-118.603828725_0.jpg,1.0,0.8527,tent,1.9425,17.47,29.74,16.36,0,0,,,36,0,0,0,0,0,0,0,0,0,0,0,697,758,0,0,0,39,3603.54,125.82,0,0.0,4608.62,12,1865.92,120.4,10,2,3344.61,120.84,1.88,1,1.87,1,0.0,0,100.0,1,0.0,0,3.53,18.69,59.09,3.99,18.23,5.0,70.3,1,C-8,3,8,0,1,34.23776855315121,-118.60211354687092,detection_avg,0.6034455647412302,pct_veterans_2,river_drainage_segments_count,-0.028209804785523887
96,1360,36,US,446,BlockApportionment:US.BlockGroups;PointsLayer:US.BlockPoints,2.191,2.576,1,67,68,5896,267,47.13,82,4.97,36,US,37,BlockApportionment:US.BlockGroups;PointsLayer:US.BlockPoints,2.191,2.576,1,31.21,3.32,34.29,3.85,4.3,5.05,18.04,9.45,101,102,api_test_workflow_v2_remaining_model6_2026-05-08,34.23694956,-118.60382872,"9160 N JORDAN AVE, 91311",270.0,34.2369495603_-118.603828725_270.jpg,1.0,0.7016,tent,1.9425,17.47,29.74,16.36,0,0,,,36,0,0,0,0,0,0,0,0,0,0,0,697,758,0,0,0,39,3603.54,125.82,0,0.0,4608.62,12,1865.92,120.4,10,2,3344.61,120.84,1.88,1,1.87,1,0.0,0,100.0,1,0.0,0,3.53,18.69,59.09,3.99,18.23,5.0,70.3,0,C-8,3,8,0,0,34.23776855315121,-118.60211354687092,detection_avg,0.6034455647412302,pct_veterans_2,river_drainage_segments_count,-0.028209804785523887
97,-1,37,US,2,BlockApportionment:US.BlockGroups;PointsLayer:US.BlockPoints,2.191,2.576,1,62,31,145,117,31.72,114,7.06,37,US,38,BlockApportionment:US.BlockGroups;PointsLayer:US.BlockPoints,2.191,2.576,1,20.0,0.0,43.04,0.0,2.76,5.03,15.07,3.23,105,107,,,,,,,,,,1.9425,17.47,29.74,16.36,0,0,,,0,0,1,0,0,0,0,0,1,0,0,0,41,31,0,0,0,0,0.0,1633.22,0,0.0,3932.95,0,0.0,1040.44,0,0,0.0,3320.27,0.0,0,0.0,0,8.19,1,33.94,1,0.0,0,0.46,6.58,27.18,55.67,10.56,6.0,48.89,1,Z-47,26,47,0,1,33.708701259015534,-118.27730515656664,reconstructed,0.5961685690708568,business_sites_count,bare_ground_proxy_pct,-0.032088916525000045
98,1213,38,US,447,BlockApportionment:US.BlockGroups;PointsLayer:US.BlockPoints,2.191,2.576,1,60,103,921,133,58.31,87,3.0,38,US,39,BlockApportionment:US.BlockGroups;PointsLayer:US.BlockPoints,2.191,2.576,1,20.97,4.19,34.82,5.85,6.22,3.23,18.07,9.89,80,85,api_test_workflow_v8_remaining_location_deduped_30pct_after10_2026-05-22,34.23481925,-118.58435127,"9067 N LURLINE AVE, 91311",0.0,34.2348192529_-118.584351269_0.jpg,2.0,0.6975,tent,1.9425,17.47,29.74,16.36,0,0,,,54,0,0,0,0,2,0,0,0,0,0,1,560,571,0,0,2,33,2898.18,76.27,0,0.0,3723.62,14,2858.99,38.46,8,0,0.0,1597.69,2.05,1,1.37,1,0.0,0,100.0,1,0.0,0,0.35,6.0,83.11,1.94,8.95,5.0,88.07,1,D-8,4,8,2,1,34.23760159385373,-118.58798632414236,detection_avg,0.6794086497860651,la_geohub_100yr_flood_area_pct,tree_canopy_proxy_pct,0.0311833284679189
99,1214,38,US,447,BlockApportionment:US.BlockGroups;PointsLayer:US.BlockPoints,2.191,2.576,1,60,103,921,133,58.31,87,3.0,38,US,39,BlockApportionment:US.BlockGroups;PointsLayer:US.BlockPoints,2.191,2.576,1,20.97,4.19,34.82,5.85,6.22,3.23,18.07,9.89,80,85,api_test_workflow_v8_remaining_location_deduped_30pct_after10_2026-05-22,34.23481925,-118.58435127,"9067 N LURLINE AVE, 91311",90.0,34.2348192529_-118.584351269_90.jpg,1.0,0.8634,tent,1.9425,17.47,29.74,16.36,0,0,,,54,0,0,0,0,2,0,0,0,0,0,1,560,571,0,0,2,33,2898.18,76.27,0,0.0,3723.62,14,2858.99,38.46,8,0,0.0,1597.69,2.05,1,1.37,1,0.0,0,100.0,1,0.0,0,0.35,6.0,83.11,1.94,8.95,5.0,88.07,0,D-8,4,8,2,0,34.23760159385373,-118.58798632414236,detection_avg,0.6794086497860651,la_geohub_100yr_flood_area_pct,tree_canopy_proxy_pct,0.0311833284679189
100,1329,38,US,447,BlockApportionment:US.BlockGroups;PointsLayer:US.BlockPoints,2.191,2.576,1,60,103,921,133,58.31,87,3.0,38,US,39,BlockApportionment:US.BlockGroups;PointsLayer:US.BlockPoints,2.191,2.576,1,20.97,4.19,34.82,5.85,6.22,3.23,18.07,9.89,80,85,api_test_workflow_v2_remaining_model6_2026-05-08,34.23800933,-118.58530556,"9182 N KELVIN AVE, 91311",180.0,34.2380093337_-118.585305559_180.jpg,1.0,0.7146,tent,1.9425,17.47,29.74,16.36,0,0,,,54,0,0,0,0,2,0,0,0,0,0,1,560,571,0,0,2,33,2898.18,76.27,0,0.0,3723.62,14,2858.99,38.46,8,0,0.0,1597.69,2.05,1,1.37,1,0.0,0,100.0,1,0.0,0,0.35,6.0,83.11,1.94,8.95,5.0,88.07,1,D-8,4,8,2,1,34.23760159385373,-118.58798632414236,detection_avg,0.6794086497860651,la_geohub_100yr_flood_area_pct,tree_canopy_proxy_pct,0.0311833284679189
101,1821,38,US,447,BlockApportionment:US.BlockGroups;PointsLayer:US.BlockPoints,2.191,2.576,1,60,103,921,133,58.31,87,3.0,38,US,39,BlockApportionment:US.BlockGroups;PointsLayer:US.BlockPoints,2.191,2.576,1,20.97,4.19,34.82,5.85,6.22,3.23,18.07,9.89,80,85,api_test_workflow_v8_remaining_location_deduped_final_after10_30_2026-05-23,34.244877,-118.59093535,"21001 W ITASCA ST, 91311",0.0,34.2448770031_-118.590935348_0.jpg,1.0,0.6866,tent,1.9425,17.47,29.74,16.36,0,0,,,54,0,0,0,0,2,0,0,0,0,0,1,560,571,0,0,2,33,2898.18,76.27,0,0.0,3723.62,14,2858.99,38.46,8,0,0.0,1597.69,2.05,1,1.37,1,0.0,0,100.0,1,0.0,0,0.35,6.0,83.11,1.94,8.95,5.0,88.07,1,D-8,4,8,2,1,34.23760159385373,-118.58798632414236,detection_avg,0.6794086497860651,la_geohub_100yr_flood_area_pct,tree_canopy_proxy_pct,0.0311833284679189
102,1822,38,US,447,BlockApportionment:US.BlockGroups;PointsLayer:US.BlockPoints,2.191,2.576,1,60,103,921,133,58.31,87,3.0,38,US,39,BlockApportionment:US.BlockGroups;PointsLayer:US.BlockPoints,2.191,2.576,1,20.97,4.19,34.82,5.85,6.22,3.23,18.07,9.89,80,85,api_test_workflow_v8_remaining_location_deduped_final_after10_30_2026-05-23,34.244877,-118.59093535,"21001 W ITASCA ST, 91311",270.0,34.2448770031_-118.590935348_270.jpg,1.0,0.898,tent,1.9425,17.47,29.74,16.36,0,0,,,54,0,0,0,0,2,0,0,0,0,0,1,560,571,0,0,2,33,2898.18,76.27,0,0.0,3723.62,14,2858.99,38.46,8,0,0.0,1597.69,2.05,1,1.37,1,0.0,0,100.0,1,0.0,0,0.35,6.0,83.11,1.94,8.95,5.0,88.07,1,D-8,4,8,2,1,34.23760159385373,-118.58798632414236,detection_avg,0.6794086497860651,la_geohub_100yr_flood_area_pct,tree_canopy_proxy_pct,0.0311833284679189
103,-1,39,US,3,BlockApportionment:US.BlockGroups;PointsLayer:US.BlockPoints,2.191,2.576,1,82,55,7076,60,36.83,147,5.46,39,US,40,BlockApportionment:US.BlockGroups;PointsLayer:US.BlockPoints,2.191,2.576,1,19.81,2.42,23.67,0.94,2.01,6.77,21.79,7.2,126,127,,,,,,,,,,1.9425,17.47,29.74,16.36,0,0,,,0,0,1,0,0,1,0,0,0,0,0,0,516,499,0,0,2,34,2694.18,431.86,0,0.0,2591.8,0,0.0,852.54,7,2,1743.61,425.65,0.0,0,0.0,0,0.0,0,100.0,1,0.0,0,2.39,24.21,56.05,1.11,18.63,5.0,68.52,2,X-46,24,46,1,1,33.72250254248981,-118.30555658324296,reconstructed,0.6396872068732508,pct_veterans_2,river_drainage_segments_count,0.017626399925861604
104,8,40,US,448,BlockApportionment:US.BlockGroups;PointsLayer:US.BlockPoints,2.191,2.576,1,88,134,3060,93,47.84,132,2.74,40,US,41,BlockApportionment:US.BlockGroups;PointsLayer:US.BlockPoints,2.191,2.576,1,31.51,3.69,30.8,3.53,5.19,2.58,18.52,11.81,113,117,api_test_workflow_v2_10pct_model6_2026-05-06_live,34.22806018,-118.56975617,"20020 W PARTHENIA ST, 91324",90.0,34.228060177_-118.569756174_90.jpg,1.0,0.6586,tent,1.9425,17.47,29.74,16.36,0,0,,,33,0,0,0,0,1,1,0,0,0,0,0,494,499,0,0,0,34,3346.74,38.39,0,0.0,4519.21,7,1613.92,464.09,7,0,0.0,2682.98,1.58,1,0.0,0,0.52,1,100.0,1,0.0,0,1.7,13.05,69.19,3.06,14.7,5.0,77.92,3,E-8,5,8,2,1,34.23743463455626,-118.57385910141376,detection_avg,0.6640966430163581,total_crime_est,la_geohub_500yr_flood_area_pct,0.013272185888495693
105,1900,40,US,448,BlockApportionment:US.BlockGroups;PointsLayer:US.BlockPoints,2.191,2.576,1,88,134,3060,93,47.84,132,2.74,40,US,41,BlockApportionment:US.BlockGroups;PointsLayer:US.BlockPoints,2.191,2.576,1,31.51,3.69,30.8,3.53,5.19,2.58,18.52,11.81,113,117,api_test_workflow_v8_remaining_location_deduped_final_after10_30_2026-05-23,34.23303809,-118.57461953,"20235 W BAHAMA ST, 91311",180.0,34.2330380939_-118.574619535_180.jpg,1.0,0.7025,tent,1.9425,17.47,29.74,16.36,0,0,,,33,0,0,0,0,1,1,0,0,0,0,0,494,499,0,0,0,34,3346.74,38.39,0,0.0,4519.21,7,1613.92,464.09,7,0,0.0,2682.98,1.58,1,0.0,0,0.52,1,100.0,1,0.0,0,1.7,13.05,69.19,3.06,14.7,5.0,77.92,13,E-8,5,8,2,1,34.23743463455626,-118.57385910141376,detection_avg,0.6640966430163581,total_crime_est,la_geohub_500yr_flood_area_pct,0.013272185888495693
106,-1,41,US,4,BlockApportionment:US.BlockGroups;PointsLayer:US.BlockPoints,2.191,2.576,1,96,57,9683,79,45.04,102,6.18,41,US,42,BlockApportionment:US.BlockGroups;PointsLayer:US.BlockPoints,2.191,2.576,1,20.95,3.15,24.98,1.43,3.8,6.3,22.07,10.79,88,90,,,,,,,,,,1.9425,17.47,29.74,16.36,0,0,,,9,0,0,0,0,0,0,0,0,0,0,0,524,514,0,0,7,12,1227.3,241.51,0,0.0,2974.76,0,0.0,888.43,2,0,0.0,1839.47,0.0,0,0.0,0,0.01,1,100.0,1,0.0,0,1.6,24.54,52.04,1.3,22.12,5.0,65.95,1,Y-46,25,46,0,1,33.72233558319234,-118.2914293605144,reconstructed,0.6236366305292759,la_geohub_500yr_flood_intersects,water_proxy_pct,0.019978760299985552
107,-1,42,US,449,BlockApportionment:US.BlockGroups;PointsLayer:US.BlockPoints,2.191,2.576,1,104,188,4042,129,25.24,139,3.61,42,US,43,BlockApportionment:US.BlockGroups;PointsLayer:US.BlockPoints,2.191,2.576,1,26.91,2.34,34.66,0.81,3.47,3.81,15.62,9.02,138,140,,,,,,,,,,1.9425,17.47,29.74,16.36,0,0,,,60,0,0,0,0,0,0,0,0,0,0,4,711,790,0,0,0,34,1890.09,517.66,0,0.0,3671.27,24,2551.94,421.62,58,0,0.0,3707.05,4.41,1,0.0,0,2.67,1,100.0,1,0.0,0,3.37,17.38,64.36,2.62,15.64,5.0,74.04,0,F-8,6,8,0,0,34.237267675258785,-118.55973187868516,reconstructed,0.5958785115336003,total_crime_est,la_geohub_500yr_flood_area_pct,-0.03375430934048496
108,849,43,US,5,BlockApportionment:US.BlockGroups;PointsLayer:US.BlockPoints,2.191,2.576,1,104,88,2811,124,67.16,86,3.81,43,US,44,BlockApportionment:US.BlockGroups;PointsLayer:US.BlockPoints,2.191,2.576,1,20.48,13.14,31.26,0.64,5.39,3.68,23.25,17.76,107,112,api_test_workflow_v2_10pct_model6_2026-05-06_live,33.72937487,-118.27971855,"1600 S HARBOR BLVD, 90731",270.0,33.7293748714_-118.27971855_270.jpg,1.0,0.6501,tent,1.9425,17.47,29.74,16.36,0,0,,,0,0,0,0,0,1,0,0,0,0,0,1,271,234,0,0,0,0,0.0,1280.05,0,0.0,2561.37,0,0.0,1218.39,4,0,0.0,2579.87,21.57,1,0.0,0,24.94,1,85.39,1,0.0,0,0.87,12.75,50.32,22.31,14.62,5.0,64.96,9,Z-46,26,46,1,1,33.722168623894866,-118.2773021377858,detection_avg,0.6944489891549169,pct_veterans_2,river_drainage_segments_count,-0.026390717395035977
109,1236,43,US,5,BlockApportionment:US.BlockGroups;PointsLayer:US.BlockPoints,2.191,2.576,1,104,88,2811,124,67.16,86,3.81,43,US,44,BlockApportionment:US.BlockGroups;PointsLayer:US.BlockPoints,2.191,2.576,1,20.48,13.14,31.26,0.64,5.39,3.68,23.25,17.76,107,112,api_test_workflow_v8_remaining_location_deduped_30pct_after10_2026-05-22,33.72984604,-118.27788594,"1500 S HARBOR BLVD, 90731",0.0,33.729846039_-118.277885937_0.jpg,1.0,0.7871,tent,1.9425,17.47,29.74,16.36,0,0,,,0,0,0,0,0,1,0,0,0,0,0,1,271,234,0,0,0,0,0.0,1280.05,0,0.0,2561.37,0,0.0,1218.39,4,0,0.0,2579.87,21.57,1,0.0,0,24.94,1,85.39,1,0.0,0,0.87,12.75,50.32,22.31,14.62,5.0,64.96,1,Z-46,26,46,1,1,33.722168623894866,-118.2773021377858,detection_avg,0.6944489891549169,pct_veterans_2,river_drainage_segments_count,-0.026390717395035977
110,1237,43,US,5,BlockApportionment:US.BlockGroups;PointsLayer:US.BlockPoints,2.191,2.576,1,104,88,2811,124,67.16,86,3.81,43,US,44,BlockApportionment:US.BlockGroups;PointsLayer:US.BlockPoints,2.191,2.576,1,20.48,13.14,31.26,0.64,5.39,3.68,23.25,17.76,107,112,api_test_workflow_v8_remaining_location_deduped_30pct_after10_2026-05-22,33.72984604,-118.27788594,"1500 S HARBOR BLVD, 90731",90.0,33.729846039_-118.277885937_90.jpg,1.0,0.8228,tent,1.9425,17.47,29.74,16.36,0,0,,,0,0,0,0,0,1,0,0,0,0,0,1,271,234,0,0,0,0,0.0,1280.05,0,0.0,2561.37,0,0.0,1218.39,4,0,0.0,2579.87,21.57,1,0.0,0,24.94,1,85.39,1,0.0,0,0.87,12.75,50.32,22.31,14.62,5.0,64.96,2,Z-46,26,46,1,1,33.722168623894866,-118.2773021377858,detection_avg,0.6944489891549169,pct_veterans_2,river_drainage_segments_count,-0.026390717395035977
111,430,44,US,450,BlockApportionment:US.BlockGroups;PointsLayer:US.BlockPoints,2.191,2.576,1,128,136,5003,119,55.25,98,2.28,44,US,45,BlockApportionment:US.BlockGroups;PointsLayer:US.BlockPoints,2.191,2.576,1,25.33,3.69,38.99,5.16,4.99,1.73,22.45,17.29,90,92,api_test_workflow_v2_20pct_model6_2026-05-07,34.22946603,-118.5491008,"8744 N VANALDEN AVE, 91324",270.0,34.2294660294_-118.549100805_270.jpg,1.0,0.714,tent,1.9425,17.47,29.74,16.36,0,0,,,24,0,0,0,0,2,0,0,1,0,0,1,767,767,0,0,3,25,1722.43,363.08,0,0.0,4488.85,5,2347.42,126.34,13,0,0.0,4505.97,3.23,1,3.54,1,2.76,1,100.0,1,0.0,0,3.35,20.16,56.03,3.06,20.75,5.0,68.22,2,G-8,7,8,2,1,34.23710071596131,-118.5456046559566,detection_avg,0.6503037842693733,la_geohub_100yr_flood_area_pct,tree_canopy_proxy_pct,0.033876797195803145
112,1586,44,US,450,BlockApportionment:US.BlockGroups;PointsLayer:US.BlockPoints,2.191,2.576,1,128,136,5003,119,55.25,98,2.28,44,US,45,BlockApportionment:US.BlockGroups;PointsLayer:US.BlockPoints,2.191,2.576,1,25.33,3.69,38.99,5.16,4.99,1.73,22.45,17.29,90,92,api_test_workflow_v8_remaining_location_deduped_30pct_after10_2026-05-22,34.23078472,-118.53976108,"8800 N YOLANDA AVE, 91324",180.0,34.2307847225_-118.539761085_180.jpg,1.0,0.8341,tent,1.9425,17.47,29.74,16.36,0,0,,,24,0,0,0,0,2,0,0,1,0,0,1,767,767,0,0,3,25,1722.43,363.08,0,0.0,4488.85,5,2347.42,126.34,13,0,0.0,4505.97,3.23,1,3.54,1,2.76,1,100.0,1,0.0,0,3.35,20.16,56.03,3.06,20.75,5.0,68.22,4,G-8,7,8,2,1,34.23710071596131,-118.5456046559566,detection_avg,0.6503037842693733,la_geohub_100yr_flood_area_pct,tree_canopy_proxy_pct,0.033876797195803145
113,-1,45,US,6,BlockApportionment:US.BlockGroups;PointsLayer:US.BlockPoints,2.191,2.576,1,57,32,2557,71,21.67,206,4.95,45,US,46,BlockApportionment:US.BlockGroups;PointsLayer:US.BlockPoints,2.191,2.576,1,19.27,0.27,42.25,0.72,2.38,2.73,13.6,8.34,176,178,,,,,,,,,,1.9425,17.47,29.74,16.36,0,0,,,0,0,0,0,0,0,0,2,1,0,0,0,110,102,0,0,0,17,2689.79,380.49,0,0.0,3012.08,2,781.33,426.8,2,2,2197.08,380.65,0.0,0,0.0,0,0.54,1,100.0,1,0.0,0,7.91,50.84,26.41,1.63,21.12,3.0,46.11,3,W-45,23,45,0,1,33.73613686666662,-118.3196807871907,reconstructed,0.6112575702328651,esri_market_idx_14068_forecast,business_sites_count,-0.061983864206391834
114,-1,46,US,451,BlockApportionment:US.BlockGroups;PointsLayer:US.BlockPoints,2.191,2.576,1,82,80,7438,157,40.67,115,3.42,46,US,47,BlockApportionment:US.BlockGroups;PointsLayer:US.BlockPoints,2.191,2.576,1,26.68,3.56,37.99,3.5,1.48,3.13,15.25,21.88,105,106,,,,,,,,,,1.9425,17.47,29.74,16.36,0,0,,,90,0,0,1,1,0,0,0,0,0,0,2,741,783,0,0,0,53,3211.23,387.35,0,0.0,3972.45,4,360.88,501.27,70,0,0.0,4002.5,0.45,1,0.0,0,0.45,1,100.0,1,0.0,0,2.94,19.63,60.8,4.39,15.18,5.0,71.68,0,H-8,8,8,0,0,34.23693375666383,-118.531477433228,reconstructed,0.5626616328906944,osm_amenity_count,water_proxy_pct,0.019139681550701972
115,-1,47,US,7,BlockApportionment:US.BlockGroups;PointsLayer:US.BlockPoints,2.191,2.576,1,92,64,6540,86,46.53,144,4.43,47,US,48,BlockApportionment:US.BlockGroups;PointsLayer:US.BlockPoints,2.191,2.576,1,18.02,2.7,22.62,1.91,2.25,4.91,17.09,9.94,124,124,,,,,,,,,,1.9425,17.47,29.74,16.36,0,0,,,21,1,0,0,0,0,1,1,2,0,0,1,410,396,0,0,2,17,2280.02,399.21,0,0.0,1514.39,13,1932.28,96.64,4,2,2278.83,398.23,0.22,1,0.0,0,0.0,0,100.0,1,0.0,0,3.9,26.79,48.79,1.3,23.12,5.0,62.98,0,X-45,24,45,1,0,33.73596990736914,-118.30555356446212,reconstructed,0.6268635011664899,pct_veterans_2,river_drainage_segments_count,-0.03124812289007654
116,-1,48,US,452,BlockApportionment:US.BlockGroups;PointsLayer:US.BlockPoints,2.191,2.576,1,75,60,2355,150,28.03,167,4.8,48,US,49,BlockApportionment:US.BlockGroups;PointsLayer:US.BlockPoints,2.191,2.576,1,29.9,1.83,42.75,1.85,3.71,6.2,17.53,6.58,141,146,,,,,,,,,,1.9425,17.47,29.74,16.36,0,0,,,35,0,0,0,0,0,0,0,0,0,0,3,256,259,0,0,0,19,1456.96,398.65,0,0.0,4041.35,5,335.99,420.07,0,0,0.0,4056.7,0.24,1,0.0,0,0.24,1,100.0,1,0.0,0,8.95,36.96,36.14,4.94,21.95,5.0,52.61,0,I-8,9,8,0,0,34.23676679736636,-118.51735021049942,reconstructed,0.6115083229697275,fema_flood_hazard_intersects,tree_canopy_proxy_pct,-0.02265905527804307
117,664,49,US,8,BlockApportionment:US.BlockGroups;PointsLayer:US.BlockPoints,2.191,2.576,1,120,107,13786,148,64.21,75,3.0,49,US,50,BlockApportionment:US.BlockGroups;PointsLayer:US.BlockPoints,2.191,2.576,1,25.01,8.7,34.96,2.51,10.49,2.69,21.93,18.07,76,79,api_test_workflow_v2_remaining_model6_2026-05-08,33.73320591,-118.29608552,"865 W 12TH ST, 90731",0.0,33.7332059136_-118.296085521_0.jpg,1.0,0.8994,tent,1.9425,17.47,29.74,16.36,0,0,,,63,0,1,1,0,4,2,0,2,0,0,3,1235,1183,0,0,9,25,1497.38,21.39,0,0.0,1477.66,0,0.0,776.07,20,0,0.0,1542.55,0.0,0,0.0,0,0.0,0,100.0,1,0.0,0,1.51,12.68,72.02,0.99,14.31,5.0,79.96,1,Y-45,25,45,6,1,33.735802948071665,-118.29142634173354,detection_avg,0.6746050729340134,pct_severe_rent_burden,public_school_count,0.026446217366886394
118,1581,49,US,8,BlockApportionment:US.BlockGroups;PointsLayer:US.BlockPoints,2.191,2.576,1,120,107,13786,148,64.21,75,3.0,49,US,50,BlockApportionment:US.BlockGroups;PointsLayer:US.BlockPoints,2.191,2.576,1,25.01,8.7,34.96,2.51,10.49,2.69,21.93,18.07,76,79,api_test_workflow_v8_remaining_location_deduped_30pct_after10_2026-05-22,33.7334595,-118.29448328,"1186 S CABRILLO AVE, 90731",270.0,33.733459505_-118.294483284_270.jpg,1.0,0.873,tent,1.9425,17.47,29.74,16.36,0,0,,,63,0,1,1,0,4,2,0,2,0,0,3,1235,1183,0,0,9,25,1497.38,21.39,0,0.0,1477.66,0,0.0,776.07,20,0,0.0,1542.55,0.0,0,0.0,0,0.0,0,100.0,1,0.0,0,1.51,12.68,72.02,0.99,14.31,5.0,79.96,6,Y-45,25,45,6,1,33.735802948071665,-118.29142634173354,detection_avg,0.6746050729340134,pct_severe_rent_burden,public_school_count,0.026446217366886394
119,-1,0,US,453,BlockApportionment:US.BlockGroups;PointsLayer:US.BlockPoints,2.191,2.576,1,65,66,3387,86,30.97,187,3.92,0,US,51,BlockApportionment:US.BlockGroups;PointsLayer:US.BlockPoints,2.191,2.576,1,24.66,1.87,27.54,2.37,2.33,4.95,12.04,5.84,146,150,,,,,,,,,,1.9425,17.47,29.74,16.36,0,0,,,48,0,0,0,0,1,1,0,0,0,0,2,419,441,0,0,3,26,2809.93,61.12,0,0.0,2751.55,7,792.06,138.83,5,0,0.0,2766.7,1.55,1,0.0,0,1.4,1,100.0,1,0.0,0,3.47,26.22,50.64,4.11,19.04,5.0,64.41,5,J-8,10,8,2,1,34.236599838068884,-118.50322298777084,reconstructed,0.6345710813967799,total_crime_est,la_geohub_500yr_flood_area_pct,-0.025179923781279784
120,1630,1,US,9,BlockApportionment:US.BlockGroups;PointsLayer:US.BlockPoints,2.191,2.576,1,123,146,6933,107,60.44,65,3.06,1,US,52,BlockApportionment:US.BlockGroups;PointsLayer:US.BlockPoints,2.191,2.576,1,27.88,9.42,21.31,2.52,8.86,2.53,24.19,21.97,77,77,api_test_workflow_v8_remaining_location_deduped_30pct_after10_2026-05-22,33.7424697,-118.28156752,"200 W 2ND ST, 90731",0.0,33.7424696993_-118.281567523_0.jpg,1.0,0.8542,tent,1.9425,17.47,29.74,16.36,0,0,,,15,0,1,0,0,1,0,0,3,0,1,6,563,549,0,0,1,0,0.0,1135.37,0,0.0,1135.37,0,0.0,958.52,17,0,0.0,1136.51,25.83,1,0.0,0,14.92,1,57.38,1,0.0,0,0.47,6.79,58.89,21.85,12.46,5.0,71.08,7,Z-45,26,45,1,1,33.73563598877419,-118.27729911900497,detection_avg,0.6327121704580781,osm_amenity_count,water_proxy_pct,0.01861655964009692
121,1631,1,US,9,BlockApportionment:US.BlockGroups;PointsLayer:US.BlockPoints,2.191,2.576,1,123,146,6933,107,60.44,65,3.06,1,US,52,BlockApportionment:US.BlockGroups;PointsLayer:US.BlockPoints,2.191,2.576,1,27.88,9.42,21.31,2.52,8.86,2.53,24.19,21.97,77,77,api_test_workflow_v8_remaining_location_deduped_30pct_after10_2026-05-22,33.7424697,-118.28156752,"200 W 2ND ST, 90731",270.0,33.7424696993_-118.281567523_270.jpg,1.0,0.7633,tent,1.9425,17.47,29.74,16.36,0,0,,,15,0,1,0,0,1,0,0,3,0,1,6,563,549,0,0,1,0,0.0,1135.37,0,0.0,1135.37,0,0.0,958.52,17,0,0.0,1136.51,25.83,1,0.0,0,14.92,1,57.38,1,0.0,0,0.47,6.79,58.89,21.85,12.46,5.0,71.08,3,Z-45,26,45,1,1,33.73563598877419,-118.27729911900497,detection_avg,0.6327121704580781,osm_amenity_count,water_proxy_pct,0.01861655964009692
122,1540,2,US,454,BlockApportionment:US.BlockGroups;PointsLayer:US.BlockPoints,2.191,2.576,1,83,85,5230,126,43.77,158,4.91,2,US,53,BlockApportionment:US.BlockGroups;PointsLayer:US.BlockPoints,2.191,2.576,1,31.6,5.31,8.65,1.8,3.64,4.88,15.68,6.02,129,131,api_test_workflow_v8_remaining_location_deduped_10pct_2026-05-22,34.22656389,-118.48518918,"NAPA ST AT WOODLEY AVE, 91343",90.0,34.2265638884_-118.485189184_90.jpg,1.0,0.8492,tent,1.9425,17.47,29.74,16.36,0,0,,,33,0,0,1,0,1,1,0,0,0,0,0,551,565,0,0,1,30,2793.28,367.73,0,0.0,1455.21,4,743.69,407.7,6,0,0.0,1463.32,0.28,1,0.0,0,0.28,1,100.0,1,0.0,0,2.06,23.52,47.74,5.47,23.28,5.0,62.8,3,K-8,11,8,2,1,34.23643287877141,-118.48909576504224,detection_avg,0.6409540897940453,pct_severe_rent_burden,public_school_count,0.01848720491341539
123,1841,2,US,454,BlockApportionment:US.BlockGroups;PointsLayer:US.BlockPoints,2.191,2.576,1,83,85,5230,126,43.77,158,4.91,2,US,53,BlockApportionment:US.BlockGroups;PointsLayer:US.BlockPoints,2.191,2.576,1,31.6,5.31,8.65,1.8,3.64,4.88,15.68,6.02,129,131,api_test_workflow_v8_remaining_location_deduped_final_after10_30_2026-05-23,34.23458536,-118.48289293,"GAVIOTA AVE AT SUNBURST ST, 91343",270.0,34.2345853601_-118.482892932_270.jpg,1.0,0.6255,tent,1.9425,17.47,29.74,16.36,0,0,,,33,0,0,1,0,1,1,0,0,0,0,0,551,565,0,0,1,30,2793.28,367.73,0,0.0,1455.21,4,743.69,407.7,6,0,0.0,1463.32,0.28,1,0.0,0,0.28,1,100.0,1,0.0,0,2.06,23.52,47.74,5.47,23.28,5.0,62.8,0,K-8,11,8,2,0,34.23643287877141,-118.48909576504224,detection_avg,0.6409540897940453,pct_severe_rent_burden,public_school_count,0.01848720491341539
124,1847,2,US,454,BlockApportionment:US.BlockGroups;PointsLayer:US.BlockPoints,2.191,2.576,1,83,85,5230,126,43.77,158,4.91,2,US,53,BlockApportionment:US.BlockGroups;PointsLayer:US.BlockPoints,2.191,2.576,1,31.6,5.31,8.65,1.8,3.64,4.88,15.68,6.02,129,131,api_test_workflow_v8_remaining_location_deduped_final_after10_30_2026-05-23,34.23498439,-118.48280981,"9050 N GAVIOTA AVE, 91343",270.0,34.234984389_-118.48280981_270.jpg,1.0,0.8422,tent,1.9425,17.47,29.74,16.36,0,0,,,33,0,0,1,0,1,1,0,0,0,0,0,551,565,0,0,1,30,2793.28,367.73,0,0.0,1455.21,4,743.69,407.7,6,0,0.0,1463.32,0.28,1,0.0,0,0.28,1,100.0,1,0.0,0,2.06,23.52,47.74,5.47,23.28,5.0,62.8,0,K-8,11,8,2,0,34.23643287877141,-118.48909576504224,detection_avg,0.6409540897940453,pct_severe_rent_burden,public_school_count,0.01848720491341539
125,1269,3,US,10,BlockApportionment:US.BlockGroups;PointsLayer:US.BlockPoints,2.191,2.576,1,65,32,3430,98,26.01,180,5.66,3,US,54,BlockApportionment:US.BlockGroups;PointsLayer:US.BlockPoints,2.191,2.576,1,20.79,0.71,35.36,3.38,3.61,4.21,21.38,6.58,160,160,api_test_workflow_v8_remaining_location_deduped_30pct_after10_2026-05-22,33.7427847,-118.3170269,"1848 W 1ST ST, 90732",0.0,33.7427846987_-118.317026903_0.jpg,1.0,0.6383,tent,1.9425,17.47,29.74,16.36,0,0,,,0,0,1,0,0,0,0,0,0,0,0,0,112,107,0,0,0,0,0.0,1006.9,0,0.0,2611.51,5,1316.63,221.2,1,0,0.0,1005.52,0.0,0,0.0,0,0.0,0,100.0,1,0.0,0,18.88,48.75,30.97,1.45,18.83,5.0,46.02,0,W-44,23,44,0,0,33.749604231545945,-118.31967776840985,detection_avg,0.6535378427700677,esri_market_idx_14068_forecast,business_sites_count,-0.045136301314862626
126,-1,4,US,11,BlockApportionment:US.BlockGroups;PointsLayer:US.BlockPoints,2.191,2.576,1,97,63,6885,79,31.6,156,4.59,4,US,55,BlockApportionment:US.BlockGroups;PointsLayer:US.BlockPoints,2.191,2.576,1,19.26,1.58,34.67,1.69,2.6,4.67,15.17,4.64,141,141,,,,,,,,,,1.9425,17.47,29.74,16.36,0,0,,,15,0,0,0,0,1,2,1,0,0,0,0,270,284,0,0,4,34,2869.02,212.14,0,0.0,1250.83,0,0.0,1035.27,12,2,2867.35,210.97,0.0,0,0.0,0,0.0,0,100.0,1,0.0,0,4.83,37.11,37.64,1.69,23.56,5.0,54.9,0,X-44,24,44,3,0,33.749437272248464,-118.30555054568129,reconstructed,0.6317931023871938,osm_amenity_count,bare_ground_proxy_pct,-0.02829116289954133
127,-1,5,US,455,BlockApportionment:US.BlockGroups;PointsLayer:US.BlockPoints,2.191,2.576,1,88,85,8557,140,69.53,71,3.99,5,US,56,BlockApportionment:US.BlockGroups;PointsLayer:US.BlockPoints,2.191,2.576,1,29.15,8.4,44.67,6.35,5.44,3.7,18.2,23.85,78,80,,,,,,,,,,1.9425,17.47,29.74,16.36,0,0,,,42,0,0,0,0,4,2,0,0,0,0,1,558,511,0,0,8,90,9720.53,171.77,43,6704.28,171.77,8,1231.5,140.69,7,2,2996.34,173.34,0.0,0,0.0,0,0.0,0,100.0,1,0.0,0,4.57,25.51,51.82,4.68,17.99,5.0,64.9,7,L-8,12,8,6,1,34.23626591947393,-118.47496854231368,reconstructed,0.6259994251794229,pct_severe_rent_burden,adult_recreation_count,-0.009687277395964871
128,1733,6,US,12,BlockApportionment:US.BlockGroups;PointsLayer:US.BlockPoints,2.191,2.576,1,129,109,9152,198,73.89,76,3.94,6,US,57,BlockApportionment:US.BlockGroups;PointsLayer:US.BlockPoints,2.191,2.576,1,24.63,5.54,34.51,2.81,8.13,3.5,26.09,19.63,81,83,api_test_workflow_v8_remaining_location_deduped_final_after10_30_2026-05-23,33.74862994,-118.29220536,"630 N GAFFEY PL, 90731",270.0,33.7486299433_-118.292205362_270.jpg,1.0,0.8704,tent,1.9425,17.47,29.74,16.36,0,0,,,39,0,0,0,1,2,0,1,1,0,0,1,546,512,0,0,8,61,6754.87,16.72,32,4986.49,32.05,2,762.03,667.31,14,8,3303.7,54.74,0.32,1,0.0,0,0.81,1,99.88,1,0.0,0,3.91,22.9,58.28,2.78,16.04,5.0,69.62,0,Y-44,25,44,2,0,33.74927031295099,-118.29142332295268,detection_avg,0.6428135007512896,pct_severe_rent_burden,adult_recreation_count,-0.01558913574975594
129,-1,7,US,456,BlockApportionment:US.BlockGroups;PointsLayer:US.BlockPoints,2.191,2.576,1,56,57,23073,148,77.24,77,1.6,7,US,58,BlockApportionment:US.BlockGroups;PointsLayer:US.BlockPoints,2.191,2.576,1,30.28,7.97,43.69,10.15,6.52,1.55,23.5,28.9,78,80,,,,,,,,,,1.9425,17.47,29.74,16.36,0,0,,,39,1,0,0,0,3,2,2,2,0,0,1,1361,1385,0,0,10,37,3066.7,353.49,0,0.0,1100.6,13,3178.3,166.36,25,0,0.0,1108.57,0.16,1,0.0,0,0.0,0,100.0,1,0.0,0,2.85,15.06,65.52,3.02,16.4,5.0,75.01,2,M-8,13,8,5,1,34.236098960176456,-118.46084131958509,reconstructed,0.6286040034242624,pct_severe_rent_burden,public_school_count,-0.026592040019876067
130,32,8,US,13,BlockApportionment:US.BlockGroups;PointsLayer:US.BlockPoints,2.191,2.576,1,103,91,932,233,80.58,60,7.11,8,US,59,BlockApportionment:US.BlockGroups;PointsLayer:US.BlockPoints,2.191,2.576,1,15.44,8.55,42.33,2.54,6.54,6.91,41.32,27.12,55,57,api_test_workflow_v2_10pct_model6_2026-05-06_live,33.74795095,-118.28158103,"604 N PALOS VERDES ST, 90731",0.0,33.7479509512_-118.281581028_0.jpg,1.0,0.8274,tent,1.9425,17.47,29.74,16.36,0,0,,,3,0,0,0,0,0,0,0,0,0,0,0,45,44,0,0,0,18,3444.87,301.25,18,3444.87,301.25,1,47.82,798.82,3,4,2533.24,301.83,33.61,1,0.0,0,20.03,1,63.25,1,0.0,0,0.35,5.7,60.15,25.95,8.2,5.0,72.0,1,Z-44,26,44,0,1,33.74910335365352,-118.2772961002241,detection_avg,0.6638467135327254,osm_amenity_count,bare_ground_proxy_pct,-0.04208751852888663
131,115,9,US,457,BlockApportionment:US.BlockGroups;PointsLayer:US.BlockPoints,2.191,2.576,1,56,59,19007,138,73.6,93,1.12,9,US,60,BlockApportionment:US.BlockGroups;PointsLayer:US.BlockPoints,2.191,2.576,1,34.15,3.8,36.02,7.81,7.21,1.33,22.17,15.87,85,88,api_test_workflow_v2_remaining_model6_2026-05-08,34.24265591,-118.45028277,"VAN NUYS BLVD AT PLUMMER ST, 91402",270.0,34.2426559141_-118.450282766_270.jpg,1.0,0.8036,tent,1.9425,17.47,29.74,16.36,0,0,,,87,0,0,0,0,1,0,0,0,0,0,2,1020,1032,0,0,1,55,4231.47,311.84,0,0.0,2065.47,1,29.06,589.03,17,0,0.0,2095.41,0.0,0,0.0,0,0.0,0,100.0,1,0.0,0,1.68,18.45,61.08,3.3,17.18,5.0,72.25,2,N-8,14,8,1,1,34.23593200087898,-118.4467140968565,detection_avg,0.5919096994612799,osm_amenity_count,bare_ground_proxy_pct,0.011169558028272478
132,1150,9,US,457,BlockApportionment:US.BlockGroups;PointsLayer:US.BlockPoints,2.191,2.576,1,56,59,19007,138,73.6,93,1.12,9,US,60,BlockApportionment:US.BlockGroups;PointsLayer:US.BlockPoints,2.191,2.576,1,34.15,3.8,36.02,7.81,7.21,1.33,22.17,15.87,85,88,api_test_workflow_v8_remaining_location_deduped_final_after10_30_2026-05-23,34.2369313,-118.44778558,"14481 W TERRA BELLA ST, 91402",0.0,34.2369313018_-118.447785578_0.jpg,2.0,0.8812,tent,1.9425,17.47,29.74,16.36,0,0,,,87,0,0,0,0,1,0,0,0,0,0,2,1020,1032,0,0,1,55,4231.47,311.84,0,0.0,2065.47,1,29.06,589.03,17,0,0.0,2095.41,0.0,0,0.0,0,0.0,0,100.0,1,0.0,0,1.68,18.45,61.08,3.3,17.18,5.0,72.25,0,N-8,14,8,1,0,34.23593200087898,-118.4467140968565,detection_avg,0.5919096994612799,osm_amenity_count,bare_ground_proxy_pct,0.011169558028272478
133,1617,10,US,14,BlockApportionment:US.BlockGroups;PointsLayer:US.BlockPoints,2.191,2.576,1,65,114,2551,160,39.59,152,2.5,10,US,61,BlockApportionment:US.BlockGroups;PointsLayer:US.BlockPoints,2.191,2.576,1,34.84,7.63,30.79,4.02,4.91,2.11,15.37,2.7,116,119,api_test_workflow_v8_remaining_location_deduped_30pct_after10_2026-05-22,33.75551178,-118.29370788,"761 W BASIN ST, 90731",90.0,33.7555117762_-118.29370788_90.jpg,2.0,0.8339,tent,1.9425,17.47,29.74,16.36,0,0,,,21,0,1,0,0,0,0,0,0,0,0,0,264,220,1,0,3,37,5278.95,11.11,21,3751.33,281.53,6,1644.71,31.4,1,5,2542.23,283.34,0.56,1,0.0,0,1.21,1,98.33,1,0.0,0,4.3,23.5,60.97,1.8,13.73,5.0,71.39,0,Y-43,25,43,0,0,33.76273767783032,-118.29142030417184,detection_avg,0.6207720139754542,total_population,pct_household_disability,-0.03101571137644269
134,140,11,US,458,BlockApportionment:US.BlockGroups;PointsLayer:US.BlockPoints,2.191,2.576,1,91,72,8836,98,75.37,129,1.8,11,US,62,BlockApportionment:US.BlockGroups;PointsLayer:US.BlockPoints,2.191,2.576,1,33.15,3.08,24.68,10.78,5.88,1.88,22.15,10.43,109,113,api_test_workflow_v2_remaining_model6_2026-05-08,34.22764763,-118.43428336,"8685 N WOODMAN AVE, 91331",0.0,34.2276476274_-118.434283359_0.jpg,1.0,0.7715,tent,1.9425,17.47,29.74,16.36,0,0,,,78,0,1,0,0,2,0,0,0,0,0,0,810,744,0,0,3,38,2909.68,406.66,0,0.0,1573.78,0,0.0,994.17,5,0,0.0,1615.02,0.0,0,0.0,0,0.0,0,100.0,1,0.0,0,1.91,17.8,54.39,6.13,21.68,5.0,67.5,0,O-8,15,8,2,0,34.23576504158151,-118.43258687412792,detection_avg,0.64113915708395,nearest_river_drainage_m,water_proxy_pct,0.04757004583671465
135,-1,12,US,459,BlockApportionment:US.BlockGroups;PointsLayer:US.BlockPoints,2.191,2.576,1,124,111,6076,107,80.71,110,1.96,12,US,63,BlockApportionment:US.BlockGroups;PointsLayer:US.BlockPoints,2.191,2.576,1,29.86,3.66,28.6,10.63,6.52,2.12,22.86,12.92,92,95,,,,,,,,,,1.9425,17.47,29.74,16.36,0,0,,,48,0,0,0,0,2,1,0,0,0,0,0,463,430,0,0,4,88,11082.35,143.22,58,9130.54,143.22,5,1735.11,474.81,1,2,3155.68,146.01,0.0,0,0.0,0,0.0,0,100.0,1,0.0,0,1.97,17.58,62.12,3.76,16.54,5.0,72.89,0,P-8,16,8,3,0,34.23559808228403,-118.41845965139932,reconstructed,0.6312661346035318,pct_severe_rent_burden,public_school_count,-0.01510346858632468
136,-1,13,US,15,BlockApportionment:US.BlockGroups;PointsLayer:US.BlockPoints,2.191,2.576,1,122,149,1013,67,88.06,43,1.14,13,US,64,BlockApportionment:US.BlockGroups;PointsLayer:US.BlockPoints,2.191,2.576,1,22.44,6.3,41.15,5.65,4.19,1.33,26.2,37.51,53,58,,,,,,,,,,1.9425,17.47,29.74,16.36,0,0,,,0,0,0,0,0,0,0,0,0,0,0,0,38,40,0,0,0,35,5223.34,317.45,27,4338.56,317.45,0,0.0,1361.88,0,2,2620.6,316.48,20.69,1,0.0,0,4.87,1,78.04,1,0.0,0,0.0,3.07,70.45,17.2,9.28,5.0,79.32,0,Z-43,26,43,0,0,33.76257071853284,-118.27729308144325,reconstructed,0.6641155120355638,total_crime_est,la_geohub_500yr_flood_area_pct,-0.03869404155502822
137,-1,14,US,460,BlockApportionment:US.BlockGroups;PointsLayer:US.BlockPoints,2.191,2.576,1,124,143,3985,71,75.21,112,0.88,14,US,65,BlockApportionment:US.BlockGroups;PointsLayer:US.BlockPoints,2.191,2.576,1,42.66,11.87,23.19,12.15,8.85,1.28,25.26,9.2,101,109,,,,,,,,,,1.9425,17.47,29.74,16.36,0,0,,,18,0,0,0,0,1,0,2,0,0,0,0,314,290,0,0,2,98,13990.02,32.44,80,12409.23,40.0,36,4314.87,244.96,5,4,4636.75,59.77,0.0,0,0.0,0,0.0,0,100.0,1,0.0,0,2.32,22.0,46.32,5.56,26.11,5.0,61.73,0,Q-8,17,8,1,0,34.235431122986554,-118.40433242867076,reconstructed,0.5986879106272195,total_population,pct_household_disability,-0.05170898513530899
138,-1,15,US,16,BlockApportionment:US.BlockGroups;PointsLayer:US.BlockPoints,2.191,2.576,1,162,195,174,1043,28.16,17,0.0,15,US,66,BlockApportionment:US.BlockGroups;PointsLayer:US.BlockPoints,2.191,2.576,1,62.5,0.0,100.0,0.0,0.0,0.0,21.74,100.0,54,49,,,,,,,,,,1.9425,17.47,29.74,16.36,0,0,,,0,0,1,0,0,0,0,0,0,0,0,0,11,11,0,0,0,4,365.65,729.27,0,0.0,1004.21,1,1447.12,213.77,2,0,0.0,1015.51,37.79,1,0.0,0,0.0,0,48.64,1,0.0,0,0.18,5.14,54.76,23.54,16.56,5.0,68.28,2,AB-43,28,43,0,1,33.762236799937895,-118.24903863598608,reconstructed,0.6414037840601702,pct_veterans_2,river_drainage_segments_count,-0.039146938520684516
139,-1,16,US,17,BlockApportionment:US.BlockGroups;PointsLayer:US.BlockPoints,2.191,2.576,1,105,112,5230,138,38.34,127,3.82,16,US,67,BlockApportionment:US.BlockGroups;PointsLayer:US.BlockPoints,2.191,2.576,1,18.24,4.23,11.75,1.18,3.06,4.1,16.19,13.98,113,117,,,,,,,,,,1.9425,17.47,29.74,16.36,0,0,,,12,0,0,0,0,0,0,0,0,0,1,0,158,158,0,0,0,46,4911.0,279.37,0,0.0,1053.71,0,0.0,1111.31,4,2,3119.87,281.06,0.0,0,0.0,0,0.0,0,77.58,1,0.0,0,5.35,42.29,33.8,1.63,22.28,5.0,52.05,17,X-42,24,42,0,1,33.77637200200712,-118.30554450811955,reconstructed,0.6523304501926844,pct_no_schooling,la_geohub_fire_hazard_area_pct,0.07751323957340708
140,-1,17,US,461,BlockApportionment:US.BlockGroups;PointsLayer:US.BlockPoints,2.191,2.576,1,124,151,4500,126,86.53,89,0.86,17,US,68,BlockApportionment:US.BlockGroups;PointsLayer:US.BlockPoints,2.191,2.576,1,28.4,2.84,29.48,10.66,6.78,1.04,18.72,14.06,74,77,,,,,,,,,,1.9425,17.47,29.74,16.36,0,0,,,42,1,0,0,0,1,0,0,0,0,0,0,390,379,0,0,2,15,1743.0,204.26,0,0.0,1092.76,0,0.0,891.21,4,0,0.0,1094.23,4.14,1,0.0,0,0.0,0,100.0,1,0.0,0,1.16,15.94,55.17,2.72,26.17,5.0,68.27,7,R-8,18,8,1,1,34.23526416368908,-118.39020520594217,reconstructed,0.6526137017926468,business_sites_count,bare_ground_proxy_pct,0.015125715346323853
141,-1,18,US,18,BlockApportionment:US.BlockGroups;PointsLayer:US.BlockPoints,2.191,2.576,1,109,179,21,238,33.33,0,0.0,18,US,69,BlockApportionment:US.BlockGroups;PointsLayer:US.BlockPoints,2.191,2.576,1,0.0,0.0,0.0,0.0,5.56,0.0,15.38,18.75,0,0,,,,,,,,,,1.9425,17.47,29.74,16.36,0,0,,,0,0,0,0,0,0,0,0,0,0,0,0,6,8,0,0,0,1,1528.48,236.35,0,0.0,1070.03,0,0.0,933.06,0,0,0.0,1150.61,0.37,1,0.0,0,0.22,1,68.98,1,0.0,0,2.15,24.36,47.15,1.16,27.33,5.0,62.36,3,Y-42,25,42,0,1,33.77620504270965,-118.29141728539098,reconstructed,0.6268103578528922,pct_veterans_2,river_drainage_segments_count,-0.051960167635125114
142,6,19,US,462,BlockApportionment:US.BlockGroups;PointsLayer:US.BlockPoints,2.191,2.576,1,147,224,897,93,61.87,85,1.52,19,US,70,BlockApportionment:US.BlockGroups;PointsLayer:US.BlockPoints,2.191,2.576,1,39.66,2.59,50.83,14.42,2.84,1.22,13.47,6.12,82,84,api_test_workflow_v2_10pct_model6_2026-05-06_live,34.23169071,-118.37494218,"11182 W TUXFORD ST, 91352",180.0,34.2316907096_-118.374942185_180.jpg,1.0,0.6769,tent,1.9425,17.47,29.74,16.36,0,0,,,51,0,0,0,0,0,0,0,0,0,0,0,539,520,0,0,1,68,6022.02,127.89,39,3511.54,621.89,0,0.0,1047.26,2,2,1413.63,623.75,12.45,1,0.0,0,0.39,1,100.0,1,0.0,0,0.58,6.48,74.59,1.39,17.53,5.0,82.04,9,S-8,19,8,0,1,34.23509720439161,-118.37607798321358,detection_avg,0.6599111331564862,pct_no_schooling,la_geohub_fire_hazard_area_pct,-0.02267795680861808
143,46,19,US,462,BlockApportionment:US.BlockGroups;PointsLayer:US.BlockPoints,2.191,2.576,1,147,224,897,93,61.87,85,1.52,19,US,70,BlockApportionment:US.BlockGroups;PointsLayer:US.BlockPoints,2.191,2.576,1,39.66,2.59,50.83,14.42,2.84,1.22,13.47,6.12,82,84,api_test_workflow_v2_10pct_model6_2026-05-06_live,34.22613606,-118.37562099,"PENROSE ST AT GOLDEN STATE FRWY, 91352",0.0,34.2261360571_-118.375620993_0.jpg,1.0,0.8243,tent,1.9425,17.47,29.74,16.36,0,0,,,51,0,0,0,0,0,0,0,0,0,0,0,539,520,0,0,1,68,6022.02,127.89,39,3511.54,621.89,0,0.0,1047.26,2,2,1413.63,623.75,12.45,1,0.0,0,0.39,1,100.0,1,0.0,0,0.58,6.48,74.59,1.39,17.53,5.0,82.04,0,S-8,19,8,0,0,34.23509720439161,-118.37607798321358,detection_avg,0.6599111331564862,pct_no_schooling,la_geohub_fire_hazard_area_pct,-0.02267795680861808
144,138,19,US,462,BlockApportionment:US.BlockGroups;PointsLayer:US.BlockPoints,2.191,2.576,1,147,224,897,93,61.87,85,1.52,19,US,70,BlockApportionment:US.BlockGroups;PointsLayer:US.BlockPoints,2.191,2.576,1,39.66,2.59,50.83,14.42,2.84,1.22,13.47,6.12,82,84,api_test_workflow_v2_remaining_model6_2026-05-08,34.23196598,-118.375224,"11185 W TUXFORD ST, 91352",180.0,34.2319659802_-118.375223999_180.jpg,1.0,0.6769,tent,1.9425,17.47,29.74,16.36,0,0,,,51,0,0,0,0,0,0,0,0,0,0,0,539,520,0,0,1,68,6022.02,127.89,39,3511.54,621.89,0,0.0,1047.26,2,2,1413.63,623.75,12.45,1,0.0,0,0.39,1,100.0,1,0.0,0,0.58,6.48,74.59,1.39,17.53,5.0,82.04,0,S-8,19,8,0,0,34.23509720439161,-118.37607798321358,detection_avg,0.6599111331564862,pct_no_schooling,la_geohub_fire_hazard_area_pct,-0.02267795680861808
145,608,19,US,462,BlockApportionment:US.BlockGroups;PointsLayer:US.BlockPoints,2.191,2.576,1,147,224,897,93,61.87,85,1.52,19,US,70,BlockApportionment:US.BlockGroups;PointsLayer:US.BlockPoints,2.191,2.576,1,39.66,2.59,50.83,14.42,2.84,1.22,13.47,6.12,82,84,api_test_workflow_v2_remaining_model6_2026-05-08,34.22650058,-118.3754303,"11219 W PENROSE ST, 91352",270.0,34.2265005814_-118.375430303_270.jpg,1.0,0.8642,tent,1.9425,17.47,29.74,16.36,0,0,,,51,0,0,0,0,0,0,0,0,0,0,0,539,520,0,0,1,68,6022.02,127.89,39,3511.54,621.89,0,0.0,1047.26,2,2,1413.63,623.75,12.45,1,0.0,0,0.39,1,100.0,1,0.0,0,0.58,6.48,74.59,1.39,17.53,5.0,82.04,0,S-8,19,8,0,0,34.23509720439161,-118.37607798321358,detection_avg,0.6599111331564862,pct_no_schooling,la_geohub_fire_hazard_area_pct,-0.02267795680861808
146,760,19,US,462,BlockApportionment:US.BlockGroups;PointsLayer:US.BlockPoints,2.191,2.576,1,147,224,897,93,61.87,85,1.52,19,US,70,BlockApportionment:US.BlockGroups;PointsLayer:US.BlockPoints,2.191,2.576,1,39.66,2.59,50.83,14.42,2.84,1.22,13.47,6.12,82,84,api_test_workflow_v2_30pct_model6_2026-05-08,34.23486779,-118.36942873,"10941 W LA TUNA CANYON ROAD, 91352",180.0,34.2348677866_-118.369428735_180.jpg,3.0,0.8248,tent,1.9425,17.47,29.74,16.36,0,0,,,51,0,0,0,0,0,0,0,0,0,0,0,539,520,0,0,1,68,6022.02,127.89,39,3511.54,621.89,0,0.0,1047.26,2,2,1413.63,623.75,12.45,1,0.0,0,0.39,1,100.0,1,0.0,0,0.58,6.48,74.59,1.39,17.53,5.0,82.04,0,S-8,19,8,0,0,34.23509720439161,-118.37607798321358,detection_avg,0.6599111331564862,pct_no_schooling,la_geohub_fire_hazard_area_pct,-0.02267795680861808
147,761,19,US,462,BlockApportionment:US.BlockGroups;PointsLayer:US.BlockPoints,2.191,2.576,1,147,224,897,93,61.87,85,1.52,19,US,70,BlockApportionment:US.BlockGroups;PointsLayer:US.BlockPoints,2.191,2.576,1,39.66,2.59,50.83,14.42,2.84,1.22,13.47,6.12,82,84,api_test_workflow_v2_30pct_model6_2026-05-08,34.23486779,-118.36942873,"10941 W LA TUNA CANYON ROAD, 91352",270.0,34.2348677866_-118.369428735_270.jpg,2.0,0.7775,tent,1.9425,17.47,29.74,16.36,0,0,,,51,0,0,0,0,0,0,0,0,0,0,0,539,520,0,0,1,68,6022.02,127.89,39,3511.54,621.89,0,0.0,1047.26,2,2,1413.63,623.75,12.45,1,0.0,0,0.39,1,100.0,1,0.0,0,0.58,6.48,74.59,1.39,17.53,5.0,82.04,1,S-8,19,8,0,1,34.23509720439161,-118.37607798321358,detection_avg,0.6599111331564862,pct_no_schooling,la_geohub_fire_hazard_area_pct,-0.02267795680861808
148,1187,19,US,462,BlockApportionment:US.BlockGroups;PointsLayer:US.BlockPoints,2.191,2.576,1,147,224,897,93,61.87,85,1.52,19,US,70,BlockApportionment:US.BlockGroups;PointsLayer:US.BlockPoints,2.191,2.576,1,39.66,2.59,50.83,14.42,2.84,1.22,13.47,6.12,82,84,api_test_workflow_v8_remaining_location_deduped_final_after10_30_2026-05-23,34.23143561,-118.37351794,"8960 N HERRICK AVE, 91352",270.0,34.2314356149_-118.373517936_270.jpg,1.0,0.814,tent,1.9425,17.47,29.74,16.36,0,0,,,51,0,0,0,0,0,0,0,0,0,0,0,539,520,0,0,1,68,6022.02,127.89,39,3511.54,621.89,0,0.0,1047.26,2,2,1413.63,623.75,12.45,1,0.0,0,0.39,1,100.0,1,0.0,0,0.58,6.48,74.59,1.39,17.53,5.0,82.04,1,S-8,19,8,0,1,34.23509720439161,-118.37607798321358,detection_avg,0.6599111331564862,pct_no_schooling,la_geohub_fire_hazard_area_pct,-0.02267795680861808
149,1293,19,US,462,BlockApportionment:US.BlockGroups;PointsLayer:US.BlockPoints,2.191,2.576,1,147,224,897,93,61.87,85,1.52,19,US,70,BlockApportionment:US.BlockGroups;PointsLayer:US.BlockPoints,2.191,2.576,1,39.66,2.59,50.83,14.42,2.84,1.22,13.47,6.12,82,84,api_test_workflow_v8_remaining_location_deduped_30pct_after10_2026-05-22,34.23442,-118.36884167,"10906 W LA TUNA CANYON ROAD, 91352",270.0,34.2344199988_-118.36884167_270.jpg,1.0,0.6952,tent,1.9425,17.47,29.74,16.36,0,0,,,51,0,0,0,0,0,0,0,0,0,0,0,539,520,0,0,1,68,6022.02,127.89,39,3511.54,621.89,0,0.0,1047.26,2,2,1413.63,623.75,12.45,1,0.0,0,0.39,1,100.0,1,0.0,0,0.58,6.48,74.59,1.39,17.53,5.0,82.04,1,S-8,19,8,0,1,34.23509720439161,-118.37607798321358,detection_avg,0.6599111331564862,pct_no_schooling,la_geohub_fire_hazard_area_pct,-0.02267795680861808
150,1608,19,US,462,BlockApportionment:US.BlockGroups;PointsLayer:US.BlockPoints,2.191,2.576,1,147,224,897,93,61.87,85,1.52,19,US,70,BlockApportionment:US.BlockGroups;PointsLayer:US.BlockPoints,2.191,2.576,1,39.66,2.59,50.83,14.42,2.84,1.22,13.47,6.12,82,84,api_test_workflow_v8_remaining_location_deduped_30pct_after10_2026-05-22,34.22650697,-118.37484604,"11200 W PENROSE ST, 91352",270.0,34.2265069687_-118.374846035_270.jpg,1.0,0.61,tent,1.9425,17.47,29.74,16.36,0,0,,,51,0,0,0,0,0,0,0,0,0,0,0,539,520,0,0,1,68,6022.02,127.89,39,3511.54,621.89,0,0.0,1047.26,2,2,1413.63,623.75,12.45,1,0.0,0,0.39,1,100.0,1,0.0,0,0.58,6.48,74.59,1.39,17.53,5.0,82.04,1,S-8,19,8,0,1,34.23509720439161,-118.37607798321358,detection_avg,0.6599111331564862,pct_no_schooling,la_geohub_fire_hazard_area_pct,-0.02267795680861808
151,1820,19,US,462,BlockApportionment:US.BlockGroups;PointsLayer:US.BlockPoints,2.191,2.576,1,147,224,897,93,61.87,85,1.52,19,US,70,BlockApportionment:US.BlockGroups;PointsLayer:US.BlockPoints,2.191,2.576,1,39.66,2.59,50.83,14.42,2.84,1.22,13.47,6.12,82,84,api_test_workflow_v8_remaining_location_deduped_final_after10_30_2026-05-23,34.23550042,-118.37033017,"10983 W TUXFORD ST, 91352",270.0,34.2355004179_-118.370330171_270.jpg,1.0,0.6489,tent,1.9425,17.47,29.74,16.36,0,0,,,51,0,0,0,0,0,0,0,0,0,0,0,539,520,0,0,1,68,6022.02,127.89,39,3511.54,621.89,0,0.0,1047.26,2,2,1413.63,623.75,12.45,1,0.0,0,0.39,1,100.0,1,0.0,0,0.58,6.48,74.59,1.39,17.53,5.0,82.04,2,S-8,19,8,0,1,34.23509720439161,-118.37607798321358,detection_avg,0.6599111331564862,pct_no_schooling,la_geohub_fire_hazard_area_pct,-0.02267795680861808
152,-1,20,US,19,BlockApportionment:US.BlockGroups;PointsLayer:US.BlockPoints,2.191,2.576,1,104,93,9958,107,90.19,70,1.68,20,US,71,BlockApportionment:US.BlockGroups;PointsLayer:US.BlockPoints,2.191,2.576,1,20.05,7.9,33.37,4.46,6.12,1.62,25.09,22.44,75,77,,,,,,,,,,1.9425,17.47,29.74,16.36,0,0,,,51,0,0,0,1,2,0,0,0,0,0,0,424,430,0,0,4,33,4637.6,98.48,33,4637.6,98.48,1,650.06,297.63,2,2,3009.31,157.11,4.73,1,0.0,0,2.43,1,100.0,1,0.0,0,3.25,19.93,59.62,2.21,18.25,5.0,70.76,0,Z-42,26,42,2,0,33.77603808341217,-118.2772900626624,reconstructed,0.6389225732197501,la_geohub_500yr_flood_area_pct,water_proxy_pct,-0.022341982201495993
153,972,21,US,463,BlockApportionment:US.BlockGroups;PointsLayer:US.BlockPoints,2.191,2.576,1,86,85,1598,124,31.48,137,4.05,21,US,72,BlockApportionment:US.BlockGroups;PointsLayer:US.BlockPoints,2.191,2.576,1,22.83,4.72,7.21,5.05,1.26,3.69,17.11,12.47,122,126,api_test_workflow_v2_20pct_model6_2026-05-07_batch2,34.23672305,-118.36861735,"10909 W TUXFORD ST, 91352",90.0,34.2367230496_-118.368617354_90.jpg,1.0,0.7015,tent,1.9425,17.47,29.74,16.36,0,0,,,18,0,1,0,0,0,1,0,0,0,0,0,209,221,0,0,0,31,2829.39,499.04,0,0.0,1828.16,10,1182.69,378.86,9,0,0.0,1859.77,1.23,1,1.18,1,0.05,1,100.0,1,0.0,0,8.96,47.11,31.62,5.09,16.18,5.0,49.45,1,T-8,20,8,1,1,34.23493024509413,-118.361950760485,detection_avg,0.6412815167467926,fema_flood_hazard_intersects,tree_canopy_proxy_pct,-0.022660761470337767
154,1687,21,US,463,BlockApportionment:US.BlockGroups;PointsLayer:US.BlockPoints,2.191,2.576,1,86,85,1598,124,31.48,137,4.05,21,US,72,BlockApportionment:US.BlockGroups;PointsLayer:US.BlockPoints,2.191,2.576,1,22.83,4.72,7.21,5.05,1.26,3.69,17.11,12.47,122,126,api_test_workflow_v8_remaining_location_deduped_final_after10_30_2026-05-23,34.23659948,-118.3682393,"10900 W TUXFORD ST, 91352",180.0,34.2365994817_-118.368239296_180.jpg,1.0,0.8676,tent,1.9425,17.47,29.74,16.36,0,0,,,18,0,1,0,0,0,1,0,0,0,0,0,209,221,0,0,0,31,2829.39,499.04,0,0.0,1828.16,10,1182.69,378.86,9,0,0.0,1859.77,1.23,1,1.18,1,0.05,1,100.0,1,0.0,0,8.96,47.11,31.62,5.09,16.18,5.0,49.45,0,T-8,20,8,1,0,34.23493024509413,-118.361950760485,detection_avg,0.6412815167467926,fema_flood_hazard_intersects,tree_canopy_proxy_pct,-0.022660761470337767
155,33,22,US,20,BlockApportionment:US.BlockGroups;PointsLayer:US.BlockPoints,2.191,2.576,1,127,120,5747,95,90.97,66,1.79,22,US,73,BlockApportionment:US.BlockGroups;PointsLayer:US.BlockPoints,2.191,2.576,1,21.04,3.99,40.97,6.25,7.45,2.09,32.32,26.63,62,64,api_test_workflow_v2_10pct_model6_2026-05-06_live,33.77921781,-118.26748771,"728 N LAGOON AVE, 90744",270.0,33.7792178061_-118.267487709_270.jpg,1.0,0.6676,tent,1.9425,17.47,29.74,16.36,0,0,,,21,0,0,0,0,1,1,1,1,0,0,1,435,412,0,0,4,18,1745.94,223.25,0,0.0,1117.76,0,0.0,1274.1,3,0,0.0,1404.39,0.01,1,0.0,0,0.0,0,100.0,1,0.0,0,0.35,8.55,77.08,1.28,13.09,5.0,83.85,0,AA-42,27,42,2,0,33.775871124114694,-118.2631628399338,detection_avg,0.6731463832256163,pct_severe_rent_burden,public_school_count,0.01504998078720354
156,159,22,US,20,BlockApportionment:US.BlockGroups;PointsLayer:US.BlockPoints,2.191,2.576,1,127,120,5747,95,90.97,66,1.79,22,US,73,BlockApportionment:US.BlockGroups;PointsLayer:US.BlockPoints,2.191,2.576,1,21.04,3.99,40.97,6.25,7.45,2.09,32.32,26.63,62,64,api_test_workflow_v2_remaining_model6_2026-05-08,33.77420989,-118.25900579,"320 E D ST, 90744",0.0,33.7742098882_-118.259005789_0.jpg,1.0,0.9212,tent,1.9425,17.47,29.74,16.36,0,0,,,21,0,0,0,0,1,1,1,1,0,0,1,435,412,0,0,4,18,1745.94,223.25,0,0.0,1117.76,0,0.0,1274.1,3,0,0.0,1404.39,0.01,1,0.0,0,0.0,0,100.0,1,0.0,0,0.35,8.55,77.08,1.28,13.09,5.0,83.85,0,AA-42,27,42,2,0,33.775871124114694,-118.2631628399338,detection_avg,0.6731463832256163,pct_severe_rent_burden,public_school_count,0.01504998078720354
157,160,22,US,20,BlockApportionment:US.BlockGroups;PointsLayer:US.BlockPoints,2.191,2.576,1,127,120,5747,95,90.97,66,1.79,22,US,73,BlockApportionment:US.BlockGroups;PointsLayer:US.BlockPoints,2.191,2.576,1,21.04,3.99,40.97,6.25,7.45,2.09,32.32,26.63,62,64,api_test_workflow_v2_remaining_model6_2026-05-08,33.77420989,-118.25900579,"320 E D ST, 90744",90.0,33.7742098882_-118.259005789_90.jpg,2.0,0.9005,tent,1.9425,17.47,29.74,16.36,0,0,,,21,0,0,0,0,1,1,1,1,0,0,1,435,412,0,0,4,18,1745.94,223.25,0,0.0,1117.76,0,0.0,1274.1,3,0,0.0,1404.39,0.01,1,0.0,0,0.0,0,100.0,1,0.0,0,0.35,8.55,77.08,1.28,13.09,5.0,83.85,1,AA-42,27,42,2,1,33.775871124114694,-118.2631628399338,detection_avg,0.6731463832256163,pct_severe_rent_burden,public_school_count,0.01504998078720354
158,161,22,US,20,BlockApportionment:US.BlockGroups;PointsLayer:US.BlockPoints,2.191,2.576,1,127,120,5747,95,90.97,66,1.79,22,US,73,BlockApportionment:US.BlockGroups;PointsLayer:US.BlockPoints,2.191,2.576,1,21.04,3.99,40.97,6.25,7.45,2.09,32.32,26.63,62,64,api_test_workflow_v2_remaining_model6_2026-05-08,33.77420989,-118.25900579,"320 E D ST, 90744",270.0,33.7742098882_-118.259005789_270.jpg,2.0,0.8533,tent,1.9425,17.47,29.74,16.36,0,0,,,21,0,0,0,0,1,1,1,1,0,0,1,435,412,0,0,4,18,1745.94,223.25,0,0.0,1117.76,0,0.0,1274.1,3,0,0.0,1404.39,0.01,1,0.0,0,0.0,0,100.0,1,0.0,0,0.35,8.55,77.08,1.28,13.09,5.0,83.85,0,AA-42,27,42,2,0,33.775871124114694,-118.2631628399338,detection_avg,0.6731463832256163,pct_severe_rent_burden,public_school_count,0.01504998078720354
159,214,22,US,20,BlockApportionment:US.BlockGroups;PointsLayer:US.BlockPoints,2.191,2.576,1,127,120,5747,95,90.97,66,1.79,22,US,73,BlockApportionment:US.BlockGroups;PointsLayer:US.BlockPoints,2.191,2.576,1,21.04,3.99,40.97,6.25,7.45,2.09,32.32,26.63,62,64,api_test_workflow_v2_30pct_model6_2026-05-08,33.77431047,-118.26060778,"402 N BROAD AVE, 90744",0.0,33.7743104695_-118.260607776_0.jpg,1.0,0.6938,tent,1.9425,17.47,29.74,16.36,0,0,,,21,0,0,0,0,1,1,1,1,0,0,1,435,412,0,0,4,18,1745.94,223.25,0,0.0,1117.76,0,0.0,1274.1,3,0,0.0,1404.39,0.01,1,0.0,0,0.0,0,100.0,1,0.0,0,0.35,8.55,77.08,1.28,13.09,5.0,83.85,13,AA-42,27,42,2,1,33.775871124114694,-118.2631628399338,detection_avg,0.6731463832256163,pct_severe_rent_burden,public_school_count,0.01504998078720354
160,483,22,US,20,BlockApportionment:US.BlockGroups;PointsLayer:US.BlockPoints,2.191,2.576,1,127,120,5747,95,90.97,66,1.79,22,US,73,BlockApportionment:US.BlockGroups;PointsLayer:US.BlockPoints,2.191,2.576,1,21.04,3.99,40.97,6.25,7.45,2.09,32.32,26.63,62,64,api_test_workflow_v2_20pct_model6_2026-05-07,33.77314083,-118.25787981,"300 N QUAY AVE, 90744",270.0,33.7731408315_-118.257879811_270.jpg,2.0,0.795,tent,1.9425,17.47,29.74,16.36,0,0,,,21,0,0,0,0,1,1,1,1,0,0,1,435,412,0,0,4,18,1745.94,223.25,0,0.0,1117.76,0,0.0,1274.1,3,0,0.0,1404.39,0.01,1,0.0,0,0.0,0,100.0,1,0.0,0,0.35,8.55,77.08,1.28,13.09,5.0,83.85,19,AA-42,27,42,2,1,33.775871124114694,-118.2631628399338,detection_avg,0.6731463832256163,pct_severe_rent_burden,public_school_count,0.01504998078720354
161,567,22,US,20,BlockApportionment:US.BlockGroups;PointsLayer:US.BlockPoints,2.191,2.576,1,127,120,5747,95,90.97,66,1.79,22,US,73,BlockApportionment:US.BlockGroups;PointsLayer:US.BlockPoints,2.191,2.576,1,21.04,3.99,40.97,6.25,7.45,2.09,32.32,26.63,62,64,api_test_workflow_v2_20pct_model6_2026-05-07_batch2,33.77991981,-118.26678487,"401 W ANAHEIM ST, 90744",0.0,33.7799198082_-118.26678487_0.jpg,1.0,0.6671,tent,1.9425,17.47,29.74,16.36,0,0,,,21,0,0,0,0,1,1,1,1,0,0,1,435,412,0,0,4,18,1745.94,223.25,0,0.0,1117.76,0,0.0,1274.1,3,0,0.0,1404.39,0.01,1,0.0,0,0.0,0,100.0,1,0.0,0,0.35,8.55,77.08,1.28,13.09,5.0,83.85,40,AA-42,27,42,2,1,33.775871124114694,-118.2631628399338,detection_avg,0.6731463832256163,pct_severe_rent_burden,public_school_count,0.01504998078720354
162,1317,22,US,20,BlockApportionment:US.BlockGroups;PointsLayer:US.BlockPoints,2.191,2.576,1,127,120,5747,95,90.97,66,1.79,22,US,73,BlockApportionment:US.BlockGroups;PointsLayer:US.BlockPoints,2.191,2.576,1,21.04,3.99,40.97,6.25,7.45,2.09,32.32,26.63,62,64,api_test_workflow_v2_remaining_model6_2026-05-08,33.77417421,-118.25924437,"302 E D ST, 90744",0.0,33.7741742083_-118.259244368_0.jpg,1.0,0.8396,tent,1.9425,17.47,29.74,16.36,0,0,,,21,0,0,0,0,1,1,1,1,0,0,1,435,412,0,0,4,18,1745.94,223.25,0,0.0,1117.76,0,0.0,1274.1,3,0,0.0,1404.39,0.01,1,0.0,0,0.0,0,100.0,1,0.0,0,0.35,8.55,77.08,1.28,13.09,5.0,83.85,11,AA-42,27,42,2,1,33.775871124114694,-118.2631628399338,detection_avg,0.6731463832256163,pct_severe_rent_burden,public_school_count,0.01504998078720354
163,1487,22,US,20,BlockApportionment:US.BlockGroups;PointsLayer:US.BlockPoints,2.191,2.576,1,127,120,5747,95,90.97,66,1.79,22,US,73,BlockApportionment:US.BlockGroups;PointsLayer:US.BlockPoints,2.191,2.576,1,21.04,3.99,40.97,6.25,7.45,2.09,32.32,26.63,62,64,api_test_workflow_v8_remaining_location_deduped_10pct_2026-05-22,33.77423658,-118.25891991,"336 E D ST, 90744",0.0,33.774236576_-118.258919912_0.jpg,3.0,0.9341,tent,1.9425,17.47,29.74,16.36,0,0,,,21,0,0,0,0,1,1,1,1,0,0,1,435,412,0,0,4,18,1745.94,223.25,0,0.0,1117.76,0,0.0,1274.1,3,0,0.0,1404.39,0.01,1,0.0,0,0.0,0,100.0,1,0.0,0,0.35,8.55,77.08,1.28,13.09,5.0,83.85,2,AA-42,27,42,2,1,33.775871124114694,-118.2631628399338,detection_avg,0.6731463832256163,pct_severe_rent_burden,public_school_count,0.01504998078720354
164,1489,22,US,20,BlockApportionment:US.BlockGroups;PointsLayer:US.BlockPoints,2.191,2.576,1,127,120,5747,95,90.97,66,1.79,22,US,73,BlockApportionment:US.BlockGroups;PointsLayer:US.BlockPoints,2.191,2.576,1,21.04,3.99,40.97,6.25,7.45,2.09,32.32,26.63,62,64,api_test_workflow_v8_remaining_location_deduped_10pct_2026-05-22,33.77423658,-118.25891991,"336 E D ST, 90744",90.0,33.774236576_-118.258919912_90.jpg,2.0,0.9095,tent,1.9425,17.47,29.74,16.36,0,0,,,21,0,0,0,0,1,1,1,1,0,0,1,435,412,0,0,4,18,1745.94,223.25,0,0.0,1117.76,0,0.0,1274.1,3,0,0.0,1404.39,0.01,1,0.0,0,0.0,0,100.0,1,0.0,0,0.35,8.55,77.08,1.28,13.09,5.0,83.85,6,AA-42,27,42,2,1,33.775871124114694,-118.2631628399338,detection_avg,0.6731463832256163,pct_severe_rent_burden,public_school_count,0.01504998078720354
165,1492,22,US,20,BlockApportionment:US.BlockGroups;PointsLayer:US.BlockPoints,2.191,2.576,1,127,120,5747,95,90.97,66,1.79,22,US,73,BlockApportionment:US.BlockGroups;PointsLayer:US.BlockPoints,2.191,2.576,1,21.04,3.99,40.97,6.25,7.45,2.09,32.32,26.63,62,64,api_test_workflow_v8_remaining_location_deduped_10pct_2026-05-22,33.77423658,-118.25891991,"336 E D ST, 90744",270.0,33.774236576_-118.258919912_270.jpg,1.0,0.7926,tent,1.9425,17.47,29.74,16.36,0,0,,,21,0,0,0,0,1,1,1,1,0,0,1,435,412,0,0,4,18,1745.94,223.25,0,0.0,1117.76,0,0.0,1274.1,3,0,0.0,1404.39,0.01,1,0.0,0,0.0,0,100.0,1,0.0,0,0.35,8.55,77.08,1.28,13.09,5.0,83.85,1,AA-42,27,42,2,1,33.775871124114694,-118.2631628399338,detection_avg,0.6731463832256163,pct_severe_rent_burden,public_school_count,0.01504998078720354
166,1713,22,US,20,BlockApportionment:US.BlockGroups;PointsLayer:US.BlockPoints,2.191,2.576,1,127,120,5747,95,90.97,66,1.79,22,US,73,BlockApportionment:US.BlockGroups;PointsLayer:US.BlockPoints,2.191,2.576,1,21.04,3.99,40.97,6.25,7.45,2.09,32.32,26.63,62,64,api_test_workflow_v8_remaining_location_deduped_final_after10_30_2026-05-23,33.77563421,-118.26082707,"E ST AT BROAD AVE, 90744",90.0,33.7756342132_-118.260827068_90.jpg,4.0,0.8362,tent,1.9425,17.47,29.74,16.36,0,0,,,21,0,0,0,0,1,1,1,1,0,0,1,435,412,0,0,4,18,1745.94,223.25,0,0.0,1117.76,0,0.0,1274.1,3,0,0.0,1404.39,0.01,1,0.0,0,0.0,0,100.0,1,0.0,0,0.35,8.55,77.08,1.28,13.09,5.0,83.85,0,AA-42,27,42,2,0,33.775871124114694,-118.2631628399338,detection_avg,0.6731463832256163,pct_severe_rent_burden,public_school_count,0.01504998078720354
167,1714,22,US,20,BlockApportionment:US.BlockGroups;PointsLayer:US.BlockPoints,2.191,2.576,1,127,120,5747,95,90.97,66,1.79,22,US,73,BlockApportionment:US.BlockGroups;PointsLayer:US.BlockPoints,2.191,2.576,1,21.04,3.99,40.97,6.25,7.45,2.09,32.32,26.63,62,64,api_test_workflow_v8_remaining_location_deduped_final_after10_30_2026-05-23,33.77563421,-118.26082707,"E ST AT BROAD AVE, 90744",180.0,33.7756342132_-118.260827068_180.jpg,1.0,0.8012,tent,1.9425,17.47,29.74,16.36,0,0,,,21,0,0,0,0,1,1,1,1,0,0,1,435,412,0,0,4,18,1745.94,223.25,0,0.0,1117.76,0,0.0,1274.1,3,0,0.0,1404.39,0.01,1,0.0,0,0.0,0,100.0,1,0.0,0,0.35,8.55,77.08,1.28,13.09,5.0,83.85,0,AA-42,27,42,2,0,33.775871124114694,-118.2631628399338,detection_avg,0.6731463832256163,pct_severe_rent_burden,public_school_count,0.01504998078720354
168,1758,22,US,20,BlockApportionment:US.BlockGroups;PointsLayer:US.BlockPoints,2.191,2.576,1,127,120,5747,95,90.97,66,1.79,22,US,73,BlockApportionment:US.BlockGroups;PointsLayer:US.BlockPoints,2.191,2.576,1,21.04,3.99,40.97,6.25,7.45,2.09,32.32,26.63,62,64,api_test_workflow_v8_remaining_location_deduped_30pct_after10_2026-05-22,33.77420095,-118.25906475,"304 E D ST, 90744",0.0,33.7742009541_-118.259064746_0.jpg,1.0,0.9528,tent,1.9425,17.47,29.74,16.36,0,0,,,21,0,0,0,0,1,1,1,1,0,0,1,435,412,0,0,4,18,1745.94,223.25,0,0.0,1117.76,0,0.0,1274.1,3,0,0.0,1404.39,0.01,1,0.0,0,0.0,0,100.0,1,0.0,0,0.35,8.55,77.08,1.28,13.09,5.0,83.85,6,AA-42,27,42,2,1,33.775871124114694,-118.2631628399338,detection_avg,0.6731463832256163,pct_severe_rent_burden,public_school_count,0.01504998078720354
169,1759,22,US,20,BlockApportionment:US.BlockGroups;PointsLayer:US.BlockPoints,2.191,2.576,1,127,120,5747,95,90.97,66,1.79,22,US,73,BlockApportionment:US.BlockGroups;PointsLayer:US.BlockPoints,2.191,2.576,1,21.04,3.99,40.97,6.25,7.45,2.09,32.32,26.63,62,64,api_test_workflow_v8_remaining_location_deduped_30pct_after10_2026-05-22,33.77420095,-118.25906475,"304 E D ST, 90744",90.0,33.7742009541_-118.259064746_90.jpg,2.0,0.8061,tent,1.9425,17.47,29.74,16.36,0,0,,,21,0,0,0,0,1,1,1,1,0,0,1,435,412,0,0,4,18,1745.94,223.25,0,0.0,1117.76,0,0.0,1274.1,3,0,0.0,1404.39,0.01,1,0.0,0,0.0,0,100.0,1,0.0,0,0.35,8.55,77.08,1.28,13.09,5.0,83.85,5,AA-42,27,42,2,1,33.775871124114694,-118.2631628399338,detection_avg,0.6731463832256163,pct_severe_rent_burden,public_school_count,0.01504998078720354
170,1760,22,US,20,BlockApportionment:US.BlockGroups;PointsLayer:US.BlockPoints,2.191,2.576,1,127,120,5747,95,90.97,66,1.79,22,US,73,BlockApportionment:US.BlockGroups;PointsLayer:US.BlockPoints,2.191,2.576,1,21.04,3.99,40.97,6.25,7.45,2.09,32.32,26.63,62,64,api_test_workflow_v8_remaining_location_deduped_30pct_after10_2026-05-22,33.77420095,-118.25906475,"304 E D ST, 90744",270.0,33.7742009541_-118.259064746_270.jpg,1.0,0.9042,tent,1.9425,17.47,29.74,16.36,0,0,,,21,0,0,0,0,1,1,1,1,0,0,1,435,412,0,0,4,18,1745.94,223.25,0,0.0,1117.76,0,0.0,1274.1,3,0,0.0,1404.39,0.01,1,0.0,0,0.0,0,100.0,1,0.0,0,0.35,8.55,77.08,1.28,13.09,5.0,83.85,0,AA-42,27,42,2,0,33.775871124114694,-118.2631628399338,detection_avg,0.6731463832256163,pct_severe_rent_burden,public_school_count,0.01504998078720354
171,1831,22,US,20,BlockApportionment:US.BlockGroups;PointsLayer:US.BlockPoints,2.191,2.576,1,127,120,5747,95,90.97,66,1.79,22,US,73,BlockApportionment:US.BlockGroups;PointsLayer:US.BlockPoints,2.191,2.576,1,21.04,3.99,40.97,6.25,7.45,2.09,32.32,26.63,62,64,api_test_workflow_v8_remaining_location_deduped_final_after10_30_2026-05-23,33.77430619,-118.25941567,"LAKME AVE AT D ST, 90744",0.0,33.7743061868_-118.25941567_0.jpg,1.0,0.9193,tent,1.9425,17.47,29.74,16.36,0,0,,,21,0,0,0,0,1,1,1,1,0,0,1,435,412,0,0,4,18,1745.94,223.25,0,0.0,1117.76,0,0.0,1274.1,3,0,0.0,1404.39,0.01,1,0.0,0,0.0,0,100.0,1,0.0,0,0.35,8.55,77.08,1.28,13.09,5.0,83.85,3,AA-42,27,42,2,1,33.775871124114694,-118.2631628399338,detection_avg,0.6731463832256163,pct_severe_rent_burden,public_school_count,0.01504998078720354
172,1832,22,US,20,BlockApportionment:US.BlockGroups;PointsLayer:US.BlockPoints,2.191,2.576,1,127,120,5747,95,90.97,66,1.79,22,US,73,BlockApportionment:US.BlockGroups;PointsLayer:US.BlockPoints,2.191,2.576,1,21.04,3.99,40.97,6.25,7.45,2.09,32.32,26.63,62,64,api_test_workflow_v8_remaining_location_deduped_final_after10_30_2026-05-23,33.77430619,-118.25941567,"LAKME AVE AT D ST, 90744",90.0,33.7743061868_-118.25941567_90.jpg,1.0,0.6809,tent,1.9425,17.47,29.74,16.36,0,0,,,21,0,0,0,0,1,1,1,1,0,0,1,435,412,0,0,4,18,1745.94,223.25,0,0.0,1117.76,0,0.0,1274.1,3,0,0.0,1404.39,0.01,1,0.0,0,0.0,0,100.0,1,0.0,0,0.35,8.55,77.08,1.28,13.09,5.0,83.85,4,AA-42,27,42,2,1,33.775871124114694,-118.2631628399338,detection_avg,0.6731463832256163,pct_severe_rent_burden,public_school_count,0.01504998078720354
173,1834,22,US,20,BlockApportionment:US.BlockGroups;PointsLayer:US.BlockPoints,2.191,2.576,1,127,120,5747,95,90.97,66,1.79,22,US,73,BlockApportionment:US.BlockGroups;PointsLayer:US.BlockPoints,2.191,2.576,1,21.04,3.99,40.97,6.25,7.45,2.09,32.32,26.63,62,64,api_test_workflow_v8_remaining_location_deduped_final_after10_30_2026-05-23,33.77970868,-118.26337399,"140 W ANAHEIM ST, 90744",270.0,33.7797086794_-118.263373995_270.jpg,1.0,0.7725,tent,1.9425,17.47,29.74,16.36,0,0,,,21,0,0,0,0,1,1,1,1,0,0,1,435,412,0,0,4,18,1745.94,223.25,0,0.0,1117.76,0,0.0,1274.1,3,0,0.0,1404.39,0.01,1,0.0,0,0.0,0,100.0,1,0.0,0,0.35,8.55,77.08,1.28,13.09,5.0,83.85,1,AA-42,27,42,2,1,33.775871124114694,-118.2631628399338,detection_avg,0.6731463832256163,pct_severe_rent_burden,public_school_count,0.01504998078720354
174,-1,23,US,464,BlockApportionment:US.BlockGroups;PointsLayer:US.BlockPoints,2.191,2.576,1,74,56,2041,160,14.5,148,8.42,23,US,74,BlockApportionment:US.BlockGroups;PointsLayer:US.BlockPoints,2.191,2.576,1,37.4,3.46,33.57,4.88,6.63,7.56,23.85,5.88,120,124,,,,,,,,,,1.9425,17.47,29.74,16.36,0,0,,,6,0,0,0,0,0,0,0,0,0,0,0,180,181,0,0,0,18,4839.15,462.74,4,2163.84,543.82,10,1559.15,385.28,4,2,2097.03,545.96,7.6,1,0.0,0,0.0,0,100.0,1,0.0,0,21.93,59.66,23.26,3.01,14.06,5.0,39.7,4,Z-8,26,8,0,1,34.23392848930928,-118.27718742411348,reconstructed,0.631262766645112,total_population,pct_household_disability,-0.033725898303599136
175,-1,24,US,21,BlockApportionment:US.BlockGroups;PointsLayer:US.BlockPoints,2.191,2.576,1,155,184,3717,162,92.09,78,1.26,24,US,75,BlockApportionment:US.BlockGroups;PointsLayer:US.BlockPoints,2.191,2.576,1,26.33,3.83,30.58,4.39,9.57,0.9,27.75,19.43,73,78,,,,,,,,,,1.9425,17.47,29.74,16.36,0,0,,,30,0,0,0,0,0,0,1,1,0,0,0,334,309,0,0,1,10,1761.78,361.71,0,0.0,975.84,1,468.45,720.0,3,0,0.0,1117.22,4.34,1,0.0,0,0.0,0,96.06,1,0.0,0,0.23,6.86,76.7,2.67,13.77,5.0,83.62,1,AB-42,28,42,0,1,33.77570416481722,-118.24903561720524,reconstructed,0.6638172304069723,pct_severe_rent_burden,adult_recreation_count,-0.015850527658952694
176,726,25,US,465,BlockApportionment:US.BlockGroups;PointsLayer:US.BlockPoints,2.191,2.576,1,74,120,2913,60,31.38,171,3.98,25,US,76,BlockApportionment:US.BlockGroups;PointsLayer:US.BlockPoints,2.191,2.576,1,25.58,2.95,22.79,1.41,2.64,3.6,15.34,5.71,142,146,api_test_workflow_v2_30pct_model6_2026-05-08,34.24122972,-118.59842214,"21420 W GLEDHILL ST, 91311",0.0,34.241229723_-118.59842214_0.jpg,1.0,0.8354,tent,1.9425,17.47,29.74,16.36,0,0,,,33,0,1,0,0,0,0,0,0,0,0,1,930,989,0,0,0,25,2445.69,480.21,0,0.0,3177.29,4,1284.68,421.17,15,6,3059.58,479.13,2.34,1,1.8,1,0.26,1,100.0,1,0.0,0,1.39,11.22,74.15,3.47,11.16,5.0,81.49,3,C-7,3,7,0,1,34.25123591803054,-118.60211052809008,detection_avg,0.6772947140058849,esri_market_idx_14068_forecast,business_sites_count,-0.019766614291279957
177,727,25,US,465,BlockApportionment:US.BlockGroups;PointsLayer:US.BlockPoints,2.191,2.576,1,74,120,2913,60,31.38,171,3.98,25,US,76,BlockApportionment:US.BlockGroups;PointsLayer:US.BlockPoints,2.191,2.576,1,25.58,2.95,22.79,1.41,2.64,3.6,15.34,5.71,142,146,api_test_workflow_v2_30pct_model6_2026-05-08,34.24122972,-118.59842214,"21420 W GLEDHILL ST, 91311",270.0,34.241229723_-118.59842214_270.jpg,2.0,0.8295,tent,1.9425,17.47,29.74,16.36,0,0,,,33,0,1,0,0,0,0,0,0,0,0,1,930,989,0,0,0,25,2445.69,480.21,0,0.0,3177.29,4,1284.68,421.17,15,6,3059.58,479.13,2.34,1,1.8,1,0.26,1,100.0,1,0.0,0,1.39,11.22,74.15,3.47,11.16,5.0,81.49,0,C-7,3,7,0,0,34.25123591803054,-118.60211052809008,detection_avg,0.6772947140058849,esri_market_idx_14068_forecast,business_sites_count,-0.019766614291279957
178,993,25,US,465,BlockApportionment:US.BlockGroups;PointsLayer:US.BlockPoints,2.191,2.576,1,74,120,2913,60,31.38,171,3.98,25,US,76,BlockApportionment:US.BlockGroups;PointsLayer:US.BlockPoints,2.191,2.576,1,25.58,2.95,22.79,1.41,2.64,3.6,15.34,5.71,142,146,api_test_workflow_v2_20pct_model6_2026-05-07_batch2,34.24266617,-118.59477752,"9501 N ETON AVE, 91311",180.0,34.2426661739_-118.594777521_180.jpg,1.0,0.7417,tent,1.9425,17.47,29.74,16.36,0,0,,,33,0,1,0,0,0,0,0,0,0,0,1,930,989,0,0,0,25,2445.69,480.21,0,0.0,3177.29,4,1284.68,421.17,15,6,3059.58,479.13,2.34,1,1.8,1,0.26,1,100.0,1,0.0,0,1.39,11.22,74.15,3.47,11.16,5.0,81.49,4,C-7,3,7,0,1,34.25123591803054,-118.60211052809008,detection_avg,0.6772947140058849,esri_market_idx_14068_forecast,business_sites_count,-0.019766614291279957
179,1140,25,US,465,BlockApportionment:US.BlockGroups;PointsLayer:US.BlockPoints,2.191,2.576,1,74,120,2913,60,31.38,171,3.98,25,US,76,BlockApportionment:US.BlockGroups;PointsLayer:US.BlockPoints,2.191,2.576,1,25.58,2.95,22.79,1.41,2.64,3.6,15.34,5.71,142,146,api_test_workflow_v8_remaining_location_deduped_final_after10_30_2026-05-23,34.24135185,-118.60009375,"21539 W GLEDHILL ST, 91311",0.0,34.241351846_-118.600093751_0.jpg,2.0,0.9033,tent,1.9425,17.47,29.74,16.36,0,0,,,33,0,1,0,0,0,0,0,0,0,0,1,930,989,0,0,0,25,2445.69,480.21,0,0.0,3177.29,4,1284.68,421.17,15,6,3059.58,479.13,2.34,1,1.8,1,0.26,1,100.0,1,0.0,0,1.39,11.22,74.15,3.47,11.16,5.0,81.49,1,C-7,3,7,0,1,34.25123591803054,-118.60211052809008,detection_avg,0.6772947140058849,esri_market_idx_14068_forecast,business_sites_count,-0.019766614291279957
180,1141,25,US,465,BlockApportionment:US.BlockGroups;PointsLayer:US.BlockPoints,2.191,2.576,1,74,120,2913,60,31.38,171,3.98,25,US,76,BlockApportionment:US.BlockGroups;PointsLayer:US.BlockPoints,2.191,2.576,1,25.58,2.95,22.79,1.41,2.64,3.6,15.34,5.71,142,146,api_test_workflow_v8_remaining_location_deduped_final_after10_30_2026-05-23,34.24135185,-118.60009375,"21539 W GLEDHILL ST, 91311",180.0,34.241351846_-118.600093751_180.jpg,2.0,0.8736,tent,1.9425,17.47,29.74,16.36,0,0,,,33,0,1,0,0,0,0,0,0,0,0,1,930,989,0,0,0,25,2445.69,480.21,0,0.0,3177.29,4,1284.68,421.17,15,6,3059.58,479.13,2.34,1,1.8,1,0.26,1,100.0,1,0.0,0,1.39,11.22,74.15,3.47,11.16,5.0,81.49,21,C-7,3,7,0,1,34.25123591803054,-118.60211052809008,detection_avg,0.6772947140058849,esri_market_idx_14068_forecast,business_sites_count,-0.019766614291279957
181,-1,26,US,22,BlockApportionment:US.BlockGroups;PointsLayer:US.BlockPoints,2.191,2.576,1,162,195,5,0,20.0,9,0.0,26,US,77,BlockApportionment:US.BlockGroups;PointsLayer:US.BlockPoints,2.191,2.576,1,0.0,0.0,0.0,0.0,0.0,0.0,0.0,100.0,0,0,,,,,,,,,,1.9425,17.47,29.74,16.36,0,0,,,0,0,0,0,0,0,0,0,0,0,0,0,3,3,0,0,0,34,5552.02,333.81,16,4854.93,333.81,3,762.23,608.71,2,4,3865.93,360.91,12.02,1,0.0,0,0.0,0,89.2,1,0.0,0,0.35,2.96,77.84,7.33,11.88,5.0,84.38,24,AC-42,29,42,0,1,33.77553720551975,-118.23490839447663,reconstructed,0.6451177582059844,la_geohub_500yr_flood_intersects,water_proxy_pct,0.03180477818085439
182,503,27,US,466,BlockApportionment:US.BlockGroups;PointsLayer:US.BlockPoints,2.191,2.576,1,49,77,7830,145,39.17,115,2.19,27,US,78,BlockApportionment:US.BlockGroups;PointsLayer:US.BlockPoints,2.191,2.576,1,19.0,3.52,14.46,3.72,3.87,2.3,20.19,8.57,97,99,api_test_workflow_v2_20pct_model6_2026-05-07_batch2,34.25739814,-118.58680686,"20801 W DEVONSHIRE ST, 91311",90.0,34.2573981436_-118.586806865_90.jpg,1.0,0.6324,tent,1.9425,17.47,29.74,16.36,0,0,,,66,0,0,1,0,2,1,0,0,0,0,2,833,819,0,0,8,38,3016.26,81.34,0,0.0,2228.23,1,1498.02,71.39,22,0,0.0,1685.03,2.7,1,0.0,0,2.7,1,100.0,1,0.0,0,2.89,18.09,65.14,2.25,14.51,5.0,74.73,30,D-7,4,7,3,1,34.251068958733065,-118.58798330536148,detection_avg,0.5905102729327089,nearest_river_drainage_m,la_geohub_500yr_flood_area_pct,-0.03686240100014033
183,-1,28,US,467,BlockApportionment:US.BlockGroups;PointsLayer:US.BlockPoints,2.191,2.576,1,68,100,4165,100,34.69,141,3.84,28,US,79,BlockApportionment:US.BlockGroups;PointsLayer:US.BlockPoints,2.191,2.576,1,22.95,3.19,29.69,3.62,2.48,3.56,17.06,7.49,119,121,,,,,,,,,,1.9425,17.47,29.74,16.36,0,0,,,42,0,0,0,0,0,0,0,0,0,0,0,416,431,0,0,1,13,1499.28,218.2,0,0.0,3026.62,9,1502.39,238.38,3,0,0.0,3003.33,4.13,1,0.0,0,3.65,1,100.0,1,0.0,0,1.62,17.33,59.85,3.99,18.83,5.0,71.41,31,E-7,5,7,0,1,34.250901999435584,-118.57385608263291,reconstructed,0.6368668101526737,nearest_river_drainage_m,la_geohub_500yr_flood_area_pct,-0.02236235811697645
184,495,29,US,23,BlockApportionment:US.BlockGroups;PointsLayer:US.BlockPoints,2.191,2.576,1,103,87,10529,107,61.22,88,3.23,29,US,80,BlockApportionment:US.BlockGroups;PointsLayer:US.BlockPoints,2.191,2.576,1,22.07,0.86,18.38,4.4,6.86,2.78,16.67,13.38,88,92,api_test_workflow_v2_20pct_model6_2026-05-07,33.78807607,-118.30147616,"1402 W 259TH ST, 90710",180.0,33.7880760667_-118.301476165_180.jpg,1.0,0.8226,tent,1.9425,17.47,29.74,16.36,0,0,,,36,0,1,0,0,1,3,0,0,0,0,0,551,533,0,0,3,79,4439.92,93.33,21,1216.78,443.53,0,0.0,1329.15,18,4,5439.23,93.2,0.0,0,0.0,0,0.0,0,100.0,1,0.0,0,1.8,16.28,71.4,0.81,11.51,5.0,79.44,3,X-41,24,41,4,1,33.78983936688645,-118.30554148933872,detection_avg,0.6671269470308541,osm_amenity_count,water_proxy_pct,0.026156250563721534
185,496,29,US,23,BlockApportionment:US.BlockGroups;PointsLayer:US.BlockPoints,2.191,2.576,1,103,87,10529,107,61.22,88,3.23,29,US,80,BlockApportionment:US.BlockGroups;PointsLayer:US.BlockPoints,2.191,2.576,1,22.07,0.86,18.38,4.4,6.86,2.78,16.67,13.38,88,92,api_test_workflow_v2_20pct_model6_2026-05-07,33.78807607,-118.30147616,"1402 W 259TH ST, 90710",270.0,33.7880760667_-118.301476165_270.jpg,1.0,0.7026,tent,1.9425,17.47,29.74,16.36,0,0,,,36,0,1,0,0,1,3,0,0,0,0,0,551,533,0,0,3,79,4439.92,93.33,21,1216.78,443.53,0,0.0,1329.15,18,4,5439.23,93.2,0.0,0,0.0,0,0.0,0,100.0,1,0.0,0,1.8,16.28,71.4,0.81,11.51,5.0,79.44,2,X-41,24,41,4,1,33.78983936688645,-118.30554148933872,detection_avg,0.6671269470308541,osm_amenity_count,water_proxy_pct,0.026156250563721534
186,-1,30,US,468,BlockApportionment:US.BlockGroups;PointsLayer:US.BlockPoints,2.191,2.576,1,50,56,6263,121,31.63,99,2.83,30,US,81,BlockApportionment:US.BlockGroups;PointsLayer:US.BlockPoints,2.191,2.576,1,17.5,1.79,36.22,4.07,4.32,3.96,10.74,17.7,108,108,,,,,,,,,,1.9425,17.47,29.74,16.36,0,0,,,36,0,0,0,0,1,4,0,0,0,0,5,364,387,0,0,1,16,1074.91,556.34,0,0.0,3544.0,7,184.03,566.78,3,0,0.0,3546.34,0.0,0,0.0,0,0.0,0,100.0,1,0.0,0,6.99,27.98,48.5,2.89,20.64,5.0,61.85,0,I-7,9,7,5,0,34.25023416224568,-118.51734719171856,reconstructed,0.6091060319175855,total_crime_est,la_geohub_500yr_flood_area_pct,0.011907183194667641
187,-1,10,US,282,BlockApportionment:US.BlockGroups;PointsLayer:US.BlockPoints,2.191,2.576,1,121,99,8439,76,41.21,133,2.72,31,US,411,BlockApportionment:US.BlockGroups;PointsLayer:US.BlockPoints,2.191,2.576,1,17.56,2.79,21.96,4.27,3.01,2.69,16.7,9.77,116,117,,,,,,,,,,1.9425,17.47,29.74,16.36,0,0,,,81,0,1,0,0,0,3,0,0,0,0,0,150,146,0,0,1,62,5517.56,196.61,0,0.0,2429.3,0,0.0,1781.22,16,0,0.0,2444.58,0.0,0,0.0,0,0.0,0,100.0,1,0.0,0,3.59,26.72,47.77,2.84,22.67,5.0,62.36,0,AI-18,35,18,3,0,34.09775220683873,-118.15007260736472,reconstructed,0.6366849076543394,osm_amenity_count,bare_ground_proxy_pct,-0.02242734463025378
188,-1,31,US,24,BlockApportionment:US.BlockGroups;PointsLayer:US.BlockPoints,2.191,2.576,1,82,87,4668,117,43.32,85,1.91,32,US,82,BlockApportionment:US.BlockGroups;PointsLayer:US.BlockPoints,2.191,2.576,1,15.39,7.92,16.58,2.83,6.21,2.01,20.55,19.75,78,79,,,,,,,,,,1.9425,17.47,29.74,16.36,0,0,,,48,1,0,0,0,0,0,0,0,0,0,0,204,204,0,0,0,48,2543.41,473.61,21,1312.69,473.61,5,1484.43,312.11,8,2,2622.44,468.02,25.27,1,0.0,0,5.15,1,99.43,1,0.0,0,6.8,36.31,37.49,7.75,18.45,5.0,54.2,2,Y-41,25,41,0,1,33.789672407588974,-118.29141426661012,reconstructed,0.6470472497155603,business_sites_count,bare_ground_proxy_pct,0.019357428725112456
189,404,32,US,469,BlockApportionment:US.BlockGroups;PointsLayer:US.BlockPoints,2.191,2.576,1,65,63,4497,64,32.44,166,5.59,33,US,83,BlockApportionment:US.BlockGroups;PointsLayer:US.BlockPoints,2.191,2.576,1,25.35,5.25,36.93,1.97,4.14,4.63,18.15,7.44,129,130,api_test_workflow_v2_20pct_model6_2026-05-07,34.25729451,-118.4997057,"16844 W DEVONSHIRE ST, 91344",90.0,34.2572945133_-118.499705704_90.jpg,1.0,0.6051,tent,1.9425,17.47,29.74,16.36,0,0,,,42,0,1,0,1,1,2,0,0,0,0,1,563,558,0,0,3,34,2587.05,73.95,0,0.0,2347.15,3,1214.85,504.32,14,0,0.0,2381.22,0.39,1,0.0,0,0.77,1,100.0,1,0.0,0,3.59,21.76,55.29,4.29,18.65,5.0,67.63,9,J-7,10,7,3,1,34.25006720294821,-118.50321996899,detection_avg,0.6810011215233039,pct_veterans_2,river_drainage_segments_count,0.01936485518396693
190,535,32,US,469,BlockApportionment:US.BlockGroups;PointsLayer:US.BlockPoints,2.191,2.576,1,65,63,4497,64,32.44,166,5.59,33,US,83,BlockApportionment:US.BlockGroups;PointsLayer:US.BlockPoints,2.191,2.576,1,25.35,5.25,36.93,1.97,4.14,4.63,18.15,7.44,129,130,api_test_workflow_v2_20pct_model6_2026-05-07_batch2,34.25730302,-118.49908432,"16830 W DEVONSHIRE ST, 91344",0.0,34.2573030157_-118.499084315_0.jpg,2.0,0.8588,tent,1.9425,17.47,29.74,16.36,0,0,,,42,0,1,0,1,1,2,0,0,0,0,1,563,558,0,0,3,34,2587.05,73.95,0,0.0,2347.15,3,1214.85,504.32,14,0,0.0,2381.22,0.39,1,0.0,0,0.77,1,100.0,1,0.0,0,3.59,21.76,55.29,4.29,18.65,5.0,67.63,3,J-7,10,7,3,1,34.25006720294821,-118.50321996899,detection_avg,0.6810011215233039,pct_veterans_2,river_drainage_segments_count,0.01936485518396693
191,729,32,US,469,BlockApportionment:US.BlockGroups;PointsLayer:US.BlockPoints,2.191,2.576,1,65,63,4497,64,32.44,166,5.59,33,US,83,BlockApportionment:US.BlockGroups;PointsLayer:US.BlockPoints,2.191,2.576,1,25.35,5.25,36.93,1.97,4.14,4.63,18.15,7.44,129,130,api_test_workflow_v2_30pct_model6_2026-05-08,34.25724285,-118.49955545,"16840 W DEVONSHIRE ST, 91344",0.0,34.2572428544_-118.499555448_0.jpg,1.0,0.8239,tent,1.9425,17.47,29.74,16.36,0,0,,,42,0,1,0,1,1,2,0,0,0,0,1,563,558,0,0,3,34,2587.05,73.95,0,0.0,2347.15,3,1214.85,504.32,14,0,0.0,2381.22,0.39,1,0.0,0,0.77,1,100.0,1,0.0,0,3.59,21.76,55.29,4.29,18.65,5.0,67.63,1,J-7,10,7,3,1,34.25006720294821,-118.50321996899,detection_avg,0.6810011215233039,pct_veterans_2,river_drainage_segments_count,0.01936485518396693
192,1154,32,US,469,BlockApportionment:US.BlockGroups;PointsLayer:US.BlockPoints,2.191,2.576,1,65,63,4497,64,32.44,166,5.59,33,US,83,BlockApportionment:US.BlockGroups;PointsLayer:US.BlockPoints,2.191,2.576,1,25.35,5.25,36.93,1.97,4.14,4.63,18.15,7.44,129,130,api_test_workflow_v8_remaining_location_deduped_final_after10_30_2026-05-23,34.25730046,-118.49951042,"16836 W DEVONSHIRE ST, 91344",0.0,34.2573004614_-118.499510419_0.jpg,1.0,0.8579,tent,1.9425,17.47,29.74,16.36,0,0,,,42,0,1,0,1,1,2,0,0,0,0,1,563,558,0,0,3,34,2587.05,73.95,0,0.0,2347.15,3,1214.85,504.32,14,0,0.0,2381.22,0.39,1,0.0,0,0.77,1,100.0,1,0.0,0,3.59,21.76,55.29,4.29,18.65,5.0,67.63,0,J-7,10,7,3,0,34.25006720294821,-118.50321996899,detection_avg,0.6810011215233039,pct_veterans_2,river_drainage_segments_count,0.01936485518396693
193,1155,32,US,469,BlockApportionment:US.BlockGroups;PointsLayer:US.BlockPoints,2.191,2.576,1,65,63,4497,64,32.44,166,5.59,33,US,83,BlockApportionment:US.BlockGroups;PointsLayer:US.BlockPoints,2.191,2.576,1,25.35,5.25,36.93,1.97,4.14,4.63,18.15,7.44,129,130,api_test_workflow_v8_remaining_location_deduped_final_after10_30_2026-05-23,34.25730046,-118.49951042,"16836 W DEVONSHIRE ST, 91344",90.0,34.2573004614_-118.499510419_90.jpg,1.0,0.6836,tent,1.9425,17.47,29.74,16.36,0,0,,,42,0,1,0,1,1,2,0,0,0,0,1,563,558,0,0,3,34,2587.05,73.95,0,0.0,2347.15,3,1214.85,504.32,14,0,0.0,2381.22,0.39,1,0.0,0,0.77,1,100.0,1,0.0,0,3.59,21.76,55.29,4.29,18.65,5.0,67.63,0,J-7,10,7,3,0,34.25006720294821,-118.50321996899,detection_avg,0.6810011215233039,pct_veterans_2,river_drainage_segments_count,0.01936485518396693
194,1615,32,US,469,BlockApportionment:US.BlockGroups;PointsLayer:US.BlockPoints,2.191,2.576,1,65,63,4497,64,32.44,166,5.59,33,US,83,BlockApportionment:US.BlockGroups;PointsLayer:US.BlockPoints,2.191,2.576,1,25.35,5.25,36.93,1.97,4.14,4.63,18.15,7.44,129,130,api_test_workflow_v8_remaining_location_deduped_final_after10_30_2026-05-23,34.25731558,-118.49842925,"16800 W DEVONSHIRE ST, 91344",0.0,34.2573155843_-118.498429249_0.jpg,1.0,0.8634,tent,1.9425,17.47,29.74,16.36,0,0,,,42,0,1,0,1,1,2,0,0,0,0,1,563,558,0,0,3,34,2587.05,73.95,0,0.0,2347.15,3,1214.85,504.32,14,0,0.0,2381.22,0.39,1,0.0,0,0.77,1,100.0,1,0.0,0,3.59,21.76,55.29,4.29,18.65,5.0,67.63,0,J-7,10,7,3,0,34.25006720294821,-118.50321996899,detection_avg,0.6810011215233039,pct_veterans_2,river_drainage_segments_count,0.01936485518396693
195,1694,32,US,469,BlockApportionment:US.BlockGroups;PointsLayer:US.BlockPoints,2.191,2.576,1,65,63,4497,64,32.44,166,5.59,33,US,83,BlockApportionment:US.BlockGroups;PointsLayer:US.BlockPoints,2.191,2.576,1,25.35,5.25,36.93,1.97,4.14,4.63,18.15,7.44,129,130,api_test_workflow_v8_remaining_location_deduped_final_after10_30_2026-05-23,34.25739454,-118.49938403,"16860 W DEVONSHIRE ST, 91344",180.0,34.257394542_-118.499384026_180.jpg,1.0,0.8122,tent,1.9425,17.47,29.74,16.36,0,0,,,42,0,1,0,1,1,2,0,0,0,0,1,563,558,0,0,3,34,2587.05,73.95,0,0.0,2347.15,3,1214.85,504.32,14,0,0.0,2381.22,0.39,1,0.0,0,0.77,1,100.0,1,0.0,0,3.59,21.76,55.29,4.29,18.65,5.0,67.63,2,J-7,10,7,3,1,34.25006720294821,-118.50321996899,detection_avg,0.6810011215233039,pct_veterans_2,river_drainage_segments_count,0.01936485518396693
196,1719,32,US,469,BlockApportionment:US.BlockGroups;PointsLayer:US.BlockPoints,2.191,2.576,1,65,63,4497,64,32.44,166,5.59,33,US,83,BlockApportionment:US.BlockGroups;PointsLayer:US.BlockPoints,2.191,2.576,1,25.35,5.25,36.93,1.97,4.14,4.63,18.15,7.44,129,130,api_test_workflow_v8_remaining_location_deduped_final_after10_30_2026-05-23,34.25729897,-118.49996053,"16850 W DEVONSHIRE ST, 91344",0.0,34.257298974_-118.499960528_0.jpg,1.0,0.7492,tent,1.9425,17.47,29.74,16.36,0,0,,,42,0,1,0,1,1,2,0,0,0,0,1,563,558,0,0,3,34,2587.05,73.95,0,0.0,2347.15,3,1214.85,504.32,14,0,0.0,2381.22,0.39,1,0.0,0,0.77,1,100.0,1,0.0,0,3.59,21.76,55.29,4.29,18.65,5.0,67.63,2,J-7,10,7,3,1,34.25006720294821,-118.50321996899,detection_avg,0.6810011215233039,pct_veterans_2,river_drainage_segments_count,0.01936485518396693
197,-1,33,US,25,BlockApportionment:US.BlockGroups;PointsLayer:US.BlockPoints,2.191,2.576,1,104,92,6920,124,78.76,107,2.65,34,US,84,BlockApportionment:US.BlockGroups;PointsLayer:US.BlockPoints,2.191,2.576,1,22.23,5.73,27.71,6.54,4.71,2.27,22.2,8.48,90,93,,,,,,,,,,1.9425,17.47,29.74,16.36,0,0,,,30,0,0,0,0,0,1,0,1,0,0,0,346,295,0,1,1,61,5568.76,343.24,56,5344.46,343.24,2,445.06,551.81,2,4,5172.46,336.68,0.33,1,0.0,0,0.57,1,100.0,1,0.0,0,3.19,21.34,59.52,1.12,18.03,5.0,70.71,0,Z-41,26,41,1,0,33.7895054482915,-118.27728704388154,reconstructed,0.6226122353783816,la_geohub_500yr_flood_intersects,water_proxy_pct,0.025569538069291492
198,128,34,US,470,BlockApportionment:US.BlockGroups;PointsLayer:US.BlockPoints,2.191,2.576,1,68,47,4752,145,38.32,151,5.02,35,US,85,BlockApportionment:US.BlockGroups;PointsLayer:US.BlockPoints,2.191,2.576,1,30.59,5.31,28.37,2.82,3.87,5.5,17.21,6.02,119,121,api_test_workflow_v2_remaining_model6_2026-05-08,34.2419954,-118.4833924,"16113 W GLEDHILL ST, 91343",0.0,34.241995405_-118.483392402_0.jpg,1.0,0.7028,tent,1.9425,17.47,29.74,16.36,0,0,,,56,0,0,0,0,0,2,0,0,0,0,0,370,379,0,0,0,14,1498.08,380.76,0,0.0,1478.51,14,2039.08,308.07,1,0,0.0,1477.23,0.0,0,0.0,0,0.0,0,100.0,1,0.0,0,2.72,24.05,50.0,3.06,22.89,5.0,64.18,1,K-7,11,7,2,1,34.249900243650735,-118.4890927462614,detection_avg,0.6039193022950029,pct_veterans_2,river_drainage_segments_count,-0.01878458820454451
199,-1,11,US,283,BlockApportionment:US.BlockGroups;PointsLayer:US.BlockPoints,2.191,2.576,1,91,163,2290,148,13.19,147,0.58,36,US,412,BlockApportionment:US.BlockGroups;PointsLayer:US.BlockPoints,2.191,2.576,1,21.34,2.88,35.31,2.79,4.24,0.55,11.6,7.4,155,156,,,,,,,,,,1.9425,17.47,29.74,16.36,0,0,,,0,0,0,0,0,0,0,0,0,0,0,1,325,359,0,0,0,0,0.0,1073.63,0,0.0,1123.16,1,6.55,746.98,6,0,0.0,1143.73,2.33,1,0.0,0,2.33,1,100.0,1,0.0,0,18.33,72.66,10.55,1.18,15.62,2.0,31.89,11,U-17,21,17,0,1,34.11355700188271,-118.34785070678409,reconstructed,0.660378449780306,la_geohub_500yr_flood_area_pct,water_proxy_pct,-0.029613280028356573
200,80,35,US,26,BlockApportionment:US.BlockGroups;PointsLayer:US.BlockPoints,2.191,2.576,1,124,131,12210,181,91.93,71,1.43,37,US,86,BlockApportionment:US.BlockGroups;PointsLayer:US.BlockPoints,2.191,2.576,1,23.8,4.34,35.31,6.62,8.7,1.06,21.57,21.81,72,76,api_test_workflow_v2_20pct_model6_2026-05-07,33.79137711,-118.26899219,"1411 N RAVENNA AVE, 90744",0.0,33.791377106_-118.268992193_0.jpg,1.0,0.8261,tent,1.9425,17.47,29.74,16.36,0,0,,,42,0,1,1,0,4,0,0,0,0,0,1,742,712,0,0,7,21,1168.04,485.82,21,1168.04,485.82,1,30.59,733.85,9,2,2334.43,479.7,0.0,0,0.0,0,0.0,0,100.0,1,0.0,0,3.43,20.52,60.97,1.18,17.33,5.0,71.65,9,AA-41,27,41,4,1,33.78933848899402,-118.26315982115295,detection_avg,0.607520683594024,pct_severe_rent_burden,public_school_count,0.027350807433216745
201,1790,35,US,26,BlockApportionment:US.BlockGroups;PointsLayer:US.BlockPoints,2.191,2.576,1,124,131,12210,181,91.93,71,1.43,37,US,86,BlockApportionment:US.BlockGroups;PointsLayer:US.BlockPoints,2.191,2.576,1,23.8,4.34,35.31,6.62,8.7,1.06,21.57,21.81,72,76,api_test_workflow_v8_remaining_location_deduped_30pct_after10_2026-05-22,33.78179657,-118.26377525,"922 N MARINE AVE, 90744",90.0,33.7817965749_-118.263775251_90.jpg,1.0,0.7853,tent,1.9425,17.47,29.74,16.36,0,0,,,42,0,1,1,0,4,0,0,0,0,0,1,742,712,0,0,7,21,1168.04,485.82,21,1168.04,485.82,1,30.59,733.85,9,2,2334.43,479.7,0.0,0,0.0,0,0.0,0,100.0,1,0.0,0,3.43,20.52,60.97,1.18,17.33,5.0,71.65,28,AA-41,27,41,4,1,33.78933848899402,-118.26315982115295,detection_avg,0.607520683594024,pct_severe_rent_burden,public_school_count,0.027350807433216745
202,1670,36,US,27,BlockApportionment:US.BlockGroups;PointsLayer:US.BlockPoints,2.191,2.576,1,129,143,4983,133,91.17,95,3.08,38,US,87,BlockApportionment:US.BlockGroups;PointsLayer:US.BlockPoints,2.191,2.576,1,22.72,3.18,42.37,6.39,7.21,1.59,26.81,12.11,81,84,api_test_workflow_v8_remaining_location_deduped_30pct_after10_2026-05-22,33.79172826,-118.24355445,"1320 N COIL AVE, 90744",0.0,33.791728261_-118.243554453_0.jpg,2.0,0.89,tent,1.9425,17.47,29.74,16.36,0,0,,,0,0,0,0,0,0,0,0,1,0,0,0,244,217,0,1,0,24,1525.09,285.41,24,1525.09,285.41,1,111.35,693.82,0,2,2926.84,280.97,1.77,1,0.0,0,0.0,0,100.0,1,0.0,0,1.48,11.77,73.21,1.06,13.96,5.0,80.8,16,AB-41,28,41,0,1,33.789171529696546,-118.24903259842438,detection_avg,0.6460121484761442,food_access_count,water_proxy_pct,-0.01887949865639506
203,-1,37,US,471,BlockApportionment:US.BlockGroups;PointsLayer:US.BlockPoints,2.191,2.576,1,81,58,5723,114,58.29,123,5.13,39,US,88,BlockApportionment:US.BlockGroups;PointsLayer:US.BlockPoints,2.191,2.576,1,29.88,6.24,40.67,2.75,2.94,5.54,25.48,6.46,97,98,,,,,,,,,,1.9425,17.47,29.74,16.36,0,0,,,18,0,0,0,0,0,1,0,0,0,0,0,529,540,0,0,1,83,10766.19,243.53,51,8204.94,243.53,3,783.05,653.68,9,2,3005.27,242.14,0.0,0,0.0,0,0.0,0,100.0,1,0.0,0,3.23,26.69,49.44,3.88,19.99,5.0,63.64,8,L-7,12,7,1,1,34.24973328435326,-118.47496552353282,reconstructed,0.5999103932384457,total_crime_est,la_geohub_500yr_flood_area_pct,0.010798447937619825
204,-1,12,US,284,BlockApportionment:US.BlockGroups;PointsLayer:US.BlockPoints,2.191,2.576,1,108,182,1609,43,12.06,214,0.76,40,US,413,BlockApportionment:US.BlockGroups;PointsLayer:US.BlockPoints,2.191,2.576,1,16.28,6.33,8.65,0.0,0.86,2.75,12.06,4.6,178,175,,,,,,,,,,1.9425,17.47,29.74,16.36,0,0,,,10,0,0,0,0,0,1,0,0,0,0,1,262,285,0,0,0,42,7089.83,247.69,26,5547.37,247.69,1,763.72,95.45,13,2,2764.6,258.06,16.15,1,15.29,1,0.87,1,100.0,1,0.0,0,14.66,57.65,16.92,11.99,13.44,3.0,37.45,38,V-17,22,17,1,1,34.11339004258524,-118.33372348405548,reconstructed,0.6365316973398533,osm_amenity_count,water_proxy_pct,-0.053023862896407786
205,988,38,US,28,BlockApportionment:US.BlockGroups;PointsLayer:US.BlockPoints,2.191,2.576,1,120,136,610,129,86.23,103,0.82,41,US,89,BlockApportionment:US.BlockGroups;PointsLayer:US.BlockPoints,2.191,2.576,1,25.48,3.18,23.77,0.85,6.2,0.45,36.16,11.8,86,88,api_test_workflow_v2_20pct_model6_2026-05-07_batch2,33.78366847,-118.23920272,"939 N VREELAND AVE, 90744",0.0,33.7836684679_-118.239202724_0.jpg,1.0,0.9069,tent,1.9425,17.47,29.74,16.36,0,0,,,12,0,0,0,0,0,0,0,0,0,0,0,216,189,0,0,1,50,4185.98,514.0,33,2301.95,531.71,1,1507.78,191.8,0,2,2265.77,531.55,4.64,1,0.0,0,0.0,0,100.0,1,0.0,0,0.35,3.78,74.77,1.98,19.48,5.0,82.23,3,AC-41,29,41,0,1,33.78900457039907,-118.2349053756958,detection_avg,0.6626941947514838,pct_veterans_2,river_drainage_segments_count,-0.016959647866606697
206,1447,38,US,28,BlockApportionment:US.BlockGroups;PointsLayer:US.BlockPoints,2.191,2.576,1,120,136,610,129,86.23,103,0.82,41,US,89,BlockApportionment:US.BlockGroups;PointsLayer:US.BlockPoints,2.191,2.576,1,25.48,3.18,23.77,0.85,6.2,0.45,36.16,11.8,86,88,api_test_workflow_v8_remaining_location_deduped_30pct_after10_2026-05-22,33.78382846,-118.23908694,"VREELAND AVE AT OPP ST, 90744",90.0,33.7838284638_-118.239086944_90.jpg,1.0,0.9057,tent,1.9425,17.47,29.74,16.36,0,0,,,12,0,0,0,0,0,0,0,0,0,0,0,216,189,0,0,1,50,4185.98,514.0,33,2301.95,531.71,1,1507.78,191.8,0,2,2265.77,531.55,4.64,1,0.0,0,0.0,0,100.0,1,0.0,0,0.35,3.78,74.77,1.98,19.48,5.0,82.23,7,AC-41,29,41,0,1,33.78900457039907,-118.2349053756958,detection_avg,0.6626941947514838,pct_veterans_2,river_drainage_segments_count,-0.016959647866606697
207,1452,38,US,28,BlockApportionment:US.BlockGroups;PointsLayer:US.BlockPoints,2.191,2.576,1,120,136,610,129,86.23,103,0.82,41,US,89,BlockApportionment:US.BlockGroups;PointsLayer:US.BlockPoints,2.191,2.576,1,25.48,3.18,23.77,0.85,6.2,0.45,36.16,11.8,86,88,api_test_workflow_v8_remaining_location_deduped_30pct_after10_2026-05-22,33.79040809,-118.24119818,"MAURETANIA ST AT ALAMEDA ST, 90744",90.0,33.7904080908_-118.241198177_90.jpg,1.0,0.8371,tent,1.9425,17.47,29.74,16.36,0,0,,,12,0,0,0,0,0,0,0,0,0,0,0,216,189,0,0,1,50,4185.98,514.0,33,2301.95,531.71,1,1507.78,191.8,0,2,2265.77,531.55,4.64,1,0.0,0,0.0,0,100.0,1,0.0,0,0.35,3.78,74.77,1.98,19.48,5.0,82.23,3,AC-41,29,41,0,1,33.78900457039907,-118.2349053756958,detection_avg,0.6626941947514838,pct_veterans_2,river_drainage_segments_count,-0.016959647866606697
208,1860,38,US,28,BlockApportionment:US.BlockGroups;PointsLayer:US.BlockPoints,2.191,2.576,1,120,136,610,129,86.23,103,0.82,41,US,89,BlockApportionment:US.BlockGroups;PointsLayer:US.BlockPoints,2.191,2.576,1,25.48,3.18,23.77,0.85,6.2,0.45,36.16,11.8,86,88,api_test_workflow_v8_remaining_location_deduped_final_after10_30_2026-05-23,33.78394574,-118.24348481,"1018 N ALAMEDA ST, 90744",180.0,33.7839457364_-118.243484806_180.jpg,1.0,0.8528,tent,1.9425,17.47,29.74,16.36,0,0,,,12,0,0,0,0,0,0,0,0,0,0,0,216,189,0,0,1,50,4185.98,514.0,33,2301.95,531.71,1,1507.78,191.8,0,2,2265.77,531.55,4.64,1,0.0,0,0.0,0,100.0,1,0.0,0,0.35,3.78,74.77,1.98,19.48,5.0,82.23,0,AC-41,29,41,0,0,33.78900457039907,-118.2349053756958,detection_avg,0.6626941947514838,pct_veterans_2,river_drainage_segments_count,-0.016959647866606697
209,-1,39,US,472,BlockApportionment:US.BlockGroups;PointsLayer:US.BlockPoints,2.191,2.576,1,63,48,7158,119,52.88,122,2.84,42,US,90,BlockApportionment:US.BlockGroups;PointsLayer:US.BlockPoints,2.191,2.576,1,24.06,5.95,42.22,2.77,6.08,2.47,25.53,10.39,95,95,,,,,,,,,,1.9425,17.47,29.74,16.36,0,0,,,36,0,0,0,0,2,0,0,0,0,0,0,488,489,0,0,12,26,1914.1,591.48,0,0.0,1077.54,5,2002.08,438.45,4,0,0.0,1077.07,0.0,0,0.0,0,0.0,0,100.0,1,0.0,0,3.86,26.34,49.82,3.39,20.44,5.0,63.72,0,M-7,13,7,2,0,34.24956632505578,-118.46083830080424,reconstructed,0.6592519514547562,total_crime_est,la_geohub_500yr_flood_area_pct,0.015936554570153385
210,1013,40,US,29,BlockApportionment:US.BlockGroups;PointsLayer:US.BlockPoints,2.191,2.576,1,76,69,7895,183,35.15,99,4.19,43,US,91,BlockApportionment:US.BlockGroups;PointsLayer:US.BlockPoints,2.191,2.576,1,26.86,2.68,34.18,2.14,2.7,4.03,19.84,9.98,103,105,api_test_workflow_v8_remaining_location_deduped_10pct_2026-05-22,33.79566839,-118.29069845,"25200 S VERMONT AVE, 90710",90.0,33.7956683896_-118.290698452_90.jpg,1.0,0.7515,tent,1.9425,17.47,29.74,16.36,0,0,,,12,0,0,0,0,1,1,1,0,0,0,0,294,283,0,1,3,73,6982.31,171.91,18,2809.86,341.92,5,2561.41,382.1,0,2,2498.9,337.74,0.06,1,0.0,0,0.06,1,100.0,1,0.0,0,0.7,9.94,69.13,0.93,20.0,5.0,78.18,0,Y-40,25,40,2,0,33.8031397724683,-118.29141124782927,detection_avg,0.6247216989194876,la_geohub_500yr_flood_intersects,water_proxy_pct,0.03205668534226384
211,797,13,US,285,BlockApportionment:US.BlockGroups;PointsLayer:US.BlockPoints,2.191,2.576,1,118,180,7925,179,14.59,108,1.96,44,US,414,BlockApportionment:US.BlockGroups;PointsLayer:US.BlockPoints,2.191,2.576,1,11.0,2.18,35.34,1.75,1.32,1.49,8.7,12.67,129,128,api_test_workflow_v2_30pct_model6_2026-05-08,34.10502375,-118.32352666,"6138 W FRANKLIN AVE, 90028",270.0,34.1050237524_-118.323526659_270.jpg,1.0,0.7859,tent,1.9425,17.47,29.74,16.36,0,0,,,6,0,0,0,0,1,1,0,0,0,0,4,1650,1664,0,0,2,21,1989.79,695.2,21,1989.79,695.2,0,0.0,1149.62,3,2,1056.96,718.62,0.0,0,0.0,0,0.0,0,100.0,1,0.0,0,13.71,47.12,31.65,1.29,19.94,5.0,48.04,1,W-17,23,17,2,1,34.113223083287764,-118.3195962613269,detection_avg,0.6284718163373287,sud_treatment_count,business_sites_count,-0.027176231531025715
212,1476,41,US,473,BlockApportionment:US.BlockGroups;PointsLayer:US.BlockPoints,2.191,2.576,1,87,77,6401,86,81.27,120,1.82,45,US,92,BlockApportionment:US.BlockGroups;PointsLayer:US.BlockPoints,2.191,2.576,1,35.78,3.5,30.16,5.7,3.6,1.24,25.35,14.82,94,95,api_test_workflow_v8_remaining_location_deduped_30pct_after10_2026-05-22,34.24733806,-118.44765217,"14474 W VAN NUYS BLVD, 91331",180.0,34.2473380571_-118.447652174_180.jpg,1.0,0.9244,tent,1.9425,17.47,29.74,16.36,0,0,,,45,0,0,0,0,1,0,0,0,0,0,0,370,371,0,0,1,42,4222.52,378.15,0,0.0,1051.54,23,4301.84,177.7,4,0,0.0,1107.35,0.0,0,0.0,0,0.0,0,100.0,1,0.0,0,1.35,20.87,40.98,4.41,33.74,5.0,58.28,0,N-7,14,7,1,0,34.24939936575831,-118.44671107807564,detection_avg,0.5887762789880656,pct_veterans_2,river_drainage_segments_count,0.021681882132268918
213,-1,14,US,286,BlockApportionment:US.BlockGroups;PointsLayer:US.BlockPoints,2.191,2.576,1,99,166,1144,76,8.48,231,0.67,46,US,415,BlockApportionment:US.BlockGroups;PointsLayer:US.BlockPoints,2.191,2.576,1,3.55,0.0,9.68,2.03,0.6,0.58,8.1,13.3,223,228,,,,,,,,,,1.9425,17.47,29.74,16.36,0,0,,,0,0,0,0,0,0,0,0,0,0,0,0,135,129,0,0,0,0,0.0,985.96,0,0.0,1919.88,9,1449.44,23.97,7,0,0.0,1922.52,0.0,0,0.0,0,0.0,0,100.0,1,0.0,0,15.41,69.58,12.57,2.55,15.3,3.0,34.18,0,X-17,24,17,0,0,34.11305612399029,-118.30546903859832,reconstructed,0.6572577825302748,esri_market_idx_14068_forecast,business_sites_count,-0.04022345057913661
214,-1,42,US,30,BlockApportionment:US.BlockGroups;PointsLayer:US.BlockPoints,2.191,2.576,1,121,125,3596,83,53.34,138,4.29,47,US,93,BlockApportionment:US.BlockGroups;PointsLayer:US.BlockPoints,2.191,2.576,1,38.71,3.92,45.04,4.82,4.64,3.92,23.8,6.89,107,108,,,,,,,,,,1.9425,17.47,29.74,16.36,0,0,,,0,0,0,0,0,0,0,0,0,0,0,0,21,20,0,0,0,60,5321.37,97.81,5,459.29,712.13,5,412.93,642.83,6,0,0.0,862.21,0.0,0,0.0,0,0.0,0,100.0,1,0.0,0,2.33,17.03,67.67,0.99,14.3,5.0,76.67,0,Z-40,26,40,0,0,33.802972813170825,-118.2772840251007,reconstructed,0.6544833415706655,total_population,pct_household_disability,-0.039602800533934654
215,-1,43,US,474,BlockApportionment:US.BlockGroups;PointsLayer:US.BlockPoints,2.191,2.576,1,98,81,7591,167,86.68,126,1.93,48,US,94,BlockApportionment:US.BlockGroups;PointsLayer:US.BlockPoints,2.191,2.576,1,39.49,2.47,44.93,9.13,7.4,1.71,26.24,14.82,100,105,,,,,,,,,,1.9425,17.47,29.74,16.36,0,0,,,30,0,0,0,0,1,0,0,0,0,0,0,515,530,0,0,4,36,5446.01,606.56,28,4919.59,606.56,3,1613.81,8.55,2,2,2024.36,626.81,0.0,0,0.0,0,0.0,0,100.0,1,0.0,0,2.0,20.34,54.26,3.29,22.1,5.0,67.38,0,O-7,15,7,1,0,34.249232406460834,-118.43258385534706,reconstructed,0.6354376648554464,pct_severe_rent_burden,public_school_count,0.03184674760959032
216,1365,15,US,287,BlockApportionment:US.BlockGroups;PointsLayer:US.BlockPoints,2.191,2.576,1,107,143,8077,157,14.13,147,4.12,49,US,416,BlockApportionment:US.BlockGroups;PointsLayer:US.BlockPoints,2.191,2.576,1,12.07,7.14,17.77,1.28,2.33,3.75,8.08,6.92,147,143,api_test_workflow_v2_remaining_model6_2026-05-08,34.11207563,-118.29148692,"4654 W GAINSBOROUGH AVE, 90027",270.0,34.1120756299_-118.291486919_270.jpg,1.0,0.7474,tent,1.9425,17.47,29.74,16.36,0,0,,,33,0,0,1,0,0,1,0,0,0,0,0,1625,1785,0,0,0,14,1570.77,26.35,0,0.0,2067.39,1,132.0,797.51,32,0,0.0,2194.7,0.8,1,0.0,0,0.0,0,100.0,1,0.0,0,8.3,37.93,37.87,2.18,22.03,5.0,54.02,3,Y-17,25,17,1,1,34.11288916469281,-118.29134181586971,detection_avg,0.6296901931182644,business_sites_count,bare_ground_proxy_pct,0.037642729344849746
217,-1,44,US,31,BlockApportionment:US.BlockGroups;PointsLayer:US.BlockPoints,2.191,2.576,1,106,95,8164,226,78.59,112,2.74,0,US,95,BlockApportionment:US.BlockGroups;PointsLayer:US.BlockPoints,2.191,2.576,1,28.86,2.7,34.61,7.84,4.95,1.83,24.62,12.22,111,114,,,,,,,,,,1.9425,17.47,29.74,16.36,0,0,,,27,0,0,0,0,3,1,0,0,0,0,0,188,178,0,0,9,0,0.0,887.35,0,0.0,1007.95,0,0.0,1227.58,0,0,0.0,1002.24,0.0,0,0.0,0,0.0,0,100.0,1,0.0,0,0.76,13.95,62.17,0.41,23.47,5.0,73.29,1,AA-40,27,40,4,1,33.802805853873345,-118.26315680237212,reconstructed,0.6067593809746977,nearest_river_drainage_m,water_proxy_pct,0.022339386937921524
218,-1,16,US,288,BlockApportionment:US.BlockGroups;PointsLayer:US.BlockPoints,2.191,2.576,1,92,127,4474,102,15.56,168,1.85,1,US,417,BlockApportionment:US.BlockGroups;PointsLayer:US.BlockPoints,2.191,2.576,1,16.72,2.27,36.22,0.02,3.22,1.14,8.39,9.11,158,153,,,,,,,,,,1.9425,17.47,29.74,16.36,0,0,,,24,0,0,0,0,0,0,0,0,0,0,1,648,681,0,0,0,56,6245.56,381.16,25,3982.06,591.75,5,708.97,289.63,3,2,1315.72,705.7,0.12,1,0.11,1,0.0,0,100.0,1,0.0,0,15.54,51.38,26.13,2.94,19.54,5.0,43.63,0,Z-17,26,17,0,0,34.112722205395336,-118.27721459314114,reconstructed,0.6528399384748346,fema_flood_hazard_intersects,tree_canopy_proxy_pct,0.023968966420128038
219,790,45,US,475,BlockApportionment:US.BlockGroups;PointsLayer:US.BlockPoints,2.191,2.576,1,148,139,10905,105,91.75,107,1.48,2,US,96,BlockApportionment:US.BlockGroups;PointsLayer:US.BlockPoints,2.191,2.576,1,38.38,10.09,33.58,12.21,5.23,1.5,21.11,19.04,91,94,api_test_workflow_v2_30pct_model6_2026-05-08,34.24647884,-118.42167378,"SUNBURST ST AT REMICK AVE, 91331",0.0,34.246478842_-118.421673778_0.jpg,1.0,0.8315,tent,1.9425,17.47,29.74,16.36,0,0,,,42,0,0,0,0,1,0,0,0,0,0,0,641,601,1,0,7,42,3110.81,426.93,2,181.87,811.62,0,0.0,1225.37,4,0,0.0,823.6,0.0,0,0.0,0,0.0,0,100.0,1,0.0,0,2.35,18.22,59.61,4.64,17.52,5.0,71.02,6,P-7,16,7,1,1,34.24906544716336,-118.41845663261849,detection_avg,0.6705758458545352,total_population,pct_household_disability,0.04542397736276788
220,791,45,US,475,BlockApportionment:US.BlockGroups;PointsLayer:US.BlockPoints,2.191,2.576,1,148,139,10905,105,91.75,107,1.48,2,US,96,BlockApportionment:US.BlockGroups;PointsLayer:US.BlockPoints,2.191,2.576,1,38.38,10.09,33.58,12.21,5.23,1.5,21.11,19.04,91,94,api_test_workflow_v2_30pct_model6_2026-05-08,34.24647884,-118.42167378,"SUNBURST ST AT REMICK AVE, 91331",180.0,34.246478842_-118.421673778_180.jpg,1.0,0.7971,tent,1.9425,17.47,29.74,16.36,0,0,,,42,0,0,0,0,1,0,0,0,0,0,0,641,601,1,0,7,42,3110.81,426.93,2,181.87,811.62,0,0.0,1225.37,4,0,0.0,823.6,0.0,0,0.0,0,0.0,0,100.0,1,0.0,0,2.35,18.22,59.61,4.64,17.52,5.0,71.02,11,P-7,16,7,1,1,34.24906544716336,-118.41845663261849,detection_avg,0.6705758458545352,total_population,pct_household_disability,0.04542397736276788
221,1088,45,US,475,BlockApportionment:US.BlockGroups;PointsLayer:US.BlockPoints,2.191,2.576,1,148,139,10905,105,91.75,107,1.48,2,US,96,BlockApportionment:US.BlockGroups;PointsLayer:US.BlockPoints,2.191,2.576,1,38.38,10.09,33.58,12.21,5.23,1.5,21.11,19.04,91,94,api_test_workflow_v8_remaining_location_deduped_30pct_after10_2026-05-22,34.2472881,-118.42242224,"9740 N REMICK AVE, 91331",0.0,34.2472880988_-118.422422243_0.jpg,1.0,0.8846,tent,1.9425,17.47,29.74,16.36,0,0,,,42,0,0,0,0,1,0,0,0,0,0,0,641,601,1,0,7,42,3110.81,426.93,2,181.87,811.62,0,0.0,1225.37,4,0,0.0,823.6,0.0,0,0.0,0,0.0,0,100.0,1,0.0,0,2.35,18.22,59.61,4.64,17.52,5.0,71.02,29,P-7,16,7,1,1,34.24906544716336,-118.41845663261849,detection_avg,0.6705758458545352,total_population,pct_household_disability,0.04542397736276788
222,795,17,US,289,BlockApportionment:US.BlockGroups;PointsLayer:US.BlockPoints,2.191,2.576,1,106,121,6029,160,28.21,158,2.85,3,US,418,BlockApportionment:US.BlockGroups;PointsLayer:US.BlockPoints,2.191,2.576,1,21.99,4.86,22.22,2.36,3.53,2.77,9.83,8.04,146,147,api_test_workflow_v2_30pct_model6_2026-05-08,34.11634122,-118.2670386,"SUNNYNOOK DR AT LEGION LANE, 90039",0.0,34.1163412185_-118.267038602_0.jpg,1.0,0.7358,tent,1.9425,17.47,29.74,16.36,0,0,,,12,0,1,0,0,1,0,1,2,0,0,1,1224,1264,0,1,1,45,6532.73,14.25,26,5074.23,14.25,8,1750.39,120.53,15,2,3158.08,17.47,10.63,1,10.63,1,0.0,0,100.0,1,0.0,0,5.89,30.17,44.61,4.18,21.04,5.0,59.46,30,AA-17,27,17,1,1,34.11255524609786,-118.26308737041256,detection_avg,0.670616057308336,esri_market_idx_14068_forecast,business_sites_count,-0.0188965854076186
223,896,17,US,289,BlockApportionment:US.BlockGroups;PointsLayer:US.BlockPoints,2.191,2.576,1,106,121,6029,160,28.21,158,2.85,3,US,418,BlockApportionment:US.BlockGroups;PointsLayer:US.BlockPoints,2.191,2.576,1,21.99,4.86,22.22,2.36,3.53,2.77,9.83,8.04,146,147,api_test_workflow_v2_10pct_model6_2026-05-06_live,34.10971035,-118.25675187,"3110 W HOLLYDALE DR, 90039",270.0,34.1097103512_-118.256751874_270.jpg,1.0,0.625,tent,1.9425,17.47,29.74,16.36,0,0,,,12,0,1,0,0,1,0,1,2,0,0,1,1224,1264,0,1,1,45,6532.73,14.25,26,5074.23,14.25,8,1750.39,120.53,15,2,3158.08,17.47,10.63,1,10.63,1,0.0,0,100.0,1,0.0,0,5.89,30.17,44.61,4.18,21.04,5.0,59.46,31,AA-17,27,17,1,1,34.11255524609786,-118.26308737041256,detection_avg,0.670616057308336,esri_market_idx_14068_forecast,business_sites_count,-0.0188965854076186
224,410,46,US,476,BlockApportionment:US.BlockGroups;PointsLayer:US.BlockPoints,2.191,2.576,1,154,147,3124,90,81.53,114,2.15,4,US,97,BlockApportionment:US.BlockGroups;PointsLayer:US.BlockPoints,2.191,2.576,1,43.63,8.68,29.09,6.5,6.18,2.19,23.02,10.69,98,99,api_test_workflow_v2_20pct_model6_2026-05-07,34.24778501,-118.40187564,"9750 N SAN FERNANDO ROAD, 91352",0.0,34.247785006_-118.401875643_0.jpg,1.0,0.7517,tent,1.9425,17.47,29.74,16.36,0,0,,,24,0,0,0,0,0,0,0,0,0,0,1,479,455,0,0,0,6,1452.47,275.8,0,0.0,1260.73,11,2904.09,269.81,1,0,0.0,1300.75,0.01,1,0.0,0,0.0,0,100.0,1,0.0,0,2.0,17.93,50.91,3.12,28.04,5.0,65.04,4,Q-7,17,7,0,1,34.24889848786588,-118.4043294098899,detection_avg,0.6816032623867158,business_sites_count,bare_ground_proxy_pct,0.030178027633895984
225,961,46,US,476,BlockApportionment:US.BlockGroups;PointsLayer:US.BlockPoints,2.191,2.576,1,154,147,3124,90,81.53,114,2.15,4,US,97,BlockApportionment:US.BlockGroups;PointsLayer:US.BlockPoints,2.191,2.576,1,43.63,8.68,29.09,6.5,6.18,2.19,23.02,10.69,98,99,api_test_workflow_v2_20pct_model6_2026-05-07_batch2,34.23997331,-118.40096529,"9415 N TELFAIR AVE, 91352",90.0,34.2399733094_-118.400965291_90.jpg,1.0,0.8362,tent,1.9425,17.47,29.74,16.36,0,0,,,24,0,0,0,0,0,0,0,0,0,0,1,479,455,0,0,0,6,1452.47,275.8,0,0.0,1260.73,11,2904.09,269.81,1,0,0.0,1300.75,0.01,1,0.0,0,0.0,0,100.0,1,0.0,0,2.0,17.93,50.91,3.12,28.04,5.0,65.04,7,Q-7,17,7,0,1,34.24889848786588,-118.4043294098899,detection_avg,0.6816032623867158,business_sites_count,bare_ground_proxy_pct,0.030178027633895984
226,1051,46,US,476,BlockApportionment:US.BlockGroups;PointsLayer:US.BlockPoints,2.191,2.576,1,154,147,3124,90,81.53,114,2.15,4,US,97,BlockApportionment:US.BlockGroups;PointsLayer:US.BlockPoints,2.191,2.576,1,43.63,8.68,29.09,6.5,6.18,2.19,23.02,10.69,98,99,api_test_workflow_v8_remaining_location_deduped_30pct_after10_2026-05-22,34.24872945,-118.40289919,"9800 N SAN FERNANDO ROAD, 91331",270.0,34.2487294505_-118.402899186_270.jpg,1.0,0.6712,tent,1.9425,17.47,29.74,16.36,0,0,,,24,0,0,0,0,0,0,0,0,0,0,1,479,455,0,0,0,6,1452.47,275.8,0,0.0,1260.73,11,2904.09,269.81,1,0,0.0,1300.75,0.01,1,0.0,0,0.0,0,100.0,1,0.0,0,2.0,17.93,50.91,3.12,28.04,5.0,65.04,2,Q-7,17,7,0,1,34.24889848786588,-118.4043294098899,detection_avg,0.6816032623867158,business_sites_count,bare_ground_proxy_pct,0.030178027633895984
227,1302,46,US,476,BlockApportionment:US.BlockGroups;PointsLayer:US.BlockPoints,2.191,2.576,1,154,147,3124,90,81.53,114,2.15,4,US,97,BlockApportionment:US.BlockGroups;PointsLayer:US.BlockPoints,2.191,2.576,1,43.63,8.68,29.09,6.5,6.18,2.19,23.02,10.69,98,99,api_test_workflow_v8_remaining_location_deduped_30pct_after10_2026-05-22,34.24870268,-118.40285902,"9800 N SAN FERNANDO ROAD, 91331",270.0,34.2487026771_-118.402859023_270.jpg,1.0,0.6712,tent,1.9425,17.47,29.74,16.36,0,0,,,24,0,0,0,0,0,0,0,0,0,0,1,479,455,0,0,0,6,1452.47,275.8,0,0.0,1260.73,11,2904.09,269.81,1,0,0.0,1300.75,0.01,1,0.0,0,0.0,0,100.0,1,0.0,0,2.0,17.93,50.91,3.12,28.04,5.0,65.04,1,Q-7,17,7,0,1,34.24889848786588,-118.4043294098899,detection_avg,0.6816032623867158,business_sites_count,bare_ground_proxy_pct,0.030178027633895984
228,638,18,US,290,BlockApportionment:US.BlockGroups;PointsLayer:US.BlockPoints,2.191,2.576,1,121,140,6517,79,52.91,103,1.05,5,US,419,BlockApportionment:US.BlockGroups;PointsLayer:US.BlockPoints,2.191,2.576,1,34.86,5.2,25.54,4.29,4.25,1.22,17.85,15.09,101,105,api_test_workflow_v2_remaining_model6_2026-05-08,34.11471806,-118.24452216,"3027 N ROSWELL ST, 90065",0.0,34.1147180554_-118.244522162_0.jpg,1.0,0.6099,tent,1.9425,17.47,29.74,16.36,0,0,,,68,0,1,0,0,2,0,0,0,0,0,0,838,869,1,0,4,59,3820.26,107.62,27,2229.72,663.83,0,0.0,984.16,10,2,1221.47,683.04,0.0,0,0.0,0,0.0,0,100.0,1,0.0,0,1.53,21.31,58.74,2.41,17.54,5.0,70.66,0,AB-17,28,17,2,0,34.11238828680038,-118.24896014768396,detection_avg,0.5569150768005525,total_population,pct_household_disability,0.014574054248949064
229,782,18,US,290,BlockApportionment:US.BlockGroups;PointsLayer:US.BlockPoints,2.191,2.576,1,121,140,6517,79,52.91,103,1.05,5,US,419,BlockApportionment:US.BlockGroups;PointsLayer:US.BlockPoints,2.191,2.576,1,34.86,5.2,25.54,4.29,4.25,1.22,17.85,15.09,101,105,api_test_workflow_v2_30pct_model6_2026-05-08,34.11188708,-118.24691213,"3013 W CASITAS AVE, 90039",270.0,34.111887084_-118.246912131_270.jpg,2.0,0.8541,tent,1.9425,17.47,29.74,16.36,0,0,,,68,0,1,0,0,2,0,0,0,0,0,0,838,869,1,0,4,59,3820.26,107.62,27,2229.72,663.83,0,0.0,984.16,10,2,1221.47,683.04,0.0,0,0.0,0,0.0,0,100.0,1,0.0,0,1.53,21.31,58.74,2.41,17.54,5.0,70.66,0,AB-17,28,17,2,0,34.11238828680038,-118.24896014768396,detection_avg,0.5569150768005525,total_population,pct_household_disability,0.014574054248949064
230,960,18,US,290,BlockApportionment:US.BlockGroups;PointsLayer:US.BlockPoints,2.191,2.576,1,121,140,6517,79,52.91,103,1.05,5,US,419,BlockApportionment:US.BlockGroups;PointsLayer:US.BlockPoints,2.191,2.576,1,34.86,5.2,25.54,4.29,4.25,1.22,17.85,15.09,101,105,api_test_workflow_v2_20pct_model6_2026-05-07_batch2,34.11354529,-118.24482777,"3020 W SAN FERNANDO ROAD, 90065",90.0,34.1135452892_-118.244827768_90.jpg,1.0,0.6133,tent,1.9425,17.47,29.74,16.36,0,0,,,68,0,1,0,0,2,0,0,0,0,0,0,838,869,1,0,4,59,3820.26,107.62,27,2229.72,663.83,0,0.0,984.16,10,2,1221.47,683.04,0.0,0,0.0,0,0.0,0,100.0,1,0.0,0,1.53,21.31,58.74,2.41,17.54,5.0,70.66,0,AB-17,28,17,2,0,34.11238828680038,-118.24896014768396,detection_avg,0.5569150768005525,total_population,pct_household_disability,0.014574054248949064
231,1208,18,US,290,BlockApportionment:US.BlockGroups;PointsLayer:US.BlockPoints,2.191,2.576,1,121,140,6517,79,52.91,103,1.05,5,US,419,BlockApportionment:US.BlockGroups;PointsLayer:US.BlockPoints,2.191,2.576,1,34.86,5.2,25.54,4.29,4.25,1.22,17.85,15.09,101,105,api_test_workflow_v8_remaining_location_deduped_30pct_after10_2026-05-22,34.11385515,-118.24461609,"3017 W SAN FERNANDO ROAD, 90065",0.0,34.1138551516_-118.244616088_0.jpg,1.0,0.8314,tent,1.9425,17.47,29.74,16.36,0,0,,,68,0,1,0,0,2,0,0,0,0,0,0,838,869,1,0,4,59,3820.26,107.62,27,2229.72,663.83,0,0.0,984.16,10,2,1221.47,683.04,0.0,0,0.0,0,0.0,0,100.0,1,0.0,0,1.53,21.31,58.74,2.41,17.54,5.0,70.66,0,AB-17,28,17,2,0,34.11238828680038,-118.24896014768396,detection_avg,0.5569150768005525,total_population,pct_household_disability,0.014574054248949064
232,220,19,US,291,BlockApportionment:US.BlockGroups;PointsLayer:US.BlockPoints,2.191,2.576,1,122,117,7855,179,61.81,117,1.29,6,US,420,BlockApportionment:US.BlockGroups;PointsLayer:US.BlockPoints,2.191,2.576,1,20.43,4.69,23.41,3.55,3.81,1.42,15.9,13.26,123,127,api_test_workflow_v2_30pct_model6_2026-05-08,34.11493893,-118.23577547,"3500 N EAGLE ROCK BLVD, 90065",90.0,34.1149389299_-118.235775474_90.jpg,1.0,0.627,tent,1.9425,17.47,29.74,16.36,0,0,,,52,0,0,0,0,3,0,1,0,0,0,0,824,809,0,1,4,33,3202.44,574.98,16,1937.69,630.2,0,0.0,873.57,2,2,1502.34,630.65,0.0,0,0.0,0,0.0,0,100.0,1,0.0,0,4.17,30.05,49.97,3.01,16.97,5.0,63.73,2,AC-17,29,17,3,1,34.11222132750291,-118.2348329249554,detection_avg,0.6508861591148009,pct_severe_rent_burden,public_school_count,0.032634432051880304
233,1893,19,US,291,BlockApportionment:US.BlockGroups;PointsLayer:US.BlockPoints,2.191,2.576,1,122,117,7855,179,61.81,117,1.29,6,US,420,BlockApportionment:US.BlockGroups;PointsLayer:US.BlockPoints,2.191,2.576,1,20.43,4.69,23.41,3.55,3.81,1.42,15.9,13.26,123,127,api_test_workflow_v8_remaining_location_deduped_final_after10_30_2026-05-23,34.10661239,-118.23210529,"2221 W AVENUE 33, 90065",90.0,34.1066123887_-118.232105294_90.jpg,1.0,0.8445,tent,1.9425,17.47,29.74,16.36,0,0,,,52,0,0,0,0,3,0,1,0,0,0,0,824,809,0,1,4,33,3202.44,574.98,16,1937.69,630.2,0,0.0,873.57,2,2,1502.34,630.65,0.0,0,0.0,0,0.0,0,100.0,1,0.0,0,4.17,30.05,49.97,3.01,16.97,5.0,63.73,2,AC-17,29,17,3,1,34.11222132750291,-118.2348329249554,detection_avg,0.6508861591148009,pct_severe_rent_burden,public_school_count,0.032634432051880304
234,82,20,US,292,BlockApportionment:US.BlockGroups;PointsLayer:US.BlockPoints,2.191,2.576,1,95,74,6057,83,38.86,135,7.65,7,US,421,BlockApportionment:US.BlockGroups;PointsLayer:US.BlockPoints,2.191,2.576,1,30.31,4.63,20.3,3.35,4.44,5.76,15.08,10.45,122,124,api_test_workflow_v2_20pct_model6_2026-05-07,34.12326667,-118.22172472,"4348 N EAGLE ROCK BLVD, 90041",270.0,34.1232666692_-118.221724716_270.jpg,1.0,0.7231,tent,1.9425,17.47,29.74,16.36,0,0,,,35,0,1,0,0,0,2,0,0,0,0,1,959,973,0,0,1,0,0.0,838.97,0,0.0,838.97,0,0.0,1960.56,5,0,0.0,838.02,0.0,0,0.0,0,0.0,0,100.0,1,0.0,0,7.71,36.63,38.87,4.18,20.32,5.0,54.9,3,AD-17,30,17,2,1,34.112054368205435,-118.2207057022268,detection_avg,0.6315363744593466,nearest_river_drainage_m,water_proxy_pct,-0.037418851272272395
235,-1,47,US,477,BlockApportionment:US.BlockGroups;PointsLayer:US.BlockPoints,2.191,2.576,1,118,203,31,148,70.97,0,3.7,8,US,98,BlockApportionment:US.BlockGroups;PointsLayer:US.BlockPoints,2.191,2.576,1,0.0,0.0,0.0,4.55,5.41,4.0,18.18,18.92,0,0,,,,,,,,,,1.9425,17.47,29.74,16.36,0,0,,,24,0,0,0,0,0,0,0,0,0,0,0,314,300,0,0,0,0,0.0,1193.49,0,0.0,2486.35,14,4458.87,8.82,3,0,0.0,2516.17,18.95,1,0.0,0,0.65,1,100.0,1,0.0,0,2.12,17.12,41.59,3.41,37.88,5.0,58.48,0,R-7,18,7,0,0,34.248731528568406,-118.39020218716132,reconstructed,0.6124709393641931,esri_market_idx_14068_forecast,business_sites_count,-0.0668143967640847
236,-1,21,US,293,BlockApportionment:US.BlockGroups;PointsLayer:US.BlockPoints,2.191,2.576,1,108,76,8878,164,60.57,129,2.63,9,US,422,BlockApportionment:US.BlockGroups;PointsLayer:US.BlockPoints,2.191,2.576,1,24.27,2.29,24.75,3.76,4.64,2.64,15.87,9.7,124,130,,,,,,,,,,1.9425,17.47,29.74,16.36,0,0,,,0,0,0,0,0,1,0,0,0,0,0,0,878,894,0,1,2,0,0.0,1214.31,0,0.0,1214.31,0,0.0,1249.57,2,0,0.0,1214.76,0.0,0,0.0,0,0.0,0,100.0,1,0.0,0,7.3,41.77,31.58,3.48,23.17,5.0,49.92,0,AE-17,31,17,1,0,34.11188740890796,-118.20657847949822,reconstructed,0.6323164015446698,pct_veterans_2,river_drainage_segments_count,-0.015229747782948028
237,-1,22,US,294,BlockApportionment:US.BlockGroups;PointsLayer:US.BlockPoints,2.191,2.576,1,126,105,11095,131,67.2,116,1.98,10,US,423,BlockApportionment:US.BlockGroups;PointsLayer:US.BlockPoints,2.191,2.576,1,20.98,6.75,27.62,3.58,5.03,2.0,20.08,10.65,104,107,,,,,,,,,,1.9425,17.47,29.74,16.36,0,0,,,38,0,1,0,0,3,2,1,0,0,0,0,1177,1141,0,3,9,0,0.0,1114.75,0,0.0,1114.75,0,0.0,1166.69,10,0,0.0,1116.2,0.0,0,0.0,0,0.0,0,100.0,1,0.0,0,2.94,21.44,56.77,3.18,18.61,5.0,68.86,0,AF-17,32,17,5,0,34.11172044961048,-118.19245125676964,reconstructed,0.6288859094689399,food_access_count,water_proxy_pct,-0.03568868790440248
238,-1,48,US,478,BlockApportionment:US.BlockGroups;PointsLayer:US.BlockPoints,2.191,2.576,1,127,211,984,102,32.93,102,5.07,11,US,99,BlockApportionment:US.BlockGroups;PointsLayer:US.BlockPoints,2.191,2.576,1,21.15,1.6,58.33,1.13,1.31,2.58,20.19,5.73,91,94,,,,,,,,,,1.9425,17.47,29.74,16.36,0,0,,,18,0,0,0,0,0,0,1,0,0,0,0,158,155,0,0,2,0,0.0,965.22,0,0.0,2110.92,3,711.13,601.44,3,0,0.0,2113.09,32.45,1,0.46,1,0.38,1,100.0,1,0.0,0,2.59,26.65,33.82,3.29,36.24,4.0,52.9,6,S-7,19,7,0,1,34.24856456927093,-118.37607496443272,reconstructed,0.5841174949365261,pct_severe_rent_burden,public_school_count,-0.017564249770312065
239,937,23,US,295,BlockApportionment:US.BlockGroups;PointsLayer:US.BlockPoints,2.191,2.576,1,111,81,6826,164,52.62,135,1.92,12,US,424,BlockApportionment:US.BlockGroups;PointsLayer:US.BlockPoints,2.191,2.576,1,22.68,3.0,19.88,5.36,3.81,2.49,14.63,6.51,132,132,api_test_workflow_v2_20pct_model6_2026-05-07_batch2,34.1151065,-118.18374163,"6218 N YORK BLVD, 90042",90.0,34.115106499_-118.183741626_90.jpg,1.0,0.7643,tent,1.9425,17.47,29.74,16.36,0,0,,,68,0,0,1,0,1,1,0,0,0,0,0,597,580,0,1,0,26,4141.05,6.94,26,4141.05,6.94,1,1679.02,45.92,11,2,3307.42,71.5,0.0,0,0.0,0,0.0,0,100.0,1,0.0,0,8.23,31.23,43.63,5.97,19.18,5.0,58.07,25,AG-17,33,17,2,1,34.11155349031301,-118.17832403404104,detection_avg,0.6358426928384243,esri_market_idx_14068_forecast,business_sites_count,-0.013444989385667268
240,-1,24,US,296,BlockApportionment:US.BlockGroups;PointsLayer:US.BlockPoints,2.191,2.576,1,70,111,2174,188,8.69,253,1.43,13,US,425,BlockApportionment:US.BlockGroups;PointsLayer:US.BlockPoints,2.191,2.576,1,12.72,0.66,28.07,0.0,0.08,0.36,10.34,3.7,259,258,,,,,,,,,,1.9425,17.47,29.74,16.36,0,0,,,12,0,0,0,0,0,0,0,0,0,0,1,301,290,0,0,0,0,0.0,1148.0,0,0.0,2453.83,18,2577.61,24.05,1,0,0.0,2477.76,0.0,0,0.0,0,0.0,0,97.71,1,0.0,0,25.38,65.9,13.55,3.12,17.43,1.0,31.87,10,R-16,18,16,0,1,34.127525244654464,-118.39022935618895,reconstructed,0.6037296297019487,esri_market_idx_14068_forecast,business_sites_count,-0.03135077444323951
241,-1,49,US,32,BlockApportionment:US.BlockGroups;PointsLayer:US.BlockPoints,2.191,2.576,1,143,190,8,0,87.5,0,0.0,14,US,100,BlockApportionment:US.BlockGroups;PointsLayer:US.BlockPoints,2.191,2.576,1,0.0,0.0,0.0,0.0,0.0,0.0,28.57,30.77,0,0,,,,,,,,,,1.9425,17.47,29.74,16.36,0,0,,,0,0,0,0,0,0,0,0,0,0,0,0,5,6,0,0,0,6,2402.08,95.4,0,0.0,786.21,1,338.09,766.05,0,0,0.0,951.86,3.9,1,0.0,0,0.0,0,100.0,1,0.0,0,0.17,1.34,77.38,1.16,20.12,5.0,84.12,14,AC-40,29,40,0,1,33.8024719352784,-118.23490235691494,reconstructed,0.6664591939221917,pct_veterans_2,river_drainage_segments_count,-0.039146938520684516
242,-1,25,US,297,BlockApportionment:US.BlockGroups;PointsLayer:US.BlockPoints,2.191,2.576,1,111,164,2160,179,8.8,212,0.44,15,US,426,BlockApportionment:US.BlockGroups;PointsLayer:US.BlockPoints,2.191,2.576,1,16.17,4.09,34.38,1.07,0.62,0.93,5.73,8.33,220,216,,,,,,,,,,1.9425,17.47,29.74,16.36,0,0,,,10,0,0,0,0,0,0,0,0,0,0,1,533,487,0,0,0,45,4448.65,441.71,22,3095.45,450.0,0,0.0,1373.9,8,2,1746.67,536.46,0.0,0,0.0,0,0.0,0,100.0,1,0.0,0,20.84,60.04,20.13,1.77,18.07,1.0,37.84,0,T-16,20,16,0,0,34.12719132605952,-118.3619749107318,reconstructed,0.656622115912297,esri_market_idx_14068_forecast,business_sites_count,0.03386354024388477
243,-1,0,US,479,BlockApportionment:US.BlockGroups;PointsLayer:US.BlockPoints,2.191,2.576,1,82,75,188,81,33.51,138,2.03,16,US,101,BlockApportionment:US.BlockGroups;PointsLayer:US.BlockPoints,2.191,2.576,1,20.75,5.66,0.0,6.25,1.89,2.19,12.5,15.09,122,128,,,,,,,,,,1.9425,17.47,29.74,16.36,0,0,,,0,0,0,0,0,0,0,0,0,0,0,0,10,9,0,0,0,3,316.93,771.48,3,316.93,778.29,8,2195.47,274.36,0,1,72.76,803.19,0.0,0,0.0,0,0.0,0,100.0,1,0.0,0,4.82,78.07,5.47,1.59,14.87,3.0,32.38,1,V-7,22,7,0,1,34.248063691378505,-118.33369329624698,reconstructed,0.63386152458976,pct_hs_grad,dominant_landcover_class,0.0327326496709614
244,-1,26,US,298,BlockApportionment:US.BlockGroups;PointsLayer:US.BlockPoints,2.191,2.576,1,123,215,2093,110,47.78,94,4.58,17,US,427,BlockApportionment:US.BlockGroups;PointsLayer:US.BlockPoints,2.191,2.576,1,13.31,7.29,31.83,1.55,4.01,5.83,6.14,10.97,96,98,,,,,,,,,,1.9425,17.47,29.74,16.36,0,0,,,0,0,0,0,0,0,0,0,0,0,0,0,55,56,0,0,0,15,3604.58,298.69,15,3604.58,298.69,26,3602.04,113.48,7,2,2909.34,303.32,1.56,1,1.55,1,0.0,0,100.0,1,0.0,0,16.78,59.14,21.47,4.17,15.22,3.0,39.99,13,Z-16,26,16,0,1,34.12618957027466,-118.2772115743603,reconstructed,0.622997405576593,total_crime_est,la_geohub_500yr_flood_area_pct,-0.014211704935116167
245,-1,27,US,299,BlockApportionment:US.BlockGroups;PointsLayer:US.BlockPoints,2.191,2.576,1,132,157,5047,93,30.67,158,2.24,18,US,428,BlockApportionment:US.BlockGroups;PointsLayer:US.BlockPoints,2.191,2.576,1,13.42,6.86,22.32,0.76,2.73,1.94,13.75,6.54,132,133,,,,,,,,,,1.9425,17.47,29.74,16.36,0,0,,,48,1,0,1,0,1,1,0,0,0,0,0,979,1024,0,1,2,118,7409.86,150.48,17,2355.46,694.11,3,1126.07,640.22,31,2,633.31,758.17,6.38,1,6.39,1,0.0,0,100.0,1,0.0,0,1.68,17.26,59.29,4.57,18.88,5.0,71.0,8,AA-16,27,16,2,1,34.12602261097719,-118.2630843516317,reconstructed,0.613642265898442,total_population,pct_household_disability,0.028933869417331365
246,-1,1,US,480,BlockApportionment:US.BlockGroups;PointsLayer:US.BlockPoints,2.191,2.576,1,94,93,3551,62,30.5,136,4.54,19,US,102,BlockApportionment:US.BlockGroups;PointsLayer:US.BlockPoints,2.191,2.576,1,28.42,11.5,30.31,2.6,3.37,5.97,20.17,8.98,103,105,,,,,,,,,,1.9425,17.47,29.74,16.36,0,0,,,24,0,1,1,0,1,2,0,0,0,0,0,356,320,0,0,1,14,651.54,709.06,0,0.0,1302.72,9,1543.34,244.12,7,0,0.0,1303.87,0.0,0,0.0,0,0.0,0,100.0,1,0.0,0,14.93,48.91,29.57,3.64,17.87,5.0,46.22,0,X-7,24,7,3,0,34.24772977278355,-118.3054388507898,reconstructed,0.6337522961294034,fema_flood_hazard_intersects,tree_canopy_proxy_pct,-0.021173535116595858
247,-1,28,US,300,BlockApportionment:US.BlockGroups;PointsLayer:US.BlockPoints,2.191,2.576,1,77,68,12885,145,32.44,70,1.22,20,US,429,BlockApportionment:US.BlockGroups;PointsLayer:US.BlockPoints,2.191,2.576,1,35.06,8.23,48.57,4.05,4.26,0.97,26.49,20.58,73,75,,,,,,,,,,1.9425,17.47,29.74,16.36,0,0,,,66,0,1,0,0,4,0,0,0,0,0,0,219,226,0,0,0,45,3057.32,453.34,0,0.0,1885.41,0,0.0,2091.3,12,0,0.0,1886.48,0.0,0,0.0,0,0.0,0,100.0,1,0.0,0,3.54,27.48,55.83,2.43,14.26,5.0,68.02,1,AB-16,28,16,4,1,34.125855651679714,-118.24895712890311,reconstructed,0.6463820061922502,pct_severe_rent_burden,public_school_count,-0.05549337400940531
248,-1,29,US,301,BlockApportionment:US.BlockGroups;PointsLayer:US.BlockPoints,2.191,2.576,1,100,81,6870,150,51.3,125,1.59,21,US,430,BlockApportionment:US.BlockGroups;PointsLayer:US.BlockPoints,2.191,2.576,1,17.74,5.82,34.17,3.88,3.92,2.03,20.84,11.65,119,122,,,,,,,,,,1.9425,17.47,29.74,16.36,0,0,,,10,0,0,0,0,2,0,0,0,0,0,0,543,627,0,0,4,33,4385.46,514.17,33,4385.46,514.17,0,0.0,2048.81,4,4,2722.32,624.89,0.0,0,0.0,0,0.0,0,100.0,1,0.0,0,7.59,42.79,35.21,2.72,19.28,5.0,52.37,3,AC-16,29,16,2,1,34.125688692382234,-118.23482990617454,reconstructed,0.6160983889422919,nearest_river_drainage_m,la_geohub_500yr_flood_area_pct,0.018976937838987573
249,-1,30,US,302,BlockApportionment:US.BlockGroups;PointsLayer:US.BlockPoints,2.191,2.576,1,99,80,7825,81,34.33,146,2.54,22,US,431,BlockApportionment:US.BlockGroups;PointsLayer:US.BlockPoints,2.191,2.576,1,23.33,5.1,22.4,2.81,2.61,2.74,10.35,6.14,135,138,,,,,,,,,,1.9425,17.47,29.74,16.36,0,0,,,14,0,0,0,0,1,1,0,0,0,0,0,851,820,0,0,1,12,2078.01,643.35,12,2078.01,643.35,0,0.0,1249.94,16,2,1450.59,652.79,0.0,0,0.0,0,0.0,0,100.0,1,0.0,0,3.88,30.59,42.99,4.4,22.02,5.0,58.93,0,AD-16,30,16,2,0,34.12552173308476,-118.22070268344596,reconstructed,0.6394279894389018,pct_veterans_2,river_drainage_segments_count,-0.018166593975552443
250,-1,2,US,33,BlockApportionment:US.BlockGroups;PointsLayer:US.BlockPoints,2.191,2.576,1,82,100,7101,98,33.5,123,4.94,23,US,103,BlockApportionment:US.BlockGroups;PointsLayer:US.BlockPoints,2.191,2.576,1,14.21,1.58,28.49,2.74,2.27,4.83,17.32,6.41,101,100,,,,,,,,,,1.9425,17.47,29.74,16.36,0,0,,,12,0,0,0,0,0,0,0,0,0,0,0,141,149,0,1,0,138,12549.5,196.19,26,4376.56,463.52,5,1547.36,480.66,7,2,2851.37,470.28,1.08,1,0.0,0,1.08,1,100.0,1,0.0,0,0.3,11.76,66.08,1.18,20.98,5.0,76.17,2,Y-39,25,39,0,1,33.816607137347624,-118.29140822904844,reconstructed,0.6041532074961007,la_geohub_500yr_flood_intersects,water_proxy_pct,0.023644746988426737
251,-1,31,US,303,BlockApportionment:US.BlockGroups;PointsLayer:US.BlockPoints,2.191,2.576,1,108,89,7534,155,49.36,116,2.32,24,US,432,BlockApportionment:US.BlockGroups;PointsLayer:US.BlockPoints,2.191,2.576,1,24.97,9.75,22.1,4.76,2.86,2.39,17.41,10.07,117,123,,,,,,,,,,1.9425,17.47,29.74,16.36,0,0,,,20,0,0,0,1,1,0,0,0,0,0,0,816,842,0,0,3,0,0.0,763.02,0,0.0,1863.35,0,0.0,763.02,17,0,0.0,1881.03,0.0,0,0.0,0,0.0,0,100.0,1,0.0,0,3.86,32.67,41.44,3.57,22.33,5.0,57.85,0,AE-16,31,16,1,0,34.125354773787286,-118.20657546071736,reconstructed,0.6135734688305897,osm_amenity_count,bare_ground_proxy_pct,-0.01801556523992066
252,-1,32,US,304,BlockApportionment:US.BlockGroups;PointsLayer:US.BlockPoints,2.191,2.576,1,123,93,5601,102,54.78,139,3.13,25,US,433,BlockApportionment:US.BlockGroups;PointsLayer:US.BlockPoints,2.191,2.576,1,16.29,4.89,29.43,2.07,3.84,3.07,13.28,13.21,141,146,,,,,,,,,,1.9425,17.47,29.74,16.36,0,0,,,48,0,0,0,0,0,0,0,0,0,0,0,600,606,0,1,4,0,0.0,1169.45,0,0.0,1169.45,0,0.0,784.03,2,0,0.0,1170.71,0.0,0,0.0,0,0.0,0,100.0,1,0.0,0,10.3,36.49,38.38,4.41,20.72,5.0,53.78,5,AG-16,33,16,0,1,34.12502085519233,-118.1783210152602,reconstructed,0.6196489636728355,pct_veterans_2,river_drainage_segments_count,-0.02561132878211326
253,-1,33,US,305,BlockApportionment:US.BlockGroups;PointsLayer:US.BlockPoints,2.191,2.576,1,84,133,4466,93,10.37,164,1.53,26,US,434,BlockApportionment:US.BlockGroups;PointsLayer:US.BlockPoints,2.191,2.576,1,12.64,1.93,23.99,0.1,5.52,0.93,8.66,7.28,195,190,,,,,,,,,,1.9425,17.47,29.74,16.36,0,0,,,39,0,0,1,0,0,1,0,0,0,0,3,1249,1296,0,0,0,18,1079.33,659.61,0,0.0,1205.66,2,1428.03,18.24,11,0,0.0,1204.18,0.0,0,0.0,0,0.0,0,100.0,1,0.0,0,13.59,45.63,31.46,3.59,19.32,5.0,47.94,3,N-15,14,15,1,1,34.1416604467237,-118.44673522832244,reconstructed,0.6081100081588238,total_population,pct_household_disability,0.030415088239269444
254,-1,34,US,306,BlockApportionment:US.BlockGroups;PointsLayer:US.BlockPoints,2.191,2.576,1,93,122,5093,181,12.45,172,4.39,27,US,435,BlockApportionment:US.BlockGroups;PointsLayer:US.BlockPoints,2.191,2.576,1,12.86,1.87,23.64,0.39,1.17,4.51,7.2,8.01,177,176,,,,,,,,,,1.9425,17.47,29.74,16.36,0,0,,,39,0,0,0,0,1,2,0,0,0,0,0,1233,1274,0,0,1,30,1589.36,150.29,0,0.0,1343.59,1,1415.0,304.4,18,0,0.0,1341.8,0.0,0,0.0,0,0.0,0,100.0,1,0.0,0,7.19,37.97,36.81,3.42,21.8,5.0,53.61,0,P-15,16,15,3,0,34.141326528128744,-118.41848078286527,reconstructed,0.6685338369817998,total_population,pct_household_disability,0.03309332891700348
255,361,3,US,481,BlockApportionment:US.BlockGroups;PointsLayer:US.BlockPoints,2.191,2.576,1,112,96,3492,190,30.3,75,3.24,28,US,104,BlockApportionment:US.BlockGroups;PointsLayer:US.BlockPoints,2.191,2.576,1,35.35,6.97,42.39,4.47,4.16,2.76,21.21,10.13,86,91,api_test_workflow_v2_5pct_fresh_2026-04-28,34.25243145,-118.29622962,"7523 W VALMONT ST, 91042",0.0,34.2524314547_-118.296229616_0.jpg,1.0,0.6918,tent,1.9425,17.47,29.74,16.36,0,0,,,30,0,0,0,0,0,0,0,1,0,0,0,479,461,0,0,0,18,1164.22,423.22,0,0.0,1160.83,16,1343.98,339.7,2,0,0.0,1187.19,0.0,0,0.0,0,0.0,0,100.0,1,0.0,0,25.12,60.36,23.5,3.07,13.08,1.0,38.91,9,Y-7,25,7,0,1,34.24756281348608,-118.29131162806122,detection_avg,0.648460740330172,total_population,pct_household_disability,-0.027192423576563624
256,579,3,US,481,BlockApportionment:US.BlockGroups;PointsLayer:US.BlockPoints,2.191,2.576,1,112,96,3492,190,30.3,75,3.24,28,US,104,BlockApportionment:US.BlockGroups;PointsLayer:US.BlockPoints,2.191,2.576,1,35.35,6.97,42.39,4.47,4.16,2.76,21.21,10.13,86,91,api_test_workflow_v2_20pct_model6_2026-05-07_batch2,34.25240828,-118.29193551,"7323 W VALMONT ST, 91042",270.0,34.2524082835_-118.29193551_270.jpg,1.0,0.7685,tent,1.9425,17.47,29.74,16.36,0,0,,,30,0,0,0,0,0,0,0,1,0,0,0,479,461,0,0,0,18,1164.22,423.22,0,0.0,1160.83,16,1343.98,339.7,2,0,0.0,1187.19,0.0,0,0.0,0,0.0,0,100.0,1,0.0,0,25.12,60.36,23.5,3.07,13.08,1.0,38.91,14,Y-7,25,7,0,1,34.24756281348608,-118.29131162806122,detection_avg,0.648460740330172,total_population,pct_household_disability,-0.027192423576563624
257,-1,35,US,307,BlockApportionment:US.BlockGroups;PointsLayer:US.BlockPoints,2.191,2.576,1,94,146,1906,136,8.5,253,0.41,29,US,436,BlockApportionment:US.BlockGroups;PointsLayer:US.BlockPoints,2.191,2.576,1,7.56,4.04,46.48,0.0,0.57,0.52,3.78,4.61,281,286,,,,,,,,,,1.9425,17.47,29.74,16.36,0,0,,,24,0,1,0,0,0,2,0,0,0,0,0,728,699,0,0,0,10,1014.54,545.09,0,0.0,1911.23,1,739.1,639.75,9,0,0.0,1935.43,0.0,0,0.0,0,0.0,0,100.0,1,0.0,0,17.07,60.39,20.01,2.71,16.89,3.0,38.89,8,Q-15,17,15,2,1,34.14115956883127,-118.4043535601367,reconstructed,0.6566863513836699,esri_market_idx_14068_forecast,business_sites_count,-0.03351363625742437
258,553,36,US,308,BlockApportionment:US.BlockGroups;PointsLayer:US.BlockPoints,2.191,2.576,1,81,114,6523,169,12.07,156,10.26,30,US,437,BlockApportionment:US.BlockGroups;PointsLayer:US.BlockPoints,2.191,2.576,1,12.21,4.6,19.36,0.27,1.45,10.16,6.88,10.25,178,178,api_test_workflow_v2_20pct_model6_2026-05-07_batch2,34.14667892,-118.3960048,"12095 W VALLEYHEART DR, 91604",90.0,34.1466789227_-118.396004802_90.jpg,1.0,0.6526,tent,1.9425,17.47,29.74,16.36,0,0,,,74,0,0,0,0,1,2,0,0,0,0,1,1676,1741,0,2,1,43,2348.05,188.04,0,0.0,1086.89,7,4173.66,161.9,37,0,0.0,1085.72,0.0,0,0.0,0,0.0,0,100.0,1,0.0,0,5.26,26.26,54.48,3.82,15.44,5.0,66.56,2,R-15,18,15,3,1,34.14099260953379,-118.39022633740812,detection_avg,0.6485244744689198,total_population,pct_household_disability,0.03419863099009994
259,631,36,US,308,BlockApportionment:US.BlockGroups;PointsLayer:US.BlockPoints,2.191,2.576,1,81,114,6523,169,12.07,156,10.26,30,US,437,BlockApportionment:US.BlockGroups;PointsLayer:US.BlockPoints,2.191,2.576,1,12.21,4.6,19.36,0.27,1.45,10.16,6.88,10.25,178,178,api_test_workflow_v2_remaining_model6_2026-05-08,34.15003426,-118.39411039,"11976 W MOORPARK ST, 91604",90.0,34.1500342612_-118.394110395_90.jpg,1.0,0.7447,tent,1.9425,17.47,29.74,16.36,0,0,,,74,0,0,0,0,1,2,0,0,0,0,1,1676,1741,0,2,1,43,2348.05,188.04,0,0.0,1086.89,7,4173.66,161.9,37,0,0.0,1085.72,0.0,0,0.0,0,0.0,0,100.0,1,0.0,0,5.26,26.26,54.48,3.82,15.44,5.0,66.56,0,R-15,18,15,3,0,34.14099260953379,-118.39022633740812,detection_avg,0.6485244744689198,total_population,pct_household_disability,0.03419863099009994
260,779,36,US,308,BlockApportionment:US.BlockGroups;PointsLayer:US.BlockPoints,2.191,2.576,1,81,114,6523,169,12.07,156,10.26,30,US,437,BlockApportionment:US.BlockGroups;PointsLayer:US.BlockPoints,2.191,2.576,1,12.21,4.6,19.36,0.27,1.45,10.16,6.88,10.25,178,178,api_test_workflow_v2_30pct_model6_2026-05-08,34.14081315,-118.38600635,"11641 W VENTURA BLVD, 91604",0.0,34.140813146_-118.386006351_0.jpg,1.0,0.7336,tent,1.9425,17.47,29.74,16.36,0,0,,,74,0,0,0,0,1,2,0,0,0,0,1,1676,1741,0,2,1,43,2348.05,188.04,0,0.0,1086.89,7,4173.66,161.9,37,0,0.0,1085.72,0.0,0,0.0,0,0.0,0,100.0,1,0.0,0,5.26,26.26,54.48,3.82,15.44,5.0,66.56,0,R-15,18,15,3,0,34.14099260953379,-118.39022633740812,detection_avg,0.6485244744689198,total_population,pct_household_disability,0.03419863099009994
261,625,37,US,309,BlockApportionment:US.BlockGroups;PointsLayer:US.BlockPoints,2.191,2.576,1,105,161,5227,121,12.44,159,3.16,31,US,438,BlockApportionment:US.BlockGroups;PointsLayer:US.BlockPoints,2.191,2.576,1,11.78,5.39,26.02,0.56,2.04,3.51,7.63,9.08,176,172,api_test_workflow_v2_remaining_model6_2026-05-08,34.1398845,-118.37900027,"TUJUNGA AVE AT VENTURA BLVD, 91604",90.0,34.1398844986_-118.379000275_90.jpg,1.0,0.6282,tent,1.9425,17.47,29.74,16.36,0,0,,,72,0,0,0,0,0,0,0,0,0,0,1,1077,1148,0,0,0,32,1729.05,272.94,0,0.0,988.7,1,1244.1,413.75,32,0,0.0,987.74,0.0,0,0.0,0,0.0,0,100.0,1,0.0,0,13.6,44.23,34.69,3.18,17.9,5.0,50.2,1,S-15,19,15,0,1,34.14082565023632,-118.37609911467952,detection_avg,0.6326036117756164,total_population,pct_household_disability,0.04166671810876822
262,424,38,US,310,BlockApportionment:US.BlockGroups;PointsLayer:US.BlockPoints,2.191,2.576,1,100,147,6624,169,17.87,128,1.66,32,US,439,BlockApportionment:US.BlockGroups;PointsLayer:US.BlockPoints,2.191,2.576,1,9.91,2.82,34.15,0.3,3.39,1.17,6.96,7.93,115,115,api_test_workflow_v2_20pct_model6_2026-05-07,34.14713612,-118.3675327,"4243 N SATSUMA AVE, 91602",270.0,34.1471361225_-118.367532696_270.jpg,1.0,0.7526,tent,1.9425,17.47,29.74,16.36,0,0,,,89,0,1,0,0,0,1,1,0,0,0,1,890,986,0,1,3,109,7340.1,5.92,33,3944.0,465.21,3,2288.12,122.8,33,2,2450.33,469.03,0.0,0,0.0,0,0.0,0,100.0,1,0.0,0,3.59,29.26,46.47,4.87,19.41,5.0,61.45,6,T-15,20,15,1,1,34.14065869093884,-118.36197189195094,detection_avg,0.6831394357543455,total_population,pct_household_disability,0.04793730452006458
263,1816,38,US,310,BlockApportionment:US.BlockGroups;PointsLayer:US.BlockPoints,2.191,2.576,1,100,147,6624,169,17.87,128,1.66,32,US,439,BlockApportionment:US.BlockGroups;PointsLayer:US.BlockPoints,2.191,2.576,1,9.91,2.82,34.15,0.3,3.39,1.17,6.96,7.93,115,115,api_test_workflow_v8_remaining_location_deduped_final_after10_30_2026-05-23,34.14041596,-118.36330556,"10709 W BLUFFSIDE DR, 91604",90.0,34.1404159642_-118.36330556_90.jpg,1.0,0.8329,tent,1.9425,17.47,29.74,16.36,0,0,,,89,0,1,0,0,0,1,1,0,0,0,1,890,986,0,1,3,109,7340.1,5.92,33,3944.0,465.21,3,2288.12,122.8,33,2,2450.33,469.03,0.0,0,0.0,0,0.0,0,100.0,1,0.0,0,3.59,29.26,46.47,4.87,19.41,5.0,61.45,1,T-15,20,15,1,1,34.14065869093884,-118.36197189195094,detection_avg,0.6831394357543455,total_population,pct_household_disability,0.04793730452006458
264,1817,38,US,310,BlockApportionment:US.BlockGroups;PointsLayer:US.BlockPoints,2.191,2.576,1,100,147,6624,169,17.87,128,1.66,32,US,439,BlockApportionment:US.BlockGroups;PointsLayer:US.BlockPoints,2.191,2.576,1,9.91,2.82,34.15,0.3,3.39,1.17,6.96,7.93,115,115,api_test_workflow_v8_remaining_location_deduped_final_after10_30_2026-05-23,34.14041596,-118.36330556,"10709 W BLUFFSIDE DR, 91604",180.0,34.1404159642_-118.36330556_180.jpg,1.0,0.9099,tent,1.9425,17.47,29.74,16.36,0,0,,,89,0,1,0,0,0,1,1,0,0,0,1,890,986,0,1,3,109,7340.1,5.92,33,3944.0,465.21,3,2288.12,122.8,33,2,2450.33,469.03,0.0,0,0.0,0,0.0,0,100.0,1,0.0,0,3.59,29.26,46.47,4.87,19.41,5.0,61.45,2,T-15,20,15,1,1,34.14065869093884,-118.36197189195094,detection_avg,0.6831394357543455,total_population,pct_household_disability,0.04793730452006458
265,-1,39,US,311,BlockApportionment:US.BlockGroups;PointsLayer:US.BlockPoints,2.191,2.576,1,110,199,1499,86,14.01,149,1.74,33,US,440,BlockApportionment:US.BlockGroups;PointsLayer:US.BlockPoints,2.191,2.576,1,19.43,8.14,56.23,1.44,0.62,2.15,7.31,11.86,132,130,,,,,,,,,,1.9425,17.47,29.74,16.36,0,0,,,5,0,0,0,0,0,0,0,0,0,0,1,408,494,0,0,0,63,5016.68,534.82,9,2656.1,544.62,2,1108.85,275.95,68,2,1243.04,613.42,0.0,0,0.0,0,0.0,0,100.0,1,0.0,0,9.65,45.65,38.65,1.41,14.29,5.0,54.16,4,U-15,21,15,0,1,34.14049173164137,-118.34784466922235,reconstructed,0.6512168346197907,esri_market_idx_14068_forecast,business_sites_count,-0.01337733150607801
266,-1,40,US,312,BlockApportionment:US.BlockGroups;PointsLayer:US.BlockPoints,2.191,2.576,1,88,137,96,90,25.0,109,1.79,34,US,441,BlockApportionment:US.BlockGroups;PointsLayer:US.BlockPoints,2.191,2.576,1,38.46,7.69,62.5,2.15,5.45,2.91,11.83,4.55,126,127,,,,,,,,,,1.9425,17.47,29.74,16.36,0,0,,,18,0,0,0,0,0,1,0,0,0,0,3,131,127,0,0,0,79,9466.71,25.06,60,8456.14,25.06,7,1788.28,43.6,0,4,4521.8,28.2,0.0,0,0.0,0,0.0,0,100.0,1,0.0,0,3.64,38.46,45.4,1.97,14.17,5.0,60.69,0,Z-15,26,15,1,0,34.13965693515399,-118.27720855557943,reconstructed,0.6156440786140641,sud_treatment_count,business_sites_count,0.033404247150563934
267,-1,41,US,313,BlockApportionment:US.BlockGroups;PointsLayer:US.BlockPoints,2.191,2.576,1,91,101,10199,152,36.15,85,1.28,35,US,442,BlockApportionment:US.BlockGroups;PointsLayer:US.BlockPoints,2.191,2.576,1,27.82,2.75,34.8,8.23,7.61,1.41,24.53,13.79,80,82,,,,,,,,,,1.9425,17.47,29.74,16.36,0,0,,,57,0,1,0,0,4,0,1,1,0,0,0,377,360,0,2,0,77,4065.07,108.03,11,1059.18,505.34,0,0.0,910.43,9,2,682.59,562.26,0.0,0,0.0,0,0.0,0,100.0,1,0.0,0,1.77,14.89,65.74,2.18,17.19,5.0,75.49,0,AA-15,27,15,4,0,34.13948997585651,-118.26308133285086,reconstructed,0.6317664064380419,pct_severe_rent_burden,public_school_count,0.02600877977389908
268,-1,42,US,314,BlockApportionment:US.BlockGroups;PointsLayer:US.BlockPoints,2.191,2.576,1,91,100,16326,117,19.74,66,1.16,36,US,443,BlockApportionment:US.BlockGroups;PointsLayer:US.BlockPoints,2.191,2.576,1,28.5,4.78,38.49,2.8,4.88,0.96,25.27,24.75,67,68,,,,,,,,,,1.9425,17.47,29.74,16.36,0,0,,,120,0,0,1,1,1,3,3,2,0,0,0,359,412,0,1,0,66,4282.65,205.41,0,0.0,1309.18,0,0.0,1462.83,73,0,0.0,1307.91,0.0,0,0.0,0,0.0,0,100.0,1,0.0,0,1.33,10.08,79.44,0.98,9.5,5.0,85.21,1,AB-15,28,15,4,1,34.13932301655904,-118.24895411012228,reconstructed,0.6429854728350827,food_access_count,water_proxy_pct,-0.01999926735671851
269,-1,43,US,315,BlockApportionment:US.BlockGroups;PointsLayer:US.BlockPoints,2.191,2.576,1,84,69,12596,138,22.55,105,1.57,37,US,444,BlockApportionment:US.BlockGroups;PointsLayer:US.BlockPoints,2.191,2.576,1,24.8,5.41,34.06,2.42,2.67,2.16,17.59,14.62,97,101,,,,,,,,,,1.9425,17.47,29.74,16.36,0,0,,,2,0,0,1,0,0,1,1,0,0,0,1,338,350,0,0,0,34,3159.02,554.59,6,2067.81,614.7,0,0.0,2435.06,13,2,1536.62,614.63,0.0,0,0.0,0,0.0,0,100.0,1,0.0,0,5.12,23.72,57.8,2.18,16.3,5.0,68.92,3,AC-15,29,15,1,1,34.139156057261566,-118.2348268873937,reconstructed,0.6386575525523555,nearest_river_drainage_m,water_proxy_pct,0.015746971947825237
270,1350,44,US,316,BlockApportionment:US.BlockGroups;PointsLayer:US.BlockPoints,2.191,2.576,1,106,91,3539,83,30.49,144,2.99,38,US,445,BlockApportionment:US.BlockGroups;PointsLayer:US.BlockPoints,2.191,2.576,1,19.23,3.19,26.83,1.29,4.76,2.61,12.9,6.51,131,132,api_test_workflow_v2_remaining_model6_2026-05-08,34.14127027,-118.22267837,"5116 N SIERRA VILLA DR, 90041",270.0,34.1412702654_-118.222678372_270.jpg,1.0,0.647,tent,1.9425,17.47,29.74,16.36,0,0,,,56,0,0,0,0,0,0,0,0,0,0,0,440,445,0,0,0,140,20396.19,65.22,112,18898.78,65.22,0,0.0,1923.16,11,4,5586.76,110.56,0.0,0,0.0,0,0.0,0,100.0,1,0.0,0,10.95,38.91,37.49,3.0,20.6,5.0,52.96,9,AD-15,30,15,0,1,34.138989097964085,-118.2206996646651,detection_avg,0.6562167349909935,nearest_river_drainage_m,la_geohub_500yr_flood_area_pct,0.01885268298639053
271,63,45,US,317,BlockApportionment:US.BlockGroups;PointsLayer:US.BlockPoints,2.191,2.576,1,93,79,5979,152,33.15,137,3.5,39,US,446,BlockApportionment:US.BlockGroups;PointsLayer:US.BlockPoints,2.191,2.576,1,20.48,5.14,13.99,0.51,2.03,2.9,15.61,5.8,137,140,api_test_workflow_v2_20pct_model6_2026-05-07,34.13327479,-118.21110841,"1984 W ADDISON WAY, 90041",90.0,34.1332747883_-118.211108412_90.jpg,1.0,0.7562,tent,1.9425,17.47,29.74,16.36,0,0,,,59,0,1,1,1,3,1,1,0,0,0,0,1009,1016,0,2,5,39,2822.86,171.55,0,0.0,832.21,2,62.6,690.39,24,0,0.0,828.58,0.0,0,0.0,0,0.0,0,100.0,1,0.0,0,5.53,34.6,41.88,2.85,20.68,5.0,57.66,11,AE-15,31,15,4,1,34.13882213866661,-118.20657244193652,detection_avg,0.6275959807537361,pct_severe_rent_burden,public_school_count,0.05098790786723447
272,-1,46,US,318,BlockApportionment:US.BlockGroups;PointsLayer:US.BlockPoints,2.191,2.576,1,102,132,2152,174,13.01,159,2.06,40,US,447,BlockApportionment:US.BlockGroups;PointsLayer:US.BlockPoints,2.191,2.576,1,17.25,1.05,27.4,0.12,1.67,1.57,14.3,4.18,149,148,,,,,,,,,,1.9425,17.47,29.74,16.36,0,0,,,0,0,0,0,0,1,0,0,0,0,0,2,271,294,0,0,1,0,0.0,934.66,0,0.0,1078.76,8,1323.6,429.38,0,0,0.0,1103.0,3.1,1,0.0,0,3.09,1,100.0,1,0.0,0,7.18,50.67,25.3,3.18,20.85,5.0,45.56,11,D-14,4,14,1,1,34.15679740457777,-118.58800443682745,reconstructed,0.610659500370312,sud_treatment_count,business_sites_count,0.030116622302170742
273,-1,47,US,319,BlockApportionment:US.BlockGroups;PointsLayer:US.BlockPoints,2.191,2.576,1,53,71,1975,157,6.53,235,2.8,41,US,448,BlockApportionment:US.BlockGroups;PointsLayer:US.BlockPoints,2.191,2.576,1,14.75,0.57,0.0,1.62,0.51,1.52,10.18,6.72,220,225,,,,,,,,,,1.9425,17.47,29.74,16.36,0,0,,,0,0,0,0,0,0,0,0,0,0,0,1,235,247,0,0,0,0,0.0,2124.96,0,0.0,2411.28,11,1289.16,397.63,0,0,0.0,2452.14,0.0,0,0.0,0,0.0,0,100.0,1,0.0,0,14.29,53.94,25.35,2.31,18.4,5.0,43.46,7,G-14,7,14,0,1,34.15629652668535,-118.54562276864168,reconstructed,0.6032086206704358,esri_market_idx_14068_forecast,business_sites_count,-0.021984599917528512
274,-1,48,US,320,BlockApportionment:US.BlockGroups;PointsLayer:US.BlockPoints,2.191,2.576,1,87,107,2911,129,8.31,190,2.18,42,US,449,BlockApportionment:US.BlockGroups;PointsLayer:US.BlockPoints,2.191,2.576,1,25.07,2.29,31.3,0.46,2.22,1.3,10.72,4.46,171,174,,,,,,,,,,1.9425,17.47,29.74,16.36,0,0,,,0,0,0,0,0,1,0,0,0,0,0,5,375,371,0,0,2,0,0.0,902.51,0,0.0,1463.92,15,1503.4,297.8,0,0,0.0,1471.23,0.0,0,0.0,0,0.0,0,100.0,1,0.0,0,6.0,40.65,33.53,3.53,22.29,5.0,51.67,0,H-14,8,14,1,0,34.15612956738787,-118.5314955459131,reconstructed,0.6402965587203738,esri_market_idx_14068_forecast,business_sites_count,0.03181515730545858
275,-1,4,US,34,BlockApportionment:US.BlockGroups;PointsLayer:US.BlockPoints,2.191,2.576,1,81,75,10358,121,36.97,140,3.52,43,US,105,BlockApportionment:US.BlockGroups;PointsLayer:US.BlockPoints,2.191,2.576,1,32.53,5.63,19.78,3.91,5.56,2.6,19.04,9.57,115,117,,,,,,,,,,1.9425,17.47,29.74,16.36,0,0,,,0,0,1,0,0,6,0,0,0,0,0,0,54,52,0,1,10,43,4755.91,259.7,2,284.38,812.68,0,0.0,984.0,2,2,301.89,809.47,0.0,0,0.0,0,0.0,0,100.0,1,0.0,0,1.69,15.22,67.75,0.64,16.39,5.0,76.92,0,Z-39,26,39,6,0,33.81644017805015,-118.27728100631984,reconstructed,0.6466186690003728,total_population,pct_household_disability,0.02657993518084104
276,-1,49,US,321,BlockApportionment:US.BlockGroups;PointsLayer:US.BlockPoints,2.191,2.576,1,55,114,3012,195,9.69,187,4.96,44,US,450,BlockApportionment:US.BlockGroups;PointsLayer:US.BlockPoints,2.191,2.576,1,24.42,1.65,31.52,1.98,0.54,5.76,11.66,13.78,198,195,,,,,,,,,,1.9425,17.47,29.74,16.36,0,0,,,39,0,1,0,0,1,2,1,0,0,0,4,1277,1292,0,1,1,43,2177.06,182.28,0,0.0,1206.96,10,1138.96,332.88,33,0,0.0,1204.69,0.0,0,0.0,0,0.0,0,100.0,1,0.0,0,11.66,40.75,37.4,2.47,19.38,5.0,52.68,1,J-14,10,14,3,1,34.155795648792925,-118.50324110045594,reconstructed,0.6006144694846683,osm_amenity_count,water_proxy_pct,-0.02891047816128741
277,-1,0,US,322,BlockApportionment:US.BlockGroups;PointsLayer:US.BlockPoints,2.191,2.576,1,114,203,4547,83,13.77,150,2.96,45,US,451,BlockApportionment:US.BlockGroups;PointsLayer:US.BlockPoints,2.191,2.576,1,22.4,5.17,45.07,0.28,4.15,2.5,12.2,8.51,174,177,,,,,,,,,,1.9425,17.47,29.74,16.36,0,0,,,24,0,0,0,0,2,2,0,0,0,0,4,2451,2651,0,0,2,129,13771.55,312.95,98,12189.17,480.95,3,533.15,661.5,9,4,3996.52,504.45,0.79,1,0.34,1,0.0,0,100.0,1,0.0,0,3.53,26.18,49.53,3.24,21.06,5.0,63.61,1,L-14,12,14,4,1,34.15546173019797,-118.47498665499876,reconstructed,0.6030376150140733,business_sites_count,bare_ground_proxy_pct,0.0724635586968778
278,230,1,US,323,BlockApportionment:US.BlockGroups;PointsLayer:US.BlockPoints,2.191,2.576,1,109,165,9669,164,15.2,135,2.31,46,US,452,BlockApportionment:US.BlockGroups;PointsLayer:US.BlockPoints,2.191,2.576,1,16.22,1.88,26.39,0.26,3.42,2.06,7.79,8.35,137,138,api_test_workflow_v2_30pct_model6_2026-05-08,34.15269381,-118.45283879,"14659 W MOORPARK ST, 91403",180.0,34.1526938125_-118.452838791_180.jpg,1.0,0.8727,tent,1.9425,17.47,29.74,16.36,0,0,,,72,0,0,0,1,0,0,0,0,0,0,3,2861,3016,0,0,1,81,5954.45,178.54,25,3380.55,576.9,0,0.0,921.29,35,3,1130.77,655.0,0.0,0,0.0,0,0.0,0,100.0,1,0.0,0,5.16,28.12,52.12,3.07,16.7,5.0,64.94,0,M-14,13,14,0,0,34.1552947709005,-118.46085943227018,detection_avg,0.610581195159972,osm_amenity_count,bare_ground_proxy_pct,-0.028992896119724967
279,240,1,US,323,BlockApportionment:US.BlockGroups;PointsLayer:US.BlockPoints,2.191,2.576,1,109,165,9669,164,15.2,135,2.31,46,US,452,BlockApportionment:US.BlockGroups;PointsLayer:US.BlockPoints,2.191,2.576,1,16.22,1.88,26.39,0.26,3.42,2.06,7.79,8.35,137,138,api_test_workflow_v2_30pct_model6_2026-05-08,34.15259649,-118.45792235,"14911 W VENTURA BLVD, 91403",0.0,34.1525964936_-118.45792235_0.jpg,1.0,0.8034,tent,1.9425,17.47,29.74,16.36,0,0,,,72,0,0,0,1,0,0,0,0,0,0,3,2861,3016,0,0,1,81,5954.45,178.54,25,3380.55,576.9,0,0.0,921.29,35,3,1130.77,655.0,0.0,0,0.0,0,0.0,0,100.0,1,0.0,0,5.16,28.12,52.12,3.07,16.7,5.0,64.94,1,M-14,13,14,0,1,34.1552947709005,-118.46085943227018,detection_avg,0.610581195159972,osm_amenity_count,bare_ground_proxy_pct,-0.028992896119724967
280,584,5,US,482,BlockApportionment:US.BlockGroups;PointsLayer:US.BlockPoints,2.191,2.576,1,89,70,5373,205,27.55,108,4.15,47,US,106,BlockApportionment:US.BlockGroups;PointsLayer:US.BlockPoints,2.191,2.576,1,28.3,6.27,19.06,2.79,4.27,3.43,20.61,14.72,100,102,api_test_workflow_v2_20pct_model6_2026-05-07_batch2,34.24647341,-118.27614626,"FOOTHILL BLVD AT TUJUNGA CANYON BLVD, 91042",0.0,34.2464734128_-118.276146255_0.jpg,1.0,0.6569,tent,1.9425,17.47,29.74,16.36,0,0,,,18,0,0,0,0,1,0,1,1,0,0,0,482,478,0,0,5,17,994.37,569.21,0,0.0,2019.02,23,2598.69,248.59,4,0,0.0,2020.37,0.0,0,0.0,0,0.0,0,100.0,1,0.0,0,9.29,43.21,34.57,3.53,18.69,5.0,51.41,5,Z-7,26,7,1,1,34.2473958541886,-118.27718440533263,detection_avg,0.634752941576124,pct_veterans_2,river_drainage_segments_count,-0.020618212701479722
281,1757,5,US,482,BlockApportionment:US.BlockGroups;PointsLayer:US.BlockPoints,2.191,2.576,1,89,70,5373,205,27.55,108,4.15,47,US,106,BlockApportionment:US.BlockGroups;PointsLayer:US.BlockPoints,2.191,2.576,1,28.3,6.27,19.06,2.79,4.27,3.43,20.61,14.72,100,102,api_test_workflow_v8_remaining_location_deduped_30pct_after10_2026-05-22,34.25474452,-118.28542172,"7077 W DAY ST, 91042",180.0,34.2547445219_-118.285421717_180.jpg,1.0,0.8864,tent,1.9425,17.47,29.74,16.36,0,0,,,18,0,0,0,0,1,0,1,1,0,0,0,482,478,0,0,5,17,994.37,569.21,0,0.0,2019.02,23,2598.69,248.59,4,0,0.0,2020.37,0.0,0,0.0,0,0.0,0,100.0,1,0.0,0,9.29,43.21,34.57,3.53,18.69,5.0,51.41,0,Z-7,26,7,1,0,34.2473958541886,-118.27718440533263,detection_avg,0.634752941576124,pct_veterans_2,river_drainage_segments_count,-0.020618212701479722
282,788,2,US,324,BlockApportionment:US.BlockGroups;PointsLayer:US.BlockPoints,2.191,2.576,1,105,140,7131,276,17.92,128,3.2,48,US,453,BlockApportionment:US.BlockGroups;PointsLayer:US.BlockPoints,2.191,2.576,1,14.35,6.3,26.79,0.51,2.6,3.42,13.1,9.73,119,118,api_test_workflow_v2_30pct_model6_2026-05-08,34.15463762,-118.44893641,"4561 N VAN NUYS BLVD, 91403",90.0,34.1546376182_-118.448936414_90.jpg,1.0,0.8785,tent,1.9425,17.47,29.74,16.36,0,0,,,78,1,0,0,0,0,0,0,0,0,0,3,1476,1536,0,1,0,67,6169.67,145.03,26,4620.02,145.03,6,3261.6,86.87,25,2,3261.22,172.36,0.0,0,0.0,0,0.0,0,100.0,1,0.0,0,3.71,25.6,55.39,3.12,15.89,5.0,67.66,0,N-14,14,14,0,0,34.15512781160302,-118.4467322095416,detection_avg,0.5438229578684012,total_population,pct_household_disability,0.01583869358867954
283,1127,2,US,324,BlockApportionment:US.BlockGroups;PointsLayer:US.BlockPoints,2.191,2.576,1,105,140,7131,276,17.92,128,3.2,48,US,453,BlockApportionment:US.BlockGroups;PointsLayer:US.BlockPoints,2.191,2.576,1,14.35,6.3,26.79,0.51,2.6,3.42,13.1,9.73,119,118,api_test_workflow_v8_remaining_location_deduped_30pct_after10_2026-05-22,34.16261364,-118.44895394,"5049 N VAN NUYS BLVD, 91403",0.0,34.1626136429_-118.448953936_0.jpg,1.0,0.8277,tent,1.9425,17.47,29.74,16.36,0,0,,,78,1,0,0,0,0,0,0,0,0,0,3,1476,1536,0,1,0,67,6169.67,145.03,26,4620.02,145.03,6,3261.6,86.87,25,2,3261.22,172.36,0.0,0,0.0,0,0.0,0,100.0,1,0.0,0,3.71,25.6,55.39,3.12,15.89,5.0,67.66,0,N-14,14,14,0,0,34.15512781160302,-118.4467322095416,detection_avg,0.5438229578684012,total_population,pct_household_disability,0.01583869358867954
284,1305,2,US,324,BlockApportionment:US.BlockGroups;PointsLayer:US.BlockPoints,2.191,2.576,1,105,140,7131,276,17.92,128,3.2,48,US,453,BlockApportionment:US.BlockGroups;PointsLayer:US.BlockPoints,2.191,2.576,1,14.35,6.3,26.79,0.51,2.6,3.42,13.1,9.73,119,118,api_test_workflow_v2_remaining_model6_2026-05-08,34.15460583,-118.44893735,"4559 N VAN NUYS BLVD, 91403",90.0,34.1546058285_-118.448937351_90.jpg,1.0,0.8785,tent,1.9425,17.47,29.74,16.36,0,0,,,78,1,0,0,0,0,0,0,0,0,0,3,1476,1536,0,1,0,67,6169.67,145.03,26,4620.02,145.03,6,3261.6,86.87,25,2,3261.22,172.36,0.0,0,0.0,0,0.0,0,100.0,1,0.0,0,3.71,25.6,55.39,3.12,15.89,5.0,67.66,0,N-14,14,14,0,0,34.15512781160302,-118.4467322095416,detection_avg,0.5438229578684012,total_population,pct_household_disability,0.01583869358867954
285,-1,6,US,35,BlockApportionment:US.BlockGroups;PointsLayer:US.BlockPoints,2.191,2.576,1,61,68,8493,112,33.64,116,4.31,49,US,107,BlockApportionment:US.BlockGroups;PointsLayer:US.BlockPoints,2.191,2.576,1,21.54,1.82,22.23,2.72,2.51,4.39,20.81,6.2,96,95,,,,,,,,,,1.9425,17.47,29.74,16.36,0,0,,,12,0,0,0,0,1,0,0,0,0,0,0,120,108,0,1,4,93,9633.06,205.15,29,4855.85,453.04,0,0.0,931.87,8,2,2705.24,459.64,0.0,0,0.0,0,0.0,0,100.0,1,0.0,0,1.63,14.11,69.11,0.87,15.91,5.0,77.89,1,Y-38,25,38,1,1,33.83007450222695,-118.29140521026758,reconstructed,0.6269504362294656,food_access_count,water_proxy_pct,-0.021576228214161865
286,901,3,US,325,BlockApportionment:US.BlockGroups;PointsLayer:US.BlockPoints,2.191,2.576,1,120,160,10236,181,17.14,119,1.38,0,US,454,BlockApportionment:US.BlockGroups;PointsLayer:US.BlockPoints,2.191,2.576,1,12.25,4.54,31.18,0.7,1.75,1.59,8.84,7.66,131,132,api_test_workflow_v2_20pct_model6_2026-05-07,34.15176682,-118.42868357,"13576 W RYE ST, 91423",0.0,34.1517668205_-118.428683569_0.jpg,1.0,0.8562,tent,1.9425,17.47,29.74,16.36,0,0,,,54,0,0,0,0,0,1,0,0,0,0,2,2553,2614,0,0,0,77,6293.69,139.16,19,3540.99,446.8,1,1584.92,341.96,22,2,2332.01,468.45,0.0,0,0.0,0,0.0,0,100.0,1,0.0,0,3.88,23.5,55.56,3.94,17.01,5.0,67.73,0,O-14,15,14,1,0,34.15496085230554,-118.43260498681302,detection_avg,0.6227852894149775,esri_market_idx_14068_forecast,business_sites_count,0.03765164399818554
287,1355,4,US,326,BlockApportionment:US.BlockGroups;PointsLayer:US.BlockPoints,2.191,2.576,1,97,105,7608,160,16.0,140,3.2,1,US,455,BlockApportionment:US.BlockGroups;PointsLayer:US.BlockPoints,2.191,2.576,1,8.83,4.15,25.31,0.94,1.6,2.58,5.54,7.38,135,134,api_test_workflow_v2_remaining_model6_2026-05-08,34.15625306,-118.41807046,"4750 ETHEL AV, 91423",90.0,34.1562530555_-118.418070456_90.jpg,1.0,0.8264,tent,1.9425,17.47,29.74,16.36,0,0,,,48,0,0,0,0,0,1,0,0,0,0,3,1210,1336,0,0,1,20,4237.41,134.47,20,4237.41,134.47,1,425.29,710.61,5,2,3019.73,135.05,0.0,0,0.0,0,0.0,0,100.0,1,0.0,0,4.36,29.31,47.09,3.94,19.66,5.0,61.66,1,P-14,16,14,1,1,34.15479389300807,-118.41847776408444,detection_avg,0.6102949684542012,total_population,pct_household_disability,0.034092138655897504
288,-1,7,US,483,BlockApportionment:US.BlockGroups;PointsLayer:US.BlockPoints,2.191,2.576,1,42,32,3782,50,11.32,169,2.66,2,US,108,BlockApportionment:US.BlockGroups;PointsLayer:US.BlockPoints,2.191,2.576,1,15.58,7.75,37.44,0.54,1.38,2.66,11.08,2.24,150,153,,,,,,,,,,1.9425,17.47,29.74,16.36,0,0,,,18,0,0,0,0,0,2,0,0,0,0,1,201,182,0,0,0,18,1097.34,601.18,0,0.0,1528.37,18,2364.95,51.29,8,0,0.0,1604.93,0.0,0,0.0,0,0.0,0,99.42,1,0.0,0,5.61,36.3,37.63,3.01,23.06,5.0,54.66,0,AA-7,27,7,2,0,34.24722889489113,-118.26305718260406,reconstructed,0.6096464256876974,esri_market_idx_14068_forecast,business_sites_count,-0.0244494419900229
289,-1,5,US,327,BlockApportionment:US.BlockGroups;PointsLayer:US.BlockPoints,2.191,2.576,1,78,86,7328,136,12.84,197,4.97,3,US,456,BlockApportionment:US.BlockGroups;PointsLayer:US.BlockPoints,2.191,2.576,1,15.4,2.45,18.75,1.41,2.86,4.98,10.24,4.79,200,195,,,,,,,,,,1.9425,17.47,29.74,16.36,0,0,,,33,0,0,1,0,0,2,1,0,0,0,1,1101,1122,0,0,0,25,3490.88,565.8,14,3091.26,565.8,2,1628.86,486.17,10,2,2471.35,568.55,0.0,0,0.0,0,0.0,0,100.0,1,0.0,0,4.86,24.67,52.11,5.67,17.54,5.0,65.02,2,Q-14,17,14,2,1,34.154626933710595,-118.40435054135584,reconstructed,0.6343103318195656,pct_veterans_2,river_drainage_segments_count,0.018376637097458903
290,-1,6,US,328,BlockApportionment:US.BlockGroups;PointsLayer:US.BlockPoints,2.191,2.576,1,97,106,7896,188,21.19,134,4.81,4,US,457,BlockApportionment:US.BlockGroups;PointsLayer:US.BlockPoints,2.191,2.576,1,15.5,3.12,33.43,0.89,3.29,3.32,10.92,6.29,127,126,,,,,,,,,,1.9425,17.47,29.74,16.36,0,0,,,48,0,0,0,0,1,0,0,0,0,0,1,1183,1301,0,0,2,54,4738.46,391.76,25,3483.65,391.76,0,0.0,867.63,7,2,2533.4,391.06,0.0,0,0.0,0,0.0,0,100.0,1,0.0,0,4.0,26.13,51.68,5.53,16.66,5.0,64.98,3,R-14,18,14,1,1,34.15445997441312,-118.39022331862726,reconstructed,0.6125540212675293,pct_veterans_2,river_drainage_segments_count,-0.028130450673399872
291,281,7,US,329,BlockApportionment:US.BlockGroups;PointsLayer:US.BlockPoints,2.191,2.576,1,110,143,7406,195,19.39,120,1.85,5,US,458,BlockApportionment:US.BlockGroups;PointsLayer:US.BlockPoints,2.191,2.576,1,13.03,2.49,32.83,1.17,1.98,1.49,6.36,8.15,122,121,api_test_workflow_v2_30pct_model6_2026-05-08,34.15045484,-118.37094032,"11013 W MOORPARK ST, 91602",0.0,34.150454838_-118.370940323_0.jpg,1.0,0.8703,tent,1.9425,17.47,29.74,16.36,0,0,,,30,0,1,0,0,0,1,0,0,0,0,0,1241,1360,0,0,0,95,13995.38,93.77,94,13872.92,93.77,9,1486.28,184.19,8,12,6111.67,91.08,0.0,0,0.0,0,0.0,0,100.0,1,0.0,0,3.94,27.88,46.61,5.28,20.23,5.0,61.44,1,S-14,19,14,1,1,34.15429301511564,-118.37609609589867,detection_avg,0.5784365145010713,total_population,pct_household_disability,0.01934415689435013
292,353,7,US,329,BlockApportionment:US.BlockGroups;PointsLayer:US.BlockPoints,2.191,2.576,1,110,143,7406,195,19.39,120,1.85,5,US,458,BlockApportionment:US.BlockGroups;PointsLayer:US.BlockPoints,2.191,2.576,1,13.03,2.49,32.83,1.17,1.98,1.49,6.36,8.15,122,121,api_test_workflow_v2_5pct_2026-04-25,34.15554554,-118.370259,"VINELAND AVE AT KLING ST, 91602",0.0,34.1555455381_-118.370258998_0.jpg,1.0,0.7756,tent,1.9425,17.47,29.74,16.36,0,0,,,30,0,1,0,0,0,1,0,0,0,0,0,1241,1360,0,0,0,95,13995.38,93.77,94,13872.92,93.77,9,1486.28,184.19,8,12,6111.67,91.08,0.0,0,0.0,0,0.0,0,100.0,1,0.0,0,3.94,27.88,46.61,5.28,20.23,5.0,61.44,1,S-14,19,14,1,1,34.15429301511564,-118.37609609589867,detection_avg,0.5784365145010713,total_population,pct_household_disability,0.01934415689435013
293,518,7,US,329,BlockApportionment:US.BlockGroups;PointsLayer:US.BlockPoints,2.191,2.576,1,110,143,7406,195,19.39,120,1.85,5,US,458,BlockApportionment:US.BlockGroups;PointsLayer:US.BlockPoints,2.191,2.576,1,13.03,2.49,32.83,1.17,1.98,1.49,6.36,8.15,122,121,api_test_workflow_v2_20pct_model6_2026-05-07_batch2,34.15719576,-118.37998424,"4750 N KRAFT AVE, 91602",0.0,34.1571957602_-118.379984239_0.jpg,1.0,0.8643,tent,1.9425,17.47,29.74,16.36,0,0,,,30,0,1,0,0,0,1,0,0,0,0,0,1241,1360,0,0,0,95,13995.38,93.77,94,13872.92,93.77,9,1486.28,184.19,8,12,6111.67,91.08,0.0,0,0.0,0,0.0,0,100.0,1,0.0,0,3.94,27.88,46.61,5.28,20.23,5.0,61.44,0,S-14,19,14,1,0,34.15429301511564,-118.37609609589867,detection_avg,0.5784365145010713,total_population,pct_household_disability,0.01934415689435013
294,816,7,US,329,BlockApportionment:US.BlockGroups;PointsLayer:US.BlockPoints,2.191,2.576,1,110,143,7406,195,19.39,120,1.85,5,US,458,BlockApportionment:US.BlockGroups;PointsLayer:US.BlockPoints,2.191,2.576,1,13.03,2.49,32.83,1.17,1.98,1.49,6.36,8.15,122,121,api_test_workflow_v2_5pct_fresh_2026-04-28,34.15500107,-118.37886206,"4632 N TUJUNGA AVE, 91602",180.0,34.1550010677_-118.378862056_180.jpg,1.0,0.7451,tent,1.9425,17.47,29.74,16.36,0,0,,,30,0,1,0,0,0,1,0,0,0,0,0,1241,1360,0,0,0,95,13995.38,93.77,94,13872.92,93.77,9,1486.28,184.19,8,12,6111.67,91.08,0.0,0,0.0,0,0.0,0,100.0,1,0.0,0,3.94,27.88,46.61,5.28,20.23,5.0,61.44,0,S-14,19,14,1,0,34.15429301511564,-118.37609609589867,detection_avg,0.5784365145010713,total_population,pct_household_disability,0.01934415689435013
295,1055,7,US,329,BlockApportionment:US.BlockGroups;PointsLayer:US.BlockPoints,2.191,2.576,1,110,143,7406,195,19.39,120,1.85,5,US,458,BlockApportionment:US.BlockGroups;PointsLayer:US.BlockPoints,2.191,2.576,1,13.03,2.49,32.83,1.17,1.98,1.49,6.36,8.15,122,121,api_test_workflow_v8_remaining_location_deduped_30pct_after10_2026-05-22,34.15021256,-118.37094345,"11012 W MOORPARK ST, 91602",0.0,34.1502125635_-118.370943449_0.jpg,1.0,0.8994,tent,1.9425,17.47,29.74,16.36,0,0,,,30,0,1,0,0,0,1,0,0,0,0,0,1241,1360,0,0,0,95,13995.38,93.77,94,13872.92,93.77,9,1486.28,184.19,8,12,6111.67,91.08,0.0,0,0.0,0,0.0,0,100.0,1,0.0,0,3.94,27.88,46.61,5.28,20.23,5.0,61.44,1,S-14,19,14,1,1,34.15429301511564,-118.37609609589867,detection_avg,0.5784365145010713,total_population,pct_household_disability,0.01934415689435013
296,1060,7,US,329,BlockApportionment:US.BlockGroups;PointsLayer:US.BlockPoints,2.191,2.576,1,110,143,7406,195,19.39,120,1.85,5,US,458,BlockApportionment:US.BlockGroups;PointsLayer:US.BlockPoints,2.191,2.576,1,13.03,2.49,32.83,1.17,1.98,1.49,6.36,8.15,122,121,api_test_workflow_v8_remaining_location_deduped_30pct_after10_2026-05-22,34.1480574,-118.37043839,"VINELAND AVE AT WHIPPLE ST, 91602",270.0,34.1480574046_-118.370438394_270.jpg,1.0,0.6219,tent,1.9425,17.47,29.74,16.36,0,0,,,30,0,1,0,0,0,1,0,0,0,0,0,1241,1360,0,0,0,95,13995.38,93.77,94,13872.92,93.77,9,1486.28,184.19,8,12,6111.67,91.08,0.0,0,0.0,0,0.0,0,100.0,1,0.0,0,3.94,27.88,46.61,5.28,20.23,5.0,61.44,0,S-14,19,14,1,0,34.15429301511564,-118.37609609589867,detection_avg,0.5784365145010713,total_population,pct_household_disability,0.01934415689435013
297,1192,7,US,329,BlockApportionment:US.BlockGroups;PointsLayer:US.BlockPoints,2.191,2.576,1,110,143,7406,195,19.39,120,1.85,5,US,458,BlockApportionment:US.BlockGroups;PointsLayer:US.BlockPoints,2.191,2.576,1,13.03,2.49,32.83,1.17,1.98,1.49,6.36,8.15,122,121,api_test_workflow_v8_remaining_location_deduped_final_after10_30_2026-05-23,34.14908408,-118.37921234,"4359 1/2 N TUJUNGA AVE, 91604",270.0,34.1490840822_-118.379212341_270.jpg,1.0,0.606,tent,1.9425,17.47,29.74,16.36,0,0,,,30,0,1,0,0,0,1,0,0,0,0,0,1241,1360,0,0,0,95,13995.38,93.77,94,13872.92,93.77,9,1486.28,184.19,8,12,6111.67,91.08,0.0,0,0.0,0,0.0,0,100.0,1,0.0,0,3.94,27.88,46.61,5.28,20.23,5.0,61.44,0,S-14,19,14,1,0,34.15429301511564,-118.37609609589867,detection_avg,0.5784365145010713,total_population,pct_household_disability,0.01934415689435013
298,1448,7,US,329,BlockApportionment:US.BlockGroups;PointsLayer:US.BlockPoints,2.191,2.576,1,110,143,7406,195,19.39,120,1.85,5,US,458,BlockApportionment:US.BlockGroups;PointsLayer:US.BlockPoints,2.191,2.576,1,13.03,2.49,32.83,1.17,1.98,1.49,6.36,8.15,122,121,api_test_workflow_v8_remaining_location_deduped_30pct_after10_2026-05-22,34.15045473,-118.37070322,"11007 W MOORPARK ST, 91602",0.0,34.1504547342_-118.370703218_0.jpg,1.0,0.7493,tent,1.9425,17.47,29.74,16.36,0,0,,,30,0,1,0,0,0,1,0,0,0,0,0,1241,1360,0,0,0,95,13995.38,93.77,94,13872.92,93.77,9,1486.28,184.19,8,12,6111.67,91.08,0.0,0,0.0,0,0.0,0,100.0,1,0.0,0,3.94,27.88,46.61,5.28,20.23,5.0,61.44,0,S-14,19,14,1,0,34.15429301511564,-118.37609609589867,detection_avg,0.5784365145010713,total_population,pct_household_disability,0.01934415689435013
299,1449,7,US,329,BlockApportionment:US.BlockGroups;PointsLayer:US.BlockPoints,2.191,2.576,1,110,143,7406,195,19.39,120,1.85,5,US,458,BlockApportionment:US.BlockGroups;PointsLayer:US.BlockPoints,2.191,2.576,1,13.03,2.49,32.83,1.17,1.98,1.49,6.36,8.15,122,121,api_test_workflow_v8_remaining_location_deduped_30pct_after10_2026-05-22,34.15045473,-118.37070322,"11007 W MOORPARK ST, 91602",270.0,34.1504547342_-118.370703218_270.jpg,1.0,0.8581,tent,1.9425,17.47,29.74,16.36,0,0,,,30,0,1,0,0,0,1,0,0,0,0,0,1241,1360,0,0,0,95,13995.38,93.77,94,13872.92,93.77,9,1486.28,184.19,8,12,6111.67,91.08,0.0,0,0.0,0,0.0,0,100.0,1,0.0,0,3.94,27.88,46.61,5.28,20.23,5.0,61.44,0,S-14,19,14,1,0,34.15429301511564,-118.37609609589867,detection_avg,0.5784365145010713,total_population,pct_household_disability,0.01934415689435013
300,1752,7,US,329,BlockApportionment:US.BlockGroups;PointsLayer:US.BlockPoints,2.191,2.576,1,110,143,7406,195,19.39,120,1.85,5,US,458,BlockApportionment:US.BlockGroups;PointsLayer:US.BlockPoints,2.191,2.576,1,13.03,2.49,32.83,1.17,1.98,1.49,6.36,8.15,122,121,api_test_workflow_v8_remaining_location_deduped_30pct_after10_2026-05-22,34.15238921,-118.37044665,"VINELAND AVE AT RIVERSIDE DR, 91602",0.0,34.1523892059_-118.370446647_0.jpg,1.0,0.6124,tent,1.9425,17.47,29.74,16.36,0,0,,,30,0,1,0,0,0,1,0,0,0,0,0,1241,1360,0,0,0,95,13995.38,93.77,94,13872.92,93.77,9,1486.28,184.19,8,12,6111.67,91.08,0.0,0,0.0,0,0.0,0,100.0,1,0.0,0,3.94,27.88,46.61,5.28,20.23,5.0,61.44,0,S-14,19,14,1,0,34.15429301511564,-118.37609609589867,detection_avg,0.5784365145010713,total_population,pct_household_disability,0.01934415689435013
301,79,8,US,330,BlockApportionment:US.BlockGroups;PointsLayer:US.BlockPoints,2.191,2.576,1,104,112,8810,183,21.69,112,1.99,6,US,459,BlockApportionment:US.BlockGroups;PointsLayer:US.BlockPoints,2.191,2.576,1,17.36,7.17,25.98,1.65,2.82,1.93,10.66,12.82,117,117,api_test_workflow_v2_20pct_model6_2026-05-07,34.15688485,-118.370035,"4751 N LANKERSHIM BLVD, 91602",0.0,34.1568848499_-118.370035_0.jpg,1.0,0.6976,tent,1.9425,17.47,29.74,16.36,0,0,,,57,0,0,0,0,0,1,0,0,0,0,2,1615,1714,0,0,3,74,7077.16,504.49,49,6047.38,504.49,3,133.16,487.13,21,2,2172.62,522.54,0.0,0,0.0,0,0.0,0,100.0,1,0.0,0,3.71,27.19,50.38,3.88,18.54,5.0,64.15,0,T-14,20,14,1,0,34.15412605581817,-118.3619688731701,detection_avg,0.578709010559328,osm_amenity_count,bare_ground_proxy_pct,0.011096681955868904
302,360,8,US,330,BlockApportionment:US.BlockGroups;PointsLayer:US.BlockPoints,2.191,2.576,1,104,112,8810,183,21.69,112,1.99,6,US,459,BlockApportionment:US.BlockGroups;PointsLayer:US.BlockPoints,2.191,2.576,1,17.36,7.17,25.98,1.65,2.82,1.93,10.66,12.82,117,117,api_test_workflow_v2_5pct_fresh_2026-04-28,34.15235397,-118.36180832,"10601 W RIVERSIDE DR, 91602",270.0,34.1523539689_-118.361808316_270.jpg,2.0,0.7359,tent,1.9425,17.47,29.74,16.36,0,0,,,57,0,0,0,0,0,1,0,0,0,0,2,1615,1714,0,0,3,74,7077.16,504.49,49,6047.38,504.49,3,133.16,487.13,21,2,2172.62,522.54,0.0,0,0.0,0,0.0,0,100.0,1,0.0,0,3.71,27.19,50.38,3.88,18.54,5.0,64.15,0,T-14,20,14,1,0,34.15412605581817,-118.3619688731701,detection_avg,0.578709010559328,osm_amenity_count,bare_ground_proxy_pct,0.011096681955868904
303,378,9,US,331,BlockApportionment:US.BlockGroups;PointsLayer:US.BlockPoints,2.191,2.576,1,88,159,6465,214,16.72,114,3.18,7,US,460,BlockApportionment:US.BlockGroups;PointsLayer:US.BlockPoints,2.191,2.576,1,19.62,3.56,30.76,0.92,2.51,2.6,11.13,9.91,112,111,api_test_workflow_v2_5pct_fresh_2026-04-28,34.1536213,-118.35155052,"4544 N TALOFA AVE, 91602",270.0,34.1536212999_-118.351550523_270.jpg,1.0,0.6295,tent,1.9425,17.47,29.74,16.36,0,0,,,54,0,0,0,0,0,0,0,0,0,0,1,692,743,0,0,0,54,8170.28,255.89,28,6900.77,255.89,2,37.26,404.02,43,2,2963.66,256.33,0.0,0,0.0,0,0.0,0,100.0,1,0.0,0,5.32,31.37,47.92,3.65,17.07,5.0,61.95,0,U-14,21,14,0,0,34.153959096520694,-118.34784165044152,detection_avg,0.6273256531288279,osm_amenity_count,bare_ground_proxy_pct,-0.04097975075865009
304,-1,8,US,36,BlockApportionment:US.BlockGroups;PointsLayer:US.BlockPoints,2.191,2.576,1,139,143,9004,129,37.98,126,6.86,8,US,109,BlockApportionment:US.BlockGroups;PointsLayer:US.BlockPoints,2.191,2.576,1,27.65,5.95,24.76,2.68,4.13,6.57,19.27,14.36,100,101,,,,,,,,,,1.9425,17.47,29.74,16.36,0,0,,,0,0,0,1,0,1,2,0,0,0,0,0,58,54,0,0,1,74,4559.35,9.71,3,343.81,810.7,1,320.26,716.95,19,2,287.75,812.89,0.38,1,0.0,0,0.0,0,100.0,1,0.0,0,1.18,15.07,65.9,0.71,18.32,5.0,75.78,0,Z-38,26,38,3,0,33.82990754292948,-118.277277987539,reconstructed,0.6426345792231295,osm_amenity_count,water_proxy_pct,0.030032793976866583
305,-1,10,US,332,BlockApportionment:US.BlockGroups;PointsLayer:US.BlockPoints,2.191,2.576,1,106,156,5327,133,22.32,145,1.22,9,US,461,BlockApportionment:US.BlockGroups;PointsLayer:US.BlockPoints,2.191,2.576,1,23.81,1.78,25.39,0.31,0.87,1.33,15.61,7.16,139,138,,,,,,,,,,1.9425,17.47,29.74,16.36,0,0,,,69,1,0,1,0,1,1,0,0,0,0,0,218,211,0,0,0,59,6294.18,578.45,36,5773.72,578.45,3,583.02,216.72,38,2,2337.78,590.49,0.0,0,0.0,0,0.0,0,100.0,1,0.0,0,2.71,23.75,51.74,3.24,21.27,5.0,65.4,0,V-14,22,14,2,0,34.15379213722322,-118.33371442771292,reconstructed,0.6276588541341898,esri_market_idx_14068_forecast,business_sites_count,-0.0189983297606103
306,-1,11,US,333,BlockApportionment:US.BlockGroups;PointsLayer:US.BlockPoints,2.191,2.576,1,73,115,311,188,21.54,150,10.1,10,US,462,BlockApportionment:US.BlockGroups;PointsLayer:US.BlockPoints,2.191,2.576,1,26.96,0.0,50.0,0.0,0.0,7.49,12.8,5.15,122,122,,,,,,,,,,1.9425,17.47,29.74,16.36,0,0,,,0,0,0,0,0,0,1,0,0,0,0,0,12,11,0,0,0,37,6132.0,377.08,37,6132.0,377.08,12,3193.1,273.67,0,2,2856.5,374.99,1.21,1,0.0,0,0.0,0,100.0,1,0.0,0,5.15,50.78,21.71,1.74,25.77,3.0,43.65,0,W-14,23,14,1,0,34.15362517792574,-118.31958720498434,reconstructed,0.6100245516519043,pct_hs_grad,dominant_landcover_class,0.032123470337108585
307,-1,12,US,334,BlockApportionment:US.BlockGroups;PointsLayer:US.BlockPoints,2.191,2.576,1,78,106,2893,183,33.6,107,5.64,11,US,463,BlockApportionment:US.BlockGroups;PointsLayer:US.BlockPoints,2.191,2.576,1,11.94,0.44,35.95,2.34,2.83,4.09,13.02,8.57,97,98,,,,,,,,,,1.9425,17.47,29.74,16.36,0,0,,,0,0,0,0,0,0,1,0,0,0,0,0,83,87,0,0,0,23,6493.23,197.92,23,6493.23,197.92,5,3409.04,148.85,10,2,2803.47,197.33,1.59,1,0.07,1,0.0,0,100.0,1,0.0,0,8.76,34.29,35.65,4.29,25.76,5.0,52.33,0,X-14,24,14,1,0,34.153458218628266,-118.30545998225575,reconstructed,0.6137702188091276,osm_amenity_count,bare_ground_proxy_pct,-0.027204760493815643
308,-1,9,US,484,BlockApportionment:US.BlockGroups;PointsLayer:US.BlockPoints,2.191,2.576,1,59,69,5182,133,31.53,138,3.79,12,US,110,BlockApportionment:US.BlockGroups;PointsLayer:US.BlockPoints,2.191,2.576,1,18.1,2.27,37.91,2.3,1.69,2.97,15.59,4.57,113,117,,,,,,,,,,1.9425,17.47,29.74,16.36,0,0,,,60,0,0,0,0,1,0,0,0,0,0,1,778,739,0,0,1,46,2712.17,211.87,0,0.0,1765.28,7,1583.49,458.91,20,2,2996.08,389.14,6.01,1,1.99,1,0.0,0,100.0,1,0.0,0,3.65,20.59,56.59,3.18,19.65,5.0,68.52,3,C-6,3,6,1,1,34.26470328290986,-118.60210750930922,reconstructed,0.6052649060246597,fema_flood_hazard_intersects,tree_canopy_proxy_pct,0.011367704929781338
309,-1,13,US,335,BlockApportionment:US.BlockGroups;PointsLayer:US.BlockPoints,2.191,2.576,1,97,102,207,317,40.1,90,5.44,13,US,464,BlockApportionment:US.BlockGroups;PointsLayer:US.BlockPoints,2.191,2.576,1,22.09,12.79,51.02,5.69,5.37,4.72,18.7,12.24,101,110,,,,,,,,,,1.9425,17.47,29.74,16.36,0,0,,,0,0,0,0,0,0,0,0,1,0,0,0,9,6,0,0,0,44,9294.82,439.79,44,9294.82,439.79,10,2726.46,528.16,5,8,4743.12,438.8,0.0,0,0.0,0,0.0,0,100.0,1,0.0,0,23.55,64.29,17.48,2.49,15.74,1.0,35.17,1,Y-14,25,14,0,1,34.15329125933079,-118.29133275952718,reconstructed,0.6400090622790153,pct_veterans_2,river_drainage_segments_count,-0.021421724219008873
310,-1,14,US,336,BlockApportionment:US.BlockGroups;PointsLayer:US.BlockPoints,2.191,2.576,1,84,69,3630,100,20.47,107,1.92,14,US,465,BlockApportionment:US.BlockGroups;PointsLayer:US.BlockPoints,2.191,2.576,1,34.79,3.88,36.9,3.37,2.12,1.79,19.56,15.54,113,118,,,,,,,,,,1.9425,17.47,29.74,16.36,0,0,,,24,0,0,0,1,0,0,0,0,0,0,0,170,158,0,0,0,111,10377.12,36.13,73,8013.46,448.46,12,2201.71,350.51,7,6,2986.55,501.51,0.0,0,0.0,0,0.0,0,100.0,1,0.0,0,1.53,20.29,56.41,2.35,20.94,5.0,69.03,1,Z-14,26,14,0,1,34.15312430003332,-118.2772055367986,reconstructed,0.5665397292527827,total_population,pct_household_disability,-0.0234769395059785
311,-1,10,US,37,BlockApportionment:US.BlockGroups;PointsLayer:US.BlockPoints,2.191,2.576,1,134,127,5593,126,47.7,143,2.55,15,US,111,BlockApportionment:US.BlockGroups;PointsLayer:US.BlockPoints,2.191,2.576,1,11.54,0.05,25.77,1.35,5.5,2.61,30.88,8.0,112,111,,,,,,,,,,1.9425,17.47,29.74,16.36,0,0,,,12,0,0,0,0,0,0,0,0,0,0,0,95,93,0,0,1,98,9223.74,141.46,19,2843.72,537.47,4,1955.48,100.21,6,2,2161.68,535.14,0.13,1,0.0,0,0.0,0,100.0,1,0.0,0,1.92,15.81,67.33,0.87,15.99,5.0,76.55,0,Y-37,25,37,0,0,33.84354186710628,-118.29140219148674,reconstructed,0.6419468455686761,total_population,pct_household_disability,0.0439228136408722
312,-1,15,US,337,BlockApportionment:US.BlockGroups;PointsLayer:US.BlockPoints,2.191,2.576,1,83,97,18000,186,17.97,100,1.44,16,US,466,BlockApportionment:US.BlockGroups;PointsLayer:US.BlockPoints,2.191,2.576,1,24.42,3.59,37.59,3.62,5.21,1.22,19.97,19.34,97,98,,,,,,,,,,1.9425,17.47,29.74,16.36,0,0,,,39,0,0,1,0,1,2,1,0,0,0,2,306,339,0,0,0,56,7168.32,506.8,50,6887.1,506.8,1,89.12,836.4,22,2,2377.64,538.69,0.0,0,0.0,0,0.0,0,100.0,1,0.0,0,1.68,15.24,64.6,1.56,18.6,5.0,74.72,0,AA-14,27,14,3,0,34.15295734073584,-118.26307831407,reconstructed,0.6333018147125709,total_population,pct_household_disability,-0.03391720190505031
313,-1,11,US,485,BlockApportionment:US.BlockGroups;PointsLayer:US.BlockPoints,2.191,2.576,1,49,63,2602,131,26.1,155,2.39,17,US,112,BlockApportionment:US.BlockGroups;PointsLayer:US.BlockPoints,2.191,2.576,1,24.62,2.74,45.36,1.13,1.0,3.32,6.67,7.48,136,141,,,,,,,,,,1.9425,17.47,29.74,16.36,0,0,,,0,0,0,0,0,1,1,0,0,0,0,2,242,260,0,0,1,17,2196.37,79.44,1,39.73,743.4,4,1741.61,295.24,1,0,0.0,824.83,9.6,1,1.79,1,6.53,1,100.0,1,0.0,0,4.45,33.33,38.36,3.52,24.78,5.0,55.52,0,D-6,4,6,2,0,34.26453632361239,-118.58798028658065,reconstructed,0.6264292781269846,la_geohub_100yr_flood_area_pct,tree_canopy_proxy_pct,-0.034921346393869936
314,-1,16,US,338,BlockApportionment:US.BlockGroups;PointsLayer:US.BlockPoints,2.191,2.576,1,61,81,11576,105,15.45,115,1.55,18,US,467,BlockApportionment:US.BlockGroups;PointsLayer:US.BlockPoints,2.191,2.576,1,29.2,1.67,38.96,1.34,2.89,1.57,25.02,9.96,105,106,,,,,,,,,,1.9425,17.47,29.74,16.36,0,0,,,15,0,1,1,0,1,2,0,0,0,0,0,236,258,0,1,0,50,8510.82,168.88,29,7422.91,168.88,11,1616.82,34.87,14,2,2984.31,169.88,0.0,0,0.0,0,0.0,0,100.0,1,0.0,0,3.41,20.54,61.04,1.77,16.66,5.0,71.7,0,AB-14,28,14,3,0,34.152790381438365,-118.24895109134144,reconstructed,0.5870618703466821,business_sites_count,bare_ground_proxy_pct,0.016263235573793233
315,-1,12,US,38,BlockApportionment:US.BlockGroups;PointsLayer:US.BlockPoints,2.191,2.576,1,147,157,883,76,41.9,100,4.79,19,US,113,BlockApportionment:US.BlockGroups;PointsLayer:US.BlockPoints,2.191,2.576,1,24.49,2.04,20.0,3.73,4.19,5.14,22.98,3.3,105,108,,,,,,,,,,1.9425,17.47,29.74,16.36,0,0,,,0,0,0,0,0,0,0,0,0,0,0,0,20,20,0,0,0,181,18784.44,127.14,67,9376.4,365.38,4,2690.63,328.15,0,4,4426.12,365.15,10.67,1,0.0,0,6.3,1,100.0,1,0.0,0,0.99,23.45,44.98,1.92,29.66,5.0,61.19,0,Z-37,26,37,0,0,33.8433749078088,-118.27727496875816,reconstructed,0.6033294634225862,la_geohub_500yr_flood_area_pct,water_proxy_pct,-0.04404854990983679
316,-1,17,US,339,BlockApportionment:US.BlockGroups;PointsLayer:US.BlockPoints,2.191,2.576,1,71,71,13686,152,20.02,97,2.4,20,US,468,BlockApportionment:US.BlockGroups;PointsLayer:US.BlockPoints,2.191,2.576,1,26.56,7.56,41.07,3.55,3.15,2.78,22.24,17.94,85,87,,,,,,,,,,1.9425,17.47,29.74,16.36,0,0,,,35,1,1,0,0,3,1,0,0,0,0,0,240,239,0,2,0,62,9556.68,38.49,62,9556.68,38.49,0,0.0,1074.48,15,2,3029.36,38.27,0.0,0,0.0,0,0.0,0,100.0,1,0.0,0,4.97,21.92,58.99,2.26,16.83,5.0,69.8,1,AC-14,29,14,4,1,34.15262342214089,-118.23482386861284,reconstructed,0.6346367253949954,pct_veterans_2,river_drainage_segments_count,-0.019270224915250496
317,-1,13,US,486,BlockApportionment:US.BlockGroups;PointsLayer:US.BlockPoints,2.191,2.576,1,64,68,1976,105,24.39,183,2.77,21,US,114,BlockApportionment:US.BlockGroups;PointsLayer:US.BlockPoints,2.191,2.576,1,31.24,4.14,39.08,3.18,1.01,5.18,9.66,6.83,150,151,,,,,,,,,,1.9425,17.47,29.74,16.36,0,0,,,39,0,1,0,0,0,0,0,0,0,0,2,318,325,0,0,0,20,2013.91,215.15,0,0.0,1544.51,3,2734.74,8.83,5,0,0.0,1577.53,1.7,1,0.0,0,1.7,1,100.0,1,0.0,0,5.24,37.18,35.59,4.41,22.82,5.0,53.34,1,E-6,5,6,0,1,34.26436936431492,-118.57385306385206,reconstructed,0.5907888450025113,sud_treatment_count,business_sites_count,0.02517172877412257
318,-1,14,US,39,BlockApportionment:US.BlockGroups;PointsLayer:US.BlockPoints,2.191,2.576,1,95,150,409,138,40.1,131,4.28,22,US,115,BlockApportionment:US.BlockGroups;PointsLayer:US.BlockPoints,2.191,2.576,1,19.77,0.0,22.22,7.05,7.71,3.52,22.92,5.51,78,75,,,,,,,,,,1.9425,17.47,29.74,16.36,0,0,,,9,0,0,0,2,0,0,0,0,0,0,0,433,500,0,0,0,103,12448.22,177.34,75,9576.26,475.59,0,0.0,1107.85,13,4,3599.52,590.44,0.0,0,0.0,0,0.0,0,100.0,1,0.0,0,1.65,8.87,79.26,1.48,10.4,5.0,84.99,0,Y-36,25,36,0,0,33.85700923198561,-118.29139917270588,reconstructed,0.6310854670233095,pct_veterans_2,river_drainage_segments_count,-0.027931961210359298
319,-1,18,US,340,BlockApportionment:US.BlockGroups;PointsLayer:US.BlockPoints,2.191,2.576,1,77,84,4593,74,17.24,147,3.61,23,US,469,BlockApportionment:US.BlockGroups;PointsLayer:US.BlockPoints,2.191,2.576,1,21.02,3.95,34.13,2.21,3.25,3.01,10.02,7.48,140,141,,,,,,,,,,1.9425,17.47,29.74,16.36,0,0,,,21,0,0,1,0,0,2,1,0,0,0,2,904,979,0,1,2,36,4598.83,337.22,28,4298.76,337.22,4,143.32,433.66,35,2,2935.75,369.94,0.0,0,0.0,0,0.0,0,100.0,1,0.0,0,4.0,23.9,51.09,5.18,19.84,5.0,64.56,0,B-13,2,13,2,0,34.17059868805205,-118.61625586350377,reconstructed,0.6433370182549351,esri_market_idx_14068_forecast,business_sites_count,-0.01889854800321329
320,-1,15,US,487,BlockApportionment:US.BlockGroups;PointsLayer:US.BlockPoints,2.191,2.576,1,77,85,8294,160,42.93,104,4.26,24,US,116,BlockApportionment:US.BlockGroups;PointsLayer:US.BlockPoints,2.191,2.576,1,26.79,7.45,22.24,6.7,5.86,3.79,22.34,11.95,93,94,,,,,,,,,,1.9425,17.47,29.74,16.36,0,0,,,40,0,0,1,0,2,0,0,0,0,0,2,939,908,0,0,3,23,1498.15,87.85,0,0.0,1214.06,1,571.17,200.68,17,0,0.0,1318.48,0.0,0,0.0,0,0.0,0,100.0,1,0.0,0,2.66,21.79,57.05,3.99,17.17,5.0,69.14,0,J-6,10,6,2,0,34.263534567827534,-118.50321695020914,reconstructed,0.5633313274707172,business_sites_count,bare_ground_proxy_pct,-0.011282898585340647
321,279,19,US,341,BlockApportionment:US.BlockGroups;PointsLayer:US.BlockPoints,2.191,2.576,1,109,127,5377,102,14.75,150,2.07,25,US,470,BlockApportionment:US.BlockGroups;PointsLayer:US.BlockPoints,2.191,2.576,1,16.92,3.75,27.73,0.47,2.08,2.79,14.6,10.29,139,136,api_test_workflow_v2_30pct_model6_2026-05-08,34.16768251,-118.60453623,"21913 W COSTANSO ST, 91364",0.0,34.1676825056_-118.604536232_0.jpg,1.0,0.85,tent,1.9425,17.47,29.74,16.36,0,0,,,48,0,0,0,0,0,0,0,0,0,0,3,1268,1274,0,0,0,86,7541.1,396.3,33,3672.36,583.5,3,75.58,578.43,44,4,5129.69,395.71,0.0,0,0.0,0,0.0,0,100.0,1,0.0,0,6.64,31.63,45.68,3.41,19.28,5.0,59.98,0,C-13,3,13,0,0,34.17043172875458,-118.60212864077518,detection_avg,0.6206752831291547,osm_amenity_count,bare_ground_proxy_pct,-0.029318407979721253
322,-1,16,US,40,BlockApportionment:US.BlockGroups;PointsLayer:US.BlockPoints,2.191,2.576,1,145,191,1868,74,57.33,127,6.38,26,US,117,BlockApportionment:US.BlockGroups;PointsLayer:US.BlockPoints,2.191,2.576,1,26.06,3.67,45.24,6.5,2.9,5.25,17.84,10.03,100,103,,,,,,,,,,1.9425,17.47,29.74,16.36,0,0,,,15,0,0,0,0,0,0,0,0,0,0,0,57,49,0,0,0,171,14431.13,275.86,81,8370.07,475.86,3,2596.97,387.87,2,4,2841.04,576.96,15.99,1,0.0,0,11.86,1,100.0,1,0.0,0,0.89,16.13,63.73,1.54,18.61,5.0,74.34,0,Z-36,26,36,0,0,33.85684227268813,-118.2772719499773,reconstructed,0.6486732453069927,business_sites_count,bare_ground_proxy_pct,0.02499172357976906
323,-1,17,US,488,BlockApportionment:US.BlockGroups;PointsLayer:US.BlockPoints,2.191,2.576,1,70,60,5529,95,39.03,128,4.88,27,US,118,BlockApportionment:US.BlockGroups;PointsLayer:US.BlockPoints,2.191,2.576,1,29.55,2.43,40.67,2.86,5.47,4.39,18.82,10.35,101,103,,,,,,,,,,1.9425,17.47,29.74,16.36,0,0,,,44,0,0,0,0,0,1,0,0,0,0,1,527,497,0,0,0,29,2989.84,204.29,0,0.0,975.76,11,1680.02,43.16,2,0,0.0,995.84,0.0,0,0.0,0,0.0,0,100.0,1,0.0,0,3.41,25.12,51.5,3.76,19.62,5.0,65.03,2,K-6,11,6,1,1,34.26336760853006,-118.48908972748056,reconstructed,0.6121127394709049,pct_veterans_2,river_drainage_segments_count,-0.02333606228850307
324,327,20,US,342,BlockApportionment:US.BlockGroups;PointsLayer:US.BlockPoints,2.191,2.576,1,103,183,1724,129,10.03,154,3.42,28,US,471,BlockApportionment:US.BlockGroups;PointsLayer:US.BlockPoints,2.191,2.576,1,15.1,1.24,11.11,0.41,2.11,3.73,18.34,10.86,119,123,api_test_workflow_v2_5pct_2026-04-25,34.16713836,-118.58396921,"20639 W VENTURA BLVD, 91364",270.0,34.1671383556_-118.583969214_270.jpg,1.0,0.6219,tent,1.9425,17.47,29.74,16.36,0,0,,,48,1,1,0,0,0,1,0,1,0,0,2,975,1092,0,0,3,67,8189.26,63.35,28,4924.45,336.25,8,1743.58,83.73,23,2,2888.93,368.49,0.0,0,0.0,0,0.0,0,100.0,1,0.0,0,2.94,24.03,51.47,3.47,21.02,5.0,65.15,2,D-13,4,13,1,1,34.170264769457106,-118.5880014180466,detection_avg,0.6120502862014501,pct_severe_rent_burden,adult_recreation_count,0.0414552615036696
325,-1,18,US,41,BlockApportionment:US.BlockGroups;PointsLayer:US.BlockPoints,2.191,2.576,1,132,172,3508,38,30.59,134,8.32,29,US,119,BlockApportionment:US.BlockGroups;PointsLayer:US.BlockPoints,2.191,2.576,1,26.54,5.1,21.31,1.57,4.24,8.15,19.8,11.6,115,116,,,,,,,,,,1.9425,17.47,29.74,16.36,0,0,,,35,0,1,0,0,3,0,1,1,0,0,0,61,59,0,0,7,111,10435.88,151.65,47,5796.48,428.58,10,3157.57,345.04,12,4,2007.78,565.72,9.78,1,0.0,0,5.53,1,100.0,1,0.0,0,2.32,19.97,58.79,3.25,17.99,5.0,70.46,1,Y-35,25,35,3,1,33.87047659686493,-118.29139615392504,reconstructed,0.6148133177975865,total_crime_est,la_geohub_500yr_flood_area_pct,-0.06348571764306592
326,-1,19,US,42,BlockApportionment:US.BlockGroups;PointsLayer:US.BlockPoints,2.191,2.576,1,154,204,1427,143,49.61,79,7.59,30,US,120,BlockApportionment:US.BlockGroups;PointsLayer:US.BlockPoints,2.191,2.576,1,36.83,16.08,5.29,2.04,3.28,7.68,15.13,12.62,81,85,,,,,,,,,,1.9425,17.47,29.74,16.36,0,0,,,21,0,0,0,0,1,0,0,0,0,0,0,164,157,0,0,1,135,17563.77,159.81,92,13097.17,159.81,0,0.0,873.04,2,6,4784.65,185.15,0.0,0,0.0,0,0.0,0,100.0,1,0.0,0,1.45,11.55,76.03,0.81,11.61,5.0,82.79,1,Z-35,26,35,1,1,33.87030963756746,-118.27726893119645,reconstructed,0.635332834986187,total_population,pct_household_disability,-0.03598399477476007
327,-1,21,US,343,BlockApportionment:US.BlockGroups;PointsLayer:US.BlockPoints,2.191,2.576,1,80,126,4164,171,13.02,143,2.97,31,US,472,BlockApportionment:US.BlockGroups;PointsLayer:US.BlockPoints,2.191,2.576,1,17.7,1.8,41.93,1.51,0.39,1.78,7.68,13.66,129,130,,,,,,,,,,1.9425,17.47,29.74,16.36,0,0,,,21,0,0,0,0,3,0,0,0,0,0,5,560,550,0,0,3,23,2995.23,546.36,6,1649.18,661.63,6,1582.47,362.6,8,2,1376.3,657.1,1.97,1,0.0,0,1.98,1,100.0,1,0.0,0,7.58,40.04,33.57,2.88,23.52,5.0,51.22,0,E-13,5,13,3,0,34.170097810159625,-118.573874195318,reconstructed,0.6435952742823533,osm_amenity_count,bare_ground_proxy_pct,-0.016930551346347827
328,372,20,US,489,BlockApportionment:US.BlockGroups;PointsLayer:US.BlockPoints,2.191,2.576,1,73,77,5259,71,54.88,130,5.16,32,US,121,BlockApportionment:US.BlockGroups;PointsLayer:US.BlockPoints,2.191,2.576,1,28.36,3.44,34.05,2.07,1.56,5.39,21.28,4.58,108,108,api_test_workflow_v2_5pct_fresh_2026-04-28,34.26800217,-118.47291145,"10858 N BLUCHER AVE, 91344",90.0,34.2680021667_-118.47291145_90.jpg,1.0,0.7969,tent,1.9425,17.47,29.74,16.36,0,0,,,13,0,0,0,0,1,0,0,0,0,0,0,351,367,0,0,5,152,19903.13,7.56,130,18650.98,7.56,6,1605.89,501.73,10,4,6343.24,6.49,0.0,0,0.0,0,0.0,0,100.0,1,0.0,0,2.25,22.2,54.34,4.34,19.13,5.0,67.36,0,L-6,12,6,1,0,34.26320064923259,-118.47496250475196,detection_avg,0.5983190495229258,business_sites_count,bare_ground_proxy_pct,0.007340591679607912
329,501,22,US,344,BlockApportionment:US.BlockGroups;PointsLayer:US.BlockPoints,2.191,2.576,1,102,131,2421,186,10.78,217,3.85,33,US,473,BlockApportionment:US.BlockGroups;PointsLayer:US.BlockPoints,2.191,2.576,1,17.84,3.37,43.82,2.75,2.71,3.98,10.11,5.35,186,191,api_test_workflow_v2_20pct_model6_2026-05-07_batch2,34.1735416,-118.55350644,"TAMPA AVE AT VENTURA FRWY, 91356",270.0,34.1735415997_-118.553506445_270.jpg,1.0,0.7247,tent,1.9425,17.47,29.74,16.36,0,0,,,45,0,0,0,0,0,1,0,0,0,0,7,1036,1069,0,0,1,55,6137.01,149.36,18,3818.98,232.65,1,122.82,533.2,27,2,3013.57,230.79,0.0,0,0.0,0,0.0,0,100.0,1,0.0,0,7.52,33.49,42.05,4.16,20.3,5.0,57.18,4,F-13,6,13,1,1,34.16993085086215,-118.55974697258942,detection_avg,0.6322335024788924,sud_treatment_count,business_sites_count,-0.038904797268223525
330,-1,21,US,43,BlockApportionment:US.BlockGroups;PointsLayer:US.BlockPoints,2.191,2.576,1,119,111,11614,121,54.57,95,3.76,34,US,122,BlockApportionment:US.BlockGroups;PointsLayer:US.BlockPoints,2.191,2.576,1,22.22,5.11,26.6,2.34,5.18,4.19,21.82,12.1,85,85,,,,,,,,,,1.9425,17.47,29.74,16.36,0,0,,,0,0,0,0,0,2,1,0,0,0,0,0,280,257,0,0,2,51,5172.64,106.08,32,2919.72,662.25,12,1002.43,423.38,6,2,1346.92,675.11,2.21,1,0.0,0,2.2,1,100.0,1,0.0,0,1.6,15.54,64.48,1.12,18.85,5.0,74.66,2,Y-34,25,34,3,1,33.88394396174426,-118.29139313514418,reconstructed,0.6280290009680026,la_geohub_500yr_flood_area_pct,water_proxy_pct,-0.027708625131655895
331,-1,22,US,490,BlockApportionment:US.BlockGroups;PointsLayer:US.BlockPoints,2.191,2.576,1,84,74,5257,112,69.47,139,3.3,35,US,123,BlockApportionment:US.BlockGroups;PointsLayer:US.BlockPoints,2.191,2.576,1,29.73,5.02,26.84,5.11,6.17,4.55,22.84,8.04,112,113,,,,,,,,,,1.9425,17.47,29.74,16.36,0,0,,,36,0,0,0,0,0,0,0,0,0,0,3,565,581,0,0,2,86,8059.2,228.04,19,3080.03,717.44,1,648.8,638.27,16,2,1768.14,716.6,0.0,0,0.0,0,0.0,0,100.0,1,0.0,0,2.78,23.48,49.45,3.35,23.71,5.0,63.78,1,M-6,13,6,0,1,34.26303368993511,-118.46083528202338,reconstructed,0.5986063093883341,osm_amenity_count,bare_ground_proxy_pct,-0.03030532748037225
332,237,23,US,345,BlockApportionment:US.BlockGroups;PointsLayer:US.BlockPoints,2.191,2.576,1,95,135,3036,117,8.79,189,4.16,36,US,474,BlockApportionment:US.BlockGroups;PointsLayer:US.BlockPoints,2.191,2.576,1,30.4,1.62,40.35,0.38,1.61,3.48,14.0,10.2,179,185,api_test_workflow_v2_30pct_model6_2026-05-08,34.16337577,-118.54426145,"5213 N CREBS AVE, 91356",180.0,34.1633757717_-118.544261452_180.jpg,1.0,0.8579,tent,1.9425,17.47,29.74,16.36,0,0,,,3,0,0,0,0,0,0,0,0,0,0,7,584,560,0,0,4,6,297.23,778.56,0,0.0,955.86,1,1490.96,143.08,7,0,0.0,954.59,0.0,0,0.0,0,0.0,0,100.0,1,0.0,0,8.36,38.91,34.14,4.18,22.78,5.0,51.39,0,G-13,7,13,0,0,34.16976389156468,-118.54561974986083,detection_avg,0.599779807443451,esri_market_idx_14068_forecast,business_sites_count,0.07687055621885569
333,660,23,US,491,BlockApportionment:US.BlockGroups;PointsLayer:US.BlockPoints,2.191,2.576,1,99,86,3923,126,83.15,124,4.47,37,US,124,BlockApportionment:US.BlockGroups;PointsLayer:US.BlockPoints,2.191,2.576,1,29.81,4.39,45.49,3.92,4.93,5.49,25.63,7.04,96,99,api_test_workflow_v2_remaining_model6_2026-05-08,34.26557481,-118.43913483,"10736 N LAUREL CANYON BLVD, 91331",270.0,34.2655748055_-118.439134827_270.jpg,1.0,0.7098,tent,1.9425,17.47,29.74,16.36,0,0,,,12,0,0,0,0,1,0,0,0,0,0,0,188,193,0,0,0,154,18117.84,6.68,139,16904.68,6.68,24,4071.58,234.33,5,6,6194.87,6.39,0.0,0,0.0,0,0.0,0,100.0,1,0.0,0,3.07,24.19,45.66,3.59,26.56,5.0,61.04,0,N-6,14,6,1,0,34.26286673063763,-118.4467080592948,detection_avg,0.6131975507705569,pct_severe_rent_burden,public_school_count,0.034845506246602945
334,-1,24,US,44,BlockApportionment:US.BlockGroups;PointsLayer:US.BlockPoints,2.191,2.576,1,132,265,2406,145,56.94,77,2.81,38,US,125,BlockApportionment:US.BlockGroups;PointsLayer:US.BlockPoints,2.191,2.576,1,44.68,0.9,25.5,1.88,10.61,3.2,22.85,14.33,78,83,,,,,,,,,,1.9425,17.47,29.74,16.36,0,0,,,0,0,1,0,0,0,0,0,0,0,0,0,128,135,0,1,0,77,7871.43,217.45,22,3631.7,642.23,0,0.0,1362.17,1,2,1441.62,649.75,0.0,0,0.0,0,0.0,0,100.0,1,0.0,0,1.74,8.47,82.94,0.52,8.07,5.0,87.54,0,Z-34,26,34,0,0,33.883777002446784,-118.2772659124156,reconstructed,0.6559011239868575,osm_amenity_count,bare_ground_proxy_pct,-0.05425277139599075
335,1303,24,US,346,BlockApportionment:US.BlockGroups;PointsLayer:US.BlockPoints,2.191,2.576,1,70,103,13876,126,24.99,92,2.51,39,US,475,BlockApportionment:US.BlockGroups;PointsLayer:US.BlockPoints,2.191,2.576,1,24.16,4.21,29.7,1.25,2.99,2.15,16.84,8.65,97,101,api_test_workflow_v8_remaining_location_deduped_30pct_after10_2026-05-22,34.16890313,-118.53073496,"5400 N ETIWANDA AVE, 91356",90.0,34.1689031285_-118.530734962_90.jpg,1.0,0.7846,tent,1.9425,17.47,29.74,16.36,0,0,,,81,1,0,1,1,0,3,0,0,0,0,1,2224,2303,0,0,0,87,8962.26,6.95,28,4582.88,6.95,18,1750.78,47.44,27,2,3269.09,6.87,0.39,1,0.0,0,0.0,0,100.0,1,0.0,0,1.51,11.93,70.18,2.84,15.06,5.0,78.67,0,H-13,8,13,3,0,34.1695969322672,-118.53149252713226,detection_avg,0.5350929824384312,sud_treatment_count,business_sites_count,-0.01279984170234863
336,1333,24,US,346,BlockApportionment:US.BlockGroups;PointsLayer:US.BlockPoints,2.191,2.576,1,70,103,13876,126,24.99,92,2.51,39,US,475,BlockApportionment:US.BlockGroups;PointsLayer:US.BlockPoints,2.191,2.576,1,24.16,4.21,29.7,1.25,2.99,2.15,16.84,8.65,97,101,api_test_workflow_v2_remaining_model6_2026-05-08,34.16830303,-118.535366,"18458 W VENTURA BLVD, 91356",90.0,34.1683030258_-118.535365997_90.jpg,1.0,0.8211,tent,1.9425,17.47,29.74,16.36,0,0,,,81,1,0,1,1,0,3,0,0,0,0,1,2224,2303,0,0,0,87,8962.26,6.95,28,4582.88,6.95,18,1750.78,47.44,27,2,3269.09,6.87,0.39,1,0.0,0,0.0,0,100.0,1,0.0,0,1.51,11.93,70.18,2.84,15.06,5.0,78.67,0,H-13,8,13,3,0,34.1695969322672,-118.53149252713226,detection_avg,0.5350929824384312,sud_treatment_count,business_sites_count,-0.01279984170234863
337,1491,24,US,346,BlockApportionment:US.BlockGroups;PointsLayer:US.BlockPoints,2.191,2.576,1,70,103,13876,126,24.99,92,2.51,39,US,475,BlockApportionment:US.BlockGroups;PointsLayer:US.BlockPoints,2.191,2.576,1,24.16,4.21,29.7,1.25,2.99,2.15,16.84,8.65,97,101,api_test_workflow_v8_remaining_location_deduped_30pct_after10_2026-05-22,34.16890313,-118.53073496,"5400 N ETIWANDA AVE, 91356",180.0,34.1689031285_-118.530734962_180.jpg,1.0,0.8584,tent,1.9425,17.47,29.74,16.36,0,0,,,81,1,0,1,1,0,3,0,0,0,0,1,2224,2303,0,0,0,87,8962.26,6.95,28,4582.88,6.95,18,1750.78,47.44,27,2,3269.09,6.87,0.39,1,0.0,0,0.0,0,100.0,1,0.0,0,1.51,11.93,70.18,2.84,15.06,5.0,78.67,0,H-13,8,13,3,0,34.1695969322672,-118.53149252713226,detection_avg,0.5350929824384312,sud_treatment_count,business_sites_count,-0.01279984170234863
338,1636,24,US,346,BlockApportionment:US.BlockGroups;PointsLayer:US.BlockPoints,2.191,2.576,1,70,103,13876,126,24.99,92,2.51,39,US,475,BlockApportionment:US.BlockGroups;PointsLayer:US.BlockPoints,2.191,2.576,1,24.16,4.21,29.7,1.25,2.99,2.15,16.84,8.65,97,101,api_test_workflow_v8_remaining_location_deduped_30pct_after10_2026-05-22,34.16999039,-118.53883074,"18609 W VENTURA BLVD, 91356",90.0,34.169990394_-118.53883074_90.jpg,1.0,0.7409,tent,1.9425,17.47,29.74,16.36,0,0,,,81,1,0,1,1,0,3,0,0,0,0,1,2224,2303,0,0,0,87,8962.26,6.95,28,4582.88,6.95,18,1750.78,47.44,27,2,3269.09,6.87,0.39,1,0.0,0,0.0,0,100.0,1,0.0,0,1.51,11.93,70.18,2.84,15.06,5.0,78.67,0,H-13,8,13,3,0,34.1695969322672,-118.53149252713226,detection_avg,0.5350929824384312,sud_treatment_count,business_sites_count,-0.01279984170234863
339,-1,25,US,45,BlockApportionment:US.BlockGroups;PointsLayer:US.BlockPoints,2.191,2.576,1,106,130,9163,107,49.36,90,4.03,40,US,126,BlockApportionment:US.BlockGroups;PointsLayer:US.BlockPoints,2.191,2.576,1,31.04,2.06,29.62,5.19,3.42,4.37,17.71,10.11,85,85,,,,,,,,,,1.9425,17.47,29.74,16.36,0,0,,,0,1,0,0,1,1,0,2,0,0,0,0,156,171,0,0,4,112,10078.82,37.28,33,4907.87,568.63,0,0.0,1768.68,6,2,1984.87,583.98,0.0,0,0.0,0,0.0,0,100.0,1,0.0,0,0.64,15.85,63.24,0.93,19.98,5.0,74.08,0,Y-33,25,33,1,0,33.89741132662358,-118.29139011636332,reconstructed,0.6520124903391001,nearest_river_drainage_m,water_proxy_pct,0.025315230626732427
340,39,25,US,347,BlockApportionment:US.BlockGroups;PointsLayer:US.BlockPoints,2.191,2.576,1,47,94,9289,205,14.24,85,0.98,41,US,476,BlockApportionment:US.BlockGroups;PointsLayer:US.BlockPoints,2.191,2.576,1,20.71,2.96,38.38,1.65,4.71,1.01,13.92,12.72,86,86,api_test_workflow_v2_10pct_model6_2026-05-06_live,34.16253852,-118.52252386,"17900 W SANTA RITA ST, 91316",180.0,34.1625385164_-118.522523864_180.jpg,1.0,0.8243,tent,1.9425,17.47,29.74,16.36,0,0,,,62,0,0,0,0,0,3,0,0,0,0,4,1573,1596,0,0,0,62,5406.11,131.23,20,2859.59,680.84,5,91.58,85.13,38,2,1810.43,702.26,0.0,0,0.0,0,0.0,0,100.0,1,0.0,0,4.0,26.06,55.06,3.0,15.88,5.0,67.34,0,I-13,9,13,3,0,34.16942997296972,-118.51736530440368,detection_avg,0.5789150983727294,osm_amenity_count,bare_ground_proxy_pct,-0.029534634787406595
341,1367,26,US,348,BlockApportionment:US.BlockGroups;PointsLayer:US.BlockPoints,2.191,2.576,1,71,142,3646,157,15.52,148,2.11,42,US,477,BlockApportionment:US.BlockGroups;PointsLayer:US.BlockPoints,2.191,2.576,1,23.36,0.7,25.87,0.81,0.72,1.4,10.17,6.16,159,161,api_test_workflow_v2_remaining_model6_2026-05-08,34.17069785,-118.50804423,"17210 W KILLION ST, 91316",90.0,34.1706978452_-118.508044233_90.jpg,1.0,0.7943,tent,1.9425,17.47,29.74,16.36,0,0,,,18,0,0,0,1,0,1,1,0,0,0,2,480,513,0,0,0,75,9328.02,21.26,20,4673.59,21.26,18,2339.15,159.37,9,2,3150.17,41.94,0.0,0,0.0,0,0.0,0,64.63,1,0.0,0,4.28,38.11,35.45,3.76,22.67,5.0,53.53,1,J-13,10,13,1,1,34.16926301367225,-118.5032380816751,detection_avg,0.5794195473611554,pct_no_schooling,la_geohub_fire_hazard_area_pct,0.021716359941360026
342,1523,26,US,492,BlockApportionment:US.BlockGroups;PointsLayer:US.BlockPoints,2.191,2.576,1,142,124,10605,143,94.22,108,1.5,43,US,127,BlockApportionment:US.BlockGroups;PointsLayer:US.BlockPoints,2.191,2.576,1,30.5,5.54,36.11,13.73,6.82,1.16,19.02,21.92,97,100,api_test_workflow_v8_remaining_location_deduped_10pct_2026-05-22,34.26593044,-118.43343721,"13781 W WEIDNER ST, 91331",180.0,34.2659304364_-118.433437212_180.jpg,1.0,0.8928,tent,1.9425,17.47,29.74,16.36,0,0,,,63,0,0,1,0,0,1,0,1,0,0,1,732,724,0,0,0,101,10432.62,7.67,36,7017.11,241.66,0,0.0,966.41,13,2,2740.09,339.96,0.0,0,0.0,0,0.0,0,100.0,1,0.0,0,2.31,19.6,58.21,3.76,18.44,5.0,70.05,1,O-6,15,6,1,1,34.26269977134016,-118.43258083656622,detection_avg,0.6267762197574022,pct_no_schooling,la_geohub_fire_hazard_area_pct,-0.0248007301504397
343,655,27,US,349,BlockApportionment:US.BlockGroups;PointsLayer:US.BlockPoints,2.191,2.576,1,100,231,1506,138,8.76,242,1.69,44,US,478,BlockApportionment:US.BlockGroups;PointsLayer:US.BlockPoints,2.191,2.576,1,20.9,4.9,11.36,0.0,3.78,1.5,7.69,6.64,166,165,api_test_workflow_v2_remaining_model6_2026-05-08,34.16541899,-118.49239966,"HAYVENHURST AVE AT VENTURA FRWY, 91436",90.0,34.1654189943_-118.492399657_90.jpg,1.0,0.7759,tent,1.9425,17.47,29.74,16.36,0,0,,,0,0,0,0,0,0,0,0,0,0,0,0,248,239,0,0,0,26,7144.21,32.72,14,3842.11,32.72,24,7640.32,21.46,2,2,3180.8,36.46,0.0,0,1.03,1,0.0,0,67.45,1,0.0,0,6.37,42.07,27.26,3.18,27.49,4.0,47.17,0,K-13,11,13,0,0,34.169096054374776,-118.4891108589465,detection_avg,0.6046118015731001,pct_hs_grad,dominant_landcover_class,-0.0795505518261719
344,-1,27,US,46,BlockApportionment:US.BlockGroups;PointsLayer:US.BlockPoints,2.191,2.576,1,180,302,1052,195,50.19,133,2.69,45,US,128,BlockApportionment:US.BlockGroups;PointsLayer:US.BlockPoints,2.191,2.576,1,33.05,2.82,25.23,1.06,3.43,2.49,23.38,13.29,108,105,,,,,,,,,,1.9425,17.47,29.74,16.36,0,0,,,47,0,0,0,0,0,1,0,0,0,0,0,136,125,0,0,0,79,8567.88,51.56,17,2394.42,631.68,0,0.0,2654.22,0,2,701.38,752.9,0.0,0,0.0,0,0.0,0,100.0,1,0.0,0,0.53,6.73,80.76,0.53,11.98,5.0,86.37,1,Z-33,26,33,1,1,33.89724436732611,-118.27726289363474,reconstructed,0.6193778856709231,total_population,pct_household_disability,-0.04337915646397931
345,65,28,US,493,BlockApportionment:US.BlockGroups;PointsLayer:US.BlockPoints,2.191,2.576,1,151,157,9428,193,92.48,70,2.0,46,US,129,BlockApportionment:US.BlockGroups;PointsLayer:US.BlockPoints,2.191,2.576,1,41.59,6.96,23.46,10.74,3.49,2.32,25.96,18.37,72,73,api_test_workflow_v2_20pct_model6_2026-05-07,34.26274674,-118.42041361,"10617 N ILEX AVE, 91331",0.0,34.2627467379_-118.420413614_0.jpg,1.0,0.819,tent,1.9425,17.47,29.74,16.36,0,0,,,90,0,1,0,0,0,1,1,0,0,0,1,752,700,0,0,2,51,3127.9,207.79,0,0.0,991.93,0,0.0,1573.68,5,0,0.0,1135.46,0.0,0,0.0,0,0.0,0,100.0,1,0.0,0,1.33,14.1,66.13,2.49,17.28,5.0,75.89,1,P-6,16,6,1,1,34.262532812042686,-118.41845361383764,detection_avg,0.7103768862850202,total_population,pct_household_disability,0.03423756064296523
346,92,28,US,493,BlockApportionment:US.BlockGroups;PointsLayer:US.BlockPoints,2.191,2.576,1,151,157,9428,193,92.48,70,2.0,46,US,129,BlockApportionment:US.BlockGroups;PointsLayer:US.BlockPoints,2.191,2.576,1,41.59,6.96,23.46,10.74,3.49,2.32,25.96,18.37,72,73,api_test_workflow_v2_20pct_model6_2026-05-07,34.27136115,-118.41889439,"13133 W MERCER ST, 91331",270.0,34.2713611525_-118.418894394_270.jpg,1.0,0.8784,tent,1.9425,17.47,29.74,16.36,0,0,,,90,0,1,0,0,0,1,1,0,0,0,1,752,700,0,0,2,51,3127.9,207.79,0,0.0,991.93,0,0.0,1573.68,5,0,0.0,1135.46,0.0,0,0.0,0,0.0,0,100.0,1,0.0,0,1.33,14.1,66.13,2.49,17.28,5.0,75.89,1,P-6,16,6,1,1,34.262532812042686,-118.41845361383764,detection_avg,0.7103768862850202,total_population,pct_household_disability,0.03423756064296523
347,206,28,US,493,BlockApportionment:US.BlockGroups;PointsLayer:US.BlockPoints,2.191,2.576,1,151,157,9428,193,92.48,70,2.0,46,US,129,BlockApportionment:US.BlockGroups;PointsLayer:US.BlockPoints,2.191,2.576,1,41.59,6.96,23.46,10.74,3.49,2.32,25.96,18.37,72,73,api_test_workflow_v2_30pct_model6_2026-05-08,34.26299943,-118.42027111,"10620 N ILEX AVE, 91331",90.0,34.2629994273_-118.420271114_90.jpg,1.0,0.7884,tent,1.9425,17.47,29.74,16.36,0,0,,,90,0,1,0,0,0,1,1,0,0,0,1,752,700,0,0,2,51,3127.9,207.79,0,0.0,991.93,0,0.0,1573.68,5,0,0.0,1135.46,0.0,0,0.0,0,0.0,0,100.0,1,0.0,0,1.33,14.1,66.13,2.49,17.28,5.0,75.89,1,P-6,16,6,1,1,34.262532812042686,-118.41845361383764,detection_avg,0.7103768862850202,total_population,pct_household_disability,0.03423756064296523
348,1297,28,US,493,BlockApportionment:US.BlockGroups;PointsLayer:US.BlockPoints,2.191,2.576,1,151,157,9428,193,92.48,70,2.0,46,US,129,BlockApportionment:US.BlockGroups;PointsLayer:US.BlockPoints,2.191,2.576,1,41.59,6.96,23.46,10.74,3.49,2.32,25.96,18.37,72,73,api_test_workflow_v8_remaining_location_deduped_30pct_after10_2026-05-22,34.26250277,-118.42016328,"10603 N ILEX AVE, 91331",0.0,34.2625027704_-118.420163281_0.jpg,1.0,0.921,tent,1.9425,17.47,29.74,16.36,0,0,,,90,0,1,0,0,0,1,1,0,0,0,1,752,700,0,0,2,51,3127.9,207.79,0,0.0,991.93,0,0.0,1573.68,5,0,0.0,1135.46,0.0,0,0.0,0,0.0,0,100.0,1,0.0,0,1.33,14.1,66.13,2.49,17.28,5.0,75.89,1,P-6,16,6,1,1,34.262532812042686,-118.41845361383764,detection_avg,0.7103768862850202,total_population,pct_household_disability,0.03423756064296523
349,1298,28,US,493,BlockApportionment:US.BlockGroups;PointsLayer:US.BlockPoints,2.191,2.576,1,151,157,9428,193,92.48,70,2.0,46,US,129,BlockApportionment:US.BlockGroups;PointsLayer:US.BlockPoints,2.191,2.576,1,41.59,6.96,23.46,10.74,3.49,2.32,25.96,18.37,72,73,api_test_workflow_v8_remaining_location_deduped_30pct_after10_2026-05-22,34.26250277,-118.42016328,"10603 N ILEX AVE, 91331",90.0,34.2625027704_-118.420163281_90.jpg,1.0,0.8747,tent,1.9425,17.47,29.74,16.36,0,0,,,90,0,1,0,0,0,1,1,0,0,0,1,752,700,0,0,2,51,3127.9,207.79,0,0.0,991.93,0,0.0,1573.68,5,0,0.0,1135.46,0.0,0,0.0,0,0.0,0,100.0,1,0.0,0,1.33,14.1,66.13,2.49,17.28,5.0,75.89,1,P-6,16,6,1,1,34.262532812042686,-118.41845361383764,detection_avg,0.7103768862850202,total_population,pct_household_disability,0.03423756064296523
350,-1,28,US,350,BlockApportionment:US.BlockGroups;PointsLayer:US.BlockPoints,2.191,2.576,1,0,0,0,0,0.0,0,0.0,47,US,479,BlockApportionment:US.BlockGroups;PointsLayer:US.BlockPoints,2.191,2.576,1,0.0,0.0,0.0,0.0,0.0,0.0,0.0,0.0,0,0,,,,,,,,,,1.9425,17.47,29.74,16.36,0,0,,,3,0,0,0,0,0,0,0,0,0,0,0,10,9,0,0,0,92,13034.81,19.98,33,6659.02,626.53,20,9120.87,231.23,3,7,3164.89,662.84,0.22,1,4.3,1,0.0,0,43.05,1,0.0,0,4.4,50.98,14.53,4.63,29.86,3.0,38.85,0,L-13,12,13,0,0,34.168929095077296,-118.47498363621791,reconstructed,0.6052151272131191,pct_hs_grad,dominant_landcover_class,-0.04925616695986576
351,-1,29,US,47,BlockApportionment:US.BlockGroups;PointsLayer:US.BlockPoints,2.191,2.576,1,149,188,8191,88,61.2,103,1.57,48,US,130,BlockApportionment:US.BlockGroups;PointsLayer:US.BlockPoints,2.191,2.576,1,36.57,6.36,26.55,4.22,5.61,1.79,20.74,15.17,82,83,,,,,,,,,,1.9425,17.47,29.74,16.36,0,0,,,18,0,0,0,0,1,0,0,0,0,0,0,248,218,0,0,2,68,11487.92,43.68,18,5564.72,515.93,0,0.0,1581.95,6,2,2283.23,524.03,0.0,0,0.0,0,0.0,0,100.0,1,0.0,0,0.53,16.23,59.15,0.77,23.85,5.0,71.25,1,Y-32,25,32,1,1,33.91087869150291,-118.29138709758249,reconstructed,0.628517409876152,total_population,pct_household_disability,0.046464476099694056
352,1233,29,US,351,BlockApportionment:US.BlockGroups;PointsLayer:US.BlockPoints,2.191,2.576,1,90,131,9464,136,20.27,129,2.33,49,US,480,BlockApportionment:US.BlockGroups;PointsLayer:US.BlockPoints,2.191,2.576,1,16.53,2.47,21.77,1.1,2.59,2.39,8.93,8.63,121,120,api_test_workflow_v8_remaining_location_deduped_30pct_after10_2026-05-22,34.16105661,-118.46518689,"15252 W VALLEYHEART DR, 91403",180.0,34.1610566052_-118.46518689_180.jpg,1.0,0.7078,tent,1.9425,17.47,29.74,16.36,0,0,,,48,0,1,0,0,1,1,0,0,0,0,1,1166,1235,0,0,2,58,5261.97,487.47,30,3956.24,585.91,1,1306.33,450.04,2,6,2408.86,591.0,0.0,0,0.47,1,0.0,0,100.0,1,0.0,0,3.7,21.34,56.33,4.68,17.64,5.0,68.32,0,M-13,13,13,2,0,34.16876213577982,-118.46085641348934,detection_avg,0.6046843845094622,la_geohub_100yr_flood_area_pct,tree_canopy_proxy_pct,-0.02125665629378084
353,1389,29,US,351,BlockApportionment:US.BlockGroups;PointsLayer:US.BlockPoints,2.191,2.576,1,90,131,9464,136,20.27,129,2.33,49,US,480,BlockApportionment:US.BlockGroups;PointsLayer:US.BlockPoints,2.191,2.576,1,16.53,2.47,21.77,1.1,2.59,2.39,8.93,8.63,121,120,api_test_workflow_v2_remaining_model6_2026-05-08,34.16817205,-118.46579507,"5350 N SEPULVEDA BLVD, 91411",180.0,34.1681720489_-118.465795069_180.jpg,1.0,0.6152,tent,1.9425,17.47,29.74,16.36,0,0,,,48,0,1,0,0,1,1,0,0,0,0,1,1166,1235,0,0,2,58,5261.97,487.47,30,3956.24,585.91,1,1306.33,450.04,2,6,2408.86,591.0,0.0,0,0.47,1,0.0,0,100.0,1,0.0,0,3.7,21.34,56.33,4.68,17.64,5.0,68.32,0,M-13,13,13,2,0,34.16876213577982,-118.46085641348934,detection_avg,0.6046843845094622,la_geohub_100yr_flood_area_pct,tree_canopy_proxy_pct,-0.02125665629378084
354,1191,30,US,48,BlockApportionment:US.BlockGroups;PointsLayer:US.BlockPoints,2.191,2.576,1,243,303,4795,164,60.27,75,3.44,0,US,131,BlockApportionment:US.BlockGroups;PointsLayer:US.BlockPoints,2.191,2.576,1,46.63,8.64,18.54,7.9,7.59,3.77,23.52,20.86,90,95,api_test_workflow_v8_remaining_location_deduped_final_after10_30_2026-05-23,33.91929325,-118.28297862,"12430 S FIGUEROA ST, 90061",180.0,33.9192932518_-118.282978622_180.jpg,1.0,0.6061,tent,1.9425,17.47,29.74,16.36,0,0,,,30,0,0,2,0,0,0,1,0,0,0,0,242,215,0,3,0,80,9585.04,159.05,28,5258.37,589.31,0,0.0,1770.89,2,2,2092.97,681.6,0.0,0,0.0,0,0.0,0,100.0,1,0.0,0,1.1,13.46,69.47,0.7,16.37,5.0,78.3,0,Z-32,26,32,0,0,33.910711732205435,-118.2772598748539,detection_avg,0.6472653000520532,total_population,pct_household_disability,-0.08513246582334291
355,-1,30,US,352,BlockApportionment:US.BlockGroups;PointsLayer:US.BlockPoints,2.191,2.576,1,76,99,7614,81,24.44,139,1.5,1,US,481,BlockApportionment:US.BlockGroups;PointsLayer:US.BlockPoints,2.191,2.576,1,22.53,2.53,31.43,2.14,1.42,1.08,9.93,7.89,115,116,,,,,,,,,,1.9425,17.47,29.74,16.36,0,0,,,52,0,0,0,0,0,0,0,0,0,0,1,1132,1156,0,0,2,66,3630.81,62.83,0,0.0,1562.74,1,834.86,623.61,11,0,0.0,1592.85,0.0,0,0.0,0,0.0,0,100.0,1,0.0,0,3.59,21.12,55.32,4.75,18.81,5.0,67.65,0,N-13,14,13,0,0,34.16859517648235,-118.44672919076076,reconstructed,0.598719584033628,total_population,pct_household_disability,-0.011578668377163101
356,78,31,US,494,BlockApportionment:US.BlockGroups;PointsLayer:US.BlockPoints,2.191,2.576,1,79,102,5923,71,79.94,87,2.2,2,US,132,BlockApportionment:US.BlockGroups;PointsLayer:US.BlockPoints,2.191,2.576,1,31.09,4.32,29.94,3.68,6.4,1.85,24.19,20.54,78,81,api_test_workflow_v2_20pct_model6_2026-05-07,34.25400539,-118.40824221,"12615 W WINGO ST, 91331",270.0,34.2540053861_-118.408242214_270.jpg,1.0,0.7705,tent,1.9425,17.47,29.74,16.36,0,0,,,72,0,0,0,0,0,0,0,0,0,0,0,442,401,0,0,0,26,2276.64,126.87,0,0.0,2189.86,0,0.0,1099.96,11,0,0.0,2211.49,0.0,0,0.0,0,0.0,0,100.0,1,0.0,0,2.6,24.74,54.16,4.16,16.94,5.0,67.13,3,Q-6,17,6,0,1,34.262365852745205,-118.40432639110904,detection_avg,0.6657181410227304,nearest_river_drainage_m,water_proxy_pct,0.013108704264787562
357,375,31,US,494,BlockApportionment:US.BlockGroups;PointsLayer:US.BlockPoints,2.191,2.576,1,79,102,5923,71,79.94,87,2.2,2,US,132,BlockApportionment:US.BlockGroups;PointsLayer:US.BlockPoints,2.191,2.576,1,31.09,4.32,29.94,3.68,6.4,1.85,24.19,20.54,78,81,api_test_workflow_v2_5pct_fresh_2026-04-28,34.25509073,-118.40132074,"12303 W MONTAGUE ST, 91331",270.0,34.2550907303_-118.401320742_270.jpg,1.0,0.7545,tent,1.9425,17.47,29.74,16.36,0,0,,,72,0,0,0,0,0,0,0,0,0,0,0,442,401,0,0,0,26,2276.64,126.87,0,0.0,2189.86,0,0.0,1099.96,11,0,0.0,2211.49,0.0,0,0.0,0,0.0,0,100.0,1,0.0,0,2.6,24.74,54.16,4.16,16.94,5.0,67.13,20,Q-6,17,6,0,1,34.262365852745205,-118.40432639110904,detection_avg,0.6657181410227304,nearest_river_drainage_m,water_proxy_pct,0.013108704264787562
358,1824,31,US,494,BlockApportionment:US.BlockGroups;PointsLayer:US.BlockPoints,2.191,2.576,1,79,102,5923,71,79.94,87,2.2,2,US,132,BlockApportionment:US.BlockGroups;PointsLayer:US.BlockPoints,2.191,2.576,1,31.09,4.32,29.94,3.68,6.4,1.85,24.19,20.54,78,81,api_test_workflow_v8_remaining_location_deduped_final_after10_30_2026-05-23,34.25394066,-118.40299609,"12371 W MONTAGUE ST, 91331",0.0,34.2539406567_-118.402996093_0.jpg,1.0,0.8143,tent,1.9425,17.47,29.74,16.36,0,0,,,72,0,0,0,0,0,0,0,0,0,0,0,442,401,0,0,0,26,2276.64,126.87,0,0.0,2189.86,0,0.0,1099.96,11,0,0.0,2211.49,0.0,0,0.0,0,0.0,0,100.0,1,0.0,0,2.6,24.74,54.16,4.16,16.94,5.0,67.13,2,Q-6,17,6,0,1,34.262365852745205,-118.40432639110904,detection_avg,0.6657181410227304,nearest_river_drainage_m,water_proxy_pct,0.013108704264787562
359,-1,31,US,353,BlockApportionment:US.BlockGroups;PointsLayer:US.BlockPoints,2.191,2.576,1,107,102,5440,140,18.88,148,2.88,3,US,482,BlockApportionment:US.BlockGroups;PointsLayer:US.BlockPoints,2.191,2.576,1,15.79,2.98,33.81,2.3,3.14,3.58,9.24,6.3,135,135,,,,,,,,,,1.9425,17.47,29.74,16.36,0,0,,,33,0,0,0,0,1,0,0,0,0,0,4,699,698,0,0,5,17,1497.94,139.09,0,0.0,983.87,1,661.04,673.78,0,0,0.0,1007.78,0.0,0,0.0,0,0.0,0,100.0,1,0.0,0,2.66,25.0,46.3,6.02,22.69,5.0,61.61,0,O-13,15,13,1,0,34.168428217184875,-118.43260196803216,reconstructed,0.6157113688682504,sud_treatment_count,business_sites_count,0.015698733066856537
360,-1,32,US,49,BlockApportionment:US.BlockGroups;PointsLayer:US.BlockPoints,2.191,2.576,1,176,180,6453,136,53.74,111,3.36,4,US,133,BlockApportionment:US.BlockGroups;PointsLayer:US.BlockPoints,2.191,2.576,1,30.35,7.21,37.36,5.12,3.43,2.77,25.35,8.78,93,93,,,,,,,,,,1.9425,17.47,29.74,16.36,0,0,,,12,0,0,0,0,0,2,0,0,0,0,0,86,76,0,1,0,30,1893.05,380.66,0,0.0,1444.74,1,1593.44,89.14,1,0,0.0,1477.9,0.0,0,0.0,0,0.0,0,100.0,1,0.0,0,1.57,24.26,51.31,1.28,23.16,5.0,65.45,0,AB-32,28,32,2,0,33.91037781361049,-118.24900542939672,reconstructed,0.6123320423394987,food_access_count,water_proxy_pct,-0.01593704479990027
361,-1,32,US,354,BlockApportionment:US.BlockGroups;PointsLayer:US.BlockPoints,2.191,2.576,1,91,74,3866,93,21.13,141,2.29,5,US,483,BlockApportionment:US.BlockGroups;PointsLayer:US.BlockPoints,2.191,2.576,1,21.81,7.08,26.52,1.61,2.31,1.78,13.98,9.99,125,126,,,,,,,,,,1.9425,17.47,29.74,16.36,0,0,,,61,0,1,0,1,0,3,0,0,0,0,0,473,491,0,0,5,25,1853.76,63.79,0,0.0,1632.35,3,1543.92,458.08,13,0,0.0,1632.92,0.0,0,0.0,0,0.0,0,100.0,1,0.0,0,5.04,27.74,46.38,5.73,20.15,5.0,60.95,0,P-13,16,13,3,0,34.168261257887394,-118.41847474530358,reconstructed,0.6060035913011464,esri_market_idx_14068_forecast,business_sites_count,-0.010203177642404604
362,-1,33,US,495,BlockApportionment:US.BlockGroups;PointsLayer:US.BlockPoints,2.191,2.576,1,51,199,18,0,38.89,0,0.0,6,US,134,BlockApportionment:US.BlockGroups;PointsLayer:US.BlockPoints,2.191,2.576,1,100.0,0.0,0.0,0.0,0.0,0.0,66.67,0.0,0,0,,,,,,,,,,1.9425,17.47,29.74,16.36,0,0,,,0,0,0,0,0,0,0,0,0,0,0,0,0,1,0,0,0,1,121.88,754.36,0,0.0,1195.33,84,9865.96,137.82,9,0,0.0,1196.49,67.78,1,0.0,0,0.0,0,100.0,1,0.0,0,16.83,50.38,12.55,7.69,29.38,4.0,33.74,0,R-6,18,6,0,0,34.26219889344773,-118.39019916838046,reconstructed,0.6228768344967217,total_population,pct_household_disability,-0.05479675825337171
363,1829,33,US,355,BlockApportionment:US.BlockGroups;PointsLayer:US.BlockPoints,2.191,2.576,1,88,87,10570,150,21.01,104,2.35,7,US,484,BlockApportionment:US.BlockGroups;PointsLayer:US.BlockPoints,2.191,2.576,1,21.35,4.29,36.71,3.33,2.28,2.39,14.18,15.27,97,97,api_test_workflow_v8_remaining_location_deduped_final_after10_30_2026-05-23,34.16374039,-118.39676295,"5127 N LAUREL CANYON BLVD, 91607",90.0,34.1637403926_-118.396762955_90.jpg,1.0,0.629,tent,1.9425,17.47,29.74,16.36,0,0,,,39,0,0,0,0,0,3,0,0,0,0,2,1524,1589,0,0,0,10,398.68,748.63,0,0.0,890.5,1,790.0,744.85,9,0,0.0,890.91,0.0,0,0.0,0,0.0,0,100.0,1,0.0,0,4.69,22.69,55.84,4.11,17.36,5.0,67.68,0,Q-13,17,13,3,0,34.16809429858992,-118.404347522575,detection_avg,0.5803208869544648,business_sites_count,bare_ground_proxy_pct,-0.011142418687849825
364,-1,34,US,496,BlockApportionment:US.BlockGroups;PointsLayer:US.BlockPoints,2.191,2.576,1,115,189,451,124,45.23,129,4.03,8,US,135,BlockApportionment:US.BlockGroups;PointsLayer:US.BlockPoints,2.191,2.576,1,28.15,8.89,49.12,0.84,0.0,2.78,15.97,4.72,123,124,,,,,,,,,,1.9425,17.47,29.74,16.36,0,0,,,0,0,0,0,0,0,0,0,0,0,0,1,53,39,0,0,0,0,0.0,1636.12,0,0.0,1636.12,8,1903.29,386.48,3,0,0.0,1638.87,38.64,1,0.0,0,0.0,0,100.0,1,0.0,0,15.44,49.28,11.97,5.49,33.26,4.0,33.75,0,S-6,19,6,0,0,34.26203193415026,-118.37607194565189,reconstructed,0.6354583361787736,total_population,pct_household_disability,-0.03030275738456598
365,229,34,US,356,BlockApportionment:US.BlockGroups;PointsLayer:US.BlockPoints,2.191,2.576,1,117,132,9561,186,28.35,107,2.31,9,US,485,BlockApportionment:US.BlockGroups;PointsLayer:US.BlockPoints,2.191,2.576,1,17.35,5.14,25.88,3.51,3.27,3.17,12.3,15.89,92,91,api_test_workflow_v2_30pct_model6_2026-05-08,34.16906351,-118.38575013,"5409 N WESTPARK DR, 91601",90.0,34.1690635118_-118.385750135_90.jpg,1.0,0.6959,tent,1.9425,17.47,29.74,16.36,0,0,,,38,0,0,0,0,3,2,0,0,0,0,2,1280,1360,1,0,9,106,11171.17,65.17,54,8272.75,84.02,5,1510.2,199.71,16,2,3143.9,132.65,0.0,0,0.0,0,0.0,0,100.0,1,0.0,0,3.3,20.13,56.04,5.38,18.45,5.0,68.24,2,R-13,18,13,5,1,34.16792733929245,-118.39022029984642,detection_avg,0.6260988386062184,pct_severe_rent_burden,public_school_count,0.0111883519938142
366,804,34,US,356,BlockApportionment:US.BlockGroups;PointsLayer:US.BlockPoints,2.191,2.576,1,117,132,9561,186,28.35,107,2.31,9,US,485,BlockApportionment:US.BlockGroups;PointsLayer:US.BlockPoints,2.191,2.576,1,17.35,5.14,25.88,3.51,3.27,3.17,12.3,15.89,92,91,api_test_workflow_v2_5pct_fresh_2026-04-28,34.1719775,-118.38315913,"11524 W BURBANK BLVD, 91601",0.0,34.1719774976_-118.383159132_0.jpg,1.0,0.637,tent,1.9425,17.47,29.74,16.36,0,0,,,38,0,0,0,0,3,2,0,0,0,0,2,1280,1360,1,0,9,106,11171.17,65.17,54,8272.75,84.02,5,1510.2,199.71,16,2,3143.9,132.65,0.0,0,0.0,0,0.0,0,100.0,1,0.0,0,3.3,20.13,56.04,5.38,18.45,5.0,68.24,1,R-13,18,13,5,1,34.16792733929245,-118.39022029984642,detection_avg,0.6260988386062184,pct_severe_rent_burden,public_school_count,0.0111883519938142
367,805,34,US,356,BlockApportionment:US.BlockGroups;PointsLayer:US.BlockPoints,2.191,2.576,1,117,132,9561,186,28.35,107,2.31,9,US,485,BlockApportionment:US.BlockGroups;PointsLayer:US.BlockPoints,2.191,2.576,1,17.35,5.14,25.88,3.51,3.27,3.17,12.3,15.89,92,91,api_test_workflow_v2_5pct_fresh_2026-04-28,34.1719775,-118.38315913,"11524 W BURBANK BLVD, 91601",270.0,34.1719774976_-118.383159132_270.jpg,1.0,0.763,tent,1.9425,17.47,29.74,16.36,0,0,,,38,0,0,0,0,3,2,0,0,0,0,2,1280,1360,1,0,9,106,11171.17,65.17,54,8272.75,84.02,5,1510.2,199.71,16,2,3143.9,132.65,0.0,0,0.0,0,0.0,0,100.0,1,0.0,0,3.3,20.13,56.04,5.38,18.45,5.0,68.24,0,R-13,18,13,5,0,34.16792733929245,-118.39022029984642,detection_avg,0.6260988386062184,pct_severe_rent_burden,public_school_count,0.0111883519938142
368,-1,35,US,50,BlockApportionment:US.BlockGroups;PointsLayer:US.BlockPoints,2.191,2.576,1,208,194,5293,226,35.29,106,5.26,10,US,136,BlockApportionment:US.BlockGroups;PointsLayer:US.BlockPoints,2.191,2.576,1,38.67,3.24,32.33,0.62,1.25,5.95,21.14,12.35,97,98,,,,,,,,,,1.9425,17.47,29.74,16.36,0,0,,,40,0,0,0,1,3,4,1,1,0,0,1,142,135,0,1,3,88,8218.81,233.31,8,3164.13,233.31,0,0.0,1533.71,5,2,3091.97,236.07,0.0,0,0.0,0,0.0,0,100.0,1,0.0,0,1.47,19.41,56.7,0.88,23.01,5.0,69.25,0,X-31,24,31,7,0,33.924513015679715,-118.30551130153022,reconstructed,0.6385054334018188,total_population,pct_household_disability,-0.02934610323739093
369,7,35,US,357,BlockApportionment:US.BlockGroups;PointsLayer:US.BlockPoints,2.191,2.576,1,95,148,15583,174,28.45,92,1.16,11,US,486,BlockApportionment:US.BlockGroups;PointsLayer:US.BlockPoints,2.191,2.576,1,16.58,4.89,31.73,1.5,3.28,1.36,10.37,14.73,82,80,api_test_workflow_v2_10pct_model6_2026-05-06_live,34.16689258,-118.37177665,"11042 W WEDDINGTON ST, 91601",90.0,34.1668925778_-118.371776647_90.jpg,1.0,0.8754,tent,1.9425,17.47,29.74,16.36,0,0,,,128,0,1,1,0,1,3,2,1,0,0,1,1941,2185,0,0,5,70,7966.71,158.24,34,6411.79,508.4,7,1201.72,484.1,50,2,2260.52,523.87,0.0,0,0.0,0,0.0,0,100.0,1,0.0,0,1.85,16.68,66.24,3.3,13.78,5.0,75.81,1,S-13,19,13,4,1,34.167760379994974,-118.37609307711784,detection_avg,0.5885800706034694,pct_severe_rent_burden,adult_recreation_count,-0.016962319783813344
370,52,35,US,357,BlockApportionment:US.BlockGroups;PointsLayer:US.BlockPoints,2.191,2.576,1,95,148,15583,174,28.45,92,1.16,11,US,486,BlockApportionment:US.BlockGroups;PointsLayer:US.BlockPoints,2.191,2.576,1,16.58,4.89,31.73,1.5,3.28,1.36,10.37,14.73,82,80,api_test_workflow_v2_10pct_model6_2026-05-06_live,34.1650306,-118.36846601,"10915 W MAGNOLIA BLVD, 91601",0.0,34.1650305981_-118.368466006_0.jpg,1.0,0.7209,tent,1.9425,17.47,29.74,16.36,0,0,,,128,0,1,1,0,1,3,2,1,0,0,1,1941,2185,0,0,5,70,7966.71,158.24,34,6411.79,508.4,7,1201.72,484.1,50,2,2260.52,523.87,0.0,0,0.0,0,0.0,0,100.0,1,0.0,0,1.85,16.68,66.24,3.3,13.78,5.0,75.81,0,S-13,19,13,4,0,34.167760379994974,-118.37609307711784,detection_avg,0.5885800706034694,pct_severe_rent_burden,adult_recreation_count,-0.016962319783813344
371,176,35,US,357,BlockApportionment:US.BlockGroups;PointsLayer:US.BlockPoints,2.191,2.576,1,95,148,15583,174,28.45,92,1.16,11,US,486,BlockApportionment:US.BlockGroups;PointsLayer:US.BlockPoints,2.191,2.576,1,16.58,4.89,31.73,1.5,3.28,1.36,10.37,14.73,82,80,api_test_workflow_v2_remaining_model6_2026-05-08,34.15997274,-118.3708161,"11002 W HUSTON ST, 91601",180.0,34.1599727446_-118.370816103_180.jpg,1.0,0.7596,tent,1.9425,17.47,29.74,16.36,0,0,,,128,0,1,1,0,1,3,2,1,0,0,1,1941,2185,0,0,5,70,7966.71,158.24,34,6411.79,508.4,7,1201.72,484.1,50,2,2260.52,523.87,0.0,0,0.0,0,0.0,0,100.0,1,0.0,0,1.85,16.68,66.24,3.3,13.78,5.0,75.81,0,S-13,19,13,4,0,34.167760379994974,-118.37609307711784,detection_avg,0.5885800706034694,pct_severe_rent_burden,adult_recreation_count,-0.016962319783813344
372,261,35,US,357,BlockApportionment:US.BlockGroups;PointsLayer:US.BlockPoints,2.191,2.576,1,95,148,15583,174,28.45,92,1.16,11,US,486,BlockApportionment:US.BlockGroups;PointsLayer:US.BlockPoints,2.191,2.576,1,16.58,4.89,31.73,1.5,3.28,1.36,10.37,14.73,82,80,api_test_workflow_v2_30pct_model6_2026-05-08,34.16469743,-118.37333652,"11122 W MAGNOLIA BLVD, 91601",0.0,34.1646974325_-118.373336516_0.jpg,1.0,0.6822,tent,1.9425,17.47,29.74,16.36,0,0,,,128,0,1,1,0,1,3,2,1,0,0,1,1941,2185,0,0,5,70,7966.71,158.24,34,6411.79,508.4,7,1201.72,484.1,50,2,2260.52,523.87,0.0,0,0.0,0,0.0,0,100.0,1,0.0,0,1.85,16.68,66.24,3.3,13.78,5.0,75.81,0,S-13,19,13,4,0,34.167760379994974,-118.37609307711784,detection_avg,0.5885800706034694,pct_severe_rent_burden,adult_recreation_count,-0.016962319783813344
373,362,35,US,357,BlockApportionment:US.BlockGroups;PointsLayer:US.BlockPoints,2.191,2.576,1,95,148,15583,174,28.45,92,1.16,11,US,486,BlockApportionment:US.BlockGroups;PointsLayer:US.BlockPoints,2.191,2.576,1,16.58,4.89,31.73,1.5,3.28,1.36,10.37,14.73,82,80,api_test_workflow_v2_5pct_fresh_2026-04-28,34.17010951,-118.37217259,"11055 W CUMPSTON ST, 91601",180.0,34.1701095119_-118.372172594_180.jpg,1.0,0.833,tent,1.9425,17.47,29.74,16.36,0,0,,,128,0,1,1,0,1,3,2,1,0,0,1,1941,2185,0,0,5,70,7966.71,158.24,34,6411.79,508.4,7,1201.72,484.1,50,2,2260.52,523.87,0.0,0,0.0,0,0.0,0,100.0,1,0.0,0,1.85,16.68,66.24,3.3,13.78,5.0,75.81,2,S-13,19,13,4,1,34.167760379994974,-118.37609307711784,detection_avg,0.5885800706034694,pct_severe_rent_burden,adult_recreation_count,-0.016962319783813344
374,405,35,US,357,BlockApportionment:US.BlockGroups;PointsLayer:US.BlockPoints,2.191,2.576,1,95,148,15583,174,28.45,92,1.16,11,US,486,BlockApportionment:US.BlockGroups;PointsLayer:US.BlockPoints,2.191,2.576,1,16.58,4.89,31.73,1.5,3.28,1.36,10.37,14.73,82,80,api_test_workflow_v2_20pct_model6_2026-05-07,34.16095705,-118.37208628,"4936 N LANKERSHIM BLVD, 91601",90.0,34.1609570469_-118.372086281_90.jpg,2.0,0.7779,tent,1.9425,17.47,29.74,16.36,0,0,,,128,0,1,1,0,1,3,2,1,0,0,1,1941,2185,0,0,5,70,7966.71,158.24,34,6411.79,508.4,7,1201.72,484.1,50,2,2260.52,523.87,0.0,0,0.0,0,0.0,0,100.0,1,0.0,0,1.85,16.68,66.24,3.3,13.78,5.0,75.81,0,S-13,19,13,4,0,34.167760379994974,-118.37609307711784,detection_avg,0.5885800706034694,pct_severe_rent_burden,adult_recreation_count,-0.016962319783813344
375,421,35,US,357,BlockApportionment:US.BlockGroups;PointsLayer:US.BlockPoints,2.191,2.576,1,95,148,15583,174,28.45,92,1.16,11,US,486,BlockApportionment:US.BlockGroups;PointsLayer:US.BlockPoints,2.191,2.576,1,16.58,4.89,31.73,1.5,3.28,1.36,10.37,14.73,82,80,api_test_workflow_v2_20pct_model6_2026-05-07,34.16688842,-118.3715595,"11032 W WEDDINGTON ST, 91601",270.0,34.1668884202_-118.371559505_270.jpg,1.0,0.8357,tent,1.9425,17.47,29.74,16.36,0,0,,,128,0,1,1,0,1,3,2,1,0,0,1,1941,2185,0,0,5,70,7966.71,158.24,34,6411.79,508.4,7,1201.72,484.1,50,2,2260.52,523.87,0.0,0,0.0,0,0.0,0,100.0,1,0.0,0,1.85,16.68,66.24,3.3,13.78,5.0,75.81,15,S-13,19,13,4,1,34.167760379994974,-118.37609307711784,detection_avg,0.5885800706034694,pct_severe_rent_burden,adult_recreation_count,-0.016962319783813344
376,487,35,US,357,BlockApportionment:US.BlockGroups;PointsLayer:US.BlockPoints,2.191,2.576,1,95,148,15583,174,28.45,92,1.16,11,US,486,BlockApportionment:US.BlockGroups;PointsLayer:US.BlockPoints,2.191,2.576,1,16.58,4.89,31.73,1.5,3.28,1.36,10.37,14.73,82,80,api_test_workflow_v2_20pct_model6_2026-05-07,34.16808698,-118.37743924,"BAKMAN AVE AT CHANDLER BLVD, 91601",180.0,34.1680869827_-118.377439239_180.jpg,1.0,0.7817,tent,1.9425,17.47,29.74,16.36,0,0,,,128,0,1,1,0,1,3,2,1,0,0,1,1941,2185,0,0,5,70,7966.71,158.24,34,6411.79,508.4,7,1201.72,484.1,50,2,2260.52,523.87,0.0,0,0.0,0,0.0,0,100.0,1,0.0,0,1.85,16.68,66.24,3.3,13.78,5.0,75.81,0,S-13,19,13,4,0,34.167760379994974,-118.37609307711784,detection_avg,0.5885800706034694,pct_severe_rent_burden,adult_recreation_count,-0.016962319783813344
377,488,35,US,357,BlockApportionment:US.BlockGroups;PointsLayer:US.BlockPoints,2.191,2.576,1,95,148,15583,174,28.45,92,1.16,11,US,486,BlockApportionment:US.BlockGroups;PointsLayer:US.BlockPoints,2.191,2.576,1,16.58,4.89,31.73,1.5,3.28,1.36,10.37,14.73,82,80,api_test_workflow_v2_20pct_model6_2026-05-07,34.16808698,-118.37743924,"BAKMAN AVE AT CHANDLER BLVD, 91601",270.0,34.1680869827_-118.377439239_270.jpg,1.0,0.6527,tent,1.9425,17.47,29.74,16.36,0,0,,,128,0,1,1,0,1,3,2,1,0,0,1,1941,2185,0,0,5,70,7966.71,158.24,34,6411.79,508.4,7,1201.72,484.1,50,2,2260.52,523.87,0.0,0,0.0,0,0.0,0,100.0,1,0.0,0,1.85,16.68,66.24,3.3,13.78,5.0,75.81,0,S-13,19,13,4,0,34.167760379994974,-118.37609307711784,detection_avg,0.5885800706034694,pct_severe_rent_burden,adult_recreation_count,-0.016962319783813344
378,520,35,US,357,BlockApportionment:US.BlockGroups;PointsLayer:US.BlockPoints,2.191,2.576,1,95,148,15583,174,28.45,92,1.16,11,US,486,BlockApportionment:US.BlockGroups;PointsLayer:US.BlockPoints,2.191,2.576,1,16.58,4.89,31.73,1.5,3.28,1.36,10.37,14.73,82,80,api_test_workflow_v2_20pct_model6_2026-05-07_batch2,34.17130798,-118.37643101,"5547 N ELMER AVE, 91601",0.0,34.1713079812_-118.376431014_0.jpg,1.0,0.6929,tent,1.9425,17.47,29.74,16.36,0,0,,,128,0,1,1,0,1,3,2,1,0,0,1,1941,2185,0,0,5,70,7966.71,158.24,34,6411.79,508.4,7,1201.72,484.1,50,2,2260.52,523.87,0.0,0,0.0,0,0.0,0,100.0,1,0.0,0,1.85,16.68,66.24,3.3,13.78,5.0,75.81,0,S-13,19,13,4,0,34.167760379994974,-118.37609307711784,detection_avg,0.5885800706034694,pct_severe_rent_burden,adult_recreation_count,-0.016962319783813344
379,568,35,US,357,BlockApportionment:US.BlockGroups;PointsLayer:US.BlockPoints,2.191,2.576,1,95,148,15583,174,28.45,92,1.16,11,US,486,BlockApportionment:US.BlockGroups;PointsLayer:US.BlockPoints,2.191,2.576,1,16.58,4.89,31.73,1.5,3.28,1.36,10.37,14.73,82,80,api_test_workflow_v2_20pct_model6_2026-05-07_batch2,34.16688846,-118.3717248,"11038 W WEDDINGTON ST, 91601",90.0,34.1668884643_-118.371724796_90.jpg,1.0,0.8754,tent,1.9425,17.47,29.74,16.36,0,0,,,128,0,1,1,0,1,3,2,1,0,0,1,1941,2185,0,0,5,70,7966.71,158.24,34,6411.79,508.4,7,1201.72,484.1,50,2,2260.52,523.87,0.0,0,0.0,0,0.0,0,100.0,1,0.0,0,1.85,16.68,66.24,3.3,13.78,5.0,75.81,3,S-13,19,13,4,1,34.167760379994974,-118.37609307711784,detection_avg,0.5885800706034694,pct_severe_rent_burden,adult_recreation_count,-0.016962319783813344
380,575,35,US,357,BlockApportionment:US.BlockGroups;PointsLayer:US.BlockPoints,2.191,2.576,1,95,148,15583,174,28.45,92,1.16,11,US,486,BlockApportionment:US.BlockGroups;PointsLayer:US.BlockPoints,2.191,2.576,1,16.58,4.89,31.73,1.5,3.28,1.36,10.37,14.73,82,80,api_test_workflow_v2_20pct_model6_2026-05-07_batch2,34.16997982,-118.37632908,"CUMPSTON ST AT ELMER AVE, 91601",270.0,34.1699798219_-118.376329077_270.jpg,1.0,0.8947,tent,1.9425,17.47,29.74,16.36,0,0,,,128,0,1,1,0,1,3,2,1,0,0,1,1941,2185,0,0,5,70,7966.71,158.24,34,6411.79,508.4,7,1201.72,484.1,50,2,2260.52,523.87,0.0,0,0.0,0,0.0,0,100.0,1,0.0,0,1.85,16.68,66.24,3.3,13.78,5.0,75.81,5,S-13,19,13,4,1,34.167760379994974,-118.37609307711784,detection_avg,0.5885800706034694,pct_severe_rent_burden,adult_recreation_count,-0.016962319783813344
381,640,35,US,357,BlockApportionment:US.BlockGroups;PointsLayer:US.BlockPoints,2.191,2.576,1,95,148,15583,174,28.45,92,1.16,11,US,486,BlockApportionment:US.BlockGroups;PointsLayer:US.BlockPoints,2.191,2.576,1,16.58,4.89,31.73,1.5,3.28,1.36,10.37,14.73,82,80,api_test_workflow_v2_remaining_model6_2026-05-08,34.1611389,-118.37199151,"11065 W MORRISON ST, 91601",0.0,34.1611388987_-118.371991512_0.jpg,2.0,0.8529,tent,1.9425,17.47,29.74,16.36,0,0,,,128,0,1,1,0,1,3,2,1,0,0,1,1941,2185,0,0,5,70,7966.71,158.24,34,6411.79,508.4,7,1201.72,484.1,50,2,2260.52,523.87,0.0,0,0.0,0,0.0,0,100.0,1,0.0,0,1.85,16.68,66.24,3.3,13.78,5.0,75.81,2,S-13,19,13,4,1,34.167760379994974,-118.37609307711784,detection_avg,0.5885800706034694,pct_severe_rent_burden,adult_recreation_count,-0.016962319783813344
382,759,35,US,357,BlockApportionment:US.BlockGroups;PointsLayer:US.BlockPoints,2.191,2.576,1,95,148,15583,174,28.45,92,1.16,11,US,486,BlockApportionment:US.BlockGroups;PointsLayer:US.BlockPoints,2.191,2.576,1,16.58,4.89,31.73,1.5,3.28,1.36,10.37,14.73,82,80,api_test_workflow_v2_30pct_model6_2026-05-08,34.16437815,-118.37760828,"5149 N BAKMAN AVE, 91601",0.0,34.1643781543_-118.377608282_0.jpg,1.0,0.7425,tent,1.9425,17.47,29.74,16.36,0,0,,,128,0,1,1,0,1,3,2,1,0,0,1,1941,2185,0,0,5,70,7966.71,158.24,34,6411.79,508.4,7,1201.72,484.1,50,2,2260.52,523.87,0.0,0,0.0,0,0.0,0,100.0,1,0.0,0,1.85,16.68,66.24,3.3,13.78,5.0,75.81,0,S-13,19,13,4,0,34.167760379994974,-118.37609307711784,detection_avg,0.5885800706034694,pct_severe_rent_burden,adult_recreation_count,-0.016962319783813344
383,775,35,US,357,BlockApportionment:US.BlockGroups;PointsLayer:US.BlockPoints,2.191,2.576,1,95,148,15583,174,28.45,92,1.16,11,US,486,BlockApportionment:US.BlockGroups;PointsLayer:US.BlockPoints,2.191,2.576,1,16.58,4.89,31.73,1.5,3.28,1.36,10.37,14.73,82,80,api_test_workflow_v2_30pct_model6_2026-05-08,34.16708079,-118.37172538,"11041 W WEDDINGTON ST, 91601",90.0,34.1670807932_-118.371725378_90.jpg,1.0,0.8754,tent,1.9425,17.47,29.74,16.36,0,0,,,128,0,1,1,0,1,3,2,1,0,0,1,1941,2185,0,0,5,70,7966.71,158.24,34,6411.79,508.4,7,1201.72,484.1,50,2,2260.52,523.87,0.0,0,0.0,0,0.0,0,100.0,1,0.0,0,1.85,16.68,66.24,3.3,13.78,5.0,75.81,0,S-13,19,13,4,0,34.167760379994974,-118.37609307711784,detection_avg,0.5885800706034694,pct_severe_rent_burden,adult_recreation_count,-0.016962319783813344
384,809,35,US,357,BlockApportionment:US.BlockGroups;PointsLayer:US.BlockPoints,2.191,2.576,1,95,148,15583,174,28.45,92,1.16,11,US,486,BlockApportionment:US.BlockGroups;PointsLayer:US.BlockPoints,2.191,2.576,1,16.58,4.89,31.73,1.5,3.28,1.36,10.37,14.73,82,80,api_test_workflow_v2_5pct_fresh_2026-04-28,34.16688775,-118.37170015,"11058 W WEDDINGTON ST, 91601",90.0,34.1668877459_-118.371700145_90.jpg,1.0,0.8366,tent,1.9425,17.47,29.74,16.36,0,0,,,128,0,1,1,0,1,3,2,1,0,0,1,1941,2185,0,0,5,70,7966.71,158.24,34,6411.79,508.4,7,1201.72,484.1,50,2,2260.52,523.87,0.0,0,0.0,0,0.0,0,100.0,1,0.0,0,1.85,16.68,66.24,3.3,13.78,5.0,75.81,0,S-13,19,13,4,0,34.167760379994974,-118.37609307711784,detection_avg,0.5885800706034694,pct_severe_rent_burden,adult_recreation_count,-0.016962319783813344
385,847,35,US,357,BlockApportionment:US.BlockGroups;PointsLayer:US.BlockPoints,2.191,2.576,1,95,148,15583,174,28.45,92,1.16,11,US,486,BlockApportionment:US.BlockGroups;PointsLayer:US.BlockPoints,2.191,2.576,1,16.58,4.89,31.73,1.5,3.28,1.36,10.37,14.73,82,80,api_test_workflow_v2_10pct_model6_2026-05-06_live,34.1698567,-118.37234772,"11054 W CUMPSTON ST, 91601",180.0,34.1698566984_-118.372347722_180.jpg,1.0,0.8639,tent,1.9425,17.47,29.74,16.36,0,0,,,128,0,1,1,0,1,3,2,1,0,0,1,1941,2185,0,0,5,70,7966.71,158.24,34,6411.79,508.4,7,1201.72,484.1,50,2,2260.52,523.87,0.0,0,0.0,0,0.0,0,100.0,1,0.0,0,1.85,16.68,66.24,3.3,13.78,5.0,75.81,1,S-13,19,13,4,1,34.167760379994974,-118.37609307711784,detection_avg,0.5885800706034694,pct_severe_rent_burden,adult_recreation_count,-0.016962319783813344
386,848,35,US,357,BlockApportionment:US.BlockGroups;PointsLayer:US.BlockPoints,2.191,2.576,1,95,148,15583,174,28.45,92,1.16,11,US,486,BlockApportionment:US.BlockGroups;PointsLayer:US.BlockPoints,2.191,2.576,1,16.58,4.89,31.73,1.5,3.28,1.36,10.37,14.73,82,80,api_test_workflow_v2_10pct_model6_2026-05-06_live,34.1698567,-118.37234772,"11054 W CUMPSTON ST, 91601",270.0,34.1698566984_-118.372347722_270.jpg,1.0,0.7782,tent,1.9425,17.47,29.74,16.36,0,0,,,128,0,1,1,0,1,3,2,1,0,0,1,1941,2185,0,0,5,70,7966.71,158.24,34,6411.79,508.4,7,1201.72,484.1,50,2,2260.52,523.87,0.0,0,0.0,0,0.0,0,100.0,1,0.0,0,1.85,16.68,66.24,3.3,13.78,5.0,75.81,0,S-13,19,13,4,0,34.167760379994974,-118.37609307711784,detection_avg,0.5885800706034694,pct_severe_rent_burden,adult_recreation_count,-0.016962319783813344
387,939,35,US,357,BlockApportionment:US.BlockGroups;PointsLayer:US.BlockPoints,2.191,2.576,1,95,148,15583,174,28.45,92,1.16,11,US,486,BlockApportionment:US.BlockGroups;PointsLayer:US.BlockPoints,2.191,2.576,1,16.58,4.89,31.73,1.5,3.28,1.36,10.37,14.73,82,80,api_test_workflow_v2_20pct_model6_2026-05-07_batch2,34.16688846,-118.37160579,"11036 W WEDDINGTON ST, 91601",180.0,34.1668884569_-118.371605787_180.jpg,1.0,0.896,tent,1.9425,17.47,29.74,16.36,0,0,,,128,0,1,1,0,1,3,2,1,0,0,1,1941,2185,0,0,5,70,7966.71,158.24,34,6411.79,508.4,7,1201.72,484.1,50,2,2260.52,523.87,0.0,0,0.0,0,0.0,0,100.0,1,0.0,0,1.85,16.68,66.24,3.3,13.78,5.0,75.81,0,S-13,19,13,4,0,34.167760379994974,-118.37609307711784,detection_avg,0.5885800706034694,pct_severe_rent_burden,adult_recreation_count,-0.016962319783813344
388,1309,35,US,357,BlockApportionment:US.BlockGroups;PointsLayer:US.BlockPoints,2.191,2.576,1,95,148,15583,174,28.45,92,1.16,11,US,486,BlockApportionment:US.BlockGroups;PointsLayer:US.BlockPoints,2.191,2.576,1,16.58,4.89,31.73,1.5,3.28,1.36,10.37,14.73,82,80,api_test_workflow_v2_remaining_model6_2026-05-08,34.16737001,-118.37760436,"5311 N BAKMAN AVE, 91601",90.0,34.1673700141_-118.377604357_90.jpg,1.0,0.7777,tent,1.9425,17.47,29.74,16.36,0,0,,,128,0,1,1,0,1,3,2,1,0,0,1,1941,2185,0,0,5,70,7966.71,158.24,34,6411.79,508.4,7,1201.72,484.1,50,2,2260.52,523.87,0.0,0,0.0,0,0.0,0,100.0,1,0.0,0,1.85,16.68,66.24,3.3,13.78,5.0,75.81,0,S-13,19,13,4,0,34.167760379994974,-118.37609307711784,detection_avg,0.5885800706034694,pct_severe_rent_burden,adult_recreation_count,-0.016962319783813344
389,-1,36,US,497,BlockApportionment:US.BlockGroups;PointsLayer:US.BlockPoints,2.191,2.576,1,56,85,522,40,25.86,185,3.97,12,US,137,BlockApportionment:US.BlockGroups;PointsLayer:US.BlockPoints,2.191,2.576,1,27.27,7.79,18.52,1.6,0.0,2.71,21.28,7.46,153,156,,,,,,,,,,1.9425,17.47,29.74,16.36,0,0,,,0,0,0,0,0,0,0,0,0,0,0,0,45,39,0,0,0,1,90.45,792.36,1,90.45,792.36,9,5099.16,72.33,1,1,58.02,795.97,52.42,1,0.0,0,0.0,0,100.0,1,0.0,0,18.23,59.95,14.81,4.63,20.6,3.0,34.9,3,T-6,20,6,0,1,34.261864974852784,-118.3619447229233,reconstructed,0.5909256789284304,esri_market_idx_14068_forecast,business_sites_count,-0.05349837605553905
390,234,37,US,51,BlockApportionment:US.BlockGroups;PointsLayer:US.BlockPoints,2.191,2.576,1,213,207,9219,224,56.16,85,3.14,13,US,138,BlockApportionment:US.BlockGroups;PointsLayer:US.BlockPoints,2.191,2.576,1,40.63,5.21,29.7,2.75,6.04,2.21,21.76,16.39,84,84,api_test_workflow_v2_30pct_model6_2026-05-08,33.91526368,-118.29081637,"840 W 129TH ST, 90247",90.0,33.9152636809_-118.290816373_90.jpg,1.0,0.818,tent,1.9425,17.47,29.74,16.36,0,0,,,44,0,0,0,0,0,0,1,0,0,0,0,293,254,0,1,2,76,7293.23,51.73,9,1644.82,704.75,0,0.0,2093.71,3,2,775.83,748.3,0.0,0,0.0,0,0.0,0,100.0,1,0.0,0,1.33,19.73,53.74,0.87,25.65,5.0,67.22,1,Y-31,25,31,0,1,33.92434605638224,-118.29138407880164,detection_avg,0.6847887423987693,total_population,pct_household_disability,0.043053373749393505
391,528,36,US,358,BlockApportionment:US.BlockGroups;PointsLayer:US.BlockPoints,2.191,2.576,1,112,132,8554,62,46.14,79,2.68,14,US,487,BlockApportionment:US.BlockGroups;PointsLayer:US.BlockPoints,2.191,2.576,1,24.23,3.37,34.45,3.96,2.51,1.82,14.47,11.9,77,77,api_test_workflow_v2_20pct_model6_2026-05-07_batch2,34.16859771,-118.36489315,"10732 W CHANDLER BLVD, 91601",270.0,34.1685977143_-118.364893154_270.jpg,1.0,0.7334,tent,1.9425,17.47,29.74,16.36,0,0,,,45,0,0,0,0,1,0,0,0,0,0,3,1422,1383,0,1,0,46,1842.14,67.25,0,0.0,1965.83,0,0.0,1943.24,13,0,0.0,1998.46,0.0,0,0.0,0,0.0,0,100.0,1,0.0,0,2.26,13.37,64.58,4.69,17.36,5.0,74.53,0,T-13,20,13,1,0,34.16759342069749,-118.36196585438924,detection_avg,0.6185567600823352,nearest_river_drainage_m,water_proxy_pct,-0.06228865082823751
392,696,36,US,358,BlockApportionment:US.BlockGroups;PointsLayer:US.BlockPoints,2.191,2.576,1,112,132,8554,62,46.14,79,2.68,14,US,487,BlockApportionment:US.BlockGroups;PointsLayer:US.BlockPoints,2.191,2.576,1,24.23,3.37,34.45,3.96,2.51,1.82,14.47,11.9,77,77,api_test_workflow_v2_remaining_model6_2026-05-08,34.17411678,-118.36141261,"5700 N CAHUENGA BLVD, 91601",90.0,34.1741167834_-118.361412611_90.jpg,1.0,0.6726,tent,1.9425,17.47,29.74,16.36,0,0,,,45,0,0,0,0,1,0,0,0,0,0,3,1422,1383,0,1,0,46,1842.14,67.25,0,0.0,1965.83,0,0.0,1943.24,13,0,0.0,1998.46,0.0,0,0.0,0,0.0,0,100.0,1,0.0,0,2.26,13.37,64.58,4.69,17.36,5.0,74.53,1,T-13,20,13,1,1,34.16759342069749,-118.36196585438924,detection_avg,0.6185567600823352,nearest_river_drainage_m,water_proxy_pct,-0.06228865082823751
393,21,38,US,52,BlockApportionment:US.BlockGroups;PointsLayer:US.BlockPoints,2.191,2.576,1,183,178,9348,150,70.31,68,1.91,15,US,139,BlockApportionment:US.BlockGroups;PointsLayer:US.BlockPoints,2.191,2.576,1,44.68,7.05,45.73,9.2,6.0,1.39,22.47,23.76,79,84,api_test_workflow_v2_10pct_model6_2026-05-06_live,33.93407153,-118.28131178,"421 W 111TH PL, 90061",90.0,33.9340715254_-118.28131178_90.jpg,3.0,0.8617,tent,1.9425,17.47,29.74,16.36,0,0,,,110,0,0,0,0,1,1,0,0,0,0,1,474,431,0,1,4,171,28939.64,3.81,122,25731.29,3.81,0,0.0,1220.6,3,4,6353.88,1.48,0.0,0,0.0,0,0.0,0,100.0,1,0.0,0,1.47,17.58,65.25,1.24,15.93,5.0,75.23,4,Z-31,26,31,2,1,33.92417909708476,-118.27725685607304,detection_avg,0.6730996556657984,pct_severe_rent_burden,public_school_count,0.03617454547697976
394,108,38,US,52,BlockApportionment:US.BlockGroups;PointsLayer:US.BlockPoints,2.191,2.576,1,183,178,9348,150,70.31,68,1.91,15,US,139,BlockApportionment:US.BlockGroups;PointsLayer:US.BlockPoints,2.191,2.576,1,44.68,7.05,45.73,9.2,6.0,1.39,22.47,23.76,79,84,api_test_workflow_v2_remaining_model6_2026-05-08,33.92713685,-118.27893135,"316 W 117TH ST, 90061",90.0,33.9271368526_-118.278931351_90.jpg,1.0,0.641,tent,1.9425,17.47,29.74,16.36,0,0,,,110,0,0,0,0,1,1,0,0,0,0,1,474,431,0,1,4,171,28939.64,3.81,122,25731.29,3.81,0,0.0,1220.6,3,4,6353.88,1.48,0.0,0,0.0,0,0.0,0,100.0,1,0.0,0,1.47,17.58,65.25,1.24,15.93,5.0,75.23,3,Z-31,26,31,2,1,33.92417909708476,-118.27725685607304,detection_avg,0.6730996556657984,pct_severe_rent_burden,public_school_count,0.03617454547697976
395,1767,38,US,52,BlockApportionment:US.BlockGroups;PointsLayer:US.BlockPoints,2.191,2.576,1,183,178,9348,150,70.31,68,1.91,15,US,139,BlockApportionment:US.BlockGroups;PointsLayer:US.BlockPoints,2.191,2.576,1,44.68,7.05,45.73,9.2,6.0,1.39,22.47,23.76,79,84,api_test_workflow_v8_remaining_location_deduped_30pct_after10_2026-05-22,33.93286045,-118.27335695,"106 E 112TH ST, 90061",0.0,33.9328604477_-118.273356946_0.jpg,1.0,0.6557,tent,1.9425,17.47,29.74,16.36,0,0,,,110,0,0,0,0,1,1,0,0,0,0,1,474,431,0,1,4,171,28939.64,3.81,122,25731.29,3.81,0,0.0,1220.6,3,4,6353.88,1.48,0.0,0,0.0,0,0.0,0,100.0,1,0.0,0,1.47,17.58,65.25,1.24,15.93,5.0,75.23,2,Z-31,26,31,2,1,33.92417909708476,-118.27725685607304,detection_avg,0.6730996556657984,pct_severe_rent_burden,public_school_count,0.03617454547697976
396,1837,38,US,52,BlockApportionment:US.BlockGroups;PointsLayer:US.BlockPoints,2.191,2.576,1,183,178,9348,150,70.31,68,1.91,15,US,139,BlockApportionment:US.BlockGroups;PointsLayer:US.BlockPoints,2.191,2.576,1,44.68,7.05,45.73,9.2,6.0,1.39,22.47,23.76,79,84,api_test_workflow_v8_remaining_location_deduped_final_after10_30_2026-05-23,33.93196068,-118.28263477,"113TH ST AT FIGUEROA ST, 90044",270.0,33.9319606764_-118.282634771_270.jpg,1.0,0.7184,tent,1.9425,17.47,29.74,16.36,0,0,,,110,0,0,0,0,1,1,0,0,0,0,1,474,431,0,1,4,171,28939.64,3.81,122,25731.29,3.81,0,0.0,1220.6,3,4,6353.88,1.48,0.0,0,0.0,0,0.0,0,100.0,1,0.0,0,1.47,17.58,65.25,1.24,15.93,5.0,75.23,0,Z-31,26,31,2,0,33.92417909708476,-118.27725685607304,detection_avg,0.6730996556657984,pct_severe_rent_burden,public_school_count,0.03617454547697976
397,-1,37,US,359,BlockApportionment:US.BlockGroups;PointsLayer:US.BlockPoints,2.191,2.576,1,97,106,6147,71,23.9,147,3.22,16,US,488,BlockApportionment:US.BlockGroups;PointsLayer:US.BlockPoints,2.191,2.576,1,16.7,3.7,21.11,1.62,3.58,2.57,12.99,7.47,139,138,,,,,,,,,,1.9425,17.47,29.74,16.36,0,0,,,45,0,1,0,0,2,1,0,0,0,0,0,232,227,0,0,0,0,0.0,1077.93,0,0.0,1184.81,0,0.0,1683.57,29,0,0.0,1200.74,0.0,0,0.0,0,0.0,0,100.0,1,0.0,0,4.16,25.22,50.26,3.76,20.76,5.0,63.93,5,U-13,21,13,3,1,34.16742646140002,-118.34783863166066,reconstructed,0.6520285399851972,esri_market_idx_14068_forecast,business_sites_count,-0.018732392871262146
398,-1,39,US,498,BlockApportionment:US.BlockGroups;PointsLayer:US.BlockPoints,2.191,2.576,1,65,75,1540,224,23.64,196,2.83,17,US,140,BlockApportionment:US.BlockGroups;PointsLayer:US.BlockPoints,2.191,2.576,1,23.76,8.25,52.94,0.84,3.03,1.59,17.09,8.13,144,147,,,,,,,,,,1.9425,17.47,29.74,16.36,0,0,,,6,0,0,0,0,0,0,0,0,0,0,1,131,126,0,0,0,9,1018.24,600.99,0,0.0,1332.49,2,350.31,739.69,0,0,0.0,1332.92,0.01,1,0.0,0,0.0,0,100.0,1,0.0,0,10.69,58.93,14.67,4.1,22.3,3.0,37.06,4,U-6,21,6,0,1,34.261698015555304,-118.34781750019472,reconstructed,0.6364688828738794,esri_market_idx_14068_forecast,business_sites_count,-0.028793732650532644
399,-1,38,US,360,BlockApportionment:US.BlockGroups;PointsLayer:US.BlockPoints,2.191,2.576,1,80,85,6214,86,26.52,165,3.73,18,US,489,BlockApportionment:US.BlockGroups;PointsLayer:US.BlockPoints,2.191,2.576,1,21.38,3.05,14.31,0.93,1.81,4.22,10.01,6.26,138,138,,,,,,,,,,1.9425,17.47,29.74,16.36,0,0,,,18,0,0,0,0,1,0,0,0,0,0,0,146,144,0,0,0,0,0.0,872.35,0,0.0,1930.63,0,0.0,1693.76,11,0,0.0,2041.43,0.0,0,0.0,0,0.0,0,100.0,1,0.0,0,1.5,21.3,46.18,5.03,27.49,5.0,61.88,1,V-13,22,13,1,1,34.167259502102546,-118.33371140893207,reconstructed,0.6095538931793766,nearest_river_drainage_m,water_proxy_pct,-0.03898728094995305
400,-1,40,US,53,BlockApportionment:US.BlockGroups;PointsLayer:US.BlockPoints,2.191,2.576,1,209,186,7415,114,69.13,91,1.94,19,US,141,BlockApportionment:US.BlockGroups;PointsLayer:US.BlockPoints,2.191,2.576,1,38.36,12.51,42.38,10.82,6.08,1.77,25.35,14.51,79,80,,,,,,,,,,1.9425,17.47,29.74,16.36,0,0,,,29,0,0,0,0,5,1,0,0,0,0,0,225,222,0,3,5,36,3371.2,583.93,16,2093.89,617.78,1,69.07,387.09,8,2,1978.07,619.45,0.0,0,0.0,0,0.0,0,100.0,1,0.0,0,1.45,27.29,45.76,1.57,25.38,5.0,61.6,1,AA-31,27,31,6,1,33.92401213778729,-118.26312963334446,reconstructed,0.6501195944812075,total_population,pct_household_disability,0.023607983695661798
401,-1,39,US,361,BlockApportionment:US.BlockGroups;PointsLayer:US.BlockPoints,2.191,2.576,1,97,110,5719,110,23.94,142,4.53,20,US,490,BlockApportionment:US.BlockGroups;PointsLayer:US.BlockPoints,2.191,2.576,1,24.65,4.6,26.05,1.01,0.48,4.65,10.65,9.25,127,127,,,,,,,,,,1.9425,17.47,29.74,16.36,0,0,,,24,0,1,0,0,0,2,0,0,0,0,0,174,156,0,0,0,3,177.89,791.72,0,0.0,1075.01,0,0.0,1036.13,28,0,0.0,1076.48,6.72,1,0.0,0,5.36,1,100.0,1,0.0,0,1.85,21.12,51.39,5.27,22.22,5.0,65.42,0,W-13,23,13,2,0,34.16709254280507,-118.3195841862035,reconstructed,0.6273747633341229,nearest_river_drainage_m,water_proxy_pct,0.03540971263466487
402,1415,41,US,499,BlockApportionment:US.BlockGroups;PointsLayer:US.BlockPoints,2.191,2.576,1,44,47,660,264,24.09,140,7.89,21,US,142,BlockApportionment:US.BlockGroups;PointsLayer:US.BlockPoints,2.191,2.576,1,26.98,5.16,42.57,3.85,6.07,8.7,26.75,4.27,109,111,api_test_workflow_v2_remaining_model6_2026-05-08,34.26542611,-118.33692132,"9416 W BENGAL ST, 91040",270.0,34.2654261098_-118.336921317_270.jpg,1.0,0.8715,tent,1.9425,17.47,29.74,16.36,0,0,,,21,0,1,0,0,0,0,0,0,0,0,0,93,84,0,0,0,55,7917.85,27.41,30,4880.69,112.46,12,5702.86,54.78,0,2,3164.92,107.75,50.13,1,0.0,0,0.0,0,100.0,1,0.0,0,8.55,45.32,18.09,3.41,33.18,4.0,40.1,0,V-6,22,6,0,0,34.26153105625783,-118.33369027746612,detection_avg,0.6014325638125112,fema_flood_hazard_intersects,tree_canopy_proxy_pct,-0.021667661251684855
403,-1,40,US,362,BlockApportionment:US.BlockGroups;PointsLayer:US.BlockPoints,2.191,2.576,1,90,108,5845,133,26.42,82,2.6,22,US,491,BlockApportionment:US.BlockGroups;PointsLayer:US.BlockPoints,2.191,2.576,1,31.27,8.59,51.04,8.34,4.12,1.95,28.78,18.98,88,92,,,,,,,,,,1.9425,17.47,29.74,16.36,0,0,,,21,0,0,0,0,1,0,0,0,0,0,0,170,168,0,0,0,78,9371.4,196.5,45,7912.76,196.5,1,12.02,749.37,30,2,2586.09,289.85,0.0,0,0.0,0,0.0,0,100.0,1,0.0,0,0.87,13.56,70.45,2.32,13.67,5.0,79.05,0,Y-13,25,13,1,0,34.16675862421012,-118.29132974074632,reconstructed,0.6271580902524516,pct_severe_rent_burden,public_school_count,0.06892695476706284
404,337,42,US,54,BlockApportionment:US.BlockGroups;PointsLayer:US.BlockPoints,2.191,2.576,1,241,216,10197,226,68.23,49,1.29,23,US,143,BlockApportionment:US.BlockGroups;PointsLayer:US.BlockPoints,2.191,2.576,1,37.17,11.66,38.01,4.08,4.65,0.89,21.09,33.87,55,56,api_test_workflow_v2_5pct_2026-04-25,33.92482392,-118.25401251,"1200 E 119TH ST, 90059",0.0,33.9248239155_-118.254012511_0.jpg,1.0,0.7386,tent,1.9425,17.47,29.74,16.36,0,0,,,93,0,0,0,0,3,1,1,0,0,1,0,328,289,0,0,6,98,8632.17,2.56,36,5315.12,2.56,3,1576.35,249.11,1,2,3338.45,0.97,0.56,1,0.57,1,0.0,0,100.0,1,0.0,0,1.83,21.61,59.62,1.48,17.3,5.0,71.18,2,AB-31,28,31,4,1,33.92384517848981,-118.24900241061589,detection_avg,0.6288650756717694,total_population,pct_household_disability,0.05639772928132604
405,-1,41,US,363,BlockApportionment:US.BlockGroups;PointsLayer:US.BlockPoints,2.191,2.576,1,55,84,11015,138,15.63,129,2.61,24,US,492,BlockApportionment:US.BlockGroups;PointsLayer:US.BlockPoints,2.191,2.576,1,13.41,4.34,26.22,2.13,1.93,2.51,9.53,8.83,116,116,,,,,,,,,,1.9425,17.47,29.74,16.36,0,0,,,30,0,1,0,0,1,2,0,0,0,0,1,648,771,0,0,2,17,1518.58,176.66,0,0.0,1635.87,7,1624.14,110.86,11,0,0.0,893.14,0.0,0,0.0,0,0.0,0,100.0,1,0.0,0,4.45,26.42,46.42,5.38,21.79,5.0,61.16,4,B-12,2,12,3,1,34.18406605293138,-118.61625284472292,reconstructed,0.5926956562298391,osm_amenity_count,bare_ground_proxy_pct,-0.01576905030463764
406,1387,43,US,500,BlockApportionment:US.BlockGroups;PointsLayer:US.BlockPoints,2.191,2.576,1,63,54,6279,83,34.08,131,6.52,25,US,144,BlockApportionment:US.BlockGroups;PointsLayer:US.BlockPoints,2.191,2.576,1,23.33,4.07,31.08,3.1,3.11,7.13,22.51,8.57,100,103,api_test_workflow_v2_remaining_model6_2026-05-08,34.25776068,-118.31499637,"10359 N ELDORA AVE, 91040",0.0,34.2577606837_-118.314996373_0.jpg,1.0,0.7998,tent,1.9425,17.47,29.74,16.36,0,0,,,72,0,0,0,0,0,1,1,0,0,0,1,608,616,0,0,3,49,5730.15,46.88,11,2805.73,652.97,7,1038.98,577.24,25,4,1838.25,657.22,0.64,1,0.64,1,0.0,0,100.0,1,0.0,0,6.3,29.55,47.02,3.99,19.43,5.0,61.02,1,W-6,23,6,1,1,34.26136409696036,-118.31956305473754,detection_avg,0.6253693658709331,la_geohub_100yr_flood_area_pct,tree_canopy_proxy_pct,-0.016048621102023285
407,1388,43,US,500,BlockApportionment:US.BlockGroups;PointsLayer:US.BlockPoints,2.191,2.576,1,63,54,6279,83,34.08,131,6.52,25,US,144,BlockApportionment:US.BlockGroups;PointsLayer:US.BlockPoints,2.191,2.576,1,23.33,4.07,31.08,3.1,3.11,7.13,22.51,8.57,100,103,api_test_workflow_v2_remaining_model6_2026-05-08,34.25776068,-118.31499637,"10359 N ELDORA AVE, 91040",180.0,34.2577606837_-118.314996373_180.jpg,1.0,0.8544,tent,1.9425,17.47,29.74,16.36,0,0,,,72,0,0,0,0,0,1,1,0,0,0,1,608,616,0,0,3,49,5730.15,46.88,11,2805.73,652.97,7,1038.98,577.24,25,4,1838.25,657.22,0.64,1,0.64,1,0.0,0,100.0,1,0.0,0,6.3,29.55,47.02,3.99,19.43,5.0,61.02,0,W-6,23,6,1,0,34.26136409696036,-118.31956305473754,detection_avg,0.6253693658709331,la_geohub_100yr_flood_area_pct,tree_canopy_proxy_pct,-0.016048621102023285
408,1876,42,US,364,BlockApportionment:US.BlockGroups;PointsLayer:US.BlockPoints,2.191,2.576,1,82,165,8362,243,17.56,121,2.8,26,US,493,BlockApportionment:US.BlockGroups;PointsLayer:US.BlockPoints,2.191,2.576,1,21.39,9.56,32.51,0.73,1.96,2.61,14.82,15.57,104,105,api_test_workflow_v8_remaining_location_deduped_final_after10_30_2026-05-23,34.18293088,-118.60168766,"21701 W ERWIN ST, 91367",90.0,34.18293088_-118.60168766_90.jpg,1.0,0.7343,tent,1.9425,17.47,29.74,16.36,0,0,,,73,0,0,0,0,0,2,0,0,0,0,7,1705,1984,0,0,0,106,8011.49,117.62,2,74.18,830.16,0,0.0,850.34,68,2,3053.97,299.83,0.0,0,0.0,0,0.0,0,100.0,1,0.0,0,2.66,20.38,55.94,4.75,18.93,5.0,68.36,0,C-12,3,12,2,0,34.183899093633904,-118.60212562199432,detection_avg,0.5814662757378957,sud_treatment_count,business_sites_count,-0.026067406321509362
409,59,43,US,365,BlockApportionment:US.BlockGroups;PointsLayer:US.BlockPoints,2.191,2.576,1,73,188,9049,105,24.54,124,1.85,27,US,494,BlockApportionment:US.BlockGroups;PointsLayer:US.BlockPoints,2.191,2.576,1,10.7,10.6,34.77,2.54,4.27,1.18,18.37,14.67,110,111,api_test_workflow_v2_20pct_model6_2026-05-07,34.19144536,-118.58872411,"6663 N DE SOTO AVE, 91303",0.0,34.1914453609_-118.588724113_0.jpg,1.0,0.7137,tent,1.9425,17.47,29.74,16.36,0,0,,,48,0,0,0,0,0,0,0,0,0,0,3,593,677,0,0,0,33,3070.3,94.62,0,0.0,1822.97,16,4141.91,15.63,19,0,0.0,1686.56,0.0,0,0.0,0,0.0,0,100.0,1,0.0,0,2.09,30.94,45.42,2.61,21.03,5.0,61.17,0,D-12,4,12,0,0,34.18373213433643,-118.58799839926574,detection_avg,0.5711152361002005,sud_treatment_count,business_sites_count,0.014103734079141216
410,60,43,US,365,BlockApportionment:US.BlockGroups;PointsLayer:US.BlockPoints,2.191,2.576,1,73,188,9049,105,24.54,124,1.85,27,US,494,BlockApportionment:US.BlockGroups;PointsLayer:US.BlockPoints,2.191,2.576,1,10.7,10.6,34.77,2.54,4.27,1.18,18.37,14.67,110,111,api_test_workflow_v2_20pct_model6_2026-05-07,34.19144536,-118.58872411,"6663 N DE SOTO AVE, 91303",90.0,34.1914453609_-118.588724113_90.jpg,1.0,0.7499,tent,1.9425,17.47,29.74,16.36,0,0,,,48,0,0,0,0,0,0,0,0,0,0,3,593,677,0,0,0,33,3070.3,94.62,0,0.0,1822.97,16,4141.91,15.63,19,0,0.0,1686.56,0.0,0,0.0,0,0.0,0,100.0,1,0.0,0,2.09,30.94,45.42,2.61,21.03,5.0,61.17,0,D-12,4,12,0,0,34.18373213433643,-118.58799839926574,detection_avg,0.5711152361002005,sud_treatment_count,business_sites_count,0.014103734079141216
411,1706,43,US,365,BlockApportionment:US.BlockGroups;PointsLayer:US.BlockPoints,2.191,2.576,1,73,188,9049,105,24.54,124,1.85,27,US,494,BlockApportionment:US.BlockGroups;PointsLayer:US.BlockPoints,2.191,2.576,1,10.7,10.6,34.77,2.54,4.27,1.18,18.37,14.67,110,111,api_test_workflow_v8_remaining_location_deduped_final_after10_30_2026-05-23,34.18889746,-118.59055967,"20999 W DEERING CIR, 91303",90.0,34.1888974606_-118.590559667_90.jpg,2.0,0.8897,tent,1.9425,17.47,29.74,16.36,0,0,,,48,0,0,0,0,0,0,0,0,0,0,3,593,677,0,0,0,33,3070.3,94.62,0,0.0,1822.97,16,4141.91,15.63,19,0,0.0,1686.56,0.0,0,0.0,0,0.0,0,100.0,1,0.0,0,2.09,30.94,45.42,2.61,21.03,5.0,61.17,0,D-12,4,12,0,0,34.18373213433643,-118.58799839926574,detection_avg,0.5711152361002005,sud_treatment_count,business_sites_count,0.014103734079141216
412,1707,43,US,365,BlockApportionment:US.BlockGroups;PointsLayer:US.BlockPoints,2.191,2.576,1,73,188,9049,105,24.54,124,1.85,27,US,494,BlockApportionment:US.BlockGroups;PointsLayer:US.BlockPoints,2.191,2.576,1,10.7,10.6,34.77,2.54,4.27,1.18,18.37,14.67,110,111,api_test_workflow_v8_remaining_location_deduped_final_after10_30_2026-05-23,34.18889746,-118.59055967,"20999 W DEERING CIR, 91303",180.0,34.1888974606_-118.590559667_180.jpg,2.0,0.909,tent,1.9425,17.47,29.74,16.36,0,0,,,48,0,0,0,0,0,0,0,0,0,0,3,593,677,0,0,0,33,3070.3,94.62,0,0.0,1822.97,16,4141.91,15.63,19,0,0.0,1686.56,0.0,0,0.0,0,0.0,0,100.0,1,0.0,0,2.09,30.94,45.42,2.61,21.03,5.0,61.17,0,D-12,4,12,0,0,34.18373213433643,-118.58799839926574,detection_avg,0.5711152361002005,sud_treatment_count,business_sites_count,0.014103734079141216
413,1708,43,US,365,BlockApportionment:US.BlockGroups;PointsLayer:US.BlockPoints,2.191,2.576,1,73,188,9049,105,24.54,124,1.85,27,US,494,BlockApportionment:US.BlockGroups;PointsLayer:US.BlockPoints,2.191,2.576,1,10.7,10.6,34.77,2.54,4.27,1.18,18.37,14.67,110,111,api_test_workflow_v8_remaining_location_deduped_final_after10_30_2026-05-23,34.18889746,-118.59055967,"20999 W DEERING CIR, 91303",270.0,34.1888974606_-118.590559667_270.jpg,1.0,0.7852,tent,1.9425,17.47,29.74,16.36,0,0,,,48,0,0,0,0,0,0,0,0,0,0,3,593,677,0,0,0,33,3070.3,94.62,0,0.0,1822.97,16,4141.91,15.63,19,0,0.0,1686.56,0.0,0,0.0,0,0.0,0,100.0,1,0.0,0,2.09,30.94,45.42,2.61,21.03,5.0,61.17,0,D-12,4,12,0,0,34.18373213433643,-118.58799839926574,detection_avg,0.5711152361002005,sud_treatment_count,business_sites_count,0.014103734079141216
414,1826,43,US,365,BlockApportionment:US.BlockGroups;PointsLayer:US.BlockPoints,2.191,2.576,1,73,188,9049,105,24.54,124,1.85,27,US,494,BlockApportionment:US.BlockGroups;PointsLayer:US.BlockPoints,2.191,2.576,1,10.7,10.6,34.77,2.54,4.27,1.18,18.37,14.67,110,111,api_test_workflow_v8_remaining_location_deduped_final_after10_30_2026-05-23,34.18880111,-118.5906237,"INDEPENDENCE AVE AT DEERING CIR, 91303",90.0,34.1888011123_-118.590623702_90.jpg,2.0,0.8897,tent,1.9425,17.47,29.74,16.36,0,0,,,48,0,0,0,0,0,0,0,0,0,0,3,593,677,0,0,0,33,3070.3,94.62,0,0.0,1822.97,16,4141.91,15.63,19,0,0.0,1686.56,0.0,0,0.0,0,0.0,0,100.0,1,0.0,0,2.09,30.94,45.42,2.61,21.03,5.0,61.17,0,D-12,4,12,0,0,34.18373213433643,-118.58799839926574,detection_avg,0.5711152361002005,sud_treatment_count,business_sites_count,0.014103734079141216
415,1827,43,US,365,BlockApportionment:US.BlockGroups;PointsLayer:US.BlockPoints,2.191,2.576,1,73,188,9049,105,24.54,124,1.85,27,US,494,BlockApportionment:US.BlockGroups;PointsLayer:US.BlockPoints,2.191,2.576,1,10.7,10.6,34.77,2.54,4.27,1.18,18.37,14.67,110,111,api_test_workflow_v8_remaining_location_deduped_final_after10_30_2026-05-23,34.18880111,-118.5906237,"INDEPENDENCE AVE AT DEERING CIR, 91303",180.0,34.1888011123_-118.590623702_180.jpg,2.0,0.909,tent,1.9425,17.47,29.74,16.36,0,0,,,48,0,0,0,0,0,0,0,0,0,0,3,593,677,0,0,0,33,3070.3,94.62,0,0.0,1822.97,16,4141.91,15.63,19,0,0.0,1686.56,0.0,0,0.0,0,0.0,0,100.0,1,0.0,0,2.09,30.94,45.42,2.61,21.03,5.0,61.17,2,D-12,4,12,0,1,34.18373213433643,-118.58799839926574,detection_avg,0.5711152361002005,sud_treatment_count,business_sites_count,0.014103734079141216
416,1828,43,US,365,BlockApportionment:US.BlockGroups;PointsLayer:US.BlockPoints,2.191,2.576,1,73,188,9049,105,24.54,124,1.85,27,US,494,BlockApportionment:US.BlockGroups;PointsLayer:US.BlockPoints,2.191,2.576,1,10.7,10.6,34.77,2.54,4.27,1.18,18.37,14.67,110,111,api_test_workflow_v8_remaining_location_deduped_final_after10_30_2026-05-23,34.18880111,-118.5906237,"INDEPENDENCE AVE AT DEERING CIR, 91303",270.0,34.1888011123_-118.590623702_270.jpg,1.0,0.7852,tent,1.9425,17.47,29.74,16.36,0,0,,,48,0,0,0,0,0,0,0,0,0,0,3,593,677,0,0,0,33,3070.3,94.62,0,0.0,1822.97,16,4141.91,15.63,19,0,0.0,1686.56,0.0,0,0.0,0,0.0,0,100.0,1,0.0,0,2.09,30.94,45.42,2.61,21.03,5.0,61.17,3,D-12,4,12,0,1,34.18373213433643,-118.58799839926574,detection_avg,0.5711152361002005,sud_treatment_count,business_sites_count,0.014103734079141216
417,-1,44,US,55,BlockApportionment:US.BlockGroups;PointsLayer:US.BlockPoints,2.191,2.576,1,263,252,8591,305,68.62,60,2.03,28,US,145,BlockApportionment:US.BlockGroups;PointsLayer:US.BlockPoints,2.191,2.576,1,36.19,20.54,38.08,12.36,5.34,1.2,17.57,23.82,62,63,,,,,,,,,,1.9425,17.47,29.74,16.36,0,0,,,134,1,1,1,1,0,1,0,0,0,0,3,111,109,0,3,0,19,2320.26,644.26,17,2274.42,644.26,0,0.0,1342.03,9,2,1525.6,696.46,0.0,0,0.0,0,0.0,0,100.0,1,0.0,0,1.8,19.44,56.24,2.03,22.29,5.0,68.83,1,AC-31,29,31,1,1,33.92367821919234,-118.2348751878873,reconstructed,0.6466272403741936,total_population,pct_household_disability,0.0517547521186889
418,990,44,US,366,BlockApportionment:US.BlockGroups;PointsLayer:US.BlockPoints,2.191,2.576,1,81,102,1734,76,13.38,194,3.89,29,US,495,BlockApportionment:US.BlockGroups;PointsLayer:US.BlockPoints,2.191,2.576,1,22.97,0.31,22.3,2.2,0.44,3.43,12.39,6.5,151,154,api_test_workflow_v2_20pct_model6_2026-05-07_batch2,34.17569055,-118.5701702,"20066 W HATTERAS ST, 91367",270.0,34.1756905494_-118.570170201_270.jpg,1.0,0.8085,tent,1.9425,17.47,29.74,16.36,0,0,,,12,0,0,0,1,0,0,0,1,0,0,2,241,227,0,0,3,20,2160.25,651.48,16,2041.47,651.48,3,2415.38,146.12,12,2,1048.6,690.53,0.16,1,0.0,0,0.16,1,100.0,1,0.0,0,6.6,34.72,37.67,3.99,23.61,5.0,54.39,0,E-12,5,12,0,0,34.18356517503895,-118.57387117653715,detection_avg,0.6121816727720889,sud_treatment_count,business_sites_count,0.03375270699477071
419,713,45,US,501,BlockApportionment:US.BlockGroups;PointsLayer:US.BlockPoints,2.191,2.576,1,80,72,6224,214,23.31,112,3.08,30,US,146,BlockApportionment:US.BlockGroups;PointsLayer:US.BlockPoints,2.191,2.576,1,27.36,6.2,28.92,2.69,4.34,3.91,23.78,9.04,99,101,api_test_workflow_v2_30pct_model6_2026-05-08,34.25940305,-118.30509469,"7902 W FOOTHILL BLVD, 91040",180.0,34.2594030511_-118.305094693_180.jpg,1.0,0.8996,tent,1.9425,17.47,29.74,16.36,0,0,,,27,0,0,0,0,0,0,0,0,0,0,1,514,568,0,0,5,10,752.55,710.35,0,0.0,2141.28,0,0.0,884.79,5,0,0.0,2133.49,0.0,0,0.0,0,0.0,0,100.0,1,0.0,0,4.57,26.59,48.84,4.28,20.29,5.0,62.82,1,X-6,24,6,0,1,34.26119713766288,-118.30543583200895,detection_avg,0.6245799126345408,pct_veterans_2,river_drainage_segments_count,-0.022283637091259165
420,1025,45,US,501,BlockApportionment:US.BlockGroups;PointsLayer:US.BlockPoints,2.191,2.576,1,80,72,6224,214,23.31,112,3.08,30,US,146,BlockApportionment:US.BlockGroups;PointsLayer:US.BlockPoints,2.191,2.576,1,27.36,6.2,28.92,2.69,4.34,3.91,23.78,9.04,99,101,api_test_workflow_v8_remaining_location_deduped_10pct_2026-05-22,34.25954906,-118.30905777,"8068 W FOOTHILL BLVD, 91040",180.0,34.2595490579_-118.309057768_180.jpg,1.0,0.9213,tent,1.9425,17.47,29.74,16.36,0,0,,,27,0,0,0,0,0,0,0,0,0,0,1,514,568,0,0,5,10,752.55,710.35,0,0.0,2141.28,0,0.0,884.79,5,0,0.0,2133.49,0.0,0,0.0,0,0.0,0,100.0,1,0.0,0,4.57,26.59,48.84,4.28,20.29,5.0,62.82,9,X-6,24,6,0,1,34.26119713766288,-118.30543583200895,detection_avg,0.6245799126345408,pct_veterans_2,river_drainage_segments_count,-0.022283637091259165
421,-1,45,US,367,BlockApportionment:US.BlockGroups;PointsLayer:US.BlockPoints,2.191,2.576,1,85,67,4279,174,30.45,130,2.66,31,US,496,BlockApportionment:US.BlockGroups;PointsLayer:US.BlockPoints,2.191,2.576,1,21.31,1.94,28.99,1.88,3.85,2.46,20.54,6.36,109,113,,,,,,,,,,1.9425,17.47,29.74,16.36,0,0,,,33,0,0,0,0,1,1,0,0,0,0,1,584,612,0,0,2,33,3220.2,180.24,0,0.0,1245.42,3,1458.16,593.37,16,0,0.0,1245.52,0.0,0,4.11,1,0.0,0,100.0,1,0.0,0,3.12,20.07,51.56,5.53,22.84,5.0,65.16,0,F-12,6,12,2,0,34.18339821574148,-118.55974395380858,reconstructed,0.6424280791060901,la_geohub_100yr_flood_area_pct,tree_canopy_proxy_pct,0.024330873427215138
422,1747,46,US,368,BlockApportionment:US.BlockGroups;PointsLayer:US.BlockPoints,2.191,2.576,1,67,84,6952,114,28.29,120,4.21,32,US,497,BlockApportionment:US.BlockGroups;PointsLayer:US.BlockPoints,2.191,2.576,1,16.89,3.61,25.46,1.03,1.89,2.94,15.71,8.08,129,128,api_test_workflow_v8_remaining_location_deduped_final_after10_30_2026-05-23,34.18170808,-118.5442987,"18856 W CALVERT ST, 91335",90.0,34.1817080776_-118.544298702_90.jpg,1.0,0.8001,tent,1.9425,17.47,29.74,16.36,0,0,,,18,0,1,0,1,0,1,1,0,0,0,6,968,986,0,0,3,35,4091.46,520.74,14,2610.8,520.74,1,1498.07,42.65,20,2,2231.03,521.84,0.0,0,0.0,0,0.0,0,100.0,1,0.0,0,3.82,26.55,48.93,4.45,20.07,5.0,63.1,0,G-12,7,12,1,0,34.183231256444,-118.54561673108,detection_avg,0.5679214341302966,sud_treatment_count,business_sites_count,-0.019797125432850685
423,1756,46,US,368,BlockApportionment:US.BlockGroups;PointsLayer:US.BlockPoints,2.191,2.576,1,67,84,6952,114,28.29,120,4.21,32,US,497,BlockApportionment:US.BlockGroups;PointsLayer:US.BlockPoints,2.191,2.576,1,16.89,3.61,25.46,1.03,1.89,2.94,15.71,8.08,129,128,api_test_workflow_v8_remaining_location_deduped_30pct_after10_2026-05-22,34.18425221,-118.54511352,"6251 N WILBUR AVE, 91335",0.0,34.1842522056_-118.545113517_0.jpg,1.0,0.7805,tent,1.9425,17.47,29.74,16.36,0,0,,,18,0,1,0,1,0,1,1,0,0,0,6,968,986,0,0,3,35,4091.46,520.74,14,2610.8,520.74,1,1498.07,42.65,20,2,2231.03,521.84,0.0,0,0.0,0,0.0,0,100.0,1,0.0,0,3.82,26.55,48.93,4.45,20.07,5.0,63.1,0,G-12,7,12,1,0,34.183231256444,-118.54561673108,detection_avg,0.5679214341302966,sud_treatment_count,business_sites_count,-0.019797125432850685
424,1606,46,US,502,BlockApportionment:US.BlockGroups;PointsLayer:US.BlockPoints,2.191,2.576,1,102,94,10245,112,31.64,95,3.52,33,US,147,BlockApportionment:US.BlockGroups;PointsLayer:US.BlockPoints,2.191,2.576,1,35.78,4.85,36.97,5.96,3.73,3.83,17.37,12.14,88,91,api_test_workflow_v8_remaining_location_deduped_30pct_after10_2026-05-22,34.25336779,-118.2960431,"7517 W FOOTHILL BLVD, 91042",0.0,34.2533677886_-118.296043103_0.jpg,1.0,0.7609,tent,1.9425,17.47,29.74,16.36,0,0,,,3,0,0,0,0,2,1,0,0,0,0,0,675,717,0,0,4,9,399.7,759.37,0,0.0,2588.2,6,757.87,495.52,0,0,0.0,2588.67,1.9,1,1.9,1,0.0,0,100.0,1,0.0,0,4.22,24.83,52.66,4.98,17.53,5.0,65.6,0,Y-6,25,6,3,0,34.2610301783654,-118.29130860928038,detection_avg,0.6060571343523811,total_population,pct_household_disability,0.05092215482050455
425,982,47,US,369,BlockApportionment:US.BlockGroups;PointsLayer:US.BlockPoints,2.191,2.576,1,85,88,6486,86,35.4,103,2.79,34,US,498,BlockApportionment:US.BlockGroups;PointsLayer:US.BlockPoints,2.191,2.576,1,28.7,4.54,38.57,2.51,3.79,1.7,20.26,11.23,107,112,api_test_workflow_v2_20pct_model6_2026-05-07_batch2,34.17982931,-118.53327825,"18374 W OXNARD ST, 91356",0.0,34.1798293135_-118.533278246_0.jpg,1.0,0.7888,tent,1.9425,17.47,29.74,16.36,0,0,,,51,0,0,0,0,5,1,1,0,0,0,0,766,808,0,0,6,47,2989.02,179.68,0,0.0,1322.09,14,2787.13,190.46,26,0,0.0,1356.23,1.34,1,6.16,1,1.13,1,100.0,1,0.0,0,3.3,19.91,56.89,4.42,18.79,5.0,68.83,0,H-12,8,12,6,0,34.18306429714653,-118.5314895083514,detection_avg,0.6241494393106014,la_geohub_100yr_flood_area_pct,tree_canopy_proxy_pct,0.0179809640459214
426,-1,47,US,56,BlockApportionment:US.BlockGroups;PointsLayer:US.BlockPoints,2.191,2.576,1,101,167,6222,117,83.22,96,1.08,35,US,148,BlockApportionment:US.BlockGroups;PointsLayer:US.BlockPoints,2.191,2.576,1,30.36,3.66,40.53,7.67,11.66,1.04,23.93,10.44,77,79,,,,,,,,,,1.9425,17.47,29.74,16.36,0,0,,,24,0,0,0,0,0,0,0,0,0,0,3,70,62,0,1,1,69,7061.73,110.21,15,3530.86,110.21,0,0.0,2773.19,7,2,3392.32,110.78,0.0,0,0.0,0,0.0,0,100.0,1,0.0,0,0.89,13.22,67.3,1.36,18.12,5.0,76.84,4,AD-31,30,31,0,1,33.92351125989486,-118.22074796515872,reconstructed,0.6354232517092392,sud_treatment_count,business_sites_count,0.04386609843705057
427,-1,48,US,370,BlockApportionment:US.BlockGroups;PointsLayer:US.BlockPoints,2.191,2.576,1,111,87,5684,138,22.92,149,4.44,36,US,499,BlockApportionment:US.BlockGroups;PointsLayer:US.BlockPoints,2.191,2.576,1,15.55,3.06,31.07,1.38,1.91,3.16,14.1,6.92,136,136,,,,,,,,,,1.9425,17.47,29.74,16.36,0,0,,,25,0,0,0,0,1,0,0,0,0,0,1,596,612,0,0,2,50,2793.16,124.52,4,106.31,752.86,12,1850.24,204.96,7,0,0.0,774.01,0.0,0,1.83,1,0.0,0,95.08,1,0.0,0,4.22,30.6,42.63,3.88,22.9,5.0,58.58,1,I-12,9,12,1,1,34.18289733784905,-118.51736228562282,reconstructed,0.5965479251817492,pct_no_schooling,la_geohub_fire_hazard_area_pct,0.04993714546065579
428,-1,49,US,371,BlockApportionment:US.BlockGroups;PointsLayer:US.BlockPoints,2.191,2.576,1,78,87,1637,179,43.13,127,2.61,37,US,500,BlockApportionment:US.BlockGroups;PointsLayer:US.BlockPoints,2.191,2.576,1,23.87,3.13,41.05,4.7,5.0,2.09,16.93,9.34,111,112,,,,,,,,,,1.9425,17.47,29.74,16.36,0,0,,,48,0,0,0,0,5,0,0,0,0,0,0,266,289,0,0,9,46,4054.78,171.54,0,0.0,1516.0,11,3554.52,337.77,12,0,0.0,1530.67,0.07,1,6.17,1,0.0,0,63.91,1,0.0,0,3.64,34.92,32.57,5.47,27.04,5.0,51.71,1,J-12,10,12,5,1,34.182730378551575,-118.50323506289423,reconstructed,0.6146497216897155,osm_amenity_count,bare_ground_proxy_pct,-0.030646343331920168
429,-1,48,US,503,BlockApportionment:US.BlockGroups;PointsLayer:US.BlockPoints,2.191,2.576,1,143,170,2926,45,43.95,149,4.92,38,US,149,BlockApportionment:US.BlockGroups;PointsLayer:US.BlockPoints,2.191,2.576,1,25.16,6.03,13.89,0.41,0.16,4.8,18.08,5.89,111,112,,,,,,,,,,1.9425,17.47,29.74,16.36,0,0,,,16,0,0,0,0,1,0,0,0,0,0,0,234,233,0,0,1,56,7857.57,48.15,32,5704.21,445.07,11,1499.96,557.88,5,2,2497.72,477.55,0.0,0,0.0,0,0.0,0,100.0,1,0.0,0,3.12,39.56,32.85,1.97,25.62,5.0,52.06,0,L-5,12,5,1,0,34.27666801411191,-118.47495948597113,reconstructed,0.617997495642,pct_veterans_2,river_drainage_segments_count,-0.02644389712560046
430,-1,0,US,372,BlockApportionment:US.BlockGroups;PointsLayer:US.BlockPoints,2.191,2.576,1,151,319,24,169,12.5,0,0.0,39,US,501,BlockApportionment:US.BlockGroups;PointsLayer:US.BlockPoints,2.191,2.576,1,0.0,0.0,0.0,0.0,4.35,0.0,35.71,13.04,0,0,,,,,,,,,,1.9425,17.47,29.74,16.36,0,0,,,0,0,0,0,0,0,0,0,0,0,0,0,2,3,0,0,0,5,1135.69,592.05,0,0.0,1326.05,49,8209.77,21.25,10,0,0.0,1342.38,0.0,0,4.96,1,0.0,0,1.96,1,0.0,0,2.12,56.22,9.9,4.6,29.29,3.0,36.29,0,K-12,11,12,0,0,34.1825634192541,-118.48910784016566,reconstructed,0.6034271323208702,la_geohub_100yr_flood_area_pct,tree_canopy_proxy_pct,0.01964433835283025
431,-1,49,US,57,BlockApportionment:US.BlockGroups;PointsLayer:US.BlockPoints,2.191,2.576,1,233,199,9269,152,43.91,85,3.84,40,US,150,BlockApportionment:US.BlockGroups;PointsLayer:US.BlockPoints,2.191,2.576,1,47.17,7.72,52.15,3.67,6.29,4.63,26.09,22.07,69,68,,,,,,,,,,1.9425,17.47,29.74,16.36,0,0,,,56,0,1,1,0,2,1,0,1,0,0,1,360,301,0,2,8,30,1900.07,244.7,0,0.0,1681.25,0,0.0,2706.76,4,0,0.0,1681.49,0.0,0,0.0,0,0.0,0,100.0,1,0.0,0,0.35,15.49,55.8,0.87,27.84,5.0,68.96,2,X-30,24,30,3,1,33.93798038055904,-118.30550828274936,reconstructed,0.6620413969724678,total_population,pct_household_disability,-0.06411932924188961
432,392,1,US,373,BlockApportionment:US.BlockGroups;PointsLayer:US.BlockPoints,2.191,2.576,1,121,96,3932,124,57.07,114,0.93,41,US,502,BlockApportionment:US.BlockGroups;PointsLayer:US.BlockPoints,2.191,2.576,1,30.66,3.1,31.73,5.36,7.07,1.26,16.34,22.14,101,103,api_test_workflow_v2_5pct_fresh_2026-04-28,34.18946122,-118.47519975,"6529 N HASKELL AVE, 91406",270.0,34.1894612183_-118.47519975_270.jpg,1.0,0.8174,tent,1.9425,17.47,29.74,16.36,0,0,,,48,0,0,0,0,0,1,0,0,0,0,2,350,357,0,0,0,91,9184.06,98.73,51,6938.1,98.73,14,3711.46,0.81,25,2,3008.04,98.42,0.0,0,0.98,1,0.0,0,84.7,1,0.0,0,3.71,33.71,42.12,3.76,20.41,5.0,58.37,0,L-12,12,12,1,0,34.18239645995663,-118.47498061743708,detection_avg,0.5990653614340751,la_geohub_100yr_flood_area_pct,tree_canopy_proxy_pct,-0.050444660389548125
433,700,1,US,373,BlockApportionment:US.BlockGroups;PointsLayer:US.BlockPoints,2.191,2.576,1,121,96,3932,124,57.07,114,0.93,41,US,502,BlockApportionment:US.BlockGroups;PointsLayer:US.BlockPoints,2.191,2.576,1,30.66,3.1,31.73,5.36,7.07,1.26,16.34,22.14,101,103,api_test_workflow_v2_remaining_model6_2026-05-08,34.18963763,-118.47520885,"6535 N HASKELL AVE, 91406",180.0,34.1896376348_-118.475208851_180.jpg,1.0,0.8255,tent,1.9425,17.47,29.74,16.36,0,0,,,48,0,0,0,0,0,1,0,0,0,0,2,350,357,0,0,0,91,9184.06,98.73,51,6938.1,98.73,14,3711.46,0.81,25,2,3008.04,98.42,0.0,0,0.98,1,0.0,0,84.7,1,0.0,0,3.71,33.71,42.12,3.76,20.41,5.0,58.37,0,L-12,12,12,1,0,34.18239645995663,-118.47498061743708,detection_avg,0.5990653614340751,la_geohub_100yr_flood_area_pct,tree_canopy_proxy_pct,-0.050444660389548125
434,1801,1,US,373,BlockApportionment:US.BlockGroups;PointsLayer:US.BlockPoints,2.191,2.576,1,121,96,3932,124,57.07,114,0.93,41,US,502,BlockApportionment:US.BlockGroups;PointsLayer:US.BlockPoints,2.191,2.576,1,30.66,3.1,31.73,5.36,7.07,1.26,16.34,22.14,101,103,api_test_workflow_v8_remaining_location_deduped_30pct_after10_2026-05-22,34.18980429,-118.47484322,"6554 N HASKELL AVE, 91406",180.0,34.1898042856_-118.474843223_180.jpg,1.0,0.7793,tent,1.9425,17.47,29.74,16.36,0,0,,,48,0,0,0,0,0,1,0,0,0,0,2,350,357,0,0,0,91,9184.06,98.73,51,6938.1,98.73,14,3711.46,0.81,25,2,3008.04,98.42,0.0,0,0.98,1,0.0,0,84.7,1,0.0,0,3.71,33.71,42.12,3.76,20.41,5.0,58.37,0,L-12,12,12,1,0,34.18239645995663,-118.47498061743708,detection_avg,0.5990653614340751,la_geohub_100yr_flood_area_pct,tree_canopy_proxy_pct,-0.050444660389548125
435,-1,0,US,504,BlockApportionment:US.BlockGroups;PointsLayer:US.BlockPoints,2.191,2.576,1,121,123,3486,110,70.08,104,4.32,42,US,151,BlockApportionment:US.BlockGroups;PointsLayer:US.BlockPoints,2.191,2.576,1,31.77,3.31,36.75,4.21,4.93,3.59,25.19,7.08,102,104,,,,,,,,,,1.9425,17.47,29.74,16.36,0,0,,,33,0,1,0,0,0,1,0,0,0,0,0,365,397,1,0,1,57,6150.84,98.34,5,760.26,737.81,6,1997.8,208.89,11,0,0.0,753.81,0.0,0,0.0,0,0.0,0,100.0,1,0.0,0,3.88,35.14,38.66,1.7,24.5,5.0,55.9,1,M-5,13,5,1,1,34.27650105481444,-118.46083226324254,reconstructed,0.6293455921447366,osm_amenity_count,bare_ground_proxy_pct,-0.02964368728003354
436,-1,2,US,374,BlockApportionment:US.BlockGroups;PointsLayer:US.BlockPoints,2.191,2.576,1,103,140,7102,90,49.32,112,2.72,43,US,503,BlockApportionment:US.BlockGroups;PointsLayer:US.BlockPoints,2.191,2.576,1,15.8,3.45,33.14,3.44,3.68,2.24,12.0,14.93,110,110,,,,,,,,,,1.9425,17.47,29.74,16.36,0,0,,,45,0,0,0,0,0,2,0,0,0,0,1,1298,1258,0,0,2,45,4609.35,487.27,10,2364.1,686.08,1,589.9,748.56,10,2,1079.03,686.07,0.0,0,0.0,0,0.0,0,98.7,1,0.0,0,3.3,11.54,74.51,2.94,11.01,5.0,81.17,0,M-12,13,12,2,0,34.18222950065915,-118.4608533947085,reconstructed,0.6171495741888011,total_population,pct_household_disability,0.00901886505650499
437,26,1,US,58,BlockApportionment:US.BlockGroups;PointsLayer:US.BlockPoints,2.191,2.576,1,238,215,12650,207,60.04,61,3.74,44,US,152,BlockApportionment:US.BlockGroups;PointsLayer:US.BlockPoints,2.191,2.576,1,40.79,11.02,44.11,4.91,7.36,2.29,26.02,23.21,65,67,api_test_workflow_v2_10pct_model6_2026-05-06_live,33.93893501,-118.29098061,"844 W 107TH ST, 90044",90.0,33.9389350129_-118.290980609_90.jpg,1.0,0.8652,tent,1.9425,17.47,29.74,16.36,0,0,,,67,0,0,0,0,2,2,0,0,0,0,0,437,383,0,3,5,73,7920.24,40.14,16,3027.59,661.16,0,0.0,1769.56,5,2,1035.54,703.45,0.0,0,0.0,0,0.0,0,100.0,1,0.0,0,1.39,16.18,65.08,1.1,17.63,5.0,75.14,9,Y-30,25,30,4,1,33.937813421261566,-118.29138106002078,detection_avg,0.6815168009415233,nearest_river_drainage_m,water_proxy_pct,0.0258816916571106
438,187,1,US,58,BlockApportionment:US.BlockGroups;PointsLayer:US.BlockPoints,2.191,2.576,1,238,215,12650,207,60.04,61,3.74,44,US,152,BlockApportionment:US.BlockGroups;PointsLayer:US.BlockPoints,2.191,2.576,1,40.79,11.02,44.11,4.91,7.36,2.29,26.02,23.21,65,67,api_test_workflow_v2_remaining_model6_2026-05-08,33.93479009,-118.29137398,"11036 S VERMONT AVE, 90044",270.0,33.9347900926_-118.291373976_270.jpg,1.0,0.7832,tent,1.9425,17.47,29.74,16.36,0,0,,,67,0,0,0,0,2,2,0,0,0,0,0,437,383,0,3,5,73,7920.24,40.14,16,3027.59,661.16,0,0.0,1769.56,5,2,1035.54,703.45,0.0,0,0.0,0,0.0,0,100.0,1,0.0,0,1.39,16.18,65.08,1.1,17.63,5.0,75.14,1,Y-30,25,30,4,1,33.937813421261566,-118.29138106002078,detection_avg,0.6815168009415233,nearest_river_drainage_m,water_proxy_pct,0.0258816916571106
439,312,1,US,58,BlockApportionment:US.BlockGroups;PointsLayer:US.BlockPoints,2.191,2.576,1,238,215,12650,207,60.04,61,3.74,44,US,152,BlockApportionment:US.BlockGroups;PointsLayer:US.BlockPoints,2.191,2.576,1,40.79,11.02,44.11,4.91,7.36,2.29,26.02,23.21,65,67,api_test_workflow_v2_5pct_2026-04-25,33.93602056,-118.29138844,"10962 S VERMONT AVE, 90044",270.0,33.9360205635_-118.291388445_270.jpg,1.0,0.6852,tent,1.9425,17.47,29.74,16.36,0,0,,,67,0,0,0,0,2,2,0,0,0,0,0,437,383,0,3,5,73,7920.24,40.14,16,3027.59,661.16,0,0.0,1769.56,5,2,1035.54,703.45,0.0,0,0.0,0,0.0,0,100.0,1,0.0,0,1.39,16.18,65.08,1.1,17.63,5.0,75.14,0,Y-30,25,30,4,0,33.937813421261566,-118.29138106002078,detection_avg,0.6815168009415233,nearest_river_drainage_m,water_proxy_pct,0.0258816916571106
440,319,1,US,58,BlockApportionment:US.BlockGroups;PointsLayer:US.BlockPoints,2.191,2.576,1,238,215,12650,207,60.04,61,3.74,44,US,152,BlockApportionment:US.BlockGroups;PointsLayer:US.BlockPoints,2.191,2.576,1,40.79,11.02,44.11,4.91,7.36,2.29,26.02,23.21,65,67,api_test_workflow_v2_5pct_2026-04-25,33.93567575,-118.29111278,"848 W 110TH ST, 90044",90.0,33.9356757528_-118.291112783_90.jpg,1.0,0.7184,tent,1.9425,17.47,29.74,16.36,0,0,,,67,0,0,0,0,2,2,0,0,0,0,0,437,383,0,3,5,73,7920.24,40.14,16,3027.59,661.16,0,0.0,1769.56,5,2,1035.54,703.45,0.0,0,0.0,0,0.0,0,100.0,1,0.0,0,1.39,16.18,65.08,1.1,17.63,5.0,75.14,4,Y-30,25,30,4,1,33.937813421261566,-118.29138106002078,detection_avg,0.6815168009415233,nearest_river_drainage_m,water_proxy_pct,0.0258816916571106
441,320,1,US,58,BlockApportionment:US.BlockGroups;PointsLayer:US.BlockPoints,2.191,2.576,1,238,215,12650,207,60.04,61,3.74,44,US,152,BlockApportionment:US.BlockGroups;PointsLayer:US.BlockPoints,2.191,2.576,1,40.79,11.02,44.11,4.91,7.36,2.29,26.02,23.21,65,67,api_test_workflow_v2_5pct_2026-04-25,33.93567575,-118.29111278,"848 W 110TH ST, 90044",270.0,33.9356757528_-118.291112783_270.jpg,1.0,0.8292,tent,1.9425,17.47,29.74,16.36,0,0,,,67,0,0,0,0,2,2,0,0,0,0,0,437,383,0,3,5,73,7920.24,40.14,16,3027.59,661.16,0,0.0,1769.56,5,2,1035.54,703.45,0.0,0,0.0,0,0.0,0,100.0,1,0.0,0,1.39,16.18,65.08,1.1,17.63,5.0,75.14,4,Y-30,25,30,4,1,33.937813421261566,-118.29138106002078,detection_avg,0.6815168009415233,nearest_river_drainage_m,water_proxy_pct,0.0258816916571106
442,458,1,US,58,BlockApportionment:US.BlockGroups;PointsLayer:US.BlockPoints,2.191,2.576,1,238,215,12650,207,60.04,61,3.74,44,US,152,BlockApportionment:US.BlockGroups;PointsLayer:US.BlockPoints,2.191,2.576,1,40.79,11.02,44.11,4.91,7.36,2.29,26.02,23.21,65,67,api_test_workflow_v2_20pct_model6_2026-05-07,33.94160405,-118.29144164,"10422 S VERMONT AVE, 90044",0.0,33.9416040492_-118.291441644_0.jpg,1.0,0.7431,tent,1.9425,17.47,29.74,16.36,0,0,,,67,0,0,0,0,2,2,0,0,0,0,0,437,383,0,3,5,73,7920.24,40.14,16,3027.59,661.16,0,0.0,1769.56,5,2,1035.54,703.45,0.0,0,0.0,0,0.0,0,100.0,1,0.0,0,1.39,16.18,65.08,1.1,17.63,5.0,75.14,7,Y-30,25,30,4,1,33.937813421261566,-118.29138106002078,detection_avg,0.6815168009415233,nearest_river_drainage_m,water_proxy_pct,0.0258816916571106
443,658,1,US,58,BlockApportionment:US.BlockGroups;PointsLayer:US.BlockPoints,2.191,2.576,1,238,215,12650,207,60.04,61,3.74,44,US,152,BlockApportionment:US.BlockGroups;PointsLayer:US.BlockPoints,2.191,2.576,1,40.79,11.02,44.11,4.91,7.36,2.29,26.02,23.21,65,67,api_test_workflow_v2_remaining_model6_2026-05-08,33.93619478,-118.29153934,"10960 S VERMONT AVE, 90044",270.0,33.9361947841_-118.291539343_270.jpg,1.0,0.8646,tent,1.9425,17.47,29.74,16.36,0,0,,,67,0,0,0,0,2,2,0,0,0,0,0,437,383,0,3,5,73,7920.24,40.14,16,3027.59,661.16,0,0.0,1769.56,5,2,1035.54,703.45,0.0,0,0.0,0,0.0,0,100.0,1,0.0,0,1.39,16.18,65.08,1.1,17.63,5.0,75.14,1,Y-30,25,30,4,1,33.937813421261566,-118.29138106002078,detection_avg,0.6815168009415233,nearest_river_drainage_m,water_proxy_pct,0.0258816916571106
444,667,1,US,58,BlockApportionment:US.BlockGroups;PointsLayer:US.BlockPoints,2.191,2.576,1,238,215,12650,207,60.04,61,3.74,44,US,152,BlockApportionment:US.BlockGroups;PointsLayer:US.BlockPoints,2.191,2.576,1,40.79,11.02,44.11,4.91,7.36,2.29,26.02,23.21,65,67,api_test_workflow_v2_remaining_model6_2026-05-08,33.93598273,-118.29138902,"10964 S VERMONT AVE, 90044",270.0,33.9359827306_-118.291389017_270.jpg,1.0,0.8584,tent,1.9425,17.47,29.74,16.36,0,0,,,67,0,0,0,0,2,2,0,0,0,0,0,437,383,0,3,5,73,7920.24,40.14,16,3027.59,661.16,0,0.0,1769.56,5,2,1035.54,703.45,0.0,0,0.0,0,0.0,0,100.0,1,0.0,0,1.39,16.18,65.08,1.1,17.63,5.0,75.14,0,Y-30,25,30,4,0,33.937813421261566,-118.29138106002078,detection_avg,0.6815168009415233,nearest_river_drainage_m,water_proxy_pct,0.0258816916571106
445,756,1,US,58,BlockApportionment:US.BlockGroups;PointsLayer:US.BlockPoints,2.191,2.576,1,238,215,12650,207,60.04,61,3.74,44,US,152,BlockApportionment:US.BlockGroups;PointsLayer:US.BlockPoints,2.191,2.576,1,40.79,11.02,44.11,4.91,7.36,2.29,26.02,23.21,65,67,api_test_workflow_v2_30pct_model6_2026-05-08,33.93616395,-118.29139148,"10956 S VERMONT AVE, 90044",270.0,33.9361639478_-118.291391477_270.jpg,1.0,0.8356,tent,1.9425,17.47,29.74,16.36,0,0,,,67,0,0,0,0,2,2,0,0,0,0,0,437,383,0,3,5,73,7920.24,40.14,16,3027.59,661.16,0,0.0,1769.56,5,2,1035.54,703.45,0.0,0,0.0,0,0.0,0,100.0,1,0.0,0,1.39,16.18,65.08,1.1,17.63,5.0,75.14,0,Y-30,25,30,4,0,33.937813421261566,-118.29138106002078,detection_avg,0.6815168009415233,nearest_river_drainage_m,water_proxy_pct,0.0258816916571106
446,835,1,US,58,BlockApportionment:US.BlockGroups;PointsLayer:US.BlockPoints,2.191,2.576,1,238,215,12650,207,60.04,61,3.74,44,US,152,BlockApportionment:US.BlockGroups;PointsLayer:US.BlockPoints,2.191,2.576,1,40.79,11.02,44.11,4.91,7.36,2.29,26.02,23.21,65,67,api_test_workflow_v2_10pct_model6_2026-05-06_live,33.93914266,-118.29161411,"899 W 107TH ST, 90044",270.0,33.9391426568_-118.291614111_270.jpg,1.0,0.7327,tent,1.9425,17.47,29.74,16.36,0,0,,,67,0,0,0,0,2,2,0,0,0,0,0,437,383,0,3,5,73,7920.24,40.14,16,3027.59,661.16,0,0.0,1769.56,5,2,1035.54,703.45,0.0,0,0.0,0,0.0,0,100.0,1,0.0,0,1.39,16.18,65.08,1.1,17.63,5.0,75.14,3,Y-30,25,30,4,1,33.937813421261566,-118.29138106002078,detection_avg,0.6815168009415233,nearest_river_drainage_m,water_proxy_pct,0.0258816916571106
447,1393,1,US,58,BlockApportionment:US.BlockGroups;PointsLayer:US.BlockPoints,2.191,2.576,1,238,215,12650,207,60.04,61,3.74,44,US,152,BlockApportionment:US.BlockGroups;PointsLayer:US.BlockPoints,2.191,2.576,1,40.79,11.02,44.11,4.91,7.36,2.29,26.02,23.21,65,67,api_test_workflow_v2_remaining_model6_2026-05-08,33.93834167,-118.2909854,"845 W 108TH ST, 90044",270.0,33.9383416652_-118.290985397_270.jpg,1.0,0.7563,tent,1.9425,17.47,29.74,16.36,0,0,,,67,0,0,0,0,2,2,0,0,0,0,0,437,383,0,3,5,73,7920.24,40.14,16,3027.59,661.16,0,0.0,1769.56,5,2,1035.54,703.45,0.0,0,0.0,0,0.0,0,100.0,1,0.0,0,1.39,16.18,65.08,1.1,17.63,5.0,75.14,1,Y-30,25,30,4,1,33.937813421261566,-118.29138106002078,detection_avg,0.6815168009415233,nearest_river_drainage_m,water_proxy_pct,0.0258816916571106
448,-1,2,US,505,BlockApportionment:US.BlockGroups;PointsLayer:US.BlockPoints,2.191,2.576,1,110,103,7796,102,92.0,80,2.61,45,US,153,BlockApportionment:US.BlockGroups;PointsLayer:US.BlockPoints,2.191,2.576,1,24.7,3.82,36.33,6.26,2.34,2.76,21.33,12.72,74,77,,,,,,,,,,1.9425,17.47,29.74,16.36,0,0,,,157,1,0,0,1,1,2,1,2,0,0,0,315,286,0,0,7,147,11722.19,251.57,63,6478.34,561.12,9,1262.62,704.25,58,2,2042.94,614.79,0.0,0,0.0,0,0.0,0,100.0,1,0.0,0,2.14,16.89,61.71,3.24,18.16,5.0,72.55,1,N-5,14,5,3,1,34.27633409551696,-118.44670504051396,reconstructed,0.5815348101399027,business_sites_count,bare_ground_proxy_pct,0.013024376735620527
449,262,3,US,375,BlockApportionment:US.BlockGroups;PointsLayer:US.BlockPoints,2.191,2.576,1,117,132,14154,129,73.03,68,0.8,46,US,504,BlockApportionment:US.BlockGroups;PointsLayer:US.BlockPoints,2.191,2.576,1,24.25,6.23,31.51,6.42,9.05,0.96,26.94,22.62,63,64,api_test_workflow_v2_30pct_model6_2026-05-08,34.18099723,-118.45297976,"6108 N CEDROS AVE, 91411",90.0,34.1809972334_-118.452979756_90.jpg,1.0,0.9018,tent,1.9425,17.47,29.74,16.36,0,0,,,121,0,1,3,0,2,2,1,2,0,0,6,2622,2711,1,4,4,63,3079.66,174.37,0,0.0,2160.37,1,1288.35,624.76,20,0,0.0,2160.11,0.0,0,0.0,0,0.0,0,100.0,1,0.0,0,1.29,12.94,70.76,2.71,13.59,5.0,79.14,0,N-12,14,12,4,0,34.182062541361674,-118.4467261719799,detection_avg,0.6020764434326656,pct_severe_rent_burden,public_school_count,-0.011372287622751965
450,263,3,US,375,BlockApportionment:US.BlockGroups;PointsLayer:US.BlockPoints,2.191,2.576,1,117,132,14154,129,73.03,68,0.8,46,US,504,BlockApportionment:US.BlockGroups;PointsLayer:US.BlockPoints,2.191,2.576,1,24.25,6.23,31.51,6.42,9.05,0.96,26.94,22.62,63,64,api_test_workflow_v2_30pct_model6_2026-05-08,34.18099723,-118.45297976,"6108 N CEDROS AVE, 91411",180.0,34.1809972334_-118.452979756_180.jpg,1.0,0.9163,tent,1.9425,17.47,29.74,16.36,0,0,,,121,0,1,3,0,2,2,1,2,0,0,6,2622,2711,1,4,4,63,3079.66,174.37,0,0.0,2160.37,1,1288.35,624.76,20,0,0.0,2160.11,0.0,0,0.0,0,0.0,0,100.0,1,0.0,0,1.29,12.94,70.76,2.71,13.59,5.0,79.14,1,N-12,14,12,4,1,34.182062541361674,-118.4467261719799,detection_avg,0.6020764434326656,pct_severe_rent_burden,public_school_count,-0.011372287622751965
451,290,3,US,375,BlockApportionment:US.BlockGroups;PointsLayer:US.BlockPoints,2.191,2.576,1,117,132,14154,129,73.03,68,0.8,46,US,504,BlockApportionment:US.BlockGroups;PointsLayer:US.BlockPoints,2.191,2.576,1,24.25,6.23,31.51,6.42,9.05,0.96,26.94,22.62,63,64,api_test_workflow_v2_30pct_model6_2026-05-08,34.18744831,-118.44708908,"14412 W GILMORE ST, 91401",0.0,34.1874483115_-118.447089078_0.jpg,1.0,0.8183,tent,1.9425,17.47,29.74,16.36,0,0,,,121,0,1,3,0,2,2,1,2,0,0,6,2622,2711,1,4,4,63,3079.66,174.37,0,0.0,2160.37,1,1288.35,624.76,20,0,0.0,2160.11,0.0,0,0.0,0,0.0,0,100.0,1,0.0,0,1.29,12.94,70.76,2.71,13.59,5.0,79.14,0,N-12,14,12,4,0,34.182062541361674,-118.4467261719799,detection_avg,0.6020764434326656,pct_severe_rent_burden,public_school_count,-0.011372287622751965
452,291,3,US,375,BlockApportionment:US.BlockGroups;PointsLayer:US.BlockPoints,2.191,2.576,1,117,132,14154,129,73.03,68,0.8,46,US,504,BlockApportionment:US.BlockGroups;PointsLayer:US.BlockPoints,2.191,2.576,1,24.25,6.23,31.51,6.42,9.05,0.96,26.94,22.62,63,64,api_test_workflow_v2_30pct_model6_2026-05-08,34.18744831,-118.44708908,"14412 W GILMORE ST, 91401",90.0,34.1874483115_-118.447089078_90.jpg,1.0,0.7344,tent,1.9425,17.47,29.74,16.36,0,0,,,121,0,1,3,0,2,2,1,2,0,0,6,2622,2711,1,4,4,63,3079.66,174.37,0,0.0,2160.37,1,1288.35,624.76,20,0,0.0,2160.11,0.0,0,0.0,0,0.0,0,100.0,1,0.0,0,1.29,12.94,70.76,2.71,13.59,5.0,79.14,0,N-12,14,12,4,0,34.182062541361674,-118.4467261719799,detection_avg,0.6020764434326656,pct_severe_rent_burden,public_school_count,-0.011372287622751965
453,448,3,US,375,BlockApportionment:US.BlockGroups;PointsLayer:US.BlockPoints,2.191,2.576,1,117,132,14154,129,73.03,68,0.8,46,US,504,BlockApportionment:US.BlockGroups;PointsLayer:US.BlockPoints,2.191,2.576,1,24.25,6.23,31.51,6.42,9.05,0.96,26.94,22.62,63,64,api_test_workflow_v2_20pct_model6_2026-05-07,34.18681201,-118.44829027,"14449 W VICTORY BLVD, 91401",0.0,34.1868120138_-118.44829027_0.jpg,1.0,0.8906,tent,1.9425,17.47,29.74,16.36,0,0,,,121,0,1,3,0,2,2,1,2,0,0,6,2622,2711,1,4,4,63,3079.66,174.37,0,0.0,2160.37,1,1288.35,624.76,20,0,0.0,2160.11,0.0,0,0.0,0,0.0,0,100.0,1,0.0,0,1.29,12.94,70.76,2.71,13.59,5.0,79.14,0,N-12,14,12,4,0,34.182062541361674,-118.4467261719799,detection_avg,0.6020764434326656,pct_severe_rent_burden,public_school_count,-0.011372287622751965
454,623,3,US,375,BlockApportionment:US.BlockGroups;PointsLayer:US.BlockPoints,2.191,2.576,1,117,132,14154,129,73.03,68,0.8,46,US,504,BlockApportionment:US.BlockGroups;PointsLayer:US.BlockPoints,2.191,2.576,1,24.25,6.23,31.51,6.42,9.05,0.96,26.94,22.62,63,64,api_test_workflow_v2_remaining_model6_2026-05-08,34.18092988,-118.45325141,"6103 N CEDROS AVE, 91411",270.0,34.1809298801_-118.45325141_270.jpg,1.0,0.7653,tent,1.9425,17.47,29.74,16.36,0,0,,,121,0,1,3,0,2,2,1,2,0,0,6,2622,2711,1,4,4,63,3079.66,174.37,0,0.0,2160.37,1,1288.35,624.76,20,0,0.0,2160.11,0.0,0,0.0,0,0.0,0,100.0,1,0.0,0,1.29,12.94,70.76,2.71,13.59,5.0,79.14,0,N-12,14,12,4,0,34.182062541361674,-118.4467261719799,detection_avg,0.6020764434326656,pct_severe_rent_burden,public_school_count,-0.011372287622751965
455,633,3,US,375,BlockApportionment:US.BlockGroups;PointsLayer:US.BlockPoints,2.191,2.576,1,117,132,14154,129,73.03,68,0.8,46,US,504,BlockApportionment:US.BlockGroups;PointsLayer:US.BlockPoints,2.191,2.576,1,24.25,6.23,31.51,6.42,9.05,0.96,26.94,22.62,63,64,api_test_workflow_v2_remaining_model6_2026-05-08,34.18081989,-118.45281442,"14656 W BESSEMER ST, 91411",90.0,34.1808198855_-118.452814419_90.jpg,1.0,0.8628,tent,1.9425,17.47,29.74,16.36,0,0,,,121,0,1,3,0,2,2,1,2,0,0,6,2622,2711,1,4,4,63,3079.66,174.37,0,0.0,2160.37,1,1288.35,624.76,20,0,0.0,2160.11,0.0,0,0.0,0,0.0,0,100.0,1,0.0,0,1.29,12.94,70.76,2.71,13.59,5.0,79.14,0,N-12,14,12,4,0,34.182062541361674,-118.4467261719799,detection_avg,0.6020764434326656,pct_severe_rent_burden,public_school_count,-0.011372287622751965
456,634,3,US,375,BlockApportionment:US.BlockGroups;PointsLayer:US.BlockPoints,2.191,2.576,1,117,132,14154,129,73.03,68,0.8,46,US,504,BlockApportionment:US.BlockGroups;PointsLayer:US.BlockPoints,2.191,2.576,1,24.25,6.23,31.51,6.42,9.05,0.96,26.94,22.62,63,64,api_test_workflow_v2_remaining_model6_2026-05-08,34.18081989,-118.45281442,"14656 W BESSEMER ST, 91411",180.0,34.1808198855_-118.452814419_180.jpg,1.0,0.9321,tent,1.9425,17.47,29.74,16.36,0,0,,,121,0,1,3,0,2,2,1,2,0,0,6,2622,2711,1,4,4,63,3079.66,174.37,0,0.0,2160.37,1,1288.35,624.76,20,0,0.0,2160.11,0.0,0,0.0,0,0.0,0,100.0,1,0.0,0,1.29,12.94,70.76,2.71,13.59,5.0,79.14,0,N-12,14,12,4,0,34.182062541361674,-118.4467261719799,detection_avg,0.6020764434326656,pct_severe_rent_burden,public_school_count,-0.011372287622751965
457,635,3,US,375,BlockApportionment:US.BlockGroups;PointsLayer:US.BlockPoints,2.191,2.576,1,117,132,14154,129,73.03,68,0.8,46,US,504,BlockApportionment:US.BlockGroups;PointsLayer:US.BlockPoints,2.191,2.576,1,24.25,6.23,31.51,6.42,9.05,0.96,26.94,22.62,63,64,api_test_workflow_v2_remaining_model6_2026-05-08,34.18081989,-118.45281442,"14656 W BESSEMER ST, 91411",270.0,34.1808198855_-118.452814419_270.jpg,1.0,0.8512,tent,1.9425,17.47,29.74,16.36,0,0,,,121,0,1,3,0,2,2,1,2,0,0,6,2622,2711,1,4,4,63,3079.66,174.37,0,0.0,2160.37,1,1288.35,624.76,20,0,0.0,2160.11,0.0,0,0.0,0,0.0,0,100.0,1,0.0,0,1.29,12.94,70.76,2.71,13.59,5.0,79.14,1,N-12,14,12,4,1,34.182062541361674,-118.4467261719799,detection_avg,0.6020764434326656,pct_severe_rent_burden,public_school_count,-0.011372287622751965
458,882,3,US,375,BlockApportionment:US.BlockGroups;PointsLayer:US.BlockPoints,2.191,2.576,1,117,132,14154,129,73.03,68,0.8,46,US,504,BlockApportionment:US.BlockGroups;PointsLayer:US.BlockPoints,2.191,2.576,1,24.25,6.23,31.51,6.42,9.05,0.96,26.94,22.62,63,64,api_test_workflow_v2_10pct_model6_2026-05-06_live,34.1808209,-118.45290658,"14660 W BESSEMER ST, 91411",90.0,34.1808208951_-118.452906577_90.jpg,1.0,0.9018,tent,1.9425,17.47,29.74,16.36,0,0,,,121,0,1,3,0,2,2,1,2,0,0,6,2622,2711,1,4,4,63,3079.66,174.37,0,0.0,2160.37,1,1288.35,624.76,20,0,0.0,2160.11,0.0,0,0.0,0,0.0,0,100.0,1,0.0,0,1.29,12.94,70.76,2.71,13.59,5.0,79.14,1,N-12,14,12,4,1,34.182062541361674,-118.4467261719799,detection_avg,0.6020764434326656,pct_severe_rent_burden,public_school_count,-0.011372287622751965
459,883,3,US,375,BlockApportionment:US.BlockGroups;PointsLayer:US.BlockPoints,2.191,2.576,1,117,132,14154,129,73.03,68,0.8,46,US,504,BlockApportionment:US.BlockGroups;PointsLayer:US.BlockPoints,2.191,2.576,1,24.25,6.23,31.51,6.42,9.05,0.96,26.94,22.62,63,64,api_test_workflow_v2_10pct_model6_2026-05-06_live,34.1808209,-118.45290658,"14660 W BESSEMER ST, 91411",180.0,34.1808208951_-118.452906577_180.jpg,1.0,0.9163,tent,1.9425,17.47,29.74,16.36,0,0,,,121,0,1,3,0,2,2,1,2,0,0,6,2622,2711,1,4,4,63,3079.66,174.37,0,0.0,2160.37,1,1288.35,624.76,20,0,0.0,2160.11,0.0,0,0.0,0,0.0,0,100.0,1,0.0,0,1.29,12.94,70.76,2.71,13.59,5.0,79.14,0,N-12,14,12,4,0,34.182062541361674,-118.4467261719799,detection_avg,0.6020764434326656,pct_severe_rent_burden,public_school_count,-0.011372287622751965
460,886,3,US,375,BlockApportionment:US.BlockGroups;PointsLayer:US.BlockPoints,2.191,2.576,1,117,132,14154,129,73.03,68,0.8,46,US,504,BlockApportionment:US.BlockGroups;PointsLayer:US.BlockPoints,2.191,2.576,1,24.25,6.23,31.51,6.42,9.05,0.96,26.94,22.62,63,64,api_test_workflow_v2_10pct_model6_2026-05-06_live,34.18079177,-118.45311934,"CEDROS AVE AT BESSEMER ST, 91411",270.0,34.1807917667_-118.453119344_270.jpg,1.0,0.8188,tent,1.9425,17.47,29.74,16.36,0,0,,,121,0,1,3,0,2,2,1,2,0,0,6,2622,2711,1,4,4,63,3079.66,174.37,0,0.0,2160.37,1,1288.35,624.76,20,0,0.0,2160.11,0.0,0,0.0,0,0.0,0,100.0,1,0.0,0,1.29,12.94,70.76,2.71,13.59,5.0,79.14,0,N-12,14,12,4,0,34.182062541361674,-118.4467261719799,detection_avg,0.6020764434326656,pct_severe_rent_burden,public_school_count,-0.011372287622751965
461,920,3,US,375,BlockApportionment:US.BlockGroups;PointsLayer:US.BlockPoints,2.191,2.576,1,117,132,14154,129,73.03,68,0.8,46,US,504,BlockApportionment:US.BlockGroups;PointsLayer:US.BlockPoints,2.191,2.576,1,24.25,6.23,31.51,6.42,9.05,0.96,26.94,22.62,63,64,api_test_workflow_v2_20pct_model6_2026-05-07_batch2,34.18666726,-118.44645802,"6400 N SYLMAR AVE, 91401",270.0,34.1866672627_-118.446458025_270.jpg,1.0,0.6918,tent,1.9425,17.47,29.74,16.36,0,0,,,121,0,1,3,0,2,2,1,2,0,0,6,2622,2711,1,4,4,63,3079.66,174.37,0,0.0,2160.37,1,1288.35,624.76,20,0,0.0,2160.11,0.0,0,0.0,0,0.0,0,100.0,1,0.0,0,1.29,12.94,70.76,2.71,13.59,5.0,79.14,0,N-12,14,12,4,0,34.182062541361674,-118.4467261719799,detection_avg,0.6020764434326656,pct_severe_rent_burden,public_school_count,-0.011372287622751965
462,942,3,US,375,BlockApportionment:US.BlockGroups;PointsLayer:US.BlockPoints,2.191,2.576,1,117,132,14154,129,73.03,68,0.8,46,US,504,BlockApportionment:US.BlockGroups;PointsLayer:US.BlockPoints,2.191,2.576,1,24.25,6.23,31.51,6.42,9.05,0.96,26.94,22.62,63,64,api_test_workflow_v2_20pct_model6_2026-05-07_batch2,34.18778169,-118.44708237,"14411 W GILMORE ST, 91401",0.0,34.1877816925_-118.447082366_0.jpg,1.0,0.6577,tent,1.9425,17.47,29.74,16.36,0,0,,,121,0,1,3,0,2,2,1,2,0,0,6,2622,2711,1,4,4,63,3079.66,174.37,0,0.0,2160.37,1,1288.35,624.76,20,0,0.0,2160.11,0.0,0,0.0,0,0.0,0,100.0,1,0.0,0,1.29,12.94,70.76,2.71,13.59,5.0,79.14,6,N-12,14,12,4,1,34.182062541361674,-118.4467261719799,detection_avg,0.6020764434326656,pct_severe_rent_burden,public_school_count,-0.011372287622751965
463,978,3,US,375,BlockApportionment:US.BlockGroups;PointsLayer:US.BlockPoints,2.191,2.576,1,117,132,14154,129,73.03,68,0.8,46,US,504,BlockApportionment:US.BlockGroups;PointsLayer:US.BlockPoints,2.191,2.576,1,24.25,6.23,31.51,6.42,9.05,0.96,26.94,22.62,63,64,api_test_workflow_v2_20pct_model6_2026-05-07_batch2,34.18575604,-118.45037156,"14575 W FRIAR ST, 91411",180.0,34.1857560424_-118.450371559_180.jpg,1.0,0.7431,tent,1.9425,17.47,29.74,16.36,0,0,,,121,0,1,3,0,2,2,1,2,0,0,6,2622,2711,1,4,4,63,3079.66,174.37,0,0.0,2160.37,1,1288.35,624.76,20,0,0.0,2160.11,0.0,0,0.0,0,0.0,0,100.0,1,0.0,0,1.29,12.94,70.76,2.71,13.59,5.0,79.14,1,N-12,14,12,4,1,34.182062541361674,-118.4467261719799,detection_avg,0.6020764434326656,pct_severe_rent_burden,public_school_count,-0.011372287622751965
464,1167,3,US,375,BlockApportionment:US.BlockGroups;PointsLayer:US.BlockPoints,2.191,2.576,1,117,132,14154,129,73.03,68,0.8,46,US,504,BlockApportionment:US.BlockGroups;PointsLayer:US.BlockPoints,2.191,2.576,1,24.25,6.23,31.51,6.42,9.05,0.96,26.94,22.62,63,64,api_test_workflow_v8_remaining_location_deduped_final_after10_30_2026-05-23,34.18952717,-118.449567,"14520 W HAYNES ST, 91411",90.0,34.1895271677_-118.449567_90.jpg,1.0,0.8676,tent,1.9425,17.47,29.74,16.36,0,0,,,121,0,1,3,0,2,2,1,2,0,0,6,2622,2711,1,4,4,63,3079.66,174.37,0,0.0,2160.37,1,1288.35,624.76,20,0,0.0,2160.11,0.0,0,0.0,0,0.0,0,100.0,1,0.0,0,1.29,12.94,70.76,2.71,13.59,5.0,79.14,0,N-12,14,12,4,0,34.182062541361674,-118.4467261719799,detection_avg,0.6020764434326656,pct_severe_rent_burden,public_school_count,-0.011372287622751965
465,1296,3,US,375,BlockApportionment:US.BlockGroups;PointsLayer:US.BlockPoints,2.191,2.576,1,117,132,14154,129,73.03,68,0.8,46,US,504,BlockApportionment:US.BlockGroups;PointsLayer:US.BlockPoints,2.191,2.576,1,24.25,6.23,31.51,6.42,9.05,0.96,26.94,22.62,63,64,api_test_workflow_v8_remaining_location_deduped_30pct_after10_2026-05-22,34.18076211,-118.44902975,"6073 N VAN NUYS BLVD, 91401",270.0,34.1807621066_-118.449029754_270.jpg,1.0,0.7231,tent,1.9425,17.47,29.74,16.36,0,0,,,121,0,1,3,0,2,2,1,2,0,0,6,2622,2711,1,4,4,63,3079.66,174.37,0,0.0,2160.37,1,1288.35,624.76,20,0,0.0,2160.11,0.0,0,0.0,0,0.0,0,100.0,1,0.0,0,1.29,12.94,70.76,2.71,13.59,5.0,79.14,3,N-12,14,12,4,1,34.182062541361674,-118.4467261719799,detection_avg,0.6020764434326656,pct_severe_rent_burden,public_school_count,-0.011372287622751965
466,1627,3,US,375,BlockApportionment:US.BlockGroups;PointsLayer:US.BlockPoints,2.191,2.576,1,117,132,14154,129,73.03,68,0.8,46,US,504,BlockApportionment:US.BlockGroups;PointsLayer:US.BlockPoints,2.191,2.576,1,24.25,6.23,31.51,6.42,9.05,0.96,26.94,22.62,63,64,api_test_workflow_v8_remaining_location_deduped_30pct_after10_2026-05-22,34.18754938,-118.44712141,"14402 GILMORE ST, 91401",90.0,34.1875493807_-118.447121412_90.jpg,1.0,0.863,tent,1.9425,17.47,29.74,16.36,0,0,,,121,0,1,3,0,2,2,1,2,0,0,6,2622,2711,1,4,4,63,3079.66,174.37,0,0.0,2160.37,1,1288.35,624.76,20,0,0.0,2160.11,0.0,0,0.0,0,0.0,0,100.0,1,0.0,0,1.29,12.94,70.76,2.71,13.59,5.0,79.14,1,N-12,14,12,4,1,34.182062541361674,-118.4467261719799,detection_avg,0.6020764434326656,pct_severe_rent_burden,public_school_count,-0.011372287622751965
467,639,3,US,59,BlockApportionment:US.BlockGroups;PointsLayer:US.BlockPoints,2.191,2.576,1,198,174,12486,160,69.0,74,0.73,47,US,154,BlockApportionment:US.BlockGroups;PointsLayer:US.BlockPoints,2.191,2.576,1,31.17,9.31,38.96,6.74,8.59,0.96,27.19,26.45,71,72,api_test_workflow_v2_remaining_model6_2026-05-08,33.94083445,-118.28545032,"613 W 105TH ST, 90044",0.0,33.9408344471_-118.285450319_0.jpg,1.0,0.898,tent,1.9425,17.47,29.74,16.36,0,0,,,59,0,1,1,0,4,1,0,0,0,0,2,655,616,1,1,7,58,8686.54,129.09,58,8686.54,129.09,1,232.18,555.69,3,2,3000.7,134.48,0.14,1,0.14,1,0.0,0,100.0,1,0.0,0,1.92,14.74,66.16,0.81,18.28,5.0,75.74,0,Z-30,26,30,5,0,33.93764646196409,-118.2772538372922,detection_avg,0.5727245337630924,pct_severe_rent_burden,public_school_count,0.029277670566601473
468,714,3,US,59,BlockApportionment:US.BlockGroups;PointsLayer:US.BlockPoints,2.191,2.576,1,198,174,12486,160,69.0,74,0.73,47,US,154,BlockApportionment:US.BlockGroups;PointsLayer:US.BlockPoints,2.191,2.576,1,31.17,9.31,38.96,6.74,8.59,0.96,27.19,26.45,71,72,api_test_workflow_v2_30pct_model6_2026-05-08,33.93639049,-118.2790632,"314 W 109TH PL, 90061",270.0,33.9363904868_-118.279063195_270.jpg,1.0,0.8518,tent,1.9425,17.47,29.74,16.36,0,0,,,59,0,1,1,0,4,1,0,0,0,0,2,655,616,1,1,7,58,8686.54,129.09,58,8686.54,129.09,1,232.18,555.69,3,2,3000.7,134.48,0.14,1,0.14,1,0.0,0,100.0,1,0.0,0,1.92,14.74,66.16,0.81,18.28,5.0,75.74,0,Z-30,26,30,5,0,33.93764646196409,-118.2772538372922,detection_avg,0.5727245337630924,pct_severe_rent_burden,public_school_count,0.029277670566601473
469,-1,4,US,376,BlockApportionment:US.BlockGroups;PointsLayer:US.BlockPoints,2.191,2.576,1,115,105,10247,95,39.28,93,1.3,48,US,505,BlockApportionment:US.BlockGroups;PointsLayer:US.BlockPoints,2.191,2.576,1,17.15,6.22,39.04,2.28,5.17,1.47,15.55,16.55,95,98,,,,,,,,,,1.9425,17.47,29.74,16.36,0,0,,,50,0,0,0,0,0,0,0,0,0,0,4,1190,1181,0,0,0,41,2435.27,139.12,0,0.0,2478.21,1,665.05,672.62,12,0,0.0,2505.65,0.0,0,0.0,0,0.0,0,100.0,1,0.0,0,3.0,24.26,50.0,5.36,20.38,5.0,64.1,3,O-12,15,12,0,1,34.1818955820642,-118.43259894925131,reconstructed,0.5712400125442008,sud_treatment_count,business_sites_count,0.020351780810560258
470,178,4,US,506,BlockApportionment:US.BlockGroups;PointsLayer:US.BlockPoints,2.191,2.576,1,140,156,4813,107,94.49,103,1.13,49,US,155,BlockApportionment:US.BlockGroups;PointsLayer:US.BlockPoints,2.191,2.576,1,42.55,6.85,34.84,11.92,6.21,2.19,24.33,14.48,99,104,api_test_workflow_v2_remaining_model6_2026-05-08,34.27007264,-118.43797811,"13995 W DEL SUR ST, 91331",0.0,34.2700726369_-118.437978112_0.jpg,1.0,0.7747,tent,1.9425,17.47,29.74,16.36,0,0,,,42,0,0,0,0,1,0,0,0,0,0,0,441,426,0,0,4,70,7453.7,213.78,46,5606.16,213.78,8,1546.12,358.98,6,4,3061.52,256.04,0.0,0,0.0,0,0.0,0,100.0,1,0.0,0,1.94,15.92,64.28,2.35,17.45,5.0,74.41,1,O-5,15,5,1,1,34.276167136219485,-118.43257781778536,detection_avg,0.6468696215950661,total_population,pct_household_disability,-0.06272982877323752
471,179,4,US,506,BlockApportionment:US.BlockGroups;PointsLayer:US.BlockPoints,2.191,2.576,1,140,156,4813,107,94.49,103,1.13,49,US,155,BlockApportionment:US.BlockGroups;PointsLayer:US.BlockPoints,2.191,2.576,1,42.55,6.85,34.84,11.92,6.21,2.19,24.33,14.48,99,104,api_test_workflow_v2_remaining_model6_2026-05-08,34.27007264,-118.43797811,"13995 W DEL SUR ST, 91331",90.0,34.2700726369_-118.437978112_90.jpg,2.0,0.7769,tent,1.9425,17.47,29.74,16.36,0,0,,,42,0,0,0,0,1,0,0,0,0,0,0,441,426,0,0,4,70,7453.7,213.78,46,5606.16,213.78,8,1546.12,358.98,6,4,3061.52,256.04,0.0,0,0.0,0,0.0,0,100.0,1,0.0,0,1.94,15.92,64.28,2.35,17.45,5.0,74.41,0,O-5,15,5,1,0,34.276167136219485,-118.43257781778536,detection_avg,0.6468696215950661,total_population,pct_household_disability,-0.06272982877323752
472,-1,5,US,377,BlockApportionment:US.BlockGroups;PointsLayer:US.BlockPoints,2.191,2.576,1,102,104,9538,143,39.09,95,1.61,0,US,506,BlockApportionment:US.BlockGroups;PointsLayer:US.BlockPoints,2.191,2.576,1,23.57,5.68,30.88,3.99,4.03,1.2,16.25,18.22,96,99,,,,,,,,,,1.9425,17.47,29.74,16.36,0,0,,,78,0,0,0,0,4,3,0,0,0,0,3,1136,1183,0,0,2,31,1522.31,178.84,0,0.0,1425.2,1,1655.24,173.89,11,0,0.0,1587.39,0.0,0,0.0,0,0.0,0,100.0,1,0.0,0,3.36,15.51,61.0,5.56,17.94,5.0,71.69,0,P-12,16,12,7,0,34.18172862276673,-118.41847172652274,reconstructed,0.5907051549812702,pct_severe_rent_burden,public_school_count,0.014906869660598796
473,-1,6,US,378,BlockApportionment:US.BlockGroups;PointsLayer:US.BlockPoints,2.191,2.576,1,101,88,8725,136,27.44,117,1.54,1,US,507,BlockApportionment:US.BlockGroups;PointsLayer:US.BlockPoints,2.191,2.576,1,23.76,5.55,28.31,3.96,2.89,0.97,21.15,12.03,114,117,,,,,,,,,,1.9425,17.47,29.74,16.36,0,0,,,38,0,0,0,0,1,1,0,0,0,0,0,1151,1202,0,0,2,36,3018.31,685.42,10,1674.11,747.06,0,0.0,827.81,14,2,583.68,755.46,0.0,0,0.0,0,0.0,0,100.0,1,0.0,0,5.41,29.19,45.91,5.12,19.78,5.0,60.51,0,Q-12,17,12,2,0,34.181561663469246,-118.40434450379416,reconstructed,0.6125039040349625,nearest_river_drainage_m,water_proxy_pct,0.019514321295309608
474,-1,5,US,60,BlockApportionment:US.BlockGroups;PointsLayer:US.BlockPoints,2.191,2.576,1,198,184,12819,152,74.09,75,1.58,2,US,156,BlockApportionment:US.BlockGroups;PointsLayer:US.BlockPoints,2.191,2.576,1,33.02,9.62,37.97,5.02,5.53,1.74,22.95,25.09,77,78,,,,,,,,,,1.9425,17.47,29.74,16.36,0,0,,,65,0,0,0,0,4,0,0,0,0,0,0,515,457,0,1,9,18,1534.54,464.33,0,0.0,835.86,3,1390.2,281.14,2,0,0.0,840.09,0.99,1,0.99,1,0.0,0,100.0,1,0.0,0,0.64,17.18,58.85,0.81,23.16,5.0,71.0,0,AA-30,27,30,4,0,33.93747950266661,-118.26312661456362,reconstructed,0.6394250780885148,la_geohub_100yr_flood_area_pct,tree_canopy_proxy_pct,0.04928941261808929
475,435,7,US,379,BlockApportionment:US.BlockGroups;PointsLayer:US.BlockPoints,2.191,2.576,1,110,117,10780,126,56.74,78,1.86,3,US,508,BlockApportionment:US.BlockGroups;PointsLayer:US.BlockPoints,2.191,2.576,1,23.3,3.05,37.61,5.98,7.22,1.28,19.78,20.92,84,88,api_test_workflow_v2_20pct_model6_2026-05-07,34.18312549,-118.39674973,"6205 N LAUREL CANYON BLVD, 91606",270.0,34.1831254939_-118.396749731_270.jpg,1.0,0.6464,tent,1.9425,17.47,29.74,16.36,0,0,,,87,0,0,0,1,1,1,0,0,0,0,3,1266,1360,0,0,3,83,6866.17,308.68,38,3569.38,679.38,3,940.02,651.77,17,2,1290.97,679.61,0.0,0,0.0,0,0.0,0,100.0,1,0.0,0,0.87,11.52,66.72,4.63,17.13,5.0,76.44,2,R-12,18,12,2,1,34.18139470417177,-118.39021728106556,detection_avg,0.6012062765174777,osm_amenity_count,bare_ground_proxy_pct,0.011070901608618471
476,474,7,US,379,BlockApportionment:US.BlockGroups;PointsLayer:US.BlockPoints,2.191,2.576,1,110,117,10780,126,56.74,78,1.86,3,US,508,BlockApportionment:US.BlockGroups;PointsLayer:US.BlockPoints,2.191,2.576,1,23.3,3.05,37.61,5.98,7.22,1.28,19.78,20.92,84,88,api_test_workflow_v2_20pct_model6_2026-05-07,34.18125765,-118.3847787,"6103 N LANKERSHIM BLVD, 91606",0.0,34.1812576537_-118.384778704_0.jpg,1.0,0.7967,tent,1.9425,17.47,29.74,16.36,0,0,,,87,0,0,0,1,1,1,0,0,0,0,3,1266,1360,0,0,3,83,6866.17,308.68,38,3569.38,679.38,3,940.02,651.77,17,2,1290.97,679.61,0.0,0,0.0,0,0.0,0,100.0,1,0.0,0,0.87,11.52,66.72,4.63,17.13,5.0,76.44,2,R-12,18,12,2,1,34.18139470417177,-118.39021728106556,detection_avg,0.6012062765174777,osm_amenity_count,bare_ground_proxy_pct,0.011070901608618471
477,1286,7,US,379,BlockApportionment:US.BlockGroups;PointsLayer:US.BlockPoints,2.191,2.576,1,110,117,10780,126,56.74,78,1.86,3,US,508,BlockApportionment:US.BlockGroups;PointsLayer:US.BlockPoints,2.191,2.576,1,23.3,3.05,37.61,5.98,7.22,1.28,19.78,20.92,84,88,api_test_workflow_v8_remaining_location_deduped_30pct_after10_2026-05-22,34.18371771,-118.38627049,"6223 N LANKERSHIM BLVD, 91606",270.0,34.1837177141_-118.386270493_270.jpg,1.0,0.8257,tent,1.9425,17.47,29.74,16.36,0,0,,,87,0,0,0,1,1,1,0,0,0,0,3,1266,1360,0,0,3,83,6866.17,308.68,38,3569.38,679.38,3,940.02,651.77,17,2,1290.97,679.61,0.0,0,0.0,0,0.0,0,100.0,1,0.0,0,0.87,11.52,66.72,4.63,17.13,5.0,76.44,0,R-12,18,12,2,0,34.18139470417177,-118.39021728106556,detection_avg,0.6012062765174777,osm_amenity_count,bare_ground_proxy_pct,0.011070901608618471
478,1343,7,US,379,BlockApportionment:US.BlockGroups;PointsLayer:US.BlockPoints,2.191,2.576,1,110,117,10780,126,56.74,78,1.86,3,US,508,BlockApportionment:US.BlockGroups;PointsLayer:US.BlockPoints,2.191,2.576,1,23.3,3.05,37.61,5.98,7.22,1.28,19.78,20.92,84,88,api_test_workflow_v2_remaining_model6_2026-05-08,34.18065152,-118.39674062,"6041 N LAUREL CANYON BLVD, 91606",180.0,34.1806515229_-118.396740617_180.jpg,1.0,0.6451,tent,1.9425,17.47,29.74,16.36,0,0,,,87,0,0,0,1,1,1,0,0,0,0,3,1266,1360,0,0,3,83,6866.17,308.68,38,3569.38,679.38,3,940.02,651.77,17,2,1290.97,679.61,0.0,0,0.0,0,0.0,0,100.0,1,0.0,0,0.87,11.52,66.72,4.63,17.13,5.0,76.44,0,R-12,18,12,2,0,34.18139470417177,-118.39021728106556,detection_avg,0.6012062765174777,osm_amenity_count,bare_ground_proxy_pct,0.011070901608618471
479,1686,7,US,379,BlockApportionment:US.BlockGroups;PointsLayer:US.BlockPoints,2.191,2.576,1,110,117,10780,126,56.74,78,1.86,3,US,508,BlockApportionment:US.BlockGroups;PointsLayer:US.BlockPoints,2.191,2.576,1,23.3,3.05,37.61,5.98,7.22,1.28,19.78,20.92,84,88,api_test_workflow_v8_remaining_location_deduped_final_after10_30_2026-05-23,34.18219945,-118.39673268,"6159 N LAUREL CANYON BLVD, 91607",270.0,34.1821994529_-118.396732682_270.jpg,1.0,0.8931,tent,1.9425,17.47,29.74,16.36,0,0,,,87,0,0,0,1,1,1,0,0,0,0,3,1266,1360,0,0,3,83,6866.17,308.68,38,3569.38,679.38,3,940.02,651.77,17,2,1290.97,679.61,0.0,0,0.0,0,0.0,0,100.0,1,0.0,0,0.87,11.52,66.72,4.63,17.13,5.0,76.44,0,R-12,18,12,2,0,34.18139470417177,-118.39021728106556,detection_avg,0.6012062765174777,osm_amenity_count,bare_ground_proxy_pct,0.011070901608618471
480,-1,6,US,507,BlockApportionment:US.BlockGroups;PointsLayer:US.BlockPoints,2.191,2.576,1,144,155,9256,107,91.75,103,2.27,4,US,157,BlockApportionment:US.BlockGroups;PointsLayer:US.BlockPoints,2.191,2.576,1,43.21,5.27,36.48,9.24,4.69,1.58,28.71,17.09,95,99,,,,,,,,,,1.9425,17.47,29.74,16.36,0,0,,,18,0,0,0,0,0,0,2,2,0,0,1,609,595,0,0,5,43,4983.74,35.48,43,4983.74,35.48,0,0.0,944.21,6,2,3069.6,49.76,0.0,0,0.0,0,0.0,0,100.0,1,0.0,0,1.56,16.89,60.96,3.18,18.97,5.0,72.2,0,P-5,16,5,0,0,34.27600017692201,-118.41845059505678,reconstructed,0.6330093351920234,pct_no_schooling,la_geohub_500yr_flood_intersects,-0.012451581338742265
481,169,8,US,380,BlockApportionment:US.BlockGroups;PointsLayer:US.BlockPoints,2.191,2.576,1,105,96,11633,143,61.41,82,1.92,5,US,509,BlockApportionment:US.BlockGroups;PointsLayer:US.BlockPoints,2.191,2.576,1,19.65,6.74,32.78,3.93,4.65,2.11,16.36,19.05,85,87,api_test_workflow_v2_remaining_model6_2026-05-08,34.17261807,-118.37330743,"5611 N FULCHER AVE, 91601",180.0,34.1726180683_-118.373307432_180.jpg,1.0,0.9002,tent,1.9425,17.47,29.74,16.36,0,0,,,102,0,0,0,0,2,0,0,0,0,0,5,1438,1495,0,0,3,45,2077.04,514.14,0,0.0,1157.46,0,0.0,987.77,9,0,0.0,1251.28,0.0,0,0.0,0,0.0,0,100.0,1,0.0,0,1.76,13.87,64.39,4.17,17.57,5.0,74.54,2,S-12,19,12,2,1,34.1812277448743,-118.37609005833698,detection_avg,0.5712019360663924,sud_treatment_count,business_sites_count,-0.015858932393711677
482,170,8,US,380,BlockApportionment:US.BlockGroups;PointsLayer:US.BlockPoints,2.191,2.576,1,105,96,11633,143,61.41,82,1.92,5,US,509,BlockApportionment:US.BlockGroups;PointsLayer:US.BlockPoints,2.191,2.576,1,19.65,6.74,32.78,3.93,4.65,2.11,16.36,19.05,85,87,api_test_workflow_v2_remaining_model6_2026-05-08,34.17261807,-118.37330743,"5611 N FULCHER AVE, 91601",270.0,34.1726180683_-118.373307432_270.jpg,1.0,0.9195,tent,1.9425,17.47,29.74,16.36,0,0,,,102,0,0,0,0,2,0,0,0,0,0,5,1438,1495,0,0,3,45,2077.04,514.14,0,0.0,1157.46,0,0.0,987.77,9,0,0.0,1251.28,0.0,0,0.0,0,0.0,0,100.0,1,0.0,0,1.76,13.87,64.39,4.17,17.57,5.0,74.54,1,S-12,19,12,2,1,34.1812277448743,-118.37609005833698,detection_avg,0.5712019360663924,sud_treatment_count,business_sites_count,-0.015858932393711677
483,643,8,US,380,BlockApportionment:US.BlockGroups;PointsLayer:US.BlockPoints,2.191,2.576,1,105,96,11633,143,61.41,82,1.92,5,US,509,BlockApportionment:US.BlockGroups;PointsLayer:US.BlockPoints,2.191,2.576,1,19.65,6.74,32.78,3.93,4.65,2.11,16.36,19.05,85,87,api_test_workflow_v2_remaining_model6_2026-05-08,34.17270995,-118.37294443,"5616 N FULCHER AVE, 91601",180.0,34.1727099495_-118.372944435_180.jpg,1.0,0.73,tent,1.9425,17.47,29.74,16.36,0,0,,,102,0,0,0,0,2,0,0,0,0,0,5,1438,1495,0,0,3,45,2077.04,514.14,0,0.0,1157.46,0,0.0,987.77,9,0,0.0,1251.28,0.0,0,0.0,0,0.0,0,100.0,1,0.0,0,1.76,13.87,64.39,4.17,17.57,5.0,74.54,0,S-12,19,12,2,0,34.1812277448743,-118.37609005833698,detection_avg,0.5712019360663924,sud_treatment_count,business_sites_count,-0.015858932393711677
484,771,8,US,380,BlockApportionment:US.BlockGroups;PointsLayer:US.BlockPoints,2.191,2.576,1,105,96,11633,143,61.41,82,1.92,5,US,509,BlockApportionment:US.BlockGroups;PointsLayer:US.BlockPoints,2.191,2.576,1,19.65,6.74,32.78,3.93,4.65,2.11,16.36,19.05,85,87,api_test_workflow_v2_30pct_model6_2026-05-08,34.17266212,-118.3729442,"5614 N FULCHER AVE, 91601",180.0,34.1726621232_-118.372944195_180.jpg,1.0,0.73,tent,1.9425,17.47,29.74,16.36,0,0,,,102,0,0,0,0,2,0,0,0,0,0,5,1438,1495,0,0,3,45,2077.04,514.14,0,0.0,1157.46,0,0.0,987.77,9,0,0.0,1251.28,0.0,0,0.0,0,0.0,0,100.0,1,0.0,0,1.76,13.87,64.39,4.17,17.57,5.0,74.54,0,S-12,19,12,2,0,34.1812277448743,-118.37609005833698,detection_avg,0.5712019360663924,sud_treatment_count,business_sites_count,-0.015858932393711677
485,1085,8,US,380,BlockApportionment:US.BlockGroups;PointsLayer:US.BlockPoints,2.191,2.576,1,105,96,11633,143,61.41,82,1.92,5,US,509,BlockApportionment:US.BlockGroups;PointsLayer:US.BlockPoints,2.191,2.576,1,19.65,6.74,32.78,3.93,4.65,2.11,16.36,19.05,85,87,api_test_workflow_v8_remaining_location_deduped_30pct_after10_2026-05-22,34.17838056,-118.38175241,"11480 W TIARA ST, 91601",180.0,34.1783805638_-118.381752412_180.jpg,1.0,0.8117,tent,1.9425,17.47,29.74,16.36,0,0,,,102,0,0,0,0,2,0,0,0,0,0,5,1438,1495,0,0,3,45,2077.04,514.14,0,0.0,1157.46,0,0.0,987.77,9,0,0.0,1251.28,0.0,0,0.0,0,0.0,0,100.0,1,0.0,0,1.76,13.87,64.39,4.17,17.57,5.0,74.54,0,S-12,19,12,2,0,34.1812277448743,-118.37609005833698,detection_avg,0.5712019360663924,sud_treatment_count,business_sites_count,-0.015858932393711677
486,1100,8,US,380,BlockApportionment:US.BlockGroups;PointsLayer:US.BlockPoints,2.191,2.576,1,105,96,11633,143,61.41,82,1.92,5,US,509,BlockApportionment:US.BlockGroups;PointsLayer:US.BlockPoints,2.191,2.576,1,19.65,6.74,32.78,3.93,4.65,2.11,16.36,19.05,85,87,api_test_workflow_v8_remaining_location_deduped_30pct_after10_2026-05-22,34.18062867,-118.37018055,"6042 N VINELAND AVE, 91606",90.0,34.1806286737_-118.37018055_90.jpg,1.0,0.8749,tent,1.9425,17.47,29.74,16.36,0,0,,,102,0,0,0,0,2,0,0,0,0,0,5,1438,1495,0,0,3,45,2077.04,514.14,0,0.0,1157.46,0,0.0,987.77,9,0,0.0,1251.28,0.0,0,0.0,0,0.0,0,100.0,1,0.0,0,1.76,13.87,64.39,4.17,17.57,5.0,74.54,0,S-12,19,12,2,0,34.1812277448743,-118.37609005833698,detection_avg,0.5712019360663924,sud_treatment_count,business_sites_count,-0.015858932393711677
487,1354,8,US,380,BlockApportionment:US.BlockGroups;PointsLayer:US.BlockPoints,2.191,2.576,1,105,96,11633,143,61.41,82,1.92,5,US,509,BlockApportionment:US.BlockGroups;PointsLayer:US.BlockPoints,2.191,2.576,1,19.65,6.74,32.78,3.93,4.65,2.11,16.36,19.05,85,87,api_test_workflow_v2_remaining_model6_2026-05-08,34.18069367,-118.37014898,"6050 N VINELAND AVE, 91606",180.0,34.1806936662_-118.370148977_180.jpg,1.0,0.8965,tent,1.9425,17.47,29.74,16.36,0,0,,,102,0,0,0,0,2,0,0,0,0,0,5,1438,1495,0,0,3,45,2077.04,514.14,0,0.0,1157.46,0,0.0,987.77,9,0,0.0,1251.28,0.0,0,0.0,0,0.0,0,100.0,1,0.0,0,1.76,13.87,64.39,4.17,17.57,5.0,74.54,0,S-12,19,12,2,0,34.1812277448743,-118.37609005833698,detection_avg,0.5712019360663924,sud_treatment_count,business_sites_count,-0.015858932393711677
488,1503,8,US,380,BlockApportionment:US.BlockGroups;PointsLayer:US.BlockPoints,2.191,2.576,1,105,96,11633,143,61.41,82,1.92,5,US,509,BlockApportionment:US.BlockGroups;PointsLayer:US.BlockPoints,2.191,2.576,1,19.65,6.74,32.78,3.93,4.65,2.11,16.36,19.05,85,87,api_test_workflow_v8_remaining_location_deduped_30pct_after10_2026-05-22,34.17849415,-118.38289441,"TIARA ST AT LANKERSHIM BLVD, 91601",0.0,34.1784941532_-118.382894406_0.jpg,1.0,0.7758,tent,1.9425,17.47,29.74,16.36,0,0,,,102,0,0,0,0,2,0,0,0,0,0,5,1438,1495,0,0,3,45,2077.04,514.14,0,0.0,1157.46,0,0.0,987.77,9,0,0.0,1251.28,0.0,0,0.0,0,0.0,0,100.0,1,0.0,0,1.76,13.87,64.39,4.17,17.57,5.0,74.54,0,S-12,19,12,2,0,34.1812277448743,-118.37609005833698,detection_avg,0.5712019360663924,sud_treatment_count,business_sites_count,-0.015858932393711677
489,369,9,US,381,BlockApportionment:US.BlockGroups;PointsLayer:US.BlockPoints,2.191,2.576,1,106,111,8020,107,56.46,102,2.65,6,US,510,BlockApportionment:US.BlockGroups;PointsLayer:US.BlockPoints,2.191,2.576,1,22.26,6.53,30.4,5.83,4.26,2.28,23.09,17.53,88,95,api_test_workflow_v2_5pct_fresh_2026-04-28,34.18090138,-118.36825548,"6053 N CLEON AVE, 91606",180.0,34.1809013793_-118.368255484_180.jpg,1.0,0.7797,tent,1.9425,17.47,29.74,16.36,0,0,,,51,0,0,0,0,0,1,0,0,0,0,1,584,587,0,0,0,0,0.0,1430.65,0,0.0,2635.5,0,0.0,1012.73,6,0,0.0,2713.84,0.0,0,0.0,0,0.0,0,100.0,1,0.0,0,3.53,31.56,44.82,4.17,19.46,5.0,60.32,1,T-12,20,12,1,1,34.181060785576825,-118.3619628356084,detection_avg,0.6147170853718337,nearest_river_drainage_m,water_proxy_pct,0.012407985016761843
490,874,9,US,381,BlockApportionment:US.BlockGroups;PointsLayer:US.BlockPoints,2.191,2.576,1,106,111,8020,107,56.46,102,2.65,6,US,510,BlockApportionment:US.BlockGroups;PointsLayer:US.BlockPoints,2.191,2.576,1,22.26,6.53,30.4,5.83,4.26,2.28,23.09,17.53,88,95,api_test_workflow_v2_10pct_model6_2026-05-06_live,34.18099954,-118.3682557,"6055 N CLEON AVE, 91606",0.0,34.1809995368_-118.368255705_0.jpg,1.0,0.7752,tent,1.9425,17.47,29.74,16.36,0,0,,,51,0,0,0,0,0,1,0,0,0,0,1,584,587,0,0,0,0,0.0,1430.65,0,0.0,2635.5,0,0.0,1012.73,6,0,0.0,2713.84,0.0,0,0.0,0,0.0,0,100.0,1,0.0,0,3.53,31.56,44.82,4.17,19.46,5.0,60.32,0,T-12,20,12,1,0,34.181060785576825,-118.3619628356084,detection_avg,0.6147170853718337,nearest_river_drainage_m,water_proxy_pct,0.012407985016761843
491,-1,7,US,61,BlockApportionment:US.BlockGroups;PointsLayer:US.BlockPoints,2.191,2.576,1,235,211,9690,183,75.12,64,1.65,7,US,158,BlockApportionment:US.BlockGroups;PointsLayer:US.BlockPoints,2.191,2.576,1,43.11,6.29,36.37,10.15,5.97,2.08,20.16,20.93,68,71,,,,,,,,,,1.9425,17.47,29.74,16.36,0,0,,,78,0,0,1,1,3,1,1,1,0,1,0,412,376,0,6,8,35,1552.62,358.29,0,0.0,1455.85,1,318.49,741.46,13,0,0.0,1455.5,0.31,1,0.31,1,0.0,0,100.0,1,0.0,0,2.49,20.42,55.97,2.15,21.46,5.0,68.43,1,AB-30,28,30,4,1,33.93731254336914,-118.24899939183504,reconstructed,0.6554137382131678,food_access_count,water_proxy_pct,0.017088551701657687
492,-1,10,US,382,BlockApportionment:US.BlockGroups;PointsLayer:US.BlockPoints,2.191,2.576,1,97,92,6550,100,33.28,130,2.76,8,US,511,BlockApportionment:US.BlockGroups;PointsLayer:US.BlockPoints,2.191,2.576,1,15.65,2.99,26.17,0.6,1.72,2.49,17.37,9.25,107,109,,,,,,,,,,1.9425,17.47,29.74,16.36,0,0,,,51,0,0,1,0,3,1,0,0,0,0,1,164,155,0,0,0,39,1992.83,307.32,0,0.0,2340.44,0,0.0,1700.47,18,0,0.0,2356.65,0.0,0,0.0,0,0.0,0,100.0,1,0.0,0,3.83,22.44,50.53,3.77,23.26,5.0,64.22,0,U-12,21,12,4,0,34.180893826279345,-118.34783561287982,reconstructed,0.6010383581911233,osm_amenity_count,bare_ground_proxy_pct,-0.023816827866138188
493,210,8,US,508,BlockApportionment:US.BlockGroups;PointsLayer:US.BlockPoints,2.191,2.576,1,97,99,12287,176,86.46,78,1.39,9,US,159,BlockApportionment:US.BlockGroups;PointsLayer:US.BlockPoints,2.191,2.576,1,32.32,9.1,38.54,5.9,3.72,1.2,27.61,20.64,78,81,api_test_workflow_v2_30pct_model6_2026-05-08,34.27398574,-118.41179547,"11208 N GLENOAKS BLVD, 91331",180.0,34.273985745_-118.411795468_180.jpg,2.0,0.8752,tent,1.9425,17.47,29.74,16.36,0,0,,,42,0,0,0,0,2,0,0,0,0,0,1,668,684,0,0,7,28,2772.26,500.11,0,0.0,913.84,3,452.73,545.22,11,0,0.0,913.51,1.76,1,0.0,0,0.0,0,100.0,1,0.0,0,1.29,25.6,49.27,1.88,23.25,5.0,64.1,3,Q-5,17,5,2,1,34.27583321762454,-118.4043233723282,detection_avg,0.6139442704820524,osm_amenity_count,bare_ground_proxy_pct,-0.024855099635859423
494,-1,11,US,383,BlockApportionment:US.BlockGroups;PointsLayer:US.BlockPoints,2.191,2.576,1,80,63,5093,150,29.71,149,3.83,10,US,512,BlockApportionment:US.BlockGroups;PointsLayer:US.BlockPoints,2.191,2.576,1,24.69,7.44,22.02,3.68,5.94,3.72,18.21,7.04,118,119,,,,,,,,,,1.9425,17.47,29.74,16.36,0,0,,,31,0,0,0,0,0,5,0,0,0,0,1,619,633,0,0,1,0,0.0,898.64,0,0.0,3035.05,7,2451.86,24.19,14,0,0.0,892.75,0.0,0,0.0,0,0.0,0,100.0,1,0.0,0,3.16,22.87,48.48,6.08,22.57,5.0,62.99,2,B-11,2,11,5,1,34.1975334178107,-118.61624982594206,reconstructed,0.612840809359843,osm_amenity_count,bare_ground_proxy_pct,-0.022931273130233222
495,1763,12,US,384,BlockApportionment:US.BlockGroups;PointsLayer:US.BlockPoints,2.191,2.576,1,84,156,6623,155,47.5,79,2.43,11,US,513,BlockApportionment:US.BlockGroups;PointsLayer:US.BlockPoints,2.191,2.576,1,28.46,5.11,23.64,4.49,6.98,2.65,20.62,20.24,72,71,api_test_workflow_v8_remaining_location_deduped_30pct_after10_2026-05-22,34.19094856,-118.60146469,"6640 N OWENSMOUTH AVE, 91303",180.0,34.1909485617_-118.601464688_180.jpg,1.0,0.754,tent,1.9425,17.47,29.74,16.36,0,0,,,122,0,0,0,1,2,0,0,1,0,0,1,1301,1379,0,0,5,88,5142.71,382.28,0,0.0,2239.64,7,2202.18,340.94,67,2,2995.84,388.68,0.01,1,0.0,0,0.0,0,100.0,1,0.0,0,1.76,13.57,71.15,2.64,12.63,5.0,79.28,0,C-11,3,11,2,0,34.19736645851323,-118.60212260321347,detection_avg,0.5912685130185764,esri_market_idx_14068_forecast,business_sites_count,0.02395438922516521
496,719,13,US,385,BlockApportionment:US.BlockGroups;PointsLayer:US.BlockPoints,2.191,2.576,1,81,92,14036,174,65.52,90,1.92,12,US,514,BlockApportionment:US.BlockGroups;PointsLayer:US.BlockPoints,2.191,2.576,1,23.05,4.75,28.45,6.02,6.76,1.81,20.65,18.77,83,82,api_test_workflow_v2_30pct_model6_2026-05-08,34.19531594,-118.59050586,"6854 N INDEPENDENCE AVE, 91303",180.0,34.1953159379_-118.590505857_180.jpg,1.0,0.8763,tent,1.9425,17.47,29.74,16.36,0,0,,,57,0,1,1,0,1,0,0,0,0,0,1,1075,1057,0,0,2,58,4076.62,83.41,0,0.0,3236.67,11,3100.11,349.64,15,0,0.0,1685.59,0.0,0,0.0,0,0.0,0,100.0,1,0.0,0,2.08,14.79,65.86,4.79,14.56,5.0,75.48,0,D-11,4,11,1,0,34.19719949921576,-118.5879953804849,detection_avg,0.5700799470967245,pct_veterans_2,river_drainage_segments_count,-0.009597641792410645
497,1145,13,US,385,BlockApportionment:US.BlockGroups;PointsLayer:US.BlockPoints,2.191,2.576,1,81,92,14036,174,65.52,90,1.92,12,US,514,BlockApportionment:US.BlockGroups;PointsLayer:US.BlockPoints,2.191,2.576,1,23.05,4.75,28.45,6.02,6.76,1.81,20.65,18.77,83,82,api_test_workflow_v8_remaining_location_deduped_final_after10_30_2026-05-23,34.20191781,-118.59304109,"7229 N VARIEL AVE, 91303",90.0,34.2019178103_-118.59304109_90.jpg,1.0,0.6744,tent,1.9425,17.47,29.74,16.36,0,0,,,57,0,1,1,0,1,0,0,0,0,0,1,1075,1057,0,0,2,58,4076.62,83.41,0,0.0,3236.67,11,3100.11,349.64,15,0,0.0,1685.59,0.0,0,0.0,0,0.0,0,100.0,1,0.0,0,2.08,14.79,65.86,4.79,14.56,5.0,75.48,0,D-11,4,11,1,0,34.19719949921576,-118.5879953804849,detection_avg,0.5700799470967245,pct_veterans_2,river_drainage_segments_count,-0.009597641792410645
498,1149,13,US,385,BlockApportionment:US.BlockGroups;PointsLayer:US.BlockPoints,2.191,2.576,1,81,92,14036,174,65.52,90,1.92,12,US,514,BlockApportionment:US.BlockGroups;PointsLayer:US.BlockPoints,2.191,2.576,1,23.05,4.75,28.45,6.02,6.76,1.81,20.65,18.77,83,82,api_test_workflow_v8_remaining_location_deduped_final_after10_30_2026-05-23,34.19557666,-118.59063938,"BASSETT ST AT INDEPENDENCE AVE, 91303",180.0,34.1955766574_-118.590639377_180.jpg,1.0,0.8977,tent,1.9425,17.47,29.74,16.36,0,0,,,57,0,1,1,0,1,0,0,0,0,0,1,1075,1057,0,0,2,58,4076.62,83.41,0,0.0,3236.67,11,3100.11,349.64,15,0,0.0,1685.59,0.0,0,0.0,0,0.0,0,100.0,1,0.0,0,2.08,14.79,65.86,4.79,14.56,5.0,75.48,0,D-11,4,11,1,0,34.19719949921576,-118.5879953804849,detection_avg,0.5700799470967245,pct_veterans_2,river_drainage_segments_count,-0.009597641792410645
499,-1,14,US,386,BlockApportionment:US.BlockGroups;PointsLayer:US.BlockPoints,2.191,2.576,1,73,48,5051,133,47.04,139,4.1,13,US,515,BlockApportionment:US.BlockGroups;PointsLayer:US.BlockPoints,2.191,2.576,1,25.18,6.03,44.02,4.37,1.65,4.83,21.47,17.97,109,112,,,,,,,,,,1.9425,17.47,29.74,16.36,0,0,,,50,0,0,0,0,1,1,0,0,0,0,0,452,487,0,0,3,8,1243.0,411.06,0,0.0,2113.82,23,4263.83,6.77,25,0,0.0,2133.64,0.99,1,4.04,1,0.99,1,100.0,1,0.0,0,3.0,20.42,51.44,4.41,23.72,5.0,65.11,1,E-11,5,11,2,1,34.19703253991828,-118.57386815775632,reconstructed,0.6025691602372818,total_crime_est,la_geohub_500yr_flood_area_pct,-0.04949914446270091
500,113,9,US,62,BlockApportionment:US.BlockGroups;PointsLayer:US.BlockPoints,2.191,2.576,1,228,218,17142,221,79.76,65,1.25,14,US,160,BlockApportionment:US.BlockGroups;PointsLayer:US.BlockPoints,2.191,2.576,1,34.19,11.44,32.55,8.74,8.1,1.05,26.09,23.73,59,58,api_test_workflow_v2_remaining_model6_2026-05-08,33.93121379,-118.23084139,"MONA BLVD AT 114TH ST, 90059",180.0,33.931213788_-118.230841389_180.jpg,1.0,0.7492,tent,1.9425,17.47,29.74,16.36,0,0,,,6,0,0,0,0,3,1,1,0,0,1,0,479,400,0,1,2,35,3601.63,620.6,13,866.83,722.6,0,0.0,1727.16,1,1,264.08,759.65,0.0,0,0.0,0,0.0,0,100.0,1,0.0,0,0.77,15.09,61.73,2.12,21.05,5.0,72.98,2,AC-30,29,30,4,1,33.937145584071665,-118.23487216910644,detection_avg,0.6735598583715614,total_population,pct_household_disability,-0.027894841196715144
501,1224,15,US,387,BlockApportionment:US.BlockGroups;PointsLayer:US.BlockPoints,2.191,2.576,1,53,45,9735,148,50.95,123,3.14,15,US,516,BlockApportionment:US.BlockGroups;PointsLayer:US.BlockPoints,2.191,2.576,1,26.68,3.81,34.82,4.35,6.16,3.95,20.58,15.92,109,116,api_test_workflow_v8_remaining_location_deduped_30pct_after10_2026-05-22,34.20212082,-118.56346517,"CANTLAY ST AT JUMILLA AVE, 91306",0.0,34.2021208223_-118.563465167_0.jpg,1.0,0.9026,tent,1.9425,17.47,29.74,16.36,0,0,,,46,0,0,0,0,0,2,0,0,0,0,0,858,873,0,0,3,33,3922.55,285.94,0,0.0,2743.25,0,0.0,896.28,16,0,0.0,2743.28,0.67,1,0.0,0,0.65,1,100.0,1,0.0,0,2.43,16.58,60.17,5.16,18.09,5.0,71.39,1,F-11,6,11,2,1,34.1968655806208,-118.55974093502772,detection_avg,0.5936552263401972,total_crime_est,la_geohub_500yr_flood_area_pct,-0.033105754218076905
502,-1,16,US,388,BlockApportionment:US.BlockGroups;PointsLayer:US.BlockPoints,2.191,2.576,1,81,85,10385,190,47.73,97,2.97,16,US,517,BlockApportionment:US.BlockGroups;PointsLayer:US.BlockPoints,2.191,2.576,1,20.86,6.39,31.74,6.0,4.15,3.72,18.44,12.81,98,105,,,,,,,,,,1.9425,17.47,29.74,16.36,0,0,,,38,0,0,1,0,0,0,1,1,0,0,1,714,702,1,0,0,14,1487.02,568.94,0,0.0,2018.34,10,3144.86,149.14,14,0,0.0,2019.42,11.38,1,6.34,1,11.39,1,100.0,1,0.0,0,2.83,23.93,52.08,3.99,20.0,5.0,65.61,0,G-11,7,11,0,0,34.19669862132333,-118.54561371229914,reconstructed,0.6443864182159044,nearest_river_drainage_m,la_geohub_500yr_flood_area_pct,-0.024183772708831423
503,432,17,US,389,BlockApportionment:US.BlockGroups;PointsLayer:US.BlockPoints,2.191,2.576,1,93,117,8987,86,67.14,96,1.57,17,US,518,BlockApportionment:US.BlockGroups;PointsLayer:US.BlockPoints,2.191,2.576,1,26.2,6.61,30.76,5.75,5.99,1.73,21.06,17.32,89,94,api_test_workflow_v2_20pct_model6_2026-05-07,34.200633,-118.53491805,"7145 N CANBY AVE, 91335",90.0,34.2006329983_-118.534918052_90.jpg,1.0,0.7919,tent,1.9425,17.47,29.74,16.36,0,0,,,66,0,0,0,1,2,2,0,0,0,0,4,1401,1381,0,0,1,75,4260.27,287.79,0,0.0,2785.52,0,0.0,999.39,37,0,0.0,2824.74,2.86,1,0.0,0,2.87,1,100.0,1,0.0,0,2.95,16.98,66.49,3.41,13.11,5.0,75.66,0,H-11,8,11,4,0,34.196531662025855,-118.53148648957055,detection_avg,0.5788736967654619,la_geohub_500yr_flood_area_pct,water_proxy_pct,-0.013939000519013561
504,433,17,US,389,BlockApportionment:US.BlockGroups;PointsLayer:US.BlockPoints,2.191,2.576,1,93,117,8987,86,67.14,96,1.57,17,US,518,BlockApportionment:US.BlockGroups;PointsLayer:US.BlockPoints,2.191,2.576,1,26.2,6.61,30.76,5.75,5.99,1.73,21.06,17.32,89,94,api_test_workflow_v2_20pct_model6_2026-05-07,34.200633,-118.53491805,"7145 N CANBY AVE, 91335",180.0,34.2006329983_-118.534918052_180.jpg,1.0,0.6342,tent,1.9425,17.47,29.74,16.36,0,0,,,66,0,0,0,1,2,2,0,0,0,0,4,1401,1381,0,0,1,75,4260.27,287.79,0,0.0,2785.52,0,0.0,999.39,37,0,0.0,2824.74,2.86,1,0.0,0,2.87,1,100.0,1,0.0,0,2.95,16.98,66.49,3.41,13.11,5.0,75.66,0,H-11,8,11,4,0,34.196531662025855,-118.53148648957055,detection_avg,0.5788736967654619,la_geohub_500yr_flood_area_pct,water_proxy_pct,-0.013939000519013561
505,466,17,US,389,BlockApportionment:US.BlockGroups;PointsLayer:US.BlockPoints,2.191,2.576,1,93,117,8987,86,67.14,96,1.57,17,US,518,BlockApportionment:US.BlockGroups;PointsLayer:US.BlockPoints,2.191,2.576,1,26.2,6.61,30.76,5.75,5.99,1.73,21.06,17.32,89,94,api_test_workflow_v2_20pct_model6_2026-05-07,34.1977109,-118.53340451,"7006 N DARBY AVE, 91335",270.0,34.1977109008_-118.533404509_270.jpg,1.0,0.6296,tent,1.9425,17.47,29.74,16.36,0,0,,,66,0,0,0,1,2,2,0,0,0,0,4,1401,1381,0,0,1,75,4260.27,287.79,0,0.0,2785.52,0,0.0,999.39,37,0,0.0,2824.74,2.86,1,0.0,0,2.87,1,100.0,1,0.0,0,2.95,16.98,66.49,3.41,13.11,5.0,75.66,0,H-11,8,11,4,0,34.196531662025855,-118.53148648957055,detection_avg,0.5788736967654619,la_geohub_500yr_flood_area_pct,water_proxy_pct,-0.013939000519013561
506,1234,17,US,389,BlockApportionment:US.BlockGroups;PointsLayer:US.BlockPoints,2.191,2.576,1,93,117,8987,86,67.14,96,1.57,17,US,518,BlockApportionment:US.BlockGroups;PointsLayer:US.BlockPoints,2.191,2.576,1,26.2,6.61,30.76,5.75,5.99,1.73,21.06,17.32,89,94,api_test_workflow_v8_remaining_location_deduped_30pct_after10_2026-05-22,34.20285543,-118.52890967,"18100 WYANDOTTE ST, 91335",0.0,34.2028554286_-118.528909673_0.jpg,1.0,0.8843,tent,1.9425,17.47,29.74,16.36,0,0,,,66,0,0,0,1,2,2,0,0,0,0,4,1401,1381,0,0,1,75,4260.27,287.79,0,0.0,2785.52,0,0.0,999.39,37,0,0.0,2824.74,2.86,1,0.0,0,2.87,1,100.0,1,0.0,0,2.95,16.98,66.49,3.41,13.11,5.0,75.66,2,H-11,8,11,4,1,34.196531662025855,-118.53148648957055,detection_avg,0.5788736967654619,la_geohub_500yr_flood_area_pct,water_proxy_pct,-0.013939000519013561
507,1235,17,US,389,BlockApportionment:US.BlockGroups;PointsLayer:US.BlockPoints,2.191,2.576,1,93,117,8987,86,67.14,96,1.57,17,US,518,BlockApportionment:US.BlockGroups;PointsLayer:US.BlockPoints,2.191,2.576,1,26.2,6.61,30.76,5.75,5.99,1.73,21.06,17.32,89,94,api_test_workflow_v8_remaining_location_deduped_30pct_after10_2026-05-22,34.20285543,-118.52890967,"18100 WYANDOTTE ST, 91335",90.0,34.2028554286_-118.528909673_90.jpg,1.0,0.6335,tent,1.9425,17.47,29.74,16.36,0,0,,,66,0,0,0,1,2,2,0,0,0,0,4,1401,1381,0,0,1,75,4260.27,287.79,0,0.0,2785.52,0,0.0,999.39,37,0,0.0,2824.74,2.86,1,0.0,0,2.87,1,100.0,1,0.0,0,2.95,16.98,66.49,3.41,13.11,5.0,75.66,0,H-11,8,11,4,0,34.196531662025855,-118.53148648957055,detection_avg,0.5788736967654619,la_geohub_500yr_flood_area_pct,water_proxy_pct,-0.013939000519013561
508,1281,17,US,389,BlockApportionment:US.BlockGroups;PointsLayer:US.BlockPoints,2.191,2.576,1,93,117,8987,86,67.14,96,1.57,17,US,518,BlockApportionment:US.BlockGroups;PointsLayer:US.BlockPoints,2.191,2.576,1,26.2,6.61,30.76,5.75,5.99,1.73,21.06,17.32,89,94,api_test_workflow_v8_remaining_location_deduped_30pct_after10_2026-05-22,34.20211311,-118.53172758,"ETIWANDA AVE AT CANTLAY ST, 91335",90.0,34.202113108_-118.531727585_90.jpg,1.0,0.6681,tent,1.9425,17.47,29.74,16.36,0,0,,,66,0,0,0,1,2,2,0,0,0,0,4,1401,1381,0,0,1,75,4260.27,287.79,0,0.0,2785.52,0,0.0,999.39,37,0,0.0,2824.74,2.86,1,0.0,0,2.87,1,100.0,1,0.0,0,2.95,16.98,66.49,3.41,13.11,5.0,75.66,1,H-11,8,11,4,1,34.196531662025855,-118.53148648957055,detection_avg,0.5788736967654619,la_geohub_500yr_flood_area_pct,water_proxy_pct,-0.013939000519013561
509,1516,17,US,389,BlockApportionment:US.BlockGroups;PointsLayer:US.BlockPoints,2.191,2.576,1,93,117,8987,86,67.14,96,1.57,17,US,518,BlockApportionment:US.BlockGroups;PointsLayer:US.BlockPoints,2.191,2.576,1,26.2,6.61,30.76,5.75,5.99,1.73,21.06,17.32,89,94,api_test_workflow_v8_remaining_location_deduped_30pct_after10_2026-05-22,34.19780637,-118.53365235,"7017 N DARBY AVE, 91335",90.0,34.1978063717_-118.533652349_90.jpg,1.0,0.8734,tent,1.9425,17.47,29.74,16.36,0,0,,,66,0,0,0,1,2,2,0,0,0,0,4,1401,1381,0,0,1,75,4260.27,287.79,0,0.0,2785.52,0,0.0,999.39,37,0,0.0,2824.74,2.86,1,0.0,0,2.87,1,100.0,1,0.0,0,2.95,16.98,66.49,3.41,13.11,5.0,75.66,3,H-11,8,11,4,1,34.196531662025855,-118.53148648957055,detection_avg,0.5788736967654619,la_geohub_500yr_flood_area_pct,water_proxy_pct,-0.013939000519013561
510,1570,17,US,389,BlockApportionment:US.BlockGroups;PointsLayer:US.BlockPoints,2.191,2.576,1,93,117,8987,86,67.14,96,1.57,17,US,518,BlockApportionment:US.BlockGroups;PointsLayer:US.BlockPoints,2.191,2.576,1,26.2,6.61,30.76,5.75,5.99,1.73,21.06,17.32,89,94,api_test_workflow_v8_remaining_location_deduped_10pct_2026-05-22,34.19819545,-118.53340367,"7022 N DARBY AVE, 91335",270.0,34.1981954518_-118.533403672_270.jpg,1.0,0.9298,tent,1.9425,17.47,29.74,16.36,0,0,,,66,0,0,0,1,2,2,0,0,0,0,4,1401,1381,0,0,1,75,4260.27,287.79,0,0.0,2785.52,0,0.0,999.39,37,0,0.0,2824.74,2.86,1,0.0,0,2.87,1,100.0,1,0.0,0,2.95,16.98,66.49,3.41,13.11,5.0,75.66,0,H-11,8,11,4,0,34.196531662025855,-118.53148648957055,detection_avg,0.5788736967654619,la_geohub_500yr_flood_area_pct,water_proxy_pct,-0.013939000519013561
511,1601,17,US,389,BlockApportionment:US.BlockGroups;PointsLayer:US.BlockPoints,2.191,2.576,1,93,117,8987,86,67.14,96,1.57,17,US,518,BlockApportionment:US.BlockGroups;PointsLayer:US.BlockPoints,2.191,2.576,1,26.2,6.61,30.76,5.75,5.99,1.73,21.06,17.32,89,94,api_test_workflow_v8_remaining_location_deduped_30pct_after10_2026-05-22,34.20005235,-118.53491322,"7143 N CANBY AVE, 91335",0.0,34.2000523477_-118.534913218_0.jpg,1.0,0.8774,tent,1.9425,17.47,29.74,16.36,0,0,,,66,0,0,0,1,2,2,0,0,0,0,4,1401,1381,0,0,1,75,4260.27,287.79,0,0.0,2785.52,0,0.0,999.39,37,0,0.0,2824.74,2.86,1,0.0,0,2.87,1,100.0,1,0.0,0,2.95,16.98,66.49,3.41,13.11,5.0,75.66,0,H-11,8,11,4,0,34.196531662025855,-118.53148648957055,detection_avg,0.5788736967654619,la_geohub_500yr_flood_area_pct,water_proxy_pct,-0.013939000519013561
512,1603,17,US,389,BlockApportionment:US.BlockGroups;PointsLayer:US.BlockPoints,2.191,2.576,1,93,117,8987,86,67.14,96,1.57,17,US,518,BlockApportionment:US.BlockGroups;PointsLayer:US.BlockPoints,2.191,2.576,1,26.2,6.61,30.76,5.75,5.99,1.73,21.06,17.32,89,94,api_test_workflow_v8_remaining_location_deduped_30pct_after10_2026-05-22,34.20005235,-118.53491322,"7143 N CANBY AVE, 91335",90.0,34.2000523477_-118.534913218_90.jpg,1.0,0.8318,tent,1.9425,17.47,29.74,16.36,0,0,,,66,0,0,0,1,2,2,0,0,0,0,4,1401,1381,0,0,1,75,4260.27,287.79,0,0.0,2785.52,0,0.0,999.39,37,0,0.0,2824.74,2.86,1,0.0,0,2.87,1,100.0,1,0.0,0,2.95,16.98,66.49,3.41,13.11,5.0,75.66,0,H-11,8,11,4,0,34.196531662025855,-118.53148648957055,detection_avg,0.5788736967654619,la_geohub_500yr_flood_area_pct,water_proxy_pct,-0.013939000519013561
513,1605,17,US,389,BlockApportionment:US.BlockGroups;PointsLayer:US.BlockPoints,2.191,2.576,1,93,117,8987,86,67.14,96,1.57,17,US,518,BlockApportionment:US.BlockGroups;PointsLayer:US.BlockPoints,2.191,2.576,1,26.2,6.61,30.76,5.75,5.99,1.73,21.06,17.32,89,94,api_test_workflow_v8_remaining_location_deduped_30pct_after10_2026-05-22,34.20029142,-118.53185755,"7133 N ETIWANDA AVE, 91335",90.0,34.2002914223_-118.531857549_90.jpg,1.0,0.6718,tent,1.9425,17.47,29.74,16.36,0,0,,,66,0,0,0,1,2,2,0,0,0,0,4,1401,1381,0,0,1,75,4260.27,287.79,0,0.0,2785.52,0,0.0,999.39,37,0,0.0,2824.74,2.86,1,0.0,0,2.87,1,100.0,1,0.0,0,2.95,16.98,66.49,3.41,13.11,5.0,75.66,1,H-11,8,11,4,1,34.196531662025855,-118.53148648957055,detection_avg,0.5788736967654619,la_geohub_500yr_flood_area_pct,water_proxy_pct,-0.013939000519013561
514,1715,17,US,389,BlockApportionment:US.BlockGroups;PointsLayer:US.BlockPoints,2.191,2.576,1,93,117,8987,86,67.14,96,1.57,17,US,518,BlockApportionment:US.BlockGroups;PointsLayer:US.BlockPoints,2.191,2.576,1,26.2,6.61,30.76,5.75,5.99,1.73,21.06,17.32,89,94,api_test_workflow_v8_remaining_location_deduped_final_after10_30_2026-05-23,34.19821803,-118.53366835,"7023 N DARBY AVE, 91335",270.0,34.1982180269_-118.533668353_270.jpg,1.0,0.9298,tent,1.9425,17.47,29.74,16.36,0,0,,,66,0,0,0,1,2,2,0,0,0,0,4,1401,1381,0,0,1,75,4260.27,287.79,0,0.0,2785.52,0,0.0,999.39,37,0,0.0,2824.74,2.86,1,0.0,0,2.87,1,100.0,1,0.0,0,2.95,16.98,66.49,3.41,13.11,5.0,75.66,0,H-11,8,11,4,0,34.196531662025855,-118.53148648957055,detection_avg,0.5788736967654619,la_geohub_500yr_flood_area_pct,water_proxy_pct,-0.013939000519013561
515,1728,17,US,389,BlockApportionment:US.BlockGroups;PointsLayer:US.BlockPoints,2.191,2.576,1,93,117,8987,86,67.14,96,1.57,17,US,518,BlockApportionment:US.BlockGroups;PointsLayer:US.BlockPoints,2.191,2.576,1,26.2,6.61,30.76,5.75,5.99,1.73,21.06,17.32,89,94,api_test_workflow_v8_remaining_location_deduped_final_after10_30_2026-05-23,34.20028985,-118.53340952,"7130 N DARBY AVE, 91335",0.0,34.2002898458_-118.533409524_0.jpg,1.0,0.7883,tent,1.9425,17.47,29.74,16.36,0,0,,,66,0,0,0,1,2,2,0,0,0,0,4,1401,1381,0,0,1,75,4260.27,287.79,0,0.0,2785.52,0,0.0,999.39,37,0,0.0,2824.74,2.86,1,0.0,0,2.87,1,100.0,1,0.0,0,2.95,16.98,66.49,3.41,13.11,5.0,75.66,0,H-11,8,11,4,0,34.196531662025855,-118.53148648957055,detection_avg,0.5788736967654619,la_geohub_500yr_flood_area_pct,water_proxy_pct,-0.013939000519013561
516,595,18,US,390,BlockApportionment:US.BlockGroups;PointsLayer:US.BlockPoints,2.191,2.576,1,84,69,5307,83,39.68,140,4.77,18,US,519,BlockApportionment:US.BlockGroups;PointsLayer:US.BlockPoints,2.191,2.576,1,21.19,2.93,20.32,4.95,3.23,3.65,15.24,10.46,125,128,api_test_workflow_v2_30pct_model6_2026-05-08,34.18650844,-118.51437599,"17500 W VICTORY BLVD, 91406",180.0,34.1865084352_-118.51437599_180.jpg,1.0,0.6788,tent,1.9425,17.47,29.74,16.36,0,0,,,55,0,1,0,0,1,0,0,0,0,0,2,682,691,0,1,4,27,2752.2,126.35,0,0.0,2245.11,9,2337.16,122.32,8,0,0.0,2271.93,0.05,1,1.87,1,0.05,1,97.14,1,0.0,0,3.36,21.26,50.87,7.47,20.39,5.0,64.6,0,I-11,9,11,1,0,34.19636470272838,-118.51735926684198,detection_avg,0.6162684195056831,la_geohub_500yr_flood_intersects,water_proxy_pct,-0.013394185755065156
517,1818,19,US,391,BlockApportionment:US.BlockGroups;PointsLayer:US.BlockPoints,2.191,2.576,1,104,116,5210,124,46.99,109,4.75,19,US,520,BlockApportionment:US.BlockGroups;PointsLayer:US.BlockPoints,2.191,2.576,1,31.4,5.69,42.54,7.35,3.09,4.55,20.14,7.86,101,106,api_test_workflow_v8_remaining_location_deduped_final_after10_30_2026-05-23,34.20175703,-118.50346556,"7217 N GENESTA AVE, 91406",90.0,34.2017570328_-118.503465562_90.jpg,1.0,0.6869,tent,1.9425,17.47,29.74,16.36,0,0,,,66,0,0,0,0,2,1,0,0,0,0,3,727,725,0,0,7,50,4278.63,183.91,0,0.0,2639.4,4,1168.43,550.82,14,0,0.0,2652.58,0.0,0,1.41,1,0.0,0,100.0,1,0.0,0,3.7,23.26,52.43,4.8,19.5,5.0,65.59,0,J-11,10,11,3,0,34.1961977434309,-118.5032320441134,detection_avg,0.5813073687238691,la_geohub_100yr_flood_area_pct,tree_canopy_proxy_pct,-0.045081256656953735
518,798,20,US,392,BlockApportionment:US.BlockGroups;PointsLayer:US.BlockPoints,2.191,2.576,1,111,117,8643,131,61.99,80,3.73,20,US,521,BlockApportionment:US.BlockGroups;PointsLayer:US.BlockPoints,2.191,2.576,1,29.71,2.61,33.26,4.42,6.17,3.77,21.13,26.24,84,87,api_test_workflow_v2_30pct_model6_2026-05-08,34.19369506,-118.49664073,"16654 W VANOWEN ST, 91406",90.0,34.1936950627_-118.496640733_90.jpg,1.0,0.7484,tent,1.9425,17.47,29.74,16.36,0,0,,,42,0,0,0,0,0,0,1,0,0,0,2,1084,1143,0,0,0,21,2345.61,497.79,0,0.0,1268.69,18,2012.54,116.52,8,0,0.0,1351.8,2.48,1,0.32,1,0.0,0,94.43,1,0.0,0,3.3,25.33,54.02,3.59,17.06,5.0,66.82,0,K-11,11,11,0,0,34.19603078413343,-118.4891048213848,detection_avg,0.5678401635580324,pct_veterans_2,river_drainage_segments_count,-0.027607234088025154
519,593,10,US,509,BlockApportionment:US.BlockGroups;PointsLayer:US.BlockPoints,2.191,2.576,1,88,84,7193,112,71.58,107,2.92,21,US,161,BlockApportionment:US.BlockGroups;PointsLayer:US.BlockPoints,2.191,2.576,1,41.45,5.07,36.85,4.53,4.84,2.93,17.38,11.08,97,103,api_test_workflow_v2_30pct_model6_2026-05-08,34.27536235,-118.3963856,"11930 W FOOTHILL BLVD, 91342",180.0,34.2753623513_-118.396385602_180.jpg,1.0,0.793,tent,1.9425,17.47,29.74,16.36,0,0,,,45,0,0,1,0,2,0,0,0,0,0,1,390,389,0,0,3,27,5131.06,230.33,11,3521.91,230.33,14,1693.97,518.01,2,2,3127.32,229.81,0.41,1,0.0,0,0.0,0,100.0,1,0.0,0,3.52,32.06,39.8,3.06,25.07,5.0,56.8,0,R-5,18,5,2,0,34.27566625832706,-118.39019614959962,detection_avg,0.598247039512361,total_population,pct_household_disability,-0.014674908216080034
520,780,10,US,509,BlockApportionment:US.BlockGroups;PointsLayer:US.BlockPoints,2.191,2.576,1,88,84,7193,112,71.58,107,2.92,21,US,161,BlockApportionment:US.BlockGroups;PointsLayer:US.BlockPoints,2.191,2.576,1,41.45,5.07,36.85,4.53,4.84,2.93,17.38,11.08,97,103,api_test_workflow_v2_30pct_model6_2026-05-08,34.27538093,-118.39640857,"11932 W FOOTHILL BLVD, 91342",180.0,34.2753809253_-118.396408567_180.jpg,1.0,0.7407,tent,1.9425,17.47,29.74,16.36,0,0,,,45,0,0,1,0,2,0,0,0,0,0,1,390,389,0,0,3,27,5131.06,230.33,11,3521.91,230.33,14,1693.97,518.01,2,2,3127.32,229.81,0.41,1,0.0,0,0.0,0,100.0,1,0.0,0,3.52,32.06,39.8,3.06,25.07,5.0,56.8,1,R-5,18,5,2,1,34.27566625832706,-118.39019614959962,detection_avg,0.598247039512361,total_population,pct_household_disability,-0.014674908216080034
521,914,10,US,509,BlockApportionment:US.BlockGroups;PointsLayer:US.BlockPoints,2.191,2.576,1,88,84,7193,112,71.58,107,2.92,21,US,161,BlockApportionment:US.BlockGroups;PointsLayer:US.BlockPoints,2.191,2.576,1,41.45,5.07,36.85,4.53,4.84,2.93,17.38,11.08,97,103,api_test_workflow_v2_20pct_model6_2026-05-07,34.27461091,-118.39579145,"12060 W TERRA BELLA ST, 91331",270.0,34.2746109141_-118.395791447_270.jpg,1.0,0.6901,tent,1.9425,17.47,29.74,16.36,0,0,,,45,0,0,1,0,2,0,0,0,0,0,1,390,389,0,0,3,27,5131.06,230.33,11,3521.91,230.33,14,1693.97,518.01,2,2,3127.32,229.81,0.41,1,0.0,0,0.0,0,100.0,1,0.0,0,3.52,32.06,39.8,3.06,25.07,5.0,56.8,0,R-5,18,5,2,0,34.27566625832706,-118.39019614959962,detection_avg,0.598247039512361,total_population,pct_household_disability,-0.014674908216080034
522,1869,10,US,509,BlockApportionment:US.BlockGroups;PointsLayer:US.BlockPoints,2.191,2.576,1,88,84,7193,112,71.58,107,2.92,21,US,161,BlockApportionment:US.BlockGroups;PointsLayer:US.BlockPoints,2.191,2.576,1,41.45,5.07,36.85,4.53,4.84,2.93,17.38,11.08,97,103,api_test_workflow_v8_remaining_location_deduped_final_after10_30_2026-05-23,34.27642887,-118.38399201,"11359 N HELA AVE, 91342",90.0,34.2764288725_-118.383992007_90.jpg,1.0,0.7616,tent,1.9425,17.47,29.74,16.36,0,0,,,45,0,0,1,0,2,0,0,0,0,0,1,390,389,0,0,3,27,5131.06,230.33,11,3521.91,230.33,14,1693.97,518.01,2,2,3127.32,229.81,0.41,1,0.0,0,0.0,0,100.0,1,0.0,0,3.52,32.06,39.8,3.06,25.07,5.0,56.8,0,R-5,18,5,2,0,34.27566625832706,-118.39019614959962,detection_avg,0.598247039512361,total_population,pct_household_disability,-0.014674908216080034
523,41,21,US,393,BlockApportionment:US.BlockGroups;PointsLayer:US.BlockPoints,2.191,2.576,1,101,113,12913,126,64.06,78,2.16,22,US,522,BlockApportionment:US.BlockGroups;PointsLayer:US.BlockPoints,2.191,2.576,1,22.15,3.67,32.91,4.25,8.98,1.8,23.14,22.58,77,78,api_test_workflow_v2_10pct_model6_2026-05-06_live,34.19967298,-118.46643396,"7111 N SEPULVEDA BLVD, 91405",90.0,34.1996729768_-118.466433956_90.jpg,1.0,0.8301,tent,1.9425,17.47,29.74,16.36,0,0,,,47,0,0,0,0,1,1,0,0,0,0,0,1118,1198,0,0,3,102,10716.67,71.92,51,7282.91,71.92,1,326.16,433.56,4,2,3008.79,77.57,1.52,1,0.0,0,1.52,1,100.0,1,0.0,0,3.53,21.3,56.71,5.5,16.49,5.0,68.64,1,L-11,12,11,2,1,34.19586382483595,-118.47497759865622,detection_avg,0.6658514492643659,total_crime_est,la_geohub_500yr_flood_area_pct,0.018343846521836137
524,98,21,US,393,BlockApportionment:US.BlockGroups;PointsLayer:US.BlockPoints,2.191,2.576,1,101,113,12913,126,64.06,78,2.16,22,US,522,BlockApportionment:US.BlockGroups;PointsLayer:US.BlockPoints,2.191,2.576,1,22.15,3.67,32.91,4.25,8.98,1.8,23.14,22.58,77,78,api_test_workflow_v2_20pct_model6_2026-05-07,34.19957265,-118.46643245,"7107 N SEPULVEDA BLVD, 91405",90.0,34.1995726518_-118.466432452_90.jpg,1.0,0.8095,tent,1.9425,17.47,29.74,16.36,0,0,,,47,0,0,0,0,1,1,0,0,0,0,0,1118,1198,0,0,3,102,10716.67,71.92,51,7282.91,71.92,1,326.16,433.56,4,2,3008.79,77.57,1.52,1,0.0,0,1.52,1,100.0,1,0.0,0,3.53,21.3,56.71,5.5,16.49,5.0,68.64,1,L-11,12,11,2,1,34.19586382483595,-118.47497759865622,detection_avg,0.6658514492643659,total_crime_est,la_geohub_500yr_flood_area_pct,0.018343846521836137
525,288,21,US,393,BlockApportionment:US.BlockGroups;PointsLayer:US.BlockPoints,2.191,2.576,1,101,113,12913,126,64.06,78,2.16,22,US,522,BlockApportionment:US.BlockGroups;PointsLayer:US.BlockPoints,2.191,2.576,1,22.15,3.67,32.91,4.25,8.98,1.8,23.14,22.58,77,78,api_test_workflow_v2_30pct_model6_2026-05-08,34.19252996,-118.47517915,"6721 N HASKELL AVE, 91406",180.0,34.1925299631_-118.475179149_180.jpg,1.0,0.7484,tent,1.9425,17.47,29.74,16.36,0,0,,,47,0,0,0,0,1,1,0,0,0,0,0,1118,1198,0,0,3,102,10716.67,71.92,51,7282.91,71.92,1,326.16,433.56,4,2,3008.79,77.57,1.52,1,0.0,0,1.52,1,100.0,1,0.0,0,3.53,21.3,56.71,5.5,16.49,5.0,68.64,2,L-11,12,11,2,1,34.19586382483595,-118.47497759865622,detection_avg,0.6658514492643659,total_crime_est,la_geohub_500yr_flood_area_pct,0.018343846521836137
526,498,21,US,393,BlockApportionment:US.BlockGroups;PointsLayer:US.BlockPoints,2.191,2.576,1,101,113,12913,126,64.06,78,2.16,22,US,522,BlockApportionment:US.BlockGroups;PointsLayer:US.BlockPoints,2.191,2.576,1,22.15,3.67,32.91,4.25,8.98,1.8,23.14,22.58,77,78,api_test_workflow_v2_20pct_model6_2026-05-07,34.19243626,-118.47524392,"6711 N HASKELL AVE, 91406",0.0,34.1924362599_-118.475243917_0.jpg,1.0,0.8217,tent,1.9425,17.47,29.74,16.36,0,0,,,47,0,0,0,0,1,1,0,0,0,0,0,1118,1198,0,0,3,102,10716.67,71.92,51,7282.91,71.92,1,326.16,433.56,4,2,3008.79,77.57,1.52,1,0.0,0,1.52,1,100.0,1,0.0,0,3.53,21.3,56.71,5.5,16.49,5.0,68.64,0,L-11,12,11,2,0,34.19586382483595,-118.47497759865622,detection_avg,0.6658514492643659,total_crime_est,la_geohub_500yr_flood_area_pct,0.018343846521836137
527,42,22,US,394,BlockApportionment:US.BlockGroups;PointsLayer:US.BlockPoints,2.191,2.576,1,109,123,12287,95,62.33,86,2.09,23,US,523,BlockApportionment:US.BlockGroups;PointsLayer:US.BlockPoints,2.191,2.576,1,22.16,6.27,27.67,6.29,8.32,2.13,20.28,16.6,87,89,api_test_workflow_v2_10pct_model6_2026-05-06_live,34.19390599,-118.46622904,"VANOWEN ST AT SEPULVEDA BLVD, 91406",180.0,34.1939059862_-118.466229042_180.jpg,1.0,0.682,tent,1.9425,17.47,29.74,16.36,0,0,,,75,2,0,0,0,1,2,0,1,0,0,3,1168,1173,0,1,5,27,2379.52,487.79,0,0.0,1220.38,0,0.0,1279.18,19,0,0.0,1220.23,0.0,0,0.0,0,0.0,0,100.0,1,0.0,0,2.03,18.46,57.87,4.75,18.92,5.0,69.9,0,M-11,13,11,3,0,34.19569686553848,-118.46085037592763,detection_avg,0.5764183901866724,nearest_river_drainage_m,water_proxy_pct,0.021080041251566057
528,75,22,US,394,BlockApportionment:US.BlockGroups;PointsLayer:US.BlockPoints,2.191,2.576,1,109,123,12287,95,62.33,86,2.09,23,US,523,BlockApportionment:US.BlockGroups;PointsLayer:US.BlockPoints,2.191,2.576,1,22.16,6.27,27.67,6.29,8.32,2.13,20.28,16.6,87,89,api_test_workflow_v2_20pct_model6_2026-05-07,34.19331405,-118.45730056,"6738 N KESTER AVE, 91405",0.0,34.1933140514_-118.457300558_0.jpg,1.0,0.8762,tent,1.9425,17.47,29.74,16.36,0,0,,,75,2,0,0,0,1,2,0,1,0,0,3,1168,1173,0,1,5,27,2379.52,487.79,0,0.0,1220.38,0,0.0,1279.18,19,0,0.0,1220.23,0.0,0,0.0,0,0.0,0,100.0,1,0.0,0,2.03,18.46,57.87,4.75,18.92,5.0,69.9,0,M-11,13,11,3,0,34.19569686553848,-118.46085037592763,detection_avg,0.5764183901866724,nearest_river_drainage_m,water_proxy_pct,0.021080041251566057
529,845,22,US,394,BlockApportionment:US.BlockGroups;PointsLayer:US.BlockPoints,2.191,2.576,1,109,123,12287,95,62.33,86,2.09,23,US,523,BlockApportionment:US.BlockGroups;PointsLayer:US.BlockPoints,2.191,2.576,1,22.16,6.27,27.67,6.29,8.32,2.13,20.28,16.6,87,89,api_test_workflow_v2_10pct_model6_2026-05-06_live,34.18511908,-118.4652041,"6317 N HALBRENT AVE, 91411",270.0,34.1851190797_-118.465204103_270.jpg,1.0,0.6306,tent,1.9425,17.47,29.74,16.36,0,0,,,75,2,0,0,0,1,2,0,1,0,0,3,1168,1173,0,1,5,27,2379.52,487.79,0,0.0,1220.38,0,0.0,1279.18,19,0,0.0,1220.23,0.0,0,0.0,0,0.0,0,100.0,1,0.0,0,2.03,18.46,57.87,4.75,18.92,5.0,69.9,0,M-11,13,11,3,0,34.19569686553848,-118.46085037592763,detection_avg,0.5764183901866724,nearest_river_drainage_m,water_proxy_pct,0.021080041251566057
530,1146,22,US,394,BlockApportionment:US.BlockGroups;PointsLayer:US.BlockPoints,2.191,2.576,1,109,123,12287,95,62.33,86,2.09,23,US,523,BlockApportionment:US.BlockGroups;PointsLayer:US.BlockPoints,2.191,2.576,1,22.16,6.27,27.67,6.29,8.32,2.13,20.28,16.6,87,89,api_test_workflow_v8_remaining_location_deduped_final_after10_30_2026-05-23,34.19325511,-118.45737411,"6740 KESTER AV, 91405",180.0,34.193255108_-118.457374113_180.jpg,1.0,0.7199,tent,1.9425,17.47,29.74,16.36,0,0,,,75,2,0,0,0,1,2,0,1,0,0,3,1168,1173,0,1,5,27,2379.52,487.79,0,0.0,1220.38,0,0.0,1279.18,19,0,0.0,1220.23,0.0,0,0.0,0,0.0,0,100.0,1,0.0,0,2.03,18.46,57.87,4.75,18.92,5.0,69.9,3,M-11,13,11,3,1,34.19569686553848,-118.46085037592763,detection_avg,0.5764183901866724,nearest_river_drainage_m,water_proxy_pct,0.021080041251566057
531,322,11,US,63,BlockApportionment:US.BlockGroups;PointsLayer:US.BlockPoints,2.191,2.576,1,87,122,4472,95,13.93,167,2.33,24,US,162,BlockApportionment:US.BlockGroups;PointsLayer:US.BlockPoints,2.191,2.576,1,16.86,4.82,30.19,0.07,0.98,2.48,2.84,4.39,168,164,api_test_workflow_v2_5pct_2026-04-25,33.95882834,-118.44823317,"200 E CULVER BLVD, 90293",270.0,33.958828337_-118.448233169_270.jpg,1.0,0.6118,tent,1.9425,17.47,29.74,16.36,0,0,,,15,0,0,0,0,0,0,0,0,0,0,0,639,675,0,0,0,17,1814.25,105.83,0,0.0,2192.93,1,8.61,756.12,20,0,0.0,2192.77,5.05,1,0.0,0,13.68,1,76.85,1,0.0,0,1.78,26.35,38.32,2.07,33.26,5.0,56.29,1,N-29,14,29,0,1,33.95311733841312,-118.44677749125437,detection_avg,0.6372233966063818,esri_market_idx_14068_forecast,business_sites_count,0.02850785529963874
532,1720,11,US,63,BlockApportionment:US.BlockGroups;PointsLayer:US.BlockPoints,2.191,2.576,1,87,122,4472,95,13.93,167,2.33,24,US,162,BlockApportionment:US.BlockGroups;PointsLayer:US.BlockPoints,2.191,2.576,1,16.86,4.82,30.19,0.07,0.98,2.48,2.84,4.39,168,164,api_test_workflow_v8_remaining_location_deduped_final_after10_30_2026-05-23,33.95397134,-118.44701724,"REDLANDS ST AT VISTA DEL MAR LANE, 90293",180.0,33.9539713444_-118.447017239_180.jpg,1.0,0.947,tent,1.9425,17.47,29.74,16.36,0,0,,,15,0,0,0,0,0,0,0,0,0,0,0,639,675,0,0,0,17,1814.25,105.83,0,0.0,2192.93,1,8.61,756.12,20,0,0.0,2192.77,5.05,1,0.0,0,13.68,1,76.85,1,0.0,0,1.78,26.35,38.32,2.07,33.26,5.0,56.29,0,N-29,14,29,0,0,33.95311733841312,-118.44677749125437,detection_avg,0.6372233966063818,esri_market_idx_14068_forecast,business_sites_count,0.02850785529963874
533,152,23,US,395,BlockApportionment:US.BlockGroups;PointsLayer:US.BlockPoints,2.191,2.576,1,85,100,16854,133,63.81,74,1.45,25,US,524,BlockApportionment:US.BlockGroups;PointsLayer:US.BlockPoints,2.191,2.576,1,26.31,8.92,39.67,9.65,6.38,1.0,22.76,23.21,77,78,api_test_workflow_v2_remaining_model6_2026-05-08,34.1987561,-118.44914394,"7045 N VAN NUYS BLVD, 91405",90.0,34.1987561036_-118.449143939_90.jpg,1.0,0.6191,tent,1.9425,17.47,29.74,16.36,0,0,,,75,0,0,0,3,3,1,2,1,0,1,2,1693,1705,0,0,8,69,4263.43,171.35,0,0.0,2366.62,3,1586.13,26.05,32,0,0.0,2462.34,0.3,1,0.0,0,0.0,0,100.0,1,0.0,0,2.14,16.38,64.76,4.17,14.7,5.0,74.69,0,N-11,14,11,4,0,34.195529906241,-118.44672315319906,detection_avg,0.6119132604941632,pct_no_schooling,la_geohub_500yr_flood_intersects,-0.012938478320499904
534,252,23,US,395,BlockApportionment:US.BlockGroups;PointsLayer:US.BlockPoints,2.191,2.576,1,85,100,16854,133,63.81,74,1.45,25,US,524,BlockApportionment:US.BlockGroups;PointsLayer:US.BlockPoints,2.191,2.576,1,26.31,8.92,39.67,9.65,6.38,1.0,22.76,23.21,77,78,api_test_workflow_v2_30pct_model6_2026-05-08,34.19531794,-118.44850689,"6850 N VAN NUYS BLVD, 91405",0.0,34.1953179411_-118.448506888_0.jpg,1.0,0.7457,tent,1.9425,17.47,29.74,16.36,0,0,,,75,0,0,0,3,3,1,2,1,0,1,2,1693,1705,0,0,8,69,4263.43,171.35,0,0.0,2366.62,3,1586.13,26.05,32,0,0.0,2462.34,0.3,1,0.0,0,0.0,0,100.0,1,0.0,0,2.14,16.38,64.76,4.17,14.7,5.0,74.69,4,N-11,14,11,4,1,34.195529906241,-118.44672315319906,detection_avg,0.6119132604941632,pct_no_schooling,la_geohub_500yr_flood_intersects,-0.012938478320499904
535,-1,24,US,396,BlockApportionment:US.BlockGroups;PointsLayer:US.BlockPoints,2.191,2.576,1,100,77,10461,169,48.77,84,1.44,26,US,525,BlockApportionment:US.BlockGroups;PointsLayer:US.BlockPoints,2.191,2.576,1,29.77,7.0,39.13,5.87,5.56,1.09,23.38,18.25,90,95,,,,,,,,,,1.9425,17.47,29.74,16.36,0,0,,,48,0,0,0,0,1,2,0,0,0,0,1,1359,1370,0,0,4,36,2568.57,138.35,0,0.0,2769.92,1,333.59,682.84,6,0,0.0,2791.52,0.0,0,0.0,0,0.0,0,100.0,1,0.0,0,3.76,21.11,55.12,5.49,18.28,5.0,67.46,0,O-11,15,11,3,0,34.195362946943526,-118.43259593047048,reconstructed,0.6099873912687833,nearest_river_drainage_m,water_proxy_pct,0.009968073012918147
536,-1,12,US,510,BlockApportionment:US.BlockGroups;PointsLayer:US.BlockPoints,2.191,2.576,1,81,73,1246,221,56.82,97,2.17,27,US,163,BlockApportionment:US.BlockGroups;PointsLayer:US.BlockPoints,2.191,2.576,1,29.64,0.83,38.81,2.58,2.55,1.4,19.68,5.83,83,86,,,,,,,,,,1.9425,17.47,29.74,16.36,0,0,,,15,0,0,0,0,0,0,1,0,0,0,0,81,104,0,0,0,43,6496.68,142.42,26,4568.22,142.42,7,4336.09,243.8,4,2,3020.09,148.18,61.09,1,0.0,0,0.0,0,100.0,1,0.0,0,7.52,45.83,20.39,3.64,30.14,4.0,42.02,0,S-5,19,5,0,0,34.27549929902958,-118.37606892687104,reconstructed,0.6005705921233647,total_population,pct_household_disability,-0.024142933772649554
537,215,25,US,397,BlockApportionment:US.BlockGroups;PointsLayer:US.BlockPoints,2.191,2.576,1,110,128,9601,181,57.32,76,1.18,28,US,526,BlockApportionment:US.BlockGroups;PointsLayer:US.BlockPoints,2.191,2.576,1,27.77,5.31,38.89,7.47,8.89,0.83,18.13,22.92,80,86,api_test_workflow_v2_30pct_model6_2026-05-08,34.19745775,-118.42308559,"13300 W HART ST, 91605",90.0,34.1974577538_-118.423085589_90.jpg,1.0,0.7764,tent,1.9425,17.47,29.74,16.36,0,0,,,66,0,0,0,0,1,0,0,0,0,0,1,1307,1307,0,0,6,17,1391.14,292.67,0,0.0,1366.67,1,1107.79,559.27,18,0,0.0,1386.93,2.52,1,2.52,1,0.0,0,100.0,1,0.0,0,1.06,10.41,73.25,4.35,11.99,5.0,80.96,0,P-11,16,11,1,0,34.19519598764605,-118.41846870774188,detection_avg,0.568945689527428,la_geohub_100yr_flood_area_pct,tree_canopy_proxy_pct,-0.02432095173119554
538,401,25,US,397,BlockApportionment:US.BlockGroups;PointsLayer:US.BlockPoints,2.191,2.576,1,110,128,9601,181,57.32,76,1.18,28,US,526,BlockApportionment:US.BlockGroups;PointsLayer:US.BlockPoints,2.191,2.576,1,27.77,5.31,38.89,7.47,8.89,0.83,18.13,22.92,80,86,api_test_workflow_v2_20pct_model6_2026-05-07,34.19835113,-118.41167978,"12800 W VOSE ST, 91605",270.0,34.198351129_-118.411679783_270.jpg,1.0,0.7551,tent,1.9425,17.47,29.74,16.36,0,0,,,66,0,0,0,0,1,0,0,0,0,0,1,1307,1307,0,0,6,17,1391.14,292.67,0,0.0,1366.67,1,1107.79,559.27,18,0,0.0,1386.93,2.52,1,2.52,1,0.0,0,100.0,1,0.0,0,1.06,10.41,73.25,4.35,11.99,5.0,80.96,0,P-11,16,11,1,0,34.19519598764605,-118.41846870774188,detection_avg,0.568945689527428,la_geohub_100yr_flood_area_pct,tree_canopy_proxy_pct,-0.02432095173119554
539,641,25,US,397,BlockApportionment:US.BlockGroups;PointsLayer:US.BlockPoints,2.191,2.576,1,110,128,9601,181,57.32,76,1.18,28,US,526,BlockApportionment:US.BlockGroups;PointsLayer:US.BlockPoints,2.191,2.576,1,27.77,5.31,38.89,7.47,8.89,0.83,18.13,22.92,80,86,api_test_workflow_v2_remaining_model6_2026-05-08,34.20511044,-118.41833188,"7407 N ETHEL AVE, 91605",180.0,34.2051104365_-118.418331878_180.jpg,1.0,0.7854,tent,1.9425,17.47,29.74,16.36,0,0,,,66,0,0,0,0,1,0,0,0,0,0,1,1307,1307,0,0,6,17,1391.14,292.67,0,0.0,1366.67,1,1107.79,559.27,18,0,0.0,1386.93,2.52,1,2.52,1,0.0,0,100.0,1,0.0,0,1.06,10.41,73.25,4.35,11.99,5.0,80.96,0,P-11,16,11,1,0,34.19519598764605,-118.41846870774188,detection_avg,0.568945689527428,la_geohub_100yr_flood_area_pct,tree_canopy_proxy_pct,-0.02432095173119554
