{"type": "FeatureCollection", "features": [{"type": "Feature", "properties": {"OBJECTID": 1, "GRID_ID": "AD-58", "has_data": true}, "geometry": {"type": "Polygon", "coordinates": [[[-118.289499294904, 33.7112223694762], [-118.293313743721, 33.7057130627207], [-118.300929593326, 33.7057188610787], [-118.304731967888, 33.7112339684368], [-118.300918004161, 33.7167436219056], [-118.29330118168, 33.7167378220504], [-118.289499294904, 33.7112223694762]]]}}, {"type": "Feature", "properties": {"OBJECTID": 2, "GRID_ID": "AE-58", "has_data": true}, "geometry": {"type": "Polygon", "coordinates": [[[-118.278082042714, 33.7057000648022], [-118.281896975724, 33.7001911040865], [-118.28951233934, 33.7001976023418], [-118.293313743721, 33.7057130627207], [-118.289499294904, 33.7112223694762], [-118.281882957514, 33.7112158690659], [-118.278082042714, 33.7057000648022]]]}}, {"type": "Feature", "properties": {"OBJECTID": 3, "GRID_ID": "AE-58", "has_data": true}, "geometry": {"type": "Polygon", "coordinates": [[[-118.278082042714, 33.7057000648022], [-118.281896975724, 33.7001911040865], [-118.28951233934, 33.7001976023418], [-118.293313743721, 33.7057130627207], [-118.289499294904, 33.7112223694762], [-118.281882957514, 33.7112158690659], [-118.278082042714, 33.7057000648022]]]}}, {"type": "Feature", "properties": {"OBJECTID": 4, "GRID_ID": "AD-57", "has_data": true}, "geometry": {"type": "Polygon", "coordinates": [[[-118.289486243281, 33.7222471178633], [-118.29330118168, 33.7167378220504], [-118.300918004161, 33.7167436219056], [-118.304720862914, 33.7222587213119], [-118.300906409606, 33.7277683643488], [-118.293288613351, 33.7277625607558], [-118.289486243281, 33.7222471178633]]]}}, {"type": "Feature", "properties": {"OBJECTID": 5, "GRID_ID": "AE-57", "has_data": true}, "geometry": {"type": "Polygon", "coordinates": [[[-118.278067534923, 33.7167248183283], [-118.281882957514, 33.7112158690659], [-118.289499294904, 33.7112223694762], [-118.29330118168, 33.7167378220504], [-118.289486243281, 33.7222471178633], [-118.281868932117, 33.7222406145518], [-118.278067534923, 33.7167248183283]]]}}, {"type": "Feature", "properties": {"OBJECTID": 6, "GRID_ID": "AF-57", "has_data": true}, "geometry": {"type": "Polygon", "coordinates": [[[-118.266634312484, 33.7222262055011], [-118.270450710645, 33.7167176152084], [-118.278067534923, 33.7167248183283], [-118.281868932117, 33.7222406145518], [-118.278053019046, 33.7277495519796], [-118.270435220995, 33.7277423460492], [-118.266634312484, 33.7222262055011]]]}}, {"type": "Feature", "properties": {"OBJECTID": 7, "GRID_ID": "AB-56", "has_data": true}, "geometry": {"type": "Polygon", "coordinates": [[[-118.312328035692, 33.7332885563968], [-118.316142003911, 33.7277785669568], [-118.323759799267, 33.7277829667191], [-118.327564602873, 33.7332973575973], [-118.323751120643, 33.7388076948609], [-118.316132350615, 33.7388032926758], [-118.312328035692, 33.7332885563968]]]}}, {"type": "Feature", "properties": {"OBJECTID": 8, "GRID_ID": "AC-56", "has_data": true}, "geometry": {"type": "Polygon", "coordinates": [[[-118.300906409606, 33.7277683643488], [-118.304720862914, 33.7222587213119], [-118.312338172282, 33.7222638214493], [-118.316142003911, 33.7277785669568], [-118.312328035692, 33.7332885563968], [-118.304709752551, 33.7332834539263], [-118.300906409606, 33.7277683643488]]]}}, {"type": "Feature", "properties": {"OBJECTID": 9, "GRID_ID": "AD-56", "has_data": true}, "geometry": {"type": "Polygon", "coordinates": [[[-118.289473183574, 33.7332718459917], [-118.293288613351, 33.7277625607558], [-118.300906409606, 33.7277683643488], [-118.304709752551, 33.7332834539263], [-118.300894808762, 33.7387930861495], [-118.293276037836, 33.738787281061], [-118.289473183574, 33.7332718459917]]]}}, {"type": "Feature", "properties": {"OBJECTID": 10, "GRID_ID": "AD-56", "has_data": true}, "geometry": {"type": "Polygon", "coordinates": [[[-118.289473183574, 33.7332718459917], [-118.293288613351, 33.7277625607558], [-118.300906409606, 33.7277683643488], [-118.304709752551, 33.7332834539263], [-118.300894808762, 33.7387930861495], [-118.293276037836, 33.738787281061], [-118.289473183574, 33.7332718459917]]]}}, {"type": "Feature", "properties": {"OBJECTID": 11, "GRID_ID": "AE-56", "has_data": true}, "geometry": {"type": "Polygon", "coordinates": [[[-118.278053019046, 33.7277495519796], [-118.281868932117, 33.7222406145518], [-118.289486243281, 33.7222471178633], [-118.293288613351, 33.7277625607558], [-118.289473183574, 33.7332718459917], [-118.281854899534, 33.7332653397802], [-118.278053019046, 33.7277495519796]]]}}, {"type": "Feature", "properties": {"OBJECTID": 12, "GRID_ID": "AF-56", "has_data": true}, "geometry": {"type": "Polygon", "coordinates": [[[-118.266618330557, 33.7332509251097], [-118.270435220995, 33.7277423460492], [-118.278053019046, 33.7277495519796], [-118.281854899534, 33.7332653397802], [-118.278038494186, 33.738774266486], [-118.270419722361, 33.7387670569993], [-118.266618330557, 33.7332509251097]]]}}, {"type": "Feature", "properties": {"OBJECTID": 13, "GRID_ID": "AF-56", "has_data": true}, "geometry": {"type": "Polygon", "coordinates": [[[-118.266618330557, 33.7332509251097], [-118.270435220995, 33.7277423460492], [-118.278053019046, 33.7277495519796], [-118.281854899534, 33.7332653397802], [-118.278038494186, 33.738774266486], [-118.270419722361, 33.7387670569993], [-118.266618330557, 33.7332509251097]]]}}, {"type": "Feature", "properties": {"OBJECTID": 14, "GRID_ID": "AB-55", "has_data": true}, "geometry": {"type": "Polygon", "coordinates": [[[-118.312317892814, 33.7443132718125], [-118.316132350615, 33.7388032926758], [-118.323751120643, 33.7388076948609], [-118.327556410238, 33.7443220771107], [-118.323742438426, 33.7498324030872], [-118.316122692827, 33.7498279992272], [-118.312317892814, 33.7443132718125]]]}}, {"type": "Feature", "properties": {"OBJECTID": 15, "GRID_ID": "AC-55", "has_data": true}, "geometry": {"type": "Polygon", "coordinates": [[[-118.300894808762, 33.7387930861495], [-118.304709752551, 33.7332834539263], [-118.312328035692, 33.7332885563968], [-118.316132350615, 33.7388032926758], [-118.312317892814, 33.7443132718125], [-118.304698635001, 33.7443081677568], [-118.300894808762, 33.7387930861495]]]}}, {"type": "Feature", "properties": {"OBJECTID": 16, "GRID_ID": "AD-55", "has_data": true}, "geometry": {"type": "Polygon", "coordinates": [[[-118.289460117578, 33.744296554591], [-118.293276037836, 33.738787281061], [-118.300894808762, 33.7387930861495], [-118.304698635001, 33.7443081677568], [-118.300883200732, 33.7498177880374], [-118.293263456032, 33.7498119807073], [-118.289460117578, 33.744296554591]]]}}, {"type": "Feature", "properties": {"OBJECTID": 17, "GRID_ID": "AE-55", "has_data": true}, "geometry": {"type": "Polygon", "coordinates": [[[-118.278038494186, 33.738774266486], [-118.281854899534, 33.7332653397802], [-118.289473183574, 33.7332718459917], [-118.293276037836, 33.738787281061], [-118.289460117578, 33.744296554591], [-118.281840858866, 33.7442900454808], [-118.278038494186, 33.738774266486]]]}}, {"type": "Feature", "properties": {"OBJECTID": 18, "GRID_ID": "AE-55", "has_data": true}, "geometry": {"type": "Polygon", "coordinates": [[[-118.278038494186, 33.738774266486], [-118.281854899534, 33.7332653397802], [-118.289473183574, 33.7332718459917], [-118.293276037836, 33.738787281061], [-118.289460117578, 33.744296554591], [-118.281840858866, 33.7442900454808], [-118.278038494186, 33.738774266486]]]}}, {"type": "Feature", "properties": {"OBJECTID": 19, "GRID_ID": "AF-55", "has_data": true}, "geometry": {"type": "Polygon", "coordinates": [[[-118.266602341443, 33.7442756244461], [-118.270419722361, 33.7387670569993], [-118.278038494186, 33.738774266486], [-118.281840858866, 33.7442900454808], [-118.27802396214, 33.7497989610828], [-118.270404215643, 33.7497917487881], [-118.266602341443, 33.7442756244461]]]}}, {"type": "Feature", "properties": {"OBJECTID": 20, "GRID_ID": "AB-54", "has_data": true}, "geometry": {"type": "Polygon", "coordinates": [[[-118.312307744547, 33.7553379676784], [-118.316122692827, 33.7498279992272], [-118.323742438426, 33.7498324030872], [-118.327548212212, 33.755346776326], [-118.323733750819, 33.7608570913803], [-118.316113030548, 33.7608526865929], [-118.312307744547, 33.7553379676784]]]}}, {"type": "Feature", "properties": {"OBJECTID": 21, "GRID_ID": "AC-54", "has_data": true}, "geometry": {"type": "Polygon", "coordinates": [[[-118.300883200732, 33.7498177880374], [-118.304698635001, 33.7443081677568], [-118.312317892814, 33.7443132718125], [-118.316122692827, 33.7498279992272], [-118.312307744547, 33.7553379676784], [-118.304687512061, 33.7553328612915], [-118.300883200732, 33.7498177880374]]]}}, {"type": "Feature", "properties": {"OBJECTID": 22, "GRID_ID": "AD-54", "has_data": true}, "geometry": {"type": "Polygon", "coordinates": [[[-118.289447044395, 33.7553212428968], [-118.293263456032, 33.7498119807073], [-118.300883200732, 33.7498177880374], [-118.304687512061, 33.7553328612915], [-118.300871587312, 33.7608424707415], [-118.293250866143, 33.7608366611709], [-118.289447044395, 33.7553212428968]]]}}, {"type": "Feature", "properties": {"OBJECTID": 23, "GRID_ID": "AE-54", "has_data": true}, "geometry": {"type": "Polygon", "coordinates": [[[-118.27802396214, 33.7497989610828], [-118.281840858866, 33.7442900454808], [-118.289460117578, 33.744296554591], [-118.293263456032, 33.7498119807073], [-118.289447044395, 33.7553212428968], [-118.281826810113, 33.7553147316359], [-118.27802396214, 33.7497989610828]]]}}, {"type": "Feature", "properties": {"OBJECTID": 24, "GRID_ID": "AE-54", "has_data": true}, "geometry": {"type": "Polygon", "coordinates": [[[-118.27802396214, 33.7497989610828], [-118.281840858866, 33.7442900454808], [-118.289460117578, 33.744296554591], [-118.293263456032, 33.7498119807073], [-118.289447044395, 33.7553212428968], [-118.281826810113, 33.7553147316359], [-118.27802396214, 33.7497989610828]]]}}, {"type": "Feature", "properties": {"OBJECTID": 25, "GRID_ID": "AF-54", "has_data": true}, "geometry": {"type": "Polygon", "coordinates": [[[-118.266586342448, 33.7553003049863], [-118.270404215643, 33.7497917487881], [-118.27802396214, 33.7497989610828], [-118.281826810113, 33.7553147316359], [-118.278009422907, 33.7608236357523], [-118.27038870084, 33.7608164206509], [-118.266586342448, 33.7553003049863]]]}}, {"type": "Feature", "properties": {"OBJECTID": 26, "GRID_ID": "AD-53", "has_data": true}, "geometry": {"type": "Polygon", "coordinates": [[[-118.289433964027, 33.7663459123847], [-118.293250866143, 33.7608366611709], [-118.300871587312, 33.7608424707415], [-118.304676382833, 33.7663575352592], [-118.300859966705, 33.7718671334966], [-118.293238270864, 33.7718613209397], [-118.289433964027, 33.7663459123847]]]}}, {"type": "Feature", "properties": {"OBJECTID": 27, "GRID_ID": "AE-53", "has_data": true}, "geometry": {"type": "Polygon", "coordinates": [[[-118.278009422907, 33.7608236357523], [-118.281826810113, 33.7553147316359], [-118.289447044395, 33.7553212428968], [-118.293250866143, 33.7608366611709], [-118.289433964027, 33.7663459123847], [-118.281812754174, 33.7663393982273], [-118.278009422907, 33.7608236357523]]]}}, {"type": "Feature", "properties": {"OBJECTID": 28, "GRID_ID": "AF-53", "has_data": true}, "geometry": {"type": "Polygon", "coordinates": [[[-118.266570335368, 33.7663249652186], [-118.27038870084, 33.7608164206509], [-118.278009422907, 33.7608236357523], [-118.281812754174, 33.7663393982273], [-118.277994874691, 33.7718482904761], [-118.270373177053, 33.7718410725691], [-118.266570335368, 33.7663249652186]]]}}, {"type": "Feature", "properties": {"OBJECTID": 29, "GRID_ID": "AH-53", "has_data": true}, "geometry": {"type": "Polygon", "coordinates": [[[-118.243706704912, 33.7662998024752], [-118.24752653374, 33.7607919657766], [-118.255147256705, 33.7608005856631], [-118.258949124617, 33.766317046367], [-118.25512978088, 33.7718252314044], [-118.247508082344, 33.7718166073996], [-118.243706704912, 33.7662998024752]]]}}, {"type": "Feature", "properties": {"OBJECTID": 30, "GRID_ID": "AD-52", "has_data": true}, "geometry": {"type": "Polygon", "coordinates": [[[-118.289420876471, 33.7773705615422], [-118.293238270864, 33.7718613209397], [-118.300859966705, 33.7718671334966], [-118.304665248215, 33.7773821888948], [-118.300848340709, 33.7828917770306], [-118.293225667501, 33.7828859622352], [-118.289420876471, 33.7773705615422]]]}}, {"type": "Feature", "properties": {"OBJECTID": 31, "GRID_ID": "AE-52", "has_data": true}, "geometry": {"type": "Polygon", "coordinates": [[[-118.277994874691, 33.7718482904761], [-118.281812754174, 33.7663393982273], [-118.289433964027, 33.7663459123847], [-118.293238270864, 33.7718613209397], [-118.289420876471, 33.7773705615422], [-118.28179869015, 33.7773640444896], [-118.277994874691, 33.7718482904761]]]}}, {"type": "Feature", "properties": {"OBJECTID": 32, "GRID_ID": "AF-52", "has_data": true}, "geometry": {"type": "Polygon", "coordinates": [[[-118.266554319304, 33.7773496058711], [-118.270373177053, 33.7718410725691], [-118.277994874691, 33.7718482904761], [-118.28179869015, 33.7773640444896], [-118.277980319288, 33.7828729259822], [-118.270357644284, 33.7828657052709], [-118.266554319304, 33.7773496058711]]]}}, {"type": "Feature", "properties": {"OBJECTID": 33, "GRID_ID": "AG-52", "has_data": true}, "geometry": {"type": "Polygon", "coordinates": [[[-118.25512978088, 33.7718252314044], [-118.258949124617, 33.766317046367], [-118.266570335368, 33.7663249652186], [-118.270373177053, 33.7718410725691], [-118.266554319304, 33.7773496058711], [-118.258932132983, 33.7773416835583], [-118.25512978088, 33.7718252314044]]]}}, {"type": "Feature", "properties": {"OBJECTID": 34, "GRID_ID": "AG-52", "has_data": true}, "geometry": {"type": "Polygon", "coordinates": [[[-118.25512978088, 33.7718252314044], [-118.258949124617, 33.766317046367], [-118.266570335368, 33.7663249652186], [-118.270373177053, 33.7718410725691], [-118.266554319304, 33.7773496058711], [-118.258932132983, 33.7773416835583], [-118.25512978088, 33.7718252314044]]]}}, {"type": "Feature", "properties": {"OBJECTID": 35, "GRID_ID": "AG-52", "has_data": true}, "geometry": {"type": "Polygon", "coordinates": [[[-118.25512978088, 33.7718252314044], [-118.258949124617, 33.766317046367], [-118.266570335368, 33.7663249652186], [-118.270373177053, 33.7718410725691], [-118.266554319304, 33.7773496058711], [-118.258932132983, 33.7773416835583], [-118.25512978088, 33.7718252314044]]]}}, {"type": "Feature", "properties": {"OBJECTID": 36, "GRID_ID": "AG-52", "has_data": true}, "geometry": {"type": "Polygon", "coordinates": [[[-118.25512978088, 33.7718252314044], [-118.258949124617, 33.766317046367], [-118.266570335368, 33.7663249652186], [-118.270373177053, 33.7718410725691], [-118.266554319304, 33.7773496058711], [-118.258932132983, 33.7773416835583], [-118.25512978088, 33.7718252314044]]]}}, {"type": "Feature", "properties": {"OBJECTID": 37, "GRID_ID": "AG-52", "has_data": true}, "geometry": {"type": "Polygon", "coordinates": [[[-118.25512978088, 33.7718252314044], [-118.258949124617, 33.766317046367], [-118.266570335368, 33.7663249652186], [-118.270373177053, 33.7718410725691], [-118.266554319304, 33.7773496058711], [-118.258932132983, 33.7773416835583], [-118.25512978088, 33.7718252314044]]]}}, {"type": "Feature", "properties": {"OBJECTID": 38, "GRID_ID": "AG-52", "has_data": true}, "geometry": {"type": "Polygon", "coordinates": [[[-118.25512978088, 33.7718252314044], [-118.258949124617, 33.766317046367], [-118.266570335368, 33.7663249652186], [-118.270373177053, 33.7718410725691], [-118.266554319304, 33.7773496058711], [-118.258932132983, 33.7773416835583], [-118.25512978088, 33.7718252314044]]]}}, {"type": "Feature", "properties": {"OBJECTID": 39, "GRID_ID": "AG-52", "has_data": true}, "geometry": {"type": "Polygon", "coordinates": [[[-118.25512978088, 33.7718252314044], [-118.258949124617, 33.766317046367], [-118.266570335368, 33.7663249652186], [-118.270373177053, 33.7718410725691], [-118.266554319304, 33.7773496058711], [-118.258932132983, 33.7773416835583], [-118.25512978088, 33.7718252314044]]]}}, {"type": "Feature", "properties": {"OBJECTID": 40, "GRID_ID": "AG-52", "has_data": true}, "geometry": {"type": "Polygon", "coordinates": [[[-118.25512978088, 33.7718252314044], [-118.258949124617, 33.766317046367], [-118.266570335368, 33.7663249652186], [-118.270373177053, 33.7718410725691], [-118.266554319304, 33.7773496058711], [-118.258932132983, 33.7773416835583], [-118.25512978088, 33.7718252314044]]]}}, {"type": "Feature", "properties": {"OBJECTID": 41, "GRID_ID": "AG-52", "has_data": true}, "geometry": {"type": "Polygon", "coordinates": [[[-118.25512978088, 33.7718252314044], [-118.258949124617, 33.766317046367], [-118.266570335368, 33.7663249652186], [-118.270373177053, 33.7718410725691], [-118.266554319304, 33.7773496058711], [-118.258932132983, 33.7773416835583], [-118.25512978088, 33.7718252314044]]]}}, {"type": "Feature", "properties": {"OBJECTID": 42, "GRID_ID": "AG-52", "has_data": true}, "geometry": {"type": "Polygon", "coordinates": [[[-118.25512978088, 33.7718252314044], [-118.258949124617, 33.766317046367], [-118.266570335368, 33.7663249652186], [-118.270373177053, 33.7718410725691], [-118.266554319304, 33.7773496058711], [-118.258932132983, 33.7773416835583], [-118.25512978088, 33.7718252314044]]]}}, {"type": "Feature", "properties": {"OBJECTID": 43, "GRID_ID": "AG-52", "has_data": true}, "geometry": {"type": "Polygon", "coordinates": [[[-118.25512978088, 33.7718252314044], [-118.258949124617, 33.766317046367], [-118.266570335368, 33.7663249652186], [-118.270373177053, 33.7718410725691], [-118.266554319304, 33.7773496058711], [-118.258932132983, 33.7773416835583], [-118.25512978088, 33.7718252314044]]]}}, {"type": "Feature", "properties": {"OBJECTID": 44, "GRID_ID": "AG-52", "has_data": true}, "geometry": {"type": "Polygon", "coordinates": [[[-118.25512978088, 33.7718252314044], [-118.258949124617, 33.766317046367], [-118.266570335368, 33.7663249652186], [-118.270373177053, 33.7718410725691], [-118.266554319304, 33.7773496058711], [-118.258932132983, 33.7773416835583], [-118.25512978088, 33.7718252314044]]]}}, {"type": "Feature", "properties": {"OBJECTID": 45, "GRID_ID": "AG-52", "has_data": true}, "geometry": {"type": "Polygon", "coordinates": [[[-118.25512978088, 33.7718252314044], [-118.258949124617, 33.766317046367], [-118.266570335368, 33.7663249652186], [-118.270373177053, 33.7718410725691], [-118.266554319304, 33.7773496058711], [-118.258932132983, 33.7773416835583], [-118.25512978088, 33.7718252314044]]]}}, {"type": "Feature", "properties": {"OBJECTID": 46, "GRID_ID": "AG-52", "has_data": true}, "geometry": {"type": "Polygon", "coordinates": [[[-118.25512978088, 33.7718252314044], [-118.258949124617, 33.766317046367], [-118.266570335368, 33.7663249652186], [-118.270373177053, 33.7718410725691], [-118.266554319304, 33.7773496058711], [-118.258932132983, 33.7773416835583], [-118.25512978088, 33.7718252314044]]]}}, {"type": "Feature", "properties": {"OBJECTID": 47, "GRID_ID": "AG-52", "has_data": true}, "geometry": {"type": "Polygon", "coordinates": [[[-118.25512978088, 33.7718252314044], [-118.258949124617, 33.766317046367], [-118.266570335368, 33.7663249652186], [-118.270373177053, 33.7718410725691], [-118.266554319304, 33.7773496058711], [-118.258932132983, 33.7773416835583], [-118.25512978088, 33.7718252314044]]]}}, {"type": "Feature", "properties": {"OBJECTID": 48, "GRID_ID": "AG-52", "has_data": true}, "geometry": {"type": "Polygon", "coordinates": [[[-118.25512978088, 33.7718252314044], [-118.258949124617, 33.766317046367], [-118.266570335368, 33.7663249652186], [-118.270373177053, 33.7718410725691], [-118.266554319304, 33.7773496058711], [-118.258932132983, 33.7773416835583], [-118.25512978088, 33.7718252314044]]]}}, {"type": "Feature", "properties": {"OBJECTID": 49, "GRID_ID": "AH-52", "has_data": true}, "geometry": {"type": "Polygon", "coordinates": [[[-118.243687760341, 33.777324432925], [-118.247508082344, 33.7718166073996], [-118.25512978088, 33.7718252314044], [-118.258932132983, 33.7773416835583], [-118.255112296071, 33.7828498564386], [-118.247489621066, 33.7828412298104], [-118.243687760341, 33.777324432925]]]}}, {"type": "Feature", "properties": {"OBJECTID": 50, "GRID_ID": "AI-52", "has_data": true}, "geometry": {"type": "Polygon", "coordinates": [[[-118.23226468617, 33.7717979547846], [-118.236085494161, 33.7662904781814], [-118.243706704912, 33.7662998024752], [-118.247508082344, 33.7718166073996], [-118.243687760341, 33.777324432925], [-118.236065573122, 33.7773151046042], [-118.23226468617, 33.7717979547846]]]}}, {"type": "Feature", "properties": {"OBJECTID": 51, "GRID_ID": "AC-51", "has_data": true}, "geometry": {"type": "Polygon", "coordinates": [[[-118.300848340709, 33.7828917770306], [-118.304665248215, 33.7773821888948], [-118.31228743274, 33.7773872999416], [-118.316093688023, 33.7829020007063], [-118.312277268302, 33.7884119363014], [-118.304654106411, 33.7884068236728], [-118.300848340709, 33.7828917770306]]]}}, {"type": "Feature", "properties": {"OBJECTID": 52, "GRID_ID": "AD-51", "has_data": true}, "geometry": {"type": "Polygon", "coordinates": [[[-118.289407781729, 33.7883951910976], [-118.293225667501, 33.7828859622352], [-118.300848340709, 33.7828917770306], [-118.304654106411, 33.7884068236728], [-118.300836707526, 33.7939164005778], [-118.293213057849, 33.7939105827984], [-118.289407781729, 33.7883951910976]]]}}, {"type": "Feature", "properties": {"OBJECTID": 53, "GRID_ID": "AD-51", "has_data": true}, "geometry": {"type": "Polygon", "coordinates": [[[-118.289407781729, 33.7883951910976], [-118.293225667501, 33.7828859622352], [-118.300848340709, 33.7828917770306], [-118.304654106411, 33.7884068236728], [-118.300836707526, 33.7939164005778], [-118.293213057849, 33.7939105827984], [-118.289407781729, 33.7883951910976]]]}}, {"type": "Feature", "properties": {"OBJECTID": 54, "GRID_ID": "AE-51", "has_data": true}, "geometry": {"type": "Polygon", "coordinates": [[[-118.277980319288, 33.7828729259822], [-118.28179869015, 33.7773640444896], [-118.289420876471, 33.7773705615422], [-118.293225667501, 33.7828859622352], [-118.289407781729, 33.7883951910976], [-118.281784618939, 33.7883886718975], [-118.277980319288, 33.7828729259822]]]}}, {"type": "Feature", "properties": {"OBJECTID": 55, "GRID_ID": "AF-51", "has_data": true}, "geometry": {"type": "Polygon", "coordinates": [[[-118.266538294258, 33.7883742269251], [-118.270357644284, 33.7828657052709], [-118.277980319288, 33.7828729259822], [-118.281784618939, 33.7883886718975], [-118.277965755801, 33.7938975415049], [-118.270342104327, 33.793890317244], [-118.266538294258, 33.7883742269251]]]}}, {"type": "Feature", "properties": {"OBJECTID": 56, "GRID_ID": "AG-51", "has_data": true}, "geometry": {"type": "Polygon", "coordinates": [[[-118.255112296071, 33.7828498564386], [-118.258932132983, 33.7773416835583], [-118.266554319304, 33.7773496058711], [-118.270357644284, 33.7828657052709], [-118.266538294258, 33.7883742269251], [-118.258915131468, 33.7883663011525], [-118.255112296071, 33.7828498564386]]]}}, {"type": "Feature", "properties": {"OBJECTID": 57, "GRID_ID": "AG-51", "has_data": true}, "geometry": {"type": "Polygon", "coordinates": [[[-118.255112296071, 33.7828498564386], [-118.258932132983, 33.7773416835583], [-118.266554319304, 33.7773496058711], [-118.270357644284, 33.7828657052709], [-118.266538294258, 33.7883742269251], [-118.258915131468, 33.7883663011525], [-118.255112296071, 33.7828498564386]]]}}, {"type": "Feature", "properties": {"OBJECTID": 58, "GRID_ID": "AG-51", "has_data": true}, "geometry": {"type": "Polygon", "coordinates": [[[-118.255112296071, 33.7828498564386], [-118.258932132983, 33.7773416835583], [-118.266554319304, 33.7773496058711], [-118.270357644284, 33.7828657052709], [-118.266538294258, 33.7883742269251], [-118.258915131468, 33.7883663011525], [-118.255112296071, 33.7828498564386]]]}}, {"type": "Feature", "properties": {"OBJECTID": 59, "GRID_ID": "AG-51", "has_data": true}, "geometry": {"type": "Polygon", "coordinates": [[[-118.255112296071, 33.7828498564386], [-118.258932132983, 33.7773416835583], [-118.266554319304, 33.7773496058711], [-118.270357644284, 33.7828657052709], [-118.266538294258, 33.7883742269251], [-118.258915131468, 33.7883663011525], [-118.255112296071, 33.7828498564386]]]}}, {"type": "Feature", "properties": {"OBJECTID": 60, "GRID_ID": "AH-51", "has_data": true}, "geometry": {"type": "Polygon", "coordinates": [[[-118.24366880499, 33.7883490430341], [-118.247489621066, 33.7828412298104], [-118.255112296071, 33.7828498564386], [-118.258915131468, 33.7883663011525], [-118.255094801381, 33.7938744629867], [-118.247471149907, 33.7938658322434], [-118.24366880499, 33.7883490430341]]]}}, {"type": "Feature", "properties": {"OBJECTID": 61, "GRID_ID": "AI-51", "has_data": true}, "geometry": {"type": "Polygon", "coordinates": [[[-118.232244271057, 33.782822569143], [-118.236065573122, 33.7773151046042], [-118.243687760341, 33.777324432925], [-118.247489621066, 33.7828412298104], [-118.24366880499, 33.7883490430341], [-118.236045641302, 33.7883397106879], [-118.232244271057, 33.782822569143]]]}}, {"type": "Feature", "properties": {"OBJECTID": 62, "GRID_ID": "AI-51", "has_data": true}, "geometry": {"type": "Polygon", "coordinates": [[[-118.232244271057, 33.782822569143], [-118.236065573122, 33.7773151046042], [-118.243687760341, 33.777324432925], [-118.247489621066, 33.7828412298104], [-118.24366880499, 33.7883490430341], [-118.236045641302, 33.7883397106879], [-118.232244271057, 33.782822569143]]]}}, {"type": "Feature", "properties": {"OBJECTID": 63, "GRID_ID": "AI-51", "has_data": true}, "geometry": {"type": "Polygon", "coordinates": [[[-118.232244271057, 33.782822569143], [-118.236065573122, 33.7773151046042], [-118.243687760341, 33.777324432925], [-118.247489621066, 33.7828412298104], [-118.24366880499, 33.7883490430341], [-118.236045641302, 33.7883397106879], [-118.232244271057, 33.782822569143]]]}}, {"type": "Feature", "properties": {"OBJECTID": 64, "GRID_ID": "AJ-51", "has_data": true}, "geometry": {"type": "Polygon", "coordinates": [[[-118.220799314824, 33.7883196401675], [-118.224621596052, 33.7828125358501], [-118.232244271057, 33.782822569143], [-118.236045641302, 33.7883397106879], [-118.232223846062, 33.7938471642735], [-118.224600193691, 33.7938371270465], [-118.220799314824, 33.7883196401675]]]}}, {"type": "Feature", "properties": {"OBJECTID": 65, "GRID_ID": "AC-50", "has_data": true}, "geometry": {"type": "Polygon", "coordinates": [[[-118.300836707526, 33.7939164005778], [-118.304654106411, 33.7884068236728], [-118.312277268302, 33.7884119363014], [-118.316084009574, 33.7939266289095], [-118.312267097577, 33.7994365530367], [-118.304642959216, 33.7994314380805], [-118.300836707526, 33.7939164005778]]]}}, {"type": "Feature", "properties": {"OBJECTID": 66, "GRID_ID": "AD-50", "has_data": true}, "geometry": {"type": "Polygon", "coordinates": [[[-118.289394679801, 33.7994198010314], [-118.293213057849, 33.7939105827984], [-118.300836707526, 33.7939164005778], [-118.304642959216, 33.7994314380805], [-118.300825068953, 33.8049410041188], [-118.293200441011, 33.8049351841029], [-118.289394679801, 33.7994198010314]]]}}, {"type": "Feature", "properties": {"OBJECTID": 67, "GRID_ID": "AE-50", "has_data": true}, "geometry": {"type": "Polygon", "coordinates": [[[-118.277965755801, 33.7938975415049], [-118.281784618939, 33.7883886718975], [-118.289407781729, 33.7883951910976], [-118.293213057849, 33.7939105827984], [-118.289394679801, 33.7994198010314], [-118.281770539644, 33.7994132789383], [-118.277965755801, 33.7938975415049]]]}}, {"type": "Feature", "properties": {"OBJECTID": 68, "GRID_ID": "AF-50", "has_data": true}, "geometry": {"type": "Polygon", "coordinates": [[[-118.266522261127, 33.7993988276146], [-118.270342104327, 33.793890317244], [-118.277965755801, 33.7938975415049], [-118.281770539644, 33.7994132789383], [-118.277951184229, 33.8049221377711], [-118.27032655449, 33.8049149107085], [-118.266522261127, 33.7993988276146]]]}}, {"type": "Feature", "properties": {"OBJECTID": 69, "GRID_ID": "AG-50", "has_data": true}, "geometry": {"type": "Polygon", "coordinates": [[[-118.255094801381, 33.7938744629867], [-118.258915131468, 33.7883663011525], [-118.266538294258, 33.7883742269251], [-118.270342104327, 33.793890317244], [-118.266522261127, 33.7993988276146], [-118.258898120072, 33.7993908991302], [-118.255094801381, 33.7938744629867]]]}}, {"type": "Feature", "properties": {"OBJECTID": 70, "GRID_ID": "AH-50", "has_data": true}, "geometry": {"type": "Polygon", "coordinates": [[[-118.243649839758, 33.7993736335297], [-118.247471149907, 33.7938658322434], [-118.255094801381, 33.7938744629867], [-118.258898120072, 33.7993908991302], [-118.255077297707, 33.8048990487895], [-118.247452667969, 33.8048904146792], [-118.243649839758, 33.7993736335297]]]}}, {"type": "Feature", "properties": {"OBJECTID": 71, "GRID_ID": "AI-50", "has_data": true}, "geometry": {"type": "Polygon", "coordinates": [[[-118.232223846062, 33.7938471642735], [-118.236045641302, 33.7883397106879], [-118.24366880499, 33.7883490430341], [-118.247471149907, 33.7938658322434], [-118.243649839758, 33.7993736335297], [-118.236025699601, 33.7993642979064], [-118.232223846062, 33.7938471642735]]]}}, {"type": "Feature", "properties": {"OBJECTID": 72, "GRID_ID": "AI-50", "has_data": true}, "geometry": {"type": "Polygon", "coordinates": [[[-118.232223846062, 33.7938471642735], [-118.236045641302, 33.7883397106879], [-118.24366880499, 33.7883490430341], [-118.247471149907, 33.7938658322434], [-118.243649839758, 33.7993736335297], [-118.236025699601, 33.7993642979064], [-118.232223846062, 33.7938471642735]]]}}, {"type": "Feature", "properties": {"OBJECTID": 73, "GRID_ID": "AD-49", "has_data": true}, "geometry": {"type": "Polygon", "coordinates": [[[-118.289381570686, 33.8104443913238], [-118.293200441011, 33.8049351841029], [-118.300825068953, 33.8049410041188], [-118.304631805734, 33.8104560328449], [-118.300813423194, 33.81596558838], [-118.293187817885, 33.8159597661287], [-118.289381570686, 33.8104443913238]]]}}, {"type": "Feature", "properties": {"OBJECTID": 74, "GRID_ID": "AE-49", "has_data": true}, "geometry": {"type": "Polygon", "coordinates": [[[-118.277951184229, 33.8049221377711], [-118.281770539644, 33.7994132789383], [-118.289394679801, 33.7994198010314], [-118.293200441011, 33.8049351841029], [-118.289381570686, 33.8104443913238], [-118.281756453162, 33.810437866339], [-118.277951184229, 33.8049221377711]]]}}, {"type": "Feature", "properties": {"OBJECTID": 75, "GRID_ID": "AF-49", "has_data": true}, "geometry": {"type": "Polygon", "coordinates": [[[-118.266506219013, 33.810423409413], [-118.27032655449, 33.8049149107085], [-118.277951184229, 33.8049221377711], [-118.281756453162, 33.810437866339], [-118.277936604572, 33.8159467132681], [-118.270310997466, 33.815939483405], [-118.266506219013, 33.810423409413]]]}}, {"type": "Feature", "properties": {"OBJECTID": 76, "GRID_ID": "AD-48", "has_data": true}, "geometry": {"type": "Polygon", "coordinates": [[[-118.289368455283, 33.8214689612084], [-118.293187817885, 33.8159597661287], [-118.300813423194, 33.81596558838], [-118.304620646861, 33.8214806079459], [-118.300801771146, 33.8269901525949], [-118.293175187572, 33.8269843273628], [-118.289368455283, 33.8214689612084]]]}}, {"type": "Feature", "properties": {"OBJECTID": 77, "GRID_ID": "AE-48", "has_data": true}, "geometry": {"type": "Polygon", "coordinates": [[[-118.277936604572, 33.8159467132681], [-118.281756453162, 33.810437866339], [-118.289381570686, 33.8104443913238], [-118.293187817885, 33.8159597661287], [-118.289368455283, 33.8214689612084], [-118.281742359494, 33.8214624340794], [-118.277936604572, 33.8159467132681]]]}}, {"type": "Feature", "properties": {"OBJECTID": 78, "GRID_ID": "AF-48", "has_data": true}, "geometry": {"type": "Polygon", "coordinates": [[[-118.266490167915, 33.8214479708073], [-118.270310997466, 33.815939483405], [-118.277936604572, 33.8159467132681], [-118.281742359494, 33.8214624340794], [-118.27792201683, 33.8269712702149], [-118.270295431459, 33.8269640368063], [-118.266490167915, 33.8214479708073]]]}}, {"type": "Feature", "properties": {"OBJECTID": 79, "GRID_ID": "AE-47", "has_data": true}, "geometry": {"type": "Polygon", "coordinates": [[[-118.27792201683, 33.8269712702149], [-118.281742359494, 33.8214624340794], [-118.289368455283, 33.8214689612084], [-118.293175187572, 33.8269843273628], [-118.289355331795, 33.8324935121575], [-118.281728256842, 33.832486982139], [-118.27792201683, 33.8269712702149]]]}}, {"type": "Feature", "properties": {"OBJECTID": 80, "GRID_ID": "AF-47", "has_data": true}, "geometry": {"type": "Polygon", "coordinates": [[[-118.266474107834, 33.8324725125235], [-118.270295431459, 33.8269640368063], [-118.27792201683, 33.8269712702149], [-118.281728256842, 33.832486982139], [-118.277907421901, 33.8379958063517], [-118.270279856468, 33.8379885701452], [-118.266474107834, 33.8324725125235]]]}}, {"type": "Feature", "properties": {"OBJECTID": 81, "GRID_ID": "AE-46", "has_data": true}, "geometry": {"type": "Polygon", "coordinates": [[[-118.277907421901, 33.8379958063517], [-118.281728256842, 33.832486982139], [-118.289355331795, 33.8324935121575], [-118.293162550072, 33.8380088692774], [-118.28934220112, 33.8435180426577], [-118.281714147004, 33.8435115097509], [-118.277907421901, 33.8379958063517]]]}}, {"type": "Feature", "properties": {"OBJECTID": 82, "GRID_ID": "AF-46", "has_data": true}, "geometry": {"type": "Polygon", "coordinates": [[[-118.266458039669, 33.8434970352868], [-118.270279856468, 33.8379885701452], [-118.277907421901, 33.8379958063517], [-118.281714147004, 33.8435115097509], [-118.27789281799, 33.8490203231501], [-118.270264274291, 33.8490130841469], [-118.266458039669, 33.8434970352868]]]}}, {"type": "Feature", "properties": {"OBJECTID": 83, "GRID_ID": "AE-45", "has_data": true}, "geometry": {"type": "Polygon", "coordinates": [[[-118.27789281799, 33.8490203231501], [-118.281714147004, 33.8435115097509], [-118.28934220112, 33.8435180426577], [-118.293149906285, 33.8490333918511], [-118.289329064158, 33.8545425541799], [-118.281700029979, 33.8545360183861], [-118.27789281799, 33.8490203231501]]]}}, {"type": "Feature", "properties": {"OBJECTID": 84, "GRID_ID": "AF-45", "has_data": true}, "geometry": {"type": "Polygon", "coordinates": [[[-118.26644196252, 33.8545215375837], [-118.270264274291, 33.8490130841469], [-118.27789281799, 33.8490203231501], [-118.281700029979, 33.8545360183861], [-118.277878206892, 33.8600448205886], [-118.270248682233, 33.8600375787898], [-118.26644196252, 33.8545215375837]]]}}, {"type": "Feature", "properties": {"OBJECTID": 85, "GRID_ID": "AE-44", "has_data": true}, "geometry": {"type": "Polygon", "coordinates": [[[-118.277878206892, 33.8600448205886], [-118.281700029979, 33.8545360183861], [-118.289329064158, 33.8545425541799], [-118.293137255311, 33.8600578943164], [-118.28931591911, 33.8655670452105], [-118.28168590487, 33.8655605072767], [-118.277878206892, 33.8600448205886]]]}}, {"type": "Feature", "properties": {"OBJECTID": 86, "GRID_ID": "AF-44", "has_data": true}, "geometry": {"type": "Polygon", "coordinates": [[[-118.266425876388, 33.8655460201387], [-118.270248682233, 33.8600375787898], [-118.277878206892, 33.8600448205886], [-118.28168590487, 33.8655605072767], [-118.277863587709, 33.8710692978991], [-118.270233082988, 33.8710620525602], [-118.266425876388, 33.8655460201387]]]}}, {"type": "Feature", "properties": {"OBJECTID": 87, "GRID_ID": "AE-43", "has_data": true}, "geometry": {"type": "Polygon", "coordinates": [[[-118.277863587709, 33.8710692978991], [-118.28168590487, 33.8655605072767], [-118.28931591911, 33.8655670452105], [-118.29312459715, 33.8710823773975], [-118.289302767774, 33.8765915172192], [-118.281671772573, 33.8765849764008], [-118.277863587709, 33.8710692978991]]]}}, {"type": "Feature", "properties": {"OBJECTID": 88, "GRID_ID": "AF-43", "has_data": true}, "geometry": {"type": "Polygon", "coordinates": [[[-118.266409782172, 33.8765704829297], [-118.270233082988, 33.8710620525602], [-118.277863587709, 33.8710692978991], [-118.281671772573, 33.8765849764008], [-118.277848960441, 33.8820937558054], [-118.270217473862, 33.8820865076736], [-118.266409782172, 33.8765704829297]]]}}, {"type": "Feature", "properties": {"OBJECTID": 89, "GRID_ID": "AE-42", "has_data": true}, "geometry": {"type": "Polygon", "coordinates": [[[-118.277848960441, 33.8820937558054], [-118.281671772573, 33.8765849764008], [-118.289302767774, 33.8765915172192], [-118.293111932701, 33.8821068403262], [-118.289289609252, 33.887615968692], [-118.281657632193, 33.88760942499], [-118.277848960441, 33.8820937558054]]]}}, {"type": "Feature", "properties": {"OBJECTID": 90, "GRID_ID": "AF-42", "has_data": true}, "geometry": {"type": "Polygon", "coordinates": [[[-118.266393678972, 33.8875949259343], [-118.270217473862, 33.8820865076736], [-118.277848960441, 33.8820937558054], [-118.281657632193, 33.88760942499], [-118.277834325088, 33.8931181935391], [-118.270201857549, 33.8931109418699], [-118.266393678972, 33.8875949259343]]]}}, {"type": "Feature", "properties": {"OBJECTID": 91, "GRID_ID": "AE-41", "has_data": true}, "geometry": {"type": "Polygon", "coordinates": [[[-118.277834325088, 33.8931181935391], [-118.281657632193, 33.88760942499], [-118.289289609252, 33.887615968692], [-118.293099261066, 33.8931312838257], [-118.289276442645, 33.8986404010976], [-118.281643483727, 33.8986338545133], [-118.277834325088, 33.8931181935391]]]}}, {"type": "Feature", "properties": {"OBJECTID": 92, "GRID_ID": "AF-41", "has_data": true}, "geometry": {"type": "Polygon", "coordinates": [[[-118.266377566789, 33.8986193491297], [-118.270201857549, 33.8931109418699], [-118.277834325088, 33.8931181935391], [-118.281643483727, 33.8986338545133], [-118.277819682549, 33.9041426110772], [-118.270186232253, 33.9041353573632], [-118.266377566789, 33.8986193491297]]]}}, {"type": "Feature", "properties": {"OBJECTID": 93, "GRID_ID": "AD-40", "has_data": true}, "geometry": {"type": "Polygon", "coordinates": [[[-118.28926326975, 33.9096648136669], [-118.293086583142, 33.9041557071273], [-118.300720031642, 33.9041615487181], [-118.304531152201, 33.909676499075], [-118.300708329289, 33.9151859547704], [-118.293073897134, 33.9151801109533], [-118.28926326975, 33.9096648136669]]]}}, {"type": "Feature", "properties": {"OBJECTID": 94, "GRID_ID": "AE-40", "has_data": true}, "geometry": {"type": "Polygon", "coordinates": [[[-118.277819682549, 33.9041426110772], [-118.281643483727, 33.8986338545133], [-118.289276442645, 33.8986404010976], [-118.293086583142, 33.9041557071273], [-118.28926326975, 33.9096648136669], [-118.281629328075, 33.9096582642014], [-118.277819682549, 33.9041426110772]]]}}, {"type": "Feature", "properties": {"OBJECTID": 95, "GRID_ID": "AF-40", "has_data": true}, "geometry": {"type": "Polygon", "coordinates": [[[-118.266361445623, 33.9096437532382], [-118.270186232253, 33.9041353573632], [-118.277819682549, 33.9041426110772], [-118.281629328075, 33.9096582642014], [-118.277805031027, 33.9151670098876], [-118.270170597973, 33.9151597526389], [-118.266361445623, 33.9096437532382]]]}}, {"type": "Feature", "properties": {"OBJECTID": 96, "GRID_ID": "AD-39", "has_data": true}, "geometry": {"type": "Polygon", "coordinates": [[[-118.289250089668, 33.9206892056308], [-118.293073897134, 33.9151801109533], [-118.300708329289, 33.9151859547704], [-118.304519938531, 33.9207008962362], [-118.300696619749, 33.9262103413221], [-118.293061204837, 33.9262044945341], [-118.289250089668, 33.9206892056308]]]}}, {"type": "Feature", "properties": {"OBJECTID": 97, "GRID_ID": "AE-39", "has_data": true}, "geometry": {"type": "Polygon", "coordinates": [[[-118.277805031027, 33.9151670098876], [-118.281629328075, 33.9096582642014], [-118.28926326975, 33.9096648136669], [-118.293073897134, 33.9151801109533], [-118.289250089668, 33.9206892056308], [-118.281615164338, 33.9206826540309], [-118.277805031027, 33.9151670098876]]]}}, {"type": "Feature", "properties": {"OBJECTID": 98, "GRID_ID": "AE-39", "has_data": true}, "geometry": {"type": "Polygon", "coordinates": [[[-118.277805031027, 33.9151670098876], [-118.281629328075, 33.9096582642014], [-118.28926326975, 33.9096648136669], [-118.293073897134, 33.9151801109533], [-118.289250089668, 33.9206892056308], [-118.281615164338, 33.9206826540309], [-118.277805031027, 33.9151670098876]]]}}, {"type": "Feature", "properties": {"OBJECTID": 99, "GRID_ID": "AF-39", "has_data": true}, "geometry": {"type": "Polygon", "coordinates": [[[-118.266345316372, 33.9206681367452], [-118.270170597973, 33.9151597526389], [-118.277805031027, 33.9151670098876], [-118.281615164338, 33.9206826540309], [-118.277790372318, 33.9261913884551], [-118.270154955609, 33.9261841284185], [-118.266345316372, 33.9206681367452]]]}}, {"type": "Feature", "properties": {"OBJECTID": 100, "GRID_ID": "AG-39", "has_data": true}, "geometry": {"type": "Polygon", "coordinates": [[[-118.254901731867, 33.9151438254544], [-118.258727503948, 33.9096357909948], [-118.266361445623, 33.9096437532382], [-118.270170597973, 33.9151597526389], [-118.266345316372, 33.9206681367452], [-118.258710391042, 33.9206601718046], [-118.254901731867, 33.9151438254544]]]}}, {"type": "Feature", "properties": {"OBJECTID": 101, "GRID_ID": "AH-39", "has_data": true}, "geometry": {"type": "Polygon", "coordinates": [[[-118.24344054128, 33.9206428278363], [-118.247267298813, 33.9151351555184], [-118.254901731867, 33.9151438254544], [-118.258710391042, 33.9206601718046], [-118.25488412309, 33.9261681943502], [-118.247248706382, 33.9261595203184], [-118.24344054128, 33.9206428278363]]]}}, {"type": "Feature", "properties": {"OBJECTID": 102, "GRID_ID": "AI-39", "has_data": true}, "geometry": {"type": "Polygon", "coordinates": [[[-118.231998431808, 33.9151164014674], [-118.235825678025, 33.9096090794518], [-118.243459620598, 33.9096184544744], [-118.247267298813, 33.9151351555184], [-118.24344054128, 33.9206428278363], [-118.23580561595, 33.9206334488083], [-118.231998431808, 33.9151164014674]]]}}, {"type": "Feature", "properties": {"OBJECTID": 103, "GRID_ID": "AJ-39", "has_data": true}, "geometry": {"type": "Polygon", "coordinates": [[[-118.220535765289, 33.9206132781549], [-118.224363996958, 33.9151063188429], [-118.231998431808, 33.9151164014674], [-118.23580561595, 33.9206334488083], [-118.231977872066, 33.9261407590038], [-118.224342454459, 33.9261306717208], [-118.220535765289, 33.9206132781549]]]}}, {"type": "Feature", "properties": {"OBJECTID": 104, "GRID_ID": "AD-38", "has_data": true}, "geometry": {"type": "Polygon", "coordinates": [[[-118.289236901501, 33.9317135784565], [-118.293061204837, 33.9262044945341], [-118.300696619749, 33.9262103413221], [-118.304508717675, 33.931725274257], [-118.300684904819, 33.9372347076035], [-118.293048506252, 33.9372288585913], [-118.289236901501, 33.9317135784565]]]}}, {"type": "Feature", "properties": {"OBJECTID": 105, "GRID_ID": "AE-38", "has_data": true}, "geometry": {"type": "Polygon", "coordinates": [[[-118.277790372318, 33.9261913884551], [-118.281615164338, 33.9206826540309], [-118.289250089668, 33.9206892056308], [-118.293061204837, 33.9262044945341], [-118.289236901501, 33.9317135784565], [-118.281600993414, 33.9317070239778], [-118.277790372318, 33.9261913884551]]]}}, {"type": "Feature", "properties": {"OBJECTID": 106, "GRID_ID": "AF-38", "has_data": true}, "geometry": {"type": "Polygon", "coordinates": [[[-118.26632917724, 33.9316925011174], [-118.270154955609, 33.9261841284185], [-118.277790372318, 33.9261913884551], [-118.281600993414, 33.9317070239778], [-118.277775705524, 33.9372157467558], [-118.270139305161, 33.9372084839325], [-118.26632917724, 33.9316925011174]]]}}, {"type": "Feature", "properties": {"OBJECTID": 107, "GRID_ID": "AG-38", "has_data": true}, "geometry": {"type": "Polygon", "coordinates": [[[-118.25488412309, 33.9261681943502], [-118.258710391042, 33.9206601718046], [-118.266345316372, 33.9206681367452], [-118.270154955609, 33.9261841284185], [-118.26632917724, 33.9316925011174], [-118.258693269153, 33.9316845319903], [-118.25488412309, 33.9261681943502]]]}}, {"type": "Feature", "properties": {"OBJECTID": 108, "GRID_ID": "AH-38", "has_data": true}, "geometry": {"type": "Polygon", "coordinates": [[[-118.24342145208, 33.9316671813225], [-118.247248706382, 33.9261595203184], [-118.25488412309, 33.9261681943502], [-118.258693269153, 33.9316845319903], [-118.254866504433, 33.9371925437286], [-118.247230103171, 33.9371838663478], [-118.24342145208, 33.9316671813225]]]}}, {"type": "Feature", "properties": {"OBJECTID": 109, "GRID_ID": "AI-38", "has_data": true}, "geometry": {"type": "Polygon", "coordinates": [[[-118.231977872066, 33.9261407590038], [-118.23580561595, 33.9206334488083], [-118.24344054128, 33.9206428278363], [-118.247248706382, 33.9261595203184], [-118.24342145208, 33.9316671813225], [-118.235785543095, 33.9316577990364], [-118.231977872066, 33.9261407590038]]]}}, {"type": "Feature", "properties": {"OBJECTID": 110, "GRID_ID": "AJ-38", "has_data": true}, "geometry": {"type": "Polygon", "coordinates": [[[-118.220513725124, 33.9316376198133], [-118.224342454459, 33.9261306717208], [-118.231977872066, 33.9261407590038], [-118.235785543095, 33.9316577990364], [-118.231957302443, 33.9371650970277], [-118.224320900282, 33.9371550058334], [-118.220513725124, 33.9316376198133]]]}}, {"type": "Feature", "properties": {"OBJECTID": 111, "GRID_ID": "AC-37", "has_data": true}, "geometry": {"type": "Polygon", "coordinates": [[[-118.300684904819, 33.9372347076035], [-118.304508717675, 33.931725274257], [-118.312144624864, 33.9317304148336], [-118.315957704649, 33.9372449910724], [-118.312134382273, 33.9427547745142], [-118.304497491429, 33.9427496316222], [-118.300684904819, 33.9372347076035]]]}}, {"type": "Feature", "properties": {"OBJECTID": 112, "GRID_ID": "AD-37", "has_data": true}, "geometry": {"type": "Polygon", "coordinates": [[[-118.289223707046, 33.9427379313741], [-118.293048506252, 33.9372288585913], [-118.300684904819, 33.9372347076035], [-118.304497491429, 33.9427496316222], [-118.300673183602, 33.9482590543356], [-118.293035799582, 33.9482532031], [-118.289223707046, 33.9427379313741]]]}}, {"type": "Feature", "properties": {"OBJECTID": 113, "GRID_ID": "AE-37", "has_data": true}, "geometry": {"type": "Polygon", "coordinates": [[[-118.277775705524, 33.9372157467558], [-118.281600993414, 33.9317070239778], [-118.289236901501, 33.9317135784565], [-118.293048506252, 33.9372288585913], [-118.289223707046, 33.9427379313741], [-118.281586814405, 33.9427313740178], [-118.277775705524, 33.9372157467558]]]}}, {"type": "Feature", "properties": {"OBJECTID": 114, "GRID_ID": "AE-37", "has_data": true}, "geometry": {"type": "Polygon", "coordinates": [[[-118.277775705524, 33.9372157467558], [-118.281600993414, 33.9317070239778], [-118.289236901501, 33.9317135784565], [-118.293048506252, 33.9372288585913], [-118.289223707046, 33.9427379313741], [-118.281586814405, 33.9427313740178], [-118.277775705524, 33.9372157467558]]]}}, {"type": "Feature", "properties": {"OBJECTID": 115, "GRID_ID": "AE-37", "has_data": true}, "geometry": {"type": "Polygon", "coordinates": [[[-118.277775705524, 33.9372157467558], [-118.281600993414, 33.9317070239778], [-118.289236901501, 33.9317135784565], [-118.293048506252, 33.9372288585913], [-118.289223707046, 33.9427379313741], [-118.281586814405, 33.9427313740178], [-118.277775705524, 33.9372157467558]]]}}, {"type": "Feature", "properties": {"OBJECTID": 116, "GRID_ID": "AE-37", "has_data": true}, "geometry": {"type": "Polygon", "coordinates": [[[-118.277775705524, 33.9372157467558], [-118.281600993414, 33.9317070239778], [-118.289236901501, 33.9317135784565], [-118.293048506252, 33.9372288585913], [-118.289223707046, 33.9427379313741], [-118.281586814405, 33.9427313740178], [-118.277775705524, 33.9372157467558]]]}}, {"type": "Feature", "properties": {"OBJECTID": 117, "GRID_ID": "AE-37", "has_data": true}, "geometry": {"type": "Polygon", "coordinates": [[[-118.277775705524, 33.9372157467558], [-118.281600993414, 33.9317070239778], [-118.289236901501, 33.9317135784565], [-118.293048506252, 33.9372288585913], [-118.289223707046, 33.9427379313741], [-118.281586814405, 33.9427313740178], [-118.277775705524, 33.9372157467558]]]}}, {"type": "Feature", "properties": {"OBJECTID": 118, "GRID_ID": "AE-37", "has_data": true}, "geometry": {"type": "Polygon", "coordinates": [[[-118.277775705524, 33.9372157467558], [-118.281600993414, 33.9317070239778], [-118.289236901501, 33.9317135784565], [-118.293048506252, 33.9372288585913], [-118.289223707046, 33.9427379313741], [-118.281586814405, 33.9427313740178], [-118.277775705524, 33.9372157467558]]]}}, {"type": "Feature", "properties": {"OBJECTID": 119, "GRID_ID": "AE-37", "has_data": true}, "geometry": {"type": "Polygon", "coordinates": [[[-118.277775705524, 33.9372157467558], [-118.281600993414, 33.9317070239778], [-118.289236901501, 33.9317135784565], [-118.293048506252, 33.9372288585913], [-118.289223707046, 33.9427379313741], [-118.281586814405, 33.9427313740178], [-118.277775705524, 33.9372157467558]]]}}, {"type": "Feature", "properties": {"OBJECTID": 120, "GRID_ID": "AE-37", "has_data": true}, "geometry": {"type": "Polygon", "coordinates": [[[-118.277775705524, 33.9372157467558], [-118.281600993414, 33.9317070239778], [-118.289236901501, 33.9317135784565], [-118.293048506252, 33.9372288585913], [-118.289223707046, 33.9427379313741], [-118.281586814405, 33.9427313740178], [-118.277775705524, 33.9372157467558]]]}}, {"type": "Feature", "properties": {"OBJECTID": 121, "GRID_ID": "AE-37", "has_data": true}, "geometry": {"type": "Polygon", "coordinates": [[[-118.277775705524, 33.9372157467558], [-118.281600993414, 33.9317070239778], [-118.289236901501, 33.9317135784565], [-118.293048506252, 33.9372288585913], [-118.289223707046, 33.9427379313741], [-118.281586814405, 33.9427313740178], [-118.277775705524, 33.9372157467558]]]}}, {"type": "Feature", "properties": {"OBJECTID": 122, "GRID_ID": "AE-37", "has_data": true}, "geometry": {"type": "Polygon", "coordinates": [[[-118.277775705524, 33.9372157467558], [-118.281600993414, 33.9317070239778], [-118.289236901501, 33.9317135784565], [-118.293048506252, 33.9372288585913], [-118.289223707046, 33.9427379313741], [-118.281586814405, 33.9427313740178], [-118.277775705524, 33.9372157467558]]]}}, {"type": "Feature", "properties": {"OBJECTID": 123, "GRID_ID": "AE-37", "has_data": true}, "geometry": {"type": "Polygon", "coordinates": [[[-118.277775705524, 33.9372157467558], [-118.281600993414, 33.9317070239778], [-118.289236901501, 33.9317135784565], [-118.293048506252, 33.9372288585913], [-118.289223707046, 33.9427379313741], [-118.281586814405, 33.9427313740178], [-118.277775705524, 33.9372157467558]]]}}, {"type": "Feature", "properties": {"OBJECTID": 124, "GRID_ID": "AE-37", "has_data": true}, "geometry": {"type": "Polygon", "coordinates": [[[-118.277775705524, 33.9372157467558], [-118.281600993414, 33.9317070239778], [-118.289236901501, 33.9317135784565], [-118.293048506252, 33.9372288585913], [-118.289223707046, 33.9427379313741], [-118.281586814405, 33.9427313740178], [-118.277775705524, 33.9372157467558]]]}}, {"type": "Feature", "properties": {"OBJECTID": 125, "GRID_ID": "AE-37", "has_data": true}, "geometry": {"type": "Polygon", "coordinates": [[[-118.277775705524, 33.9372157467558], [-118.281600993414, 33.9317070239778], [-118.289236901501, 33.9317135784565], [-118.293048506252, 33.9372288585913], [-118.289223707046, 33.9427379313741], [-118.281586814405, 33.9427313740178], [-118.277775705524, 33.9372157467558]]]}}, {"type": "Feature", "properties": {"OBJECTID": 126, "GRID_ID": "AF-37", "has_data": true}, "geometry": {"type": "Polygon", "coordinates": [[[-118.266313030023, 33.94271684484], [-118.270139305161, 33.9372084839325], [-118.277775705524, 33.9372157467558], [-118.281586814405, 33.9427313740178], [-118.277761030646, 33.9482400862558], [-118.270123645728, 33.9482328199018], [-118.266313030023, 33.94271684484]]]}}, {"type": "Feature", "properties": {"OBJECTID": 127, "GRID_ID": "AG-37", "has_data": true}, "geometry": {"type": "Polygon", "coordinates": [[[-118.254866504433, 33.9371925437286], [-118.258693269153, 33.9316845319903], [-118.26632917724, 33.9316925011174], [-118.270139305161, 33.9372084839325], [-118.266313030023, 33.94271684484], [-118.258676137382, 33.9427088730184], [-118.254866504433, 33.9371925437286]]]}}, {"type": "Feature", "properties": {"OBJECTID": 128, "GRID_ID": "AH-37", "has_data": true}, "geometry": {"type": "Polygon", "coordinates": [[[-118.243402352101, 33.9426915149088], [-118.247230103171, 33.9371838663478], [-118.254866504433, 33.9371925437286], [-118.258676137382, 33.9427088730184], [-118.254848875894, 33.9482168728198], [-118.247211490976, 33.9482081920915], [-118.243402352101, 33.9426915149088]]]}}, {"type": "Feature", "properties": {"OBJECTID": 129, "GRID_ID": "AI-37", "has_data": true}, "geometry": {"type": "Polygon", "coordinates": [[[-118.231957302443, 33.9371650970277], [-118.235785543095, 33.9316577990364], [-118.24342145208, 33.9316671813225], [-118.247230103171, 33.9371838663478], [-118.243402352101, 33.9426915149088], [-118.235765458562, 33.9426821286207], [-118.231957302443, 33.9371650970277]]]}}, {"type": "Feature", "properties": {"OBJECTID": 130, "GRID_ID": "AJ-37", "has_data": true}, "geometry": {"type": "Polygon", "coordinates": [[[-118.220491672382, 33.9426619415768], [-118.224320900282, 33.9371550058334], [-118.231957302443, 33.9371650970277], [-118.235765458562, 33.9426821286207], [-118.231936720243, 33.9481894147693], [-118.224299334427, 33.9481793196653], [-118.220491672382, 33.9426619415768]]]}}, {"type": "Feature", "properties": {"OBJECTID": 131, "GRID_ID": "P-36", "has_data": true}, "geometry": {"type": "Polygon", "coordinates": [[[-118.449605903127, 33.9537910611216], [-118.453420856797, 33.9482770409955], [-118.461058239918, 33.9482729886507], [-118.464881656617, 33.9537829539762], [-118.46106719702, 33.9592973214539], [-118.453428828447, 33.9593013755092], [-118.449605903127, 33.9537910611216]]]}}, {"type": "Feature", "properties": {"OBJECTID": 132, "GRID_ID": "Q-36", "has_data": true}, "geometry": {"type": "Polygon", "coordinates": [[[-118.438146088759, 33.9482837313138], [-118.441961535605, 33.9427700601026], [-118.449598426449, 33.9427667154721], [-118.453420856797, 33.9482770409955], [-118.449605903127, 33.9537910611216], [-118.441968027729, 33.9537944068092], [-118.438146088759, 33.9482837313138]]]}}, {"type": "Feature", "properties": {"OBJECTID": 133, "GRID_ID": "R-36", "has_data": true}, "geometry": {"type": "Polygon", "coordinates": [[[-118.426692275137, 33.9537996831594], [-118.430508706537, 33.9482863692871], [-118.438146088759, 33.9482837313138], [-118.441968027729, 33.9537944068092], [-118.438152090403, 33.9593080686861], [-118.430513722729, 33.9593107078079], [-118.426692275137, 33.9537996831594]]]}}, {"type": "Feature", "properties": {"OBJECTID": 134, "GRID_ID": "S-36", "has_data": true}, "geometry": {"type": "Polygon", "coordinates": [[[-118.415233938498, 33.9482902301175], [-118.419050861276, 33.9427772643229], [-118.426687753018, 33.9427753349005], [-118.430508706537, 33.9482863692871], [-118.426692275137, 33.9537996831594], [-118.419054398842, 33.9538016138222], [-118.415233938498, 33.9482902301175]]]}}, {"type": "Feature", "properties": {"OBJECTID": 135, "GRID_ID": "T-36", "has_data": true}, "geometry": {"type": "Polygon", "coordinates": [[[-118.403778648046, 33.953804060123], [-118.407596554479, 33.9482914529746], [-118.415233938498, 33.9482902301175], [-118.419054398842, 33.9538016138222], [-118.415236984685, 33.9593145696283], [-118.407598616113, 33.9593157930721], [-118.403778648046, 33.953804060123]]]}}, {"type": "Feature", "properties": {"OBJECTID": 136, "GRID_ID": "U-36", "has_data": true}, "geometry": {"type": "Polygon", "coordinates": [[[-118.392321788238, 33.9482924835726], [-118.396140187846, 33.9427802251552], [-118.40377707869, 33.9427797094502], [-118.407596554479, 33.9482914529746], [-118.403778648046, 33.953804060123], [-118.39614077175, 33.9538045757612], [-118.392321788238, 33.9482924835726]]]}}, {"type": "Feature", "properties": {"OBJECTID": 137, "GRID_ID": "V-36", "has_data": true}, "geometry": {"type": "Polygon", "coordinates": [[[-118.380865020057, 33.9538041920131], [-118.384684404219, 33.9482922920587], [-118.392321788238, 33.9482924835726], [-118.39614077175, 33.9538045757612], [-118.392321879866, 33.9593168250267], [-118.384683511293, 33.9593166327926], [-118.380865020057, 33.9538041920131]]]}}, {"type": "Feature", "properties": {"OBJECTID": 138, "GRID_ID": "AB-36", "has_data": true}, "geometry": {"type": "Polygon", "coordinates": [[[-118.312124134292, 33.9537791150041], [-118.31594795164, 33.9482693424343], [-118.323585334761, 33.9482737785524], [-118.327399887782, 33.9537879896462], [-118.323576561814, 33.9592981119985], [-118.315938194139, 33.9592936734747], [-118.312124134292, 33.9537791150041]]]}}, {"type": "Feature", "properties": {"OBJECTID": 139, "GRID_ID": "AC-36", "has_data": true}, "geometry": {"type": "Polygon", "coordinates": [[[-118.300673183602, 33.9482590543356], [-118.304497491429, 33.9427496316222], [-118.312134382273, 33.9427547745142], [-118.31594795164, 33.9482693424343], [-118.312124134292, 33.9537791150041], [-118.304486258895, 33.9537739697976], [-118.300673183602, 33.9482590543356]]]}}, {"type": "Feature", "properties": {"OBJECTID": 140, "GRID_ID": "AD-36", "has_data": true}, "geometry": {"type": "Polygon", "coordinates": [[[-118.289210505405, 33.9537622651038], [-118.293035799582, 33.9482532031], [-118.300673183602, 33.9482590543356], [-118.304486258895, 33.9537739697976], [-118.300661455197, 33.9592833814931], [-118.293023086625, 33.9592775280352], [-118.289210505405, 33.9537622651038]]]}}, {"type": "Feature", "properties": {"OBJECTID": 141, "GRID_ID": "AE-36", "has_data": true}, "geometry": {"type": "Polygon", "coordinates": [[[-118.277761030646, 33.9482400862558], [-118.281586814405, 33.9427313740178], [-118.289223707046, 33.9427379313741], [-118.293035799582, 33.9482532031], [-118.289210505405, 33.9537622651038], [-118.281572628211, 33.9537557048711], [-118.277761030646, 33.9482400862558]]]}}, {"type": "Feature", "properties": {"OBJECTID": 142, "GRID_ID": "AF-36", "has_data": true}, "geometry": {"type": "Polygon", "coordinates": [[[-118.26629687472, 33.9537411693786], [-118.270123645728, 33.9482328199018], [-118.277761030646, 33.9482400862558], [-118.281572628211, 33.9537557048711], [-118.277746347683, 33.9592644054393], [-118.270107977313, 33.9592571363012], [-118.26629687472, 33.9537411693786]]]}}, {"type": "Feature", "properties": {"OBJECTID": 143, "GRID_ID": "AG-36", "has_data": true}, "geometry": {"type": "Polygon", "coordinates": [[[-118.254848875894, 33.9482168728198], [-118.258676137382, 33.9427088730184], [-118.266313030023, 33.94271684484], [-118.270123645728, 33.9482328199018], [-118.26629687472, 33.9537411693786], [-118.258658996628, 33.9537331941186], [-118.254848875894, 33.9482168728198]]]}}, {"type": "Feature", "properties": {"OBJECTID": 144, "GRID_ID": "AG-36", "has_data": true}, "geometry": {"type": "Polygon", "coordinates": [[[-118.254848875894, 33.9482168728198], [-118.258676137382, 33.9427088730184], [-118.266313030023, 33.94271684484], [-118.270123645728, 33.9482328199018], [-118.26629687472, 33.9537411693786], [-118.258658996628, 33.9537331941186], [-118.254848875894, 33.9482168728198]]]}}, {"type": "Feature", "properties": {"OBJECTID": 145, "GRID_ID": "AG-36", "has_data": true}, "geometry": {"type": "Polygon", "coordinates": [[[-118.254848875894, 33.9482168728198], [-118.258676137382, 33.9427088730184], [-118.266313030023, 33.94271684484], [-118.270123645728, 33.9482328199018], [-118.26629687472, 33.9537411693786], [-118.258658996628, 33.9537331941186], [-118.254848875894, 33.9482168728198]]]}}, {"type": "Feature", "properties": {"OBJECTID": 146, "GRID_ID": "AH-36", "has_data": true}, "geometry": {"type": "Polygon", "coordinates": [[[-118.24338324224, 33.9537158293157], [-118.247211490976, 33.9482081920915], [-118.254848875894, 33.9482168728198], [-118.258658996628, 33.9537331941186], [-118.254831238371, 33.9592411823439], [-118.247192868002, 33.9592324975246], [-118.24338324224, 33.9537158293157]]]}}, {"type": "Feature", "properties": {"OBJECTID": 147, "GRID_ID": "AI-36", "has_data": true}, "geometry": {"type": "Polygon", "coordinates": [[[-118.231936720243, 33.9481894147693], [-118.235765458562, 33.9426821286207], [-118.243402352101, 33.9426915149088], [-118.247211490976, 33.9482081920915], [-118.24338324224, 33.9537158293157], [-118.235745364147, 33.9537064390272], [-118.231936720243, 33.9481894147693]]]}}, {"type": "Feature", "properties": {"OBJECTID": 148, "GRID_ID": "P-35", "has_data": true}, "geometry": {"type": "Polygon", "coordinates": [[[-118.449613384296, 33.9648153860628], [-118.453428828447, 33.9593013755092], [-118.46106719702, 33.9592973214539], [-118.464891107792, 33.9648072762426], [-118.461076157715, 33.9703216346548], [-118.453436804588, 33.9703256904196], [-118.449613384296, 33.9648153860628]]]}}, {"type": "Feature", "properties": {"OBJECTID": 149, "GRID_ID": "Q-35", "has_data": true}, "geometry": {"type": "Polygon", "coordinates": [[[-118.438152090403, 33.9593080686861], [-118.441968027729, 33.9537944068092], [-118.449605903127, 33.9537910611216], [-118.453428828447, 33.9593013755092], [-118.449613384296, 33.9648153860628], [-118.441974524345, 33.9648187335519], [-118.438152090403, 33.9593080686861]]]}}, {"type": "Feature", "properties": {"OBJECTID": 150, "GRID_ID": "Q-35", "has_data": true}, "geometry": {"type": "Polygon", "coordinates": [[[-118.438152090403, 33.9593080686861], [-118.441968027729, 33.9537944068092], [-118.449605903127, 33.9537910611216], [-118.453428828447, 33.9593013755092], [-118.449613384296, 33.9648153860628], [-118.441974524345, 33.9648187335519], [-118.438152090403, 33.9593080686861]]]}}, {"type": "Feature", "properties": {"OBJECTID": 151, "GRID_ID": "R-35", "has_data": true}, "geometry": {"type": "Polygon", "coordinates": [[[-118.42669680085, 33.9648240121986], [-118.430513722729, 33.9593107078079], [-118.438152090403, 33.9593080686861], [-118.441974524345, 33.9648187335519], [-118.438158095641, 33.9703323864541], [-118.430518741617, 33.9703350259788], [-118.42669680085, 33.9648240121986]]]}}, {"type": "Feature", "properties": {"OBJECTID": 152, "GRID_ID": "S-35", "has_data": true}, "geometry": {"type": "Polygon", "coordinates": [[[-118.415236984685, 33.9593145696283], [-118.419054398842, 33.9538016138222], [-118.426692275137, 33.9537996831594], [-118.430513722729, 33.9593107078079], [-118.42669680085, 33.9648240121986], [-118.419057939102, 33.9648259441013], [-118.415236984685, 33.9593145696283]]]}}, {"type": "Feature", "properties": {"OBJECTID": 153, "GRID_ID": "T-35", "has_data": true}, "geometry": {"type": "Polygon", "coordinates": [[[-118.403780217403, 33.9648283908302], [-118.407598616113, 33.9593157930721], [-118.415236984685, 33.9593145696283], [-118.419057939102, 33.9648259441013], [-118.415240033568, 33.9703388902788], [-118.407600678645, 33.9703401143089], [-118.403780217403, 33.9648283908302]]]}}, {"type": "Feature", "properties": {"OBJECTID": 154, "GRID_ID": "U-35", "has_data": true}, "geometry": {"type": "Polygon", "coordinates": [[[-118.392321879866, 33.9593168250267], [-118.39614077175, 33.9538045757612], [-118.403778648046, 33.953804060123], [-118.407598616113, 33.9593157930721], [-118.403780217403, 33.9648283908302], [-118.396141355655, 33.9648289071467], [-118.392321879866, 33.9593168250267]]]}}, {"type": "Feature", "properties": {"OBJECTID": 155, "GRID_ID": "V-35", "has_data": true}, "geometry": {"type": "Polygon", "coordinates": [[[-118.380863633957, 33.9648285227033], [-118.384683511293, 33.9593166327926], [-118.392321879866, 33.9593168250267], [-118.396141355655, 33.9648289071467], [-118.392321971494, 33.9703411461299], [-118.384682617469, 33.9703409539206], [-118.380863633957, 33.9648285227033]]]}}, {"type": "Feature", "properties": {"OBJECTID": 156, "GRID_ID": "W-35", "has_data": true}, "geometry": {"type": "Polygon", "coordinates": [[[-118.369406774148, 33.9593148333915], [-118.373227143761, 33.9538032926269], [-118.380865020057, 33.9538041920131], [-118.384683511293, 33.9593166327926], [-118.380863633957, 33.9648285227033], [-118.373224772209, 33.9648276226885], [-118.369406774148, 33.9593148333915]]]}}, {"type": "Feature", "properties": {"OBJECTID": 157, "GRID_ID": "X-35", "has_data": true}, "geometry": {"type": "Polygon", "coordinates": [[[-118.35794705051, 33.9648244070727], [-118.361768405575, 33.9593132262245], [-118.369406774148, 33.9593148333915], [-118.373224772209, 33.9648276226885], [-118.36940390942, 33.9703391540077], [-118.361764555396, 33.970337545559], [-118.35794705051, 33.9648244070727]]]}}, {"type": "Feature", "properties": {"OBJECTID": 158, "GRID_ID": "AB-35", "has_data": true}, "geometry": {"type": "Polygon", "coordinates": [[[-118.312113880922, 33.9648034355328], [-118.315938194139, 33.9592936734747], [-118.323576561814, 33.9592981119985], [-118.327391605316, 33.9648123134952], [-118.323567784375, 33.9703224250969], [-118.31592843035, 33.9703179849133], [-118.312113880922, 33.9648034355328]]]}}, {"type": "Feature", "properties": {"OBJECTID": 159, "GRID_ID": "AC-35", "has_data": true}, "geometry": {"type": "Polygon", "coordinates": [[[-118.300661455197, 33.9592833814931], [-118.304486258895, 33.9537739697976], [-118.312124134292, 33.9537791150041], [-118.315938194139, 33.9592936734747], [-118.312113880922, 33.9648034355328], [-118.304475020072, 33.9647982880128], [-118.300661455197, 33.9592833814931]]]}}, {"type": "Feature", "properties": {"OBJECTID": 160, "GRID_ID": "AD-35", "has_data": true}, "geometry": {"type": "Polygon", "coordinates": [[[-118.289197295678, 33.9647865781302], [-118.293023086625, 33.9592775280352], [-118.300661455197, 33.9592833814931], [-118.304475020072, 33.9647982880128], [-118.300649720505, 33.9703076890507], [-118.29301036648, 33.9703018326263], [-118.289197295678, 33.9647865781302]]]}}, {"type": "Feature", "properties": {"OBJECTID": 161, "GRID_ID": "AE-35", "has_data": true}, "geometry": {"type": "Polygon", "coordinates": [[[-118.277746347683, 33.9592644054393], [-118.281572628211, 33.9537557048711], [-118.289210505405, 33.9537622651038], [-118.293023086625, 33.9592775280352], [-118.289197295678, 33.9647865781302], [-118.281558433931, 33.9647800157674], [-118.277746347683, 33.9592644054393]]]}}, {"type": "Feature", "properties": {"OBJECTID": 162, "GRID_ID": "AE-35", "has_data": true}, "geometry": {"type": "Polygon", "coordinates": [[[-118.277746347683, 33.9592644054393], [-118.281572628211, 33.9537557048711], [-118.289210505405, 33.9537622651038], [-118.293023086625, 33.9592775280352], [-118.289197295678, 33.9647865781302], [-118.281558433931, 33.9647800157674], [-118.277746347683, 33.9592644054393]]]}}, {"type": "Feature", "properties": {"OBJECTID": 163, "GRID_ID": "AE-35", "has_data": true}, "geometry": {"type": "Polygon", "coordinates": [[[-118.277746347683, 33.9592644054393], [-118.281572628211, 33.9537557048711], [-118.289210505405, 33.9537622651038], [-118.293023086625, 33.9592775280352], [-118.289197295678, 33.9647865781302], [-118.281558433931, 33.9647800157674], [-118.277746347683, 33.9592644054393]]]}}, {"type": "Feature", "properties": {"OBJECTID": 164, "GRID_ID": "AE-35", "has_data": true}, "geometry": {"type": "Polygon", "coordinates": [[[-118.277746347683, 33.9592644054393], [-118.281572628211, 33.9537557048711], [-118.289210505405, 33.9537622651038], [-118.293023086625, 33.9592775280352], [-118.289197295678, 33.9647865781302], [-118.281558433931, 33.9647800157674], [-118.277746347683, 33.9592644054393]]]}}, {"type": "Feature", "properties": {"OBJECTID": 165, "GRID_ID": "AE-35", "has_data": true}, "geometry": {"type": "Polygon", "coordinates": [[[-118.277746347683, 33.9592644054393], [-118.281572628211, 33.9537557048711], [-118.289210505405, 33.9537622651038], [-118.293023086625, 33.9592775280352], [-118.289197295678, 33.9647865781302], [-118.281558433931, 33.9647800157674], [-118.277746347683, 33.9592644054393]]]}}, {"type": "Feature", "properties": {"OBJECTID": 166, "GRID_ID": "AF-35", "has_data": true}, "geometry": {"type": "Polygon", "coordinates": [[[-118.266280709537, 33.9647654747078], [-118.270107977313, 33.9592571363012], [-118.277746347683, 33.9592644054393], [-118.281558433931, 33.9647800157674], [-118.277731656634, 33.9702887042812], [-118.270092300813, 33.9702814323602], [-118.266280709537, 33.9647654747078]]]}}, {"type": "Feature", "properties": {"OBJECTID": 167, "GRID_ID": "AF-35", "has_data": true}, "geometry": {"type": "Polygon", "coordinates": [[[-118.266280709537, 33.9647654747078], [-118.270107977313, 33.9592571363012], [-118.277746347683, 33.9592644054393], [-118.281558433931, 33.9647800157674], [-118.277731656634, 33.9702887042812], [-118.270092300813, 33.9702814323602], [-118.266280709537, 33.9647654747078]]]}}, {"type": "Feature", "properties": {"OBJECTID": 168, "GRID_ID": "AF-35", "has_data": true}, "geometry": {"type": "Polygon", "coordinates": [[[-118.266280709537, 33.9647654747078], [-118.270107977313, 33.9592571363012], [-118.277746347683, 33.9592644054393], [-118.281558433931, 33.9647800157674], [-118.277731656634, 33.9702887042812], [-118.270092300813, 33.9702814323602], [-118.266280709537, 33.9647654747078]]]}}, {"type": "Feature", "properties": {"OBJECTID": 169, "GRID_ID": "AF-35", "has_data": true}, "geometry": {"type": "Polygon", "coordinates": [[[-118.266280709537, 33.9647654747078], [-118.270107977313, 33.9592571363012], [-118.277746347683, 33.9592644054393], [-118.281558433931, 33.9647800157674], [-118.277731656634, 33.9702887042812], [-118.270092300813, 33.9702814323602], [-118.266280709537, 33.9647654747078]]]}}, {"type": "Feature", "properties": {"OBJECTID": 170, "GRID_ID": "AF-35", "has_data": true}, "geometry": {"type": "Polygon", "coordinates": [[[-118.266280709537, 33.9647654747078], [-118.270107977313, 33.9592571363012], [-118.277746347683, 33.9592644054393], [-118.281558433931, 33.9647800157674], [-118.277731656634, 33.9702887042812], [-118.270092300813, 33.9702814323602], [-118.266280709537, 33.9647654747078]]]}}, {"type": "Feature", "properties": {"OBJECTID": 171, "GRID_ID": "AF-35", "has_data": true}, "geometry": {"type": "Polygon", "coordinates": [[[-118.266280709537, 33.9647654747078], [-118.270107977313, 33.9592571363012], [-118.277746347683, 33.9592644054393], [-118.281558433931, 33.9647800157674], [-118.277731656634, 33.9702887042812], [-118.270092300813, 33.9702814323602], [-118.266280709537, 33.9647654747078]]]}}, {"type": "Feature", "properties": {"OBJECTID": 172, "GRID_ID": "AG-35", "has_data": true}, "geometry": {"type": "Polygon", "coordinates": [[[-118.254831238371, 33.9592411823439], [-118.258658996628, 33.9537331941186], [-118.26629687472, 33.9537411693786], [-118.270107977313, 33.9592571363012], [-118.266280709537, 33.9647654747078], [-118.258641846891, 33.964757496011], [-118.254831238371, 33.9592411823439]]]}}, {"type": "Feature", "properties": {"OBJECTID": 173, "GRID_ID": "AG-35", "has_data": true}, "geometry": {"type": "Polygon", "coordinates": [[[-118.254831238371, 33.9592411823439], [-118.258658996628, 33.9537331941186], [-118.26629687472, 33.9537411693786], [-118.270107977313, 33.9592571363012], [-118.266280709537, 33.9647654747078], [-118.258641846891, 33.964757496011], [-118.254831238371, 33.9592411823439]]]}}, {"type": "Feature", "properties": {"OBJECTID": 174, "GRID_ID": "AG-35", "has_data": true}, "geometry": {"type": "Polygon", "coordinates": [[[-118.254831238371, 33.9592411823439], [-118.258658996628, 33.9537331941186], [-118.26629687472, 33.9537411693786], [-118.270107977313, 33.9592571363012], [-118.266280709537, 33.9647654747078], [-118.258641846891, 33.964757496011], [-118.254831238371, 33.9592411823439]]]}}, {"type": "Feature", "properties": {"OBJECTID": 175, "GRID_ID": "AG-35", "has_data": true}, "geometry": {"type": "Polygon", "coordinates": [[[-118.254831238371, 33.9592411823439], [-118.258658996628, 33.9537331941186], [-118.26629687472, 33.9537411693786], [-118.270107977313, 33.9592571363012], [-118.266280709537, 33.9647654747078], [-118.258641846891, 33.964757496011], [-118.254831238371, 33.9592411823439]]]}}, {"type": "Feature", "properties": {"OBJECTID": 176, "GRID_ID": "AH-35", "has_data": true}, "geometry": {"type": "Polygon", "coordinates": [[[-118.243364121599, 33.9647401230274], [-118.247192868002, 33.9592324975246], [-118.254831238371, 33.9592411823439], [-118.258641846891, 33.964757496011], [-118.254813590968, 33.9702654722756], [-118.247174235146, 33.9702567841118], [-118.243364121599, 33.9647401230274]]]}}, {"type": "Feature", "properties": {"OBJECTID": 177, "GRID_ID": "AI-35", "has_data": true}, "geometry": {"type": "Polygon", "coordinates": [[[-118.231916128162, 33.9592137129487], [-118.235745364147, 33.9537064390272], [-118.24338324224, 33.9537158293157], [-118.247192868002, 33.9592324975246], [-118.243364121599, 33.9647401230274], [-118.235725258054, 33.9647307287404], [-118.231916128162, 33.9592137129487]]]}}, {"type": "Feature", "properties": {"OBJECTID": 178, "GRID_ID": "P-34", "has_data": true}, "geometry": {"type": "Polygon", "coordinates": [[[-118.449620869958, 33.9758396917601], [-118.453436804588, 33.9703256904196], [-118.461076157715, 33.9703216346548], [-118.464900564357, 33.9758315785215], [-118.4610851238, 33.9813459274825], [-118.453444784323, 33.981349985701], [-118.449620869958, 33.9758396917601]]]}}, {"type": "Feature", "properties": {"OBJECTID": 179, "GRID_ID": "P-34", "has_data": true}, "geometry": {"type": "Polygon", "coordinates": [[[-118.449620869958, 33.9758396917601], [-118.453436804588, 33.9703256904196], [-118.461076157715, 33.9703216346548], [-118.464900564357, 33.9758315785215], [-118.4610851238, 33.9813459274825], [-118.453444784323, 33.981349985701], [-118.449620869958, 33.9758396917601]]]}}, {"type": "Feature", "properties": {"OBJECTID": 180, "GRID_ID": "P-34", "has_data": true}, "geometry": {"type": "Polygon", "coordinates": [[[-118.449620869958, 33.9758396917601], [-118.453436804588, 33.9703256904196], [-118.461076157715, 33.9703216346548], [-118.464900564357, 33.9758315785215], [-118.4610851238, 33.9813459274825], [-118.453444784323, 33.981349985701], [-118.449620869958, 33.9758396917601]]]}}, {"type": "Feature", "properties": {"OBJECTID": 181, "GRID_ID": "Q-34", "has_data": true}, "geometry": {"type": "Polygon", "coordinates": [[[-118.438158095641, 33.9703323864541], [-118.441974524345, 33.9648187335519], [-118.449613384296, 33.9648153860628], [-118.453436804588, 33.9703256904196], [-118.449620869958, 33.9758396917601], [-118.441981022758, 33.9758430403053], [-118.438158095641, 33.9703323864541]]]}}, {"type": "Feature", "properties": {"OBJECTID": 182, "GRID_ID": "R-34", "has_data": true}, "geometry": {"type": "Polygon", "coordinates": [[[-118.426701328359, 33.9758483212475], [-118.430518741617, 33.9703350259788], [-118.438158095641, 33.9703323864541], [-118.441981022758, 33.9758430403053], [-118.438164103574, 33.9813566838469], [-118.430523764097, 33.9813593252642], [-118.426701328359, 33.9758483212475]]]}}, {"type": "Feature", "properties": {"OBJECTID": 183, "GRID_ID": "S-34", "has_data": true}, "geometry": {"type": "Polygon", "coordinates": [[[-118.415240033568, 33.9703388902788], [-118.419057939102, 33.9648259441013], [-118.42669680085, 33.9648240121986], [-118.430518741617, 33.9703350259788], [-118.426701328359, 33.9758483212475], [-118.419061481159, 33.9758502536447], [-118.415240033568, 33.9703388902788]]]}}, {"type": "Feature", "properties": {"OBJECTID": 184, "GRID_ID": "T-34", "has_data": true}, "geometry": {"type": "Polygon", "coordinates": [[[-118.403781787658, 33.9758527022913], [-118.407600678645, 33.9703401143089], [-118.415240033568, 33.9703388902788], [-118.419061481159, 33.9758502536447], [-118.415243083348, 33.9813631905528], [-118.407602742973, 33.9813644151692], [-118.403781787658, 33.9758527022913]]]}}, {"type": "Feature", "properties": {"OBJECTID": 185, "GRID_ID": "U-34", "has_data": true}, "geometry": {"type": "Polygon", "coordinates": [[[-118.392321971494, 33.9703411461299], [-118.396141355655, 33.9648289071467], [-118.403780217403, 33.9648283908302], [-118.407600678645, 33.9703401143089], [-118.403781787658, 33.9758527022913], [-118.396141940459, 33.9758532177958], [-118.392321971494, 33.9703411461299]]]}}, {"type": "Feature", "properties": {"OBJECTID": 186, "GRID_ID": "V-34", "has_data": true}, "geometry": {"type": "Polygon", "coordinates": [[[-118.380862246958, 33.9758528341472], [-118.384682617469, 33.9703409539206], [-118.392321971494, 33.9703411461299], [-118.396141940459, 33.9758532177958], [-118.392322063122, 33.9813654476012], [-118.384681722747, 33.9813652554169], [-118.380862246958, 33.9758528341472]]]}}, {"type": "Feature", "properties": {"OBJECTID": 187, "GRID_ID": "W-34", "has_data": true}, "geometry": {"type": "Polygon", "coordinates": [[[-118.36940390942, 33.9703391540077], [-118.373224772209, 33.9648276226885], [-118.380863633957, 33.9648285227033], [-118.384682617469, 33.9703409539206], [-118.380862246958, 33.9758528341472], [-118.373222399758, 33.9758519335041], [-118.36940390942, 33.9703391540077]]]}}, {"type": "Feature", "properties": {"OBJECTID": 188, "GRID_ID": "W-34", "has_data": true}, "geometry": {"type": "Polygon", "coordinates": [[[-118.36940390942, 33.9703391540077], [-118.373224772209, 33.9648276226885], [-118.380863633957, 33.9648285227033], [-118.384682617469, 33.9703409539206], [-118.380862246958, 33.9758528341472], [-118.373222399758, 33.9758519335041], [-118.36940390942, 33.9703391540077]]]}}, {"type": "Feature", "properties": {"OBJECTID": 189, "GRID_ID": "W-34", "has_data": true}, "geometry": {"type": "Polygon", "coordinates": [[[-118.36940390942, 33.9703391540077], [-118.373224772209, 33.9648276226885], [-118.380863633957, 33.9648285227033], [-118.384682617469, 33.9703409539206], [-118.380862246958, 33.9758528341472], [-118.373222399758, 33.9758519335041], [-118.36940390942, 33.9703391540077]]]}}, {"type": "Feature", "properties": {"OBJECTID": 190, "GRID_ID": "W-34", "has_data": true}, "geometry": {"type": "Polygon", "coordinates": [[[-118.36940390942, 33.9703391540077], [-118.373224772209, 33.9648276226885], [-118.380863633957, 33.9648285227033], [-118.384682617469, 33.9703409539206], [-118.380862246958, 33.9758528341472], [-118.373222399758, 33.9758519335041], [-118.36940390942, 33.9703391540077]]]}}, {"type": "Feature", "properties": {"OBJECTID": 191, "GRID_ID": "X-34", "has_data": true}, "geometry": {"type": "Polygon", "coordinates": [[[-118.357942706257, 33.9758487168153], [-118.361764555396, 33.970337545559], [-118.36940390942, 33.9703391540077], [-118.373222399758, 33.9758519335041], [-118.369401042896, 33.9813634542476], [-118.361760702522, 33.9813618452626], [-118.357942706257, 33.9758487168153]]]}}, {"type": "Feature", "properties": {"OBJECTID": 192, "GRID_ID": "Z-34", "has_data": true}, "geometry": {"type": "Polygon", "coordinates": [[[-118.33502316376, 33.9758403510399], [-118.338846493322, 33.9703298892237], [-118.346485847347, 33.970332913167], [-118.350302859058, 33.9758464000245], [-118.346480023569, 33.9813572112365], [-118.338839682296, 33.9813541861954], [-118.33502316376, 33.9758403510399]]]}}, {"type": "Feature", "properties": {"OBJECTID": 193, "GRID_ID": "AA-34", "has_data": true}, "geometry": {"type": "Polygon", "coordinates": [[[-118.323567784375, 33.9703224250969], [-118.327391605316, 33.9648123134952], [-118.335030466165, 33.9648160446829], [-118.338846493322, 33.9703298892237], [-118.33502316376, 33.9758403510399], [-118.327383317459, 33.975836618101], [-118.323567784375, 33.9703224250969]]]}}, {"type": "Feature", "properties": {"OBJECTID": 194, "GRID_ID": "AB-34", "has_data": true}, "geometry": {"type": "Polygon", "coordinates": [[[-118.312103622161, 33.9758277360747], [-118.31592843035, 33.9703179849133], [-118.323567784375, 33.9703224250969], [-118.327383317459, 33.975836618101], [-118.323559001546, 33.981346718567], [-118.31591866207, 33.9813422767245], [-118.312103622161, 33.9758277360747]]]}}, {"type": "Feature", "properties": {"OBJECTID": 195, "GRID_ID": "AB-34", "has_data": true}, "geometry": {"type": "Polygon", "coordinates": [[[-118.312103622161, 33.9758277360747], [-118.31592843035, 33.9703179849133], [-118.323567784375, 33.9703224250969], [-118.327383317459, 33.975836618101], [-118.323559001546, 33.981346718567], [-118.31591866207, 33.9813422767245], [-118.312103622161, 33.9758277360747]]]}}, {"type": "Feature", "properties": {"OBJECTID": 196, "GRID_ID": "AC-34", "has_data": true}, "geometry": {"type": "Polygon", "coordinates": [[[-118.300649720505, 33.9703076890507], [-118.304475020072, 33.9647982880128], [-118.312113880922, 33.9648034355328], [-118.31592843035, 33.9703179849133], [-118.312103622161, 33.9758277360747], [-118.30446377586, 33.9758225869872], [-118.300649720505, 33.9703076890507]]]}}, {"type": "Feature", "properties": {"OBJECTID": 197, "GRID_ID": "AD-34", "has_data": true}, "geometry": {"type": "Polygon", "coordinates": [[[-118.289184079664, 33.975810871918], [-118.29301036648, 33.9703018326263], [-118.300649720505, 33.9703076890507], [-118.30446377586, 33.9758225869872], [-118.300637980422, 33.9813319762374], [-118.292997640048, 33.9813261175928], [-118.289184079664, 33.975810871918]]]}}, {"type": "Feature", "properties": {"OBJECTID": 198, "GRID_ID": "AD-34", "has_data": true}, "geometry": {"type": "Polygon", "coordinates": [[[-118.289184079664, 33.975810871918], [-118.29301036648, 33.9703018326263], [-118.300649720505, 33.9703076890507], [-118.30446377586, 33.9758225869872], [-118.300637980422, 33.9813319762374], [-118.292997640048, 33.9813261175928], [-118.289184079664, 33.975810871918]]]}}, {"type": "Feature", "properties": {"OBJECTID": 199, "GRID_ID": "AE-34", "has_data": true}, "geometry": {"type": "Polygon", "coordinates": [[[-118.277731656634, 33.9702887042812], [-118.281558433931, 33.9647800157674], [-118.289197295678, 33.9647865781302], [-118.29301036648, 33.9703018326263], [-118.289184079664, 33.975810871918], [-118.281544231566, 33.9758043066811], [-118.277731656634, 33.9702887042812]]]}}, {"type": "Feature", "properties": {"OBJECTID": 200, "GRID_ID": "AE-34", "has_data": true}, "geometry": {"type": "Polygon", "coordinates": [[[-118.277731656634, 33.9702887042812], [-118.281558433931, 33.9647800157674], [-118.289197295678, 33.9647865781302], [-118.29301036648, 33.9703018326263], [-118.289184079664, 33.975810871918], [-118.281544231566, 33.9758043066811], [-118.277731656634, 33.9702887042812]]]}}, {"type": "Feature", "properties": {"OBJECTID": 201, "GRID_ID": "AE-34", "has_data": true}, "geometry": {"type": "Polygon", "coordinates": [[[-118.277731656634, 33.9702887042812], [-118.281558433931, 33.9647800157674], [-118.289197295678, 33.9647865781302], [-118.29301036648, 33.9703018326263], [-118.289184079664, 33.975810871918], [-118.281544231566, 33.9758043066811], [-118.277731656634, 33.9702887042812]]]}}, {"type": "Feature", "properties": {"OBJECTID": 202, "GRID_ID": "AE-34", "has_data": true}, "geometry": {"type": "Polygon", "coordinates": [[[-118.277731656634, 33.9702887042812], [-118.281558433931, 33.9647800157674], [-118.289197295678, 33.9647865781302], [-118.29301036648, 33.9703018326263], [-118.289184079664, 33.975810871918], [-118.281544231566, 33.9758043066811], [-118.277731656634, 33.9702887042812]]]}}, {"type": "Feature", "properties": {"OBJECTID": 203, "GRID_ID": "AE-34", "has_data": true}, "geometry": {"type": "Polygon", "coordinates": [[[-118.277731656634, 33.9702887042812], [-118.281558433931, 33.9647800157674], [-118.289197295678, 33.9647865781302], [-118.29301036648, 33.9703018326263], [-118.289184079664, 33.975810871918], [-118.281544231566, 33.9758043066811], [-118.277731656634, 33.9702887042812]]]}}, {"type": "Feature", "properties": {"OBJECTID": 204, "GRID_ID": "AE-34", "has_data": true}, "geometry": {"type": "Polygon", "coordinates": [[[-118.277731656634, 33.9702887042812], [-118.281558433931, 33.9647800157674], [-118.289197295678, 33.9647865781302], [-118.29301036648, 33.9703018326263], [-118.289184079664, 33.975810871918], [-118.281544231566, 33.9758043066811], [-118.277731656634, 33.9702887042812]]]}}, {"type": "Feature", "properties": {"OBJECTID": 205, "GRID_ID": "AF-34", "has_data": true}, "geometry": {"type": "Polygon", "coordinates": [[[-118.266264536269, 33.9757897593121], [-118.270092300813, 33.9702814323602], [-118.277731656634, 33.9702887042812], [-118.281544231566, 33.9758043066811], [-118.277716957501, 33.9813129842458], [-118.270076616228, 33.9813057087982], [-118.266264536269, 33.9757897593121]]]}}, {"type": "Feature", "properties": {"OBJECTID": 206, "GRID_ID": "AF-34", "has_data": true}, "geometry": {"type": "Polygon", "coordinates": [[[-118.266264536269, 33.9757897593121], [-118.270092300813, 33.9702814323602], [-118.277731656634, 33.9702887042812], [-118.281544231566, 33.9758043066811], [-118.277716957501, 33.9813129842458], [-118.270076616228, 33.9813057087982], [-118.266264536269, 33.9757897593121]]]}}, {"type": "Feature", "properties": {"OBJECTID": 207, "GRID_ID": "AF-34", "has_data": true}, "geometry": {"type": "Polygon", "coordinates": [[[-118.266264536269, 33.9757897593121], [-118.270092300813, 33.9702814323602], [-118.277731656634, 33.9702887042812], [-118.281544231566, 33.9758043066811], [-118.277716957501, 33.9813129842458], [-118.270076616228, 33.9813057087982], [-118.266264536269, 33.9757897593121]]]}}, {"type": "Feature", "properties": {"OBJECTID": 208, "GRID_ID": "AF-34", "has_data": true}, "geometry": {"type": "Polygon", "coordinates": [[[-118.266264536269, 33.9757897593121], [-118.270092300813, 33.9702814323602], [-118.277731656634, 33.9702887042812], [-118.281544231566, 33.9758043066811], [-118.277716957501, 33.9813129842458], [-118.270076616228, 33.9813057087982], [-118.266264536269, 33.9757897593121]]]}}, {"type": "Feature", "properties": {"OBJECTID": 209, "GRID_ID": "AF-34", "has_data": true}, "geometry": {"type": "Polygon", "coordinates": [[[-118.266264536269, 33.9757897593121], [-118.270092300813, 33.9702814323602], [-118.277731656634, 33.9702887042812], [-118.281544231566, 33.9758043066811], [-118.277716957501, 33.9813129842458], [-118.270076616228, 33.9813057087982], [-118.266264536269, 33.9757897593121]]]}}, {"type": "Feature", "properties": {"OBJECTID": 210, "GRID_ID": "AF-34", "has_data": true}, "geometry": {"type": "Polygon", "coordinates": [[[-118.266264536269, 33.9757897593121], [-118.270092300813, 33.9702814323602], [-118.277731656634, 33.9702887042812], [-118.281544231566, 33.9758043066811], [-118.277716957501, 33.9813129842458], [-118.270076616228, 33.9813057087982], [-118.266264536269, 33.9757897593121]]]}}, {"type": "Feature", "properties": {"OBJECTID": 211, "GRID_ID": "AG-34", "has_data": true}, "geometry": {"type": "Polygon", "coordinates": [[[-118.254813590968, 33.9702654722756], [-118.258641846891, 33.964757496011], [-118.266280709537, 33.9647654747078], [-118.270092300813, 33.9702814323602], [-118.266264536269, 33.9757897593121], [-118.258624687272, 33.9757817771798], [-118.254813590968, 33.9702654722756]]]}}, {"type": "Feature", "properties": {"OBJECTID": 212, "GRID_ID": "AG-34", "has_data": true}, "geometry": {"type": "Polygon", "coordinates": [[[-118.254813590968, 33.9702654722756], [-118.258641846891, 33.964757496011], [-118.266280709537, 33.9647654747078], [-118.270092300813, 33.9702814323602], [-118.266264536269, 33.9757897593121], [-118.258624687272, 33.9757817771798], [-118.254813590968, 33.9702654722756]]]}}, {"type": "Feature", "properties": {"OBJECTID": 213, "GRID_ID": "AG-34", "has_data": true}, "geometry": {"type": "Polygon", "coordinates": [[[-118.254813590968, 33.9702654722756], [-118.258641846891, 33.964757496011], [-118.266280709537, 33.9647654747078], [-118.270092300813, 33.9702814323602], [-118.266264536269, 33.9757897593121], [-118.258624687272, 33.9757817771798], [-118.254813590968, 33.9702654722756]]]}}, {"type": "Feature", "properties": {"OBJECTID": 214, "GRID_ID": "AG-34", "has_data": true}, "geometry": {"type": "Polygon", "coordinates": [[[-118.254813590968, 33.9702654722756], [-118.258641846891, 33.964757496011], [-118.266280709537, 33.9647654747078], [-118.270092300813, 33.9702814323602], [-118.266264536269, 33.9757897593121], [-118.258624687272, 33.9757817771798], [-118.254813590968, 33.9702654722756]]]}}, {"type": "Feature", "properties": {"OBJECTID": 215, "GRID_ID": "AG-34", "has_data": true}, "geometry": {"type": "Polygon", "coordinates": [[[-118.254813590968, 33.9702654722756], [-118.258641846891, 33.964757496011], [-118.266280709537, 33.9647654747078], [-118.270092300813, 33.9702814323602], [-118.266264536269, 33.9757897593121], [-118.258624687272, 33.9757817771798], [-118.254813590968, 33.9702654722756]]]}}, {"type": "Feature", "properties": {"OBJECTID": 216, "GRID_ID": "AG-34", "has_data": true}, "geometry": {"type": "Polygon", "coordinates": [[[-118.254813590968, 33.9702654722756], [-118.258641846891, 33.964757496011], [-118.266280709537, 33.9647654747078], [-118.270092300813, 33.9702814323602], [-118.266264536269, 33.9757897593121], [-118.258624687272, 33.9757817771798], [-118.254813590968, 33.9702654722756]]]}}, {"type": "Feature", "properties": {"OBJECTID": 217, "GRID_ID": "AG-34", "has_data": true}, "geometry": {"type": "Polygon", "coordinates": [[[-118.254813590968, 33.9702654722756], [-118.258641846891, 33.964757496011], [-118.266280709537, 33.9647654747078], [-118.270092300813, 33.9702814323602], [-118.266264536269, 33.9757897593121], [-118.258624687272, 33.9757817771798], [-118.254813590968, 33.9702654722756]]]}}, {"type": "Feature", "properties": {"OBJECTID": 218, "GRID_ID": "AG-34", "has_data": true}, "geometry": {"type": "Polygon", "coordinates": [[[-118.254813590968, 33.9702654722756], [-118.258641846891, 33.964757496011], [-118.266280709537, 33.9647654747078], [-118.270092300813, 33.9702814323602], [-118.266264536269, 33.9757897593121], [-118.258624687272, 33.9757817771798], [-118.254813590968, 33.9702654722756]]]}}, {"type": "Feature", "properties": {"OBJECTID": 219, "GRID_ID": "AG-34", "has_data": true}, "geometry": {"type": "Polygon", "coordinates": [[[-118.254813590968, 33.9702654722756], [-118.258641846891, 33.964757496011], [-118.266280709537, 33.9647654747078], [-118.270092300813, 33.9702814323602], [-118.266264536269, 33.9757897593121], [-118.258624687272, 33.9757817771798], [-118.254813590968, 33.9702654722756]]]}}, {"type": "Feature", "properties": {"OBJECTID": 220, "GRID_ID": "AG-34", "has_data": true}, "geometry": {"type": "Polygon", "coordinates": [[[-118.254813590968, 33.9702654722756], [-118.258641846891, 33.964757496011], [-118.266280709537, 33.9647654747078], [-118.270092300813, 33.9702814323602], [-118.266264536269, 33.9757897593121], [-118.258624687272, 33.9757817771798], [-118.254813590968, 33.9702654722756]]]}}, {"type": "Feature", "properties": {"OBJECTID": 221, "GRID_ID": "AH-34", "has_data": true}, "geometry": {"type": "Polygon", "coordinates": [[[-118.243344991076, 33.9757643975089], [-118.247174235146, 33.9702567841118], [-118.254813590968, 33.9702654722756], [-118.258624687272, 33.9757817771798], [-118.254795933682, 33.9812897418441], [-118.247155592409, 33.9812810503374], [-118.243344991076, 33.9757643975089]]]}}, {"type": "Feature", "properties": {"OBJECTID": 222, "GRID_ID": "N-33", "has_data": true}, "geometry": {"type": "Polygon", "coordinates": [[[-118.472550859862, 33.986851093732], [-118.476365805447, 33.9813363957335], [-118.48400614672, 33.981330921458], [-118.48783252786, 33.9868401429115], [-118.484018077246, 33.9923551891297], [-118.476376749622, 33.9923606656744], [-118.472550859862, 33.986851093732]]]}}, {"type": "Feature", "properties": {"OBJECTID": 223, "GRID_ID": "N-33", "has_data": true}, "geometry": {"type": "Polygon", "coordinates": [[[-118.472550859862, 33.986851093732], [-118.476365805447, 33.9813363957335], [-118.48400614672, 33.981330921458], [-118.48783252786, 33.9868401429115], [-118.484018077246, 33.9923551891297], [-118.476376749622, 33.9923606656744], [-118.472550859862, 33.986851093732]]]}}, {"type": "Feature", "properties": {"OBJECTID": 224, "GRID_ID": "N-33", "has_data": true}, "geometry": {"type": "Polygon", "coordinates": [[[-118.472550859862, 33.986851093732], [-118.476365805447, 33.9813363957335], [-118.48400614672, 33.981330921458], [-118.48783252786, 33.9868401429115], [-118.484018077246, 33.9923551891297], [-118.476376749622, 33.9923606656744], [-118.472550859862, 33.986851093732]]]}}, {"type": "Feature", "properties": {"OBJECTID": 225, "GRID_ID": "N-33", "has_data": true}, "geometry": {"type": "Polygon", "coordinates": [[[-118.472550859862, 33.986851093732], [-118.476365805447, 33.9813363957335], [-118.48400614672, 33.981330921458], [-118.48783252786, 33.9868401429115], [-118.484018077246, 33.9923551891297], [-118.476376749622, 33.9923606656744], [-118.472550859862, 33.986851093732]]]}}, {"type": "Feature", "properties": {"OBJECTID": 226, "GRID_ID": "N-33", "has_data": true}, "geometry": {"type": "Polygon", "coordinates": [[[-118.472550859862, 33.986851093732], [-118.476365805447, 33.9813363957335], [-118.48400614672, 33.981330921458], [-118.48783252786, 33.9868401429115], [-118.484018077246, 33.9923551891297], [-118.476376749622, 33.9923606656744], [-118.472550859862, 33.986851093732]]]}}, {"type": "Feature", "properties": {"OBJECTID": 227, "GRID_ID": "N-33", "has_data": true}, "geometry": {"type": "Polygon", "coordinates": [[[-118.472550859862, 33.986851093732], [-118.476365805447, 33.9813363957335], [-118.48400614672, 33.981330921458], [-118.48783252786, 33.9868401429115], [-118.484018077246, 33.9923551891297], [-118.476376749622, 33.9923606656744], [-118.472550859862, 33.986851093732]]]}}, {"type": "Feature", "properties": {"OBJECTID": 228, "GRID_ID": "N-33", "has_data": true}, "geometry": {"type": "Polygon", "coordinates": [[[-118.472550859862, 33.986851093732], [-118.476365805447, 33.9813363957335], [-118.48400614672, 33.981330921458], [-118.48783252786, 33.9868401429115], [-118.484018077246, 33.9923551891297], [-118.476376749622, 33.9923606656744], [-118.472550859862, 33.986851093732]]]}}, {"type": "Feature", "properties": {"OBJECTID": 229, "GRID_ID": "N-33", "has_data": true}, "geometry": {"type": "Polygon", "coordinates": [[[-118.472550859862, 33.986851093732], [-118.476365805447, 33.9813363957335], [-118.48400614672, 33.981330921458], [-118.48783252786, 33.9868401429115], [-118.484018077246, 33.9923551891297], [-118.476376749622, 33.9923606656744], [-118.472550859862, 33.986851093732]]]}}, {"type": "Feature", "properties": {"OBJECTID": 230, "GRID_ID": "N-33", "has_data": true}, "geometry": {"type": "Polygon", "coordinates": [[[-118.472550859862, 33.986851093732], [-118.476365805447, 33.9813363957335], [-118.48400614672, 33.981330921458], [-118.48783252786, 33.9868401429115], [-118.484018077246, 33.9923551891297], [-118.476376749622, 33.9923606656744], [-118.472550859862, 33.986851093732]]]}}, {"type": "Feature", "properties": {"OBJECTID": 231, "GRID_ID": "O-33", "has_data": true}, "geometry": {"type": "Polygon", "coordinates": [[[-118.4610851238, 33.9813459274825], [-118.464900564357, 33.9758315785215], [-118.472540411557, 33.975826813083], [-118.476365805447, 33.9813363957335], [-118.472550859862, 33.986851093732], [-118.464910026312, 33.9868558607871], [-118.4610851238, 33.9813459274825]]]}}, {"type": "Feature", "properties": {"OBJECTID": 232, "GRID_ID": "O-33", "has_data": true}, "geometry": {"type": "Polygon", "coordinates": [[[-118.4610851238, 33.9813459274825], [-118.464900564357, 33.9758315785215], [-118.472540411557, 33.975826813083], [-118.476365805447, 33.9813363957335], [-118.472550859862, 33.986851093732], [-118.464910026312, 33.9868558607871], [-118.4610851238, 33.9813459274825]]]}}, {"type": "Feature", "properties": {"OBJECTID": 233, "GRID_ID": "O-33", "has_data": true}, "geometry": {"type": "Polygon", "coordinates": [[[-118.4610851238, 33.9813459274825], [-118.464900564357, 33.9758315785215], [-118.472540411557, 33.975826813083], [-118.476365805447, 33.9813363957335], [-118.472550859862, 33.986851093732], [-118.464910026312, 33.9868558607871], [-118.4610851238, 33.9813459274825]]]}}, {"type": "Feature", "properties": {"OBJECTID": 234, "GRID_ID": "O-33", "has_data": true}, "geometry": {"type": "Polygon", "coordinates": [[[-118.4610851238, 33.9813459274825], [-118.464900564357, 33.9758315785215], [-118.472540411557, 33.975826813083], [-118.476365805447, 33.9813363957335], [-118.472550859862, 33.986851093732], [-118.464910026312, 33.9868558607871], [-118.4610851238, 33.9813459274825]]]}}, {"type": "Feature", "properties": {"OBJECTID": 235, "GRID_ID": "O-33", "has_data": true}, "geometry": {"type": "Polygon", "coordinates": [[[-118.4610851238, 33.9813459274825], [-118.464900564357, 33.9758315785215], [-118.472540411557, 33.975826813083], [-118.476365805447, 33.9813363957335], [-118.472550859862, 33.986851093732], [-118.464910026312, 33.9868558607871], [-118.4610851238, 33.9813459274825]]]}}, {"type": "Feature", "properties": {"OBJECTID": 236, "GRID_ID": "P-33", "has_data": true}, "geometry": {"type": "Polygon", "coordinates": [[[-118.449628358314, 33.9868639774427], [-118.453444784323, 33.981349985701], [-118.4610851238, 33.9813459274825], [-118.464910026312, 33.9868558607871], [-118.461094095274, 33.9923702014006], [-118.453452768549, 33.9923742605824], [-118.449628358314, 33.9868639774427]]]}}, {"type": "Feature", "properties": {"OBJECTID": 237, "GRID_ID": "Q-33", "has_data": true}, "geometry": {"type": "Polygon", "coordinates": [[[-118.438164103574, 33.9813566838469], [-118.441981022758, 33.9758430403053], [-118.449620869958, 33.9758396917601], [-118.453444784323, 33.981349985701], [-118.449628358314, 33.9868639774427], [-118.441987525662, 33.9868673277881], [-118.438164103574, 33.9813566838469]]]}}, {"type": "Feature", "properties": {"OBJECTID": 238, "GRID_ID": "R-33", "has_data": true}, "geometry": {"type": "Polygon", "coordinates": [[[-118.426705858563, 33.9868726110249], [-118.430523764097, 33.9813593252642], [-118.438164103574, 33.9813566838469], [-118.441987525662, 33.9868673277881], [-118.4381701151, 33.9923809623282], [-118.430528788375, 33.9923836041477], [-118.426705858563, 33.9868726110249]]]}}, {"type": "Feature", "properties": {"OBJECTID": 239, "GRID_ID": "S-33", "has_data": true}, "geometry": {"type": "Polygon", "coordinates": [[[-118.415243083348, 33.9813631905528], [-118.419061481159, 33.9758502536447], [-118.426701328359, 33.9758483212475], [-118.430523764097, 33.9813593252642], [-118.426705858563, 33.9868726110249], [-118.419065025013, 33.9868745439163], [-118.415243083348, 33.9813631905528]]]}}, {"type": "Feature", "properties": {"OBJECTID": 240, "GRID_ID": "T-33", "has_data": true}, "geometry": {"type": "Polygon", "coordinates": [[[-118.403783358812, 33.9868769929903], [-118.407602742973, 33.9813644151692], [-118.415243083348, 33.9813631905528], [-118.419065025013, 33.9868745439163], [-118.415246134925, 33.9923874711694], [-118.4076048082, 33.9923886963717], [-118.403783358812, 33.9868769929903]]]}}, {"type": "Feature", "properties": {"OBJECTID": 241, "GRID_ID": "T-33", "has_data": true}, "geometry": {"type": "Polygon", "coordinates": [[[-118.403783358812, 33.9868769929903], [-118.407602742973, 33.9813644151692], [-118.415243083348, 33.9813631905528], [-118.419065025013, 33.9868745439163], [-118.415246134925, 33.9923874711694], [-118.4076048082, 33.9923886963717], [-118.403783358812, 33.9868769929903]]]}}, {"type": "Feature", "properties": {"OBJECTID": 242, "GRID_ID": "T-33", "has_data": true}, "geometry": {"type": "Polygon", "coordinates": [[[-118.403783358812, 33.9868769929903], [-118.407602742973, 33.9813644151692], [-118.415243083348, 33.9813631905528], [-118.419065025013, 33.9868745439163], [-118.415246134925, 33.9923874711694], [-118.4076048082, 33.9923886963717], [-118.403783358812, 33.9868769929903]]]}}, {"type": "Feature", "properties": {"OBJECTID": 243, "GRID_ID": "T-33", "has_data": true}, "geometry": {"type": "Polygon", "coordinates": [[[-118.403783358812, 33.9868769929903], [-118.407602742973, 33.9813644151692], [-118.415243083348, 33.9813631905528], [-118.419065025013, 33.9868745439163], [-118.415246134925, 33.9923874711694], [-118.4076048082, 33.9923886963717], [-118.403783358812, 33.9868769929903]]]}}, {"type": "Feature", "properties": {"OBJECTID": 244, "GRID_ID": "U-33", "has_data": true}, "geometry": {"type": "Polygon", "coordinates": [[[-118.392322063122, 33.9813654476012], [-118.396141940459, 33.9758532177958], [-118.403781787658, 33.9758527022913], [-118.407602742973, 33.9813644151692], [-118.403783358812, 33.9868769929903], [-118.396142525262, 33.9868775091728], [-118.392322063122, 33.9813654476012]]]}}, {"type": "Feature", "properties": {"OBJECTID": 245, "GRID_ID": "U-33", "has_data": true}, "geometry": {"type": "Polygon", "coordinates": [[[-118.392322063122, 33.9813654476012], [-118.396141940459, 33.9758532177958], [-118.403781787658, 33.9758527022913], [-118.407602742973, 33.9813644151692], [-118.403783358812, 33.9868769929903], [-118.396142525262, 33.9868775091728], [-118.392322063122, 33.9813654476012]]]}}, {"type": "Feature", "properties": {"OBJECTID": 246, "GRID_ID": "V-33", "has_data": true}, "geometry": {"type": "Polygon", "coordinates": [[[-118.380860859061, 33.9868771248291], [-118.384681722747, 33.9813652554169], [-118.392322063122, 33.9813654476012], [-118.396142525262, 33.9868775091728], [-118.39232215475, 33.9923897286699], [-118.384680828025, 33.9923895365105], [-118.380860859061, 33.9868771248291]]]}}, {"type": "Feature", "properties": {"OBJECTID": 247, "GRID_ID": "W-33", "has_data": true}, "geometry": {"type": "Polygon", "coordinates": [[[-118.369401042896, 33.9813634542476], [-118.373222399758, 33.9758519335041], [-118.380862246958, 33.9758528341472], [-118.384681722747, 33.9813652554169], [-118.380860859061, 33.9868771248291], [-118.373220025511, 33.9868762243028], [-118.369401042896, 33.9813634542476]]]}}, {"type": "Feature", "properties": {"OBJECTID": 248, "GRID_ID": "X-33", "has_data": true}, "geometry": {"type": "Polygon", "coordinates": [[[-118.35793835931, 33.9868730065414], [-118.361760702522, 33.9813618452626], [-118.369401042896, 33.9813634542476], [-118.373220025511, 33.9868762243028], [-118.369398175474, 33.99238773483], [-118.361756848749, 33.9923861253088], [-118.35793835931, 33.9868730065414]]]}}, {"type": "Feature", "properties": {"OBJECTID": 249, "GRID_ID": "AA-33", "has_data": true}, "geometry": {"type": "Polygon", "coordinates": [[[-118.323559001546, 33.981346718567], [-118.327383317459, 33.975836618101], [-118.33502316376, 33.9758403510399], [-118.338839682296, 33.9813541861954], [-118.33501585866, 33.9868646366369], [-118.327375026009, 33.9868609026924], [-118.323559001546, 33.981346718567]]]}}, {"type": "Feature", "properties": {"OBJECTID": 250, "GRID_ID": "Z-24", "has_data": true}, "geometry": {"type": "Polygon", "coordinates": [[[-118.334949929505, 34.0860823204757], [-118.338778220462, 34.0805719651909], [-118.346427459548, 34.0805750015771], [-118.350249398518, 34.086088395085], [-118.346421603431, 34.0915991018371], [-118.338771372605, 34.0915960636143], [-118.334949929505, 34.0860823204757]]]}}, {"type": "Feature", "properties": {"OBJECTID": 251, "GRID_ID": "Z-24", "has_data": true}, "geometry": {"type": "Polygon", "coordinates": [[[-118.334949929505, 34.0860823204757], [-118.338778220462, 34.0805719651909], [-118.346427459548, 34.0805750015771], [-118.350249398518, 34.086088395085], [-118.346421603431, 34.0915991018371], [-118.338771372605, 34.0915960636143], [-118.334949929505, 34.0860823204757]]]}}, {"type": "Feature", "properties": {"OBJECTID": 252, "GRID_ID": "Z-24", "has_data": true}, "geometry": {"type": "Polygon", "coordinates": [[[-118.334949929505, 34.0860823204757], [-118.338778220462, 34.0805719651909], [-118.346427459548, 34.0805750015771], [-118.350249398518, 34.086088395085], [-118.346421603431, 34.0915991018371], [-118.338771372605, 34.0915960636143], [-118.334949929505, 34.0860823204757]]]}}, {"type": "Feature", "properties": {"OBJECTID": 253, "GRID_ID": "Z-24", "has_data": true}, "geometry": {"type": "Polygon", "coordinates": [[[-118.334949929505, 34.0860823204757], [-118.338778220462, 34.0805719651909], [-118.346427459548, 34.0805750015771], [-118.350249398518, 34.086088395085], [-118.346421603431, 34.0915991018371], [-118.338771372605, 34.0915960636143], [-118.334949929505, 34.0860823204757]]]}}, {"type": "Feature", "properties": {"OBJECTID": 254, "GRID_ID": "AB-33", "has_data": true}, "geometry": {"type": "Polygon", "coordinates": [[[-118.312093358011, 33.986852016604], [-118.31591866207, 33.9813422767245], [-118.323559001546, 33.981346718567], [-118.327375026009, 33.9868609026924], [-118.323550214226, 33.9923709923825], [-118.315908887501, 33.9923665488817], [-118.312093358011, 33.986852016604]]]}}, {"type": "Feature", "properties": {"OBJECTID": 255, "GRID_ID": "AB-33", "has_data": true}, "geometry": {"type": "Polygon", "coordinates": [[[-118.312093358011, 33.986852016604], [-118.31591866207, 33.9813422767245], [-118.323559001546, 33.981346718567], [-118.327375026009, 33.9868609026924], [-118.323550214226, 33.9923709923825], [-118.315908887501, 33.9923665488817], [-118.312093358011, 33.986852016604]]]}}, {"type": "Feature", "properties": {"OBJECTID": 256, "GRID_ID": "AB-33", "has_data": true}, "geometry": {"type": "Polygon", "coordinates": [[[-118.312093358011, 33.986852016604], [-118.31591866207, 33.9813422767245], [-118.323559001546, 33.981346718567], [-118.327375026009, 33.9868609026924], [-118.323550214226, 33.9923709923825], [-118.315908887501, 33.9923665488817], [-118.312093358011, 33.986852016604]]]}}, {"type": "Feature", "properties": {"OBJECTID": 257, "GRID_ID": "AC-33", "has_data": true}, "geometry": {"type": "Polygon", "coordinates": [[[-118.300637980422, 33.9813319762374], [-118.30446377586, 33.9758225869872], [-118.312103622161, 33.9758277360747], [-118.31591866207, 33.9813422767245], [-118.312093358011, 33.986852016604], [-118.304452524461, 33.9868468652049], [-118.300637980422, 33.9813319762374]]]}}, {"type": "Feature", "properties": {"OBJECTID": 258, "GRID_ID": "AC-33", "has_data": true}, "geometry": {"type": "Polygon", "coordinates": [[[-118.300637980422, 33.9813319762374], [-118.30446377586, 33.9758225869872], [-118.312103622161, 33.9758277360747], [-118.31591866207, 33.9813422767245], [-118.312093358011, 33.986852016604], [-118.304452524461, 33.9868468652049], [-118.300637980422, 33.9813319762374]]]}}, {"type": "Feature", "properties": {"OBJECTID": 259, "GRID_ID": "AC-33", "has_data": true}, "geometry": {"type": "Polygon", "coordinates": [[[-118.300637980422, 33.9813319762374], [-118.30446377586, 33.9758225869872], [-118.312103622161, 33.9758277360747], [-118.31591866207, 33.9813422767245], [-118.312093358011, 33.986852016604], [-118.304452524461, 33.9868468652049], [-118.300637980422, 33.9813319762374]]]}}, {"type": "Feature", "properties": {"OBJECTID": 260, "GRID_ID": "AD-33", "has_data": true}, "geometry": {"type": "Polygon", "coordinates": [[[-118.289170856463, 33.9868351456961], [-118.292997640048, 33.9813261175928], [-118.300637980422, 33.9813319762374], [-118.304452524461, 33.9868468652049], [-118.300626233153, 33.9923562437724], [-118.292984906428, 33.9923503829085], [-118.289170856463, 33.9868351456961]]]}}, {"type": "Feature", "properties": {"OBJECTID": 261, "GRID_ID": "AD-33", "has_data": true}, "geometry": {"type": "Polygon", "coordinates": [[[-118.289170856463, 33.9868351456961], [-118.292997640048, 33.9813261175928], [-118.300637980422, 33.9813319762374], [-118.304452524461, 33.9868468652049], [-118.300626233153, 33.9923562437724], [-118.292984906428, 33.9923503829085], [-118.289170856463, 33.9868351456961]]]}}, {"type": "Feature", "properties": {"OBJECTID": 262, "GRID_ID": "AD-33", "has_data": true}, "geometry": {"type": "Polygon", "coordinates": [[[-118.289170856463, 33.9868351456961], [-118.292997640048, 33.9813261175928], [-118.300637980422, 33.9813319762374], [-118.304452524461, 33.9868468652049], [-118.300626233153, 33.9923562437724], [-118.292984906428, 33.9923503829085], [-118.289170856463, 33.9868351456961]]]}}, {"type": "Feature", "properties": {"OBJECTID": 263, "GRID_ID": "AD-33", "has_data": true}, "geometry": {"type": "Polygon", "coordinates": [[[-118.289170856463, 33.9868351456961], [-118.292997640048, 33.9813261175928], [-118.300637980422, 33.9813319762374], [-118.304452524461, 33.9868468652049], [-118.300626233153, 33.9923562437724], [-118.292984906428, 33.9923503829085], [-118.289170856463, 33.9868351456961]]]}}, {"type": "Feature", "properties": {"OBJECTID": 264, "GRID_ID": "AD-33", "has_data": true}, "geometry": {"type": "Polygon", "coordinates": [[[-118.289170856463, 33.9868351456961], [-118.292997640048, 33.9813261175928], [-118.300637980422, 33.9813319762374], [-118.304452524461, 33.9868468652049], [-118.300626233153, 33.9923562437724], [-118.292984906428, 33.9923503829085], [-118.289170856463, 33.9868351456961]]]}}, {"type": "Feature", "properties": {"OBJECTID": 265, "GRID_ID": "AG-18", "has_data": true}, "geometry": {"type": "Polygon", "coordinates": [[[-118.254529923662, 34.1466514154039], [-118.258366174591, 34.1411436248546], [-118.266020874536, 34.1411516568567], [-118.26984031619, 34.146667481334], [-118.266004559334, 34.1521756246805], [-118.258348865852, 34.1521675900094], [-118.254529923662, 34.1466514154039]]]}}, {"type": "Feature", "properties": {"OBJECTID": 266, "GRID_ID": "AE-33", "has_data": true}, "geometry": {"type": "Polygon", "coordinates": [[[-118.277716957501, 33.9813129842458], [-118.281544231566, 33.9758043066811], [-118.289184079664, 33.975810871918], [-118.292997640048, 33.9813261175928], [-118.289170856463, 33.9868351456961], [-118.281530022015, 33.9868285775863], [-118.277716957501, 33.9813129842458]]]}}, {"type": "Feature", "properties": {"OBJECTID": 267, "GRID_ID": "AA-24", "has_data": true}, "geometry": {"type": "Polygon", "coordinates": [[[-118.323479742291, 34.0805644698324], [-118.32730852822, 34.0750544660891], [-118.334957270537, 34.075058212524], [-118.338778220462, 34.0805719651909], [-118.334949929505, 34.0860823204757], [-118.327300195447, 34.0860785722965], [-118.323479742291, 34.0805644698324]]]}}, {"type": "Feature", "properties": {"OBJECTID": 268, "GRID_ID": "AF-33", "has_data": true}, "geometry": {"type": "Polygon", "coordinates": [[[-118.266248354017, 33.9868140246553], [-118.270076616228, 33.9813057087982], [-118.277716957501, 33.9813129842458], [-118.281530022015, 33.9868285775863], [-118.277702250284, 33.9923372438169], [-118.27006092266, 33.9923299655889], [-118.266248354017, 33.9868140246553]]]}}, {"type": "Feature", "properties": {"OBJECTID": 269, "GRID_ID": "AF-33", "has_data": true}, "geometry": {"type": "Polygon", "coordinates": [[[-118.266248354017, 33.9868140246553], [-118.270076616228, 33.9813057087982], [-118.277716957501, 33.9813129842458], [-118.281530022015, 33.9868285775863], [-118.277702250284, 33.9923372438169], [-118.27006092266, 33.9923299655889], [-118.266248354017, 33.9868140246553]]]}}, {"type": "Feature", "properties": {"OBJECTID": 270, "GRID_ID": "AF-33", "has_data": true}, "geometry": {"type": "Polygon", "coordinates": [[[-118.266248354017, 33.9868140246553], [-118.270076616228, 33.9813057087982], [-118.277716957501, 33.9813129842458], [-118.281530022015, 33.9868285775863], [-118.277702250284, 33.9923372438169], [-118.27006092266, 33.9923299655889], [-118.266248354017, 33.9868140246553]]]}}, {"type": "Feature", "properties": {"OBJECTID": 271, "GRID_ID": "AF-33", "has_data": true}, "geometry": {"type": "Polygon", "coordinates": [[[-118.266248354017, 33.9868140246553], [-118.270076616228, 33.9813057087982], [-118.277716957501, 33.9813129842458], [-118.281530022015, 33.9868285775863], [-118.277702250284, 33.9923372438169], [-118.27006092266, 33.9923299655889], [-118.266248354017, 33.9868140246553]]]}}, {"type": "Feature", "properties": {"OBJECTID": 272, "GRID_ID": "AF-33", "has_data": true}, "geometry": {"type": "Polygon", "coordinates": [[[-118.266248354017, 33.9868140246553], [-118.270076616228, 33.9813057087982], [-118.277716957501, 33.9813129842458], [-118.281530022015, 33.9868285775863], [-118.277702250284, 33.9923372438169], [-118.27006092266, 33.9923299655889], [-118.266248354017, 33.9868140246553]]]}}, {"type": "Feature", "properties": {"OBJECTID": 273, "GRID_ID": "AF-33", "has_data": true}, "geometry": {"type": "Polygon", "coordinates": [[[-118.266248354017, 33.9868140246553], [-118.270076616228, 33.9813057087982], [-118.277716957501, 33.9813129842458], [-118.281530022015, 33.9868285775863], [-118.277702250284, 33.9923372438169], [-118.27006092266, 33.9923299655889], [-118.266248354017, 33.9868140246553]]]}}, {"type": "Feature", "properties": {"OBJECTID": 274, "GRID_ID": "AF-33", "has_data": true}, "geometry": {"type": "Polygon", "coordinates": [[[-118.266248354017, 33.9868140246553], [-118.270076616228, 33.9813057087982], [-118.277716957501, 33.9813129842458], [-118.281530022015, 33.9868285775863], [-118.277702250284, 33.9923372438169], [-118.27006092266, 33.9923299655889], [-118.266248354017, 33.9868140246553]]]}}, {"type": "Feature", "properties": {"OBJECTID": 275, "GRID_ID": "AF-33", "has_data": true}, "geometry": {"type": "Polygon", "coordinates": [[[-118.266248354017, 33.9868140246553], [-118.270076616228, 33.9813057087982], [-118.277716957501, 33.9813129842458], [-118.281530022015, 33.9868285775863], [-118.277702250284, 33.9923372438169], [-118.27006092266, 33.9923299655889], [-118.266248354017, 33.9868140246553]]]}}, {"type": "Feature", "properties": {"OBJECTID": 276, "GRID_ID": "AH-18", "has_data": true}, "geometry": {"type": "Polygon", "coordinates": [[[-118.243037477992, 34.1521500948228], [-118.246874726949, 34.1466426694701], [-118.254529923662, 34.1466514154039], [-118.258348865852, 34.1521675900094], [-118.254512112765, 34.157675367993], [-118.246855920719, 34.1576666187405], [-118.243037477992, 34.1521500948228]]]}}, {"type": "Feature", "properties": {"OBJECTID": 277, "GRID_ID": "AG-33", "has_data": true}, "geometry": {"type": "Polygon", "coordinates": [[[-118.254795933682, 33.9812897418441], [-118.258624687272, 33.9757817771798], [-118.266264536269, 33.9757897593121], [-118.270076616228, 33.9813057087982], [-118.266248354017, 33.9868140246553], [-118.258607518671, 33.986806039089], [-118.254795933682, 33.9812897418441]]]}}, {"type": "Feature", "properties": {"OBJECTID": 278, "GRID_ID": "AG-33", "has_data": true}, "geometry": {"type": "Polygon", "coordinates": [[[-118.254795933682, 33.9812897418441], [-118.258624687272, 33.9757817771798], [-118.266264536269, 33.9757897593121], [-118.270076616228, 33.9813057087982], [-118.266248354017, 33.9868140246553], [-118.258607518671, 33.986806039089], [-118.254795933682, 33.9812897418441]]]}}, {"type": "Feature", "properties": {"OBJECTID": 279, "GRID_ID": "AG-33", "has_data": true}, "geometry": {"type": "Polygon", "coordinates": [[[-118.254795933682, 33.9812897418441], [-118.258624687272, 33.9757817771798], [-118.266264536269, 33.9757897593121], [-118.270076616228, 33.9813057087982], [-118.266248354017, 33.9868140246553], [-118.258607518671, 33.986806039089], [-118.254795933682, 33.9812897418441]]]}}, {"type": "Feature", "properties": {"OBJECTID": 280, "GRID_ID": "AG-33", "has_data": true}, "geometry": {"type": "Polygon", "coordinates": [[[-118.254795933682, 33.9812897418441], [-118.258624687272, 33.9757817771798], [-118.266264536269, 33.9757897593121], [-118.270076616228, 33.9813057087982], [-118.266248354017, 33.9868140246553], [-118.258607518671, 33.986806039089], [-118.254795933682, 33.9812897418441]]]}}, {"type": "Feature", "properties": {"OBJECTID": 281, "GRID_ID": "AG-33", "has_data": true}, "geometry": {"type": "Polygon", "coordinates": [[[-118.254795933682, 33.9812897418441], [-118.258624687272, 33.9757817771798], [-118.266264536269, 33.9757897593121], [-118.270076616228, 33.9813057087982], [-118.266248354017, 33.9868140246553], [-118.258607518671, 33.986806039089], [-118.254795933682, 33.9812897418441]]]}}, {"type": "Feature", "properties": {"OBJECTID": 282, "GRID_ID": "AG-33", "has_data": true}, "geometry": {"type": "Polygon", "coordinates": [[[-118.254795933682, 33.9812897418441], [-118.258624687272, 33.9757817771798], [-118.266264536269, 33.9757897593121], [-118.270076616228, 33.9813057087982], [-118.266248354017, 33.9868140246553], [-118.258607518671, 33.986806039089], [-118.254795933682, 33.9812897418441]]]}}, {"type": "Feature", "properties": {"OBJECTID": 283, "GRID_ID": "AG-33", "has_data": true}, "geometry": {"type": "Polygon", "coordinates": [[[-118.254795933682, 33.9812897418441], [-118.258624687272, 33.9757817771798], [-118.266264536269, 33.9757897593121], [-118.270076616228, 33.9813057087982], [-118.266248354017, 33.9868140246553], [-118.258607518671, 33.986806039089], [-118.254795933682, 33.9812897418441]]]}}, {"type": "Feature", "properties": {"OBJECTID": 284, "GRID_ID": "AB-24", "has_data": true}, "geometry": {"type": "Polygon", "coordinates": [[[-118.312000725535, 34.0860696534446], [-118.315830504103, 34.0805600116043], [-118.323479742291, 34.0805644698324], [-118.327300195447, 34.0860785722965], [-118.323470911851, 34.0915885655121], [-118.315820681924, 34.0915841056325], [-118.312000725535, 34.0860696534446]]]}}, {"type": "Feature", "properties": {"OBJECTID": 285, "GRID_ID": "AH-33", "has_data": true}, "geometry": {"type": "Polygon", "coordinates": [[[-118.243325849774, 33.9867886519888], [-118.247155592409, 33.9812810503374], [-118.254795933682, 33.9812897418441], [-118.258607518671, 33.986806039089], [-118.254778267414, 33.9923139925131], [-118.247136938892, 33.9923052969201], [-118.243325849774, 33.9867886519888]]]}}, {"type": "Feature", "properties": {"OBJECTID": 286, "GRID_ID": "AH-33", "has_data": true}, "geometry": {"type": "Polygon", "coordinates": [[[-118.243325849774, 33.9867886519888], [-118.247155592409, 33.9812810503374], [-118.254795933682, 33.9812897418441], [-118.258607518671, 33.986806039089], [-118.254778267414, 33.9923139925131], [-118.247136938892, 33.9923052969201], [-118.243325849774, 33.9867886519888]]]}}, {"type": "Feature", "properties": {"OBJECTID": 287, "GRID_ID": "AI-18", "has_data": true}, "geometry": {"type": "Polygon", "coordinates": [[[-118.231564333523, 34.1466237524077], [-118.235402076554, 34.1411166805042], [-118.243056776499, 34.1411261370502], [-118.246874726949, 34.1466426694701], [-118.243037477992, 34.1521500948228], [-118.235381783612, 34.1521406343069], [-118.231564333523, 34.1466237524077]]]}}, {"type": "Feature", "properties": {"OBJECTID": 288, "GRID_ID": "AI-33", "has_data": true}, "geometry": {"type": "Polygon", "coordinates": [[[-118.231874908965, 33.9812622505189], [-118.23570514208, 33.9757549992249], [-118.243344991076, 33.9757643975089], [-118.247155592409, 33.9812810503374], [-118.243325849774, 33.9867886519888], [-118.235685014428, 33.9867792504546], [-118.231874908965, 33.9812622505189]]]}}, {"type": "Feature", "properties": {"OBJECTID": 289, "GRID_ID": "AC-24", "has_data": true}, "geometry": {"type": "Polygon", "coordinates": [[[-118.300532025033, 34.0805496725615], [-118.304362297674, 34.0750403821708], [-118.31201104089, 34.0750455505405], [-118.315830504103, 34.0805600116043], [-118.312000725535, 34.0860696534446], [-118.304350991478, 34.0860644827717], [-118.300532025033, 34.0805496725615]]]}}, {"type": "Feature", "properties": {"OBJECTID": 290, "GRID_ID": "AC-24", "has_data": true}, "geometry": {"type": "Polygon", "coordinates": [[[-118.300532025033, 34.0805496725615], [-118.304362297674, 34.0750403821708], [-118.31201104089, 34.0750455505405], [-118.315830504103, 34.0805600116043], [-118.312000725535, 34.0860696534446], [-118.304350991478, 34.0860644827717], [-118.300532025033, 34.0805496725615]]]}}, {"type": "Feature", "properties": {"OBJECTID": 291, "GRID_ID": "AC-24", "has_data": true}, "geometry": {"type": "Polygon", "coordinates": [[[-118.300532025033, 34.0805496725615], [-118.304362297674, 34.0750403821708], [-118.31201104089, 34.0750455505405], [-118.315830504103, 34.0805600116043], [-118.312000725535, 34.0860696534446], [-118.304350991478, 34.0860644827717], [-118.300532025033, 34.0805496725615]]]}}, {"type": "Feature", "properties": {"OBJECTID": 292, "GRID_ID": "AC-24", "has_data": true}, "geometry": {"type": "Polygon", "coordinates": [[[-118.300532025033, 34.0805496725615], [-118.304362297674, 34.0750403821708], [-118.31201104089, 34.0750455505405], [-118.315830504103, 34.0805600116043], [-118.312000725535, 34.0860696534446], [-118.304350991478, 34.0860644827717], [-118.300532025033, 34.0805496725615]]]}}, {"type": "Feature", "properties": {"OBJECTID": 293, "GRID_ID": "AC-24", "has_data": true}, "geometry": {"type": "Polygon", "coordinates": [[[-118.300532025033, 34.0805496725615], [-118.304362297674, 34.0750403821708], [-118.31201104089, 34.0750455505405], [-118.315830504103, 34.0805600116043], [-118.312000725535, 34.0860696534446], [-118.304350991478, 34.0860644827717], [-118.300532025033, 34.0805496725615]]]}}, {"type": "Feature", "properties": {"OBJECTID": 294, "GRID_ID": "AJ-33", "has_data": true}, "geometry": {"type": "Polygon", "coordinates": [[[-118.220403343735, 33.9867590291826], [-118.224234565895, 33.9812521422068], [-118.231874908965, 33.9812622505189], [-118.235685014428, 33.9867792504546], [-118.231854282748, 33.9922864891128], [-118.224212953328, 33.9922763768982], [-118.220403343735, 33.9867590291826]]]}}, {"type": "Feature", "properties": {"OBJECTID": 295, "GRID_ID": "N-32", "has_data": true}, "geometry": {"type": "Polygon", "coordinates": [[[-118.472561313557, 33.9978753543421], [-118.476376749622, 33.9923606656744], [-118.484018077246, 33.9923551891297], [-118.487844955153, 33.9978643989843], [-118.484030014957, 34.0033794363782], [-118.476387700086, 34.003384915191], [-118.472561313557, 33.9978753543421]]]}}, {"type": "Feature", "properties": {"OBJECTID": 296, "GRID_ID": "N-32", "has_data": true}, "geometry": {"type": "Polygon", "coordinates": [[[-118.472561313557, 33.9978753543421], [-118.476376749622, 33.9923606656744], [-118.484018077246, 33.9923551891297], [-118.487844955153, 33.9978643989843], [-118.484030014957, 34.0033794363782], [-118.476387700086, 34.003384915191], [-118.472561313557, 33.9978753543421]]]}}, {"type": "Feature", "properties": {"OBJECTID": 297, "GRID_ID": "N-32", "has_data": true}, "geometry": {"type": "Polygon", "coordinates": [[[-118.472561313557, 33.9978753543421], [-118.476376749622, 33.9923606656744], [-118.484018077246, 33.9923551891297], [-118.487844955153, 33.9978643989843], [-118.484030014957, 34.0033794363782], [-118.476387700086, 34.003384915191], [-118.472561313557, 33.9978753543421]]]}}, {"type": "Feature", "properties": {"OBJECTID": 298, "GRID_ID": "N-32", "has_data": true}, "geometry": {"type": "Polygon", "coordinates": [[[-118.472561313557, 33.9978753543421], [-118.476376749622, 33.9923606656744], [-118.484018077246, 33.9923551891297], [-118.487844955153, 33.9978643989843], [-118.484030014957, 34.0033794363782], [-118.476387700086, 34.003384915191], [-118.472561313557, 33.9978753543421]]]}}, {"type": "Feature", "properties": {"OBJECTID": 299, "GRID_ID": "N-32", "has_data": true}, "geometry": {"type": "Polygon", "coordinates": [[[-118.472561313557, 33.9978753543421], [-118.476376749622, 33.9923606656744], [-118.484018077246, 33.9923551891297], [-118.487844955153, 33.9978643989843], [-118.484030014957, 34.0033794363782], [-118.476387700086, 34.003384915191], [-118.472561313557, 33.9978753543421]]]}}, {"type": "Feature", "properties": {"OBJECTID": 300, "GRID_ID": "N-32", "has_data": true}, "geometry": {"type": "Polygon", "coordinates": [[[-118.472561313557, 33.9978753543421], [-118.476376749622, 33.9923606656744], [-118.484018077246, 33.9923551891297], [-118.487844955153, 33.9978643989843], [-118.484030014957, 34.0033794363782], [-118.476387700086, 34.003384915191], [-118.472561313557, 33.9978753543421]]]}}, {"type": "Feature", "properties": {"OBJECTID": 301, "GRID_ID": "N-32", "has_data": true}, "geometry": {"type": "Polygon", "coordinates": [[[-118.472561313557, 33.9978753543421], [-118.476376749622, 33.9923606656744], [-118.484018077246, 33.9923551891297], [-118.487844955153, 33.9978643989843], [-118.484030014957, 34.0033794363782], [-118.476387700086, 34.003384915191], [-118.472561313557, 33.9978753543421]]]}}, {"type": "Feature", "properties": {"OBJECTID": 302, "GRID_ID": "N-32", "has_data": true}, "geometry": {"type": "Polygon", "coordinates": [[[-118.472561313557, 33.9978753543421], [-118.476376749622, 33.9923606656744], [-118.484018077246, 33.9923551891297], [-118.487844955153, 33.9978643989843], [-118.484030014957, 34.0033794363782], [-118.476387700086, 34.003384915191], [-118.472561313557, 33.9978753543421]]]}}, {"type": "Feature", "properties": {"OBJECTID": 303, "GRID_ID": "AJ-18", "has_data": true}, "geometry": {"type": "Polygon", "coordinates": [[[-118.220070395751, 34.1521202874292], [-118.223909135912, 34.1466135812788], [-118.231564333523, 34.1466237524077], [-118.235381783612, 34.1521406343069], [-118.231543538423, 34.1576476937402], [-118.223887346377, 34.1576375187353], [-118.220070395751, 34.1521202874292]]]}}, {"type": "Feature", "properties": {"OBJECTID": 304, "GRID_ID": "O-32", "has_data": true}, "geometry": {"type": "Polygon", "coordinates": [[[-118.461094095274, 33.9923702014006], [-118.464910026312, 33.9868558607871], [-118.472550859862, 33.986851093732], [-118.476376749622, 33.9923606656744], [-118.472561313557, 33.9978753543421], [-118.464919493657, 33.997880123013], [-118.461094095274, 33.9923702014006]]]}}, {"type": "Feature", "properties": {"OBJECTID": 305, "GRID_ID": "O-32", "has_data": true}, "geometry": {"type": "Polygon", "coordinates": [[[-118.461094095274, 33.9923702014006], [-118.464910026312, 33.9868558607871], [-118.472550859862, 33.986851093732], [-118.476376749622, 33.9923606656744], [-118.472561313557, 33.9978753543421], [-118.464919493657, 33.997880123013], [-118.461094095274, 33.9923702014006]]]}}, {"type": "Feature", "properties": {"OBJECTID": 306, "GRID_ID": "O-32", "has_data": true}, "geometry": {"type": "Polygon", "coordinates": [[[-118.461094095274, 33.9923702014006], [-118.464910026312, 33.9868558607871], [-118.472550859862, 33.986851093732], [-118.476376749622, 33.9923606656744], [-118.472561313557, 33.9978753543421], [-118.464919493657, 33.997880123013], [-118.461094095274, 33.9923702014006]]]}}, {"type": "Feature", "properties": {"OBJECTID": 307, "GRID_ID": "O-32", "has_data": true}, "geometry": {"type": "Polygon", "coordinates": [[[-118.461094095274, 33.9923702014006], [-118.464910026312, 33.9868558607871], [-118.472550859862, 33.986851093732], [-118.476376749622, 33.9923606656744], [-118.472561313557, 33.9978753543421], [-118.464919493657, 33.997880123013], [-118.461094095274, 33.9923702014006]]]}}, {"type": "Feature", "properties": {"OBJECTID": 308, "GRID_ID": "O-32", "has_data": true}, "geometry": {"type": "Polygon", "coordinates": [[[-118.461094095274, 33.9923702014006], [-118.464910026312, 33.9868558607871], [-118.472550859862, 33.986851093732], [-118.476376749622, 33.9923606656744], [-118.472561313557, 33.9978753543421], [-118.464919493657, 33.997880123013], [-118.461094095274, 33.9923702014006]]]}}, {"type": "Feature", "properties": {"OBJECTID": 309, "GRID_ID": "O-32", "has_data": true}, "geometry": {"type": "Polygon", "coordinates": [[[-118.461094095274, 33.9923702014006], [-118.464910026312, 33.9868558607871], [-118.472550859862, 33.986851093732], [-118.476376749622, 33.9923606656744], [-118.472561313557, 33.9978753543421], [-118.464919493657, 33.997880123013], [-118.461094095274, 33.9923702014006]]]}}, {"type": "Feature", "properties": {"OBJECTID": 310, "GRID_ID": "O-32", "has_data": true}, "geometry": {"type": "Polygon", "coordinates": [[[-118.461094095274, 33.9923702014006], [-118.464910026312, 33.9868558607871], [-118.472550859862, 33.986851093732], [-118.476376749622, 33.9923606656744], [-118.472561313557, 33.9978753543421], [-118.464919493657, 33.997880123013], [-118.461094095274, 33.9923702014006]]]}}, {"type": "Feature", "properties": {"OBJECTID": 311, "GRID_ID": "P-32", "has_data": true}, "geometry": {"type": "Polygon", "coordinates": [[[-118.44963585206, 33.9978882438289], [-118.453452768549, 33.9923742605824], [-118.461094095274, 33.9923702014006], [-118.464919493657, 33.997880123013], [-118.461103071241, 34.0033944548929], [-118.453460758166, 34.003398515782], [-118.44963585206, 33.9978882438289]]]}}, {"type": "Feature", "properties": {"OBJECTID": 312, "GRID_ID": "P-32", "has_data": true}, "geometry": {"type": "Polygon", "coordinates": [[[-118.44963585206, 33.9978882438289], [-118.453452768549, 33.9923742605824], [-118.461094095274, 33.9923702014006], [-118.464919493657, 33.997880123013], [-118.461103071241, 34.0033944548929], [-118.453460758166, 34.003398515782], [-118.44963585206, 33.9978882438289]]]}}, {"type": "Feature", "properties": {"OBJECTID": 313, "GRID_ID": "P-32", "has_data": true}, "geometry": {"type": "Polygon", "coordinates": [[[-118.44963585206, 33.9978882438289], [-118.453452768549, 33.9923742605824], [-118.461094095274, 33.9923702014006], [-118.464919493657, 33.997880123013], [-118.461103071241, 34.0033944548929], [-118.453460758166, 34.003398515782], [-118.44963585206, 33.9978882438289]]]}}, {"type": "Feature", "properties": {"OBJECTID": 314, "GRID_ID": "P-32", "has_data": true}, "geometry": {"type": "Polygon", "coordinates": [[[-118.44963585206, 33.9978882438289], [-118.453452768549, 33.9923742605824], [-118.461094095274, 33.9923702014006], [-118.464919493657, 33.997880123013], [-118.461103071241, 34.0033944548929], [-118.453460758166, 34.003398515782], [-118.44963585206, 33.9978882438289]]]}}, {"type": "Feature", "properties": {"OBJECTID": 315, "GRID_ID": "P-32", "has_data": true}, "geometry": {"type": "Polygon", "coordinates": [[[-118.44963585206, 33.9978882438289], [-118.453452768549, 33.9923742605824], [-118.461094095274, 33.9923702014006], [-118.464919493657, 33.997880123013], [-118.461103071241, 34.0033944548929], [-118.453460758166, 34.003398515782], [-118.44963585206, 33.9978882438289]]]}}, {"type": "Feature", "properties": {"OBJECTID": 316, "GRID_ID": "P-32", "has_data": true}, "geometry": {"type": "Polygon", "coordinates": [[[-118.44963585206, 33.9978882438289], [-118.453452768549, 33.9923742605824], [-118.461094095274, 33.9923702014006], [-118.464919493657, 33.997880123013], [-118.461103071241, 34.0033944548929], [-118.453460758166, 34.003398515782], [-118.44963585206, 33.9978882438289]]]}}, {"type": "Feature", "properties": {"OBJECTID": 317, "GRID_ID": "P-32", "has_data": true}, "geometry": {"type": "Polygon", "coordinates": [[[-118.44963585206, 33.9978882438289], [-118.453452768549, 33.9923742605824], [-118.461094095274, 33.9923702014006], [-118.464919493657, 33.997880123013], [-118.461103071241, 34.0033944548929], [-118.453460758166, 34.003398515782], [-118.44963585206, 33.9978882438289]]]}}, {"type": "Feature", "properties": {"OBJECTID": 318, "GRID_ID": "P-32", "has_data": true}, "geometry": {"type": "Polygon", "coordinates": [[[-118.44963585206, 33.9978882438289], [-118.453452768549, 33.9923742605824], [-118.461094095274, 33.9923702014006], [-118.464919493657, 33.997880123013], [-118.461103071241, 34.0033944548929], [-118.453460758166, 34.003398515782], [-118.44963585206, 33.9978882438289]]]}}, {"type": "Feature", "properties": {"OBJECTID": 319, "GRID_ID": "AD-24", "has_data": true}, "geometry": {"type": "Polygon", "coordinates": [[[-118.289051521566, 34.0860527196758], [-118.292882786845, 34.0805437924908], [-118.300532025033, 34.0805496725615], [-118.304350991478, 34.0860644827717], [-118.300520220272, 34.0915737619844], [-118.292869990344, 34.0915678797035], [-118.289051521566, 34.0860527196758]]]}}, {"type": "Feature", "properties": {"OBJECTID": 320, "GRID_ID": "AD-24", "has_data": true}, "geometry": {"type": "Polygon", "coordinates": [[[-118.289051521566, 34.0860527196758], [-118.292882786845, 34.0805437924908], [-118.300532025033, 34.0805496725615], [-118.304350991478, 34.0860644827717], [-118.300520220272, 34.0915737619844], [-118.292869990344, 34.0915678797035], [-118.289051521566, 34.0860527196758]]]}}, {"type": "Feature", "properties": {"OBJECTID": 321, "GRID_ID": "AD-24", "has_data": true}, "geometry": {"type": "Polygon", "coordinates": [[[-118.289051521566, 34.0860527196758], [-118.292882786845, 34.0805437924908], [-118.300532025033, 34.0805496725615], [-118.304350991478, 34.0860644827717], [-118.300520220272, 34.0915737619844], [-118.292869990344, 34.0915678797035], [-118.289051521566, 34.0860527196758]]]}}, {"type": "Feature", "properties": {"OBJECTID": 322, "GRID_ID": "AD-24", "has_data": true}, "geometry": {"type": "Polygon", "coordinates": [[[-118.289051521566, 34.0860527196758], [-118.292882786845, 34.0805437924908], [-118.300532025033, 34.0805496725615], [-118.304350991478, 34.0860644827717], [-118.300520220272, 34.0915737619844], [-118.292869990344, 34.0915678797035], [-118.289051521566, 34.0860527196758]]]}}, {"type": "Feature", "properties": {"OBJECTID": 323, "GRID_ID": "AD-24", "has_data": true}, "geometry": {"type": "Polygon", "coordinates": [[[-118.289051521566, 34.0860527196758], [-118.292882786845, 34.0805437924908], [-118.300532025033, 34.0805496725615], [-118.304350991478, 34.0860644827717], [-118.300520220272, 34.0915737619844], [-118.292869990344, 34.0915678797035], [-118.289051521566, 34.0860527196758]]]}}, {"type": "Feature", "properties": {"OBJECTID": 324, "GRID_ID": "AD-24", "has_data": true}, "geometry": {"type": "Polygon", "coordinates": [[[-118.289051521566, 34.0860527196758], [-118.292882786845, 34.0805437924908], [-118.300532025033, 34.0805496725615], [-118.304350991478, 34.0860644827717], [-118.300520220272, 34.0915737619844], [-118.292869990344, 34.0915678797035], [-118.289051521566, 34.0860527196758]]]}}, {"type": "Feature", "properties": {"OBJECTID": 325, "GRID_ID": "AD-24", "has_data": true}, "geometry": {"type": "Polygon", "coordinates": [[[-118.289051521566, 34.0860527196758], [-118.292882786845, 34.0805437924908], [-118.300532025033, 34.0805496725615], [-118.304350991478, 34.0860644827717], [-118.300520220272, 34.0915737619844], [-118.292869990344, 34.0915678797035], [-118.289051521566, 34.0860527196758]]]}}, {"type": "Feature", "properties": {"OBJECTID": 326, "GRID_ID": "AD-24", "has_data": true}, "geometry": {"type": "Polygon", "coordinates": [[[-118.289051521566, 34.0860527196758], [-118.292882786845, 34.0805437924908], [-118.300532025033, 34.0805496725615], [-118.304350991478, 34.0860644827717], [-118.300520220272, 34.0915737619844], [-118.292869990344, 34.0915678797035], [-118.289051521566, 34.0860527196758]]]}}, {"type": "Feature", "properties": {"OBJECTID": 327, "GRID_ID": "Q-32", "has_data": true}, "geometry": {"type": "Polygon", "coordinates": [[[-118.4381701151, 33.9923809623282], [-118.441987525662, 33.9868673277881], [-118.449628358314, 33.9868639774427], [-118.453452768549, 33.9923742605824], [-118.44963585206, 33.9978882438289], [-118.44199403216, 33.9978915952291], [-118.4381701151, 33.9923809623282]]]}}, {"type": "Feature", "properties": {"OBJECTID": 328, "GRID_ID": "R-32", "has_data": true}, "geometry": {"type": "Polygon", "coordinates": [[[-118.426710391462, 33.9978968800148], [-118.430528788375, 33.9923836041477], [-118.4381701151, 33.9923809623282], [-118.44199403216, 33.9978915952291], [-118.43817612932, 34.0034052203818], [-118.430533816245, 34.0034078633478], [-118.426710391462, 33.9978968800148]]]}}, {"type": "Feature", "properties": {"OBJECTID": 329, "GRID_ID": "AK-18", "has_data": true}, "geometry": {"type": "Polygon", "coordinates": [[[-118.208598741588, 34.1465918130812], [-118.212437975823, 34.1410854602887], [-118.220092676665, 34.1410963421236], [-118.223909135912, 34.1466135812788], [-118.220070395751, 34.1521202874292], [-118.212414700474, 34.152109401067], [-118.208598741588, 34.1465918130812]]]}}, {"type": "Feature", "properties": {"OBJECTID": 330, "GRID_ID": "S-32", "has_data": true}, "geometry": {"type": "Polygon", "coordinates": [[[-118.415246134925, 33.9923874711694], [-118.419065025013, 33.9868745439163], [-118.426705858563, 33.9868726110249], [-118.430528788375, 33.9923836041477], [-118.426710391462, 33.9978968800148], [-118.419068570663, 33.997898814145], [-118.415246134925, 33.9923874711694]]]}}, {"type": "Feature", "properties": {"OBJECTID": 331, "GRID_ID": "S-32", "has_data": true}, "geometry": {"type": "Polygon", "coordinates": [[[-118.415246134925, 33.9923874711694], [-118.419065025013, 33.9868745439163], [-118.426705858563, 33.9868726110249], [-118.430528788375, 33.9923836041477], [-118.426710391462, 33.9978968800148], [-118.419068570663, 33.997898814145], [-118.415246134925, 33.9923874711694]]]}}, {"type": "Feature", "properties": {"OBJECTID": 332, "GRID_ID": "S-32", "has_data": true}, "geometry": {"type": "Polygon", "coordinates": [[[-118.415246134925, 33.9923874711694], [-118.419065025013, 33.9868745439163], [-118.426705858563, 33.9868726110249], [-118.430528788375, 33.9923836041477], [-118.426710391462, 33.9978968800148], [-118.419068570663, 33.997898814145], [-118.415246134925, 33.9923874711694]]]}}, {"type": "Feature", "properties": {"OBJECTID": 333, "GRID_ID": "S-32", "has_data": true}, "geometry": {"type": "Polygon", "coordinates": [[[-118.415246134925, 33.9923874711694], [-118.419065025013, 33.9868745439163], [-118.426705858563, 33.9868726110249], [-118.430528788375, 33.9923836041477], [-118.426710391462, 33.9978968800148], [-118.419068570663, 33.997898814145], [-118.415246134925, 33.9923874711694]]]}}, {"type": "Feature", "properties": {"OBJECTID": 334, "GRID_ID": "S-32", "has_data": true}, "geometry": {"type": "Polygon", "coordinates": [[[-118.415246134925, 33.9923874711694], [-118.419065025013, 33.9868745439163], [-118.426705858563, 33.9868726110249], [-118.430528788375, 33.9923836041477], [-118.426710391462, 33.9978968800148], [-118.419068570663, 33.997898814145], [-118.415246134925, 33.9923874711694]]]}}, {"type": "Feature", "properties": {"OBJECTID": 335, "GRID_ID": "T-32", "has_data": true}, "geometry": {"type": "Polygon", "coordinates": [[[-118.403784930863, 33.9979012643907], [-118.4076048082, 33.9923886963717], [-118.415246134925, 33.9923874711694], [-118.419068570663, 33.997898814145], [-118.415249188299, 34.0034117321019], [-118.407606874325, 34.0034129571452], [-118.403784930863, 33.9979012643907]]]}}, {"type": "Feature", "properties": {"OBJECTID": 336, "GRID_ID": "T-32", "has_data": true}, "geometry": {"type": "Polygon", "coordinates": [[[-118.403784930863, 33.9979012643907], [-118.4076048082, 33.9923886963717], [-118.415246134925, 33.9923874711694], [-118.419068570663, 33.997898814145], [-118.415249188299, 34.0034117321019], [-118.407606874325, 34.0034129571452], [-118.403784930863, 33.9979012643907]]]}}, {"type": "Feature", "properties": {"OBJECTID": 337, "GRID_ID": "T-32", "has_data": true}, "geometry": {"type": "Polygon", "coordinates": [[[-118.403784930863, 33.9979012643907], [-118.4076048082, 33.9923886963717], [-118.415246134925, 33.9923874711694], [-118.419068570663, 33.997898814145], [-118.415249188299, 34.0034117321019], [-118.407606874325, 34.0034129571452], [-118.403784930863, 33.9979012643907]]]}}, {"type": "Feature", "properties": {"OBJECTID": 338, "GRID_ID": "AE-24", "has_data": true}, "geometry": {"type": "Polygon", "coordinates": [[[-118.277584306877, 34.0805306097621], [-118.281416065331, 34.0750220339351], [-118.289064809445, 34.0750286242403], [-118.292882786845, 34.0805437924908], [-118.289051521566, 34.0860527196758], [-118.281401785711, 34.0860461272525], [-118.277584306877, 34.0805306097621]]]}}, {"type": "Feature", "properties": {"OBJECTID": 339, "GRID_ID": "AE-24", "has_data": true}, "geometry": {"type": "Polygon", "coordinates": [[[-118.277584306877, 34.0805306097621], [-118.281416065331, 34.0750220339351], [-118.289064809445, 34.0750286242403], [-118.292882786845, 34.0805437924908], [-118.289051521566, 34.0860527196758], [-118.281401785711, 34.0860461272525], [-118.277584306877, 34.0805306097621]]]}}, {"type": "Feature", "properties": {"OBJECTID": 340, "GRID_ID": "AE-24", "has_data": true}, "geometry": {"type": "Polygon", "coordinates": [[[-118.277584306877, 34.0805306097621], [-118.281416065331, 34.0750220339351], [-118.289064809445, 34.0750286242403], [-118.292882786845, 34.0805437924908], [-118.289051521566, 34.0860527196758], [-118.281401785711, 34.0860461272525], [-118.277584306877, 34.0805306097621]]]}}, {"type": "Feature", "properties": {"OBJECTID": 341, "GRID_ID": "AE-24", "has_data": true}, "geometry": {"type": "Polygon", "coordinates": [[[-118.277584306877, 34.0805306097621], [-118.281416065331, 34.0750220339351], [-118.289064809445, 34.0750286242403], [-118.292882786845, 34.0805437924908], [-118.289051521566, 34.0860527196758], [-118.281401785711, 34.0860461272525], [-118.277584306877, 34.0805306097621]]]}}, {"type": "Feature", "properties": {"OBJECTID": 342, "GRID_ID": "AE-24", "has_data": true}, "geometry": {"type": "Polygon", "coordinates": [[[-118.277584306877, 34.0805306097621], [-118.281416065331, 34.0750220339351], [-118.289064809445, 34.0750286242403], [-118.292882786845, 34.0805437924908], [-118.289051521566, 34.0860527196758], [-118.281401785711, 34.0860461272525], [-118.277584306877, 34.0805306097621]]]}}, {"type": "Feature", "properties": {"OBJECTID": 343, "GRID_ID": "AE-24", "has_data": true}, "geometry": {"type": "Polygon", "coordinates": [[[-118.277584306877, 34.0805306097621], [-118.281416065331, 34.0750220339351], [-118.289064809445, 34.0750286242403], [-118.292882786845, 34.0805437924908], [-118.289051521566, 34.0860527196758], [-118.281401785711, 34.0860461272525], [-118.277584306877, 34.0805306097621]]]}}, {"type": "Feature", "properties": {"OBJECTID": 344, "GRID_ID": "AE-24", "has_data": true}, "geometry": {"type": "Polygon", "coordinates": [[[-118.277584306877, 34.0805306097621], [-118.281416065331, 34.0750220339351], [-118.289064809445, 34.0750286242403], [-118.292882786845, 34.0805437924908], [-118.289051521566, 34.0860527196758], [-118.281401785711, 34.0860461272525], [-118.277584306877, 34.0805306097621]]]}}, {"type": "Feature", "properties": {"OBJECTID": 345, "GRID_ID": "AE-24", "has_data": true}, "geometry": {"type": "Polygon", "coordinates": [[[-118.277584306877, 34.0805306097621], [-118.281416065331, 34.0750220339351], [-118.289064809445, 34.0750286242403], [-118.292882786845, 34.0805437924908], [-118.289051521566, 34.0860527196758], [-118.281401785711, 34.0860461272525], [-118.277584306877, 34.0805306097621]]]}}, {"type": "Feature", "properties": {"OBJECTID": 346, "GRID_ID": "AE-24", "has_data": true}, "geometry": {"type": "Polygon", "coordinates": [[[-118.277584306877, 34.0805306097621], [-118.281416065331, 34.0750220339351], [-118.289064809445, 34.0750286242403], [-118.292882786845, 34.0805437924908], [-118.289051521566, 34.0860527196758], [-118.281401785711, 34.0860461272525], [-118.277584306877, 34.0805306097621]]]}}, {"type": "Feature", "properties": {"OBJECTID": 347, "GRID_ID": "AE-24", "has_data": true}, "geometry": {"type": "Polygon", "coordinates": [[[-118.277584306877, 34.0805306097621], [-118.281416065331, 34.0750220339351], [-118.289064809445, 34.0750286242403], [-118.292882786845, 34.0805437924908], [-118.289051521566, 34.0860527196758], [-118.281401785711, 34.0860461272525], [-118.277584306877, 34.0805306097621]]]}}, {"type": "Feature", "properties": {"OBJECTID": 348, "GRID_ID": "AE-24", "has_data": true}, "geometry": {"type": "Polygon", "coordinates": [[[-118.277584306877, 34.0805306097621], [-118.281416065331, 34.0750220339351], [-118.289064809445, 34.0750286242403], [-118.292882786845, 34.0805437924908], [-118.289051521566, 34.0860527196758], [-118.281401785711, 34.0860461272525], [-118.277584306877, 34.0805306097621]]]}}, {"type": "Feature", "properties": {"OBJECTID": 349, "GRID_ID": "AE-24", "has_data": true}, "geometry": {"type": "Polygon", "coordinates": [[[-118.277584306877, 34.0805306097621], [-118.281416065331, 34.0750220339351], [-118.289064809445, 34.0750286242403], [-118.292882786845, 34.0805437924908], [-118.289051521566, 34.0860527196758], [-118.281401785711, 34.0860461272525], [-118.277584306877, 34.0805306097621]]]}}, {"type": "Feature", "properties": {"OBJECTID": 350, "GRID_ID": "AE-24", "has_data": true}, "geometry": {"type": "Polygon", "coordinates": [[[-118.277584306877, 34.0805306097621], [-118.281416065331, 34.0750220339351], [-118.289064809445, 34.0750286242403], [-118.292882786845, 34.0805437924908], [-118.289051521566, 34.0860527196758], [-118.281401785711, 34.0860461272525], [-118.277584306877, 34.0805306097621]]]}}, {"type": "Feature", "properties": {"OBJECTID": 351, "GRID_ID": "AE-24", "has_data": true}, "geometry": {"type": "Polygon", "coordinates": [[[-118.277584306877, 34.0805306097621], [-118.281416065331, 34.0750220339351], [-118.289064809445, 34.0750286242403], [-118.292882786845, 34.0805437924908], [-118.289051521566, 34.0860527196758], [-118.281401785711, 34.0860461272525], [-118.277584306877, 34.0805306097621]]]}}, {"type": "Feature", "properties": {"OBJECTID": 352, "GRID_ID": "AE-24", "has_data": true}, "geometry": {"type": "Polygon", "coordinates": [[[-118.277584306877, 34.0805306097621], [-118.281416065331, 34.0750220339351], [-118.289064809445, 34.0750286242403], [-118.292882786845, 34.0805437924908], [-118.289051521566, 34.0860527196758], [-118.281401785711, 34.0860461272525], [-118.277584306877, 34.0805306097621]]]}}, {"type": "Feature", "properties": {"OBJECTID": 353, "GRID_ID": "AE-24", "has_data": true}, "geometry": {"type": "Polygon", "coordinates": [[[-118.277584306877, 34.0805306097621], [-118.281416065331, 34.0750220339351], [-118.289064809445, 34.0750286242403], [-118.292882786845, 34.0805437924908], [-118.289051521566, 34.0860527196758], [-118.281401785711, 34.0860461272525], [-118.277584306877, 34.0805306097621]]]}}, {"type": "Feature", "properties": {"OBJECTID": 354, "GRID_ID": "AE-24", "has_data": true}, "geometry": {"type": "Polygon", "coordinates": [[[-118.277584306877, 34.0805306097621], [-118.281416065331, 34.0750220339351], [-118.289064809445, 34.0750286242403], [-118.292882786845, 34.0805437924908], [-118.289051521566, 34.0860527196758], [-118.281401785711, 34.0860461272525], [-118.277584306877, 34.0805306097621]]]}}, {"type": "Feature", "properties": {"OBJECTID": 355, "GRID_ID": "AE-24", "has_data": true}, "geometry": {"type": "Polygon", "coordinates": [[[-118.277584306877, 34.0805306097621], [-118.281416065331, 34.0750220339351], [-118.289064809445, 34.0750286242403], [-118.292882786845, 34.0805437924908], [-118.289051521566, 34.0860527196758], [-118.281401785711, 34.0860461272525], [-118.277584306877, 34.0805306097621]]]}}, {"type": "Feature", "properties": {"OBJECTID": 356, "GRID_ID": "U-32", "has_data": true}, "geometry": {"type": "Polygon", "coordinates": [[[-118.39232215475, 33.9923897286699], [-118.396142525262, 33.9868775091728], [-118.403783358812, 33.9868769929903], [-118.4076048082, 33.9923886963717], [-118.403784930863, 33.9979012643907], [-118.396143110963, 33.997901781251], [-118.39232215475, 33.9923897286699]]]}}, {"type": "Feature", "properties": {"OBJECTID": 357, "GRID_ID": "V-32", "has_data": true}, "geometry": {"type": "Polygon", "coordinates": [[[-118.380859471164, 33.9979013962124], [-118.384680828025, 33.9923895365105], [-118.39232215475, 33.9923897286699], [-118.396143110963, 33.997901781251], [-118.392322247277, 34.0034139907988], [-118.384679933303, 34.0034137979196], [-118.380859471164, 33.9979013962124]]]}}, {"type": "Feature", "properties": {"OBJECTID": 358, "GRID_ID": "C-17", "has_data": true}, "geometry": {"type": "Polygon", "coordinates": [[[-118.599040691963, 34.1575771228305], [-118.602855064423, 34.1520586721174], [-118.610510758803, 34.1520453213715], [-118.61435307875, 34.1575504156478], [-118.610539206651, 34.1630692151166], [-118.602882516938, 34.1630825715527], [-118.599040691963, 34.1575771228305]]]}}, {"type": "Feature", "properties": {"OBJECTID": 359, "GRID_ID": "W-32", "has_data": true}, "geometry": {"type": "Polygon", "coordinates": [[[-118.369398175474, 33.99238773483], [-118.373220025511, 33.9868762243028], [-118.380860859061, 33.9868771248291], [-118.384680828025, 33.9923895365105], [-118.380859471164, 33.9979013962124], [-118.373217650365, 33.997900495803], [-118.369398175474, 33.99238773483]]]}}, {"type": "Feature", "properties": {"OBJECTID": 360, "GRID_ID": "AF-24", "has_data": true}, "geometry": {"type": "Polygon", "coordinates": [[[-118.2661023158, 34.0860315191669], [-118.269935066892, 34.0805233071039], [-118.277584306877, 34.0805306097621], [-118.281401785711, 34.0860461272525], [-118.277569527794, 34.0915546912518], [-118.269919296968, 34.0915473858247], [-118.2661023158, 34.0860315191669]]]}}, {"type": "Feature", "properties": {"OBJECTID": 361, "GRID_ID": "Z-32", "has_data": true}, "geometry": {"type": "Polygon", "coordinates": [[[-118.335008549069, 33.9978889029376], [-118.338832868574, 33.9923784627663], [-118.346474195299, 33.9923814896495], [-118.350292189767, 33.9978949578006], [-118.346468364335, 34.0034057476345], [-118.338826050361, 34.0034027196547], [-118.335008549069, 33.9978889029376]]]}}, {"type": "Feature", "properties": {"OBJECTID": 362, "GRID_ID": "D-17", "has_data": true}, "geometry": {"type": "Polygon", "coordinates": [[[-118.587569135716, 34.1631078580182], [-118.591384499916, 34.1575897635435], [-118.599040691963, 34.1575771228305], [-118.602882516938, 34.1630825715527], [-118.599067653997, 34.168601015359], [-118.591410467516, 34.1686136611109], [-118.587569135716, 34.1631078580182]]]}}, {"type": "Feature", "properties": {"OBJECTID": 363, "GRID_ID": "AA-32", "has_data": true}, "geometry": {"type": "Polygon", "coordinates": [[[-118.323550214226, 33.9923709923825], [-118.327375026009, 33.9868609026924], [-118.33501585866, 33.9868646366369], [-118.338832868574, 33.9923784627663], [-118.335008549069, 33.9978889029376], [-118.327366729169, 33.9978851672433], [-118.323550214226, 33.9923709923825]]]}}, {"type": "Feature", "properties": {"OBJECTID": 364, "GRID_ID": "AB-32", "has_data": true}, "geometry": {"type": "Polygon", "coordinates": [[[-118.312083087572, 33.9978762778392], [-118.315908887501, 33.9923665488817], [-118.323550214226, 33.9923709923825], [-118.327366729169, 33.9978851672433], [-118.323541421516, 34.0033952465168], [-118.315899108441, 34.0033908006138], [-118.312083087572, 33.9978762778392]]]}}, {"type": "Feature", "properties": {"OBJECTID": 365, "GRID_ID": "AG-24", "has_data": true}, "geometry": {"type": "Polygon", "coordinates": [[[-118.254636587822, 34.0805072806873], [-118.258469832989, 34.0749994213792], [-118.266118578001, 34.0750074328768], [-118.269935066892, 34.0805233071039], [-118.2661023158, 34.0860315191669], [-118.258452579945, 34.0860235049923], [-118.254636587822, 34.0805072806873]]]}}, {"type": "Feature", "properties": {"OBJECTID": 366, "GRID_ID": "AG-24", "has_data": true}, "geometry": {"type": "Polygon", "coordinates": [[[-118.254636587822, 34.0805072806873], [-118.258469832989, 34.0749994213792], [-118.266118578001, 34.0750074328768], [-118.269935066892, 34.0805233071039], [-118.2661023158, 34.0860315191669], [-118.258452579945, 34.0860235049923], [-118.254636587822, 34.0805072806873]]]}}, {"type": "Feature", "properties": {"OBJECTID": 367, "GRID_ID": "AC-32", "has_data": true}, "geometry": {"type": "Polygon", "coordinates": [[[-118.300626233153, 33.9923562437724], [-118.304452524461, 33.9868468652049], [-118.312093358011, 33.986852016604], [-118.315908887501, 33.9923665488817], [-118.312083087572, 33.9978762778392], [-118.304441267672, 33.9978711241293], [-118.300626233153, 33.9923562437724]]]}}, {"type": "Feature", "properties": {"OBJECTID": 368, "GRID_ID": "AC-32", "has_data": true}, "geometry": {"type": "Polygon", "coordinates": [[[-118.300626233153, 33.9923562437724], [-118.304452524461, 33.9868468652049], [-118.312093358011, 33.986852016604], [-118.315908887501, 33.9923665488817], [-118.312083087572, 33.9978762778392], [-118.304441267672, 33.9978711241293], [-118.300626233153, 33.9923562437724]]]}}, {"type": "Feature", "properties": {"OBJECTID": 369, "GRID_ID": "AC-32", "has_data": true}, "geometry": {"type": "Polygon", "coordinates": [[[-118.300626233153, 33.9923562437724], [-118.304452524461, 33.9868468652049], [-118.312093358011, 33.986852016604], [-118.315908887501, 33.9923665488817], [-118.312083087572, 33.9978762778392], [-118.304441267672, 33.9978711241293], [-118.300626233153, 33.9923562437724]]]}}, {"type": "Feature", "properties": {"OBJECTID": 370, "GRID_ID": "AC-32", "has_data": true}, "geometry": {"type": "Polygon", "coordinates": [[[-118.300626233153, 33.9923562437724], [-118.304452524461, 33.9868468652049], [-118.312093358011, 33.986852016604], [-118.315908887501, 33.9923665488817], [-118.312083087572, 33.9978762778392], [-118.304441267672, 33.9978711241293], [-118.300626233153, 33.9923562437724]]]}}, {"type": "Feature", "properties": {"OBJECTID": 371, "GRID_ID": "AC-32", "has_data": true}, "geometry": {"type": "Polygon", "coordinates": [[[-118.300626233153, 33.9923562437724], [-118.304452524461, 33.9868468652049], [-118.312093358011, 33.986852016604], [-118.315908887501, 33.9923665488817], [-118.312083087572, 33.9978762778392], [-118.304441267672, 33.9978711241293], [-118.300626233153, 33.9923562437724]]]}}, {"type": "Feature", "properties": {"OBJECTID": 372, "GRID_ID": "AC-32", "has_data": true}, "geometry": {"type": "Polygon", "coordinates": [[[-118.300626233153, 33.9923562437724], [-118.304452524461, 33.9868468652049], [-118.312093358011, 33.986852016604], [-118.315908887501, 33.9923665488817], [-118.312083087572, 33.9978762778392], [-118.304441267672, 33.9978711241293], [-118.300626233153, 33.9923562437724]]]}}, {"type": "Feature", "properties": {"OBJECTID": 373, "GRID_ID": "AD-32", "has_data": true}, "geometry": {"type": "Polygon", "coordinates": [[[-118.289157626076, 33.9978594001829], [-118.292984906428, 33.9923503829085], [-118.300626233153, 33.9923562437724], [-118.304441267672, 33.9978711241293], [-118.300614479596, 34.0033804916287], [-118.292972165623, 34.0033746285464], [-118.289157626076, 33.9978594001829]]]}}, {"type": "Feature", "properties": {"OBJECTID": 374, "GRID_ID": "AD-32", "has_data": true}, "geometry": {"type": "Polygon", "coordinates": [[[-118.289157626076, 33.9978594001829], [-118.292984906428, 33.9923503829085], [-118.300626233153, 33.9923562437724], [-118.304441267672, 33.9978711241293], [-118.300614479596, 34.0033804916287], [-118.292972165623, 34.0033746285464], [-118.289157626076, 33.9978594001829]]]}}, {"type": "Feature", "properties": {"OBJECTID": 375, "GRID_ID": "AD-32", "has_data": true}, "geometry": {"type": "Polygon", "coordinates": [[[-118.289157626076, 33.9978594001829], [-118.292984906428, 33.9923503829085], [-118.300626233153, 33.9923562437724], [-118.304441267672, 33.9978711241293], [-118.300614479596, 34.0033804916287], [-118.292972165623, 34.0033746285464], [-118.289157626076, 33.9978594001829]]]}}, {"type": "Feature", "properties": {"OBJECTID": 376, "GRID_ID": "F-17", "has_data": true}, "geometry": {"type": "Polygon", "coordinates": [[[-118.564599066577, 34.1631422217023], [-118.568415921981, 34.1576248334283], [-118.576072114027, 34.1576136184705], [-118.579912446901, 34.1631197880479], [-118.576096090961, 34.1686375263018], [-118.568438903581, 34.1686487449979], [-118.564599066577, 34.1631422217023]]]}}, {"type": "Feature", "properties": {"OBJECTID": 377, "GRID_ID": "AE-32", "has_data": true}, "geometry": {"type": "Polygon", "coordinates": [[[-118.277702250284, 33.9923372438169], [-118.281530022015, 33.9868285775863], [-118.289170856463, 33.9868351456961], [-118.292984906428, 33.9923503829085], [-118.289157626076, 33.9978594001829], [-118.281515804379, 33.9978528292015], [-118.277702250284, 33.9923372438169]]]}}, {"type": "Feature", "properties": {"OBJECTID": 378, "GRID_ID": "AE-32", "has_data": true}, "geometry": {"type": "Polygon", "coordinates": [[[-118.277702250284, 33.9923372438169], [-118.281530022015, 33.9868285775863], [-118.289170856463, 33.9868351456961], [-118.292984906428, 33.9923503829085], [-118.289157626076, 33.9978594001829], [-118.281515804379, 33.9978528292015], [-118.277702250284, 33.9923372438169]]]}}, {"type": "Feature", "properties": {"OBJECTID": 379, "GRID_ID": "AE-32", "has_data": true}, "geometry": {"type": "Polygon", "coordinates": [[[-118.277702250284, 33.9923372438169], [-118.281530022015, 33.9868285775863], [-118.289170856463, 33.9868351456961], [-118.292984906428, 33.9923503829085], [-118.289157626076, 33.9978594001829], [-118.281515804379, 33.9978528292015], [-118.277702250284, 33.9923372438169]]]}}, {"type": "Feature", "properties": {"OBJECTID": 380, "GRID_ID": "AE-32", "has_data": true}, "geometry": {"type": "Polygon", "coordinates": [[[-118.277702250284, 33.9923372438169], [-118.281530022015, 33.9868285775863], [-118.289170856463, 33.9868351456961], [-118.292984906428, 33.9923503829085], [-118.289157626076, 33.9978594001829], [-118.281515804379, 33.9978528292015], [-118.277702250284, 33.9923372438169]]]}}, {"type": "Feature", "properties": {"OBJECTID": 381, "GRID_ID": "AE-32", "has_data": true}, "geometry": {"type": "Polygon", "coordinates": [[[-118.277702250284, 33.9923372438169], [-118.281530022015, 33.9868285775863], [-118.289170856463, 33.9868351456961], [-118.292984906428, 33.9923503829085], [-118.289157626076, 33.9978594001829], [-118.281515804379, 33.9978528292015], [-118.277702250284, 33.9923372438169]]]}}, {"type": "Feature", "properties": {"OBJECTID": 382, "GRID_ID": "AF-32", "has_data": true}, "geometry": {"type": "Polygon", "coordinates": [[[-118.266232162782, 33.9978382699662], [-118.27006092266, 33.9923299655889], [-118.277702250284, 33.9923372438169], [-118.281515804379, 33.9978528292015], [-118.277687535879, 34.0033614837128], [-118.270045221008, 34.0033542027058], [-118.266232162782, 33.9978382699662]]]}}, {"type": "Feature", "properties": {"OBJECTID": 383, "GRID_ID": "AF-32", "has_data": true}, "geometry": {"type": "Polygon", "coordinates": [[[-118.266232162782, 33.9978382699662], [-118.27006092266, 33.9923299655889], [-118.277702250284, 33.9923372438169], [-118.281515804379, 33.9978528292015], [-118.277687535879, 34.0033614837128], [-118.270045221008, 34.0033542027058], [-118.266232162782, 33.9978382699662]]]}}, {"type": "Feature", "properties": {"OBJECTID": 384, "GRID_ID": "AF-32", "has_data": true}, "geometry": {"type": "Polygon", "coordinates": [[[-118.266232162782, 33.9978382699662], [-118.27006092266, 33.9923299655889], [-118.277702250284, 33.9923372438169], [-118.281515804379, 33.9978528292015], [-118.277687535879, 34.0033614837128], [-118.270045221008, 34.0033542027058], [-118.266232162782, 33.9978382699662]]]}}, {"type": "Feature", "properties": {"OBJECTID": 385, "GRID_ID": "AF-32", "has_data": true}, "geometry": {"type": "Polygon", "coordinates": [[[-118.266232162782, 33.9978382699662], [-118.27006092266, 33.9923299655889], [-118.277702250284, 33.9923372438169], [-118.281515804379, 33.9978528292015], [-118.277687535879, 34.0033614837128], [-118.270045221008, 34.0033542027058], [-118.266232162782, 33.9978382699662]]]}}, {"type": "Feature", "properties": {"OBJECTID": 386, "GRID_ID": "AF-32", "has_data": true}, "geometry": {"type": "Polygon", "coordinates": [[[-118.266232162782, 33.9978382699662], [-118.27006092266, 33.9923299655889], [-118.277702250284, 33.9923372438169], [-118.281515804379, 33.9978528292015], [-118.277687535879, 34.0033614837128], [-118.270045221008, 34.0033542027058], [-118.266232162782, 33.9978382699662]]]}}, {"type": "Feature", "properties": {"OBJECTID": 387, "GRID_ID": "AF-32", "has_data": true}, "geometry": {"type": "Polygon", "coordinates": [[[-118.266232162782, 33.9978382699662], [-118.27006092266, 33.9923299655889], [-118.277702250284, 33.9923372438169], [-118.281515804379, 33.9978528292015], [-118.277687535879, 34.0033614837128], [-118.270045221008, 34.0033542027058], [-118.266232162782, 33.9978382699662]]]}}, {"type": "Feature", "properties": {"OBJECTID": 388, "GRID_ID": "AF-32", "has_data": true}, "geometry": {"type": "Polygon", "coordinates": [[[-118.266232162782, 33.9978382699662], [-118.27006092266, 33.9923299655889], [-118.277702250284, 33.9923372438169], [-118.281515804379, 33.9978528292015], [-118.277687535879, 34.0033614837128], [-118.270045221008, 34.0033542027058], [-118.266232162782, 33.9978382699662]]]}}, {"type": "Feature", "properties": {"OBJECTID": 389, "GRID_ID": "AF-32", "has_data": true}, "geometry": {"type": "Polygon", "coordinates": [[[-118.266232162782, 33.9978382699662], [-118.27006092266, 33.9923299655889], [-118.277702250284, 33.9923372438169], [-118.281515804379, 33.9978528292015], [-118.277687535879, 34.0033614837128], [-118.270045221008, 34.0033542027058], [-118.266232162782, 33.9978382699662]]]}}, {"type": "Feature", "properties": {"OBJECTID": 390, "GRID_ID": "AF-32", "has_data": true}, "geometry": {"type": "Polygon", "coordinates": [[[-118.266232162782, 33.9978382699662], [-118.27006092266, 33.9923299655889], [-118.277702250284, 33.9923372438169], [-118.281515804379, 33.9978528292015], [-118.277687535879, 34.0033614837128], [-118.270045221008, 34.0033542027058], [-118.266232162782, 33.9978382699662]]]}}, {"type": "Feature", "properties": {"OBJECTID": 391, "GRID_ID": "AF-32", "has_data": true}, "geometry": {"type": "Polygon", "coordinates": [[[-118.266232162782, 33.9978382699662], [-118.27006092266, 33.9923299655889], [-118.277702250284, 33.9923372438169], [-118.281515804379, 33.9978528292015], [-118.277687535879, 34.0033614837128], [-118.270045221008, 34.0033542027058], [-118.266232162782, 33.9978382699662]]]}}, {"type": "Feature", "properties": {"OBJECTID": 392, "GRID_ID": "AF-32", "has_data": true}, "geometry": {"type": "Polygon", "coordinates": [[[-118.266232162782, 33.9978382699662], [-118.27006092266, 33.9923299655889], [-118.277702250284, 33.9923372438169], [-118.281515804379, 33.9978528292015], [-118.277687535879, 34.0033614837128], [-118.270045221008, 34.0033542027058], [-118.266232162782, 33.9978382699662]]]}}, {"type": "Feature", "properties": {"OBJECTID": 393, "GRID_ID": "AF-32", "has_data": true}, "geometry": {"type": "Polygon", "coordinates": [[[-118.266232162782, 33.9978382699662], [-118.27006092266, 33.9923299655889], [-118.277702250284, 33.9923372438169], [-118.281515804379, 33.9978528292015], [-118.277687535879, 34.0033614837128], [-118.270045221008, 34.0033542027058], [-118.266232162782, 33.9978382699662]]]}}, {"type": "Feature", "properties": {"OBJECTID": 394, "GRID_ID": "AF-32", "has_data": true}, "geometry": {"type": "Polygon", "coordinates": [[[-118.266232162782, 33.9978382699662], [-118.27006092266, 33.9923299655889], [-118.277702250284, 33.9923372438169], [-118.281515804379, 33.9978528292015], [-118.277687535879, 34.0033614837128], [-118.270045221008, 34.0033542027058], [-118.266232162782, 33.9978382699662]]]}}, {"type": "Feature", "properties": {"OBJECTID": 395, "GRID_ID": "AF-32", "has_data": true}, "geometry": {"type": "Polygon", "coordinates": [[[-118.266232162782, 33.9978382699662], [-118.27006092266, 33.9923299655889], [-118.277702250284, 33.9923372438169], [-118.281515804379, 33.9978528292015], [-118.277687535879, 34.0033614837128], [-118.270045221008, 34.0033542027058], [-118.266232162782, 33.9978382699662]]]}}, {"type": "Feature", "properties": {"OBJECTID": 396, "GRID_ID": "AH-24", "has_data": true}, "geometry": {"type": "Polygon", "coordinates": [[[-118.243153109135, 34.0860060526587], [-118.246987347838, 34.0804985569287], [-118.254636587822, 34.0805072806873], [-118.258452579945, 34.0860235049923], [-118.254618834417, 34.0915313525674], [-118.246968602693, 34.0915226254809], [-118.243153109135, 34.0860060526587]]]}}, {"type": "Feature", "properties": {"OBJECTID": 397, "GRID_ID": "AG-32", "has_data": true}, "geometry": {"type": "Polygon", "coordinates": [[[-118.254778267414, 33.9923139925131], [-118.258607518671, 33.986806039089], [-118.266248354017, 33.9868140246553], [-118.27006092266, 33.9923299655889], [-118.266232162782, 33.9978382699662], [-118.258590341086, 33.9978302817122], [-118.254778267414, 33.9923139925131]]]}}, {"type": "Feature", "properties": {"OBJECTID": 398, "GRID_ID": "AG-32", "has_data": true}, "geometry": {"type": "Polygon", "coordinates": [[[-118.254778267414, 33.9923139925131], [-118.258607518671, 33.986806039089], [-118.266248354017, 33.9868140246553], [-118.27006092266, 33.9923299655889], [-118.266232162782, 33.9978382699662], [-118.258590341086, 33.9978302817122], [-118.254778267414, 33.9923139925131]]]}}, {"type": "Feature", "properties": {"OBJECTID": 399, "GRID_ID": "AG-32", "has_data": true}, "geometry": {"type": "Polygon", "coordinates": [[[-118.254778267414, 33.9923139925131], [-118.258607518671, 33.986806039089], [-118.266248354017, 33.9868140246553], [-118.27006092266, 33.9923299655889], [-118.266232162782, 33.9978382699662], [-118.258590341086, 33.9978302817122], [-118.254778267414, 33.9923139925131]]]}}, {"type": "Feature", "properties": {"OBJECTID": 400, "GRID_ID": "AH-32", "has_data": true}, "geometry": {"type": "Polygon", "coordinates": [[[-118.243306697692, 33.9978128871858], [-118.247136938892, 33.9923052969201], [-118.254778267414, 33.9923139925131], [-118.258590341086, 33.9978302817122], [-118.254760591264, 34.0033382227661], [-118.247118275494, 34.0033295238332], [-118.243306697692, 33.9978128871858]]]}}, {"type": "Feature", "properties": {"OBJECTID": 401, "GRID_ID": "AH-32", "has_data": true}, "geometry": {"type": "Polygon", "coordinates": [[[-118.243306697692, 33.9978128871858], [-118.247136938892, 33.9923052969201], [-118.254778267414, 33.9923139925131], [-118.258590341086, 33.9978302817122], [-118.254760591264, 34.0033382227661], [-118.247118275494, 34.0033295238332], [-118.243306697692, 33.9978128871858]]]}}, {"type": "Feature", "properties": {"OBJECTID": 402, "GRID_ID": "AH-32", "has_data": true}, "geometry": {"type": "Polygon", "coordinates": [[[-118.243306697692, 33.9978128871858], [-118.247136938892, 33.9923052969201], [-118.254778267414, 33.9923139925131], [-118.258590341086, 33.9978302817122], [-118.254760591264, 34.0033382227661], [-118.247118275494, 34.0033295238332], [-118.243306697692, 33.9978128871858]]]}}, {"type": "Feature", "properties": {"OBJECTID": 403, "GRID_ID": "H-17", "has_data": true}, "geometry": {"type": "Polygon", "coordinates": [[[-118.541628999235, 34.1631723069176], [-118.545447346741, 34.1576556245639], [-118.553103537889, 34.1576458361031], [-118.556942376864, 34.1631527253275], [-118.55312452972, 34.1686697568226], [-118.545467343239, 34.1686795499514], [-118.541628999235, 34.1631723069176]]]}}, {"type": "Feature", "properties": {"OBJECTID": 404, "GRID_ID": "AI-32", "has_data": true}, "geometry": {"type": "Polygon", "coordinates": [[[-118.231854282748, 33.9922864891128], [-118.235685014428, 33.9867792504546], [-118.243325849774, 33.9867886519888], [-118.247136938892, 33.9923052969201], [-118.243306697692, 33.9978128871858], [-118.235664875996, 33.9978034809133], [-118.231854282748, 33.9922864891128]]]}}, {"type": "Feature", "properties": {"OBJECTID": 405, "GRID_ID": "AI-32", "has_data": true}, "geometry": {"type": "Polygon", "coordinates": [[[-118.231854282748, 33.9922864891128], [-118.235685014428, 33.9867792504546], [-118.243325849774, 33.9867886519888], [-118.247136938892, 33.9923052969201], [-118.243306697692, 33.9978128871858], [-118.235664875996, 33.9978034809133], [-118.231854282748, 33.9922864891128]]]}}, {"type": "Feature", "properties": {"OBJECTID": 406, "GRID_ID": "AI-24", "has_data": true}, "geometry": {"type": "Polygon", "coordinates": [[[-118.23168886787, 34.0804796868217], [-118.235523598849, 34.0749725430114], [-118.243172343862, 34.0749819764467], [-118.246987347838, 34.0804985569287], [-118.243153109135, 34.0860060526587], [-118.235503373281, 34.0859966159874], [-118.23168886787, 34.0804796868217]]]}}, {"type": "Feature", "properties": {"OBJECTID": 407, "GRID_ID": "AJ-32", "has_data": true}, "geometry": {"type": "Polygon", "coordinates": [[[-118.220381231704, 33.9977832518381], [-118.224212953328, 33.9922763768982], [-118.231854282748, 33.9922864891128], [-118.235664875996, 33.9978034809133], [-118.231833644852, 34.0033107080406], [-118.224191329082, 34.0033005911805], [-118.220381231704, 33.9977832518381]]]}}, {"type": "Feature", "properties": {"OBJECTID": 408, "GRID_ID": "I-17", "has_data": true}, "geometry": {"type": "Polygon", "coordinates": [[[-118.530134964445, 34.1576737757332], [-118.533953811414, 34.1521574433368], [-118.541609505793, 34.1521483701335], [-118.545447346741, 34.1576556245639], [-118.541628999235, 34.1631723069176], [-118.533972310421, 34.1631813841397], [-118.530134964445, 34.1576737757332]]]}}, {"type": "Feature", "properties": {"OBJECTID": 409, "GRID_ID": "M-31", "has_data": true}, "geometry": {"type": "Polygon", "coordinates": [[[-118.484030014957, 34.0033794363782], [-118.487844955153, 33.9978643989843], [-118.49548677685, 33.997858213042], [-118.499314642904, 34.0033670608282], [-118.49550019768, 34.0088824468754], [-118.487857389633, 34.0088886357381], [-118.484030014957, 34.0033794363782]]]}}, {"type": "Feature", "properties": {"OBJECTID": 410, "GRID_ID": "AJ-24", "has_data": true}, "geometry": {"type": "Polygon", "coordinates": [[[-118.220203900674, 34.0859763194033], [-118.224039626987, 34.0804695404731], [-118.23168886787, 34.0804796868217], [-118.235503373281, 34.0859966159874], [-118.231668140143, 34.0915037474156], [-118.22401790752, 34.0914935971805], [-118.220203900674, 34.0859763194033]]]}}, {"type": "Feature", "properties": {"OBJECTID": 411, "GRID_ID": "AJ-24", "has_data": true}, "geometry": {"type": "Polygon", "coordinates": [[[-118.220203900674, 34.0859763194033], [-118.224039626987, 34.0804695404731], [-118.23168886787, 34.0804796868217], [-118.235503373281, 34.0859966159874], [-118.231668140143, 34.0915037474156], [-118.22401790752, 34.0914935971805], [-118.220203900674, 34.0859763194033]]]}}, {"type": "Feature", "properties": {"OBJECTID": 412, "GRID_ID": "AJ-24", "has_data": true}, "geometry": {"type": "Polygon", "coordinates": [[[-118.220203900674, 34.0859763194033], [-118.224039626987, 34.0804695404731], [-118.23168886787, 34.0804796868217], [-118.235503373281, 34.0859966159874], [-118.231668140143, 34.0915037474156], [-118.22401790752, 34.0914935971805], [-118.220203900674, 34.0859763194033]]]}}, {"type": "Feature", "properties": {"OBJECTID": 413, "GRID_ID": "N-31", "has_data": true}, "geometry": {"type": "Polygon", "coordinates": [[[-118.472571772641, 34.0088995956313], [-118.476387700086, 34.003384915191], [-118.484030014957, 34.0033794363782], [-118.487857389633, 34.0088886357381], [-118.484041958059, 34.0144036639213], [-118.476398655939, 34.0144091450014], [-118.472571772641, 34.0088995956313]]]}}, {"type": "Feature", "properties": {"OBJECTID": 414, "GRID_ID": "J-17", "has_data": true}, "geometry": {"type": "Polygon", "coordinates": [[[-118.518658932791, 34.1631981129251], [-118.522478772399, 34.1576821384419], [-118.530134964445, 34.1576737757332], [-118.533972310421, 34.1631813841397], [-118.530152970276, 34.168697708413], [-118.522495783795, 34.1687060744894], [-118.518658932791, 34.1631981129251]]]}}, {"type": "Feature", "properties": {"OBJECTID": 415, "GRID_ID": "O-31", "has_data": true}, "geometry": {"type": "Polygon", "coordinates": [[[-118.461103071241, 34.0033944548929], [-118.464919493657, 33.997880123013], [-118.472561313557, 33.9978753543421], [-118.476387700086, 34.003384915191], [-118.472571772641, 34.0088995956313], [-118.464928965493, 34.0089043659173], [-118.461103071241, 34.0033944548929]]]}}, {"type": "Feature", "properties": {"OBJECTID": 416, "GRID_ID": "K-17", "has_data": true}, "geometry": {"type": "Polygon", "coordinates": [[[-118.507166391001, 34.157697437365], [-118.510986730072, 34.1521818127445], [-118.518642424451, 34.1521741653857], [-118.522478772399, 34.1576821384419], [-118.518658932791, 34.1631981129251], [-118.511002243977, 34.1632057637456], [-118.507166391001, 34.157697437365]]]}}, {"type": "Feature", "properties": {"OBJECTID": 417, "GRID_ID": "P-31", "has_data": true}, "geometry": {"type": "Polygon", "coordinates": [[[-118.449643349399, 34.0089124901471], [-118.453460758166, 34.003398515782], [-118.461103071241, 34.0033944548929], [-118.464928965493, 34.0089043659173], [-118.461112051698, 34.0144186886771], [-118.453468750477, 34.0144227512729], [-118.449643349399, 34.0089124901471]]]}}, {"type": "Feature", "properties": {"OBJECTID": 418, "GRID_ID": "Q-31", "has_data": true}, "geometry": {"type": "Polygon", "coordinates": [[[-118.43817612932, 34.0034052203818], [-118.44199403216, 33.9978915952291], [-118.44963585206, 33.9978882438289], [-118.453460758166, 34.003398515782], [-118.449643349399, 34.0089124901471], [-118.442000542251, 34.0089158426017], [-118.43817612932, 34.0034052203818]]]}}, {"type": "Feature", "properties": {"OBJECTID": 419, "GRID_ID": "Q-31", "has_data": true}, "geometry": {"type": "Polygon", "coordinates": [[[-118.43817612932, 34.0034052203818], [-118.44199403216, 33.9978915952291], [-118.44963585206, 33.9978882438289], [-118.453460758166, 34.003398515782], [-118.449643349399, 34.0089124901471], [-118.442000542251, 34.0089158426017], [-118.43817612932, 34.0034052203818]]]}}, {"type": "Feature", "properties": {"OBJECTID": 420, "GRID_ID": "L-17", "has_data": true}, "geometry": {"type": "Polygon", "coordinates": [[[-118.495688868144, 34.163219639729], [-118.499510199853, 34.1577043735795], [-118.507166391001, 34.157697437365], [-118.511002243977, 34.1632057637456], [-118.507181411731, 34.1687213795907], [-118.49952422525, 34.1687283193591], [-118.495688868144, 34.163219639729]]]}}, {"type": "Feature", "properties": {"OBJECTID": 421, "GRID_ID": "R-31", "has_data": true}, "geometry": {"type": "Polygon", "coordinates": [[[-118.426714926157, 34.0089211304247], [-118.430533816245, 34.0034078633478], [-118.43817612932, 34.0034052203818], [-118.442000542251, 34.0089158426017], [-118.438182147135, 34.0144294587254], [-118.430538845913, 34.0144321028375], [-118.426714926157, 34.0089211304247]]]}}, {"type": "Feature", "properties": {"OBJECTID": 422, "GRID_ID": "R-31", "has_data": true}, "geometry": {"type": "Polygon", "coordinates": [[[-118.426714926157, 34.0089211304247], [-118.430533816245, 34.0034078633478], [-118.43817612932, 34.0034052203818], [-118.442000542251, 34.0089158426017], [-118.438182147135, 34.0144294587254], [-118.430538845913, 34.0144321028375], [-118.426714926157, 34.0089211304247]]]}}, {"type": "Feature", "properties": {"OBJECTID": 423, "GRID_ID": "S-31", "has_data": true}, "geometry": {"type": "Polygon", "coordinates": [[[-118.415249188299, 34.0034117321019], [-118.419068570663, 33.997898814145], [-118.426710391462, 33.9978968800148], [-118.430533816245, 34.0034078633478], [-118.426714926157, 34.0089211304247], [-118.419072118111, 34.0089230650485], [-118.415249188299, 34.0034117321019]]]}}, {"type": "Feature", "properties": {"OBJECTID": 424, "GRID_ID": "M-17", "has_data": true}, "geometry": {"type": "Polygon", "coordinates": [[[-118.484197819354, 34.1577168210021], [-118.488019650526, 34.1522019053646], [-118.495675344008, 34.1521956831056], [-118.499510199853, 34.1577043735795], [-118.495688868144, 34.163219639729], [-118.488032180228, 34.1632258641489], [-118.484197819354, 34.1577168210021]]]}}, {"type": "Feature", "properties": {"OBJECTID": 425, "GRID_ID": "T-31", "has_data": true}, "geometry": {"type": "Polygon", "coordinates": [[[-118.403786503814, 34.0089255164655], [-118.407606874325, 34.0034129571452], [-118.415249188299, 34.0034117321019], [-118.419072118111, 34.0089230650485], [-118.415252242571, 34.0144359733232], [-118.407608941349, 34.0144371989521], [-118.403786503814, 34.0089255164655]]]}}, {"type": "Feature", "properties": {"OBJECTID": 426, "GRID_ID": "U-31", "has_data": true}, "geometry": {"type": "Polygon", "coordinates": [[[-118.392322247277, 34.0034139907988], [-118.396143110963, 33.997901781251], [-118.403784930863, 33.9979012643907], [-118.407606874325, 34.0034129571452], [-118.403786503814, 34.0089255164655], [-118.396143695767, 34.0089260332588], [-118.392322247277, 34.0034139907988]]]}}, {"type": "Feature", "properties": {"OBJECTID": 427, "GRID_ID": "AK-24", "has_data": true}, "geometry": {"type": "Polygon", "coordinates": [[[-118.208741145222, 34.0804478266731], [-118.212577363812, 34.0749414003159], [-118.220226109723, 34.0749522556903], [-118.224039626987, 34.0804695404731], [-118.220203900674, 34.0859763194033], [-118.212554163921, 34.085965460234], [-118.208741145222, 34.0804478266731]]]}}, {"type": "Feature", "properties": {"OBJECTID": 428, "GRID_ID": "AK-24", "has_data": true}, "geometry": {"type": "Polygon", "coordinates": [[[-118.208741145222, 34.0804478266731], [-118.212577363812, 34.0749414003159], [-118.220226109723, 34.0749522556903], [-118.224039626987, 34.0804695404731], [-118.220203900674, 34.0859763194033], [-118.212554163921, 34.085965460234], [-118.208741145222, 34.0804478266731]]]}}, {"type": "Feature", "properties": {"OBJECTID": 429, "GRID_ID": "AK-24", "has_data": true}, "geometry": {"type": "Polygon", "coordinates": [[[-118.208741145222, 34.0804478266731], [-118.212577363812, 34.0749414003159], [-118.220226109723, 34.0749522556903], [-118.224039626987, 34.0804695404731], [-118.220203900674, 34.0859763194033], [-118.212554163921, 34.085965460234], [-118.208741145222, 34.0804478266731]]]}}, {"type": "Feature", "properties": {"OBJECTID": 430, "GRID_ID": "AK-24", "has_data": true}, "geometry": {"type": "Polygon", "coordinates": [[[-118.208741145222, 34.0804478266731], [-118.212577363812, 34.0749414003159], [-118.220226109723, 34.0749522556903], [-118.224039626987, 34.0804695404731], [-118.220203900674, 34.0859763194033], [-118.212554163921, 34.085965460234], [-118.208741145222, 34.0804478266731]]]}}, {"type": "Feature", "properties": {"OBJECTID": 431, "GRID_ID": "AK-24", "has_data": true}, "geometry": {"type": "Polygon", "coordinates": [[[-118.208741145222, 34.0804478266731], [-118.212577363812, 34.0749414003159], [-118.220226109723, 34.0749522556903], [-118.224039626987, 34.0804695404731], [-118.220203900674, 34.0859763194033], [-118.212554163921, 34.085965460234], [-118.208741145222, 34.0804478266731]]]}}, {"type": "Feature", "properties": {"OBJECTID": 432, "GRID_ID": "AK-24", "has_data": true}, "geometry": {"type": "Polygon", "coordinates": [[[-118.208741145222, 34.0804478266731], [-118.212577363812, 34.0749414003159], [-118.220226109723, 34.0749522556903], [-118.224039626987, 34.0804695404731], [-118.220203900674, 34.0859763194033], [-118.212554163921, 34.085965460234], [-118.208741145222, 34.0804478266731]]]}}, {"type": "Feature", "properties": {"OBJECTID": 433, "GRID_ID": "AK-24", "has_data": true}, "geometry": {"type": "Polygon", "coordinates": [[[-118.208741145222, 34.0804478266731], [-118.212577363812, 34.0749414003159], [-118.220226109723, 34.0749522556903], [-118.224039626987, 34.0804695404731], [-118.220203900674, 34.0859763194033], [-118.212554163921, 34.085965460234], [-118.208741145222, 34.0804478266731]]]}}, {"type": "Feature", "properties": {"OBJECTID": 434, "GRID_ID": "AK-24", "has_data": true}, "geometry": {"type": "Polygon", "coordinates": [[[-118.208741145222, 34.0804478266731], [-118.212577363812, 34.0749414003159], [-118.220226109723, 34.0749522556903], [-118.224039626987, 34.0804695404731], [-118.220203900674, 34.0859763194033], [-118.212554163921, 34.085965460234], [-118.208741145222, 34.0804478266731]]]}}, {"type": "Feature", "properties": {"OBJECTID": 435, "GRID_ID": "AK-24", "has_data": true}, "geometry": {"type": "Polygon", "coordinates": [[[-118.208741145222, 34.0804478266731], [-118.212577363812, 34.0749414003159], [-118.220226109723, 34.0749522556903], [-118.224039626987, 34.0804695404731], [-118.220203900674, 34.0859763194033], [-118.212554163921, 34.085965460234], [-118.208741145222, 34.0804478266731]]]}}, {"type": "Feature", "properties": {"OBJECTID": 436, "GRID_ID": "AK-24", "has_data": true}, "geometry": {"type": "Polygon", "coordinates": [[[-118.208741145222, 34.0804478266731], [-118.212577363812, 34.0749414003159], [-118.220226109723, 34.0749522556903], [-118.224039626987, 34.0804695404731], [-118.220203900674, 34.0859763194033], [-118.212554163921, 34.085965460234], [-118.208741145222, 34.0804478266731]]]}}, {"type": "Feature", "properties": {"OBJECTID": 437, "GRID_ID": "AK-24", "has_data": true}, "geometry": {"type": "Polygon", "coordinates": [[[-118.208741145222, 34.0804478266731], [-118.212577363812, 34.0749414003159], [-118.220226109723, 34.0749522556903], [-118.224039626987, 34.0804695404731], [-118.220203900674, 34.0859763194033], [-118.212554163921, 34.085965460234], [-118.208741145222, 34.0804478266731]]]}}, {"type": "Feature", "properties": {"OBJECTID": 438, "GRID_ID": "AK-24", "has_data": true}, "geometry": {"type": "Polygon", "coordinates": [[[-118.208741145222, 34.0804478266731], [-118.212577363812, 34.0749414003159], [-118.220226109723, 34.0749522556903], [-118.224039626987, 34.0804695404731], [-118.220203900674, 34.0859763194033], [-118.212554163921, 34.085965460234], [-118.208741145222, 34.0804478266731]]]}}, {"type": "Feature", "properties": {"OBJECTID": 439, "GRID_ID": "V-31", "has_data": true}, "geometry": {"type": "Polygon", "coordinates": [[[-118.38085808147, 34.0089256482702], [-118.384679933303, 34.0034137979196], [-118.392322247277, 34.0034139907988], [-118.396143695767, 34.0089260332588], [-118.392322338905, 34.0144382324715], [-118.384679036785, 34.014438040362], [-118.38085808147, 34.0089256482702]]]}}, {"type": "Feature", "properties": {"OBJECTID": 440, "GRID_ID": "Z-31", "has_data": true}, "geometry": {"type": "Polygon", "coordinates": [[[-118.335001235884, 34.0089131499149], [-118.338826050361, 34.0034027196547], [-118.346468364335, 34.0034057476345], [-118.350286851079, 34.0089192062261], [-118.346462530675, 34.0144299866543], [-118.338819228555, 34.0144269575784], [-118.335001235884, 34.0089131499149]]]}}, {"type": "Feature", "properties": {"OBJECTID": 441, "GRID_ID": "AA-31", "has_data": true}, "geometry": {"type": "Polygon", "coordinates": [[[-118.323541421516, 34.0033952465168], [-118.327366729169, 33.9978851672433], [-118.335008549069, 33.9978889029376], [-118.338826050361, 34.0034027196547], [-118.335001235884, 34.0089131499149], [-118.327358428735, 34.0089094117268], [-118.323541421516, 34.0033952465168]]]}}, {"type": "Feature", "properties": {"OBJECTID": 442, "GRID_ID": "AA-31", "has_data": true}, "geometry": {"type": "Polygon", "coordinates": [[[-118.323541421516, 34.0033952465168], [-118.327366729169, 33.9978851672433], [-118.335008549069, 33.9978889029376], [-118.338826050361, 34.0034027196547], [-118.335001235884, 34.0089131499149], [-118.327358428735, 34.0089094117268], [-118.323541421516, 34.0033952465168]]]}}, {"type": "Feature", "properties": {"OBJECTID": 443, "GRID_ID": "N-17", "has_data": true}, "geometry": {"type": "Polygon", "coordinates": [[[-118.472718803497, 34.1632368880757], [-118.476541629105, 34.1577223314669], [-118.484197819354, 34.1577168210021], [-118.488032180228, 34.1632258641489], [-118.484209854084, 34.1687407711025], [-118.476552668501, 34.1687462838208], [-118.472718803497, 34.1632368880757]]]}}, {"type": "Feature", "properties": {"OBJECTID": 444, "GRID_ID": "AB-31", "has_data": true}, "geometry": {"type": "Polygon", "coordinates": [[[-118.312072811744, 34.0089005190086], [-118.315899108441, 34.0033908006138], [-118.323541421516, 34.0033952465168], [-118.327358428735, 34.0089094117268], [-118.323532625213, 34.0144194809429], [-118.315889323991, 34.0144150333832], [-118.312072811744, 34.0089005190086]]]}}, {"type": "Feature", "properties": {"OBJECTID": 445, "GRID_ID": "AC-31", "has_data": true}, "geometry": {"type": "Polygon", "coordinates": [[[-118.300614479596, 34.0033804916287], [-118.304441267672, 33.9978711241293], [-118.312083087572, 33.9978762778392], [-118.315899108441, 34.0033908006138], [-118.312072811744, 34.0089005190086], [-118.304430004595, 34.0088953637336], [-118.300614479596, 34.0033804916287]]]}}, {"type": "Feature", "properties": {"OBJECTID": 446, "GRID_ID": "AL-24", "has_data": true}, "geometry": {"type": "Polygon", "coordinates": [[[-118.197254690416, 34.0859423193962], [-118.201091903441, 34.0804362584771], [-118.208741145222, 34.0804478266731], [-118.212554163921, 34.085965460234], [-118.208717443173, 34.0914718743043], [-118.201067210551, 34.091460301663], [-118.197254690416, 34.0859423193962]]]}}, {"type": "Feature", "properties": {"OBJECTID": 447, "GRID_ID": "AD-31", "has_data": true}, "geometry": {"type": "Polygon", "coordinates": [[[-118.289144387603, 34.0088836346069], [-118.292972165623, 34.0033746285464], [-118.300614479596, 34.0033804916287], [-118.304430004595, 34.0088953637336], [-118.300602719751, 34.0144047197795], [-118.29295941763, 34.01439885448], [-118.289144387603, 34.0088836346069]]]}}, {"type": "Feature", "properties": {"OBJECTID": 448, "GRID_ID": "AE-31", "has_data": true}, "geometry": {"type": "Polygon", "coordinates": [[[-118.277687535879, 34.0033614837128], [-118.281515804379, 33.9978528292015], [-118.289157626076, 33.9978594001829], [-118.292972165623, 34.0033746285464], [-118.289144387603, 34.0088836346069], [-118.281501579556, 34.008877060755], [-118.277687535879, 34.0033614837128]]]}}, {"type": "Feature", "properties": {"OBJECTID": 449, "GRID_ID": "AE-31", "has_data": true}, "geometry": {"type": "Polygon", "coordinates": [[[-118.277687535879, 34.0033614837128], [-118.281515804379, 33.9978528292015], [-118.289157626076, 33.9978594001829], [-118.292972165623, 34.0033746285464], [-118.289144387603, 34.0088836346069], [-118.281501579556, 34.008877060755], [-118.277687535879, 34.0033614837128]]]}}, {"type": "Feature", "properties": {"OBJECTID": 450, "GRID_ID": "AE-31", "has_data": true}, "geometry": {"type": "Polygon", "coordinates": [[[-118.277687535879, 34.0033614837128], [-118.281515804379, 33.9978528292015], [-118.289157626076, 33.9978594001829], [-118.292972165623, 34.0033746285464], [-118.289144387603, 34.0088836346069], [-118.281501579556, 34.008877060755], [-118.277687535879, 34.0033614837128]]]}}, {"type": "Feature", "properties": {"OBJECTID": 451, "GRID_ID": "AE-31", "has_data": true}, "geometry": {"type": "Polygon", "coordinates": [[[-118.277687535879, 34.0033614837128], [-118.281515804379, 33.9978528292015], [-118.289157626076, 33.9978594001829], [-118.292972165623, 34.0033746285464], [-118.289144387603, 34.0088836346069], [-118.281501579556, 34.008877060755], [-118.277687535879, 34.0033614837128]]]}}, {"type": "Feature", "properties": {"OBJECTID": 452, "GRID_ID": "AE-31", "has_data": true}, "geometry": {"type": "Polygon", "coordinates": [[[-118.277687535879, 34.0033614837128], [-118.281515804379, 33.9978528292015], [-118.289157626076, 33.9978594001829], [-118.292972165623, 34.0033746285464], [-118.289144387603, 34.0088836346069], [-118.281501579556, 34.008877060755], [-118.277687535879, 34.0033614837128]]]}}, {"type": "Feature", "properties": {"OBJECTID": 453, "GRID_ID": "AE-31", "has_data": true}, "geometry": {"type": "Polygon", "coordinates": [[[-118.277687535879, 34.0033614837128], [-118.281515804379, 33.9978528292015], [-118.289157626076, 33.9978594001829], [-118.292972165623, 34.0033746285464], [-118.289144387603, 34.0088836346069], [-118.281501579556, 34.008877060755], [-118.277687535879, 34.0033614837128]]]}}, {"type": "Feature", "properties": {"OBJECTID": 454, "GRID_ID": "AE-31", "has_data": true}, "geometry": {"type": "Polygon", "coordinates": [[[-118.277687535879, 34.0033614837128], [-118.281515804379, 33.9978528292015], [-118.289157626076, 33.9978594001829], [-118.292972165623, 34.0033746285464], [-118.289144387603, 34.0088836346069], [-118.281501579556, 34.008877060755], [-118.277687535879, 34.0033614837128]]]}}, {"type": "Feature", "properties": {"OBJECTID": 455, "GRID_ID": "AE-31", "has_data": true}, "geometry": {"type": "Polygon", "coordinates": [[[-118.277687535879, 34.0033614837128], [-118.281515804379, 33.9978528292015], [-118.289157626076, 33.9978594001829], [-118.292972165623, 34.0033746285464], [-118.289144387603, 34.0088836346069], [-118.281501579556, 34.008877060755], [-118.277687535879, 34.0033614837128]]]}}, {"type": "Feature", "properties": {"OBJECTID": 456, "GRID_ID": "O-17", "has_data": true}, "geometry": {"type": "Polygon", "coordinates": [[[-118.461229247707, 34.1577319266475], [-118.465052571879, 34.1522177212], [-118.472708263564, 34.15221292404], [-118.476541629105, 34.1577223314669], [-118.472718803497, 34.1632368880757], [-118.465062116479, 34.1632416860961], [-118.461229247707, 34.1577319266475]]]}}, {"type": "Feature", "properties": {"OBJECTID": 457, "GRID_ID": "AF-31", "has_data": true}, "geometry": {"type": "Polygon", "coordinates": [[[-118.266215962564, 34.0088624952181], [-118.270045221008, 34.0033542027058], [-118.277687535879, 34.0033614837128], [-118.281501579556, 34.008877060755], [-118.277672812492, 34.0143857039065], [-118.270029510372, 34.0143784201217], [-118.266215962564, 34.0088624952181]]]}}, {"type": "Feature", "properties": {"OBJECTID": 458, "GRID_ID": "AF-31", "has_data": true}, "geometry": {"type": "Polygon", "coordinates": [[[-118.266215962564, 34.0088624952181], [-118.270045221008, 34.0033542027058], [-118.277687535879, 34.0033614837128], [-118.281501579556, 34.008877060755], [-118.277672812492, 34.0143857039065], [-118.270029510372, 34.0143784201217], [-118.266215962564, 34.0088624952181]]]}}, {"type": "Feature", "properties": {"OBJECTID": 459, "GRID_ID": "AF-31", "has_data": true}, "geometry": {"type": "Polygon", "coordinates": [[[-118.266215962564, 34.0088624952181], [-118.270045221008, 34.0033542027058], [-118.277687535879, 34.0033614837128], [-118.281501579556, 34.008877060755], [-118.277672812492, 34.0143857039065], [-118.270029510372, 34.0143784201217], [-118.266215962564, 34.0088624952181]]]}}, {"type": "Feature", "properties": {"OBJECTID": 460, "GRID_ID": "AF-31", "has_data": true}, "geometry": {"type": "Polygon", "coordinates": [[[-118.266215962564, 34.0088624952181], [-118.270045221008, 34.0033542027058], [-118.277687535879, 34.0033614837128], [-118.281501579556, 34.008877060755], [-118.277672812492, 34.0143857039065], [-118.270029510372, 34.0143784201217], [-118.266215962564, 34.0088624952181]]]}}, {"type": "Feature", "properties": {"OBJECTID": 461, "GRID_ID": "AF-31", "has_data": true}, "geometry": {"type": "Polygon", "coordinates": [[[-118.266215962564, 34.0088624952181], [-118.270045221008, 34.0033542027058], [-118.277687535879, 34.0033614837128], [-118.281501579556, 34.008877060755], [-118.277672812492, 34.0143857039065], [-118.270029510372, 34.0143784201217], [-118.266215962564, 34.0088624952181]]]}}, {"type": "Feature", "properties": {"OBJECTID": 462, "GRID_ID": "AF-31", "has_data": true}, "geometry": {"type": "Polygon", "coordinates": [[[-118.266215962564, 34.0088624952181], [-118.270045221008, 34.0033542027058], [-118.277687535879, 34.0033614837128], [-118.281501579556, 34.008877060755], [-118.277672812492, 34.0143857039065], [-118.270029510372, 34.0143784201217], [-118.266215962564, 34.0088624952181]]]}}, {"type": "Feature", "properties": {"OBJECTID": 463, "GRID_ID": "AF-31", "has_data": true}, "geometry": {"type": "Polygon", "coordinates": [[[-118.266215962564, 34.0088624952181], [-118.270045221008, 34.0033542027058], [-118.277687535879, 34.0033614837128], [-118.281501579556, 34.008877060755], [-118.277672812492, 34.0143857039065], [-118.270029510372, 34.0143784201217], [-118.266215962564, 34.0088624952181]]]}}, {"type": "Feature", "properties": {"OBJECTID": 464, "GRID_ID": "AF-31", "has_data": true}, "geometry": {"type": "Polygon", "coordinates": [[[-118.266215962564, 34.0088624952181], [-118.270045221008, 34.0033542027058], [-118.277687535879, 34.0033614837128], [-118.281501579556, 34.008877060755], [-118.277672812492, 34.0143857039065], [-118.270029510372, 34.0143784201217], [-118.266215962564, 34.0088624952181]]]}}, {"type": "Feature", "properties": {"OBJECTID": 465, "GRID_ID": "AF-31", "has_data": true}, "geometry": {"type": "Polygon", "coordinates": [[[-118.266215962564, 34.0088624952181], [-118.270045221008, 34.0033542027058], [-118.277687535879, 34.0033614837128], [-118.281501579556, 34.008877060755], [-118.277672812492, 34.0143857039065], [-118.270029510372, 34.0143784201217], [-118.266215962564, 34.0088624952181]]]}}, {"type": "Feature", "properties": {"OBJECTID": 466, "GRID_ID": "AF-31", "has_data": true}, "geometry": {"type": "Polygon", "coordinates": [[[-118.266215962564, 34.0088624952181], [-118.270045221008, 34.0033542027058], [-118.277687535879, 34.0033614837128], [-118.281501579556, 34.008877060755], [-118.277672812492, 34.0143857039065], [-118.270029510372, 34.0143784201217], [-118.266215962564, 34.0088624952181]]]}}, {"type": "Feature", "properties": {"OBJECTID": 467, "GRID_ID": "AF-31", "has_data": true}, "geometry": {"type": "Polygon", "coordinates": [[[-118.266215962564, 34.0088624952181], [-118.270045221008, 34.0033542027058], [-118.277687535879, 34.0033614837128], [-118.281501579556, 34.008877060755], [-118.277672812492, 34.0143857039065], [-118.270029510372, 34.0143784201217], [-118.266215962564, 34.0088624952181]]]}}, {"type": "Feature", "properties": {"OBJECTID": 468, "GRID_ID": "AF-31", "has_data": true}, "geometry": {"type": "Polygon", "coordinates": [[[-118.266215962564, 34.0088624952181], [-118.270045221008, 34.0033542027058], [-118.277687535879, 34.0033614837128], [-118.281501579556, 34.008877060755], [-118.277672812492, 34.0143857039065], [-118.270029510372, 34.0143784201217], [-118.266215962564, 34.0088624952181]]]}}, {"type": "Feature", "properties": {"OBJECTID": 469, "GRID_ID": "AF-31", "has_data": true}, "geometry": {"type": "Polygon", "coordinates": [[[-118.266215962564, 34.0088624952181], [-118.270045221008, 34.0033542027058], [-118.277687535879, 34.0033614837128], [-118.281501579556, 34.008877060755], [-118.277672812492, 34.0143857039065], [-118.270029510372, 34.0143784201217], [-118.266215962564, 34.0088624952181]]]}}, {"type": "Feature", "properties": {"OBJECTID": 470, "GRID_ID": "AF-31", "has_data": true}, "geometry": {"type": "Polygon", "coordinates": [[[-118.266215962564, 34.0088624952181], [-118.270045221008, 34.0033542027058], [-118.277687535879, 34.0033614837128], [-118.281501579556, 34.008877060755], [-118.277672812492, 34.0143857039065], [-118.270029510372, 34.0143784201217], [-118.266215962564, 34.0088624952181]]]}}, {"type": "Feature", "properties": {"OBJECTID": 471, "GRID_ID": "AF-31", "has_data": true}, "geometry": {"type": "Polygon", "coordinates": [[[-118.266215962564, 34.0088624952181], [-118.270045221008, 34.0033542027058], [-118.277687535879, 34.0033614837128], [-118.281501579556, 34.008877060755], [-118.277672812492, 34.0143857039065], [-118.270029510372, 34.0143784201217], [-118.266215962564, 34.0088624952181]]]}}, {"type": "Feature", "properties": {"OBJECTID": 472, "GRID_ID": "AF-31", "has_data": true}, "geometry": {"type": "Polygon", "coordinates": [[[-118.266215962564, 34.0088624952181], [-118.270045221008, 34.0033542027058], [-118.277687535879, 34.0033614837128], [-118.281501579556, 34.008877060755], [-118.277672812492, 34.0143857039065], [-118.270029510372, 34.0143784201217], [-118.266215962564, 34.0088624952181]]]}}, {"type": "Feature", "properties": {"OBJECTID": 473, "GRID_ID": "AF-31", "has_data": true}, "geometry": {"type": "Polygon", "coordinates": [[[-118.266215962564, 34.0088624952181], [-118.270045221008, 34.0033542027058], [-118.277687535879, 34.0033614837128], [-118.281501579556, 34.008877060755], [-118.277672812492, 34.0143857039065], [-118.270029510372, 34.0143784201217], [-118.266215962564, 34.0088624952181]]]}}, {"type": "Feature", "properties": {"OBJECTID": 474, "GRID_ID": "AF-31", "has_data": true}, "geometry": {"type": "Polygon", "coordinates": [[[-118.266215962564, 34.0088624952181], [-118.270045221008, 34.0033542027058], [-118.277687535879, 34.0033614837128], [-118.281501579556, 34.008877060755], [-118.277672812492, 34.0143857039065], [-118.270029510372, 34.0143784201217], [-118.266215962564, 34.0088624952181]]]}}, {"type": "Feature", "properties": {"OBJECTID": 475, "GRID_ID": "AF-31", "has_data": true}, "geometry": {"type": "Polygon", "coordinates": [[[-118.266215962564, 34.0088624952181], [-118.270045221008, 34.0033542027058], [-118.277687535879, 34.0033614837128], [-118.281501579556, 34.008877060755], [-118.277672812492, 34.0143857039065], [-118.270029510372, 34.0143784201217], [-118.266215962564, 34.0088624952181]]]}}, {"type": "Feature", "properties": {"OBJECTID": 476, "GRID_ID": "AF-31", "has_data": true}, "geometry": {"type": "Polygon", "coordinates": [[[-118.266215962564, 34.0088624952181], [-118.270045221008, 34.0033542027058], [-118.277687535879, 34.0033614837128], [-118.281501579556, 34.008877060755], [-118.277672812492, 34.0143857039065], [-118.270029510372, 34.0143784201217], [-118.266215962564, 34.0088624952181]]]}}, {"type": "Feature", "properties": {"OBJECTID": 477, "GRID_ID": "AF-31", "has_data": true}, "geometry": {"type": "Polygon", "coordinates": [[[-118.266215962564, 34.0088624952181], [-118.270045221008, 34.0033542027058], [-118.277687535879, 34.0033614837128], [-118.281501579556, 34.008877060755], [-118.277672812492, 34.0143857039065], [-118.270029510372, 34.0143784201217], [-118.266215962564, 34.0088624952181]]]}}, {"type": "Feature", "properties": {"OBJECTID": 478, "GRID_ID": "AF-31", "has_data": true}, "geometry": {"type": "Polygon", "coordinates": [[[-118.266215962564, 34.0088624952181], [-118.270045221008, 34.0033542027058], [-118.277687535879, 34.0033614837128], [-118.281501579556, 34.008877060755], [-118.277672812492, 34.0143857039065], [-118.270029510372, 34.0143784201217], [-118.266215962564, 34.0088624952181]]]}}, {"type": "Feature", "properties": {"OBJECTID": 479, "GRID_ID": "AF-31", "has_data": true}, "geometry": {"type": "Polygon", "coordinates": [[[-118.266215962564, 34.0088624952181], [-118.270045221008, 34.0033542027058], [-118.277687535879, 34.0033614837128], [-118.281501579556, 34.008877060755], [-118.277672812492, 34.0143857039065], [-118.270029510372, 34.0143784201217], [-118.266215962564, 34.0088624952181]]]}}, {"type": "Feature", "properties": {"OBJECTID": 480, "GRID_ID": "AF-31", "has_data": true}, "geometry": {"type": "Polygon", "coordinates": [[[-118.266215962564, 34.0088624952181], [-118.270045221008, 34.0033542027058], [-118.277687535879, 34.0033614837128], [-118.281501579556, 34.008877060755], [-118.277672812492, 34.0143857039065], [-118.270029510372, 34.0143784201217], [-118.266215962564, 34.0088624952181]]]}}, {"type": "Feature", "properties": {"OBJECTID": 481, "GRID_ID": "AG-31", "has_data": true}, "geometry": {"type": "Polygon", "coordinates": [[[-118.254760591264, 34.0033382227661], [-118.258590341086, 33.9978302817122], [-118.266232162782, 33.9978382699662], [-118.270045221008, 34.0033542027058], [-118.266215962564, 34.0088624952181], [-118.258573153619, 34.0088545035329], [-118.254760591264, 34.0033382227661]]]}}, {"type": "Feature", "properties": {"OBJECTID": 482, "GRID_ID": "AG-31", "has_data": true}, "geometry": {"type": "Polygon", "coordinates": [[[-118.254760591264, 34.0033382227661], [-118.258590341086, 33.9978302817122], [-118.266232162782, 33.9978382699662], [-118.270045221008, 34.0033542027058], [-118.266215962564, 34.0088624952181], [-118.258573153619, 34.0088545035329], [-118.254760591264, 34.0033382227661]]]}}, {"type": "Feature", "properties": {"OBJECTID": 483, "GRID_ID": "AG-31", "has_data": true}, "geometry": {"type": "Polygon", "coordinates": [[[-118.254760591264, 34.0033382227661], [-118.258590341086, 33.9978302817122], [-118.266232162782, 33.9978382699662], [-118.270045221008, 34.0033542027058], [-118.266215962564, 34.0088624952181], [-118.258573153619, 34.0088545035329], [-118.254760591264, 34.0033382227661]]]}}, {"type": "Feature", "properties": {"OBJECTID": 484, "GRID_ID": "AG-31", "has_data": true}, "geometry": {"type": "Polygon", "coordinates": [[[-118.254760591264, 34.0033382227661], [-118.258590341086, 33.9978302817122], [-118.266232162782, 33.9978382699662], [-118.270045221008, 34.0033542027058], [-118.266215962564, 34.0088624952181], [-118.258573153619, 34.0088545035329], [-118.254760591264, 34.0033382227661]]]}}, {"type": "Feature", "properties": {"OBJECTID": 485, "GRID_ID": "AG-31", "has_data": true}, "geometry": {"type": "Polygon", "coordinates": [[[-118.254760591264, 34.0033382227661], [-118.258590341086, 33.9978302817122], [-118.266232162782, 33.9978382699662], [-118.270045221008, 34.0033542027058], [-118.266215962564, 34.0088624952181], [-118.258573153619, 34.0088545035329], [-118.254760591264, 34.0033382227661]]]}}, {"type": "Feature", "properties": {"OBJECTID": 486, "GRID_ID": "AG-31", "has_data": true}, "geometry": {"type": "Polygon", "coordinates": [[[-118.254760591264, 34.0033382227661], [-118.258590341086, 33.9978302817122], [-118.266232162782, 33.9978382699662], [-118.270045221008, 34.0033542027058], [-118.266215962564, 34.0088624952181], [-118.258573153619, 34.0088545035329], [-118.254760591264, 34.0033382227661]]]}}, {"type": "Feature", "properties": {"OBJECTID": 487, "GRID_ID": "AG-31", "has_data": true}, "geometry": {"type": "Polygon", "coordinates": [[[-118.254760591264, 34.0033382227661], [-118.258590341086, 33.9978302817122], [-118.266232162782, 33.9978382699662], [-118.270045221008, 34.0033542027058], [-118.266215962564, 34.0088624952181], [-118.258573153619, 34.0088545035329], [-118.254760591264, 34.0033382227661]]]}}, {"type": "Feature", "properties": {"OBJECTID": 488, "GRID_ID": "AG-31", "has_data": true}, "geometry": {"type": "Polygon", "coordinates": [[[-118.254760591264, 34.0033382227661], [-118.258590341086, 33.9978302817122], [-118.266232162782, 33.9978382699662], [-118.270045221008, 34.0033542027058], [-118.266215962564, 34.0088624952181], [-118.258573153619, 34.0088545035329], [-118.254760591264, 34.0033382227661]]]}}, {"type": "Feature", "properties": {"OBJECTID": 489, "GRID_ID": "AG-31", "has_data": true}, "geometry": {"type": "Polygon", "coordinates": [[[-118.254760591264, 34.0033382227661], [-118.258590341086, 33.9978302817122], [-118.266232162782, 33.9978382699662], [-118.270045221008, 34.0033542027058], [-118.266215962564, 34.0088624952181], [-118.258573153619, 34.0088545035329], [-118.254760591264, 34.0033382227661]]]}}, {"type": "Feature", "properties": {"OBJECTID": 490, "GRID_ID": "AG-31", "has_data": true}, "geometry": {"type": "Polygon", "coordinates": [[[-118.254760591264, 34.0033382227661], [-118.258590341086, 33.9978302817122], [-118.266232162782, 33.9978382699662], [-118.270045221008, 34.0033542027058], [-118.266215962564, 34.0088624952181], [-118.258573153619, 34.0088545035329], [-118.254760591264, 34.0033382227661]]]}}, {"type": "Feature", "properties": {"OBJECTID": 491, "GRID_ID": "AG-31", "has_data": true}, "geometry": {"type": "Polygon", "coordinates": [[[-118.254760591264, 34.0033382227661], [-118.258590341086, 33.9978302817122], [-118.266232162782, 33.9978382699662], [-118.270045221008, 34.0033542027058], [-118.266215962564, 34.0088624952181], [-118.258573153619, 34.0088545035329], [-118.254760591264, 34.0033382227661]]]}}, {"type": "Feature", "properties": {"OBJECTID": 492, "GRID_ID": "AG-31", "has_data": true}, "geometry": {"type": "Polygon", "coordinates": [[[-118.254760591264, 34.0033382227661], [-118.258590341086, 33.9978302817122], [-118.266232162782, 33.9978382699662], [-118.270045221008, 34.0033542027058], [-118.266215962564, 34.0088624952181], [-118.258573153619, 34.0088545035329], [-118.254760591264, 34.0033382227661]]]}}, {"type": "Feature", "properties": {"OBJECTID": 493, "GRID_ID": "AH-31", "has_data": true}, "geometry": {"type": "Polygon", "coordinates": [[[-118.243287535729, 34.0088371023283], [-118.247118275494, 34.0033295238332], [-118.254760591264, 34.0033382227661], [-118.258573153619, 34.0088545035329], [-118.254742905233, 34.0143624333212], [-118.247099602214, 34.0143537310499], [-118.243287535729, 34.0088371023283]]]}}, {"type": "Feature", "properties": {"OBJECTID": 494, "GRID_ID": "AH-31", "has_data": true}, "geometry": {"type": "Polygon", "coordinates": [[[-118.243287535729, 34.0088371023283], [-118.247118275494, 34.0033295238332], [-118.254760591264, 34.0033382227661], [-118.258573153619, 34.0088545035329], [-118.254742905233, 34.0143624333212], [-118.247099602214, 34.0143537310499], [-118.243287535729, 34.0088371023283]]]}}, {"type": "Feature", "properties": {"OBJECTID": 495, "GRID_ID": "AH-31", "has_data": true}, "geometry": {"type": "Polygon", "coordinates": [[[-118.243287535729, 34.0088371023283], [-118.247118275494, 34.0033295238332], [-118.254760591264, 34.0033382227661], [-118.258573153619, 34.0088545035329], [-118.254742905233, 34.0143624333212], [-118.247099602214, 34.0143537310499], [-118.243287535729, 34.0088371023283]]]}}, {"type": "Feature", "properties": {"OBJECTID": 496, "GRID_ID": "P-17", "has_data": true}, "geometry": {"type": "Polygon", "coordinates": [[[-118.449748739748, 34.1632498572245], [-118.453573058356, 34.1577360113634], [-118.461229247707, 34.1577319266475], [-118.465062116479, 34.1632416860961], [-118.461238297335, 34.1687558829514], [-118.453581112651, 34.1687599693637], [-118.449748739748, 34.1632498572245]]]}}, {"type": "Feature", "properties": {"OBJECTID": 497, "GRID_ID": "AI-31", "has_data": true}, "geometry": {"type": "Polygon", "coordinates": [[[-118.231833644852, 34.0033107080406], [-118.235664875996, 33.9978034809133], [-118.243306697692, 33.9978128871858], [-118.247118275494, 34.0033295238332], [-118.243287535729, 34.0088371023283], [-118.235644725886, 34.008827692064], [-118.231833644852, 34.0033107080406]]]}}, {"type": "Feature", "properties": {"OBJECTID": 498, "GRID_ID": "AI-31", "has_data": true}, "geometry": {"type": "Polygon", "coordinates": [[[-118.231833644852, 34.0033107080406], [-118.235664875996, 33.9978034809133], [-118.243306697692, 33.9978128871858], [-118.247118275494, 34.0033295238332], [-118.243287535729, 34.0088371023283], [-118.235644725886, 34.008827692064], [-118.231833644852, 34.0033107080406]]]}}, {"type": "Feature", "properties": {"OBJECTID": 499, "GRID_ID": "AI-31", "has_data": true}, "geometry": {"type": "Polygon", "coordinates": [[[-118.231833644852, 34.0033107080406], [-118.235664875996, 33.9978034809133], [-118.243306697692, 33.9978128871858], [-118.247118275494, 34.0033295238332], [-118.243287535729, 34.0088371023283], [-118.235644725886, 34.008827692064], [-118.231833644852, 34.0033107080406]]]}}, {"type": "Feature", "properties": {"OBJECTID": 500, "GRID_ID": "AI-31", "has_data": true}, "geometry": {"type": "Polygon", "coordinates": [[[-118.231833644852, 34.0033107080406], [-118.235664875996, 33.9978034809133], [-118.243306697692, 33.9978128871858], [-118.247118275494, 34.0033295238332], [-118.243287535729, 34.0088371023283], [-118.235644725886, 34.008827692064], [-118.231833644852, 34.0033107080406]]]}}, {"type": "Feature", "properties": {"OBJECTID": 501, "GRID_ID": "AI-31", "has_data": true}, "geometry": {"type": "Polygon", "coordinates": [[[-118.231833644852, 34.0033107080406], [-118.235664875996, 33.9978034809133], [-118.243306697692, 33.9978128871858], [-118.247118275494, 34.0033295238332], [-118.243287535729, 34.0088371023283], [-118.235644725886, 34.008827692064], [-118.231833644852, 34.0033107080406]]]}}, {"type": "Feature", "properties": {"OBJECTID": 502, "GRID_ID": "AI-31", "has_data": true}, "geometry": {"type": "Polygon", "coordinates": [[[-118.231833644852, 34.0033107080406], [-118.235664875996, 33.9978034809133], [-118.243306697692, 33.9978128871858], [-118.247118275494, 34.0033295238332], [-118.243287535729, 34.0088371023283], [-118.235644725886, 34.008827692064], [-118.231833644852, 34.0033107080406]]]}}, {"type": "Feature", "properties": {"OBJECTID": 503, "GRID_ID": "AI-31", "has_data": true}, "geometry": {"type": "Polygon", "coordinates": [[[-118.231833644852, 34.0033107080406], [-118.235664875996, 33.9978034809133], [-118.243306697692, 33.9978128871858], [-118.247118275494, 34.0033295238332], [-118.243287535729, 34.0088371023283], [-118.235644725886, 34.008827692064], [-118.231833644852, 34.0033107080406]]]}}, {"type": "Feature", "properties": {"OBJECTID": 504, "GRID_ID": "AI-31", "has_data": true}, "geometry": {"type": "Polygon", "coordinates": [[[-118.231833644852, 34.0033107080406], [-118.235664875996, 33.9978034809133], [-118.243306697692, 33.9978128871858], [-118.247118275494, 34.0033295238332], [-118.243287535729, 34.0088371023283], [-118.235644725886, 34.008827692064], [-118.231833644852, 34.0033107080406]]]}}, {"type": "Feature", "properties": {"OBJECTID": 505, "GRID_ID": "AI-31", "has_data": true}, "geometry": {"type": "Polygon", "coordinates": [[[-118.231833644852, 34.0033107080406], [-118.235664875996, 33.9978034809133], [-118.243306697692, 33.9978128871858], [-118.247118275494, 34.0033295238332], [-118.243287535729, 34.0088371023283], [-118.235644725886, 34.008827692064], [-118.231833644852, 34.0033107080406]]]}}, {"type": "Feature", "properties": {"OBJECTID": 506, "GRID_ID": "AI-31", "has_data": true}, "geometry": {"type": "Polygon", "coordinates": [[[-118.231833644852, 34.0033107080406], [-118.235664875996, 33.9978034809133], [-118.243306697692, 33.9978128871858], [-118.247118275494, 34.0033295238332], [-118.243287535729, 34.0088371023283], [-118.235644725886, 34.008827692064], [-118.231833644852, 34.0033107080406]]]}}, {"type": "Feature", "properties": {"OBJECTID": 507, "GRID_ID": "AI-31", "has_data": true}, "geometry": {"type": "Polygon", "coordinates": [[[-118.231833644852, 34.0033107080406], [-118.235664875996, 33.9978034809133], [-118.243306697692, 33.9978128871858], [-118.247118275494, 34.0033295238332], [-118.243287535729, 34.0088371023283], [-118.235644725886, 34.008827692064], [-118.231833644852, 34.0033107080406]]]}}, {"type": "Feature", "properties": {"OBJECTID": 508, "GRID_ID": "AI-31", "has_data": true}, "geometry": {"type": "Polygon", "coordinates": [[[-118.231833644852, 34.0033107080406], [-118.235664875996, 33.9978034809133], [-118.243306697692, 33.9978128871858], [-118.247118275494, 34.0033295238332], [-118.243287535729, 34.0088371023283], [-118.235644725886, 34.008827692064], [-118.231833644852, 34.0033107080406]]]}}, {"type": "Feature", "properties": {"OBJECTID": 509, "GRID_ID": "AJ-31", "has_data": true}, "geometry": {"type": "Polygon", "coordinates": [[[-118.220359107995, 34.0088074544444], [-118.224191329082, 34.0033005911805], [-118.231833644852, 34.0033107080406], [-118.235644725886, 34.008827692064], [-118.231812996177, 34.0143349072753], [-118.22416969226, 34.0143247865162], [-118.220359107995, 34.0088074544444]]]}}, {"type": "Feature", "properties": {"OBJECTID": 510, "GRID_ID": "AM-24", "has_data": true}, "geometry": {"type": "Polygon", "coordinates": [[[-118.185793419879, 34.0804117009805], [-118.189631126079, 34.0749059932879], [-118.197279872889, 34.074918269859], [-118.201091903441, 34.0804362584771], [-118.197254690416, 34.0859423193962], [-118.189604953664, 34.0859300384712], [-118.185793419879, 34.0804117009805]]]}}, {"type": "Feature", "properties": {"OBJECTID": 511, "GRID_ID": "AL-31", "has_data": true}, "geometry": {"type": "Polygon", "coordinates": [[[-118.197430677567, 34.0087735530512], [-118.201264379976, 34.003267405488], [-118.208906696644, 34.0032789402767], [-118.212716297254, 34.0087966270889], [-118.208883085325, 34.0143031265093], [-118.20123978051, 34.014291587261], [-118.197430677567, 34.0087735530512]]]}}, {"type": "Feature", "properties": {"OBJECTID": 512, "GRID_ID": "AL-31", "has_data": true}, "geometry": {"type": "Polygon", "coordinates": [[[-118.197430677567, 34.0087735530512], [-118.201264379976, 34.003267405488], [-118.208906696644, 34.0032789402767], [-118.212716297254, 34.0087966270889], [-118.208883085325, 34.0143031265093], [-118.20123978051, 34.014291587261], [-118.197430677567, 34.0087735530512]]]}}, {"type": "Feature", "properties": {"OBJECTID": 513, "GRID_ID": "AM-31", "has_data": true}, "geometry": {"type": "Polygon", "coordinates": [[[-118.185979745741, 34.0032429194698], [-118.189813940426, 33.9977371238387], [-118.19745576392, 33.9977493646633], [-118.201264379976, 34.003267405488], [-118.197430677567, 34.0087735530512], [-118.189787866825, 34.0087613071135], [-118.185979745741, 34.0032429194698]]]}}, {"type": "Feature", "properties": {"OBJECTID": 514, "GRID_ID": "Q-17", "has_data": true}, "geometry": {"type": "Polygon", "coordinates": [[[-118.438260676958, 34.1577427543035], [-118.442085494131, 34.1522292595099], [-118.449741185815, 34.1522258881915], [-118.453573058356, 34.1577360113634], [-118.449748739748, 34.1632498572245], [-118.442092053629, 34.1632532295894], [-118.438260676958, 34.1577427543035]]]}}, {"type": "Feature", "properties": {"OBJECTID": 515, "GRID_ID": "Q-17", "has_data": true}, "geometry": {"type": "Polygon", "coordinates": [[[-118.438260676958, 34.1577427543035], [-118.442085494131, 34.1522292595099], [-118.449741185815, 34.1522258881915], [-118.453573058356, 34.1577360113634], [-118.449748739748, 34.1632498572245], [-118.442092053629, 34.1632532295894], [-118.438260676958, 34.1577427543035]]]}}, {"type": "Feature", "properties": {"OBJECTID": 516, "GRID_ID": "Q-17", "has_data": true}, "geometry": {"type": "Polygon", "coordinates": [[[-118.438260676958, 34.1577427543035], [-118.442085494131, 34.1522292595099], [-118.449741185815, 34.1522258881915], [-118.453573058356, 34.1577360113634], [-118.449748739748, 34.1632498572245], [-118.442092053629, 34.1632532295894], [-118.438260676958, 34.1577427543035]]]}}, {"type": "Feature", "properties": {"OBJECTID": 517, "GRID_ID": "AN-31", "has_data": true}, "geometry": {"type": "Polygon", "coordinates": [[[-118.174502244443, 34.008735397399], [-118.178337429971, 34.0032299667506], [-118.185979745741, 34.0032429194698], [-118.189787866825, 34.0087613071135], [-118.185953171778, 34.0142670902738], [-118.178309866963, 34.0142541325346], [-118.174502244443, 34.008735397399]]]}}, {"type": "Feature", "properties": {"OBJECTID": 518, "GRID_ID": "O-30", "has_data": true}, "geometry": {"type": "Polygon", "coordinates": [[[-118.461112051698, 34.0144186886771], [-118.464928965493, 34.0089043659173], [-118.472571772641, 34.0088995956313], [-118.476398655939, 34.0144091450014], [-118.472582238014, 34.0199238160831], [-118.464938442719, 34.0199285894725], [-118.461112051698, 34.0144186886771]]]}}, {"type": "Feature", "properties": {"OBJECTID": 519, "GRID_ID": "AN-24", "has_data": true}, "geometry": {"type": "Polygon", "coordinates": [[[-118.174305477464, 34.0859040533762], [-118.178144178997, 34.0803987109354], [-118.185793419879, 34.0804117009805], [-118.189604953664, 34.0859300384712], [-118.185766744407, 34.0914357332288], [-118.178116511784, 34.0914227381795], [-118.174305477464, 34.0859040533762]]]}}, {"type": "Feature", "properties": {"OBJECTID": 520, "GRID_ID": "AN-24", "has_data": true}, "geometry": {"type": "Polygon", "coordinates": [[[-118.174305477464, 34.0859040533762], [-118.178144178997, 34.0803987109354], [-118.185793419879, 34.0804117009805], [-118.189604953664, 34.0859300384712], [-118.185766744407, 34.0914357332288], [-118.178116511784, 34.0914227381795], [-118.174305477464, 34.0859040533762]]]}}, {"type": "Feature", "properties": {"OBJECTID": 521, "GRID_ID": "P-30", "has_data": true}, "geometry": {"type": "Polygon", "coordinates": [[[-118.449650850332, 34.0199367163702], [-118.453468750477, 34.0144227512729], [-118.461112051698, 34.0144186886771], [-118.464938442719, 34.0199285894725], [-118.461121037546, 34.0254429027259], [-118.453476748178, 34.0254469670276], [-118.449650850332, 34.0199367163702]]]}}, {"type": "Feature", "properties": {"OBJECTID": 522, "GRID_ID": "Q-30", "has_data": true}, "geometry": {"type": "Polygon", "coordinates": [[[-118.438182147135, 34.0144294587254], [-118.442000542251, 34.0089158426017], [-118.449643349399, 34.0089124901471], [-118.453468750477, 34.0144227512729], [-118.449650850332, 34.0199367163702], [-118.442007055935, 34.0199400706232], [-118.438182147135, 34.0144294587254]]]}}, {"type": "Feature", "properties": {"OBJECTID": 523, "GRID_ID": "R-17", "has_data": true}, "geometry": {"type": "Polygon", "coordinates": [[[-118.426778677796, 34.1632585479208], [-118.430604488505, 34.1577454125278], [-118.438260676958, 34.1577427543035], [-118.442092053629, 34.1632532295894], [-118.438266741485, 34.1687667151396], [-118.4306095568, 34.1687693752466], [-118.426778677796, 34.1632585479208]]]}}, {"type": "Feature", "properties": {"OBJECTID": 524, "GRID_ID": "R-30", "has_data": true}, "geometry": {"type": "Polygon", "coordinates": [[[-118.426719464446, 34.0199453599933], [-118.430538845913, 34.0144321028375], [-118.438182147135, 34.0144294587254], [-118.442007055935, 34.0199400706232], [-118.438188168542, 34.0254536773316], [-118.430543879173, 34.0254563225894], [-118.426719464446, 34.0199453599933]]]}}, {"type": "Feature", "properties": {"OBJECTID": 525, "GRID_ID": "S-30", "has_data": true}, "geometry": {"type": "Polygon", "coordinates": [[[-118.415252242571, 34.0144359733232], [-118.419072118111, 34.0089230650485], [-118.426714926157, 34.0089211304247], [-118.430538845913, 34.0144321028375], [-118.426719464446, 34.0199453599933], [-118.419075668252, 34.0199472958551], [-118.415252242571, 34.0144359733232]]]}}, {"type": "Feature", "properties": {"OBJECTID": 526, "GRID_ID": "S-30", "has_data": true}, "geometry": {"type": "Polygon", "coordinates": [[[-118.415252242571, 34.0144359733232], [-118.419072118111, 34.0089230650485], [-118.426714926157, 34.0089211304247], [-118.430538845913, 34.0144321028375], [-118.426719464446, 34.0199453599933], [-118.419075668252, 34.0199472958551], [-118.415252242571, 34.0144359733232]]]}}, {"type": "Feature", "properties": {"OBJECTID": 527, "GRID_ID": "S-30", "has_data": true}, "geometry": {"type": "Polygon", "coordinates": [[[-118.415252242571, 34.0144359733232], [-118.419072118111, 34.0089230650485], [-118.426714926157, 34.0089211304247], [-118.430538845913, 34.0144321028375], [-118.426719464446, 34.0199453599933], [-118.419075668252, 34.0199472958551], [-118.415252242571, 34.0144359733232]]]}}, {"type": "Feature", "properties": {"OBJECTID": 528, "GRID_ID": "S-30", "has_data": true}, "geometry": {"type": "Polygon", "coordinates": [[[-118.415252242571, 34.0144359733232], [-118.419072118111, 34.0089230650485], [-118.426714926157, 34.0089211304247], [-118.430538845913, 34.0144321028375], [-118.426719464446, 34.0199453599933], [-118.419075668252, 34.0199472958551], [-118.415252242571, 34.0144359733232]]]}}, {"type": "Feature", "properties": {"OBJECTID": 529, "GRID_ID": "AO-24", "has_data": true}, "geometry": {"type": "Polygon", "coordinates": [[[-118.162845693639, 34.0803713097386], [-118.166684887449, 34.074866321178], [-118.174333633359, 34.0748800189477], [-118.178144178997, 34.0803987109354], [-118.174305477464, 34.0859040533762], [-118.166655740711, 34.0858903499497], [-118.162845693639, 34.0803713097386]]]}}, {"type": "Feature", "properties": {"OBJECTID": 530, "GRID_ID": "AO-24", "has_data": true}, "geometry": {"type": "Polygon", "coordinates": [[[-118.162845693639, 34.0803713097386], [-118.166684887449, 34.074866321178], [-118.174333633359, 34.0748800189477], [-118.178144178997, 34.0803987109354], [-118.174305477464, 34.0859040533762], [-118.166655740711, 34.0858903499497], [-118.162845693639, 34.0803713097386]]]}}, {"type": "Feature", "properties": {"OBJECTID": 531, "GRID_ID": "T-30", "has_data": true}, "geometry": {"type": "Polygon", "coordinates": [[[-118.403788077662, 34.0199497484429], [-118.407608941349, 34.0144371989521], [-118.415252242571, 34.0144359733232], [-118.419075668252, 34.0199472958551], [-118.415255299537, 34.0254601940614], [-118.40761100927, 34.0254614210202], [-118.403788077662, 34.0199497484429]]]}}, {"type": "Feature", "properties": {"OBJECTID": 532, "GRID_ID": "T-30", "has_data": true}, "geometry": {"type": "Polygon", "coordinates": [[[-118.403788077662, 34.0199497484429], [-118.407608941349, 34.0144371989521], [-118.415252242571, 34.0144359733232], [-118.419075668252, 34.0199472958551], [-118.415255299537, 34.0254601940614], [-118.40761100927, 34.0254614210202], [-118.403788077662, 34.0199497484429]]]}}, {"type": "Feature", "properties": {"OBJECTID": 533, "GRID_ID": "U-30", "has_data": true}, "geometry": {"type": "Polygon", "coordinates": [[[-118.392322338905, 34.0144382324715], [-118.396143695767, 34.0089260332588], [-118.403786503814, 34.0089255164655], [-118.407608941349, 34.0144371989521], [-118.403788077662, 34.0199497484429], [-118.396144282367, 34.0199502651691], [-118.392322338905, 34.0144382324715]]]}}, {"type": "Feature", "properties": {"OBJECTID": 534, "GRID_ID": "S-17", "has_data": true}, "geometry": {"type": "Polygon", "coordinates": [[[-118.415292108006, 34.1577493039717], [-118.419118414585, 34.1522365202959], [-118.426774108067, 34.1522345755621], [-118.430604488505, 34.1577454125278], [-118.426778677796, 34.1632585479208], [-118.41912198988, 34.1632604938874], [-118.415292108006, 34.1577493039717]]]}}, {"type": "Feature", "properties": {"OBJECTID": 535, "GRID_ID": "V-30", "has_data": true}, "geometry": {"type": "Polygon", "coordinates": [[[-118.380856691776, 34.0199498802304], [-118.384679036785, 34.014438040362], [-118.392322338905, 34.0144382324715], [-118.396144282367, 34.0199502651691], [-118.392322430533, 34.0254624544054], [-118.384678141164, 34.0254622623208], [-118.380856691776, 34.0199498802304]]]}}, {"type": "Feature", "properties": {"OBJECTID": 536, "GRID_ID": "AP-24", "has_data": true}, "geometry": {"type": "Polygon", "coordinates": [[[-118.151356263613, 34.0858615205936], [-118.155196451858, 34.0803568978425], [-118.162845693639, 34.0803713097386], [-118.166655740711, 34.0858903499497], [-118.162816043844, 34.0913953256714], [-118.155165810323, 34.0913809082122], [-118.151356263613, 34.0858615205936]]]}}, {"type": "Feature", "properties": {"OBJECTID": 537, "GRID_ID": "W-30", "has_data": true}, "geometry": {"type": "Polygon", "coordinates": [[[-118.369392435239, 34.0144362369153], [-118.373215274321, 34.0089247464883], [-118.38085808147, 34.0089256482702], [-118.384679036785, 34.014438040362], [-118.380856691776, 34.0199498802304], [-118.373212895582, 34.0199489785656], [-118.369392435239, 34.0144362369153]]]}}, {"type": "Feature", "properties": {"OBJECTID": 538, "GRID_ID": "T-17", "has_data": true}, "geometry": {"type": "Polygon", "coordinates": [[[-118.403808615844, 34.1632629594226], [-118.407635917757, 34.1577505364481], [-118.415292108006, 34.1577493039717], [-118.41912198988, 34.1632604938874], [-118.415295185634, 34.1687732676689], [-118.407638000051, 34.1687745007276], [-118.403808615844, 34.1632629594226]]]}}, {"type": "Feature", "properties": {"OBJECTID": 539, "GRID_ID": "X-30", "has_data": true}, "geometry": {"type": "Polygon", "coordinates": [[[-118.35792530589, 34.0199457561005], [-118.361749133119, 34.0144346263227], [-118.369392435239, 34.0144362369153], [-118.373212895582, 34.0199489785656], [-118.369389562427, 34.0254604583638], [-118.36174527216, 34.0254588472359], [-118.35792530589, 34.0199457561005]]]}}, {"type": "Feature", "properties": {"OBJECTID": 540, "GRID_ID": "W-23", "has_data": true}, "geometry": {"type": "Polygon", "coordinates": [[[-118.369372293214, 34.0916053702171], [-118.37319860159, 34.0860939518827], [-118.380848336546, 34.0860948558202], [-118.384672753069, 34.0916071787183], [-118.380846940564, 34.0971189485384], [-118.373196214766, 34.0971180447186], [-118.369372293214, 34.0916053702171]]]}}, {"type": "Feature", "properties": {"OBJECTID": 541, "GRID_ID": "Y-30", "has_data": true}, "geometry": {"type": "Polygon", "coordinates": [[[-118.346462530675, 34.0144299866543], [-118.350286851079, 34.0089192062261], [-118.357929659126, 34.0089215258386], [-118.361749133119, 34.0144346263227], [-118.35792530589, 34.0199457561005], [-118.350281509697, 34.0199434360446], [-118.346462530675, 34.0144299866543]]]}}, {"type": "Feature", "properties": {"OBJECTID": 542, "GRID_ID": "U-17", "has_data": true}, "geometry": {"type": "Polygon", "coordinates": [[[-118.392323538156, 34.1577515756531], [-118.396151337735, 34.1522395043026], [-118.403807030318, 34.1522389846662], [-118.407635917757, 34.1577505364481], [-118.403808615844, 34.1632629594226], [-118.396151927928, 34.1632634789912], [-118.392323538156, 34.1577515756531]]]}}, {"type": "Feature", "properties": {"OBJECTID": 543, "GRID_ID": "Z-30", "has_data": true}, "geometry": {"type": "Polygon", "coordinates": [[[-118.334993918208, 34.0199373760524], [-118.338819228555, 34.0144269575784], [-118.346462530675, 34.0144299866543], [-118.350281509697, 34.0199434360446], [-118.346456693423, 34.0254542051919], [-118.338812403156, 34.0254511750204], [-118.334993918208, 34.0199373760524]]]}}, {"type": "Feature", "properties": {"OBJECTID": 544, "GRID_ID": "X-23", "has_data": true}, "geometry": {"type": "Polygon", "coordinates": [[[-118.35789476317, 34.09711481254], [-118.361722063286, 34.0916037551385], [-118.369372293214, 34.0916053702171], [-118.373196214766, 34.0971180447186], [-118.369369409622, 34.1026294534395], [-118.361718187954, 34.1026278370836], [-118.35789476317, 34.09711481254]]]}}, {"type": "Feature", "properties": {"OBJECTID": 545, "GRID_ID": "AA-30", "has_data": true}, "geometry": {"type": "Polygon", "coordinates": [[[-118.323532625213, 34.0144194809429], [-118.327358428735, 34.0089094117268], [-118.335001235884, 34.0089131499149], [-118.338819228555, 34.0144269575784], [-118.334993918208, 34.0199373760524], [-118.327350122912, 34.0199336376051], [-118.323532625213, 34.0144194809429]]]}}, {"type": "Feature", "properties": {"OBJECTID": 546, "GRID_ID": "V-17", "has_data": true}, "geometry": {"type": "Polygon", "coordinates": [[[-118.380838552994, 34.1632630917305], [-118.384667347906, 34.1577513823818], [-118.392323538156, 34.1577515756531], [-118.396151927928, 34.1632634789912], [-118.392323630682, 34.1687755405402], [-118.384666445099, 34.1687753465509], [-118.380838552994, 34.1632630917305]]]}}, {"type": "Feature", "properties": {"OBJECTID": 547, "GRID_ID": "Y-23", "has_data": true}, "geometry": {"type": "Polygon", "coordinates": [[[-118.346421603431, 34.0915991018371], [-118.350249398518, 34.086088395085], [-118.357899133474, 34.0860907215152], [-118.361722063286, 34.0916037551385], [-118.35789476317, 34.09711481254], [-118.350244036474, 34.0971124856689], [-118.346421603431, 34.0915991018371]]]}}, {"type": "Feature", "properties": {"OBJECTID": 548, "GRID_ID": "AB-30", "has_data": true}, "geometry": {"type": "Polygon", "coordinates": [[[-118.312062530525, 34.0199247408296], [-118.315889323991, 34.0144150333832], [-118.323532625213, 34.0144194809429], [-118.327350122912, 34.0199336376051], [-118.323523822621, 34.0254436948888], [-118.315879534151, 34.0254392456731], [-118.312062530525, 34.0199247408296]]]}}, {"type": "Feature", "properties": {"OBJECTID": 549, "GRID_ID": "AB-30", "has_data": true}, "geometry": {"type": "Polygon", "coordinates": [[[-118.312062530525, 34.0199247408296], [-118.315889323991, 34.0144150333832], [-118.323532625213, 34.0144194809429], [-118.327350122912, 34.0199336376051], [-118.323523822621, 34.0254436948888], [-118.315879534151, 34.0254392456731], [-118.312062530525, 34.0199247408296]]]}}, {"type": "Feature", "properties": {"OBJECTID": 550, "GRID_ID": "W-17", "has_data": true}, "geometry": {"type": "Polygon", "coordinates": [[[-118.369354968305, 34.1577495693481], [-118.373184259986, 34.1522382115304], [-118.380839953467, 34.1522391177347], [-118.384667347906, 34.1577513823818], [-118.380838552994, 34.1632630917305], [-118.373181865976, 34.1632621856445], [-118.369354968305, 34.1577495693481]]]}}, {"type": "Feature", "properties": {"OBJECTID": 551, "GRID_ID": "W-17", "has_data": true}, "geometry": {"type": "Polygon", "coordinates": [[[-118.369354968305, 34.1577495693481], [-118.373184259986, 34.1522382115304], [-118.380839953467, 34.1522391177347], [-118.384667347906, 34.1577513823818], [-118.380838552994, 34.1632630917305], [-118.373181865976, 34.1632621856445], [-118.369354968305, 34.1577495693481]]]}}, {"type": "Feature", "properties": {"OBJECTID": 552, "GRID_ID": "W-17", "has_data": true}, "geometry": {"type": "Polygon", "coordinates": [[[-118.369354968305, 34.1577495693481], [-118.373184259986, 34.1522382115304], [-118.380839953467, 34.1522391177347], [-118.384667347906, 34.1577513823818], [-118.380838552994, 34.1632630917305], [-118.373181865976, 34.1632621856445], [-118.369354968305, 34.1577495693481]]]}}, {"type": "Feature", "properties": {"OBJECTID": 553, "GRID_ID": "W-17", "has_data": true}, "geometry": {"type": "Polygon", "coordinates": [[[-118.369354968305, 34.1577495693481], [-118.373184259986, 34.1522382115304], [-118.380839953467, 34.1522391177347], [-118.384667347906, 34.1577513823818], [-118.380838552994, 34.1632630917305], [-118.373181865976, 34.1632621856445], [-118.369354968305, 34.1577495693481]]]}}, {"type": "Feature", "properties": {"OBJECTID": 554, "GRID_ID": "W-17", "has_data": true}, "geometry": {"type": "Polygon", "coordinates": [[[-118.369354968305, 34.1577495693481], [-118.373184259986, 34.1522382115304], [-118.380839953467, 34.1522391177347], [-118.384667347906, 34.1577513823818], [-118.380838552994, 34.1632630917305], [-118.373181865976, 34.1632621856445], [-118.369354968305, 34.1577495693481]]]}}, {"type": "Feature", "properties": {"OBJECTID": 555, "GRID_ID": "AC-30", "has_data": true}, "geometry": {"type": "Polygon", "coordinates": [[[-118.300602719751, 34.0144047197795], [-118.304430004595, 34.0088953637336], [-118.312072811744, 34.0089005190086], [-118.315889323991, 34.0144150333832], [-118.312062530525, 34.0199247408296], [-118.30441873523, 34.0199195825012], [-118.300602719751, 34.0144047197795]]]}}, {"type": "Feature", "properties": {"OBJECTID": 556, "GRID_ID": "AC-30", "has_data": true}, "geometry": {"type": "Polygon", "coordinates": [[[-118.300602719751, 34.0144047197795], [-118.304430004595, 34.0088953637336], [-118.312072811744, 34.0089005190086], [-118.315889323991, 34.0144150333832], [-118.312062530525, 34.0199247408296], [-118.30441873523, 34.0199195825012], [-118.300602719751, 34.0144047197795]]]}}, {"type": "Feature", "properties": {"OBJECTID": 557, "GRID_ID": "AC-30", "has_data": true}, "geometry": {"type": "Polygon", "coordinates": [[[-118.300602719751, 34.0144047197795], [-118.304430004595, 34.0088953637336], [-118.312072811744, 34.0089005190086], [-118.315889323991, 34.0144150333832], [-118.312062530525, 34.0199247408296], [-118.30441873523, 34.0199195825012], [-118.300602719751, 34.0144047197795]]]}}, {"type": "Feature", "properties": {"OBJECTID": 558, "GRID_ID": "Z-23", "has_data": true}, "geometry": {"type": "Polygon", "coordinates": [[[-118.334942583981, 34.0971064088751], [-118.338771372605, 34.0915960636143], [-118.346421603431, 34.0915991018371], [-118.350244036474, 34.0971124856689], [-118.34641574372, 34.1026231821568], [-118.338764521154, 34.102620142842], [-118.334942583981, 34.0971064088751]]]}}, {"type": "Feature", "properties": {"OBJECTID": 559, "GRID_ID": "Z-23", "has_data": true}, "geometry": {"type": "Polygon", "coordinates": [[[-118.334942583981, 34.0971064088751], [-118.338771372605, 34.0915960636143], [-118.346421603431, 34.0915991018371], [-118.350244036474, 34.0971124856689], [-118.34641574372, 34.1026231821568], [-118.338764521154, 34.102620142842], [-118.334942583981, 34.0971064088751]]]}}, {"type": "Feature", "properties": {"OBJECTID": 560, "GRID_ID": "Z-23", "has_data": true}, "geometry": {"type": "Polygon", "coordinates": [[[-118.334942583981, 34.0971064088751], [-118.338771372605, 34.0915960636143], [-118.346421603431, 34.0915991018371], [-118.350244036474, 34.0971124856689], [-118.34641574372, 34.1026231821568], [-118.338764521154, 34.102620142842], [-118.334942583981, 34.0971064088751]]]}}, {"type": "Feature", "properties": {"OBJECTID": 561, "GRID_ID": "Z-23", "has_data": true}, "geometry": {"type": "Polygon", "coordinates": [[[-118.334942583981, 34.0971064088751], [-118.338771372605, 34.0915960636143], [-118.346421603431, 34.0915991018371], [-118.350244036474, 34.0971124856689], [-118.34641574372, 34.1026231821568], [-118.338764521154, 34.102620142842], [-118.334942583981, 34.0971064088751]]]}}, {"type": "Feature", "properties": {"OBJECTID": 562, "GRID_ID": "Z-23", "has_data": true}, "geometry": {"type": "Polygon", "coordinates": [[[-118.334942583981, 34.0971064088751], [-118.338771372605, 34.0915960636143], [-118.346421603431, 34.0915991018371], [-118.350244036474, 34.0971124856689], [-118.34641574372, 34.1026231821568], [-118.338764521154, 34.102620142842], [-118.334942583981, 34.0971064088751]]]}}, {"type": "Feature", "properties": {"OBJECTID": 563, "GRID_ID": "Z-23", "has_data": true}, "geometry": {"type": "Polygon", "coordinates": [[[-118.334942583981, 34.0971064088751], [-118.338771372605, 34.0915960636143], [-118.346421603431, 34.0915991018371], [-118.350244036474, 34.0971124856689], [-118.34641574372, 34.1026231821568], [-118.338764521154, 34.102620142842], [-118.334942583981, 34.0971064088751]]]}}, {"type": "Feature", "properties": {"OBJECTID": 564, "GRID_ID": "Z-23", "has_data": true}, "geometry": {"type": "Polygon", "coordinates": [[[-118.334942583981, 34.0971064088751], [-118.338771372605, 34.0915960636143], [-118.346421603431, 34.0915991018371], [-118.350244036474, 34.0971124856689], [-118.34641574372, 34.1026231821568], [-118.338764521154, 34.102620142842], [-118.334942583981, 34.0971064088751]]]}}, {"type": "Feature", "properties": {"OBJECTID": 565, "GRID_ID": "Z-23", "has_data": true}, "geometry": {"type": "Polygon", "coordinates": [[[-118.334942583981, 34.0971064088751], [-118.338771372605, 34.0915960636143], [-118.346421603431, 34.0915991018371], [-118.350244036474, 34.0971124856689], [-118.34641574372, 34.1026231821568], [-118.338764521154, 34.102620142842], [-118.334942583981, 34.0971064088751]]]}}, {"type": "Feature", "properties": {"OBJECTID": 566, "GRID_ID": "Z-23", "has_data": true}, "geometry": {"type": "Polygon", "coordinates": [[[-118.334942583981, 34.0971064088751], [-118.338771372605, 34.0915960636143], [-118.346421603431, 34.0915991018371], [-118.350244036474, 34.0971124856689], [-118.34641574372, 34.1026231821568], [-118.338764521154, 34.102620142842], [-118.334942583981, 34.0971064088751]]]}}, {"type": "Feature", "properties": {"OBJECTID": 567, "GRID_ID": "AD-30", "has_data": true}, "geometry": {"type": "Polygon", "coordinates": [[[-118.289131142843, 34.019907848941], [-118.29295941763, 34.01439885448], [-118.300602719751, 34.0144047197795], [-118.30441873523, 34.0199195825012], [-118.300590952719, 34.0254289281973], [-118.29294666335, 34.025423059937], [-118.289131142843, 34.019907848941]]]}}, {"type": "Feature", "properties": {"OBJECTID": 568, "GRID_ID": "X-17", "has_data": true}, "geometry": {"type": "Polygon", "coordinates": [[[-118.357868491042, 34.1632589455878], [-118.361698778056, 34.1577479495857], [-118.369354968305, 34.1577495693481], [-118.373181865976, 34.1632621856445], [-118.36935207573, 34.1687735330107], [-118.361694890147, 34.1687719127165], [-118.357868491042, 34.1632589455878]]]}}, {"type": "Feature", "properties": {"OBJECTID": 569, "GRID_ID": "X-17", "has_data": true}, "geometry": {"type": "Polygon", "coordinates": [[[-118.357868491042, 34.1632589455878], [-118.361698778056, 34.1577479495857], [-118.369354968305, 34.1577495693481], [-118.373181865976, 34.1632621856445], [-118.36935207573, 34.1687735330107], [-118.361694890147, 34.1687719127165], [-118.357868491042, 34.1632589455878]]]}}, {"type": "Feature", "properties": {"OBJECTID": 570, "GRID_ID": "X-17", "has_data": true}, "geometry": {"type": "Polygon", "coordinates": [[[-118.357868491042, 34.1632589455878], [-118.361698778056, 34.1577479495857], [-118.369354968305, 34.1577495693481], [-118.373181865976, 34.1632621856445], [-118.36935207573, 34.1687735330107], [-118.361694890147, 34.1687719127165], [-118.357868491042, 34.1632589455878]]]}}, {"type": "Feature", "properties": {"OBJECTID": 571, "GRID_ID": "AE-30", "has_data": true}, "geometry": {"type": "Polygon", "coordinates": [[[-118.277672812492, 34.0143857039065], [-118.281501579556, 34.008877060755], [-118.289144387603, 34.0088836346069], [-118.29295941763, 34.01439885448], [-118.289131142843, 34.019907848941], [-118.281487346649, 34.0199012722198], [-118.277672812492, 34.0143857039065]]]}}, {"type": "Feature", "properties": {"OBJECTID": 572, "GRID_ID": "AE-30", "has_data": true}, "geometry": {"type": "Polygon", "coordinates": [[[-118.277672812492, 34.0143857039065], [-118.281501579556, 34.008877060755], [-118.289144387603, 34.0088836346069], [-118.29295941763, 34.01439885448], [-118.289131142843, 34.019907848941], [-118.281487346649, 34.0199012722198], [-118.277672812492, 34.0143857039065]]]}}, {"type": "Feature", "properties": {"OBJECTID": 573, "GRID_ID": "AE-30", "has_data": true}, "geometry": {"type": "Polygon", "coordinates": [[[-118.277672812492, 34.0143857039065], [-118.281501579556, 34.008877060755], [-118.289144387603, 34.0088836346069], [-118.29295941763, 34.01439885448], [-118.289131142843, 34.019907848941], [-118.281487346649, 34.0199012722198], [-118.277672812492, 34.0143857039065]]]}}, {"type": "Feature", "properties": {"OBJECTID": 574, "GRID_ID": "AE-30", "has_data": true}, "geometry": {"type": "Polygon", "coordinates": [[[-118.277672812492, 34.0143857039065], [-118.281501579556, 34.008877060755], [-118.289144387603, 34.0088836346069], [-118.29295941763, 34.01439885448], [-118.289131142843, 34.019907848941], [-118.281487346649, 34.0199012722198], [-118.277672812492, 34.0143857039065]]]}}, {"type": "Feature", "properties": {"OBJECTID": 575, "GRID_ID": "AE-30", "has_data": true}, "geometry": {"type": "Polygon", "coordinates": [[[-118.277672812492, 34.0143857039065], [-118.281501579556, 34.008877060755], [-118.289144387603, 34.0088836346069], [-118.29295941763, 34.01439885448], [-118.289131142843, 34.019907848941], [-118.281487346649, 34.0199012722198], [-118.277672812492, 34.0143857039065]]]}}, {"type": "Feature", "properties": {"OBJECTID": 576, "GRID_ID": "AA-23", "has_data": true}, "geometry": {"type": "Polygon", "coordinates": [[[-118.323470911851, 34.0915885655121], [-118.327300195447, 34.0860785722965], [-118.334949929505, 34.0860823204757], [-118.338771372605, 34.0915960636143], [-118.334942583981, 34.0971064088751], [-118.327291858183, 34.0971026589523], [-118.323470911851, 34.0915885655121]]]}}, {"type": "Feature", "properties": {"OBJECTID": 577, "GRID_ID": "AA-23", "has_data": true}, "geometry": {"type": "Polygon", "coordinates": [[[-118.323470911851, 34.0915885655121], [-118.327300195447, 34.0860785722965], [-118.334949929505, 34.0860823204757], [-118.338771372605, 34.0915960636143], [-118.334942583981, 34.0971064088751], [-118.327291858183, 34.0971026589523], [-118.323470911851, 34.0915885655121]]]}}, {"type": "Feature", "properties": {"OBJECTID": 578, "GRID_ID": "AA-23", "has_data": true}, "geometry": {"type": "Polygon", "coordinates": [[[-118.323470911851, 34.0915885655121], [-118.327300195447, 34.0860785722965], [-118.334949929505, 34.0860823204757], [-118.338771372605, 34.0915960636143], [-118.334942583981, 34.0971064088751], [-118.327291858183, 34.0971026589523], [-118.323470911851, 34.0915885655121]]]}}, {"type": "Feature", "properties": {"OBJECTID": 579, "GRID_ID": "Y-17", "has_data": true}, "geometry": {"type": "Polygon", "coordinates": [[[-118.346386398455, 34.1577432850563], [-118.350217183136, 34.1522326412357], [-118.357872875719, 34.1522349732809], [-118.361698778056, 34.1577479495857], [-118.357868491042, 34.1632589455878], [-118.350211803125, 34.1632566131037], [-118.346386398455, 34.1577432850563]]]}}, {"type": "Feature", "properties": {"OBJECTID": 580, "GRID_ID": "AF-30", "has_data": true}, "geometry": {"type": "Polygon", "coordinates": [[[-118.266199753363, 34.0198867011285], [-118.270029510372, 34.0143784201217], [-118.277672812492, 34.0143857039065], [-118.281487346649, 34.0199012722198], [-118.277658081918, 34.0254099043708], [-118.270013790752, 34.0254026170647], [-118.266199753363, 34.0198867011285]]]}}, {"type": "Feature", "properties": {"OBJECTID": 581, "GRID_ID": "AF-30", "has_data": true}, "geometry": {"type": "Polygon", "coordinates": [[[-118.266199753363, 34.0198867011285], [-118.270029510372, 34.0143784201217], [-118.277672812492, 34.0143857039065], [-118.281487346649, 34.0199012722198], [-118.277658081918, 34.0254099043708], [-118.270013790752, 34.0254026170647], [-118.266199753363, 34.0198867011285]]]}}, {"type": "Feature", "properties": {"OBJECTID": 582, "GRID_ID": "AF-30", "has_data": true}, "geometry": {"type": "Polygon", "coordinates": [[[-118.266199753363, 34.0198867011285], [-118.270029510372, 34.0143784201217], [-118.277672812492, 34.0143857039065], [-118.281487346649, 34.0199012722198], [-118.277658081918, 34.0254099043708], [-118.270013790752, 34.0254026170647], [-118.266199753363, 34.0198867011285]]]}}, {"type": "Feature", "properties": {"OBJECTID": 583, "GRID_ID": "AF-30", "has_data": true}, "geometry": {"type": "Polygon", "coordinates": [[[-118.266199753363, 34.0198867011285], [-118.270029510372, 34.0143784201217], [-118.277672812492, 34.0143857039065], [-118.281487346649, 34.0199012722198], [-118.277658081918, 34.0254099043708], [-118.270013790752, 34.0254026170647], [-118.266199753363, 34.0198867011285]]]}}, {"type": "Feature", "properties": {"OBJECTID": 584, "GRID_ID": "AF-30", "has_data": true}, "geometry": {"type": "Polygon", "coordinates": [[[-118.266199753363, 34.0198867011285], [-118.270029510372, 34.0143784201217], [-118.277672812492, 34.0143857039065], [-118.281487346649, 34.0199012722198], [-118.277658081918, 34.0254099043708], [-118.270013790752, 34.0254026170647], [-118.266199753363, 34.0198867011285]]]}}, {"type": "Feature", "properties": {"OBJECTID": 585, "GRID_ID": "AF-30", "has_data": true}, "geometry": {"type": "Polygon", "coordinates": [[[-118.266199753363, 34.0198867011285], [-118.270029510372, 34.0143784201217], [-118.277672812492, 34.0143857039065], [-118.281487346649, 34.0199012722198], [-118.277658081918, 34.0254099043708], [-118.270013790752, 34.0254026170647], [-118.266199753363, 34.0198867011285]]]}}, {"type": "Feature", "properties": {"OBJECTID": 586, "GRID_ID": "AF-30", "has_data": true}, "geometry": {"type": "Polygon", "coordinates": [[[-118.266199753363, 34.0198867011285], [-118.270029510372, 34.0143784201217], [-118.277672812492, 34.0143857039065], [-118.281487346649, 34.0199012722198], [-118.277658081918, 34.0254099043708], [-118.270013790752, 34.0254026170647], [-118.266199753363, 34.0198867011285]]]}}, {"type": "Feature", "properties": {"OBJECTID": 587, "GRID_ID": "AF-30", "has_data": true}, "geometry": {"type": "Polygon", "coordinates": [[[-118.266199753363, 34.0198867011285], [-118.270029510372, 34.0143784201217], [-118.277672812492, 34.0143857039065], [-118.281487346649, 34.0199012722198], [-118.277658081918, 34.0254099043708], [-118.270013790752, 34.0254026170647], [-118.266199753363, 34.0198867011285]]]}}, {"type": "Feature", "properties": {"OBJECTID": 588, "GRID_ID": "AF-30", "has_data": true}, "geometry": {"type": "Polygon", "coordinates": [[[-118.266199753363, 34.0198867011285], [-118.270029510372, 34.0143784201217], [-118.277672812492, 34.0143857039065], [-118.281487346649, 34.0199012722198], [-118.277658081918, 34.0254099043708], [-118.270013790752, 34.0254026170647], [-118.266199753363, 34.0198867011285]]]}}, {"type": "Feature", "properties": {"OBJECTID": 589, "GRID_ID": "AF-30", "has_data": true}, "geometry": {"type": "Polygon", "coordinates": [[[-118.266199753363, 34.0198867011285], [-118.270029510372, 34.0143784201217], [-118.277672812492, 34.0143857039065], [-118.281487346649, 34.0199012722198], [-118.277658081918, 34.0254099043708], [-118.270013790752, 34.0254026170647], [-118.266199753363, 34.0198867011285]]]}}, {"type": "Feature", "properties": {"OBJECTID": 590, "GRID_ID": "AF-30", "has_data": true}, "geometry": {"type": "Polygon", "coordinates": [[[-118.266199753363, 34.0198867011285], [-118.270029510372, 34.0143784201217], [-118.277672812492, 34.0143857039065], [-118.281487346649, 34.0199012722198], [-118.277658081918, 34.0254099043708], [-118.270013790752, 34.0254026170647], [-118.266199753363, 34.0198867011285]]]}}, {"type": "Feature", "properties": {"OBJECTID": 591, "GRID_ID": "AF-30", "has_data": true}, "geometry": {"type": "Polygon", "coordinates": [[[-118.266199753363, 34.0198867011285], [-118.270029510372, 34.0143784201217], [-118.277672812492, 34.0143857039065], [-118.281487346649, 34.0199012722198], [-118.277658081918, 34.0254099043708], [-118.270013790752, 34.0254026170647], [-118.266199753363, 34.0198867011285]]]}}, {"type": "Feature", "properties": {"OBJECTID": 592, "GRID_ID": "AF-30", "has_data": true}, "geometry": {"type": "Polygon", "coordinates": [[[-118.266199753363, 34.0198867011285], [-118.270029510372, 34.0143784201217], [-118.277672812492, 34.0143857039065], [-118.281487346649, 34.0199012722198], [-118.277658081918, 34.0254099043708], [-118.270013790752, 34.0254026170647], [-118.266199753363, 34.0198867011285]]]}}, {"type": "Feature", "properties": {"OBJECTID": 593, "GRID_ID": "AF-30", "has_data": true}, "geometry": {"type": "Polygon", "coordinates": [[[-118.266199753363, 34.0198867011285], [-118.270029510372, 34.0143784201217], [-118.277672812492, 34.0143857039065], [-118.281487346649, 34.0199012722198], [-118.277658081918, 34.0254099043708], [-118.270013790752, 34.0254026170647], [-118.266199753363, 34.0198867011285]]]}}, {"type": "Feature", "properties": {"OBJECTID": 594, "GRID_ID": "AF-30", "has_data": true}, "geometry": {"type": "Polygon", "coordinates": [[[-118.266199753363, 34.0198867011285], [-118.270029510372, 34.0143784201217], [-118.277672812492, 34.0143857039065], [-118.281487346649, 34.0199012722198], [-118.277658081918, 34.0254099043708], [-118.270013790752, 34.0254026170647], [-118.266199753363, 34.0198867011285]]]}}, {"type": "Feature", "properties": {"OBJECTID": 595, "GRID_ID": "AF-30", "has_data": true}, "geometry": {"type": "Polygon", "coordinates": [[[-118.266199753363, 34.0198867011285], [-118.270029510372, 34.0143784201217], [-118.277672812492, 34.0143857039065], [-118.281487346649, 34.0199012722198], [-118.277658081918, 34.0254099043708], [-118.270013790752, 34.0254026170647], [-118.266199753363, 34.0198867011285]]]}}, {"type": "Feature", "properties": {"OBJECTID": 596, "GRID_ID": "AF-30", "has_data": true}, "geometry": {"type": "Polygon", "coordinates": [[[-118.266199753363, 34.0198867011285], [-118.270029510372, 34.0143784201217], [-118.277672812492, 34.0143857039065], [-118.281487346649, 34.0199012722198], [-118.277658081918, 34.0254099043708], [-118.270013790752, 34.0254026170647], [-118.266199753363, 34.0198867011285]]]}}, {"type": "Feature", "properties": {"OBJECTID": 597, "GRID_ID": "AF-30", "has_data": true}, "geometry": {"type": "Polygon", "coordinates": [[[-118.266199753363, 34.0198867011285], [-118.270029510372, 34.0143784201217], [-118.277672812492, 34.0143857039065], [-118.281487346649, 34.0199012722198], [-118.277658081918, 34.0254099043708], [-118.270013790752, 34.0254026170647], [-118.266199753363, 34.0198867011285]]]}}, {"type": "Feature", "properties": {"OBJECTID": 598, "GRID_ID": "AF-30", "has_data": true}, "geometry": {"type": "Polygon", "coordinates": [[[-118.266199753363, 34.0198867011285], [-118.270029510372, 34.0143784201217], [-118.277672812492, 34.0143857039065], [-118.281487346649, 34.0199012722198], [-118.277658081918, 34.0254099043708], [-118.270013790752, 34.0254026170647], [-118.266199753363, 34.0198867011285]]]}}, {"type": "Feature", "properties": {"OBJECTID": 599, "GRID_ID": "AF-30", "has_data": true}, "geometry": {"type": "Polygon", "coordinates": [[[-118.266199753363, 34.0198867011285], [-118.270029510372, 34.0143784201217], [-118.277672812492, 34.0143857039065], [-118.281487346649, 34.0199012722198], [-118.277658081918, 34.0254099043708], [-118.270013790752, 34.0254026170647], [-118.266199753363, 34.0198867011285]]]}}, {"type": "Feature", "properties": {"OBJECTID": 600, "GRID_ID": "AF-30", "has_data": true}, "geometry": {"type": "Polygon", "coordinates": [[[-118.266199753363, 34.0198867011285], [-118.270029510372, 34.0143784201217], [-118.277672812492, 34.0143857039065], [-118.281487346649, 34.0199012722198], [-118.277658081918, 34.0254099043708], [-118.270013790752, 34.0254026170647], [-118.266199753363, 34.0198867011285]]]}}, {"type": "Feature", "properties": {"OBJECTID": 601, "GRID_ID": "AF-30", "has_data": true}, "geometry": {"type": "Polygon", "coordinates": [[[-118.266199753363, 34.0198867011285], [-118.270029510372, 34.0143784201217], [-118.277672812492, 34.0143857039065], [-118.281487346649, 34.0199012722198], [-118.277658081918, 34.0254099043708], [-118.270013790752, 34.0254026170647], [-118.266199753363, 34.0198867011285]]]}}, {"type": "Feature", "properties": {"OBJECTID": 602, "GRID_ID": "AF-30", "has_data": true}, "geometry": {"type": "Polygon", "coordinates": [[[-118.266199753363, 34.0198867011285], [-118.270029510372, 34.0143784201217], [-118.277672812492, 34.0143857039065], [-118.281487346649, 34.0199012722198], [-118.277658081918, 34.0254099043708], [-118.270013790752, 34.0254026170647], [-118.266199753363, 34.0198867011285]]]}}, {"type": "Feature", "properties": {"OBJECTID": 603, "GRID_ID": "AF-30", "has_data": true}, "geometry": {"type": "Polygon", "coordinates": [[[-118.266199753363, 34.0198867011285], [-118.270029510372, 34.0143784201217], [-118.277672812492, 34.0143857039065], [-118.281487346649, 34.0199012722198], [-118.277658081918, 34.0254099043708], [-118.270013790752, 34.0254026170647], [-118.266199753363, 34.0198867011285]]]}}, {"type": "Feature", "properties": {"OBJECTID": 604, "GRID_ID": "AF-30", "has_data": true}, "geometry": {"type": "Polygon", "coordinates": [[[-118.266199753363, 34.0198867011285], [-118.270029510372, 34.0143784201217], [-118.277672812492, 34.0143857039065], [-118.281487346649, 34.0199012722198], [-118.277658081918, 34.0254099043708], [-118.270013790752, 34.0254026170647], [-118.266199753363, 34.0198867011285]]]}}, {"type": "Feature", "properties": {"OBJECTID": 605, "GRID_ID": "AB-23", "has_data": true}, "geometry": {"type": "Polygon", "coordinates": [[[-118.311990405689, 34.0970937360546], [-118.315820681924, 34.0915841056325], [-118.323470911851, 34.0915885655121], [-118.327291858183, 34.0971026589523], [-118.323462076022, 34.1026126412534], [-118.315810855253, 34.1026081789794], [-118.311990405689, 34.0970937360546]]]}}, {"type": "Feature", "properties": {"OBJECTID": 606, "GRID_ID": "AB-23", "has_data": true}, "geometry": {"type": "Polygon", "coordinates": [[[-118.311990405689, 34.0970937360546], [-118.315820681924, 34.0915841056325], [-118.323470911851, 34.0915885655121], [-118.327291858183, 34.0971026589523], [-118.323462076022, 34.1026126412534], [-118.315810855253, 34.1026081789794], [-118.311990405689, 34.0970937360546]]]}}, {"type": "Feature", "properties": {"OBJECTID": 607, "GRID_ID": "AB-23", "has_data": true}, "geometry": {"type": "Polygon", "coordinates": [[[-118.311990405689, 34.0970937360546], [-118.315820681924, 34.0915841056325], [-118.323470911851, 34.0915885655121], [-118.327291858183, 34.0971026589523], [-118.323462076022, 34.1026126412534], [-118.315810855253, 34.1026081789794], [-118.311990405689, 34.0970937360546]]]}}, {"type": "Feature", "properties": {"OBJECTID": 608, "GRID_ID": "AB-23", "has_data": true}, "geometry": {"type": "Polygon", "coordinates": [[[-118.311990405689, 34.0970937360546], [-118.315820681924, 34.0915841056325], [-118.323470911851, 34.0915885655121], [-118.327291858183, 34.0971026589523], [-118.323462076022, 34.1026126412534], [-118.315810855253, 34.1026081789794], [-118.311990405689, 34.0970937360546]]]}}, {"type": "Feature", "properties": {"OBJECTID": 609, "GRID_ID": "AB-23", "has_data": true}, "geometry": {"type": "Polygon", "coordinates": [[[-118.311990405689, 34.0970937360546], [-118.315820681924, 34.0915841056325], [-118.323470911851, 34.0915885655121], [-118.327291858183, 34.0971026589523], [-118.323462076022, 34.1026126412534], [-118.315810855253, 34.1026081789794], [-118.311990405689, 34.0970937360546]]]}}, {"type": "Feature", "properties": {"OBJECTID": 610, "GRID_ID": "AB-23", "has_data": true}, "geometry": {"type": "Polygon", "coordinates": [[[-118.311990405689, 34.0970937360546], [-118.315820681924, 34.0915841056325], [-118.323470911851, 34.0915885655121], [-118.327291858183, 34.0971026589523], [-118.323462076022, 34.1026126412534], [-118.315810855253, 34.1026081789794], [-118.311990405689, 34.0970937360546]]]}}, {"type": "Feature", "properties": {"OBJECTID": 611, "GRID_ID": "AB-23", "has_data": true}, "geometry": {"type": "Polygon", "coordinates": [[[-118.311990405689, 34.0970937360546], [-118.315820681924, 34.0915841056325], [-118.323470911851, 34.0915885655121], [-118.327291858183, 34.0971026589523], [-118.323462076022, 34.1026126412534], [-118.315810855253, 34.1026081789794], [-118.311990405689, 34.0970937360546]]]}}, {"type": "Feature", "properties": {"OBJECTID": 612, "GRID_ID": "AB-23", "has_data": true}, "geometry": {"type": "Polygon", "coordinates": [[[-118.311990405689, 34.0970937360546], [-118.315820681924, 34.0915841056325], [-118.323470911851, 34.0915885655121], [-118.327291858183, 34.0971026589523], [-118.323462076022, 34.1026126412534], [-118.315810855253, 34.1026081789794], [-118.311990405689, 34.0970937360546]]]}}, {"type": "Feature", "properties": {"OBJECTID": 613, "GRID_ID": "AB-23", "has_data": true}, "geometry": {"type": "Polygon", "coordinates": [[[-118.311990405689, 34.0970937360546], [-118.315820681924, 34.0915841056325], [-118.323470911851, 34.0915885655121], [-118.327291858183, 34.0971026589523], [-118.323462076022, 34.1026126412534], [-118.315810855253, 34.1026081789794], [-118.311990405689, 34.0970937360546]]]}}, {"type": "Feature", "properties": {"OBJECTID": 614, "GRID_ID": "AB-23", "has_data": true}, "geometry": {"type": "Polygon", "coordinates": [[[-118.311990405689, 34.0970937360546], [-118.315820681924, 34.0915841056325], [-118.323470911851, 34.0915885655121], [-118.327291858183, 34.0971026589523], [-118.323462076022, 34.1026126412534], [-118.315810855253, 34.1026081789794], [-118.311990405689, 34.0970937360546]]]}}, {"type": "Feature", "properties": {"OBJECTID": 615, "GRID_ID": "AB-23", "has_data": true}, "geometry": {"type": "Polygon", "coordinates": [[[-118.311990405689, 34.0970937360546], [-118.315820681924, 34.0915841056325], [-118.323470911851, 34.0915885655121], [-118.327291858183, 34.0971026589523], [-118.323462076022, 34.1026126412534], [-118.315810855253, 34.1026081789794], [-118.311990405689, 34.0970937360546]]]}}, {"type": "Feature", "properties": {"OBJECTID": 616, "GRID_ID": "AB-23", "has_data": true}, "geometry": {"type": "Polygon", "coordinates": [[[-118.311990405689, 34.0970937360546], [-118.315820681924, 34.0915841056325], [-118.323470911851, 34.0915885655121], [-118.327291858183, 34.0971026589523], [-118.323462076022, 34.1026126412534], [-118.315810855253, 34.1026081789794], [-118.311990405689, 34.0970937360546]]]}}, {"type": "Feature", "properties": {"OBJECTID": 617, "GRID_ID": "AG-30", "has_data": true}, "geometry": {"type": "Polygon", "coordinates": [[[-118.254742905233, 34.0143624333212], [-118.258573153619, 34.0088545035329], [-118.266215962564, 34.0088624952181], [-118.270029510372, 34.0143784201217], [-118.266199753363, 34.0198867011285], [-118.25855595717, 34.0198787060136], [-118.254742905233, 34.0143624333212]]]}}, {"type": "Feature", "properties": {"OBJECTID": 618, "GRID_ID": "AG-30", "has_data": true}, "geometry": {"type": "Polygon", "coordinates": [[[-118.254742905233, 34.0143624333212], [-118.258573153619, 34.0088545035329], [-118.266215962564, 34.0088624952181], [-118.270029510372, 34.0143784201217], [-118.266199753363, 34.0198867011285], [-118.25855595717, 34.0198787060136], [-118.254742905233, 34.0143624333212]]]}}, {"type": "Feature", "properties": {"OBJECTID": 619, "GRID_ID": "AG-30", "has_data": true}, "geometry": {"type": "Polygon", "coordinates": [[[-118.254742905233, 34.0143624333212], [-118.258573153619, 34.0088545035329], [-118.266215962564, 34.0088624952181], [-118.270029510372, 34.0143784201217], [-118.266199753363, 34.0198867011285], [-118.25855595717, 34.0198787060136], [-118.254742905233, 34.0143624333212]]]}}, {"type": "Feature", "properties": {"OBJECTID": 620, "GRID_ID": "AG-30", "has_data": true}, "geometry": {"type": "Polygon", "coordinates": [[[-118.254742905233, 34.0143624333212], [-118.258573153619, 34.0088545035329], [-118.266215962564, 34.0088624952181], [-118.270029510372, 34.0143784201217], [-118.266199753363, 34.0198867011285], [-118.25855595717, 34.0198787060136], [-118.254742905233, 34.0143624333212]]]}}, {"type": "Feature", "properties": {"OBJECTID": 621, "GRID_ID": "AG-30", "has_data": true}, "geometry": {"type": "Polygon", "coordinates": [[[-118.254742905233, 34.0143624333212], [-118.258573153619, 34.0088545035329], [-118.266215962564, 34.0088624952181], [-118.270029510372, 34.0143784201217], [-118.266199753363, 34.0198867011285], [-118.25855595717, 34.0198787060136], [-118.254742905233, 34.0143624333212]]]}}, {"type": "Feature", "properties": {"OBJECTID": 622, "GRID_ID": "AG-30", "has_data": true}, "geometry": {"type": "Polygon", "coordinates": [[[-118.254742905233, 34.0143624333212], [-118.258573153619, 34.0088545035329], [-118.266215962564, 34.0088624952181], [-118.270029510372, 34.0143784201217], [-118.266199753363, 34.0198867011285], [-118.25855595717, 34.0198787060136], [-118.254742905233, 34.0143624333212]]]}}, {"type": "Feature", "properties": {"OBJECTID": 623, "GRID_ID": "AG-30", "has_data": true}, "geometry": {"type": "Polygon", "coordinates": [[[-118.254742905233, 34.0143624333212], [-118.258573153619, 34.0088545035329], [-118.266215962564, 34.0088624952181], [-118.270029510372, 34.0143784201217], [-118.266199753363, 34.0198867011285], [-118.25855595717, 34.0198787060136], [-118.254742905233, 34.0143624333212]]]}}, {"type": "Feature", "properties": {"OBJECTID": 624, "GRID_ID": "AG-30", "has_data": true}, "geometry": {"type": "Polygon", "coordinates": [[[-118.254742905233, 34.0143624333212], [-118.258573153619, 34.0088545035329], [-118.266215962564, 34.0088624952181], [-118.270029510372, 34.0143784201217], [-118.266199753363, 34.0198867011285], [-118.25855595717, 34.0198787060136], [-118.254742905233, 34.0143624333212]]]}}, {"type": "Feature", "properties": {"OBJECTID": 625, "GRID_ID": "AG-30", "has_data": true}, "geometry": {"type": "Polygon", "coordinates": [[[-118.254742905233, 34.0143624333212], [-118.258573153619, 34.0088545035329], [-118.266215962564, 34.0088624952181], [-118.270029510372, 34.0143784201217], [-118.266199753363, 34.0198867011285], [-118.25855595717, 34.0198787060136], [-118.254742905233, 34.0143624333212]]]}}, {"type": "Feature", "properties": {"OBJECTID": 626, "GRID_ID": "AG-30", "has_data": true}, "geometry": {"type": "Polygon", "coordinates": [[[-118.254742905233, 34.0143624333212], [-118.258573153619, 34.0088545035329], [-118.266215962564, 34.0088624952181], [-118.270029510372, 34.0143784201217], [-118.266199753363, 34.0198867011285], [-118.25855595717, 34.0198787060136], [-118.254742905233, 34.0143624333212]]]}}, {"type": "Feature", "properties": {"OBJECTID": 627, "GRID_ID": "AG-30", "has_data": true}, "geometry": {"type": "Polygon", "coordinates": [[[-118.254742905233, 34.0143624333212], [-118.258573153619, 34.0088545035329], [-118.266215962564, 34.0088624952181], [-118.270029510372, 34.0143784201217], [-118.266199753363, 34.0198867011285], [-118.25855595717, 34.0198787060136], [-118.254742905233, 34.0143624333212]]]}}, {"type": "Feature", "properties": {"OBJECTID": 628, "GRID_ID": "AG-30", "has_data": true}, "geometry": {"type": "Polygon", "coordinates": [[[-118.254742905233, 34.0143624333212], [-118.258573153619, 34.0088545035329], [-118.266215962564, 34.0088624952181], [-118.270029510372, 34.0143784201217], [-118.266199753363, 34.0198867011285], [-118.25855595717, 34.0198787060136], [-118.254742905233, 34.0143624333212]]]}}, {"type": "Feature", "properties": {"OBJECTID": 629, "GRID_ID": "AG-30", "has_data": true}, "geometry": {"type": "Polygon", "coordinates": [[[-118.254742905233, 34.0143624333212], [-118.258573153619, 34.0088545035329], [-118.266215962564, 34.0088624952181], [-118.270029510372, 34.0143784201217], [-118.266199753363, 34.0198867011285], [-118.25855595717, 34.0198787060136], [-118.254742905233, 34.0143624333212]]]}}, {"type": "Feature", "properties": {"OBJECTID": 630, "GRID_ID": "AG-30", "has_data": true}, "geometry": {"type": "Polygon", "coordinates": [[[-118.254742905233, 34.0143624333212], [-118.258573153619, 34.0088545035329], [-118.266215962564, 34.0088624952181], [-118.270029510372, 34.0143784201217], [-118.266199753363, 34.0198867011285], [-118.25855595717, 34.0198787060136], [-118.254742905233, 34.0143624333212]]]}}, {"type": "Feature", "properties": {"OBJECTID": 631, "GRID_ID": "AG-30", "has_data": true}, "geometry": {"type": "Polygon", "coordinates": [[[-118.254742905233, 34.0143624333212], [-118.258573153619, 34.0088545035329], [-118.266215962564, 34.0088624952181], [-118.270029510372, 34.0143784201217], [-118.266199753363, 34.0198867011285], [-118.25855595717, 34.0198787060136], [-118.254742905233, 34.0143624333212]]]}}, {"type": "Feature", "properties": {"OBJECTID": 632, "GRID_ID": "AG-30", "has_data": true}, "geometry": {"type": "Polygon", "coordinates": [[[-118.254742905233, 34.0143624333212], [-118.258573153619, 34.0088545035329], [-118.266215962564, 34.0088624952181], [-118.270029510372, 34.0143784201217], [-118.266199753363, 34.0198867011285], [-118.25855595717, 34.0198787060136], [-118.254742905233, 34.0143624333212]]]}}, {"type": "Feature", "properties": {"OBJECTID": 633, "GRID_ID": "AG-30", "has_data": true}, "geometry": {"type": "Polygon", "coordinates": [[[-118.254742905233, 34.0143624333212], [-118.258573153619, 34.0088545035329], [-118.266215962564, 34.0088624952181], [-118.270029510372, 34.0143784201217], [-118.266199753363, 34.0198867011285], [-118.25855595717, 34.0198787060136], [-118.254742905233, 34.0143624333212]]]}}, {"type": "Feature", "properties": {"OBJECTID": 634, "GRID_ID": "AG-30", "has_data": true}, "geometry": {"type": "Polygon", "coordinates": [[[-118.254742905233, 34.0143624333212], [-118.258573153619, 34.0088545035329], [-118.266215962564, 34.0088624952181], [-118.270029510372, 34.0143784201217], [-118.266199753363, 34.0198867011285], [-118.25855595717, 34.0198787060136], [-118.254742905233, 34.0143624333212]]]}}, {"type": "Feature", "properties": {"OBJECTID": 635, "GRID_ID": "AG-30", "has_data": true}, "geometry": {"type": "Polygon", "coordinates": [[[-118.254742905233, 34.0143624333212], [-118.258573153619, 34.0088545035329], [-118.266215962564, 34.0088624952181], [-118.270029510372, 34.0143784201217], [-118.266199753363, 34.0198867011285], [-118.25855595717, 34.0198787060136], [-118.254742905233, 34.0143624333212]]]}}, {"type": "Feature", "properties": {"OBJECTID": 636, "GRID_ID": "AG-30", "has_data": true}, "geometry": {"type": "Polygon", "coordinates": [[[-118.254742905233, 34.0143624333212], [-118.258573153619, 34.0088545035329], [-118.266215962564, 34.0088624952181], [-118.270029510372, 34.0143784201217], [-118.266199753363, 34.0198867011285], [-118.25855595717, 34.0198787060136], [-118.254742905233, 34.0143624333212]]]}}, {"type": "Feature", "properties": {"OBJECTID": 637, "GRID_ID": "AG-30", "has_data": true}, "geometry": {"type": "Polygon", "coordinates": [[[-118.254742905233, 34.0143624333212], [-118.258573153619, 34.0088545035329], [-118.266215962564, 34.0088624952181], [-118.270029510372, 34.0143784201217], [-118.266199753363, 34.0198867011285], [-118.25855595717, 34.0198787060136], [-118.254742905233, 34.0143624333212]]]}}, {"type": "Feature", "properties": {"OBJECTID": 638, "GRID_ID": "AG-30", "has_data": true}, "geometry": {"type": "Polygon", "coordinates": [[[-118.254742905233, 34.0143624333212], [-118.258573153619, 34.0088545035329], [-118.266215962564, 34.0088624952181], [-118.270029510372, 34.0143784201217], [-118.266199753363, 34.0198867011285], [-118.25855595717, 34.0198787060136], [-118.254742905233, 34.0143624333212]]]}}, {"type": "Feature", "properties": {"OBJECTID": 639, "GRID_ID": "AG-30", "has_data": true}, "geometry": {"type": "Polygon", "coordinates": [[[-118.254742905233, 34.0143624333212], [-118.258573153619, 34.0088545035329], [-118.266215962564, 34.0088624952181], [-118.270029510372, 34.0143784201217], [-118.266199753363, 34.0198867011285], [-118.25855595717, 34.0198787060136], [-118.254742905233, 34.0143624333212]]]}}, {"type": "Feature", "properties": {"OBJECTID": 640, "GRID_ID": "AG-30", "has_data": true}, "geometry": {"type": "Polygon", "coordinates": [[[-118.254742905233, 34.0143624333212], [-118.258573153619, 34.0088545035329], [-118.266215962564, 34.0088624952181], [-118.270029510372, 34.0143784201217], [-118.266199753363, 34.0198867011285], [-118.25855595717, 34.0198787060136], [-118.254742905233, 34.0143624333212]]]}}, {"type": "Feature", "properties": {"OBJECTID": 641, "GRID_ID": "Z-17", "has_data": true}, "geometry": {"type": "Polygon", "coordinates": [[[-118.334898427293, 34.1632505209939], [-118.338730208205, 34.157740239546], [-118.346386398455, 34.1577432850563], [-118.350211803125, 34.1632566131037], [-118.34638051988, 34.1687672465664], [-118.338723334297, 34.1687641992239], [-118.334898427293, 34.1632505209939]]]}}, {"type": "Feature", "properties": {"OBJECTID": 642, "GRID_ID": "AC-23", "has_data": true}, "geometry": {"type": "Polygon", "coordinates": [[[-118.300520220272, 34.0915737619844], [-118.304350991478, 34.0860644827717], [-118.312000725535, 34.0860696534446], [-118.315820681924, 34.0915841056325], [-118.311990405689, 34.0970937360546], [-118.304339679892, 34.0970885638234], [-118.300520220272, 34.0915737619844]]]}}, {"type": "Feature", "properties": {"OBJECTID": 643, "GRID_ID": "AC-23", "has_data": true}, "geometry": {"type": "Polygon", "coordinates": [[[-118.300520220272, 34.0915737619844], [-118.304350991478, 34.0860644827717], [-118.312000725535, 34.0860696534446], [-118.315820681924, 34.0915841056325], [-118.311990405689, 34.0970937360546], [-118.304339679892, 34.0970885638234], [-118.300520220272, 34.0915737619844]]]}}, {"type": "Feature", "properties": {"OBJECTID": 644, "GRID_ID": "AC-23", "has_data": true}, "geometry": {"type": "Polygon", "coordinates": [[[-118.300520220272, 34.0915737619844], [-118.304350991478, 34.0860644827717], [-118.312000725535, 34.0860696534446], [-118.315820681924, 34.0915841056325], [-118.311990405689, 34.0970937360546], [-118.304339679892, 34.0970885638234], [-118.300520220272, 34.0915737619844]]]}}, {"type": "Feature", "properties": {"OBJECTID": 645, "GRID_ID": "AC-23", "has_data": true}, "geometry": {"type": "Polygon", "coordinates": [[[-118.300520220272, 34.0915737619844], [-118.304350991478, 34.0860644827717], [-118.312000725535, 34.0860696534446], [-118.315820681924, 34.0915841056325], [-118.311990405689, 34.0970937360546], [-118.304339679892, 34.0970885638234], [-118.300520220272, 34.0915737619844]]]}}, {"type": "Feature", "properties": {"OBJECTID": 646, "GRID_ID": "AC-23", "has_data": true}, "geometry": {"type": "Polygon", "coordinates": [[[-118.300520220272, 34.0915737619844], [-118.304350991478, 34.0860644827717], [-118.312000725535, 34.0860696534446], [-118.315820681924, 34.0915841056325], [-118.311990405689, 34.0970937360546], [-118.304339679892, 34.0970885638234], [-118.300520220272, 34.0915737619844]]]}}, {"type": "Feature", "properties": {"OBJECTID": 647, "GRID_ID": "AC-23", "has_data": true}, "geometry": {"type": "Polygon", "coordinates": [[[-118.300520220272, 34.0915737619844], [-118.304350991478, 34.0860644827717], [-118.312000725535, 34.0860696534446], [-118.315820681924, 34.0915841056325], [-118.311990405689, 34.0970937360546], [-118.304339679892, 34.0970885638234], [-118.300520220272, 34.0915737619844]]]}}, {"type": "Feature", "properties": {"OBJECTID": 648, "GRID_ID": "AC-23", "has_data": true}, "geometry": {"type": "Polygon", "coordinates": [[[-118.300520220272, 34.0915737619844], [-118.304350991478, 34.0860644827717], [-118.312000725535, 34.0860696534446], [-118.315820681924, 34.0915841056325], [-118.311990405689, 34.0970937360546], [-118.304339679892, 34.0970885638234], [-118.300520220272, 34.0915737619844]]]}}, {"type": "Feature", "properties": {"OBJECTID": 649, "GRID_ID": "AC-23", "has_data": true}, "geometry": {"type": "Polygon", "coordinates": [[[-118.300520220272, 34.0915737619844], [-118.304350991478, 34.0860644827717], [-118.312000725535, 34.0860696534446], [-118.315820681924, 34.0915841056325], [-118.311990405689, 34.0970937360546], [-118.304339679892, 34.0970885638234], [-118.300520220272, 34.0915737619844]]]}}, {"type": "Feature", "properties": {"OBJECTID": 650, "GRID_ID": "AC-23", "has_data": true}, "geometry": {"type": "Polygon", "coordinates": [[[-118.300520220272, 34.0915737619844], [-118.304350991478, 34.0860644827717], [-118.312000725535, 34.0860696534446], [-118.315820681924, 34.0915841056325], [-118.311990405689, 34.0970937360546], [-118.304339679892, 34.0970885638234], [-118.300520220272, 34.0915737619844]]]}}, {"type": "Feature", "properties": {"OBJECTID": 651, "GRID_ID": "AC-23", "has_data": true}, "geometry": {"type": "Polygon", "coordinates": [[[-118.300520220272, 34.0915737619844], [-118.304350991478, 34.0860644827717], [-118.312000725535, 34.0860696534446], [-118.315820681924, 34.0915841056325], [-118.311990405689, 34.0970937360546], [-118.304339679892, 34.0970885638234], [-118.300520220272, 34.0915737619844]]]}}, {"type": "Feature", "properties": {"OBJECTID": 652, "GRID_ID": "AC-23", "has_data": true}, "geometry": {"type": "Polygon", "coordinates": [[[-118.300520220272, 34.0915737619844], [-118.304350991478, 34.0860644827717], [-118.312000725535, 34.0860696534446], [-118.315820681924, 34.0915841056325], [-118.311990405689, 34.0970937360546], [-118.304339679892, 34.0970885638234], [-118.300520220272, 34.0915737619844]]]}}, {"type": "Feature", "properties": {"OBJECTID": 653, "GRID_ID": "AC-23", "has_data": true}, "geometry": {"type": "Polygon", "coordinates": [[[-118.300520220272, 34.0915737619844], [-118.304350991478, 34.0860644827717], [-118.312000725535, 34.0860696534446], [-118.315820681924, 34.0915841056325], [-118.311990405689, 34.0970937360546], [-118.304339679892, 34.0970885638234], [-118.300520220272, 34.0915737619844]]]}}, {"type": "Feature", "properties": {"OBJECTID": 654, "GRID_ID": "AC-23", "has_data": true}, "geometry": {"type": "Polygon", "coordinates": [[[-118.300520220272, 34.0915737619844], [-118.304350991478, 34.0860644827717], [-118.312000725535, 34.0860696534446], [-118.315820681924, 34.0915841056325], [-118.311990405689, 34.0970937360546], [-118.304339679892, 34.0970885638234], [-118.300520220272, 34.0915737619844]]]}}, {"type": "Feature", "properties": {"OBJECTID": 655, "GRID_ID": "AC-23", "has_data": true}, "geometry": {"type": "Polygon", "coordinates": [[[-118.300520220272, 34.0915737619844], [-118.304350991478, 34.0860644827717], [-118.312000725535, 34.0860696534446], [-118.315820681924, 34.0915841056325], [-118.311990405689, 34.0970937360546], [-118.304339679892, 34.0970885638234], [-118.300520220272, 34.0915737619844]]]}}, {"type": "Feature", "properties": {"OBJECTID": 656, "GRID_ID": "AC-23", "has_data": true}, "geometry": {"type": "Polygon", "coordinates": [[[-118.300520220272, 34.0915737619844], [-118.304350991478, 34.0860644827717], [-118.312000725535, 34.0860696534446], [-118.315820681924, 34.0915841056325], [-118.311990405689, 34.0970937360546], [-118.304339679892, 34.0970885638234], [-118.300520220272, 34.0915737619844]]]}}, {"type": "Feature", "properties": {"OBJECTID": 657, "GRID_ID": "AC-23", "has_data": true}, "geometry": {"type": "Polygon", "coordinates": [[[-118.300520220272, 34.0915737619844], [-118.304350991478, 34.0860644827717], [-118.312000725535, 34.0860696534446], [-118.315820681924, 34.0915841056325], [-118.311990405689, 34.0970937360546], [-118.304339679892, 34.0970885638234], [-118.300520220272, 34.0915737619844]]]}}, {"type": "Feature", "properties": {"OBJECTID": 658, "GRID_ID": "AH-30", "has_data": true}, "geometry": {"type": "Polygon", "coordinates": [[[-118.243268362986, 34.0198612973891], [-118.247099602214, 34.0143537310499], [-118.254742905233, 34.0143624333212], [-118.25855595717, 34.0198787060136], [-118.254725210218, 34.0253866241508], [-118.247080918155, 34.025377917798], [-118.243268362986, 34.0198612973891]]]}}, {"type": "Feature", "properties": {"OBJECTID": 659, "GRID_ID": "AH-30", "has_data": true}, "geometry": {"type": "Polygon", "coordinates": [[[-118.243268362986, 34.0198612973891], [-118.247099602214, 34.0143537310499], [-118.254742905233, 34.0143624333212], [-118.25855595717, 34.0198787060136], [-118.254725210218, 34.0253866241508], [-118.247080918155, 34.025377917798], [-118.243268362986, 34.0198612973891]]]}}, {"type": "Feature", "properties": {"OBJECTID": 660, "GRID_ID": "AH-30", "has_data": true}, "geometry": {"type": "Polygon", "coordinates": [[[-118.243268362986, 34.0198612973891], [-118.247099602214, 34.0143537310499], [-118.254742905233, 34.0143624333212], [-118.25855595717, 34.0198787060136], [-118.254725210218, 34.0253866241508], [-118.247080918155, 34.025377917798], [-118.243268362986, 34.0198612973891]]]}}, {"type": "Feature", "properties": {"OBJECTID": 661, "GRID_ID": "AH-30", "has_data": true}, "geometry": {"type": "Polygon", "coordinates": [[[-118.243268362986, 34.0198612973891], [-118.247099602214, 34.0143537310499], [-118.254742905233, 34.0143624333212], [-118.25855595717, 34.0198787060136], [-118.254725210218, 34.0253866241508], [-118.247080918155, 34.025377917798], [-118.243268362986, 34.0198612973891]]]}}, {"type": "Feature", "properties": {"OBJECTID": 662, "GRID_ID": "AH-30", "has_data": true}, "geometry": {"type": "Polygon", "coordinates": [[[-118.243268362986, 34.0198612973891], [-118.247099602214, 34.0143537310499], [-118.254742905233, 34.0143624333212], [-118.25855595717, 34.0198787060136], [-118.254725210218, 34.0253866241508], [-118.247080918155, 34.025377917798], [-118.243268362986, 34.0198612973891]]]}}, {"type": "Feature", "properties": {"OBJECTID": 663, "GRID_ID": "AH-30", "has_data": true}, "geometry": {"type": "Polygon", "coordinates": [[[-118.243268362986, 34.0198612973891], [-118.247099602214, 34.0143537310499], [-118.254742905233, 34.0143624333212], [-118.25855595717, 34.0198787060136], [-118.254725210218, 34.0253866241508], [-118.247080918155, 34.025377917798], [-118.243268362986, 34.0198612973891]]]}}, {"type": "Feature", "properties": {"OBJECTID": 664, "GRID_ID": "AH-30", "has_data": true}, "geometry": {"type": "Polygon", "coordinates": [[[-118.243268362986, 34.0198612973891], [-118.247099602214, 34.0143537310499], [-118.254742905233, 34.0143624333212], [-118.25855595717, 34.0198787060136], [-118.254725210218, 34.0253866241508], [-118.247080918155, 34.025377917798], [-118.243268362986, 34.0198612973891]]]}}, {"type": "Feature", "properties": {"OBJECTID": 665, "GRID_ID": "AH-30", "has_data": true}, "geometry": {"type": "Polygon", "coordinates": [[[-118.243268362986, 34.0198612973891], [-118.247099602214, 34.0143537310499], [-118.254742905233, 34.0143624333212], [-118.25855595717, 34.0198787060136], [-118.254725210218, 34.0253866241508], [-118.247080918155, 34.025377917798], [-118.243268362986, 34.0198612973891]]]}}, {"type": "Feature", "properties": {"OBJECTID": 666, "GRID_ID": "AH-30", "has_data": true}, "geometry": {"type": "Polygon", "coordinates": [[[-118.243268362986, 34.0198612973891], [-118.247099602214, 34.0143537310499], [-118.254742905233, 34.0143624333212], [-118.25855595717, 34.0198787060136], [-118.254725210218, 34.0253866241508], [-118.247080918155, 34.025377917798], [-118.243268362986, 34.0198612973891]]]}}, {"type": "Feature", "properties": {"OBJECTID": 667, "GRID_ID": "AH-30", "has_data": true}, "geometry": {"type": "Polygon", "coordinates": [[[-118.243268362986, 34.0198612973891], [-118.247099602214, 34.0143537310499], [-118.254742905233, 34.0143624333212], [-118.25855595717, 34.0198787060136], [-118.254725210218, 34.0253866241508], [-118.247080918155, 34.025377917798], [-118.243268362986, 34.0198612973891]]]}}, {"type": "Feature", "properties": {"OBJECTID": 668, "GRID_ID": "AH-30", "has_data": true}, "geometry": {"type": "Polygon", "coordinates": [[[-118.243268362986, 34.0198612973891], [-118.247099602214, 34.0143537310499], [-118.254742905233, 34.0143624333212], [-118.25855595717, 34.0198787060136], [-118.254725210218, 34.0253866241508], [-118.247080918155, 34.025377917798], [-118.243268362986, 34.0198612973891]]]}}, {"type": "Feature", "properties": {"OBJECTID": 669, "GRID_ID": "AH-30", "has_data": true}, "geometry": {"type": "Polygon", "coordinates": [[[-118.243268362986, 34.0198612973891], [-118.247099602214, 34.0143537310499], [-118.254742905233, 34.0143624333212], [-118.25855595717, 34.0198787060136], [-118.254725210218, 34.0253866241508], [-118.247080918155, 34.025377917798], [-118.243268362986, 34.0198612973891]]]}}, {"type": "Feature", "properties": {"OBJECTID": 670, "GRID_ID": "AH-30", "has_data": true}, "geometry": {"type": "Polygon", "coordinates": [[[-118.243268362986, 34.0198612973891], [-118.247099602214, 34.0143537310499], [-118.254742905233, 34.0143624333212], [-118.25855595717, 34.0198787060136], [-118.254725210218, 34.0253866241508], [-118.247080918155, 34.025377917798], [-118.243268362986, 34.0198612973891]]]}}, {"type": "Feature", "properties": {"OBJECTID": 671, "GRID_ID": "AH-30", "has_data": true}, "geometry": {"type": "Polygon", "coordinates": [[[-118.243268362986, 34.0198612973891], [-118.247099602214, 34.0143537310499], [-118.254742905233, 34.0143624333212], [-118.25855595717, 34.0198787060136], [-118.254725210218, 34.0253866241508], [-118.247080918155, 34.025377917798], [-118.243268362986, 34.0198612973891]]]}}, {"type": "Feature", "properties": {"OBJECTID": 672, "GRID_ID": "AA-17", "has_data": true}, "geometry": {"type": "Polygon", "coordinates": [[[-118.323417827706, 34.1577327227768], [-118.327250105387, 34.1522227941612], [-118.334905797072, 34.1522265513042], [-118.338730208205, 34.157740239546], [-118.334898427293, 34.1632505209939], [-118.327241740275, 34.1632467613681], [-118.323417827706, 34.1577327227768]]]}}, {"type": "Feature", "properties": {"OBJECTID": 673, "GRID_ID": "AD-23", "has_data": true}, "geometry": {"type": "Polygon", "coordinates": [[[-118.289038225601, 34.0970767955644], [-118.292869990344, 34.0915678797035], [-118.300520220272, 34.0915737619844], [-118.304339679892, 34.0970885638234], [-118.300508409222, 34.1025978314716], [-118.292857187555, 34.1025919462377], [-118.289038225601, 34.0970767955644]]]}}, {"type": "Feature", "properties": {"OBJECTID": 674, "GRID_ID": "AD-23", "has_data": true}, "geometry": {"type": "Polygon", "coordinates": [[[-118.289038225601, 34.0970767955644], [-118.292869990344, 34.0915678797035], [-118.300520220272, 34.0915737619844], [-118.304339679892, 34.0970885638234], [-118.300508409222, 34.1025978314716], [-118.292857187555, 34.1025919462377], [-118.289038225601, 34.0970767955644]]]}}, {"type": "Feature", "properties": {"OBJECTID": 675, "GRID_ID": "AD-23", "has_data": true}, "geometry": {"type": "Polygon", "coordinates": [[[-118.289038225601, 34.0970767955644], [-118.292869990344, 34.0915678797035], [-118.300520220272, 34.0915737619844], [-118.304339679892, 34.0970885638234], [-118.300508409222, 34.1025978314716], [-118.292857187555, 34.1025919462377], [-118.289038225601, 34.0970767955644]]]}}, {"type": "Feature", "properties": {"OBJECTID": 676, "GRID_ID": "AD-23", "has_data": true}, "geometry": {"type": "Polygon", "coordinates": [[[-118.289038225601, 34.0970767955644], [-118.292869990344, 34.0915678797035], [-118.300520220272, 34.0915737619844], [-118.304339679892, 34.0970885638234], [-118.300508409222, 34.1025978314716], [-118.292857187555, 34.1025919462377], [-118.289038225601, 34.0970767955644]]]}}, {"type": "Feature", "properties": {"OBJECTID": 677, "GRID_ID": "AD-23", "has_data": true}, "geometry": {"type": "Polygon", "coordinates": [[[-118.289038225601, 34.0970767955644], [-118.292869990344, 34.0915678797035], [-118.300520220272, 34.0915737619844], [-118.304339679892, 34.0970885638234], [-118.300508409222, 34.1025978314716], [-118.292857187555, 34.1025919462377], [-118.289038225601, 34.0970767955644]]]}}, {"type": "Feature", "properties": {"OBJECTID": 678, "GRID_ID": "AD-23", "has_data": true}, "geometry": {"type": "Polygon", "coordinates": [[[-118.289038225601, 34.0970767955644], [-118.292869990344, 34.0915678797035], [-118.300520220272, 34.0915737619844], [-118.304339679892, 34.0970885638234], [-118.300508409222, 34.1025978314716], [-118.292857187555, 34.1025919462377], [-118.289038225601, 34.0970767955644]]]}}, {"type": "Feature", "properties": {"OBJECTID": 679, "GRID_ID": "AD-23", "has_data": true}, "geometry": {"type": "Polygon", "coordinates": [[[-118.289038225601, 34.0970767955644], [-118.292869990344, 34.0915678797035], [-118.300520220272, 34.0915737619844], [-118.304339679892, 34.0970885638234], [-118.300508409222, 34.1025978314716], [-118.292857187555, 34.1025919462377], [-118.289038225601, 34.0970767955644]]]}}, {"type": "Feature", "properties": {"OBJECTID": 680, "GRID_ID": "AD-23", "has_data": true}, "geometry": {"type": "Polygon", "coordinates": [[[-118.289038225601, 34.0970767955644], [-118.292869990344, 34.0915678797035], [-118.300520220272, 34.0915737619844], [-118.304339679892, 34.0970885638234], [-118.300508409222, 34.1025978314716], [-118.292857187555, 34.1025919462377], [-118.289038225601, 34.0970767955644]]]}}, {"type": "Feature", "properties": {"OBJECTID": 681, "GRID_ID": "AI-30", "has_data": true}, "geometry": {"type": "Polygon", "coordinates": [[[-118.231812996177, 34.0143349072753], [-118.235644725886, 34.008827692064], [-118.243287535729, 34.0088371023283], [-118.247099602214, 34.0143537310499], [-118.243268362986, 34.0198612973891], [-118.235624565894, 34.0198518838793], [-118.231812996177, 34.0143349072753]]]}}, {"type": "Feature", "properties": {"OBJECTID": 682, "GRID_ID": "AI-30", "has_data": true}, "geometry": {"type": "Polygon", "coordinates": [[[-118.231812996177, 34.0143349072753], [-118.235644725886, 34.008827692064], [-118.243287535729, 34.0088371023283], [-118.247099602214, 34.0143537310499], [-118.243268362986, 34.0198612973891], [-118.235624565894, 34.0198518838793], [-118.231812996177, 34.0143349072753]]]}}, {"type": "Feature", "properties": {"OBJECTID": 683, "GRID_ID": "AI-30", "has_data": true}, "geometry": {"type": "Polygon", "coordinates": [[[-118.231812996177, 34.0143349072753], [-118.235644725886, 34.008827692064], [-118.243287535729, 34.0088371023283], [-118.247099602214, 34.0143537310499], [-118.243268362986, 34.0198612973891], [-118.235624565894, 34.0198518838793], [-118.231812996177, 34.0143349072753]]]}}, {"type": "Feature", "properties": {"OBJECTID": 684, "GRID_ID": "AI-30", "has_data": true}, "geometry": {"type": "Polygon", "coordinates": [[[-118.231812996177, 34.0143349072753], [-118.235644725886, 34.008827692064], [-118.243287535729, 34.0088371023283], [-118.247099602214, 34.0143537310499], [-118.243268362986, 34.0198612973891], [-118.235624565894, 34.0198518838793], [-118.231812996177, 34.0143349072753]]]}}, {"type": "Feature", "properties": {"OBJECTID": 685, "GRID_ID": "AI-30", "has_data": true}, "geometry": {"type": "Polygon", "coordinates": [[[-118.231812996177, 34.0143349072753], [-118.235644725886, 34.008827692064], [-118.243287535729, 34.0088371023283], [-118.247099602214, 34.0143537310499], [-118.243268362986, 34.0198612973891], [-118.235624565894, 34.0198518838793], [-118.231812996177, 34.0143349072753]]]}}, {"type": "Feature", "properties": {"OBJECTID": 686, "GRID_ID": "AI-30", "has_data": true}, "geometry": {"type": "Polygon", "coordinates": [[[-118.231812996177, 34.0143349072753], [-118.235644725886, 34.008827692064], [-118.243287535729, 34.0088371023283], [-118.247099602214, 34.0143537310499], [-118.243268362986, 34.0198612973891], [-118.235624565894, 34.0198518838793], [-118.231812996177, 34.0143349072753]]]}}, {"type": "Feature", "properties": {"OBJECTID": 687, "GRID_ID": "AI-30", "has_data": true}, "geometry": {"type": "Polygon", "coordinates": [[[-118.231812996177, 34.0143349072753], [-118.235644725886, 34.008827692064], [-118.243287535729, 34.0088371023283], [-118.247099602214, 34.0143537310499], [-118.243268362986, 34.0198612973891], [-118.235624565894, 34.0198518838793], [-118.231812996177, 34.0143349072753]]]}}, {"type": "Feature", "properties": {"OBJECTID": 688, "GRID_ID": "AI-30", "has_data": true}, "geometry": {"type": "Polygon", "coordinates": [[[-118.231812996177, 34.0143349072753], [-118.235644725886, 34.008827692064], [-118.243287535729, 34.0088371023283], [-118.247099602214, 34.0143537310499], [-118.243268362986, 34.0198612973891], [-118.235624565894, 34.0198518838793], [-118.231812996177, 34.0143349072753]]]}}, {"type": "Feature", "properties": {"OBJECTID": 689, "GRID_ID": "AI-30", "has_data": true}, "geometry": {"type": "Polygon", "coordinates": [[[-118.231812996177, 34.0143349072753], [-118.235644725886, 34.008827692064], [-118.243287535729, 34.0088371023283], [-118.247099602214, 34.0143537310499], [-118.243268362986, 34.0198612973891], [-118.235624565894, 34.0198518838793], [-118.231812996177, 34.0143349072753]]]}}, {"type": "Feature", "properties": {"OBJECTID": 690, "GRID_ID": "AI-30", "has_data": true}, "geometry": {"type": "Polygon", "coordinates": [[[-118.231812996177, 34.0143349072753], [-118.235644725886, 34.008827692064], [-118.243287535729, 34.0088371023283], [-118.247099602214, 34.0143537310499], [-118.243268362986, 34.0198612973891], [-118.235624565894, 34.0198518838793], [-118.231812996177, 34.0143349072753]]]}}, {"type": "Feature", "properties": {"OBJECTID": 691, "GRID_ID": "AI-30", "has_data": true}, "geometry": {"type": "Polygon", "coordinates": [[[-118.231812996177, 34.0143349072753], [-118.235644725886, 34.008827692064], [-118.243287535729, 34.0088371023283], [-118.247099602214, 34.0143537310499], [-118.243268362986, 34.0198612973891], [-118.235624565894, 34.0198518838793], [-118.231812996177, 34.0143349072753]]]}}, {"type": "Feature", "properties": {"OBJECTID": 692, "GRID_ID": "AI-30", "has_data": true}, "geometry": {"type": "Polygon", "coordinates": [[[-118.231812996177, 34.0143349072753], [-118.235644725886, 34.008827692064], [-118.243287535729, 34.0088371023283], [-118.247099602214, 34.0143537310499], [-118.243268362986, 34.0198612973891], [-118.235624565894, 34.0198518838793], [-118.231812996177, 34.0143349072753]]]}}, {"type": "Feature", "properties": {"OBJECTID": 693, "GRID_ID": "AI-30", "has_data": true}, "geometry": {"type": "Polygon", "coordinates": [[[-118.231812996177, 34.0143349072753], [-118.235644725886, 34.008827692064], [-118.243287535729, 34.0088371023283], [-118.247099602214, 34.0143537310499], [-118.243268362986, 34.0198612973891], [-118.235624565894, 34.0198518838793], [-118.231812996177, 34.0143349072753]]]}}, {"type": "Feature", "properties": {"OBJECTID": 694, "GRID_ID": "AI-30", "has_data": true}, "geometry": {"type": "Polygon", "coordinates": [[[-118.231812996177, 34.0143349072753], [-118.235644725886, 34.008827692064], [-118.243287535729, 34.0088371023283], [-118.247099602214, 34.0143537310499], [-118.243268362986, 34.0198612973891], [-118.235624565894, 34.0198518838793], [-118.231812996177, 34.0143349072753]]]}}, {"type": "Feature", "properties": {"OBJECTID": 695, "GRID_ID": "AI-30", "has_data": true}, "geometry": {"type": "Polygon", "coordinates": [[[-118.231812996177, 34.0143349072753], [-118.235644725886, 34.008827692064], [-118.243287535729, 34.0088371023283], [-118.247099602214, 34.0143537310499], [-118.243268362986, 34.0198612973891], [-118.235624565894, 34.0198518838793], [-118.231812996177, 34.0143349072753]]]}}, {"type": "Feature", "properties": {"OBJECTID": 696, "GRID_ID": "AB-17", "has_data": true}, "geometry": {"type": "Polygon", "coordinates": [[[-118.311928364442, 34.1632378172043], [-118.315761638355, 34.1577282515181], [-118.323417827706, 34.1577327227768], [-118.327241740275, 34.1632467613681], [-118.323408963131, 34.16875667972], [-118.315751778446, 34.168752206072], [-118.311928364442, 34.1632378172043]]]}}, {"type": "Feature", "properties": {"OBJECTID": 697, "GRID_ID": "AE-23", "has_data": true}, "geometry": {"type": "Polygon", "coordinates": [[[-118.277569527794, 34.0915546912518], [-118.281401785711, 34.0860461272525], [-118.289051521566, 34.0860527196758], [-118.292869990344, 34.0915678797035], [-118.289038225601, 34.0970767955644], [-118.281387498905, 34.0970702002801], [-118.277569527794, 34.0915546912518]]]}}, {"type": "Feature", "properties": {"OBJECTID": 698, "GRID_ID": "AE-23", "has_data": true}, "geometry": {"type": "Polygon", "coordinates": [[[-118.277569527794, 34.0915546912518], [-118.281401785711, 34.0860461272525], [-118.289051521566, 34.0860527196758], [-118.292869990344, 34.0915678797035], [-118.289038225601, 34.0970767955644], [-118.281387498905, 34.0970702002801], [-118.277569527794, 34.0915546912518]]]}}, {"type": "Feature", "properties": {"OBJECTID": 699, "GRID_ID": "AE-23", "has_data": true}, "geometry": {"type": "Polygon", "coordinates": [[[-118.277569527794, 34.0915546912518], [-118.281401785711, 34.0860461272525], [-118.289051521566, 34.0860527196758], [-118.292869990344, 34.0915678797035], [-118.289038225601, 34.0970767955644], [-118.281387498905, 34.0970702002801], [-118.277569527794, 34.0915546912518]]]}}, {"type": "Feature", "properties": {"OBJECTID": 700, "GRID_ID": "AE-23", "has_data": true}, "geometry": {"type": "Polygon", "coordinates": [[[-118.277569527794, 34.0915546912518], [-118.281401785711, 34.0860461272525], [-118.289051521566, 34.0860527196758], [-118.292869990344, 34.0915678797035], [-118.289038225601, 34.0970767955644], [-118.281387498905, 34.0970702002801], [-118.277569527794, 34.0915546912518]]]}}, {"type": "Feature", "properties": {"OBJECTID": 701, "GRID_ID": "AE-23", "has_data": true}, "geometry": {"type": "Polygon", "coordinates": [[[-118.277569527794, 34.0915546912518], [-118.281401785711, 34.0860461272525], [-118.289051521566, 34.0860527196758], [-118.292869990344, 34.0915678797035], [-118.289038225601, 34.0970767955644], [-118.281387498905, 34.0970702002801], [-118.277569527794, 34.0915546912518]]]}}, {"type": "Feature", "properties": {"OBJECTID": 702, "GRID_ID": "AE-23", "has_data": true}, "geometry": {"type": "Polygon", "coordinates": [[[-118.277569527794, 34.0915546912518], [-118.281401785711, 34.0860461272525], [-118.289051521566, 34.0860527196758], [-118.292869990344, 34.0915678797035], [-118.289038225601, 34.0970767955644], [-118.281387498905, 34.0970702002801], [-118.277569527794, 34.0915546912518]]]}}, {"type": "Feature", "properties": {"OBJECTID": 703, "GRID_ID": "AE-23", "has_data": true}, "geometry": {"type": "Polygon", "coordinates": [[[-118.277569527794, 34.0915546912518], [-118.281401785711, 34.0860461272525], [-118.289051521566, 34.0860527196758], [-118.292869990344, 34.0915678797035], [-118.289038225601, 34.0970767955644], [-118.281387498905, 34.0970702002801], [-118.277569527794, 34.0915546912518]]]}}, {"type": "Feature", "properties": {"OBJECTID": 704, "GRID_ID": "AE-23", "has_data": true}, "geometry": {"type": "Polygon", "coordinates": [[[-118.277569527794, 34.0915546912518], [-118.281401785711, 34.0860461272525], [-118.289051521566, 34.0860527196758], [-118.292869990344, 34.0915678797035], [-118.289038225601, 34.0970767955644], [-118.281387498905, 34.0970702002801], [-118.277569527794, 34.0915546912518]]]}}, {"type": "Feature", "properties": {"OBJECTID": 705, "GRID_ID": "AE-23", "has_data": true}, "geometry": {"type": "Polygon", "coordinates": [[[-118.277569527794, 34.0915546912518], [-118.281401785711, 34.0860461272525], [-118.289051521566, 34.0860527196758], [-118.292869990344, 34.0915678797035], [-118.289038225601, 34.0970767955644], [-118.281387498905, 34.0970702002801], [-118.277569527794, 34.0915546912518]]]}}, {"type": "Feature", "properties": {"OBJECTID": 706, "GRID_ID": "AE-23", "has_data": true}, "geometry": {"type": "Polygon", "coordinates": [[[-118.277569527794, 34.0915546912518], [-118.281401785711, 34.0860461272525], [-118.289051521566, 34.0860527196758], [-118.292869990344, 34.0915678797035], [-118.289038225601, 34.0970767955644], [-118.281387498905, 34.0970702002801], [-118.277569527794, 34.0915546912518]]]}}, {"type": "Feature", "properties": {"OBJECTID": 707, "GRID_ID": "AE-23", "has_data": true}, "geometry": {"type": "Polygon", "coordinates": [[[-118.277569527794, 34.0915546912518], [-118.281401785711, 34.0860461272525], [-118.289051521566, 34.0860527196758], [-118.292869990344, 34.0915678797035], [-118.289038225601, 34.0970767955644], [-118.281387498905, 34.0970702002801], [-118.277569527794, 34.0915546912518]]]}}, {"type": "Feature", "properties": {"OBJECTID": 708, "GRID_ID": "AE-23", "has_data": true}, "geometry": {"type": "Polygon", "coordinates": [[[-118.277569527794, 34.0915546912518], [-118.281401785711, 34.0860461272525], [-118.289051521566, 34.0860527196758], [-118.292869990344, 34.0915678797035], [-118.289038225601, 34.0970767955644], [-118.281387498905, 34.0970702002801], [-118.277569527794, 34.0915546912518]]]}}, {"type": "Feature", "properties": {"OBJECTID": 709, "GRID_ID": "AE-23", "has_data": true}, "geometry": {"type": "Polygon", "coordinates": [[[-118.277569527794, 34.0915546912518], [-118.281401785711, 34.0860461272525], [-118.289051521566, 34.0860527196758], [-118.292869990344, 34.0915678797035], [-118.289038225601, 34.0970767955644], [-118.281387498905, 34.0970702002801], [-118.277569527794, 34.0915546912518]]]}}, {"type": "Feature", "properties": {"OBJECTID": 710, "GRID_ID": "AE-23", "has_data": true}, "geometry": {"type": "Polygon", "coordinates": [[[-118.277569527794, 34.0915546912518], [-118.281401785711, 34.0860461272525], [-118.289051521566, 34.0860527196758], [-118.292869990344, 34.0915678797035], [-118.289038225601, 34.0970767955644], [-118.281387498905, 34.0970702002801], [-118.277569527794, 34.0915546912518]]]}}, {"type": "Feature", "properties": {"OBJECTID": 711, "GRID_ID": "AE-23", "has_data": true}, "geometry": {"type": "Polygon", "coordinates": [[[-118.277569527794, 34.0915546912518], [-118.281401785711, 34.0860461272525], [-118.289051521566, 34.0860527196758], [-118.292869990344, 34.0915678797035], [-118.289038225601, 34.0970767955644], [-118.281387498905, 34.0970702002801], [-118.277569527794, 34.0915546912518]]]}}, {"type": "Feature", "properties": {"OBJECTID": 712, "GRID_ID": "AE-23", "has_data": true}, "geometry": {"type": "Polygon", "coordinates": [[[-118.277569527794, 34.0915546912518], [-118.281401785711, 34.0860461272525], [-118.289051521566, 34.0860527196758], [-118.292869990344, 34.0915678797035], [-118.289038225601, 34.0970767955644], [-118.281387498905, 34.0970702002801], [-118.277569527794, 34.0915546912518]]]}}, {"type": "Feature", "properties": {"OBJECTID": 713, "GRID_ID": "AE-23", "has_data": true}, "geometry": {"type": "Polygon", "coordinates": [[[-118.277569527794, 34.0915546912518], [-118.281401785711, 34.0860461272525], [-118.289051521566, 34.0860527196758], [-118.292869990344, 34.0915678797035], [-118.289038225601, 34.0970767955644], [-118.281387498905, 34.0970702002801], [-118.277569527794, 34.0915546912518]]]}}, {"type": "Feature", "properties": {"OBJECTID": 714, "GRID_ID": "AE-23", "has_data": true}, "geometry": {"type": "Polygon", "coordinates": [[[-118.277569527794, 34.0915546912518], [-118.281401785711, 34.0860461272525], [-118.289051521566, 34.0860527196758], [-118.292869990344, 34.0915678797035], [-118.289038225601, 34.0970767955644], [-118.281387498905, 34.0970702002801], [-118.277569527794, 34.0915546912518]]]}}, {"type": "Feature", "properties": {"OBJECTID": 715, "GRID_ID": "AE-23", "has_data": true}, "geometry": {"type": "Polygon", "coordinates": [[[-118.277569527794, 34.0915546912518], [-118.281401785711, 34.0860461272525], [-118.289051521566, 34.0860527196758], [-118.292869990344, 34.0915678797035], [-118.289038225601, 34.0970767955644], [-118.281387498905, 34.0970702002801], [-118.277569527794, 34.0915546912518]]]}}, {"type": "Feature", "properties": {"OBJECTID": 716, "GRID_ID": "AJ-30", "has_data": true}, "geometry": {"type": "Polygon", "coordinates": [[[-118.22033697171, 34.0198316377189], [-118.22416969226, 34.0143247865162], [-118.231812996177, 34.0143349072753], [-118.235624565894, 34.0198518838793], [-118.231792335824, 34.0253590867894], [-118.22414804376, 34.0253489613886], [-118.22033697171, 34.0198316377189]]]}}, {"type": "Feature", "properties": {"OBJECTID": 717, "GRID_ID": "AJ-30", "has_data": true}, "geometry": {"type": "Polygon", "coordinates": [[[-118.22033697171, 34.0198316377189], [-118.22416969226, 34.0143247865162], [-118.231812996177, 34.0143349072753], [-118.235624565894, 34.0198518838793], [-118.231792335824, 34.0253590867894], [-118.22414804376, 34.0253489613886], [-118.22033697171, 34.0198316377189]]]}}, {"type": "Feature", "properties": {"OBJECTID": 718, "GRID_ID": "AJ-30", "has_data": true}, "geometry": {"type": "Polygon", "coordinates": [[[-118.22033697171, 34.0198316377189], [-118.22416969226, 34.0143247865162], [-118.231812996177, 34.0143349072753], [-118.235624565894, 34.0198518838793], [-118.231792335824, 34.0253590867894], [-118.22414804376, 34.0253489613886], [-118.22033697171, 34.0198316377189]]]}}, {"type": "Feature", "properties": {"OBJECTID": 719, "GRID_ID": "AJ-30", "has_data": true}, "geometry": {"type": "Polygon", "coordinates": [[[-118.22033697171, 34.0198316377189], [-118.22416969226, 34.0143247865162], [-118.231812996177, 34.0143349072753], [-118.235624565894, 34.0198518838793], [-118.231792335824, 34.0253590867894], [-118.22414804376, 34.0253489613886], [-118.22033697171, 34.0198316377189]]]}}, {"type": "Feature", "properties": {"OBJECTID": 720, "GRID_ID": "AJ-30", "has_data": true}, "geometry": {"type": "Polygon", "coordinates": [[[-118.22033697171, 34.0198316377189], [-118.22416969226, 34.0143247865162], [-118.231812996177, 34.0143349072753], [-118.235624565894, 34.0198518838793], [-118.231792335824, 34.0253590867894], [-118.22414804376, 34.0253489613886], [-118.22033697171, 34.0198316377189]]]}}, {"type": "Feature", "properties": {"OBJECTID": 721, "GRID_ID": "AJ-30", "has_data": true}, "geometry": {"type": "Polygon", "coordinates": [[[-118.22033697171, 34.0198316377189], [-118.22416969226, 34.0143247865162], [-118.231812996177, 34.0143349072753], [-118.235624565894, 34.0198518838793], [-118.231792335824, 34.0253590867894], [-118.22414804376, 34.0253489613886], [-118.22033697171, 34.0198316377189]]]}}, {"type": "Feature", "properties": {"OBJECTID": 722, "GRID_ID": "AJ-30", "has_data": true}, "geometry": {"type": "Polygon", "coordinates": [[[-118.22033697171, 34.0198316377189], [-118.22416969226, 34.0143247865162], [-118.231812996177, 34.0143349072753], [-118.235624565894, 34.0198518838793], [-118.231792335824, 34.0253590867894], [-118.22414804376, 34.0253489613886], [-118.22033697171, 34.0198316377189]]]}}, {"type": "Feature", "properties": {"OBJECTID": 723, "GRID_ID": "AC-17", "has_data": true}, "geometry": {"type": "Polygon", "coordinates": [[[-118.300449256957, 34.1577178825081], [-118.30428302674, 34.1522086695617], [-118.311938718424, 34.15221385329], [-118.315761638355, 34.1577282515181], [-118.311928364442, 34.1632378172043], [-118.304271677425, 34.1632326311796], [-118.300449256957, 34.1577178825081]]]}}, {"type": "Feature", "properties": {"OBJECTID": 724, "GRID_ID": "AF-23", "has_data": true}, "geometry": {"type": "Polygon", "coordinates": [[[-118.266086045513, 34.0970555866579], [-118.269919296968, 34.0915473858247], [-118.277569527794, 34.0915546912518], [-118.281387498905, 34.0970702002801], [-118.277554741524, 34.1025787528092], [-118.26990351806, 34.1025714446144], [-118.266086045513, 34.0970555866579]]]}}, {"type": "Feature", "properties": {"OBJECTID": 725, "GRID_ID": "AK-30", "has_data": true}, "geometry": {"type": "Polygon", "coordinates": [[[-118.208883085325, 34.0143031265093], [-118.212716297254, 34.0087966270889], [-118.220359107995, 34.0088074544444], [-118.22416969226, 34.0143247865162], [-118.22033697171, 34.0198316377189], [-118.212693172822, 34.0198208058127], [-118.208883085325, 34.0143031265093]]]}}, {"type": "Feature", "properties": {"OBJECTID": 726, "GRID_ID": "AD-17", "has_data": true}, "geometry": {"type": "Polygon", "coordinates": [[[-118.288958300694, 34.1632208342171], [-118.292793066708, 34.1577119855002], [-118.300449256957, 34.1577178825081], [-118.304271677425, 34.1632326311796], [-118.300437407281, 34.1687418332131], [-118.292780221698, 34.1687359332589], [-118.288958300694, 34.1632208342171]]]}}, {"type": "Feature", "properties": {"OBJECTID": 727, "GRID_ID": "AG-23", "has_data": true}, "geometry": {"type": "Polygon", "coordinates": [[[-118.254618834417, 34.0915313525674], [-118.258452579945, 34.0860235049923], [-118.2661023158, 34.0860315191669], [-118.269919296968, 34.0915473858247], [-118.266086045513, 34.0970555866579], [-118.258435317919, 34.0970475683197], [-118.254618834417, 34.0915313525674]]]}}, {"type": "Feature", "properties": {"OBJECTID": 728, "GRID_ID": "AE-17", "has_data": true}, "geometry": {"type": "Polygon", "coordinates": [[[-118.27748068531, 34.1576987642478], [-118.281315946296, 34.1521902681787], [-118.288971639777, 34.1521968770062], [-118.292793066708, 34.1577119855002], [-118.288958300694, 34.1632208342171], [-118.281301611879, 34.1632142225358], [-118.27748068531, 34.1576987642478]]]}}, {"type": "Feature", "properties": {"OBJECTID": 729, "GRID_ID": "AH-23", "has_data": true}, "geometry": {"type": "Polygon", "coordinates": [[[-118.243133863628, 34.0970301093321], [-118.246968602693, 34.0915226254809], [-118.254618834417, 34.0915313525674], [-118.258435317919, 34.0970475683197], [-118.254601072029, 34.1025554052631], [-118.246949848565, 34.1025466733626], [-118.243133863628, 34.0970301093321]]]}}, {"type": "Feature", "properties": {"OBJECTID": 730, "GRID_ID": "AG-17", "has_data": true}, "geometry": {"type": "Polygon", "coordinates": [[[-118.254512112765, 34.157675367993], [-118.258348865852, 34.1521675900094], [-118.266004559334, 34.1521756246805], [-118.269824494162, 34.1576914407465], [-118.265988236047, 34.1631995727728], [-118.258331547232, 34.1631915346908], [-118.254512112765, 34.157675367993]]]}}, {"type": "Feature", "properties": {"OBJECTID": 731, "GRID_ID": "AI-23", "has_data": true}, "geometry": {"type": "Polygon", "coordinates": [[[-118.231668140143, 34.0915037474156], [-118.235503373281, 34.0859966159874], [-118.243153109135, 34.0860060526587], [-118.246968602693, 34.0915226254809], [-118.243133863628, 34.0970301093321], [-118.235483135136, 34.0970206686825], [-118.231668140143, 34.0915037474156]]]}}, {"type": "Feature", "properties": {"OBJECTID": 732, "GRID_ID": "AI-17", "has_data": true}, "geometry": {"type": "Polygon", "coordinates": [[[-118.231543538423, 34.1576476937402], [-118.235381783612, 34.1521406343069], [-118.243037477992, 34.1521500948228], [-118.246855920719, 34.1576666187405], [-118.243018169603, 34.163174032125], [-118.235361480788, 34.163164567641], [-118.231543538423, 34.1576476937402]]]}}, {"type": "Feature", "properties": {"OBJECTID": 733, "GRID_ID": "AJ-23", "has_data": true}, "geometry": {"type": "Polygon", "coordinates": [[[-118.220181679947, 34.097000363583], [-118.22401790752, 34.0914935971805], [-118.231668140143, 34.0915037474156], [-118.235483135136, 34.0970206686825], [-118.231647401636, 34.1025277880862], [-118.223996177273, 34.1025176332224], [-118.220181679947, 34.097000363583]]]}}, {"type": "Feature", "properties": {"OBJECTID": 734, "GRID_ID": "B-16", "has_data": true}, "geometry": {"type": "Polygon", "coordinates": [[[-118.610567670669, 34.1740930898641], [-118.614382031452, 34.1685742975415], [-118.622039220628, 34.1685602247321], [-118.625883043456, 34.1740649393944], [-118.622069184832, 34.1795840809045], [-118.614411000323, 34.1795981585641], [-118.610567670669, 34.1740930898641]]]}}, {"type": "Feature", "properties": {"OBJECTID": 735, "GRID_ID": "AK-23", "has_data": true}, "geometry": {"type": "Polygon", "coordinates": [[[-118.208717443173, 34.0914718743043], [-118.212554163921, 34.085965460234], [-118.220203900674, 34.0859763194033], [-118.22401790752, 34.0914935971805], [-118.220181679947, 34.097000363583], [-118.212530951454, 34.0969894998767], [-118.208717443173, 34.0914718743043]]]}}, {"type": "Feature", "properties": {"OBJECTID": 736, "GRID_ID": "AK-23", "has_data": true}, "geometry": {"type": "Polygon", "coordinates": [[[-118.208717443173, 34.0914718743043], [-118.212554163921, 34.085965460234], [-118.220203900674, 34.0859763194033], [-118.22401790752, 34.0914935971805], [-118.220181679947, 34.097000363583], [-118.212530951454, 34.0969894998767], [-118.208717443173, 34.0914718743043]]]}}, {"type": "Feature", "properties": {"OBJECTID": 737, "GRID_ID": "AK-23", "has_data": true}, "geometry": {"type": "Polygon", "coordinates": [[[-118.208717443173, 34.0914718743043], [-118.212554163921, 34.085965460234], [-118.220203900674, 34.0859763194033], [-118.22401790752, 34.0914935971805], [-118.220181679947, 34.097000363583], [-118.212530951454, 34.0969894998767], [-118.208717443173, 34.0914718743043]]]}}, {"type": "Feature", "properties": {"OBJECTID": 738, "GRID_ID": "AK-23", "has_data": true}, "geometry": {"type": "Polygon", "coordinates": [[[-118.208717443173, 34.0914718743043], [-118.212554163921, 34.085965460234], [-118.220203900674, 34.0859763194033], [-118.22401790752, 34.0914935971805], [-118.220181679947, 34.097000363583], [-118.212530951454, 34.0969894998767], [-118.208717443173, 34.0914718743043]]]}}, {"type": "Feature", "properties": {"OBJECTID": 739, "GRID_ID": "AK-23", "has_data": true}, "geometry": {"type": "Polygon", "coordinates": [[[-118.208717443173, 34.0914718743043], [-118.212554163921, 34.085965460234], [-118.220203900674, 34.0859763194033], [-118.22401790752, 34.0914935971805], [-118.220181679947, 34.097000363583], [-118.212530951454, 34.0969894998767], [-118.208717443173, 34.0914718743043]]]}}, {"type": "Feature", "properties": {"OBJECTID": 740, "GRID_ID": "AK-23", "has_data": true}, "geometry": {"type": "Polygon", "coordinates": [[[-118.208717443173, 34.0914718743043], [-118.212554163921, 34.085965460234], [-118.220203900674, 34.0859763194033], [-118.22401790752, 34.0914935971805], [-118.220181679947, 34.097000363583], [-118.212530951454, 34.0969894998767], [-118.208717443173, 34.0914718743043]]]}}, {"type": "Feature", "properties": {"OBJECTID": 741, "GRID_ID": "AK-23", "has_data": true}, "geometry": {"type": "Polygon", "coordinates": [[[-118.208717443173, 34.0914718743043], [-118.212554163921, 34.085965460234], [-118.220203900674, 34.0859763194033], [-118.22401790752, 34.0914935971805], [-118.220181679947, 34.097000363583], [-118.212530951454, 34.0969894998767], [-118.208717443173, 34.0914718743043]]]}}, {"type": "Feature", "properties": {"OBJECTID": 742, "GRID_ID": "AK-23", "has_data": true}, "geometry": {"type": "Polygon", "coordinates": [[[-118.208717443173, 34.0914718743043], [-118.212554163921, 34.085965460234], [-118.220203900674, 34.0859763194033], [-118.22401790752, 34.0914935971805], [-118.220181679947, 34.097000363583], [-118.212530951454, 34.0969894998767], [-118.208717443173, 34.0914718743043]]]}}, {"type": "Feature", "properties": {"OBJECTID": 743, "GRID_ID": "AK-23", "has_data": true}, "geometry": {"type": "Polygon", "coordinates": [[[-118.208717443173, 34.0914718743043], [-118.212554163921, 34.085965460234], [-118.220203900674, 34.0859763194033], [-118.22401790752, 34.0914935971805], [-118.220181679947, 34.097000363583], [-118.212530951454, 34.0969894998767], [-118.208717443173, 34.0914718743043]]]}}, {"type": "Feature", "properties": {"OBJECTID": 744, "GRID_ID": "AK-23", "has_data": true}, "geometry": {"type": "Polygon", "coordinates": [[[-118.208717443173, 34.0914718743043], [-118.212554163921, 34.085965460234], [-118.220203900674, 34.0859763194033], [-118.22401790752, 34.0914935971805], [-118.220181679947, 34.097000363583], [-118.212530951454, 34.0969894998767], [-118.208717443173, 34.0914718743043]]]}}, {"type": "Feature", "properties": {"OBJECTID": 745, "GRID_ID": "AK-23", "has_data": true}, "geometry": {"type": "Polygon", "coordinates": [[[-118.208717443173, 34.0914718743043], [-118.212554163921, 34.085965460234], [-118.220203900674, 34.0859763194033], [-118.22401790752, 34.0914935971805], [-118.220181679947, 34.097000363583], [-118.212530951454, 34.0969894998767], [-118.208717443173, 34.0914718743043]]]}}, {"type": "Feature", "properties": {"OBJECTID": 746, "GRID_ID": "AK-23", "has_data": true}, "geometry": {"type": "Polygon", "coordinates": [[[-118.208717443173, 34.0914718743043], [-118.212554163921, 34.085965460234], [-118.220203900674, 34.0859763194033], [-118.22401790752, 34.0914935971805], [-118.220181679947, 34.097000363583], [-118.212530951454, 34.0969894998767], [-118.208717443173, 34.0914718743043]]]}}, {"type": "Feature", "properties": {"OBJECTID": 747, "GRID_ID": "AK-23", "has_data": true}, "geometry": {"type": "Polygon", "coordinates": [[[-118.208717443173, 34.0914718743043], [-118.212554163921, 34.085965460234], [-118.220203900674, 34.0859763194033], [-118.22401790752, 34.0914935971805], [-118.220181679947, 34.097000363583], [-118.212530951454, 34.0969894998767], [-118.208717443173, 34.0914718743043]]]}}, {"type": "Feature", "properties": {"OBJECTID": 748, "GRID_ID": "AK-23", "has_data": true}, "geometry": {"type": "Polygon", "coordinates": [[[-118.208717443173, 34.0914718743043], [-118.212554163921, 34.085965460234], [-118.220203900674, 34.0859763194033], [-118.22401790752, 34.0914935971805], [-118.220181679947, 34.097000363583], [-118.212530951454, 34.0969894998767], [-118.208717443173, 34.0914718743043]]]}}, {"type": "Feature", "properties": {"OBJECTID": 749, "GRID_ID": "C-16", "has_data": true}, "geometry": {"type": "Polygon", "coordinates": [[[-118.599067653997, 34.168601015359], [-118.602882516938, 34.1630825715527], [-118.610539206651, 34.1630692151166], [-118.614382031452, 34.1685742975415], [-118.610567670669, 34.1740930898641], [-118.602909984725, 34.174106451988], [-118.599067653997, 34.168601015359]]]}}, {"type": "Feature", "properties": {"OBJECTID": 750, "GRID_ID": "AL-30", "has_data": true}, "geometry": {"type": "Polygon", "coordinates": [[[-118.19740557774, 34.0197977221135], [-118.20123978051, 34.014291587261], [-118.208883085325, 34.0143031265093], [-118.212693172822, 34.0198208058127], [-118.208859460531, 34.0253272922824], [-118.201215168468, 34.0253157485766], [-118.19740557774, 34.0197977221135]]]}}, {"type": "Feature", "properties": {"OBJECTID": 751, "GRID_ID": "AL-30", "has_data": true}, "geometry": {"type": "Polygon", "coordinates": [[[-118.19740557774, 34.0197977221135], [-118.20123978051, 34.014291587261], [-118.208883085325, 34.0143031265093], [-118.212693172822, 34.0198208058127], [-118.208859460531, 34.0253272922824], [-118.201215168468, 34.0253157485766], [-118.19740557774, 34.0197977221135]]]}}, {"type": "Feature", "properties": {"OBJECTID": 752, "GRID_ID": "AL-30", "has_data": true}, "geometry": {"type": "Polygon", "coordinates": [[[-118.19740557774, 34.0197977221135], [-118.20123978051, 34.014291587261], [-118.208883085325, 34.0143031265093], [-118.212693172822, 34.0198208058127], [-118.208859460531, 34.0253272922824], [-118.201215168468, 34.0253157485766], [-118.19740557774, 34.0197977221135]]]}}, {"type": "Feature", "properties": {"OBJECTID": 753, "GRID_ID": "AL-30", "has_data": true}, "geometry": {"type": "Polygon", "coordinates": [[[-118.19740557774, 34.0197977221135], [-118.20123978051, 34.014291587261], [-118.208883085325, 34.0143031265093], [-118.212693172822, 34.0198208058127], [-118.208859460531, 34.0253272922824], [-118.201215168468, 34.0253157485766], [-118.19740557774, 34.0197977221135]]]}}, {"type": "Feature", "properties": {"OBJECTID": 754, "GRID_ID": "AL-30", "has_data": true}, "geometry": {"type": "Polygon", "coordinates": [[[-118.19740557774, 34.0197977221135], [-118.20123978051, 34.014291587261], [-118.208883085325, 34.0143031265093], [-118.212693172822, 34.0198208058127], [-118.208859460531, 34.0253272922824], [-118.201215168468, 34.0253157485766], [-118.19740557774, 34.0197977221135]]]}}, {"type": "Feature", "properties": {"OBJECTID": 755, "GRID_ID": "AL-30", "has_data": true}, "geometry": {"type": "Polygon", "coordinates": [[[-118.19740557774, 34.0197977221135], [-118.20123978051, 34.014291587261], [-118.208883085325, 34.0143031265093], [-118.212693172822, 34.0198208058127], [-118.208859460531, 34.0253272922824], [-118.201215168468, 34.0253157485766], [-118.19740557774, 34.0197977221135]]]}}, {"type": "Feature", "properties": {"OBJECTID": 756, "GRID_ID": "AL-30", "has_data": true}, "geometry": {"type": "Polygon", "coordinates": [[[-118.19740557774, 34.0197977221135], [-118.20123978051, 34.014291587261], [-118.208883085325, 34.0143031265093], [-118.212693172822, 34.0198208058127], [-118.208859460531, 34.0253272922824], [-118.201215168468, 34.0253157485766], [-118.19740557774, 34.0197977221135]]]}}, {"type": "Feature", "properties": {"OBJECTID": 757, "GRID_ID": "AL-30", "has_data": true}, "geometry": {"type": "Polygon", "coordinates": [[[-118.19740557774, 34.0197977221135], [-118.20123978051, 34.014291587261], [-118.208883085325, 34.0143031265093], [-118.212693172822, 34.0198208058127], [-118.208859460531, 34.0253272922824], [-118.201215168468, 34.0253157485766], [-118.19740557774, 34.0197977221135]]]}}, {"type": "Feature", "properties": {"OBJECTID": 758, "GRID_ID": "AL-30", "has_data": true}, "geometry": {"type": "Polygon", "coordinates": [[[-118.19740557774, 34.0197977221135], [-118.20123978051, 34.014291587261], [-118.208883085325, 34.0143031265093], [-118.212693172822, 34.0198208058127], [-118.208859460531, 34.0253272922824], [-118.201215168468, 34.0253157485766], [-118.19740557774, 34.0197977221135]]]}}, {"type": "Feature", "properties": {"OBJECTID": 759, "GRID_ID": "AL-30", "has_data": true}, "geometry": {"type": "Polygon", "coordinates": [[[-118.19740557774, 34.0197977221135], [-118.20123978051, 34.014291587261], [-118.208883085325, 34.0143031265093], [-118.212693172822, 34.0198208058127], [-118.208859460531, 34.0253272922824], [-118.201215168468, 34.0253157485766], [-118.19740557774, 34.0197977221135]]]}}, {"type": "Feature", "properties": {"OBJECTID": 760, "GRID_ID": "AM-30", "has_data": true}, "geometry": {"type": "Polygon", "coordinates": [[[-118.185953171778, 34.0142670902738], [-118.189787866825, 34.0087613071135], [-118.197430677567, 34.0087735530512], [-118.20123978051, 34.014291587261], [-118.19740557774, 34.0197977221135], [-118.189761778851, 34.0197854710647], [-118.185953171778, 34.0142670902738]]]}}, {"type": "Feature", "properties": {"OBJECTID": 761, "GRID_ID": "AM-30", "has_data": true}, "geometry": {"type": "Polygon", "coordinates": [[[-118.185953171778, 34.0142670902738], [-118.189787866825, 34.0087613071135], [-118.197430677567, 34.0087735530512], [-118.20123978051, 34.014291587261], [-118.19740557774, 34.0197977221135], [-118.189761778851, 34.0197854710647], [-118.185953171778, 34.0142670902738]]]}}, {"type": "Feature", "properties": {"OBJECTID": 762, "GRID_ID": "AM-30", "has_data": true}, "geometry": {"type": "Polygon", "coordinates": [[[-118.185953171778, 34.0142670902738], [-118.189787866825, 34.0087613071135], [-118.197430677567, 34.0087735530512], [-118.20123978051, 34.014291587261], [-118.19740557774, 34.0197977221135], [-118.189761778851, 34.0197854710647], [-118.185953171778, 34.0142670902738]]]}}, {"type": "Feature", "properties": {"OBJECTID": 763, "GRID_ID": "AL-23", "has_data": true}, "geometry": {"type": "Polygon", "coordinates": [[[-118.197229495367, 34.09696635015], [-118.201067210551, 34.091460301663], [-118.208717443173, 34.0914718743043], [-118.212530951454, 34.0969894998767], [-118.208693729446, 34.1024959012742], [-118.201042504185, 34.1024843241894], [-118.197229495367, 34.09696635015]]]}}, {"type": "Feature", "properties": {"OBJECTID": 764, "GRID_ID": "AN-30", "has_data": true}, "geometry": {"type": "Polygon", "coordinates": [[[-118.174474180176, 34.0197595505677], [-118.178309866963, 34.0142541325346], [-118.185953171778, 34.0142670902738], [-118.189761778851, 34.0197854710647], [-118.185926582544, 34.0252912413696], [-118.17828229048, 34.0252782786125], [-118.174474180176, 34.0197595505677]]]}}, {"type": "Feature", "properties": {"OBJECTID": 765, "GRID_ID": "D-16", "has_data": true}, "geometry": {"type": "Polygon", "coordinates": [[[-118.587594612836, 34.1741317485289], [-118.591410467516, 34.1686136611109], [-118.599067653997, 34.168601015359], [-118.602909984725, 34.174106451988], [-118.599094632202, 34.1796248877549], [-118.591436448591, 34.1796375392865], [-118.587594612836, 34.1741317485289]]]}}, {"type": "Feature", "properties": {"OBJECTID": 766, "GRID_ID": "P-29", "has_data": true}, "geometry": {"type": "Polygon", "coordinates": [[[-118.449658355756, 34.0309609232153], [-118.453476748178, 34.0254469670276], [-118.461121037546, 34.0254429027259], [-118.464947925335, 34.030952792162], [-118.461130027886, 34.0364670970115], [-118.45348475037, 34.0364711630185], [-118.449658355756, 34.0309609232153]]]}}, {"type": "Feature", "properties": {"OBJECTID": 767, "GRID_ID": "E-16", "has_data": true}, "geometry": {"type": "Polygon", "coordinates": [[[-118.576096090961, 34.1686375263018], [-118.579912446901, 34.1631197880479], [-118.587569135716, 34.1631078580182], [-118.591410467516, 34.1686136611109], [-118.587594612836, 34.1741317485289], [-118.579936927789, 34.1741436836895], [-118.576096090961, 34.1686375263018]]]}}, {"type": "Feature", "properties": {"OBJECTID": 768, "GRID_ID": null, "has_data": false}, "geometry": {"type": "Polygon", "coordinates": [[[-118.438188168542, 34.0254536773316], [-118.442007055935, 34.0199400706232], [-118.449650850332, 34.0199367163702], [-118.453476748178, 34.0254469670276], [-118.449658355756, 34.0309609232153], [-118.442013572314, 34.0309642785216], [-118.438188168542, 34.0254536773316]]]}}, {"type": "Feature", "properties": {"OBJECTID": 769, "GRID_ID": null, "has_data": false}, "geometry": {"type": "Polygon", "coordinates": [[[-118.438188168542, 34.0254536773316], [-118.442007055935, 34.0199400706232], [-118.449650850332, 34.0199367163702], [-118.453476748178, 34.0254469670276], [-118.449658355756, 34.0309609232153], [-118.442013572314, 34.0309642785216], [-118.438188168542, 34.0254536773316]]]}}, {"type": "Feature", "properties": {"OBJECTID": 770, "GRID_ID": null, "has_data": false}, "geometry": {"type": "Polygon", "coordinates": [[[-118.185766744407, 34.0914357332288], [-118.189604953664, 34.0859300384712], [-118.197254690416, 34.0859423193962], [-118.201067210551, 34.091460301663], [-118.197229495367, 34.09696635015], [-118.189578765976, 34.0969540633854], [-118.185766744407, 34.0914357332288]]]}}, {"type": "Feature", "properties": {"OBJECTID": 771, "GRID_ID": null, "has_data": false}, "geometry": {"type": "Polygon", "coordinates": [[[-118.426724003633, 34.0309695701825], [-118.430543879173, 34.0254563225894], [-118.438188168542, 34.0254536773316], [-118.442013572314, 34.0309642785216], [-118.438194192644, 34.0364778754282], [-118.430548915129, 34.0364805225756], [-118.426724003633, 34.0309695701825]]]}}, {"type": "Feature", "properties": {"OBJECTID": 772, "GRID_ID": null, "has_data": false}, "geometry": {"type": "Polygon", "coordinates": [[[-118.426724003633, 34.0309695701825], [-118.430543879173, 34.0254563225894], [-118.438188168542, 34.0254536773316], [-118.442013572314, 34.0309642785216], [-118.438194192644, 34.0364778754282], [-118.430548915129, 34.0364805225756], [-118.426724003633, 34.0309695701825]]]}}, {"type": "Feature", "properties": {"OBJECTID": 773, "GRID_ID": null, "has_data": false}, "geometry": {"type": "Polygon", "coordinates": [[[-118.426724003633, 34.0309695701825], [-118.430543879173, 34.0254563225894], [-118.438188168542, 34.0254536773316], [-118.442013572314, 34.0309642785216], [-118.438194192644, 34.0364778754282], [-118.430548915129, 34.0364805225756], [-118.426724003633, 34.0309695701825]]]}}, {"type": "Feature", "properties": {"OBJECTID": 774, "GRID_ID": null, "has_data": false}, "geometry": {"type": "Polygon", "coordinates": [[[-118.426724003633, 34.0309695701825], [-118.430543879173, 34.0254563225894], [-118.438188168542, 34.0254536773316], [-118.442013572314, 34.0309642785216], [-118.438194192644, 34.0364778754282], [-118.430548915129, 34.0364805225756], [-118.426724003633, 34.0309695701825]]]}}, {"type": "Feature", "properties": {"OBJECTID": 775, "GRID_ID": null, "has_data": false}, "geometry": {"type": "Polygon", "coordinates": [[[-118.426724003633, 34.0309695701825], [-118.430543879173, 34.0254563225894], [-118.438188168542, 34.0254536773316], [-118.442013572314, 34.0309642785216], [-118.438194192644, 34.0364778754282], [-118.430548915129, 34.0364805225756], [-118.426724003633, 34.0309695701825]]]}}, {"type": "Feature", "properties": {"OBJECTID": 776, "GRID_ID": null, "has_data": false}, "geometry": {"type": "Polygon", "coordinates": [[[-118.426724003633, 34.0309695701825], [-118.430543879173, 34.0254563225894], [-118.438188168542, 34.0254536773316], [-118.442013572314, 34.0309642785216], [-118.438194192644, 34.0364778754282], [-118.430548915129, 34.0364805225756], [-118.426724003633, 34.0309695701825]]]}}, {"type": "Feature", "properties": {"OBJECTID": 777, "GRID_ID": null, "has_data": false}, "geometry": {"type": "Polygon", "coordinates": [[[-118.426724003633, 34.0309695701825], [-118.430543879173, 34.0254563225894], [-118.438188168542, 34.0254536773316], [-118.442013572314, 34.0309642785216], [-118.438194192644, 34.0364778754282], [-118.430548915129, 34.0364805225756], [-118.426724003633, 34.0309695701825]]]}}, {"type": "Feature", "properties": {"OBJECTID": 778, "GRID_ID": null, "has_data": false}, "geometry": {"type": "Polygon", "coordinates": [[[-118.564621557697, 34.1741661263055], [-118.568438903581, 34.1686487449979], [-118.576096090961, 34.1686375263018], [-118.579936927789, 34.1741436836895], [-118.576120081368, 34.1796614139938], [-118.568461898656, 34.1796726379131], [-118.564621557697, 34.1741661263055]]]}}, {"type": "Feature", "properties": {"OBJECTID": 779, "GRID_ID": null, "has_data": false}, "geometry": {"type": "Polygon", "coordinates": [[[-118.174277307195, 34.0969280675403], [-118.178116511784, 34.0914227381795], [-118.185766744407, 34.0914357332288], [-118.189578765976, 34.0969540633854], [-118.185740053663, 34.1024597463099], [-118.178088829301, 34.1024467455148], [-118.174277307195, 34.0969280675403]]]}}, {"type": "Feature", "properties": {"OBJECTID": 780, "GRID_ID": null, "has_data": false}, "geometry": {"type": "Polygon", "coordinates": [[[-118.415255299537, 34.0254601940614], [-118.419075668252, 34.0199472958551], [-118.426719464446, 34.0199453599933], [-118.430543879173, 34.0254563225894], [-118.426724003633, 34.0309695701825], [-118.419079220191, 34.0309715065372], [-118.415255299537, 34.0254601940614]]]}}, {"type": "Feature", "properties": {"OBJECTID": 781, "GRID_ID": null, "has_data": false}, "geometry": {"type": "Polygon", "coordinates": [[[-118.162816043844, 34.0913953256714], [-118.166655740711, 34.0858903499497], [-118.174305477464, 34.0859040533762], [-118.178116511784, 34.0914227381795], [-118.174277307195, 34.0969280675403], [-118.166626578702, 34.0969143584594], [-118.162816043844, 34.0913953256714]]]}}, {"type": "Feature", "properties": {"OBJECTID": 782, "GRID_ID": null, "has_data": false}, "geometry": {"type": "Polygon", "coordinates": [[[-118.55312452972, 34.1686697568226], [-118.556942376864, 34.1631527253275], [-118.564599066577, 34.1631422217023], [-118.568438903581, 34.1686487449979], [-118.564621557697, 34.1741661263055], [-118.556963871752, 34.1741766345046], [-118.55312452972, 34.1686697568226]]]}}, {"type": "Feature", "properties": {"OBJECTID": 783, "GRID_ID": null, "has_data": false}, "geometry": {"type": "Polygon", "coordinates": [[[-118.403789652409, 34.0309739602954], [-118.40761100927, 34.0254614210202], [-118.415255299537, 34.0254601940614], [-118.419079220191, 34.0309715065372], [-118.415258357403, 34.0364843957779], [-118.407613078989, 34.0364856225773], [-118.403789652409, 34.0309739602954]]]}}, {"type": "Feature", "properties": {"OBJECTID": 784, "GRID_ID": null, "has_data": false}, "geometry": {"type": "Polygon", "coordinates": [[[-118.403789652409, 34.0309739602954], [-118.40761100927, 34.0254614210202], [-118.415255299537, 34.0254601940614], [-118.419079220191, 34.0309715065372], [-118.415258357403, 34.0364843957779], [-118.407613078989, 34.0364856225773], [-118.403789652409, 34.0309739602954]]]}}, {"type": "Feature", "properties": {"OBJECTID": 785, "GRID_ID": null, "has_data": false}, "geometry": {"type": "Polygon", "coordinates": [[[-118.151325118123, 34.0968855172358], [-118.155165810323, 34.0913809082122], [-118.162816043844, 34.0913953256714], [-118.166626578702, 34.0969143584594], [-118.16278637788, 34.1024193217003], [-118.155135152619, 34.1024048979366], [-118.151325118123, 34.0968855172358]]]}}, {"type": "Feature", "properties": {"OBJECTID": 786, "GRID_ID": null, "has_data": false}, "geometry": {"type": "Polygon", "coordinates": [[[-118.151325118123, 34.0968855172358], [-118.155165810323, 34.0913809082122], [-118.162816043844, 34.0913953256714], [-118.166626578702, 34.0969143584594], [-118.16278637788, 34.1024193217003], [-118.155135152619, 34.1024048979366], [-118.151325118123, 34.0968855172358]]]}}, {"type": "Feature", "properties": {"OBJECTID": 787, "GRID_ID": null, "has_data": false}, "geometry": {"type": "Polygon", "coordinates": [[[-118.151325118123, 34.0968855172358], [-118.155165810323, 34.0913809082122], [-118.162816043844, 34.0913953256714], [-118.166626578702, 34.0969143584594], [-118.16278637788, 34.1024193217003], [-118.155135152619, 34.1024048979366], [-118.151325118123, 34.0968855172358]]]}}, {"type": "Feature", "properties": {"OBJECTID": 788, "GRID_ID": null, "has_data": false}, "geometry": {"type": "Polygon", "coordinates": [[[-118.151325118123, 34.0968855172358], [-118.155165810323, 34.0913809082122], [-118.162816043844, 34.0913953256714], [-118.166626578702, 34.0969143584594], [-118.16278637788, 34.1024193217003], [-118.155135152619, 34.1024048979366], [-118.151325118123, 34.0968855172358]]]}}, {"type": "Feature", "properties": {"OBJECTID": 789, "GRID_ID": null, "has_data": false}, "geometry": {"type": "Polygon", "coordinates": [[[-118.541648503457, 34.1741962239423], [-118.545467343239, 34.1686795499514], [-118.55312452972, 34.1686697568226], [-118.556963871752, 34.1741766345046], [-118.55314553323, 34.1796936581405], [-118.545487350517, 34.1797034544491], [-118.541648503457, 34.1741962239423]]]}}, {"type": "Feature", "properties": {"OBJECTID": 790, "GRID_ID": null, "has_data": false}, "geometry": {"type": "Polygon", "coordinates": [[[-118.392322430533, 34.0254624544054], [-118.396144282367, 34.0199502651691], [-118.403788077662, 34.0199497484429], [-118.40761100927, 34.0254614210202], [-118.403789652409, 34.0309739602954], [-118.396144868068, 34.0309744769544], [-118.392322430533, 34.0254624544054]]]}}, {"type": "Feature", "properties": {"OBJECTID": 791, "GRID_ID": null, "has_data": false}, "geometry": {"type": "Polygon", "coordinates": [[[-118.392322430533, 34.0254624544054], [-118.396144282367, 34.0199502651691], [-118.403788077662, 34.0199497484429], [-118.40761100927, 34.0254614210202], [-118.403789652409, 34.0309739602954], [-118.396144868068, 34.0309744769544], [-118.392322430533, 34.0254624544054]]]}}, {"type": "Feature", "properties": {"OBJECTID": 792, "GRID_ID": null, "has_data": false}, "geometry": {"type": "Polygon", "coordinates": [[[-118.392322430533, 34.0254624544054], [-118.396144282367, 34.0199502651691], [-118.403788077662, 34.0199497484429], [-118.40761100927, 34.0254614210202], [-118.403789652409, 34.0309739602954], [-118.396144868068, 34.0309744769544], [-118.392322430533, 34.0254624544054]]]}}, {"type": "Feature", "properties": {"OBJECTID": 793, "GRID_ID": null, "has_data": false}, "geometry": {"type": "Polygon", "coordinates": [[[-118.392322430533, 34.0254624544054], [-118.396144282367, 34.0199502651691], [-118.403788077662, 34.0199497484429], [-118.40761100927, 34.0254614210202], [-118.403789652409, 34.0309739602954], [-118.396144868068, 34.0309744769544], [-118.392322430533, 34.0254624544054]]]}}, {"type": "Feature", "properties": {"OBJECTID": 794, "GRID_ID": null, "has_data": false}, "geometry": {"type": "Polygon", "coordinates": [[[-118.392322430533, 34.0254624544054], [-118.396144282367, 34.0199502651691], [-118.403788077662, 34.0199497484429], [-118.40761100927, 34.0254614210202], [-118.403789652409, 34.0309739602954], [-118.396144868068, 34.0309744769544], [-118.392322430533, 34.0254624544054]]]}}, {"type": "Feature", "properties": {"OBJECTID": 795, "GRID_ID": null, "has_data": false}, "geometry": {"type": "Polygon", "coordinates": [[[-118.392322430533, 34.0254624544054], [-118.396144282367, 34.0199502651691], [-118.403788077662, 34.0199497484429], [-118.40761100927, 34.0254614210202], [-118.403789652409, 34.0309739602954], [-118.396144868068, 34.0309744769544], [-118.392322430533, 34.0254624544054]]]}}, {"type": "Feature", "properties": {"OBJECTID": 796, "GRID_ID": null, "has_data": false}, "geometry": {"type": "Polygon", "coordinates": [[[-118.392322430533, 34.0254624544054], [-118.396144282367, 34.0199502651691], [-118.403788077662, 34.0199497484429], [-118.40761100927, 34.0254614210202], [-118.403789652409, 34.0309739602954], [-118.396144868068, 34.0309744769544], [-118.392322430533, 34.0254624544054]]]}}, {"type": "Feature", "properties": {"OBJECTID": 797, "GRID_ID": null, "has_data": false}, "geometry": {"type": "Polygon", "coordinates": [[[-118.369369409622, 34.1026294534395], [-118.373196214766, 34.0971180447186], [-118.380846940564, 34.0971189485384], [-118.384671853856, 34.102631262449], [-118.380845544582, 34.1081430224155], [-118.373193826146, 34.1081421172259], [-118.369369409622, 34.1026294534395]]]}}, {"type": "Feature", "properties": {"OBJECTID": 798, "GRID_ID": null, "has_data": false}, "geometry": {"type": "Polygon", "coordinates": [[[-118.380855301184, 34.0309740920658], [-118.384678141164, 34.0254622623208], [-118.392322430533, 34.0254624544054], [-118.396144868068, 34.0309744769544], [-118.39232252306, 34.036486657317], [-118.384677243747, 34.036486464513], [-118.380855301184, 34.0309740920658]]]}}, {"type": "Feature", "properties": {"OBJECTID": 799, "GRID_ID": null, "has_data": false}, "geometry": {"type": "Polygon", "coordinates": [[[-118.380855301184, 34.0309740920658], [-118.384678141164, 34.0254622623208], [-118.392322430533, 34.0254624544054], [-118.396144868068, 34.0309744769544], [-118.39232252306, 34.036486657317], [-118.384677243747, 34.036486464513], [-118.380855301184, 34.0309740920658]]]}}, {"type": "Feature", "properties": {"OBJECTID": 800, "GRID_ID": null, "has_data": false}, "geometry": {"type": "Polygon", "coordinates": [[[-118.380855301184, 34.0309740920658], [-118.384678141164, 34.0254622623208], [-118.392322430533, 34.0254624544054], [-118.396144868068, 34.0309744769544], [-118.39232252306, 34.036486657317], [-118.384677243747, 34.036486464513], [-118.380855301184, 34.0309740920658]]]}}, {"type": "Feature", "properties": {"OBJECTID": 801, "GRID_ID": null, "has_data": false}, "geometry": {"type": "Polygon", "coordinates": [[[-118.380855301184, 34.0309740920658], [-118.384678141164, 34.0254622623208], [-118.392322430533, 34.0254624544054], [-118.396144868068, 34.0309744769544], [-118.39232252306, 34.036486657317], [-118.384677243747, 34.036486464513], [-118.380855301184, 34.0309740920658]]]}}, {"type": "Feature", "properties": {"OBJECTID": 802, "GRID_ID": null, "has_data": false}, "geometry": {"type": "Polygon", "coordinates": [[[-118.380855301184, 34.0309740920658], [-118.384678141164, 34.0254622623208], [-118.392322430533, 34.0254624544054], [-118.396144868068, 34.0309744769544], [-118.39232252306, 34.036486657317], [-118.384677243747, 34.036486464513], [-118.380855301184, 34.0309740920658]]]}}, {"type": "Feature", "properties": {"OBJECTID": 803, "GRID_ID": null, "has_data": false}, "geometry": {"type": "Polygon", "coordinates": [[[-118.380855301184, 34.0309740920658], [-118.384678141164, 34.0254622623208], [-118.392322430533, 34.0254624544054], [-118.396144868068, 34.0309744769544], [-118.39232252306, 34.036486657317], [-118.384677243747, 34.036486464513], [-118.380855301184, 34.0309740920658]]]}}, {"type": "Feature", "properties": {"OBJECTID": 804, "GRID_ID": null, "has_data": false}, "geometry": {"type": "Polygon", "coordinates": [[[-118.380855301184, 34.0309740920658], [-118.384678141164, 34.0254622623208], [-118.392322430533, 34.0254624544054], [-118.396144868068, 34.0309744769544], [-118.39232252306, 34.036486657317], [-118.384677243747, 34.036486464513], [-118.380855301184, 34.0309740920658]]]}}, {"type": "Feature", "properties": {"OBJECTID": 805, "GRID_ID": null, "has_data": false}, "geometry": {"type": "Polygon", "coordinates": [[[-118.380855301184, 34.0309740920658], [-118.384678141164, 34.0254622623208], [-118.392322430533, 34.0254624544054], [-118.396144868068, 34.0309744769544], [-118.39232252306, 34.036486657317], [-118.384677243747, 34.036486464513], [-118.380855301184, 34.0309740920658]]]}}, {"type": "Feature", "properties": {"OBJECTID": 806, "GRID_ID": null, "has_data": false}, "geometry": {"type": "Polygon", "coordinates": [[[-118.380855301184, 34.0309740920658], [-118.384678141164, 34.0254622623208], [-118.392322430533, 34.0254624544054], [-118.396144868068, 34.0309744769544], [-118.39232252306, 34.036486657317], [-118.384677243747, 34.036486464513], [-118.380855301184, 34.0309740920658]]]}}, {"type": "Feature", "properties": {"OBJECTID": 807, "GRID_ID": null, "has_data": false}, "geometry": {"type": "Polygon", "coordinates": [[[-118.380855301184, 34.0309740920658], [-118.384678141164, 34.0254622623208], [-118.392322430533, 34.0254624544054], [-118.396144868068, 34.0309744769544], [-118.39232252306, 34.036486657317], [-118.384677243747, 34.036486464513], [-118.380855301184, 34.0309740920658]]]}}, {"type": "Feature", "properties": {"OBJECTID": 808, "GRID_ID": null, "has_data": false}, "geometry": {"type": "Polygon", "coordinates": [[[-118.380855301184, 34.0309740920658], [-118.384678141164, 34.0254622623208], [-118.392322430533, 34.0254624544054], [-118.396144868068, 34.0309744769544], [-118.39232252306, 34.036486657317], [-118.384677243747, 34.036486464513], [-118.380855301184, 34.0309740920658]]]}}, {"type": "Feature", "properties": {"OBJECTID": 809, "GRID_ID": null, "has_data": false}, "geometry": {"type": "Polygon", "coordinates": [[[-118.380855301184, 34.0309740920658], [-118.384678141164, 34.0254622623208], [-118.392322430533, 34.0254624544054], [-118.396144868068, 34.0309744769544], [-118.39232252306, 34.036486657317], [-118.384677243747, 34.036486464513], [-118.380855301184, 34.0309740920658]]]}}, {"type": "Feature", "properties": {"OBJECTID": 810, "GRID_ID": null, "has_data": false}, "geometry": {"type": "Polygon", "coordinates": [[[-118.380855301184, 34.0309740920658], [-118.384678141164, 34.0254622623208], [-118.392322430533, 34.0254624544054], [-118.396144868068, 34.0309744769544], [-118.39232252306, 34.036486657317], [-118.384677243747, 34.036486464513], [-118.380855301184, 34.0309740920658]]]}}, {"type": "Feature", "properties": {"OBJECTID": 811, "GRID_ID": null, "has_data": false}, "geometry": {"type": "Polygon", "coordinates": [[[-118.380855301184, 34.0309740920658], [-118.384678141164, 34.0254622623208], [-118.392322430533, 34.0254624544054], [-118.396144868068, 34.0309744769544], [-118.39232252306, 34.036486657317], [-118.384677243747, 34.036486464513], [-118.380855301184, 34.0309740920658]]]}}, {"type": "Feature", "properties": {"OBJECTID": 812, "GRID_ID": null, "has_data": false}, "geometry": {"type": "Polygon", "coordinates": [[[-118.530152970276, 34.168697708413], [-118.533972310421, 34.1631813841397], [-118.541628999235, 34.1631723069176], [-118.545467343239, 34.1686795499514], [-118.541648503457, 34.1741962239423], [-118.53399081841, 34.1742053044382], [-118.530152970276, 34.168697708413]]]}}, {"type": "Feature", "properties": {"OBJECTID": 813, "GRID_ID": null, "has_data": false}, "geometry": {"type": "Polygon", "coordinates": [[[-118.530152970276, 34.168697708413], [-118.533972310421, 34.1631813841397], [-118.541628999235, 34.1631723069176], [-118.545467343239, 34.1686795499514], [-118.541648503457, 34.1741962239423], [-118.53399081841, 34.1742053044382], [-118.530152970276, 34.168697708413]]]}}, {"type": "Feature", "properties": {"OBJECTID": 814, "GRID_ID": null, "has_data": false}, "geometry": {"type": "Polygon", "coordinates": [[[-118.530152970276, 34.168697708413], [-118.533972310421, 34.1631813841397], [-118.541628999235, 34.1631723069176], [-118.545467343239, 34.1686795499514], [-118.541648503457, 34.1741962239423], [-118.53399081841, 34.1742053044382], [-118.530152970276, 34.168697708413]]]}}, {"type": "Feature", "properties": {"OBJECTID": 815, "GRID_ID": null, "has_data": false}, "geometry": {"type": "Polygon", "coordinates": [[[-118.530152970276, 34.168697708413], [-118.533972310421, 34.1631813841397], [-118.541628999235, 34.1631723069176], [-118.545467343239, 34.1686795499514], [-118.541648503457, 34.1741962239423], [-118.53399081841, 34.1742053044382], [-118.530152970276, 34.168697708413]]]}}, {"type": "Feature", "properties": {"OBJECTID": 816, "GRID_ID": null, "has_data": false}, "geometry": {"type": "Polygon", "coordinates": [[[-118.34641574372, 34.1026231821568], [-118.350244036474, 34.0971124856689], [-118.35789476317, 34.09711481254], [-118.361718187954, 34.1026278370836], [-118.357890390172, 34.1081388847246], [-118.350238671736, 34.1081365566691], [-118.34641574372, 34.1026231821568]]]}}, {"type": "Feature", "properties": {"OBJECTID": 817, "GRID_ID": null, "has_data": false}, "geometry": {"type": "Polygon", "coordinates": [[[-118.369389562427, 34.0254604583638], [-118.373212895582, 34.0199489785656], [-118.380856691776, 34.0199498802304], [-118.384678141164, 34.0254622623208], [-118.380855301184, 34.0309740920658], [-118.373210516844, 34.0309731897736], [-118.369389562427, 34.0254604583638]]]}}, {"type": "Feature", "properties": {"OBJECTID": 818, "GRID_ID": null, "has_data": false}, "geometry": {"type": "Polygon", "coordinates": [[[-118.518675451013, 34.1742220399574], [-118.522495783795, 34.1687060744894], [-118.530152970276, 34.168697708413], [-118.53399081841, 34.1742053044382], [-118.530170985989, 34.1797216209429], [-118.522512804175, 34.1797299903855], [-118.518675451013, 34.1742220399574]]]}}, {"type": "Feature", "properties": {"OBJECTID": 819, "GRID_ID": null, "has_data": false}, "geometry": {"type": "Polygon", "coordinates": [[[-118.334935234863, 34.1081304769479], [-118.338764521154, 34.102620142842], [-118.34641574372, 34.1026231821568], [-118.350238671736, 34.1081365566691], [-118.346409881315, 34.1136472425057], [-118.33875766611, 34.1136442020995], [-118.334935234863, 34.1081304769479]]]}}, {"type": "Feature", "properties": {"OBJECTID": 820, "GRID_ID": null, "has_data": false}, "geometry": {"type": "Polygon", "coordinates": [[[-118.334935234863, 34.1081304769479], [-118.338764521154, 34.102620142842], [-118.34641574372, 34.1026231821568], [-118.350238671736, 34.1081365566691], [-118.346409881315, 34.1136472425057], [-118.33875766611, 34.1136442020995], [-118.334935234863, 34.1081304769479]]]}}, {"type": "Feature", "properties": {"OBJECTID": 821, "GRID_ID": null, "has_data": false}, "geometry": {"type": "Polygon", "coordinates": [[[-118.357920949061, 34.0309699662381], [-118.36174527216, 34.0254588472359], [-118.369389562427, 34.0254604583638], [-118.373210516844, 34.0309731897736], [-118.369386687818, 34.0364846600459], [-118.361741409404, 34.0364830476385], [-118.357920949061, 34.0309699662381]]]}}, {"type": "Feature", "properties": {"OBJECTID": 822, "GRID_ID": null, "has_data": false}, "geometry": {"type": "Polygon", "coordinates": [[[-118.357920949061, 34.0309699662381], [-118.36174527216, 34.0254588472359], [-118.369389562427, 34.0254604583638], [-118.373210516844, 34.0309731897736], [-118.369386687818, 34.0364846600459], [-118.361741409404, 34.0364830476385], [-118.357920949061, 34.0309699662381]]]}}, {"type": "Feature", "properties": {"OBJECTID": 823, "GRID_ID": null, "has_data": false}, "geometry": {"type": "Polygon", "coordinates": [[[-118.357920949061, 34.0309699662381], [-118.36174527216, 34.0254588472359], [-118.369389562427, 34.0254604583638], [-118.373210516844, 34.0309731897736], [-118.369386687818, 34.0364846600459], [-118.361741409404, 34.0364830476385], [-118.357920949061, 34.0309699662381]]]}}, {"type": "Feature", "properties": {"OBJECTID": 824, "GRID_ID": null, "has_data": false}, "geometry": {"type": "Polygon", "coordinates": [[[-118.357920949061, 34.0309699662381], [-118.36174527216, 34.0254588472359], [-118.369389562427, 34.0254604583638], [-118.373210516844, 34.0309731897736], [-118.369386687818, 34.0364846600459], [-118.361741409404, 34.0364830476385], [-118.357920949061, 34.0309699662381]]]}}, {"type": "Feature", "properties": {"OBJECTID": 825, "GRID_ID": null, "has_data": false}, "geometry": {"type": "Polygon", "coordinates": [[[-118.357920949061, 34.0309699662381], [-118.36174527216, 34.0254588472359], [-118.369389562427, 34.0254604583638], [-118.373210516844, 34.0309731897736], [-118.369386687818, 34.0364846600459], [-118.361741409404, 34.0364830476385], [-118.357920949061, 34.0309699662381]]]}}, {"type": "Feature", "properties": {"OBJECTID": 826, "GRID_ID": null, "has_data": false}, "geometry": {"type": "Polygon", "coordinates": [[[-118.507181411731, 34.1687213795907], [-118.511002243977, 34.1632057637456], [-118.518658932791, 34.1631981129251], [-118.522495783795, 34.1687060744894], [-118.518675451013, 34.1742220399574], [-118.511017766865, 34.1742296942379], [-118.507181411731, 34.1687213795907]]]}}, {"type": "Feature", "properties": {"OBJECTID": 827, "GRID_ID": null, "has_data": false}, "geometry": {"type": "Polygon", "coordinates": [[[-118.323462076022, 34.1026126412534], [-118.327291858183, 34.0971026589523], [-118.334942583981, 34.0971064088751], [-118.338764521154, 34.102620142842], [-118.334935234863, 34.1081304769479], [-118.327283517326, 34.1081267252823], [-118.323462076022, 34.1026126412534]]]}}, {"type": "Feature", "properties": {"OBJECTID": 828, "GRID_ID": null, "has_data": false}, "geometry": {"type": "Polygon", "coordinates": [[[-118.323462076022, 34.1026126412534], [-118.327291858183, 34.0971026589523], [-118.334942583981, 34.0971064088751], [-118.338764521154, 34.102620142842], [-118.334935234863, 34.1081304769479], [-118.327283517326, 34.1081267252823], [-118.323462076022, 34.1026126412534]]]}}, {"type": "Feature", "properties": {"OBJECTID": 829, "GRID_ID": null, "has_data": false}, "geometry": {"type": "Polygon", "coordinates": [[[-118.323462076022, 34.1026126412534], [-118.327291858183, 34.0971026589523], [-118.334942583981, 34.0971064088751], [-118.338764521154, 34.102620142842], [-118.334935234863, 34.1081304769479], [-118.327283517326, 34.1081267252823], [-118.323462076022, 34.1026126412534]]]}}, {"type": "Feature", "properties": {"OBJECTID": 830, "GRID_ID": null, "has_data": false}, "geometry": {"type": "Polygon", "coordinates": [[[-118.323462076022, 34.1026126412534], [-118.327291858183, 34.0971026589523], [-118.334942583981, 34.0971064088751], [-118.338764521154, 34.102620142842], [-118.334935234863, 34.1081304769479], [-118.327283517326, 34.1081267252823], [-118.323462076022, 34.1026126412534]]]}}, {"type": "Feature", "properties": {"OBJECTID": 831, "GRID_ID": null, "has_data": false}, "geometry": {"type": "Polygon", "coordinates": [[[-118.323462076022, 34.1026126412534], [-118.327291858183, 34.0971026589523], [-118.334942583981, 34.0971064088751], [-118.338764521154, 34.102620142842], [-118.334935234863, 34.1081304769479], [-118.327283517326, 34.1081267252823], [-118.323462076022, 34.1026126412534]]]}}, {"type": "Feature", "properties": {"OBJECTID": 832, "GRID_ID": null, "has_data": false}, "geometry": {"type": "Polygon", "coordinates": [[[-118.323462076022, 34.1026126412534], [-118.327291858183, 34.0971026589523], [-118.334942583981, 34.0971064088751], [-118.338764521154, 34.102620142842], [-118.334935234863, 34.1081304769479], [-118.327283517326, 34.1081267252823], [-118.323462076022, 34.1026126412534]]]}}, {"type": "Feature", "properties": {"OBJECTID": 833, "GRID_ID": null, "has_data": false}, "geometry": {"type": "Polygon", "coordinates": [[[-118.323462076022, 34.1026126412534], [-118.327291858183, 34.0971026589523], [-118.334942583981, 34.0971064088751], [-118.338764521154, 34.102620142842], [-118.334935234863, 34.1081304769479], [-118.327283517326, 34.1081267252823], [-118.323462076022, 34.1026126412534]]]}}, {"type": "Feature", "properties": {"OBJECTID": 834, "GRID_ID": null, "has_data": false}, "geometry": {"type": "Polygon", "coordinates": [[[-118.323462076022, 34.1026126412534], [-118.327291858183, 34.0971026589523], [-118.334942583981, 34.0971064088751], [-118.338764521154, 34.102620142842], [-118.334935234863, 34.1081304769479], [-118.327283517326, 34.1081267252823], [-118.323462076022, 34.1026126412534]]]}}, {"type": "Feature", "properties": {"OBJECTID": 835, "GRID_ID": null, "has_data": false}, "geometry": {"type": "Polygon", "coordinates": [[[-118.346456693423, 34.0254542051919], [-118.350281509697, 34.0199434360446], [-118.35792530589, 34.0199457561005], [-118.36174527216, 34.0254588472359], [-118.357920949061, 34.0309699662381], [-118.350276165619, 34.0309676449947], [-118.346456693423, 34.0254542051919]]]}}, {"type": "Feature", "properties": {"OBJECTID": 836, "GRID_ID": null, "has_data": false}, "geometry": {"type": "Polygon", "coordinates": [[[-118.495702399467, 34.1742435758413], [-118.49952422525, 34.1687283193591], [-118.507181411731, 34.1687213795907], [-118.511017766865, 34.1742296942379], [-118.507196440546, 34.1797453016623], [-118.499538258731, 34.1797522442401], [-118.495702399467, 34.1742435758413]]]}}, {"type": "Feature", "properties": {"OBJECTID": 837, "GRID_ID": null, "has_data": false}, "geometry": {"type": "Polygon", "coordinates": [[[-118.311980079555, 34.1081177990843], [-118.315810855253, 34.1026081789794], [-118.323462076022, 34.1026126412534], [-118.327283517326, 34.1081267252823], [-118.3234532366, 34.1136366970258], [-118.315801022294, 34.1136322331021], [-118.311980079555, 34.1081177990843]]]}}, {"type": "Feature", "properties": {"OBJECTID": 838, "GRID_ID": null, "has_data": false}, "geometry": {"type": "Polygon", "coordinates": [[[-118.311980079555, 34.1081177990843], [-118.315810855253, 34.1026081789794], [-118.323462076022, 34.1026126412534], [-118.327283517326, 34.1081267252823], [-118.3234532366, 34.1136366970258], [-118.315801022294, 34.1136322331021], [-118.311980079555, 34.1081177990843]]]}}, {"type": "Feature", "properties": {"OBJECTID": 839, "GRID_ID": null, "has_data": false}, "geometry": {"type": "Polygon", "coordinates": [[[-118.311980079555, 34.1081177990843], [-118.315810855253, 34.1026081789794], [-118.323462076022, 34.1026126412534], [-118.327283517326, 34.1081267252823], [-118.3234532366, 34.1136366970258], [-118.315801022294, 34.1136322331021], [-118.311980079555, 34.1081177990843]]]}}, {"type": "Feature", "properties": {"OBJECTID": 840, "GRID_ID": null, "has_data": false}, "geometry": {"type": "Polygon", "coordinates": [[[-118.311980079555, 34.1081177990843], [-118.315810855253, 34.1026081789794], [-118.323462076022, 34.1026126412534], [-118.327283517326, 34.1081267252823], [-118.3234532366, 34.1136366970258], [-118.315801022294, 34.1136322331021], [-118.311980079555, 34.1081177990843]]]}}, {"type": "Feature", "properties": {"OBJECTID": 841, "GRID_ID": null, "has_data": false}, "geometry": {"type": "Polygon", "coordinates": [[[-118.33498659604, 34.0309615835563], [-118.338812403156, 34.0254511750204], [-118.346456693423, 34.0254542051919], [-118.350276165619, 34.0309676449947], [-118.346450852577, 34.0364784039644], [-118.338805574163, 34.0364753726977], [-118.33498659604, 34.0309615835563]]]}}, {"type": "Feature", "properties": {"OBJECTID": 842, "GRID_ID": null, "has_data": false}, "geometry": {"type": "Polygon", "coordinates": [[[-118.484209854084, 34.1687407711025], [-118.488032180228, 34.1632258641489], [-118.495688868144, 34.163219639729], [-118.49952422525, 34.1687283193591], [-118.495702399467, 34.1742435758413], [-118.488044716218, 34.1742498039076], [-118.484209854084, 34.1687407711025]]]}}, {"type": "Feature", "properties": {"OBJECTID": 843, "GRID_ID": null, "has_data": false}, "geometry": {"type": "Polygon", "coordinates": [[[-118.472729347922, 34.1742608315971], [-118.476552668501, 34.1687462838208], [-118.484209854084, 34.1687407711025], [-118.488044716218, 34.1742498039076], [-118.484221896, 34.1797647017885], [-118.476563714186, 34.1797702167594], [-118.472729347922, 34.1742608315971]]]}}, {"type": "Feature", "properties": {"OBJECTID": 844, "GRID_ID": null, "has_data": false}, "geometry": {"type": "Polygon", "coordinates": [[[-118.323523822621, 34.0254436948888], [-118.327350122912, 34.0199336376051], [-118.334993918208, 34.0199373760524], [-118.338812403156, 34.0254511750204], [-118.33498659604, 34.0309615835563], [-118.327341813496, 34.0309578426168], [-118.323523822621, 34.0254436948888]]]}}, {"type": "Feature", "properties": {"OBJECTID": 845, "GRID_ID": null, "has_data": false}, "geometry": {"type": "Polygon", "coordinates": [[[-118.323523822621, 34.0254436948888], [-118.327350122912, 34.0199336376051], [-118.334993918208, 34.0199373760524], [-118.338812403156, 34.0254511750204], [-118.33498659604, 34.0309615835563], [-118.327341813496, 34.0309578426168], [-118.323523822621, 34.0254436948888]]]}}, {"type": "Feature", "properties": {"OBJECTID": 846, "GRID_ID": null, "has_data": false}, "geometry": {"type": "Polygon", "coordinates": [[[-118.300508409222, 34.1025978314716], [-118.304339679892, 34.0970885638234], [-118.311990405689, 34.0970937360546], [-118.315810855253, 34.1026081789794], [-118.311980079555, 34.1081177990843], [-118.304328361119, 34.1081126245518], [-118.300508409222, 34.1025978314716]]]}}, {"type": "Feature", "properties": {"OBJECTID": 847, "GRID_ID": null, "has_data": false}, "geometry": {"type": "Polygon", "coordinates": [[[-118.300508409222, 34.1025978314716], [-118.304339679892, 34.0970885638234], [-118.311990405689, 34.0970937360546], [-118.315810855253, 34.1026081789794], [-118.311980079555, 34.1081177990843], [-118.304328361119, 34.1081126245518], [-118.300508409222, 34.1025978314716]]]}}, {"type": "Feature", "properties": {"OBJECTID": 848, "GRID_ID": null, "has_data": false}, "geometry": {"type": "Polygon", "coordinates": [[[-118.300508409222, 34.1025978314716], [-118.304339679892, 34.0970885638234], [-118.311990405689, 34.0970937360546], [-118.315810855253, 34.1026081789794], [-118.311980079555, 34.1081177990843], [-118.304328361119, 34.1081126245518], [-118.300508409222, 34.1025978314716]]]}}, {"type": "Feature", "properties": {"OBJECTID": 849, "GRID_ID": null, "has_data": false}, "geometry": {"type": "Polygon", "coordinates": [[[-118.300508409222, 34.1025978314716], [-118.304339679892, 34.0970885638234], [-118.311990405689, 34.0970937360546], [-118.315810855253, 34.1026081789794], [-118.311980079555, 34.1081177990843], [-118.304328361119, 34.1081126245518], [-118.300508409222, 34.1025978314716]]]}}, {"type": "Feature", "properties": {"OBJECTID": 850, "GRID_ID": null, "has_data": false}, "geometry": {"type": "Polygon", "coordinates": [[[-118.300508409222, 34.1025978314716], [-118.304339679892, 34.0970885638234], [-118.311990405689, 34.0970937360546], [-118.315810855253, 34.1026081789794], [-118.311980079555, 34.1081177990843], [-118.304328361119, 34.1081126245518], [-118.300508409222, 34.1025978314716]]]}}, {"type": "Feature", "properties": {"OBJECTID": 851, "GRID_ID": null, "has_data": false}, "geometry": {"type": "Polygon", "coordinates": [[[-118.300508409222, 34.1025978314716], [-118.304339679892, 34.0970885638234], [-118.311990405689, 34.0970937360546], [-118.315810855253, 34.1026081789794], [-118.311980079555, 34.1081177990843], [-118.304328361119, 34.1081126245518], [-118.300508409222, 34.1025978314716]]]}}, {"type": "Feature", "properties": {"OBJECTID": 852, "GRID_ID": null, "has_data": false}, "geometry": {"type": "Polygon", "coordinates": [[[-118.300508409222, 34.1025978314716], [-118.304339679892, 34.0970885638234], [-118.311990405689, 34.0970937360546], [-118.315810855253, 34.1026081789794], [-118.311980079555, 34.1081177990843], [-118.304328361119, 34.1081126245518], [-118.300508409222, 34.1025978314716]]]}}, {"type": "Feature", "properties": {"OBJECTID": 853, "GRID_ID": null, "has_data": false}, "geometry": {"type": "Polygon", "coordinates": [[[-118.300508409222, 34.1025978314716], [-118.304339679892, 34.0970885638234], [-118.311990405689, 34.0970937360546], [-118.315810855253, 34.1026081789794], [-118.311980079555, 34.1081177990843], [-118.304328361119, 34.1081126245518], [-118.300508409222, 34.1025978314716]]]}}, {"type": "Feature", "properties": {"OBJECTID": 854, "GRID_ID": null, "has_data": false}, "geometry": {"type": "Polygon", "coordinates": [[[-118.300508409222, 34.1025978314716], [-118.304339679892, 34.0970885638234], [-118.311990405689, 34.0970937360546], [-118.315810855253, 34.1026081789794], [-118.311980079555, 34.1081177990843], [-118.304328361119, 34.1081126245518], [-118.300508409222, 34.1025978314716]]]}}, {"type": "Feature", "properties": {"OBJECTID": 855, "GRID_ID": null, "has_data": false}, "geometry": {"type": "Polygon", "coordinates": [[[-118.300508409222, 34.1025978314716], [-118.304339679892, 34.0970885638234], [-118.311990405689, 34.0970937360546], [-118.315810855253, 34.1026081789794], [-118.311980079555, 34.1081177990843], [-118.304328361119, 34.1081126245518], [-118.300508409222, 34.1025978314716]]]}}, {"type": "Feature", "properties": {"OBJECTID": 856, "GRID_ID": null, "has_data": false}, "geometry": {"type": "Polygon", "coordinates": [[[-118.300508409222, 34.1025978314716], [-118.304339679892, 34.0970885638234], [-118.311990405689, 34.0970937360546], [-118.315810855253, 34.1026081789794], [-118.311980079555, 34.1081177990843], [-118.304328361119, 34.1081126245518], [-118.300508409222, 34.1025978314716]]]}}, {"type": "Feature", "properties": {"OBJECTID": 857, "GRID_ID": null, "has_data": false}, "geometry": {"type": "Polygon", "coordinates": [[[-118.300508409222, 34.1025978314716], [-118.304339679892, 34.0970885638234], [-118.311990405689, 34.0970937360546], [-118.315810855253, 34.1026081789794], [-118.311980079555, 34.1081177990843], [-118.304328361119, 34.1081126245518], [-118.300508409222, 34.1025978314716]]]}}, {"type": "Feature", "properties": {"OBJECTID": 858, "GRID_ID": null, "has_data": false}, "geometry": {"type": "Polygon", "coordinates": [[[-118.300508409222, 34.1025978314716], [-118.304339679892, 34.0970885638234], [-118.311990405689, 34.0970937360546], [-118.315810855253, 34.1026081789794], [-118.311980079555, 34.1081177990843], [-118.304328361119, 34.1081126245518], [-118.300508409222, 34.1025978314716]]]}}, {"type": "Feature", "properties": {"OBJECTID": 859, "GRID_ID": null, "has_data": false}, "geometry": {"type": "Polygon", "coordinates": [[[-118.300508409222, 34.1025978314716], [-118.304339679892, 34.0970885638234], [-118.311990405689, 34.0970937360546], [-118.315810855253, 34.1026081789794], [-118.311980079555, 34.1081177990843], [-118.304328361119, 34.1081126245518], [-118.300508409222, 34.1025978314716]]]}}, {"type": "Feature", "properties": {"OBJECTID": 860, "GRID_ID": null, "has_data": false}, "geometry": {"type": "Polygon", "coordinates": [[[-118.300508409222, 34.1025978314716], [-118.304339679892, 34.0970885638234], [-118.311990405689, 34.0970937360546], [-118.315810855253, 34.1026081789794], [-118.311980079555, 34.1081177990843], [-118.304328361119, 34.1081126245518], [-118.300508409222, 34.1025978314716]]]}}, {"type": "Feature", "properties": {"OBJECTID": 861, "GRID_ID": null, "has_data": false}, "geometry": {"type": "Polygon", "coordinates": [[[-118.300508409222, 34.1025978314716], [-118.304339679892, 34.0970885638234], [-118.311990405689, 34.0970937360546], [-118.315810855253, 34.1026081789794], [-118.311980079555, 34.1081177990843], [-118.304328361119, 34.1081126245518], [-118.300508409222, 34.1025978314716]]]}}, {"type": "Feature", "properties": {"OBJECTID": 862, "GRID_ID": null, "has_data": false}, "geometry": {"type": "Polygon", "coordinates": [[[-118.300508409222, 34.1025978314716], [-118.304339679892, 34.0970885638234], [-118.311990405689, 34.0970937360546], [-118.315810855253, 34.1026081789794], [-118.311980079555, 34.1081177990843], [-118.304328361119, 34.1081126245518], [-118.300508409222, 34.1025978314716]]]}}, {"type": "Feature", "properties": {"OBJECTID": 863, "GRID_ID": null, "has_data": false}, "geometry": {"type": "Polygon", "coordinates": [[[-118.300508409222, 34.1025978314716], [-118.304339679892, 34.0970885638234], [-118.311990405689, 34.0970937360546], [-118.315810855253, 34.1026081789794], [-118.311980079555, 34.1081177990843], [-118.304328361119, 34.1081126245518], [-118.300508409222, 34.1025978314716]]]}}, {"type": "Feature", "properties": {"OBJECTID": 864, "GRID_ID": null, "has_data": false}, "geometry": {"type": "Polygon", "coordinates": [[[-118.300508409222, 34.1025978314716], [-118.304339679892, 34.0970885638234], [-118.311990405689, 34.0970937360546], [-118.315810855253, 34.1026081789794], [-118.311980079555, 34.1081177990843], [-118.304328361119, 34.1081126245518], [-118.300508409222, 34.1025978314716]]]}}, {"type": "Feature", "properties": {"OBJECTID": 865, "GRID_ID": null, "has_data": false}, "geometry": {"type": "Polygon", "coordinates": [[[-118.300508409222, 34.1025978314716], [-118.304339679892, 34.0970885638234], [-118.311990405689, 34.0970937360546], [-118.315810855253, 34.1026081789794], [-118.311980079555, 34.1081177990843], [-118.304328361119, 34.1081126245518], [-118.300508409222, 34.1025978314716]]]}}, {"type": "Feature", "properties": {"OBJECTID": 866, "GRID_ID": null, "has_data": false}, "geometry": {"type": "Polygon", "coordinates": [[[-118.300508409222, 34.1025978314716], [-118.304339679892, 34.0970885638234], [-118.311990405689, 34.0970937360546], [-118.315810855253, 34.1026081789794], [-118.311980079555, 34.1081177990843], [-118.304328361119, 34.1081126245518], [-118.300508409222, 34.1025978314716]]]}}, {"type": "Feature", "properties": {"OBJECTID": 867, "GRID_ID": null, "has_data": false}, "geometry": {"type": "Polygon", "coordinates": [[[-118.300508409222, 34.1025978314716], [-118.304339679892, 34.0970885638234], [-118.311990405689, 34.0970937360546], [-118.315810855253, 34.1026081789794], [-118.311980079555, 34.1081177990843], [-118.304328361119, 34.1081126245518], [-118.300508409222, 34.1025978314716]]]}}, {"type": "Feature", "properties": {"OBJECTID": 868, "GRID_ID": null, "has_data": false}, "geometry": {"type": "Polygon", "coordinates": [[[-118.300508409222, 34.1025978314716], [-118.304339679892, 34.0970885638234], [-118.311990405689, 34.0970937360546], [-118.315810855253, 34.1026081789794], [-118.311980079555, 34.1081177990843], [-118.304328361119, 34.1081126245518], [-118.300508409222, 34.1025978314716]]]}}, {"type": "Feature", "properties": {"OBJECTID": 869, "GRID_ID": null, "has_data": false}, "geometry": {"type": "Polygon", "coordinates": [[[-118.300508409222, 34.1025978314716], [-118.304339679892, 34.0970885638234], [-118.311990405689, 34.0970937360546], [-118.315810855253, 34.1026081789794], [-118.311980079555, 34.1081177990843], [-118.304328361119, 34.1081126245518], [-118.300508409222, 34.1025978314716]]]}}, {"type": "Feature", "properties": {"OBJECTID": 870, "GRID_ID": null, "has_data": false}, "geometry": {"type": "Polygon", "coordinates": [[[-118.300508409222, 34.1025978314716], [-118.304339679892, 34.0970885638234], [-118.311990405689, 34.0970937360546], [-118.315810855253, 34.1026081789794], [-118.311980079555, 34.1081177990843], [-118.304328361119, 34.1081126245518], [-118.300508409222, 34.1025978314716]]]}}, {"type": "Feature", "properties": {"OBJECTID": 871, "GRID_ID": null, "has_data": false}, "geometry": {"type": "Polygon", "coordinates": [[[-118.300508409222, 34.1025978314716], [-118.304339679892, 34.0970885638234], [-118.311990405689, 34.0970937360546], [-118.315810855253, 34.1026081789794], [-118.311980079555, 34.1081177990843], [-118.304328361119, 34.1081126245518], [-118.300508409222, 34.1025978314716]]]}}, {"type": "Feature", "properties": {"OBJECTID": 872, "GRID_ID": null, "has_data": false}, "geometry": {"type": "Polygon", "coordinates": [[[-118.300508409222, 34.1025978314716], [-118.304339679892, 34.0970885638234], [-118.311990405689, 34.0970937360546], [-118.315810855253, 34.1026081789794], [-118.311980079555, 34.1081177990843], [-118.304328361119, 34.1081126245518], [-118.300508409222, 34.1025978314716]]]}}, {"type": "Feature", "properties": {"OBJECTID": 873, "GRID_ID": null, "has_data": false}, "geometry": {"type": "Polygon", "coordinates": [[[-118.300508409222, 34.1025978314716], [-118.304339679892, 34.0970885638234], [-118.311990405689, 34.0970937360546], [-118.315810855253, 34.1026081789794], [-118.311980079555, 34.1081177990843], [-118.304328361119, 34.1081126245518], [-118.300508409222, 34.1025978314716]]]}}, {"type": "Feature", "properties": {"OBJECTID": 874, "GRID_ID": null, "has_data": false}, "geometry": {"type": "Polygon", "coordinates": [[[-118.300508409222, 34.1025978314716], [-118.304339679892, 34.0970885638234], [-118.311990405689, 34.0970937360546], [-118.315810855253, 34.1026081789794], [-118.311980079555, 34.1081177990843], [-118.304328361119, 34.1081126245518], [-118.300508409222, 34.1025978314716]]]}}, {"type": "Feature", "properties": {"OBJECTID": 875, "GRID_ID": null, "has_data": false}, "geometry": {"type": "Polygon", "coordinates": [[[-118.300508409222, 34.1025978314716], [-118.304339679892, 34.0970885638234], [-118.311990405689, 34.0970937360546], [-118.315810855253, 34.1026081789794], [-118.311980079555, 34.1081177990843], [-118.304328361119, 34.1081126245518], [-118.300508409222, 34.1025978314716]]]}}, {"type": "Feature", "properties": {"OBJECTID": 876, "GRID_ID": null, "has_data": false}, "geometry": {"type": "Polygon", "coordinates": [[[-118.461238297335, 34.1687558829514], [-118.465062116479, 34.1632416860961], [-118.472718803497, 34.1632368880757], [-118.476552668501, 34.1687462838208], [-118.472729347922, 34.1742608315971], [-118.465071665571, 34.1742656319637], [-118.461238297335, 34.1687558829514]]]}}, {"type": "Feature", "properties": {"OBJECTID": 877, "GRID_ID": null, "has_data": false}, "geometry": {"type": "Polygon", "coordinates": [[[-118.312052243917, 34.0309489425301], [-118.315879534151, 34.0254392456731], [-118.323523822621, 34.0254436948888], [-118.327341813496, 34.0309578426168], [-118.323515016437, 34.0364678898159], [-118.315869738921, 34.0364634389451], [-118.312052243917, 34.0309489425301]]]}}, {"type": "Feature", "properties": {"OBJECTID": 878, "GRID_ID": null, "has_data": false}, "geometry": {"type": "Polygon", "coordinates": [[[-118.289024923348, 34.1081008518755], [-118.292857187555, 34.1025919462377], [-118.300508409222, 34.1025978314716], [-118.304328361119, 34.1081126245518], [-118.300496591885, 34.1136218817364], [-118.292844377579, 34.1136159942943], [-118.289024923348, 34.1081008518755]]]}}, {"type": "Feature", "properties": {"OBJECTID": 879, "GRID_ID": null, "has_data": false}, "geometry": {"type": "Polygon", "coordinates": [[[-118.449756299072, 34.1742738064843], [-118.453581112651, 34.1687599693637], [-118.461238297335, 34.1687558829514], [-118.465071665571, 34.1742656319637], [-118.461247351455, 34.1797798198382], [-118.453589170539, 34.1797839079462], [-118.449756299072, 34.1742738064843]]]}}, {"type": "Feature", "properties": {"OBJECTID": 880, "GRID_ID": null, "has_data": false}, "geometry": {"type": "Polygon", "coordinates": [[[-118.300590952719, 34.0254289281973], [-118.30441873523, 34.0199195825012], [-118.312062530525, 34.0199247408296], [-118.315879534151, 34.0254392456731], [-118.312052243917, 34.0309489425301], [-118.304407460475, 34.0309437826383], [-118.300590952719, 34.0254289281973]]]}}, {"type": "Feature", "properties": {"OBJECTID": 881, "GRID_ID": null, "has_data": false}, "geometry": {"type": "Polygon", "coordinates": [[[-118.277554741524, 34.1025787528092], [-118.281387498905, 34.0970702002801], [-118.289038225601, 34.0970767955644], [-118.292857187555, 34.1025919462377], [-118.289024923348, 34.1081008518755], [-118.281373204014, 34.1080942537315], [-118.277554741524, 34.1025787528092]]]}}, {"type": "Feature", "properties": {"OBJECTID": 882, "GRID_ID": null, "has_data": false}, "geometry": {"type": "Polygon", "coordinates": [[[-118.289117890896, 34.0309320431576], [-118.29294666335, 34.025423059937], [-118.300590952719, 34.0254289281973], [-118.304407460475, 34.0309437826383], [-118.300579180297, 34.0364531168544], [-118.292933901883, 34.0364472463787], [-118.289117890896, 34.0309320431576]]]}}, {"type": "Feature", "properties": {"OBJECTID": 883, "GRID_ID": null, "has_data": false}, "geometry": {"type": "Polygon", "coordinates": [[[-118.289117890896, 34.0309320431576], [-118.29294666335, 34.025423059937], [-118.300590952719, 34.0254289281973], [-118.304407460475, 34.0309437826383], [-118.300579180297, 34.0364531168544], [-118.292933901883, 34.0364472463787], [-118.289117890896, 34.0309320431576]]]}}, {"type": "Feature", "properties": {"OBJECTID": 884, "GRID_ID": null, "has_data": false}, "geometry": {"type": "Polygon", "coordinates": [[[-118.438266741485, 34.1687667151396], [-118.442092053629, 34.1632532295894], [-118.449748739748, 34.1632498572245], [-118.453581112651, 34.1687599693637], [-118.449756299072, 34.1742738064843], [-118.44209861672, 34.1742771798952], [-118.438266741485, 34.1687667151396]]]}}, {"type": "Feature", "properties": {"OBJECTID": 885, "GRID_ID": null, "has_data": false}, "geometry": {"type": "Polygon", "coordinates": [[[-118.266069766244, 34.1080796338314], [-118.26990351806, 34.1025714446144], [-118.277554741524, 34.1025787528092], [-118.281373204014, 34.1080942537315], [-118.277539946271, 34.1136027951475], [-118.269887730169, 34.1135954834426], [-118.266069766244, 34.1080796338314]]]}}, {"type": "Feature", "properties": {"OBJECTID": 886, "GRID_ID": null, "has_data": false}, "geometry": {"type": "Polygon", "coordinates": [[[-118.426783250221, 34.1742825005048], [-118.4306095568, 34.1687693752466], [-118.438266741485, 34.1687667151396], [-118.44209861672, 34.1742771798952], [-118.438272808706, 34.1797906565568], [-118.43061462779, 34.1797933170594], [-118.426783250221, 34.1742825005048]]]}}, {"type": "Feature", "properties": {"OBJECTID": 887, "GRID_ID": null, "has_data": false}, "geometry": {"type": "Polygon", "coordinates": [[[-118.277658081918, 34.0254099043708], [-118.281487346649, 34.0199012722198], [-118.289131142843, 34.019907848941], [-118.29294666335, 34.025423059937], [-118.289117890896, 34.0309320431576], [-118.281473105657, 34.0309254643128], [-118.277658081918, 34.0254099043708]]]}}, {"type": "Feature", "properties": {"OBJECTID": 888, "GRID_ID": null, "has_data": false}, "geometry": {"type": "Polygon", "coordinates": [[[-118.415295185634, 34.1687732676689], [-118.41912198988, 34.1632604938874], [-118.426778677796, 34.1632585479208], [-118.4306095568, 34.1687693752466], [-118.426783250221, 34.1742825005048], [-118.419125566972, 34.1742844469605], [-118.415295185634, 34.1687732676689]]]}}, {"type": "Feature", "properties": {"OBJECTID": 889, "GRID_ID": null, "has_data": false}, "geometry": {"type": "Polygon", "coordinates": [[[-118.266183536078, 34.0309108869252], [-118.270013790752, 34.0254026170647], [-118.277658081918, 34.0254099043708], [-118.281473105657, 34.0309254643128], [-118.277643343259, 34.0364340850776], [-118.269998063048, 34.0364267949963], [-118.266183536078, 34.0309108869252]]]}}, {"type": "Feature", "properties": {"OBJECTID": 890, "GRID_ID": null, "has_data": false}, "geometry": {"type": "Polygon", "coordinates": [[[-118.266183536078, 34.0309108869252], [-118.270013790752, 34.0254026170647], [-118.277658081918, 34.0254099043708], [-118.281473105657, 34.0309254643128], [-118.277643343259, 34.0364340850776], [-118.269998063048, 34.0364267949963], [-118.266183536078, 34.0309108869252]]]}}, {"type": "Feature", "properties": {"OBJECTID": 891, "GRID_ID": null, "has_data": false}, "geometry": {"type": "Polygon", "coordinates": [[[-118.266183536078, 34.0309108869252], [-118.270013790752, 34.0254026170647], [-118.277658081918, 34.0254099043708], [-118.281473105657, 34.0309254643128], [-118.277643343259, 34.0364340850776], [-118.269998063048, 34.0364267949963], [-118.266183536078, 34.0309108869252]]]}}, {"type": "Feature", "properties": {"OBJECTID": 892, "GRID_ID": null, "has_data": false}, "geometry": {"type": "Polygon", "coordinates": [[[-118.266183536078, 34.0309108869252], [-118.270013790752, 34.0254026170647], [-118.277658081918, 34.0254099043708], [-118.281473105657, 34.0309254643128], [-118.277643343259, 34.0364340850776], [-118.269998063048, 34.0364267949963], [-118.266183536078, 34.0309108869252]]]}}, {"type": "Feature", "properties": {"OBJECTID": 893, "GRID_ID": null, "has_data": false}, "geometry": {"type": "Polygon", "coordinates": [[[-118.266183536078, 34.0309108869252], [-118.270013790752, 34.0254026170647], [-118.277658081918, 34.0254099043708], [-118.281473105657, 34.0309254643128], [-118.277643343259, 34.0364340850776], [-118.269998063048, 34.0364267949963], [-118.266183536078, 34.0309108869252]]]}}, {"type": "Feature", "properties": {"OBJECTID": 894, "GRID_ID": null, "has_data": false}, "geometry": {"type": "Polygon", "coordinates": [[[-118.266183536078, 34.0309108869252], [-118.270013790752, 34.0254026170647], [-118.277658081918, 34.0254099043708], [-118.281473105657, 34.0309254643128], [-118.277643343259, 34.0364340850776], [-118.269998063048, 34.0364267949963], [-118.266183536078, 34.0309108869252]]]}}, {"type": "Feature", "properties": {"OBJECTID": 895, "GRID_ID": null, "has_data": false}, "geometry": {"type": "Polygon", "coordinates": [[[-118.266183536078, 34.0309108869252], [-118.270013790752, 34.0254026170647], [-118.277658081918, 34.0254099043708], [-118.281473105657, 34.0309254643128], [-118.277643343259, 34.0364340850776], [-118.269998063048, 34.0364267949963], [-118.266183536078, 34.0309108869252]]]}}, {"type": "Feature", "properties": {"OBJECTID": 896, "GRID_ID": null, "has_data": false}, "geometry": {"type": "Polygon", "coordinates": [[[-118.266183536078, 34.0309108869252], [-118.270013790752, 34.0254026170647], [-118.277658081918, 34.0254099043708], [-118.281473105657, 34.0309254643128], [-118.277643343259, 34.0364340850776], [-118.269998063048, 34.0364267949963], [-118.266183536078, 34.0309108869252]]]}}, {"type": "Feature", "properties": {"OBJECTID": 897, "GRID_ID": null, "has_data": false}, "geometry": {"type": "Polygon", "coordinates": [[[-118.266183536078, 34.0309108869252], [-118.270013790752, 34.0254026170647], [-118.277658081918, 34.0254099043708], [-118.281473105657, 34.0309254643128], [-118.277643343259, 34.0364340850776], [-118.269998063048, 34.0364267949963], [-118.266183536078, 34.0309108869252]]]}}, {"type": "Feature", "properties": {"OBJECTID": 898, "GRID_ID": null, "has_data": false}, "geometry": {"type": "Polygon", "coordinates": [[[-118.266183536078, 34.0309108869252], [-118.270013790752, 34.0254026170647], [-118.277658081918, 34.0254099043708], [-118.281473105657, 34.0309254643128], [-118.277643343259, 34.0364340850776], [-118.269998063048, 34.0364267949963], [-118.266183536078, 34.0309108869252]]]}}, {"type": "Feature", "properties": {"OBJECTID": 899, "GRID_ID": null, "has_data": false}, "geometry": {"type": "Polygon", "coordinates": [[[-118.266183536078, 34.0309108869252], [-118.270013790752, 34.0254026170647], [-118.277658081918, 34.0254099043708], [-118.281473105657, 34.0309254643128], [-118.277643343259, 34.0364340850776], [-118.269998063048, 34.0364267949963], [-118.266183536078, 34.0309108869252]]]}}, {"type": "Feature", "properties": {"OBJECTID": 900, "GRID_ID": null, "has_data": false}, "geometry": {"type": "Polygon", "coordinates": [[[-118.266183536078, 34.0309108869252], [-118.270013790752, 34.0254026170647], [-118.277658081918, 34.0254099043708], [-118.281473105657, 34.0309254643128], [-118.277643343259, 34.0364340850776], [-118.269998063048, 34.0364267949963], [-118.266183536078, 34.0309108869252]]]}}, {"type": "Feature", "properties": {"OBJECTID": 901, "GRID_ID": null, "has_data": false}, "geometry": {"type": "Polygon", "coordinates": [[[-118.266183536078, 34.0309108869252], [-118.270013790752, 34.0254026170647], [-118.277658081918, 34.0254099043708], [-118.281473105657, 34.0309254643128], [-118.277643343259, 34.0364340850776], [-118.269998063048, 34.0364267949963], [-118.266183536078, 34.0309108869252]]]}}, {"type": "Feature", "properties": {"OBJECTID": 902, "GRID_ID": null, "has_data": false}, "geometry": {"type": "Polygon", "coordinates": [[[-118.266183536078, 34.0309108869252], [-118.270013790752, 34.0254026170647], [-118.277658081918, 34.0254099043708], [-118.281473105657, 34.0309254643128], [-118.277643343259, 34.0364340850776], [-118.269998063048, 34.0364267949963], [-118.266183536078, 34.0309108869252]]]}}, {"type": "Feature", "properties": {"OBJECTID": 903, "GRID_ID": null, "has_data": false}, "geometry": {"type": "Polygon", "coordinates": [[[-118.266183536078, 34.0309108869252], [-118.270013790752, 34.0254026170647], [-118.277658081918, 34.0254099043708], [-118.281473105657, 34.0309254643128], [-118.277643343259, 34.0364340850776], [-118.269998063048, 34.0364267949963], [-118.266183536078, 34.0309108869252]]]}}, {"type": "Feature", "properties": {"OBJECTID": 904, "GRID_ID": null, "has_data": false}, "geometry": {"type": "Polygon", "coordinates": [[[-118.403810201371, 34.1742869136601], [-118.407638000051, 34.1687745007276], [-118.415295185634, 34.1687732676689], [-118.419125566972, 34.1742844469605], [-118.415298265957, 34.1797972112028], [-118.407640084143, 34.1797984448436], [-118.403810201371, 34.1742869136601]]]}}, {"type": "Feature", "properties": {"OBJECTID": 905, "GRID_ID": null, "has_data": false}, "geometry": {"type": "Polygon", "coordinates": [[[-118.392323630682, 34.1687755405402], [-118.396151927928, 34.1632634789912], [-118.403808615844, 34.1632629594226], [-118.407638000051, 34.1687745007276], [-118.403810201371, 34.1742869136601], [-118.396152518121, 34.1742874331608], [-118.392323630682, 34.1687755405402]]]}}, {"type": "Feature", "properties": {"OBJECTID": 906, "GRID_ID": null, "has_data": false}, "geometry": {"type": "Polygon", "coordinates": [[[-118.254725210218, 34.0253866241508], [-118.25855595717, 34.0198787060136], [-118.266199753363, 34.0198867011285], [-118.270013790752, 34.0254026170647], [-118.266183536078, 34.0309108869252], [-118.258538750839, 34.0309028883821], [-118.254725210218, 34.0253866241508]]]}}, {"type": "Feature", "properties": {"OBJECTID": 907, "GRID_ID": null, "has_data": false}, "geometry": {"type": "Polygon", "coordinates": [[[-118.254725210218, 34.0253866241508], [-118.25855595717, 34.0198787060136], [-118.266199753363, 34.0198867011285], [-118.270013790752, 34.0254026170647], [-118.266183536078, 34.0309108869252], [-118.258538750839, 34.0309028883821], [-118.254725210218, 34.0253866241508]]]}}, {"type": "Feature", "properties": {"OBJECTID": 908, "GRID_ID": null, "has_data": false}, "geometry": {"type": "Polygon", "coordinates": [[[-118.254725210218, 34.0253866241508], [-118.25855595717, 34.0198787060136], [-118.266199753363, 34.0198867011285], [-118.270013790752, 34.0254026170647], [-118.266183536078, 34.0309108869252], [-118.258538750839, 34.0309028883821], [-118.254725210218, 34.0253866241508]]]}}, {"type": "Feature", "properties": {"OBJECTID": 909, "GRID_ID": null, "has_data": false}, "geometry": {"type": "Polygon", "coordinates": [[[-118.254725210218, 34.0253866241508], [-118.25855595717, 34.0198787060136], [-118.266199753363, 34.0198867011285], [-118.270013790752, 34.0254026170647], [-118.266183536078, 34.0309108869252], [-118.258538750839, 34.0309028883821], [-118.254725210218, 34.0253866241508]]]}}, {"type": "Feature", "properties": {"OBJECTID": 910, "GRID_ID": null, "has_data": false}, "geometry": {"type": "Polygon", "coordinates": [[[-118.254725210218, 34.0253866241508], [-118.25855595717, 34.0198787060136], [-118.266199753363, 34.0198867011285], [-118.270013790752, 34.0254026170647], [-118.266183536078, 34.0309108869252], [-118.258538750839, 34.0309028883821], [-118.254725210218, 34.0253866241508]]]}}, {"type": "Feature", "properties": {"OBJECTID": 911, "GRID_ID": null, "has_data": false}, "geometry": {"type": "Polygon", "coordinates": [[[-118.254725210218, 34.0253866241508], [-118.25855595717, 34.0198787060136], [-118.266199753363, 34.0198867011285], [-118.270013790752, 34.0254026170647], [-118.266183536078, 34.0309108869252], [-118.258538750839, 34.0309028883821], [-118.254725210218, 34.0253866241508]]]}}, {"type": "Feature", "properties": {"OBJECTID": 912, "GRID_ID": null, "has_data": false}, "geometry": {"type": "Polygon", "coordinates": [[[-118.254725210218, 34.0253866241508], [-118.25855595717, 34.0198787060136], [-118.266199753363, 34.0198867011285], [-118.270013790752, 34.0254026170647], [-118.266183536078, 34.0309108869252], [-118.258538750839, 34.0309028883821], [-118.254725210218, 34.0253866241508]]]}}, {"type": "Feature", "properties": {"OBJECTID": 913, "GRID_ID": null, "has_data": false}, "geometry": {"type": "Polygon", "coordinates": [[[-118.254725210218, 34.0253866241508], [-118.25855595717, 34.0198787060136], [-118.266199753363, 34.0198867011285], [-118.270013790752, 34.0254026170647], [-118.266183536078, 34.0309108869252], [-118.258538750839, 34.0309028883821], [-118.254725210218, 34.0253866241508]]]}}, {"type": "Feature", "properties": {"OBJECTID": 914, "GRID_ID": null, "has_data": false}, "geometry": {"type": "Polygon", "coordinates": [[[-118.254725210218, 34.0253866241508], [-118.25855595717, 34.0198787060136], [-118.266199753363, 34.0198867011285], [-118.270013790752, 34.0254026170647], [-118.266183536078, 34.0309108869252], [-118.258538750839, 34.0309028883821], [-118.254725210218, 34.0253866241508]]]}}, {"type": "Feature", "properties": {"OBJECTID": 915, "GRID_ID": null, "has_data": false}, "geometry": {"type": "Polygon", "coordinates": [[[-118.254725210218, 34.0253866241508], [-118.25855595717, 34.0198787060136], [-118.266199753363, 34.0198867011285], [-118.270013790752, 34.0254026170647], [-118.266183536078, 34.0309108869252], [-118.258538750839, 34.0309028883821], [-118.254725210218, 34.0253866241508]]]}}, {"type": "Feature", "properties": {"OBJECTID": 916, "GRID_ID": null, "has_data": false}, "geometry": {"type": "Polygon", "coordinates": [[[-118.254725210218, 34.0253866241508], [-118.25855595717, 34.0198787060136], [-118.266199753363, 34.0198867011285], [-118.270013790752, 34.0254026170647], [-118.266183536078, 34.0309108869252], [-118.258538750839, 34.0309028883821], [-118.254725210218, 34.0253866241508]]]}}, {"type": "Feature", "properties": {"OBJECTID": 917, "GRID_ID": null, "has_data": false}, "geometry": {"type": "Polygon", "coordinates": [[[-118.254725210218, 34.0253866241508], [-118.25855595717, 34.0198787060136], [-118.266199753363, 34.0198867011285], [-118.270013790752, 34.0254026170647], [-118.266183536078, 34.0309108869252], [-118.258538750839, 34.0309028883821], [-118.254725210218, 34.0253866241508]]]}}, {"type": "Feature", "properties": {"OBJECTID": 918, "GRID_ID": null, "has_data": false}, "geometry": {"type": "Polygon", "coordinates": [[[-118.254725210218, 34.0253866241508], [-118.25855595717, 34.0198787060136], [-118.266199753363, 34.0198867011285], [-118.270013790752, 34.0254026170647], [-118.266183536078, 34.0309108869252], [-118.258538750839, 34.0309028883821], [-118.254725210218, 34.0253866241508]]]}}, {"type": "Feature", "properties": {"OBJECTID": 919, "GRID_ID": null, "has_data": false}, "geometry": {"type": "Polygon", "coordinates": [[[-118.254725210218, 34.0253866241508], [-118.25855595717, 34.0198787060136], [-118.266199753363, 34.0198867011285], [-118.270013790752, 34.0254026170647], [-118.266183536078, 34.0309108869252], [-118.258538750839, 34.0309028883821], [-118.254725210218, 34.0253866241508]]]}}, {"type": "Feature", "properties": {"OBJECTID": 920, "GRID_ID": null, "has_data": false}, "geometry": {"type": "Polygon", "coordinates": [[[-118.254725210218, 34.0253866241508], [-118.25855595717, 34.0198787060136], [-118.266199753363, 34.0198867011285], [-118.270013790752, 34.0254026170647], [-118.266183536078, 34.0309108869252], [-118.258538750839, 34.0309028883821], [-118.254725210218, 34.0253866241508]]]}}, {"type": "Feature", "properties": {"OBJECTID": 921, "GRID_ID": null, "has_data": false}, "geometry": {"type": "Polygon", "coordinates": [[[-118.254725210218, 34.0253866241508], [-118.25855595717, 34.0198787060136], [-118.266199753363, 34.0198867011285], [-118.270013790752, 34.0254026170647], [-118.266183536078, 34.0309108869252], [-118.258538750839, 34.0309028883821], [-118.254725210218, 34.0253866241508]]]}}, {"type": "Feature", "properties": {"OBJECTID": 922, "GRID_ID": null, "has_data": false}, "geometry": {"type": "Polygon", "coordinates": [[[-118.254725210218, 34.0253866241508], [-118.25855595717, 34.0198787060136], [-118.266199753363, 34.0198867011285], [-118.270013790752, 34.0254026170647], [-118.266183536078, 34.0309108869252], [-118.258538750839, 34.0309028883821], [-118.254725210218, 34.0253866241508]]]}}, {"type": "Feature", "properties": {"OBJECTID": 923, "GRID_ID": null, "has_data": false}, "geometry": {"type": "Polygon", "coordinates": [[[-118.38083715252, 34.1742870466939], [-118.384666445099, 34.1687753465509], [-118.392323630682, 34.1687755405402], [-118.396152518121, 34.1742874331608], [-118.392323723209, 34.1797994852635], [-118.384665542292, 34.1797992912995], [-118.38083715252, 34.1742870466939]]]}}, {"type": "Feature", "properties": {"OBJECTID": 924, "GRID_ID": null, "has_data": false}, "geometry": {"type": "Polygon", "coordinates": [[[-118.38083715252, 34.1742870466939], [-118.384666445099, 34.1687753465509], [-118.392323630682, 34.1687755405402], [-118.396152518121, 34.1742874331608], [-118.392323723209, 34.1797994852635], [-118.384665542292, 34.1797992912995], [-118.38083715252, 34.1742870466939]]]}}, {"type": "Feature", "properties": {"OBJECTID": 925, "GRID_ID": null, "has_data": false}, "geometry": {"type": "Polygon", "coordinates": [[[-118.38083715252, 34.1742870466939], [-118.384666445099, 34.1687753465509], [-118.392323630682, 34.1687755405402], [-118.396152518121, 34.1742874331608], [-118.392323723209, 34.1797994852635], [-118.384665542292, 34.1797992912995], [-118.38083715252, 34.1742870466939]]]}}, {"type": "Feature", "properties": {"OBJECTID": 926, "GRID_ID": null, "has_data": false}, "geometry": {"type": "Polygon", "coordinates": [[[-118.254601072029, 34.1025554052631], [-118.258435317919, 34.0970475683197], [-118.266086045513, 34.0970555866579], [-118.26990351806, 34.1025714446144], [-118.266069766244, 34.1080796338314], [-118.258418046011, 34.108071612075], [-118.254601072029, 34.1025554052631]]]}}, {"type": "Feature", "properties": {"OBJECTID": 927, "GRID_ID": null, "has_data": false}, "geometry": {"type": "Polygon", "coordinates": [[[-118.243249180361, 34.0308854730853], [-118.247080918155, 34.025377917798], [-118.254725210218, 34.0253866241508], [-118.258538750839, 34.0309028883821], [-118.254707504424, 34.0364107952272], [-118.247062224214, 34.0364020855392], [-118.243249180361, 34.0308854730853]]]}}, {"type": "Feature", "properties": {"OBJECTID": 928, "GRID_ID": null, "has_data": false}, "geometry": {"type": "Polygon", "coordinates": [[[-118.243249180361, 34.0308854730853], [-118.247080918155, 34.025377917798], [-118.254725210218, 34.0253866241508], [-118.258538750839, 34.0309028883821], [-118.254707504424, 34.0364107952272], [-118.247062224214, 34.0364020855392], [-118.243249180361, 34.0308854730853]]]}}, {"type": "Feature", "properties": {"OBJECTID": 929, "GRID_ID": null, "has_data": false}, "geometry": {"type": "Polygon", "coordinates": [[[-118.243249180361, 34.0308854730853], [-118.247080918155, 34.025377917798], [-118.254725210218, 34.0253866241508], [-118.258538750839, 34.0309028883821], [-118.254707504424, 34.0364107952272], [-118.247062224214, 34.0364020855392], [-118.243249180361, 34.0308854730853]]]}}, {"type": "Feature", "properties": {"OBJECTID": 930, "GRID_ID": null, "has_data": false}, "geometry": {"type": "Polygon", "coordinates": [[[-118.243249180361, 34.0308854730853], [-118.247080918155, 34.025377917798], [-118.254725210218, 34.0253866241508], [-118.258538750839, 34.0309028883821], [-118.254707504424, 34.0364107952272], [-118.247062224214, 34.0364020855392], [-118.243249180361, 34.0308854730853]]]}}, {"type": "Feature", "properties": {"OBJECTID": 931, "GRID_ID": null, "has_data": false}, "geometry": {"type": "Polygon", "coordinates": [[[-118.243249180361, 34.0308854730853], [-118.247080918155, 34.025377917798], [-118.254725210218, 34.0253866241508], [-118.258538750839, 34.0309028883821], [-118.254707504424, 34.0364107952272], [-118.247062224214, 34.0364020855392], [-118.243249180361, 34.0308854730853]]]}}, {"type": "Feature", "properties": {"OBJECTID": 932, "GRID_ID": null, "has_data": false}, "geometry": {"type": "Polygon", "coordinates": [[[-118.243249180361, 34.0308854730853], [-118.247080918155, 34.025377917798], [-118.254725210218, 34.0253866241508], [-118.258538750839, 34.0309028883821], [-118.254707504424, 34.0364107952272], [-118.247062224214, 34.0364020855392], [-118.243249180361, 34.0308854730853]]]}}, {"type": "Feature", "properties": {"OBJECTID": 933, "GRID_ID": null, "has_data": false}, "geometry": {"type": "Polygon", "coordinates": [[[-118.243249180361, 34.0308854730853], [-118.247080918155, 34.025377917798], [-118.254725210218, 34.0253866241508], [-118.258538750839, 34.0309028883821], [-118.254707504424, 34.0364107952272], [-118.247062224214, 34.0364020855392], [-118.243249180361, 34.0308854730853]]]}}, {"type": "Feature", "properties": {"OBJECTID": 934, "GRID_ID": null, "has_data": false}, "geometry": {"type": "Polygon", "coordinates": [[[-118.243249180361, 34.0308854730853], [-118.247080918155, 34.025377917798], [-118.254725210218, 34.0253866241508], [-118.258538750839, 34.0309028883821], [-118.254707504424, 34.0364107952272], [-118.247062224214, 34.0364020855392], [-118.243249180361, 34.0308854730853]]]}}, {"type": "Feature", "properties": {"OBJECTID": 935, "GRID_ID": null, "has_data": false}, "geometry": {"type": "Polygon", "coordinates": [[[-118.243249180361, 34.0308854730853], [-118.247080918155, 34.025377917798], [-118.254725210218, 34.0253866241508], [-118.258538750839, 34.0309028883821], [-118.254707504424, 34.0364107952272], [-118.247062224214, 34.0364020855392], [-118.243249180361, 34.0308854730853]]]}}, {"type": "Feature", "properties": {"OBJECTID": 936, "GRID_ID": null, "has_data": false}, "geometry": {"type": "Polygon", "coordinates": [[[-118.243249180361, 34.0308854730853], [-118.247080918155, 34.025377917798], [-118.254725210218, 34.0253866241508], [-118.258538750839, 34.0309028883821], [-118.254707504424, 34.0364107952272], [-118.247062224214, 34.0364020855392], [-118.243249180361, 34.0308854730853]]]}}, {"type": "Feature", "properties": {"OBJECTID": 937, "GRID_ID": null, "has_data": false}, "geometry": {"type": "Polygon", "coordinates": [[[-118.243249180361, 34.0308854730853], [-118.247080918155, 34.025377917798], [-118.254725210218, 34.0253866241508], [-118.258538750839, 34.0309028883821], [-118.254707504424, 34.0364107952272], [-118.247062224214, 34.0364020855392], [-118.243249180361, 34.0308854730853]]]}}, {"type": "Feature", "properties": {"OBJECTID": 938, "GRID_ID": null, "has_data": false}, "geometry": {"type": "Polygon", "coordinates": [[[-118.243249180361, 34.0308854730853], [-118.247080918155, 34.025377917798], [-118.254725210218, 34.0253866241508], [-118.258538750839, 34.0309028883821], [-118.254707504424, 34.0364107952272], [-118.247062224214, 34.0364020855392], [-118.243249180361, 34.0308854730853]]]}}, {"type": "Feature", "properties": {"OBJECTID": 939, "GRID_ID": null, "has_data": false}, "geometry": {"type": "Polygon", "coordinates": [[[-118.243249180361, 34.0308854730853], [-118.247080918155, 34.025377917798], [-118.254725210218, 34.0253866241508], [-118.258538750839, 34.0309028883821], [-118.254707504424, 34.0364107952272], [-118.247062224214, 34.0364020855392], [-118.243249180361, 34.0308854730853]]]}}, {"type": "Feature", "properties": {"OBJECTID": 940, "GRID_ID": null, "has_data": false}, "geometry": {"type": "Polygon", "coordinates": [[[-118.243249180361, 34.0308854730853], [-118.247080918155, 34.025377917798], [-118.254725210218, 34.0253866241508], [-118.258538750839, 34.0309028883821], [-118.254707504424, 34.0364107952272], [-118.247062224214, 34.0364020855392], [-118.243249180361, 34.0308854730853]]]}}, {"type": "Feature", "properties": {"OBJECTID": 941, "GRID_ID": null, "has_data": false}, "geometry": {"type": "Polygon", "coordinates": [[[-118.243249180361, 34.0308854730853], [-118.247080918155, 34.025377917798], [-118.254725210218, 34.0253866241508], [-118.258538750839, 34.0309028883821], [-118.254707504424, 34.0364107952272], [-118.247062224214, 34.0364020855392], [-118.243249180361, 34.0308854730853]]]}}, {"type": "Feature", "properties": {"OBJECTID": 942, "GRID_ID": null, "has_data": false}, "geometry": {"type": "Polygon", "coordinates": [[[-118.243249180361, 34.0308854730853], [-118.247080918155, 34.025377917798], [-118.254725210218, 34.0253866241508], [-118.258538750839, 34.0309028883821], [-118.254707504424, 34.0364107952272], [-118.247062224214, 34.0364020855392], [-118.243249180361, 34.0308854730853]]]}}, {"type": "Feature", "properties": {"OBJECTID": 943, "GRID_ID": null, "has_data": false}, "geometry": {"type": "Polygon", "coordinates": [[[-118.243249180361, 34.0308854730853], [-118.247080918155, 34.025377917798], [-118.254725210218, 34.0253866241508], [-118.258538750839, 34.0309028883821], [-118.254707504424, 34.0364107952272], [-118.247062224214, 34.0364020855392], [-118.243249180361, 34.0308854730853]]]}}, {"type": "Feature", "properties": {"OBJECTID": 944, "GRID_ID": null, "has_data": false}, "geometry": {"type": "Polygon", "coordinates": [[[-118.243249180361, 34.0308854730853], [-118.247080918155, 34.025377917798], [-118.254725210218, 34.0253866241508], [-118.258538750839, 34.0309028883821], [-118.254707504424, 34.0364107952272], [-118.247062224214, 34.0364020855392], [-118.243249180361, 34.0308854730853]]]}}, {"type": "Feature", "properties": {"OBJECTID": 945, "GRID_ID": null, "has_data": false}, "geometry": {"type": "Polygon", "coordinates": [[[-118.243249180361, 34.0308854730853], [-118.247080918155, 34.025377917798], [-118.254725210218, 34.0253866241508], [-118.258538750839, 34.0309028883821], [-118.254707504424, 34.0364107952272], [-118.247062224214, 34.0364020855392], [-118.243249180361, 34.0308854730853]]]}}, {"type": "Feature", "properties": {"OBJECTID": 946, "GRID_ID": null, "has_data": false}, "geometry": {"type": "Polygon", "coordinates": [[[-118.243249180361, 34.0308854730853], [-118.247080918155, 34.025377917798], [-118.254725210218, 34.0253866241508], [-118.258538750839, 34.0309028883821], [-118.254707504424, 34.0364107952272], [-118.247062224214, 34.0364020855392], [-118.243249180361, 34.0308854730853]]]}}, {"type": "Feature", "properties": {"OBJECTID": 947, "GRID_ID": null, "has_data": false}, "geometry": {"type": "Polygon", "coordinates": [[[-118.243249180361, 34.0308854730853], [-118.247080918155, 34.025377917798], [-118.254725210218, 34.0253866241508], [-118.258538750839, 34.0309028883821], [-118.254707504424, 34.0364107952272], [-118.247062224214, 34.0364020855392], [-118.243249180361, 34.0308854730853]]]}}, {"type": "Feature", "properties": {"OBJECTID": 948, "GRID_ID": null, "has_data": false}, "geometry": {"type": "Polygon", "coordinates": [[[-118.243249180361, 34.0308854730853], [-118.247080918155, 34.025377917798], [-118.254725210218, 34.0253866241508], [-118.258538750839, 34.0309028883821], [-118.254707504424, 34.0364107952272], [-118.247062224214, 34.0364020855392], [-118.243249180361, 34.0308854730853]]]}}, {"type": "Feature", "properties": {"OBJECTID": 949, "GRID_ID": null, "has_data": false}, "geometry": {"type": "Polygon", "coordinates": [[[-118.243249180361, 34.0308854730853], [-118.247080918155, 34.025377917798], [-118.254725210218, 34.0253866241508], [-118.258538750839, 34.0309028883821], [-118.254707504424, 34.0364107952272], [-118.247062224214, 34.0364020855392], [-118.243249180361, 34.0308854730853]]]}}, {"type": "Feature", "properties": {"OBJECTID": 950, "GRID_ID": null, "has_data": false}, "geometry": {"type": "Polygon", "coordinates": [[[-118.243249180361, 34.0308854730853], [-118.247080918155, 34.025377917798], [-118.254725210218, 34.0253866241508], [-118.258538750839, 34.0309028883821], [-118.254707504424, 34.0364107952272], [-118.247062224214, 34.0364020855392], [-118.243249180361, 34.0308854730853]]]}}, {"type": "Feature", "properties": {"OBJECTID": 951, "GRID_ID": null, "has_data": false}, "geometry": {"type": "Polygon", "coordinates": [[[-118.243249180361, 34.0308854730853], [-118.247080918155, 34.025377917798], [-118.254725210218, 34.0253866241508], [-118.258538750839, 34.0309028883821], [-118.254707504424, 34.0364107952272], [-118.247062224214, 34.0364020855392], [-118.243249180361, 34.0308854730853]]]}}, {"type": "Feature", "properties": {"OBJECTID": 952, "GRID_ID": null, "has_data": false}, "geometry": {"type": "Polygon", "coordinates": [[[-118.243249180361, 34.0308854730853], [-118.247080918155, 34.025377917798], [-118.254725210218, 34.0253866241508], [-118.258538750839, 34.0309028883821], [-118.254707504424, 34.0364107952272], [-118.247062224214, 34.0364020855392], [-118.243249180361, 34.0308854730853]]]}}, {"type": "Feature", "properties": {"OBJECTID": 953, "GRID_ID": null, "has_data": false}, "geometry": {"type": "Polygon", "coordinates": [[[-118.243249180361, 34.0308854730853], [-118.247080918155, 34.025377917798], [-118.254725210218, 34.0253866241508], [-118.258538750839, 34.0309028883821], [-118.254707504424, 34.0364107952272], [-118.247062224214, 34.0364020855392], [-118.243249180361, 34.0308854730853]]]}}, {"type": "Feature", "properties": {"OBJECTID": 954, "GRID_ID": null, "has_data": false}, "geometry": {"type": "Polygon", "coordinates": [[[-118.243249180361, 34.0308854730853], [-118.247080918155, 34.025377917798], [-118.254725210218, 34.0253866241508], [-118.258538750839, 34.0309028883821], [-118.254707504424, 34.0364107952272], [-118.247062224214, 34.0364020855392], [-118.243249180361, 34.0308854730853]]]}}, {"type": "Feature", "properties": {"OBJECTID": 955, "GRID_ID": null, "has_data": false}, "geometry": {"type": "Polygon", "coordinates": [[[-118.243249180361, 34.0308854730853], [-118.247080918155, 34.025377917798], [-118.254725210218, 34.0253866241508], [-118.258538750839, 34.0309028883821], [-118.254707504424, 34.0364107952272], [-118.247062224214, 34.0364020855392], [-118.243249180361, 34.0308854730853]]]}}, {"type": "Feature", "properties": {"OBJECTID": 956, "GRID_ID": null, "has_data": false}, "geometry": {"type": "Polygon", "coordinates": [[[-118.243249180361, 34.0308854730853], [-118.247080918155, 34.025377917798], [-118.254725210218, 34.0253866241508], [-118.258538750839, 34.0309028883821], [-118.254707504424, 34.0364107952272], [-118.247062224214, 34.0364020855392], [-118.243249180361, 34.0308854730853]]]}}, {"type": "Feature", "properties": {"OBJECTID": 957, "GRID_ID": null, "has_data": false}, "geometry": {"type": "Polygon", "coordinates": [[[-118.243249180361, 34.0308854730853], [-118.247080918155, 34.025377917798], [-118.254725210218, 34.0253866241508], [-118.258538750839, 34.0309028883821], [-118.254707504424, 34.0364107952272], [-118.247062224214, 34.0364020855392], [-118.243249180361, 34.0308854730853]]]}}, {"type": "Feature", "properties": {"OBJECTID": 958, "GRID_ID": null, "has_data": false}, "geometry": {"type": "Polygon", "coordinates": [[[-118.243249180361, 34.0308854730853], [-118.247080918155, 34.025377917798], [-118.254725210218, 34.0253866241508], [-118.258538750839, 34.0309028883821], [-118.254707504424, 34.0364107952272], [-118.247062224214, 34.0364020855392], [-118.243249180361, 34.0308854730853]]]}}, {"type": "Feature", "properties": {"OBJECTID": 959, "GRID_ID": null, "has_data": false}, "geometry": {"type": "Polygon", "coordinates": [[[-118.243249180361, 34.0308854730853], [-118.247080918155, 34.025377917798], [-118.254725210218, 34.0253866241508], [-118.258538750839, 34.0309028883821], [-118.254707504424, 34.0364107952272], [-118.247062224214, 34.0364020855392], [-118.243249180361, 34.0308854730853]]]}}, {"type": "Feature", "properties": {"OBJECTID": 960, "GRID_ID": null, "has_data": false}, "geometry": {"type": "Polygon", "coordinates": [[[-118.36935207573, 34.1687735330107], [-118.373181865976, 34.1632621856445], [-118.380838552994, 34.1632630917305], [-118.384666445099, 34.1687753465509], [-118.38083715252, 34.1742870466939], [-118.373179469271, 34.1742861392398], [-118.36935207573, 34.1687735330107]]]}}, {"type": "Feature", "properties": {"OBJECTID": 961, "GRID_ID": null, "has_data": false}, "geometry": {"type": "Polygon", "coordinates": [[[-118.36935207573, 34.1687735330107], [-118.373181865976, 34.1632621856445], [-118.380838552994, 34.1632630917305], [-118.384666445099, 34.1687753465509], [-118.38083715252, 34.1742870466939], [-118.373179469271, 34.1742861392398], [-118.36935207573, 34.1687735330107]]]}}, {"type": "Feature", "properties": {"OBJECTID": 962, "GRID_ID": null, "has_data": false}, "geometry": {"type": "Polygon", "coordinates": [[[-118.36935207573, 34.1687735330107], [-118.373181865976, 34.1632621856445], [-118.380838552994, 34.1632630917305], [-118.384666445099, 34.1687753465509], [-118.38083715252, 34.1742870466939], [-118.373179469271, 34.1742861392398], [-118.36935207573, 34.1687735330107]]]}}, {"type": "Feature", "properties": {"OBJECTID": 963, "GRID_ID": null, "has_data": false}, "geometry": {"type": "Polygon", "coordinates": [[[-118.36935207573, 34.1687735330107], [-118.373181865976, 34.1632621856445], [-118.380838552994, 34.1632630917305], [-118.384666445099, 34.1687753465509], [-118.38083715252, 34.1742870466939], [-118.373179469271, 34.1742861392398], [-118.36935207573, 34.1687735330107]]]}}, {"type": "Feature", "properties": {"OBJECTID": 964, "GRID_ID": null, "has_data": false}, "geometry": {"type": "Polygon", "coordinates": [[[-118.36935207573, 34.1687735330107], [-118.373181865976, 34.1632621856445], [-118.380838552994, 34.1632630917305], [-118.384666445099, 34.1687753465509], [-118.38083715252, 34.1742870466939], [-118.373179469271, 34.1742861392398], [-118.36935207573, 34.1687735330107]]]}}, {"type": "Feature", "properties": {"OBJECTID": 965, "GRID_ID": null, "has_data": false}, "geometry": {"type": "Polygon", "coordinates": [[[-118.36935207573, 34.1687735330107], [-118.373181865976, 34.1632621856445], [-118.380838552994, 34.1632630917305], [-118.384666445099, 34.1687753465509], [-118.38083715252, 34.1742870466939], [-118.373179469271, 34.1742861392398], [-118.36935207573, 34.1687735330107]]]}}, {"type": "Feature", "properties": {"OBJECTID": 966, "GRID_ID": null, "has_data": false}, "geometry": {"type": "Polygon", "coordinates": [[[-118.36935207573, 34.1687735330107], [-118.373181865976, 34.1632621856445], [-118.380838552994, 34.1632630917305], [-118.384666445099, 34.1687753465509], [-118.38083715252, 34.1742870466939], [-118.373179469271, 34.1742861392398], [-118.36935207573, 34.1687735330107]]]}}, {"type": "Feature", "properties": {"OBJECTID": 967, "GRID_ID": null, "has_data": false}, "geometry": {"type": "Polygon", "coordinates": [[[-118.36935207573, 34.1687735330107], [-118.373181865976, 34.1632621856445], [-118.380838552994, 34.1632630917305], [-118.384666445099, 34.1687753465509], [-118.38083715252, 34.1742870466939], [-118.373179469271, 34.1742861392398], [-118.36935207573, 34.1687735330107]]]}}, {"type": "Feature", "properties": {"OBJECTID": 968, "GRID_ID": null, "has_data": false}, "geometry": {"type": "Polygon", "coordinates": [[[-118.36935207573, 34.1687735330107], [-118.373181865976, 34.1632621856445], [-118.380838552994, 34.1632630917305], [-118.384666445099, 34.1687753465509], [-118.38083715252, 34.1742870466939], [-118.373179469271, 34.1742861392398], [-118.36935207573, 34.1687735330107]]]}}, {"type": "Feature", "properties": {"OBJECTID": 969, "GRID_ID": null, "has_data": false}, "geometry": {"type": "Polygon", "coordinates": [[[-118.36935207573, 34.1687735330107], [-118.373181865976, 34.1632621856445], [-118.380838552994, 34.1632630917305], [-118.384666445099, 34.1687753465509], [-118.38083715252, 34.1742870466939], [-118.373179469271, 34.1742861392398], [-118.36935207573, 34.1687735330107]]]}}, {"type": "Feature", "properties": {"OBJECTID": 970, "GRID_ID": null, "has_data": false}, "geometry": {"type": "Polygon", "coordinates": [[[-118.36935207573, 34.1687735330107], [-118.373181865976, 34.1632621856445], [-118.380838552994, 34.1632630917305], [-118.384666445099, 34.1687753465509], [-118.38083715252, 34.1742870466939], [-118.373179469271, 34.1742861392398], [-118.36935207573, 34.1687735330107]]]}}, {"type": "Feature", "properties": {"OBJECTID": 971, "GRID_ID": null, "has_data": false}, "geometry": {"type": "Polygon", "coordinates": [[[-118.36935207573, 34.1687735330107], [-118.373181865976, 34.1632621856445], [-118.380838552994, 34.1632630917305], [-118.384666445099, 34.1687753465509], [-118.38083715252, 34.1742870466939], [-118.373179469271, 34.1742861392398], [-118.36935207573, 34.1687735330107]]]}}, {"type": "Feature", "properties": {"OBJECTID": 972, "GRID_ID": null, "has_data": false}, "geometry": {"type": "Polygon", "coordinates": [[[-118.36935207573, 34.1687735330107], [-118.373181865976, 34.1632621856445], [-118.380838552994, 34.1632630917305], [-118.384666445099, 34.1687753465509], [-118.38083715252, 34.1742870466939], [-118.373179469271, 34.1742861392398], [-118.36935207573, 34.1687735330107]]]}}, {"type": "Feature", "properties": {"OBJECTID": 973, "GRID_ID": null, "has_data": false}, "geometry": {"type": "Polygon", "coordinates": [[[-118.36935207573, 34.1687735330107], [-118.373181865976, 34.1632621856445], [-118.380838552994, 34.1632630917305], [-118.384666445099, 34.1687753465509], [-118.38083715252, 34.1742870466939], [-118.373179469271, 34.1742861392398], [-118.36935207573, 34.1687735330107]]]}}, {"type": "Feature", "properties": {"OBJECTID": 974, "GRID_ID": null, "has_data": false}, "geometry": {"type": "Polygon", "coordinates": [[[-118.36935207573, 34.1687735330107], [-118.373181865976, 34.1632621856445], [-118.380838552994, 34.1632630917305], [-118.384666445099, 34.1687753465509], [-118.38083715252, 34.1742870466939], [-118.373179469271, 34.1742861392398], [-118.36935207573, 34.1687735330107]]]}}, {"type": "Feature", "properties": {"OBJECTID": 975, "GRID_ID": null, "has_data": false}, "geometry": {"type": "Polygon", "coordinates": [[[-118.36935207573, 34.1687735330107], [-118.373181865976, 34.1632621856445], [-118.380838552994, 34.1632630917305], [-118.384666445099, 34.1687753465509], [-118.38083715252, 34.1742870466939], [-118.373179469271, 34.1742861392398], [-118.36935207573, 34.1687735330107]]]}}, {"type": "Feature", "properties": {"OBJECTID": 976, "GRID_ID": null, "has_data": false}, "geometry": {"type": "Polygon", "coordinates": [[[-118.36935207573, 34.1687735330107], [-118.373181865976, 34.1632621856445], [-118.380838552994, 34.1632630917305], [-118.384666445099, 34.1687753465509], [-118.38083715252, 34.1742870466939], [-118.373179469271, 34.1742861392398], [-118.36935207573, 34.1687735330107]]]}}, {"type": "Feature", "properties": {"OBJECTID": 977, "GRID_ID": null, "has_data": false}, "geometry": {"type": "Polygon", "coordinates": [[[-118.36935207573, 34.1687735330107], [-118.373181865976, 34.1632621856445], [-118.380838552994, 34.1632630917305], [-118.384666445099, 34.1687753465509], [-118.38083715252, 34.1742870466939], [-118.373179469271, 34.1742861392398], [-118.36935207573, 34.1687735330107]]]}}, {"type": "Feature", "properties": {"OBJECTID": 978, "GRID_ID": null, "has_data": false}, "geometry": {"type": "Polygon", "coordinates": [[[-118.36935207573, 34.1687735330107], [-118.373181865976, 34.1632621856445], [-118.380838552994, 34.1632630917305], [-118.384666445099, 34.1687753465509], [-118.38083715252, 34.1742870466939], [-118.373179469271, 34.1742861392398], [-118.36935207573, 34.1687735330107]]]}}, {"type": "Feature", "properties": {"OBJECTID": 979, "GRID_ID": null, "has_data": false}, "geometry": {"type": "Polygon", "coordinates": [[[-118.36935207573, 34.1687735330107], [-118.373181865976, 34.1632621856445], [-118.380838552994, 34.1632630917305], [-118.384666445099, 34.1687753465509], [-118.38083715252, 34.1742870466939], [-118.373179469271, 34.1742861392398], [-118.36935207573, 34.1687735330107]]]}}, {"type": "Feature", "properties": {"OBJECTID": 980, "GRID_ID": null, "has_data": false}, "geometry": {"type": "Polygon", "coordinates": [[[-118.357864104568, 34.1742828988631], [-118.361694890147, 34.1687719127165], [-118.36935207573, 34.1687735330107], [-118.373179469271, 34.1742861392398], [-118.369349181358, 34.179797477253], [-118.361690999544, 34.1797958564273], [-118.357864104568, 34.1742828988631]]]}}, {"type": "Feature", "properties": {"OBJECTID": 981, "GRID_ID": null, "has_data": false}, "geometry": {"type": "Polygon", "coordinates": [[[-118.231792335824, 34.0253590867894], [-118.235624565894, 34.0198518838793], [-118.243268362986, 34.0198612973891], [-118.247080918155, 34.025377917798], [-118.243249180361, 34.0308854730853], [-118.235604394224, 34.030876055587], [-118.231792335824, 34.0253590867894]]]}}, {"type": "Feature", "properties": {"OBJECTID": 982, "GRID_ID": null, "has_data": false}, "geometry": {"type": "Polygon", "coordinates": [[[-118.231792335824, 34.0253590867894], [-118.235624565894, 34.0198518838793], [-118.243268362986, 34.0198612973891], [-118.247080918155, 34.025377917798], [-118.243249180361, 34.0308854730853], [-118.235604394224, 34.030876055587], [-118.231792335824, 34.0253590867894]]]}}, {"type": "Feature", "properties": {"OBJECTID": 983, "GRID_ID": null, "has_data": false}, "geometry": {"type": "Polygon", "coordinates": [[[-118.231792335824, 34.0253590867894], [-118.235624565894, 34.0198518838793], [-118.243268362986, 34.0198612973891], [-118.247080918155, 34.025377917798], [-118.243249180361, 34.0308854730853], [-118.235604394224, 34.030876055587], [-118.231792335824, 34.0253590867894]]]}}, {"type": "Feature", "properties": {"OBJECTID": 984, "GRID_ID": null, "has_data": false}, "geometry": {"type": "Polygon", "coordinates": [[[-118.231792335824, 34.0253590867894], [-118.235624565894, 34.0198518838793], [-118.243268362986, 34.0198612973891], [-118.247080918155, 34.025377917798], [-118.243249180361, 34.0308854730853], [-118.235604394224, 34.030876055587], [-118.231792335824, 34.0253590867894]]]}}, {"type": "Feature", "properties": {"OBJECTID": 985, "GRID_ID": null, "has_data": false}, "geometry": {"type": "Polygon", "coordinates": [[[-118.231792335824, 34.0253590867894], [-118.235624565894, 34.0198518838793], [-118.243268362986, 34.0198612973891], [-118.247080918155, 34.025377917798], [-118.243249180361, 34.0308854730853], [-118.235604394224, 34.030876055587], [-118.231792335824, 34.0253590867894]]]}}, {"type": "Feature", "properties": {"OBJECTID": 986, "GRID_ID": null, "has_data": false}, "geometry": {"type": "Polygon", "coordinates": [[[-118.231792335824, 34.0253590867894], [-118.235624565894, 34.0198518838793], [-118.243268362986, 34.0198612973891], [-118.247080918155, 34.025377917798], [-118.243249180361, 34.0308854730853], [-118.235604394224, 34.030876055587], [-118.231792335824, 34.0253590867894]]]}}, {"type": "Feature", "properties": {"OBJECTID": 987, "GRID_ID": null, "has_data": false}, "geometry": {"type": "Polygon", "coordinates": [[[-118.231792335824, 34.0253590867894], [-118.235624565894, 34.0198518838793], [-118.243268362986, 34.0198612973891], [-118.247080918155, 34.025377917798], [-118.243249180361, 34.0308854730853], [-118.235604394224, 34.030876055587], [-118.231792335824, 34.0253590867894]]]}}, {"type": "Feature", "properties": {"OBJECTID": 988, "GRID_ID": null, "has_data": false}, "geometry": {"type": "Polygon", "coordinates": [[[-118.231792335824, 34.0253590867894], [-118.235624565894, 34.0198518838793], [-118.243268362986, 34.0198612973891], [-118.247080918155, 34.025377917798], [-118.243249180361, 34.0308854730853], [-118.235604394224, 34.030876055587], [-118.231792335824, 34.0253590867894]]]}}, {"type": "Feature", "properties": {"OBJECTID": 989, "GRID_ID": null, "has_data": false}, "geometry": {"type": "Polygon", "coordinates": [[[-118.231792335824, 34.0253590867894], [-118.235624565894, 34.0198518838793], [-118.243268362986, 34.0198612973891], [-118.247080918155, 34.025377917798], [-118.243249180361, 34.0308854730853], [-118.235604394224, 34.030876055587], [-118.231792335824, 34.0253590867894]]]}}, {"type": "Feature", "properties": {"OBJECTID": 990, "GRID_ID": null, "has_data": false}, "geometry": {"type": "Polygon", "coordinates": [[[-118.231792335824, 34.0253590867894], [-118.235624565894, 34.0198518838793], [-118.243268362986, 34.0198612973891], [-118.247080918155, 34.025377917798], [-118.243249180361, 34.0308854730853], [-118.235604394224, 34.030876055587], [-118.231792335824, 34.0253590867894]]]}}, {"type": "Feature", "properties": {"OBJECTID": 991, "GRID_ID": null, "has_data": false}, "geometry": {"type": "Polygon", "coordinates": [[[-118.231792335824, 34.0253590867894], [-118.235624565894, 34.0198518838793], [-118.243268362986, 34.0198612973891], [-118.247080918155, 34.025377917798], [-118.243249180361, 34.0308854730853], [-118.235604394224, 34.030876055587], [-118.231792335824, 34.0253590867894]]]}}, {"type": "Feature", "properties": {"OBJECTID": 992, "GRID_ID": null, "has_data": false}, "geometry": {"type": "Polygon", "coordinates": [[[-118.231792335824, 34.0253590867894], [-118.235624565894, 34.0198518838793], [-118.243268362986, 34.0198612973891], [-118.247080918155, 34.025377917798], [-118.243249180361, 34.0308854730853], [-118.235604394224, 34.030876055587], [-118.231792335824, 34.0253590867894]]]}}, {"type": "Feature", "properties": {"OBJECTID": 993, "GRID_ID": null, "has_data": false}, "geometry": {"type": "Polygon", "coordinates": [[[-118.231792335824, 34.0253590867894], [-118.235624565894, 34.0198518838793], [-118.243268362986, 34.0198612973891], [-118.247080918155, 34.025377917798], [-118.243249180361, 34.0308854730853], [-118.235604394224, 34.030876055587], [-118.231792335824, 34.0253590867894]]]}}, {"type": "Feature", "properties": {"OBJECTID": 994, "GRID_ID": null, "has_data": false}, "geometry": {"type": "Polygon", "coordinates": [[[-118.231792335824, 34.0253590867894], [-118.235624565894, 34.0198518838793], [-118.243268362986, 34.0198612973891], [-118.247080918155, 34.025377917798], [-118.243249180361, 34.0308854730853], [-118.235604394224, 34.030876055587], [-118.231792335824, 34.0253590867894]]]}}, {"type": "Feature", "properties": {"OBJECTID": 995, "GRID_ID": null, "has_data": false}, "geometry": {"type": "Polygon", "coordinates": [[[-118.231792335824, 34.0253590867894], [-118.235624565894, 34.0198518838793], [-118.243268362986, 34.0198612973891], [-118.247080918155, 34.025377917798], [-118.243249180361, 34.0308854730853], [-118.235604394224, 34.030876055587], [-118.231792335824, 34.0253590867894]]]}}, {"type": "Feature", "properties": {"OBJECTID": 996, "GRID_ID": null, "has_data": false}, "geometry": {"type": "Polygon", "coordinates": [[[-118.231792335824, 34.0253590867894], [-118.235624565894, 34.0198518838793], [-118.243268362986, 34.0198612973891], [-118.247080918155, 34.025377917798], [-118.243249180361, 34.0308854730853], [-118.235604394224, 34.030876055587], [-118.231792335824, 34.0253590867894]]]}}, {"type": "Feature", "properties": {"OBJECTID": 997, "GRID_ID": null, "has_data": false}, "geometry": {"type": "Polygon", "coordinates": [[[-118.231792335824, 34.0253590867894], [-118.235624565894, 34.0198518838793], [-118.243268362986, 34.0198612973891], [-118.247080918155, 34.025377917798], [-118.243249180361, 34.0308854730853], [-118.235604394224, 34.030876055587], [-118.231792335824, 34.0253590867894]]]}}, {"type": "Feature", "properties": {"OBJECTID": 998, "GRID_ID": null, "has_data": false}, "geometry": {"type": "Polygon", "coordinates": [[[-118.231792335824, 34.0253590867894], [-118.235624565894, 34.0198518838793], [-118.243268362986, 34.0198612973891], [-118.247080918155, 34.025377917798], [-118.243249180361, 34.0308854730853], [-118.235604394224, 34.030876055587], [-118.231792335824, 34.0253590867894]]]}}, {"type": "Feature", "properties": {"OBJECTID": 999, "GRID_ID": null, "has_data": false}, "geometry": {"type": "Polygon", "coordinates": [[[-118.231792335824, 34.0253590867894], [-118.235624565894, 34.0198518838793], [-118.243268362986, 34.0198612973891], [-118.247080918155, 34.025377917798], [-118.243249180361, 34.0308854730853], [-118.235604394224, 34.030876055587], [-118.231792335824, 34.0253590867894]]]}}, {"type": "Feature", "properties": {"OBJECTID": 1000, "GRID_ID": null, "has_data": false}, "geometry": {"type": "Polygon", "coordinates": [[[-118.231792335824, 34.0253590867894], [-118.235624565894, 34.0198518838793], [-118.243268362986, 34.0198612973891], [-118.247080918155, 34.025377917798], [-118.243249180361, 34.0308854730853], [-118.235604394224, 34.030876055587], [-118.231792335824, 34.0253590867894]]]}}, {"type": "Feature", "properties": {"OBJECTID": 1001, "GRID_ID": null, "has_data": false}, "geometry": {"type": "Polygon", "coordinates": [[[-118.231792335824, 34.0253590867894], [-118.235624565894, 34.0198518838793], [-118.243268362986, 34.0198612973891], [-118.247080918155, 34.025377917798], [-118.243249180361, 34.0308854730853], [-118.235604394224, 34.030876055587], [-118.231792335824, 34.0253590867894]]]}}, {"type": "Feature", "properties": {"OBJECTID": 1002, "GRID_ID": null, "has_data": false}, "geometry": {"type": "Polygon", "coordinates": [[[-118.231792335824, 34.0253590867894], [-118.235624565894, 34.0198518838793], [-118.243268362986, 34.0198612973891], [-118.247080918155, 34.025377917798], [-118.243249180361, 34.0308854730853], [-118.235604394224, 34.030876055587], [-118.231792335824, 34.0253590867894]]]}}, {"type": "Feature", "properties": {"OBJECTID": 1003, "GRID_ID": null, "has_data": false}, "geometry": {"type": "Polygon", "coordinates": [[[-118.231792335824, 34.0253590867894], [-118.235624565894, 34.0198518838793], [-118.243268362986, 34.0198612973891], [-118.247080918155, 34.025377917798], [-118.243249180361, 34.0308854730853], [-118.235604394224, 34.030876055587], [-118.231792335824, 34.0253590867894]]]}}, {"type": "Feature", "properties": {"OBJECTID": 1004, "GRID_ID": null, "has_data": false}, "geometry": {"type": "Polygon", "coordinates": [[[-118.231792335824, 34.0253590867894], [-118.235624565894, 34.0198518838793], [-118.243268362986, 34.0198612973891], [-118.247080918155, 34.025377917798], [-118.243249180361, 34.0308854730853], [-118.235604394224, 34.030876055587], [-118.231792335824, 34.0253590867894]]]}}, {"type": "Feature", "properties": {"OBJECTID": 1005, "GRID_ID": null, "has_data": false}, "geometry": {"type": "Polygon", "coordinates": [[[-118.231792335824, 34.0253590867894], [-118.235624565894, 34.0198518838793], [-118.243268362986, 34.0198612973891], [-118.247080918155, 34.025377917798], [-118.243249180361, 34.0308854730853], [-118.235604394224, 34.030876055587], [-118.231792335824, 34.0253590867894]]]}}, {"type": "Feature", "properties": {"OBJECTID": 1006, "GRID_ID": null, "has_data": false}, "geometry": {"type": "Polygon", "coordinates": [[[-118.231792335824, 34.0253590867894], [-118.235624565894, 34.0198518838793], [-118.243268362986, 34.0198612973891], [-118.247080918155, 34.025377917798], [-118.243249180361, 34.0308854730853], [-118.235604394224, 34.030876055587], [-118.231792335824, 34.0253590867894]]]}}, {"type": "Feature", "properties": {"OBJECTID": 1007, "GRID_ID": null, "has_data": false}, "geometry": {"type": "Polygon", "coordinates": [[[-118.231792335824, 34.0253590867894], [-118.235624565894, 34.0198518838793], [-118.243268362986, 34.0198612973891], [-118.247080918155, 34.025377917798], [-118.243249180361, 34.0308854730853], [-118.235604394224, 34.030876055587], [-118.231792335824, 34.0253590867894]]]}}, {"type": "Feature", "properties": {"OBJECTID": 1008, "GRID_ID": null, "has_data": false}, "geometry": {"type": "Polygon", "coordinates": [[[-118.231792335824, 34.0253590867894], [-118.235624565894, 34.0198518838793], [-118.243268362986, 34.0198612973891], [-118.247080918155, 34.025377917798], [-118.243249180361, 34.0308854730853], [-118.235604394224, 34.030876055587], [-118.231792335824, 34.0253590867894]]]}}, {"type": "Feature", "properties": {"OBJECTID": 1009, "GRID_ID": null, "has_data": false}, "geometry": {"type": "Polygon", "coordinates": [[[-118.231792335824, 34.0253590867894], [-118.235624565894, 34.0198518838793], [-118.243268362986, 34.0198612973891], [-118.247080918155, 34.025377917798], [-118.243249180361, 34.0308854730853], [-118.235604394224, 34.030876055587], [-118.231792335824, 34.0253590867894]]]}}, {"type": "Feature", "properties": {"OBJECTID": 1010, "GRID_ID": null, "has_data": false}, "geometry": {"type": "Polygon", "coordinates": [[[-118.231792335824, 34.0253590867894], [-118.235624565894, 34.0198518838793], [-118.243268362986, 34.0198612973891], [-118.247080918155, 34.025377917798], [-118.243249180361, 34.0308854730853], [-118.235604394224, 34.030876055587], [-118.231792335824, 34.0253590867894]]]}}, {"type": "Feature", "properties": {"OBJECTID": 1011, "GRID_ID": null, "has_data": false}, "geometry": {"type": "Polygon", "coordinates": [[[-118.231792335824, 34.0253590867894], [-118.235624565894, 34.0198518838793], [-118.243268362986, 34.0198612973891], [-118.247080918155, 34.025377917798], [-118.243249180361, 34.0308854730853], [-118.235604394224, 34.030876055587], [-118.231792335824, 34.0253590867894]]]}}, {"type": "Feature", "properties": {"OBJECTID": 1012, "GRID_ID": null, "has_data": false}, "geometry": {"type": "Polygon", "coordinates": [[[-118.231792335824, 34.0253590867894], [-118.235624565894, 34.0198518838793], [-118.243268362986, 34.0198612973891], [-118.247080918155, 34.025377917798], [-118.243249180361, 34.0308854730853], [-118.235604394224, 34.030876055587], [-118.231792335824, 34.0253590867894]]]}}, {"type": "Feature", "properties": {"OBJECTID": 1013, "GRID_ID": null, "has_data": false}, "geometry": {"type": "Polygon", "coordinates": [[[-118.231792335824, 34.0253590867894], [-118.235624565894, 34.0198518838793], [-118.243268362986, 34.0198612973891], [-118.247080918155, 34.025377917798], [-118.243249180361, 34.0308854730853], [-118.235604394224, 34.030876055587], [-118.231792335824, 34.0253590867894]]]}}, {"type": "Feature", "properties": {"OBJECTID": 1014, "GRID_ID": null, "has_data": false}, "geometry": {"type": "Polygon", "coordinates": [[[-118.231792335824, 34.0253590867894], [-118.235624565894, 34.0198518838793], [-118.243268362986, 34.0198612973891], [-118.247080918155, 34.025377917798], [-118.243249180361, 34.0308854730853], [-118.235604394224, 34.030876055587], [-118.231792335824, 34.0253590867894]]]}}, {"type": "Feature", "properties": {"OBJECTID": 1015, "GRID_ID": null, "has_data": false}, "geometry": {"type": "Polygon", "coordinates": [[[-118.231792335824, 34.0253590867894], [-118.235624565894, 34.0198518838793], [-118.243268362986, 34.0198612973891], [-118.247080918155, 34.025377917798], [-118.243249180361, 34.0308854730853], [-118.235604394224, 34.030876055587], [-118.231792335824, 34.0253590867894]]]}}, {"type": "Feature", "properties": {"OBJECTID": 1016, "GRID_ID": null, "has_data": false}, "geometry": {"type": "Polygon", "coordinates": [[[-118.231792335824, 34.0253590867894], [-118.235624565894, 34.0198518838793], [-118.243268362986, 34.0198612973891], [-118.247080918155, 34.025377917798], [-118.243249180361, 34.0308854730853], [-118.235604394224, 34.030876055587], [-118.231792335824, 34.0253590867894]]]}}, {"type": "Feature", "properties": {"OBJECTID": 1017, "GRID_ID": null, "has_data": false}, "geometry": {"type": "Polygon", "coordinates": [[[-118.231792335824, 34.0253590867894], [-118.235624565894, 34.0198518838793], [-118.243268362986, 34.0198612973891], [-118.247080918155, 34.025377917798], [-118.243249180361, 34.0308854730853], [-118.235604394224, 34.030876055587], [-118.231792335824, 34.0253590867894]]]}}, {"type": "Feature", "properties": {"OBJECTID": 1018, "GRID_ID": null, "has_data": false}, "geometry": {"type": "Polygon", "coordinates": [[[-118.231792335824, 34.0253590867894], [-118.235624565894, 34.0198518838793], [-118.243268362986, 34.0198612973891], [-118.247080918155, 34.025377917798], [-118.243249180361, 34.0308854730853], [-118.235604394224, 34.030876055587], [-118.231792335824, 34.0253590867894]]]}}, {"type": "Feature", "properties": {"OBJECTID": 1019, "GRID_ID": null, "has_data": false}, "geometry": {"type": "Polygon", "coordinates": [[[-118.231792335824, 34.0253590867894], [-118.235624565894, 34.0198518838793], [-118.243268362986, 34.0198612973891], [-118.247080918155, 34.025377917798], [-118.243249180361, 34.0308854730853], [-118.235604394224, 34.030876055587], [-118.231792335824, 34.0253590867894]]]}}, {"type": "Feature", "properties": {"OBJECTID": 1020, "GRID_ID": null, "has_data": false}, "geometry": {"type": "Polygon", "coordinates": [[[-118.231792335824, 34.0253590867894], [-118.235624565894, 34.0198518838793], [-118.243268362986, 34.0198612973891], [-118.247080918155, 34.025377917798], [-118.243249180361, 34.0308854730853], [-118.235604394224, 34.030876055587], [-118.231792335824, 34.0253590867894]]]}}, {"type": "Feature", "properties": {"OBJECTID": 1021, "GRID_ID": null, "has_data": false}, "geometry": {"type": "Polygon", "coordinates": [[[-118.231792335824, 34.0253590867894], [-118.235624565894, 34.0198518838793], [-118.243268362986, 34.0198612973891], [-118.247080918155, 34.025377917798], [-118.243249180361, 34.0308854730853], [-118.235604394224, 34.030876055587], [-118.231792335824, 34.0253590867894]]]}}, {"type": "Feature", "properties": {"OBJECTID": 1022, "GRID_ID": null, "has_data": false}, "geometry": {"type": "Polygon", "coordinates": [[[-118.231792335824, 34.0253590867894], [-118.235624565894, 34.0198518838793], [-118.243268362986, 34.0198612973891], [-118.247080918155, 34.025377917798], [-118.243249180361, 34.0308854730853], [-118.235604394224, 34.030876055587], [-118.231792335824, 34.0253590867894]]]}}, {"type": "Feature", "properties": {"OBJECTID": 1023, "GRID_ID": null, "has_data": false}, "geometry": {"type": "Polygon", "coordinates": [[[-118.231792335824, 34.0253590867894], [-118.235624565894, 34.0198518838793], [-118.243268362986, 34.0198612973891], [-118.247080918155, 34.025377917798], [-118.243249180361, 34.0308854730853], [-118.235604394224, 34.030876055587], [-118.231792335824, 34.0253590867894]]]}}, {"type": "Feature", "properties": {"OBJECTID": 1024, "GRID_ID": null, "has_data": false}, "geometry": {"type": "Polygon", "coordinates": [[[-118.231792335824, 34.0253590867894], [-118.235624565894, 34.0198518838793], [-118.243268362986, 34.0198612973891], [-118.247080918155, 34.025377917798], [-118.243249180361, 34.0308854730853], [-118.235604394224, 34.030876055587], [-118.231792335824, 34.0253590867894]]]}}, {"type": "Feature", "properties": {"OBJECTID": 1025, "GRID_ID": null, "has_data": false}, "geometry": {"type": "Polygon", "coordinates": [[[-118.231792335824, 34.0253590867894], [-118.235624565894, 34.0198518838793], [-118.243268362986, 34.0198612973891], [-118.247080918155, 34.025377917798], [-118.243249180361, 34.0308854730853], [-118.235604394224, 34.030876055587], [-118.231792335824, 34.0253590867894]]]}}, {"type": "Feature", "properties": {"OBJECTID": 1026, "GRID_ID": null, "has_data": false}, "geometry": {"type": "Polygon", "coordinates": [[[-118.231792335824, 34.0253590867894], [-118.235624565894, 34.0198518838793], [-118.243268362986, 34.0198612973891], [-118.247080918155, 34.025377917798], [-118.243249180361, 34.0308854730853], [-118.235604394224, 34.030876055587], [-118.231792335824, 34.0253590867894]]]}}, {"type": "Feature", "properties": {"OBJECTID": 1027, "GRID_ID": null, "has_data": false}, "geometry": {"type": "Polygon", "coordinates": [[[-118.231792335824, 34.0253590867894], [-118.235624565894, 34.0198518838793], [-118.243268362986, 34.0198612973891], [-118.247080918155, 34.025377917798], [-118.243249180361, 34.0308854730853], [-118.235604394224, 34.030876055587], [-118.231792335824, 34.0253590867894]]]}}, {"type": "Feature", "properties": {"OBJECTID": 1028, "GRID_ID": null, "has_data": false}, "geometry": {"type": "Polygon", "coordinates": [[[-118.231792335824, 34.0253590867894], [-118.235624565894, 34.0198518838793], [-118.243268362986, 34.0198612973891], [-118.247080918155, 34.025377917798], [-118.243249180361, 34.0308854730853], [-118.235604394224, 34.030876055587], [-118.231792335824, 34.0253590867894]]]}}, {"type": "Feature", "properties": {"OBJECTID": 1029, "GRID_ID": null, "has_data": false}, "geometry": {"type": "Polygon", "coordinates": [[[-118.231792335824, 34.0253590867894], [-118.235624565894, 34.0198518838793], [-118.243268362986, 34.0198612973891], [-118.247080918155, 34.025377917798], [-118.243249180361, 34.0308854730853], [-118.235604394224, 34.030876055587], [-118.231792335824, 34.0253590867894]]]}}, {"type": "Feature", "properties": {"OBJECTID": 1030, "GRID_ID": null, "has_data": false}, "geometry": {"type": "Polygon", "coordinates": [[[-118.231792335824, 34.0253590867894], [-118.235624565894, 34.0198518838793], [-118.243268362986, 34.0198612973891], [-118.247080918155, 34.025377917798], [-118.243249180361, 34.0308854730853], [-118.235604394224, 34.030876055587], [-118.231792335824, 34.0253590867894]]]}}, {"type": "Feature", "properties": {"OBJECTID": 1031, "GRID_ID": null, "has_data": false}, "geometry": {"type": "Polygon", "coordinates": [[[-118.231792335824, 34.0253590867894], [-118.235624565894, 34.0198518838793], [-118.243268362986, 34.0198612973891], [-118.247080918155, 34.025377917798], [-118.243249180361, 34.0308854730853], [-118.235604394224, 34.030876055587], [-118.231792335824, 34.0253590867894]]]}}, {"type": "Feature", "properties": {"OBJECTID": 1032, "GRID_ID": null, "has_data": false}, "geometry": {"type": "Polygon", "coordinates": [[[-118.231792335824, 34.0253590867894], [-118.235624565894, 34.0198518838793], [-118.243268362986, 34.0198612973891], [-118.247080918155, 34.025377917798], [-118.243249180361, 34.0308854730853], [-118.235604394224, 34.030876055587], [-118.231792335824, 34.0253590867894]]]}}, {"type": "Feature", "properties": {"OBJECTID": 1033, "GRID_ID": null, "has_data": false}, "geometry": {"type": "Polygon", "coordinates": [[[-118.231792335824, 34.0253590867894], [-118.235624565894, 34.0198518838793], [-118.243268362986, 34.0198612973891], [-118.247080918155, 34.025377917798], [-118.243249180361, 34.0308854730853], [-118.235604394224, 34.030876055587], [-118.231792335824, 34.0253590867894]]]}}, {"type": "Feature", "properties": {"OBJECTID": 1034, "GRID_ID": null, "has_data": false}, "geometry": {"type": "Polygon", "coordinates": [[[-118.231792335824, 34.0253590867894], [-118.235624565894, 34.0198518838793], [-118.243268362986, 34.0198612973891], [-118.247080918155, 34.025377917798], [-118.243249180361, 34.0308854730853], [-118.235604394224, 34.030876055587], [-118.231792335824, 34.0253590867894]]]}}, {"type": "Feature", "properties": {"OBJECTID": 1035, "GRID_ID": null, "has_data": false}, "geometry": {"type": "Polygon", "coordinates": [[[-118.231792335824, 34.0253590867894], [-118.235624565894, 34.0198518838793], [-118.243268362986, 34.0198612973891], [-118.247080918155, 34.025377917798], [-118.243249180361, 34.0308854730853], [-118.235604394224, 34.030876055587], [-118.231792335824, 34.0253590867894]]]}}, {"type": "Feature", "properties": {"OBJECTID": 1036, "GRID_ID": null, "has_data": false}, "geometry": {"type": "Polygon", "coordinates": [[[-118.231792335824, 34.0253590867894], [-118.235624565894, 34.0198518838793], [-118.243268362986, 34.0198612973891], [-118.247080918155, 34.025377917798], [-118.243249180361, 34.0308854730853], [-118.235604394224, 34.030876055587], [-118.231792335824, 34.0253590867894]]]}}, {"type": "Feature", "properties": {"OBJECTID": 1037, "GRID_ID": null, "has_data": false}, "geometry": {"type": "Polygon", "coordinates": [[[-118.231792335824, 34.0253590867894], [-118.235624565894, 34.0198518838793], [-118.243268362986, 34.0198612973891], [-118.247080918155, 34.025377917798], [-118.243249180361, 34.0308854730853], [-118.235604394224, 34.030876055587], [-118.231792335824, 34.0253590867894]]]}}, {"type": "Feature", "properties": {"OBJECTID": 1038, "GRID_ID": null, "has_data": false}, "geometry": {"type": "Polygon", "coordinates": [[[-118.231792335824, 34.0253590867894], [-118.235624565894, 34.0198518838793], [-118.243268362986, 34.0198612973891], [-118.247080918155, 34.025377917798], [-118.243249180361, 34.0308854730853], [-118.235604394224, 34.030876055587], [-118.231792335824, 34.0253590867894]]]}}, {"type": "Feature", "properties": {"OBJECTID": 1039, "GRID_ID": null, "has_data": false}, "geometry": {"type": "Polygon", "coordinates": [[[-118.231792335824, 34.0253590867894], [-118.235624565894, 34.0198518838793], [-118.243268362986, 34.0198612973891], [-118.247080918155, 34.025377917798], [-118.243249180361, 34.0308854730853], [-118.235604394224, 34.030876055587], [-118.231792335824, 34.0253590867894]]]}}, {"type": "Feature", "properties": {"OBJECTID": 1040, "GRID_ID": null, "has_data": false}, "geometry": {"type": "Polygon", "coordinates": [[[-118.231792335824, 34.0253590867894], [-118.235624565894, 34.0198518838793], [-118.243268362986, 34.0198612973891], [-118.247080918155, 34.025377917798], [-118.243249180361, 34.0308854730853], [-118.235604394224, 34.030876055587], [-118.231792335824, 34.0253590867894]]]}}, {"type": "Feature", "properties": {"OBJECTID": 1041, "GRID_ID": null, "has_data": false}, "geometry": {"type": "Polygon", "coordinates": [[[-118.231792335824, 34.0253590867894], [-118.235624565894, 34.0198518838793], [-118.243268362986, 34.0198612973891], [-118.247080918155, 34.025377917798], [-118.243249180361, 34.0308854730853], [-118.235604394224, 34.030876055587], [-118.231792335824, 34.0253590867894]]]}}, {"type": "Feature", "properties": {"OBJECTID": 1042, "GRID_ID": null, "has_data": false}, "geometry": {"type": "Polygon", "coordinates": [[[-118.231792335824, 34.0253590867894], [-118.235624565894, 34.0198518838793], [-118.243268362986, 34.0198612973891], [-118.247080918155, 34.025377917798], [-118.243249180361, 34.0308854730853], [-118.235604394224, 34.030876055587], [-118.231792335824, 34.0253590867894]]]}}, {"type": "Feature", "properties": {"OBJECTID": 1043, "GRID_ID": null, "has_data": false}, "geometry": {"type": "Polygon", "coordinates": [[[-118.231792335824, 34.0253590867894], [-118.235624565894, 34.0198518838793], [-118.243268362986, 34.0198612973891], [-118.247080918155, 34.025377917798], [-118.243249180361, 34.0308854730853], [-118.235604394224, 34.030876055587], [-118.231792335824, 34.0253590867894]]]}}, {"type": "Feature", "properties": {"OBJECTID": 1044, "GRID_ID": null, "has_data": false}, "geometry": {"type": "Polygon", "coordinates": [[[-118.231792335824, 34.0253590867894], [-118.235624565894, 34.0198518838793], [-118.243268362986, 34.0198612973891], [-118.247080918155, 34.025377917798], [-118.243249180361, 34.0308854730853], [-118.235604394224, 34.030876055587], [-118.231792335824, 34.0253590867894]]]}}, {"type": "Feature", "properties": {"OBJECTID": 1045, "GRID_ID": null, "has_data": false}, "geometry": {"type": "Polygon", "coordinates": [[[-118.231792335824, 34.0253590867894], [-118.235624565894, 34.0198518838793], [-118.243268362986, 34.0198612973891], [-118.247080918155, 34.025377917798], [-118.243249180361, 34.0308854730853], [-118.235604394224, 34.030876055587], [-118.231792335824, 34.0253590867894]]]}}, {"type": "Feature", "properties": {"OBJECTID": 1046, "GRID_ID": null, "has_data": false}, "geometry": {"type": "Polygon", "coordinates": [[[-118.231792335824, 34.0253590867894], [-118.235624565894, 34.0198518838793], [-118.243268362986, 34.0198612973891], [-118.247080918155, 34.025377917798], [-118.243249180361, 34.0308854730853], [-118.235604394224, 34.030876055587], [-118.231792335824, 34.0253590867894]]]}}, {"type": "Feature", "properties": {"OBJECTID": 1047, "GRID_ID": null, "has_data": false}, "geometry": {"type": "Polygon", "coordinates": [[[-118.231792335824, 34.0253590867894], [-118.235624565894, 34.0198518838793], [-118.243268362986, 34.0198612973891], [-118.247080918155, 34.025377917798], [-118.243249180361, 34.0308854730853], [-118.235604394224, 34.030876055587], [-118.231792335824, 34.0253590867894]]]}}, {"type": "Feature", "properties": {"OBJECTID": 1048, "GRID_ID": null, "has_data": false}, "geometry": {"type": "Polygon", "coordinates": [[[-118.231792335824, 34.0253590867894], [-118.235624565894, 34.0198518838793], [-118.243268362986, 34.0198612973891], [-118.247080918155, 34.025377917798], [-118.243249180361, 34.0308854730853], [-118.235604394224, 34.030876055587], [-118.231792335824, 34.0253590867894]]]}}, {"type": "Feature", "properties": {"OBJECTID": 1049, "GRID_ID": null, "has_data": false}, "geometry": {"type": "Polygon", "coordinates": [[[-118.231792335824, 34.0253590867894], [-118.235624565894, 34.0198518838793], [-118.243268362986, 34.0198612973891], [-118.247080918155, 34.025377917798], [-118.243249180361, 34.0308854730853], [-118.235604394224, 34.030876055587], [-118.231792335824, 34.0253590867894]]]}}, {"type": "Feature", "properties": {"OBJECTID": 1050, "GRID_ID": null, "has_data": false}, "geometry": {"type": "Polygon", "coordinates": [[[-118.231792335824, 34.0253590867894], [-118.235624565894, 34.0198518838793], [-118.243268362986, 34.0198612973891], [-118.247080918155, 34.025377917798], [-118.243249180361, 34.0308854730853], [-118.235604394224, 34.030876055587], [-118.231792335824, 34.0253590867894]]]}}, {"type": "Feature", "properties": {"OBJECTID": 1051, "GRID_ID": null, "has_data": false}, "geometry": {"type": "Polygon", "coordinates": [[[-118.231792335824, 34.0253590867894], [-118.235624565894, 34.0198518838793], [-118.243268362986, 34.0198612973891], [-118.247080918155, 34.025377917798], [-118.243249180361, 34.0308854730853], [-118.235604394224, 34.030876055587], [-118.231792335824, 34.0253590867894]]]}}, {"type": "Feature", "properties": {"OBJECTID": 1052, "GRID_ID": null, "has_data": false}, "geometry": {"type": "Polygon", "coordinates": [[[-118.231792335824, 34.0253590867894], [-118.235624565894, 34.0198518838793], [-118.243268362986, 34.0198612973891], [-118.247080918155, 34.025377917798], [-118.243249180361, 34.0308854730853], [-118.235604394224, 34.030876055587], [-118.231792335824, 34.0253590867894]]]}}, {"type": "Feature", "properties": {"OBJECTID": 1053, "GRID_ID": null, "has_data": false}, "geometry": {"type": "Polygon", "coordinates": [[[-118.34638051988, 34.1687672465664], [-118.350211803125, 34.1632566131037], [-118.357868491042, 34.1632589455878], [-118.361694890147, 34.1687719127165], [-118.357864104568, 34.1742828988631], [-118.350206421319, 34.174280564454], [-118.34638051988, 34.1687672465664]]]}}, {"type": "Feature", "properties": {"OBJECTID": 1054, "GRID_ID": null, "has_data": false}, "geometry": {"type": "Polygon", "coordinates": [[[-118.220314822849, 34.0308558008896], [-118.22414804376, 34.0253489613886], [-118.231792335824, 34.0253590867894], [-118.235604394224, 34.030876055587], [-118.231771664691, 34.0363832465552], [-118.224126384481, 34.036373117259], [-118.220314822849, 34.0308558008896]]]}}, {"type": "Feature", "properties": {"OBJECTID": 1055, "GRID_ID": null, "has_data": false}, "geometry": {"type": "Polygon", "coordinates": [[[-118.220314822849, 34.0308558008896], [-118.22414804376, 34.0253489613886], [-118.231792335824, 34.0253590867894], [-118.235604394224, 34.030876055587], [-118.231771664691, 34.0363832465552], [-118.224126384481, 34.036373117259], [-118.220314822849, 34.0308558008896]]]}}, {"type": "Feature", "properties": {"OBJECTID": 1056, "GRID_ID": null, "has_data": false}, "geometry": {"type": "Polygon", "coordinates": [[[-118.243114607342, 34.1080541456926], [-118.246949848565, 34.1025466733626], [-118.254601072029, 34.1025554052631], [-118.258418046011, 34.108071612075], [-118.25458329976, 34.1135794372563], [-118.246931082759, 34.1135707020311], [-118.243114607342, 34.1080541456926]]]}}, {"type": "Feature", "properties": {"OBJECTID": 1057, "GRID_ID": null, "has_data": false}, "geometry": {"type": "Polygon", "coordinates": [[[-118.243114607342, 34.1080541456926], [-118.246949848565, 34.1025466733626], [-118.254601072029, 34.1025554052631], [-118.258418046011, 34.108071612075], [-118.25458329976, 34.1135794372563], [-118.246931082759, 34.1135707020311], [-118.243114607342, 34.1080541456926]]]}}, {"type": "Feature", "properties": {"OBJECTID": 1058, "GRID_ID": null, "has_data": false}, "geometry": {"type": "Polygon", "coordinates": [[[-118.243114607342, 34.1080541456926], [-118.246949848565, 34.1025466733626], [-118.254601072029, 34.1025554052631], [-118.258418046011, 34.108071612075], [-118.25458329976, 34.1135794372563], [-118.246931082759, 34.1135707020311], [-118.243114607342, 34.1080541456926]]]}}, {"type": "Feature", "properties": {"OBJECTID": 1059, "GRID_ID": null, "has_data": false}, "geometry": {"type": "Polygon", "coordinates": [[[-118.323408963131, 34.16875667972], [-118.327241740275, 34.1632467613681], [-118.334898427293, 34.1632505209939], [-118.338723334297, 34.1687641992239], [-118.334891053921, 34.174274470167], [-118.32723337157, 34.1742707095458], [-118.323408963131, 34.16875667972]]]}}, {"type": "Feature", "properties": {"OBJECTID": 1060, "GRID_ID": null, "has_data": false}, "geometry": {"type": "Polygon", "coordinates": [[[-118.208859460531, 34.0253272922824], [-118.212693172822, 34.0198208058127], [-118.22033697171, 34.0198316377189], [-118.22414804376, 34.0253489613886], [-118.220314822849, 34.0308558008896], [-118.212670036712, 34.0308449644346], [-118.208859460531, 34.0253272922824]]]}}, {"type": "Feature", "properties": {"OBJECTID": 1061, "GRID_ID": null, "has_data": false}, "geometry": {"type": "Polygon", "coordinates": [[[-118.208859460531, 34.0253272922824], [-118.212693172822, 34.0198208058127], [-118.22033697171, 34.0198316377189], [-118.22414804376, 34.0253489613886], [-118.220314822849, 34.0308558008896], [-118.212670036712, 34.0308449644346], [-118.208859460531, 34.0253272922824]]]}}, {"type": "Feature", "properties": {"OBJECTID": 1062, "GRID_ID": null, "has_data": false}, "geometry": {"type": "Polygon", "coordinates": [[[-118.208859460531, 34.0253272922824], [-118.212693172822, 34.0198208058127], [-118.22033697171, 34.0198316377189], [-118.22414804376, 34.0253489613886], [-118.220314822849, 34.0308558008896], [-118.212670036712, 34.0308449644346], [-118.208859460531, 34.0253272922824]]]}}, {"type": "Feature", "properties": {"OBJECTID": 1063, "GRID_ID": null, "has_data": false}, "geometry": {"type": "Polygon", "coordinates": [[[-118.208859460531, 34.0253272922824], [-118.212693172822, 34.0198208058127], [-118.22033697171, 34.0198316377189], [-118.22414804376, 34.0253489613886], [-118.220314822849, 34.0308558008896], [-118.212670036712, 34.0308449644346], [-118.208859460531, 34.0253272922824]]]}}, {"type": "Feature", "properties": {"OBJECTID": 1064, "GRID_ID": null, "has_data": false}, "geometry": {"type": "Polygon", "coordinates": [[[-118.599094632202, 34.1796248877549], [-118.602909984725, 34.174106451988], [-118.610567670669, 34.1740930898641], [-118.614411000323, 34.1795981585641], [-118.61059614906, 34.1851169440943], [-118.602937467782, 34.1851303119036], [-118.599094632202, 34.1796248877549]]]}}, {"type": "Feature", "properties": {"OBJECTID": 1065, "GRID_ID": null, "has_data": false}, "geometry": {"type": "Polygon", "coordinates": [[[-118.197380463539, 34.030821871078], [-118.201215168468, 34.0253157485766], [-118.208859460531, 34.0253272922824], [-118.212670036712, 34.0308449644346], [-118.208835823161, 34.0363514390574], [-118.201190542053, 34.0363398901517], [-118.197380463539, 34.030821871078]]]}}, {"type": "Feature", "properties": {"OBJECTID": 1066, "GRID_ID": null, "has_data": false}, "geometry": {"type": "Polygon", "coordinates": [[[-118.197380463539, 34.030821871078], [-118.201215168468, 34.0253157485766], [-118.208859460531, 34.0253272922824], [-118.212670036712, 34.0308449644346], [-118.208835823161, 34.0363514390574], [-118.201190542053, 34.0363398901517], [-118.197380463539, 34.030821871078]]]}}, {"type": "Feature", "properties": {"OBJECTID": 1067, "GRID_ID": null, "has_data": false}, "geometry": {"type": "Polygon", "coordinates": [[[-118.197380463539, 34.030821871078], [-118.201215168468, 34.0253157485766], [-118.208859460531, 34.0253272922824], [-118.212670036712, 34.0308449644346], [-118.208835823161, 34.0363514390574], [-118.201190542053, 34.0363398901517], [-118.197380463539, 34.030821871078]]]}}, {"type": "Feature", "properties": {"OBJECTID": 1068, "GRID_ID": null, "has_data": false}, "geometry": {"type": "Polygon", "coordinates": [[[-118.231647401636, 34.1025277880862], [-118.235483135136, 34.0970206686825], [-118.243133863628, 34.0970301093321], [-118.246949848565, 34.1025466733626], [-118.243114607342, 34.1080541456926], [-118.235462887109, 34.1080447010663], [-118.231647401636, 34.1025277880862]]]}}, {"type": "Feature", "properties": {"OBJECTID": 1069, "GRID_ID": null, "has_data": false}, "geometry": {"type": "Polygon", "coordinates": [[[-118.185926582544, 34.0252912413696], [-118.189761778851, 34.0197854710647], [-118.19740557774, 34.0197977221135], [-118.201215168468, 34.0253157485766], [-118.197380463539, 34.030821871078], [-118.189735676504, 34.0308096156648], [-118.185926582544, 34.0252912413696]]]}}, {"type": "Feature", "properties": {"OBJECTID": 1070, "GRID_ID": null, "has_data": false}, "geometry": {"type": "Polygon", "coordinates": [[[-118.58762010343, 34.1851556192586], [-118.591436448591, 34.1796375392865], [-118.599094632202, 34.1796248877549], [-118.602937467782, 34.1851303119036], [-118.599121623881, 34.1906487407281], [-118.591462444937, 34.1906613972941], [-118.58762010343, 34.1851556192586]]]}}, {"type": "Feature", "properties": {"OBJECTID": 1071, "GRID_ID": null, "has_data": false}, "geometry": {"type": "Polygon", "coordinates": [[[-118.58762010343, 34.1851556192586], [-118.591436448591, 34.1796375392865], [-118.599094632202, 34.1796248877549], [-118.602937467782, 34.1851303119036], [-118.599121623881, 34.1906487407281], [-118.591462444937, 34.1906613972941], [-118.58762010343, 34.1851556192586]]]}}, {"type": "Feature", "properties": {"OBJECTID": 1072, "GRID_ID": null, "has_data": false}, "geometry": {"type": "Polygon", "coordinates": [[[-118.58762010343, 34.1851556192586], [-118.591436448591, 34.1796375392865], [-118.599094632202, 34.1796248877549], [-118.602937467782, 34.1851303119036], [-118.599121623881, 34.1906487407281], [-118.591462444937, 34.1906613972941], [-118.58762010343, 34.1851556192586]]]}}, {"type": "Feature", "properties": {"OBJECTID": 1073, "GRID_ID": null, "has_data": false}, "geometry": {"type": "Polygon", "coordinates": [[[-118.58762010343, 34.1851556192586], [-118.591436448591, 34.1796375392865], [-118.599094632202, 34.1796248877549], [-118.602937467782, 34.1851303119036], [-118.599121623881, 34.1906487407281], [-118.591462444937, 34.1906613972941], [-118.58762010343, 34.1851556192586]]]}}, {"type": "Feature", "properties": {"OBJECTID": 1074, "GRID_ID": null, "has_data": false}, "geometry": {"type": "Polygon", "coordinates": [[[-118.58762010343, 34.1851556192586], [-118.591436448591, 34.1796375392865], [-118.599094632202, 34.1796248877549], [-118.602937467782, 34.1851303119036], [-118.599121623881, 34.1906487407281], [-118.591462444937, 34.1906613972941], [-118.58762010343, 34.1851556192586]]]}}, {"type": "Feature", "properties": {"OBJECTID": 1075, "GRID_ID": null, "has_data": false}, "geometry": {"type": "Polygon", "coordinates": [[[-118.58762010343, 34.1851556192586], [-118.591436448591, 34.1796375392865], [-118.599094632202, 34.1796248877549], [-118.602937467782, 34.1851303119036], [-118.599121623881, 34.1906487407281], [-118.591462444937, 34.1906613972941], [-118.58762010343, 34.1851556192586]]]}}, {"type": "Feature", "properties": {"OBJECTID": 1076, "GRID_ID": null, "has_data": false}, "geometry": {"type": "Polygon", "coordinates": [[[-118.461130027886, 34.0364670970115], [-118.464947925335, 34.030952792162], [-118.472592708777, 34.0309480179037], [-118.47642058651, 34.0364575453932], [-118.47260318493, 34.041972199576], [-118.464957412443, 34.0419769761913], [-118.461130027886, 34.0364670970115]]]}}, {"type": "Feature", "properties": {"OBJECTID": 1077, "GRID_ID": null, "has_data": false}, "geometry": {"type": "Polygon", "coordinates": [[[-118.220159447542, 34.108024388199], [-118.223996177273, 34.1025176332224], [-118.231647401636, 34.1025277880862], [-118.235462887109, 34.1080447010663], [-118.231626651451, 34.1135518088031], [-118.22397443445, 34.1135416500563], [-118.220159447542, 34.108024388199]]]}}, {"type": "Feature", "properties": {"OBJECTID": 1078, "GRID_ID": null, "has_data": false}, "geometry": {"type": "Polygon", "coordinates": [[[-118.449665865672, 34.0419851099099], [-118.45348475037, 34.0364711630185], [-118.461130027886, 34.0364670970115], [-118.464957412443, 34.0419769761913], [-118.461139023615, 34.0474912715057], [-118.453492756156, 34.0474953392171], [-118.449665865672, 34.0419851099099]]]}}, {"type": "Feature", "properties": {"OBJECTID": 1079, "GRID_ID": null, "has_data": false}, "geometry": {"type": "Polygon", "coordinates": [[[-118.576120081368, 34.1796614139938], [-118.579936927789, 34.1741436836895], [-118.587594612836, 34.1741317485289], [-118.591436448591, 34.1796375392865], [-118.58762010343, 34.1851556192586], [-118.57996142305, 34.1851675588048], [-118.576120081368, 34.1796614139938]]]}}, {"type": "Feature", "properties": {"OBJECTID": 1080, "GRID_ID": null, "has_data": false}, "geometry": {"type": "Polygon", "coordinates": [[[-118.208693729446, 34.1024959012742], [-118.212530951454, 34.0969894998767], [-118.220181679947, 34.097000363583], [-118.223996177273, 34.1025176332224], [-118.220159447542, 34.108024388199], [-118.212507726411, 34.1080135199576], [-118.208693729446, 34.1024959012742]]]}}, {"type": "Feature", "properties": {"OBJECTID": 1081, "GRID_ID": null, "has_data": false}, "geometry": {"type": "Polygon", "coordinates": [[[-118.438194192644, 34.0364778754282], [-118.442013572314, 34.0309642785216], [-118.449658355756, 34.0309609232153], [-118.45348475037, 34.0364711630185], [-118.449665865672, 34.0419851099099], [-118.442020093185, 34.0419884670132], [-118.438194192644, 34.0364778754282]]]}}, {"type": "Feature", "properties": {"OBJECTID": 1082, "GRID_ID": null, "has_data": false}, "geometry": {"type": "Polygon", "coordinates": [[[-118.438194192644, 34.0364778754282], [-118.442013572314, 34.0309642785216], [-118.449658355756, 34.0309609232153], [-118.45348475037, 34.0364711630185], [-118.449665865672, 34.0419851099099], [-118.442020093185, 34.0419884670132], [-118.438194192644, 34.0364778754282]]]}}, {"type": "Feature", "properties": {"OBJECTID": 1083, "GRID_ID": null, "has_data": false}, "geometry": {"type": "Polygon", "coordinates": [[[-118.438194192644, 34.0364778754282], [-118.442013572314, 34.0309642785216], [-118.449658355756, 34.0309609232153], [-118.45348475037, 34.0364711630185], [-118.449665865672, 34.0419851099099], [-118.442020093185, 34.0419884670132], [-118.438194192644, 34.0364778754282]]]}}, {"type": "Feature", "properties": {"OBJECTID": 1084, "GRID_ID": null, "has_data": false}, "geometry": {"type": "Polygon", "coordinates": [[[-118.438194192644, 34.0364778754282], [-118.442013572314, 34.0309642785216], [-118.449658355756, 34.0309609232153], [-118.45348475037, 34.0364711630185], [-118.449665865672, 34.0419851099099], [-118.442020093185, 34.0419884670132], [-118.438194192644, 34.0364778754282]]]}}, {"type": "Feature", "properties": {"OBJECTID": 1085, "GRID_ID": null, "has_data": false}, "geometry": {"type": "Polygon", "coordinates": [[[-118.197204285946, 34.1079903598585], [-118.201042504185, 34.1024843241894], [-118.208693729446, 34.1024959012742], [-118.212507726411, 34.1080135199576], [-118.208670001346, 34.1135199090399], [-118.201017784345, 34.1135083267699], [-118.197204285946, 34.1079903598585]]]}}, {"type": "Feature", "properties": {"OBJECTID": 1086, "GRID_ID": null, "has_data": false}, "geometry": {"type": "Polygon", "coordinates": [[[-118.426728546414, 34.0419937609639], [-118.430548915129, 34.0364805225756], [-118.438194192644, 34.0364778754282], [-118.442020093185, 34.0419884670132], [-118.43820022034, 34.047502054476], [-118.430553952881, 34.0475047020237], [-118.426728546414, 34.0419937609639]]]}}, {"type": "Feature", "properties": {"OBJECTID": 1087, "GRID_ID": null, "has_data": false}, "geometry": {"type": "Polygon", "coordinates": [[[-118.426728546414, 34.0419937609639], [-118.430548915129, 34.0364805225756], [-118.438194192644, 34.0364778754282], [-118.442020093185, 34.0419884670132], [-118.43820022034, 34.047502054476], [-118.430553952881, 34.0475047020237], [-118.426728546414, 34.0419937609639]]]}}, {"type": "Feature", "properties": {"OBJECTID": 1088, "GRID_ID": null, "has_data": false}, "geometry": {"type": "Polygon", "coordinates": [[[-118.564644060495, 34.1851900111216], [-118.568461898656, 34.1796726379131], [-118.576120081368, 34.1796614139938], [-118.57996142305, 34.1851675588048], [-118.576144085251, 34.1906852815136], [-118.568484905408, 34.1906965099106], [-118.564644060495, 34.1851900111216]]]}}, {"type": "Feature", "properties": {"OBJECTID": 1089, "GRID_ID": null, "has_data": false}, "geometry": {"type": "Polygon", "coordinates": [[[-118.415258357403, 34.0364843957779], [-118.419079220191, 34.0309715065372], [-118.426724003633, 34.0309695701825], [-118.430548915129, 34.0364805225756], [-118.426728546414, 34.0419937609639], [-118.419082773028, 34.0419956978114], [-118.415258357403, 34.0364843957779]]]}}, {"type": "Feature", "properties": {"OBJECTID": 1090, "GRID_ID": null, "has_data": false}, "geometry": {"type": "Polygon", "coordinates": [[[-118.55314553323, 34.1796936581405], [-118.556963871752, 34.1741766345046], [-118.564621557697, 34.1741661263055], [-118.568461898656, 34.1796726379131], [-118.564644060495, 34.1851900111216], [-118.556985379217, 34.1852005231495], [-118.55314553323, 34.1796936581405]]]}}, {"type": "Feature", "properties": {"OBJECTID": 1091, "GRID_ID": null, "has_data": false}, "geometry": {"type": "Polygon", "coordinates": [[[-118.403791228054, 34.0419981519951], [-118.407613078989, 34.0364856225773], [-118.415258357403, 34.0364843957779], [-118.419082773028, 34.0419956978114], [-118.415261417065, 34.0475085769554], [-118.407615149606, 34.0475098050841], [-118.403791228054, 34.0419981519951]]]}}, {"type": "Feature", "properties": {"OBJECTID": 1092, "GRID_ID": null, "has_data": false}, "geometry": {"type": "Polygon", "coordinates": [[[-118.541668018458, 34.1852201204314], [-118.545487350517, 34.1797034544491], [-118.55314553323, 34.1796936581405], [-118.556985379217, 34.1852005231495], [-118.553166547519, 34.1907175392801], [-118.545507368575, 34.190727340253], [-118.541668018458, 34.1852201204314]]]}}, {"type": "Feature", "properties": {"OBJECTID": 1093, "GRID_ID": null, "has_data": false}, "geometry": {"type": "Polygon", "coordinates": [[[-118.541668018458, 34.1852201204314], [-118.545487350517, 34.1797034544491], [-118.55314553323, 34.1796936581405], [-118.556985379217, 34.1852005231495], [-118.553166547519, 34.1907175392801], [-118.545507368575, 34.190727340253], [-118.541668018458, 34.1852201204314]]]}}, {"type": "Feature", "properties": {"OBJECTID": 1094, "GRID_ID": null, "has_data": false}, "geometry": {"type": "Polygon", "coordinates": [[[-118.39232252306, 34.036486657317], [-118.396144868068, 34.0309744769544], [-118.403789652409, 34.0309739602954], [-118.407613078989, 34.0364856225773], [-118.403791228054, 34.0419981519951], [-118.396145454668, 34.0419986693313], [-118.39232252306, 34.036486657317]]]}}, {"type": "Feature", "properties": {"OBJECTID": 1095, "GRID_ID": null, "has_data": false}, "geometry": {"type": "Polygon", "coordinates": [[[-118.380853909694, 34.0419982844927], [-118.384677243747, 34.036486464513], [-118.39232252306, 34.036486657317], [-118.396145454668, 34.0419986693313], [-118.392322614688, 34.0475108396893], [-118.384676347229, 34.0475106469103], [-118.380853909694, 34.0419982844927]]]}}, {"type": "Feature", "properties": {"OBJECTID": 1096, "GRID_ID": null, "has_data": false}, "geometry": {"type": "Polygon", "coordinates": [[[-118.530170985989, 34.1797216209429], [-118.53399081841, 34.1742053044382], [-118.541648503457, 34.1741962239423], [-118.545487350517, 34.1797034544491], [-118.541668018458, 34.1852201204314], [-118.53400933718, 34.1852292056859], [-118.530170985989, 34.1797216209429]]]}}, {"type": "Feature", "properties": {"OBJECTID": 1097, "GRID_ID": null, "has_data": false}, "geometry": {"type": "Polygon", "coordinates": [[[-118.369386687818, 34.0364846600459], [-118.373210516844, 34.0309731897736], [-118.380855301184, 34.0309740920658], [-118.384677243747, 34.036486464513], [-118.380853909694, 34.0419982844927], [-118.373208136308, 34.0419973815734], [-118.369386687818, 34.0364846600459]]]}}, {"type": "Feature", "properties": {"OBJECTID": 1098, "GRID_ID": null, "has_data": false}, "geometry": {"type": "Polygon", "coordinates": [[[-118.369386687818, 34.0364846600459], [-118.373210516844, 34.0309731897736], [-118.380855301184, 34.0309740920658], [-118.384677243747, 34.036486464513], [-118.380853909694, 34.0419982844927], [-118.373208136308, 34.0419973815734], [-118.369386687818, 34.0364846600459]]]}}, {"type": "Feature", "properties": {"OBJECTID": 1099, "GRID_ID": null, "has_data": false}, "geometry": {"type": "Polygon", "coordinates": [[[-118.369386687818, 34.0364846600459], [-118.373210516844, 34.0309731897736], [-118.380855301184, 34.0309740920658], [-118.384677243747, 34.036486464513], [-118.380853909694, 34.0419982844927], [-118.373208136308, 34.0419973815734], [-118.369386687818, 34.0364846600459]]]}}, {"type": "Feature", "properties": {"OBJECTID": 1100, "GRID_ID": null, "has_data": false}, "geometry": {"type": "Polygon", "coordinates": [[[-118.357916591334, 34.0419941569681], [-118.361741409404, 34.0364830476385], [-118.369386687818, 34.0364846600459], [-118.373208136308, 34.0419973815734], [-118.369383812311, 34.0475088419335], [-118.361737543954, 34.0475072289913], [-118.357916591334, 34.0419941569681]]]}}, {"type": "Feature", "properties": {"OBJECTID": 1101, "GRID_ID": null, "has_data": false}, "geometry": {"type": "Polygon", "coordinates": [[[-118.518691978217, 34.1852459479359], [-118.522512804175, 34.1797299903855], [-118.530170985989, 34.1797216209429], [-118.53400933718, 34.1852292056859], [-118.530189011584, 34.1907455132898], [-118.522529833538, 34.1907538860969], [-118.518691978217, 34.1852459479359]]]}}, {"type": "Feature", "properties": {"OBJECTID": 1102, "GRID_ID": null, "has_data": false}, "geometry": {"type": "Polygon", "coordinates": [[[-118.346450852577, 34.0364784039644], [-118.350276165619, 34.0309676449947], [-118.357920949061, 34.0309699662381], [-118.361741409404, 34.0364830476385], [-118.357916591334, 34.0419941569681], [-118.350270817948, 34.0419918345376], [-118.346450852577, 34.0364784039644]]]}}, {"type": "Feature", "properties": {"OBJECTID": 1103, "GRID_ID": null, "has_data": false}, "geometry": {"type": "Polygon", "coordinates": [[[-118.507196440546, 34.1797453016623], [-118.511017766865, 34.1742296942379], [-118.518675451013, 34.1742220399574], [-118.522512804175, 34.1797299903855], [-118.518691978217, 34.1852459479359], [-118.511033297838, 34.1852536056751], [-118.507196440546, 34.1797453016623]]]}}, {"type": "Feature", "properties": {"OBJECTID": 1104, "GRID_ID": null, "has_data": false}, "geometry": {"type": "Polygon", "coordinates": [[[-118.334979271177, 34.041985770165], [-118.338805574163, 34.0364753726977], [-118.346450852577, 34.0364784039644], [-118.350270817948, 34.0419918345376], [-118.346445009036, 34.0475025829435], [-118.338798741577, 34.0474995505822], [-118.334979271177, 34.041985770165]]]}}, {"type": "Feature", "properties": {"OBJECTID": 1105, "GRID_ID": null, "has_data": false}, "geometry": {"type": "Polygon", "coordinates": [[[-118.323515016437, 34.0364678898159], [-118.327341813496, 34.0309578426168], [-118.33498659604, 34.0309615835563], [-118.338805574163, 34.0364753726977], [-118.334979271177, 34.041985770165], [-118.32733349869, 34.0419820282229], [-118.323515016437, 34.0364678898159]]]}}, {"type": "Feature", "properties": {"OBJECTID": 1106, "GRID_ID": null, "has_data": false}, "geometry": {"type": "Polygon", "coordinates": [[[-118.323515016437, 34.0364678898159], [-118.327341813496, 34.0309578426168], [-118.33498659604, 34.0309615835563], [-118.338805574163, 34.0364753726977], [-118.334979271177, 34.041985770165], [-118.32733349869, 34.0419820282229], [-118.323515016437, 34.0364678898159]]]}}, {"type": "Feature", "properties": {"OBJECTID": 1107, "GRID_ID": null, "has_data": false}, "geometry": {"type": "Polygon", "coordinates": [[[-118.323515016437, 34.0364678898159], [-118.327341813496, 34.0309578426168], [-118.33498659604, 34.0309615835563], [-118.338805574163, 34.0364753726977], [-118.334979271177, 34.041985770165], [-118.32733349869, 34.0419820282229], [-118.323515016437, 34.0364678898159]]]}}, {"type": "Feature", "properties": {"OBJECTID": 1108, "GRID_ID": null, "has_data": false}, "geometry": {"type": "Polygon", "coordinates": [[[-118.323515016437, 34.0364678898159], [-118.327341813496, 34.0309578426168], [-118.33498659604, 34.0309615835563], [-118.338805574163, 34.0364753726977], [-118.334979271177, 34.041985770165], [-118.32733349869, 34.0419820282229], [-118.323515016437, 34.0364678898159]]]}}, {"type": "Feature", "properties": {"OBJECTID": 1109, "GRID_ID": null, "has_data": false}, "geometry": {"type": "Polygon", "coordinates": [[[-118.495715938875, 34.1852674928959], [-118.499538258731, 34.1797522442401], [-118.507196440546, 34.1797453016623], [-118.511033297838, 34.1852536056751], [-118.507211477445, 34.1907692042897], [-118.499552299399, 34.1907761496755], [-118.495715938875, 34.1852674928959]]]}}, {"type": "Feature", "properties": {"OBJECTID": 1110, "GRID_ID": null, "has_data": false}, "geometry": {"type": "Polygon", "coordinates": [[[-118.312041951919, 34.0419731240822], [-118.315869738921, 34.0364634389451], [-118.323515016437, 34.0364678898159], [-118.32733349869, 34.0419820282229], [-118.323506204862, 34.0474920642071], [-118.315859938302, 34.0474876116818], [-118.312041951919, 34.0419731240822]]]}}, {"type": "Feature", "properties": {"OBJECTID": 1111, "GRID_ID": null, "has_data": false}, "geometry": {"type": "Polygon", "coordinates": [[[-118.312041951919, 34.0419731240822], [-118.315869738921, 34.0364634389451], [-118.323515016437, 34.0364678898159], [-118.32733349869, 34.0419820282229], [-118.323506204862, 34.0474920642071], [-118.315859938302, 34.0474876116818], [-118.312041951919, 34.0419731240822]]]}}, {"type": "Feature", "properties": {"OBJECTID": 1112, "GRID_ID": null, "has_data": false}, "geometry": {"type": "Polygon", "coordinates": [[[-118.484221896, 34.1797647017885], [-118.488044716218, 34.1742498039076], [-118.495702399467, 34.1742435758413], [-118.499538258731, 34.1797522442401], [-118.495715938875, 34.1852674928959], [-118.488057258496, 34.1852737231209], [-118.484221896, 34.1797647017885]]]}}, {"type": "Feature", "properties": {"OBJECTID": 1113, "GRID_ID": null, "has_data": false}, "geometry": {"type": "Polygon", "coordinates": [[[-118.300579180297, 34.0364531168544], [-118.304407460475, 34.0309437826383], [-118.312052243917, 34.0309489425301], [-118.315869738921, 34.0364634389451], [-118.312041951919, 34.0419731240822], [-118.304396178533, 34.0419679618836], [-118.300579180297, 34.0364531168544]]]}}, {"type": "Feature", "properties": {"OBJECTID": 1114, "GRID_ID": null, "has_data": false}, "geometry": {"type": "Polygon", "coordinates": [[[-118.289104630864, 34.0419562179734], [-118.292933901883, 34.0364472463787], [-118.300579180297, 34.0364531168544], [-118.304396178533, 34.0419679618836], [-118.300567400689, 34.0474772857225], [-118.29292113323, 34.0474714122883], [-118.289104630864, 34.0419562179734]]]}}, {"type": "Feature", "properties": {"OBJECTID": 1115, "GRID_ID": null, "has_data": false}, "geometry": {"type": "Polygon", "coordinates": [[[-118.289104630864, 34.0419562179734], [-118.292933901883, 34.0364472463787], [-118.300579180297, 34.0364531168544], [-118.304396178533, 34.0419679618836], [-118.300567400689, 34.0474772857225], [-118.29292113323, 34.0474714122883], [-118.289104630864, 34.0419562179734]]]}}, {"type": "Feature", "properties": {"OBJECTID": 1116, "GRID_ID": null, "has_data": false}, "geometry": {"type": "Polygon", "coordinates": [[[-118.289104630864, 34.0419562179734], [-118.292933901883, 34.0364472463787], [-118.300579180297, 34.0364531168544], [-118.304396178533, 34.0419679618836], [-118.300567400689, 34.0474772857225], [-118.29292113323, 34.0474714122883], [-118.289104630864, 34.0419562179734]]]}}, {"type": "Feature", "properties": {"OBJECTID": 1117, "GRID_ID": null, "has_data": false}, "geometry": {"type": "Polygon", "coordinates": [[[-118.289104630864, 34.0419562179734], [-118.292933901883, 34.0364472463787], [-118.300579180297, 34.0364531168544], [-118.304396178533, 34.0419679618836], [-118.300567400689, 34.0474772857225], [-118.29292113323, 34.0474714122883], [-118.289104630864, 34.0419562179734]]]}}, {"type": "Feature", "properties": {"OBJECTID": 1118, "GRID_ID": null, "has_data": false}, "geometry": {"type": "Polygon", "coordinates": [[[-118.289104630864, 34.0419562179734], [-118.292933901883, 34.0364472463787], [-118.300579180297, 34.0364531168544], [-118.304396178533, 34.0419679618836], [-118.300567400689, 34.0474772857225], [-118.29292113323, 34.0474714122883], [-118.289104630864, 34.0419562179734]]]}}, {"type": "Feature", "properties": {"OBJECTID": 1119, "GRID_ID": null, "has_data": false}, "geometry": {"type": "Polygon", "coordinates": [[[-118.289104630864, 34.0419562179734], [-118.292933901883, 34.0364472463787], [-118.300579180297, 34.0364531168544], [-118.304396178533, 34.0419679618836], [-118.300567400689, 34.0474772857225], [-118.29292113323, 34.0474714122883], [-118.289104630864, 34.0419562179734]]]}}, {"type": "Feature", "properties": {"OBJECTID": 1120, "GRID_ID": null, "has_data": false}, "geometry": {"type": "Polygon", "coordinates": [[[-118.289104630864, 34.0419562179734], [-118.292933901883, 34.0364472463787], [-118.300579180297, 34.0364531168544], [-118.304396178533, 34.0419679618836], [-118.300567400689, 34.0474772857225], [-118.29292113323, 34.0474714122883], [-118.289104630864, 34.0419562179734]]]}}, {"type": "Feature", "properties": {"OBJECTID": 1121, "GRID_ID": null, "has_data": false}, "geometry": {"type": "Polygon", "coordinates": [[[-118.289104630864, 34.0419562179734], [-118.292933901883, 34.0364472463787], [-118.300579180297, 34.0364531168544], [-118.304396178533, 34.0419679618836], [-118.300567400689, 34.0474772857225], [-118.29292113323, 34.0474714122883], [-118.289104630864, 34.0419562179734]]]}}, {"type": "Feature", "properties": {"OBJECTID": 1122, "GRID_ID": null, "has_data": false}, "geometry": {"type": "Polygon", "coordinates": [[[-118.289104630864, 34.0419562179734], [-118.292933901883, 34.0364472463787], [-118.300579180297, 34.0364531168544], [-118.304396178533, 34.0419679618836], [-118.300567400689, 34.0474772857225], [-118.29292113323, 34.0474714122883], [-118.289104630864, 34.0419562179734]]]}}, {"type": "Feature", "properties": {"OBJECTID": 1123, "GRID_ID": null, "has_data": false}, "geometry": {"type": "Polygon", "coordinates": [[[-118.289104630864, 34.0419562179734], [-118.292933901883, 34.0364472463787], [-118.300579180297, 34.0364531168544], [-118.304396178533, 34.0419679618836], [-118.300567400689, 34.0474772857225], [-118.29292113323, 34.0474714122883], [-118.289104630864, 34.0419562179734]]]}}, {"type": "Feature", "properties": {"OBJECTID": 1124, "GRID_ID": null, "has_data": false}, "geometry": {"type": "Polygon", "coordinates": [[[-118.289104630864, 34.0419562179734], [-118.292933901883, 34.0364472463787], [-118.300579180297, 34.0364531168544], [-118.304396178533, 34.0419679618836], [-118.300567400689, 34.0474772857225], [-118.29292113323, 34.0474714122883], [-118.289104630864, 34.0419562179734]]]}}, {"type": "Feature", "properties": {"OBJECTID": 1125, "GRID_ID": null, "has_data": false}, "geometry": {"type": "Polygon", "coordinates": [[[-118.289104630864, 34.0419562179734], [-118.292933901883, 34.0364472463787], [-118.300579180297, 34.0364531168544], [-118.304396178533, 34.0419679618836], [-118.300567400689, 34.0474772857225], [-118.29292113323, 34.0474714122883], [-118.289104630864, 34.0419562179734]]]}}, {"type": "Feature", "properties": {"OBJECTID": 1126, "GRID_ID": null, "has_data": false}, "geometry": {"type": "Polygon", "coordinates": [[[-118.289104630864, 34.0419562179734], [-118.292933901883, 34.0364472463787], [-118.300579180297, 34.0364531168544], [-118.304396178533, 34.0419679618836], [-118.300567400689, 34.0474772857225], [-118.29292113323, 34.0474714122883], [-118.289104630864, 34.0419562179734]]]}}, {"type": "Feature", "properties": {"OBJECTID": 1127, "GRID_ID": null, "has_data": false}, "geometry": {"type": "Polygon", "coordinates": [[[-118.472739899533, 34.1852847553145], [-118.476563714186, 34.1797702167594], [-118.484221896, 34.1797647017885], [-118.488057258496, 34.1852737231209], [-118.484233944205, 34.1907886122836], [-118.476574766159, 34.1907941295061], [-118.472739899533, 34.1852847553145]]]}}, {"type": "Feature", "properties": {"OBJECTID": 1128, "GRID_ID": null, "has_data": false}, "geometry": {"type": "Polygon", "coordinates": [[[-118.277643343259, 34.0364340850776], [-118.281473105657, 34.0309254643128], [-118.289117890896, 34.0309320431576], [-118.292933901883, 34.0364472463787], [-118.289104630864, 34.0419562179734], [-118.281458857478, 34.0419496362617], [-118.277643343259, 34.0364340850776]]]}}, {"type": "Feature", "properties": {"OBJECTID": 1129, "GRID_ID": null, "has_data": false}, "geometry": {"type": "Polygon", "coordinates": [[[-118.277643343259, 34.0364340850776], [-118.281473105657, 34.0309254643128], [-118.289117890896, 34.0309320431576], [-118.292933901883, 34.0364472463787], [-118.289104630864, 34.0419562179734], [-118.281458857478, 34.0419496362617], [-118.277643343259, 34.0364340850776]]]}}, {"type": "Feature", "properties": {"OBJECTID": 1130, "GRID_ID": null, "has_data": false}, "geometry": {"type": "Polygon", "coordinates": [[[-118.277643343259, 34.0364340850776], [-118.281473105657, 34.0309254643128], [-118.289117890896, 34.0309320431576], [-118.292933901883, 34.0364472463787], [-118.289104630864, 34.0419562179734], [-118.281458857478, 34.0419496362617], [-118.277643343259, 34.0364340850776]]]}}, {"type": "Feature", "properties": {"OBJECTID": 1131, "GRID_ID": null, "has_data": false}, "geometry": {"type": "Polygon", "coordinates": [[[-118.277643343259, 34.0364340850776], [-118.281473105657, 34.0309254643128], [-118.289117890896, 34.0309320431576], [-118.292933901883, 34.0364472463787], [-118.289104630864, 34.0419562179734], [-118.281458857478, 34.0419496362617], [-118.277643343259, 34.0364340850776]]]}}, {"type": "Feature", "properties": {"OBJECTID": 1132, "GRID_ID": null, "has_data": false}, "geometry": {"type": "Polygon", "coordinates": [[[-118.277643343259, 34.0364340850776], [-118.281473105657, 34.0309254643128], [-118.289117890896, 34.0309320431576], [-118.292933901883, 34.0364472463787], [-118.289104630864, 34.0419562179734], [-118.281458857478, 34.0419496362617], [-118.277643343259, 34.0364340850776]]]}}, {"type": "Feature", "properties": {"OBJECTID": 1133, "GRID_ID": null, "has_data": false}, "geometry": {"type": "Polygon", "coordinates": [[[-118.277643343259, 34.0364340850776], [-118.281473105657, 34.0309254643128], [-118.289117890896, 34.0309320431576], [-118.292933901883, 34.0364472463787], [-118.289104630864, 34.0419562179734], [-118.281458857478, 34.0419496362617], [-118.277643343259, 34.0364340850776]]]}}, {"type": "Feature", "properties": {"OBJECTID": 1134, "GRID_ID": null, "has_data": false}, "geometry": {"type": "Polygon", "coordinates": [[[-118.277643343259, 34.0364340850776], [-118.281473105657, 34.0309254643128], [-118.289117890896, 34.0309320431576], [-118.292933901883, 34.0364472463787], [-118.289104630864, 34.0419562179734], [-118.281458857478, 34.0419496362617], [-118.277643343259, 34.0364340850776]]]}}, {"type": "Feature", "properties": {"OBJECTID": 1135, "GRID_ID": null, "has_data": false}, "geometry": {"type": "Polygon", "coordinates": [[[-118.277643343259, 34.0364340850776], [-118.281473105657, 34.0309254643128], [-118.289117890896, 34.0309320431576], [-118.292933901883, 34.0364472463787], [-118.289104630864, 34.0419562179734], [-118.281458857478, 34.0419496362617], [-118.277643343259, 34.0364340850776]]]}}, {"type": "Feature", "properties": {"OBJECTID": 1136, "GRID_ID": null, "has_data": false}, "geometry": {"type": "Polygon", "coordinates": [[[-118.277643343259, 34.0364340850776], [-118.281473105657, 34.0309254643128], [-118.289117890896, 34.0309320431576], [-118.292933901883, 34.0364472463787], [-118.289104630864, 34.0419562179734], [-118.281458857478, 34.0419496362617], [-118.277643343259, 34.0364340850776]]]}}, {"type": "Feature", "properties": {"OBJECTID": 1137, "GRID_ID": null, "has_data": false}, "geometry": {"type": "Polygon", "coordinates": [[[-118.277643343259, 34.0364340850776], [-118.281473105657, 34.0309254643128], [-118.289117890896, 34.0309320431576], [-118.292933901883, 34.0364472463787], [-118.289104630864, 34.0419562179734], [-118.281458857478, 34.0419496362617], [-118.277643343259, 34.0364340850776]]]}}, {"type": "Feature", "properties": {"OBJECTID": 1138, "GRID_ID": null, "has_data": false}, "geometry": {"type": "Polygon", "coordinates": [[[-118.277643343259, 34.0364340850776], [-118.281473105657, 34.0309254643128], [-118.289117890896, 34.0309320431576], [-118.292933901883, 34.0364472463787], [-118.289104630864, 34.0419562179734], [-118.281458857478, 34.0419496362617], [-118.277643343259, 34.0364340850776]]]}}, {"type": "Feature", "properties": {"OBJECTID": 1139, "GRID_ID": null, "has_data": false}, "geometry": {"type": "Polygon", "coordinates": [[[-118.277643343259, 34.0364340850776], [-118.281473105657, 34.0309254643128], [-118.289117890896, 34.0309320431576], [-118.292933901883, 34.0364472463787], [-118.289104630864, 34.0419562179734], [-118.281458857478, 34.0419496362617], [-118.277643343259, 34.0364340850776]]]}}, {"type": "Feature", "properties": {"OBJECTID": 1140, "GRID_ID": null, "has_data": false}, "geometry": {"type": "Polygon", "coordinates": [[[-118.266167309809, 34.0419350533247], [-118.269998063048, 34.0364267949963], [-118.277643343259, 34.0364340850776], [-118.281458857478, 34.0419496362617], [-118.277628596515, 34.047458245999], [-118.26998232726, 34.0474509531436], [-118.266167309809, 34.0419350533247]]]}}, {"type": "Feature", "properties": {"OBJECTID": 1141, "GRID_ID": null, "has_data": false}, "geometry": {"type": "Polygon", "coordinates": [[[-118.266167309809, 34.0419350533247], [-118.269998063048, 34.0364267949963], [-118.277643343259, 34.0364340850776], [-118.281458857478, 34.0419496362617], [-118.277628596515, 34.047458245999], [-118.26998232726, 34.0474509531436], [-118.266167309809, 34.0419350533247]]]}}, {"type": "Feature", "properties": {"OBJECTID": 1142, "GRID_ID": null, "has_data": false}, "geometry": {"type": "Polygon", "coordinates": [[[-118.266167309809, 34.0419350533247], [-118.269998063048, 34.0364267949963], [-118.277643343259, 34.0364340850776], [-118.281458857478, 34.0419496362617], [-118.277628596515, 34.047458245999], [-118.26998232726, 34.0474509531436], [-118.266167309809, 34.0419350533247]]]}}, {"type": "Feature", "properties": {"OBJECTID": 1143, "GRID_ID": null, "has_data": false}, "geometry": {"type": "Polygon", "coordinates": [[[-118.266167309809, 34.0419350533247], [-118.269998063048, 34.0364267949963], [-118.277643343259, 34.0364340850776], [-118.281458857478, 34.0419496362617], [-118.277628596515, 34.047458245999], [-118.26998232726, 34.0474509531436], [-118.266167309809, 34.0419350533247]]]}}, {"type": "Feature", "properties": {"OBJECTID": 1144, "GRID_ID": null, "has_data": false}, "geometry": {"type": "Polygon", "coordinates": [[[-118.266167309809, 34.0419350533247], [-118.269998063048, 34.0364267949963], [-118.277643343259, 34.0364340850776], [-118.281458857478, 34.0419496362617], [-118.277628596515, 34.047458245999], [-118.26998232726, 34.0474509531436], [-118.266167309809, 34.0419350533247]]]}}, {"type": "Feature", "properties": {"OBJECTID": 1145, "GRID_ID": null, "has_data": false}, "geometry": {"type": "Polygon", "coordinates": [[[-118.266167309809, 34.0419350533247], [-118.269998063048, 34.0364267949963], [-118.277643343259, 34.0364340850776], [-118.281458857478, 34.0419496362617], [-118.277628596515, 34.047458245999], [-118.26998232726, 34.0474509531436], [-118.266167309809, 34.0419350533247]]]}}, {"type": "Feature", "properties": {"OBJECTID": 1146, "GRID_ID": null, "has_data": false}, "geometry": {"type": "Polygon", "coordinates": [[[-118.266167309809, 34.0419350533247], [-118.269998063048, 34.0364267949963], [-118.277643343259, 34.0364340850776], [-118.281458857478, 34.0419496362617], [-118.277628596515, 34.047458245999], [-118.26998232726, 34.0474509531436], [-118.266167309809, 34.0419350533247]]]}}, {"type": "Feature", "properties": {"OBJECTID": 1147, "GRID_ID": null, "has_data": false}, "geometry": {"type": "Polygon", "coordinates": [[[-118.266167309809, 34.0419350533247], [-118.269998063048, 34.0364267949963], [-118.277643343259, 34.0364340850776], [-118.281458857478, 34.0419496362617], [-118.277628596515, 34.047458245999], [-118.26998232726, 34.0474509531436], [-118.266167309809, 34.0419350533247]]]}}, {"type": "Feature", "properties": {"OBJECTID": 1148, "GRID_ID": null, "has_data": false}, "geometry": {"type": "Polygon", "coordinates": [[[-118.266167309809, 34.0419350533247], [-118.269998063048, 34.0364267949963], [-118.277643343259, 34.0364340850776], [-118.281458857478, 34.0419496362617], [-118.277628596515, 34.047458245999], [-118.26998232726, 34.0474509531436], [-118.266167309809, 34.0419350533247]]]}}, {"type": "Feature", "properties": {"OBJECTID": 1149, "GRID_ID": null, "has_data": false}, "geometry": {"type": "Polygon", "coordinates": [[[-118.266167309809, 34.0419350533247], [-118.269998063048, 34.0364267949963], [-118.277643343259, 34.0364340850776], [-118.281458857478, 34.0419496362617], [-118.277628596515, 34.047458245999], [-118.26998232726, 34.0474509531436], [-118.266167309809, 34.0419350533247]]]}}, {"type": "Feature", "properties": {"OBJECTID": 1150, "GRID_ID": null, "has_data": false}, "geometry": {"type": "Polygon", "coordinates": [[[-118.266167309809, 34.0419350533247], [-118.269998063048, 34.0364267949963], [-118.277643343259, 34.0364340850776], [-118.281458857478, 34.0419496362617], [-118.277628596515, 34.047458245999], [-118.26998232726, 34.0474509531436], [-118.266167309809, 34.0419350533247]]]}}, {"type": "Feature", "properties": {"OBJECTID": 1151, "GRID_ID": null, "has_data": false}, "geometry": {"type": "Polygon", "coordinates": [[[-118.266167309809, 34.0419350533247], [-118.269998063048, 34.0364267949963], [-118.277643343259, 34.0364340850776], [-118.281458857478, 34.0419496362617], [-118.277628596515, 34.047458245999], [-118.26998232726, 34.0474509531436], [-118.266167309809, 34.0419350533247]]]}}, {"type": "Feature", "properties": {"OBJECTID": 1152, "GRID_ID": null, "has_data": false}, "geometry": {"type": "Polygon", "coordinates": [[[-118.266167309809, 34.0419350533247], [-118.269998063048, 34.0364267949963], [-118.277643343259, 34.0364340850776], [-118.281458857478, 34.0419496362617], [-118.277628596515, 34.047458245999], [-118.26998232726, 34.0474509531436], [-118.266167309809, 34.0419350533247]]]}}, {"type": "Feature", "properties": {"OBJECTID": 1153, "GRID_ID": null, "has_data": false}, "geometry": {"type": "Polygon", "coordinates": [[[-118.266167309809, 34.0419350533247], [-118.269998063048, 34.0364267949963], [-118.277643343259, 34.0364340850776], [-118.281458857478, 34.0419496362617], [-118.277628596515, 34.047458245999], [-118.26998232726, 34.0474509531436], [-118.266167309809, 34.0419350533247]]]}}, {"type": "Feature", "properties": {"OBJECTID": 1154, "GRID_ID": null, "has_data": false}, "geometry": {"type": "Polygon", "coordinates": [[[-118.266167309809, 34.0419350533247], [-118.269998063048, 34.0364267949963], [-118.277643343259, 34.0364340850776], [-118.281458857478, 34.0419496362617], [-118.277628596515, 34.047458245999], [-118.26998232726, 34.0474509531436], [-118.266167309809, 34.0419350533247]]]}}, {"type": "Feature", "properties": {"OBJECTID": 1155, "GRID_ID": null, "has_data": false}, "geometry": {"type": "Polygon", "coordinates": [[[-118.266167309809, 34.0419350533247], [-118.269998063048, 34.0364267949963], [-118.277643343259, 34.0364340850776], [-118.281458857478, 34.0419496362617], [-118.277628596515, 34.047458245999], [-118.26998232726, 34.0474509531436], [-118.266167309809, 34.0419350533247]]]}}, {"type": "Feature", "properties": {"OBJECTID": 1156, "GRID_ID": null, "has_data": false}, "geometry": {"type": "Polygon", "coordinates": [[[-118.266167309809, 34.0419350533247], [-118.269998063048, 34.0364267949963], [-118.277643343259, 34.0364340850776], [-118.281458857478, 34.0419496362617], [-118.277628596515, 34.047458245999], [-118.26998232726, 34.0474509531436], [-118.266167309809, 34.0419350533247]]]}}, {"type": "Feature", "properties": {"OBJECTID": 1157, "GRID_ID": null, "has_data": false}, "geometry": {"type": "Polygon", "coordinates": [[[-118.266167309809, 34.0419350533247], [-118.269998063048, 34.0364267949963], [-118.277643343259, 34.0364340850776], [-118.281458857478, 34.0419496362617], [-118.277628596515, 34.047458245999], [-118.26998232726, 34.0474509531436], [-118.266167309809, 34.0419350533247]]]}}, {"type": "Feature", "properties": {"OBJECTID": 1158, "GRID_ID": null, "has_data": false}, "geometry": {"type": "Polygon", "coordinates": [[[-118.266167309809, 34.0419350533247], [-118.269998063048, 34.0364267949963], [-118.277643343259, 34.0364340850776], [-118.281458857478, 34.0419496362617], [-118.277628596515, 34.047458245999], [-118.26998232726, 34.0474509531436], [-118.266167309809, 34.0419350533247]]]}}, {"type": "Feature", "properties": {"OBJECTID": 1159, "GRID_ID": null, "has_data": false}, "geometry": {"type": "Polygon", "coordinates": [[[-118.266167309809, 34.0419350533247], [-118.269998063048, 34.0364267949963], [-118.277643343259, 34.0364340850776], [-118.281458857478, 34.0419496362617], [-118.277628596515, 34.047458245999], [-118.26998232726, 34.0474509531436], [-118.266167309809, 34.0419350533247]]]}}, {"type": "Feature", "properties": {"OBJECTID": 1160, "GRID_ID": null, "has_data": false}, "geometry": {"type": "Polygon", "coordinates": [[[-118.266167309809, 34.0419350533247], [-118.269998063048, 34.0364267949963], [-118.277643343259, 34.0364340850776], [-118.281458857478, 34.0419496362617], [-118.277628596515, 34.047458245999], [-118.26998232726, 34.0474509531436], [-118.266167309809, 34.0419350533247]]]}}, {"type": "Feature", "properties": {"OBJECTID": 1161, "GRID_ID": null, "has_data": false}, "geometry": {"type": "Polygon", "coordinates": [[[-118.266167309809, 34.0419350533247], [-118.269998063048, 34.0364267949963], [-118.277643343259, 34.0364340850776], [-118.281458857478, 34.0419496362617], [-118.277628596515, 34.047458245999], [-118.26998232726, 34.0474509531436], [-118.266167309809, 34.0419350533247]]]}}, {"type": "Feature", "properties": {"OBJECTID": 1162, "GRID_ID": null, "has_data": false}, "geometry": {"type": "Polygon", "coordinates": [[[-118.266167309809, 34.0419350533247], [-118.269998063048, 34.0364267949963], [-118.277643343259, 34.0364340850776], [-118.281458857478, 34.0419496362617], [-118.277628596515, 34.047458245999], [-118.26998232726, 34.0474509531436], [-118.266167309809, 34.0419350533247]]]}}, {"type": "Feature", "properties": {"OBJECTID": 1163, "GRID_ID": null, "has_data": false}, "geometry": {"type": "Polygon", "coordinates": [[[-118.266167309809, 34.0419350533247], [-118.269998063048, 34.0364267949963], [-118.277643343259, 34.0364340850776], [-118.281458857478, 34.0419496362617], [-118.277628596515, 34.047458245999], [-118.26998232726, 34.0474509531436], [-118.266167309809, 34.0419350533247]]]}}, {"type": "Feature", "properties": {"OBJECTID": 1164, "GRID_ID": null, "has_data": false}, "geometry": {"type": "Polygon", "coordinates": [[[-118.266167309809, 34.0419350533247], [-118.269998063048, 34.0364267949963], [-118.277643343259, 34.0364340850776], [-118.281458857478, 34.0419496362617], [-118.277628596515, 34.047458245999], [-118.26998232726, 34.0474509531436], [-118.266167309809, 34.0419350533247]]]}}, {"type": "Feature", "properties": {"OBJECTID": 1165, "GRID_ID": null, "has_data": false}, "geometry": {"type": "Polygon", "coordinates": [[[-118.266167309809, 34.0419350533247], [-118.269998063048, 34.0364267949963], [-118.277643343259, 34.0364340850776], [-118.281458857478, 34.0419496362617], [-118.277628596515, 34.047458245999], [-118.26998232726, 34.0474509531436], [-118.266167309809, 34.0419350533247]]]}}, {"type": "Feature", "properties": {"OBJECTID": 1166, "GRID_ID": null, "has_data": false}, "geometry": {"type": "Polygon", "coordinates": [[[-118.266167309809, 34.0419350533247], [-118.269998063048, 34.0364267949963], [-118.277643343259, 34.0364340850776], [-118.281458857478, 34.0419496362617], [-118.277628596515, 34.047458245999], [-118.26998232726, 34.0474509531436], [-118.266167309809, 34.0419350533247]]]}}, {"type": "Feature", "properties": {"OBJECTID": 1167, "GRID_ID": null, "has_data": false}, "geometry": {"type": "Polygon", "coordinates": [[[-118.266167309809, 34.0419350533247], [-118.269998063048, 34.0364267949963], [-118.277643343259, 34.0364340850776], [-118.281458857478, 34.0419496362617], [-118.277628596515, 34.047458245999], [-118.26998232726, 34.0474509531436], [-118.266167309809, 34.0419350533247]]]}}, {"type": "Feature", "properties": {"OBJECTID": 1168, "GRID_ID": null, "has_data": false}, "geometry": {"type": "Polygon", "coordinates": [[[-118.461247351455, 34.1797798198382], [-118.465071665571, 34.1742656319637], [-118.472729347922, 34.1742608315971], [-118.476563714186, 34.1797702167594], [-118.472739899533, 34.1852847553145], [-118.46508122095, 34.1852895580264], [-118.461247351455, 34.1797798198382]]]}}, {"type": "Feature", "properties": {"OBJECTID": 1169, "GRID_ID": null, "has_data": false}, "geometry": {"type": "Polygon", "coordinates": [[[-118.254707504424, 34.0364107952272], [-118.258538750839, 34.0309028883821], [-118.266183536078, 34.0309108869252], [-118.269998063048, 34.0364267949963], [-118.266167309809, 34.0419350533247], [-118.258521535525, 34.0419270513548], [-118.254707504424, 34.0364107952272]]]}}, {"type": "Feature", "properties": {"OBJECTID": 1170, "GRID_ID": null, "has_data": false}, "geometry": {"type": "Polygon", "coordinates": [[[-118.254707504424, 34.0364107952272], [-118.258538750839, 34.0309028883821], [-118.266183536078, 34.0309108869252], [-118.269998063048, 34.0364267949963], [-118.266167309809, 34.0419350533247], [-118.258521535525, 34.0419270513548], [-118.254707504424, 34.0364107952272]]]}}, {"type": "Feature", "properties": {"OBJECTID": 1171, "GRID_ID": null, "has_data": false}, "geometry": {"type": "Polygon", "coordinates": [[[-118.254707504424, 34.0364107952272], [-118.258538750839, 34.0309028883821], [-118.266183536078, 34.0309108869252], [-118.269998063048, 34.0364267949963], [-118.266167309809, 34.0419350533247], [-118.258521535525, 34.0419270513548], [-118.254707504424, 34.0364107952272]]]}}, {"type": "Feature", "properties": {"OBJECTID": 1172, "GRID_ID": null, "has_data": false}, "geometry": {"type": "Polygon", "coordinates": [[[-118.254707504424, 34.0364107952272], [-118.258538750839, 34.0309028883821], [-118.266183536078, 34.0309108869252], [-118.269998063048, 34.0364267949963], [-118.266167309809, 34.0419350533247], [-118.258521535525, 34.0419270513548], [-118.254707504424, 34.0364107952272]]]}}, {"type": "Feature", "properties": {"OBJECTID": 1173, "GRID_ID": null, "has_data": false}, "geometry": {"type": "Polygon", "coordinates": [[[-118.254707504424, 34.0364107952272], [-118.258538750839, 34.0309028883821], [-118.266183536078, 34.0309108869252], [-118.269998063048, 34.0364267949963], [-118.266167309809, 34.0419350533247], [-118.258521535525, 34.0419270513548], [-118.254707504424, 34.0364107952272]]]}}, {"type": "Feature", "properties": {"OBJECTID": 1174, "GRID_ID": null, "has_data": false}, "geometry": {"type": "Polygon", "coordinates": [[[-118.254707504424, 34.0364107952272], [-118.258538750839, 34.0309028883821], [-118.266183536078, 34.0309108869252], [-118.269998063048, 34.0364267949963], [-118.266167309809, 34.0419350533247], [-118.258521535525, 34.0419270513548], [-118.254707504424, 34.0364107952272]]]}}, {"type": "Feature", "properties": {"OBJECTID": 1175, "GRID_ID": null, "has_data": false}, "geometry": {"type": "Polygon", "coordinates": [[[-118.254707504424, 34.0364107952272], [-118.258538750839, 34.0309028883821], [-118.266183536078, 34.0309108869252], [-118.269998063048, 34.0364267949963], [-118.266167309809, 34.0419350533247], [-118.258521535525, 34.0419270513548], [-118.254707504424, 34.0364107952272]]]}}, {"type": "Feature", "properties": {"OBJECTID": 1176, "GRID_ID": null, "has_data": false}, "geometry": {"type": "Polygon", "coordinates": [[[-118.254707504424, 34.0364107952272], [-118.258538750839, 34.0309028883821], [-118.266183536078, 34.0309108869252], [-118.269998063048, 34.0364267949963], [-118.266167309809, 34.0419350533247], [-118.258521535525, 34.0419270513548], [-118.254707504424, 34.0364107952272]]]}}, {"type": "Feature", "properties": {"OBJECTID": 1177, "GRID_ID": null, "has_data": false}, "geometry": {"type": "Polygon", "coordinates": [[[-118.254707504424, 34.0364107952272], [-118.258538750839, 34.0309028883821], [-118.266183536078, 34.0309108869252], [-118.269998063048, 34.0364267949963], [-118.266167309809, 34.0419350533247], [-118.258521535525, 34.0419270513548], [-118.254707504424, 34.0364107952272]]]}}, {"type": "Feature", "properties": {"OBJECTID": 1178, "GRID_ID": null, "has_data": false}, "geometry": {"type": "Polygon", "coordinates": [[[-118.254707504424, 34.0364107952272], [-118.258538750839, 34.0309028883821], [-118.266183536078, 34.0309108869252], [-118.269998063048, 34.0364267949963], [-118.266167309809, 34.0419350533247], [-118.258521535525, 34.0419270513548], [-118.254707504424, 34.0364107952272]]]}}, {"type": "Feature", "properties": {"OBJECTID": 1179, "GRID_ID": null, "has_data": false}, "geometry": {"type": "Polygon", "coordinates": [[[-118.254707504424, 34.0364107952272], [-118.258538750839, 34.0309028883821], [-118.266183536078, 34.0309108869252], [-118.269998063048, 34.0364267949963], [-118.266167309809, 34.0419350533247], [-118.258521535525, 34.0419270513548], [-118.254707504424, 34.0364107952272]]]}}, {"type": "Feature", "properties": {"OBJECTID": 1180, "GRID_ID": null, "has_data": false}, "geometry": {"type": "Polygon", "coordinates": [[[-118.254707504424, 34.0364107952272], [-118.258538750839, 34.0309028883821], [-118.266183536078, 34.0309108869252], [-118.269998063048, 34.0364267949963], [-118.266167309809, 34.0419350533247], [-118.258521535525, 34.0419270513548], [-118.254707504424, 34.0364107952272]]]}}, {"type": "Feature", "properties": {"OBJECTID": 1181, "GRID_ID": null, "has_data": false}, "geometry": {"type": "Polygon", "coordinates": [[[-118.254707504424, 34.0364107952272], [-118.258538750839, 34.0309028883821], [-118.266183536078, 34.0309108869252], [-118.269998063048, 34.0364267949963], [-118.266167309809, 34.0419350533247], [-118.258521535525, 34.0419270513548], [-118.254707504424, 34.0364107952272]]]}}, {"type": "Feature", "properties": {"OBJECTID": 1182, "GRID_ID": null, "has_data": false}, "geometry": {"type": "Polygon", "coordinates": [[[-118.254707504424, 34.0364107952272], [-118.258538750839, 34.0309028883821], [-118.266183536078, 34.0309108869252], [-118.269998063048, 34.0364267949963], [-118.266167309809, 34.0419350533247], [-118.258521535525, 34.0419270513548], [-118.254707504424, 34.0364107952272]]]}}, {"type": "Feature", "properties": {"OBJECTID": 1183, "GRID_ID": null, "has_data": false}, "geometry": {"type": "Polygon", "coordinates": [[[-118.254707504424, 34.0364107952272], [-118.258538750839, 34.0309028883821], [-118.266183536078, 34.0309108869252], [-118.269998063048, 34.0364267949963], [-118.266167309809, 34.0419350533247], [-118.258521535525, 34.0419270513548], [-118.254707504424, 34.0364107952272]]]}}, {"type": "Feature", "properties": {"OBJECTID": 1184, "GRID_ID": null, "has_data": false}, "geometry": {"type": "Polygon", "coordinates": [[[-118.254707504424, 34.0364107952272], [-118.258538750839, 34.0309028883821], [-118.266183536078, 34.0309108869252], [-118.269998063048, 34.0364267949963], [-118.266167309809, 34.0419350533247], [-118.258521535525, 34.0419270513548], [-118.254707504424, 34.0364107952272]]]}}, {"type": "Feature", "properties": {"OBJECTID": 1185, "GRID_ID": null, "has_data": false}, "geometry": {"type": "Polygon", "coordinates": [[[-118.254707504424, 34.0364107952272], [-118.258538750839, 34.0309028883821], [-118.266183536078, 34.0309108869252], [-118.269998063048, 34.0364267949963], [-118.266167309809, 34.0419350533247], [-118.258521535525, 34.0419270513548], [-118.254707504424, 34.0364107952272]]]}}, {"type": "Feature", "properties": {"OBJECTID": 1186, "GRID_ID": null, "has_data": false}, "geometry": {"type": "Polygon", "coordinates": [[[-118.254707504424, 34.0364107952272], [-118.258538750839, 34.0309028883821], [-118.266183536078, 34.0309108869252], [-118.269998063048, 34.0364267949963], [-118.266167309809, 34.0419350533247], [-118.258521535525, 34.0419270513548], [-118.254707504424, 34.0364107952272]]]}}, {"type": "Feature", "properties": {"OBJECTID": 1187, "GRID_ID": null, "has_data": false}, "geometry": {"type": "Polygon", "coordinates": [[[-118.254707504424, 34.0364107952272], [-118.258538750839, 34.0309028883821], [-118.266183536078, 34.0309108869252], [-118.269998063048, 34.0364267949963], [-118.266167309809, 34.0419350533247], [-118.258521535525, 34.0419270513548], [-118.254707504424, 34.0364107952272]]]}}, {"type": "Feature", "properties": {"OBJECTID": 1188, "GRID_ID": null, "has_data": false}, "geometry": {"type": "Polygon", "coordinates": [[[-118.254707504424, 34.0364107952272], [-118.258538750839, 34.0309028883821], [-118.266183536078, 34.0309108869252], [-118.269998063048, 34.0364267949963], [-118.266167309809, 34.0419350533247], [-118.258521535525, 34.0419270513548], [-118.254707504424, 34.0364107952272]]]}}, {"type": "Feature", "properties": {"OBJECTID": 1189, "GRID_ID": null, "has_data": false}, "geometry": {"type": "Polygon", "coordinates": [[[-118.254707504424, 34.0364107952272], [-118.258538750839, 34.0309028883821], [-118.266183536078, 34.0309108869252], [-118.269998063048, 34.0364267949963], [-118.266167309809, 34.0419350533247], [-118.258521535525, 34.0419270513548], [-118.254707504424, 34.0364107952272]]]}}, {"type": "Feature", "properties": {"OBJECTID": 1190, "GRID_ID": null, "has_data": false}, "geometry": {"type": "Polygon", "coordinates": [[[-118.254707504424, 34.0364107952272], [-118.258538750839, 34.0309028883821], [-118.266183536078, 34.0309108869252], [-118.269998063048, 34.0364267949963], [-118.266167309809, 34.0419350533247], [-118.258521535525, 34.0419270513548], [-118.254707504424, 34.0364107952272]]]}}, {"type": "Feature", "properties": {"OBJECTID": 1191, "GRID_ID": null, "has_data": false}, "geometry": {"type": "Polygon", "coordinates": [[[-118.243229986957, 34.0419096286444], [-118.247062224214, 34.0364020855392], [-118.254707504424, 34.0364107952272], [-118.258521535525, 34.0419270513548], [-118.254689789647, 34.0474349465223], [-118.247043520391, 34.047426232756], [-118.243229986957, 34.0419096286444]]]}}, {"type": "Feature", "properties": {"OBJECTID": 1192, "GRID_ID": null, "has_data": false}, "geometry": {"type": "Polygon", "coordinates": [[[-118.243229986957, 34.0419096286444], [-118.247062224214, 34.0364020855392], [-118.254707504424, 34.0364107952272], [-118.258521535525, 34.0419270513548], [-118.254689789647, 34.0474349465223], [-118.247043520391, 34.047426232756], [-118.243229986957, 34.0419096286444]]]}}, {"type": "Feature", "properties": {"OBJECTID": 1193, "GRID_ID": null, "has_data": false}, "geometry": {"type": "Polygon", "coordinates": [[[-118.243229986957, 34.0419096286444], [-118.247062224214, 34.0364020855392], [-118.254707504424, 34.0364107952272], [-118.258521535525, 34.0419270513548], [-118.254689789647, 34.0474349465223], [-118.247043520391, 34.047426232756], [-118.243229986957, 34.0419096286444]]]}}, {"type": "Feature", "properties": {"OBJECTID": 1194, "GRID_ID": null, "has_data": false}, "geometry": {"type": "Polygon", "coordinates": [[[-118.243229986957, 34.0419096286444], [-118.247062224214, 34.0364020855392], [-118.254707504424, 34.0364107952272], [-118.258521535525, 34.0419270513548], [-118.254689789647, 34.0474349465223], [-118.247043520391, 34.047426232756], [-118.243229986957, 34.0419096286444]]]}}, {"type": "Feature", "properties": {"OBJECTID": 1195, "GRID_ID": null, "has_data": false}, "geometry": {"type": "Polygon", "coordinates": [[[-118.243229986957, 34.0419096286444], [-118.247062224214, 34.0364020855392], [-118.254707504424, 34.0364107952272], [-118.258521535525, 34.0419270513548], [-118.254689789647, 34.0474349465223], [-118.247043520391, 34.047426232756], [-118.243229986957, 34.0419096286444]]]}}, {"type": "Feature", "properties": {"OBJECTID": 1196, "GRID_ID": null, "has_data": false}, "geometry": {"type": "Polygon", "coordinates": [[[-118.243229986957, 34.0419096286444], [-118.247062224214, 34.0364020855392], [-118.254707504424, 34.0364107952272], [-118.258521535525, 34.0419270513548], [-118.254689789647, 34.0474349465223], [-118.247043520391, 34.047426232756], [-118.243229986957, 34.0419096286444]]]}}, {"type": "Feature", "properties": {"OBJECTID": 1197, "GRID_ID": null, "has_data": false}, "geometry": {"type": "Polygon", "coordinates": [[[-118.243229986957, 34.0419096286444], [-118.247062224214, 34.0364020855392], [-118.254707504424, 34.0364107952272], [-118.258521535525, 34.0419270513548], [-118.254689789647, 34.0474349465223], [-118.247043520391, 34.047426232756], [-118.243229986957, 34.0419096286444]]]}}, {"type": "Feature", "properties": {"OBJECTID": 1198, "GRID_ID": null, "has_data": false}, "geometry": {"type": "Polygon", "coordinates": [[[-118.243229986957, 34.0419096286444], [-118.247062224214, 34.0364020855392], [-118.254707504424, 34.0364107952272], [-118.258521535525, 34.0419270513548], [-118.254689789647, 34.0474349465223], [-118.247043520391, 34.047426232756], [-118.243229986957, 34.0419096286444]]]}}, {"type": "Feature", "properties": {"OBJECTID": 1199, "GRID_ID": null, "has_data": false}, "geometry": {"type": "Polygon", "coordinates": [[[-118.243229986957, 34.0419096286444], [-118.247062224214, 34.0364020855392], [-118.254707504424, 34.0364107952272], [-118.258521535525, 34.0419270513548], [-118.254689789647, 34.0474349465223], [-118.247043520391, 34.047426232756], [-118.243229986957, 34.0419096286444]]]}}, {"type": "Feature", "properties": {"OBJECTID": 1200, "GRID_ID": null, "has_data": false}, "geometry": {"type": "Polygon", "coordinates": [[[-118.243229986957, 34.0419096286444], [-118.247062224214, 34.0364020855392], [-118.254707504424, 34.0364107952272], [-118.258521535525, 34.0419270513548], [-118.254689789647, 34.0474349465223], [-118.247043520391, 34.047426232756], [-118.243229986957, 34.0419096286444]]]}}, {"type": "Feature", "properties": {"OBJECTID": 1201, "GRID_ID": null, "has_data": false}, "geometry": {"type": "Polygon", "coordinates": [[[-118.243229986957, 34.0419096286444], [-118.247062224214, 34.0364020855392], [-118.254707504424, 34.0364107952272], [-118.258521535525, 34.0419270513548], [-118.254689789647, 34.0474349465223], [-118.247043520391, 34.047426232756], [-118.243229986957, 34.0419096286444]]]}}, {"type": "Feature", "properties": {"OBJECTID": 1202, "GRID_ID": null, "has_data": false}, "geometry": {"type": "Polygon", "coordinates": [[[-118.243229986957, 34.0419096286444], [-118.247062224214, 34.0364020855392], [-118.254707504424, 34.0364107952272], [-118.258521535525, 34.0419270513548], [-118.254689789647, 34.0474349465223], [-118.247043520391, 34.047426232756], [-118.243229986957, 34.0419096286444]]]}}, {"type": "Feature", "properties": {"OBJECTID": 1203, "GRID_ID": null, "has_data": false}, "geometry": {"type": "Polygon", "coordinates": [[[-118.243229986957, 34.0419096286444], [-118.247062224214, 34.0364020855392], [-118.254707504424, 34.0364107952272], [-118.258521535525, 34.0419270513548], [-118.254689789647, 34.0474349465223], [-118.247043520391, 34.047426232756], [-118.243229986957, 34.0419096286444]]]}}, {"type": "Feature", "properties": {"OBJECTID": 1204, "GRID_ID": null, "has_data": false}, "geometry": {"type": "Polygon", "coordinates": [[[-118.243229986957, 34.0419096286444], [-118.247062224214, 34.0364020855392], [-118.254707504424, 34.0364107952272], [-118.258521535525, 34.0419270513548], [-118.254689789647, 34.0474349465223], [-118.247043520391, 34.047426232756], [-118.243229986957, 34.0419096286444]]]}}, {"type": "Feature", "properties": {"OBJECTID": 1205, "GRID_ID": null, "has_data": false}, "geometry": {"type": "Polygon", "coordinates": [[[-118.243229986957, 34.0419096286444], [-118.247062224214, 34.0364020855392], [-118.254707504424, 34.0364107952272], [-118.258521535525, 34.0419270513548], [-118.254689789647, 34.0474349465223], [-118.247043520391, 34.047426232756], [-118.243229986957, 34.0419096286444]]]}}, {"type": "Feature", "properties": {"OBJECTID": 1206, "GRID_ID": null, "has_data": false}, "geometry": {"type": "Polygon", "coordinates": [[[-118.243229986957, 34.0419096286444], [-118.247062224214, 34.0364020855392], [-118.254707504424, 34.0364107952272], [-118.258521535525, 34.0419270513548], [-118.254689789647, 34.0474349465223], [-118.247043520391, 34.047426232756], [-118.243229986957, 34.0419096286444]]]}}, {"type": "Feature", "properties": {"OBJECTID": 1207, "GRID_ID": null, "has_data": false}, "geometry": {"type": "Polygon", "coordinates": [[[-118.243229986957, 34.0419096286444], [-118.247062224214, 34.0364020855392], [-118.254707504424, 34.0364107952272], [-118.258521535525, 34.0419270513548], [-118.254689789647, 34.0474349465223], [-118.247043520391, 34.047426232756], [-118.243229986957, 34.0419096286444]]]}}, {"type": "Feature", "properties": {"OBJECTID": 1208, "GRID_ID": null, "has_data": false}, "geometry": {"type": "Polygon", "coordinates": [[[-118.243229986957, 34.0419096286444], [-118.247062224214, 34.0364020855392], [-118.254707504424, 34.0364107952272], [-118.258521535525, 34.0419270513548], [-118.254689789647, 34.0474349465223], [-118.247043520391, 34.047426232756], [-118.243229986957, 34.0419096286444]]]}}, {"type": "Feature", "properties": {"OBJECTID": 1209, "GRID_ID": null, "has_data": false}, "geometry": {"type": "Polygon", "coordinates": [[[-118.243229986957, 34.0419096286444], [-118.247062224214, 34.0364020855392], [-118.254707504424, 34.0364107952272], [-118.258521535525, 34.0419270513548], [-118.254689789647, 34.0474349465223], [-118.247043520391, 34.047426232756], [-118.243229986957, 34.0419096286444]]]}}, {"type": "Feature", "properties": {"OBJECTID": 1210, "GRID_ID": null, "has_data": false}, "geometry": {"type": "Polygon", "coordinates": [[[-118.243229986957, 34.0419096286444], [-118.247062224214, 34.0364020855392], [-118.254707504424, 34.0364107952272], [-118.258521535525, 34.0419270513548], [-118.254689789647, 34.0474349465223], [-118.247043520391, 34.047426232756], [-118.243229986957, 34.0419096286444]]]}}, {"type": "Feature", "properties": {"OBJECTID": 1211, "GRID_ID": null, "has_data": false}, "geometry": {"type": "Polygon", "coordinates": [[[-118.243229986957, 34.0419096286444], [-118.247062224214, 34.0364020855392], [-118.254707504424, 34.0364107952272], [-118.258521535525, 34.0419270513548], [-118.254689789647, 34.0474349465223], [-118.247043520391, 34.047426232756], [-118.243229986957, 34.0419096286444]]]}}, {"type": "Feature", "properties": {"OBJECTID": 1212, "GRID_ID": null, "has_data": false}, "geometry": {"type": "Polygon", "coordinates": [[[-118.243229986957, 34.0419096286444], [-118.247062224214, 34.0364020855392], [-118.254707504424, 34.0364107952272], [-118.258521535525, 34.0419270513548], [-118.254689789647, 34.0474349465223], [-118.247043520391, 34.047426232756], [-118.243229986957, 34.0419096286444]]]}}, {"type": "Feature", "properties": {"OBJECTID": 1213, "GRID_ID": null, "has_data": false}, "geometry": {"type": "Polygon", "coordinates": [[[-118.243229986957, 34.0419096286444], [-118.247062224214, 34.0364020855392], [-118.254707504424, 34.0364107952272], [-118.258521535525, 34.0419270513548], [-118.254689789647, 34.0474349465223], [-118.247043520391, 34.047426232756], [-118.243229986957, 34.0419096286444]]]}}, {"type": "Feature", "properties": {"OBJECTID": 1214, "GRID_ID": null, "has_data": false}, "geometry": {"type": "Polygon", "coordinates": [[[-118.243229986957, 34.0419096286444], [-118.247062224214, 34.0364020855392], [-118.254707504424, 34.0364107952272], [-118.258521535525, 34.0419270513548], [-118.254689789647, 34.0474349465223], [-118.247043520391, 34.047426232756], [-118.243229986957, 34.0419096286444]]]}}, {"type": "Feature", "properties": {"OBJECTID": 1215, "GRID_ID": null, "has_data": false}, "geometry": {"type": "Polygon", "coordinates": [[[-118.243229986957, 34.0419096286444], [-118.247062224214, 34.0364020855392], [-118.254707504424, 34.0364107952272], [-118.258521535525, 34.0419270513548], [-118.254689789647, 34.0474349465223], [-118.247043520391, 34.047426232756], [-118.243229986957, 34.0419096286444]]]}}, {"type": "Feature", "properties": {"OBJECTID": 1216, "GRID_ID": null, "has_data": false}, "geometry": {"type": "Polygon", "coordinates": [[[-118.243229986957, 34.0419096286444], [-118.247062224214, 34.0364020855392], [-118.254707504424, 34.0364107952272], [-118.258521535525, 34.0419270513548], [-118.254689789647, 34.0474349465223], [-118.247043520391, 34.047426232756], [-118.243229986957, 34.0419096286444]]]}}, {"type": "Feature", "properties": {"OBJECTID": 1217, "GRID_ID": null, "has_data": false}, "geometry": {"type": "Polygon", "coordinates": [[[-118.243229986957, 34.0419096286444], [-118.247062224214, 34.0364020855392], [-118.254707504424, 34.0364107952272], [-118.258521535525, 34.0419270513548], [-118.254689789647, 34.0474349465223], [-118.247043520391, 34.047426232756], [-118.243229986957, 34.0419096286444]]]}}, {"type": "Feature", "properties": {"OBJECTID": 1218, "GRID_ID": null, "has_data": false}, "geometry": {"type": "Polygon", "coordinates": [[[-118.243229986957, 34.0419096286444], [-118.247062224214, 34.0364020855392], [-118.254707504424, 34.0364107952272], [-118.258521535525, 34.0419270513548], [-118.254689789647, 34.0474349465223], [-118.247043520391, 34.047426232756], [-118.243229986957, 34.0419096286444]]]}}, {"type": "Feature", "properties": {"OBJECTID": 1219, "GRID_ID": null, "has_data": false}, "geometry": {"type": "Polygon", "coordinates": [[[-118.243229986957, 34.0419096286444], [-118.247062224214, 34.0364020855392], [-118.254707504424, 34.0364107952272], [-118.258521535525, 34.0419270513548], [-118.254689789647, 34.0474349465223], [-118.247043520391, 34.047426232756], [-118.243229986957, 34.0419096286444]]]}}, {"type": "Feature", "properties": {"OBJECTID": 1220, "GRID_ID": null, "has_data": false}, "geometry": {"type": "Polygon", "coordinates": [[[-118.243229986957, 34.0419096286444], [-118.247062224214, 34.0364020855392], [-118.254707504424, 34.0364107952272], [-118.258521535525, 34.0419270513548], [-118.254689789647, 34.0474349465223], [-118.247043520391, 34.047426232756], [-118.243229986957, 34.0419096286444]]]}}, {"type": "Feature", "properties": {"OBJECTID": 1221, "GRID_ID": null, "has_data": false}, "geometry": {"type": "Polygon", "coordinates": [[[-118.243229986957, 34.0419096286444], [-118.247062224214, 34.0364020855392], [-118.254707504424, 34.0364107952272], [-118.258521535525, 34.0419270513548], [-118.254689789647, 34.0474349465223], [-118.247043520391, 34.047426232756], [-118.243229986957, 34.0419096286444]]]}}, {"type": "Feature", "properties": {"OBJECTID": 1222, "GRID_ID": null, "has_data": false}, "geometry": {"type": "Polygon", "coordinates": [[[-118.243229986957, 34.0419096286444], [-118.247062224214, 34.0364020855392], [-118.254707504424, 34.0364107952272], [-118.258521535525, 34.0419270513548], [-118.254689789647, 34.0474349465223], [-118.247043520391, 34.047426232756], [-118.243229986957, 34.0419096286444]]]}}, {"type": "Feature", "properties": {"OBJECTID": 1223, "GRID_ID": null, "has_data": false}, "geometry": {"type": "Polygon", "coordinates": [[[-118.243229986957, 34.0419096286444], [-118.247062224214, 34.0364020855392], [-118.254707504424, 34.0364107952272], [-118.258521535525, 34.0419270513548], [-118.254689789647, 34.0474349465223], [-118.247043520391, 34.047426232756], [-118.243229986957, 34.0419096286444]]]}}, {"type": "Feature", "properties": {"OBJECTID": 1224, "GRID_ID": null, "has_data": false}, "geometry": {"type": "Polygon", "coordinates": [[[-118.243229986957, 34.0419096286444], [-118.247062224214, 34.0364020855392], [-118.254707504424, 34.0364107952272], [-118.258521535525, 34.0419270513548], [-118.254689789647, 34.0474349465223], [-118.247043520391, 34.047426232756], [-118.243229986957, 34.0419096286444]]]}}, {"type": "Feature", "properties": {"OBJECTID": 1225, "GRID_ID": null, "has_data": false}, "geometry": {"type": "Polygon", "coordinates": [[[-118.243229986957, 34.0419096286444], [-118.247062224214, 34.0364020855392], [-118.254707504424, 34.0364107952272], [-118.258521535525, 34.0419270513548], [-118.254689789647, 34.0474349465223], [-118.247043520391, 34.047426232756], [-118.243229986957, 34.0419096286444]]]}}, {"type": "Feature", "properties": {"OBJECTID": 1226, "GRID_ID": null, "has_data": false}, "geometry": {"type": "Polygon", "coordinates": [[[-118.243229986957, 34.0419096286444], [-118.247062224214, 34.0364020855392], [-118.254707504424, 34.0364107952272], [-118.258521535525, 34.0419270513548], [-118.254689789647, 34.0474349465223], [-118.247043520391, 34.047426232756], [-118.243229986957, 34.0419096286444]]]}}, {"type": "Feature", "properties": {"OBJECTID": 1227, "GRID_ID": null, "has_data": false}, "geometry": {"type": "Polygon", "coordinates": [[[-118.243229986957, 34.0419096286444], [-118.247062224214, 34.0364020855392], [-118.254707504424, 34.0364107952272], [-118.258521535525, 34.0419270513548], [-118.254689789647, 34.0474349465223], [-118.247043520391, 34.047426232756], [-118.243229986957, 34.0419096286444]]]}}, {"type": "Feature", "properties": {"OBJECTID": 1228, "GRID_ID": null, "has_data": false}, "geometry": {"type": "Polygon", "coordinates": [[[-118.243229986957, 34.0419096286444], [-118.247062224214, 34.0364020855392], [-118.254707504424, 34.0364107952272], [-118.258521535525, 34.0419270513548], [-118.254689789647, 34.0474349465223], [-118.247043520391, 34.047426232756], [-118.243229986957, 34.0419096286444]]]}}, {"type": "Feature", "properties": {"OBJECTID": 1229, "GRID_ID": null, "has_data": false}, "geometry": {"type": "Polygon", "coordinates": [[[-118.243229986957, 34.0419096286444], [-118.247062224214, 34.0364020855392], [-118.254707504424, 34.0364107952272], [-118.258521535525, 34.0419270513548], [-118.254689789647, 34.0474349465223], [-118.247043520391, 34.047426232756], [-118.243229986957, 34.0419096286444]]]}}, {"type": "Feature", "properties": {"OBJECTID": 1230, "GRID_ID": null, "has_data": false}, "geometry": {"type": "Polygon", "coordinates": [[[-118.243229986957, 34.0419096286444], [-118.247062224214, 34.0364020855392], [-118.254707504424, 34.0364107952272], [-118.258521535525, 34.0419270513548], [-118.254689789647, 34.0474349465223], [-118.247043520391, 34.047426232756], [-118.243229986957, 34.0419096286444]]]}}, {"type": "Feature", "properties": {"OBJECTID": 1231, "GRID_ID": null, "has_data": false}, "geometry": {"type": "Polygon", "coordinates": [[[-118.243229986957, 34.0419096286444], [-118.247062224214, 34.0364020855392], [-118.254707504424, 34.0364107952272], [-118.258521535525, 34.0419270513548], [-118.254689789647, 34.0474349465223], [-118.247043520391, 34.047426232756], [-118.243229986957, 34.0419096286444]]]}}, {"type": "Feature", "properties": {"OBJECTID": 1232, "GRID_ID": null, "has_data": false}, "geometry": {"type": "Polygon", "coordinates": [[[-118.243229986957, 34.0419096286444], [-118.247062224214, 34.0364020855392], [-118.254707504424, 34.0364107952272], [-118.258521535525, 34.0419270513548], [-118.254689789647, 34.0474349465223], [-118.247043520391, 34.047426232756], [-118.243229986957, 34.0419096286444]]]}}, {"type": "Feature", "properties": {"OBJECTID": 1233, "GRID_ID": null, "has_data": false}, "geometry": {"type": "Polygon", "coordinates": [[[-118.243229986957, 34.0419096286444], [-118.247062224214, 34.0364020855392], [-118.254707504424, 34.0364107952272], [-118.258521535525, 34.0419270513548], [-118.254689789647, 34.0474349465223], [-118.247043520391, 34.047426232756], [-118.243229986957, 34.0419096286444]]]}}, {"type": "Feature", "properties": {"OBJECTID": 1234, "GRID_ID": null, "has_data": false}, "geometry": {"type": "Polygon", "coordinates": [[[-118.243229986957, 34.0419096286444], [-118.247062224214, 34.0364020855392], [-118.254707504424, 34.0364107952272], [-118.258521535525, 34.0419270513548], [-118.254689789647, 34.0474349465223], [-118.247043520391, 34.047426232756], [-118.243229986957, 34.0419096286444]]]}}, {"type": "Feature", "properties": {"OBJECTID": 1235, "GRID_ID": null, "has_data": false}, "geometry": {"type": "Polygon", "coordinates": [[[-118.243229986957, 34.0419096286444], [-118.247062224214, 34.0364020855392], [-118.254707504424, 34.0364107952272], [-118.258521535525, 34.0419270513548], [-118.254689789647, 34.0474349465223], [-118.247043520391, 34.047426232756], [-118.243229986957, 34.0419096286444]]]}}, {"type": "Feature", "properties": {"OBJECTID": 1236, "GRID_ID": null, "has_data": false}, "geometry": {"type": "Polygon", "coordinates": [[[-118.243229986957, 34.0419096286444], [-118.247062224214, 34.0364020855392], [-118.254707504424, 34.0364107952272], [-118.258521535525, 34.0419270513548], [-118.254689789647, 34.0474349465223], [-118.247043520391, 34.047426232756], [-118.243229986957, 34.0419096286444]]]}}, {"type": "Feature", "properties": {"OBJECTID": 1237, "GRID_ID": null, "has_data": false}, "geometry": {"type": "Polygon", "coordinates": [[[-118.243229986957, 34.0419096286444], [-118.247062224214, 34.0364020855392], [-118.254707504424, 34.0364107952272], [-118.258521535525, 34.0419270513548], [-118.254689789647, 34.0474349465223], [-118.247043520391, 34.047426232756], [-118.243229986957, 34.0419096286444]]]}}, {"type": "Feature", "properties": {"OBJECTID": 1238, "GRID_ID": null, "has_data": false}, "geometry": {"type": "Polygon", "coordinates": [[[-118.243229986957, 34.0419096286444], [-118.247062224214, 34.0364020855392], [-118.254707504424, 34.0364107952272], [-118.258521535525, 34.0419270513548], [-118.254689789647, 34.0474349465223], [-118.247043520391, 34.047426232756], [-118.243229986957, 34.0419096286444]]]}}, {"type": "Feature", "properties": {"OBJECTID": 1239, "GRID_ID": null, "has_data": false}, "geometry": {"type": "Polygon", "coordinates": [[[-118.243229986957, 34.0419096286444], [-118.247062224214, 34.0364020855392], [-118.254707504424, 34.0364107952272], [-118.258521535525, 34.0419270513548], [-118.254689789647, 34.0474349465223], [-118.247043520391, 34.047426232756], [-118.243229986957, 34.0419096286444]]]}}, {"type": "Feature", "properties": {"OBJECTID": 1240, "GRID_ID": null, "has_data": false}, "geometry": {"type": "Polygon", "coordinates": [[[-118.243229986957, 34.0419096286444], [-118.247062224214, 34.0364020855392], [-118.254707504424, 34.0364107952272], [-118.258521535525, 34.0419270513548], [-118.254689789647, 34.0474349465223], [-118.247043520391, 34.047426232756], [-118.243229986957, 34.0419096286444]]]}}, {"type": "Feature", "properties": {"OBJECTID": 1241, "GRID_ID": null, "has_data": false}, "geometry": {"type": "Polygon", "coordinates": [[[-118.449763861988, 34.1852977351945], [-118.453589170539, 34.1797839079462], [-118.461247351455, 34.1797798198382], [-118.46508122095, 34.1852895580264], [-118.461256410965, 34.1908037365314], [-118.453597233817, 34.1908078263344], [-118.449763861988, 34.1852977351945]]]}}, {"type": "Feature", "properties": {"OBJECTID": 1242, "GRID_ID": null, "has_data": false}, "geometry": {"type": "Polygon", "coordinates": [[[-118.449763861988, 34.1852977351945], [-118.453589170539, 34.1797839079462], [-118.461247351455, 34.1797798198382], [-118.46508122095, 34.1852895580264], [-118.461256410965, 34.1908037365314], [-118.453597233817, 34.1908078263344], [-118.449763861988, 34.1852977351945]]]}}, {"type": "Feature", "properties": {"OBJECTID": 1243, "GRID_ID": null, "has_data": false}, "geometry": {"type": "Polygon", "coordinates": [[[-118.449763861988, 34.1852977351945], [-118.453589170539, 34.1797839079462], [-118.461247351455, 34.1797798198382], [-118.46508122095, 34.1852895580264], [-118.461256410965, 34.1908037365314], [-118.453597233817, 34.1908078263344], [-118.449763861988, 34.1852977351945]]]}}, {"type": "Feature", "properties": {"OBJECTID": 1244, "GRID_ID": null, "has_data": false}, "geometry": {"type": "Polygon", "coordinates": [[[-118.449763861988, 34.1852977351945], [-118.453589170539, 34.1797839079462], [-118.461247351455, 34.1797798198382], [-118.46508122095, 34.1852895580264], [-118.461256410965, 34.1908037365314], [-118.453597233817, 34.1908078263344], [-118.449763861988, 34.1852977351945]]]}}, {"type": "Feature", "properties": {"OBJECTID": 1245, "GRID_ID": null, "has_data": false}, "geometry": {"type": "Polygon", "coordinates": [[[-118.449763861988, 34.1852977351945], [-118.453589170539, 34.1797839079462], [-118.461247351455, 34.1797798198382], [-118.46508122095, 34.1852895580264], [-118.461256410965, 34.1908037365314], [-118.453597233817, 34.1908078263344], [-118.449763861988, 34.1852977351945]]]}}, {"type": "Feature", "properties": {"OBJECTID": 1246, "GRID_ID": null, "has_data": false}, "geometry": {"type": "Polygon", "coordinates": [[[-118.449763861988, 34.1852977351945], [-118.453589170539, 34.1797839079462], [-118.461247351455, 34.1797798198382], [-118.46508122095, 34.1852895580264], [-118.461256410965, 34.1908037365314], [-118.453597233817, 34.1908078263344], [-118.449763861988, 34.1852977351945]]]}}, {"type": "Feature", "properties": {"OBJECTID": 1247, "GRID_ID": null, "has_data": false}, "geometry": {"type": "Polygon", "coordinates": [[[-118.449763861988, 34.1852977351945], [-118.453589170539, 34.1797839079462], [-118.461247351455, 34.1797798198382], [-118.46508122095, 34.1852895580264], [-118.461256410965, 34.1908037365314], [-118.453597233817, 34.1908078263344], [-118.449763861988, 34.1852977351945]]]}}, {"type": "Feature", "properties": {"OBJECTID": 1248, "GRID_ID": null, "has_data": false}, "geometry": {"type": "Polygon", "coordinates": [[[-118.231771664691, 34.0363832465552], [-118.235604394224, 34.030876055587], [-118.243249180361, 34.0308854730853], [-118.247062224214, 34.0364020855392], [-118.243229986957, 34.0419096286444], [-118.235584211775, 34.0419002071592], [-118.231771664691, 34.0363832465552]]]}}, {"type": "Feature", "properties": {"OBJECTID": 1249, "GRID_ID": null, "has_data": false}, "geometry": {"type": "Polygon", "coordinates": [[[-118.231771664691, 34.0363832465552], [-118.235604394224, 34.030876055587], [-118.243249180361, 34.0308854730853], [-118.247062224214, 34.0364020855392], [-118.243229986957, 34.0419096286444], [-118.235584211775, 34.0419002071592], [-118.231771664691, 34.0363832465552]]]}}, {"type": "Feature", "properties": {"OBJECTID": 1250, "GRID_ID": null, "has_data": false}, "geometry": {"type": "Polygon", "coordinates": [[[-118.231771664691, 34.0363832465552], [-118.235604394224, 34.030876055587], [-118.243249180361, 34.0308854730853], [-118.247062224214, 34.0364020855392], [-118.243229986957, 34.0419096286444], [-118.235584211775, 34.0419002071592], [-118.231771664691, 34.0363832465552]]]}}, {"type": "Feature", "properties": {"OBJECTID": 1251, "GRID_ID": null, "has_data": false}, "geometry": {"type": "Polygon", "coordinates": [[[-118.231771664691, 34.0363832465552], [-118.235604394224, 34.030876055587], [-118.243249180361, 34.0308854730853], [-118.247062224214, 34.0364020855392], [-118.243229986957, 34.0419096286444], [-118.235584211775, 34.0419002071592], [-118.231771664691, 34.0363832465552]]]}}, {"type": "Feature", "properties": {"OBJECTID": 1252, "GRID_ID": null, "has_data": false}, "geometry": {"type": "Polygon", "coordinates": [[[-118.231771664691, 34.0363832465552], [-118.235604394224, 34.030876055587], [-118.243249180361, 34.0308854730853], [-118.247062224214, 34.0364020855392], [-118.243229986957, 34.0419096286444], [-118.235584211775, 34.0419002071592], [-118.231771664691, 34.0363832465552]]]}}, {"type": "Feature", "properties": {"OBJECTID": 1253, "GRID_ID": null, "has_data": false}, "geometry": {"type": "Polygon", "coordinates": [[[-118.231771664691, 34.0363832465552], [-118.235604394224, 34.030876055587], [-118.243249180361, 34.0308854730853], [-118.247062224214, 34.0364020855392], [-118.243229986957, 34.0419096286444], [-118.235584211775, 34.0419002071592], [-118.231771664691, 34.0363832465552]]]}}, {"type": "Feature", "properties": {"OBJECTID": 1254, "GRID_ID": null, "has_data": false}, "geometry": {"type": "Polygon", "coordinates": [[[-118.231771664691, 34.0363832465552], [-118.235604394224, 34.030876055587], [-118.243249180361, 34.0308854730853], [-118.247062224214, 34.0364020855392], [-118.243229986957, 34.0419096286444], [-118.235584211775, 34.0419002071592], [-118.231771664691, 34.0363832465552]]]}}, {"type": "Feature", "properties": {"OBJECTID": 1255, "GRID_ID": null, "has_data": false}, "geometry": {"type": "Polygon", "coordinates": [[[-118.231771664691, 34.0363832465552], [-118.235604394224, 34.030876055587], [-118.243249180361, 34.0308854730853], [-118.247062224214, 34.0364020855392], [-118.243229986957, 34.0419096286444], [-118.235584211775, 34.0419002071592], [-118.231771664691, 34.0363832465552]]]}}, {"type": "Feature", "properties": {"OBJECTID": 1256, "GRID_ID": null, "has_data": false}, "geometry": {"type": "Polygon", "coordinates": [[[-118.231771664691, 34.0363832465552], [-118.235604394224, 34.030876055587], [-118.243249180361, 34.0308854730853], [-118.247062224214, 34.0364020855392], [-118.243229986957, 34.0419096286444], [-118.235584211775, 34.0419002071592], [-118.231771664691, 34.0363832465552]]]}}, {"type": "Feature", "properties": {"OBJECTID": 1257, "GRID_ID": null, "has_data": false}, "geometry": {"type": "Polygon", "coordinates": [[[-118.231771664691, 34.0363832465552], [-118.235604394224, 34.030876055587], [-118.243249180361, 34.0308854730853], [-118.247062224214, 34.0364020855392], [-118.243229986957, 34.0419096286444], [-118.235584211775, 34.0419002071592], [-118.231771664691, 34.0363832465552]]]}}, {"type": "Feature", "properties": {"OBJECTID": 1258, "GRID_ID": null, "has_data": false}, "geometry": {"type": "Polygon", "coordinates": [[[-118.231771664691, 34.0363832465552], [-118.235604394224, 34.030876055587], [-118.243249180361, 34.0308854730853], [-118.247062224214, 34.0364020855392], [-118.243229986957, 34.0419096286444], [-118.235584211775, 34.0419002071592], [-118.231771664691, 34.0363832465552]]]}}, {"type": "Feature", "properties": {"OBJECTID": 1259, "GRID_ID": null, "has_data": false}, "geometry": {"type": "Polygon", "coordinates": [[[-118.231771664691, 34.0363832465552], [-118.235604394224, 34.030876055587], [-118.243249180361, 34.0308854730853], [-118.247062224214, 34.0364020855392], [-118.243229986957, 34.0419096286444], [-118.235584211775, 34.0419002071592], [-118.231771664691, 34.0363832465552]]]}}, {"type": "Feature", "properties": {"OBJECTID": 1260, "GRID_ID": null, "has_data": false}, "geometry": {"type": "Polygon", "coordinates": [[[-118.231771664691, 34.0363832465552], [-118.235604394224, 34.030876055587], [-118.243249180361, 34.0308854730853], [-118.247062224214, 34.0364020855392], [-118.243229986957, 34.0419096286444], [-118.235584211775, 34.0419002071592], [-118.231771664691, 34.0363832465552]]]}}, {"type": "Feature", "properties": {"OBJECTID": 1261, "GRID_ID": null, "has_data": false}, "geometry": {"type": "Polygon", "coordinates": [[[-118.231771664691, 34.0363832465552], [-118.235604394224, 34.030876055587], [-118.243249180361, 34.0308854730853], [-118.247062224214, 34.0364020855392], [-118.243229986957, 34.0419096286444], [-118.235584211775, 34.0419002071592], [-118.231771664691, 34.0363832465552]]]}}, {"type": "Feature", "properties": {"OBJECTID": 1262, "GRID_ID": null, "has_data": false}, "geometry": {"type": "Polygon", "coordinates": [[[-118.231771664691, 34.0363832465552], [-118.235604394224, 34.030876055587], [-118.243249180361, 34.0308854730853], [-118.247062224214, 34.0364020855392], [-118.243229986957, 34.0419096286444], [-118.235584211775, 34.0419002071592], [-118.231771664691, 34.0363832465552]]]}}, {"type": "Feature", "properties": {"OBJECTID": 1263, "GRID_ID": null, "has_data": false}, "geometry": {"type": "Polygon", "coordinates": [[[-118.231771664691, 34.0363832465552], [-118.235604394224, 34.030876055587], [-118.243249180361, 34.0308854730853], [-118.247062224214, 34.0364020855392], [-118.243229986957, 34.0419096286444], [-118.235584211775, 34.0419002071592], [-118.231771664691, 34.0363832465552]]]}}, {"type": "Feature", "properties": {"OBJECTID": 1264, "GRID_ID": null, "has_data": false}, "geometry": {"type": "Polygon", "coordinates": [[[-118.231771664691, 34.0363832465552], [-118.235604394224, 34.030876055587], [-118.243249180361, 34.0308854730853], [-118.247062224214, 34.0364020855392], [-118.243229986957, 34.0419096286444], [-118.235584211775, 34.0419002071592], [-118.231771664691, 34.0363832465552]]]}}, {"type": "Feature", "properties": {"OBJECTID": 1265, "GRID_ID": null, "has_data": false}, "geometry": {"type": "Polygon", "coordinates": [[[-118.231771664691, 34.0363832465552], [-118.235604394224, 34.030876055587], [-118.243249180361, 34.0308854730853], [-118.247062224214, 34.0364020855392], [-118.243229986957, 34.0419096286444], [-118.235584211775, 34.0419002071592], [-118.231771664691, 34.0363832465552]]]}}, {"type": "Feature", "properties": {"OBJECTID": 1266, "GRID_ID": null, "has_data": false}, "geometry": {"type": "Polygon", "coordinates": [[[-118.231771664691, 34.0363832465552], [-118.235604394224, 34.030876055587], [-118.243249180361, 34.0308854730853], [-118.247062224214, 34.0364020855392], [-118.243229986957, 34.0419096286444], [-118.235584211775, 34.0419002071592], [-118.231771664691, 34.0363832465552]]]}}, {"type": "Feature", "properties": {"OBJECTID": 1267, "GRID_ID": null, "has_data": false}, "geometry": {"type": "Polygon", "coordinates": [[[-118.231771664691, 34.0363832465552], [-118.235604394224, 34.030876055587], [-118.243249180361, 34.0308854730853], [-118.247062224214, 34.0364020855392], [-118.243229986957, 34.0419096286444], [-118.235584211775, 34.0419002071592], [-118.231771664691, 34.0363832465552]]]}}, {"type": "Feature", "properties": {"OBJECTID": 1268, "GRID_ID": null, "has_data": false}, "geometry": {"type": "Polygon", "coordinates": [[[-118.231771664691, 34.0363832465552], [-118.235604394224, 34.030876055587], [-118.243249180361, 34.0308854730853], [-118.247062224214, 34.0364020855392], [-118.243229986957, 34.0419096286444], [-118.235584211775, 34.0419002071592], [-118.231771664691, 34.0363832465552]]]}}, {"type": "Feature", "properties": {"OBJECTID": 1269, "GRID_ID": null, "has_data": false}, "geometry": {"type": "Polygon", "coordinates": [[[-118.231771664691, 34.0363832465552], [-118.235604394224, 34.030876055587], [-118.243249180361, 34.0308854730853], [-118.247062224214, 34.0364020855392], [-118.243229986957, 34.0419096286444], [-118.235584211775, 34.0419002071592], [-118.231771664691, 34.0363832465552]]]}}, {"type": "Feature", "properties": {"OBJECTID": 1270, "GRID_ID": null, "has_data": false}, "geometry": {"type": "Polygon", "coordinates": [[[-118.231771664691, 34.0363832465552], [-118.235604394224, 34.030876055587], [-118.243249180361, 34.0308854730853], [-118.247062224214, 34.0364020855392], [-118.243229986957, 34.0419096286444], [-118.235584211775, 34.0419002071592], [-118.231771664691, 34.0363832465552]]]}}, {"type": "Feature", "properties": {"OBJECTID": 1271, "GRID_ID": null, "has_data": false}, "geometry": {"type": "Polygon", "coordinates": [[[-118.231771664691, 34.0363832465552], [-118.235604394224, 34.030876055587], [-118.243249180361, 34.0308854730853], [-118.247062224214, 34.0364020855392], [-118.243229986957, 34.0419096286444], [-118.235584211775, 34.0419002071592], [-118.231771664691, 34.0363832465552]]]}}, {"type": "Feature", "properties": {"OBJECTID": 1272, "GRID_ID": null, "has_data": false}, "geometry": {"type": "Polygon", "coordinates": [[[-118.231771664691, 34.0363832465552], [-118.235604394224, 34.030876055587], [-118.243249180361, 34.0308854730853], [-118.247062224214, 34.0364020855392], [-118.243229986957, 34.0419096286444], [-118.235584211775, 34.0419002071592], [-118.231771664691, 34.0363832465552]]]}}, {"type": "Feature", "properties": {"OBJECTID": 1273, "GRID_ID": null, "has_data": false}, "geometry": {"type": "Polygon", "coordinates": [[[-118.231771664691, 34.0363832465552], [-118.235604394224, 34.030876055587], [-118.243249180361, 34.0308854730853], [-118.247062224214, 34.0364020855392], [-118.243229986957, 34.0419096286444], [-118.235584211775, 34.0419002071592], [-118.231771664691, 34.0363832465552]]]}}, {"type": "Feature", "properties": {"OBJECTID": 1274, "GRID_ID": null, "has_data": false}, "geometry": {"type": "Polygon", "coordinates": [[[-118.231771664691, 34.0363832465552], [-118.235604394224, 34.030876055587], [-118.243249180361, 34.0308854730853], [-118.247062224214, 34.0364020855392], [-118.243229986957, 34.0419096286444], [-118.235584211775, 34.0419002071592], [-118.231771664691, 34.0363832465552]]]}}, {"type": "Feature", "properties": {"OBJECTID": 1275, "GRID_ID": null, "has_data": false}, "geometry": {"type": "Polygon", "coordinates": [[[-118.231771664691, 34.0363832465552], [-118.235604394224, 34.030876055587], [-118.243249180361, 34.0308854730853], [-118.247062224214, 34.0364020855392], [-118.243229986957, 34.0419096286444], [-118.235584211775, 34.0419002071592], [-118.231771664691, 34.0363832465552]]]}}, {"type": "Feature", "properties": {"OBJECTID": 1276, "GRID_ID": null, "has_data": false}, "geometry": {"type": "Polygon", "coordinates": [[[-118.231771664691, 34.0363832465552], [-118.235604394224, 34.030876055587], [-118.243249180361, 34.0308854730853], [-118.247062224214, 34.0364020855392], [-118.243229986957, 34.0419096286444], [-118.235584211775, 34.0419002071592], [-118.231771664691, 34.0363832465552]]]}}, {"type": "Feature", "properties": {"OBJECTID": 1277, "GRID_ID": null, "has_data": false}, "geometry": {"type": "Polygon", "coordinates": [[[-118.231771664691, 34.0363832465552], [-118.235604394224, 34.030876055587], [-118.243249180361, 34.0308854730853], [-118.247062224214, 34.0364020855392], [-118.243229986957, 34.0419096286444], [-118.235584211775, 34.0419002071592], [-118.231771664691, 34.0363832465552]]]}}, {"type": "Feature", "properties": {"OBJECTID": 1278, "GRID_ID": null, "has_data": false}, "geometry": {"type": "Polygon", "coordinates": [[[-118.231771664691, 34.0363832465552], [-118.235604394224, 34.030876055587], [-118.243249180361, 34.0308854730853], [-118.247062224214, 34.0364020855392], [-118.243229986957, 34.0419096286444], [-118.235584211775, 34.0419002071592], [-118.231771664691, 34.0363832465552]]]}}, {"type": "Feature", "properties": {"OBJECTID": 1279, "GRID_ID": null, "has_data": false}, "geometry": {"type": "Polygon", "coordinates": [[[-118.231771664691, 34.0363832465552], [-118.235604394224, 34.030876055587], [-118.243249180361, 34.0308854730853], [-118.247062224214, 34.0364020855392], [-118.243229986957, 34.0419096286444], [-118.235584211775, 34.0419002071592], [-118.231771664691, 34.0363832465552]]]}}, {"type": "Feature", "properties": {"OBJECTID": 1280, "GRID_ID": null, "has_data": false}, "geometry": {"type": "Polygon", "coordinates": [[[-118.231771664691, 34.0363832465552], [-118.235604394224, 34.030876055587], [-118.243249180361, 34.0308854730853], [-118.247062224214, 34.0364020855392], [-118.243229986957, 34.0419096286444], [-118.235584211775, 34.0419002071592], [-118.231771664691, 34.0363832465552]]]}}, {"type": "Feature", "properties": {"OBJECTID": 1281, "GRID_ID": null, "has_data": false}, "geometry": {"type": "Polygon", "coordinates": [[[-118.231771664691, 34.0363832465552], [-118.235604394224, 34.030876055587], [-118.243249180361, 34.0308854730853], [-118.247062224214, 34.0364020855392], [-118.243229986957, 34.0419096286444], [-118.235584211775, 34.0419002071592], [-118.231771664691, 34.0363832465552]]]}}, {"type": "Feature", "properties": {"OBJECTID": 1282, "GRID_ID": null, "has_data": false}, "geometry": {"type": "Polygon", "coordinates": [[[-118.231771664691, 34.0363832465552], [-118.235604394224, 34.030876055587], [-118.243249180361, 34.0308854730853], [-118.247062224214, 34.0364020855392], [-118.243229986957, 34.0419096286444], [-118.235584211775, 34.0419002071592], [-118.231771664691, 34.0363832465552]]]}}, {"type": "Feature", "properties": {"OBJECTID": 1283, "GRID_ID": null, "has_data": false}, "geometry": {"type": "Polygon", "coordinates": [[[-118.231771664691, 34.0363832465552], [-118.235604394224, 34.030876055587], [-118.243249180361, 34.0308854730853], [-118.247062224214, 34.0364020855392], [-118.243229986957, 34.0419096286444], [-118.235584211775, 34.0419002071592], [-118.231771664691, 34.0363832465552]]]}}, {"type": "Feature", "properties": {"OBJECTID": 1284, "GRID_ID": null, "has_data": false}, "geometry": {"type": "Polygon", "coordinates": [[[-118.231771664691, 34.0363832465552], [-118.235604394224, 34.030876055587], [-118.243249180361, 34.0308854730853], [-118.247062224214, 34.0364020855392], [-118.243229986957, 34.0419096286444], [-118.235584211775, 34.0419002071592], [-118.231771664691, 34.0363832465552]]]}}, {"type": "Feature", "properties": {"OBJECTID": 1285, "GRID_ID": null, "has_data": false}, "geometry": {"type": "Polygon", "coordinates": [[[-118.231771664691, 34.0363832465552], [-118.235604394224, 34.030876055587], [-118.243249180361, 34.0308854730853], [-118.247062224214, 34.0364020855392], [-118.243229986957, 34.0419096286444], [-118.235584211775, 34.0419002071592], [-118.231771664691, 34.0363832465552]]]}}, {"type": "Feature", "properties": {"OBJECTID": 1286, "GRID_ID": null, "has_data": false}, "geometry": {"type": "Polygon", "coordinates": [[[-118.231771664691, 34.0363832465552], [-118.235604394224, 34.030876055587], [-118.243249180361, 34.0308854730853], [-118.247062224214, 34.0364020855392], [-118.243229986957, 34.0419096286444], [-118.235584211775, 34.0419002071592], [-118.231771664691, 34.0363832465552]]]}}, {"type": "Feature", "properties": {"OBJECTID": 1287, "GRID_ID": null, "has_data": false}, "geometry": {"type": "Polygon", "coordinates": [[[-118.231771664691, 34.0363832465552], [-118.235604394224, 34.030876055587], [-118.243249180361, 34.0308854730853], [-118.247062224214, 34.0364020855392], [-118.243229986957, 34.0419096286444], [-118.235584211775, 34.0419002071592], [-118.231771664691, 34.0363832465552]]]}}, {"type": "Feature", "properties": {"OBJECTID": 1288, "GRID_ID": null, "has_data": false}, "geometry": {"type": "Polygon", "coordinates": [[[-118.231771664691, 34.0363832465552], [-118.235604394224, 34.030876055587], [-118.243249180361, 34.0308854730853], [-118.247062224214, 34.0364020855392], [-118.243229986957, 34.0419096286444], [-118.235584211775, 34.0419002071592], [-118.231771664691, 34.0363832465552]]]}}, {"type": "Feature", "properties": {"OBJECTID": 1289, "GRID_ID": null, "has_data": false}, "geometry": {"type": "Polygon", "coordinates": [[[-118.231771664691, 34.0363832465552], [-118.235604394224, 34.030876055587], [-118.243249180361, 34.0308854730853], [-118.247062224214, 34.0364020855392], [-118.243229986957, 34.0419096286444], [-118.235584211775, 34.0419002071592], [-118.231771664691, 34.0363832465552]]]}}, {"type": "Feature", "properties": {"OBJECTID": 1290, "GRID_ID": null, "has_data": false}, "geometry": {"type": "Polygon", "coordinates": [[[-118.231771664691, 34.0363832465552], [-118.235604394224, 34.030876055587], [-118.243249180361, 34.0308854730853], [-118.247062224214, 34.0364020855392], [-118.243229986957, 34.0419096286444], [-118.235584211775, 34.0419002071592], [-118.231771664691, 34.0363832465552]]]}}, {"type": "Feature", "properties": {"OBJECTID": 1291, "GRID_ID": null, "has_data": false}, "geometry": {"type": "Polygon", "coordinates": [[[-118.231771664691, 34.0363832465552], [-118.235604394224, 34.030876055587], [-118.243249180361, 34.0308854730853], [-118.247062224214, 34.0364020855392], [-118.243229986957, 34.0419096286444], [-118.235584211775, 34.0419002071592], [-118.231771664691, 34.0363832465552]]]}}, {"type": "Feature", "properties": {"OBJECTID": 1292, "GRID_ID": null, "has_data": false}, "geometry": {"type": "Polygon", "coordinates": [[[-118.231771664691, 34.0363832465552], [-118.235604394224, 34.030876055587], [-118.243249180361, 34.0308854730853], [-118.247062224214, 34.0364020855392], [-118.243229986957, 34.0419096286444], [-118.235584211775, 34.0419002071592], [-118.231771664691, 34.0363832465552]]]}}, {"type": "Feature", "properties": {"OBJECTID": 1293, "GRID_ID": null, "has_data": false}, "geometry": {"type": "Polygon", "coordinates": [[[-118.231771664691, 34.0363832465552], [-118.235604394224, 34.030876055587], [-118.243249180361, 34.0308854730853], [-118.247062224214, 34.0364020855392], [-118.243229986957, 34.0419096286444], [-118.235584211775, 34.0419002071592], [-118.231771664691, 34.0363832465552]]]}}, {"type": "Feature", "properties": {"OBJECTID": 1294, "GRID_ID": null, "has_data": false}, "geometry": {"type": "Polygon", "coordinates": [[[-118.220292662309, 34.0418799439284], [-118.224126384481, 34.036373117259], [-118.231771664691, 34.0363832465552], [-118.235584211775, 34.0419002071592], [-118.231750982778, 34.0474073865445], [-118.224104712624, 34.0473972526104], [-118.220292662309, 34.0418799439284]]]}}, {"type": "Feature", "properties": {"OBJECTID": 1295, "GRID_ID": null, "has_data": false}, "geometry": {"type": "Polygon", "coordinates": [[[-118.220292662309, 34.0418799439284], [-118.224126384481, 34.036373117259], [-118.231771664691, 34.0363832465552], [-118.235584211775, 34.0419002071592], [-118.231750982778, 34.0474073865445], [-118.224104712624, 34.0473972526104], [-118.220292662309, 34.0418799439284]]]}}, {"type": "Feature", "properties": {"OBJECTID": 1296, "GRID_ID": null, "has_data": false}, "geometry": {"type": "Polygon", "coordinates": [[[-118.220292662309, 34.0418799439284], [-118.224126384481, 34.036373117259], [-118.231771664691, 34.0363832465552], [-118.235584211775, 34.0419002071592], [-118.231750982778, 34.0474073865445], [-118.224104712624, 34.0473972526104], [-118.220292662309, 34.0418799439284]]]}}, {"type": "Feature", "properties": {"OBJECTID": 1297, "GRID_ID": null, "has_data": false}, "geometry": {"type": "Polygon", "coordinates": [[[-118.220292662309, 34.0418799439284], [-118.224126384481, 34.036373117259], [-118.231771664691, 34.0363832465552], [-118.235584211775, 34.0419002071592], [-118.231750982778, 34.0474073865445], [-118.224104712624, 34.0473972526104], [-118.220292662309, 34.0418799439284]]]}}, {"type": "Feature", "properties": {"OBJECTID": 1298, "GRID_ID": null, "has_data": false}, "geometry": {"type": "Polygon", "coordinates": [[[-118.438272808706, 34.1797906565568], [-118.44209861672, 34.1742771798952], [-118.449756299072, 34.1742738064843], [-118.453589170539, 34.1797839079462], [-118.449763861988, 34.1852977351945], [-118.442105183405, 34.185301110394], [-118.438272808706, 34.1797906565568]]]}}, {"type": "Feature", "properties": {"OBJECTID": 1299, "GRID_ID": null, "has_data": false}, "geometry": {"type": "Polygon", "coordinates": [[[-118.438272808706, 34.1797906565568], [-118.44209861672, 34.1742771798952], [-118.449756299072, 34.1742738064843], [-118.453589170539, 34.1797839079462], [-118.449763861988, 34.1852977351945], [-118.442105183405, 34.185301110394], [-118.438272808706, 34.1797906565568]]]}}, {"type": "Feature", "properties": {"OBJECTID": 1300, "GRID_ID": null, "has_data": false}, "geometry": {"type": "Polygon", "coordinates": [[[-118.438272808706, 34.1797906565568], [-118.44209861672, 34.1742771798952], [-118.449756299072, 34.1742738064843], [-118.453589170539, 34.1797839079462], [-118.449763861988, 34.1852977351945], [-118.442105183405, 34.185301110394], [-118.438272808706, 34.1797906565568]]]}}, {"type": "Feature", "properties": {"OBJECTID": 1301, "GRID_ID": null, "has_data": false}, "geometry": {"type": "Polygon", "coordinates": [[[-118.438272808706, 34.1797906565568], [-118.44209861672, 34.1742771798952], [-118.449756299072, 34.1742738064843], [-118.453589170539, 34.1797839079462], [-118.449763861988, 34.1852977351945], [-118.442105183405, 34.185301110394], [-118.438272808706, 34.1797906565568]]]}}, {"type": "Feature", "properties": {"OBJECTID": 1302, "GRID_ID": null, "has_data": false}, "geometry": {"type": "Polygon", "coordinates": [[[-118.208835823161, 34.0363514390574], [-118.212670036712, 34.0308449644346], [-118.220314822849, 34.0308558008896], [-118.224126384481, 34.036373117259], [-118.220292662309, 34.0418799439284], [-118.212646887127, 34.0418691029267], [-118.208835823161, 34.0363514390574]]]}}, {"type": "Feature", "properties": {"OBJECTID": 1303, "GRID_ID": null, "has_data": false}, "geometry": {"type": "Polygon", "coordinates": [[[-118.208835823161, 34.0363514390574], [-118.212670036712, 34.0308449644346], [-118.220314822849, 34.0308558008896], [-118.224126384481, 34.036373117259], [-118.220292662309, 34.0418799439284], [-118.212646887127, 34.0418691029267], [-118.208835823161, 34.0363514390574]]]}}, {"type": "Feature", "properties": {"OBJECTID": 1304, "GRID_ID": null, "has_data": false}, "geometry": {"type": "Polygon", "coordinates": [[[-118.208835823161, 34.0363514390574], [-118.212670036712, 34.0308449644346], [-118.220314822849, 34.0308558008896], [-118.224126384481, 34.036373117259], [-118.220292662309, 34.0418799439284], [-118.212646887127, 34.0418691029267], [-118.208835823161, 34.0363514390574]]]}}, {"type": "Feature", "properties": {"OBJECTID": 1305, "GRID_ID": null, "has_data": false}, "geometry": {"type": "Polygon", "coordinates": [[[-118.208835823161, 34.0363514390574], [-118.212670036712, 34.0308449644346], [-118.220314822849, 34.0308558008896], [-118.224126384481, 34.036373117259], [-118.220292662309, 34.0418799439284], [-118.212646887127, 34.0418691029267], [-118.208835823161, 34.0363514390574]]]}}, {"type": "Feature", "properties": {"OBJECTID": 1306, "GRID_ID": null, "has_data": false}, "geometry": {"type": "Polygon", "coordinates": [[[-118.197355336762, 34.0418460006611], [-118.201190542053, 34.0363398901517], [-118.208835823161, 34.0363514390574], [-118.212646887127, 34.0418691029267], [-118.208812173215, 34.0473755660616], [-118.201165903061, 34.047364011958], [-118.197355336762, 34.0418460006611]]]}}, {"type": "Feature", "properties": {"OBJECTID": 1307, "GRID_ID": null, "has_data": false}, "geometry": {"type": "Polygon", "coordinates": [[[-118.197355336762, 34.0418460006611], [-118.201190542053, 34.0363398901517], [-118.208835823161, 34.0363514390574], [-118.212646887127, 34.0418691029267], [-118.208812173215, 34.0473755660616], [-118.201165903061, 34.047364011958], [-118.197355336762, 34.0418460006611]]]}}, {"type": "Feature", "properties": {"OBJECTID": 1308, "GRID_ID": null, "has_data": false}, "geometry": {"type": "Polygon", "coordinates": [[[-118.197355336762, 34.0418460006611], [-118.201190542053, 34.0363398901517], [-118.208835823161, 34.0363514390574], [-118.212646887127, 34.0418691029267], [-118.208812173215, 34.0473755660616], [-118.201165903061, 34.047364011958], [-118.197355336762, 34.0418460006611]]]}}, {"type": "Feature", "properties": {"OBJECTID": 1309, "GRID_ID": null, "has_data": false}, "geometry": {"type": "Polygon", "coordinates": [[[-118.197355336762, 34.0418460006611], [-118.201190542053, 34.0363398901517], [-118.208835823161, 34.0363514390574], [-118.212646887127, 34.0418691029267], [-118.208812173215, 34.0473755660616], [-118.201165903061, 34.047364011958], [-118.197355336762, 34.0418460006611]]]}}, {"type": "Feature", "properties": {"OBJECTID": 1310, "GRID_ID": null, "has_data": false}, "geometry": {"type": "Polygon", "coordinates": [[[-118.197355336762, 34.0418460006611], [-118.201190542053, 34.0363398901517], [-118.208835823161, 34.0363514390574], [-118.212646887127, 34.0418691029267], [-118.208812173215, 34.0473755660616], [-118.201165903061, 34.047364011958], [-118.197355336762, 34.0418460006611]]]}}, {"type": "Feature", "properties": {"OBJECTID": 1311, "GRID_ID": null, "has_data": false}, "geometry": {"type": "Polygon", "coordinates": [[[-118.426787824443, 34.185306433281], [-118.43061462779, 34.1797933170594], [-118.438272808706, 34.1797906565568], [-118.442105183405, 34.185301110394], [-118.438278878623, 34.1908145777783], [-118.430619702373, 34.1908172394194], [-118.426787824443, 34.185306433281]]]}}, {"type": "Feature", "properties": {"OBJECTID": 1312, "GRID_ID": null, "has_data": false}, "geometry": {"type": "Polygon", "coordinates": [[[-118.185899978937, 34.0363153734735], [-118.189735676504, 34.0308096156648], [-118.197380463539, 34.030821871078], [-118.201190542053, 34.0363398901517], [-118.197355336762, 34.0418460006611], [-118.189709560682, 34.0418337393968], [-118.185899978937, 34.0363153734735]]]}}, {"type": "Feature", "properties": {"OBJECTID": 1313, "GRID_ID": null, "has_data": false}, "geometry": {"type": "Polygon", "coordinates": [[[-118.461139023615, 34.0474912715057], [-118.464957412443, 34.0419769761913], [-118.47260318493, 34.041972199576], [-118.476431560329, 34.0474817159187], [-118.472613667371, 34.0529963610717], [-118.464966904941, 34.0530011392989], [-118.461139023615, 34.0474912715057]]]}}, {"type": "Feature", "properties": {"OBJECTID": 1314, "GRID_ID": null, "has_data": false}, "geometry": {"type": "Polygon", "coordinates": [[[-118.415298265957, 34.1797972112028], [-118.419125566972, 34.1742844469605], [-118.426783250221, 34.1742825005048], [-118.43061462779, 34.1797933170594], [-118.426787824443, 34.185306433281], [-118.419129144961, 34.1853083802255], [-118.415298265957, 34.1797972112028]]]}}, {"type": "Feature", "properties": {"OBJECTID": 1315, "GRID_ID": null, "has_data": false}, "geometry": {"type": "Polygon", "coordinates": [[[-118.449673379181, 34.0530092764256], [-118.453492756156, 34.0474953392171], [-118.461139023615, 34.0474912715057], [-118.464966904941, 34.0530011392989], [-118.461148023836, 34.05851542618], [-118.453500767332, 34.0585194955951], [-118.449673379181, 34.0530092764256]]]}}, {"type": "Feature", "properties": {"OBJECTID": 1316, "GRID_ID": null, "has_data": false}, "geometry": {"type": "Polygon", "coordinates": [[[-118.449673379181, 34.0530092764256], [-118.453492756156, 34.0474953392171], [-118.461139023615, 34.0474912715057], [-118.464966904941, 34.0530011392989], [-118.461148023836, 34.05851542618], [-118.453500767332, 34.0585194955951], [-118.449673379181, 34.0530092764256]]]}}, {"type": "Feature", "properties": {"OBJECTID": 1317, "GRID_ID": null, "has_data": false}, "geometry": {"type": "Polygon", "coordinates": [[[-118.43820022034, 34.047502054476], [-118.442020093185, 34.0419884670132], [-118.449665865672, 34.0419851099099], [-118.453492756156, 34.0474953392171], [-118.449673379181, 34.0530092764256], [-118.442026617649, 34.0530126353254], [-118.43820022034, 34.047502054476]]]}}, {"type": "Feature", "properties": {"OBJECTID": 1318, "GRID_ID": null, "has_data": false}, "geometry": {"type": "Polygon", "coordinates": [[[-118.43820022034, 34.047502054476], [-118.442020093185, 34.0419884670132], [-118.449665865672, 34.0419851099099], [-118.453492756156, 34.0474953392171], [-118.449673379181, 34.0530092764256], [-118.442026617649, 34.0530126353254], [-118.43820022034, 34.047502054476]]]}}, {"type": "Feature", "properties": {"OBJECTID": 1319, "GRID_ID": null, "has_data": false}, "geometry": {"type": "Polygon", "coordinates": [[[-118.43820022034, 34.047502054476], [-118.442020093185, 34.0419884670132], [-118.449665865672, 34.0419851099099], [-118.453492756156, 34.0474953392171], [-118.449673379181, 34.0530092764256], [-118.442026617649, 34.0530126353254], [-118.43820022034, 34.047502054476]]]}}, {"type": "Feature", "properties": {"OBJECTID": 1320, "GRID_ID": null, "has_data": false}, "geometry": {"type": "Polygon", "coordinates": [[[-118.43820022034, 34.047502054476], [-118.442020093185, 34.0419884670132], [-118.449665865672, 34.0419851099099], [-118.453492756156, 34.0474953392171], [-118.449673379181, 34.0530092764256], [-118.442026617649, 34.0530126353254], [-118.43820022034, 34.047502054476]]]}}, {"type": "Feature", "properties": {"OBJECTID": 1321, "GRID_ID": null, "has_data": false}, "geometry": {"type": "Polygon", "coordinates": [[[-118.43820022034, 34.047502054476], [-118.442020093185, 34.0419884670132], [-118.449665865672, 34.0419851099099], [-118.453492756156, 34.0474953392171], [-118.449673379181, 34.0530092764256], [-118.442026617649, 34.0530126353254], [-118.43820022034, 34.047502054476]]]}}, {"type": "Feature", "properties": {"OBJECTID": 1322, "GRID_ID": null, "has_data": false}, "geometry": {"type": "Polygon", "coordinates": [[[-118.43820022034, 34.047502054476], [-118.442020093185, 34.0419884670132], [-118.449665865672, 34.0419851099099], [-118.453492756156, 34.0474953392171], [-118.449673379181, 34.0530092764256], [-118.442026617649, 34.0530126353254], [-118.43820022034, 34.047502054476]]]}}, {"type": "Feature", "properties": {"OBJECTID": 1323, "GRID_ID": null, "has_data": false}, "geometry": {"type": "Polygon", "coordinates": [[[-118.43820022034, 34.047502054476], [-118.442020093185, 34.0419884670132], [-118.449665865672, 34.0419851099099], [-118.453492756156, 34.0474953392171], [-118.449673379181, 34.0530092764256], [-118.442026617649, 34.0530126353254], [-118.43820022034, 34.047502054476]]]}}, {"type": "Feature", "properties": {"OBJECTID": 1324, "GRID_ID": null, "has_data": false}, "geometry": {"type": "Polygon", "coordinates": [[[-118.43820022034, 34.047502054476], [-118.442020093185, 34.0419884670132], [-118.449665865672, 34.0419851099099], [-118.453492756156, 34.0474953392171], [-118.449673379181, 34.0530092764256], [-118.442026617649, 34.0530126353254], [-118.43820022034, 34.047502054476]]]}}, {"type": "Feature", "properties": {"OBJECTID": 1325, "GRID_ID": null, "has_data": false}, "geometry": {"type": "Polygon", "coordinates": [[[-118.43820022034, 34.047502054476], [-118.442020093185, 34.0419884670132], [-118.449665865672, 34.0419851099099], [-118.453492756156, 34.0474953392171], [-118.449673379181, 34.0530092764256], [-118.442026617649, 34.0530126353254], [-118.43820022034, 34.047502054476]]]}}, {"type": "Feature", "properties": {"OBJECTID": 1326, "GRID_ID": null, "has_data": false}, "geometry": {"type": "Polygon", "coordinates": [[[-118.43820022034, 34.047502054476], [-118.442020093185, 34.0419884670132], [-118.449665865672, 34.0419851099099], [-118.453492756156, 34.0474953392171], [-118.449673379181, 34.0530092764256], [-118.442026617649, 34.0530126353254], [-118.43820022034, 34.047502054476]]]}}, {"type": "Feature", "properties": {"OBJECTID": 1327, "GRID_ID": null, "has_data": false}, "geometry": {"type": "Polygon", "coordinates": [[[-118.43820022034, 34.047502054476], [-118.442020093185, 34.0419884670132], [-118.449665865672, 34.0419851099099], [-118.453492756156, 34.0474953392171], [-118.449673379181, 34.0530092764256], [-118.442026617649, 34.0530126353254], [-118.43820022034, 34.047502054476]]]}}, {"type": "Feature", "properties": {"OBJECTID": 1328, "GRID_ID": null, "has_data": false}, "geometry": {"type": "Polygon", "coordinates": [[[-118.43820022034, 34.047502054476], [-118.442020093185, 34.0419884670132], [-118.449665865672, 34.0419851099099], [-118.453492756156, 34.0474953392171], [-118.449673379181, 34.0530092764256], [-118.442026617649, 34.0530126353254], [-118.43820022034, 34.047502054476]]]}}, {"type": "Feature", "properties": {"OBJECTID": 1329, "GRID_ID": null, "has_data": false}, "geometry": {"type": "Polygon", "coordinates": [[[-118.43820022034, 34.047502054476], [-118.442020093185, 34.0419884670132], [-118.449665865672, 34.0419851099099], [-118.453492756156, 34.0474953392171], [-118.449673379181, 34.0530092764256], [-118.442026617649, 34.0530126353254], [-118.43820022034, 34.047502054476]]]}}, {"type": "Feature", "properties": {"OBJECTID": 1330, "GRID_ID": null, "has_data": false}, "geometry": {"type": "Polygon", "coordinates": [[[-118.43820022034, 34.047502054476], [-118.442020093185, 34.0419884670132], [-118.449665865672, 34.0419851099099], [-118.453492756156, 34.0474953392171], [-118.449673379181, 34.0530092764256], [-118.442026617649, 34.0530126353254], [-118.43820022034, 34.047502054476]]]}}, {"type": "Feature", "properties": {"OBJECTID": 1331, "GRID_ID": null, "has_data": false}, "geometry": {"type": "Polygon", "coordinates": [[[-118.43820022034, 34.047502054476], [-118.442020093185, 34.0419884670132], [-118.449665865672, 34.0419851099099], [-118.453492756156, 34.0474953392171], [-118.449673379181, 34.0530092764256], [-118.442026617649, 34.0530126353254], [-118.43820022034, 34.047502054476]]]}}, {"type": "Feature", "properties": {"OBJECTID": 1332, "GRID_ID": null, "has_data": false}, "geometry": {"type": "Polygon", "coordinates": [[[-118.43820022034, 34.047502054476], [-118.442020093185, 34.0419884670132], [-118.449665865672, 34.0419851099099], [-118.453492756156, 34.0474953392171], [-118.449673379181, 34.0530092764256], [-118.442026617649, 34.0530126353254], [-118.43820022034, 34.047502054476]]]}}, {"type": "Feature", "properties": {"OBJECTID": 1333, "GRID_ID": null, "has_data": false}, "geometry": {"type": "Polygon", "coordinates": [[[-118.403811787796, 34.185310848089], [-118.407640084143, 34.1797984448436], [-118.415298265957, 34.1797972112028], [-118.419129144961, 34.1853083802255], [-118.415301347179, 34.1908211352831], [-118.407642170031, 34.1908223695058], [-118.403811787796, 34.185310848089]]]}}, {"type": "Feature", "properties": {"OBJECTID": 1334, "GRID_ID": null, "has_data": false}, "geometry": {"type": "Polygon", "coordinates": [[[-118.426733091889, 34.0530179315649], [-118.430553952881, 34.0475047020237], [-118.43820022034, 34.047502054476], [-118.442026617649, 34.0530126353254], [-118.43820625073, 34.058526213702], [-118.430558994226, 34.0585288623938], [-118.426733091889, 34.0530179315649]]]}}, {"type": "Feature", "properties": {"OBJECTID": 1335, "GRID_ID": null, "has_data": false}, "geometry": {"type": "Polygon", "coordinates": [[[-118.426733091889, 34.0530179315649], [-118.430553952881, 34.0475047020237], [-118.43820022034, 34.047502054476], [-118.442026617649, 34.0530126353254], [-118.43820625073, 34.058526213702], [-118.430558994226, 34.0585288623938], [-118.426733091889, 34.0530179315649]]]}}, {"type": "Feature", "properties": {"OBJECTID": 1336, "GRID_ID": null, "has_data": false}, "geometry": {"type": "Polygon", "coordinates": [[[-118.426733091889, 34.0530179315649], [-118.430553952881, 34.0475047020237], [-118.43820022034, 34.047502054476], [-118.442026617649, 34.0530126353254], [-118.43820625073, 34.058526213702], [-118.430558994226, 34.0585288623938], [-118.426733091889, 34.0530179315649]]]}}, {"type": "Feature", "properties": {"OBJECTID": 1337, "GRID_ID": null, "has_data": false}, "geometry": {"type": "Polygon", "coordinates": [[[-118.426733091889, 34.0530179315649], [-118.430553952881, 34.0475047020237], [-118.43820022034, 34.047502054476], [-118.442026617649, 34.0530126353254], [-118.43820625073, 34.058526213702], [-118.430558994226, 34.0585288623938], [-118.426733091889, 34.0530179315649]]]}}, {"type": "Feature", "properties": {"OBJECTID": 1338, "GRID_ID": null, "has_data": false}, "geometry": {"type": "Polygon", "coordinates": [[[-118.426733091889, 34.0530179315649], [-118.430553952881, 34.0475047020237], [-118.43820022034, 34.047502054476], [-118.442026617649, 34.0530126353254], [-118.43820625073, 34.058526213702], [-118.430558994226, 34.0585288623938], [-118.426733091889, 34.0530179315649]]]}}, {"type": "Feature", "properties": {"OBJECTID": 1339, "GRID_ID": null, "has_data": false}, "geometry": {"type": "Polygon", "coordinates": [[[-118.426733091889, 34.0530179315649], [-118.430553952881, 34.0475047020237], [-118.43820022034, 34.047502054476], [-118.442026617649, 34.0530126353254], [-118.43820625073, 34.058526213702], [-118.430558994226, 34.0585288623938], [-118.426733091889, 34.0530179315649]]]}}, {"type": "Feature", "properties": {"OBJECTID": 1340, "GRID_ID": null, "has_data": false}, "geometry": {"type": "Polygon", "coordinates": [[[-118.415261417065, 34.0475085769554], [-118.419082773028, 34.0419956978114], [-118.426728546414, 34.0419937609639], [-118.430553952881, 34.0475047020237], [-118.426733091889, 34.0530179315649], [-118.41908632856, 34.0530198696492], [-118.415261417065, 34.0475085769554]]]}}, {"type": "Feature", "properties": {"OBJECTID": 1341, "GRID_ID": null, "has_data": false}, "geometry": {"type": "Polygon", "coordinates": [[[-118.392323723209, 34.1797994852635], [-118.396152518121, 34.1742874331608], [-118.403810201371, 34.1742869136601], [-118.407640084143, 34.1797984448436], [-118.403811787796, 34.185310848089], [-118.396153109213, 34.185311368265], [-118.392323723209, 34.1797994852635]]]}}, {"type": "Feature", "properties": {"OBJECTID": 1342, "GRID_ID": null, "has_data": false}, "geometry": {"type": "Polygon", "coordinates": [[[-118.392323723209, 34.1797994852635], [-118.396152518121, 34.1742874331608], [-118.403810201371, 34.1742869136601], [-118.407640084143, 34.1797984448436], [-118.403811787796, 34.185310848089], [-118.396153109213, 34.185311368265], [-118.392323723209, 34.1797994852635]]]}}, {"type": "Feature", "properties": {"OBJECTID": 1343, "GRID_ID": null, "has_data": false}, "geometry": {"type": "Polygon", "coordinates": [[[-118.392323723209, 34.1797994852635], [-118.396152518121, 34.1742874331608], [-118.403810201371, 34.1742869136601], [-118.407640084143, 34.1797984448436], [-118.403811787796, 34.185310848089], [-118.396153109213, 34.185311368265], [-118.392323723209, 34.1797994852635]]]}}, {"type": "Feature", "properties": {"OBJECTID": 1344, "GRID_ID": null, "has_data": false}, "geometry": {"type": "Polygon", "coordinates": [[[-118.403792804597, 34.0530223250023], [-118.407615149606, 34.0475098050841], [-118.415261417065, 34.0475085769554], [-118.41908632856, 34.0530198696492], [-118.415264478523, 34.0585327390544], [-118.407617221121, 34.0585339670232], [-118.403792804597, 34.0530223250023]]]}}, {"type": "Feature", "properties": {"OBJECTID": 1345, "GRID_ID": null, "has_data": false}, "geometry": {"type": "Polygon", "coordinates": [[[-118.380835751148, 34.1853109811054], [-118.384665542292, 34.1797992912995], [-118.392323723209, 34.1797994852635], [-118.396153109213, 34.185311368265], [-118.392323815735, 34.1908234097897], [-118.384664638587, 34.1908232158511], [-118.380835751148, 34.1853109811054]]]}}, {"type": "Feature", "properties": {"OBJECTID": 1346, "GRID_ID": null, "has_data": false}, "geometry": {"type": "Polygon", "coordinates": [[[-118.380835751148, 34.1853109811054], [-118.384665542292, 34.1797992912995], [-118.392323723209, 34.1797994852635], [-118.396153109213, 34.185311368265], [-118.392323815735, 34.1908234097897], [-118.384664638587, 34.1908232158511], [-118.380835751148, 34.1853109811054]]]}}, {"type": "Feature", "properties": {"OBJECTID": 1347, "GRID_ID": null, "has_data": false}, "geometry": {"type": "Polygon", "coordinates": [[[-118.392322614688, 34.0475108396893], [-118.396145454668, 34.0419986693313], [-118.403791228054, 34.0419981519951], [-118.407615149606, 34.0475098050841], [-118.403792804597, 34.0530223250023], [-118.396146041268, 34.0530228422713], [-118.392322614688, 34.0475108396893]]]}}, {"type": "Feature", "properties": {"OBJECTID": 1348, "GRID_ID": null, "has_data": false}, "geometry": {"type": "Polygon", "coordinates": [[[-118.380852517305, 34.0530224567384], [-118.384676347229, 34.0475106469103], [-118.392322614688, 34.0475108396893], [-118.396146041268, 34.0530228422713], [-118.392322707214, 34.0585350022382], [-118.384675448913, 34.0585348094843], [-118.380852517305, 34.0530224567384]]]}}, {"type": "Feature", "properties": {"OBJECTID": 1349, "GRID_ID": null, "has_data": false}, "geometry": {"type": "Polygon", "coordinates": [[[-118.369383812311, 34.0475088419335], [-118.373208136308, 34.0419973815734], [-118.380853909694, 34.0419982844927], [-118.384676347229, 34.0475106469103], [-118.380852517305, 34.0530224567384], [-118.373205754874, 34.0530215539366], [-118.369383812311, 34.0475088419335]]]}}, {"type": "Feature", "properties": {"OBJECTID": 1350, "GRID_ID": null, "has_data": false}, "geometry": {"type": "Polygon", "coordinates": [[[-118.369349181358, 34.179797477253], [-118.373179469271, 34.1742861392398], [-118.38083715252, 34.1742870466939], [-118.384665542292, 34.1797992912995], [-118.380835751148, 34.1853109811054], [-118.373177072566, 34.1853100737699], [-118.369349181358, 34.179797477253]]]}}, {"type": "Feature", "properties": {"OBJECTID": 1351, "GRID_ID": null, "has_data": false}, "geometry": {"type": "Polygon", "coordinates": [[[-118.369349181358, 34.179797477253], [-118.373179469271, 34.1742861392398], [-118.38083715252, 34.1742870466939], [-118.384665542292, 34.1797992912995], [-118.380835751148, 34.1853109811054], [-118.373177072566, 34.1853100737699], [-118.369349181358, 34.179797477253]]]}}, {"type": "Feature", "properties": {"OBJECTID": 1352, "GRID_ID": null, "has_data": false}, "geometry": {"type": "Polygon", "coordinates": [[[-118.369349181358, 34.179797477253], [-118.373179469271, 34.1742861392398], [-118.38083715252, 34.1742870466939], [-118.384665542292, 34.1797992912995], [-118.380835751148, 34.1853109811054], [-118.373177072566, 34.1853100737699], [-118.369349181358, 34.179797477253]]]}}, {"type": "Feature", "properties": {"OBJECTID": 1353, "GRID_ID": null, "has_data": false}, "geometry": {"type": "Polygon", "coordinates": [[[-118.369349181358, 34.179797477253], [-118.373179469271, 34.1742861392398], [-118.38083715252, 34.1742870466939], [-118.384665542292, 34.1797992912995], [-118.380835751148, 34.1853109811054], [-118.373177072566, 34.1853100737699], [-118.369349181358, 34.179797477253]]]}}, {"type": "Feature", "properties": {"OBJECTID": 1354, "GRID_ID": null, "has_data": false}, "geometry": {"type": "Polygon", "coordinates": [[[-118.357912230013, 34.0530183275177], [-118.361737543954, 34.0475072289913], [-118.369383812311, 34.0475088419335], [-118.373205754874, 34.0530215539366], [-118.369380935007, 34.0585330032538], [-118.361733677605, 34.058531389777], [-118.357912230013, 34.0530183275177]]]}}, {"type": "Feature", "properties": {"OBJECTID": 1355, "GRID_ID": null, "has_data": false}, "geometry": {"type": "Polygon", "coordinates": [[[-118.357912230013, 34.0530183275177], [-118.361737543954, 34.0475072289913], [-118.369383812311, 34.0475088419335], [-118.373205754874, 34.0530215539366], [-118.369380935007, 34.0585330032538], [-118.361733677605, 34.058531389777], [-118.357912230013, 34.0530183275177]]]}}, {"type": "Feature", "properties": {"OBJECTID": 1356, "GRID_ID": null, "has_data": false}, "geometry": {"type": "Polygon", "coordinates": [[[-118.357912230013, 34.0530183275177], [-118.361737543954, 34.0475072289913], [-118.369383812311, 34.0475088419335], [-118.373205754874, 34.0530215539366], [-118.369380935007, 34.0585330032538], [-118.361733677605, 34.058531389777], [-118.357912230013, 34.0530183275177]]]}}, {"type": "Feature", "properties": {"OBJECTID": 1357, "GRID_ID": null, "has_data": false}, "geometry": {"type": "Polygon", "coordinates": [[[-118.357912230013, 34.0530183275177], [-118.361737543954, 34.0475072289913], [-118.369383812311, 34.0475088419335], [-118.373205754874, 34.0530215539366], [-118.369380935007, 34.0585330032538], [-118.361733677605, 34.058531389777], [-118.357912230013, 34.0530183275177]]]}}, {"type": "Feature", "properties": {"OBJECTID": 1358, "GRID_ID": null, "has_data": false}, "geometry": {"type": "Polygon", "coordinates": [[[-118.357859714501, 34.1853068315872], [-118.361690999544, 34.1797958564273], [-118.369349181358, 34.179797477253], [-118.373177072566, 34.1853100737699], [-118.36934628519, 34.1908214012986], [-118.361687107144, 34.1908197799417], [-118.357859714501, 34.1853068315872]]]}}, {"type": "Feature", "properties": {"OBJECTID": 1359, "GRID_ID": null, "has_data": false}, "geometry": {"type": "Polygon", "coordinates": [[[-118.357859714501, 34.1853068315872], [-118.361690999544, 34.1797958564273], [-118.369349181358, 34.179797477253], [-118.373177072566, 34.1853100737699], [-118.36934628519, 34.1908214012986], [-118.361687107144, 34.1908197799417], [-118.357859714501, 34.1853068315872]]]}}, {"type": "Feature", "properties": {"OBJECTID": 1360, "GRID_ID": null, "has_data": false}, "geometry": {"type": "Polygon", "coordinates": [[[-118.346445009036, 34.0475025829435], [-118.350270817948, 34.0419918345376], [-118.357916591334, 34.0419941569681], [-118.361737543954, 34.0475072289913], [-118.357912230013, 34.0530183275177], [-118.350265467582, 34.0530160046448], [-118.346445009036, 34.0475025829435]]]}}, {"type": "Feature", "properties": {"OBJECTID": 1361, "GRID_ID": null, "has_data": false}, "geometry": {"type": "Polygon", "coordinates": [[[-118.334971941823, 34.0530099373393], [-118.338798741577, 34.0474995505822], [-118.346445009036, 34.0475025829435], [-118.350265467582, 34.0530160046448], [-118.3464391628, 34.058526742845], [-118.338791904499, 34.0585237086452], [-118.334971941823, 34.0530099373393]]]}}, {"type": "Feature", "properties": {"OBJECTID": 1362, "GRID_ID": null, "has_data": false}, "geometry": {"type": "Polygon", "coordinates": [[[-118.334971941823, 34.0530099373393], [-118.338798741577, 34.0474995505822], [-118.346445009036, 34.0475025829435], [-118.350265467582, 34.0530160046448], [-118.3464391628, 34.058526742845], [-118.338791904499, 34.0585237086452], [-118.334971941823, 34.0530099373393]]]}}, {"type": "Feature", "properties": {"OBJECTID": 1363, "GRID_ID": null, "has_data": false}, "geometry": {"type": "Polygon", "coordinates": [[[-118.34637463861, 34.1797911879142], [-118.350206421319, 34.174280564454], [-118.357864104568, 34.1742828988631], [-118.361690999544, 34.1797958564273], [-118.357859714501, 34.1853068315872], [-118.350201035918, 34.18530449674], [-118.34637463861, 34.1797911879142]]]}}, {"type": "Feature", "properties": {"OBJECTID": 1364, "GRID_ID": null, "has_data": false}, "geometry": {"type": "Polygon", "coordinates": [[[-118.323506204862, 34.0474920642071], [-118.32733349869, 34.0419820282229], [-118.334979271177, 34.041985770165], [-118.338798741577, 34.0474995505822], [-118.334971941823, 34.0530099373393], [-118.327325179392, 34.0530061936508], [-118.323506204862, 34.0474920642071]]]}}, {"type": "Feature", "properties": {"OBJECTID": 1365, "GRID_ID": null, "has_data": false}, "geometry": {"type": "Polygon", "coordinates": [[[-118.312031653632, 34.0529972862021], [-118.315859938302, 34.0474876116818], [-118.323506204862, 34.0474920642071], [-118.327325179392, 34.0530061936508], [-118.323497388796, 34.0585162195224], [-118.315850132292, 34.0585117645992], [-118.312031653632, 34.0529972862021]]]}}, {"type": "Feature", "properties": {"OBJECTID": 1366, "GRID_ID": null, "has_data": false}, "geometry": {"type": "Polygon", "coordinates": [[[-118.312031653632, 34.0529972862021], [-118.315859938302, 34.0474876116818], [-118.323506204862, 34.0474920642071], [-118.327325179392, 34.0530061936508], [-118.323497388796, 34.0585162195224], [-118.315850132292, 34.0585117645992], [-118.312031653632, 34.0529972862021]]]}}, {"type": "Feature", "properties": {"OBJECTID": 1367, "GRID_ID": null, "has_data": false}, "geometry": {"type": "Polygon", "coordinates": [[[-118.312031653632, 34.0529972862021], [-118.315859938302, 34.0474876116818], [-118.323506204862, 34.0474920642071], [-118.327325179392, 34.0530061936508], [-118.323497388796, 34.0585162195224], [-118.315850132292, 34.0585117645992], [-118.312031653632, 34.0529972862021]]]}}, {"type": "Feature", "properties": {"OBJECTID": 1368, "GRID_ID": null, "has_data": false}, "geometry": {"type": "Polygon", "coordinates": [[[-118.312031653632, 34.0529972862021], [-118.315859938302, 34.0474876116818], [-118.323506204862, 34.0474920642071], [-118.327325179392, 34.0530061936508], [-118.323497388796, 34.0585162195224], [-118.315850132292, 34.0585117645992], [-118.312031653632, 34.0529972862021]]]}}, {"type": "Feature", "properties": {"OBJECTID": 1369, "GRID_ID": null, "has_data": false}, "geometry": {"type": "Polygon", "coordinates": [[[-118.312031653632, 34.0529972862021], [-118.315859938302, 34.0474876116818], [-118.323506204862, 34.0474920642071], [-118.327325179392, 34.0530061936508], [-118.323497388796, 34.0585162195224], [-118.315850132292, 34.0585117645992], [-118.312031653632, 34.0529972862021]]]}}, {"type": "Feature", "properties": {"OBJECTID": 1370, "GRID_ID": null, "has_data": false}, "geometry": {"type": "Polygon", "coordinates": [[[-118.312031653632, 34.0529972862021], [-118.315859938302, 34.0474876116818], [-118.323506204862, 34.0474920642071], [-118.327325179392, 34.0530061936508], [-118.323497388796, 34.0585162195224], [-118.315850132292, 34.0585117645992], [-118.312031653632, 34.0529972862021]]]}}, {"type": "Feature", "properties": {"OBJECTID": 1371, "GRID_ID": null, "has_data": false}, "geometry": {"type": "Polygon", "coordinates": [[[-118.312031653632, 34.0529972862021], [-118.315859938302, 34.0474876116818], [-118.323506204862, 34.0474920642071], [-118.327325179392, 34.0530061936508], [-118.323497388796, 34.0585162195224], [-118.315850132292, 34.0585117645992], [-118.312031653632, 34.0529972862021]]]}}, {"type": "Feature", "properties": {"OBJECTID": 1372, "GRID_ID": null, "has_data": false}, "geometry": {"type": "Polygon", "coordinates": [[[-118.312031653632, 34.0529972862021], [-118.315859938302, 34.0474876116818], [-118.323506204862, 34.0474920642071], [-118.327325179392, 34.0530061936508], [-118.323497388796, 34.0585162195224], [-118.315850132292, 34.0585117645992], [-118.312031653632, 34.0529972862021]]]}}, {"type": "Feature", "properties": {"OBJECTID": 1373, "GRID_ID": null, "has_data": false}, "geometry": {"type": "Polygon", "coordinates": [[[-118.599121623881, 34.1906487407281], [-118.602937467782, 34.1851303119036], [-118.61059614906, 34.1851169440943], [-118.614439985364, 34.190622000912], [-118.610624643621, 34.19614077926], [-118.602964965213, 34.1961541520092], [-118.599121623881, 34.1906487407281]]]}}, {"type": "Feature", "properties": {"OBJECTID": 1374, "GRID_ID": null, "has_data": false}, "geometry": {"type": "Polygon", "coordinates": [[[-118.300567400689, 34.0474772857225], [-118.304396178533, 34.0419679618836], [-118.312041951919, 34.0419731240822], [-118.315859938302, 34.0474876116818], [-118.312031653632, 34.0529972862021], [-118.304384891202, 34.0529921216974], [-118.300567400689, 34.0474772857225]]]}}, {"type": "Feature", "properties": {"OBJECTID": 1375, "GRID_ID": null, "has_data": false}, "geometry": {"type": "Polygon", "coordinates": [[[-118.300567400689, 34.0474772857225], [-118.304396178533, 34.0419679618836], [-118.312041951919, 34.0419731240822], [-118.315859938302, 34.0474876116818], [-118.312031653632, 34.0529972862021], [-118.304384891202, 34.0529921216974], [-118.300567400689, 34.0474772857225]]]}}, {"type": "Feature", "properties": {"OBJECTID": 1376, "GRID_ID": null, "has_data": false}, "geometry": {"type": "Polygon", "coordinates": [[[-118.300567400689, 34.0474772857225], [-118.304396178533, 34.0419679618836], [-118.312041951919, 34.0419731240822], [-118.315859938302, 34.0474876116818], [-118.312031653632, 34.0529972862021], [-118.304384891202, 34.0529921216974], [-118.300567400689, 34.0474772857225]]]}}, {"type": "Feature", "properties": {"OBJECTID": 1377, "GRID_ID": null, "has_data": false}, "geometry": {"type": "Polygon", "coordinates": [[[-118.300567400689, 34.0474772857225], [-118.304396178533, 34.0419679618836], [-118.312041951919, 34.0419731240822], [-118.315859938302, 34.0474876116818], [-118.312031653632, 34.0529972862021], [-118.304384891202, 34.0529921216974], [-118.300567400689, 34.0474772857225]]]}}, {"type": "Feature", "properties": {"OBJECTID": 1378, "GRID_ID": null, "has_data": false}, "geometry": {"type": "Polygon", "coordinates": [[[-118.300567400689, 34.0474772857225], [-118.304396178533, 34.0419679618836], [-118.312041951919, 34.0419731240822], [-118.315859938302, 34.0474876116818], [-118.312031653632, 34.0529972862021], [-118.304384891202, 34.0529921216974], [-118.300567400689, 34.0474772857225]]]}}, {"type": "Feature", "properties": {"OBJECTID": 1379, "GRID_ID": null, "has_data": false}, "geometry": {"type": "Polygon", "coordinates": [[[-118.300567400689, 34.0474772857225], [-118.304396178533, 34.0419679618836], [-118.312041951919, 34.0419731240822], [-118.315859938302, 34.0474876116818], [-118.312031653632, 34.0529972862021], [-118.304384891202, 34.0529921216974], [-118.300567400689, 34.0474772857225]]]}}, {"type": "Feature", "properties": {"OBJECTID": 1380, "GRID_ID": null, "has_data": false}, "geometry": {"type": "Polygon", "coordinates": [[[-118.300567400689, 34.0474772857225], [-118.304396178533, 34.0419679618836], [-118.312041951919, 34.0419731240822], [-118.315859938302, 34.0474876116818], [-118.312031653632, 34.0529972862021], [-118.304384891202, 34.0529921216974], [-118.300567400689, 34.0474772857225]]]}}, {"type": "Feature", "properties": {"OBJECTID": 1381, "GRID_ID": null, "has_data": false}, "geometry": {"type": "Polygon", "coordinates": [[[-118.300567400689, 34.0474772857225], [-118.304396178533, 34.0419679618836], [-118.312041951919, 34.0419731240822], [-118.315859938302, 34.0474876116818], [-118.312031653632, 34.0529972862021], [-118.304384891202, 34.0529921216974], [-118.300567400689, 34.0474772857225]]]}}, {"type": "Feature", "properties": {"OBJECTID": 1382, "GRID_ID": null, "has_data": false}, "geometry": {"type": "Polygon", "coordinates": [[[-118.289091364544, 34.0529803733598], [-118.29292113323, 34.0474714122883], [-118.300567400689, 34.0474772857225], [-118.304384891202, 34.0529921216974], [-118.30055561569, 34.0585014340289], [-118.292908358288, 34.0584955591257], [-118.289091364544, 34.0529803733598]]]}}, {"type": "Feature", "properties": {"OBJECTID": 1383, "GRID_ID": null, "has_data": false}, "geometry": {"type": "Polygon", "coordinates": [[[-118.289091364544, 34.0529803733598], [-118.29292113323, 34.0474714122883], [-118.300567400689, 34.0474772857225], [-118.304384891202, 34.0529921216974], [-118.30055561569, 34.0585014340289], [-118.292908358288, 34.0584955591257], [-118.289091364544, 34.0529803733598]]]}}, {"type": "Feature", "properties": {"OBJECTID": 1384, "GRID_ID": null, "has_data": false}, "geometry": {"type": "Polygon", "coordinates": [[[-118.289091364544, 34.0529803733598], [-118.29292113323, 34.0474714122883], [-118.300567400689, 34.0474772857225], [-118.304384891202, 34.0529921216974], [-118.30055561569, 34.0585014340289], [-118.292908358288, 34.0584955591257], [-118.289091364544, 34.0529803733598]]]}}, {"type": "Feature", "properties": {"OBJECTID": 1385, "GRID_ID": null, "has_data": false}, "geometry": {"type": "Polygon", "coordinates": [[[-118.289091364544, 34.0529803733598], [-118.29292113323, 34.0474714122883], [-118.300567400689, 34.0474772857225], [-118.304384891202, 34.0529921216974], [-118.30055561569, 34.0585014340289], [-118.292908358288, 34.0584955591257], [-118.289091364544, 34.0529803733598]]]}}, {"type": "Feature", "properties": {"OBJECTID": 1386, "GRID_ID": null, "has_data": false}, "geometry": {"type": "Polygon", "coordinates": [[[-118.289091364544, 34.0529803733598], [-118.29292113323, 34.0474714122883], [-118.300567400689, 34.0474772857225], [-118.304384891202, 34.0529921216974], [-118.30055561569, 34.0585014340289], [-118.292908358288, 34.0584955591257], [-118.289091364544, 34.0529803733598]]]}}, {"type": "Feature", "properties": {"OBJECTID": 1387, "GRID_ID": null, "has_data": false}, "geometry": {"type": "Polygon", "coordinates": [[[-118.289091364544, 34.0529803733598], [-118.29292113323, 34.0474714122883], [-118.300567400689, 34.0474772857225], [-118.304384891202, 34.0529921216974], [-118.30055561569, 34.0585014340289], [-118.292908358288, 34.0584955591257], [-118.289091364544, 34.0529803733598]]]}}, {"type": "Feature", "properties": {"OBJECTID": 1388, "GRID_ID": null, "has_data": false}, "geometry": {"type": "Polygon", "coordinates": [[[-118.289091364544, 34.0529803733598], [-118.29292113323, 34.0474714122883], [-118.300567400689, 34.0474772857225], [-118.304384891202, 34.0529921216974], [-118.30055561569, 34.0585014340289], [-118.292908358288, 34.0584955591257], [-118.289091364544, 34.0529803733598]]]}}, {"type": "Feature", "properties": {"OBJECTID": 1389, "GRID_ID": null, "has_data": false}, "geometry": {"type": "Polygon", "coordinates": [[[-118.289091364544, 34.0529803733598], [-118.29292113323, 34.0474714122883], [-118.300567400689, 34.0474772857225], [-118.304384891202, 34.0529921216974], [-118.30055561569, 34.0585014340289], [-118.292908358288, 34.0584955591257], [-118.289091364544, 34.0529803733598]]]}}, {"type": "Feature", "properties": {"OBJECTID": 1390, "GRID_ID": null, "has_data": false}, "geometry": {"type": "Polygon", "coordinates": [[[-118.289091364544, 34.0529803733598], [-118.29292113323, 34.0474714122883], [-118.300567400689, 34.0474772857225], [-118.304384891202, 34.0529921216974], [-118.30055561569, 34.0585014340289], [-118.292908358288, 34.0584955591257], [-118.289091364544, 34.0529803733598]]]}}, {"type": "Feature", "properties": {"OBJECTID": 1391, "GRID_ID": null, "has_data": false}, "geometry": {"type": "Polygon", "coordinates": [[[-118.289091364544, 34.0529803733598], [-118.29292113323, 34.0474714122883], [-118.300567400689, 34.0474772857225], [-118.304384891202, 34.0529921216974], [-118.30055561569, 34.0585014340289], [-118.292908358288, 34.0584955591257], [-118.289091364544, 34.0529803733598]]]}}, {"type": "Feature", "properties": {"OBJECTID": 1392, "GRID_ID": null, "has_data": false}, "geometry": {"type": "Polygon", "coordinates": [[[-118.289091364544, 34.0529803733598], [-118.29292113323, 34.0474714122883], [-118.300567400689, 34.0474772857225], [-118.304384891202, 34.0529921216974], [-118.30055561569, 34.0585014340289], [-118.292908358288, 34.0584955591257], [-118.289091364544, 34.0529803733598]]]}}, {"type": "Feature", "properties": {"OBJECTID": 1393, "GRID_ID": null, "has_data": false}, "geometry": {"type": "Polygon", "coordinates": [[[-118.289091364544, 34.0529803733598], [-118.29292113323, 34.0474714122883], [-118.300567400689, 34.0474772857225], [-118.304384891202, 34.0529921216974], [-118.30055561569, 34.0585014340289], [-118.292908358288, 34.0584955591257], [-118.289091364544, 34.0529803733598]]]}}, {"type": "Feature", "properties": {"OBJECTID": 1394, "GRID_ID": null, "has_data": false}, "geometry": {"type": "Polygon", "coordinates": [[[-118.289091364544, 34.0529803733598], [-118.29292113323, 34.0474714122883], [-118.300567400689, 34.0474772857225], [-118.304384891202, 34.0529921216974], [-118.30055561569, 34.0585014340289], [-118.292908358288, 34.0584955591257], [-118.289091364544, 34.0529803733598]]]}}, {"type": "Feature", "properties": {"OBJECTID": 1395, "GRID_ID": null, "has_data": false}, "geometry": {"type": "Polygon", "coordinates": [[[-118.289091364544, 34.0529803733598], [-118.29292113323, 34.0474714122883], [-118.300567400689, 34.0474772857225], [-118.304384891202, 34.0529921216974], [-118.30055561569, 34.0585014340289], [-118.292908358288, 34.0584955591257], [-118.289091364544, 34.0529803733598]]]}}, {"type": "Feature", "properties": {"OBJECTID": 1396, "GRID_ID": null, "has_data": false}, "geometry": {"type": "Polygon", "coordinates": [[[-118.289091364544, 34.0529803733598], [-118.29292113323, 34.0474714122883], [-118.300567400689, 34.0474772857225], [-118.304384891202, 34.0529921216974], [-118.30055561569, 34.0585014340289], [-118.292908358288, 34.0584955591257], [-118.289091364544, 34.0529803733598]]]}}, {"type": "Feature", "properties": {"OBJECTID": 1397, "GRID_ID": null, "has_data": false}, "geometry": {"type": "Polygon", "coordinates": [[[-118.289091364544, 34.0529803733598], [-118.29292113323, 34.0474714122883], [-118.300567400689, 34.0474772857225], [-118.304384891202, 34.0529921216974], [-118.30055561569, 34.0585014340289], [-118.292908358288, 34.0584955591257], [-118.289091364544, 34.0529803733598]]]}}, {"type": "Feature", "properties": {"OBJECTID": 1398, "GRID_ID": null, "has_data": false}, "geometry": {"type": "Polygon", "coordinates": [[[-118.289091364544, 34.0529803733598], [-118.29292113323, 34.0474714122883], [-118.300567400689, 34.0474772857225], [-118.304384891202, 34.0529921216974], [-118.30055561569, 34.0585014340289], [-118.292908358288, 34.0584955591257], [-118.289091364544, 34.0529803733598]]]}}, {"type": "Feature", "properties": {"OBJECTID": 1399, "GRID_ID": null, "has_data": false}, "geometry": {"type": "Polygon", "coordinates": [[[-118.289091364544, 34.0529803733598], [-118.29292113323, 34.0474714122883], [-118.300567400689, 34.0474772857225], [-118.304384891202, 34.0529921216974], [-118.30055561569, 34.0585014340289], [-118.292908358288, 34.0584955591257], [-118.289091364544, 34.0529803733598]]]}}, {"type": "Feature", "properties": {"OBJECTID": 1400, "GRID_ID": null, "has_data": false}, "geometry": {"type": "Polygon", "coordinates": [[[-118.289091364544, 34.0529803733598], [-118.29292113323, 34.0474714122883], [-118.300567400689, 34.0474772857225], [-118.304384891202, 34.0529921216974], [-118.30055561569, 34.0585014340289], [-118.292908358288, 34.0584955591257], [-118.289091364544, 34.0529803733598]]]}}, {"type": "Feature", "properties": {"OBJECTID": 1401, "GRID_ID": null, "has_data": false}, "geometry": {"type": "Polygon", "coordinates": [[[-118.289091364544, 34.0529803733598], [-118.29292113323, 34.0474714122883], [-118.300567400689, 34.0474772857225], [-118.304384891202, 34.0529921216974], [-118.30055561569, 34.0585014340289], [-118.292908358288, 34.0584955591257], [-118.289091364544, 34.0529803733598]]]}}, {"type": "Feature", "properties": {"OBJECTID": 1402, "GRID_ID": null, "has_data": false}, "geometry": {"type": "Polygon", "coordinates": [[[-118.289091364544, 34.0529803733598], [-118.29292113323, 34.0474714122883], [-118.300567400689, 34.0474772857225], [-118.304384891202, 34.0529921216974], [-118.30055561569, 34.0585014340289], [-118.292908358288, 34.0584955591257], [-118.289091364544, 34.0529803733598]]]}}, {"type": "Feature", "properties": {"OBJECTID": 1403, "GRID_ID": null, "has_data": false}, "geometry": {"type": "Polygon", "coordinates": [[[-118.289091364544, 34.0529803733598], [-118.29292113323, 34.0474714122883], [-118.300567400689, 34.0474772857225], [-118.304384891202, 34.0529921216974], [-118.30055561569, 34.0585014340289], [-118.292908358288, 34.0584955591257], [-118.289091364544, 34.0529803733598]]]}}, {"type": "Feature", "properties": {"OBJECTID": 1404, "GRID_ID": null, "has_data": false}, "geometry": {"type": "Polygon", "coordinates": [[[-118.289091364544, 34.0529803733598], [-118.29292113323, 34.0474714122883], [-118.300567400689, 34.0474772857225], [-118.304384891202, 34.0529921216974], [-118.30055561569, 34.0585014340289], [-118.292908358288, 34.0584955591257], [-118.289091364544, 34.0529803733598]]]}}, {"type": "Feature", "properties": {"OBJECTID": 1405, "GRID_ID": null, "has_data": false}, "geometry": {"type": "Polygon", "coordinates": [[[-118.289091364544, 34.0529803733598], [-118.29292113323, 34.0474714122883], [-118.300567400689, 34.0474772857225], [-118.304384891202, 34.0529921216974], [-118.30055561569, 34.0585014340289], [-118.292908358288, 34.0584955591257], [-118.289091364544, 34.0529803733598]]]}}, {"type": "Feature", "properties": {"OBJECTID": 1406, "GRID_ID": null, "has_data": false}, "geometry": {"type": "Polygon", "coordinates": [[[-118.289091364544, 34.0529803733598], [-118.29292113323, 34.0474714122883], [-118.300567400689, 34.0474772857225], [-118.304384891202, 34.0529921216974], [-118.30055561569, 34.0585014340289], [-118.292908358288, 34.0584955591257], [-118.289091364544, 34.0529803733598]]]}}, {"type": "Feature", "properties": {"OBJECTID": 1407, "GRID_ID": null, "has_data": false}, "geometry": {"type": "Polygon", "coordinates": [[[-118.289091364544, 34.0529803733598], [-118.29292113323, 34.0474714122883], [-118.300567400689, 34.0474772857225], [-118.304384891202, 34.0529921216974], [-118.30055561569, 34.0585014340289], [-118.292908358288, 34.0584955591257], [-118.289091364544, 34.0529803733598]]]}}, {"type": "Feature", "properties": {"OBJECTID": 1408, "GRID_ID": null, "has_data": false}, "geometry": {"type": "Polygon", "coordinates": [[[-118.289091364544, 34.0529803733598], [-118.29292113323, 34.0474714122883], [-118.300567400689, 34.0474772857225], [-118.304384891202, 34.0529921216974], [-118.30055561569, 34.0585014340289], [-118.292908358288, 34.0584955591257], [-118.289091364544, 34.0529803733598]]]}}, {"type": "Feature", "properties": {"OBJECTID": 1409, "GRID_ID": null, "has_data": false}, "geometry": {"type": "Polygon", "coordinates": [[[-118.289091364544, 34.0529803733598], [-118.29292113323, 34.0474714122883], [-118.300567400689, 34.0474772857225], [-118.304384891202, 34.0529921216974], [-118.30055561569, 34.0585014340289], [-118.292908358288, 34.0584955591257], [-118.289091364544, 34.0529803733598]]]}}, {"type": "Feature", "properties": {"OBJECTID": 1410, "GRID_ID": null, "has_data": false}, "geometry": {"type": "Polygon", "coordinates": [[[-118.289091364544, 34.0529803733598], [-118.29292113323, 34.0474714122883], [-118.300567400689, 34.0474772857225], [-118.304384891202, 34.0529921216974], [-118.30055561569, 34.0585014340289], [-118.292908358288, 34.0584955591257], [-118.289091364544, 34.0529803733598]]]}}, {"type": "Feature", "properties": {"OBJECTID": 1411, "GRID_ID": null, "has_data": false}, "geometry": {"type": "Polygon", "coordinates": [[[-118.587645608398, 34.1961794694308], [-118.591462444937, 34.1906613972941], [-118.599121623881, 34.1906487407281], [-118.602964965213, 34.1961541520092], [-118.599148630832, 34.2016725735018], [-118.591488454758, 34.2016852350998], [-118.587645608398, 34.1961794694308]]]}}, {"type": "Feature", "properties": {"OBJECTID": 1412, "GRID_ID": null, "has_data": false}, "geometry": {"type": "Polygon", "coordinates": [[[-118.587645608398, 34.1961794694308], [-118.591462444937, 34.1906613972941], [-118.599121623881, 34.1906487407281], [-118.602964965213, 34.1961541520092], [-118.599148630832, 34.2016725735018], [-118.591488454758, 34.2016852350998], [-118.587645608398, 34.1961794694308]]]}}, {"type": "Feature", "properties": {"OBJECTID": 1413, "GRID_ID": null, "has_data": false}, "geometry": {"type": "Polygon", "coordinates": [[[-118.587645608398, 34.1961794694308], [-118.591462444937, 34.1906613972941], [-118.599121623881, 34.1906487407281], [-118.602964965213, 34.1961541520092], [-118.599148630832, 34.2016725735018], [-118.591488454758, 34.2016852350998], [-118.587645608398, 34.1961794694308]]]}}, {"type": "Feature", "properties": {"OBJECTID": 1414, "GRID_ID": null, "has_data": false}, "geometry": {"type": "Polygon", "coordinates": [[[-118.587645608398, 34.1961794694308], [-118.591462444937, 34.1906613972941], [-118.599121623881, 34.1906487407281], [-118.602964965213, 34.1961541520092], [-118.599148630832, 34.2016725735018], [-118.591488454758, 34.2016852350998], [-118.587645608398, 34.1961794694308]]]}}, {"type": "Feature", "properties": {"OBJECTID": 1415, "GRID_ID": null, "has_data": false}, "geometry": {"type": "Polygon", "coordinates": [[[-118.277628596515, 34.047458245999], [-118.281458857478, 34.0419496362617], [-118.289104630864, 34.0419562179734], [-118.29292113323, 34.0474714122883], [-118.289091364544, 34.0529803733598], [-118.281444601215, 34.0529737887825], [-118.277628596515, 34.047458245999]]]}}, {"type": "Feature", "properties": {"OBJECTID": 1416, "GRID_ID": null, "has_data": false}, "geometry": {"type": "Polygon", "coordinates": [[[-118.277628596515, 34.047458245999], [-118.281458857478, 34.0419496362617], [-118.289104630864, 34.0419562179734], [-118.29292113323, 34.0474714122883], [-118.289091364544, 34.0529803733598], [-118.281444601215, 34.0529737887825], [-118.277628596515, 34.047458245999]]]}}, {"type": "Feature", "properties": {"OBJECTID": 1417, "GRID_ID": null, "has_data": false}, "geometry": {"type": "Polygon", "coordinates": [[[-118.277628596515, 34.047458245999], [-118.281458857478, 34.0419496362617], [-118.289104630864, 34.0419562179734], [-118.29292113323, 34.0474714122883], [-118.289091364544, 34.0529803733598], [-118.281444601215, 34.0529737887825], [-118.277628596515, 34.047458245999]]]}}, {"type": "Feature", "properties": {"OBJECTID": 1418, "GRID_ID": null, "has_data": false}, "geometry": {"type": "Polygon", "coordinates": [[[-118.277628596515, 34.047458245999], [-118.281458857478, 34.0419496362617], [-118.289104630864, 34.0419562179734], [-118.29292113323, 34.0474714122883], [-118.289091364544, 34.0529803733598], [-118.281444601215, 34.0529737887825], [-118.277628596515, 34.047458245999]]]}}, {"type": "Feature", "properties": {"OBJECTID": 1419, "GRID_ID": null, "has_data": false}, "geometry": {"type": "Polygon", "coordinates": [[[-118.277628596515, 34.047458245999], [-118.281458857478, 34.0419496362617], [-118.289104630864, 34.0419562179734], [-118.29292113323, 34.0474714122883], [-118.289091364544, 34.0529803733598], [-118.281444601215, 34.0529737887825], [-118.277628596515, 34.047458245999]]]}}, {"type": "Feature", "properties": {"OBJECTID": 1420, "GRID_ID": null, "has_data": false}, "geometry": {"type": "Polygon", "coordinates": [[[-118.277628596515, 34.047458245999], [-118.281458857478, 34.0419496362617], [-118.289104630864, 34.0419562179734], [-118.29292113323, 34.0474714122883], [-118.289091364544, 34.0529803733598], [-118.281444601215, 34.0529737887825], [-118.277628596515, 34.047458245999]]]}}, {"type": "Feature", "properties": {"OBJECTID": 1421, "GRID_ID": null, "has_data": false}, "geometry": {"type": "Polygon", "coordinates": [[[-118.277628596515, 34.047458245999], [-118.281458857478, 34.0419496362617], [-118.289104630864, 34.0419562179734], [-118.29292113323, 34.0474714122883], [-118.289091364544, 34.0529803733598], [-118.281444601215, 34.0529737887825], [-118.277628596515, 34.047458245999]]]}}, {"type": "Feature", "properties": {"OBJECTID": 1422, "GRID_ID": null, "has_data": false}, "geometry": {"type": "Polygon", "coordinates": [[[-118.277628596515, 34.047458245999], [-118.281458857478, 34.0419496362617], [-118.289104630864, 34.0419562179734], [-118.29292113323, 34.0474714122883], [-118.289091364544, 34.0529803733598], [-118.281444601215, 34.0529737887825], [-118.277628596515, 34.047458245999]]]}}, {"type": "Feature", "properties": {"OBJECTID": 1423, "GRID_ID": null, "has_data": false}, "geometry": {"type": "Polygon", "coordinates": [[[-118.277628596515, 34.047458245999], [-118.281458857478, 34.0419496362617], [-118.289104630864, 34.0419562179734], [-118.29292113323, 34.0474714122883], [-118.289091364544, 34.0529803733598], [-118.281444601215, 34.0529737887825], [-118.277628596515, 34.047458245999]]]}}, {"type": "Feature", "properties": {"OBJECTID": 1424, "GRID_ID": null, "has_data": false}, "geometry": {"type": "Polygon", "coordinates": [[[-118.277628596515, 34.047458245999], [-118.281458857478, 34.0419496362617], [-118.289104630864, 34.0419562179734], [-118.29292113323, 34.0474714122883], [-118.289091364544, 34.0529803733598], [-118.281444601215, 34.0529737887825], [-118.277628596515, 34.047458245999]]]}}, {"type": "Feature", "properties": {"OBJECTID": 1425, "GRID_ID": null, "has_data": false}, "geometry": {"type": "Polygon", "coordinates": [[[-118.277628596515, 34.047458245999], [-118.281458857478, 34.0419496362617], [-118.289104630864, 34.0419562179734], [-118.29292113323, 34.0474714122883], [-118.289091364544, 34.0529803733598], [-118.281444601215, 34.0529737887825], [-118.277628596515, 34.047458245999]]]}}, {"type": "Feature", "properties": {"OBJECTID": 1426, "GRID_ID": null, "has_data": false}, "geometry": {"type": "Polygon", "coordinates": [[[-118.277628596515, 34.047458245999], [-118.281458857478, 34.0419496362617], [-118.289104630864, 34.0419562179734], [-118.29292113323, 34.0474714122883], [-118.289091364544, 34.0529803733598], [-118.281444601215, 34.0529737887825], [-118.277628596515, 34.047458245999]]]}}, {"type": "Feature", "properties": {"OBJECTID": 1427, "GRID_ID": null, "has_data": false}, "geometry": {"type": "Polygon", "coordinates": [[[-118.277628596515, 34.047458245999], [-118.281458857478, 34.0419496362617], [-118.289104630864, 34.0419562179734], [-118.29292113323, 34.0474714122883], [-118.289091364544, 34.0529803733598], [-118.281444601215, 34.0529737887825], [-118.277628596515, 34.047458245999]]]}}, {"type": "Feature", "properties": {"OBJECTID": 1428, "GRID_ID": null, "has_data": false}, "geometry": {"type": "Polygon", "coordinates": [[[-118.576144085251, 34.1906852815136], [-118.57996142305, 34.1851675588048], [-118.58762010343, 34.1851556192586], [-118.591462444937, 34.1906613972941], [-118.587645608398, 34.1961794694308], [-118.579985930888, 34.1961914141035], [-118.576144085251, 34.1906852815136]]]}}, {"type": "Feature", "properties": {"OBJECTID": 1429, "GRID_ID": null, "has_data": false}, "geometry": {"type": "Polygon", "coordinates": [[[-118.576144085251, 34.1906852815136], [-118.57996142305, 34.1851675588048], [-118.58762010343, 34.1851556192586], [-118.591462444937, 34.1906613972941], [-118.587645608398, 34.1961794694308], [-118.579985930888, 34.1961914141035], [-118.576144085251, 34.1906852815136]]]}}, {"type": "Feature", "properties": {"OBJECTID": 1430, "GRID_ID": null, "has_data": false}, "geometry": {"type": "Polygon", "coordinates": [[[-118.266151074557, 34.0529591995543], [-118.26998232726, 34.0474509531436], [-118.277628596515, 34.047458245999], [-118.281444601215, 34.0529737887825], [-118.277613840788, 34.0584823871062], [-118.269966582488, 34.0584750907338], [-118.266151074557, 34.0529591995543]]]}}, {"type": "Feature", "properties": {"OBJECTID": 1431, "GRID_ID": null, "has_data": false}, "geometry": {"type": "Polygon", "coordinates": [[[-118.266151074557, 34.0529591995543], [-118.26998232726, 34.0474509531436], [-118.277628596515, 34.047458245999], [-118.281444601215, 34.0529737887825], [-118.277613840788, 34.0584823871062], [-118.269966582488, 34.0584750907338], [-118.266151074557, 34.0529591995543]]]}}, {"type": "Feature", "properties": {"OBJECTID": 1432, "GRID_ID": null, "has_data": false}, "geometry": {"type": "Polygon", "coordinates": [[[-118.266151074557, 34.0529591995543], [-118.26998232726, 34.0474509531436], [-118.277628596515, 34.047458245999], [-118.281444601215, 34.0529737887825], [-118.277613840788, 34.0584823871062], [-118.269966582488, 34.0584750907338], [-118.266151074557, 34.0529591995543]]]}}, {"type": "Feature", "properties": {"OBJECTID": 1433, "GRID_ID": null, "has_data": false}, "geometry": {"type": "Polygon", "coordinates": [[[-118.266151074557, 34.0529591995543], [-118.26998232726, 34.0474509531436], [-118.277628596515, 34.047458245999], [-118.281444601215, 34.0529737887825], [-118.277613840788, 34.0584823871062], [-118.269966582488, 34.0584750907338], [-118.266151074557, 34.0529591995543]]]}}, {"type": "Feature", "properties": {"OBJECTID": 1434, "GRID_ID": null, "has_data": false}, "geometry": {"type": "Polygon", "coordinates": [[[-118.266151074557, 34.0529591995543], [-118.26998232726, 34.0474509531436], [-118.277628596515, 34.047458245999], [-118.281444601215, 34.0529737887825], [-118.277613840788, 34.0584823871062], [-118.269966582488, 34.0584750907338], [-118.266151074557, 34.0529591995543]]]}}, {"type": "Feature", "properties": {"OBJECTID": 1435, "GRID_ID": null, "has_data": false}, "geometry": {"type": "Polygon", "coordinates": [[[-118.266151074557, 34.0529591995543], [-118.26998232726, 34.0474509531436], [-118.277628596515, 34.047458245999], [-118.281444601215, 34.0529737887825], [-118.277613840788, 34.0584823871062], [-118.269966582488, 34.0584750907338], [-118.266151074557, 34.0529591995543]]]}}, {"type": "Feature", "properties": {"OBJECTID": 1436, "GRID_ID": null, "has_data": false}, "geometry": {"type": "Polygon", "coordinates": [[[-118.266151074557, 34.0529591995543], [-118.26998232726, 34.0474509531436], [-118.277628596515, 34.047458245999], [-118.281444601215, 34.0529737887825], [-118.277613840788, 34.0584823871062], [-118.269966582488, 34.0584750907338], [-118.266151074557, 34.0529591995543]]]}}, {"type": "Feature", "properties": {"OBJECTID": 1437, "GRID_ID": null, "has_data": false}, "geometry": {"type": "Polygon", "coordinates": [[[-118.266151074557, 34.0529591995543], [-118.26998232726, 34.0474509531436], [-118.277628596515, 34.047458245999], [-118.281444601215, 34.0529737887825], [-118.277613840788, 34.0584823871062], [-118.269966582488, 34.0584750907338], [-118.266151074557, 34.0529591995543]]]}}, {"type": "Feature", "properties": {"OBJECTID": 1438, "GRID_ID": null, "has_data": false}, "geometry": {"type": "Polygon", "coordinates": [[[-118.266151074557, 34.0529591995543], [-118.26998232726, 34.0474509531436], [-118.277628596515, 34.047458245999], [-118.281444601215, 34.0529737887825], [-118.277613840788, 34.0584823871062], [-118.269966582488, 34.0584750907338], [-118.266151074557, 34.0529591995543]]]}}, {"type": "Feature", "properties": {"OBJECTID": 1439, "GRID_ID": null, "has_data": false}, "geometry": {"type": "Polygon", "coordinates": [[[-118.266151074557, 34.0529591995543], [-118.26998232726, 34.0474509531436], [-118.277628596515, 34.047458245999], [-118.281444601215, 34.0529737887825], [-118.277613840788, 34.0584823871062], [-118.269966582488, 34.0584750907338], [-118.266151074557, 34.0529591995543]]]}}, {"type": "Feature", "properties": {"OBJECTID": 1440, "GRID_ID": null, "has_data": false}, "geometry": {"type": "Polygon", "coordinates": [[[-118.266151074557, 34.0529591995543], [-118.26998232726, 34.0474509531436], [-118.277628596515, 34.047458245999], [-118.281444601215, 34.0529737887825], [-118.277613840788, 34.0584823871062], [-118.269966582488, 34.0584750907338], [-118.266151074557, 34.0529591995543]]]}}, {"type": "Feature", "properties": {"OBJECTID": 1441, "GRID_ID": null, "has_data": false}, "geometry": {"type": "Polygon", "coordinates": [[[-118.266151074557, 34.0529591995543], [-118.26998232726, 34.0474509531436], [-118.277628596515, 34.047458245999], [-118.281444601215, 34.0529737887825], [-118.277613840788, 34.0584823871062], [-118.269966582488, 34.0584750907338], [-118.266151074557, 34.0529591995543]]]}}, {"type": "Feature", "properties": {"OBJECTID": 1442, "GRID_ID": null, "has_data": false}, "geometry": {"type": "Polygon", "coordinates": [[[-118.266151074557, 34.0529591995543], [-118.26998232726, 34.0474509531436], [-118.277628596515, 34.047458245999], [-118.281444601215, 34.0529737887825], [-118.277613840788, 34.0584823871062], [-118.269966582488, 34.0584750907338], [-118.266151074557, 34.0529591995543]]]}}, {"type": "Feature", "properties": {"OBJECTID": 1443, "GRID_ID": null, "has_data": false}, "geometry": {"type": "Polygon", "coordinates": [[[-118.266151074557, 34.0529591995543], [-118.26998232726, 34.0474509531436], [-118.277628596515, 34.047458245999], [-118.281444601215, 34.0529737887825], [-118.277613840788, 34.0584823871062], [-118.269966582488, 34.0584750907338], [-118.266151074557, 34.0529591995543]]]}}, {"type": "Feature", "properties": {"OBJECTID": 1444, "GRID_ID": null, "has_data": false}, "geometry": {"type": "Polygon", "coordinates": [[[-118.266151074557, 34.0529591995543], [-118.26998232726, 34.0474509531436], [-118.277628596515, 34.047458245999], [-118.281444601215, 34.0529737887825], [-118.277613840788, 34.0584823871062], [-118.269966582488, 34.0584750907338], [-118.266151074557, 34.0529591995543]]]}}, {"type": "Feature", "properties": {"OBJECTID": 1445, "GRID_ID": null, "has_data": false}, "geometry": {"type": "Polygon", "coordinates": [[[-118.266151074557, 34.0529591995543], [-118.26998232726, 34.0474509531436], [-118.277628596515, 34.047458245999], [-118.281444601215, 34.0529737887825], [-118.277613840788, 34.0584823871062], [-118.269966582488, 34.0584750907338], [-118.266151074557, 34.0529591995543]]]}}, {"type": "Feature", "properties": {"OBJECTID": 1446, "GRID_ID": null, "has_data": false}, "geometry": {"type": "Polygon", "coordinates": [[[-118.266151074557, 34.0529591995543], [-118.26998232726, 34.0474509531436], [-118.277628596515, 34.047458245999], [-118.281444601215, 34.0529737887825], [-118.277613840788, 34.0584823871062], [-118.269966582488, 34.0584750907338], [-118.266151074557, 34.0529591995543]]]}}, {"type": "Feature", "properties": {"OBJECTID": 1447, "GRID_ID": null, "has_data": false}, "geometry": {"type": "Polygon", "coordinates": [[[-118.266151074557, 34.0529591995543], [-118.26998232726, 34.0474509531436], [-118.277628596515, 34.047458245999], [-118.281444601215, 34.0529737887825], [-118.277613840788, 34.0584823871062], [-118.269966582488, 34.0584750907338], [-118.266151074557, 34.0529591995543]]]}}, {"type": "Feature", "properties": {"OBJECTID": 1448, "GRID_ID": null, "has_data": false}, "geometry": {"type": "Polygon", "coordinates": [[[-118.266151074557, 34.0529591995543], [-118.26998232726, 34.0474509531436], [-118.277628596515, 34.047458245999], [-118.281444601215, 34.0529737887825], [-118.277613840788, 34.0584823871062], [-118.269966582488, 34.0584750907338], [-118.266151074557, 34.0529591995543]]]}}, {"type": "Feature", "properties": {"OBJECTID": 1449, "GRID_ID": null, "has_data": false}, "geometry": {"type": "Polygon", "coordinates": [[[-118.266151074557, 34.0529591995543], [-118.26998232726, 34.0474509531436], [-118.277628596515, 34.047458245999], [-118.281444601215, 34.0529737887825], [-118.277613840788, 34.0584823871062], [-118.269966582488, 34.0584750907338], [-118.266151074557, 34.0529591995543]]]}}, {"type": "Feature", "properties": {"OBJECTID": 1450, "GRID_ID": null, "has_data": false}, "geometry": {"type": "Polygon", "coordinates": [[[-118.266151074557, 34.0529591995543], [-118.26998232726, 34.0474509531436], [-118.277628596515, 34.047458245999], [-118.281444601215, 34.0529737887825], [-118.277613840788, 34.0584823871062], [-118.269966582488, 34.0584750907338], [-118.266151074557, 34.0529591995543]]]}}, {"type": "Feature", "properties": {"OBJECTID": 1451, "GRID_ID": null, "has_data": false}, "geometry": {"type": "Polygon", "coordinates": [[[-118.266151074557, 34.0529591995543], [-118.26998232726, 34.0474509531436], [-118.277628596515, 34.047458245999], [-118.281444601215, 34.0529737887825], [-118.277613840788, 34.0584823871062], [-118.269966582488, 34.0584750907338], [-118.266151074557, 34.0529591995543]]]}}, {"type": "Feature", "properties": {"OBJECTID": 1452, "GRID_ID": null, "has_data": false}, "geometry": {"type": "Polygon", "coordinates": [[[-118.266151074557, 34.0529591995543], [-118.26998232726, 34.0474509531436], [-118.277628596515, 34.047458245999], [-118.281444601215, 34.0529737887825], [-118.277613840788, 34.0584823871062], [-118.269966582488, 34.0584750907338], [-118.266151074557, 34.0529591995543]]]}}, {"type": "Feature", "properties": {"OBJECTID": 1453, "GRID_ID": null, "has_data": false}, "geometry": {"type": "Polygon", "coordinates": [[[-118.266151074557, 34.0529591995543], [-118.26998232726, 34.0474509531436], [-118.277628596515, 34.047458245999], [-118.281444601215, 34.0529737887825], [-118.277613840788, 34.0584823871062], [-118.269966582488, 34.0584750907338], [-118.266151074557, 34.0529591995543]]]}}, {"type": "Feature", "properties": {"OBJECTID": 1454, "GRID_ID": null, "has_data": false}, "geometry": {"type": "Polygon", "coordinates": [[[-118.266151074557, 34.0529591995543], [-118.26998232726, 34.0474509531436], [-118.277628596515, 34.047458245999], [-118.281444601215, 34.0529737887825], [-118.277613840788, 34.0584823871062], [-118.269966582488, 34.0584750907338], [-118.266151074557, 34.0529591995543]]]}}, {"type": "Feature", "properties": {"OBJECTID": 1455, "GRID_ID": null, "has_data": false}, "geometry": {"type": "Polygon", "coordinates": [[[-118.266151074557, 34.0529591995543], [-118.26998232726, 34.0474509531436], [-118.277628596515, 34.047458245999], [-118.281444601215, 34.0529737887825], [-118.277613840788, 34.0584823871062], [-118.269966582488, 34.0584750907338], [-118.266151074557, 34.0529591995543]]]}}, {"type": "Feature", "properties": {"OBJECTID": 1456, "GRID_ID": null, "has_data": false}, "geometry": {"type": "Polygon", "coordinates": [[[-118.266151074557, 34.0529591995543], [-118.26998232726, 34.0474509531436], [-118.277628596515, 34.047458245999], [-118.281444601215, 34.0529737887825], [-118.277613840788, 34.0584823871062], [-118.269966582488, 34.0584750907338], [-118.266151074557, 34.0529591995543]]]}}, {"type": "Feature", "properties": {"OBJECTID": 1457, "GRID_ID": null, "has_data": false}, "geometry": {"type": "Polygon", "coordinates": [[[-118.266151074557, 34.0529591995543], [-118.26998232726, 34.0474509531436], [-118.277628596515, 34.047458245999], [-118.281444601215, 34.0529737887825], [-118.277613840788, 34.0584823871062], [-118.269966582488, 34.0584750907338], [-118.266151074557, 34.0529591995543]]]}}, {"type": "Feature", "properties": {"OBJECTID": 1458, "GRID_ID": null, "has_data": false}, "geometry": {"type": "Polygon", "coordinates": [[[-118.266151074557, 34.0529591995543], [-118.26998232726, 34.0474509531436], [-118.277628596515, 34.047458245999], [-118.281444601215, 34.0529737887825], [-118.277613840788, 34.0584823871062], [-118.269966582488, 34.0584750907338], [-118.266151074557, 34.0529591995543]]]}}, {"type": "Feature", "properties": {"OBJECTID": 1459, "GRID_ID": null, "has_data": false}, "geometry": {"type": "Polygon", "coordinates": [[[-118.266151074557, 34.0529591995543], [-118.26998232726, 34.0474509531436], [-118.277628596515, 34.047458245999], [-118.281444601215, 34.0529737887825], [-118.277613840788, 34.0584823871062], [-118.269966582488, 34.0584750907338], [-118.266151074557, 34.0529591995543]]]}}, {"type": "Feature", "properties": {"OBJECTID": 1460, "GRID_ID": null, "has_data": false}, "geometry": {"type": "Polygon", "coordinates": [[[-118.266151074557, 34.0529591995543], [-118.26998232726, 34.0474509531436], [-118.277628596515, 34.047458245999], [-118.281444601215, 34.0529737887825], [-118.277613840788, 34.0584823871062], [-118.269966582488, 34.0584750907338], [-118.266151074557, 34.0529591995543]]]}}, {"type": "Feature", "properties": {"OBJECTID": 1461, "GRID_ID": null, "has_data": false}, "geometry": {"type": "Polygon", "coordinates": [[[-118.266151074557, 34.0529591995543], [-118.26998232726, 34.0474509531436], [-118.277628596515, 34.047458245999], [-118.281444601215, 34.0529737887825], [-118.277613840788, 34.0584823871062], [-118.269966582488, 34.0584750907338], [-118.266151074557, 34.0529591995543]]]}}, {"type": "Feature", "properties": {"OBJECTID": 1462, "GRID_ID": null, "has_data": false}, "geometry": {"type": "Polygon", "coordinates": [[[-118.266151074557, 34.0529591995543], [-118.26998232726, 34.0474509531436], [-118.277628596515, 34.047458245999], [-118.281444601215, 34.0529737887825], [-118.277613840788, 34.0584823871062], [-118.269966582488, 34.0584750907338], [-118.266151074557, 34.0529591995543]]]}}, {"type": "Feature", "properties": {"OBJECTID": 1463, "GRID_ID": null, "has_data": false}, "geometry": {"type": "Polygon", "coordinates": [[[-118.266151074557, 34.0529591995543], [-118.26998232726, 34.0474509531436], [-118.277628596515, 34.047458245999], [-118.281444601215, 34.0529737887825], [-118.277613840788, 34.0584823871062], [-118.269966582488, 34.0584750907338], [-118.266151074557, 34.0529591995543]]]}}, {"type": "Feature", "properties": {"OBJECTID": 1464, "GRID_ID": null, "has_data": false}, "geometry": {"type": "Polygon", "coordinates": [[[-118.266151074557, 34.0529591995543], [-118.26998232726, 34.0474509531436], [-118.277628596515, 34.047458245999], [-118.281444601215, 34.0529737887825], [-118.277613840788, 34.0584823871062], [-118.269966582488, 34.0584750907338], [-118.266151074557, 34.0529591995543]]]}}, {"type": "Feature", "properties": {"OBJECTID": 1465, "GRID_ID": null, "has_data": false}, "geometry": {"type": "Polygon", "coordinates": [[[-118.266151074557, 34.0529591995543], [-118.26998232726, 34.0474509531436], [-118.277628596515, 34.047458245999], [-118.281444601215, 34.0529737887825], [-118.277613840788, 34.0584823871062], [-118.269966582488, 34.0584750907338], [-118.266151074557, 34.0529591995543]]]}}, {"type": "Feature", "properties": {"OBJECTID": 1466, "GRID_ID": null, "has_data": false}, "geometry": {"type": "Polygon", "coordinates": [[[-118.266151074557, 34.0529591995543], [-118.26998232726, 34.0474509531436], [-118.277628596515, 34.047458245999], [-118.281444601215, 34.0529737887825], [-118.277613840788, 34.0584823871062], [-118.269966582488, 34.0584750907338], [-118.266151074557, 34.0529591995543]]]}}, {"type": "Feature", "properties": {"OBJECTID": 1467, "GRID_ID": null, "has_data": false}, "geometry": {"type": "Polygon", "coordinates": [[[-118.266151074557, 34.0529591995543], [-118.26998232726, 34.0474509531436], [-118.277628596515, 34.047458245999], [-118.281444601215, 34.0529737887825], [-118.277613840788, 34.0584823871062], [-118.269966582488, 34.0584750907338], [-118.266151074557, 34.0529591995543]]]}}, {"type": "Feature", "properties": {"OBJECTID": 1468, "GRID_ID": null, "has_data": false}, "geometry": {"type": "Polygon", "coordinates": [[[-118.266151074557, 34.0529591995543], [-118.26998232726, 34.0474509531436], [-118.277628596515, 34.047458245999], [-118.281444601215, 34.0529737887825], [-118.277613840788, 34.0584823871062], [-118.269966582488, 34.0584750907338], [-118.266151074557, 34.0529591995543]]]}}, {"type": "Feature", "properties": {"OBJECTID": 1469, "GRID_ID": null, "has_data": false}, "geometry": {"type": "Polygon", "coordinates": [[[-118.266151074557, 34.0529591995543], [-118.26998232726, 34.0474509531436], [-118.277628596515, 34.047458245999], [-118.281444601215, 34.0529737887825], [-118.277613840788, 34.0584823871062], [-118.269966582488, 34.0584750907338], [-118.266151074557, 34.0529591995543]]]}}, {"type": "Feature", "properties": {"OBJECTID": 1470, "GRID_ID": null, "has_data": false}, "geometry": {"type": "Polygon", "coordinates": [[[-118.266151074557, 34.0529591995543], [-118.26998232726, 34.0474509531436], [-118.277628596515, 34.047458245999], [-118.281444601215, 34.0529737887825], [-118.277613840788, 34.0584823871062], [-118.269966582488, 34.0584750907338], [-118.266151074557, 34.0529591995543]]]}}, {"type": "Feature", "properties": {"OBJECTID": 1471, "GRID_ID": null, "has_data": false}, "geometry": {"type": "Polygon", "coordinates": [[[-118.266151074557, 34.0529591995543], [-118.26998232726, 34.0474509531436], [-118.277628596515, 34.047458245999], [-118.281444601215, 34.0529737887825], [-118.277613840788, 34.0584823871062], [-118.269966582488, 34.0584750907338], [-118.266151074557, 34.0529591995543]]]}}, {"type": "Feature", "properties": {"OBJECTID": 1472, "GRID_ID": null, "has_data": false}, "geometry": {"type": "Polygon", "coordinates": [[[-118.266151074557, 34.0529591995543], [-118.26998232726, 34.0474509531436], [-118.277628596515, 34.047458245999], [-118.281444601215, 34.0529737887825], [-118.277613840788, 34.0584823871062], [-118.269966582488, 34.0584750907338], [-118.266151074557, 34.0529591995543]]]}}, {"type": "Feature", "properties": {"OBJECTID": 1473, "GRID_ID": null, "has_data": false}, "geometry": {"type": "Polygon", "coordinates": [[[-118.266151074557, 34.0529591995543], [-118.26998232726, 34.0474509531436], [-118.277628596515, 34.047458245999], [-118.281444601215, 34.0529737887825], [-118.277613840788, 34.0584823871062], [-118.269966582488, 34.0584750907338], [-118.266151074557, 34.0529591995543]]]}}, {"type": "Feature", "properties": {"OBJECTID": 1474, "GRID_ID": null, "has_data": false}, "geometry": {"type": "Polygon", "coordinates": [[[-118.266151074557, 34.0529591995543], [-118.26998232726, 34.0474509531436], [-118.277628596515, 34.047458245999], [-118.281444601215, 34.0529737887825], [-118.277613840788, 34.0584823871062], [-118.269966582488, 34.0584750907338], [-118.266151074557, 34.0529591995543]]]}}, {"type": "Feature", "properties": {"OBJECTID": 1475, "GRID_ID": null, "has_data": false}, "geometry": {"type": "Polygon", "coordinates": [[[-118.266151074557, 34.0529591995543], [-118.26998232726, 34.0474509531436], [-118.277628596515, 34.047458245999], [-118.281444601215, 34.0529737887825], [-118.277613840788, 34.0584823871062], [-118.269966582488, 34.0584750907338], [-118.266151074557, 34.0529591995543]]]}}, {"type": "Feature", "properties": {"OBJECTID": 1476, "GRID_ID": null, "has_data": false}, "geometry": {"type": "Polygon", "coordinates": [[[-118.266151074557, 34.0529591995543], [-118.26998232726, 34.0474509531436], [-118.277628596515, 34.047458245999], [-118.281444601215, 34.0529737887825], [-118.277613840788, 34.0584823871062], [-118.269966582488, 34.0584750907338], [-118.266151074557, 34.0529591995543]]]}}, {"type": "Feature", "properties": {"OBJECTID": 1477, "GRID_ID": null, "has_data": false}, "geometry": {"type": "Polygon", "coordinates": [[[-118.266151074557, 34.0529591995543], [-118.26998232726, 34.0474509531436], [-118.277628596515, 34.047458245999], [-118.281444601215, 34.0529737887825], [-118.277613840788, 34.0584823871062], [-118.269966582488, 34.0584750907338], [-118.266151074557, 34.0529591995543]]]}}, {"type": "Feature", "properties": {"OBJECTID": 1478, "GRID_ID": null, "has_data": false}, "geometry": {"type": "Polygon", "coordinates": [[[-118.266151074557, 34.0529591995543], [-118.26998232726, 34.0474509531436], [-118.277628596515, 34.047458245999], [-118.281444601215, 34.0529737887825], [-118.277613840788, 34.0584823871062], [-118.269966582488, 34.0584750907338], [-118.266151074557, 34.0529591995543]]]}}, {"type": "Feature", "properties": {"OBJECTID": 1479, "GRID_ID": null, "has_data": false}, "geometry": {"type": "Polygon", "coordinates": [[[-118.266151074557, 34.0529591995543], [-118.26998232726, 34.0474509531436], [-118.277628596515, 34.047458245999], [-118.281444601215, 34.0529737887825], [-118.277613840788, 34.0584823871062], [-118.269966582488, 34.0584750907338], [-118.266151074557, 34.0529591995543]]]}}, {"type": "Feature", "properties": {"OBJECTID": 1480, "GRID_ID": null, "has_data": false}, "geometry": {"type": "Polygon", "coordinates": [[[-118.266151074557, 34.0529591995543], [-118.26998232726, 34.0474509531436], [-118.277628596515, 34.047458245999], [-118.281444601215, 34.0529737887825], [-118.277613840788, 34.0584823871062], [-118.269966582488, 34.0584750907338], [-118.266151074557, 34.0529591995543]]]}}, {"type": "Feature", "properties": {"OBJECTID": 1481, "GRID_ID": null, "has_data": false}, "geometry": {"type": "Polygon", "coordinates": [[[-118.266151074557, 34.0529591995543], [-118.26998232726, 34.0474509531436], [-118.277628596515, 34.047458245999], [-118.281444601215, 34.0529737887825], [-118.277613840788, 34.0584823871062], [-118.269966582488, 34.0584750907338], [-118.266151074557, 34.0529591995543]]]}}, {"type": "Feature", "properties": {"OBJECTID": 1482, "GRID_ID": null, "has_data": false}, "geometry": {"type": "Polygon", "coordinates": [[[-118.266151074557, 34.0529591995543], [-118.26998232726, 34.0474509531436], [-118.277628596515, 34.047458245999], [-118.281444601215, 34.0529737887825], [-118.277613840788, 34.0584823871062], [-118.269966582488, 34.0584750907338], [-118.266151074557, 34.0529591995543]]]}}, {"type": "Feature", "properties": {"OBJECTID": 1483, "GRID_ID": null, "has_data": false}, "geometry": {"type": "Polygon", "coordinates": [[[-118.266151074557, 34.0529591995543], [-118.26998232726, 34.0474509531436], [-118.277628596515, 34.047458245999], [-118.281444601215, 34.0529737887825], [-118.277613840788, 34.0584823871062], [-118.269966582488, 34.0584750907338], [-118.266151074557, 34.0529591995543]]]}}, {"type": "Feature", "properties": {"OBJECTID": 1484, "GRID_ID": null, "has_data": false}, "geometry": {"type": "Polygon", "coordinates": [[[-118.266151074557, 34.0529591995543], [-118.26998232726, 34.0474509531436], [-118.277628596515, 34.047458245999], [-118.281444601215, 34.0529737887825], [-118.277613840788, 34.0584823871062], [-118.269966582488, 34.0584750907338], [-118.266151074557, 34.0529591995543]]]}}, {"type": "Feature", "properties": {"OBJECTID": 1485, "GRID_ID": null, "has_data": false}, "geometry": {"type": "Polygon", "coordinates": [[[-118.266151074557, 34.0529591995543], [-118.26998232726, 34.0474509531436], [-118.277628596515, 34.047458245999], [-118.281444601215, 34.0529737887825], [-118.277613840788, 34.0584823871062], [-118.269966582488, 34.0584750907338], [-118.266151074557, 34.0529591995543]]]}}, {"type": "Feature", "properties": {"OBJECTID": 1486, "GRID_ID": null, "has_data": false}, "geometry": {"type": "Polygon", "coordinates": [[[-118.266151074557, 34.0529591995543], [-118.26998232726, 34.0474509531436], [-118.277628596515, 34.047458245999], [-118.281444601215, 34.0529737887825], [-118.277613840788, 34.0584823871062], [-118.269966582488, 34.0584750907338], [-118.266151074557, 34.0529591995543]]]}}, {"type": "Feature", "properties": {"OBJECTID": 1487, "GRID_ID": null, "has_data": false}, "geometry": {"type": "Polygon", "coordinates": [[[-118.266151074557, 34.0529591995543], [-118.26998232726, 34.0474509531436], [-118.277628596515, 34.047458245999], [-118.281444601215, 34.0529737887825], [-118.277613840788, 34.0584823871062], [-118.269966582488, 34.0584750907338], [-118.266151074557, 34.0529591995543]]]}}, {"type": "Feature", "properties": {"OBJECTID": 1488, "GRID_ID": null, "has_data": false}, "geometry": {"type": "Polygon", "coordinates": [[[-118.266151074557, 34.0529591995543], [-118.26998232726, 34.0474509531436], [-118.277628596515, 34.047458245999], [-118.281444601215, 34.0529737887825], [-118.277613840788, 34.0584823871062], [-118.269966582488, 34.0584750907338], [-118.266151074557, 34.0529591995543]]]}}, {"type": "Feature", "properties": {"OBJECTID": 1489, "GRID_ID": null, "has_data": false}, "geometry": {"type": "Polygon", "coordinates": [[[-118.266151074557, 34.0529591995543], [-118.26998232726, 34.0474509531436], [-118.277628596515, 34.047458245999], [-118.281444601215, 34.0529737887825], [-118.277613840788, 34.0584823871062], [-118.269966582488, 34.0584750907338], [-118.266151074557, 34.0529591995543]]]}}, {"type": "Feature", "properties": {"OBJECTID": 1490, "GRID_ID": null, "has_data": false}, "geometry": {"type": "Polygon", "coordinates": [[[-118.266151074557, 34.0529591995543], [-118.26998232726, 34.0474509531436], [-118.277628596515, 34.047458245999], [-118.281444601215, 34.0529737887825], [-118.277613840788, 34.0584823871062], [-118.269966582488, 34.0584750907338], [-118.266151074557, 34.0529591995543]]]}}, {"type": "Feature", "properties": {"OBJECTID": 1491, "GRID_ID": null, "has_data": false}, "geometry": {"type": "Polygon", "coordinates": [[[-118.266151074557, 34.0529591995543], [-118.26998232726, 34.0474509531436], [-118.277628596515, 34.047458245999], [-118.281444601215, 34.0529737887825], [-118.277613840788, 34.0584823871062], [-118.269966582488, 34.0584750907338], [-118.266151074557, 34.0529591995543]]]}}, {"type": "Feature", "properties": {"OBJECTID": 1492, "GRID_ID": null, "has_data": false}, "geometry": {"type": "Polygon", "coordinates": [[[-118.266151074557, 34.0529591995543], [-118.26998232726, 34.0474509531436], [-118.277628596515, 34.047458245999], [-118.281444601215, 34.0529737887825], [-118.277613840788, 34.0584823871062], [-118.269966582488, 34.0584750907338], [-118.266151074557, 34.0529591995543]]]}}, {"type": "Feature", "properties": {"OBJECTID": 1493, "GRID_ID": null, "has_data": false}, "geometry": {"type": "Polygon", "coordinates": [[[-118.266151074557, 34.0529591995543], [-118.26998232726, 34.0474509531436], [-118.277628596515, 34.047458245999], [-118.281444601215, 34.0529737887825], [-118.277613840788, 34.0584823871062], [-118.269966582488, 34.0584750907338], [-118.266151074557, 34.0529591995543]]]}}, {"type": "Feature", "properties": {"OBJECTID": 1494, "GRID_ID": null, "has_data": false}, "geometry": {"type": "Polygon", "coordinates": [[[-118.266151074557, 34.0529591995543], [-118.26998232726, 34.0474509531436], [-118.277628596515, 34.047458245999], [-118.281444601215, 34.0529737887825], [-118.277613840788, 34.0584823871062], [-118.269966582488, 34.0584750907338], [-118.266151074557, 34.0529591995543]]]}}, {"type": "Feature", "properties": {"OBJECTID": 1495, "GRID_ID": null, "has_data": false}, "geometry": {"type": "Polygon", "coordinates": [[[-118.266151074557, 34.0529591995543], [-118.26998232726, 34.0474509531436], [-118.277628596515, 34.047458245999], [-118.281444601215, 34.0529737887825], [-118.277613840788, 34.0584823871062], [-118.269966582488, 34.0584750907338], [-118.266151074557, 34.0529591995543]]]}}, {"type": "Feature", "properties": {"OBJECTID": 1496, "GRID_ID": null, "has_data": false}, "geometry": {"type": "Polygon", "coordinates": [[[-118.266151074557, 34.0529591995543], [-118.26998232726, 34.0474509531436], [-118.277628596515, 34.047458245999], [-118.281444601215, 34.0529737887825], [-118.277613840788, 34.0584823871062], [-118.269966582488, 34.0584750907338], [-118.266151074557, 34.0529591995543]]]}}, {"type": "Feature", "properties": {"OBJECTID": 1497, "GRID_ID": null, "has_data": false}, "geometry": {"type": "Polygon", "coordinates": [[[-118.266151074557, 34.0529591995543], [-118.26998232726, 34.0474509531436], [-118.277628596515, 34.047458245999], [-118.281444601215, 34.0529737887825], [-118.277613840788, 34.0584823871062], [-118.269966582488, 34.0584750907338], [-118.266151074557, 34.0529591995543]]]}}, {"type": "Feature", "properties": {"OBJECTID": 1498, "GRID_ID": null, "has_data": false}, "geometry": {"type": "Polygon", "coordinates": [[[-118.266151074557, 34.0529591995543], [-118.26998232726, 34.0474509531436], [-118.277628596515, 34.047458245999], [-118.281444601215, 34.0529737887825], [-118.277613840788, 34.0584823871062], [-118.269966582488, 34.0584750907338], [-118.266151074557, 34.0529591995543]]]}}, {"type": "Feature", "properties": {"OBJECTID": 1499, "GRID_ID": null, "has_data": false}, "geometry": {"type": "Polygon", "coordinates": [[[-118.266151074557, 34.0529591995543], [-118.26998232726, 34.0474509531436], [-118.277628596515, 34.047458245999], [-118.281444601215, 34.0529737887825], [-118.277613840788, 34.0584823871062], [-118.269966582488, 34.0584750907338], [-118.266151074557, 34.0529591995543]]]}}, {"type": "Feature", "properties": {"OBJECTID": 1500, "GRID_ID": null, "has_data": false}, "geometry": {"type": "Polygon", "coordinates": [[[-118.266151074557, 34.0529591995543], [-118.26998232726, 34.0474509531436], [-118.277628596515, 34.047458245999], [-118.281444601215, 34.0529737887825], [-118.277613840788, 34.0584823871062], [-118.269966582488, 34.0584750907338], [-118.266151074557, 34.0529591995543]]]}}, {"type": "Feature", "properties": {"OBJECTID": 1501, "GRID_ID": null, "has_data": false}, "geometry": {"type": "Polygon", "coordinates": [[[-118.266151074557, 34.0529591995543], [-118.26998232726, 34.0474509531436], [-118.277628596515, 34.047458245999], [-118.281444601215, 34.0529737887825], [-118.277613840788, 34.0584823871062], [-118.269966582488, 34.0584750907338], [-118.266151074557, 34.0529591995543]]]}}, {"type": "Feature", "properties": {"OBJECTID": 1502, "GRID_ID": null, "has_data": false}, "geometry": {"type": "Polygon", "coordinates": [[[-118.266151074557, 34.0529591995543], [-118.26998232726, 34.0474509531436], [-118.277628596515, 34.047458245999], [-118.281444601215, 34.0529737887825], [-118.277613840788, 34.0584823871062], [-118.269966582488, 34.0584750907338], [-118.266151074557, 34.0529591995543]]]}}, {"type": "Feature", "properties": {"OBJECTID": 1503, "GRID_ID": null, "has_data": false}, "geometry": {"type": "Polygon", "coordinates": [[[-118.266151074557, 34.0529591995543], [-118.26998232726, 34.0474509531436], [-118.277628596515, 34.047458245999], [-118.281444601215, 34.0529737887825], [-118.277613840788, 34.0584823871062], [-118.269966582488, 34.0584750907338], [-118.266151074557, 34.0529591995543]]]}}, {"type": "Feature", "properties": {"OBJECTID": 1504, "GRID_ID": null, "has_data": false}, "geometry": {"type": "Polygon", "coordinates": [[[-118.266151074557, 34.0529591995543], [-118.26998232726, 34.0474509531436], [-118.277628596515, 34.047458245999], [-118.281444601215, 34.0529737887825], [-118.277613840788, 34.0584823871062], [-118.269966582488, 34.0584750907338], [-118.266151074557, 34.0529591995543]]]}}, {"type": "Feature", "properties": {"OBJECTID": 1505, "GRID_ID": null, "has_data": false}, "geometry": {"type": "Polygon", "coordinates": [[[-118.185740053663, 34.1024597463099], [-118.189578765976, 34.0969540633854], [-118.197229495367, 34.09696635015], [-118.201042504185, 34.1024843241894], [-118.197204285946, 34.1079903598585], [-118.189552564815, 34.1079780687442], [-118.185740053663, 34.1024597463099]]]}}, {"type": "Feature", "properties": {"OBJECTID": 1506, "GRID_ID": null, "has_data": false}, "geometry": {"type": "Polygon", "coordinates": [[[-118.564666574971, 34.196213876117], [-118.568484905408, 34.1906965099106], [-118.576144085251, 34.1906852815136], [-118.579985930888, 34.1961914141035], [-118.57616810171, 34.2017091295703], [-118.568507924738, 34.2017203631861], [-118.564666574971, 34.196213876117]]]}}, {"type": "Feature", "properties": {"OBJECTID": 1507, "GRID_ID": null, "has_data": false}, "geometry": {"type": "Polygon", "coordinates": [[[-118.564666574971, 34.196213876117], [-118.568484905408, 34.1906965099106], [-118.576144085251, 34.1906852815136], [-118.579985930888, 34.1961914141035], [-118.57616810171, 34.2017091295703], [-118.568507924738, 34.2017203631861], [-118.564666574971, 34.196213876117]]]}}, {"type": "Feature", "properties": {"OBJECTID": 1508, "GRID_ID": null, "has_data": false}, "geometry": {"type": "Polygon", "coordinates": [[[-118.254689789647, 34.0474349465223], [-118.258521535525, 34.0419270513548], [-118.266167309809, 34.0419350533247], [-118.26998232726, 34.0474509531436], [-118.266151074557, 34.0529591995543], [-118.258504310329, 34.052951194159], [-118.254689789647, 34.0474349465223]]]}}, {"type": "Feature", "properties": {"OBJECTID": 1509, "GRID_ID": null, "has_data": false}, "geometry": {"type": "Polygon", "coordinates": [[[-118.254689789647, 34.0474349465223], [-118.258521535525, 34.0419270513548], [-118.266167309809, 34.0419350533247], [-118.26998232726, 34.0474509531436], [-118.266151074557, 34.0529591995543], [-118.258504310329, 34.052951194159], [-118.254689789647, 34.0474349465223]]]}}, {"type": "Feature", "properties": {"OBJECTID": 1510, "GRID_ID": null, "has_data": false}, "geometry": {"type": "Polygon", "coordinates": [[[-118.254689789647, 34.0474349465223], [-118.258521535525, 34.0419270513548], [-118.266167309809, 34.0419350533247], [-118.26998232726, 34.0474509531436], [-118.266151074557, 34.0529591995543], [-118.258504310329, 34.052951194159], [-118.254689789647, 34.0474349465223]]]}}, {"type": "Feature", "properties": {"OBJECTID": 1511, "GRID_ID": null, "has_data": false}, "geometry": {"type": "Polygon", "coordinates": [[[-118.254689789647, 34.0474349465223], [-118.258521535525, 34.0419270513548], [-118.266167309809, 34.0419350533247], [-118.26998232726, 34.0474509531436], [-118.266151074557, 34.0529591995543], [-118.258504310329, 34.052951194159], [-118.254689789647, 34.0474349465223]]]}}, {"type": "Feature", "properties": {"OBJECTID": 1512, "GRID_ID": null, "has_data": false}, "geometry": {"type": "Polygon", "coordinates": [[[-118.254689789647, 34.0474349465223], [-118.258521535525, 34.0419270513548], [-118.266167309809, 34.0419350533247], [-118.26998232726, 34.0474509531436], [-118.266151074557, 34.0529591995543], [-118.258504310329, 34.052951194159], [-118.254689789647, 34.0474349465223]]]}}, {"type": "Feature", "properties": {"OBJECTID": 1513, "GRID_ID": null, "has_data": false}, "geometry": {"type": "Polygon", "coordinates": [[[-118.254689789647, 34.0474349465223], [-118.258521535525, 34.0419270513548], [-118.266167309809, 34.0419350533247], [-118.26998232726, 34.0474509531436], [-118.266151074557, 34.0529591995543], [-118.258504310329, 34.052951194159], [-118.254689789647, 34.0474349465223]]]}}, {"type": "Feature", "properties": {"OBJECTID": 1514, "GRID_ID": null, "has_data": false}, "geometry": {"type": "Polygon", "coordinates": [[[-118.254689789647, 34.0474349465223], [-118.258521535525, 34.0419270513548], [-118.266167309809, 34.0419350533247], [-118.26998232726, 34.0474509531436], [-118.266151074557, 34.0529591995543], [-118.258504310329, 34.052951194159], [-118.254689789647, 34.0474349465223]]]}}, {"type": "Feature", "properties": {"OBJECTID": 1515, "GRID_ID": null, "has_data": false}, "geometry": {"type": "Polygon", "coordinates": [[[-118.254689789647, 34.0474349465223], [-118.258521535525, 34.0419270513548], [-118.266167309809, 34.0419350533247], [-118.26998232726, 34.0474509531436], [-118.266151074557, 34.0529591995543], [-118.258504310329, 34.052951194159], [-118.254689789647, 34.0474349465223]]]}}, {"type": "Feature", "properties": {"OBJECTID": 1516, "GRID_ID": null, "has_data": false}, "geometry": {"type": "Polygon", "coordinates": [[[-118.254689789647, 34.0474349465223], [-118.258521535525, 34.0419270513548], [-118.266167309809, 34.0419350533247], [-118.26998232726, 34.0474509531436], [-118.266151074557, 34.0529591995543], [-118.258504310329, 34.052951194159], [-118.254689789647, 34.0474349465223]]]}}, {"type": "Feature", "properties": {"OBJECTID": 1517, "GRID_ID": null, "has_data": false}, "geometry": {"type": "Polygon", "coordinates": [[[-118.254689789647, 34.0474349465223], [-118.258521535525, 34.0419270513548], [-118.266167309809, 34.0419350533247], [-118.26998232726, 34.0474509531436], [-118.266151074557, 34.0529591995543], [-118.258504310329, 34.052951194159], [-118.254689789647, 34.0474349465223]]]}}, {"type": "Feature", "properties": {"OBJECTID": 1518, "GRID_ID": null, "has_data": false}, "geometry": {"type": "Polygon", "coordinates": [[[-118.254689789647, 34.0474349465223], [-118.258521535525, 34.0419270513548], [-118.266167309809, 34.0419350533247], [-118.26998232726, 34.0474509531436], [-118.266151074557, 34.0529591995543], [-118.258504310329, 34.052951194159], [-118.254689789647, 34.0474349465223]]]}}, {"type": "Feature", "properties": {"OBJECTID": 1519, "GRID_ID": null, "has_data": false}, "geometry": {"type": "Polygon", "coordinates": [[[-118.254689789647, 34.0474349465223], [-118.258521535525, 34.0419270513548], [-118.266167309809, 34.0419350533247], [-118.26998232726, 34.0474509531436], [-118.266151074557, 34.0529591995543], [-118.258504310329, 34.052951194159], [-118.254689789647, 34.0474349465223]]]}}, {"type": "Feature", "properties": {"OBJECTID": 1520, "GRID_ID": null, "has_data": false}, "geometry": {"type": "Polygon", "coordinates": [[[-118.254689789647, 34.0474349465223], [-118.258521535525, 34.0419270513548], [-118.266167309809, 34.0419350533247], [-118.26998232726, 34.0474509531436], [-118.266151074557, 34.0529591995543], [-118.258504310329, 34.052951194159], [-118.254689789647, 34.0474349465223]]]}}, {"type": "Feature", "properties": {"OBJECTID": 1521, "GRID_ID": null, "has_data": false}, "geometry": {"type": "Polygon", "coordinates": [[[-118.254689789647, 34.0474349465223], [-118.258521535525, 34.0419270513548], [-118.266167309809, 34.0419350533247], [-118.26998232726, 34.0474509531436], [-118.266151074557, 34.0529591995543], [-118.258504310329, 34.052951194159], [-118.254689789647, 34.0474349465223]]]}}, {"type": "Feature", "properties": {"OBJECTID": 1522, "GRID_ID": null, "has_data": false}, "geometry": {"type": "Polygon", "coordinates": [[[-118.254689789647, 34.0474349465223], [-118.258521535525, 34.0419270513548], [-118.266167309809, 34.0419350533247], [-118.26998232726, 34.0474509531436], [-118.266151074557, 34.0529591995543], [-118.258504310329, 34.052951194159], [-118.254689789647, 34.0474349465223]]]}}, {"type": "Feature", "properties": {"OBJECTID": 1523, "GRID_ID": null, "has_data": false}, "geometry": {"type": "Polygon", "coordinates": [[[-118.254689789647, 34.0474349465223], [-118.258521535525, 34.0419270513548], [-118.266167309809, 34.0419350533247], [-118.26998232726, 34.0474509531436], [-118.266151074557, 34.0529591995543], [-118.258504310329, 34.052951194159], [-118.254689789647, 34.0474349465223]]]}}, {"type": "Feature", "properties": {"OBJECTID": 1524, "GRID_ID": null, "has_data": false}, "geometry": {"type": "Polygon", "coordinates": [[[-118.254689789647, 34.0474349465223], [-118.258521535525, 34.0419270513548], [-118.266167309809, 34.0419350533247], [-118.26998232726, 34.0474509531436], [-118.266151074557, 34.0529591995543], [-118.258504310329, 34.052951194159], [-118.254689789647, 34.0474349465223]]]}}, {"type": "Feature", "properties": {"OBJECTID": 1525, "GRID_ID": null, "has_data": false}, "geometry": {"type": "Polygon", "coordinates": [[[-118.254689789647, 34.0474349465223], [-118.258521535525, 34.0419270513548], [-118.266167309809, 34.0419350533247], [-118.26998232726, 34.0474509531436], [-118.266151074557, 34.0529591995543], [-118.258504310329, 34.052951194159], [-118.254689789647, 34.0474349465223]]]}}, {"type": "Feature", "properties": {"OBJECTID": 1526, "GRID_ID": null, "has_data": false}, "geometry": {"type": "Polygon", "coordinates": [[[-118.254689789647, 34.0474349465223], [-118.258521535525, 34.0419270513548], [-118.266167309809, 34.0419350533247], [-118.26998232726, 34.0474509531436], [-118.266151074557, 34.0529591995543], [-118.258504310329, 34.052951194159], [-118.254689789647, 34.0474349465223]]]}}, {"type": "Feature", "properties": {"OBJECTID": 1527, "GRID_ID": null, "has_data": false}, "geometry": {"type": "Polygon", "coordinates": [[[-118.254689789647, 34.0474349465223], [-118.258521535525, 34.0419270513548], [-118.266167309809, 34.0419350533247], [-118.26998232726, 34.0474509531436], [-118.266151074557, 34.0529591995543], [-118.258504310329, 34.052951194159], [-118.254689789647, 34.0474349465223]]]}}, {"type": "Feature", "properties": {"OBJECTID": 1528, "GRID_ID": null, "has_data": false}, "geometry": {"type": "Polygon", "coordinates": [[[-118.254689789647, 34.0474349465223], [-118.258521535525, 34.0419270513548], [-118.266167309809, 34.0419350533247], [-118.26998232726, 34.0474509531436], [-118.266151074557, 34.0529591995543], [-118.258504310329, 34.052951194159], [-118.254689789647, 34.0474349465223]]]}}, {"type": "Feature", "properties": {"OBJECTID": 1529, "GRID_ID": null, "has_data": false}, "geometry": {"type": "Polygon", "coordinates": [[[-118.254689789647, 34.0474349465223], [-118.258521535525, 34.0419270513548], [-118.266167309809, 34.0419350533247], [-118.26998232726, 34.0474509531436], [-118.266151074557, 34.0529591995543], [-118.258504310329, 34.052951194159], [-118.254689789647, 34.0474349465223]]]}}, {"type": "Feature", "properties": {"OBJECTID": 1530, "GRID_ID": null, "has_data": false}, "geometry": {"type": "Polygon", "coordinates": [[[-118.254689789647, 34.0474349465223], [-118.258521535525, 34.0419270513548], [-118.266167309809, 34.0419350533247], [-118.26998232726, 34.0474509531436], [-118.266151074557, 34.0529591995543], [-118.258504310329, 34.052951194159], [-118.254689789647, 34.0474349465223]]]}}, {"type": "Feature", "properties": {"OBJECTID": 1531, "GRID_ID": null, "has_data": false}, "geometry": {"type": "Polygon", "coordinates": [[[-118.553166547519, 34.1907175392801], [-118.556985379217, 34.1852005231495], [-118.564644060495, 34.1851900111216], [-118.568484905408, 34.1906965099106], [-118.564666574971, 34.196213876117], [-118.557006897461, 34.196224392715], [-118.553166547519, 34.1907175392801]]]}}, {"type": "Feature", "properties": {"OBJECTID": 1532, "GRID_ID": null, "has_data": false}, "geometry": {"type": "Polygon", "coordinates": [[[-118.243210782773, 34.052933764038], [-118.247043520391, 34.047426232756], [-118.254689789647, 34.0474349465223], [-118.258504310329, 34.052951194159], [-118.254672065886, 34.0584590780073], [-118.247024806687, 34.0584503609087], [-118.243210782773, 34.052933764038]]]}}, {"type": "Feature", "properties": {"OBJECTID": 1533, "GRID_ID": null, "has_data": false}, "geometry": {"type": "Polygon", "coordinates": [[[-118.54168754334, 34.1962439978377], [-118.545507368575, 34.190727340253], [-118.553166547519, 34.1907175392801], [-118.557006897461, 34.196224392715], [-118.553187573487, 34.2017414009509], [-118.545527397412, 34.2017512051003], [-118.54168754334, 34.1962439978377]]]}}, {"type": "Feature", "properties": {"OBJECTID": 1534, "GRID_ID": null, "has_data": false}, "geometry": {"type": "Polygon", "coordinates": [[[-118.231750982778, 34.0474073865445], [-118.235584211775, 34.0419002071592], [-118.243229986957, 34.0419096286444], [-118.247043520391, 34.047426232756], [-118.243210782773, 34.052933764038], [-118.235564018546, 34.0529243385678], [-118.231750982778, 34.0474073865445]]]}}, {"type": "Feature", "properties": {"OBJECTID": 1535, "GRID_ID": null, "has_data": false}, "geometry": {"type": "Polygon", "coordinates": [[[-118.231750982778, 34.0474073865445], [-118.235584211775, 34.0419002071592], [-118.243229986957, 34.0419096286444], [-118.247043520391, 34.047426232756], [-118.243210782773, 34.052933764038], [-118.235564018546, 34.0529243385678], [-118.231750982778, 34.0474073865445]]]}}, {"type": "Feature", "properties": {"OBJECTID": 1536, "GRID_ID": null, "has_data": false}, "geometry": {"type": "Polygon", "coordinates": [[[-118.231750982778, 34.0474073865445], [-118.235584211775, 34.0419002071592], [-118.243229986957, 34.0419096286444], [-118.247043520391, 34.047426232756], [-118.243210782773, 34.052933764038], [-118.235564018546, 34.0529243385678], [-118.231750982778, 34.0474073865445]]]}}, {"type": "Feature", "properties": {"OBJECTID": 1537, "GRID_ID": null, "has_data": false}, "geometry": {"type": "Polygon", "coordinates": [[[-118.231750982778, 34.0474073865445], [-118.235584211775, 34.0419002071592], [-118.243229986957, 34.0419096286444], [-118.247043520391, 34.047426232756], [-118.243210782773, 34.052933764038], [-118.235564018546, 34.0529243385678], [-118.231750982778, 34.0474073865445]]]}}, {"type": "Feature", "properties": {"OBJECTID": 1538, "GRID_ID": null, "has_data": false}, "geometry": {"type": "Polygon", "coordinates": [[[-118.231750982778, 34.0474073865445], [-118.235584211775, 34.0419002071592], [-118.243229986957, 34.0419096286444], [-118.247043520391, 34.047426232756], [-118.243210782773, 34.052933764038], [-118.235564018546, 34.0529243385678], [-118.231750982778, 34.0474073865445]]]}}, {"type": "Feature", "properties": {"OBJECTID": 1539, "GRID_ID": null, "has_data": false}, "geometry": {"type": "Polygon", "coordinates": [[[-118.231750982778, 34.0474073865445], [-118.235584211775, 34.0419002071592], [-118.243229986957, 34.0419096286444], [-118.247043520391, 34.047426232756], [-118.243210782773, 34.052933764038], [-118.235564018546, 34.0529243385678], [-118.231750982778, 34.0474073865445]]]}}, {"type": "Feature", "properties": {"OBJECTID": 1540, "GRID_ID": null, "has_data": false}, "geometry": {"type": "Polygon", "coordinates": [[[-118.231750982778, 34.0474073865445], [-118.235584211775, 34.0419002071592], [-118.243229986957, 34.0419096286444], [-118.247043520391, 34.047426232756], [-118.243210782773, 34.052933764038], [-118.235564018546, 34.0529243385678], [-118.231750982778, 34.0474073865445]]]}}, {"type": "Feature", "properties": {"OBJECTID": 1541, "GRID_ID": null, "has_data": false}, "geometry": {"type": "Polygon", "coordinates": [[[-118.231750982778, 34.0474073865445], [-118.235584211775, 34.0419002071592], [-118.243229986957, 34.0419096286444], [-118.247043520391, 34.047426232756], [-118.243210782773, 34.052933764038], [-118.235564018546, 34.0529243385678], [-118.231750982778, 34.0474073865445]]]}}, {"type": "Feature", "properties": {"OBJECTID": 1542, "GRID_ID": null, "has_data": false}, "geometry": {"type": "Polygon", "coordinates": [[[-118.231750982778, 34.0474073865445], [-118.235584211775, 34.0419002071592], [-118.243229986957, 34.0419096286444], [-118.247043520391, 34.047426232756], [-118.243210782773, 34.052933764038], [-118.235564018546, 34.0529243385678], [-118.231750982778, 34.0474073865445]]]}}, {"type": "Feature", "properties": {"OBJECTID": 1543, "GRID_ID": null, "has_data": false}, "geometry": {"type": "Polygon", "coordinates": [[[-118.231750982778, 34.0474073865445], [-118.235584211775, 34.0419002071592], [-118.243229986957, 34.0419096286444], [-118.247043520391, 34.047426232756], [-118.243210782773, 34.052933764038], [-118.235564018546, 34.0529243385678], [-118.231750982778, 34.0474073865445]]]}}, {"type": "Feature", "properties": {"OBJECTID": 1544, "GRID_ID": null, "has_data": false}, "geometry": {"type": "Polygon", "coordinates": [[[-118.231750982778, 34.0474073865445], [-118.235584211775, 34.0419002071592], [-118.243229986957, 34.0419096286444], [-118.247043520391, 34.047426232756], [-118.243210782773, 34.052933764038], [-118.235564018546, 34.0529243385678], [-118.231750982778, 34.0474073865445]]]}}, {"type": "Feature", "properties": {"OBJECTID": 1545, "GRID_ID": null, "has_data": false}, "geometry": {"type": "Polygon", "coordinates": [[[-118.231750982778, 34.0474073865445], [-118.235584211775, 34.0419002071592], [-118.243229986957, 34.0419096286444], [-118.247043520391, 34.047426232756], [-118.243210782773, 34.052933764038], [-118.235564018546, 34.0529243385678], [-118.231750982778, 34.0474073865445]]]}}, {"type": "Feature", "properties": {"OBJECTID": 1546, "GRID_ID": null, "has_data": false}, "geometry": {"type": "Polygon", "coordinates": [[[-118.231750982778, 34.0474073865445], [-118.235584211775, 34.0419002071592], [-118.243229986957, 34.0419096286444], [-118.247043520391, 34.047426232756], [-118.243210782773, 34.052933764038], [-118.235564018546, 34.0529243385678], [-118.231750982778, 34.0474073865445]]]}}, {"type": "Feature", "properties": {"OBJECTID": 1547, "GRID_ID": null, "has_data": false}, "geometry": {"type": "Polygon", "coordinates": [[[-118.231750982778, 34.0474073865445], [-118.235584211775, 34.0419002071592], [-118.243229986957, 34.0419096286444], [-118.247043520391, 34.047426232756], [-118.243210782773, 34.052933764038], [-118.235564018546, 34.0529243385678], [-118.231750982778, 34.0474073865445]]]}}, {"type": "Feature", "properties": {"OBJECTID": 1548, "GRID_ID": null, "has_data": false}, "geometry": {"type": "Polygon", "coordinates": [[[-118.231750982778, 34.0474073865445], [-118.235584211775, 34.0419002071592], [-118.243229986957, 34.0419096286444], [-118.247043520391, 34.047426232756], [-118.243210782773, 34.052933764038], [-118.235564018546, 34.0529243385678], [-118.231750982778, 34.0474073865445]]]}}, {"type": "Feature", "properties": {"OBJECTID": 1549, "GRID_ID": null, "has_data": false}, "geometry": {"type": "Polygon", "coordinates": [[[-118.231750982778, 34.0474073865445], [-118.235584211775, 34.0419002071592], [-118.243229986957, 34.0419096286444], [-118.247043520391, 34.047426232756], [-118.243210782773, 34.052933764038], [-118.235564018546, 34.0529243385678], [-118.231750982778, 34.0474073865445]]]}}, {"type": "Feature", "properties": {"OBJECTID": 1550, "GRID_ID": null, "has_data": false}, "geometry": {"type": "Polygon", "coordinates": [[[-118.231750982778, 34.0474073865445], [-118.235584211775, 34.0419002071592], [-118.243229986957, 34.0419096286444], [-118.247043520391, 34.047426232756], [-118.243210782773, 34.052933764038], [-118.235564018546, 34.0529243385678], [-118.231750982778, 34.0474073865445]]]}}, {"type": "Feature", "properties": {"OBJECTID": 1551, "GRID_ID": null, "has_data": false}, "geometry": {"type": "Polygon", "coordinates": [[[-118.231750982778, 34.0474073865445], [-118.235584211775, 34.0419002071592], [-118.243229986957, 34.0419096286444], [-118.247043520391, 34.047426232756], [-118.243210782773, 34.052933764038], [-118.235564018546, 34.0529243385678], [-118.231750982778, 34.0474073865445]]]}}, {"type": "Feature", "properties": {"OBJECTID": 1552, "GRID_ID": null, "has_data": false}, "geometry": {"type": "Polygon", "coordinates": [[[-118.231750982778, 34.0474073865445], [-118.235584211775, 34.0419002071592], [-118.243229986957, 34.0419096286444], [-118.247043520391, 34.047426232756], [-118.243210782773, 34.052933764038], [-118.235564018546, 34.0529243385678], [-118.231750982778, 34.0474073865445]]]}}, {"type": "Feature", "properties": {"OBJECTID": 1553, "GRID_ID": null, "has_data": false}, "geometry": {"type": "Polygon", "coordinates": [[[-118.231750982778, 34.0474073865445], [-118.235584211775, 34.0419002071592], [-118.243229986957, 34.0419096286444], [-118.247043520391, 34.047426232756], [-118.243210782773, 34.052933764038], [-118.235564018546, 34.0529243385678], [-118.231750982778, 34.0474073865445]]]}}, {"type": "Feature", "properties": {"OBJECTID": 1554, "GRID_ID": null, "has_data": false}, "geometry": {"type": "Polygon", "coordinates": [[[-118.231750982778, 34.0474073865445], [-118.235584211775, 34.0419002071592], [-118.243229986957, 34.0419096286444], [-118.247043520391, 34.047426232756], [-118.243210782773, 34.052933764038], [-118.235564018546, 34.0529243385678], [-118.231750982778, 34.0474073865445]]]}}, {"type": "Feature", "properties": {"OBJECTID": 1555, "GRID_ID": null, "has_data": false}, "geometry": {"type": "Polygon", "coordinates": [[[-118.231750982778, 34.0474073865445], [-118.235584211775, 34.0419002071592], [-118.243229986957, 34.0419096286444], [-118.247043520391, 34.047426232756], [-118.243210782773, 34.052933764038], [-118.235564018546, 34.0529243385678], [-118.231750982778, 34.0474073865445]]]}}, {"type": "Feature", "properties": {"OBJECTID": 1556, "GRID_ID": null, "has_data": false}, "geometry": {"type": "Polygon", "coordinates": [[[-118.231750982778, 34.0474073865445], [-118.235584211775, 34.0419002071592], [-118.243229986957, 34.0419096286444], [-118.247043520391, 34.047426232756], [-118.243210782773, 34.052933764038], [-118.235564018546, 34.0529243385678], [-118.231750982778, 34.0474073865445]]]}}, {"type": "Feature", "properties": {"OBJECTID": 1557, "GRID_ID": null, "has_data": false}, "geometry": {"type": "Polygon", "coordinates": [[[-118.231750982778, 34.0474073865445], [-118.235584211775, 34.0419002071592], [-118.243229986957, 34.0419096286444], [-118.247043520391, 34.047426232756], [-118.243210782773, 34.052933764038], [-118.235564018546, 34.0529243385678], [-118.231750982778, 34.0474073865445]]]}}, {"type": "Feature", "properties": {"OBJECTID": 1558, "GRID_ID": null, "has_data": false}, "geometry": {"type": "Polygon", "coordinates": [[[-118.231750982778, 34.0474073865445], [-118.235584211775, 34.0419002071592], [-118.243229986957, 34.0419096286444], [-118.247043520391, 34.047426232756], [-118.243210782773, 34.052933764038], [-118.235564018546, 34.0529243385678], [-118.231750982778, 34.0474073865445]]]}}, {"type": "Feature", "properties": {"OBJECTID": 1559, "GRID_ID": null, "has_data": false}, "geometry": {"type": "Polygon", "coordinates": [[[-118.231750982778, 34.0474073865445], [-118.235584211775, 34.0419002071592], [-118.243229986957, 34.0419096286444], [-118.247043520391, 34.047426232756], [-118.243210782773, 34.052933764038], [-118.235564018546, 34.0529243385678], [-118.231750982778, 34.0474073865445]]]}}, {"type": "Feature", "properties": {"OBJECTID": 1560, "GRID_ID": null, "has_data": false}, "geometry": {"type": "Polygon", "coordinates": [[[-118.231750982778, 34.0474073865445], [-118.235584211775, 34.0419002071592], [-118.243229986957, 34.0419096286444], [-118.247043520391, 34.047426232756], [-118.243210782773, 34.052933764038], [-118.235564018546, 34.0529243385678], [-118.231750982778, 34.0474073865445]]]}}, {"type": "Feature", "properties": {"OBJECTID": 1561, "GRID_ID": null, "has_data": false}, "geometry": {"type": "Polygon", "coordinates": [[[-118.231750982778, 34.0474073865445], [-118.235584211775, 34.0419002071592], [-118.243229986957, 34.0419096286444], [-118.247043520391, 34.047426232756], [-118.243210782773, 34.052933764038], [-118.235564018546, 34.0529243385678], [-118.231750982778, 34.0474073865445]]]}}, {"type": "Feature", "properties": {"OBJECTID": 1562, "GRID_ID": null, "has_data": false}, "geometry": {"type": "Polygon", "coordinates": [[[-118.231750982778, 34.0474073865445], [-118.235584211775, 34.0419002071592], [-118.243229986957, 34.0419096286444], [-118.247043520391, 34.047426232756], [-118.243210782773, 34.052933764038], [-118.235564018546, 34.0529243385678], [-118.231750982778, 34.0474073865445]]]}}, {"type": "Feature", "properties": {"OBJECTID": 1563, "GRID_ID": null, "has_data": false}, "geometry": {"type": "Polygon", "coordinates": [[[-118.231750982778, 34.0474073865445], [-118.235584211775, 34.0419002071592], [-118.243229986957, 34.0419096286444], [-118.247043520391, 34.047426232756], [-118.243210782773, 34.052933764038], [-118.235564018546, 34.0529243385678], [-118.231750982778, 34.0474073865445]]]}}, {"type": "Feature", "properties": {"OBJECTID": 1564, "GRID_ID": null, "has_data": false}, "geometry": {"type": "Polygon", "coordinates": [[[-118.231750982778, 34.0474073865445], [-118.235584211775, 34.0419002071592], [-118.243229986957, 34.0419096286444], [-118.247043520391, 34.047426232756], [-118.243210782773, 34.052933764038], [-118.235564018546, 34.0529243385678], [-118.231750982778, 34.0474073865445]]]}}, {"type": "Feature", "properties": {"OBJECTID": 1565, "GRID_ID": null, "has_data": false}, "geometry": {"type": "Polygon", "coordinates": [[[-118.231750982778, 34.0474073865445], [-118.235584211775, 34.0419002071592], [-118.243229986957, 34.0419096286444], [-118.247043520391, 34.047426232756], [-118.243210782773, 34.052933764038], [-118.235564018546, 34.0529243385678], [-118.231750982778, 34.0474073865445]]]}}, {"type": "Feature", "properties": {"OBJECTID": 1566, "GRID_ID": null, "has_data": false}, "geometry": {"type": "Polygon", "coordinates": [[[-118.231750982778, 34.0474073865445], [-118.235584211775, 34.0419002071592], [-118.243229986957, 34.0419096286444], [-118.247043520391, 34.047426232756], [-118.243210782773, 34.052933764038], [-118.235564018546, 34.0529243385678], [-118.231750982778, 34.0474073865445]]]}}, {"type": "Feature", "properties": {"OBJECTID": 1567, "GRID_ID": null, "has_data": false}, "geometry": {"type": "Polygon", "coordinates": [[[-118.231750982778, 34.0474073865445], [-118.235584211775, 34.0419002071592], [-118.243229986957, 34.0419096286444], [-118.247043520391, 34.047426232756], [-118.243210782773, 34.052933764038], [-118.235564018546, 34.0529243385678], [-118.231750982778, 34.0474073865445]]]}}, {"type": "Feature", "properties": {"OBJECTID": 1568, "GRID_ID": null, "has_data": false}, "geometry": {"type": "Polygon", "coordinates": [[[-118.231750982778, 34.0474073865445], [-118.235584211775, 34.0419002071592], [-118.243229986957, 34.0419096286444], [-118.247043520391, 34.047426232756], [-118.243210782773, 34.052933764038], [-118.235564018546, 34.0529243385678], [-118.231750982778, 34.0474073865445]]]}}, {"type": "Feature", "properties": {"OBJECTID": 1569, "GRID_ID": null, "has_data": false}, "geometry": {"type": "Polygon", "coordinates": [[[-118.231750982778, 34.0474073865445], [-118.235584211775, 34.0419002071592], [-118.243229986957, 34.0419096286444], [-118.247043520391, 34.047426232756], [-118.243210782773, 34.052933764038], [-118.235564018546, 34.0529243385678], [-118.231750982778, 34.0474073865445]]]}}, {"type": "Feature", "properties": {"OBJECTID": 1570, "GRID_ID": null, "has_data": false}, "geometry": {"type": "Polygon", "coordinates": [[[-118.231750982778, 34.0474073865445], [-118.235584211775, 34.0419002071592], [-118.243229986957, 34.0419096286444], [-118.247043520391, 34.047426232756], [-118.243210782773, 34.052933764038], [-118.235564018546, 34.0529243385678], [-118.231750982778, 34.0474073865445]]]}}, {"type": "Feature", "properties": {"OBJECTID": 1571, "GRID_ID": null, "has_data": false}, "geometry": {"type": "Polygon", "coordinates": [[[-118.231750982778, 34.0474073865445], [-118.235584211775, 34.0419002071592], [-118.243229986957, 34.0419096286444], [-118.247043520391, 34.047426232756], [-118.243210782773, 34.052933764038], [-118.235564018546, 34.0529243385678], [-118.231750982778, 34.0474073865445]]]}}, {"type": "Feature", "properties": {"OBJECTID": 1572, "GRID_ID": null, "has_data": false}, "geometry": {"type": "Polygon", "coordinates": [[[-118.231750982778, 34.0474073865445], [-118.235584211775, 34.0419002071592], [-118.243229986957, 34.0419096286444], [-118.247043520391, 34.047426232756], [-118.243210782773, 34.052933764038], [-118.235564018546, 34.0529243385678], [-118.231750982778, 34.0474073865445]]]}}, {"type": "Feature", "properties": {"OBJECTID": 1573, "GRID_ID": null, "has_data": false}, "geometry": {"type": "Polygon", "coordinates": [[[-118.231750982778, 34.0474073865445], [-118.235584211775, 34.0419002071592], [-118.243229986957, 34.0419096286444], [-118.247043520391, 34.047426232756], [-118.243210782773, 34.052933764038], [-118.235564018546, 34.0529243385678], [-118.231750982778, 34.0474073865445]]]}}, {"type": "Feature", "properties": {"OBJECTID": 1574, "GRID_ID": null, "has_data": false}, "geometry": {"type": "Polygon", "coordinates": [[[-118.231750982778, 34.0474073865445], [-118.235584211775, 34.0419002071592], [-118.243229986957, 34.0419096286444], [-118.247043520391, 34.047426232756], [-118.243210782773, 34.052933764038], [-118.235564018546, 34.0529243385678], [-118.231750982778, 34.0474073865445]]]}}, {"type": "Feature", "properties": {"OBJECTID": 1575, "GRID_ID": null, "has_data": false}, "geometry": {"type": "Polygon", "coordinates": [[[-118.231750982778, 34.0474073865445], [-118.235584211775, 34.0419002071592], [-118.243229986957, 34.0419096286444], [-118.247043520391, 34.047426232756], [-118.243210782773, 34.052933764038], [-118.235564018546, 34.0529243385678], [-118.231750982778, 34.0474073865445]]]}}, {"type": "Feature", "properties": {"OBJECTID": 1576, "GRID_ID": null, "has_data": false}, "geometry": {"type": "Polygon", "coordinates": [[[-118.231750982778, 34.0474073865445], [-118.235584211775, 34.0419002071592], [-118.243229986957, 34.0419096286444], [-118.247043520391, 34.047426232756], [-118.243210782773, 34.052933764038], [-118.235564018546, 34.0529243385678], [-118.231750982778, 34.0474073865445]]]}}, {"type": "Feature", "properties": {"OBJECTID": 1577, "GRID_ID": null, "has_data": false}, "geometry": {"type": "Polygon", "coordinates": [[[-118.231750982778, 34.0474073865445], [-118.235584211775, 34.0419002071592], [-118.243229986957, 34.0419096286444], [-118.247043520391, 34.047426232756], [-118.243210782773, 34.052933764038], [-118.235564018546, 34.0529243385678], [-118.231750982778, 34.0474073865445]]]}}, {"type": "Feature", "properties": {"OBJECTID": 1578, "GRID_ID": null, "has_data": false}, "geometry": {"type": "Polygon", "coordinates": [[[-118.231750982778, 34.0474073865445], [-118.235584211775, 34.0419002071592], [-118.243229986957, 34.0419096286444], [-118.247043520391, 34.047426232756], [-118.243210782773, 34.052933764038], [-118.235564018546, 34.0529243385678], [-118.231750982778, 34.0474073865445]]]}}, {"type": "Feature", "properties": {"OBJECTID": 1579, "GRID_ID": null, "has_data": false}, "geometry": {"type": "Polygon", "coordinates": [[[-118.231750982778, 34.0474073865445], [-118.235584211775, 34.0419002071592], [-118.243229986957, 34.0419096286444], [-118.247043520391, 34.047426232756], [-118.243210782773, 34.052933764038], [-118.235564018546, 34.0529243385678], [-118.231750982778, 34.0474073865445]]]}}, {"type": "Feature", "properties": {"OBJECTID": 1580, "GRID_ID": null, "has_data": false}, "geometry": {"type": "Polygon", "coordinates": [[[-118.231750982778, 34.0474073865445], [-118.235584211775, 34.0419002071592], [-118.243229986957, 34.0419096286444], [-118.247043520391, 34.047426232756], [-118.243210782773, 34.052933764038], [-118.235564018546, 34.0529243385678], [-118.231750982778, 34.0474073865445]]]}}, {"type": "Feature", "properties": {"OBJECTID": 1581, "GRID_ID": null, "has_data": false}, "geometry": {"type": "Polygon", "coordinates": [[[-118.231750982778, 34.0474073865445], [-118.235584211775, 34.0419002071592], [-118.243229986957, 34.0419096286444], [-118.247043520391, 34.047426232756], [-118.243210782773, 34.052933764038], [-118.235564018546, 34.0529243385678], [-118.231750982778, 34.0474073865445]]]}}, {"type": "Feature", "properties": {"OBJECTID": 1582, "GRID_ID": null, "has_data": false}, "geometry": {"type": "Polygon", "coordinates": [[[-118.231750982778, 34.0474073865445], [-118.235584211775, 34.0419002071592], [-118.243229986957, 34.0419096286444], [-118.247043520391, 34.047426232756], [-118.243210782773, 34.052933764038], [-118.235564018546, 34.0529243385678], [-118.231750982778, 34.0474073865445]]]}}, {"type": "Feature", "properties": {"OBJECTID": 1583, "GRID_ID": null, "has_data": false}, "geometry": {"type": "Polygon", "coordinates": [[[-118.231750982778, 34.0474073865445], [-118.235584211775, 34.0419002071592], [-118.243229986957, 34.0419096286444], [-118.247043520391, 34.047426232756], [-118.243210782773, 34.052933764038], [-118.235564018546, 34.0529243385678], [-118.231750982778, 34.0474073865445]]]}}, {"type": "Feature", "properties": {"OBJECTID": 1584, "GRID_ID": null, "has_data": false}, "geometry": {"type": "Polygon", "coordinates": [[[-118.231750982778, 34.0474073865445], [-118.235584211775, 34.0419002071592], [-118.243229986957, 34.0419096286444], [-118.247043520391, 34.047426232756], [-118.243210782773, 34.052933764038], [-118.235564018546, 34.0529243385678], [-118.231750982778, 34.0474073865445]]]}}, {"type": "Feature", "properties": {"OBJECTID": 1585, "GRID_ID": null, "has_data": false}, "geometry": {"type": "Polygon", "coordinates": [[[-118.231750982778, 34.0474073865445], [-118.235584211775, 34.0419002071592], [-118.243229986957, 34.0419096286444], [-118.247043520391, 34.047426232756], [-118.243210782773, 34.052933764038], [-118.235564018546, 34.0529243385678], [-118.231750982778, 34.0474073865445]]]}}, {"type": "Feature", "properties": {"OBJECTID": 1586, "GRID_ID": null, "has_data": false}, "geometry": {"type": "Polygon", "coordinates": [[[-118.231750982778, 34.0474073865445], [-118.235584211775, 34.0419002071592], [-118.243229986957, 34.0419096286444], [-118.247043520391, 34.047426232756], [-118.243210782773, 34.052933764038], [-118.235564018546, 34.0529243385678], [-118.231750982778, 34.0474073865445]]]}}, {"type": "Feature", "properties": {"OBJECTID": 1587, "GRID_ID": null, "has_data": false}, "geometry": {"type": "Polygon", "coordinates": [[[-118.231750982778, 34.0474073865445], [-118.235584211775, 34.0419002071592], [-118.243229986957, 34.0419096286444], [-118.247043520391, 34.047426232756], [-118.243210782773, 34.052933764038], [-118.235564018546, 34.0529243385678], [-118.231750982778, 34.0474073865445]]]}}, {"type": "Feature", "properties": {"OBJECTID": 1588, "GRID_ID": null, "has_data": false}, "geometry": {"type": "Polygon", "coordinates": [[[-118.231750982778, 34.0474073865445], [-118.235584211775, 34.0419002071592], [-118.243229986957, 34.0419096286444], [-118.247043520391, 34.047426232756], [-118.243210782773, 34.052933764038], [-118.235564018546, 34.0529243385678], [-118.231750982778, 34.0474073865445]]]}}, {"type": "Feature", "properties": {"OBJECTID": 1589, "GRID_ID": null, "has_data": false}, "geometry": {"type": "Polygon", "coordinates": [[[-118.231750982778, 34.0474073865445], [-118.235584211775, 34.0419002071592], [-118.243229986957, 34.0419096286444], [-118.247043520391, 34.047426232756], [-118.243210782773, 34.052933764038], [-118.235564018546, 34.0529243385678], [-118.231750982778, 34.0474073865445]]]}}, {"type": "Feature", "properties": {"OBJECTID": 1590, "GRID_ID": null, "has_data": false}, "geometry": {"type": "Polygon", "coordinates": [[[-118.231750982778, 34.0474073865445], [-118.235584211775, 34.0419002071592], [-118.243229986957, 34.0419096286444], [-118.247043520391, 34.047426232756], [-118.243210782773, 34.052933764038], [-118.235564018546, 34.0529243385678], [-118.231750982778, 34.0474073865445]]]}}, {"type": "Feature", "properties": {"OBJECTID": 1591, "GRID_ID": null, "has_data": false}, "geometry": {"type": "Polygon", "coordinates": [[[-118.231750982778, 34.0474073865445], [-118.235584211775, 34.0419002071592], [-118.243229986957, 34.0419096286444], [-118.247043520391, 34.047426232756], [-118.243210782773, 34.052933764038], [-118.235564018546, 34.0529243385678], [-118.231750982778, 34.0474073865445]]]}}, {"type": "Feature", "properties": {"OBJECTID": 1592, "GRID_ID": null, "has_data": false}, "geometry": {"type": "Polygon", "coordinates": [[[-118.231750982778, 34.0474073865445], [-118.235584211775, 34.0419002071592], [-118.243229986957, 34.0419096286444], [-118.247043520391, 34.047426232756], [-118.243210782773, 34.052933764038], [-118.235564018546, 34.0529243385678], [-118.231750982778, 34.0474073865445]]]}}, {"type": "Feature", "properties": {"OBJECTID": 1593, "GRID_ID": null, "has_data": false}, "geometry": {"type": "Polygon", "coordinates": [[[-118.231750982778, 34.0474073865445], [-118.235584211775, 34.0419002071592], [-118.243229986957, 34.0419096286444], [-118.247043520391, 34.047426232756], [-118.243210782773, 34.052933764038], [-118.235564018546, 34.0529243385678], [-118.231750982778, 34.0474073865445]]]}}, {"type": "Feature", "properties": {"OBJECTID": 1594, "GRID_ID": null, "has_data": false}, "geometry": {"type": "Polygon", "coordinates": [[[-118.231750982778, 34.0474073865445], [-118.235584211775, 34.0419002071592], [-118.243229986957, 34.0419096286444], [-118.247043520391, 34.047426232756], [-118.243210782773, 34.052933764038], [-118.235564018546, 34.0529243385678], [-118.231750982778, 34.0474073865445]]]}}, {"type": "Feature", "properties": {"OBJECTID": 1595, "GRID_ID": null, "has_data": false}, "geometry": {"type": "Polygon", "coordinates": [[[-118.231750982778, 34.0474073865445], [-118.235584211775, 34.0419002071592], [-118.243229986957, 34.0419096286444], [-118.247043520391, 34.047426232756], [-118.243210782773, 34.052933764038], [-118.235564018546, 34.0529243385678], [-118.231750982778, 34.0474073865445]]]}}, {"type": "Feature", "properties": {"OBJECTID": 1596, "GRID_ID": null, "has_data": false}, "geometry": {"type": "Polygon", "coordinates": [[[-118.231750982778, 34.0474073865445], [-118.235584211775, 34.0419002071592], [-118.243229986957, 34.0419096286444], [-118.247043520391, 34.047426232756], [-118.243210782773, 34.052933764038], [-118.235564018546, 34.0529243385678], [-118.231750982778, 34.0474073865445]]]}}, {"type": "Feature", "properties": {"OBJECTID": 1597, "GRID_ID": null, "has_data": false}, "geometry": {"type": "Polygon", "coordinates": [[[-118.231750982778, 34.0474073865445], [-118.235584211775, 34.0419002071592], [-118.243229986957, 34.0419096286444], [-118.247043520391, 34.047426232756], [-118.243210782773, 34.052933764038], [-118.235564018546, 34.0529243385678], [-118.231750982778, 34.0474073865445]]]}}, {"type": "Feature", "properties": {"OBJECTID": 1598, "GRID_ID": null, "has_data": false}, "geometry": {"type": "Polygon", "coordinates": [[[-118.231750982778, 34.0474073865445], [-118.235584211775, 34.0419002071592], [-118.243229986957, 34.0419096286444], [-118.247043520391, 34.047426232756], [-118.243210782773, 34.052933764038], [-118.235564018546, 34.0529243385678], [-118.231750982778, 34.0474073865445]]]}}, {"type": "Feature", "properties": {"OBJECTID": 1599, "GRID_ID": null, "has_data": false}, "geometry": {"type": "Polygon", "coordinates": [[[-118.231750982778, 34.0474073865445], [-118.235584211775, 34.0419002071592], [-118.243229986957, 34.0419096286444], [-118.247043520391, 34.047426232756], [-118.243210782773, 34.052933764038], [-118.235564018546, 34.0529243385678], [-118.231750982778, 34.0474073865445]]]}}, {"type": "Feature", "properties": {"OBJECTID": 1600, "GRID_ID": null, "has_data": false}, "geometry": {"type": "Polygon", "coordinates": [[[-118.231750982778, 34.0474073865445], [-118.235584211775, 34.0419002071592], [-118.243229986957, 34.0419096286444], [-118.247043520391, 34.047426232756], [-118.243210782773, 34.052933764038], [-118.235564018546, 34.0529243385678], [-118.231750982778, 34.0474073865445]]]}}, {"type": "Feature", "properties": {"OBJECTID": 1601, "GRID_ID": null, "has_data": false}, "geometry": {"type": "Polygon", "coordinates": [[[-118.231750982778, 34.0474073865445], [-118.235584211775, 34.0419002071592], [-118.243229986957, 34.0419096286444], [-118.247043520391, 34.047426232756], [-118.243210782773, 34.052933764038], [-118.235564018546, 34.0529243385678], [-118.231750982778, 34.0474073865445]]]}}, {"type": "Feature", "properties": {"OBJECTID": 1602, "GRID_ID": null, "has_data": false}, "geometry": {"type": "Polygon", "coordinates": [[[-118.231750982778, 34.0474073865445], [-118.235584211775, 34.0419002071592], [-118.243229986957, 34.0419096286444], [-118.247043520391, 34.047426232756], [-118.243210782773, 34.052933764038], [-118.235564018546, 34.0529243385678], [-118.231750982778, 34.0474073865445]]]}}, {"type": "Feature", "properties": {"OBJECTID": 1603, "GRID_ID": null, "has_data": false}, "geometry": {"type": "Polygon", "coordinates": [[[-118.231750982778, 34.0474073865445], [-118.235584211775, 34.0419002071592], [-118.243229986957, 34.0419096286444], [-118.247043520391, 34.047426232756], [-118.243210782773, 34.052933764038], [-118.235564018546, 34.0529243385678], [-118.231750982778, 34.0474073865445]]]}}, {"type": "Feature", "properties": {"OBJECTID": 1604, "GRID_ID": null, "has_data": false}, "geometry": {"type": "Polygon", "coordinates": [[[-118.231750982778, 34.0474073865445], [-118.235584211775, 34.0419002071592], [-118.243229986957, 34.0419096286444], [-118.247043520391, 34.047426232756], [-118.243210782773, 34.052933764038], [-118.235564018546, 34.0529243385678], [-118.231750982778, 34.0474073865445]]]}}, {"type": "Feature", "properties": {"OBJECTID": 1605, "GRID_ID": null, "has_data": false}, "geometry": {"type": "Polygon", "coordinates": [[[-118.231750982778, 34.0474073865445], [-118.235584211775, 34.0419002071592], [-118.243229986957, 34.0419096286444], [-118.247043520391, 34.047426232756], [-118.243210782773, 34.052933764038], [-118.235564018546, 34.0529243385678], [-118.231750982778, 34.0474073865445]]]}}, {"type": "Feature", "properties": {"OBJECTID": 1606, "GRID_ID": null, "has_data": false}, "geometry": {"type": "Polygon", "coordinates": [[[-118.231750982778, 34.0474073865445], [-118.235584211775, 34.0419002071592], [-118.243229986957, 34.0419096286444], [-118.247043520391, 34.047426232756], [-118.243210782773, 34.052933764038], [-118.235564018546, 34.0529243385678], [-118.231750982778, 34.0474073865445]]]}}, {"type": "Feature", "properties": {"OBJECTID": 1607, "GRID_ID": null, "has_data": false}, "geometry": {"type": "Polygon", "coordinates": [[[-118.231750982778, 34.0474073865445], [-118.235584211775, 34.0419002071592], [-118.243229986957, 34.0419096286444], [-118.247043520391, 34.047426232756], [-118.243210782773, 34.052933764038], [-118.235564018546, 34.0529243385678], [-118.231750982778, 34.0474073865445]]]}}, {"type": "Feature", "properties": {"OBJECTID": 1608, "GRID_ID": null, "has_data": false}, "geometry": {"type": "Polygon", "coordinates": [[[-118.530189011584, 34.1907455132898], [-118.53400933718, 34.1852292056859], [-118.541668018458, 34.1852201204314], [-118.545507368575, 34.190727340253], [-118.54168754334, 34.1962439978377], [-118.534027866729, 34.1962530863627], [-118.530189011584, 34.1907455132898]]]}}, {"type": "Feature", "properties": {"OBJECTID": 1609, "GRID_ID": null, "has_data": false}, "geometry": {"type": "Polygon", "coordinates": [[[-118.220270490091, 34.0529040675514], [-118.224104712624, 34.0473972526104], [-118.231750982778, 34.0474073865445], [-118.235564018546, 34.0529243385678], [-118.231730288289, 34.0584315059845], [-118.22408302909, 34.0584213689027], [-118.220270490091, 34.0529040675514]]]}}, {"type": "Feature", "properties": {"OBJECTID": 1610, "GRID_ID": null, "has_data": false}, "geometry": {"type": "Polygon", "coordinates": [[[-118.220270490091, 34.0529040675514], [-118.224104712624, 34.0473972526104], [-118.231750982778, 34.0474073865445], [-118.235564018546, 34.0529243385678], [-118.231730288289, 34.0584315059845], [-118.22408302909, 34.0584213689027], [-118.220270490091, 34.0529040675514]]]}}, {"type": "Feature", "properties": {"OBJECTID": 1611, "GRID_ID": null, "has_data": false}, "geometry": {"type": "Polygon", "coordinates": [[[-118.220270490091, 34.0529040675514], [-118.224104712624, 34.0473972526104], [-118.231750982778, 34.0474073865445], [-118.235564018546, 34.0529243385678], [-118.231730288289, 34.0584315059845], [-118.22408302909, 34.0584213689027], [-118.220270490091, 34.0529040675514]]]}}, {"type": "Feature", "properties": {"OBJECTID": 1612, "GRID_ID": null, "has_data": false}, "geometry": {"type": "Polygon", "coordinates": [[[-118.220270490091, 34.0529040675514], [-118.224104712624, 34.0473972526104], [-118.231750982778, 34.0474073865445], [-118.235564018546, 34.0529243385678], [-118.231730288289, 34.0584315059845], [-118.22408302909, 34.0584213689027], [-118.220270490091, 34.0529040675514]]]}}, {"type": "Feature", "properties": {"OBJECTID": 1613, "GRID_ID": null, "has_data": false}, "geometry": {"type": "Polygon", "coordinates": [[[-118.220270490091, 34.0529040675514], [-118.224104712624, 34.0473972526104], [-118.231750982778, 34.0474073865445], [-118.235564018546, 34.0529243385678], [-118.231730288289, 34.0584315059845], [-118.22408302909, 34.0584213689027], [-118.220270490091, 34.0529040675514]]]}}, {"type": "Feature", "properties": {"OBJECTID": 1614, "GRID_ID": null, "has_data": false}, "geometry": {"type": "Polygon", "coordinates": [[[-118.518708513507, 34.1962698360837], [-118.522529833538, 34.1907538860969], [-118.530189011584, 34.1907455132898], [-118.534027866729, 34.1962530863627], [-118.53020704706, 34.2017693861628], [-118.522546871884, 34.2017777630762], [-118.518708513507, 34.1962698360837]]]}}, {"type": "Feature", "properties": {"OBJECTID": 1615, "GRID_ID": null, "has_data": false}, "geometry": {"type": "Polygon", "coordinates": [[[-118.174249120756, 34.1079520621536], [-118.178088829301, 34.1024467455148], [-118.185740053663, 34.1024597463099], [-118.189552564815, 34.1079780687442], [-118.185713348547, 34.1134837387056], [-118.178061132444, 34.1134707329108], [-118.174249120756, 34.1079520621536]]]}}, {"type": "Feature", "properties": {"OBJECTID": 1616, "GRID_ID": null, "has_data": false}, "geometry": {"type": "Polygon", "coordinates": [[[-118.208812173215, 34.0473755660616], [-118.212646887127, 34.0418691029267], [-118.220292662309, 34.0418799439284], [-118.224104712624, 34.0473972526104], [-118.220270490091, 34.0529040675514], [-118.212623724965, 34.0528932220049], [-118.208812173215, 34.0473755660616]]]}}, {"type": "Feature", "properties": {"OBJECTID": 1617, "GRID_ID": null, "has_data": false}, "geometry": {"type": "Polygon", "coordinates": [[[-118.208812173215, 34.0473755660616], [-118.212646887127, 34.0418691029267], [-118.220292662309, 34.0418799439284], [-118.224104712624, 34.0473972526104], [-118.220270490091, 34.0529040675514], [-118.212623724965, 34.0528932220049], [-118.208812173215, 34.0473755660616]]]}}, {"type": "Feature", "properties": {"OBJECTID": 1618, "GRID_ID": null, "has_data": false}, "geometry": {"type": "Polygon", "coordinates": [[[-118.208812173215, 34.0473755660616], [-118.212646887127, 34.0418691029267], [-118.220292662309, 34.0418799439284], [-118.224104712624, 34.0473972526104], [-118.220270490091, 34.0529040675514], [-118.212623724965, 34.0528932220049], [-118.208812173215, 34.0473755660616]]]}}, {"type": "Feature", "properties": {"OBJECTID": 1619, "GRID_ID": null, "has_data": false}, "geometry": {"type": "Polygon", "coordinates": [[[-118.208812173215, 34.0473755660616], [-118.212646887127, 34.0418691029267], [-118.220292662309, 34.0418799439284], [-118.224104712624, 34.0473972526104], [-118.220270490091, 34.0529040675514], [-118.212623724965, 34.0528932220049], [-118.208812173215, 34.0473755660616]]]}}, {"type": "Feature", "properties": {"OBJECTID": 1620, "GRID_ID": null, "has_data": false}, "geometry": {"type": "Polygon", "coordinates": [[[-118.507211477445, 34.1907692042897], [-118.511033297838, 34.1852536056751], [-118.518691978217, 34.1852459479359], [-118.522529833538, 34.1907538860969], [-118.518708513507, 34.1962698360837], [-118.511048836896, 34.196277496537], [-118.507211477445, 34.1907692042897]]]}}, {"type": "Feature", "properties": {"OBJECTID": 1621, "GRID_ID": null, "has_data": false}, "geometry": {"type": "Polygon", "coordinates": [[[-118.197330195612, 34.0528701100901], [-118.201165903061, 34.047364011958], [-118.208812173215, 34.0473755660616], [-118.212623724965, 34.0528932220049], [-118.208788509794, 34.058399672522], [-118.201141249696, 34.058388113967], [-118.197330195612, 34.0528701100901]]]}}, {"type": "Feature", "properties": {"OBJECTID": 1622, "GRID_ID": null, "has_data": false}, "geometry": {"type": "Polygon", "coordinates": [[[-118.197330195612, 34.0528701100901], [-118.201165903061, 34.047364011958], [-118.208812173215, 34.0473755660616], [-118.212623724965, 34.0528932220049], [-118.208788509794, 34.058399672522], [-118.201141249696, 34.058388113967], [-118.197330195612, 34.0528701100901]]]}}, {"type": "Feature", "properties": {"OBJECTID": 1623, "GRID_ID": null, "has_data": false}, "geometry": {"type": "Polygon", "coordinates": [[[-118.3234532366, 34.1136366970258], [-118.327283517326, 34.1081267252823], [-118.334935234863, 34.1081304769479], [-118.33875766611, 34.1136442020995], [-118.334927881254, 34.1191545254074], [-118.327275171078, 34.1191507727433], [-118.3234532366, 34.1136366970258]]]}}, {"type": "Feature", "properties": {"OBJECTID": 1624, "GRID_ID": null, "has_data": false}, "geometry": {"type": "Polygon", "coordinates": [[[-118.3234532366, 34.1136366970258], [-118.327283517326, 34.1081267252823], [-118.334935234863, 34.1081304769479], [-118.33875766611, 34.1136442020995], [-118.334927881254, 34.1191545254074], [-118.327275171078, 34.1191507727433], [-118.3234532366, 34.1136366970258]]]}}, {"type": "Feature", "properties": {"OBJECTID": 1625, "GRID_ID": null, "has_data": false}, "geometry": {"type": "Polygon", "coordinates": [[[-118.495729484572, 34.1962913893728], [-118.499552299399, 34.1907761496755], [-118.507211477445, 34.1907692042897], [-118.511048836896, 34.196277496537], [-118.50722652243, 34.201793087439], [-118.499566347254, 34.2018000348887], [-118.495729484572, 34.1962913893728]]]}}, {"type": "Feature", "properties": {"OBJECTID": 1626, "GRID_ID": null, "has_data": false}, "geometry": {"type": "Polygon", "coordinates": [[[-118.185873360957, 34.0473394850687], [-118.189709560682, 34.0418337393968], [-118.197355336762, 34.0418460006611], [-118.201165903061, 34.047364011958], [-118.197330195612, 34.0528701100901], [-118.189683429589, 34.0528578437213], [-118.185873360957, 34.0473394850687]]]}}, {"type": "Feature", "properties": {"OBJECTID": 1627, "GRID_ID": null, "has_data": false}, "geometry": {"type": "Polygon", "coordinates": [[[-118.185873360957, 34.0473394850687], [-118.189709560682, 34.0418337393968], [-118.197355336762, 34.0418460006611], [-118.201165903061, 34.047364011958], [-118.197330195612, 34.0528701100901], [-118.189683429589, 34.0528578437213], [-118.185873360957, 34.0473394850687]]]}}, {"type": "Feature", "properties": {"OBJECTID": 1628, "GRID_ID": null, "has_data": false}, "geometry": {"type": "Polygon", "coordinates": [[[-118.185873360957, 34.0473394850687], [-118.189709560682, 34.0418337393968], [-118.197355336762, 34.0418460006611], [-118.201165903061, 34.047364011958], [-118.197330195612, 34.0528701100901], [-118.189683429589, 34.0528578437213], [-118.185873360957, 34.0473394850687]]]}}, {"type": "Feature", "properties": {"OBJECTID": 1629, "GRID_ID": null, "has_data": false}, "geometry": {"type": "Polygon", "coordinates": [[[-118.185873360957, 34.0473394850687], [-118.189709560682, 34.0418337393968], [-118.197355336762, 34.0418460006611], [-118.201165903061, 34.047364011958], [-118.197330195612, 34.0528701100901], [-118.189683429589, 34.0528578437213], [-118.185873360957, 34.0473394850687]]]}}, {"type": "Feature", "properties": {"OBJECTID": 1630, "GRID_ID": null, "has_data": false}, "geometry": {"type": "Polygon", "coordinates": [[[-118.174389897541, 34.0528318909045], [-118.178227090803, 34.0473265115383], [-118.185873360957, 34.0473394850687], [-118.189683429589, 34.0528578437213], [-118.185846728603, 34.0583635768709], [-118.178199468506, 34.0583505975852], [-118.174389897541, 34.0528318909045]]]}}, {"type": "Feature", "properties": {"OBJECTID": 1631, "GRID_ID": null, "has_data": false}, "geometry": {"type": "Polygon", "coordinates": [[[-118.300496591885, 34.1136218817364], [-118.304328361119, 34.1081126245518], [-118.311980079555, 34.1081177990843], [-118.315801022294, 34.1136322331021], [-118.311969747133, 34.1191418425028], [-118.304317036957, 34.1191366656699], [-118.300496591885, 34.1136218817364]]]}}, {"type": "Feature", "properties": {"OBJECTID": 1632, "GRID_ID": null, "has_data": false}, "geometry": {"type": "Polygon", "coordinates": [[[-118.484233944205, 34.1907886122836], [-118.488057258496, 34.1852737231209], [-118.495715938875, 34.1852674928959], [-118.499552299399, 34.1907761496755], [-118.495729484572, 34.1962913893728], [-118.48806980796, 34.1962976224986], [-118.484233944205, 34.1907886122836]]]}}, {"type": "Feature", "properties": {"OBJECTID": 1633, "GRID_ID": null, "has_data": false}, "geometry": {"type": "Polygon", "coordinates": [[[-118.461148023836, 34.05851542618], [-118.464966904941, 34.0530011392989], [-118.472613667371, 34.0529963610717], [-118.476442540437, 34.0585058666259], [-118.472624155202, 34.0640205031065], [-118.464976402828, 34.0640252836889], [-118.461148023836, 34.05851542618]]]}}, {"type": "Feature", "properties": {"OBJECTID": 1634, "GRID_ID": null, "has_data": false}, "geometry": {"type": "Polygon", "coordinates": [[[-118.472750455636, 34.1963086591944], [-118.476574766159, 34.1907941295061], [-118.484233944205, 34.1907886122836], [-118.48806980796, 34.1962976224986], [-118.484245998698, 34.2018125025541], [-118.476585823522, 34.2018180227702], [-118.472750455636, 34.1963086591944]]]}}, {"type": "Feature", "properties": {"OBJECTID": 1635, "GRID_ID": null, "has_data": false}, "geometry": {"type": "Polygon", "coordinates": [[[-118.289011613011, 34.1191248878347], [-118.292844377579, 34.1136159942943], [-118.300496591885, 34.1136218817364], [-118.304317036957, 34.1191366656699], [-118.300484767361, 34.1246459112603], [-118.292831560416, 34.124640021611], [-118.289011613011, 34.1191248878347]]]}}, {"type": "Feature", "properties": {"OBJECTID": 1636, "GRID_ID": null, "has_data": false}, "geometry": {"type": "Polygon", "coordinates": [[[-118.43820625073, 34.058526213702], [-118.442026617649, 34.0530126353254], [-118.449673379181, 34.0530092764256], [-118.453500767332, 34.0585194955951], [-118.449680897182, 34.0640334242224], [-118.442033144807, 34.0640367834295], [-118.43820625073, 34.058526213702]]]}}, {"type": "Feature", "properties": {"OBJECTID": 1637, "GRID_ID": null, "has_data": false}, "geometry": {"type": "Polygon", "coordinates": [[[-118.43820625073, 34.058526213702], [-118.442026617649, 34.0530126353254], [-118.449673379181, 34.0530092764256], [-118.453500767332, 34.0585194955951], [-118.449680897182, 34.0640334242224], [-118.442033144807, 34.0640367834295], [-118.43820625073, 34.058526213702]]]}}, {"type": "Feature", "properties": {"OBJECTID": 1638, "GRID_ID": null, "has_data": false}, "geometry": {"type": "Polygon", "coordinates": [[[-118.461256410965, 34.1908037365314], [-118.46508122095, 34.1852895580264], [-118.472739899533, 34.1852847553145], [-118.476574766159, 34.1907941295061], [-118.472750455636, 34.1963086591944], [-118.465090780822, 34.1963134635076], [-118.461256410965, 34.1908037365314]]]}}, {"type": "Feature", "properties": {"OBJECTID": 1639, "GRID_ID": null, "has_data": false}, "geometry": {"type": "Polygon", "coordinates": [[[-118.461256410965, 34.1908037365314], [-118.46508122095, 34.1852895580264], [-118.472739899533, 34.1852847553145], [-118.476574766159, 34.1907941295061], [-118.472750455636, 34.1963086591944], [-118.465090780822, 34.1963134635076], [-118.461256410965, 34.1908037365314]]]}}, {"type": "Feature", "properties": {"OBJECTID": 1640, "GRID_ID": null, "has_data": false}, "geometry": {"type": "Polygon", "coordinates": [[[-118.461256410965, 34.1908037365314], [-118.46508122095, 34.1852895580264], [-118.472739899533, 34.1852847553145], [-118.476574766159, 34.1907941295061], [-118.472750455636, 34.1963086591944], [-118.465090780822, 34.1963134635076], [-118.461256410965, 34.1908037365314]]]}}, {"type": "Feature", "properties": {"OBJECTID": 1641, "GRID_ID": null, "has_data": false}, "geometry": {"type": "Polygon", "coordinates": [[[-118.461256410965, 34.1908037365314], [-118.46508122095, 34.1852895580264], [-118.472739899533, 34.1852847553145], [-118.476574766159, 34.1907941295061], [-118.472750455636, 34.1963086591944], [-118.465090780822, 34.1963134635076], [-118.461256410965, 34.1908037365314]]]}}, {"type": "Feature", "properties": {"OBJECTID": 1642, "GRID_ID": null, "has_data": false}, "geometry": {"type": "Polygon", "coordinates": [[[-118.461256410965, 34.1908037365314], [-118.46508122095, 34.1852895580264], [-118.472739899533, 34.1852847553145], [-118.476574766159, 34.1907941295061], [-118.472750455636, 34.1963086591944], [-118.465090780822, 34.1963134635076], [-118.461256410965, 34.1908037365314]]]}}, {"type": "Feature", "properties": {"OBJECTID": 1643, "GRID_ID": null, "has_data": false}, "geometry": {"type": "Polygon", "coordinates": [[[-118.461256410965, 34.1908037365314], [-118.46508122095, 34.1852895580264], [-118.472739899533, 34.1852847553145], [-118.476574766159, 34.1907941295061], [-118.472750455636, 34.1963086591944], [-118.465090780822, 34.1963134635076], [-118.461256410965, 34.1908037365314]]]}}, {"type": "Feature", "properties": {"OBJECTID": 1644, "GRID_ID": null, "has_data": false}, "geometry": {"type": "Polygon", "coordinates": [[[-118.277539946271, 34.1136027951475], [-118.281373204014, 34.1080942537315], [-118.289024923348, 34.1081008518755], [-118.292844377579, 34.1136159942943], [-118.289011613011, 34.1191248878347], [-118.281358901038, 34.1191182868322], [-118.277539946271, 34.1136027951475]]]}}, {"type": "Feature", "properties": {"OBJECTID": 1645, "GRID_ID": null, "has_data": false}, "geometry": {"type": "Polygon", "coordinates": [[[-118.426737639161, 34.0640420819569], [-118.430558994226, 34.0585288623938], [-118.43820625073, 34.058526213702], [-118.442033144807, 34.0640367834295], [-118.438212285612, 34.069550353077], [-118.430564038266, 34.0695530029126], [-118.426737639161, 34.0640420819569]]]}}, {"type": "Feature", "properties": {"OBJECTID": 1646, "GRID_ID": null, "has_data": false}, "geometry": {"type": "Polygon", "coordinates": [[[-118.449771428498, 34.196321644808], [-118.453597233817, 34.1908078263344], [-118.461256410965, 34.1908037365314], [-118.465090780822, 34.1963134635076], [-118.461265474966, 34.2018276337403], [-118.453605301586, 34.2018317244945], [-118.449771428498, 34.196321644808]]]}}, {"type": "Feature", "properties": {"OBJECTID": 1647, "GRID_ID": null, "has_data": false}, "geometry": {"type": "Polygon", "coordinates": [[[-118.449771428498, 34.196321644808], [-118.453597233817, 34.1908078263344], [-118.461256410965, 34.1908037365314], [-118.465090780822, 34.1963134635076], [-118.461265474966, 34.2018276337403], [-118.453605301586, 34.2018317244945], [-118.449771428498, 34.196321644808]]]}}, {"type": "Feature", "properties": {"OBJECTID": 1648, "GRID_ID": null, "has_data": false}, "geometry": {"type": "Polygon", "coordinates": [[[-118.415264478523, 34.0585327390544], [-118.41908632856, 34.0530198696492], [-118.426733091889, 34.0530179315649], [-118.430558994226, 34.0585288623938], [-118.426737639161, 34.0640420819569], [-118.419089885888, 34.0640440205332], [-118.415264478523, 34.0585327390544]]]}}, {"type": "Feature", "properties": {"OBJECTID": 1649, "GRID_ID": null, "has_data": false}, "geometry": {"type": "Polygon", "coordinates": [[[-118.266053477991, 34.1191036614005], [-118.269887730169, 34.1135954834426], [-118.277539946271, 34.1136027951475], [-118.281358901038, 34.1191182868322], [-118.277525142934, 34.1246268167484], [-118.269871934193, 34.1246195030219], [-118.266053477991, 34.1191036614005]]]}}, {"type": "Feature", "properties": {"OBJECTID": 1650, "GRID_ID": null, "has_data": false}, "geometry": {"type": "Polygon", "coordinates": [[[-118.438278878623, 34.1908145777783], [-118.442105183405, 34.185301110394], [-118.449763861988, 34.1852977351945], [-118.453597233817, 34.1908078263344], [-118.449771428498, 34.196321644808], [-118.442111753683, 34.1963250210523], [-118.438278878623, 34.1908145777783]]]}}, {"type": "Feature", "properties": {"OBJECTID": 1651, "GRID_ID": null, "has_data": false}, "geometry": {"type": "Polygon", "coordinates": [[[-118.438278878623, 34.1908145777783], [-118.442105183405, 34.185301110394], [-118.449763861988, 34.1852977351945], [-118.453597233817, 34.1908078263344], [-118.449771428498, 34.196321644808], [-118.442111753683, 34.1963250210523], [-118.438278878623, 34.1908145777783]]]}}, {"type": "Feature", "properties": {"OBJECTID": 1652, "GRID_ID": null, "has_data": false}, "geometry": {"type": "Polygon", "coordinates": [[[-118.438278878623, 34.1908145777783], [-118.442105183405, 34.185301110394], [-118.449763861988, 34.1852977351945], [-118.453597233817, 34.1908078263344], [-118.449771428498, 34.196321644808], [-118.442111753683, 34.1963250210523], [-118.438278878623, 34.1908145777783]]]}}, {"type": "Feature", "properties": {"OBJECTID": 1653, "GRID_ID": null, "has_data": false}, "geometry": {"type": "Polygon", "coordinates": [[[-118.438278878623, 34.1908145777783], [-118.442105183405, 34.185301110394], [-118.449763861988, 34.1852977351945], [-118.453597233817, 34.1908078263344], [-118.449771428498, 34.196321644808], [-118.442111753683, 34.1963250210523], [-118.438278878623, 34.1908145777783]]]}}, {"type": "Feature", "properties": {"OBJECTID": 1654, "GRID_ID": null, "has_data": false}, "geometry": {"type": "Polygon", "coordinates": [[[-118.438278878623, 34.1908145777783], [-118.442105183405, 34.185301110394], [-118.449763861988, 34.1852977351945], [-118.453597233817, 34.1908078263344], [-118.449771428498, 34.196321644808], [-118.442111753683, 34.1963250210523], [-118.438278878623, 34.1908145777783]]]}}, {"type": "Feature", "properties": {"OBJECTID": 1655, "GRID_ID": null, "has_data": false}, "geometry": {"type": "Polygon", "coordinates": [[[-118.438278878623, 34.1908145777783], [-118.442105183405, 34.185301110394], [-118.449763861988, 34.1852977351945], [-118.453597233817, 34.1908078263344], [-118.449771428498, 34.196321644808], [-118.442111753683, 34.1963250210523], [-118.438278878623, 34.1908145777783]]]}}, {"type": "Feature", "properties": {"OBJECTID": 1656, "GRID_ID": null, "has_data": false}, "geometry": {"type": "Polygon", "coordinates": [[[-118.438278878623, 34.1908145777783], [-118.442105183405, 34.185301110394], [-118.449763861988, 34.1852977351945], [-118.453597233817, 34.1908078263344], [-118.449771428498, 34.196321644808], [-118.442111753683, 34.1963250210523], [-118.438278878623, 34.1908145777783]]]}}, {"type": "Feature", "properties": {"OBJECTID": 1657, "GRID_ID": null, "has_data": false}, "geometry": {"type": "Polygon", "coordinates": [[[-118.438278878623, 34.1908145777783], [-118.442105183405, 34.185301110394], [-118.449763861988, 34.1852977351945], [-118.453597233817, 34.1908078263344], [-118.449771428498, 34.196321644808], [-118.442111753683, 34.1963250210523], [-118.438278878623, 34.1908145777783]]]}}, {"type": "Feature", "properties": {"OBJECTID": 1658, "GRID_ID": null, "has_data": false}, "geometry": {"type": "Polygon", "coordinates": [[[-118.403794382039, 34.0640464770553], [-118.407617221121, 34.0585339670232], [-118.415264478523, 34.0585327390544], [-118.419089885888, 34.0640440205332], [-118.415267541778, 34.0695568813012], [-118.407619294432, 34.0695581098544], [-118.403794382039, 34.0640464770553]]]}}, {"type": "Feature", "properties": {"OBJECTID": 1659, "GRID_ID": null, "has_data": false}, "geometry": {"type": "Polygon", "coordinates": [[[-118.25458329976, 34.1135794372563], [-118.258418046011, 34.108071612075], [-118.266069766244, 34.1080796338314], [-118.269887730169, 34.1135954834426], [-118.266053477991, 34.1191036614005], [-118.25840076512, 34.1190956362274], [-118.25458329976, 34.1135794372563]]]}}, {"type": "Feature", "properties": {"OBJECTID": 1660, "GRID_ID": null, "has_data": false}, "geometry": {"type": "Polygon", "coordinates": [[[-118.426792402257, 34.1963303462156], [-118.430619702373, 34.1908172394194], [-118.438278878623, 34.1908145777783], [-118.442111753683, 34.1963250210523], [-118.438284952132, 34.2018384787707], [-118.430624778753, 34.2018411422927], [-118.426792402257, 34.1963303462156]]]}}, {"type": "Feature", "properties": {"OBJECTID": 1661, "GRID_ID": null, "has_data": false}, "geometry": {"type": "Polygon", "coordinates": [[[-118.392322707214, 34.0585350022382], [-118.396146041268, 34.0530228422713], [-118.403792804597, 34.0530223250023], [-118.407617221121, 34.0585339670232], [-118.403794382039, 34.0640464770553], [-118.396146628766, 34.0640469950013], [-118.392322707214, 34.0585350022382]]]}}, {"type": "Feature", "properties": {"OBJECTID": 1662, "GRID_ID": null, "has_data": false}, "geometry": {"type": "Polygon", "coordinates": [[[-118.243095341174, 34.119078163197], [-118.246931082759, 34.1135707020311], [-118.25458329976, 34.1135794372563], [-118.25840076512, 34.1190956362274], [-118.25456551671, 34.1246034500037], [-118.246912307969, 34.1245947114553], [-118.243095341174, 34.119078163197]]]}}, {"type": "Feature", "properties": {"OBJECTID": 1663, "GRID_ID": null, "has_data": false}, "geometry": {"type": "Polygon", "coordinates": [[[-118.415301347179, 34.1908211352831], [-118.419129144961, 34.1853083802255], [-118.426787824443, 34.185306433281], [-118.430619702373, 34.1908172394194], [-118.426792402257, 34.1963303462156], [-118.419132725646, 34.1963322943916], [-118.415301347179, 34.1908211352831]]]}}, {"type": "Feature", "properties": {"OBJECTID": 1664, "GRID_ID": null, "has_data": false}, "geometry": {"type": "Polygon", "coordinates": [[[-118.380851124018, 34.0640466095186], [-118.384675448913, 34.0585348094843], [-118.392322707214, 34.0585350022382], [-118.396146628766, 34.0640469950013], [-118.392322798842, 34.0695591456789], [-118.384674551496, 34.0695589522059], [-118.380851124018, 34.0640466095186]]]}}, {"type": "Feature", "properties": {"OBJECTID": 1665, "GRID_ID": null, "has_data": false}, "geometry": {"type": "Polygon", "coordinates": [[[-118.403813375119, 34.1963347626757], [-118.407642170031, 34.1908223695058], [-118.415301347179, 34.1908211352831], [-118.419132725646, 34.1963322943916], [-118.415304430197, 34.201845039133], [-118.407644255919, 34.2018462739373], [-118.403813375119, 34.1963347626757]]]}}, {"type": "Feature", "properties": {"OBJECTID": 1666, "GRID_ID": null, "has_data": false}, "geometry": {"type": "Polygon", "coordinates": [[[-118.369380935007, 34.0585330032538], [-118.373205754874, 34.0530215539366], [-118.380852517305, 34.0530224567384], [-118.384675448913, 34.0585348094843], [-118.380851124018, 34.0640466095186], [-118.373203371644, 34.0640457060899], [-118.369380935007, 34.0585330032538]]]}}, {"type": "Feature", "properties": {"OBJECTID": 1667, "GRID_ID": null, "has_data": false}, "geometry": {"type": "Polygon", "coordinates": [[[-118.392323815735, 34.1908234097897], [-118.396153109213, 34.185311368265], [-118.403811787796, 34.185310848089], [-118.407642170031, 34.1908223695058], [-118.403813375119, 34.1963347626757], [-118.396153699406, 34.1963352835266], [-118.392323815735, 34.1908234097897]]]}}, {"type": "Feature", "properties": {"OBJECTID": 1668, "GRID_ID": null, "has_data": false}, "geometry": {"type": "Polygon", "coordinates": [[[-118.392323815735, 34.1908234097897], [-118.396153109213, 34.185311368265], [-118.403811787796, 34.185310848089], [-118.407642170031, 34.1908223695058], [-118.403813375119, 34.1963347626757], [-118.396153699406, 34.1963352835266], [-118.392323815735, 34.1908234097897]]]}}, {"type": "Feature", "properties": {"OBJECTID": 1669, "GRID_ID": null, "has_data": false}, "geometry": {"type": "Polygon", "coordinates": [[[-118.392323815735, 34.1908234097897], [-118.396153109213, 34.185311368265], [-118.403811787796, 34.185310848089], [-118.407642170031, 34.1908223695058], [-118.403813375119, 34.1963347626757], [-118.396153699406, 34.1963352835266], [-118.392323815735, 34.1908234097897]]]}}, {"type": "Feature", "properties": {"OBJECTID": 1670, "GRID_ID": null, "has_data": false}, "geometry": {"type": "Polygon", "coordinates": [[[-118.392323815735, 34.1908234097897], [-118.396153109213, 34.185311368265], [-118.403811787796, 34.185310848089], [-118.407642170031, 34.1908223695058], [-118.403813375119, 34.1963347626757], [-118.396153699406, 34.1963352835266], [-118.392323815735, 34.1908234097897]]]}}, {"type": "Feature", "properties": {"OBJECTID": 1671, "GRID_ID": null, "has_data": false}, "geometry": {"type": "Polygon", "coordinates": [[[-118.392323815735, 34.1908234097897], [-118.396153109213, 34.185311368265], [-118.403811787796, 34.185310848089], [-118.407642170031, 34.1908223695058], [-118.403813375119, 34.1963347626757], [-118.396153699406, 34.1963352835266], [-118.392323815735, 34.1908234097897]]]}}, {"type": "Feature", "properties": {"OBJECTID": 1672, "GRID_ID": null, "has_data": false}, "geometry": {"type": "Polygon", "coordinates": [[[-118.392323815735, 34.1908234097897], [-118.396153109213, 34.185311368265], [-118.403811787796, 34.185310848089], [-118.407642170031, 34.1908223695058], [-118.403813375119, 34.1963347626757], [-118.396153699406, 34.1963352835266], [-118.392323815735, 34.1908234097897]]]}}, {"type": "Feature", "properties": {"OBJECTID": 1673, "GRID_ID": null, "has_data": false}, "geometry": {"type": "Polygon", "coordinates": [[[-118.231626651451, 34.1135518088031], [-118.235462887109, 34.1080447010663], [-118.243114607342, 34.1080541456926], [-118.246931082759, 34.1135707020311], [-118.243095341174, 34.119078163197], [-118.235442628303, 34.1190687138521], [-118.231626651451, 34.1135518088031]]]}}, {"type": "Feature", "properties": {"OBJECTID": 1674, "GRID_ID": null, "has_data": false}, "geometry": {"type": "Polygon", "coordinates": [[[-118.231626651451, 34.1135518088031], [-118.235462887109, 34.1080447010663], [-118.243114607342, 34.1080541456926], [-118.246931082759, 34.1135707020311], [-118.243095341174, 34.119078163197], [-118.235442628303, 34.1190687138521], [-118.231626651451, 34.1135518088031]]]}}, {"type": "Feature", "properties": {"OBJECTID": 1675, "GRID_ID": null, "has_data": false}, "geometry": {"type": "Polygon", "coordinates": [[[-118.231626651451, 34.1135518088031], [-118.235462887109, 34.1080447010663], [-118.243114607342, 34.1080541456926], [-118.246931082759, 34.1135707020311], [-118.243095341174, 34.119078163197], [-118.235442628303, 34.1190687138521], [-118.231626651451, 34.1135518088031]]]}}, {"type": "Feature", "properties": {"OBJECTID": 1676, "GRID_ID": null, "has_data": false}, "geometry": {"type": "Polygon", "coordinates": [[[-118.231626651451, 34.1135518088031], [-118.235462887109, 34.1080447010663], [-118.243114607342, 34.1080541456926], [-118.246931082759, 34.1135707020311], [-118.243095341174, 34.119078163197], [-118.235442628303, 34.1190687138521], [-118.231626651451, 34.1135518088031]]]}}, {"type": "Feature", "properties": {"OBJECTID": 1677, "GRID_ID": null, "has_data": false}, "geometry": {"type": "Polygon", "coordinates": [[[-118.380834349777, 34.1963348956747], [-118.384664638587, 34.1908232158511], [-118.392323815735, 34.1908234097897], [-118.396153699406, 34.1963352835266], [-118.39232390916, 34.2018473148282], [-118.384663734882, 34.2018471209149], [-118.380834349777, 34.1963348956747]]]}}, {"type": "Feature", "properties": {"OBJECTID": 1678, "GRID_ID": null, "has_data": false}, "geometry": {"type": "Polygon", "coordinates": [[[-118.36934628519, 34.1908214012986], [-118.373177072566, 34.1853100737699], [-118.380835751148, 34.1853109811054], [-118.384664638587, 34.1908232158511], [-118.380834349777, 34.1963348956747], [-118.373174673165, 34.1963339877147], [-118.36934628519, 34.1908214012986]]]}}, {"type": "Feature", "properties": {"OBJECTID": 1679, "GRID_ID": null, "has_data": false}, "geometry": {"type": "Polygon", "coordinates": [[[-118.357855322638, 34.1963307444698], [-118.361687107144, 34.1908197799417], [-118.36934628519, 34.1908214012986], [-118.373174673165, 34.1963339877147], [-118.369343387225, 34.2018453051137], [-118.361683212947, 34.2018436832258], [-118.357855322638, 34.1963307444698]]]}}, {"type": "Feature", "properties": {"OBJECTID": 1680, "GRID_ID": null, "has_data": false}, "geometry": {"type": "Polygon", "coordinates": [[[-118.357907866896, 34.0640424786022], [-118.361733677605, 34.058531389777], [-118.369380935007, 34.0585330032538], [-118.373203371644, 34.0640457060899], [-118.369378055906, 34.0695571454662], [-118.361729807662, 34.0695555314553], [-118.357907866896, 34.0640424786022]]]}}, {"type": "Feature", "properties": {"OBJECTID": 1681, "GRID_ID": null, "has_data": false}, "geometry": {"type": "Polygon", "coordinates": [[[-118.357907866896, 34.0640424786022], [-118.361733677605, 34.058531389777], [-118.369380935007, 34.0585330032538], [-118.373203371644, 34.0640457060899], [-118.369378055906, 34.0695571454662], [-118.361729807662, 34.0695555314553], [-118.357907866896, 34.0640424786022]]]}}, {"type": "Feature", "properties": {"OBJECTID": 1682, "GRID_ID": null, "has_data": false}, "geometry": {"type": "Polygon", "coordinates": [[[-118.357907866896, 34.0640424786022], [-118.361733677605, 34.058531389777], [-118.369380935007, 34.0585330032538], [-118.373203371644, 34.0640457060899], [-118.369378055906, 34.0695571454662], [-118.361729807662, 34.0695555314553], [-118.357907866896, 34.0640424786022]]]}}, {"type": "Feature", "properties": {"OBJECTID": 1683, "GRID_ID": null, "has_data": false}, "geometry": {"type": "Polygon", "coordinates": [[[-118.357907866896, 34.0640424786022], [-118.361733677605, 34.058531389777], [-118.369380935007, 34.0585330032538], [-118.373203371644, 34.0640457060899], [-118.369378055906, 34.0695571454662], [-118.361729807662, 34.0695555314553], [-118.357907866896, 34.0640424786022]]]}}, {"type": "Feature", "properties": {"OBJECTID": 1684, "GRID_ID": null, "has_data": false}, "geometry": {"type": "Polygon", "coordinates": [[[-118.346368753746, 34.1908151090663], [-118.350201035918, 34.18530449674], [-118.357859714501, 34.1853068315872], [-118.361687107144, 34.1908197799417], [-118.357855322638, 34.1963307444698], [-118.350195646925, 34.1963284084418], [-118.346368753746, 34.1908151090663]]]}}, {"type": "Feature", "properties": {"OBJECTID": 1685, "GRID_ID": null, "has_data": false}, "geometry": {"type": "Polygon", "coordinates": [[[-118.622129163547, 34.2016317327398], [-118.625944001335, 34.1961126049405], [-118.633603681539, 34.1960978041126], [-118.637449518391, 34.2016021248467], [-118.633635181863, 34.2071216012827], [-118.625974505427, 34.2071364083472], [-118.622129163547, 34.2016317327398]]]}}, {"type": "Feature", "properties": {"OBJECTID": 1686, "GRID_ID": null, "has_data": false}, "geometry": {"type": "Polygon", "coordinates": [[[-118.220137202561, 34.1190483924767], [-118.22397443445, 34.1135416500563], [-118.231626651451, 34.1135518088031], [-118.235442628303, 34.1190687138521], [-118.231605889589, 34.1245758095354], [-118.223952679949, 34.1245656469073], [-118.220137202561, 34.1190483924767]]]}}, {"type": "Feature", "properties": {"OBJECTID": 1687, "GRID_ID": null, "has_data": false}, "geometry": {"type": "Polygon", "coordinates": [[[-118.610653152555, 34.2071645938412], [-118.614468985676, 34.201645822322], [-118.622129163547, 34.2016317327398], [-118.625974505427, 34.2071364083472], [-118.622159176261, 34.212655529078], [-118.61449800126, 34.212669624989], [-118.610653152555, 34.2071645938412]]]}}, {"type": "Feature", "properties": {"OBJECTID": 1688, "GRID_ID": null, "has_data": false}, "geometry": {"type": "Polygon", "coordinates": [[[-118.599148630832, 34.2016725735018], [-118.602964965213, 34.1961541520092], [-118.610624643621, 34.19614077926], [-118.614468985676, 34.201645822322], [-118.610653152555, 34.2071645938412], [-118.602992477915, 34.207177972271], [-118.599148630832, 34.2016725735018]]]}}, {"type": "Feature", "properties": {"OBJECTID": 1689, "GRID_ID": null, "has_data": false}, "geometry": {"type": "Polygon", "coordinates": [[[-118.599148630832, 34.2016725735018], [-118.602964965213, 34.1961541520092], [-118.610624643621, 34.19614077926], [-118.614468985676, 34.201645822322], [-118.610653152555, 34.2071645938412], [-118.602992477915, 34.207177972271], [-118.599148630832, 34.2016725735018]]]}}, {"type": "Feature", "properties": {"OBJECTID": 1690, "GRID_ID": null, "has_data": false}, "geometry": {"type": "Polygon", "coordinates": [[[-118.599148630832, 34.2016725735018], [-118.602964965213, 34.1961541520092], [-118.610624643621, 34.19614077926], [-118.614468985676, 34.201645822322], [-118.610653152555, 34.2071645938412], [-118.602992477915, 34.207177972271], [-118.599148630832, 34.2016725735018]]]}}, {"type": "Feature", "properties": {"OBJECTID": 1691, "GRID_ID": null, "has_data": false}, "geometry": {"type": "Polygon", "coordinates": [[[-118.58767112684, 34.2072033004975], [-118.591488454758, 34.2016852350998], [-118.599148630832, 34.2016725735018], [-118.602992477915, 34.207177972271], [-118.599175652156, 34.2126963867847], [-118.591514478951, 34.2127090534126], [-118.58767112684, 34.2072033004975]]]}}, {"type": "Feature", "properties": {"OBJECTID": 1692, "GRID_ID": null, "has_data": false}, "geometry": {"type": "Polygon", "coordinates": [[[-118.58767112684, 34.2072033004975], [-118.591488454758, 34.2016852350998], [-118.599148630832, 34.2016725735018], [-118.602992477915, 34.207177972271], [-118.599175652156, 34.2126963867847], [-118.591514478951, 34.2127090534126], [-118.58767112684, 34.2072033004975]]]}}, {"type": "Feature", "properties": {"OBJECTID": 1693, "GRID_ID": null, "has_data": false}, "geometry": {"type": "Polygon", "coordinates": [[[-118.58767112684, 34.2072033004975], [-118.591488454758, 34.2016852350998], [-118.599148630832, 34.2016725735018], [-118.602992477915, 34.207177972271], [-118.599175652156, 34.2126963867847], [-118.591514478951, 34.2127090534126], [-118.58767112684, 34.2072033004975]]]}}, {"type": "Feature", "properties": {"OBJECTID": 1694, "GRID_ID": null, "has_data": false}, "geometry": {"type": "Polygon", "coordinates": [[[-118.58767112684, 34.2072033004975], [-118.591488454758, 34.2016852350998], [-118.599148630832, 34.2016725735018], [-118.602992477915, 34.207177972271], [-118.599175652156, 34.2126963867847], [-118.591514478951, 34.2127090534126], [-118.58767112684, 34.2072033004975]]]}}, {"type": "Feature", "properties": {"OBJECTID": 1695, "GRID_ID": null, "has_data": false}, "geometry": {"type": "Polygon", "coordinates": [[[-118.3464391628, 34.058526742845], [-118.350265467582, 34.0530160046448], [-118.357912230013, 34.0530183275177], [-118.361733677605, 34.058531389777], [-118.357907866896, 34.0640424786022], [-118.350260114521, 34.0640401545431], [-118.3464391628, 34.058526742845]]]}}, {"type": "Feature", "properties": {"OBJECTID": 1696, "GRID_ID": null, "has_data": false}, "geometry": {"type": "Polygon", "coordinates": [[[-118.57616810171, 34.2017091295703], [-118.579985930888, 34.1961914141035], [-118.587645608398, 34.1961794694308], [-118.591488454758, 34.2016852350998], [-118.58767112684, 34.2072033004975], [-118.5800104522, 34.2072152502947], [-118.57616810171, 34.2017091295703]]]}}, {"type": "Feature", "properties": {"OBJECTID": 1697, "GRID_ID": null, "has_data": false}, "geometry": {"type": "Polygon", "coordinates": [[[-118.208670001346, 34.1135199090399], [-118.212507726411, 34.1080135199576], [-118.220159447542, 34.108024388199], [-118.22397443445, 34.1135416500563], [-118.220137202561, 34.1190483924767], [-118.212484488791, 34.1190375197022], [-118.208670001346, 34.1135199090399]]]}}, {"type": "Feature", "properties": {"OBJECTID": 1698, "GRID_ID": null, "has_data": false}, "geometry": {"type": "Polygon", "coordinates": [[[-118.564689102023, 34.2072377205148], [-118.568507924738, 34.2017203631861], [-118.57616810171, 34.2017091295703], [-118.5800104522, 34.2072152502947], [-118.576192130746, 34.2127329581297], [-118.568530956643, 34.2127441954764], [-118.564689102023, 34.2072377205148]]]}}, {"type": "Feature", "properties": {"OBJECTID": 1699, "GRID_ID": null, "has_data": false}, "geometry": {"type": "Polygon", "coordinates": [[[-118.553187573487, 34.2017414009509], [-118.557006897461, 34.196224392715], [-118.564666574971, 34.196213876117], [-118.568507924738, 34.2017203631861], [-118.564689102023, 34.2072377205148], [-118.557028427384, 34.2072482416811], [-118.553187573487, 34.2017414009509]]]}}, {"type": "Feature", "properties": {"OBJECTID": 1700, "GRID_ID": null, "has_data": false}, "geometry": {"type": "Polygon", "coordinates": [[[-118.334964607977, 34.06403408505], [-118.338791904499, 34.0585237086452], [-118.3464391628, 34.058526742845], [-118.350260114521, 34.0640401545431], [-118.346433312971, 34.0695508821512], [-118.338785064726, 34.0695478468579], [-118.334964607977, 34.06403408505]]]}}, {"type": "Feature", "properties": {"OBJECTID": 1701, "GRID_ID": null, "has_data": false}, "geometry": {"type": "Polygon", "coordinates": [[[-118.323497388796, 34.0585162195224], [-118.327325179392, 34.0530061936508], [-118.334971941823, 34.0530099373393], [-118.338791904499, 34.0585237086452], [-118.334964607977, 34.06403408505], [-118.327316856501, 34.0640303396159], [-118.323497388796, 34.0585162195224]]]}}, {"type": "Feature", "properties": {"OBJECTID": 1702, "GRID_ID": null, "has_data": false}, "geometry": {"type": "Polygon", "coordinates": [[[-118.541707079901, 34.207267855384], [-118.545527397412, 34.2017512051003], [-118.553187573487, 34.2017414009509], [-118.557028427384, 34.2072482416811], [-118.553208611132, 34.2127652423757], [-118.545547437928, 34.2127750511858], [-118.541707079901, 34.207267855384]]]}}, {"type": "Feature", "properties": {"OBJECTID": 1703, "GRID_ID": null, "has_data": false}, "geometry": {"type": "Polygon", "coordinates": [[[-118.53020704706, 34.2017693861628], [-118.534027866729, 34.1962530863627], [-118.54168754334, 34.1962439978377], [-118.545527397412, 34.2017512051003], [-118.541707079901, 34.207267855384], [-118.534046405262, 34.207276947921], [-118.53020704706, 34.2017693861628]]]}}, {"type": "Feature", "properties": {"OBJECTID": 1704, "GRID_ID": null, "has_data": false}, "geometry": {"type": "Polygon", "coordinates": [[[-118.53020704706, 34.2017693861628], [-118.534027866729, 34.1962530863627], [-118.54168754334, 34.1962439978377], [-118.545527397412, 34.2017512051003], [-118.541707079901, 34.207267855384], [-118.534046405262, 34.207276947921], [-118.53020704706, 34.2017693861628]]]}}, {"type": "Feature", "properties": {"OBJECTID": 1705, "GRID_ID": null, "has_data": false}, "geometry": {"type": "Polygon", "coordinates": [[[-118.53020704706, 34.2017693861628], [-118.534027866729, 34.1962530863627], [-118.54168754334, 34.1962439978377], [-118.545527397412, 34.2017512051003], [-118.541707079901, 34.207267855384], [-118.534046405262, 34.207276947921], [-118.53020704706, 34.2017693861628]]]}}, {"type": "Feature", "properties": {"OBJECTID": 1706, "GRID_ID": null, "has_data": false}, "geometry": {"type": "Polygon", "coordinates": [[[-118.53020704706, 34.2017693861628], [-118.534027866729, 34.1962530863627], [-118.54168754334, 34.1962439978377], [-118.545527397412, 34.2017512051003], [-118.541707079901, 34.207267855384], [-118.534046405262, 34.207276947921], [-118.53020704706, 34.2017693861628]]]}}, {"type": "Feature", "properties": {"OBJECTID": 1707, "GRID_ID": null, "has_data": false}, "geometry": {"type": "Polygon", "coordinates": [[[-118.53020704706, 34.2017693861628], [-118.534027866729, 34.1962530863627], [-118.54168754334, 34.1962439978377], [-118.545527397412, 34.2017512051003], [-118.541707079901, 34.207267855384], [-118.534046405262, 34.207276947921], [-118.53020704706, 34.2017693861628]]]}}, {"type": "Feature", "properties": {"OBJECTID": 1708, "GRID_ID": null, "has_data": false}, "geometry": {"type": "Polygon", "coordinates": [[[-118.53020704706, 34.2017693861628], [-118.534027866729, 34.1962530863627], [-118.54168754334, 34.1962439978377], [-118.545527397412, 34.2017512051003], [-118.541707079901, 34.207267855384], [-118.534046405262, 34.207276947921], [-118.53020704706, 34.2017693861628]]]}}, {"type": "Feature", "properties": {"OBJECTID": 1709, "GRID_ID": null, "has_data": false}, "geometry": {"type": "Polygon", "coordinates": [[[-118.53020704706, 34.2017693861628], [-118.534027866729, 34.1962530863627], [-118.54168754334, 34.1962439978377], [-118.545527397412, 34.2017512051003], [-118.541707079901, 34.207267855384], [-118.534046405262, 34.207276947921], [-118.53020704706, 34.2017693861628]]]}}, {"type": "Feature", "properties": {"OBJECTID": 1710, "GRID_ID": null, "has_data": false}, "geometry": {"type": "Polygon", "coordinates": [[[-118.53020704706, 34.2017693861628], [-118.534027866729, 34.1962530863627], [-118.54168754334, 34.1962439978377], [-118.545527397412, 34.2017512051003], [-118.541707079901, 34.207267855384], [-118.534046405262, 34.207276947921], [-118.53020704706, 34.2017693861628]]]}}, {"type": "Feature", "properties": {"OBJECTID": 1711, "GRID_ID": null, "has_data": false}, "geometry": {"type": "Polygon", "coordinates": [[[-118.53020704706, 34.2017693861628], [-118.534027866729, 34.1962530863627], [-118.54168754334, 34.1962439978377], [-118.545527397412, 34.2017512051003], [-118.541707079901, 34.207267855384], [-118.534046405262, 34.207276947921], [-118.53020704706, 34.2017693861628]]]}}, {"type": "Feature", "properties": {"OBJECTID": 1712, "GRID_ID": null, "has_data": false}, "geometry": {"type": "Polygon", "coordinates": [[[-118.53020704706, 34.2017693861628], [-118.534027866729, 34.1962530863627], [-118.54168754334, 34.1962439978377], [-118.545527397412, 34.2017512051003], [-118.541707079901, 34.207267855384], [-118.534046405262, 34.207276947921], [-118.53020704706, 34.2017693861628]]]}}, {"type": "Feature", "properties": {"OBJECTID": 1713, "GRID_ID": null, "has_data": false}, "geometry": {"type": "Polygon", "coordinates": [[[-118.53020704706, 34.2017693861628], [-118.534027866729, 34.1962530863627], [-118.54168754334, 34.1962439978377], [-118.545527397412, 34.2017512051003], [-118.541707079901, 34.207267855384], [-118.534046405262, 34.207276947921], [-118.53020704706, 34.2017693861628]]]}}, {"type": "Feature", "properties": {"OBJECTID": 1714, "GRID_ID": null, "has_data": false}, "geometry": {"type": "Polygon", "coordinates": [[[-118.53020704706, 34.2017693861628], [-118.534027866729, 34.1962530863627], [-118.54168754334, 34.1962439978377], [-118.545527397412, 34.2017512051003], [-118.541707079901, 34.207267855384], [-118.534046405262, 34.207276947921], [-118.53020704706, 34.2017693861628]]]}}, {"type": "Feature", "properties": {"OBJECTID": 1715, "GRID_ID": null, "has_data": false}, "geometry": {"type": "Polygon", "coordinates": [[[-118.197179063049, 34.1190143507224], [-118.201017784345, 34.1135083267699], [-118.208670001346, 34.1135199090399], [-118.212484488791, 34.1190375197022], [-118.208646261568, 34.1245438968267], [-118.200993051031, 34.1245323101174], [-118.197179063049, 34.1190143507224]]]}}, {"type": "Feature", "properties": {"OBJECTID": 1716, "GRID_ID": null, "has_data": false}, "geometry": {"type": "Polygon", "coordinates": [[[-118.518725058678, 34.2072937043669], [-118.522546871884, 34.2017777630762], [-118.53020704706, 34.2017693861628], [-118.534046405262, 34.207276947921], [-118.530225092417, 34.2127932395278], [-118.522563920111, 34.2128016190599], [-118.518725058678, 34.2072937043669]]]}}, {"type": "Feature", "properties": {"OBJECTID": 1717, "GRID_ID": null, "has_data": false}, "geometry": {"type": "Polygon", "coordinates": [[[-118.518725058678, 34.2072937043669], [-118.522546871884, 34.2017777630762], [-118.53020704706, 34.2017693861628], [-118.534046405262, 34.207276947921], [-118.530225092417, 34.2127932395278], [-118.522563920111, 34.2128016190599], [-118.518725058678, 34.2072937043669]]]}}, {"type": "Feature", "properties": {"OBJECTID": 1718, "GRID_ID": null, "has_data": false}, "geometry": {"type": "Polygon", "coordinates": [[[-118.312021349956, 34.0640214281165], [-118.315850132292, 34.0585117645992], [-118.323497388796, 34.0585162195224], [-118.327316856501, 34.0640303396159], [-118.323488568238, 34.0695403549887], [-118.315840320892, 34.0695358984127], [-118.312021349956, 34.0640214281165]]]}}, {"type": "Feature", "properties": {"OBJECTID": 1719, "GRID_ID": null, "has_data": false}, "geometry": {"type": "Polygon", "coordinates": [[[-118.50722652243, 34.201793087439], [-118.511048836896, 34.196277496537], [-118.518708513507, 34.1962698360837], [-118.522546871884, 34.2017777630762], [-118.518725058678, 34.2072937043669], [-118.511064384937, 34.2073013675331], [-118.50722652243, 34.201793087439]]]}}, {"type": "Feature", "properties": {"OBJECTID": 1720, "GRID_ID": null, "has_data": false}, "geometry": {"type": "Polygon", "coordinates": [[[-118.495743038353, 34.2073152667243], [-118.499566347254, 34.2018000348887], [-118.50722652243, 34.201793087439], [-118.511064384937, 34.2073013675331], [-118.507241575499, 34.2128169503329], [-118.499580403193, 34.2128239005883], [-118.495743038353, 34.2073152667243]]]}}, {"type": "Feature", "properties": {"OBJECTID": 1721, "GRID_ID": null, "has_data": false}, "geometry": {"type": "Polygon", "coordinates": [[[-118.30055561569, 34.0585014340289], [-118.304384891202, 34.0529921216974], [-118.312031653632, 34.0529972862021], [-118.315850132292, 34.0585117645992], [-118.312021349956, 34.0640214281165], [-118.304373597582, 34.0640162620509], [-118.30055561569, 34.0585014340289]]]}}, {"type": "Feature", "properties": {"OBJECTID": 1722, "GRID_ID": null, "has_data": false}, "geometry": {"type": "Polygon", "coordinates": [[[-118.30055561569, 34.0585014340289], [-118.304384891202, 34.0529921216974], [-118.312031653632, 34.0529972862021], [-118.315850132292, 34.0585117645992], [-118.312021349956, 34.0640214281165], [-118.304373597582, 34.0640162620509], [-118.30055561569, 34.0585014340289]]]}}, {"type": "Feature", "properties": {"OBJECTID": 1723, "GRID_ID": null, "has_data": false}, "geometry": {"type": "Polygon", "coordinates": [[[-118.30055561569, 34.0585014340289], [-118.304384891202, 34.0529921216974], [-118.312031653632, 34.0529972862021], [-118.315850132292, 34.0585117645992], [-118.312021349956, 34.0640214281165], [-118.304373597582, 34.0640162620509], [-118.30055561569, 34.0585014340289]]]}}, {"type": "Feature", "properties": {"OBJECTID": 1724, "GRID_ID": null, "has_data": false}, "geometry": {"type": "Polygon", "coordinates": [[[-118.30055561569, 34.0585014340289], [-118.304384891202, 34.0529921216974], [-118.312031653632, 34.0529972862021], [-118.315850132292, 34.0585117645992], [-118.312021349956, 34.0640214281165], [-118.304373597582, 34.0640162620509], [-118.30055561569, 34.0585014340289]]]}}, {"type": "Feature", "properties": {"OBJECTID": 1725, "GRID_ID": null, "has_data": false}, "geometry": {"type": "Polygon", "coordinates": [[[-118.30055561569, 34.0585014340289], [-118.304384891202, 34.0529921216974], [-118.312031653632, 34.0529972862021], [-118.315850132292, 34.0585117645992], [-118.312021349956, 34.0640214281165], [-118.304373597582, 34.0640162620509], [-118.30055561569, 34.0585014340289]]]}}, {"type": "Feature", "properties": {"OBJECTID": 1726, "GRID_ID": null, "has_data": false}, "geometry": {"type": "Polygon", "coordinates": [[[-118.30055561569, 34.0585014340289], [-118.304384891202, 34.0529921216974], [-118.312031653632, 34.0529972862021], [-118.315850132292, 34.0585117645992], [-118.312021349956, 34.0640214281165], [-118.304373597582, 34.0640162620509], [-118.30055561569, 34.0585014340289]]]}}, {"type": "Feature", "properties": {"OBJECTID": 1727, "GRID_ID": null, "has_data": false}, "geometry": {"type": "Polygon", "coordinates": [[[-118.30055561569, 34.0585014340289], [-118.304384891202, 34.0529921216974], [-118.312031653632, 34.0529972862021], [-118.315850132292, 34.0585117645992], [-118.312021349956, 34.0640214281165], [-118.304373597582, 34.0640162620509], [-118.30055561569, 34.0585014340289]]]}}, {"type": "Feature", "properties": {"OBJECTID": 1728, "GRID_ID": null, "has_data": false}, "geometry": {"type": "Polygon", "coordinates": [[[-118.30055561569, 34.0585014340289], [-118.304384891202, 34.0529921216974], [-118.312031653632, 34.0529972862021], [-118.315850132292, 34.0585117645992], [-118.312021349956, 34.0640214281165], [-118.304373597582, 34.0640162620509], [-118.30055561569, 34.0585014340289]]]}}, {"type": "Feature", "properties": {"OBJECTID": 1729, "GRID_ID": null, "has_data": false}, "geometry": {"type": "Polygon", "coordinates": [[[-118.30055561569, 34.0585014340289], [-118.304384891202, 34.0529921216974], [-118.312031653632, 34.0529972862021], [-118.315850132292, 34.0585117645992], [-118.312021349956, 34.0640214281165], [-118.304373597582, 34.0640162620509], [-118.30055561569, 34.0585014340289]]]}}, {"type": "Feature", "properties": {"OBJECTID": 1730, "GRID_ID": null, "has_data": false}, "geometry": {"type": "Polygon", "coordinates": [[[-118.30055561569, 34.0585014340289], [-118.304384891202, 34.0529921216974], [-118.312031653632, 34.0529972862021], [-118.315850132292, 34.0585117645992], [-118.312021349956, 34.0640214281165], [-118.304373597582, 34.0640162620509], [-118.30055561569, 34.0585014340289]]]}}, {"type": "Feature", "properties": {"OBJECTID": 1731, "GRID_ID": null, "has_data": false}, "geometry": {"type": "Polygon", "coordinates": [[[-118.30055561569, 34.0585014340289], [-118.304384891202, 34.0529921216974], [-118.312031653632, 34.0529972862021], [-118.315850132292, 34.0585117645992], [-118.312021349956, 34.0640214281165], [-118.304373597582, 34.0640162620509], [-118.30055561569, 34.0585014340289]]]}}, {"type": "Feature", "properties": {"OBJECTID": 1732, "GRID_ID": null, "has_data": false}, "geometry": {"type": "Polygon", "coordinates": [[[-118.30055561569, 34.0585014340289], [-118.304384891202, 34.0529921216974], [-118.312031653632, 34.0529972862021], [-118.315850132292, 34.0585117645992], [-118.312021349956, 34.0640214281165], [-118.304373597582, 34.0640162620509], [-118.30055561569, 34.0585014340289]]]}}, {"type": "Feature", "properties": {"OBJECTID": 1733, "GRID_ID": null, "has_data": false}, "geometry": {"type": "Polygon", "coordinates": [[[-118.484245998698, 34.2018125025541], [-118.48806980796, 34.1962976224986], [-118.495729484572, 34.1962913893728], [-118.499566347254, 34.2018000348887], [-118.495743038353, 34.2073152667243], [-118.488082364611, 34.2073215020068], [-118.484245998698, 34.2018125025541]]]}}, {"type": "Feature", "properties": {"OBJECTID": 1734, "GRID_ID": null, "has_data": false}, "geometry": {"type": "Polygon", "coordinates": [[[-118.472761018027, 34.2073325432027], [-118.476585823522, 34.2018180227702], [-118.484245998698, 34.2018125025541], [-118.488082364611, 34.2073215020068], [-118.484258059479, 34.2128363733091], [-118.476596888071, 34.2128418957746], [-118.472761018027, 34.2073325432027]]]}}, {"type": "Feature", "properties": {"OBJECTID": 1735, "GRID_ID": null, "has_data": false}, "geometry": {"type": "Polygon", "coordinates": [[[-118.185713348547, 34.1134837387056], [-118.189552564815, 34.1079780687442], [-118.197204285946, 34.1079903598585], [-118.201017784345, 34.1135083267699], [-118.197179063049, 34.1190143507224], [-118.189526348381, 34.119002053773], [-118.185713348547, 34.1134837387056]]]}}, {"type": "Feature", "properties": {"OBJECTID": 1736, "GRID_ID": null, "has_data": false}, "geometry": {"type": "Polygon", "coordinates": [[[-118.185713348547, 34.1134837387056], [-118.189552564815, 34.1079780687442], [-118.197204285946, 34.1079903598585], [-118.201017784345, 34.1135083267699], [-118.197179063049, 34.1190143507224], [-118.189526348381, 34.119002053773], [-118.185713348547, 34.1134837387056]]]}}, {"type": "Feature", "properties": {"OBJECTID": 1737, "GRID_ID": null, "has_data": false}, "geometry": {"type": "Polygon", "coordinates": [[[-118.185713348547, 34.1134837387056], [-118.189552564815, 34.1079780687442], [-118.197204285946, 34.1079903598585], [-118.201017784345, 34.1135083267699], [-118.197179063049, 34.1190143507224], [-118.189526348381, 34.119002053773], [-118.185713348547, 34.1134837387056]]]}}, {"type": "Feature", "properties": {"OBJECTID": 1738, "GRID_ID": null, "has_data": false}, "geometry": {"type": "Polygon", "coordinates": [[[-118.185713348547, 34.1134837387056], [-118.189552564815, 34.1079780687442], [-118.197204285946, 34.1079903598585], [-118.201017784345, 34.1135083267699], [-118.197179063049, 34.1190143507224], [-118.189526348381, 34.119002053773], [-118.185713348547, 34.1134837387056]]]}}, {"type": "Feature", "properties": {"OBJECTID": 1739, "GRID_ID": null, "has_data": false}, "geometry": {"type": "Polygon", "coordinates": [[[-118.185713348547, 34.1134837387056], [-118.189552564815, 34.1079780687442], [-118.197204285946, 34.1079903598585], [-118.201017784345, 34.1135083267699], [-118.197179063049, 34.1190143507224], [-118.189526348381, 34.119002053773], [-118.185713348547, 34.1134837387056]]]}}, {"type": "Feature", "properties": {"OBJECTID": 1740, "GRID_ID": null, "has_data": false}, "geometry": {"type": "Polygon", "coordinates": [[[-118.461265474966, 34.2018276337403], [-118.465090780822, 34.1963134635076], [-118.472750455636, 34.1963086591944], [-118.476585823522, 34.2018180227702], [-118.472761018027, 34.2073325432027], [-118.465100346083, 34.2073373498594], [-118.461265474966, 34.2018276337403]]]}}, {"type": "Feature", "properties": {"OBJECTID": 1741, "GRID_ID": null, "has_data": false}, "geometry": {"type": "Polygon", "coordinates": [[[-118.461265474966, 34.2018276337403], [-118.465090780822, 34.1963134635076], [-118.472750455636, 34.1963086591944], [-118.476585823522, 34.2018180227702], [-118.472761018027, 34.2073325432027], [-118.465100346083, 34.2073373498594], [-118.461265474966, 34.2018276337403]]]}}, {"type": "Feature", "properties": {"OBJECTID": 1742, "GRID_ID": null, "has_data": false}, "geometry": {"type": "Polygon", "coordinates": [[[-118.461265474966, 34.2018276337403], [-118.465090780822, 34.1963134635076], [-118.472750455636, 34.1963086591944], [-118.476585823522, 34.2018180227702], [-118.472761018027, 34.2073325432027], [-118.465100346083, 34.2073373498594], [-118.461265474966, 34.2018276337403]]]}}, {"type": "Feature", "properties": {"OBJECTID": 1743, "GRID_ID": null, "has_data": false}, "geometry": {"type": "Polygon", "coordinates": [[[-118.461265474966, 34.2018276337403], [-118.465090780822, 34.1963134635076], [-118.472750455636, 34.1963086591944], [-118.476585823522, 34.2018180227702], [-118.472761018027, 34.2073325432027], [-118.465100346083, 34.2073373498594], [-118.461265474966, 34.2018276337403]]]}}, {"type": "Feature", "properties": {"OBJECTID": 1744, "GRID_ID": null, "has_data": false}, "geometry": {"type": "Polygon", "coordinates": [[[-118.449778999499, 34.2073455338046], [-118.453605301586, 34.2018317244945], [-118.461265474966, 34.2018276337403], [-118.465100346083, 34.2073373498594], [-118.461274543459, 34.2128515106878], [-118.453613372949, 34.2128556038785], [-118.449778999499, 34.2073455338046]]]}}, {"type": "Feature", "properties": {"OBJECTID": 1745, "GRID_ID": null, "has_data": false}, "geometry": {"type": "Polygon", "coordinates": [[[-118.438284952132, 34.2018384787707], [-118.442111753683, 34.1963250210523], [-118.449771428498, 34.196321644808], [-118.453605301586, 34.2018317244945], [-118.449778999499, 34.2073455338046], [-118.442118327554, 34.2073489118362], [-118.438284952132, 34.2018384787707]]]}}, {"type": "Feature", "properties": {"OBJECTID": 1746, "GRID_ID": null, "has_data": false}, "geometry": {"type": "Polygon", "coordinates": [[[-118.438284952132, 34.2018384787707], [-118.442111753683, 34.1963250210523], [-118.449771428498, 34.196321644808], [-118.453605301586, 34.2018317244945], [-118.449778999499, 34.2073455338046], [-118.442118327554, 34.2073489118362], [-118.438284952132, 34.2018384787707]]]}}, {"type": "Feature", "properties": {"OBJECTID": 1747, "GRID_ID": null, "has_data": false}, "geometry": {"type": "Polygon", "coordinates": [[[-118.438284952132, 34.2018384787707], [-118.442111753683, 34.1963250210523], [-118.449771428498, 34.196321644808], [-118.453605301586, 34.2018317244945], [-118.449778999499, 34.2073455338046], [-118.442118327554, 34.2073489118362], [-118.438284952132, 34.2018384787707]]]}}, {"type": "Feature", "properties": {"OBJECTID": 1748, "GRID_ID": null, "has_data": false}, "geometry": {"type": "Polygon", "coordinates": [[[-118.289078091037, 34.0640045085437], [-118.292908358288, 34.0584955591257], [-118.30055561569, 34.0585014340289], [-118.304373597582, 34.0640162620509], [-118.300543823506, 34.0695255632331], [-118.29289557616, 34.0695196853736], [-118.289078091037, 34.0640045085437]]]}}, {"type": "Feature", "properties": {"OBJECTID": 1749, "GRID_ID": null, "has_data": false}, "geometry": {"type": "Polygon", "coordinates": [[[-118.289078091037, 34.0640045085437], [-118.292908358288, 34.0584955591257], [-118.30055561569, 34.0585014340289], [-118.304373597582, 34.0640162620509], [-118.300543823506, 34.0695255632331], [-118.29289557616, 34.0695196853736], [-118.289078091037, 34.0640045085437]]]}}, {"type": "Feature", "properties": {"OBJECTID": 1750, "GRID_ID": null, "has_data": false}, "geometry": {"type": "Polygon", "coordinates": [[[-118.289078091037, 34.0640045085437], [-118.292908358288, 34.0584955591257], [-118.30055561569, 34.0585014340289], [-118.304373597582, 34.0640162620509], [-118.300543823506, 34.0695255632331], [-118.29289557616, 34.0695196853736], [-118.289078091037, 34.0640045085437]]]}}, {"type": "Feature", "properties": {"OBJECTID": 1751, "GRID_ID": null, "has_data": false}, "geometry": {"type": "Polygon", "coordinates": [[[-118.289078091037, 34.0640045085437], [-118.292908358288, 34.0584955591257], [-118.30055561569, 34.0585014340289], [-118.304373597582, 34.0640162620509], [-118.300543823506, 34.0695255632331], [-118.29289557616, 34.0695196853736], [-118.289078091037, 34.0640045085437]]]}}, {"type": "Feature", "properties": {"OBJECTID": 1752, "GRID_ID": null, "has_data": false}, "geometry": {"type": "Polygon", "coordinates": [[[-118.289078091037, 34.0640045085437], [-118.292908358288, 34.0584955591257], [-118.30055561569, 34.0585014340289], [-118.304373597582, 34.0640162620509], [-118.300543823506, 34.0695255632331], [-118.29289557616, 34.0695196853736], [-118.289078091037, 34.0640045085437]]]}}, {"type": "Feature", "properties": {"OBJECTID": 1753, "GRID_ID": null, "has_data": false}, "geometry": {"type": "Polygon", "coordinates": [[[-118.289078091037, 34.0640045085437], [-118.292908358288, 34.0584955591257], [-118.30055561569, 34.0585014340289], [-118.304373597582, 34.0640162620509], [-118.300543823506, 34.0695255632331], [-118.29289557616, 34.0695196853736], [-118.289078091037, 34.0640045085437]]]}}, {"type": "Feature", "properties": {"OBJECTID": 1754, "GRID_ID": null, "has_data": false}, "geometry": {"type": "Polygon", "coordinates": [[[-118.289078091037, 34.0640045085437], [-118.292908358288, 34.0584955591257], [-118.30055561569, 34.0585014340289], [-118.304373597582, 34.0640162620509], [-118.300543823506, 34.0695255632331], [-118.29289557616, 34.0695196853736], [-118.289078091037, 34.0640045085437]]]}}, {"type": "Feature", "properties": {"OBJECTID": 1755, "GRID_ID": null, "has_data": false}, "geometry": {"type": "Polygon", "coordinates": [[[-118.289078091037, 34.0640045085437], [-118.292908358288, 34.0584955591257], [-118.30055561569, 34.0585014340289], [-118.304373597582, 34.0640162620509], [-118.300543823506, 34.0695255632331], [-118.29289557616, 34.0695196853736], [-118.289078091037, 34.0640045085437]]]}}, {"type": "Feature", "properties": {"OBJECTID": 1756, "GRID_ID": null, "has_data": false}, "geometry": {"type": "Polygon", "coordinates": [[[-118.289078091037, 34.0640045085437], [-118.292908358288, 34.0584955591257], [-118.30055561569, 34.0585014340289], [-118.304373597582, 34.0640162620509], [-118.300543823506, 34.0695255632331], [-118.29289557616, 34.0695196853736], [-118.289078091037, 34.0640045085437]]]}}, {"type": "Feature", "properties": {"OBJECTID": 1757, "GRID_ID": null, "has_data": false}, "geometry": {"type": "Polygon", "coordinates": [[[-118.289078091037, 34.0640045085437], [-118.292908358288, 34.0584955591257], [-118.30055561569, 34.0585014340289], [-118.304373597582, 34.0640162620509], [-118.300543823506, 34.0695255632331], [-118.29289557616, 34.0695196853736], [-118.289078091037, 34.0640045085437]]]}}, {"type": "Feature", "properties": {"OBJECTID": 1758, "GRID_ID": null, "has_data": false}, "geometry": {"type": "Polygon", "coordinates": [[[-118.289078091037, 34.0640045085437], [-118.292908358288, 34.0584955591257], [-118.30055561569, 34.0585014340289], [-118.304373597582, 34.0640162620509], [-118.300543823506, 34.0695255632331], [-118.29289557616, 34.0695196853736], [-118.289078091037, 34.0640045085437]]]}}, {"type": "Feature", "properties": {"OBJECTID": 1759, "GRID_ID": null, "has_data": false}, "geometry": {"type": "Polygon", "coordinates": [[[-118.289078091037, 34.0640045085437], [-118.292908358288, 34.0584955591257], [-118.30055561569, 34.0585014340289], [-118.304373597582, 34.0640162620509], [-118.300543823506, 34.0695255632331], [-118.29289557616, 34.0695196853736], [-118.289078091037, 34.0640045085437]]]}}, {"type": "Feature", "properties": {"OBJECTID": 1760, "GRID_ID": null, "has_data": false}, "geometry": {"type": "Polygon", "coordinates": [[[-118.289078091037, 34.0640045085437], [-118.292908358288, 34.0584955591257], [-118.30055561569, 34.0585014340289], [-118.304373597582, 34.0640162620509], [-118.300543823506, 34.0695255632331], [-118.29289557616, 34.0695196853736], [-118.289078091037, 34.0640045085437]]]}}, {"type": "Feature", "properties": {"OBJECTID": 1761, "GRID_ID": null, "has_data": false}, "geometry": {"type": "Polygon", "coordinates": [[[-118.289078091037, 34.0640045085437], [-118.292908358288, 34.0584955591257], [-118.30055561569, 34.0585014340289], [-118.304373597582, 34.0640162620509], [-118.300543823506, 34.0695255632331], [-118.29289557616, 34.0695196853736], [-118.289078091037, 34.0640045085437]]]}}, {"type": "Feature", "properties": {"OBJECTID": 1762, "GRID_ID": null, "has_data": false}, "geometry": {"type": "Polygon", "coordinates": [[[-118.289078091037, 34.0640045085437], [-118.292908358288, 34.0584955591257], [-118.30055561569, 34.0585014340289], [-118.304373597582, 34.0640162620509], [-118.300543823506, 34.0695255632331], [-118.29289557616, 34.0695196853736], [-118.289078091037, 34.0640045085437]]]}}, {"type": "Feature", "properties": {"OBJECTID": 1763, "GRID_ID": null, "has_data": false}, "geometry": {"type": "Polygon", "coordinates": [[[-118.289078091037, 34.0640045085437], [-118.292908358288, 34.0584955591257], [-118.30055561569, 34.0585014340289], [-118.304373597582, 34.0640162620509], [-118.300543823506, 34.0695255632331], [-118.29289557616, 34.0695196853736], [-118.289078091037, 34.0640045085437]]]}}, {"type": "Feature", "properties": {"OBJECTID": 1764, "GRID_ID": null, "has_data": false}, "geometry": {"type": "Polygon", "coordinates": [[[-118.289078091037, 34.0640045085437], [-118.292908358288, 34.0584955591257], [-118.30055561569, 34.0585014340289], [-118.304373597582, 34.0640162620509], [-118.300543823506, 34.0695255632331], [-118.29289557616, 34.0695196853736], [-118.289078091037, 34.0640045085437]]]}}, {"type": "Feature", "properties": {"OBJECTID": 1765, "GRID_ID": null, "has_data": false}, "geometry": {"type": "Polygon", "coordinates": [[[-118.289078091037, 34.0640045085437], [-118.292908358288, 34.0584955591257], [-118.30055561569, 34.0585014340289], [-118.304373597582, 34.0640162620509], [-118.300543823506, 34.0695255632331], [-118.29289557616, 34.0695196853736], [-118.289078091037, 34.0640045085437]]]}}, {"type": "Feature", "properties": {"OBJECTID": 1766, "GRID_ID": null, "has_data": false}, "geometry": {"type": "Polygon", "coordinates": [[[-118.289078091037, 34.0640045085437], [-118.292908358288, 34.0584955591257], [-118.30055561569, 34.0585014340289], [-118.304373597582, 34.0640162620509], [-118.300543823506, 34.0695255632331], [-118.29289557616, 34.0695196853736], [-118.289078091037, 34.0640045085437]]]}}, {"type": "Feature", "properties": {"OBJECTID": 1767, "GRID_ID": null, "has_data": false}, "geometry": {"type": "Polygon", "coordinates": [[[-118.426796981869, 34.2073542392749], [-118.430624778753, 34.2018411422927], [-118.438284952132, 34.2018384787707], [-118.442118327554, 34.2073489118362], [-118.438291029235, 34.2128623602428], [-118.430629858726, 34.2128650249022], [-118.426796981869, 34.2073542392749]]]}}, {"type": "Feature", "properties": {"OBJECTID": 1768, "GRID_ID": null, "has_data": false}, "geometry": {"type": "Polygon", "coordinates": [[[-118.426796981869, 34.2073542392749], [-118.430624778753, 34.2018411422927], [-118.438284952132, 34.2018384787707], [-118.442118327554, 34.2073489118362], [-118.438291029235, 34.2128623602428], [-118.430629858726, 34.2128650249022], [-118.426796981869, 34.2073542392749]]]}}, {"type": "Feature", "properties": {"OBJECTID": 1769, "GRID_ID": null, "has_data": false}, "geometry": {"type": "Polygon", "coordinates": [[[-118.415304430197, 34.201845039133], [-118.419132725646, 34.1963322943916], [-118.426792402257, 34.1963303462156], [-118.430624778753, 34.2018411422927], [-118.426796981869, 34.2073542392749], [-118.419136309026, 34.2073561879391], [-118.415304430197, 34.201845039133]]]}}, {"type": "Feature", "properties": {"OBJECTID": 1770, "GRID_ID": null, "has_data": false}, "geometry": {"type": "Polygon", "coordinates": [[[-118.415304430197, 34.201845039133], [-118.419132725646, 34.1963322943916], [-118.426792402257, 34.1963303462156], [-118.430624778753, 34.2018411422927], [-118.426796981869, 34.2073542392749], [-118.419136309026, 34.2073561879391], [-118.415304430197, 34.201845039133]]]}}, {"type": "Feature", "properties": {"OBJECTID": 1771, "GRID_ID": null, "has_data": false}, "geometry": {"type": "Polygon", "coordinates": [[[-118.415304430197, 34.201845039133], [-118.419132725646, 34.1963322943916], [-118.426792402257, 34.1963303462156], [-118.430624778753, 34.2018411422927], [-118.426796981869, 34.2073542392749], [-118.419136309026, 34.2073561879391], [-118.415304430197, 34.201845039133]]]}}, {"type": "Feature", "properties": {"OBJECTID": 1772, "GRID_ID": null, "has_data": false}, "geometry": {"type": "Polygon", "coordinates": [[[-118.415304430197, 34.201845039133], [-118.419132725646, 34.1963322943916], [-118.426792402257, 34.1963303462156], [-118.430624778753, 34.2018411422927], [-118.426796981869, 34.2073542392749], [-118.419136309026, 34.2073561879391], [-118.415304430197, 34.201845039133]]]}}, {"type": "Feature", "properties": {"OBJECTID": 1773, "GRID_ID": null, "has_data": false}, "geometry": {"type": "Polygon", "coordinates": [[[-118.415304430197, 34.201845039133], [-118.419132725646, 34.1963322943916], [-118.426792402257, 34.1963303462156], [-118.430624778753, 34.2018411422927], [-118.426796981869, 34.2073542392749], [-118.419136309026, 34.2073561879391], [-118.415304430197, 34.201845039133]]]}}, {"type": "Feature", "properties": {"OBJECTID": 1774, "GRID_ID": null, "has_data": false}, "geometry": {"type": "Polygon", "coordinates": [[[-118.174220919944, 34.1189760371852], [-118.178061132444, 34.1134707329108], [-118.185713348547, 34.1134837387056], [-118.189526348381, 34.119002053773], [-118.185686629955, 34.1245077118725], [-118.178033419417, 34.1244947003366], [-118.174220919944, 34.1189760371852]]]}}, {"type": "Feature", "properties": {"OBJECTID": 1775, "GRID_ID": null, "has_data": false}, "geometry": {"type": "Polygon", "coordinates": [[[-118.403814964238, 34.207358658129], [-118.407644255919, 34.2018462739373], [-118.415304430197, 34.201845039133], [-118.419136309026, 34.2073561879391], [-118.415307515012, 34.2128689234614], [-118.407646343604, 34.2128701588471], [-118.403814964238, 34.207358658129]]]}}, {"type": "Feature", "properties": {"OBJECTID": 1776, "GRID_ID": null, "has_data": false}, "geometry": {"type": "Polygon", "coordinates": [[[-118.277613840788, 34.0584823871062], [-118.281444601215, 34.0529737887825], [-118.289091364544, 34.0529803733598], [-118.292908358288, 34.0584955591257], [-118.289078091037, 34.0640045085437], [-118.281430336866, 34.0639979211019], [-118.277613840788, 34.0584823871062]]]}}, {"type": "Feature", "properties": {"OBJECTID": 1777, "GRID_ID": null, "has_data": false}, "geometry": {"type": "Polygon", "coordinates": [[[-118.277613840788, 34.0584823871062], [-118.281444601215, 34.0529737887825], [-118.289091364544, 34.0529803733598], [-118.292908358288, 34.0584955591257], [-118.289078091037, 34.0640045085437], [-118.281430336866, 34.0639979211019], [-118.277613840788, 34.0584823871062]]]}}, {"type": "Feature", "properties": {"OBJECTID": 1778, "GRID_ID": null, "has_data": false}, "geometry": {"type": "Polygon", "coordinates": [[[-118.277613840788, 34.0584823871062], [-118.281444601215, 34.0529737887825], [-118.289091364544, 34.0529803733598], [-118.292908358288, 34.0584955591257], [-118.289078091037, 34.0640045085437], [-118.281430336866, 34.0639979211019], [-118.277613840788, 34.0584823871062]]]}}, {"type": "Feature", "properties": {"OBJECTID": 1779, "GRID_ID": null, "has_data": false}, "geometry": {"type": "Polygon", "coordinates": [[[-118.277613840788, 34.0584823871062], [-118.281444601215, 34.0529737887825], [-118.289091364544, 34.0529803733598], [-118.292908358288, 34.0584955591257], [-118.289078091037, 34.0640045085437], [-118.281430336866, 34.0639979211019], [-118.277613840788, 34.0584823871062]]]}}, {"type": "Feature", "properties": {"OBJECTID": 1780, "GRID_ID": null, "has_data": false}, "geometry": {"type": "Polygon", "coordinates": [[[-118.277613840788, 34.0584823871062], [-118.281444601215, 34.0529737887825], [-118.289091364544, 34.0529803733598], [-118.292908358288, 34.0584955591257], [-118.289078091037, 34.0640045085437], [-118.281430336866, 34.0639979211019], [-118.277613840788, 34.0584823871062]]]}}, {"type": "Feature", "properties": {"OBJECTID": 1781, "GRID_ID": null, "has_data": false}, "geometry": {"type": "Polygon", "coordinates": [[[-118.277613840788, 34.0584823871062], [-118.281444601215, 34.0529737887825], [-118.289091364544, 34.0529803733598], [-118.292908358288, 34.0584955591257], [-118.289078091037, 34.0640045085437], [-118.281430336866, 34.0639979211019], [-118.277613840788, 34.0584823871062]]]}}, {"type": "Feature", "properties": {"OBJECTID": 1782, "GRID_ID": null, "has_data": false}, "geometry": {"type": "Polygon", "coordinates": [[[-118.277613840788, 34.0584823871062], [-118.281444601215, 34.0529737887825], [-118.289091364544, 34.0529803733598], [-118.292908358288, 34.0584955591257], [-118.289078091037, 34.0640045085437], [-118.281430336866, 34.0639979211019], [-118.277613840788, 34.0584823871062]]]}}, {"type": "Feature", "properties": {"OBJECTID": 1783, "GRID_ID": null, "has_data": false}, "geometry": {"type": "Polygon", "coordinates": [[[-118.277613840788, 34.0584823871062], [-118.281444601215, 34.0529737887825], [-118.289091364544, 34.0529803733598], [-118.292908358288, 34.0584955591257], [-118.289078091037, 34.0640045085437], [-118.281430336866, 34.0639979211019], [-118.277613840788, 34.0584823871062]]]}}, {"type": "Feature", "properties": {"OBJECTID": 1784, "GRID_ID": null, "has_data": false}, "geometry": {"type": "Polygon", "coordinates": [[[-118.277613840788, 34.0584823871062], [-118.281444601215, 34.0529737887825], [-118.289091364544, 34.0529803733598], [-118.292908358288, 34.0584955591257], [-118.289078091037, 34.0640045085437], [-118.281430336866, 34.0639979211019], [-118.277613840788, 34.0584823871062]]]}}, {"type": "Feature", "properties": {"OBJECTID": 1785, "GRID_ID": null, "has_data": false}, "geometry": {"type": "Polygon", "coordinates": [[[-118.277613840788, 34.0584823871062], [-118.281444601215, 34.0529737887825], [-118.289091364544, 34.0529803733598], [-118.292908358288, 34.0584955591257], [-118.289078091037, 34.0640045085437], [-118.281430336866, 34.0639979211019], [-118.277613840788, 34.0584823871062]]]}}, {"type": "Feature", "properties": {"OBJECTID": 1786, "GRID_ID": null, "has_data": false}, "geometry": {"type": "Polygon", "coordinates": [[[-118.277613840788, 34.0584823871062], [-118.281444601215, 34.0529737887825], [-118.289091364544, 34.0529803733598], [-118.292908358288, 34.0584955591257], [-118.289078091037, 34.0640045085437], [-118.281430336866, 34.0639979211019], [-118.277613840788, 34.0584823871062]]]}}, {"type": "Feature", "properties": {"OBJECTID": 1787, "GRID_ID": null, "has_data": false}, "geometry": {"type": "Polygon", "coordinates": [[[-118.277613840788, 34.0584823871062], [-118.281444601215, 34.0529737887825], [-118.289091364544, 34.0529803733598], [-118.292908358288, 34.0584955591257], [-118.289078091037, 34.0640045085437], [-118.281430336866, 34.0639979211019], [-118.277613840788, 34.0584823871062]]]}}, {"type": "Feature", "properties": {"OBJECTID": 1788, "GRID_ID": null, "has_data": false}, "geometry": {"type": "Polygon", "coordinates": [[[-118.277613840788, 34.0584823871062], [-118.281444601215, 34.0529737887825], [-118.289091364544, 34.0529803733598], [-118.292908358288, 34.0584955591257], [-118.289078091037, 34.0640045085437], [-118.281430336866, 34.0639979211019], [-118.277613840788, 34.0584823871062]]]}}, {"type": "Feature", "properties": {"OBJECTID": 1789, "GRID_ID": null, "has_data": false}, "geometry": {"type": "Polygon", "coordinates": [[[-118.277613840788, 34.0584823871062], [-118.281444601215, 34.0529737887825], [-118.289091364544, 34.0529803733598], [-118.292908358288, 34.0584955591257], [-118.289078091037, 34.0640045085437], [-118.281430336866, 34.0639979211019], [-118.277613840788, 34.0584823871062]]]}}, {"type": "Feature", "properties": {"OBJECTID": 1790, "GRID_ID": null, "has_data": false}, "geometry": {"type": "Polygon", "coordinates": [[[-118.277613840788, 34.0584823871062], [-118.281444601215, 34.0529737887825], [-118.289091364544, 34.0529803733598], [-118.292908358288, 34.0584955591257], [-118.289078091037, 34.0640045085437], [-118.281430336866, 34.0639979211019], [-118.277613840788, 34.0584823871062]]]}}, {"type": "Feature", "properties": {"OBJECTID": 1791, "GRID_ID": null, "has_data": false}, "geometry": {"type": "Polygon", "coordinates": [[[-118.277613840788, 34.0584823871062], [-118.281444601215, 34.0529737887825], [-118.289091364544, 34.0529803733598], [-118.292908358288, 34.0584955591257], [-118.289078091037, 34.0640045085437], [-118.281430336866, 34.0639979211019], [-118.277613840788, 34.0584823871062]]]}}, {"type": "Feature", "properties": {"OBJECTID": 1792, "GRID_ID": null, "has_data": false}, "geometry": {"type": "Polygon", "coordinates": [[[-118.277613840788, 34.0584823871062], [-118.281444601215, 34.0529737887825], [-118.289091364544, 34.0529803733598], [-118.292908358288, 34.0584955591257], [-118.289078091037, 34.0640045085437], [-118.281430336866, 34.0639979211019], [-118.277613840788, 34.0584823871062]]]}}, {"type": "Feature", "properties": {"OBJECTID": 1793, "GRID_ID": null, "has_data": false}, "geometry": {"type": "Polygon", "coordinates": [[[-118.277613840788, 34.0584823871062], [-118.281444601215, 34.0529737887825], [-118.289091364544, 34.0529803733598], [-118.292908358288, 34.0584955591257], [-118.289078091037, 34.0640045085437], [-118.281430336866, 34.0639979211019], [-118.277613840788, 34.0584823871062]]]}}, {"type": "Feature", "properties": {"OBJECTID": 1794, "GRID_ID": null, "has_data": false}, "geometry": {"type": "Polygon", "coordinates": [[[-118.277613840788, 34.0584823871062], [-118.281444601215, 34.0529737887825], [-118.289091364544, 34.0529803733598], [-118.292908358288, 34.0584955591257], [-118.289078091037, 34.0640045085437], [-118.281430336866, 34.0639979211019], [-118.277613840788, 34.0584823871062]]]}}, {"type": "Feature", "properties": {"OBJECTID": 1795, "GRID_ID": null, "has_data": false}, "geometry": {"type": "Polygon", "coordinates": [[[-118.277613840788, 34.0584823871062], [-118.281444601215, 34.0529737887825], [-118.289091364544, 34.0529803733598], [-118.292908358288, 34.0584955591257], [-118.289078091037, 34.0640045085437], [-118.281430336866, 34.0639979211019], [-118.277613840788, 34.0584823871062]]]}}, {"type": "Feature", "properties": {"OBJECTID": 1796, "GRID_ID": null, "has_data": false}, "geometry": {"type": "Polygon", "coordinates": [[[-118.277613840788, 34.0584823871062], [-118.281444601215, 34.0529737887825], [-118.289091364544, 34.0529803733598], [-118.292908358288, 34.0584955591257], [-118.289078091037, 34.0640045085437], [-118.281430336866, 34.0639979211019], [-118.277613840788, 34.0584823871062]]]}}, {"type": "Feature", "properties": {"OBJECTID": 1797, "GRID_ID": null, "has_data": false}, "geometry": {"type": "Polygon", "coordinates": [[[-118.277613840788, 34.0584823871062], [-118.281444601215, 34.0529737887825], [-118.289091364544, 34.0529803733598], [-118.292908358288, 34.0584955591257], [-118.289078091037, 34.0640045085437], [-118.281430336866, 34.0639979211019], [-118.277613840788, 34.0584823871062]]]}}, {"type": "Feature", "properties": {"OBJECTID": 1798, "GRID_ID": null, "has_data": false}, "geometry": {"type": "Polygon", "coordinates": [[[-118.277613840788, 34.0584823871062], [-118.281444601215, 34.0529737887825], [-118.289091364544, 34.0529803733598], [-118.292908358288, 34.0584955591257], [-118.289078091037, 34.0640045085437], [-118.281430336866, 34.0639979211019], [-118.277613840788, 34.0584823871062]]]}}, {"type": "Feature", "properties": {"OBJECTID": 1799, "GRID_ID": null, "has_data": false}, "geometry": {"type": "Polygon", "coordinates": [[[-118.277613840788, 34.0584823871062], [-118.281444601215, 34.0529737887825], [-118.289091364544, 34.0529803733598], [-118.292908358288, 34.0584955591257], [-118.289078091037, 34.0640045085437], [-118.281430336866, 34.0639979211019], [-118.277613840788, 34.0584823871062]]]}}, {"type": "Feature", "properties": {"OBJECTID": 1800, "GRID_ID": null, "has_data": false}, "geometry": {"type": "Polygon", "coordinates": [[[-118.277613840788, 34.0584823871062], [-118.281444601215, 34.0529737887825], [-118.289091364544, 34.0529803733598], [-118.292908358288, 34.0584955591257], [-118.289078091037, 34.0640045085437], [-118.281430336866, 34.0639979211019], [-118.277613840788, 34.0584823871062]]]}}, {"type": "Feature", "properties": {"OBJECTID": 1801, "GRID_ID": null, "has_data": false}, "geometry": {"type": "Polygon", "coordinates": [[[-118.277613840788, 34.0584823871062], [-118.281444601215, 34.0529737887825], [-118.289091364544, 34.0529803733598], [-118.292908358288, 34.0584955591257], [-118.289078091037, 34.0640045085437], [-118.281430336866, 34.0639979211019], [-118.277613840788, 34.0584823871062]]]}}, {"type": "Feature", "properties": {"OBJECTID": 1802, "GRID_ID": null, "has_data": false}, "geometry": {"type": "Polygon", "coordinates": [[[-118.277613840788, 34.0584823871062], [-118.281444601215, 34.0529737887825], [-118.289091364544, 34.0529803733598], [-118.292908358288, 34.0584955591257], [-118.289078091037, 34.0640045085437], [-118.281430336866, 34.0639979211019], [-118.277613840788, 34.0584823871062]]]}}, {"type": "Feature", "properties": {"OBJECTID": 1803, "GRID_ID": null, "has_data": false}, "geometry": {"type": "Polygon", "coordinates": [[[-118.277613840788, 34.0584823871062], [-118.281444601215, 34.0529737887825], [-118.289091364544, 34.0529803733598], [-118.292908358288, 34.0584955591257], [-118.289078091037, 34.0640045085437], [-118.281430336866, 34.0639979211019], [-118.277613840788, 34.0584823871062]]]}}, {"type": "Feature", "properties": {"OBJECTID": 1804, "GRID_ID": null, "has_data": false}, "geometry": {"type": "Polygon", "coordinates": [[[-118.277613840788, 34.0584823871062], [-118.281444601215, 34.0529737887825], [-118.289091364544, 34.0529803733598], [-118.292908358288, 34.0584955591257], [-118.289078091037, 34.0640045085437], [-118.281430336866, 34.0639979211019], [-118.277613840788, 34.0584823871062]]]}}, {"type": "Feature", "properties": {"OBJECTID": 1805, "GRID_ID": null, "has_data": false}, "geometry": {"type": "Polygon", "coordinates": [[[-118.277613840788, 34.0584823871062], [-118.281444601215, 34.0529737887825], [-118.289091364544, 34.0529803733598], [-118.292908358288, 34.0584955591257], [-118.289078091037, 34.0640045085437], [-118.281430336866, 34.0639979211019], [-118.277613840788, 34.0584823871062]]]}}, {"type": "Feature", "properties": {"OBJECTID": 1806, "GRID_ID": null, "has_data": false}, "geometry": {"type": "Polygon", "coordinates": [[[-118.277613840788, 34.0584823871062], [-118.281444601215, 34.0529737887825], [-118.289091364544, 34.0529803733598], [-118.292908358288, 34.0584955591257], [-118.289078091037, 34.0640045085437], [-118.281430336866, 34.0639979211019], [-118.277613840788, 34.0584823871062]]]}}, {"type": "Feature", "properties": {"OBJECTID": 1807, "GRID_ID": null, "has_data": false}, "geometry": {"type": "Polygon", "coordinates": [[[-118.277613840788, 34.0584823871062], [-118.281444601215, 34.0529737887825], [-118.289091364544, 34.0529803733598], [-118.292908358288, 34.0584955591257], [-118.289078091037, 34.0640045085437], [-118.281430336866, 34.0639979211019], [-118.277613840788, 34.0584823871062]]]}}, {"type": "Feature", "properties": {"OBJECTID": 1808, "GRID_ID": null, "has_data": false}, "geometry": {"type": "Polygon", "coordinates": [[[-118.277613840788, 34.0584823871062], [-118.281444601215, 34.0529737887825], [-118.289091364544, 34.0529803733598], [-118.292908358288, 34.0584955591257], [-118.289078091037, 34.0640045085437], [-118.281430336866, 34.0639979211019], [-118.277613840788, 34.0584823871062]]]}}, {"type": "Feature", "properties": {"OBJECTID": 1809, "GRID_ID": null, "has_data": false}, "geometry": {"type": "Polygon", "coordinates": [[[-118.277613840788, 34.0584823871062], [-118.281444601215, 34.0529737887825], [-118.289091364544, 34.0529803733598], [-118.292908358288, 34.0584955591257], [-118.289078091037, 34.0640045085437], [-118.281430336866, 34.0639979211019], [-118.277613840788, 34.0584823871062]]]}}, {"type": "Feature", "properties": {"OBJECTID": 1810, "GRID_ID": null, "has_data": false}, "geometry": {"type": "Polygon", "coordinates": [[[-118.277613840788, 34.0584823871062], [-118.281444601215, 34.0529737887825], [-118.289091364544, 34.0529803733598], [-118.292908358288, 34.0584955591257], [-118.289078091037, 34.0640045085437], [-118.281430336866, 34.0639979211019], [-118.277613840788, 34.0584823871062]]]}}, {"type": "Feature", "properties": {"OBJECTID": 1811, "GRID_ID": null, "has_data": false}, "geometry": {"type": "Polygon", "coordinates": [[[-118.39232390916, 34.2018473148282], [-118.396153699406, 34.1963352835266], [-118.403813375119, 34.1963347626757], [-118.407644255919, 34.2018462739373], [-118.403814964238, 34.207358658129], [-118.396154291396, 34.207359178169], [-118.39232390916, 34.2018473148282]]]}}, {"type": "Feature", "properties": {"OBJECTID": 1812, "GRID_ID": null, "has_data": false}, "geometry": {"type": "Polygon", "coordinates": [[[-118.380832946608, 34.2073587903678], [-118.384663734882, 34.2018471209149], [-118.39232390916, 34.2018473148282], [-118.396154291396, 34.207359178169], [-118.392324001686, 34.2128712003447], [-118.384662830279, 34.2128710064568], [-118.380832946608, 34.2073587903678]]]}}, {"type": "Feature", "properties": {"OBJECTID": 1813, "GRID_ID": null, "has_data": false}, "geometry": {"type": "Polygon", "coordinates": [[[-118.380832946608, 34.2073587903678], [-118.384663734882, 34.2018471209149], [-118.39232390916, 34.2018473148282], [-118.396154291396, 34.207359178169], [-118.392324001686, 34.2128712003447], [-118.384662830279, 34.2128710064568], [-118.380832946608, 34.2073587903678]]]}}, {"type": "Feature", "properties": {"OBJECTID": 1814, "GRID_ID": null, "has_data": false}, "geometry": {"type": "Polygon", "coordinates": [[[-118.380832946608, 34.2073587903678], [-118.384663734882, 34.2018471209149], [-118.39232390916, 34.2018473148282], [-118.396154291396, 34.207359178169], [-118.392324001686, 34.2128712003447], [-118.384662830279, 34.2128710064568], [-118.380832946608, 34.2073587903678]]]}}, {"type": "Feature", "properties": {"OBJECTID": 1815, "GRID_ID": null, "has_data": false}, "geometry": {"type": "Polygon", "coordinates": [[[-118.162756695747, 34.113443297051], [-118.166597400523, 34.1079383474207], [-118.174249120756, 34.1079520621536], [-118.178061132444, 34.1134707329108], [-118.174220919944, 34.1189760371852], [-118.166568206175, 34.1189623160591], [-118.162756695747, 34.113443297051]]]}}, {"type": "Feature", "properties": {"OBJECTID": 1816, "GRID_ID": null, "has_data": false}, "geometry": {"type": "Polygon", "coordinates": [[[-118.369343387225, 34.2018453051137], [-118.373174673165, 34.1963339877147], [-118.380834349777, 34.1963348956747], [-118.384663734882, 34.2018471209149], [-118.380832946608, 34.2073587903678], [-118.373172273765, 34.2073578825266], [-118.369343387225, 34.2018453051137]]]}}, {"type": "Feature", "properties": {"OBJECTID": 1817, "GRID_ID": null, "has_data": false}, "geometry": {"type": "Polygon", "coordinates": [[[-118.357850928978, 34.2073546374769], [-118.361683212947, 34.2018436832258], [-118.369343387225, 34.2018453051137], [-118.373172273765, 34.2073578825266], [-118.369340487463, 34.2128691894073], [-118.361679316055, 34.2128675669886], [-118.357850928978, 34.2073546374769]]]}}, {"type": "Feature", "properties": {"OBJECTID": 1818, "GRID_ID": null, "has_data": false}, "geometry": {"type": "Polygon", "coordinates": [[[-118.266134830321, 34.0639833255853], [-118.269966582488, 34.0584750907338], [-118.277613840788, 34.0584823871062], [-118.281430336866, 34.0639979211019], [-118.277599077875, 34.0695065083703], [-118.269950828732, 34.0694992092265], [-118.266134830321, 34.0639833255853]]]}}, {"type": "Feature", "properties": {"OBJECTID": 1819, "GRID_ID": null, "has_data": false}, "geometry": {"type": "Polygon", "coordinates": [[[-118.266134830321, 34.0639833255853], [-118.269966582488, 34.0584750907338], [-118.277613840788, 34.0584823871062], [-118.281430336866, 34.0639979211019], [-118.277599077875, 34.0695065083703], [-118.269950828732, 34.0694992092265], [-118.266134830321, 34.0639833255853]]]}}, {"type": "Feature", "properties": {"OBJECTID": 1820, "GRID_ID": null, "has_data": false}, "geometry": {"type": "Polygon", "coordinates": [[[-118.266134830321, 34.0639833255853], [-118.269966582488, 34.0584750907338], [-118.277613840788, 34.0584823871062], [-118.281430336866, 34.0639979211019], [-118.277599077875, 34.0695065083703], [-118.269950828732, 34.0694992092265], [-118.266134830321, 34.0639833255853]]]}}, {"type": "Feature", "properties": {"OBJECTID": 1821, "GRID_ID": null, "has_data": false}, "geometry": {"type": "Polygon", "coordinates": [[[-118.266134830321, 34.0639833255853], [-118.269966582488, 34.0584750907338], [-118.277613840788, 34.0584823871062], [-118.281430336866, 34.0639979211019], [-118.277599077875, 34.0695065083703], [-118.269950828732, 34.0694992092265], [-118.266134830321, 34.0639833255853]]]}}, {"type": "Feature", "properties": {"OBJECTID": 1822, "GRID_ID": null, "has_data": false}, "geometry": {"type": "Polygon", "coordinates": [[[-118.266134830321, 34.0639833255853], [-118.269966582488, 34.0584750907338], [-118.277613840788, 34.0584823871062], [-118.281430336866, 34.0639979211019], [-118.277599077875, 34.0695065083703], [-118.269950828732, 34.0694992092265], [-118.266134830321, 34.0639833255853]]]}}, {"type": "Feature", "properties": {"OBJECTID": 1823, "GRID_ID": null, "has_data": false}, "geometry": {"type": "Polygon", "coordinates": [[[-118.266134830321, 34.0639833255853], [-118.269966582488, 34.0584750907338], [-118.277613840788, 34.0584823871062], [-118.281430336866, 34.0639979211019], [-118.277599077875, 34.0695065083703], [-118.269950828732, 34.0694992092265], [-118.266134830321, 34.0639833255853]]]}}, {"type": "Feature", "properties": {"OBJECTID": 1824, "GRID_ID": null, "has_data": false}, "geometry": {"type": "Polygon", "coordinates": [[[-118.266134830321, 34.0639833255853], [-118.269966582488, 34.0584750907338], [-118.277613840788, 34.0584823871062], [-118.281430336866, 34.0639979211019], [-118.277599077875, 34.0695065083703], [-118.269950828732, 34.0694992092265], [-118.266134830321, 34.0639833255853]]]}}, {"type": "Feature", "properties": {"OBJECTID": 1825, "GRID_ID": null, "has_data": false}, "geometry": {"type": "Polygon", "coordinates": [[[-118.266134830321, 34.0639833255853], [-118.269966582488, 34.0584750907338], [-118.277613840788, 34.0584823871062], [-118.281430336866, 34.0639979211019], [-118.277599077875, 34.0695065083703], [-118.269950828732, 34.0694992092265], [-118.266134830321, 34.0639833255853]]]}}, {"type": "Feature", "properties": {"OBJECTID": 1826, "GRID_ID": null, "has_data": false}, "geometry": {"type": "Polygon", "coordinates": [[[-118.266134830321, 34.0639833255853], [-118.269966582488, 34.0584750907338], [-118.277613840788, 34.0584823871062], [-118.281430336866, 34.0639979211019], [-118.277599077875, 34.0695065083703], [-118.269950828732, 34.0694992092265], [-118.266134830321, 34.0639833255853]]]}}, {"type": "Feature", "properties": {"OBJECTID": 1827, "GRID_ID": null, "has_data": false}, "geometry": {"type": "Polygon", "coordinates": [[[-118.266134830321, 34.0639833255853], [-118.269966582488, 34.0584750907338], [-118.277613840788, 34.0584823871062], [-118.281430336866, 34.0639979211019], [-118.277599077875, 34.0695065083703], [-118.269950828732, 34.0694992092265], [-118.266134830321, 34.0639833255853]]]}}, {"type": "Feature", "properties": {"OBJECTID": 1828, "GRID_ID": null, "has_data": false}, "geometry": {"type": "Polygon", "coordinates": [[[-118.266134830321, 34.0639833255853], [-118.269966582488, 34.0584750907338], [-118.277613840788, 34.0584823871062], [-118.281430336866, 34.0639979211019], [-118.277599077875, 34.0695065083703], [-118.269950828732, 34.0694992092265], [-118.266134830321, 34.0639833255853]]]}}, {"type": "Feature", "properties": {"OBJECTID": 1829, "GRID_ID": null, "has_data": false}, "geometry": {"type": "Polygon", "coordinates": [[[-118.266134830321, 34.0639833255853], [-118.269966582488, 34.0584750907338], [-118.277613840788, 34.0584823871062], [-118.281430336866, 34.0639979211019], [-118.277599077875, 34.0695065083703], [-118.269950828732, 34.0694992092265], [-118.266134830321, 34.0639833255853]]]}}, {"type": "Feature", "properties": {"OBJECTID": 1830, "GRID_ID": null, "has_data": false}, "geometry": {"type": "Polygon", "coordinates": [[[-118.266134830321, 34.0639833255853], [-118.269966582488, 34.0584750907338], [-118.277613840788, 34.0584823871062], [-118.281430336866, 34.0639979211019], [-118.277599077875, 34.0695065083703], [-118.269950828732, 34.0694992092265], [-118.266134830321, 34.0639833255853]]]}}, {"type": "Feature", "properties": {"OBJECTID": 1831, "GRID_ID": null, "has_data": false}, "geometry": {"type": "Polygon", "coordinates": [[[-118.266134830321, 34.0639833255853], [-118.269966582488, 34.0584750907338], [-118.277613840788, 34.0584823871062], [-118.281430336866, 34.0639979211019], [-118.277599077875, 34.0695065083703], [-118.269950828732, 34.0694992092265], [-118.266134830321, 34.0639833255853]]]}}, {"type": "Feature", "properties": {"OBJECTID": 1832, "GRID_ID": null, "has_data": false}, "geometry": {"type": "Polygon", "coordinates": [[[-118.266134830321, 34.0639833255853], [-118.269966582488, 34.0584750907338], [-118.277613840788, 34.0584823871062], [-118.281430336866, 34.0639979211019], [-118.277599077875, 34.0695065083703], [-118.269950828732, 34.0694992092265], [-118.266134830321, 34.0639833255853]]]}}, {"type": "Feature", "properties": {"OBJECTID": 1833, "GRID_ID": null, "has_data": false}, "geometry": {"type": "Polygon", "coordinates": [[[-118.266134830321, 34.0639833255853], [-118.269966582488, 34.0584750907338], [-118.277613840788, 34.0584823871062], [-118.281430336866, 34.0639979211019], [-118.277599077875, 34.0695065083703], [-118.269950828732, 34.0694992092265], [-118.266134830321, 34.0639833255853]]]}}, {"type": "Feature", "properties": {"OBJECTID": 1834, "GRID_ID": null, "has_data": false}, "geometry": {"type": "Polygon", "coordinates": [[[-118.266134830321, 34.0639833255853], [-118.269966582488, 34.0584750907338], [-118.277613840788, 34.0584823871062], [-118.281430336866, 34.0639979211019], [-118.277599077875, 34.0695065083703], [-118.269950828732, 34.0694992092265], [-118.266134830321, 34.0639833255853]]]}}, {"type": "Feature", "properties": {"OBJECTID": 1835, "GRID_ID": null, "has_data": false}, "geometry": {"type": "Polygon", "coordinates": [[[-118.266134830321, 34.0639833255853], [-118.269966582488, 34.0584750907338], [-118.277613840788, 34.0584823871062], [-118.281430336866, 34.0639979211019], [-118.277599077875, 34.0695065083703], [-118.269950828732, 34.0694992092265], [-118.266134830321, 34.0639833255853]]]}}, {"type": "Feature", "properties": {"OBJECTID": 1836, "GRID_ID": null, "has_data": false}, "geometry": {"type": "Polygon", "coordinates": [[[-118.266134830321, 34.0639833255853], [-118.269966582488, 34.0584750907338], [-118.277613840788, 34.0584823871062], [-118.281430336866, 34.0639979211019], [-118.277599077875, 34.0695065083703], [-118.269950828732, 34.0694992092265], [-118.266134830321, 34.0639833255853]]]}}, {"type": "Feature", "properties": {"OBJECTID": 1837, "GRID_ID": null, "has_data": false}, "geometry": {"type": "Polygon", "coordinates": [[[-118.266134830321, 34.0639833255853], [-118.269966582488, 34.0584750907338], [-118.277613840788, 34.0584823871062], [-118.281430336866, 34.0639979211019], [-118.277599077875, 34.0695065083703], [-118.269950828732, 34.0694992092265], [-118.266134830321, 34.0639833255853]]]}}, {"type": "Feature", "properties": {"OBJECTID": 1838, "GRID_ID": null, "has_data": false}, "geometry": {"type": "Polygon", "coordinates": [[[-118.266134830321, 34.0639833255853], [-118.269966582488, 34.0584750907338], [-118.277613840788, 34.0584823871062], [-118.281430336866, 34.0639979211019], [-118.277599077875, 34.0695065083703], [-118.269950828732, 34.0694992092265], [-118.266134830321, 34.0639833255853]]]}}, {"type": "Feature", "properties": {"OBJECTID": 1839, "GRID_ID": null, "has_data": false}, "geometry": {"type": "Polygon", "coordinates": [[[-118.266134830321, 34.0639833255853], [-118.269966582488, 34.0584750907338], [-118.277613840788, 34.0584823871062], [-118.281430336866, 34.0639979211019], [-118.277599077875, 34.0695065083703], [-118.269950828732, 34.0694992092265], [-118.266134830321, 34.0639833255853]]]}}, {"type": "Feature", "properties": {"OBJECTID": 1840, "GRID_ID": null, "has_data": false}, "geometry": {"type": "Polygon", "coordinates": [[[-118.266134830321, 34.0639833255853], [-118.269966582488, 34.0584750907338], [-118.277613840788, 34.0584823871062], [-118.281430336866, 34.0639979211019], [-118.277599077875, 34.0695065083703], [-118.269950828732, 34.0694992092265], [-118.266134830321, 34.0639833255853]]]}}, {"type": "Feature", "properties": {"OBJECTID": 1841, "GRID_ID": null, "has_data": false}, "geometry": {"type": "Polygon", "coordinates": [[[-118.266134830321, 34.0639833255853], [-118.269966582488, 34.0584750907338], [-118.277613840788, 34.0584823871062], [-118.281430336866, 34.0639979211019], [-118.277599077875, 34.0695065083703], [-118.269950828732, 34.0694992092265], [-118.266134830321, 34.0639833255853]]]}}, {"type": "Feature", "properties": {"OBJECTID": 1842, "GRID_ID": null, "has_data": false}, "geometry": {"type": "Polygon", "coordinates": [[[-118.266134830321, 34.0639833255853], [-118.269966582488, 34.0584750907338], [-118.277613840788, 34.0584823871062], [-118.281430336866, 34.0639979211019], [-118.277599077875, 34.0695065083703], [-118.269950828732, 34.0694992092265], [-118.266134830321, 34.0639833255853]]]}}, {"type": "Feature", "properties": {"OBJECTID": 1843, "GRID_ID": null, "has_data": false}, "geometry": {"type": "Polygon", "coordinates": [[[-118.266134830321, 34.0639833255853], [-118.269966582488, 34.0584750907338], [-118.277613840788, 34.0584823871062], [-118.281430336866, 34.0639979211019], [-118.277599077875, 34.0695065083703], [-118.269950828732, 34.0694992092265], [-118.266134830321, 34.0639833255853]]]}}, {"type": "Feature", "properties": {"OBJECTID": 1844, "GRID_ID": null, "has_data": false}, "geometry": {"type": "Polygon", "coordinates": [[[-118.266134830321, 34.0639833255853], [-118.269966582488, 34.0584750907338], [-118.277613840788, 34.0584823871062], [-118.281430336866, 34.0639979211019], [-118.277599077875, 34.0695065083703], [-118.269950828732, 34.0694992092265], [-118.266134830321, 34.0639833255853]]]}}, {"type": "Feature", "properties": {"OBJECTID": 1845, "GRID_ID": null, "has_data": false}, "geometry": {"type": "Polygon", "coordinates": [[[-118.266134830321, 34.0639833255853], [-118.269966582488, 34.0584750907338], [-118.277613840788, 34.0584823871062], [-118.281430336866, 34.0639979211019], [-118.277599077875, 34.0695065083703], [-118.269950828732, 34.0694992092265], [-118.266134830321, 34.0639833255853]]]}}, {"type": "Feature", "properties": {"OBJECTID": 1846, "GRID_ID": null, "has_data": false}, "geometry": {"type": "Polygon", "coordinates": [[[-118.266134830321, 34.0639833255853], [-118.269966582488, 34.0584750907338], [-118.277613840788, 34.0584823871062], [-118.281430336866, 34.0639979211019], [-118.277599077875, 34.0695065083703], [-118.269950828732, 34.0694992092265], [-118.266134830321, 34.0639833255853]]]}}, {"type": "Feature", "properties": {"OBJECTID": 1847, "GRID_ID": null, "has_data": false}, "geometry": {"type": "Polygon", "coordinates": [[[-118.346362865289, 34.2018390107321], [-118.350195646925, 34.1963284084418], [-118.357855322638, 34.1963307444698], [-118.361683212947, 34.2018436832258], [-118.357850928978, 34.2073546374769], [-118.350190256135, 34.2073523010114], [-118.346362865289, 34.2018390107321]]]}}, {"type": "Feature", "properties": {"OBJECTID": 1848, "GRID_ID": null, "has_data": false}, "geometry": {"type": "Polygon", "coordinates": [[[-118.622159176261, 34.212655529078], [-118.625974505427, 34.2071364083472], [-118.633635181863, 34.2071216012827], [-118.637481526263, 34.2126259087141], [-118.633666700153, 34.2181453785845], [-118.626005025689, 34.2181601918832], [-118.622159176261, 34.212655529078]]]}}, {"type": "Feature", "properties": {"OBJECTID": 1849, "GRID_ID": null, "has_data": false}, "geometry": {"type": "Polygon", "coordinates": [[[-118.254672065886, 34.0584590780073], [-118.258504310329, 34.052951194159], [-118.266151074557, 34.0529591995543], [-118.269966582488, 34.0584750907338], [-118.266134830321, 34.0639833255853], [-118.258487076151, 34.0639753175102], [-118.254672065886, 34.0584590780073]]]}}, {"type": "Feature", "properties": {"OBJECTID": 1850, "GRID_ID": null, "has_data": false}, "geometry": {"type": "Polygon", "coordinates": [[[-118.254672065886, 34.0584590780073], [-118.258504310329, 34.052951194159], [-118.266151074557, 34.0529591995543], [-118.269966582488, 34.0584750907338], [-118.266134830321, 34.0639833255853], [-118.258487076151, 34.0639753175102], [-118.254672065886, 34.0584590780073]]]}}, {"type": "Feature", "properties": {"OBJECTID": 1851, "GRID_ID": null, "has_data": false}, "geometry": {"type": "Polygon", "coordinates": [[[-118.254672065886, 34.0584590780073], [-118.258504310329, 34.052951194159], [-118.266151074557, 34.0529591995543], [-118.269966582488, 34.0584750907338], [-118.266134830321, 34.0639833255853], [-118.258487076151, 34.0639753175102], [-118.254672065886, 34.0584590780073]]]}}, {"type": "Feature", "properties": {"OBJECTID": 1852, "GRID_ID": null, "has_data": false}, "geometry": {"type": "Polygon", "coordinates": [[[-118.254672065886, 34.0584590780073], [-118.258504310329, 34.052951194159], [-118.266151074557, 34.0529591995543], [-118.269966582488, 34.0584750907338], [-118.266134830321, 34.0639833255853], [-118.258487076151, 34.0639753175102], [-118.254672065886, 34.0584590780073]]]}}, {"type": "Feature", "properties": {"OBJECTID": 1853, "GRID_ID": null, "has_data": false}, "geometry": {"type": "Polygon", "coordinates": [[[-118.254672065886, 34.0584590780073], [-118.258504310329, 34.052951194159], [-118.266151074557, 34.0529591995543], [-118.269966582488, 34.0584750907338], [-118.266134830321, 34.0639833255853], [-118.258487076151, 34.0639753175102], [-118.254672065886, 34.0584590780073]]]}}, {"type": "Feature", "properties": {"OBJECTID": 1854, "GRID_ID": null, "has_data": false}, "geometry": {"type": "Polygon", "coordinates": [[[-118.254672065886, 34.0584590780073], [-118.258504310329, 34.052951194159], [-118.266151074557, 34.0529591995543], [-118.269966582488, 34.0584750907338], [-118.266134830321, 34.0639833255853], [-118.258487076151, 34.0639753175102], [-118.254672065886, 34.0584590780073]]]}}, {"type": "Feature", "properties": {"OBJECTID": 1855, "GRID_ID": null, "has_data": false}, "geometry": {"type": "Polygon", "coordinates": [[[-118.254672065886, 34.0584590780073], [-118.258504310329, 34.052951194159], [-118.266151074557, 34.0529591995543], [-118.269966582488, 34.0584750907338], [-118.266134830321, 34.0639833255853], [-118.258487076151, 34.0639753175102], [-118.254672065886, 34.0584590780073]]]}}, {"type": "Feature", "properties": {"OBJECTID": 1856, "GRID_ID": null, "has_data": false}, "geometry": {"type": "Polygon", "coordinates": [[[-118.254672065886, 34.0584590780073], [-118.258504310329, 34.052951194159], [-118.266151074557, 34.0529591995543], [-118.269966582488, 34.0584750907338], [-118.266134830321, 34.0639833255853], [-118.258487076151, 34.0639753175102], [-118.254672065886, 34.0584590780073]]]}}, {"type": "Feature", "properties": {"OBJECTID": 1857, "GRID_ID": null, "has_data": false}, "geometry": {"type": "Polygon", "coordinates": [[[-118.254672065886, 34.0584590780073], [-118.258504310329, 34.052951194159], [-118.266151074557, 34.0529591995543], [-118.269966582488, 34.0584750907338], [-118.266134830321, 34.0639833255853], [-118.258487076151, 34.0639753175102], [-118.254672065886, 34.0584590780073]]]}}, {"type": "Feature", "properties": {"OBJECTID": 1858, "GRID_ID": null, "has_data": false}, "geometry": {"type": "Polygon", "coordinates": [[[-118.254672065886, 34.0584590780073], [-118.258504310329, 34.052951194159], [-118.266151074557, 34.0529591995543], [-118.269966582488, 34.0584750907338], [-118.266134830321, 34.0639833255853], [-118.258487076151, 34.0639753175102], [-118.254672065886, 34.0584590780073]]]}}, {"type": "Feature", "properties": {"OBJECTID": 1859, "GRID_ID": null, "has_data": false}, "geometry": {"type": "Polygon", "coordinates": [[[-118.254672065886, 34.0584590780073], [-118.258504310329, 34.052951194159], [-118.266151074557, 34.0529591995543], [-118.269966582488, 34.0584750907338], [-118.266134830321, 34.0639833255853], [-118.258487076151, 34.0639753175102], [-118.254672065886, 34.0584590780073]]]}}, {"type": "Feature", "properties": {"OBJECTID": 1860, "GRID_ID": null, "has_data": false}, "geometry": {"type": "Polygon", "coordinates": [[[-118.254672065886, 34.0584590780073], [-118.258504310329, 34.052951194159], [-118.266151074557, 34.0529591995543], [-118.269966582488, 34.0584750907338], [-118.266134830321, 34.0639833255853], [-118.258487076151, 34.0639753175102], [-118.254672065886, 34.0584590780073]]]}}, {"type": "Feature", "properties": {"OBJECTID": 1861, "GRID_ID": null, "has_data": false}, "geometry": {"type": "Polygon", "coordinates": [[[-118.254672065886, 34.0584590780073], [-118.258504310329, 34.052951194159], [-118.266151074557, 34.0529591995543], [-118.269966582488, 34.0584750907338], [-118.266134830321, 34.0639833255853], [-118.258487076151, 34.0639753175102], [-118.254672065886, 34.0584590780073]]]}}, {"type": "Feature", "properties": {"OBJECTID": 1862, "GRID_ID": null, "has_data": false}, "geometry": {"type": "Polygon", "coordinates": [[[-118.254672065886, 34.0584590780073], [-118.258504310329, 34.052951194159], [-118.266151074557, 34.0529591995543], [-118.269966582488, 34.0584750907338], [-118.266134830321, 34.0639833255853], [-118.258487076151, 34.0639753175102], [-118.254672065886, 34.0584590780073]]]}}, {"type": "Feature", "properties": {"OBJECTID": 1863, "GRID_ID": null, "has_data": false}, "geometry": {"type": "Polygon", "coordinates": [[[-118.254672065886, 34.0584590780073], [-118.258504310329, 34.052951194159], [-118.266151074557, 34.0529591995543], [-118.269966582488, 34.0584750907338], [-118.266134830321, 34.0639833255853], [-118.258487076151, 34.0639753175102], [-118.254672065886, 34.0584590780073]]]}}, {"type": "Feature", "properties": {"OBJECTID": 1864, "GRID_ID": null, "has_data": false}, "geometry": {"type": "Polygon", "coordinates": [[[-118.610681678557, 34.2181883885466], [-118.61449800126, 34.212669624989], [-118.622159176261, 34.212655529078], [-118.626005025689, 34.2181601918832], [-118.622189206042, 34.2236793051554], [-118.614527033911, 34.2236934066498], [-118.610681678557, 34.2181883885466]]]}}, {"type": "Feature", "properties": {"OBJECTID": 1865, "GRID_ID": null, "has_data": false}, "geometry": {"type": "Polygon", "coordinates": [[[-118.599175652156, 34.2126963867847], [-118.602992477915, 34.207177972271], [-118.610653152555, 34.2071645938412], [-118.61449800126, 34.212669624989], [-118.610681678557, 34.2181883885466], [-118.603020005889, 34.2182017726546], [-118.599175652156, 34.2126963867847]]]}}, {"type": "Feature", "properties": {"OBJECTID": 1866, "GRID_ID": null, "has_data": false}, "geometry": {"type": "Polygon", "coordinates": [[[-118.266037180755, 34.1301276685904], [-118.269871934193, 34.1246195030219], [-118.277525142934, 34.1246268167484], [-118.281344590876, 34.1301423002947], [-118.277510331511, 34.1356508190679], [-118.269856129234, 34.1356435018339], [-118.266037180755, 34.1301276685904]]]}}, {"type": "Feature", "properties": {"OBJECTID": 1867, "GRID_ID": null, "has_data": false}, "geometry": {"type": "Polygon", "coordinates": [[[-118.587696658757, 34.2182271109387], [-118.591514478951, 34.2127090534126], [-118.599175652156, 34.2126963867847], [-118.603020005889, 34.2182017726546], [-118.599202688751, 34.2237201797995], [-118.591540517518, 34.2237328521978], [-118.587696658757, 34.2182271109387]]]}}, {"type": "Feature", "properties": {"OBJECTID": 1868, "GRID_ID": null, "has_data": false}, "geometry": {"type": "Polygon", "coordinates": [[[-118.587696658757, 34.2182271109387], [-118.591514478951, 34.2127090534126], [-118.599175652156, 34.2126963867847], [-118.603020005889, 34.2182017726546], [-118.599202688751, 34.2237201797995], [-118.591540517518, 34.2237328521978], [-118.587696658757, 34.2182271109387]]]}}, {"type": "Feature", "properties": {"OBJECTID": 1869, "GRID_ID": null, "has_data": false}, "geometry": {"type": "Polygon", "coordinates": [[[-118.587696658757, 34.2182271109387], [-118.591514478951, 34.2127090534126], [-118.599175652156, 34.2126963867847], [-118.603020005889, 34.2182017726546], [-118.599202688751, 34.2237201797995], [-118.591540517518, 34.2237328521978], [-118.587696658757, 34.2182271109387]]]}}, {"type": "Feature", "properties": {"OBJECTID": 1870, "GRID_ID": null, "has_data": false}, "geometry": {"type": "Polygon", "coordinates": [[[-118.587696658757, 34.2182271109387], [-118.591514478951, 34.2127090534126], [-118.599175652156, 34.2126963867847], [-118.603020005889, 34.2182017726546], [-118.599202688751, 34.2237201797995], [-118.591540517518, 34.2237328521978], [-118.587696658757, 34.2182271109387]]]}}, {"type": "Feature", "properties": {"OBJECTID": 1871, "GRID_ID": null, "has_data": false}, "geometry": {"type": "Polygon", "coordinates": [[[-118.587696658757, 34.2182271109387], [-118.591514478951, 34.2127090534126], [-118.599175652156, 34.2126963867847], [-118.603020005889, 34.2182017726546], [-118.599202688751, 34.2237201797995], [-118.591540517518, 34.2237328521978], [-118.587696658757, 34.2182271109387]]]}}, {"type": "Feature", "properties": {"OBJECTID": 1872, "GRID_ID": null, "has_data": false}, "geometry": {"type": "Polygon", "coordinates": [[[-118.576192130746, 34.2127329581297], [-118.5800104522, 34.2072152502947], [-118.58767112684, 34.2072033004975], [-118.591514478951, 34.2127090534126], [-118.587696658757, 34.2182271109387], [-118.580034986987, 34.2182390658581], [-118.576192130746, 34.2127329581297]]]}}, {"type": "Feature", "properties": {"OBJECTID": 1873, "GRID_ID": null, "has_data": false}, "geometry": {"type": "Polygon", "coordinates": [[[-118.243191568707, 34.0639578799819], [-118.247024806687, 34.0584503609087], [-118.254672065886, 34.0584590780073], [-118.258487076151, 34.0639753175102], [-118.254654331346, 34.0694831889093], [-118.247006082203, 34.06947446848], [-118.243191568707, 34.0639578799819]]]}}, {"type": "Feature", "properties": {"OBJECTID": 1874, "GRID_ID": null, "has_data": false}, "geometry": {"type": "Polygon", "coordinates": [[[-118.243191568707, 34.0639578799819], [-118.247024806687, 34.0584503609087], [-118.254672065886, 34.0584590780073], [-118.258487076151, 34.0639753175102], [-118.254654331346, 34.0694831889093], [-118.247006082203, 34.06947446848], [-118.243191568707, 34.0639578799819]]]}}, {"type": "Feature", "properties": {"OBJECTID": 1875, "GRID_ID": null, "has_data": false}, "geometry": {"type": "Polygon", "coordinates": [[[-118.243191568707, 34.0639578799819], [-118.247024806687, 34.0584503609087], [-118.254672065886, 34.0584590780073], [-118.258487076151, 34.0639753175102], [-118.254654331346, 34.0694831889093], [-118.247006082203, 34.06947446848], [-118.243191568707, 34.0639578799819]]]}}, {"type": "Feature", "properties": {"OBJECTID": 1876, "GRID_ID": null, "has_data": false}, "geometry": {"type": "Polygon", "coordinates": [[[-118.243191568707, 34.0639578799819], [-118.247024806687, 34.0584503609087], [-118.254672065886, 34.0584590780073], [-118.258487076151, 34.0639753175102], [-118.254654331346, 34.0694831889093], [-118.247006082203, 34.06947446848], [-118.243191568707, 34.0639578799819]]]}}, {"type": "Feature", "properties": {"OBJECTID": 1877, "GRID_ID": null, "has_data": false}, "geometry": {"type": "Polygon", "coordinates": [[[-118.564711641652, 34.2182615457667], [-118.568530956643, 34.2127441954764], [-118.576192130746, 34.2127329581297], [-118.580034986987, 34.2182390658581], [-118.576216173256, 34.2237567664144], [-118.568554002023, 34.2237680089758], [-118.564711641652, 34.2182615457667]]]}}, {"type": "Feature", "properties": {"OBJECTID": 1878, "GRID_ID": null, "has_data": false}, "geometry": {"type": "Polygon", "coordinates": [[[-118.553208611132, 34.2127652423757], [-118.557028427384, 34.2072482416811], [-118.564689102023, 34.2072377205148], [-118.568530956643, 34.2127441954764], [-118.564711641652, 34.2182615457667], [-118.557049969882, 34.2182720714992], [-118.553208611132, 34.2127652423757]]]}}, {"type": "Feature", "properties": {"OBJECTID": 1879, "GRID_ID": null, "has_data": false}, "geometry": {"type": "Polygon", "coordinates": [[[-118.25456551671, 34.1246034500037], [-118.25840076512, 34.1190956362274], [-118.266053477991, 34.1191036614005], [-118.269871934193, 34.1246195030219], [-118.266037180755, 34.1301276685904], [-118.258383474347, 34.1301196407456], [-118.25456551671, 34.1246034500037]]]}}, {"type": "Feature", "properties": {"OBJECTID": 1880, "GRID_ID": null, "has_data": false}, "geometry": {"type": "Polygon", "coordinates": [[[-118.541726626344, 34.218291693036], [-118.545547437928, 34.2127750511858], [-118.553208611132, 34.2127652423757], [-118.557049969882, 34.2182720714992], [-118.553229659558, 34.2237890635202], [-118.545567488325, 34.2237988762463], [-118.541726626344, 34.218291693036]]]}}, {"type": "Feature", "properties": {"OBJECTID": 1881, "GRID_ID": null, "has_data": false}, "geometry": {"type": "Polygon", "coordinates": [[[-118.530225092417, 34.2127932395278], [-118.534046405262, 34.207276947921], [-118.541707079901, 34.207267855384], [-118.545547437928, 34.2127750511858], [-118.541726626344, 34.218291693036], [-118.534064954574, 34.2183007888405], [-118.530225092417, 34.2127932395278]]]}}, {"type": "Feature", "properties": {"OBJECTID": 1882, "GRID_ID": null, "has_data": false}, "geometry": {"type": "Polygon", "coordinates": [[[-118.231730288289, 34.0584315059845], [-118.235564018546, 34.0529243385678], [-118.243210782773, 34.052933764038], [-118.247024806687, 34.0584503609087], [-118.243191568707, 34.0639578799819], [-118.235543814537, 34.0639484512725], [-118.231730288289, 34.0584315059845]]]}}, {"type": "Feature", "properties": {"OBJECTID": 1883, "GRID_ID": null, "has_data": false}, "geometry": {"type": "Polygon", "coordinates": [[[-118.231730288289, 34.0584315059845], [-118.235564018546, 34.0529243385678], [-118.243210782773, 34.052933764038], [-118.247024806687, 34.0584503609087], [-118.243191568707, 34.0639578799819], [-118.235543814537, 34.0639484512725], [-118.231730288289, 34.0584315059845]]]}}, {"type": "Feature", "properties": {"OBJECTID": 1884, "GRID_ID": null, "has_data": false}, "geometry": {"type": "Polygon", "coordinates": [[[-118.231730288289, 34.0584315059845], [-118.235564018546, 34.0529243385678], [-118.243210782773, 34.052933764038], [-118.247024806687, 34.0584503609087], [-118.243191568707, 34.0639578799819], [-118.235543814537, 34.0639484512725], [-118.231730288289, 34.0584315059845]]]}}, {"type": "Feature", "properties": {"OBJECTID": 1885, "GRID_ID": null, "has_data": false}, "geometry": {"type": "Polygon", "coordinates": [[[-118.231730288289, 34.0584315059845], [-118.235564018546, 34.0529243385678], [-118.243210782773, 34.052933764038], [-118.247024806687, 34.0584503609087], [-118.243191568707, 34.0639578799819], [-118.235543814537, 34.0639484512725], [-118.231730288289, 34.0584315059845]]]}}, {"type": "Feature", "properties": {"OBJECTID": 1886, "GRID_ID": null, "has_data": false}, "geometry": {"type": "Polygon", "coordinates": [[[-118.231730288289, 34.0584315059845], [-118.235564018546, 34.0529243385678], [-118.243210782773, 34.052933764038], [-118.247024806687, 34.0584503609087], [-118.243191568707, 34.0639578799819], [-118.235543814537, 34.0639484512725], [-118.231730288289, 34.0584315059845]]]}}, {"type": "Feature", "properties": {"OBJECTID": 1887, "GRID_ID": null, "has_data": false}, "geometry": {"type": "Polygon", "coordinates": [[[-118.231730288289, 34.0584315059845], [-118.235564018546, 34.0529243385678], [-118.243210782773, 34.052933764038], [-118.247024806687, 34.0584503609087], [-118.243191568707, 34.0639578799819], [-118.235543814537, 34.0639484512725], [-118.231730288289, 34.0584315059845]]]}}, {"type": "Feature", "properties": {"OBJECTID": 1888, "GRID_ID": null, "has_data": false}, "geometry": {"type": "Polygon", "coordinates": [[[-118.231730288289, 34.0584315059845], [-118.235564018546, 34.0529243385678], [-118.243210782773, 34.052933764038], [-118.247024806687, 34.0584503609087], [-118.243191568707, 34.0639578799819], [-118.235543814537, 34.0639484512725], [-118.231730288289, 34.0584315059845]]]}}, {"type": "Feature", "properties": {"OBJECTID": 1889, "GRID_ID": null, "has_data": false}, "geometry": {"type": "Polygon", "coordinates": [[[-118.518741611933, 34.2183175520082], [-118.522563920111, 34.2128016190599], [-118.530225092417, 34.2127932395278], [-118.534064954574, 34.2183007888405], [-118.530243147656, 34.2238170726073], [-118.522580977322, 34.2238254562424], [-118.518741611933, 34.2183175520082]]]}}, {"type": "Feature", "properties": {"OBJECTID": 1890, "GRID_ID": null, "has_data": false}, "geometry": {"type": "Polygon", "coordinates": [[[-118.507241575499, 34.2128169503329], [-118.511064384937, 34.2073013675331], [-118.518725058678, 34.2072937043669], [-118.522563920111, 34.2128016190599], [-118.518741611933, 34.2183175520082], [-118.511079941062, 34.2183252193717], [-118.507241575499, 34.2128169503329]]]}}, {"type": "Feature", "properties": {"OBJECTID": 1891, "GRID_ID": null, "has_data": false}, "geometry": {"type": "Polygon", "coordinates": [[[-118.243076064226, 34.1301021595831], [-118.246912307969, 34.1245947114553], [-118.25456551671, 34.1246034500037], [-118.258383474347, 34.1301196407456], [-118.254547725576, 34.1356274427301], [-118.2468935224, 34.1356187001164], [-118.243076064226, 34.1301021595831]]]}}, {"type": "Feature", "properties": {"OBJECTID": 1892, "GRID_ID": null, "has_data": false}, "geometry": {"type": "Polygon", "coordinates": [[[-118.49575659932, 34.2183391234302], [-118.499580403193, 34.2128239005883], [-118.507241575499, 34.2128169503329], [-118.511079941062, 34.2183252193717], [-118.507256637551, 34.2238407929372], [-118.499594467217, 34.2238477467399], [-118.49575659932, 34.2183391234302]]]}}, {"type": "Feature", "properties": {"OBJECTID": 1893, "GRID_ID": null, "has_data": false}, "geometry": {"type": "Polygon", "coordinates": [[[-118.484258059479, 34.2128363733091], [-118.488082364611, 34.2073215020068], [-118.495743038353, 34.2073152667243], [-118.499580403193, 34.2128239005883], [-118.49575659932, 34.2183391234302], [-118.488094927551, 34.2183453616111], [-118.484258059479, 34.2128363733091]]]}}, {"type": "Feature", "properties": {"OBJECTID": 1894, "GRID_ID": null, "has_data": false}, "geometry": {"type": "Polygon", "coordinates": [[[-118.220248306195, 34.0639281717298], [-118.22408302909, 34.0584213689027], [-118.231730288289, 34.0584315059845], [-118.235543814537, 34.0639484512725], [-118.231709583918, 34.0694556063348], [-118.224061333878, 34.0694454646187], [-118.220248306195, 34.0639281717298]]]}}, {"type": "Feature", "properties": {"OBJECTID": 1895, "GRID_ID": null, "has_data": false}, "geometry": {"type": "Polygon", "coordinates": [[[-118.220248306195, 34.0639281717298], [-118.22408302909, 34.0584213689027], [-118.231730288289, 34.0584315059845], [-118.235543814537, 34.0639484512725], [-118.231709583918, 34.0694556063348], [-118.224061333878, 34.0694454646187], [-118.220248306195, 34.0639281717298]]]}}, {"type": "Feature", "properties": {"OBJECTID": 1896, "GRID_ID": null, "has_data": false}, "geometry": {"type": "Polygon", "coordinates": [[[-118.220248306195, 34.0639281717298], [-118.22408302909, 34.0584213689027], [-118.231730288289, 34.0584315059845], [-118.235543814537, 34.0639484512725], [-118.231709583918, 34.0694556063348], [-118.224061333878, 34.0694454646187], [-118.220248306195, 34.0639281717298]]]}}, {"type": "Feature", "properties": {"OBJECTID": 1897, "GRID_ID": null, "has_data": false}, "geometry": {"type": "Polygon", "coordinates": [[[-118.472771585808, 34.2183564073052], [-118.476596888071, 34.2128418957746], [-118.484258059479, 34.2128363733091], [-118.488094927551, 34.2183453616111], [-118.484270127446, 34.2238602245137], [-118.47660795801, 34.2238657492277], [-118.472771585808, 34.2183564073052]]]}}, {"type": "Feature", "properties": {"OBJECTID": 1898, "GRID_ID": null, "has_data": false}, "geometry": {"type": "Polygon", "coordinates": [[[-118.472771585808, 34.2183564073052], [-118.476596888071, 34.2128418957746], [-118.484258059479, 34.2128363733091], [-118.488094927551, 34.2183453616111], [-118.484270127446, 34.2238602245137], [-118.47660795801, 34.2238657492277], [-118.472771585808, 34.2183564073052]]]}}, {"type": "Feature", "properties": {"OBJECTID": 1899, "GRID_ID": null, "has_data": false}, "geometry": {"type": "Polygon", "coordinates": [[[-118.461274543459, 34.2128515106878], [-118.465100346083, 34.2073373498594], [-118.472761018027, 34.2073325432027], [-118.476596888071, 34.2128418957746], [-118.472771585808, 34.2183564073052], [-118.465109915836, 34.2183612163044], [-118.461274543459, 34.2128515106878]]]}}, {"type": "Feature", "properties": {"OBJECTID": 1900, "GRID_ID": null, "has_data": false}, "geometry": {"type": "Polygon", "coordinates": [[[-118.208788509794, 34.058399672522], [-118.212623724965, 34.0528932220049], [-118.220270490091, 34.0529040675514], [-118.22408302909, 34.0584213689027], [-118.220248306195, 34.0639281717298], [-118.212600551126, 34.0639173208963], [-118.208788509794, 34.058399672522]]]}}, {"type": "Feature", "properties": {"OBJECTID": 1901, "GRID_ID": null, "has_data": false}, "geometry": {"type": "Polygon", "coordinates": [[[-118.208788509794, 34.058399672522], [-118.212623724965, 34.0528932220049], [-118.220270490091, 34.0529040675514], [-118.22408302909, 34.0584213689027], [-118.220248306195, 34.0639281717298], [-118.212600551126, 34.0639173208963], [-118.208788509794, 34.058399672522]]]}}, {"type": "Feature", "properties": {"OBJECTID": 1902, "GRID_ID": null, "has_data": false}, "geometry": {"type": "Polygon", "coordinates": [[[-118.208788509794, 34.058399672522], [-118.212623724965, 34.0528932220049], [-118.220270490091, 34.0529040675514], [-118.22408302909, 34.0584213689027], [-118.220248306195, 34.0639281717298], [-118.212600551126, 34.0639173208963], [-118.208788509794, 34.058399672522]]]}}, {"type": "Feature", "properties": {"OBJECTID": 1903, "GRID_ID": null, "has_data": false}, "geometry": {"type": "Polygon", "coordinates": [[[-118.208788509794, 34.058399672522], [-118.212623724965, 34.0528932220049], [-118.220270490091, 34.0529040675514], [-118.22408302909, 34.0584213689027], [-118.220248306195, 34.0639281717298], [-118.212600551126, 34.0639173208963], [-118.208788509794, 34.058399672522]]]}}, {"type": "Feature", "properties": {"OBJECTID": 1904, "GRID_ID": null, "has_data": false}, "geometry": {"type": "Polygon", "coordinates": [[[-118.208788509794, 34.058399672522], [-118.212623724965, 34.0528932220049], [-118.220270490091, 34.0529040675514], [-118.22408302909, 34.0584213689027], [-118.220248306195, 34.0639281717298], [-118.212600551126, 34.0639173208963], [-118.208788509794, 34.058399672522]]]}}, {"type": "Feature", "properties": {"OBJECTID": 1905, "GRID_ID": null, "has_data": false}, "geometry": {"type": "Polygon", "coordinates": [[[-118.208788509794, 34.058399672522], [-118.212623724965, 34.0528932220049], [-118.220270490091, 34.0529040675514], [-118.22408302909, 34.0584213689027], [-118.220248306195, 34.0639281717298], [-118.212600551126, 34.0639173208963], [-118.208788509794, 34.058399672522]]]}}, {"type": "Feature", "properties": {"OBJECTID": 1906, "GRID_ID": null, "has_data": false}, "geometry": {"type": "Polygon", "coordinates": [[[-118.208788509794, 34.058399672522], [-118.212623724965, 34.0528932220049], [-118.220270490091, 34.0529040675514], [-118.22408302909, 34.0584213689027], [-118.220248306195, 34.0639281717298], [-118.212600551126, 34.0639173208963], [-118.208788509794, 34.058399672522]]]}}, {"type": "Feature", "properties": {"OBJECTID": 1907, "GRID_ID": null, "has_data": false}, "geometry": {"type": "Polygon", "coordinates": [[[-118.208788509794, 34.058399672522], [-118.212623724965, 34.0528932220049], [-118.220270490091, 34.0529040675514], [-118.22408302909, 34.0584213689027], [-118.220248306195, 34.0639281717298], [-118.212600551126, 34.0639173208963], [-118.208788509794, 34.058399672522]]]}}, {"type": "Feature", "properties": {"OBJECTID": 1908, "GRID_ID": null, "has_data": false}, "geometry": {"type": "Polygon", "coordinates": [[[-118.208788509794, 34.058399672522], [-118.212623724965, 34.0528932220049], [-118.220270490091, 34.0529040675514], [-118.22408302909, 34.0584213689027], [-118.220248306195, 34.0639281717298], [-118.212600551126, 34.0639173208963], [-118.208788509794, 34.058399672522]]]}}, {"type": "Feature", "properties": {"OBJECTID": 1909, "GRID_ID": null, "has_data": false}, "geometry": {"type": "Polygon", "coordinates": [[[-118.449786574992, 34.2183694036359], [-118.453613372949, 34.2128556038785], [-118.461274543459, 34.2128515106878], [-118.465109915836, 34.2183612163044], [-118.46128361824, 34.2238753680822], [-118.453621448804, 34.2238794622229], [-118.449786574992, 34.2183694036359]]]}}, {"type": "Feature", "properties": {"OBJECTID": 1910, "GRID_ID": null, "has_data": false}, "geometry": {"type": "Polygon", "coordinates": [[[-118.438291029235, 34.2128623602428], [-118.442118327554, 34.2073489118362], [-118.449778999499, 34.2073455338046], [-118.453613372949, 34.2128556038785], [-118.449786574992, 34.2183694036359], [-118.442124905019, 34.2183727827113], [-118.438291029235, 34.2128623602428]]]}}, {"type": "Feature", "properties": {"OBJECTID": 1911, "GRID_ID": null, "has_data": false}, "geometry": {"type": "Polygon", "coordinates": [[[-118.438291029235, 34.2128623602428], [-118.442118327554, 34.2073489118362], [-118.449778999499, 34.2073455338046], [-118.453613372949, 34.2128556038785], [-118.449786574992, 34.2183694036359], [-118.442124905019, 34.2183727827113], [-118.438291029235, 34.2128623602428]]]}}, {"type": "Feature", "properties": {"OBJECTID": 1912, "GRID_ID": null, "has_data": false}, "geometry": {"type": "Polygon", "coordinates": [[[-118.438291029235, 34.2128623602428], [-118.442118327554, 34.2073489118362], [-118.449778999499, 34.2073455338046], [-118.453613372949, 34.2128556038785], [-118.449786574992, 34.2183694036359], [-118.442124905019, 34.2183727827113], [-118.438291029235, 34.2128623602428]]]}}, {"type": "Feature", "properties": {"OBJECTID": 1913, "GRID_ID": null, "has_data": false}, "geometry": {"type": "Polygon", "coordinates": [[[-118.231605889589, 34.1245758095354], [-118.235442628303, 34.1190687138521], [-118.243095341174, 34.119078163197], [-118.246912307969, 34.1245947114553], [-118.243076064226, 34.1301021595831], [-118.235422357819, 34.1300927070086], [-118.231605889589, 34.1245758095354]]]}}, {"type": "Feature", "properties": {"OBJECTID": 1914, "GRID_ID": null, "has_data": false}, "geometry": {"type": "Polygon", "coordinates": [[[-118.426801564175, 34.2183781124243], [-118.430629858726, 34.2128650249022], [-118.438291029235, 34.2128623602428], [-118.442124905019, 34.2183727827113], [-118.438297109931, 34.2238862221598], [-118.430634941394, 34.2238888872134], [-118.426801564175, 34.2183781124243]]]}}, {"type": "Feature", "properties": {"OBJECTID": 1915, "GRID_ID": null, "has_data": false}, "geometry": {"type": "Polygon", "coordinates": [[[-118.415307515012, 34.2128689234614], [-118.419136309026, 34.2073561879391], [-118.426796981869, 34.2073542392749], [-118.430629858726, 34.2128650249022], [-118.426801564175, 34.2183781124243], [-118.419139893304, 34.2183800623193], [-118.415307515012, 34.2128689234614]]]}}, {"type": "Feature", "properties": {"OBJECTID": 1916, "GRID_ID": null, "has_data": false}, "geometry": {"type": "Polygon", "coordinates": [[[-118.197305040988, 34.0638942000805], [-118.201141249696, 34.058388113967], [-118.208788509794, 34.058399672522], [-118.212600551126, 34.0639173208963], [-118.208764833796, 34.0694237598985], [-118.201116583755, 34.0694121961498], [-118.197305040988, 34.0638942000805]]]}}, {"type": "Feature", "properties": {"OBJECTID": 1917, "GRID_ID": null, "has_data": false}, "geometry": {"type": "Polygon", "coordinates": [[[-118.403816553358, 34.2183825329289], [-118.407646343604, 34.2128701588471], [-118.415307515012, 34.2128689234614], [-118.419139893304, 34.2183800623193], [-118.415310601623, 34.2238927882336], [-118.407648432187, 34.2238940234576], [-118.403816553358, 34.2183825329289]]]}}, {"type": "Feature", "properties": {"OBJECTID": 1918, "GRID_ID": null, "has_data": false}, "geometry": {"type": "Polygon", "coordinates": [[[-118.403816553358, 34.2183825329289], [-118.407646343604, 34.2128701588471], [-118.415307515012, 34.2128689234614], [-118.419139893304, 34.2183800623193], [-118.415310601623, 34.2238927882336], [-118.407648432187, 34.2238940234576], [-118.403816553358, 34.2183825329289]]]}}, {"type": "Feature", "properties": {"OBJECTID": 1919, "GRID_ID": null, "has_data": false}, "geometry": {"type": "Polygon", "coordinates": [[[-118.392324001686, 34.2128712003447], [-118.396154291396, 34.207359178169], [-118.403814964238, 34.207358658129], [-118.407646343604, 34.2128701588471], [-118.403816553358, 34.2183825329289], [-118.396154882487, 34.2183830536437], [-118.392324001686, 34.2128712003447]]]}}, {"type": "Feature", "properties": {"OBJECTID": 1920, "GRID_ID": null, "has_data": false}, "geometry": {"type": "Polygon", "coordinates": [[[-118.392324001686, 34.2128712003447], [-118.396154291396, 34.207359178169], [-118.403814964238, 34.207358658129], [-118.407646343604, 34.2128701588471], [-118.403816553358, 34.2183825329289], [-118.396154882487, 34.2183830536437], [-118.392324001686, 34.2128712003447]]]}}, {"type": "Feature", "properties": {"OBJECTID": 1921, "GRID_ID": null, "has_data": false}, "geometry": {"type": "Polygon", "coordinates": [[[-118.220114945901, 34.1300723771288], [-118.223952679949, 34.1245656469073], [-118.231605889589, 34.1245758095354], [-118.235422357819, 34.1300927070086], [-118.231585116946, 34.1355997909954], [-118.22393091377, 34.1355896237442], [-118.220114945901, 34.1300723771288]]]}}, {"type": "Feature", "properties": {"OBJECTID": 1922, "GRID_ID": null, "has_data": false}, "geometry": {"type": "Polygon", "coordinates": [[[-118.380831542541, 34.2183826658932], [-118.384662830279, 34.2128710064568], [-118.392324001686, 34.2128712003447], [-118.396154882487, 34.2183830536437], [-118.392324094213, 34.2238950655618], [-118.384661924777, 34.2238948716993], [-118.380831542541, 34.2183826658932]]]}}, {"type": "Feature", "properties": {"OBJECTID": 1923, "GRID_ID": null, "has_data": false}, "geometry": {"type": "Polygon", "coordinates": [[[-118.380831542541, 34.2183826658932], [-118.384662830279, 34.2128710064568], [-118.392324001686, 34.2128712003447], [-118.396154882487, 34.2183830536437], [-118.392324094213, 34.2238950655618], [-118.384661924777, 34.2238948716993], [-118.380831542541, 34.2183826658932]]]}}, {"type": "Feature", "properties": {"OBJECTID": 1924, "GRID_ID": null, "has_data": false}, "geometry": {"type": "Polygon", "coordinates": [[[-118.380831542541, 34.2183826658932], [-118.384662830279, 34.2128710064568], [-118.392324001686, 34.2128712003447], [-118.396154882487, 34.2183830536437], [-118.392324094213, 34.2238950655618], [-118.384661924777, 34.2238948716993], [-118.380831542541, 34.2183826658932]]]}}, {"type": "Feature", "properties": {"OBJECTID": 1925, "GRID_ID": null, "has_data": false}, "geometry": {"type": "Polygon", "coordinates": [[[-118.380831542541, 34.2183826658932], [-118.384662830279, 34.2128710064568], [-118.392324001686, 34.2128712003447], [-118.396154882487, 34.2183830536437], [-118.392324094213, 34.2238950655618], [-118.384661924777, 34.2238948716993], [-118.380831542541, 34.2183826658932]]]}}, {"type": "Feature", "properties": {"OBJECTID": 1926, "GRID_ID": null, "has_data": false}, "geometry": {"type": "Polygon", "coordinates": [[[-118.380831542541, 34.2183826658932], [-118.384662830279, 34.2128710064568], [-118.392324001686, 34.2128712003447], [-118.396154882487, 34.2183830536437], [-118.392324094213, 34.2238950655618], [-118.384661924777, 34.2238948716993], [-118.380831542541, 34.2183826658932]]]}}, {"type": "Feature", "properties": {"OBJECTID": 1927, "GRID_ID": null, "has_data": false}, "geometry": {"type": "Polygon", "coordinates": [[[-118.380831542541, 34.2183826658932], [-118.384662830279, 34.2128710064568], [-118.392324001686, 34.2128712003447], [-118.396154882487, 34.2183830536437], [-118.392324094213, 34.2238950655618], [-118.384661924777, 34.2238948716993], [-118.380831542541, 34.2183826658932]]]}}, {"type": "Feature", "properties": {"OBJECTID": 1928, "GRID_ID": null, "has_data": false}, "geometry": {"type": "Polygon", "coordinates": [[[-118.380831542541, 34.2183826658932], [-118.384662830279, 34.2128710064568], [-118.392324001686, 34.2128712003447], [-118.396154882487, 34.2183830536437], [-118.392324094213, 34.2238950655618], [-118.384661924777, 34.2238948716993], [-118.380831542541, 34.2183826658932]]]}}, {"type": "Feature", "properties": {"OBJECTID": 1929, "GRID_ID": null, "has_data": false}, "geometry": {"type": "Polygon", "coordinates": [[[-118.380831542541, 34.2183826658932], [-118.384662830279, 34.2128710064568], [-118.392324001686, 34.2128712003447], [-118.396154882487, 34.2183830536437], [-118.392324094213, 34.2238950655618], [-118.384661924777, 34.2238948716993], [-118.380831542541, 34.2183826658932]]]}}, {"type": "Feature", "properties": {"OBJECTID": 1930, "GRID_ID": null, "has_data": false}, "geometry": {"type": "Polygon", "coordinates": [[[-118.380831542541, 34.2183826658932], [-118.384662830279, 34.2128710064568], [-118.392324001686, 34.2128712003447], [-118.396154882487, 34.2183830536437], [-118.392324094213, 34.2238950655618], [-118.384661924777, 34.2238948716993], [-118.380831542541, 34.2183826658932]]]}}, {"type": "Feature", "properties": {"OBJECTID": 1931, "GRID_ID": null, "has_data": false}, "geometry": {"type": "Polygon", "coordinates": [[[-118.380831542541, 34.2183826658932], [-118.384662830279, 34.2128710064568], [-118.392324001686, 34.2128712003447], [-118.396154882487, 34.2183830536437], [-118.392324094213, 34.2238950655618], [-118.384661924777, 34.2238948716993], [-118.380831542541, 34.2183826658932]]]}}, {"type": "Feature", "properties": {"OBJECTID": 1932, "GRID_ID": null, "has_data": false}, "geometry": {"type": "Polygon", "coordinates": [[[-118.369340487463, 34.2128691894073], [-118.373172273765, 34.2073578825266], [-118.380832946608, 34.2073587903678], [-118.384662830279, 34.2128710064568], [-118.380831542541, 34.2183826658932], [-118.373169872569, 34.2183817574279], [-118.369340487463, 34.2128691894073]]]}}, {"type": "Feature", "properties": {"OBJECTID": 1933, "GRID_ID": null, "has_data": false}, "geometry": {"type": "Polygon", "coordinates": [[[-118.369340487463, 34.2128691894073], [-118.373172273765, 34.2073578825266], [-118.380832946608, 34.2073587903678], [-118.384662830279, 34.2128710064568], [-118.380831542541, 34.2183826658932], [-118.373169872569, 34.2183817574279], [-118.369340487463, 34.2128691894073]]]}}, {"type": "Feature", "properties": {"OBJECTID": 1934, "GRID_ID": null, "has_data": false}, "geometry": {"type": "Polygon", "coordinates": [[[-118.369340487463, 34.2128691894073], [-118.373172273765, 34.2073578825266], [-118.380832946608, 34.2073587903678], [-118.384662830279, 34.2128710064568], [-118.380831542541, 34.2183826658932], [-118.373169872569, 34.2183817574279], [-118.369340487463, 34.2128691894073]]]}}, {"type": "Feature", "properties": {"OBJECTID": 1935, "GRID_ID": null, "has_data": false}, "geometry": {"type": "Polygon", "coordinates": [[[-118.208646261568, 34.1245438968267], [-118.212484488791, 34.1190375197022], [-118.220137202561, 34.1190483924767], [-118.223952679949, 34.1245656469073], [-118.220114945901, 34.1300723771288], [-118.212461239493, 34.1300615005667], [-118.208646261568, 34.1245438968267]]]}}, {"type": "Feature", "properties": {"OBJECTID": 1936, "GRID_ID": null, "has_data": false}, "geometry": {"type": "Polygon", "coordinates": [[[-118.357846532623, 34.2183785113171], [-118.361679316055, 34.2128675669886], [-118.369340487463, 34.2128691894073], [-118.373169872569, 34.2183817574279], [-118.369337586803, 34.2238930541448], [-118.361675417367, 34.2238914304528], [-118.357846532623, 34.2183785113171]]]}}, {"type": "Feature", "properties": {"OBJECTID": 1937, "GRID_ID": null, "has_data": false}, "geometry": {"type": "Polygon", "coordinates": [[[-118.357846532623, 34.2183785113171], [-118.361679316055, 34.2128675669886], [-118.369340487463, 34.2128691894073], [-118.373169872569, 34.2183817574279], [-118.369337586803, 34.2238930541448], [-118.361675417367, 34.2238914304528], [-118.357846532623, 34.2183785113171]]]}}, {"type": "Feature", "properties": {"OBJECTID": 1938, "GRID_ID": null, "has_data": false}, "geometry": {"type": "Polygon", "coordinates": [[[-118.357846532623, 34.2183785113171], [-118.361679316055, 34.2128675669886], [-118.369340487463, 34.2128691894073], [-118.373169872569, 34.2183817574279], [-118.369337586803, 34.2238930541448], [-118.361675417367, 34.2238914304528], [-118.357846532623, 34.2183785113171]]]}}, {"type": "Feature", "properties": {"OBJECTID": 1939, "GRID_ID": null, "has_data": false}, "geometry": {"type": "Polygon", "coordinates": [[[-118.357846532623, 34.2183785113171], [-118.361679316055, 34.2128675669886], [-118.369340487463, 34.2128691894073], [-118.373169872569, 34.2183817574279], [-118.369337586803, 34.2238930541448], [-118.361675417367, 34.2238914304528], [-118.357846532623, 34.2183785113171]]]}}, {"type": "Feature", "properties": {"OBJECTID": 1940, "GRID_ID": null, "has_data": false}, "geometry": {"type": "Polygon", "coordinates": [[[-118.357846532623, 34.2183785113171], [-118.361679316055, 34.2128675669886], [-118.369340487463, 34.2128691894073], [-118.373169872569, 34.2183817574279], [-118.369337586803, 34.2238930541448], [-118.361675417367, 34.2238914304528], [-118.357846532623, 34.2183785113171]]]}}, {"type": "Feature", "properties": {"OBJECTID": 1941, "GRID_ID": null, "has_data": false}, "geometry": {"type": "Polygon", "coordinates": [[[-118.357846532623, 34.2183785113171], [-118.361679316055, 34.2128675669886], [-118.369340487463, 34.2128691894073], [-118.373169872569, 34.2183817574279], [-118.369337586803, 34.2238930541448], [-118.361675417367, 34.2238914304528], [-118.357846532623, 34.2183785113171]]]}}, {"type": "Feature", "properties": {"OBJECTID": 1942, "GRID_ID": null, "has_data": false}, "geometry": {"type": "Polygon", "coordinates": [[[-118.357846532623, 34.2183785113171], [-118.361679316055, 34.2128675669886], [-118.369340487463, 34.2128691894073], [-118.373169872569, 34.2183817574279], [-118.369337586803, 34.2238930541448], [-118.361675417367, 34.2238914304528], [-118.357846532623, 34.2183785113171]]]}}, {"type": "Feature", "properties": {"OBJECTID": 1943, "GRID_ID": null, "has_data": false}, "geometry": {"type": "Polygon", "coordinates": [[[-118.346356974138, 34.2128628921347], [-118.350190256135, 34.2073523010114], [-118.357850928978, 34.2073546374769], [-118.361679316055, 34.2128675669886], [-118.357846532623, 34.2183785113171], [-118.350184861752, 34.2183761736716], [-118.346356974138, 34.2128628921347]]]}}, {"type": "Feature", "properties": {"OBJECTID": 1944, "GRID_ID": null, "has_data": false}, "geometry": {"type": "Polygon", "coordinates": [[[-118.197153825779, 34.1300383212229], [-118.200993051031, 34.1245323101174], [-118.208646261568, 34.1245438968267], [-118.212461239493, 34.1300615005667], [-118.208622508316, 34.1355678653467], [-118.200968304241, 34.1355562734565], [-118.197153825779, 34.1300383212229]]]}}, {"type": "Feature", "properties": {"OBJECTID": 1945, "GRID_ID": null, "has_data": false}, "geometry": {"type": "Polygon", "coordinates": [[[-118.599202688751, 34.2237201797995], [-118.603020005889, 34.2182017726546], [-118.610681678557, 34.2181883885466], [-118.614527033911, 34.2236934066498], [-118.610710218932, 34.2292121640842], [-118.603047548236, 34.2292255531252], [-118.599202688751, 34.2237201797995]]]}}, {"type": "Feature", "properties": {"OBJECTID": 1946, "GRID_ID": null, "has_data": false}, "geometry": {"type": "Polygon", "coordinates": [[[-118.587722205047, 34.2292509022052], [-118.591540517518, 34.2237328521978], [-118.599202688751, 34.2237201797995], [-118.603047548236, 34.2292255531252], [-118.599229738821, 34.234743953254], [-118.59156656956, 34.2347566306778], [-118.587722205047, 34.2292509022052]]]}}, {"type": "Feature", "properties": {"OBJECTID": 1947, "GRID_ID": null, "has_data": false}, "geometry": {"type": "Polygon", "coordinates": [[[-118.185686629955, 34.1245077118725], [-118.189526348381, 34.119002053773], [-118.197179063049, 34.1190143507224], [-118.200993051031, 34.1245323101174], [-118.197153825779, 34.1300383212229], [-118.189500118473, 34.130026019928], [-118.185686629955, 34.1245077118725]]]}}, {"type": "Feature", "properties": {"OBJECTID": 1948, "GRID_ID": null, "has_data": false}, "geometry": {"type": "Polygon", "coordinates": [[[-118.576216173256, 34.2237567664144], [-118.580034986987, 34.2182390658581], [-118.587696658757, 34.2182271109387], [-118.591540517518, 34.2237328521978], [-118.587722205047, 34.2292509022052], [-118.580059535249, 34.2292628622445], [-118.576216173256, 34.2237567664144]]]}}, {"type": "Feature", "properties": {"OBJECTID": 1949, "GRID_ID": null, "has_data": false}, "geometry": {"type": "Polygon", "coordinates": [[[-118.185846728603, 34.0583635768709], [-118.189683429589, 34.0528578437213], [-118.197330195612, 34.0528701100901], [-118.201141249696, 34.058388113967], [-118.197305040988, 34.0638942000805], [-118.189657285021, 34.0638819286094], [-118.185846728603, 34.0583635768709]]]}}, {"type": "Feature", "properties": {"OBJECTID": 1950, "GRID_ID": null, "has_data": false}, "geometry": {"type": "Polygon", "coordinates": [[[-118.185846728603, 34.0583635768709], [-118.189683429589, 34.0528578437213], [-118.197330195612, 34.0528701100901], [-118.201141249696, 34.058388113967], [-118.197305040988, 34.0638942000805], [-118.189657285021, 34.0638819286094], [-118.185846728603, 34.0583635768709]]]}}, {"type": "Feature", "properties": {"OBJECTID": 1951, "GRID_ID": null, "has_data": false}, "geometry": {"type": "Polygon", "coordinates": [[[-118.185846728603, 34.0583635768709], [-118.189683429589, 34.0528578437213], [-118.197330195612, 34.0528701100901], [-118.201141249696, 34.058388113967], [-118.197305040988, 34.0638942000805], [-118.189657285021, 34.0638819286094], [-118.185846728603, 34.0583635768709]]]}}, {"type": "Feature", "properties": {"OBJECTID": 1952, "GRID_ID": null, "has_data": false}, "geometry": {"type": "Polygon", "coordinates": [[[-118.564734193857, 34.229285351095], [-118.568554002023, 34.2237680089758], [-118.576216173256, 34.2237567664144], [-118.580059535249, 34.2292628622445], [-118.576240229241, 34.2347805543896], [-118.568577059082, 34.2347918014208], [-118.564734193857, 34.229285351095]]]}}, {"type": "Feature", "properties": {"OBJECTID": 1953, "GRID_ID": null, "has_data": false}, "geometry": {"type": "Polygon", "coordinates": [[[-118.564734193857, 34.229285351095], [-118.568554002023, 34.2237680089758], [-118.576216173256, 34.2237567664144], [-118.580059535249, 34.2292628622445], [-118.576240229241, 34.2347805543896], [-118.568577059082, 34.2347918014208], [-118.564734193857, 34.229285351095]]]}}, {"type": "Feature", "properties": {"OBJECTID": 1954, "GRID_ID": null, "has_data": false}, "geometry": {"type": "Polygon", "coordinates": [[[-118.564734193857, 34.229285351095], [-118.568554002023, 34.2237680089758], [-118.576216173256, 34.2237567664144], [-118.580059535249, 34.2292628622445], [-118.576240229241, 34.2347805543896], [-118.568577059082, 34.2347918014208], [-118.564734193857, 34.229285351095]]]}}, {"type": "Feature", "properties": {"OBJECTID": 1955, "GRID_ID": null, "has_data": false}, "geometry": {"type": "Polygon", "coordinates": [[[-118.553229659558, 34.2237890635202], [-118.557049969882, 34.2182720714992], [-118.564711641652, 34.2182615457667], [-118.568554002023, 34.2237680089758], [-118.564734193857, 34.229285351095], [-118.557071523161, 34.2292958806491], [-118.553229659558, 34.2237890635202]]]}}, {"type": "Feature", "properties": {"OBJECTID": 1956, "GRID_ID": null, "has_data": false}, "geometry": {"type": "Polygon", "coordinates": [[[-118.403805446588, 34.1412149909104], [-118.407631754964, 34.1357025490162], [-118.415285956343, 34.1357013169617], [-118.419114841985, 34.141212526962], [-118.415289031276, 34.1467253208874], [-118.407633835462, 34.1467265527812], [-118.403805446588, 34.1412149909104]]]}}, {"type": "Feature", "properties": {"OBJECTID": 1957, "GRID_ID": null, "has_data": false}, "geometry": {"type": "Polygon", "coordinates": [[[-118.541746183566, 34.2293155107588], [-118.545567488325, 34.2237988762463], [-118.553229659558, 34.2237890635202], [-118.557071523161, 34.2292958806491], [-118.55325072056, 34.2348128658347], [-118.5455875504, 34.2348226824752], [-118.541746183566, 34.2293155107588]]]}}, {"type": "Feature", "properties": {"OBJECTID": 1958, "GRID_ID": null, "has_data": false}, "geometry": {"type": "Polygon", "coordinates": [[[-118.530243147656, 34.2238170726073], [-118.534064954574, 34.2183007888405], [-118.541726626344, 34.218291693036], [-118.545567488325, 34.2237988762463], [-118.541746183566, 34.2293155107588], [-118.534083513768, 34.2293246105721], [-118.530243147656, 34.2238170726073]]]}}, {"type": "Feature", "properties": {"OBJECTID": 1959, "GRID_ID": null, "has_data": false}, "geometry": {"type": "Polygon", "coordinates": [[[-118.174361773086, 34.0638559650286], [-118.178199468506, 34.0583505975852], [-118.185846728603, 34.0583635768709], [-118.189657285021, 34.0638819286094], [-118.185820081877, 34.0693876488513], [-118.178171830938, 34.0693746645568], [-118.174361773086, 34.0638559650286]]]}}, {"type": "Feature", "properties": {"OBJECTID": 1960, "GRID_ID": null, "has_data": false}, "geometry": {"type": "Polygon", "coordinates": [[[-118.518758175071, 34.2293413804587], [-118.522580977322, 34.2238254562424], [-118.530243147656, 34.2238170726073], [-118.534083513768, 34.2293246105721], [-118.530261212777, 34.2348408861091], [-118.522598043516, 34.234849273103], [-118.518758175071, 34.2293413804587]]]}}, {"type": "Feature", "properties": {"OBJECTID": 1961, "GRID_ID": null, "has_data": false}, "geometry": {"type": "Polygon", "coordinates": [[[-118.507256637551, 34.2238407929372], [-118.511079941062, 34.2183252193717], [-118.518741611933, 34.2183175520082], [-118.522580977322, 34.2238254562424], [-118.518758175071, 34.2293413804587], [-118.511095505273, 34.2293490505325], [-118.507256637551, 34.2238407929372]]]}}, {"type": "Feature", "properties": {"OBJECTID": 1962, "GRID_ID": null, "has_data": false}, "geometry": {"type": "Polygon", "coordinates": [[[-118.392323353103, 34.1357035870054], [-118.396150158247, 34.1301914957292], [-118.403803862858, 34.1301909767007], [-118.407631754964, 34.1357025490162], [-118.403805446588, 34.1412149909104], [-118.396150747542, 34.1412155098711], [-118.392323353103, 34.1357035870054]]]}}, {"type": "Feature", "properties": {"OBJECTID": 1963, "GRID_ID": null, "has_data": false}, "geometry": {"type": "Polygon", "coordinates": [[[-118.495770167474, 34.2293629609413], [-118.499594467217, 34.2238477467399], [-118.507256637551, 34.2238407929372], [-118.511095505273, 34.2293490505325], [-118.50727170679, 34.2348646159597], [-118.499608538427, 34.2348715725655], [-118.495770167474, 34.2293629609413]]]}}, {"type": "Feature", "properties": {"OBJECTID": 1964, "GRID_ID": null, "has_data": false}, "geometry": {"type": "Polygon", "coordinates": [[[-118.484270127446, 34.2238602245137], [-118.488094927551, 34.2183453616111], [-118.49575659932, 34.2183391234302], [-118.499594467217, 34.2238477467399], [-118.495770167474, 34.2293629609413], [-118.488107497676, 34.2293692012767], [-118.484270127446, 34.2238602245137]]]}}, {"type": "Feature", "properties": {"OBJECTID": 1965, "GRID_ID": null, "has_data": false}, "geometry": {"type": "Polygon", "coordinates": [[[-118.392322798842, 34.0695591456789], [-118.396146628766, 34.0640469950013], [-118.403794382039, 34.0640464770553], [-118.407619294432, 34.0695581098544], [-118.40379595948, 34.0750706103577], [-118.396147216264, 34.0750711282363], [-118.392322798842, 34.0695591456789]]]}}, {"type": "Feature", "properties": {"OBJECTID": 1966, "GRID_ID": null, "has_data": false}, "geometry": {"type": "Polygon", "coordinates": [[[-118.472782159878, 34.2293802522099], [-118.47660795801, 34.2238657492277], [-118.484270127446, 34.2238602245137], [-118.488107497676, 34.2293692012767], [-118.484282201702, 34.2348840561327], [-118.476619033339, 34.2348895823517], [-118.472782159878, 34.2293802522099]]]}}, {"type": "Feature", "properties": {"OBJECTID": 1967, "GRID_ID": null, "has_data": false}, "geometry": {"type": "Polygon", "coordinates": [[[-118.472782159878, 34.2293802522099], [-118.47660795801, 34.2238657492277], [-118.484270127446, 34.2238602245137], [-118.488107497676, 34.2293692012767], [-118.484282201702, 34.2348840561327], [-118.476619033339, 34.2348895823517], [-118.472782159878, 34.2293802522099]]]}}, {"type": "Feature", "properties": {"OBJECTID": 1968, "GRID_ID": null, "has_data": false}, "geometry": {"type": "Polygon", "coordinates": [[[-118.46128361824, 34.2238753680822], [-118.465109915836, 34.2183612163044], [-118.472771585808, 34.2183564073052], [-118.47660795801, 34.2238657492277], [-118.472782159878, 34.2293802522099], [-118.465119491876, 34.2293850628079], [-118.46128361824, 34.2238753680822]]]}}, {"type": "Feature", "properties": {"OBJECTID": 1969, "GRID_ID": null, "has_data": false}, "geometry": {"type": "Polygon", "coordinates": [[[-118.46128361824, 34.2238753680822], [-118.465109915836, 34.2183612163044], [-118.472771585808, 34.2183564073052], [-118.47660795801, 34.2238657492277], [-118.472782159878, 34.2293802522099], [-118.465119491876, 34.2293850628079], [-118.46128361824, 34.2238753680822]]]}}, {"type": "Feature", "properties": {"OBJECTID": 1970, "GRID_ID": null, "has_data": false}, "geometry": {"type": "Polygon", "coordinates": [[[-118.46128361824, 34.2238753680822], [-118.465109915836, 34.2183612163044], [-118.472771585808, 34.2183564073052], [-118.47660795801, 34.2238657492277], [-118.472782159878, 34.2293802522099], [-118.465119491876, 34.2293850628079], [-118.46128361824, 34.2238753680822]]]}}, {"type": "Feature", "properties": {"OBJECTID": 1971, "GRID_ID": null, "has_data": false}, "geometry": {"type": "Polygon", "coordinates": [[[-118.46128361824, 34.2238753680822], [-118.465109915836, 34.2183612163044], [-118.472771585808, 34.2183564073052], [-118.47660795801, 34.2238657492277], [-118.472782159878, 34.2293802522099], [-118.465119491876, 34.2293850628079], [-118.46128361824, 34.2238753680822]]]}}, {"type": "Feature", "properties": {"OBJECTID": 1972, "GRID_ID": null, "has_data": false}, "geometry": {"type": "Polygon", "coordinates": [[[-118.380841352144, 34.1412151232528], [-118.384669151723, 34.1357033936837], [-118.392323353103, 34.1357035870054], [-118.396150747542, 34.1412155098711], [-118.392323445629, 34.1467275913785], [-118.384668249815, 34.1467273980819], [-118.380841352144, 34.1412151232528]]]}}, {"type": "Feature", "properties": {"OBJECTID": 1973, "GRID_ID": null, "has_data": false}, "geometry": {"type": "Polygon", "coordinates": [[[-118.449794154078, 34.2293932535243], [-118.453621448804, 34.2238794622229], [-118.46128361824, 34.2238753680822], [-118.465119491876, 34.2293850628079], [-118.461292696614, 34.2348992051459], [-118.453629530048, 34.2349033017214], [-118.449794154078, 34.2293932535243]]]}}, {"type": "Feature", "properties": {"OBJECTID": 1974, "GRID_ID": null, "has_data": false}, "geometry": {"type": "Polygon", "coordinates": [[[-118.438297109931, 34.2238862221598], [-118.442124905019, 34.2183727827113], [-118.449786574992, 34.2183694036359], [-118.453621448804, 34.2238794622229], [-118.449794154078, 34.2293932535243], [-118.442131486077, 34.2293966343856], [-118.438297109931, 34.2238862221598]]]}}, {"type": "Feature", "properties": {"OBJECTID": 1975, "GRID_ID": null, "has_data": false}, "geometry": {"type": "Polygon", "coordinates": [[[-118.438297109931, 34.2238862221598], [-118.442124905019, 34.2183727827113], [-118.449786574992, 34.2183694036359], [-118.453621448804, 34.2238794622229], [-118.449794154078, 34.2293932535243], [-118.442131486077, 34.2293966343856], [-118.438297109931, 34.2238862221598]]]}}, {"type": "Feature", "properties": {"OBJECTID": 1976, "GRID_ID": null, "has_data": false}, "geometry": {"type": "Polygon", "coordinates": [[[-118.438297109931, 34.2238862221598], [-118.442124905019, 34.2183727827113], [-118.449786574992, 34.2183694036359], [-118.453621448804, 34.2238794622229], [-118.449794154078, 34.2293932535243], [-118.442131486077, 34.2293966343856], [-118.438297109931, 34.2238862221598]]]}}, {"type": "Feature", "properties": {"OBJECTID": 1977, "GRID_ID": null, "has_data": false}, "geometry": {"type": "Polygon", "coordinates": [[[-118.438297109931, 34.2238862221598], [-118.442124905019, 34.2183727827113], [-118.449786574992, 34.2183694036359], [-118.453621448804, 34.2238794622229], [-118.449794154078, 34.2293932535243], [-118.442131486077, 34.2293966343856], [-118.438297109931, 34.2238862221598]]]}}, {"type": "Feature", "properties": {"OBJECTID": 1978, "GRID_ID": null, "has_data": false}, "geometry": {"type": "Polygon", "coordinates": [[[-118.438297109931, 34.2238862221598], [-118.442124905019, 34.2183727827113], [-118.449786574992, 34.2183694036359], [-118.453621448804, 34.2238794622229], [-118.449794154078, 34.2293932535243], [-118.442131486077, 34.2293966343856], [-118.438297109931, 34.2238862221598]]]}}, {"type": "Feature", "properties": {"OBJECTID": 1979, "GRID_ID": null, "has_data": false}, "geometry": {"type": "Polygon", "coordinates": [[[-118.438297109931, 34.2238862221598], [-118.442124905019, 34.2183727827113], [-118.449786574992, 34.2183694036359], [-118.453621448804, 34.2238794622229], [-118.449794154078, 34.2293932535243], [-118.442131486077, 34.2293966343856], [-118.438297109931, 34.2238862221598]]]}}, {"type": "Feature", "properties": {"OBJECTID": 1980, "GRID_ID": null, "has_data": false}, "geometry": {"type": "Polygon", "coordinates": [[[-118.438297109931, 34.2238862221598], [-118.442124905019, 34.2183727827113], [-118.449786574992, 34.2183694036359], [-118.453621448804, 34.2238794622229], [-118.449794154078, 34.2293932535243], [-118.442131486077, 34.2293966343856], [-118.438297109931, 34.2238862221598]]]}}, {"type": "Feature", "properties": {"OBJECTID": 1981, "GRID_ID": null, "has_data": false}, "geometry": {"type": "Polygon", "coordinates": [[[-118.438297109931, 34.2238862221598], [-118.442124905019, 34.2183727827113], [-118.449786574992, 34.2183694036359], [-118.453621448804, 34.2238794622229], [-118.449794154078, 34.2293932535243], [-118.442131486077, 34.2293966343856], [-118.438297109931, 34.2238862221598]]]}}, {"type": "Feature", "properties": {"OBJECTID": 1982, "GRID_ID": null, "has_data": false}, "geometry": {"type": "Polygon", "coordinates": [[[-118.438297109931, 34.2238862221598], [-118.442124905019, 34.2183727827113], [-118.449786574992, 34.2183694036359], [-118.453621448804, 34.2238794622229], [-118.449794154078, 34.2293932535243], [-118.442131486077, 34.2293966343856], [-118.438297109931, 34.2238862221598]]]}}, {"type": "Feature", "properties": {"OBJECTID": 1983, "GRID_ID": null, "has_data": false}, "geometry": {"type": "Polygon", "coordinates": [[[-118.438297109931, 34.2238862221598], [-118.442124905019, 34.2183727827113], [-118.449786574992, 34.2183694036359], [-118.453621448804, 34.2238794622229], [-118.449794154078, 34.2293932535243], [-118.442131486077, 34.2293966343856], [-118.438297109931, 34.2238862221598]]]}}, {"type": "Feature", "properties": {"OBJECTID": 1984, "GRID_ID": null, "has_data": false}, "geometry": {"type": "Polygon", "coordinates": [[[-118.438297109931, 34.2238862221598], [-118.442124905019, 34.2183727827113], [-118.449786574992, 34.2183694036359], [-118.453621448804, 34.2238794622229], [-118.449794154078, 34.2293932535243], [-118.442131486077, 34.2293966343856], [-118.438297109931, 34.2238862221598]]]}}, {"type": "Feature", "properties": {"OBJECTID": 1985, "GRID_ID": null, "has_data": false}, "geometry": {"type": "Polygon", "coordinates": [[[-118.438297109931, 34.2238862221598], [-118.442124905019, 34.2183727827113], [-118.449786574992, 34.2183694036359], [-118.453621448804, 34.2238794622229], [-118.449794154078, 34.2293932535243], [-118.442131486077, 34.2293966343856], [-118.438297109931, 34.2238862221598]]]}}, {"type": "Feature", "properties": {"OBJECTID": 1986, "GRID_ID": null, "has_data": false}, "geometry": {"type": "Polygon", "coordinates": [[[-118.438297109931, 34.2238862221598], [-118.442124905019, 34.2183727827113], [-118.449786574992, 34.2183694036359], [-118.453621448804, 34.2238794622229], [-118.449794154078, 34.2293932535243], [-118.442131486077, 34.2293966343856], [-118.438297109931, 34.2238862221598]]]}}, {"type": "Feature", "properties": {"OBJECTID": 1987, "GRID_ID": null, "has_data": false}, "geometry": {"type": "Polygon", "coordinates": [[[-118.380849730731, 34.0750707428037], [-118.384674551496, 34.0695589522059], [-118.392322798842, 34.0695591456789], [-118.396147216264, 34.0750711282363], [-118.392322891369, 34.0805832684936], [-118.384673652283, 34.0805830757899], [-118.380849730731, 34.0750707428037]]]}}, {"type": "Feature", "properties": {"OBJECTID": 1988, "GRID_ID": null, "has_data": false}, "geometry": {"type": "Polygon", "coordinates": [[[-118.380849730731, 34.0750707428037], [-118.384674551496, 34.0695589522059], [-118.392322798842, 34.0695591456789], [-118.396147216264, 34.0750711282363], [-118.392322891369, 34.0805832684936], [-118.384673652283, 34.0805830757899], [-118.380849730731, 34.0750707428037]]]}}, {"type": "Feature", "properties": {"OBJECTID": 1989, "GRID_ID": null, "has_data": false}, "geometry": {"type": "Polygon", "coordinates": [[[-118.380849730731, 34.0750707428037], [-118.384674551496, 34.0695589522059], [-118.392322798842, 34.0695591456789], [-118.396147216264, 34.0750711282363], [-118.392322891369, 34.0805832684936], [-118.384673652283, 34.0805830757899], [-118.380849730731, 34.0750707428037]]]}}, {"type": "Feature", "properties": {"OBJECTID": 1990, "GRID_ID": null, "has_data": false}, "geometry": {"type": "Polygon", "coordinates": [[[-118.426806148278, 34.2294019656293], [-118.430634941394, 34.2238888872134], [-118.438297109931, 34.2238862221598], [-118.442131486077, 34.2293966343856], [-118.438303193322, 34.2349100644869], [-118.430640025858, 34.2349127306769], [-118.426806148278, 34.2294019656293]]]}}, {"type": "Feature", "properties": {"OBJECTID": 1991, "GRID_ID": null, "has_data": false}, "geometry": {"type": "Polygon", "coordinates": [[[-118.426806148278, 34.2294019656293], [-118.430634941394, 34.2238888872134], [-118.438297109931, 34.2238862221598], [-118.442131486077, 34.2293966343856], [-118.438303193322, 34.2349100644869], [-118.430640025858, 34.2349127306769], [-118.426806148278, 34.2294019656293]]]}}, {"type": "Feature", "properties": {"OBJECTID": 1992, "GRID_ID": null, "has_data": false}, "geometry": {"type": "Polygon", "coordinates": [[[-118.415310601623, 34.2238927882336], [-118.419139893304, 34.2183800623193], [-118.426801564175, 34.2183781124243], [-118.430634941394, 34.2238888872134], [-118.426806148278, 34.2294019656293], [-118.419143479378, 34.2294039160118], [-118.415310601623, 34.2238927882336]]]}}, {"type": "Feature", "properties": {"OBJECTID": 1993, "GRID_ID": null, "has_data": false}, "geometry": {"type": "Polygon", "coordinates": [[[-118.369360749863, 34.1357015824074], [-118.37318904621, 34.1301902041068], [-118.380842750821, 34.130191109804], [-118.384669151723, 34.1357033936837], [-118.380841352144, 34.1412151232528], [-118.373186653996, 34.1412142176737], [-118.369360749863, 34.1357015824074]]]}}, {"type": "Feature", "properties": {"OBJECTID": 1994, "GRID_ID": null, "has_data": false}, "geometry": {"type": "Polygon", "coordinates": [[[-118.369378055906, 34.0695571454662], [-118.373203371644, 34.0640457060899], [-118.380851124018, 34.0640466095186], [-118.384674551496, 34.0695589522059], [-118.380849730731, 34.0750707428037], [-118.373200987515, 34.0750698387486], [-118.369378055906, 34.0695571454662]]]}}, {"type": "Feature", "properties": {"OBJECTID": 1995, "GRID_ID": null, "has_data": false}, "geometry": {"type": "Polygon", "coordinates": [[[-118.369378055906, 34.0695571454662], [-118.373203371644, 34.0640457060899], [-118.380851124018, 34.0640466095186], [-118.384674551496, 34.0695589522059], [-118.380849730731, 34.0750707428037], [-118.373200987515, 34.0750698387486], [-118.369378055906, 34.0695571454662]]]}}, {"type": "Feature", "properties": {"OBJECTID": 1996, "GRID_ID": null, "has_data": false}, "geometry": {"type": "Polygon", "coordinates": [[[-118.369378055906, 34.0695571454662], [-118.373203371644, 34.0640457060899], [-118.380851124018, 34.0640466095186], [-118.384674551496, 34.0695589522059], [-118.380849730731, 34.0750707428037], [-118.373200987515, 34.0750698387486], [-118.369378055906, 34.0695571454662]]]}}, {"type": "Feature", "properties": {"OBJECTID": 1997, "GRID_ID": null, "has_data": false}, "geometry": {"type": "Polygon", "coordinates": [[[-118.403818143376, 34.2294063877836], [-118.407648432187, 34.2238940234576], [-118.415310601623, 34.2238927882336], [-118.419143479378, 34.2294039160118], [-118.415313690031, 34.2349166326718], [-118.407650522567, 34.2349178692195], [-118.403818143376, 34.2294063877836]]]}}, {"type": "Feature", "properties": {"OBJECTID": 1998, "GRID_ID": null, "has_data": false}, "geometry": {"type": "Polygon", "coordinates": [[[-118.357903501083, 34.0750666101926], [-118.361729807662, 34.0695555314553], [-118.369378055906, 34.0695571454662], [-118.373200987515, 34.0750698387486], [-118.369375175908, 34.0805812677972], [-118.361725936822, 34.0805796532523], [-118.357903501083, 34.0750666101926]]]}}, {"type": "Feature", "properties": {"OBJECTID": 1999, "GRID_ID": null, "has_data": false}, "geometry": {"type": "Polygon", "coordinates": [[[-118.357903501083, 34.0750666101926], [-118.361729807662, 34.0695555314553], [-118.369378055906, 34.0695571454662], [-118.373200987515, 34.0750698387486], [-118.369375175908, 34.0805812677972], [-118.361725936822, 34.0805796532523], [-118.357903501083, 34.0750666101926]]]}}, {"type": "Feature", "properties": {"OBJECTID": 2000, "GRID_ID": null, "has_data": false}, "geometry": {"type": "Polygon", "coordinates": [[[-118.357903501083, 34.0750666101926], [-118.361729807662, 34.0695555314553], [-118.369378055906, 34.0695571454662], [-118.373200987515, 34.0750698387486], [-118.369375175908, 34.0805812677972], [-118.361725936822, 34.0805796532523], [-118.357903501083, 34.0750666101926]]]}}, {"type": "Feature", "properties": {"OBJECTID": 2001, "GRID_ID": null, "has_data": false}, "geometry": {"type": "Polygon", "coordinates": [[[-118.357903501083, 34.0750666101926], [-118.361729807662, 34.0695555314553], [-118.369378055906, 34.0695571454662], [-118.373200987515, 34.0750698387486], [-118.369375175908, 34.0805812677972], [-118.361725936822, 34.0805796532523], [-118.357903501083, 34.0750666101926]]]}}, {"type": "Feature", "properties": {"OBJECTID": 2002, "GRID_ID": null, "has_data": false}, "geometry": {"type": "Polygon", "coordinates": [[[-118.357903501083, 34.0750666101926], [-118.361729807662, 34.0695555314553], [-118.369378055906, 34.0695571454662], [-118.373200987515, 34.0750698387486], [-118.369375175908, 34.0805812677972], [-118.361725936822, 34.0805796532523], [-118.357903501083, 34.0750666101926]]]}}, {"type": "Feature", "properties": {"OBJECTID": 2003, "GRID_ID": null, "has_data": false}, "geometry": {"type": "Polygon", "coordinates": [[[-118.357903501083, 34.0750666101926], [-118.361729807662, 34.0695555314553], [-118.369378055906, 34.0695571454662], [-118.373200987515, 34.0750698387486], [-118.369375175908, 34.0805812677972], [-118.361725936822, 34.0805796532523], [-118.357903501083, 34.0750666101926]]]}}, {"type": "Feature", "properties": {"OBJECTID": 2004, "GRID_ID": null, "has_data": false}, "geometry": {"type": "Polygon", "coordinates": [[[-118.357903501083, 34.0750666101926], [-118.361729807662, 34.0695555314553], [-118.369378055906, 34.0695571454662], [-118.373200987515, 34.0750698387486], [-118.369375175908, 34.0805812677972], [-118.361725936822, 34.0805796532523], [-118.357903501083, 34.0750666101926]]]}}, {"type": "Feature", "properties": {"OBJECTID": 2005, "GRID_ID": null, "has_data": false}, "geometry": {"type": "Polygon", "coordinates": [[[-118.357903501083, 34.0750666101926], [-118.361729807662, 34.0695555314553], [-118.369378055906, 34.0695571454662], [-118.373200987515, 34.0750698387486], [-118.369375175908, 34.0805812677972], [-118.361725936822, 34.0805796532523], [-118.357903501083, 34.0750666101926]]]}}, {"type": "Feature", "properties": {"OBJECTID": 2006, "GRID_ID": null, "has_data": false}, "geometry": {"type": "Polygon", "coordinates": [[[-118.392324094213, 34.2238950655618], [-118.396154882487, 34.2183830536437], [-118.403816553358, 34.2183825329289], [-118.407648432187, 34.2238940234576], [-118.403818143376, 34.2294063877836], [-118.396155474477, 34.229406909173], [-118.392324094213, 34.2238950655618]]]}}, {"type": "Feature", "properties": {"OBJECTID": 2007, "GRID_ID": null, "has_data": false}, "geometry": {"type": "Polygon", "coordinates": [[[-118.392324094213, 34.2238950655618], [-118.396154882487, 34.2183830536437], [-118.403816553358, 34.2183825329289], [-118.407648432187, 34.2238940234576], [-118.403818143376, 34.2294063877836], [-118.396155474477, 34.229406909173], [-118.392324094213, 34.2238950655618]]]}}, {"type": "Feature", "properties": {"OBJECTID": 2008, "GRID_ID": null, "has_data": false}, "geometry": {"type": "Polygon", "coordinates": [[[-118.357877257701, 34.1412109804886], [-118.361706548483, 34.1356999644528], [-118.369360749863, 34.1357015824074], [-118.373186653996, 34.1412142176737], [-118.369357859982, 34.146725585555], [-118.361702664168, 34.1467239670681], [-118.357877257701, 34.1412109804886]]]}}, {"type": "Feature", "properties": {"OBJECTID": 2009, "GRID_ID": null, "has_data": false}, "geometry": {"type": "Polygon", "coordinates": [[[-118.357877257701, 34.1412109804886], [-118.361706548483, 34.1356999644528], [-118.369360749863, 34.1357015824074], [-118.373186653996, 34.1412142176737], [-118.369357859982, 34.146725585555], [-118.361702664168, 34.1467239670681], [-118.357877257701, 34.1412109804886]]]}}, {"type": "Feature", "properties": {"OBJECTID": 2010, "GRID_ID": null, "has_data": false}, "geometry": {"type": "Polygon", "coordinates": [[[-118.380830138475, 34.2294065207305], [-118.384661924777, 34.2238948716993], [-118.392324094213, 34.2238950655618], [-118.396155474477, 34.229406909173], [-118.392324187638, 34.2349189111873], [-118.384661019275, 34.2349187173501], [-118.380830138475, 34.2294065207305]]]}}, {"type": "Feature", "properties": {"OBJECTID": 2011, "GRID_ID": null, "has_data": false}, "geometry": {"type": "Polygon", "coordinates": [[[-118.380830138475, 34.2294065207305], [-118.384661924777, 34.2238948716993], [-118.392324094213, 34.2238950655618], [-118.396155474477, 34.229406909173], [-118.392324187638, 34.2349189111873], [-118.384661019275, 34.2349187173501], [-118.380830138475, 34.2294065207305]]]}}, {"type": "Feature", "properties": {"OBJECTID": 2012, "GRID_ID": null, "has_data": false}, "geometry": {"type": "Polygon", "coordinates": [[[-118.380830138475, 34.2294065207305], [-118.384661924777, 34.2238948716993], [-118.392324094213, 34.2238950655618], [-118.396155474477, 34.229406909173], [-118.392324187638, 34.2349189111873], [-118.384661019275, 34.2349187173501], [-118.380830138475, 34.2294065207305]]]}}, {"type": "Feature", "properties": {"OBJECTID": 2013, "GRID_ID": null, "has_data": false}, "geometry": {"type": "Polygon", "coordinates": [[[-118.346433312971, 34.0695508821512], [-118.350260114521, 34.0640401545431], [-118.357907866896, 34.0640424786022], [-118.361729807662, 34.0695555314553], [-118.357903501083, 34.0750666101926], [-118.350254757867, 34.0750642849477], [-118.346433312971, 34.0695508821512]]]}}, {"type": "Feature", "properties": {"OBJECTID": 2014, "GRID_ID": null, "has_data": false}, "geometry": {"type": "Polygon", "coordinates": [[[-118.369337586803, 34.2238930541448], [-118.373169872569, 34.2183817574279], [-118.380831542541, 34.2183826658932], [-118.384661924777, 34.2238948716993], [-118.380830138475, 34.2294065207305], [-118.373167469575, 34.229405612384], [-118.369337586803, 34.2238930541448]]]}}, {"type": "Feature", "properties": {"OBJECTID": 2015, "GRID_ID": null, "has_data": false}, "geometry": {"type": "Polygon", "coordinates": [[[-118.369337586803, 34.2238930541448], [-118.373169872569, 34.2183817574279], [-118.380831542541, 34.2183826658932], [-118.384661924777, 34.2238948716993], [-118.380830138475, 34.2294065207305], [-118.373167469575, 34.229405612384], [-118.369337586803, 34.2238930541448]]]}}, {"type": "Feature", "properties": {"OBJECTID": 2016, "GRID_ID": null, "has_data": false}, "geometry": {"type": "Polygon", "coordinates": [[[-118.369337586803, 34.2238930541448], [-118.373169872569, 34.2183817574279], [-118.380831542541, 34.2183826658932], [-118.384661924777, 34.2238948716993], [-118.380830138475, 34.2294065207305], [-118.373167469575, 34.229405612384], [-118.369337586803, 34.2238930541448]]]}}, {"type": "Feature", "properties": {"OBJECTID": 2017, "GRID_ID": null, "has_data": false}, "geometry": {"type": "Polygon", "coordinates": [[[-118.369337586803, 34.2238930541448], [-118.373169872569, 34.2183817574279], [-118.380831542541, 34.2183826658932], [-118.384661924777, 34.2238948716993], [-118.380830138475, 34.2294065207305], [-118.373167469575, 34.229405612384], [-118.369337586803, 34.2238930541448]]]}}, {"type": "Feature", "properties": {"OBJECTID": 2018, "GRID_ID": null, "has_data": false}, "geometry": {"type": "Polygon", "coordinates": [[[-118.346398146622, 34.1356953031671], [-118.350227933275, 34.1301846383071], [-118.357881637886, 34.1301869687302], [-118.361706548483, 34.1356999644528], [-118.357877257701, 34.1412109804886], [-118.350222559553, 34.1412086496261], [-118.346398146622, 34.1356953031671]]]}}, {"type": "Feature", "properties": {"OBJECTID": 2019, "GRID_ID": null, "has_data": false}, "geometry": {"type": "Polygon", "coordinates": [[[-118.357842133573, 34.2294023644699], [-118.361675417367, 34.2238914304528], [-118.369337586803, 34.2238930541448], [-118.373167469575, 34.229405612384], [-118.369334684346, 34.2349168985482], [-118.361671516882, 34.2349152750688], [-118.357842133573, 34.2294023644699]]]}}, {"type": "Feature", "properties": {"OBJECTID": 2020, "GRID_ID": null, "has_data": false}, "geometry": {"type": "Polygon", "coordinates": [[[-118.334957270537, 34.075058212524], [-118.338785064726, 34.0695478468579], [-118.346433312971, 34.0695508821512], [-118.350254757867, 34.0750642849477], [-118.346427459548, 34.0805750015771], [-118.338778220462, 34.0805719651909], [-118.334957270537, 34.075058212524]]]}}, {"type": "Feature", "properties": {"OBJECTID": 2021, "GRID_ID": null, "has_data": false}, "geometry": {"type": "Polygon", "coordinates": [[[-118.346351079393, 34.2238867539821], [-118.350184861752, 34.2183761736716], [-118.357846532623, 34.2183785113171], [-118.361675417367, 34.2238914304528], [-118.357842133573, 34.2294023644699], [-118.350179464674, 34.2294000256449], [-118.346351079393, 34.2238867539821]]]}}, {"type": "Feature", "properties": {"OBJECTID": 2022, "GRID_ID": null, "has_data": false}, "geometry": {"type": "Polygon", "coordinates": [[[-118.346351079393, 34.2238867539821], [-118.350184861752, 34.2183761736716], [-118.357846532623, 34.2183785113171], [-118.361675417367, 34.2238914304528], [-118.357842133573, 34.2294023644699], [-118.350179464674, 34.2294000256449], [-118.346351079393, 34.2238867539821]]]}}, {"type": "Feature", "properties": {"OBJECTID": 2023, "GRID_ID": null, "has_data": false}, "geometry": {"type": "Polygon", "coordinates": [[[-118.266020874536, 34.1411516568567], [-118.269856129234, 34.1356435018339], [-118.277510331511, 34.1356508190679], [-118.281330272628, 34.1411662940876], [-118.277495512004, 34.146674802074], [-118.26984031619, 34.146667481334], [-118.266020874536, 34.1411516568567]]]}}, {"type": "Feature", "properties": {"OBJECTID": 2024, "GRID_ID": null, "has_data": false}, "geometry": {"type": "Polygon", "coordinates": [[[-118.599229738821, 34.234743953254], [-118.603047548236, 34.2292255531252], [-118.610710218932, 34.2292121640842], [-118.614556080936, 34.234717169498], [-118.610738775476, 34.2402359189334], [-118.603075105854, 34.2402493143904], [-118.599229738821, 34.234743953254]]]}}, {"type": "Feature", "properties": {"OBJECTID": 2025, "GRID_ID": null, "has_data": false}, "geometry": {"type": "Polygon", "coordinates": [[[-118.599229738821, 34.234743953254], [-118.603047548236, 34.2292255531252], [-118.610710218932, 34.2292121640842], [-118.614556080936, 34.234717169498], [-118.610738775476, 34.2402359189334], [-118.603075105854, 34.2402493143904], [-118.599229738821, 34.234743953254]]]}}, {"type": "Feature", "properties": {"OBJECTID": 2026, "GRID_ID": null, "has_data": false}, "geometry": {"type": "Polygon", "coordinates": [[[-118.599229738821, 34.234743953254], [-118.603047548236, 34.2292255531252], [-118.610710218932, 34.2292121640842], [-118.614556080936, 34.234717169498], [-118.610738775476, 34.2402359189334], [-118.603075105854, 34.2402493143904], [-118.599229738821, 34.234743953254]]]}}, {"type": "Feature", "properties": {"OBJECTID": 2027, "GRID_ID": null, "has_data": false}, "geometry": {"type": "Polygon", "coordinates": [[[-118.323488568238, 34.0695403549887], [-118.327316856501, 34.0640303396159], [-118.334964607977, 34.06403408505], [-118.338785064726, 34.0695478468579], [-118.334957270537, 34.075058212524], [-118.32730852822, 34.0750544660891], [-118.323488568238, 34.0695403549887]]]}}, {"type": "Feature", "properties": {"OBJECTID": 2028, "GRID_ID": null, "has_data": false}, "geometry": {"type": "Polygon", "coordinates": [[[-118.58774776571, 34.240274673519], [-118.59156656956, 34.2347566306778], [-118.599229738821, 34.234743953254], [-118.603075105854, 34.2402493143904], [-118.59925680506, 34.2457677071129], [-118.591592635974, 34.2457803895597], [-118.58774776571, 34.240274673519]]]}}, {"type": "Feature", "properties": {"OBJECTID": 2029, "GRID_ID": null, "has_data": false}, "geometry": {"type": "Polygon", "coordinates": [[[-118.58774776571, 34.240274673519], [-118.59156656956, 34.2347566306778], [-118.599229738821, 34.234743953254], [-118.603075105854, 34.2402493143904], [-118.59925680506, 34.2457677071129], [-118.591592635974, 34.2457803895597], [-118.58774776571, 34.240274673519]]]}}, {"type": "Feature", "properties": {"OBJECTID": 2030, "GRID_ID": null, "has_data": false}, "geometry": {"type": "Polygon", "coordinates": [[[-118.58774776571, 34.240274673519], [-118.59156656956, 34.2347566306778], [-118.599229738821, 34.234743953254], [-118.603075105854, 34.2402493143904], [-118.59925680506, 34.2457677071129], [-118.591592635974, 34.2457803895597], [-118.58774776571, 34.240274673519]]]}}, {"type": "Feature", "properties": {"OBJECTID": 2031, "GRID_ID": null, "has_data": false}, "geometry": {"type": "Polygon", "coordinates": [[[-118.58774776571, 34.240274673519], [-118.59156656956, 34.2347566306778], [-118.599229738821, 34.234743953254], [-118.603075105854, 34.2402493143904], [-118.59925680506, 34.2457677071129], [-118.591592635974, 34.2457803895597], [-118.58774776571, 34.240274673519]]]}}, {"type": "Feature", "properties": {"OBJECTID": 2032, "GRID_ID": null, "has_data": false}, "geometry": {"type": "Polygon", "coordinates": [[[-118.58774776571, 34.240274673519], [-118.59156656956, 34.2347566306778], [-118.599229738821, 34.234743953254], [-118.603075105854, 34.2402493143904], [-118.59925680506, 34.2457677071129], [-118.591592635974, 34.2457803895597], [-118.58774776571, 34.240274673519]]]}}, {"type": "Feature", "properties": {"OBJECTID": 2033, "GRID_ID": null, "has_data": false}, "geometry": {"type": "Polygon", "coordinates": [[[-118.576240229241, 34.2347805543896], [-118.580059535249, 34.2292628622445], [-118.587722205047, 34.2292509022052], [-118.59156656956, 34.2347566306778], [-118.58774776571, 34.240274673519], [-118.580084096986, 34.2402866379336], [-118.576240229241, 34.2347805543896]]]}}, {"type": "Feature", "properties": {"OBJECTID": 2034, "GRID_ID": null, "has_data": false}, "geometry": {"type": "Polygon", "coordinates": [[[-118.576240229241, 34.2347805543896], [-118.580059535249, 34.2292628622445], [-118.587722205047, 34.2292509022052], [-118.59156656956, 34.2347566306778], [-118.58774776571, 34.240274673519], [-118.580084096986, 34.2402866379336], [-118.576240229241, 34.2347805543896]]]}}, {"type": "Feature", "properties": {"OBJECTID": 2035, "GRID_ID": null, "has_data": false}, "geometry": {"type": "Polygon", "coordinates": [[[-118.576240229241, 34.2347805543896], [-118.580059535249, 34.2292628622445], [-118.587722205047, 34.2292509022052], [-118.59156656956, 34.2347566306778], [-118.58774776571, 34.240274673519], [-118.580084096986, 34.2402866379336], [-118.576240229241, 34.2347805543896]]]}}, {"type": "Feature", "properties": {"OBJECTID": 2036, "GRID_ID": null, "has_data": false}, "geometry": {"type": "Polygon", "coordinates": [[[-118.254547725576, 34.1356274427301], [-118.258383474347, 34.1301196407456], [-118.266037180755, 34.1301276685904], [-118.269856129234, 34.1356435018339], [-118.266020874536, 34.1411516568567], [-118.258366174591, 34.1411436248546], [-118.254547725576, 34.1356274427301]]]}}, {"type": "Feature", "properties": {"OBJECTID": 2037, "GRID_ID": null, "has_data": false}, "geometry": {"type": "Polygon", "coordinates": [[[-118.56475675774, 34.2403091364644], [-118.568577059082, 34.2347918014208], [-118.576240229241, 34.2347805543896], [-118.580084096986, 34.2402866379336], [-118.576264297803, 34.2458043235052], [-118.568600128717, 34.2458155750043], [-118.56475675774, 34.2403091364644]]]}}, {"type": "Feature", "properties": {"OBJECTID": 2038, "GRID_ID": null, "has_data": false}, "geometry": {"type": "Polygon", "coordinates": [[[-118.55325072056, 34.2348128658347], [-118.557071523161, 34.2292958806491], [-118.564734193857, 34.229285351095], [-118.568577059082, 34.2347918014208], [-118.56475675774, 34.2403091364644], [-118.557093089016, 34.240319670581], [-118.55325072056, 34.2348128658347]]]}}, {"type": "Feature", "properties": {"OBJECTID": 2039, "GRID_ID": null, "has_data": false}, "geometry": {"type": "Polygon", "coordinates": [[[-118.31201104089, 34.0750455505405], [-118.315840320892, 34.0695358984127], [-118.323488568238, 34.0695403549887], [-118.32730852822, 34.0750544660891], [-118.323479742291, 34.0805644698324], [-118.315830504103, 34.0805600116043], [-118.31201104089, 34.0750455505405]]]}}, {"type": "Feature", "properties": {"OBJECTID": 2040, "GRID_ID": null, "has_data": false}, "geometry": {"type": "Polygon", "coordinates": [[[-118.541765751567, 34.2403393085175], [-118.5455875504, 34.2348226824752], [-118.55325072056, 34.2348128658347], [-118.557093089016, 34.240319670581], [-118.553271791443, 34.2458366477986], [-118.545607623255, 34.2458464683517], [-118.541765751567, 34.2403393085175]]]}}, {"type": "Feature", "properties": {"OBJECTID": 2041, "GRID_ID": null, "has_data": false}, "geometry": {"type": "Polygon", "coordinates": [[[-118.243056776499, 34.1411261370502], [-118.2468935224, 34.1356187001164], [-118.254547725576, 34.1356274427301], [-118.258366174591, 34.1411436248546], [-118.254529923662, 34.1466514154039], [-118.246874726949, 34.1466426694701], [-118.243056776499, 34.1411261370502]]]}}, {"type": "Feature", "properties": {"OBJECTID": 2042, "GRID_ID": null, "has_data": false}, "geometry": {"type": "Polygon", "coordinates": [[[-118.530261212777, 34.2348408861091], [-118.534083513768, 34.2293246105721], [-118.541746183566, 34.2293155107588], [-118.5455875504, 34.2348226824752], [-118.541765751567, 34.2403393085175], [-118.534102082843, 34.2403484123378], [-118.530261212777, 34.2348408861091]]]}}, {"type": "Feature", "properties": {"OBJECTID": 2043, "GRID_ID": null, "has_data": false}, "geometry": {"type": "Polygon", "coordinates": [[[-118.300543823506, 34.0695255632331], [-118.304373597582, 34.0640162620509], [-118.312021349956, 34.0640214281165], [-118.315840320892, 34.0695358984127], [-118.31201104089, 34.0750455505405], [-118.304362297674, 34.0750403821708], [-118.300543823506, 34.0695255632331]]]}}, {"type": "Feature", "properties": {"OBJECTID": 2044, "GRID_ID": null, "has_data": false}, "geometry": {"type": "Polygon", "coordinates": [[[-118.518774747191, 34.2403651889404], [-118.522598043516, 34.234849273103], [-118.530261212777, 34.2348408861091], [-118.534102082843, 34.2403484123378], [-118.530279287778, 34.2458646792554], [-118.522615119591, 34.2458730696065], [-118.518774747191, 34.2403651889404]]]}}, {"type": "Feature", "properties": {"OBJECTID": 2045, "GRID_ID": null, "has_data": false}, "geometry": {"type": "Polygon", "coordinates": [[[-118.231585116946, 34.1355997909954], [-118.235422357819, 34.1300927070086], [-118.243076064226, 34.1301021595831], [-118.2468935224, 34.1356187001164], [-118.243056776499, 34.1411261370502], [-118.235402076554, 34.1411166805042], [-118.231585116946, 34.1355997909954]]]}}, {"type": "Feature", "properties": {"OBJECTID": 2046, "GRID_ID": null, "has_data": false}, "geometry": {"type": "Polygon", "coordinates": [[[-118.289064809445, 34.0750286242403], [-118.29289557616, 34.0695196853736], [-118.300543823506, 34.0695255632331], [-118.304362297674, 34.0750403821708], [-118.300532025033, 34.0805496725615], [-118.292882786845, 34.0805437924908], [-118.289064809445, 34.0750286242403]]]}}, {"type": "Feature", "properties": {"OBJECTID": 2047, "GRID_ID": null, "has_data": false}, "geometry": {"type": "Polygon", "coordinates": [[[-118.289064809445, 34.0750286242403], [-118.29289557616, 34.0695196853736], [-118.300543823506, 34.0695255632331], [-118.304362297674, 34.0750403821708], [-118.300532025033, 34.0805496725615], [-118.292882786845, 34.0805437924908], [-118.289064809445, 34.0750286242403]]]}}, {"type": "Feature", "properties": {"OBJECTID": 2048, "GRID_ID": null, "has_data": false}, "geometry": {"type": "Polygon", "coordinates": [[[-118.289064809445, 34.0750286242403], [-118.29289557616, 34.0695196853736], [-118.300543823506, 34.0695255632331], [-118.304362297674, 34.0750403821708], [-118.300532025033, 34.0805496725615], [-118.292882786845, 34.0805437924908], [-118.289064809445, 34.0750286242403]]]}}, {"type": "Feature", "properties": {"OBJECTID": 2049, "GRID_ID": null, "has_data": false}, "geometry": {"type": "Polygon", "coordinates": [[[-118.289064809445, 34.0750286242403], [-118.29289557616, 34.0695196853736], [-118.300543823506, 34.0695255632331], [-118.304362297674, 34.0750403821708], [-118.300532025033, 34.0805496725615], [-118.292882786845, 34.0805437924908], [-118.289064809445, 34.0750286242403]]]}}, {"type": "Feature", "properties": {"OBJECTID": 2050, "GRID_ID": null, "has_data": false}, "geometry": {"type": "Polygon", "coordinates": [[[-118.289064809445, 34.0750286242403], [-118.29289557616, 34.0695196853736], [-118.300543823506, 34.0695255632331], [-118.304362297674, 34.0750403821708], [-118.300532025033, 34.0805496725615], [-118.292882786845, 34.0805437924908], [-118.289064809445, 34.0750286242403]]]}}, {"type": "Feature", "properties": {"OBJECTID": 2051, "GRID_ID": null, "has_data": false}, "geometry": {"type": "Polygon", "coordinates": [[[-118.289064809445, 34.0750286242403], [-118.29289557616, 34.0695196853736], [-118.300543823506, 34.0695255632331], [-118.304362297674, 34.0750403821708], [-118.300532025033, 34.0805496725615], [-118.292882786845, 34.0805437924908], [-118.289064809445, 34.0750286242403]]]}}, {"type": "Feature", "properties": {"OBJECTID": 2052, "GRID_ID": null, "has_data": false}, "geometry": {"type": "Polygon", "coordinates": [[[-118.289064809445, 34.0750286242403], [-118.29289557616, 34.0695196853736], [-118.300543823506, 34.0695255632331], [-118.304362297674, 34.0750403821708], [-118.300532025033, 34.0805496725615], [-118.292882786845, 34.0805437924908], [-118.289064809445, 34.0750286242403]]]}}, {"type": "Feature", "properties": {"OBJECTID": 2053, "GRID_ID": null, "has_data": false}, "geometry": {"type": "Polygon", "coordinates": [[[-118.289064809445, 34.0750286242403], [-118.29289557616, 34.0695196853736], [-118.300543823506, 34.0695255632331], [-118.304362297674, 34.0750403821708], [-118.300532025033, 34.0805496725615], [-118.292882786845, 34.0805437924908], [-118.289064809445, 34.0750286242403]]]}}, {"type": "Feature", "properties": {"OBJECTID": 2054, "GRID_ID": null, "has_data": false}, "geometry": {"type": "Polygon", "coordinates": [[[-118.289064809445, 34.0750286242403], [-118.29289557616, 34.0695196853736], [-118.300543823506, 34.0695255632331], [-118.304362297674, 34.0750403821708], [-118.300532025033, 34.0805496725615], [-118.292882786845, 34.0805437924908], [-118.289064809445, 34.0750286242403]]]}}, {"type": "Feature", "properties": {"OBJECTID": 2055, "GRID_ID": null, "has_data": false}, "geometry": {"type": "Polygon", "coordinates": [[[-118.289064809445, 34.0750286242403], [-118.29289557616, 34.0695196853736], [-118.300543823506, 34.0695255632331], [-118.304362297674, 34.0750403821708], [-118.300532025033, 34.0805496725615], [-118.292882786845, 34.0805437924908], [-118.289064809445, 34.0750286242403]]]}}, {"type": "Feature", "properties": {"OBJECTID": 2056, "GRID_ID": null, "has_data": false}, "geometry": {"type": "Polygon", "coordinates": [[[-118.289064809445, 34.0750286242403], [-118.29289557616, 34.0695196853736], [-118.300543823506, 34.0695255632331], [-118.304362297674, 34.0750403821708], [-118.300532025033, 34.0805496725615], [-118.292882786845, 34.0805437924908], [-118.289064809445, 34.0750286242403]]]}}, {"type": "Feature", "properties": {"OBJECTID": 2057, "GRID_ID": null, "has_data": false}, "geometry": {"type": "Polygon", "coordinates": [[[-118.289064809445, 34.0750286242403], [-118.29289557616, 34.0695196853736], [-118.300543823506, 34.0695255632331], [-118.304362297674, 34.0750403821708], [-118.300532025033, 34.0805496725615], [-118.292882786845, 34.0805437924908], [-118.289064809445, 34.0750286242403]]]}}, {"type": "Feature", "properties": {"OBJECTID": 2058, "GRID_ID": null, "has_data": false}, "geometry": {"type": "Polygon", "coordinates": [[[-118.289064809445, 34.0750286242403], [-118.29289557616, 34.0695196853736], [-118.300543823506, 34.0695255632331], [-118.304362297674, 34.0750403821708], [-118.300532025033, 34.0805496725615], [-118.292882786845, 34.0805437924908], [-118.289064809445, 34.0750286242403]]]}}, {"type": "Feature", "properties": {"OBJECTID": 2059, "GRID_ID": null, "has_data": false}, "geometry": {"type": "Polygon", "coordinates": [[[-118.289064809445, 34.0750286242403], [-118.29289557616, 34.0695196853736], [-118.300543823506, 34.0695255632331], [-118.304362297674, 34.0750403821708], [-118.300532025033, 34.0805496725615], [-118.292882786845, 34.0805437924908], [-118.289064809445, 34.0750286242403]]]}}, {"type": "Feature", "properties": {"OBJECTID": 2060, "GRID_ID": null, "has_data": false}, "geometry": {"type": "Polygon", "coordinates": [[[-118.289064809445, 34.0750286242403], [-118.29289557616, 34.0695196853736], [-118.300543823506, 34.0695255632331], [-118.304362297674, 34.0750403821708], [-118.300532025033, 34.0805496725615], [-118.292882786845, 34.0805437924908], [-118.289064809445, 34.0750286242403]]]}}, {"type": "Feature", "properties": {"OBJECTID": 2061, "GRID_ID": null, "has_data": false}, "geometry": {"type": "Polygon", "coordinates": [[[-118.289064809445, 34.0750286242403], [-118.29289557616, 34.0695196853736], [-118.300543823506, 34.0695255632331], [-118.304362297674, 34.0750403821708], [-118.300532025033, 34.0805496725615], [-118.292882786845, 34.0805437924908], [-118.289064809445, 34.0750286242403]]]}}, {"type": "Feature", "properties": {"OBJECTID": 2062, "GRID_ID": null, "has_data": false}, "geometry": {"type": "Polygon", "coordinates": [[[-118.289064809445, 34.0750286242403], [-118.29289557616, 34.0695196853736], [-118.300543823506, 34.0695255632331], [-118.304362297674, 34.0750403821708], [-118.300532025033, 34.0805496725615], [-118.292882786845, 34.0805437924908], [-118.289064809445, 34.0750286242403]]]}}, {"type": "Feature", "properties": {"OBJECTID": 2063, "GRID_ID": null, "has_data": false}, "geometry": {"type": "Polygon", "coordinates": [[[-118.289064809445, 34.0750286242403], [-118.29289557616, 34.0695196853736], [-118.300543823506, 34.0695255632331], [-118.304362297674, 34.0750403821708], [-118.300532025033, 34.0805496725615], [-118.292882786845, 34.0805437924908], [-118.289064809445, 34.0750286242403]]]}}, {"type": "Feature", "properties": {"OBJECTID": 2064, "GRID_ID": null, "has_data": false}, "geometry": {"type": "Polygon", "coordinates": [[[-118.289064809445, 34.0750286242403], [-118.29289557616, 34.0695196853736], [-118.300543823506, 34.0695255632331], [-118.304362297674, 34.0750403821708], [-118.300532025033, 34.0805496725615], [-118.292882786845, 34.0805437924908], [-118.289064809445, 34.0750286242403]]]}}, {"type": "Feature", "properties": {"OBJECTID": 2065, "GRID_ID": null, "has_data": false}, "geometry": {"type": "Polygon", "coordinates": [[[-118.289064809445, 34.0750286242403], [-118.29289557616, 34.0695196853736], [-118.300543823506, 34.0695255632331], [-118.304362297674, 34.0750403821708], [-118.300532025033, 34.0805496725615], [-118.292882786845, 34.0805437924908], [-118.289064809445, 34.0750286242403]]]}}, {"type": "Feature", "properties": {"OBJECTID": 2066, "GRID_ID": null, "has_data": false}, "geometry": {"type": "Polygon", "coordinates": [[[-118.289064809445, 34.0750286242403], [-118.29289557616, 34.0695196853736], [-118.300543823506, 34.0695255632331], [-118.304362297674, 34.0750403821708], [-118.300532025033, 34.0805496725615], [-118.292882786845, 34.0805437924908], [-118.289064809445, 34.0750286242403]]]}}, {"type": "Feature", "properties": {"OBJECTID": 2067, "GRID_ID": null, "has_data": false}, "geometry": {"type": "Polygon", "coordinates": [[[-118.289064809445, 34.0750286242403], [-118.29289557616, 34.0695196853736], [-118.300543823506, 34.0695255632331], [-118.304362297674, 34.0750403821708], [-118.300532025033, 34.0805496725615], [-118.292882786845, 34.0805437924908], [-118.289064809445, 34.0750286242403]]]}}, {"type": "Feature", "properties": {"OBJECTID": 2068, "GRID_ID": null, "has_data": false}, "geometry": {"type": "Polygon", "coordinates": [[[-118.50727170679, 34.2348646159597], [-118.511095505273, 34.2293490505325], [-118.518758175071, 34.2293413804587], [-118.522598043516, 34.234849273103], [-118.518774747191, 34.2403651889404], [-118.511111078467, 34.2403728624658], [-118.50727170679, 34.2348646159597]]]}}, {"type": "Feature", "properties": {"OBJECTID": 2069, "GRID_ID": null, "has_data": false}, "geometry": {"type": "Polygon", "coordinates": [[[-118.220092676665, 34.1410963421236], [-118.22393091377, 34.1355896237442], [-118.231585116946, 34.1355997909954], [-118.235402076554, 34.1411166805042], [-118.231564333523, 34.1466237524077], [-118.223909135912, 34.1466135812788], [-118.220092676665, 34.1410963421236]]]}}, {"type": "Feature", "properties": {"OBJECTID": 2070, "GRID_ID": null, "has_data": false}, "geometry": {"type": "Polygon", "coordinates": [[[-118.495783742815, 34.2403867784797], [-118.499608538427, 34.2348715725655], [-118.50727170679, 34.2348646159597], [-118.511111078467, 34.2403728624658], [-118.507286785012, 34.245888419365], [-118.499622616825, 34.2458953787728], [-118.495783742815, 34.2403867784797]]]}}, {"type": "Feature", "properties": {"OBJECTID": 2071, "GRID_ID": null, "has_data": false}, "geometry": {"type": "Polygon", "coordinates": [[[-118.277599077875, 34.0695065083703], [-118.281430336866, 34.0639979211019], [-118.289078091037, 34.0640045085437], [-118.29289557616, 34.0695196853736], [-118.289064809445, 34.0750286242403], [-118.281416065331, 34.0750220339351], [-118.277599077875, 34.0695065083703]]]}}, {"type": "Feature", "properties": {"OBJECTID": 2072, "GRID_ID": null, "has_data": false}, "geometry": {"type": "Polygon", "coordinates": [[[-118.277599077875, 34.0695065083703], [-118.281430336866, 34.0639979211019], [-118.289078091037, 34.0640045085437], [-118.29289557616, 34.0695196853736], [-118.289064809445, 34.0750286242403], [-118.281416065331, 34.0750220339351], [-118.277599077875, 34.0695065083703]]]}}, {"type": "Feature", "properties": {"OBJECTID": 2073, "GRID_ID": null, "has_data": false}, "geometry": {"type": "Polygon", "coordinates": [[[-118.277599077875, 34.0695065083703], [-118.281430336866, 34.0639979211019], [-118.289078091037, 34.0640045085437], [-118.29289557616, 34.0695196853736], [-118.289064809445, 34.0750286242403], [-118.281416065331, 34.0750220339351], [-118.277599077875, 34.0695065083703]]]}}, {"type": "Feature", "properties": {"OBJECTID": 2074, "GRID_ID": null, "has_data": false}, "geometry": {"type": "Polygon", "coordinates": [[[-118.277599077875, 34.0695065083703], [-118.281430336866, 34.0639979211019], [-118.289078091037, 34.0640045085437], [-118.29289557616, 34.0695196853736], [-118.289064809445, 34.0750286242403], [-118.281416065331, 34.0750220339351], [-118.277599077875, 34.0695065083703]]]}}, {"type": "Feature", "properties": {"OBJECTID": 2075, "GRID_ID": null, "has_data": false}, "geometry": {"type": "Polygon", "coordinates": [[[-118.277599077875, 34.0695065083703], [-118.281430336866, 34.0639979211019], [-118.289078091037, 34.0640045085437], [-118.29289557616, 34.0695196853736], [-118.289064809445, 34.0750286242403], [-118.281416065331, 34.0750220339351], [-118.277599077875, 34.0695065083703]]]}}, {"type": "Feature", "properties": {"OBJECTID": 2076, "GRID_ID": null, "has_data": false}, "geometry": {"type": "Polygon", "coordinates": [[[-118.277599077875, 34.0695065083703], [-118.281430336866, 34.0639979211019], [-118.289078091037, 34.0640045085437], [-118.29289557616, 34.0695196853736], [-118.289064809445, 34.0750286242403], [-118.281416065331, 34.0750220339351], [-118.277599077875, 34.0695065083703]]]}}, {"type": "Feature", "properties": {"OBJECTID": 2077, "GRID_ID": null, "has_data": false}, "geometry": {"type": "Polygon", "coordinates": [[[-118.277599077875, 34.0695065083703], [-118.281430336866, 34.0639979211019], [-118.289078091037, 34.0640045085437], [-118.29289557616, 34.0695196853736], [-118.289064809445, 34.0750286242403], [-118.281416065331, 34.0750220339351], [-118.277599077875, 34.0695065083703]]]}}, {"type": "Feature", "properties": {"OBJECTID": 2078, "GRID_ID": null, "has_data": false}, "geometry": {"type": "Polygon", "coordinates": [[[-118.277599077875, 34.0695065083703], [-118.281430336866, 34.0639979211019], [-118.289078091037, 34.0640045085437], [-118.29289557616, 34.0695196853736], [-118.289064809445, 34.0750286242403], [-118.281416065331, 34.0750220339351], [-118.277599077875, 34.0695065083703]]]}}, {"type": "Feature", "properties": {"OBJECTID": 2079, "GRID_ID": null, "has_data": false}, "geometry": {"type": "Polygon", "coordinates": [[[-118.277599077875, 34.0695065083703], [-118.281430336866, 34.0639979211019], [-118.289078091037, 34.0640045085437], [-118.29289557616, 34.0695196853736], [-118.289064809445, 34.0750286242403], [-118.281416065331, 34.0750220339351], [-118.277599077875, 34.0695065083703]]]}}, {"type": "Feature", "properties": {"OBJECTID": 2080, "GRID_ID": null, "has_data": false}, "geometry": {"type": "Polygon", "coordinates": [[[-118.277599077875, 34.0695065083703], [-118.281430336866, 34.0639979211019], [-118.289078091037, 34.0640045085437], [-118.29289557616, 34.0695196853736], [-118.289064809445, 34.0750286242403], [-118.281416065331, 34.0750220339351], [-118.277599077875, 34.0695065083703]]]}}, {"type": "Feature", "properties": {"OBJECTID": 2081, "GRID_ID": null, "has_data": false}, "geometry": {"type": "Polygon", "coordinates": [[[-118.277599077875, 34.0695065083703], [-118.281430336866, 34.0639979211019], [-118.289078091037, 34.0640045085437], [-118.29289557616, 34.0695196853736], [-118.289064809445, 34.0750286242403], [-118.281416065331, 34.0750220339351], [-118.277599077875, 34.0695065083703]]]}}, {"type": "Feature", "properties": {"OBJECTID": 2082, "GRID_ID": null, "has_data": false}, "geometry": {"type": "Polygon", "coordinates": [[[-118.277599077875, 34.0695065083703], [-118.281430336866, 34.0639979211019], [-118.289078091037, 34.0640045085437], [-118.29289557616, 34.0695196853736], [-118.289064809445, 34.0750286242403], [-118.281416065331, 34.0750220339351], [-118.277599077875, 34.0695065083703]]]}}, {"type": "Feature", "properties": {"OBJECTID": 2083, "GRID_ID": null, "has_data": false}, "geometry": {"type": "Polygon", "coordinates": [[[-118.277599077875, 34.0695065083703], [-118.281430336866, 34.0639979211019], [-118.289078091037, 34.0640045085437], [-118.29289557616, 34.0695196853736], [-118.289064809445, 34.0750286242403], [-118.281416065331, 34.0750220339351], [-118.277599077875, 34.0695065083703]]]}}, {"type": "Feature", "properties": {"OBJECTID": 2084, "GRID_ID": null, "has_data": false}, "geometry": {"type": "Polygon", "coordinates": [[[-118.277599077875, 34.0695065083703], [-118.281430336866, 34.0639979211019], [-118.289078091037, 34.0640045085437], [-118.29289557616, 34.0695196853736], [-118.289064809445, 34.0750286242403], [-118.281416065331, 34.0750220339351], [-118.277599077875, 34.0695065083703]]]}}, {"type": "Feature", "properties": {"OBJECTID": 2085, "GRID_ID": null, "has_data": false}, "geometry": {"type": "Polygon", "coordinates": [[[-118.277599077875, 34.0695065083703], [-118.281430336866, 34.0639979211019], [-118.289078091037, 34.0640045085437], [-118.29289557616, 34.0695196853736], [-118.289064809445, 34.0750286242403], [-118.281416065331, 34.0750220339351], [-118.277599077875, 34.0695065083703]]]}}, {"type": "Feature", "properties": {"OBJECTID": 2086, "GRID_ID": null, "has_data": false}, "geometry": {"type": "Polygon", "coordinates": [[[-118.484282201702, 34.2348840561327], [-118.488107497676, 34.2293692012767], [-118.495770167474, 34.2293629609413], [-118.499608538427, 34.2348715725655], [-118.495783742815, 34.2403867784797], [-118.488120074989, 34.2403930209686], [-118.484282201702, 34.2348840561327]]]}}, {"type": "Feature", "properties": {"OBJECTID": 2087, "GRID_ID": null, "has_data": false}, "geometry": {"type": "Polygon", "coordinates": [[[-118.208622508316, 34.1355678653467], [-118.212461239493, 34.1300615005667], [-118.220114945901, 34.1300723771288], [-118.22393091377, 34.1355896237442], [-118.220092676665, 34.1410963421236], [-118.212437975823, 34.1410854602887], [-118.208622508316, 34.1355678653467]]]}}, {"type": "Feature", "properties": {"OBJECTID": 2088, "GRID_ID": null, "has_data": false}, "geometry": {"type": "Polygon", "coordinates": [[[-118.472792739337, 34.240404076396], [-118.476619033339, 34.2348895823517], [-118.484282201702, 34.2348840561327], [-118.488120074989, 34.2403930209686], [-118.484294283144, 34.2459078673885], [-118.476630114957, 34.245913395854], [-118.472792739337, 34.240404076396]]]}}, {"type": "Feature", "properties": {"OBJECTID": 2089, "GRID_ID": null, "has_data": false}, "geometry": {"type": "Polygon", "coordinates": [[[-118.472792739337, 34.240404076396], [-118.476619033339, 34.2348895823517], [-118.484282201702, 34.2348840561327], [-118.488120074989, 34.2403930209686], [-118.484294283144, 34.2459078673885], [-118.476630114957, 34.245913395854], [-118.472792739337, 34.240404076396]]]}}, {"type": "Feature", "properties": {"OBJECTID": 2090, "GRID_ID": null, "has_data": false}, "geometry": {"type": "Polygon", "coordinates": [[[-118.266118578001, 34.0750074328768], [-118.269950828732, 34.0694992092265], [-118.277599077875, 34.0695065083703], [-118.281416065331, 34.0750220339351], [-118.277584306877, 34.0805306097621], [-118.269935066892, 34.0805233071039], [-118.266118578001, 34.0750074328768]]]}}, {"type": "Feature", "properties": {"OBJECTID": 2091, "GRID_ID": null, "has_data": false}, "geometry": {"type": "Polygon", "coordinates": [[[-118.266118578001, 34.0750074328768], [-118.269950828732, 34.0694992092265], [-118.277599077875, 34.0695065083703], [-118.281416065331, 34.0750220339351], [-118.277584306877, 34.0805306097621], [-118.269935066892, 34.0805233071039], [-118.266118578001, 34.0750074328768]]]}}, {"type": "Feature", "properties": {"OBJECTID": 2092, "GRID_ID": null, "has_data": false}, "geometry": {"type": "Polygon", "coordinates": [[[-118.266118578001, 34.0750074328768], [-118.269950828732, 34.0694992092265], [-118.277599077875, 34.0695065083703], [-118.281416065331, 34.0750220339351], [-118.277584306877, 34.0805306097621], [-118.269935066892, 34.0805233071039], [-118.266118578001, 34.0750074328768]]]}}, {"type": "Feature", "properties": {"OBJECTID": 2093, "GRID_ID": null, "has_data": false}, "geometry": {"type": "Polygon", "coordinates": [[[-118.266118578001, 34.0750074328768], [-118.269950828732, 34.0694992092265], [-118.277599077875, 34.0695065083703], [-118.281416065331, 34.0750220339351], [-118.277584306877, 34.0805306097621], [-118.269935066892, 34.0805233071039], [-118.266118578001, 34.0750074328768]]]}}, {"type": "Feature", "properties": {"OBJECTID": 2094, "GRID_ID": null, "has_data": false}, "geometry": {"type": "Polygon", "coordinates": [[[-118.461292696614, 34.2348992051459], [-118.465119491876, 34.2293850628079], [-118.472782159878, 34.2293802522099], [-118.476619033339, 34.2348895823517], [-118.472792739337, 34.240404076396], [-118.465129072409, 34.2404088893347], [-118.461292696614, 34.2348992051459]]]}}, {"type": "Feature", "properties": {"OBJECTID": 2095, "GRID_ID": null, "has_data": false}, "geometry": {"type": "Polygon", "coordinates": [[[-118.197128575933, 34.1410622720724], [-118.200968304241, 34.1355562734565], [-118.208622508316, 34.1355678653467], [-118.212437975823, 34.1410854602887], [-118.208598741588, 34.1465918130812], [-118.200943543977, 34.1465802167557], [-118.197128575933, 34.1410622720724]]]}}, {"type": "Feature", "properties": {"OBJECTID": 2096, "GRID_ID": null, "has_data": false}, "geometry": {"type": "Polygon", "coordinates": [[[-118.449801736757, 34.2404170834346], [-118.453629530048, 34.2349033017214], [-118.461292696614, 34.2348992051459], [-118.465129072409, 34.2404088893347], [-118.461301780378, 34.2459230225863], [-118.453637614885, 34.2459271208531], [-118.449801736757, 34.2404170834346]]]}}, {"type": "Feature", "properties": {"OBJECTID": 2097, "GRID_ID": null, "has_data": false}, "geometry": {"type": "Polygon", "coordinates": [[[-118.449741185815, 34.1522258881915], [-118.453565008553, 34.1467120332351], [-118.461220203469, 34.1467079502163], [-118.465052571879, 34.1522177212], [-118.461229247707, 34.1577319266475], [-118.453573058356, 34.1577360113634], [-118.449741185815, 34.1522258881915]]]}}, {"type": "Feature", "properties": {"OBJECTID": 2098, "GRID_ID": null, "has_data": false}, "geometry": {"type": "Polygon", "coordinates": [[[-118.449741185815, 34.1522258881915], [-118.453565008553, 34.1467120332351], [-118.461220203469, 34.1467079502163], [-118.465052571879, 34.1522177212], [-118.461229247707, 34.1577319266475], [-118.453573058356, 34.1577360113634], [-118.449741185815, 34.1522258881915]]]}}, {"type": "Feature", "properties": {"OBJECTID": 2099, "GRID_ID": null, "has_data": false}, "geometry": {"type": "Polygon", "coordinates": [[[-118.438303193322, 34.2349100644869], [-118.442131486077, 34.2293966343856], [-118.449794154078, 34.2293932535243], [-118.453629530048, 34.2349033017214], [-118.449801736757, 34.2404170834346], [-118.442138070728, 34.2404204653385], [-118.438303193322, 34.2349100644869]]]}}, {"type": "Feature", "properties": {"OBJECTID": 2100, "GRID_ID": null, "has_data": false}, "geometry": {"type": "Polygon", "coordinates": [[[-118.254654331346, 34.0694831889093], [-118.258487076151, 34.0639753175102], [-118.266134830321, 34.0639833255853], [-118.269950828732, 34.0694992092265], [-118.266118578001, 34.0750074328768], [-118.258469832989, 34.0749994213792], [-118.254654331346, 34.0694831889093]]]}}, {"type": "Feature", "properties": {"OBJECTID": 2101, "GRID_ID": null, "has_data": false}, "geometry": {"type": "Polygon", "coordinates": [[[-118.254654331346, 34.0694831889093], [-118.258487076151, 34.0639753175102], [-118.266134830321, 34.0639833255853], [-118.269950828732, 34.0694992092265], [-118.266118578001, 34.0750074328768], [-118.258469832989, 34.0749994213792], [-118.254654331346, 34.0694831889093]]]}}, {"type": "Feature", "properties": {"OBJECTID": 2102, "GRID_ID": null, "has_data": false}, "geometry": {"type": "Polygon", "coordinates": [[[-118.254654331346, 34.0694831889093], [-118.258487076151, 34.0639753175102], [-118.266134830321, 34.0639833255853], [-118.269950828732, 34.0694992092265], [-118.266118578001, 34.0750074328768], [-118.258469832989, 34.0749994213792], [-118.254654331346, 34.0694831889093]]]}}, {"type": "Feature", "properties": {"OBJECTID": 2103, "GRID_ID": null, "has_data": false}, "geometry": {"type": "Polygon", "coordinates": [[[-118.254654331346, 34.0694831889093], [-118.258487076151, 34.0639753175102], [-118.266134830321, 34.0639833255853], [-118.269950828732, 34.0694992092265], [-118.266118578001, 34.0750074328768], [-118.258469832989, 34.0749994213792], [-118.254654331346, 34.0694831889093]]]}}, {"type": "Feature", "properties": {"OBJECTID": 2104, "GRID_ID": null, "has_data": false}, "geometry": {"type": "Polygon", "coordinates": [[[-118.254654331346, 34.0694831889093], [-118.258487076151, 34.0639753175102], [-118.266134830321, 34.0639833255853], [-118.269950828732, 34.0694992092265], [-118.266118578001, 34.0750074328768], [-118.258469832989, 34.0749994213792], [-118.254654331346, 34.0694831889093]]]}}, {"type": "Feature", "properties": {"OBJECTID": 2105, "GRID_ID": null, "has_data": false}, "geometry": {"type": "Polygon", "coordinates": [[[-118.426810735974, 34.2404257988547], [-118.430640025858, 34.2349127306769], [-118.438303193322, 34.2349100644869], [-118.442138070728, 34.2404204653385], [-118.438309280307, 34.2459338864458], [-118.430645113916, 34.2459365537719], [-118.426810735974, 34.2404257988547]]]}}, {"type": "Feature", "properties": {"OBJECTID": 2106, "GRID_ID": null, "has_data": false}, "geometry": {"type": "Polygon", "coordinates": [[[-118.438254616923, 34.146718773338], [-118.442078937327, 34.1412052689459], [-118.449733635475, 34.141201899418], [-118.453565008553, 34.1467120332351], [-118.449741185815, 34.1522258881915], [-118.442085494131, 34.1522292595099], [-118.438254616923, 34.146718773338]]]}}, {"type": "Feature", "properties": {"OBJECTID": 2107, "GRID_ID": null, "has_data": false}, "geometry": {"type": "Polygon", "coordinates": [[[-118.415313690031, 34.2349166326718], [-118.419143479378, 34.2294039160118], [-118.426806148278, 34.2294019656293], [-118.430640025858, 34.2349127306769], [-118.426810735974, 34.2404257988547], [-118.419147068148, 34.2404277504671], [-118.415313690031, 34.2349166326718]]]}}, {"type": "Feature", "properties": {"OBJECTID": 2108, "GRID_ID": null, "has_data": false}, "geometry": {"type": "Polygon", "coordinates": [[[-118.243172343862, 34.0749819764467], [-118.247006082203, 34.06947446848], [-118.254654331346, 34.0694831889093], [-118.258469832989, 34.0749994213792], [-118.254636587822, 34.0805072806873], [-118.246987347838, 34.0804985569287], [-118.243172343862, 34.0749819764467]]]}}, {"type": "Feature", "properties": {"OBJECTID": 2109, "GRID_ID": null, "has_data": false}, "geometry": {"type": "Polygon", "coordinates": [[[-118.403819734293, 34.2404302234005], [-118.407650522567, 34.2349178692195], [-118.415313690031, 34.2349166326718], [-118.419147068148, 34.2404277504671], [-118.415316780236, 34.2459404574836], [-118.407652612946, 34.2459416938693], [-118.403819734293, 34.2404302234005]]]}}, {"type": "Feature", "properties": {"OBJECTID": 2110, "GRID_ID": null, "has_data": false}, "geometry": {"type": "Polygon", "coordinates": [[[-118.426774108067, 34.1522345755621], [-118.430599422007, 34.1467214311659], [-118.438254616923, 34.146718773338], [-118.442085494131, 34.1522292595099], [-118.438260676958, 34.1577427543035], [-118.430604488505, 34.1577454125278], [-118.426774108067, 34.1522345755621]]]}}, {"type": "Feature", "properties": {"OBJECTID": 2111, "GRID_ID": null, "has_data": false}, "geometry": {"type": "Polygon", "coordinates": [[[-118.392324187638, 34.2349189111873], [-118.396155474477, 34.229406909173], [-118.403818143376, 34.2294063877836], [-118.407650522567, 34.2349178692195], [-118.403819734293, 34.2404302234005], [-118.396156067365, 34.2404307447216], [-118.392324187638, 34.2349189111873]]]}}, {"type": "Feature", "properties": {"OBJECTID": 2112, "GRID_ID": null, "has_data": false}, "geometry": {"type": "Polygon", "coordinates": [[[-118.380828733509, 34.24043035633], [-118.384661019275, 34.2349187173501], [-118.392324187638, 34.2349189111873], [-118.396156067365, 34.2404307447216], [-118.392324280164, 34.2459427364432], [-118.384660113773, 34.2459425426314], [-118.380828733509, 34.24043035633]]]}}, {"type": "Feature", "properties": {"OBJECTID": 2113, "GRID_ID": null, "has_data": false}, "geometry": {"type": "Polygon", "coordinates": [[[-118.231709583918, 34.0694556063348], [-118.235543814537, 34.0639484512725], [-118.243191568707, 34.0639578799819], [-118.247006082203, 34.06947446848], [-118.243172343862, 34.0749819764467], [-118.235523598849, 34.0749725430114], [-118.231709583918, 34.0694556063348]]]}}, {"type": "Feature", "properties": {"OBJECTID": 2114, "GRID_ID": null, "has_data": false}, "geometry": {"type": "Polygon", "coordinates": [[[-118.369334684346, 34.2349168985482], [-118.373167469575, 34.229405612384], [-118.380830138475, 34.2294065207305], [-118.384661019275, 34.2349187173501], [-118.380828733509, 34.24043035633], [-118.373165065683, 34.2404294473599], [-118.369334684346, 34.2349168985482]]]}}, {"type": "Feature", "properties": {"OBJECTID": 2115, "GRID_ID": null, "has_data": false}, "geometry": {"type": "Polygon", "coordinates": [[[-118.369334684346, 34.2349168985482], [-118.373167469575, 34.229405612384], [-118.380830138475, 34.2294065207305], [-118.384661019275, 34.2349187173501], [-118.380828733509, 34.24043035633], [-118.373165065683, 34.2404294473599], [-118.369334684346, 34.2349168985482]]]}}, {"type": "Feature", "properties": {"OBJECTID": 2116, "GRID_ID": null, "has_data": false}, "geometry": {"type": "Polygon", "coordinates": [[[-118.369334684346, 34.2349168985482], [-118.373167469575, 34.229405612384], [-118.380830138475, 34.2294065207305], [-118.384661019275, 34.2349187173501], [-118.380828733509, 34.24043035633], [-118.373165065683, 34.2404294473599], [-118.369334684346, 34.2349168985482]]]}}, {"type": "Feature", "properties": {"OBJECTID": 2117, "GRID_ID": null, "has_data": false}, "geometry": {"type": "Polygon", "coordinates": [[[-118.369334684346, 34.2349168985482], [-118.373167469575, 34.229405612384], [-118.380830138475, 34.2294065207305], [-118.384661019275, 34.2349187173501], [-118.380828733509, 34.24043035633], [-118.373165065683, 34.2404294473599], [-118.369334684346, 34.2349168985482]]]}}, {"type": "Feature", "properties": {"OBJECTID": 2118, "GRID_ID": null, "has_data": false}, "geometry": {"type": "Polygon", "coordinates": [[[-118.369334684346, 34.2349168985482], [-118.373167469575, 34.229405612384], [-118.380830138475, 34.2294065207305], [-118.384661019275, 34.2349187173501], [-118.380828733509, 34.24043035633], [-118.373165065683, 34.2404294473599], [-118.369334684346, 34.2349168985482]]]}}, {"type": "Feature", "properties": {"OBJECTID": 2119, "GRID_ID": null, "has_data": false}, "geometry": {"type": "Polygon", "coordinates": [[[-118.369334684346, 34.2349168985482], [-118.373167469575, 34.229405612384], [-118.380830138475, 34.2294065207305], [-118.384661019275, 34.2349187173501], [-118.380828733509, 34.24043035633], [-118.373165065683, 34.2404294473599], [-118.369334684346, 34.2349168985482]]]}}, {"type": "Feature", "properties": {"OBJECTID": 2120, "GRID_ID": null, "has_data": false}, "geometry": {"type": "Polygon", "coordinates": [[[-118.415289031276, 34.1467253208874], [-118.419114841985, 34.141212526962], [-118.426769541032, 34.1412105827179], [-118.430599422007, 34.1467214311659], [-118.426774108067, 34.1522345755621], [-118.419118414585, 34.1522365202959], [-118.415289031276, 34.1467253208874]]]}}, {"type": "Feature", "properties": {"OBJECTID": 2121, "GRID_ID": null, "has_data": false}, "geometry": {"type": "Polygon", "coordinates": [[[-118.357837731828, 34.2404261983857], [-118.361671516882, 34.2349152750688], [-118.369334684346, 34.2349168985482], [-118.373165065683, 34.2404294473599], [-118.369331780991, 34.2459407240677], [-118.361667613702, 34.2459390985731], [-118.357837731828, 34.2404261983857]]]}}, {"type": "Feature", "properties": {"OBJECTID": 2122, "GRID_ID": null, "has_data": false}, "geometry": {"type": "Polygon", "coordinates": [[[-118.357837731828, 34.2404261983857], [-118.361671516882, 34.2349152750688], [-118.369334684346, 34.2349168985482], [-118.373165065683, 34.2404294473599], [-118.369331780991, 34.2459407240677], [-118.361667613702, 34.2459390985731], [-118.357837731828, 34.2404261983857]]]}}, {"type": "Feature", "properties": {"OBJECTID": 2123, "GRID_ID": null, "has_data": false}, "geometry": {"type": "Polygon", "coordinates": [[[-118.220226109723, 34.0749522556903], [-118.224061333878, 34.0694454646187], [-118.231709583918, 34.0694556063348], [-118.235523598849, 34.0749725430114], [-118.23168886787, 34.0804796868217], [-118.224039626987, 34.0804695404731], [-118.220226109723, 34.0749522556903]]]}}, {"type": "Feature", "properties": {"OBJECTID": 2124, "GRID_ID": null, "has_data": false}, "geometry": {"type": "Polygon", "coordinates": [[[-118.220226109723, 34.0749522556903], [-118.224061333878, 34.0694454646187], [-118.231709583918, 34.0694556063348], [-118.235523598849, 34.0749725430114], [-118.23168886787, 34.0804796868217], [-118.224039626987, 34.0804695404731], [-118.220226109723, 34.0749522556903]]]}}, {"type": "Feature", "properties": {"OBJECTID": 2125, "GRID_ID": null, "has_data": false}, "geometry": {"type": "Polygon", "coordinates": [[[-118.220226109723, 34.0749522556903], [-118.224061333878, 34.0694454646187], [-118.231709583918, 34.0694556063348], [-118.235523598849, 34.0749725430114], [-118.23168886787, 34.0804796868217], [-118.224039626987, 34.0804695404731], [-118.220226109723, 34.0749522556903]]]}}, {"type": "Feature", "properties": {"OBJECTID": 2126, "GRID_ID": null, "has_data": false}, "geometry": {"type": "Polygon", "coordinates": [[[-118.220226109723, 34.0749522556903], [-118.224061333878, 34.0694454646187], [-118.231709583918, 34.0694556063348], [-118.235523598849, 34.0749725430114], [-118.23168886787, 34.0804796868217], [-118.224039626987, 34.0804695404731], [-118.220226109723, 34.0749522556903]]]}}, {"type": "Feature", "properties": {"OBJECTID": 2127, "GRID_ID": null, "has_data": false}, "geometry": {"type": "Polygon", "coordinates": [[[-118.346345181953, 34.2349105962395], [-118.350179464674, 34.2294000256449], [-118.357842133573, 34.2294023644699], [-118.361671516882, 34.2349152750688], [-118.357837731828, 34.2404261983857], [-118.3501740649, 34.2404238583816], [-118.346345181953, 34.2349105962395]]]}}, {"type": "Feature", "properties": {"OBJECTID": 2128, "GRID_ID": null, "has_data": false}, "geometry": {"type": "Polygon", "coordinates": [[[-118.208764833796, 34.0694237598985], [-118.212600551126, 34.0639173208963], [-118.220248306195, 34.0639281717298], [-118.224061333878, 34.0694454646187], [-118.220226109723, 34.0749522556903], [-118.212577363812, 34.0749414003159], [-118.208764833796, 34.0694237598985]]]}}, {"type": "Feature", "properties": {"OBJECTID": 2129, "GRID_ID": null, "has_data": false}, "geometry": {"type": "Polygon", "coordinates": [[[-118.208764833796, 34.0694237598985], [-118.212600551126, 34.0639173208963], [-118.220248306195, 34.0639281717298], [-118.224061333878, 34.0694454646187], [-118.220226109723, 34.0749522556903], [-118.212577363812, 34.0749414003159], [-118.208764833796, 34.0694237598985]]]}}, {"type": "Feature", "properties": {"OBJECTID": 2130, "GRID_ID": null, "has_data": false}, "geometry": {"type": "Polygon", "coordinates": [[[-118.208764833796, 34.0694237598985], [-118.212600551126, 34.0639173208963], [-118.220248306195, 34.0639281717298], [-118.224061333878, 34.0694454646187], [-118.220226109723, 34.0749522556903], [-118.212577363812, 34.0749414003159], [-118.208764833796, 34.0694237598985]]]}}, {"type": "Feature", "properties": {"OBJECTID": 2131, "GRID_ID": null, "has_data": false}, "geometry": {"type": "Polygon", "coordinates": [[[-118.208764833796, 34.0694237598985], [-118.212600551126, 34.0639173208963], [-118.220248306195, 34.0639281717298], [-118.224061333878, 34.0694454646187], [-118.220226109723, 34.0749522556903], [-118.212577363812, 34.0749414003159], [-118.208764833796, 34.0694237598985]]]}}, {"type": "Feature", "properties": {"OBJECTID": 2132, "GRID_ID": null, "has_data": false}, "geometry": {"type": "Polygon", "coordinates": [[[-118.265873721509, 34.2403666533934], [-118.269713499224, 34.2348586025465], [-118.277376668485, 34.2348659468274], [-118.281201057161, 34.2403813454495], [-118.277361776215, 34.245889750801], [-118.269697608027, 34.2458824030263], [-118.265873721509, 34.2403666533934]]]}}, {"type": "Feature", "properties": {"OBJECTID": 2133, "GRID_ID": null, "has_data": false}, "geometry": {"type": "Polygon", "coordinates": [[[-118.403807030318, 34.1522389846662], [-118.407633835462, 34.1467265527812], [-118.415289031276, 34.1467253208874], [-118.419118414585, 34.1522365202959], [-118.415292108006, 34.1577493039717], [-118.407635917757, 34.1577505364481], [-118.403807030318, 34.1522389846662]]]}}, {"type": "Feature", "properties": {"OBJECTID": 2134, "GRID_ID": null, "has_data": false}, "geometry": {"type": "Polygon", "coordinates": [[[-118.59925680506, 34.2457677071129], [-118.603075105854, 34.2402493143904], [-118.610738775476, 34.2402359189334], [-118.614585145029, 34.2457409112699], [-118.610767347292, 34.2512596545441], [-118.603102678743, 34.2512730549294], [-118.59925680506, 34.2457677071129]]]}}, {"type": "Feature", "properties": {"OBJECTID": 2135, "GRID_ID": null, "has_data": false}, "geometry": {"type": "Polygon", "coordinates": [[[-118.197279872889, 34.074918269859], [-118.201116583755, 34.0694121961498], [-118.208764833796, 34.0694237598985], [-118.212577363812, 34.0749414003159], [-118.208741145222, 34.0804478266731], [-118.201091903441, 34.0804362584771], [-118.197279872889, 34.074918269859]]]}}, {"type": "Feature", "properties": {"OBJECTID": 2136, "GRID_ID": null, "has_data": false}, "geometry": {"type": "Polygon", "coordinates": [[[-118.197279872889, 34.074918269859], [-118.201116583755, 34.0694121961498], [-118.208764833796, 34.0694237598985], [-118.212577363812, 34.0749414003159], [-118.208741145222, 34.0804478266731], [-118.201091903441, 34.0804362584771], [-118.197279872889, 34.074918269859]]]}}, {"type": "Feature", "properties": {"OBJECTID": 2137, "GRID_ID": null, "has_data": false}, "geometry": {"type": "Polygon", "coordinates": [[[-118.197279872889, 34.074918269859], [-118.201116583755, 34.0694121961498], [-118.208764833796, 34.0694237598985], [-118.212577363812, 34.0749414003159], [-118.208741145222, 34.0804478266731], [-118.201091903441, 34.0804362584771], [-118.197279872889, 34.074918269859]]]}}, {"type": "Feature", "properties": {"OBJECTID": 2138, "GRID_ID": null, "has_data": false}, "geometry": {"type": "Polygon", "coordinates": [[[-118.587773339848, 34.2512984248446], [-118.591592635974, 34.2457803895597], [-118.59925680506, 34.2457677071129], [-118.603102678743, 34.2512730549294], [-118.599283884775, 34.2567914405978], [-118.591618716762, 34.2568041280655], [-118.587773339848, 34.2512984248446]]]}}, {"type": "Feature", "properties": {"OBJECTID": 2139, "GRID_ID": null, "has_data": false}, "geometry": {"type": "Polygon", "coordinates": [[[-118.392323445629, 34.1467275913785], [-118.396150747542, 34.1412155098711], [-118.403805446588, 34.1412149909104], [-118.407633835462, 34.1467265527812], [-118.403807030318, 34.1522389846662], [-118.396151337735, 34.1522395043026], [-118.392323445629, 34.1467275913785]]]}}, {"type": "Feature", "properties": {"OBJECTID": 2140, "GRID_ID": null, "has_data": false}, "geometry": {"type": "Polygon", "coordinates": [[[-118.576264297803, 34.2458043235052], [-118.580084096986, 34.2402866379336], [-118.58774776571, 34.240274673519], [-118.591592635974, 34.2457803895597], [-118.587773339848, 34.2512984248446], [-118.580108671299, 34.2513103943749], [-118.576264297803, 34.2458043235052]]]}}, {"type": "Feature", "properties": {"OBJECTID": 2141, "GRID_ID": null, "has_data": false}, "geometry": {"type": "Polygon", "coordinates": [[[-118.576264297803, 34.2458043235052], [-118.580084096986, 34.2402866379336], [-118.58774776571, 34.240274673519], [-118.591592635974, 34.2457803895597], [-118.587773339848, 34.2512984248446], [-118.580108671299, 34.2513103943749], [-118.576264297803, 34.2458043235052]]]}}, {"type": "Feature", "properties": {"OBJECTID": 2142, "GRID_ID": null, "has_data": false}, "geometry": {"type": "Polygon", "coordinates": [[[-118.185820081877, 34.0693876488513], [-118.189657285021, 34.0638819286094], [-118.197305040988, 34.0638942000805], [-118.201116583755, 34.0694121961498], [-118.197279872889, 34.074918269859], [-118.189631126079, 34.0749059932879], [-118.185820081877, 34.0693876488513]]]}}, {"type": "Feature", "properties": {"OBJECTID": 2143, "GRID_ID": null, "has_data": false}, "geometry": {"type": "Polygon", "coordinates": [[[-118.5647793342, 34.2513329018395], [-118.568600128717, 34.2458155750043], [-118.576264297803, 34.2458043235052], [-118.580108671299, 34.2513103943749], [-118.57628837894, 34.2568280722403], [-118.568623210928, 34.2568393282053], [-118.5647793342, 34.2513329018395]]]}}, {"type": "Feature", "properties": {"OBJECTID": 2144, "GRID_ID": null, "has_data": false}, "geometry": {"type": "Polygon", "coordinates": [[[-118.380839953467, 34.1522391177347], [-118.384668249815, 34.1467273980819], [-118.392323445629, 34.1467275913785], [-118.396151337735, 34.1522395043026], [-118.392323538156, 34.1577515756531], [-118.384667347906, 34.1577513823818], [-118.380839953467, 34.1522391177347]]]}}, {"type": "Feature", "properties": {"OBJECTID": 2145, "GRID_ID": null, "has_data": false}, "geometry": {"type": "Polygon", "coordinates": [[[-118.507286785012, 34.245888419365], [-118.511111078467, 34.2403728624658], [-118.518774747191, 34.2403651889404], [-118.522615119591, 34.2458730696065], [-118.518791327396, 34.2513889774178], [-118.511126659745, 34.2513966543933], [-118.507286785012, 34.245888419365]]]}}, {"type": "Feature", "properties": {"OBJECTID": 2146, "GRID_ID": null, "has_data": false}, "geometry": {"type": "Polygon", "coordinates": [[[-118.174333633359, 34.0748800189477], [-118.178171830938, 34.0693746645568], [-118.185820081877, 34.0693876488513], [-118.189631126079, 34.0749059932879], [-118.185793419879, 34.0804117009805], [-118.178144178997, 34.0803987109354], [-118.174333633359, 34.0748800189477]]]}}, {"type": "Feature", "properties": {"OBJECTID": 2147, "GRID_ID": null, "has_data": false}, "geometry": {"type": "Polygon", "coordinates": [[[-118.49579732624, 34.2514105760099], [-118.499622616825, 34.2458953787728], [-118.507286785012, 34.245888419365], [-118.511126659745, 34.2513966543933], [-118.507301870421, 34.2569122023747], [-118.499636703307, 34.2569191653257], [-118.49579732624, 34.2514105760099]]]}}, {"type": "Feature", "properties": {"OBJECTID": 2148, "GRID_ID": null, "has_data": false}, "geometry": {"type": "Polygon", "coordinates": [[[-118.369357859982, 34.146725585555], [-118.373186653996, 34.1412142176737], [-118.380841352144, 34.1412151232528], [-118.384668249815, 34.1467273980819], [-118.380839953467, 34.1522391177347], [-118.373184259986, 34.1522382115304], [-118.369357859982, 34.146725585555]]]}}, {"type": "Feature", "properties": {"OBJECTID": 2149, "GRID_ID": null, "has_data": false}, "geometry": {"type": "Polygon", "coordinates": [[[-118.369357859982, 34.146725585555], [-118.373186653996, 34.1412142176737], [-118.380841352144, 34.1412151232528], [-118.384668249815, 34.1467273980819], [-118.380839953467, 34.1522391177347], [-118.373184259986, 34.1522382115304], [-118.369357859982, 34.146725585555]]]}}, {"type": "Feature", "properties": {"OBJECTID": 2150, "GRID_ID": null, "has_data": false}, "geometry": {"type": "Polygon", "coordinates": [[[-118.484294283144, 34.2459078673885], [-118.488120074989, 34.2403930209686], [-118.495783742815, 34.2403867784797], [-118.499622616825, 34.2458953787728], [-118.49579732624, 34.2514105760099], [-118.488132658589, 34.2514168213938], [-118.484294283144, 34.2459078673885]]]}}, {"type": "Feature", "properties": {"OBJECTID": 2151, "GRID_ID": null, "has_data": false}, "geometry": {"type": "Polygon", "coordinates": [[[-118.162875328161, 34.0693472739321], [-118.166714018017, 34.0638422729184], [-118.174361773086, 34.0638559650286], [-118.178171830938, 34.0693746645568], [-118.174333633359, 34.0748800189477], [-118.166684887449, 34.074866321178], [-118.162875328161, 34.0693472739321]]]}}, {"type": "Feature", "properties": {"OBJECTID": 2152, "GRID_ID": null, "has_data": false}, "geometry": {"type": "Polygon", "coordinates": [[[-118.162875328161, 34.0693472739321], [-118.166714018017, 34.0638422729184], [-118.174361773086, 34.0638559650286], [-118.178171830938, 34.0693746645568], [-118.174333633359, 34.0748800189477], [-118.166684887449, 34.074866321178], [-118.162875328161, 34.0693472739321]]]}}, {"type": "Feature", "properties": {"OBJECTID": 2153, "GRID_ID": null, "has_data": false}, "geometry": {"type": "Polygon", "coordinates": [[[-118.472803324186, 34.2514278813134], [-118.476630114957, 34.245913395854], [-118.484294283144, 34.2459078673885], [-118.488132658589, 34.2514168213938], [-118.484306369976, 34.2569316582452], [-118.476641202862, 34.2569371896989], [-118.472803324186, 34.2514278813134]]]}}, {"type": "Feature", "properties": {"OBJECTID": 2154, "GRID_ID": null, "has_data": false}, "geometry": {"type": "Polygon", "coordinates": [[[-118.357872875719, 34.1522349732809], [-118.361702664168, 34.1467239670681], [-118.369357859982, 34.146725585555], [-118.373184259986, 34.1522382115304], [-118.369354968305, 34.1577495693481], [-118.361698778056, 34.1577479495857], [-118.357872875719, 34.1522349732809]]]}}, {"type": "Feature", "properties": {"OBJECTID": 2155, "GRID_ID": null, "has_data": false}, "geometry": {"type": "Polygon", "coordinates": [[[-118.357872875719, 34.1522349732809], [-118.361702664168, 34.1467239670681], [-118.369357859982, 34.146725585555], [-118.373184259986, 34.1522382115304], [-118.369354968305, 34.1577495693481], [-118.361698778056, 34.1577479495857], [-118.357872875719, 34.1522349732809]]]}}, {"type": "Feature", "properties": {"OBJECTID": 2156, "GRID_ID": null, "has_data": false}, "geometry": {"type": "Polygon", "coordinates": [[[-118.357872875719, 34.1522349732809], [-118.361702664168, 34.1467239670681], [-118.369357859982, 34.146725585555], [-118.373184259986, 34.1522382115304], [-118.369354968305, 34.1577495693481], [-118.361698778056, 34.1577479495857], [-118.357872875719, 34.1522349732809]]]}}, {"type": "Feature", "properties": {"OBJECTID": 2157, "GRID_ID": null, "has_data": false}, "geometry": {"type": "Polygon", "coordinates": [[[-118.357872875719, 34.1522349732809], [-118.361702664168, 34.1467239670681], [-118.369357859982, 34.146725585555], [-118.373184259986, 34.1522382115304], [-118.369354968305, 34.1577495693481], [-118.361698778056, 34.1577479495857], [-118.357872875719, 34.1522349732809]]]}}, {"type": "Feature", "properties": {"OBJECTID": 2158, "GRID_ID": null, "has_data": false}, "geometry": {"type": "Polygon", "coordinates": [[[-118.357872875719, 34.1522349732809], [-118.361702664168, 34.1467239670681], [-118.369357859982, 34.146725585555], [-118.373184259986, 34.1522382115304], [-118.369354968305, 34.1577495693481], [-118.361698778056, 34.1577479495857], [-118.357872875719, 34.1522349732809]]]}}, {"type": "Feature", "properties": {"OBJECTID": 2159, "GRID_ID": null, "has_data": false}, "geometry": {"type": "Polygon", "coordinates": [[[-118.357872875719, 34.1522349732809], [-118.361702664168, 34.1467239670681], [-118.369357859982, 34.146725585555], [-118.373184259986, 34.1522382115304], [-118.369354968305, 34.1577495693481], [-118.361698778056, 34.1577479495857], [-118.357872875719, 34.1522349732809]]]}}, {"type": "Feature", "properties": {"OBJECTID": 2160, "GRID_ID": null, "has_data": false}, "geometry": {"type": "Polygon", "coordinates": [[[-118.357872875719, 34.1522349732809], [-118.361702664168, 34.1467239670681], [-118.369357859982, 34.146725585555], [-118.373184259986, 34.1522382115304], [-118.369354968305, 34.1577495693481], [-118.361698778056, 34.1577479495857], [-118.357872875719, 34.1522349732809]]]}}, {"type": "Feature", "properties": {"OBJECTID": 2161, "GRID_ID": null, "has_data": false}, "geometry": {"type": "Polygon", "coordinates": [[[-118.357872875719, 34.1522349732809], [-118.361702664168, 34.1467239670681], [-118.369357859982, 34.146725585555], [-118.373184259986, 34.1522382115304], [-118.369354968305, 34.1577495693481], [-118.361698778056, 34.1577479495857], [-118.357872875719, 34.1522349732809]]]}}, {"type": "Feature", "properties": {"OBJECTID": 2162, "GRID_ID": null, "has_data": false}, "geometry": {"type": "Polygon", "coordinates": [[[-118.461301780378, 34.2459230225863], [-118.465129072409, 34.2404088893347], [-118.472792739337, 34.240404076396], [-118.476630114957, 34.245913395854], [-118.472803324186, 34.2514278813134], [-118.465138658331, 34.2514326958493], [-118.461301780378, 34.2459230225863]]]}}, {"type": "Feature", "properties": {"OBJECTID": 2163, "GRID_ID": null, "has_data": false}, "geometry": {"type": "Polygon", "coordinates": [[[-118.449809324826, 34.2514408933312], [-118.453637614885, 34.2459271208531], [-118.461301780378, 34.2459230225863], [-118.465138658331, 34.2514326958493], [-118.461310869532, 34.2569468203674], [-118.453645704215, 34.2569509203247], [-118.449809324826, 34.2514408933312]]]}}, {"type": "Feature", "properties": {"OBJECTID": 2164, "GRID_ID": null, "has_data": false}, "geometry": {"type": "Polygon", "coordinates": [[[-118.151387392034, 34.0748375036947], [-118.155227077222, 34.0693328683456], [-118.162875328161, 34.0693472739321], [-118.166684887449, 34.074866321178], [-118.162845693639, 34.0803713097386], [-118.155196451858, 34.0803568978425], [-118.151387392034, 34.0748375036947]]]}}, {"type": "Feature", "properties": {"OBJECTID": 2165, "GRID_ID": null, "has_data": false}, "geometry": {"type": "Polygon", "coordinates": [[[-118.151387392034, 34.0748375036947], [-118.155227077222, 34.0693328683456], [-118.162875328161, 34.0693472739321], [-118.166684887449, 34.074866321178], [-118.162845693639, 34.0803713097386], [-118.155196451858, 34.0803568978425], [-118.151387392034, 34.0748375036947]]]}}, {"type": "Feature", "properties": {"OBJECTID": 2166, "GRID_ID": null, "has_data": false}, "geometry": {"type": "Polygon", "coordinates": [[[-118.151387392034, 34.0748375036947], [-118.155227077222, 34.0693328683456], [-118.162875328161, 34.0693472739321], [-118.166684887449, 34.074866321178], [-118.162845693639, 34.0803713097386], [-118.155196451858, 34.0803568978425], [-118.151387392034, 34.0748375036947]]]}}, {"type": "Feature", "properties": {"OBJECTID": 2167, "GRID_ID": null, "has_data": false}, "geometry": {"type": "Polygon", "coordinates": [[[-118.438309280307, 34.2459338864458], [-118.442138070728, 34.2404204653385], [-118.449801736757, 34.2404170834346], [-118.453637614885, 34.2459271208531], [-118.449809324826, 34.2514408933312], [-118.442144658972, 34.2514442770198], [-118.438309280307, 34.2459338864458]]]}}, {"type": "Feature", "properties": {"OBJECTID": 2168, "GRID_ID": null, "has_data": false}, "geometry": {"type": "Polygon", "coordinates": [[[-118.438309280307, 34.2459338864458], [-118.442138070728, 34.2404204653385], [-118.449801736757, 34.2404170834346], [-118.453637614885, 34.2459271208531], [-118.449809324826, 34.2514408933312], [-118.442144658972, 34.2514442770198], [-118.438309280307, 34.2459338864458]]]}}, {"type": "Feature", "properties": {"OBJECTID": 2169, "GRID_ID": null, "has_data": false}, "geometry": {"type": "Polygon", "coordinates": [[[-118.346392274335, 34.1467193041602], [-118.350222559553, 34.1412086496261], [-118.357877257701, 34.1412109804886], [-118.361702664168, 34.1467239670681], [-118.357872875719, 34.1522349732809], [-118.350217183136, 34.1522326412357], [-118.346392274335, 34.1467193041602]]]}}, {"type": "Feature", "properties": {"OBJECTID": 2170, "GRID_ID": null, "has_data": false}, "geometry": {"type": "Polygon", "coordinates": [[[-118.426815325467, 34.2514496128075], [-118.430645113916, 34.2459365537719], [-118.438309280307, 34.2459338864458], [-118.442144658972, 34.2514442770198], [-118.438315369986, 34.256957688001], [-118.430650204668, 34.2569603564627], [-118.426815325467, 34.2514496128075]]]}}, {"type": "Feature", "properties": {"OBJECTID": 2171, "GRID_ID": null, "has_data": false}, "geometry": {"type": "Polygon", "coordinates": [[[-118.380848336546, 34.0860948558202], [-118.384673652283, 34.0805830757899], [-118.392322891369, 34.0805832684936], [-118.396147803763, 34.0860952412026], [-118.392322983895, 34.0916073721409], [-118.384672753069, 34.0916071787183], [-118.380848336546, 34.0860948558202]]]}}, {"type": "Feature", "properties": {"OBJECTID": 2172, "GRID_ID": null, "has_data": false}, "geometry": {"type": "Polygon", "coordinates": [[[-118.334905797072, 34.1522265513042], [-118.338737078521, 34.1467162597391], [-118.346392274335, 34.1467193041602], [-118.350217183136, 34.1522326412357], [-118.346386398455, 34.1577432850563], [-118.338730208205, 34.157740239546], [-118.334905797072, 34.1522265513042]]]}}, {"type": "Feature", "properties": {"OBJECTID": 2173, "GRID_ID": null, "has_data": false}, "geometry": {"type": "Polygon", "coordinates": [[[-118.415316780236, 34.2459404574836], [-118.419147068148, 34.2404277504671], [-118.426810735974, 34.2404257988547], [-118.430645113916, 34.2459365537719], [-118.426815325467, 34.2514496128075], [-118.419150658714, 34.2514515649068], [-118.415316780236, 34.2459404574836]]]}}, {"type": "Feature", "properties": {"OBJECTID": 2174, "GRID_ID": null, "has_data": false}, "geometry": {"type": "Polygon", "coordinates": [[[-118.415316780236, 34.2459404574836], [-118.419147068148, 34.2404277504671], [-118.426810735974, 34.2404257988547], [-118.430645113916, 34.2459365537719], [-118.426815325467, 34.2514496128075], [-118.419150658714, 34.2514515649068], [-118.415316780236, 34.2459404574836]]]}}, {"type": "Feature", "properties": {"OBJECTID": 2175, "GRID_ID": null, "has_data": false}, "geometry": {"type": "Polygon", "coordinates": [[[-118.415316780236, 34.2459404574836], [-118.419147068148, 34.2404277504671], [-118.426810735974, 34.2404257988547], [-118.430645113916, 34.2459365537719], [-118.426815325467, 34.2514496128075], [-118.419150658714, 34.2514515649068], [-118.415316780236, 34.2459404574836]]]}}, {"type": "Feature", "properties": {"OBJECTID": 2176, "GRID_ID": null, "has_data": false}, "geometry": {"type": "Polygon", "coordinates": [[[-118.369375175908, 34.0805812677972], [-118.373200987515, 34.0750698387486], [-118.380849730731, 34.0750707428037], [-118.384673652283, 34.0805830757899], [-118.380848336546, 34.0860948558202], [-118.37319860159, 34.0860939518827], [-118.369375175908, 34.0805812677972]]]}}, {"type": "Feature", "properties": {"OBJECTID": 2177, "GRID_ID": null, "has_data": false}, "geometry": {"type": "Polygon", "coordinates": [[[-118.369375175908, 34.0805812677972], [-118.373200987515, 34.0750698387486], [-118.380849730731, 34.0750707428037], [-118.384673652283, 34.0805830757899], [-118.380848336546, 34.0860948558202], [-118.37319860159, 34.0860939518827], [-118.369375175908, 34.0805812677972]]]}}, {"type": "Feature", "properties": {"OBJECTID": 2178, "GRID_ID": null, "has_data": false}, "geometry": {"type": "Polygon", "coordinates": [[[-118.369375175908, 34.0805812677972], [-118.373200987515, 34.0750698387486], [-118.380849730731, 34.0750707428037], [-118.384673652283, 34.0805830757899], [-118.380848336546, 34.0860948558202], [-118.37319860159, 34.0860939518827], [-118.369375175908, 34.0805812677972]]]}}, {"type": "Feature", "properties": {"OBJECTID": 2179, "GRID_ID": null, "has_data": false}, "geometry": {"type": "Polygon", "coordinates": [[[-118.369375175908, 34.0805812677972], [-118.373200987515, 34.0750698387486], [-118.380849730731, 34.0750707428037], [-118.384673652283, 34.0805830757899], [-118.380848336546, 34.0860948558202], [-118.37319860159, 34.0860939518827], [-118.369375175908, 34.0805812677972]]]}}, {"type": "Feature", "properties": {"OBJECTID": 2180, "GRID_ID": null, "has_data": false}, "geometry": {"type": "Polygon", "coordinates": [[[-118.403821326107, 34.2514540390014], [-118.407652612946, 34.2459416938693], [-118.415316780236, 34.2459404574836], [-118.419150658714, 34.2514515649068], [-118.415319872237, 34.2569642626329], [-118.407654705123, 34.2569654995992], [-118.403821326107, 34.2514540390014]]]}}, {"type": "Feature", "properties": {"OBJECTID": 2181, "GRID_ID": null, "has_data": false}, "geometry": {"type": "Polygon", "coordinates": [[[-118.311938718424, 34.15221385329], [-118.315771491975, 34.1467042768374], [-118.323426686891, 34.1467087464496], [-118.327250105387, 34.1522227941612], [-118.323417827706, 34.1577327227768], [-118.315761638355, 34.1577282515181], [-118.311938718424, 34.15221385329]]]}}, {"type": "Feature", "properties": {"OBJECTID": 2182, "GRID_ID": null, "has_data": false}, "geometry": {"type": "Polygon", "coordinates": [[[-118.392324280164, 34.2459427364432], [-118.396156067365, 34.2404307447216], [-118.403819734293, 34.2404302234005], [-118.407652612946, 34.2459416938693], [-118.403821326107, 34.2514540390014], [-118.396156659355, 34.2514545602542], [-118.392324280164, 34.2459427364432]]]}}, {"type": "Feature", "properties": {"OBJECTID": 2183, "GRID_ID": null, "has_data": false}, "geometry": {"type": "Polygon", "coordinates": [[[-118.392324280164, 34.2459427364432], [-118.396156067365, 34.2404307447216], [-118.403819734293, 34.2404302234005], [-118.407652612946, 34.2459416938693], [-118.403821326107, 34.2514540390014], [-118.396156659355, 34.2514545602542], [-118.392324280164, 34.2459427364432]]]}}, {"type": "Feature", "properties": {"OBJECTID": 2184, "GRID_ID": null, "has_data": false}, "geometry": {"type": "Polygon", "coordinates": [[[-118.392324280164, 34.2459427364432], [-118.396156067365, 34.2404307447216], [-118.403819734293, 34.2404302234005], [-118.407652612946, 34.2459416938693], [-118.403821326107, 34.2514540390014], [-118.396156659355, 34.2514545602542], [-118.392324280164, 34.2459427364432]]]}}, {"type": "Feature", "properties": {"OBJECTID": 2185, "GRID_ID": null, "has_data": false}, "geometry": {"type": "Polygon", "coordinates": [[[-118.357899133474, 34.0860907215152], [-118.361725936822, 34.0805796532523], [-118.369375175908, 34.0805812677972], [-118.37319860159, 34.0860939518827], [-118.369372293214, 34.0916053702171], [-118.361722063286, 34.0916037551385], [-118.357899133474, 34.0860907215152]]]}}, {"type": "Feature", "properties": {"OBJECTID": 2186, "GRID_ID": null, "has_data": false}, "geometry": {"type": "Polygon", "coordinates": [[[-118.380827327646, 34.2514541719135], [-118.384660113773, 34.2459425426314], [-118.392324280164, 34.2459427364432], [-118.396156659355, 34.2514545602542], [-118.392324373589, 34.256966542779], [-118.384659206475, 34.2569663482501], [-118.380827327646, 34.2514541719135]]]}}, {"type": "Feature", "properties": {"OBJECTID": 2187, "GRID_ID": null, "has_data": false}, "geometry": {"type": "Polygon", "coordinates": [[[-118.369331780991, 34.2459407240677], [-118.373165065683, 34.2404294473599], [-118.380828733509, 34.24043035633], [-118.384660113773, 34.2459425426314], [-118.380827327646, 34.2514541719135], [-118.373162660893, 34.2514532623198], [-118.369331780991, 34.2459407240677]]]}}, {"type": "Feature", "properties": {"OBJECTID": 2188, "GRID_ID": null, "has_data": false}, "geometry": {"type": "Polygon", "coordinates": [[[-118.288971639777, 34.1521968770062], [-118.29280590543, 34.1466880168743], [-118.300461100346, 34.1466939124216], [-118.30428302674, 34.1522086695617], [-118.300449256957, 34.1577178825081], [-118.292793066708, 34.1577119855002], [-118.288971639777, 34.1521968770062]]]}}, {"type": "Feature", "properties": {"OBJECTID": 2189, "GRID_ID": null, "has_data": false}, "geometry": {"type": "Polygon", "coordinates": [[[-118.311845328669, 34.251428813183], [-118.315682612661, 34.2459193349628], [-118.323346779052, 34.2459238215961], [-118.327174662174, 34.2514377873469], [-118.323337875849, 34.2569476192725], [-118.315672710532, 34.2569431317421], [-118.311845328669, 34.251428813183]]]}}, {"type": "Feature", "properties": {"OBJECTID": 2190, "GRID_ID": null, "has_data": false}, "geometry": {"type": "Polygon", "coordinates": [[[-118.346427459548, 34.0805750015771], [-118.350254757867, 34.0750642849477], [-118.357903501083, 34.0750666101926], [-118.361725936822, 34.0805796532523], [-118.357899133474, 34.0860907215152], [-118.350249398518, 34.086088395085], [-118.346427459548, 34.0805750015771]]]}}, {"type": "Feature", "properties": {"OBJECTID": 2191, "GRID_ID": null, "has_data": false}, "geometry": {"type": "Polygon", "coordinates": [[[-118.346427459548, 34.0805750015771], [-118.350254757867, 34.0750642849477], [-118.357903501083, 34.0750666101926], [-118.361725936822, 34.0805796532523], [-118.357899133474, 34.0860907215152], [-118.350249398518, 34.086088395085], [-118.346427459548, 34.0805750015771]]]}}, {"type": "Feature", "properties": {"OBJECTID": 2192, "GRID_ID": null, "has_data": false}, "geometry": {"type": "Polygon", "coordinates": [[[-118.346427459548, 34.0805750015771], [-118.350254757867, 34.0750642849477], [-118.357903501083, 34.0750666101926], [-118.361725936822, 34.0805796532523], [-118.357899133474, 34.0860907215152], [-118.350249398518, 34.086088395085], [-118.346427459548, 34.0805750015771]]]}}, {"type": "Feature", "properties": {"OBJECTID": 2193, "GRID_ID": null, "has_data": false}, "geometry": {"type": "Polygon", "coordinates": [[[-118.300354278082, 34.24590893224], [-118.304192060639, 34.2403998077996], [-118.311855727567, 34.2404050083877], [-118.315682612661, 34.2459193349628], [-118.311845328669, 34.251428813183], [-118.304180661917, 34.2514236110486], [-118.300354278082, 34.24590893224]]]}}, {"type": "Feature", "properties": {"OBJECTID": 2194, "GRID_ID": null, "has_data": false}, "geometry": {"type": "Polygon", "coordinates": [[[-118.277495512004, 34.146674802074], [-118.281330272628, 34.1411662940876], [-118.288984971675, 34.1411729008036], [-118.29280590543, 34.1466880168743], [-118.288971639777, 34.1521968770062], [-118.281315946296, 34.1521902681787], [-118.277495512004, 34.146674802074]]]}}, {"type": "Feature", "properties": {"OBJECTID": 2195, "GRID_ID": null, "has_data": false}, "geometry": {"type": "Polygon", "coordinates": [[[-118.288851327513, 34.2514117744465], [-118.292690111691, 34.2459030154078], [-118.300354278082, 34.24590893224], [-118.304180661917, 34.2514236110486], [-118.300342376303, 34.2569327236998], [-118.292677210986, 34.2569268046727], [-118.288851327513, 34.2514117744465]]]}}, {"type": "Feature", "properties": {"OBJECTID": 2196, "GRID_ID": null, "has_data": false}, "geometry": {"type": "Polygon", "coordinates": [[[-118.288851327513, 34.2514117744465], [-118.292690111691, 34.2459030154078], [-118.300354278082, 34.24590893224], [-118.304180661917, 34.2514236110486], [-118.300342376303, 34.2569327236998], [-118.292677210986, 34.2569268046727], [-118.288851327513, 34.2514117744465]]]}}, {"type": "Feature", "properties": {"OBJECTID": 2197, "GRID_ID": null, "has_data": false}, "geometry": {"type": "Polygon", "coordinates": [[[-118.288851327513, 34.2514117744465], [-118.292690111691, 34.2459030154078], [-118.300354278082, 34.24590893224], [-118.304180661917, 34.2514236110486], [-118.300342376303, 34.2569327236998], [-118.292677210986, 34.2569268046727], [-118.288851327513, 34.2514117744465]]]}}, {"type": "Feature", "properties": {"OBJECTID": 2198, "GRID_ID": null, "has_data": false}, "geometry": {"type": "Polygon", "coordinates": [[[-118.266004559334, 34.1521756246805], [-118.26984031619, 34.146667481334], [-118.277495512004, 34.146674802074], [-118.281315946296, 34.1521902681787], [-118.27748068531, 34.1576987642478], [-118.269824494162, 34.1576914407465], [-118.266004559334, 34.1521756246805]]]}}, {"type": "Feature", "properties": {"OBJECTID": 2199, "GRID_ID": null, "has_data": false}, "geometry": {"type": "Polygon", "coordinates": [[[-118.277361776215, 34.245889750801], [-118.281201057161, 34.2403813454495], [-118.288864724987, 34.2403879763306], [-118.292690111691, 34.2459030154078], [-118.288851327513, 34.2514117744465], [-118.28118666076, 34.2514051407212], [-118.277361776215, 34.245889750801]]]}}, {"type": "Feature", "properties": {"OBJECTID": 2200, "GRID_ID": null, "has_data": false}, "geometry": {"type": "Polygon", "coordinates": [[[-118.265857326357, 34.2513904424216], [-118.269697608027, 34.2458824030263], [-118.277361776215, 34.245889750801], [-118.28118666076, 34.2514051407212], [-118.277346875859, 34.2569135343788], [-118.269681708745, 34.2569061838543], [-118.265857326357, 34.2513904424216]]]}}, {"type": "Feature", "properties": {"OBJECTID": 2201, "GRID_ID": null, "has_data": false}, "geometry": {"type": "Polygon", "coordinates": [[[-118.58779892746, 34.2623221561463], [-118.591618716762, 34.2568041280655], [-118.599283884775, 34.2567914405978], [-118.603130266005, 34.2622967761914], [-118.59931097976, 34.2678151544151], [-118.591644811923, 34.2678278469016], [-118.58779892746, 34.2623221561463]]]}}, {"type": "Feature", "properties": {"OBJECTID": 2202, "GRID_ID": null, "has_data": false}, "geometry": {"type": "Polygon", "coordinates": [[[-118.57628837894, 34.2568280722403], [-118.580108671299, 34.2513103943749], [-118.587773339848, 34.2512984248446], [-118.591618716762, 34.2568041280655], [-118.58779892746, 34.2623221561463], [-118.580133259985, 34.2623341307901], [-118.57628837894, 34.2568280722403]]]}}, {"type": "Feature", "properties": {"OBJECTID": 2203, "GRID_ID": null, "has_data": false}, "geometry": {"type": "Polygon", "coordinates": [[[-118.507301870421, 34.2569122023747], [-118.511126659745, 34.2513966543933], [-118.518791327396, 34.2513889774178], [-118.522632204649, 34.2568968464597], [-118.518807917483, 34.2624127465975], [-118.511142250007, 34.2624204262792], [-118.507301870421, 34.2569122023747]]]}}, {"type": "Feature", "properties": {"OBJECTID": 2204, "GRID_ID": null, "has_data": false}, "geometry": {"type": "Polygon", "coordinates": [[[-118.495810916852, 34.262434353496], [-118.499636703307, 34.2569191653257], [-118.507301870421, 34.2569122023747], [-118.511142250007, 34.2624204262792], [-118.507316964813, 34.2679359664377], [-118.499650797873, 34.2679429314456], [-118.495810916852, 34.262434353496]]]}}, {"type": "Feature", "properties": {"OBJECTID": 2205, "GRID_ID": null, "has_data": false}, "geometry": {"type": "Polygon", "coordinates": [[[-118.495810916852, 34.262434353496], [-118.499636703307, 34.2569191653257], [-118.507301870421, 34.2569122023747], [-118.511142250007, 34.2624204262792], [-118.507316964813, 34.2679359664377], [-118.499650797873, 34.2679429314456], [-118.495810916852, 34.262434353496]]]}}, {"type": "Feature", "properties": {"OBJECTID": 2206, "GRID_ID": null, "has_data": false}, "geometry": {"type": "Polygon", "coordinates": [[[-118.495810916852, 34.262434353496], [-118.499636703307, 34.2569191653257], [-118.507301870421, 34.2569122023747], [-118.511142250007, 34.2624204262792], [-118.507316964813, 34.2679359664377], [-118.499650797873, 34.2679429314456], [-118.495810916852, 34.262434353496]]]}}, {"type": "Feature", "properties": {"OBJECTID": 2207, "GRID_ID": null, "has_data": false}, "geometry": {"type": "Polygon", "coordinates": [[[-118.495810916852, 34.262434353496], [-118.499636703307, 34.2569191653257], [-118.507301870421, 34.2569122023747], [-118.511142250007, 34.2624204262792], [-118.507316964813, 34.2679359664377], [-118.499650797873, 34.2679429314456], [-118.495810916852, 34.262434353496]]]}}, {"type": "Feature", "properties": {"OBJECTID": 2208, "GRID_ID": null, "has_data": false}, "geometry": {"type": "Polygon", "coordinates": [[[-118.495810916852, 34.262434353496], [-118.499636703307, 34.2569191653257], [-118.507301870421, 34.2569122023747], [-118.511142250007, 34.2624204262792], [-118.507316964813, 34.2679359664377], [-118.499650797873, 34.2679429314456], [-118.495810916852, 34.262434353496]]]}}, {"type": "Feature", "properties": {"OBJECTID": 2209, "GRID_ID": null, "has_data": false}, "geometry": {"type": "Polygon", "coordinates": [[[-118.495810916852, 34.262434353496], [-118.499636703307, 34.2569191653257], [-118.507301870421, 34.2569122023747], [-118.511142250007, 34.2624204262792], [-118.507316964813, 34.2679359664377], [-118.499650797873, 34.2679429314456], [-118.495810916852, 34.262434353496]]]}}, {"type": "Feature", "properties": {"OBJECTID": 2210, "GRID_ID": null, "has_data": false}, "geometry": {"type": "Polygon", "coordinates": [[[-118.484306369976, 34.2569316582452], [-118.488132658589, 34.2514168213938], [-118.49579732624, 34.2514105760099], [-118.499636703307, 34.2569191653257], [-118.495810916852, 34.262434353496], [-118.488145249376, 34.2624406017737], [-118.484306369976, 34.2569316582452]]]}}, {"type": "Feature", "properties": {"OBJECTID": 2211, "GRID_ID": null, "has_data": false}, "geometry": {"type": "Polygon", "coordinates": [[[-118.484306369976, 34.2569316582452], [-118.488132658589, 34.2514168213938], [-118.49579732624, 34.2514105760099], [-118.499636703307, 34.2569191653257], [-118.495810916852, 34.262434353496], [-118.488145249376, 34.2624406017737], [-118.484306369976, 34.2569316582452]]]}}, {"type": "Feature", "properties": {"OBJECTID": 2212, "GRID_ID": null, "has_data": false}, "geometry": {"type": "Polygon", "coordinates": [[[-118.472813915323, 34.2624516661836], [-118.476641202862, 34.2569371896989], [-118.484306369976, 34.2569316582452], [-118.488145249376, 34.2624406017737], [-118.484318463995, 34.2679554301517], [-118.476652297056, 34.2679609631077], [-118.472813915323, 34.2624516661836]]]}}, {"type": "Feature", "properties": {"OBJECTID": 2213, "GRID_ID": null, "has_data": false}, "geometry": {"type": "Polygon", "coordinates": [[[-118.461310869532, 34.2569468203674], [-118.465138658331, 34.2514326958493], [-118.472803324186, 34.2514278813134], [-118.476641202862, 34.2569371896989], [-118.472813915323, 34.2624516661836], [-118.465148249644, 34.2624564823159], [-118.461310869532, 34.2569468203674]]]}}, {"type": "Feature", "properties": {"OBJECTID": 2214, "GRID_ID": null, "has_data": false}, "geometry": {"type": "Polygon", "coordinates": [[[-118.449816916489, 34.2624646839207], [-118.453645704215, 34.2569509203247], [-118.461310869532, 34.2569468203674], [-118.465148249644, 34.2624564823159], [-118.461319963178, 34.267970598453], [-118.453653797137, 34.2679746993578], [-118.449816916489, 34.2624646839207]]]}}, {"type": "Feature", "properties": {"OBJECTID": 2215, "GRID_ID": null, "has_data": false}, "geometry": {"type": "Polygon", "coordinates": [[[-118.438315369986, 34.256957688001], [-118.442144658972, 34.2514442770198], [-118.449809324826, 34.2514408933312], [-118.453645704215, 34.2569509203247], [-118.449816916489, 34.2624646839207], [-118.442151250809, 34.2624680686507], [-118.438315369986, 34.256957688001]]]}}, {"type": "Feature", "properties": {"OBJECTID": 2216, "GRID_ID": null, "has_data": false}, "geometry": {"type": "Polygon", "coordinates": [[[-118.426819917654, 34.2624734067091], [-118.430650204668, 34.2569603564627], [-118.438315369986, 34.256957688001], [-118.442151250809, 34.2624680686507], [-118.438321464157, 34.2679814706015], [-118.430655298116, 34.2679841401982], [-118.426819917654, 34.2624734067091]]]}}, {"type": "Feature", "properties": {"OBJECTID": 2217, "GRID_ID": null, "has_data": false}, "geometry": {"type": "Polygon", "coordinates": [[[-118.426819917654, 34.2624734067091], [-118.430650204668, 34.2569603564627], [-118.438315369986, 34.256957688001], [-118.442151250809, 34.2624680686507], [-118.438321464157, 34.2679814706015], [-118.430655298116, 34.2679841401982], [-118.426819917654, 34.2624734067091]]]}}, {"type": "Feature", "properties": {"OBJECTID": 2218, "GRID_ID": null, "has_data": false}, "geometry": {"type": "Polygon", "coordinates": [[[-118.415319872237, 34.2569642626329], [-118.419150658714, 34.2514515649068], [-118.426815325467, 34.2514496128075], [-118.430650204668, 34.2569603564627], [-118.426819917654, 34.2624734067091], [-118.419154251077, 34.2624753592951], [-118.415319872237, 34.2569642626329]]]}}, {"type": "Feature", "properties": {"OBJECTID": 2219, "GRID_ID": null, "has_data": false}, "geometry": {"type": "Polygon", "coordinates": [[[-118.40382291882, 34.2624778345504], [-118.407654705123, 34.2569654995992], [-118.415319872237, 34.2569642626329], [-118.419154251077, 34.2624753592951], [-118.415322965136, 34.2679880473413], [-118.407656798197, 34.2679892848878], [-118.40382291882, 34.2624778345504]]]}}, {"type": "Feature", "properties": {"OBJECTID": 2220, "GRID_ID": null, "has_data": false}, "geometry": {"type": "Polygon", "coordinates": [[[-118.392324373589, 34.256966542779], [-118.396156659355, 34.2514545602542], [-118.403821326107, 34.2514540390014], [-118.407654705123, 34.2569654995992], [-118.40382291882, 34.2624778345504], [-118.396157252243, 34.2624783557348], [-118.392324373589, 34.256966542779]]]}}, {"type": "Feature", "properties": {"OBJECTID": 2221, "GRID_ID": null, "has_data": false}, "geometry": {"type": "Polygon", "coordinates": [[[-118.392324373589, 34.256966542779], [-118.396156659355, 34.2514545602542], [-118.403821326107, 34.2514540390014], [-118.407654705123, 34.2569654995992], [-118.40382291882, 34.2624778345504], [-118.396157252243, 34.2624783557348], [-118.392324373589, 34.256966542779]]]}}, {"type": "Feature", "properties": {"OBJECTID": 2222, "GRID_ID": null, "has_data": false}, "geometry": {"type": "Polygon", "coordinates": [[[-118.380825920884, 34.262477967445], [-118.384659206475, 34.2569663482501], [-118.392324373589, 34.256966542779], [-118.396157252243, 34.2624783557348], [-118.392324466115, 34.2679903286733], [-118.384658300075, 34.2679901341698], [-118.380825920884, 34.262477967445]]]}}, {"type": "Feature", "properties": {"OBJECTID": 2223, "GRID_ID": null, "has_data": false}, "geometry": {"type": "Polygon", "coordinates": [[[-118.369328874941, 34.2569645284396], [-118.373162660893, 34.2514532623198], [-118.380827327646, 34.2514541719135], [-118.384659206475, 34.2569663482501], [-118.380825920884, 34.262477967445], [-118.373160254307, 34.2624770579705], [-118.369328874941, 34.2569645284396]]]}}, {"type": "Feature", "properties": {"OBJECTID": 2224, "GRID_ID": null, "has_data": false}, "geometry": {"type": "Polygon", "coordinates": [[[-118.35782892205, 34.2624738061354], [-118.361663708725, 34.256962903158], [-118.369328874941, 34.2569645284396], [-118.373160254307, 34.2624770579705], [-118.369325967993, 34.2679883138555], [-118.361659801054, 34.2679866873021], [-118.35782892205, 34.2624738061354]]]}}, {"type": "Feature", "properties": {"OBJECTID": 2225, "GRID_ID": null, "has_data": false}, "geometry": {"type": "Polygon", "coordinates": [[[-118.334831922318, 34.2624653498787], [-118.338668210078, 34.2569551643224], [-118.346333376294, 34.2569582210994], [-118.350163255473, 34.2624714645171], [-118.346327468972, 34.26798200363], [-118.338661302033, 34.2679789457688], [-118.334831922318, 34.2624653498787]]]}}, {"type": "Feature", "properties": {"OBJECTID": 2226, "GRID_ID": null, "has_data": false}, "geometry": {"type": "Polygon", "coordinates": [[[-118.323337875849, 34.2569476192725], [-118.327174662174, 34.2514377873469], [-118.334839328029, 34.2514415593765], [-118.338668210078, 34.2569551643224], [-118.334831922318, 34.2624653498787], [-118.327166256638, 34.2624615768586], [-118.323337875849, 34.2569476192725]]]}}, {"type": "Feature", "properties": {"OBJECTID": 2227, "GRID_ID": null, "has_data": false}, "geometry": {"type": "Polygon", "coordinates": [[[-118.311834923483, 34.2624525986735], [-118.315672710532, 34.2569431317421], [-118.323337875849, 34.2569476192725], [-118.327166256638, 34.2624615768586], [-118.323328969053, 34.2679713972535], [-118.315662803012, 34.2679669073416], [-118.311834923483, 34.2624525986735]]]}}, {"type": "Feature", "properties": {"OBJECTID": 2228, "GRID_ID": null, "has_data": false}, "geometry": {"type": "Polygon", "coordinates": [[[-118.300342376303, 34.2569327236998], [-118.304180661917, 34.2514236110486], [-118.311845328669, 34.251428813183], [-118.315672710532, 34.2569431317421], [-118.311834923483, 34.2624525986735], [-118.304169257804, 34.2624473935085], [-118.300342376303, 34.2569327236998]]]}}, {"type": "Feature", "properties": {"OBJECTID": 2229, "GRID_ID": null, "has_data": false}, "geometry": {"type": "Polygon", "coordinates": [[[-118.300342376303, 34.2569327236998], [-118.304180661917, 34.2514236110486], [-118.311845328669, 34.251428813183], [-118.315672710532, 34.2569431317421], [-118.311834923483, 34.2624525986735], [-118.304169257804, 34.2624473935085], [-118.300342376303, 34.2569327236998]]]}}, {"type": "Feature", "properties": {"OBJECTID": 2230, "GRID_ID": null, "has_data": false}, "geometry": {"type": "Polygon", "coordinates": [[[-118.300342376303, 34.2569327236998], [-118.304180661917, 34.2514236110486], [-118.311845328669, 34.251428813183], [-118.315672710532, 34.2569431317421], [-118.311834923483, 34.2624525986735], [-118.304169257804, 34.2624473935085], [-118.300342376303, 34.2569327236998]]]}}, {"type": "Feature", "properties": {"OBJECTID": 2231, "GRID_ID": null, "has_data": false}, "geometry": {"type": "Polygon", "coordinates": [[[-118.300342376303, 34.2569327236998], [-118.304180661917, 34.2514236110486], [-118.311845328669, 34.251428813183], [-118.315672710532, 34.2569431317421], [-118.311834923483, 34.2624525986735], [-118.304169257804, 34.2624473935085], [-118.300342376303, 34.2569327236998]]]}}, {"type": "Feature", "properties": {"OBJECTID": 2232, "GRID_ID": null, "has_data": false}, "geometry": {"type": "Polygon", "coordinates": [[[-118.288837923751, 34.2624355525179], [-118.292677210986, 34.2569268046727], [-118.300342376303, 34.2569327236998], [-118.304169257804, 34.2624473935085], [-118.300330469134, 34.267956496209], [-118.292664303093, 34.2679505742458], [-118.288837923751, 34.2624355525179]]]}}, {"type": "Feature", "properties": {"OBJECTID": 2233, "GRID_ID": null, "has_data": false}, "geometry": {"type": "Polygon", "coordinates": [[[-118.277346875859, 34.2569135343788], [-118.28118666076, 34.2514051407212], [-118.288851327513, 34.2514117744465], [-118.292677210986, 34.2569268046727], [-118.288837923751, 34.2624355525179], [-118.281172256275, 34.2624289159497], [-118.277346875859, 34.2569135343788]]]}}, {"type": "Feature", "properties": {"OBJECTID": 2234, "GRID_ID": null, "has_data": false}, "geometry": {"type": "Polygon", "coordinates": [[[-118.576312473553, 34.2678518005589], [-118.580133259985, 34.2623341307901], [-118.58779892746, 34.2623221561463], [-118.591644811923, 34.2678278469016], [-118.587824529446, 34.2733458681299], [-118.580157861247, 34.2733578471428], [-118.576312473553, 34.2678518005589]]]}}, {"type": "Feature", "properties": {"OBJECTID": 2235, "GRID_ID": null, "has_data": false}, "geometry": {"type": "Polygon", "coordinates": [[[-118.484318463995, 34.2679554301517], [-118.488145249376, 34.2624406017737], [-118.495810916852, 34.262434353496], [-118.499650797873, 34.2679429314456], [-118.495824514651, 34.2734581116439], [-118.488157846451, 34.273464362072], [-118.484318463995, 34.2679554301517]]]}}, {"type": "Feature", "properties": {"OBJECTID": 2236, "GRID_ID": null, "has_data": false}, "geometry": {"type": "Polygon", "coordinates": [[[-118.47282451185, 34.2734754309702], [-118.476652297056, 34.2679609631077], [-118.484318463995, 34.2679554301517], [-118.488157846451, 34.273464362072], [-118.4843305652, 34.2789791815866], [-118.476663397538, 34.2789847175286], [-118.47282451185, 34.2734754309702]]]}}, {"type": "Feature", "properties": {"OBJECTID": 2237, "GRID_ID": null, "has_data": false}, "geometry": {"type": "Polygon", "coordinates": [[[-118.461319963178, 34.267970598453], [-118.465148249644, 34.2624564823159], [-118.472813915323, 34.2624516661836], [-118.476652297056, 34.2679609631077], [-118.47282451185, 34.2734754309702], [-118.465157846346, 34.2734802494405], [-118.461319963178, 34.267970598453]]]}}, {"type": "Feature", "properties": {"OBJECTID": 2238, "GRID_ID": null, "has_data": false}, "geometry": {"type": "Polygon", "coordinates": [[[-118.449824511744, 34.2734884536818], [-118.453653797137, 34.2679746993578], [-118.461319963178, 34.267970598453], [-118.465157846346, 34.2734802494405], [-118.461329062213, 34.2789943560643], [-118.453661895449, 34.2789984594006], [-118.449824511744, 34.2734884536818]]]}}, {"type": "Feature", "properties": {"OBJECTID": 2239, "GRID_ID": null, "has_data": false}, "geometry": {"type": "Polygon", "coordinates": [[[-118.438321464157, 34.2679814706015], [-118.442151250809, 34.2624680686507], [-118.449816916489, 34.2624646839207], [-118.453653797137, 34.2679746993578], [-118.449824511744, 34.2734884536818], [-118.44215784624, 34.2734918401953], [-118.438321464157, 34.2679814706015]]]}}, {"type": "Feature", "properties": {"OBJECTID": 2240, "GRID_ID": null, "has_data": false}, "geometry": {"type": "Polygon", "coordinates": [[[-118.426824512537, 34.2734971805232], [-118.430655298116, 34.2679841401982], [-118.438321464157, 34.2679814706015], [-118.44215784624, 34.2734918401953], [-118.438327561023, 34.2790052327257], [-118.430660394259, 34.2790079034569], [-118.426824512537, 34.2734971805232]]]}}, {"type": "Feature", "properties": {"OBJECTID": 2241, "GRID_ID": null, "has_data": false}, "geometry": {"type": "Polygon", "coordinates": [[[-118.426824512537, 34.2734971805232], [-118.430655298116, 34.2679841401982], [-118.438321464157, 34.2679814706015], [-118.44215784624, 34.2734918401953], [-118.438327561023, 34.2790052327257], [-118.430660394259, 34.2790079034569], [-118.426824512537, 34.2734971805232]]]}}, {"type": "Feature", "properties": {"OBJECTID": 2242, "GRID_ID": null, "has_data": false}, "geometry": {"type": "Polygon", "coordinates": [[[-118.415322965136, 34.2679880473413], [-118.419154251077, 34.2624753592951], [-118.426819917654, 34.2624734067091], [-118.430655298116, 34.2679841401982], [-118.426824512537, 34.2734971805232], [-118.419157845236, 34.2734991343379], [-118.415322965136, 34.2679880473413]]]}}, {"type": "Feature", "properties": {"OBJECTID": 2243, "GRID_ID": null, "has_data": false}, "geometry": {"type": "Polygon", "coordinates": [[[-118.415322965136, 34.2679880473413], [-118.419154251077, 34.2624753592951], [-118.426819917654, 34.2624734067091], [-118.430655298116, 34.2679841401982], [-118.426824512537, 34.2734971805232], [-118.419157845236, 34.2734991343379], [-118.415322965136, 34.2679880473413]]]}}, {"type": "Feature", "properties": {"OBJECTID": 2244, "GRID_ID": null, "has_data": false}, "geometry": {"type": "Polygon", "coordinates": [[[-118.415322965136, 34.2679880473413], [-118.419154251077, 34.2624753592951], [-118.426819917654, 34.2624734067091], [-118.430655298116, 34.2679841401982], [-118.426824512537, 34.2734971805232], [-118.419157845236, 34.2734991343379], [-118.415322965136, 34.2679880473413]]]}}, {"type": "Feature", "properties": {"OBJECTID": 2245, "GRID_ID": null, "has_data": false}, "geometry": {"type": "Polygon", "coordinates": [[[-118.415322965136, 34.2679880473413], [-118.419154251077, 34.2624753592951], [-118.426819917654, 34.2624734067091], [-118.430655298116, 34.2679841401982], [-118.426824512537, 34.2734971805232], [-118.419157845236, 34.2734991343379], [-118.415322965136, 34.2679880473413]]]}}, {"type": "Feature", "properties": {"OBJECTID": 2246, "GRID_ID": null, "has_data": false}, "geometry": {"type": "Polygon", "coordinates": [[[-118.415322965136, 34.2679880473413], [-118.419154251077, 34.2624753592951], [-118.426819917654, 34.2624734067091], [-118.430655298116, 34.2679841401982], [-118.426824512537, 34.2734971805232], [-118.419157845236, 34.2734991343379], [-118.415322965136, 34.2679880473413]]]}}, {"type": "Feature", "properties": {"OBJECTID": 2247, "GRID_ID": null, "has_data": false}, "geometry": {"type": "Polygon", "coordinates": [[[-118.403824512432, 34.2735016100111], [-118.407656798197, 34.2679892848878], [-118.415322965136, 34.2679880473413], [-118.419157845236, 34.2734991343379], [-118.415326059832, 34.2790118123146], [-118.407658893068, 34.2790130504411], [-118.403824512432, 34.2735016100111]]]}}, {"type": "Feature", "properties": {"OBJECTID": 2248, "GRID_ID": null, "has_data": false}, "geometry": {"type": "Polygon", "coordinates": [[[-118.392324466115, 34.2679903286733], [-118.396157252243, 34.2624783557348], [-118.40382291882, 34.2624778345504], [-118.407656798197, 34.2679892848878], [-118.403824512432, 34.2735016100111], [-118.396157846029, 34.2735021318696], [-118.392324466115, 34.2679903286733]]]}}, {"type": "Feature", "properties": {"OBJECTID": 2249, "GRID_ID": null, "has_data": false}, "geometry": {"type": "Polygon", "coordinates": [[[-118.380824513224, 34.2735017436306], [-118.384658300075, 34.2679901341698], [-118.392324466115, 34.2679903286733], [-118.396157846029, 34.2735021318696], [-118.39232455954, 34.2790140940898], [-118.384657392776, 34.2790139003541], [-118.380824513224, 34.2735017436306]]]}}, {"type": "Feature", "properties": {"OBJECTID": 2250, "GRID_ID": null, "has_data": false}, "geometry": {"type": "Polygon", "coordinates": [[[-118.369325967993, 34.2679883138555], [-118.373160254307, 34.2624770579705], [-118.380825920884, 34.262477967445], [-118.384658300075, 34.2679901341698], [-118.380824513224, 34.2735017436306], [-118.373157846822, 34.2735008327908], [-118.369325967993, 34.2679883138555]]]}}, {"type": "Feature", "properties": {"OBJECTID": 2251, "GRID_ID": null, "has_data": false}, "geometry": {"type": "Polygon", "coordinates": [[[-118.357824514017, 34.2734975798972], [-118.361659801054, 34.2679866873021], [-118.369325967993, 34.2679883138555], [-118.373157846822, 34.2735008327908], [-118.369323059248, 34.2790120787939], [-118.361655891586, 34.2790104524537], [-118.357824514017, 34.2734975798972]]]}}, {"type": "Feature", "properties": {"OBJECTID": 2252, "GRID_ID": null, "has_data": false}, "geometry": {"type": "Polygon", "coordinates": [[[-118.346327468972, 34.26798200363], [-118.350163255473, 34.2624714645171], [-118.35782892205, 34.2624738061354], [-118.361659801054, 34.2679866873021], [-118.357824514017, 34.2734975798972], [-118.350157846716, 34.2734952378435], [-118.346327468972, 34.26798200363]]]}}, {"type": "Feature", "properties": {"OBJECTID": 2253, "GRID_ID": null, "has_data": false}, "geometry": {"type": "Polygon", "coordinates": [[[-118.334824513013, 34.273489120295], [-118.338661302033, 34.2679789457688], [-118.346327468972, 34.26798200363], [-118.350157846716, 34.2734952378435], [-118.346321558058, 34.2790057664266], [-118.338654391294, 34.2790027067394], [-118.334824513013, 34.273489120295]]]}}, {"type": "Feature", "properties": {"OBJECTID": 2254, "GRID_ID": null, "has_data": false}, "geometry": {"type": "Polygon", "coordinates": [[[-118.323328969053, 34.2679713972535], [-118.327166256638, 34.2624615768586], [-118.334831922318, 34.2624653498787], [-118.338661302033, 34.2679789457688], [-118.334824513013, 34.273489120295], [-118.327157847509, 34.2734853455424], [-118.323328969053, 34.2679713972535]]]}}, {"type": "Feature", "properties": {"OBJECTID": 2255, "GRID_ID": null, "has_data": false}, "geometry": {"type": "Polygon", "coordinates": [[[-118.311824512907, 34.2734763640803], [-118.315662803012, 34.2679669073416], [-118.323328969053, 34.2679713972535], [-118.327157847509, 34.2734853455424], [-118.323320055969, 34.2789951555024], [-118.315652890103, 34.2789906639523], [-118.311824512907, 34.2734763640803]]]}}, {"type": "Feature", "properties": {"OBJECTID": 2256, "GRID_ID": null, "has_data": false}, "geometry": {"type": "Polygon", "coordinates": [[[-118.300330469134, 34.267956496209], [-118.304169257804, 34.2624473935085], [-118.311834923483, 34.2624525986735], [-118.315662803012, 34.2679669073416], [-118.311824512907, 34.2734763640803], [-118.304157846505, 34.2734711566282], [-118.300330469134, 34.267956496209]]]}}, {"type": "Feature", "properties": {"OBJECTID": 2257, "GRID_ID": null, "has_data": false}, "geometry": {"type": "Polygon", "coordinates": [[[-118.288824511904, 34.2734593112511], [-118.292664303093, 34.2679505742458], [-118.300330469134, 34.267956496209], [-118.304157846505, 34.2734711566282], [-118.300318554779, 34.2789802482464], [-118.292651388015, 34.2789743240905], [-118.288824511904, 34.2734593112511]]]}}, {"type": "Feature", "properties": {"OBJECTID": 2258, "GRID_ID": null, "has_data": false}, "geometry": {"type": "Polygon", "coordinates": [[[-118.461329062213, 34.2789943560643], [-118.465157846346, 34.2734802494405], [-118.47282451185, 34.2734754309702], [-118.476663397538, 34.2789847175286], [-118.472835114665, 34.2844991763788], [-118.46516744754, 34.284503996444], [-118.461329062213, 34.2789943560643]]]}}, {"type": "Feature", "properties": {"OBJECTID": 2259, "GRID_ID": null, "has_data": false}, "geometry": {"type": "Polygon", "coordinates": [[[-118.449832111492, 34.2845122048051], [-118.453661895449, 34.2789984594006], [-118.461329062213, 34.2789943560643], [-118.46516744754, 34.284503996444], [-118.46133816574, 34.2900180939068], [-118.453669998253, 34.2900221989314], [-118.449832111492, 34.2845122048051]]]}}, {"type": "Feature", "properties": {"OBJECTID": 2260, "GRID_ID": null, "has_data": false}, "geometry": {"type": "Polygon", "coordinates": [[[-118.438327561023, 34.2790052327257], [-118.44215784624, 34.2734918401953], [-118.449824511744, 34.2734884536818], [-118.453661895449, 34.2789984594006], [-118.449832111492, 34.2845122048051], [-118.442164445264, 34.2845155923589], [-118.438327561023, 34.2790052327257]]]}}, {"type": "Feature", "properties": {"OBJECTID": 2261, "GRID_ID": null, "has_data": false}, "geometry": {"type": "Polygon", "coordinates": [[[-118.426829109216, 34.2845209342132], [-118.430660394259, 34.2790079034569], [-118.438327561023, 34.2790052327257], [-118.442164445264, 34.2845155923589], [-118.438333660584, 34.2900289758212], [-118.430665493995, 34.2900316469443], [-118.426829109216, 34.2845209342132]]]}}, {"type": "Feature", "properties": {"OBJECTID": 2262, "GRID_ID": null, "has_data": false}, "geometry": {"type": "Polygon", "coordinates": [[[-118.415326059832, 34.2790118123146], [-118.419157845236, 34.2734991343379], [-118.426824512537, 34.2734971805232], [-118.430660394259, 34.2790079034569], [-118.426829109216, 34.2845209342132], [-118.419161441192, 34.2845228892561], [-118.415326059832, 34.2790118123146]]]}}, {"type": "Feature", "properties": {"OBJECTID": 2263, "GRID_ID": null, "has_data": false}, "geometry": {"type": "Polygon", "coordinates": [[[-118.403826106941, 34.2845253660891], [-118.407658893068, 34.2790130504411], [-118.415326059832, 34.2790118123146], [-118.419161441192, 34.2845228892561], [-118.415329156325, 34.2900355575158], [-118.40766098794, 34.2900367962222], [-118.403826106941, 34.2845253660891]]]}}, {"type": "Feature", "properties": {"OBJECTID": 2264, "GRID_ID": null, "has_data": false}, "geometry": {"type": "Polygon", "coordinates": [[[-118.403826106941, 34.2845253660891], [-118.407658893068, 34.2790130504411], [-118.415326059832, 34.2790118123146], [-118.419161441192, 34.2845228892561], [-118.415329156325, 34.2900355575158], [-118.40766098794, 34.2900367962222], [-118.403826106941, 34.2845253660891]]]}}, {"type": "Feature", "properties": {"OBJECTID": 2265, "GRID_ID": null, "has_data": false}, "geometry": {"type": "Polygon", "coordinates": [[[-118.39232455954, 34.2790140940898], [-118.396157846029, 34.2735021318696], [-118.403824512432, 34.2735016100111], [-118.407658893068, 34.2790130504411], [-118.403826106941, 34.2845253660891], [-118.396158439816, 34.2845258878792], [-118.39232455954, 34.2790140940898]]]}}, {"type": "Feature", "properties": {"OBJECTID": 2266, "GRID_ID": null, "has_data": false}, "geometry": {"type": "Polygon", "coordinates": [[[-118.39232455954, 34.2790140940898], [-118.396157846029, 34.2735021318696], [-118.403824512432, 34.2735016100111], [-118.407658893068, 34.2790130504411], [-118.403826106941, 34.2845253660891], [-118.396158439816, 34.2845258878792], [-118.39232455954, 34.2790140940898]]]}}, {"type": "Feature", "properties": {"OBJECTID": 2267, "GRID_ID": null, "has_data": false}, "geometry": {"type": "Polygon", "coordinates": [[[-118.39232455954, 34.2790140940898], [-118.396157846029, 34.2735021318696], [-118.403824512432, 34.2735016100111], [-118.407658893068, 34.2790130504411], [-118.403826106941, 34.2845253660891], [-118.396158439816, 34.2845258878792], [-118.39232455954, 34.2790140940898]]]}}, {"type": "Feature", "properties": {"OBJECTID": 2268, "GRID_ID": null, "has_data": false}, "geometry": {"type": "Polygon", "coordinates": [[[-118.380823104666, 34.2845254996911], [-118.384657392776, 34.2790139003541], [-118.39232455954, 34.2790140940898], [-118.396158439816, 34.2845258878792], [-118.392324652965, 34.2900378404761], [-118.384656484579, 34.2900376460237], [-118.380823104666, 34.2845254996911]]]}}, {"type": "Feature", "properties": {"OBJECTID": 2269, "GRID_ID": null, "has_data": false}, "geometry": {"type": "Polygon", "coordinates": [[[-118.369323059248, 34.2790120787939], [-118.373157846822, 34.2735008327908], [-118.380824513224, 34.2735017436306], [-118.384657392776, 34.2790139003541], [-118.380823104666, 34.2845254996911], [-118.37315543754, 34.2845245889707], [-118.369323059248, 34.2790120787939]]]}}, {"type": "Feature", "properties": {"OBJECTID": 2270, "GRID_ID": null, "has_data": false}, "geometry": {"type": "Polygon", "coordinates": [[[-118.357820103289, 34.284521334277], [-118.361655891586, 34.2790104524537], [-118.369323059248, 34.2790120787939], [-118.37315543754, 34.2845245889707], [-118.369320148707, 34.2900358247023], [-118.361651980321, 34.2900341970911], [-118.357820103289, 34.284521334277]]]}}, {"type": "Feature", "properties": {"OBJECTID": 2271, "GRID_ID": null, "has_data": false}, "geometry": {"type": "Polygon", "coordinates": [[[-118.346321558058, 34.2790057664266], [-118.350157846716, 34.2734952378435], [-118.357824514017, 34.2734975798972], [-118.361655891586, 34.2790104524537], [-118.357820103289, 34.284521334277], [-118.350152435265, 34.284518991046], [-118.346321558058, 34.2790057664266]]]}}, {"type": "Feature", "properties": {"OBJECTID": 2272, "GRID_ID": null, "has_data": false}, "geometry": {"type": "Polygon", "coordinates": [[[-118.311814096942, 34.2845001093665], [-118.315652890103, 34.2789906639523], [-118.323320055969, 34.2789951555024], [-118.32714943299, 34.2845090948465], [-118.323311138393, 34.2900188939821], [-118.315642970906, 34.2900144007947], [-118.311814096942, 34.2845001093665]]]}}, {"type": "Feature", "properties": {"OBJECTID": 2273, "GRID_ID": null, "has_data": false}, "geometry": {"type": "Polygon", "coordinates": [[[-118.300318554779, 34.2789802482464], [-118.304157846505, 34.2734711566282], [-118.311824512907, 34.2734763640803], [-118.315652890103, 34.2789906639523], [-118.311814096942, 34.2845001093665], [-118.304146429816, 34.2844949003706], [-118.300318554779, 34.2789802482464]]]}}, {"type": "Feature", "properties": {"OBJECTID": 2274, "GRID_ID": null, "has_data": false}, "geometry": {"type": "Polygon", "coordinates": [[[-118.46133816574, 34.2900180939068], [-118.46516744754, 34.284503996444], [-118.472835114665, 34.2844991763788], [-118.47667450341, 34.29000845144], [-118.47284572287, 34.2955229016299], [-118.465177054123, 34.2955277240313], [-118.46133816574, 34.2900180939068]]]}}, {"type": "Feature", "properties": {"OBJECTID": 2275, "GRID_ID": null, "has_data": false}, "geometry": {"type": "Polygon", "coordinates": [[[-118.449839715731, 34.2955359350262], [-118.453669998253, 34.2900221989314], [-118.46133816574, 34.2900180939068], [-118.465177054123, 34.2955277240313], [-118.461347274657, 34.3010418126851], [-118.45367810465, 34.3010459186552], [-118.449839715731, 34.2955359350262]]]}}, {"type": "Feature", "properties": {"OBJECTID": 2276, "GRID_ID": null, "has_data": false}, "geometry": {"type": "Polygon", "coordinates": [[[-118.449839715731, 34.2955359350262], [-118.453669998253, 34.2900221989314], [-118.46133816574, 34.2900180939068], [-118.465177054123, 34.2955277240313], [-118.461347274657, 34.3010418126851], [-118.45367810465, 34.3010459186552], [-118.449839715731, 34.2955359350262]]]}}, {"type": "Feature", "properties": {"OBJECTID": 2277, "GRID_ID": null, "has_data": false}, "geometry": {"type": "Polygon", "coordinates": [[[-118.449839715731, 34.2955359350262], [-118.453669998253, 34.2900221989314], [-118.46133816574, 34.2900180939068], [-118.465177054123, 34.2955277240313], [-118.461347274657, 34.3010418126851], [-118.45367810465, 34.3010459186552], [-118.449839715731, 34.2955359350262]]]}}, {"type": "Feature", "properties": {"OBJECTID": 2278, "GRID_ID": null, "has_data": false}, "geometry": {"type": "Polygon", "coordinates": [[[-118.438333660584, 34.2900289758212], [-118.442164445264, 34.2845155923589], [-118.449832111492, 34.2845122048051], [-118.453669998253, 34.2900221989314], [-118.449839715731, 34.2955359350262], [-118.442171047882, 34.295539324362], [-118.438333660584, 34.2900289758212]]]}}, {"type": "Feature", "properties": {"OBJECTID": 2279, "GRID_ID": null, "has_data": false}, "geometry": {"type": "Polygon", "coordinates": [[[-118.426833708591, 34.2955446684841], [-118.430665493995, 34.2900316469443], [-118.438333660584, 34.2900289758212], [-118.442171047882, 34.295539324362], [-118.438339764636, 34.3010526983662], [-118.430670595527, 34.3010553713651], [-118.426833708591, 34.2955446684841]]]}}, {"type": "Feature", "properties": {"OBJECTID": 2280, "GRID_ID": null, "has_data": false}, "geometry": {"type": "Polygon", "coordinates": [[[-118.415329156325, 34.2900355575158], [-118.419161441192, 34.2845228892561], [-118.426829109216, 34.2845209342132], [-118.430665493995, 34.2900316469443], [-118.426833708591, 34.2955446684841], [-118.419165039843, 34.2955466240127], [-118.415329156325, 34.2900355575158]]]}}, {"type": "Feature", "properties": {"OBJECTID": 2281, "GRID_ID": null, "has_data": false}, "geometry": {"type": "Polygon", "coordinates": [[[-118.403827702349, 34.295549102005], [-118.40766098794, 34.2900367962222], [-118.415329156325, 34.2900355575158], [-118.419165039843, 34.2955466240127], [-118.415332255513, 34.3010592829076], [-118.407663084607, 34.3010605221935], [-118.403827702349, 34.295549102005]]]}}, {"type": "Feature", "properties": {"OBJECTID": 2282, "GRID_ID": null, "has_data": false}, "geometry": {"type": "Polygon", "coordinates": [[[-118.392324652965, 34.2900378404761], [-118.396158439816, 34.2845258878792], [-118.403826106941, 34.2845253660891], [-118.40766098794, 34.2900367962222], [-118.403827702349, 34.295549102005], [-118.396159033602, 34.2955496244688], [-118.392324652965, 34.2900378404761]]]}}, {"type": "Feature", "properties": {"OBJECTID": 2283, "GRID_ID": null, "has_data": false}, "geometry": {"type": "Polygon", "coordinates": [[[-118.472856337364, 34.3065466066861], [-118.476685614672, 34.3010321655467], [-118.484354785577, 34.3010266251205], [-118.488195679898, 34.3065355243347], [-118.484366905647, 34.3120503178863], [-118.47669673312, 34.3120558598112], [-118.472856337364, 34.3065466066861]]]}}, {"type": "Feature", "properties": {"OBJECTID": 2284, "GRID_ID": null, "has_data": false}, "geometry": {"type": "Polygon", "coordinates": [[[-118.461347274657, 34.3010418126851], [-118.465177054123, 34.2955277240313], [-118.47284572287, 34.2955229016299], [-118.476685614672, 34.3010321655467], [-118.472856337364, 34.3065466066861], [-118.465186666995, 34.3065514314227], [-118.461347274657, 34.3010418126851]]]}}, {"type": "Feature", "properties": {"OBJECTID": 2285, "GRID_ID": null, "has_data": false}, "geometry": {"type": "Polygon", "coordinates": [[[-118.449847323563, 34.3065596457922], [-118.45367810465, 34.3010459186552], [-118.461347274657, 34.3010418126851], [-118.465186666995, 34.3065514314227], [-118.461356388066, 34.3120655108771], [-118.453686216437, 34.3120696185342], [-118.449847323563, 34.3065596457922]]]}}, {"type": "Feature", "properties": {"OBJECTID": 2286, "GRID_ID": null, "has_data": false}, "geometry": {"type": "Polygon", "coordinates": [[[-118.438339764636, 34.3010526983662], [-118.442171047882, 34.295539324362], [-118.449839715731, 34.2955359350262], [-118.45367810465, 34.3010459186552], [-118.449847323563, 34.3065596457922], [-118.442177653194, 34.3065630361673], [-118.438339764636, 34.3010526983662]]]}}, {"type": "Feature", "properties": {"OBJECTID": 2287, "GRID_ID": null, "has_data": false}, "geometry": {"type": "Polygon", "coordinates": [[[-118.426838311558, 34.3065683832982], [-118.430670595527, 34.3010553713651], [-118.438339764636, 34.3010526983662], [-118.442177653194, 34.3065630361673], [-118.438345871383, 34.3120764010651], [-118.430675699755, 34.3120790751971], [-118.426838311558, 34.3065683832982]]]}}, {"type": "Feature", "properties": {"OBJECTID": 2288, "GRID_ID": null, "has_data": false}, "geometry": {"type": "Polygon", "coordinates": [[[-118.426838311558, 34.3065683832982], [-118.430670595527, 34.3010553713651], [-118.438339764636, 34.3010526983662], [-118.442177653194, 34.3065630361673], [-118.438345871383, 34.3120764010651], [-118.430675699755, 34.3120790751971], [-118.426838311558, 34.3065683832982]]]}}, {"type": "Feature", "properties": {"OBJECTID": 2289, "GRID_ID": null, "has_data": false}, "geometry": {"type": "Polygon", "coordinates": [[[-118.426838311558, 34.3065683832982], [-118.430670595527, 34.3010553713651], [-118.438339764636, 34.3010526983662], [-118.442177653194, 34.3065630361673], [-118.438345871383, 34.3120764010651], [-118.430675699755, 34.3120790751971], [-118.426838311558, 34.3065683832982]]]}}, {"type": "Feature", "properties": {"OBJECTID": 2290, "GRID_ID": null, "has_data": false}, "geometry": {"type": "Polygon", "coordinates": [[[-118.426838311558, 34.3065683832982], [-118.430670595527, 34.3010553713651], [-118.438339764636, 34.3010526983662], [-118.442177653194, 34.3065630361673], [-118.438345871383, 34.3120764010651], [-118.430675699755, 34.3120790751971], [-118.426838311558, 34.3065683832982]]]}}, {"type": "Feature", "properties": {"OBJECTID": 2291, "GRID_ID": null, "has_data": false}, "geometry": {"type": "Polygon", "coordinates": [[[-118.426838311558, 34.3065683832982], [-118.430670595527, 34.3010553713651], [-118.438339764636, 34.3010526983662], [-118.442177653194, 34.3065630361673], [-118.438345871383, 34.3120764010651], [-118.430675699755, 34.3120790751971], [-118.426838311558, 34.3065683832982]]]}}, {"type": "Feature", "properties": {"OBJECTID": 2292, "GRID_ID": null, "has_data": false}, "geometry": {"type": "Polygon", "coordinates": [[[-118.426838311558, 34.3065683832982], [-118.430670595527, 34.3010553713651], [-118.438339764636, 34.3010526983662], [-118.442177653194, 34.3065630361673], [-118.438345871383, 34.3120764010651], [-118.430675699755, 34.3120790751971], [-118.426838311558, 34.3065683832982]]]}}, {"type": "Feature", "properties": {"OBJECTID": 2293, "GRID_ID": null, "has_data": false}, "geometry": {"type": "Polygon", "coordinates": [[[-118.415332255513, 34.3010592829076], [-118.419165039843, 34.2955466240127], [-118.426833708591, 34.2955446684841], [-118.430670595527, 34.3010553713651], [-118.426838311558, 34.3065683832982], [-118.419168640291, 34.3065703393122], [-118.415332255513, 34.3010592829076]]]}}, {"type": "Feature", "properties": {"OBJECTID": 2294, "GRID_ID": null, "has_data": false}, "geometry": {"type": "Polygon", "coordinates": [[[-118.484366905647, 34.3120503178863], [-118.488195679898, 34.3065355243347], [-118.495865352063, 34.3065292659778], [-118.499707250701, 34.3120377982841], [-118.495878979506, 34.3175529441746], [-118.488208304821, 34.3175592046777], [-118.484366905647, 34.3120503178863]]]}}, {"type": "Feature", "properties": {"OBJECTID": 2295, "GRID_ID": null, "has_data": false}, "geometry": {"type": "Polygon", "coordinates": [[[-118.472866957247, 34.3175702922515], [-118.47669673312, 34.3120558598112], [-118.484366905647, 34.3120503178863], [-118.488208304821, 34.3175592046777], [-118.484379032903, 34.3230739900305], [-118.476707856958, 34.3230795341952], [-118.472866957247, 34.3175702922515]]]}}, {"type": "Feature", "properties": {"OBJECTID": 2296, "GRID_ID": null, "has_data": false}, "geometry": {"type": "Polygon", "coordinates": [[[-118.472866957247, 34.3175702922515], [-118.47669673312, 34.3120558598112], [-118.484366905647, 34.3120503178863], [-118.488208304821, 34.3175592046777], [-118.484379032903, 34.3230739900305], [-118.476707856958, 34.3230795341952], [-118.472866957247, 34.3175702922515]]]}}, {"type": "Feature", "properties": {"OBJECTID": 2297, "GRID_ID": null, "has_data": false}, "geometry": {"type": "Polygon", "coordinates": [[[-118.472866957247, 34.3175702922515], [-118.47669673312, 34.3120558598112], [-118.484366905647, 34.3120503178863], [-118.488208304821, 34.3175592046777], [-118.484379032903, 34.3230739900305], [-118.476707856958, 34.3230795341952], [-118.472866957247, 34.3175702922515]]]}}, {"type": "Feature", "properties": {"OBJECTID": 2298, "GRID_ID": null, "has_data": false}, "geometry": {"type": "Polygon", "coordinates": [[[-118.472866957247, 34.3175702922515], [-118.47669673312, 34.3120558598112], [-118.484366905647, 34.3120503178863], [-118.488208304821, 34.3175592046777], [-118.484379032903, 34.3230739900305], [-118.476707856958, 34.3230795341952], [-118.472866957247, 34.3175702922515]]]}}, {"type": "Feature", "properties": {"OBJECTID": 2299, "GRID_ID": null, "has_data": false}, "geometry": {"type": "Polygon", "coordinates": [[[-118.461356388066, 34.3120655108771], [-118.465186666995, 34.3065514314227], [-118.472856337364, 34.3065466066861], [-118.47669673312, 34.3120558598112], [-118.472866957247, 34.3175702922515], [-118.465196284359, 34.3175751185804], [-118.461356388066, 34.3120655108771]]]}}, {"type": "Feature", "properties": {"OBJECTID": 2300, "GRID_ID": null, "has_data": false}, "geometry": {"type": "Polygon", "coordinates": [[[-118.461356388066, 34.3120655108771], [-118.465186666995, 34.3065514314227], [-118.472856337364, 34.3065466066861], [-118.47669673312, 34.3120558598112], [-118.472866957247, 34.3175702922515], [-118.465196284359, 34.3175751185804], [-118.461356388066, 34.3120655108771]]]}}, {"type": "Feature", "properties": {"OBJECTID": 2301, "GRID_ID": null, "has_data": false}, "geometry": {"type": "Polygon", "coordinates": [[[-118.449854935886, 34.3175833363231], [-118.453686216437, 34.3120696185342], [-118.461356388066, 34.3120655108771], [-118.465196284359, 34.3175751185804], [-118.461365505966, 34.3230891891868], [-118.453694331818, 34.3230932992721], [-118.449854935886, 34.3175833363231]]]}}, {"type": "Feature", "properties": {"OBJECTID": 2302, "GRID_ID": null, "has_data": false}, "geometry": {"type": "Polygon", "coordinates": [[[-118.438345871383, 34.3120764010651], [-118.442177653194, 34.3065630361673], [-118.449847323563, 34.3065596457922], [-118.453686216437, 34.3120696185342], [-118.449854935886, 34.3175833363231], [-118.442184262998, 34.3175867284788], [-118.438345871383, 34.3120764010651]]]}}, {"type": "Feature", "properties": {"OBJECTID": 2303, "GRID_ID": null, "has_data": false}, "geometry": {"type": "Polygon", "coordinates": [[[-118.426842915424, 34.3175920771335], [-118.430675699755, 34.3120790751971], [-118.438345871383, 34.3120764010651], [-118.442184262998, 34.3175867284788], [-118.438351981724, 34.3231000838799], [-118.430680807575, 34.3231027591445], [-118.426842915424, 34.3175920771335]]]}}, {"type": "Feature", "properties": {"OBJECTID": 2304, "GRID_ID": null, "has_data": false}, "geometry": {"type": "Polygon", "coordinates": [[[-118.415335354701, 34.3120829884522], [-118.419168640291, 34.3065703393122], [-118.426838311558, 34.3065683832982], [-118.430675699755, 34.3120790751971], [-118.426842915424, 34.3175920771335], [-118.419172241637, 34.3175940343745], [-118.415335354701, 34.3120829884522]]]}}, {"type": "Feature", "properties": {"OBJECTID": 2305, "GRID_ID": null, "has_data": false}, "geometry": {"type": "Polygon", "coordinates": [[[-118.484379032903, 34.3230739900305], [-118.488208304821, 34.3175592046777], [-118.495878979506, 34.3175529441746], [-118.499721382997, 34.3230614653953], [-118.495892614136, 34.3285766028454], [-118.488220936931, 34.3285828662353], [-118.484379032903, 34.3230739900305]]]}}, {"type": "Feature", "properties": {"OBJECTID": 2306, "GRID_ID": null, "has_data": false}, "geometry": {"type": "Polygon", "coordinates": [[[-118.47287758252, 34.3285939575457], [-118.476707856958, 34.3230795341952], [-118.484379032903, 34.3230739900305], [-118.488220936931, 34.3285828662353], [-118.484391166448, 34.3340976422565], [-118.476718987084, 34.3341031894018], [-118.47287758252, 34.3285939575457]]]}}, {"type": "Feature", "properties": {"OBJECTID": 2307, "GRID_ID": null, "has_data": false}, "geometry": {"type": "Polygon", "coordinates": [[[-118.461365505966, 34.3230891891868], [-118.465196284359, 34.3175751185804], [-118.472866957247, 34.3175702922515], [-118.476707856958, 34.3230795341952], [-118.47287758252, 34.3285939575457], [-118.465205906214, 34.3285987862081], [-118.461365505966, 34.3230891891868]]]}}, {"type": "Feature", "properties": {"OBJECTID": 2308, "GRID_ID": null, "has_data": false}, "geometry": {"type": "Polygon", "coordinates": [[[-118.449862552702, 34.3286070073224], [-118.453694331818, 34.3230932992721], [-118.461365505966, 34.3230891891868], [-118.465205906214, 34.3285987862081], [-118.461374630154, 34.3341128475758], [-118.453702451689, 34.3341169593465], [-118.449862552702, 34.3286070073224]]]}}, {"type": "Feature", "properties": {"OBJECTID": 2309, "GRID_ID": null, "has_data": false}, "geometry": {"type": "Polygon", "coordinates": [[[-118.438351981724, 34.3231000838799], [-118.442184262998, 34.3175867284788], [-118.449854935886, 34.3175833363231], [-118.453694331818, 34.3230932992721], [-118.449862552702, 34.3286070073224], [-118.442190876395, 34.3286104005162], [-118.438351981724, 34.3231000838799]]]}}, {"type": "Feature", "properties": {"OBJECTID": 2310, "GRID_ID": null, "has_data": false}, "geometry": {"type": "Polygon", "coordinates": [[[-118.426847522883, 34.3286157521776], [-118.430680807575, 34.3231027591445], [-118.438351981724, 34.3231000838799], [-118.442190876395, 34.3286104005162], [-118.438358094759, 34.3341237467719], [-118.430685917193, 34.3341264231686], [-118.426847522883, 34.3286157521776]]]}}, {"type": "Feature", "properties": {"OBJECTID": 2311, "GRID_ID": null, "has_data": false}, "geometry": {"type": "Polygon", "coordinates": [[[-118.438358094759, 34.3341237467719], [-118.442190876395, 34.3286104005162], [-118.449862552702, 34.3286070073224], [-118.453702451689, 34.3341169593465], [-118.44987017311, 34.3396306587512], [-118.442197493385, 34.3396340529826], [-118.438358094759, 34.3341237467719]]]}}]}