GRID_ID,ID,sourceCountry,ENRICH_FID,aggregationMethod,populationToPolygonSizeRating,apportionmentConfidence,HasData,total_crime_est,total_population,burglary_crime_est,unemployment_rate_idx,pct_hispanic,pct_veterans,median_income_idx,ID_1,sourceCountry_1,ENRICH_FID_1,aggregationMethod_1,populationToPolygonSizeRating_1,apportionmentConfidence_1,HasData_1,pct_household_disability,pct_public_assistance,pct_below_poverty,pct_severe_rent_burden,pct_no_schooling,pct_no_health_insurance,pct_veterans_2,pct_hs_grad,esri_market_idx_14068,esri_market_idx_14068_forecast,hex_area_sqkm,climate_t2m_2024_c,climate_tmax_2024_c,climate_ppt_2024_mm,tent_ref_point_count,tent_ref_prediction_sum,tent_ref_max_conf,tent_ref_mean_conf,transit_stops_count,hospital_count,fire_station_count,library_count,college_count,public_school_count,private_school_count,recreation_center_count,adult_recreation_count,cool_zone_count,affordable_housing_count,sud_treatment_count,business_sites_count,gas_station_count,police_station_count,food_access_count,lausd_school_site_count,osm_major_road_segments_count,osm_major_road_length_m,nearest_osm_major_road_m,freeway_segments_count,freeway_length_m,nearest_freeway_m,river_drainage_segments_count,river_drainage_length_m,nearest_river_drainage_m,osm_amenity_count,caltrans_highway_segments_count,caltrans_highway_length_m,nearest_caltrans_highway_m,fema_flood_hazard_area_pct,fema_flood_hazard_intersects,la_geohub_100yr_flood_area_pct,la_geohub_100yr_flood_intersects,la_geohub_500yr_flood_area_pct,la_geohub_500yr_flood_intersects,la_geohub_fire_hazard_area_pct,la_geohub_fire_hazard_intersects,heat_exposure_area_pct,heat_exposure_intersects,tree_canopy_proxy_pct,vegetation_proxy_pct,impervious_proxy_pct,water_proxy_pct,bare_ground_proxy_pct,dominant_landcover_class,heat_exposure_proxy_score,colnum,row,Join_Count,latitude,longitude,school_count,tent_present,centroid_lat,centroid_lon,centroid_source,baseline_risk,2024 Total Crime Index,2024 Total Population,2024 Unemployment Rate: Index,2023 HHs w/1+ Persons w/Disability (ACS 5-Yr): Percent,2023 HHs w/Public Assist Income (ACS 5-Yr): Percent,2023 Pop w/Income Below Poverty Level (ACS 5-Yr): Percent,2023 HHs/Gross Rent 50+% of Income (ACS 5-Yr): Percent,2023 Pop 25+: No Schooling (ACS 5-Yr): Percent,2023 Pop 35-64: No Health Insurance (ACS 5-Yr): Percent,2023 Civilian Pop 18+: Veteran (ACS 5-Yr): Percent,2023 Pop 25+: HS Diploma (ACS 5-Yr): Percent,2030 Value of Credit Card Debt: Index,top_interaction_a,top_interaction_b,top_interaction_val
A-16,14,US,1115,BlockApportionment:US.BlockGroups;PointsLayer:US.BlockPoints,2.191,2.576,1,56,1928,54,76,20.44,4.94,139,14,US,1115,BlockApportionment:US.BlockGroups;PointsLayer:US.BlockPoints,2.191,2.576,1,36.56,4.09,11.05,64.34,2.11,1.59,5.64,8.36,126,128,0.6475,17.47,29.74,16.36,0,0,,,3,0,0,0,0,0,0,0,0,0,0,0,122,125,0,0,0,0,0.0,785.51,0,0.0,4933.06,3,1160.75,376.57,0,0,0.0,2189.12,0.0,0,0.0,0,0.0,0,100.0,1,0.0,0,1.89,17.5,55.06,4.46,22.98,5,67.97,1,16,0,,,0,0,34.21450831776751,-118.62958236613066,reconstructed,0.5254362266185093,56,1928,76,36.56,4.09,11.05,64.34,2.11,1.59,4.94,8.36,128,total_crime_est,police_station_count,0.00261424136846141
A-17,29,US,1080,BlockApportionment:US.BlockGroups;PointsLayer:US.BlockPoints,2.191,2.576,1,60,1269,69,117,20.09,3.26,198,29,US,1080,BlockApportionment:US.BlockGroups;PointsLayer:US.BlockPoints,2.191,2.576,1,20.97,1.79,4.89,34.04,1.65,1.12,3.11,17.91,158,158,0.6475,17.47,29.74,16.36,0,0,,,46,1,0,0,0,0,0,0,0,0,0,0,237,265,0,0,0,0,0.0,1650.31,0,0.0,4165.5,3,1044.79,21.74,9,0,0.0,2189.35,0.0,0,0.0,0,0.0,0,100.0,1,0.0,0,1.77,24.03,50.71,6.71,18.55,5,64.97,1,17,0,,,0,0,34.20672281935891,-118.62957472698812,reconstructed,0.5363823707099544,60,1269,117,20.97,1.79,4.89,34.04,1.65,1.12,3.26,17.91,158,2023 Pop 35-64: No Health Insurance (ACS 5-Yr): Percent,hospital_count,-0.007533440302426326
AA-10,22,US,1323,BlockApportionment:US.BlockGroups;PointsLayer:US.BlockPoints,2.191,2.576,1,142,2775,156,79,94.63,2.23,108,22,US,1323,BlockApportionment:US.BlockGroups;PointsLayer:US.BlockPoints,2.191,2.576,1,42.1,5.16,11.75,24.44,15.59,2.96,2.6,22.75,96,102,0.6475,17.47,29.74,16.36,0,0,,,18,0,0,0,0,0,0,0,0,0,0,0,247,221,0,0,0,4,718.86,257.16,0,0.0,1222.52,0,0.0,1658.79,1,0,0.0,1319.39,0.0,0,0.0,0,0.0,0,100.0,1,0.0,0,2.75,16.15,61.17,3.09,19.59,5,71.99,27,10,1,34.2626879275,-118.42025282,0,1,34.26104414208397,-118.4188268622568,detection_avg,0.5943193839310768,142,2775,79,42.1,5.16,11.75,24.44,15.59,2.96,2.23,22.75,102,total_population,police_station_count,-0.0026334365924241825
AA-11,43,US,1294,BlockApportionment:US.BlockGroups;PointsLayer:US.BlockPoints,2.191,2.576,1,122,3388,140,64,93.68,0.42,106,43,US,1294,BlockApportionment:US.BlockGroups;PointsLayer:US.BlockPoints,2.191,2.576,1,39.11,17.88,22.46,42.94,15.75,4.68,0.71,14.68,86,87,0.6475,17.47,29.74,16.36,0,0,,,12,0,0,0,0,1,0,0,0,0,0,0,181,164,0,0,4,14,1092.36,321.26,0,0.0,717.7,0,0.0,1154.72,1,0,0.0,749.37,0.0,0,0.0,0,0.0,0,100.0,1,0.0,0,3.89,19.08,60.78,5.65,14.49,5,71.38,27,11,0,,,1,0,34.253258643675366,-118.41881922311428,reconstructed,0.604995661169305,122,3388,64,39.11,17.88,22.46,42.94,15.75,4.68,0.42,14.68,87,pct_below_poverty,lausd_school_site_count,0.00878937615673678
AA-12,15,US,1266,BlockApportionment:US.BlockGroups;PointsLayer:US.BlockPoints,2.191,2.576,1,136,2650,144,155,89.13,0.95,97,15,US,1266,BlockApportionment:US.BlockGroups;PointsLayer:US.BlockPoints,2.191,2.576,1,37.79,6.21,17.97,22.17,7.53,6.83,0.9,26.99,80,83,0.6475,17.47,29.74,16.36,0,0,,,24,0,0,0,0,1,1,0,0,0,0,0,178,178,0,0,4,61,5458.68,152.87,30,3797.23,152.87,0,0.0,818.4,4,2,1606.2,179.3,0.0,0,0.0,0,0.0,0,100.0,1,0.0,0,0.88,15.22,69.03,3.72,12.04,5,78.06,27,12,1,34.24647884,-118.42167378,2,1,34.245473145266764,-118.41881158397172,detection_avg,0.6634322553002835,136,2650,155,37.79,6.21,17.97,22.17,7.53,6.83,0.95,26.99,83,pct_below_poverty,lausd_school_site_count,0.009708094008252012
AA-13,39,US,1240,BlockApportionment:US.BlockGroups;PointsLayer:US.BlockPoints,2.191,2.576,1,92,2726,112,86,77.99,2.49,122,39,US,1240,BlockApportionment:US.BlockGroups;PointsLayer:US.BlockPoints,2.191,2.576,1,28.87,2.62,10.59,35.71,10.07,5.3,2.95,21.99,102,106,0.6475,17.47,29.74,16.36,0,0,,,6,0,0,0,0,0,0,0,0,0,0,0,146,133,0,0,0,26,2857.64,346.03,26,2857.64,346.03,1,728.19,248.73,0,2,1013.0,372.76,0.0,0,0.0,0,0.0,0,100.0,1,0.0,0,2.06,19.07,56.87,4.47,19.59,5,69.19,27,13,0,,,0,0,34.23768764685816,-118.4188039448292,reconstructed,0.5761741608534615,92,2726,86,28.87,2.62,10.59,35.71,10.07,5.3,2.49,21.99,106,total_population,police_station_count,-0.0026509445480500725
AA-14,6,US,1207,BlockApportionment:US.BlockGroups;PointsLayer:US.BlockPoints,2.191,2.576,1,82,1745,111,62,60.29,3.83,141,6,US,1207,BlockApportionment:US.BlockGroups;PointsLayer:US.BlockPoints,2.191,2.576,1,36.97,4.27,6.64,31.82,4.12,2.86,3.78,21.32,128,132,0.6475,17.47,29.74,16.36,0,0,,,0,0,0,0,0,0,0,0,0,0,0,0,95,101,0,0,0,0,0.0,585.07,0,0.0,585.07,10,2575.37,69.82,0,0,0.0,709.14,2.83,1,2.84,1,0.0,0,100.0,1,0.0,0,0.53,18.17,36.86,1.23,43.74,4,55.64,27,14,0,,,0,0,34.229902148449554,-118.41879630568668,reconstructed,0.5354645238029645,82,1745,62,36.97,4.27,6.64,31.82,4.12,2.86,3.83,21.32,132,pct_below_poverty,la_geohub_100yr_flood_intersects,0.010709871680966722
AA-15,24,US,1175,BlockApportionment:US.BlockGroups;PointsLayer:US.BlockPoints,2.191,2.576,1,144,1680,134,57,40.18,1.57,129,24,US,1175,BlockApportionment:US.BlockGroups;PointsLayer:US.BlockPoints,2.191,2.576,1,20.52,5.19,5.17,33.67,2.29,3.38,0.85,30.98,129,136,0.6475,17.47,29.74,16.36,0,0,,,36,0,0,0,0,0,0,0,0,0,0,1,180,185,0,0,0,8,815.42,158.33,0,0.0,643.96,1,371.69,401.09,3,0,0.0,777.94,2.96,1,3.0,1,0.0,0,100.0,1,0.0,0,0.86,13.89,52.66,2.06,31.39,5,66.6,27,15,0,,,0,0,34.222116650040945,-118.41878866654412,reconstructed,0.5903713407011801,144,1680,57,20.52,5.19,5.17,33.67,2.29,3.38,1.57,30.98,136,pct_below_poverty,la_geohub_100yr_flood_intersects,0.006185319391295179
AA-16,40,US,1141,BlockApportionment:US.BlockGroups;PointsLayer:US.BlockPoints,2.191,2.576,1,201,2272,147,195,35.21,0.42,104,40,US,1141,BlockApportionment:US.BlockGroups;PointsLayer:US.BlockPoints,2.191,2.576,1,42.1,3.74,13.63,50.88,2.19,4.0,0.46,26.98,102,106,0.6475,17.47,29.74,16.36,0,0,,,6,0,0,0,0,0,0,0,0,0,0,4,174,166,0,0,3,0,0.0,969.37,0,0.0,969.37,0,0.0,602.07,0,0,0.0,967.89,0.0,0,0.0,0,0.0,0,100.0,1,0.0,0,1.06,15.72,53.89,6.71,23.67,5,67.4,27,16,0,,,0,0,34.214331151632344,-118.4187810274016,reconstructed,0.5728482296154412,201,2272,195,42.1,3.74,13.63,50.88,2.19,4.0,0.42,26.98,106,total_crime_est,affordable_housing_count,-0.00407939378943378
AA-17,5,US,1106,BlockApportionment:US.BlockGroups;PointsLayer:US.BlockPoints,2.191,2.576,1,222,527,146,260,35.29,0.36,93,5,US,1106,BlockApportionment:US.BlockGroups;PointsLayer:US.BlockPoints,2.191,2.576,1,47.16,5.11,17.53,54.17,2.29,5.36,0.56,24.17,84,87,0.6475,17.47,29.74,16.36,0,0,,,27,0,0,0,0,0,0,0,0,0,0,0,570,526,0,0,0,8,557.3,382.03,0,0.0,1157.37,0,0.0,803.54,5,0,0.0,1158.15,0.0,0,0.0,0,0.0,0,100.0,1,0.0,0,0.0,1.03,92.45,1.37,5.15,5,94.72,27,17,1,34.20401752,-118.41910739,0,1,34.206545653223735,-118.41877338825908,detection_avg,0.6043306520292918,222,527,260,47.16,5.11,17.53,54.17,2.29,5.36,0.36,24.17,87,total_population,police_station_count,0.005577812194165587
AA-18,20,US,1071,BlockApportionment:US.BlockGroups;PointsLayer:US.BlockPoints,2.191,2.576,1,119,5640,103,157,57.22,0.89,76,20,US,1071,BlockApportionment:US.BlockGroups;PointsLayer:US.BlockPoints,2.191,2.576,1,24.95,5.37,23.56,41.3,8.4,8.62,0.54,17.69,81,87,0.6475,17.47,29.74,16.36,0,0,,,6,0,0,0,0,0,0,0,0,0,0,0,353,365,0,0,4,0,0.0,482.81,0,0.0,1408.92,0,0.0,478.76,0,0,0.0,1427.25,0.0,0,0.0,0,0.0,0,100.0,1,0.0,0,0.88,14.34,64.25,5.13,16.28,5,74.71,27,18,1,34.19745775,-118.42308559,0,1,34.19876015481513,-118.41876574911652,detection_avg,0.6471840407496571,119,5640,157,24.95,5.37,23.56,41.3,8.4,8.62,0.89,17.69,87,2023 Pop w/Income Below Poverty Level (ACS 5-Yr): Percent,police_station_count,-0.006246371012157232
AA-19,37,US,1038,BlockApportionment:US.BlockGroups;PointsLayer:US.BlockPoints,2.191,2.576,1,121,1959,114,183,50.38,2.01,85,37,US,1038,BlockApportionment:US.BlockGroups;PointsLayer:US.BlockPoints,2.191,2.576,1,20.84,9.24,21.91,44.51,4.31,7.88,1.87,13.57,102,107,0.6475,17.47,29.74,16.36,0,0,,,12,0,0,0,0,0,1,0,0,0,0,2,319,346,0,0,0,15,693.81,264.15,0,0.0,1424.13,1,936.41,55.25,3,0,0.0,1521.48,0.0,0,0.0,0,0.0,0,100.0,1,0.0,0,4.61,14.01,60.28,7.8,17.91,5,70.81,27,19,0,,,1,0,34.190974656406524,-118.418758109974,reconstructed,0.623610476500317,121,1959,183,20.84,9.24,21.91,44.51,4.31,7.88,2.01,13.57,107,2023 Pop 35-64: No Health Insurance (ACS 5-Yr): Percent,affordable_housing_count,-0.004652692643650608
AA-20,5,US,1006,BlockApportionment:US.BlockGroups;PointsLayer:US.BlockPoints,2.191,2.576,1,99,3371,98,112,34.92,2.14,92,5,US,1006,BlockApportionment:US.BlockGroups;PointsLayer:US.BlockPoints,2.191,2.576,1,21.11,6.14,16.88,25.17,3.92,2.92,1.03,16.04,90,91,0.6475,17.47,29.74,16.36,0,0,,,18,0,0,0,0,2,0,0,0,0,0,0,282,288,0,0,3,0,0.0,600.64,0,0.0,1523.1,1,656.36,366.85,4,0,0.0,1676.05,0.0,0,0.0,0,0.0,0,100.0,1,0.0,0,4.48,19.28,61.27,5.85,13.6,5,71.54,27,20,0,,,2,0,34.18318915799792,-118.41875047083148,reconstructed,0.599142827194972,99,3371,112,21.11,6.14,16.88,25.17,3.92,2.92,2.14,16.04,91,pct_below_poverty,lausd_school_site_count,0.008864496880147265
AA-21,22,US,973,BlockApportionment:US.BlockGroups;PointsLayer:US.BlockPoints,2.191,2.576,1,101,558,104,98,34.59,3.43,125,22,US,973,BlockApportionment:US.BlockGroups;PointsLayer:US.BlockPoints,2.191,2.576,1,17.6,8.0,17.41,22.22,3.73,3.2,1.11,17.63,100,102,0.6475,17.47,29.74,16.36,0,0,,,29,0,1,0,1,0,3,0,0,0,0,0,70,80,0,0,1,10,872.06,147.44,0,0.0,1843.63,3,475.02,288.08,13,0,0.0,1844.22,0.0,0,0.0,0,0.0,0,100.0,1,0.0,0,6.19,26.73,50.62,4.42,18.23,5,63.58,27,21,0,,,3,0,34.175403659589314,-118.41874283168892,reconstructed,0.593600788026248,101,558,98,17.6,8.0,17.41,22.22,3.73,3.2,3.43,17.63,102,2023 Pop w/Income Below Poverty Level (ACS 5-Yr): Percent,fire_station_count,-0.01088873892809023
AA-22,35,US,936,BlockApportionment:US.BlockGroups;PointsLayer:US.BlockPoints,2.191,2.576,1,59,1571,75,105,15.34,2.71,169,35,US,936,BlockApportionment:US.BlockGroups;PointsLayer:US.BlockPoints,2.191,2.576,1,19.63,5.03,6.09,47.41,0.68,0.64,2.03,7.52,144,142,0.6475,17.47,29.74,16.36,0,0,,,21,0,0,0,0,0,0,0,0,0,0,0,242,240,0,0,0,0,0.0,717.36,0,0.0,978.83,0,0.0,519.22,2,0,0.0,979.42,0.0,0,0.0,0,0.0,0,100.0,1,0.0,0,3.96,30.98,38.38,5.34,25.3,5,55.68,27,22,0,,,0,0,34.16761816118071,-118.4187351925464,reconstructed,0.5248850499561172,59,1571,105,19.63,5.03,6.09,47.41,0.68,0.64,2.71,7.52,142,2023 Pop w/Income Below Poverty Level (ACS 5-Yr): Percent,police_station_count,0.004217614284024443
AA-23,42,US,893,BlockApportionment:US.BlockGroups;PointsLayer:US.BlockPoints,2.191,2.576,1,90,2646,85,274,15.99,2.95,149,42,US,893,BlockApportionment:US.BlockGroups;PointsLayer:US.BlockPoints,2.191,2.576,1,2.7,2.77,10.45,27.99,0.39,0.83,0.91,3.04,137,135,0.6475,17.47,29.74,16.36,0,0,,,24,0,0,0,0,0,1,0,0,0,0,1,358,381,0,0,1,13,2258.42,114.03,13,2258.42,114.03,0,0.0,706.63,4,2,1682.49,114.62,0.0,0,0.0,0,0.0,0,100.0,1,0.0,0,3.72,31.15,44.6,4.78,19.47,5,60.1,27,23,1,34.15625306,-118.41807046,1,1,34.159832662772104,-118.41872755340388,detection_avg,0.5888146064371931,90,2646,274,2.7,2.77,10.45,27.99,0.39,0.83,2.95,3.04,135,pct_below_poverty,lausd_school_site_count,0.00555969228968591
AA-24,4,US,855,BlockApportionment:US.BlockGroups;PointsLayer:US.BlockPoints,2.191,2.576,1,111,3103,93,181,13.41,4.86,162,4,US,855,BlockApportionment:US.BlockGroups;PointsLayer:US.BlockPoints,2.191,2.576,1,11.37,2.48,7.91,20.65,0.44,1.28,5.1,7.0,150,148,0.6475,17.47,29.74,16.36,0,0,,,6,0,0,0,0,0,1,0,0,0,0,0,559,608,0,0,0,3,116.44,453.19,0,0.0,730.92,1,920.7,228.34,1,0,0.0,729.17,0.0,0,0.0,0,0.0,0,100.0,1,0.0,0,4.82,33.05,40.45,3.96,22.55,5,56.87,27,24,0,,,1,0,34.1520471643635,-118.41871991426132,reconstructed,0.5649621939047823,111,3103,181,11.37,2.48,7.91,20.65,0.44,1.28,4.86,7.0,148,2023 Pop w/Income Below Poverty Level (ACS 5-Yr): Percent,police_station_count,0.002935699107845704
AA-35,1,US,602,BlockApportionment:US.BlockGroups;PointsLayer:US.BlockPoints,2.191,2.576,1,139,241,79,119,7.88,1.18,112,1,US,602,BlockApportionment:US.BlockGroups;PointsLayer:US.BlockPoints,2.191,2.576,1,16.9,0.0,5.91,33.33,0.0,2.71,1.63,6.71,166,161,0.6475,17.47,29.74,16.36,0,0,,,22,0,0,0,0,0,0,0,0,0,0,0,454,506,0,0,0,41,2738.19,245.97,0,0.0,3002.35,1,690.36,247.78,1,0,0.0,3151.09,1.87,1,0.0,0,0.0,0,100.0,1,0.0,0,3.54,57.88,20.0,0.88,21.24,3,42.94,27,35,0,,,0,0,34.06640668186885,-118.41863588369344,reconstructed,0.5633195614183966,139,241,119,16.9,0.0,5.91,33.33,0.0,2.71,1.18,6.71,161,total_population,police_station_count,0.010113759663812581
AA-36,21,US,572,BlockApportionment:US.BlockGroups;PointsLayer:US.BlockPoints,2.191,2.576,1,167,1553,88,57,8.31,3.12,206,21,US,572,BlockApportionment:US.BlockGroups;PointsLayer:US.BlockPoints,2.191,2.576,1,22.44,1.2,5.95,19.91,0.0,0.45,4.03,5.36,264,269,0.6475,17.47,29.74,16.36,0,0,,,14,0,0,0,0,0,0,0,0,0,0,0,1373,1386,0,0,0,65,3314.77,320.61,0,0.0,2618.82,0,0.0,850.51,38,0,0.0,2722.55,0.0,0,0.0,0,0.0,0,100.0,1,0.0,0,5.68,26.85,57.66,1.89,13.6,5,68.66,27,36,1,34.0546456,-118.41819594,0,1,34.05862118346024,-118.41862824455092,detection_avg,0.5804586133850678,167,1553,57,22.44,1.2,5.95,19.91,0.0,0.45,3.12,5.36,269,recreation_center_count,osm_amenity_count,0.005156619298707264
AA-37,35,US,536,BlockApportionment:US.BlockGroups;PointsLayer:US.BlockPoints,2.191,2.576,1,129,3572,76,100,9.15,0.0,199,35,US,536,BlockApportionment:US.BlockGroups;PointsLayer:US.BlockPoints,2.191,2.576,1,15.36,0.72,8.77,14.36,0.35,1.03,0.11,5.31,190,187,0.6475,17.47,29.74,16.36,0,0,,,0,0,0,0,0,0,4,0,0,0,0,0,362,359,0,0,0,33,1485.97,253.9,0,0.0,1757.11,0,0.0,1297.76,2,0,0.0,1867.9,4.13,1,0.0,0,0.0,0,100.0,1,0.0,0,4.78,29.73,53.63,2.12,14.51,5,66.11,27,37,0,,,4,0,34.05083568505164,-118.4186206054084,reconstructed,0.5892869248053798,129,3572,100,15.36,0.72,8.77,14.36,0.35,1.03,0.0,5.31,187,esri_market_idx_14068_forecast,la_geohub_fire_hazard_area_pct,0.004505760114423006
AA-38,49,US,500,BlockApportionment:US.BlockGroups;PointsLayer:US.BlockPoints,2.191,2.576,1,86,1739,80,117,10.41,2.34,253,49,US,500,BlockApportionment:US.BlockGroups;PointsLayer:US.BlockPoints,2.191,2.576,1,10.88,6.74,3.28,35.37,0.0,1.47,3.58,4.04,222,223,0.6475,17.47,29.74,16.36,0,0,,,0,0,1,0,0,0,0,0,0,0,0,0,358,364,0,0,1,5,296.73,413.74,0,0.0,900.51,0,0.0,502.28,7,0,0.0,1003.2,6.88,1,0.0,0,0.0,0,100.0,1,0.0,0,4.99,36.49,44.23,2.41,16.87,5,59.46,27,38,0,,,0,0,34.04305018664303,-118.41861296626584,reconstructed,0.5648849212954571,86,1739,117,10.88,6.74,3.28,35.37,0.0,1.47,2.34,4.04,223,pct_below_poverty,lausd_school_site_count,0.009596842047327704
AA-39,13,US,464,BlockApportionment:US.BlockGroups;PointsLayer:US.BlockPoints,2.191,2.576,1,141,1477,111,148,15.23,1.95,253,13,US,464,BlockApportionment:US.BlockGroups;PointsLayer:US.BlockPoints,2.191,2.576,1,20.5,2.68,6.9,15.64,1.23,2.96,2.14,6.17,236,237,0.6475,17.47,29.74,16.36,0,0,,,0,0,0,1,0,0,3,1,0,0,0,0,328,325,0,0,0,20,3133.64,114.11,20,3133.64,114.11,0,0.0,549.5,4,2,1628.37,138.51,11.75,1,0.0,0,0.0,0,100.0,1,0.0,0,5.31,34.69,38.58,3.01,23.72,5,55.41,27,39,1,34.0359958,-118.41773789,3,1,34.03526468823443,-118.41860532712332,detection_avg,0.5963154463490549,141,1477,148,20.5,2.68,6.9,15.64,1.23,2.96,1.95,6.17,237,esri_market_idx_14068_forecast,la_geohub_fire_hazard_area_pct,0.006202437603710113
AA-4,27,US,1428,BlockApportionment:US.BlockGroups;PointsLayer:US.BlockPoints,2.191,2.576,1,88,2205,76,86,75.37,6.31,152,27,US,1428,BlockApportionment:US.BlockGroups;PointsLayer:US.BlockPoints,2.191,2.576,1,31.18,1.49,10.51,39.06,10.42,4.18,5.23,25.41,120,123,0.6475,17.47,29.74,16.36,0,0,,,0,0,0,0,0,1,0,0,0,0,0,0,105,91,0,0,1,0,0.0,542.66,0,0.0,542.66,0,0.0,836.24,0,0,0.0,541.35,0.0,0,0.0,0,0.0,0,100.0,1,0.0,0,3.36,24.07,45.66,3.72,26.55,5,60.95,27,4,0,,,1,0,34.3077571325356,-118.418872697112,reconstructed,0.5253322389477246,88,2205,86,31.18,1.49,10.51,39.06,10.42,4.18,6.31,25.41,123,pct_below_poverty,lausd_school_site_count,0.005499311167887345
AA-40,28,US,429,BlockApportionment:US.BlockGroups;PointsLayer:US.BlockPoints,2.191,2.576,1,85,4512,89,62,16.89,1.0,147,28,US,429,BlockApportionment:US.BlockGroups;PointsLayer:US.BlockPoints,2.191,2.576,1,15.24,1.84,7.6,18.4,0.65,0.94,1.97,6.46,124,122,0.6475,17.47,29.74,16.36,0,0,,,0,0,0,0,0,0,0,0,0,0,0,0,366,378,0,0,0,0,0.0,682.22,0,0.0,682.22,2,148.84,444.35,0,0,0.0,696.57,0.0,0,0.0,0,0.0,0,100.0,1,0.0,0,4.83,38.97,33.62,2.24,25.17,5,52.08,27,40,0,,,0,0,34.02747918982582,-118.4185976879808,reconstructed,0.5567189881939641,85,4512,62,15.24,1.84,7.6,18.4,0.65,0.94,1.0,6.46,122,2023 Pop w/Income Below Poverty Level (ACS 5-Yr): Percent,police_station_count,0.003164328402828237
AA-41,44,US,395,BlockApportionment:US.BlockGroups;PointsLayer:US.BlockPoints,2.191,2.576,1,71,5079,81,81,29.93,2.22,105,44,US,395,BlockApportionment:US.BlockGroups;PointsLayer:US.BlockPoints,2.191,2.576,1,21.52,5.27,12.06,27.71,6.03,6.77,0.73,8.52,98,97,0.6475,17.47,29.74,16.36,0,0,,,0,0,0,0,0,1,0,0,0,0,0,0,453,445,0,0,2,6,1902.07,312.29,5,1861.44,312.29,0,0.0,620.84,7,2,1246.49,315.21,0.0,0,0.0,0,0.0,0,100.0,1,0.0,0,1.42,23.09,52.75,0.89,23.27,5,66.5,27,41,1,34.01369184,-118.41763575,1,1,34.01969369141722,-118.41859004883824,detection_avg,0.610015540026319,71,5079,81,21.52,5.27,12.06,27.71,6.03,6.77,2.22,8.52,97,2023 Pop 35-64: No Health Insurance (ACS 5-Yr): Percent,affordable_housing_count,-0.003656154368264914
AA-42,10,US,361,BlockApportionment:US.BlockGroups;PointsLayer:US.BlockPoints,2.191,2.576,1,99,2708,155,67,37.89,3.67,140,10,US,361,BlockApportionment:US.BlockGroups;PointsLayer:US.BlockPoints,2.191,2.576,1,16.03,3.1,11.26,22.67,3.45,2.15,3.49,10.04,139,138,0.6475,17.47,29.74,16.36,0,0,,,12,0,0,0,0,0,0,0,0,0,0,0,294,259,0,0,0,56,5466.13,24.43,38,3748.9,24.43,0,0.0,523.19,16,2,1654.2,141.2,0.0,0,0.0,0,0.0,0,100.0,1,0.0,0,0.53,19.86,53.01,3.01,24.11,5,66.95,27,42,1,34.01253587,-118.41816527,0,1,34.01190819300861,-118.41858240969572,detection_avg,0.6200099632555721,99,2708,67,16.03,3.1,11.26,22.67,3.45,2.15,3.67,10.04,138,total_population,police_station_count,-0.0026571545249273747
AA-43,31,US,332,BlockApportionment:US.BlockGroups;PointsLayer:US.BlockPoints,2.191,2.576,1,132,2923,177,83,34.11,1.05,156,31,US,332,BlockApportionment:US.BlockGroups;PointsLayer:US.BlockPoints,2.191,2.576,1,10.7,5.42,2.6,18.03,1.49,5.71,1.02,9.25,155,153,0.6475,17.47,29.74,16.36,0,0,,,0,0,0,0,0,0,1,0,0,0,0,2,284,329,0,0,0,0,0.0,554.13,0,0.0,554.13,2,950.68,58.7,6,0,0.0,615.9,0.0,0,0.0,0,0.0,0,100.0,1,0.0,0,2.76,31.21,45.69,1.38,21.72,5,61.15,27,43,0,,,1,0,34.00412269460001,-118.4185747705532,reconstructed,0.6123619915324726,132,2923,83,10.7,5.42,2.6,18.03,1.49,5.71,1.05,9.25,153,2023 Pop w/Income Below Poverty Level (ACS 5-Yr): Percent,police_station_count,0.004895900472715967
AA-44,4,US,305,BlockApportionment:US.BlockGroups;PointsLayer:US.BlockPoints,2.191,2.576,1,109,4672,127,131,43.41,2.46,128,4,US,305,BlockApportionment:US.BlockGroups;PointsLayer:US.BlockPoints,2.191,2.576,1,15.72,3.66,4.65,12.54,5.34,2.9,1.77,9.71,130,133,0.6475,17.47,29.74,16.36,0,0,,,6,0,0,0,0,3,0,0,0,0,0,0,371,383,1,1,7,0,0.0,921.88,0,0.0,921.88,0,0.0,516.21,16,0,0.0,1009.17,0.0,0,0.0,0,0.0,0,100.0,1,0.0,0,1.24,21.31,56.31,2.31,20.07,5,69.04,27,44,1,33.99637591333333,-118.41858605666668,3,1,33.996337196191405,-118.41856713141064,detection_avg,0.6181672010321061,109,4672,131,15.72,3.66,4.65,12.54,5.34,2.9,2.46,9.71,133,pct_below_poverty,lausd_school_site_count,0.012710339891903078
AA-45,24,US,275,BlockApportionment:US.BlockGroups;PointsLayer:US.BlockPoints,2.191,2.576,1,87,2142,83,79,28.94,3.05,109,24,US,275,BlockApportionment:US.BlockGroups;PointsLayer:US.BlockPoints,2.191,2.576,1,10.9,3.77,4.33,16.5,0.84,0.52,3.16,9.36,114,116,0.6475,17.47,29.74,16.36,0,0,,,6,0,0,0,0,1,0,0,0,0,0,0,156,195,0,0,4,15,2525.58,331.76,15,2525.58,331.76,2,1144.64,139.49,4,2,1031.06,358.25,12.04,1,12.02,1,0.0,0,100.0,1,0.0,0,4.66,24.14,56.9,2.93,16.03,5,68.43,27,45,0,,,1,0,33.9885516977828,-118.41855949226812,reconstructed,0.5627848731041539,87,2142,79,10.9,3.77,4.33,16.5,0.84,0.52,3.05,9.36,116,pct_below_poverty,lausd_school_site_count,0.006573096922514675
AA-46,48,US,249,BlockApportionment:US.BlockGroups;PointsLayer:US.BlockPoints,2.191,2.576,1,250,3308,80,79,12.0,3.08,245,48,US,249,BlockApportionment:US.BlockGroups;PointsLayer:US.BlockPoints,2.191,2.576,1,8.9,2.58,4.5,18.15,0.15,1.32,3.91,3.53,202,195,0.6475,17.47,29.74,16.36,0,0,,,4,0,0,0,0,1,1,0,0,0,0,1,251,348,0,0,0,21,2843.07,127.49,3,1050.85,324.1,1,679.98,270.16,12,2,955.19,324.63,33.96,1,2.99,1,30.88,1,100.0,1,0.0,0,2.48,13.83,72.87,1.77,11.52,5,80.26,27,46,0,,,2,0,33.980766199374195,-118.4185518531256,reconstructed,0.6085185008820847,250,3308,79,8.9,2.58,4.5,18.15,0.15,1.32,3.08,3.53,195,esri_market_idx_14068_forecast,la_geohub_fire_hazard_area_pct,0.0053218541731581935
AA-47,23,US,224,BlockApportionment:US.BlockGroups;PointsLayer:US.BlockPoints,2.191,2.576,1,102,4338,45,145,18.72,0.88,253,23,US,224,BlockApportionment:US.BlockGroups;PointsLayer:US.BlockPoints,2.191,2.576,1,8.78,2.67,5.05,18.44,0.54,0.3,1.06,3.76,209,201,0.6475,17.47,29.74,16.36,0,0,,,0,0,0,0,1,1,0,0,0,0,0,0,67,80,0,0,0,0,0.0,626.46,0,0.0,795.59,2,927.24,199.9,4,0,0.0,797.82,21.97,1,0.0,0,22.12,1,100.0,1,0.0,0,9.14,32.07,45.17,2.93,19.83,5,58.88,27,47,0,,,1,0,33.972980700965586,-118.41854421398304,reconstructed,0.5718948921720397,102,4338,145,8.78,2.67,5.05,18.44,0.54,0.3,0.88,3.76,201,esri_market_idx_14068_forecast,la_geohub_fire_hazard_area_pct,0.005821526763896471
AA-48,1,US,202,BlockApportionment:US.BlockGroups;PointsLayer:US.BlockPoints,2.191,2.576,1,44,1722,36,95,19.63,2.92,175,1,US,202,BlockApportionment:US.BlockGroups;PointsLayer:US.BlockPoints,2.191,2.576,1,17.89,2.48,21.32,38.93,0.45,0.0,2.78,11.43,165,162,0.6475,17.47,29.74,16.36,0,0,,,6,0,0,1,0,0,0,0,0,0,0,0,262,254,0,0,0,16,834.73,265.61,16,834.73,265.61,0,0.0,714.45,21,2,1400.61,260.39,0.0,0,0.0,0,0.0,0,100.0,1,0.0,0,1.77,29.08,41.49,0.71,28.72,5,58.51,27,48,0,,,0,0,33.965195202556984,-118.41853657484052,reconstructed,0.5696318230649667,44,1722,95,17.89,2.48,21.32,38.93,0.45,0.0,2.92,11.43,162,2023 Pop 35-64: No Health Insurance (ACS 5-Yr): Percent,affordable_housing_count,0.004766418319138193
AA-49,29,US,180,BlockApportionment:US.BlockGroups;PointsLayer:US.BlockPoints,2.191,2.576,1,196,2202,105,119,14.67,1.78,123,29,US,180,BlockApportionment:US.BlockGroups;PointsLayer:US.BlockPoints,2.191,2.576,1,4.62,5.6,24.74,36.2,0.07,0.42,0.36,11.59,101,101,0.6475,17.47,29.74,16.36,0,0,,,0,0,0,0,1,1,0,0,1,0,0,0,115,121,0,0,2,15,1427.19,264.53,15,1427.19,264.53,1,189.52,377.47,1,2,1391.96,263.46,0.0,0,0.0,0,0.0,0,100.0,1,0.0,0,3.37,36.7,34.75,0.35,28.19,5,53.31,27,49,0,,,1,0,33.957409704148375,-118.418528935698,reconstructed,0.6040509480588554,196,2202,119,4.62,5.6,24.74,36.2,0.07,0.42,1.78,11.59,101,2023 Pop w/Income Below Poverty Level (ACS 5-Yr): Percent,college_count,-0.025085601093873252
AA-5,17,US,1418,BlockApportionment:US.BlockGroups;PointsLayer:US.BlockPoints,2.191,2.576,1,106,1782,104,100,81.37,5.11,91,17,US,1418,BlockApportionment:US.BlockGroups;PointsLayer:US.BlockPoints,2.191,2.576,1,35.46,8.17,31.04,45.93,14.44,5.36,1.04,29.94,83,89,0.6475,17.47,29.74,16.36,0,0,,,12,0,0,0,0,1,0,0,0,0,0,0,134,115,0,0,3,46,4424.28,7.98,20,3054.72,7.98,3,1005.87,189.67,2,2,1825.63,9.54,0.0,0,0.0,0,0.0,0,100.0,1,0.0,0,2.12,20.32,45.76,3.71,30.21,5,61.4,27,5,0,,,1,0,34.299971634127,-118.41886505796948,reconstructed,0.6106123485785894,106,1782,100,35.46,8.17,31.04,45.93,14.44,5.36,5.11,29.94,89,2023 Pop w/Income Below Poverty Level (ACS 5-Yr): Percent,police_station_count,-0.010593029821299735
AA-50,8,US,159,BlockApportionment:US.BlockGroups;PointsLayer:US.BlockPoints,2.191,2.576,0,0,0,0,0,0.0,0.0,0,8,US,159,BlockApportionment:US.BlockGroups;PointsLayer:US.BlockPoints,2.191,2.576,0,0.0,0.0,0.0,0.0,0.0,0.0,0.0,0.0,0,0,0.6475,17.47,29.74,16.36,0,0,,,0,0,0,0,0,0,0,0,0,0,0,0,0,0,0,0,0,0,0.0,820.12,0,0.0,820.12,0,0.0,519.72,0,0,0.0,883.74,0.0,0,0.0,0,0.0,0,100.0,1,0.0,0,0.0,12.24,69.83,0.34,17.59,5,78.88,27,50,0,,,0,0,33.949624205739774,-118.41852129655544,reconstructed,0.5169811262774096,0,0,0,0.0,0.0,0.0,0.0,0.0,0.0,0.0,0.0,0,total_crime_est,police_station_count,0.01563103795160291
AA-6,7,US,1408,BlockApportionment:US.BlockGroups;PointsLayer:US.BlockPoints,2.191,2.576,1,158,1508,134,140,89.66,0.69,129,7,US,1408,BlockApportionment:US.BlockGroups;PointsLayer:US.BlockPoints,2.191,2.576,1,33.62,0.0,9.77,36.49,4.06,1.54,0.83,25.47,133,138,0.6475,17.47,29.74,16.36,0,0,,,0,0,0,0,0,4,0,0,0,0,0,0,78,85,0,0,4,1,76.58,460.39,0,0.0,579.32,6,814.1,381.46,2,0,0.0,579.44,0.0,0,0.0,0,0.0,0,100.0,1,0.0,0,0.34,7.92,77.8,3.27,11.02,5,84.36,27,6,0,,,4,0,34.29218613571839,-118.41885741882692,reconstructed,0.5850280823256703,158,1508,140,33.62,0.0,9.77,36.49,4.06,1.54,0.69,25.47,138,pct_below_poverty,lausd_school_site_count,-0.004894273280487161
AA-7,41,US,1392,BlockApportionment:US.BlockGroups;PointsLayer:US.BlockPoints,2.191,2.576,1,155,2970,148,110,91.62,3.35,112,41,US,1392,BlockApportionment:US.BlockGroups;PointsLayer:US.BlockPoints,2.191,2.576,1,44.64,2.72,16.63,35.33,7.61,3.06,2.26,30.09,104,109,0.6475,17.47,29.74,16.36,0,0,,,12,0,0,0,0,0,0,0,0,0,0,1,204,204,0,0,0,27,2921.72,142.76,27,2921.72,142.76,0,0.0,850.22,5,2,1713.41,164.82,0.0,0,0.0,0,0.0,0,100.0,1,0.0,0,0.18,20.53,51.68,2.65,25.13,5,66.12,27,7,0,,,0,0,34.28440063730979,-118.4188497796844,reconstructed,0.6228362951377775,155,2970,110,44.64,2.72,16.63,35.33,7.61,3.06,3.35,30.09,109,pct_below_poverty,lausd_school_site_count,0.0026124636279088844
AA-8,23,US,1374,BlockApportionment:US.BlockGroups;PointsLayer:US.BlockPoints,2.191,2.576,1,167,3378,148,117,89.93,1.21,87,23,US,1374,BlockApportionment:US.BlockGroups;PointsLayer:US.BlockPoints,2.191,2.576,1,33.0,9.8,12.35,30.89,13.78,6.63,1.06,28.29,83,85,0.6475,17.47,29.74,16.36,0,0,,,6,0,0,0,0,0,0,0,0,0,0,0,241,218,0,0,1,11,485.87,398.42,11,485.87,398.42,0,0.0,1174.32,1,2,167.27,453.64,0.0,0,0.0,0,0.0,0,100.0,1,0.0,0,0.86,14.26,63.57,3.95,18.21,5,74.24,27,8,1,34.27136115,-118.41889439,0,1,34.27661513890118,-118.41884214054188,detection_avg,0.6186283160705967,167,3378,117,33.0,9.8,12.35,30.89,13.78,6.63,1.21,28.29,85,2023 Pop 35-64: No Health Insurance (ACS 5-Yr): Percent,affordable_housing_count,-0.0034241935844789508
AA-9,0,US,1351,BlockApportionment:US.BlockGroups;PointsLayer:US.BlockPoints,2.191,2.576,1,157,4547,156,207,93.49,1.41,55,0,US,1351,BlockApportionment:US.BlockGroups;PointsLayer:US.BlockPoints,2.191,2.576,1,41.31,10.09,24.15,21.03,8.81,4.06,2.08,25.2,57,55,0.6475,17.47,29.74,16.36,0,0,,,48,0,1,0,0,0,1,0,0,0,0,1,303,304,0,0,1,34,1632.1,138.72,0,0.0,948.77,0,0.0,1579.6,3,0,0.0,1068.16,0.0,0,0.0,0,0.0,0,100.0,1,0.0,0,1.59,13.1,65.84,2.65,18.41,5,75.61,27,9,0,,,1,0,34.26882964049258,-118.41883450139932,reconstructed,0.64616879301568,157,4547,207,41.31,10.09,24.15,21.03,8.81,4.06,1.41,25.2,55,2023 Pop w/Income Below Poverty Level (ACS 5-Yr): Percent,fire_station_count,-0.012126563279720311
AB-10,23,US,1324,BlockApportionment:US.BlockGroups;PointsLayer:US.BlockPoints,2.191,2.576,1,0,0,0,0,0.0,0.0,0,23,US,1324,BlockApportionment:US.BlockGroups;PointsLayer:US.BlockPoints,2.191,2.576,1,0.0,0.0,0.0,0.0,0.0,0.0,0.0,0.0,0,0,0.6475,17.47,29.74,16.36,0,0,,,0,0,0,0,0,0,0,0,0,0,0,0,39,45,0,0,0,0,0.0,591.78,0,0.0,1813.32,0,0.0,1260.32,0,0,0.0,1900.35,0.0,0,0.0,0,0.0,0,100.0,1,0.0,0,2.92,29.04,54.98,1.37,14.6,5,67.61,28,10,0,,,0,0,34.26103732800185,-118.41071911845953,reconstructed,0.5033554317804908,0,0,0,0.0,0.0,0.0,0.0,0.0,0.0,0.0,0.0,0,total_crime_est,police_station_count,0.01563103795160291
AB-11,44,US,1295,BlockApportionment:US.BlockGroups;PointsLayer:US.BlockPoints,2.191,2.576,1,161,1549,147,79,91.93,1.46,98,44,US,1295,BlockApportionment:US.BlockGroups;PointsLayer:US.BlockPoints,2.191,2.576,1,32.48,4.14,15.43,42.0,4.84,8.98,1.45,27.25,89,92,0.6475,17.47,29.74,16.36,0,0,,,36,0,0,0,0,0,0,0,0,0,0,0,189,166,1,0,0,17,1794.37,18.91,0,0.0,1499.34,0,0.0,844.85,2,0,0.0,1597.42,0.0,0,0.0,0,0.0,0,100.0,1,0.0,0,0.18,11.15,60.71,6.02,22.12,5,72.44,28,11,1,34.25400539,-118.40824221,0,1,34.253251829593246,-118.410711479317,detection_avg,0.6165393681933213,161,1549,79,32.48,4.14,15.43,42.0,4.84,8.98,1.46,27.25,92,2023 Pop 35-64: No Health Insurance (ACS 5-Yr): Percent,police_station_count,-0.01050039305022351
AB-12,16,US,1267,BlockApportionment:US.BlockGroups;PointsLayer:US.BlockPoints,2.191,2.576,1,150,3212,163,90,80.35,2.98,127,16,US,1267,BlockApportionment:US.BlockGroups;PointsLayer:US.BlockPoints,2.191,2.576,1,41.5,9.83,12.3,49.21,5.31,5.96,2.9,22.12,107,107,0.6475,17.47,29.74,16.36,0,0,,,0,0,0,0,0,0,0,0,0,0,0,1,171,173,0,0,0,0,0.0,498.08,0,0.0,1010.34,5,621.28,291.59,0,0,0.0,1027.34,0.0,0,0.0,0,0.0,0,100.0,1,0.0,0,1.03,18.56,54.47,3.61,23.37,5,67.82,28,12,0,,,0,0,34.24546633118464,-118.41070384017446,reconstructed,0.5996744111007605,150,3212,90,41.5,9.83,12.3,49.21,5.31,5.96,2.98,22.12,107,2023 Pop 35-64: No Health Insurance (ACS 5-Yr): Percent,police_station_count,0.00253120300478332
AB-13,40,US,1241,BlockApportionment:US.BlockGroups;PointsLayer:US.BlockPoints,2.191,2.576,1,134,1052,138,88,77.85,1.02,113,40,US,1241,BlockApportionment:US.BlockGroups;PointsLayer:US.BlockPoints,2.191,2.576,1,34.58,6.1,5.86,8.93,12.07,4.46,0.86,20.25,89,88,0.6475,17.47,29.74,16.36,0,0,,,12,0,0,0,0,1,0,0,0,0,0,0,175,159,0,0,0,17,2044.61,106.56,9,1143.25,406.53,3,907.79,76.33,0,1,152.05,448.81,0.0,0,0.0,0,0.0,0,100.0,1,0.0,0,1.77,20.49,49.82,5.12,24.56,5,64.34,28,13,0,,,1,0,34.23768083277604,-118.41069620103193,reconstructed,0.5976668412422067,134,1052,88,34.58,6.1,5.86,8.93,12.07,4.46,1.02,20.25,88,2023 Pop w/Income Below Poverty Level (ACS 5-Yr): Percent,police_station_count,0.004358135919144481
AB-14,7,US,1208,BlockApportionment:US.BlockGroups;PointsLayer:US.BlockPoints,2.191,2.576,1,117,1343,114,86,74.46,1.59,121,7,US,1208,BlockApportionment:US.BlockGroups;PointsLayer:US.BlockPoints,2.191,2.576,1,36.34,3.9,8.27,27.03,15.96,4.71,2.19,17.59,102,106,0.6475,17.47,29.74,16.36,0,0,,,3,0,0,0,0,0,0,0,0,0,0,0,62,56,0,0,0,63,9654.0,15.21,60,9598.72,15.21,28,3539.52,77.25,2,4,3143.47,16.65,0.0,0,0.0,0,0.0,0,100.0,1,0.0,0,0.17,5.34,54.22,2.93,37.52,5,67.9,28,14,0,,,0,0,34.22989533436743,-118.4106885618894,reconstructed,0.6033460348804529,117,1343,86,36.34,3.9,8.27,27.03,15.96,4.71,1.59,17.59,106,2023 Pop w/Income Below Poverty Level (ACS 5-Yr): Percent,police_station_count,0.002671187621280655
AB-15,25,US,1176,BlockApportionment:US.BlockGroups;PointsLayer:US.BlockPoints,2.191,2.576,1,125,176,117,0,46.59,2.63,122,25,US,1176,BlockApportionment:US.BlockGroups;PointsLayer:US.BlockPoints,2.191,2.576,1,7.69,12.82,5.45,36.36,2.73,6.06,1.63,28.18,128,133,0.6475,17.47,29.74,16.36,0,0,,,0,0,0,0,0,0,0,0,0,0,0,0,23,20,0,0,4,49,6922.94,17.93,36,5762.34,17.93,15,1371.94,196.66,1,2,1765.42,25.81,0.0,0,0.0,0,0.0,0,100.0,1,0.0,0,3.01,24.6,37.35,2.65,35.4,5,55.24,28,15,0,,,0,0,34.222109835958825,-118.41068092274686,reconstructed,0.5798145553541332,125,176,0,7.69,12.82,5.45,36.36,2.73,6.06,2.63,28.18,133,total_population,police_station_count,0.011319518969089226
AB-16,41,US,1142,BlockApportionment:US.BlockGroups;PointsLayer:US.BlockPoints,2.191,2.576,1,124,2180,126,110,42.52,2.98,119,41,US,1142,BlockApportionment:US.BlockGroups;PointsLayer:US.BlockPoints,2.191,2.576,1,29.68,5.08,12.76,31.09,6.75,4.1,1.85,14.09,105,110,0.6475,17.47,29.74,16.36,0,0,,,6,0,0,0,0,0,0,0,0,0,0,1,169,165,0,0,0,21,4289.06,144.39,21,4289.06,144.39,0,0.0,886.14,1,2,1752.31,142.51,0.0,0,0.0,0,0.0,0,100.0,1,0.0,0,3.36,23.01,54.51,4.07,18.41,5,67.15,28,16,1,34.21601265,-118.4115447,0,1,34.21432433755022,-118.41067328360432,detection_avg,0.6191584763909117,124,2180,110,29.68,5.08,12.76,31.09,6.75,4.1,2.98,14.09,110,total_population,police_station_count,-0.002732970573385838
AB-17,6,US,1107,BlockApportionment:US.BlockGroups;PointsLayer:US.BlockPoints,2.191,2.576,1,172,1113,144,212,30.1,4.62,127,6,US,1107,BlockApportionment:US.BlockGroups;PointsLayer:US.BlockPoints,2.191,2.576,1,37.55,0.79,22.61,90.0,6.27,0.85,3.61,13.76,104,108,0.6475,17.47,29.74,16.36,0,0,,,18,0,0,0,0,0,0,0,0,0,0,0,191,195,0,0,1,9,1926.55,331.45,9,1926.55,331.45,0,0.0,1430.76,1,2,1213.99,332.47,0.0,0,0.0,0,0.0,0,100.0,1,0.0,0,1.55,11.7,70.4,3.44,14.46,5,78.82,28,17,0,,,0,0,34.206538839141615,-118.4106656444618,reconstructed,0.6068169324809131,172,1113,212,37.55,0.79,22.61,90.0,6.27,0.85,4.62,13.76,108,pct_below_poverty,lausd_school_site_count,-0.0076114460107838105
AB-18,21,US,1072,BlockApportionment:US.BlockGroups;PointsLayer:US.BlockPoints,2.191,2.576,1,148,2987,120,224,60.9,0.72,80,21,US,1072,BlockApportionment:US.BlockGroups;PointsLayer:US.BlockPoints,2.191,2.576,1,30.94,3.7,16.79,30.57,5.33,7.94,0.7,22.34,84,88,0.6475,17.47,29.74,16.36,0,0,,,27,0,0,0,0,0,0,0,0,0,0,1,540,552,0,0,0,8,941.18,50.3,0,0.0,566.17,0,0.0,971.45,10,0,0.0,589.14,0.0,0,0.0,0,0.0,0,100.0,1,0.0,0,1.06,8.67,81.42,2.48,7.43,5,86.68,28,18,1,34.19835113,-118.41167978,0,1,34.198753340733006,-118.41065800531926,detection_avg,0.6661956673585611,148,2987,224,30.94,3.7,16.79,30.57,5.33,7.94,0.72,22.34,88,2023 Pop 35-64: No Health Insurance (ACS 5-Yr): Percent,affordable_housing_count,-0.0046658982358300525
AB-19,38,US,1039,BlockApportionment:US.BlockGroups;PointsLayer:US.BlockPoints,2.191,2.576,1,131,3407,120,160,54.71,1.21,94,38,US,1039,BlockApportionment:US.BlockGroups;PointsLayer:US.BlockPoints,2.191,2.576,1,27.59,6.04,17.28,38.23,5.36,5.79,1.37,26.74,91,96,0.6475,17.47,29.74,16.36,0,0,,,21,0,0,0,0,1,0,0,0,0,0,1,340,350,0,0,2,0,0.0,695.84,0,0.0,729.25,0,0.0,659.38,8,0,0.0,730.12,0.0,0,0.0,0,0.0,0,100.0,1,0.0,0,0.69,15.15,62.65,4.3,17.9,5,73.65,28,19,0,,,1,0,34.190967842324405,-118.41065036617672,reconstructed,0.6234049163038172,131,3407,160,27.59,6.04,17.28,38.23,5.36,5.79,1.21,26.74,96,pct_below_poverty,lausd_school_site_count,-0.004816273375850113
AB-20,6,US,1007,BlockApportionment:US.BlockGroups;PointsLayer:US.BlockPoints,2.191,2.576,1,92,3338,95,105,27.89,0.83,114,6,US,1007,BlockApportionment:US.BlockGroups;PointsLayer:US.BlockPoints,2.191,2.576,1,25.16,1.59,9.7,30.02,4.01,2.97,0.78,17.7,106,110,0.6475,17.47,29.74,16.36,0,0,,,24,0,0,0,0,0,2,0,0,0,0,1,429,443,0,0,2,12,803.8,168.98,0,0.0,672.28,0,0.0,496.05,4,0,0.0,836.77,0.0,0,0.0,0,0.0,0,100.0,1,0.0,0,1.59,20.53,51.5,5.13,22.83,5,65.57,28,20,0,,,2,0,34.1831823439158,-118.4106427270342,reconstructed,0.5880955680355223,92,3338,105,25.16,1.59,9.7,30.02,4.01,2.97,0.83,17.7,110,total_population,police_station_count,-0.0023891147224146575
AB-21,23,US,974,BlockApportionment:US.BlockGroups;PointsLayer:US.BlockPoints,2.191,2.576,1,56,2483,83,183,26.9,2.58,115,23,US,974,BlockApportionment:US.BlockGroups;PointsLayer:US.BlockPoints,2.191,2.576,1,23.48,7.42,12.78,15.54,3.07,2.07,1.95,19.11,103,107,0.6475,17.47,29.74,16.36,0,0,,,18,0,0,0,0,2,0,0,0,0,0,0,265,278,0,0,1,0,0.0,580.38,0,0.0,1163.85,1,534.03,348.89,0,0,0.0,1221.3,0.0,0,0.0,0,0.0,0,100.0,1,0.0,0,3.1,32.87,38.55,5.16,23.41,5,56.05,28,21,0,,,2,0,34.175396845507194,-118.41063508789166,reconstructed,0.5499130820914111,56,2483,183,23.48,7.42,12.78,15.54,3.07,2.07,2.58,19.11,107,total_population,police_station_count,-0.0027209357756648633
AB-22,36,US,937,BlockApportionment:US.BlockGroups;PointsLayer:US.BlockPoints,2.191,2.576,1,63,2624,73,69,16.96,2.28,115,36,US,937,BlockApportionment:US.BlockGroups;PointsLayer:US.BlockPoints,2.191,2.576,1,24.33,4.33,6.08,33.39,0.42,3.36,2.35,16.48,120,122,0.6475,17.47,29.74,16.36,0,0,,,17,0,0,0,0,0,1,0,0,0,0,0,258,292,0,0,0,10,823.34,284.42,0,0.0,1404.69,1,760.63,274.12,0,0,0.0,1415.7,0.0,0,0.0,0,0.0,0,100.0,1,0.0,0,2.83,21.77,49.73,5.66,22.83,5,63.96,28,22,0,,,1,0,34.16761134709859,-118.41062744874912,reconstructed,0.5431582322941015,63,2624,69,24.33,4.33,6.08,33.39,0.42,3.36,2.28,16.48,122,2023 Pop w/Income Below Poverty Level (ACS 5-Yr): Percent,police_station_count,0.004223882210064051
AB-23,43,US,894,BlockApportionment:US.BlockGroups;PointsLayer:US.BlockPoints,2.191,2.576,1,106,2658,104,71,17.38,0.62,137,43,US,894,BlockApportionment:US.BlockGroups;PointsLayer:US.BlockPoints,2.191,2.576,1,12.18,2.24,8.13,31.6,0.79,4.69,0.76,5.63,120,118,0.6475,17.47,29.74,16.36,0,0,,,15,0,0,0,0,0,0,0,0,0,0,1,343,400,0,0,0,0,0.0,543.54,0,0.0,543.54,1,1054.98,155.67,0,0,0.0,550.9,0.0,0,0.0,0,0.0,0,100.0,1,0.0,0,5.66,25.31,49.56,4.6,20.53,5,62.99,28,23,0,,,0,0,34.159825848689984,-118.4106198096066,reconstructed,0.5725193919881008,106,2658,71,12.18,2.24,8.13,31.6,0.79,4.69,0.62,5.63,118,2023 Pop w/Income Below Poverty Level (ACS 5-Yr): Percent,police_station_count,0.0027737558127798588
AB-24,5,US,856,BlockApportionment:US.BlockGroups;PointsLayer:US.BlockPoints,2.191,2.576,1,124,2653,100,93,12.36,3.35,196,5,US,856,BlockApportionment:US.BlockGroups;PointsLayer:US.BlockPoints,2.191,2.576,1,26.25,4.99,9.02,20.75,1.91,2.73,4.8,9.07,171,168,0.6475,17.47,29.74,16.36,0,0,,,15,0,0,0,0,0,0,1,0,0,0,1,454,508,0,0,0,11,1936.12,293.85,11,1936.12,293.85,0,0.0,533.34,1,2,1296.33,292.76,0.0,0,0.0,0,0.0,0,100.0,1,0.0,0,6.02,25.3,55.77,3.44,15.49,5,67.23,28,24,0,,,0,0,34.15204035028138,-118.41061217046406,reconstructed,0.5899155791219246,124,2653,93,26.25,4.99,9.02,20.75,1.91,2.73,3.35,9.07,168,recreation_center_count,osm_amenity_count,0.005235238115690797
AB-25,31,US,832,BlockApportionment:US.BlockGroups;PointsLayer:US.BlockPoints,2.191,2.576,1,103,1670,92,252,14.13,8.02,161,31,US,832,BlockApportionment:US.BlockGroups;PointsLayer:US.BlockPoints,2.191,2.576,1,9.6,1.89,5.49,13.39,0.0,1.77,7.21,10.54,176,179,0.6475,17.47,29.74,16.36,0,0,,,30,0,0,0,0,0,1,0,0,0,0,0,403,432,0,0,0,11,817.12,158.67,0,0.0,1151.75,1,899.57,6.01,13,0,0.0,1157.54,0.0,0,0.0,0,0.0,0,100.0,1,0.0,0,9.38,29.56,52.21,3.54,14.69,5,63.73,28,25,0,,,1,0,34.14425485187277,-118.41060453132152,reconstructed,0.573064282026559,103,1670,252,9.6,1.89,5.49,13.39,0.0,1.77,8.02,10.54,179,2023 Pop w/Income Below Poverty Level (ACS 5-Yr): Percent,police_station_count,0.004566181631475124
AB-26,13,US,814,BlockApportionment:US.BlockGroups;PointsLayer:US.BlockPoints,2.191,2.576,1,138,232,92,119,7.33,0.62,253,13,US,814,BlockApportionment:US.BlockGroups;PointsLayer:US.BlockPoints,2.191,2.576,1,9.47,5.26,5.0,50.0,0.0,1.0,0.56,2.42,309,304,0.6475,17.47,29.74,16.36,0,0,,,0,0,0,0,0,0,2,0,0,0,0,1,105,94,0,0,0,0,0.0,609.76,0,0.0,2012.97,0,0.0,720.68,0,0,0.0,2022.32,0.0,0,0.0,0,0.0,0,100.0,1,0.0,0,25.13,59.72,20.83,2.75,16.7,1,37.04,28,26,0,,,2,0,34.13646935346417,-118.410596892179,reconstructed,0.5697823532487589,138,232,119,9.47,5.26,5.0,50.0,0.0,1.0,0.62,2.42,304,total_population,police_station_count,0.010276825890021858
AB-35,2,US,603,BlockApportionment:US.BlockGroups;PointsLayer:US.BlockPoints,2.191,2.576,1,171,802,214,86,5.61,5.37,244,2,US,603,BlockApportionment:US.BlockGroups;PointsLayer:US.BlockPoints,2.191,2.576,1,14.15,1.93,11.76,31.3,1.06,0.87,3.91,8.13,274,269,0.6475,17.47,29.74,16.36,0,0,,,33,0,0,0,0,1,1,0,0,0,0,0,217,196,0,1,0,48,2142.62,101.5,0,0.0,3845.24,0,0.0,614.01,20,0,0.0,4011.39,0.0,0,0.0,0,0.0,0,100.0,1,0.0,0,6.91,27.29,55.27,4.15,13.3,5,66.62,28,35,0,,,2,0,34.06639986778672,-118.4105281398962,reconstructed,0.590402387525154,171,802,86,14.15,1.93,11.76,31.3,1.06,0.87,5.37,8.13,269,esri_market_idx_14068_forecast,la_geohub_fire_hazard_area_pct,0.0037636372762709413
AB-36,22,US,573,BlockApportionment:US.BlockGroups;PointsLayer:US.BlockPoints,2.191,2.576,1,182,3711,200,126,7.25,4.91,179,22,US,573,BlockApportionment:US.BlockGroups;PointsLayer:US.BlockPoints,2.191,2.576,1,21.29,3.92,8.09,25.31,0.68,0.23,4.39,5.72,176,176,0.6475,17.47,29.74,16.36,0,0,,,15,0,0,0,0,2,0,1,1,0,0,1,1571,1888,0,0,0,18,1432.37,96.27,0,0.0,3096.55,1,976.33,138.95,14,0,0.0,3198.17,0.0,0,0.0,0,0.0,0,100.0,1,0.0,0,3.19,26.95,54.26,2.13,16.67,5,67.03,28,36,0,,,2,0,34.05861436937812,-118.41052050075363,reconstructed,0.5941794302265353,182,3711,126,21.29,3.92,8.09,25.31,0.68,0.23,4.91,5.72,176,recreation_center_count,osm_amenity_count,-0.025426862352762484
AB-37,36,US,537,BlockApportionment:US.BlockGroups;PointsLayer:US.BlockPoints,2.191,2.576,1,181,1527,111,157,6.02,6.06,165,36,US,537,BlockApportionment:US.BlockGroups;PointsLayer:US.BlockPoints,2.191,2.576,1,28.2,1.24,14.36,32.04,0.56,0.75,6.16,11.66,179,180,0.6475,17.47,29.74,16.36,0,0,,,0,0,0,0,0,0,0,0,0,0,0,0,405,484,0,0,0,37,2510.91,19.82,0,0.0,2251.37,0,0.0,598.86,4,0,0.0,2342.66,0.0,0,0.0,0,0.0,0,100.0,1,0.0,0,2.24,25.52,49.14,1.9,23.45,5,63.73,28,37,0,,,0,0,34.05082887096952,-118.41051286161112,reconstructed,0.5841007535852303,181,1527,157,28.2,1.24,14.36,32.04,0.56,0.75,6.06,11.66,180,esri_market_idx_14068_forecast,la_geohub_fire_hazard_area_pct,0.003695227814442325
AB-38,0,US,501,BlockApportionment:US.BlockGroups;PointsLayer:US.BlockPoints,2.191,2.576,1,96,111,56,86,7.21,3.85,253,0,US,501,BlockApportionment:US.BlockGroups;PointsLayer:US.BlockPoints,2.191,2.576,1,8.62,0.0,0.0,0.0,0.0,0.0,3.03,0.0,263,261,0.6475,17.47,29.74,16.36,0,0,,,0,0,0,0,0,0,0,1,0,0,0,0,16,18,0,0,0,1,47.84,484.13,0,0.0,1428.36,0,0.0,914.03,4,0,0.0,1494.19,0.0,0,0.0,0,0.0,0,100.0,1,0.0,0,4.96,70.92,9.4,0.71,18.97,3,35.09,28,38,0,,,0,0,34.04304337256091,-118.4105052224686,reconstructed,0.5349331914430113,96,111,86,8.62,0.0,0.0,0.0,0.0,0.0,3.85,0.0,261,total_population,police_station_count,0.012590248843679062
AB-39,14,US,465,BlockApportionment:US.BlockGroups;PointsLayer:US.BlockPoints,2.191,2.576,1,93,1390,57,74,8.71,4.03,253,14,US,465,BlockApportionment:US.BlockGroups;PointsLayer:US.BlockPoints,2.191,2.576,1,12.5,7.14,1.41,17.78,0.0,0.07,3.69,3.72,248,250,0.6475,17.47,29.74,16.36,0,0,,,0,0,0,0,0,0,0,0,0,0,0,1,162,167,0,0,0,0,0.0,666.27,0,0.0,666.27,0,0.0,1058.2,0,0,0.0,664.66,0.0,0,0.0,0,0.0,0,100.0,1,0.0,0,3.54,42.83,27.43,1.24,28.5,3,48.14,28,39,0,,,0,0,34.03525787415231,-118.41049758332603,reconstructed,0.5333483858267256,93,1390,74,12.5,7.14,1.41,17.78,0.0,0.07,4.03,3.72,250,pct_below_poverty,library_count,-0.00696504557878728
AB-40,29,US,430,BlockApportionment:US.BlockGroups;PointsLayer:US.BlockPoints,2.191,2.576,1,165,4883,141,71,23.88,1.41,108,29,US,430,BlockApportionment:US.BlockGroups;PointsLayer:US.BlockPoints,2.191,2.576,1,18.22,3.04,7.88,14.69,0.09,4.44,1.3,7.91,100,97,0.6475,17.47,29.74,16.36,0,0,,,0,0,0,0,0,0,3,0,1,0,0,2,610,597,0,0,1,13,2032.33,117.14,13,2032.33,117.14,0,0.0,671.39,17,2,1678.44,117.23,0.0,0,0.0,0,0.0,0,100.0,1,0.0,0,2.59,22.93,53.79,0.69,22.59,5,66.88,28,40,1,34.02957423,-118.409525515,3,1,34.0274723757437,-118.41048994418352,detection_avg,0.6333382882891704,165,4883,71,18.22,3.04,7.88,14.69,0.09,4.44,1.41,7.91,97,pct_below_poverty,lausd_school_site_count,0.007199416826080302
AB-41,45,US,396,BlockApportionment:US.BlockGroups;PointsLayer:US.BlockPoints,2.191,2.576,1,125,8025,115,133,26.6,1.26,112,45,US,396,BlockApportionment:US.BlockGroups;PointsLayer:US.BlockPoints,2.191,2.576,1,11.44,4.34,12.17,18.56,1.64,3.01,0.44,7.59,98,95,0.6475,17.47,29.74,16.36,0,0,,,3,0,0,0,0,0,2,0,0,0,0,1,776,814,0,0,3,10,484.91,422.34,0,0.0,964.45,0,0.0,846.68,10,0,0.0,965.76,0.0,0,0.0,0,0.0,0,100.0,1,0.0,0,1.06,16.11,63.54,1.06,19.29,5,74.16,28,41,1,34.021442570000005,-118.41032022,2,1,34.0196868773351,-118.410482305041,detection_avg,0.634908586670524,125,8025,133,11.44,4.34,12.17,18.56,1.64,3.01,1.26,7.59,95,total_population,police_station_count,-0.007459235045250959
AB-42,11,US,362,BlockApportionment:US.BlockGroups;PointsLayer:US.BlockPoints,2.191,2.576,1,194,3423,245,95,32.66,0.4,135,11,US,362,BlockApportionment:US.BlockGroups;PointsLayer:US.BlockPoints,2.191,2.576,1,17.69,1.38,11.01,41.53,2.43,1.57,0.61,9.17,138,142,0.6475,17.47,29.74,16.36,0,0,,,6,0,0,0,0,1,0,0,1,0,0,2,254,243,0,0,0,18,1500.94,279.06,0,0.0,572.93,0,0.0,997.13,16,0,0.0,701.87,0.0,0,0.0,0,0.0,0,100.0,1,0.0,0,3.1,19.48,65.17,1.03,14.31,5,74.69,28,42,0,,,1,0,34.01190137892649,-118.41047466589843,reconstructed,0.5958032197281659,194,3423,95,17.69,1.38,11.01,41.53,2.43,1.57,0.4,9.17,142,2023 Pop w/Income Below Poverty Level (ACS 5-Yr): Percent,adult_recreation_count,0.00719166741900306
AB-43,32,US,333,BlockApportionment:US.BlockGroups;PointsLayer:US.BlockPoints,2.191,2.576,1,179,2170,237,107,28.2,2.64,147,32,US,333,BlockApportionment:US.BlockGroups;PointsLayer:US.BlockPoints,2.191,2.576,1,16.03,2.31,2.21,25.18,1.04,2.77,2.65,9.32,150,151,0.6475,17.47,29.74,16.36,0,0,,,0,0,1,0,0,0,0,0,0,0,0,0,111,98,0,0,0,35,3435.74,199.3,35,3435.74,199.3,1,49.83,421.11,21,2,1453.42,226.51,0.0,0,0.0,0,0.0,0,100.0,1,0.0,0,5.13,23.89,60.88,2.12,13.1,5,71.08,28,43,0,,,0,0,34.00411588051789,-118.41046702675592,reconstructed,0.5901491264886254,179,2170,107,16.03,2.31,2.21,25.18,1.04,2.77,2.64,9.32,151,pct_below_poverty,library_count,-0.004848942457536438
AB-44,5,US,306,BlockApportionment:US.BlockGroups;PointsLayer:US.BlockPoints,2.191,2.576,1,86,3532,127,83,58.89,1.76,112,5,US,306,BlockApportionment:US.BlockGroups;PointsLayer:US.BlockPoints,2.191,2.576,1,10.98,1.87,19.73,22.21,0.7,5.45,2.84,18.99,124,127,0.6475,17.47,29.74,16.36,0,0,,,0,0,0,0,0,0,0,0,0,0,0,1,259,264,0,0,3,34,3555.89,200.52,34,3555.89,200.52,1,753.74,272.37,0,2,1450.59,226.64,1.33,1,1.33,1,0.0,0,100.0,1,0.0,0,4.31,25.17,53.45,1.38,20.0,5,66.12,28,44,1,34.00013862,-118.40896281,0,1,33.99633038210928,-118.4104593876134,detection_avg,0.6045823699380835,86,3532,83,10.98,1.87,19.73,22.21,0.7,5.45,1.76,18.99,127,pct_below_poverty,la_geohub_100yr_flood_intersects,-0.020379836329008177
AB-45,25,US,276,BlockApportionment:US.BlockGroups;PointsLayer:US.BlockPoints,2.191,2.576,1,80,4197,107,152,65.52,1.97,47,25,US,276,BlockApportionment:US.BlockGroups;PointsLayer:US.BlockPoints,2.191,2.576,1,25.85,9.23,25.23,22.46,7.9,5.6,2.43,16.01,77,80,0.6475,17.47,29.74,16.36,0,0,,,0,0,0,0,0,0,0,1,1,0,1,0,150,171,0,0,0,10,1735.13,271.13,10,1735.13,271.13,3,1652.37,25.73,0,4,1255.04,272.49,10.46,1,10.46,1,0.0,0,100.0,1,0.0,0,2.13,24.65,46.81,0.71,27.84,5,62.13,28,45,1,33.988127176666666,-118.41058833333334,0,1,33.98854488370068,-118.41045174847083,detection_avg,0.604157879901014,80,4197,152,25.85,9.23,25.23,22.46,7.9,5.6,1.97,16.01,80,pct_below_poverty,la_geohub_100yr_flood_intersects,-0.034929679981996274
AB-46,49,US,250,BlockApportionment:US.BlockGroups;PointsLayer:US.BlockPoints,2.191,2.576,1,235,3378,90,81,14.77,3.57,201,49,US,250,BlockApportionment:US.BlockGroups;PointsLayer:US.BlockPoints,2.191,2.576,1,10.8,2.39,4.22,20.28,0.11,1.18,4.02,6.93,180,176,0.6475,17.47,29.74,16.36,0,0,,,19,0,0,0,0,0,0,0,0,0,0,0,265,275,0,0,1,26,2371.85,165.19,8,543.99,416.33,1,400.53,394.97,1,2,255.56,449.66,26.12,1,1.5,1,24.51,1,100.0,1,0.0,0,0.0,14.36,59.57,1.6,24.47,5,71.7,28,46,1,33.98623355,-118.41083279,0,1,33.98075938529207,-118.41044410932832,detection_avg,0.595797774840676,235,3378,81,10.8,2.39,4.22,20.28,0.11,1.18,3.57,6.93,176,pct_below_poverty,lausd_school_site_count,0.008609004476979478
AB-47,24,US,225,BlockApportionment:US.BlockGroups;PointsLayer:US.BlockPoints,2.191,2.576,1,138,1443,60,36,13.51,4.47,253,24,US,225,BlockApportionment:US.BlockGroups;PointsLayer:US.BlockPoints,2.191,2.576,1,15.44,1.32,4.45,24.88,1.19,0.51,5.4,4.05,211,205,0.6475,17.47,29.74,16.36,0,0,,,0,0,0,0,0,0,0,0,0,0,0,0,106,117,0,0,0,0,0.0,587.91,0,0.0,1092.16,4,983.33,138.49,1,0,0.0,1092.02,28.73,1,0.0,0,28.85,1,100.0,1,0.0,0,3.28,31.26,43.18,1.55,24.01,5,59.24,28,47,0,,,0,0,33.972973886883466,-118.4104364701858,reconstructed,0.5466459740307914,138,1443,36,15.44,1.32,4.45,24.88,1.19,0.51,4.47,4.05,205,esri_market_idx_14068_forecast,la_geohub_fire_hazard_area_pct,0.006090477287462668
AB-48,2,US,203,BlockApportionment:US.BlockGroups;PointsLayer:US.BlockPoints,2.191,2.576,1,65,1849,69,36,13.85,2.49,253,2,US,203,BlockApportionment:US.BlockGroups;PointsLayer:US.BlockPoints,2.191,2.576,1,26.43,0.14,7.76,22.89,0.51,0.0,3.0,4.91,191,192,0.6475,17.47,29.74,16.36,0,0,,,0,0,0,0,0,0,0,0,0,0,0,0,166,163,0,0,0,0,0.0,1107.97,0,0.0,1107.97,0,0.0,835.31,2,0,0.0,1121.75,0.0,0,0.0,0,0.0,0,100.0,1,0.0,0,0.89,23.4,40.25,1.06,35.28,5,57.91,28,48,0,,,0,0,33.96518838847486,-118.41042883104323,reconstructed,0.5193790068890496,65,1849,36,26.43,0.14,7.76,22.89,0.51,0.0,2.49,4.91,192,esri_market_idx_14068_forecast,la_geohub_fire_hazard_area_pct,0.0050335120812503315
AB-49,30,US,181,BlockApportionment:US.BlockGroups;PointsLayer:US.BlockPoints,2.191,2.576,1,134,1649,109,57,20.68,6.26,218,30,US,181,BlockApportionment:US.BlockGroups;PointsLayer:US.BlockPoints,2.191,2.576,1,18.34,1.46,8.4,39.48,0.79,0.31,5.41,5.96,172,172,0.6475,17.47,29.74,16.36,0,0,,,3,0,0,0,0,0,0,1,0,0,0,0,128,124,0,0,0,0,0.0,558.56,0,0.0,558.56,0,0.0,655.07,0,0,0.0,572.25,0.0,0,0.0,0,0.0,0,100.0,1,0.0,0,2.42,45.5,33.91,1.04,19.55,3,53.01,28,49,0,,,0,0,33.957402890066255,-118.41042119190072,reconstructed,0.5539441418499979,134,1649,57,18.34,1.46,8.4,39.48,0.79,0.31,6.26,5.96,172,recreation_center_count,osm_amenity_count,0.0036018627011575
AB-50,9,US,160,BlockApportionment:US.BlockGroups;PointsLayer:US.BlockPoints,2.191,2.576,1,0,0,0,0,0.0,0.0,0,9,US,160,BlockApportionment:US.BlockGroups;PointsLayer:US.BlockPoints,2.191,2.576,1,0.0,0.0,0.0,0.0,0.0,0.0,0.0,0.0,0,0,0.6475,17.47,29.74,16.36,0,0,,,0,0,0,0,0,0,0,0,0,0,0,0,0,0,0,0,0,17,2225.39,181.73,17,2225.39,181.73,3,1044.24,151.61,0,2,1411.34,208.41,0.0,0,0.0,0,0.0,0,100.0,1,0.0,0,0.53,32.45,44.86,0.71,21.99,5,61.24,28,50,1,33.95437774,-118.41331187,0,1,33.94961739165765,-118.4104135527582,detection_avg,0.5328659767544425,0,0,0,0.0,0.0,0.0,0.0,0.0,0.0,0.0,0.0,0,total_crime_est,police_station_count,0.01563103795160291
AB-6,8,US,1409,BlockApportionment:US.BlockGroups;PointsLayer:US.BlockPoints,2.191,2.576,1,88,8,39,0,50.0,9.09,0,8,US,1409,BlockApportionment:US.BlockGroups;PointsLayer:US.BlockPoints,2.191,2.576,1,0.0,0.0,13.33,0.0,0.0,6.67,7.69,33.33,0,0,0.6475,17.47,29.74,16.36,0,0,,,6,0,0,0,0,0,0,0,0,0,0,0,132,114,0,0,0,14,2625.44,231.83,10,2125.77,231.83,0,0.0,630.11,0,2,1439.31,243.77,0.0,0,0.0,0,0.0,0,100.0,1,0.0,0,5.3,22.26,61.48,1.94,14.31,5,71.45,28,6,1,34.293564,-118.41340253,0,1,34.29217932163627,-118.41074967502966,detection_avg,0.5242619799652635,88,8,0,0.0,0.0,13.33,0.0,0.0,6.67,9.09,33.33,0,total_population,police_station_count,0.014735537251646152
AB-7,42,US,1393,BlockApportionment:US.BlockGroups;PointsLayer:US.BlockPoints,2.191,2.576,1,148,1939,129,131,84.94,1.61,106,42,US,1393,BlockApportionment:US.BlockGroups;PointsLayer:US.BlockPoints,2.191,2.576,1,37.34,1.5,13.6,31.79,6.28,3.28,1.39,24.87,113,120,0.6475,17.47,29.74,16.36,0,0,,,12,0,0,0,0,0,0,0,0,0,0,0,124,136,0,0,2,47,6892.31,6.69,38,6082.68,6.69,0,0.0,791.2,0,4,3151.86,6.51,0.0,0,0.0,0,0.0,0,100.0,1,0.0,0,3.95,22.85,56.19,2.75,18.21,5,68.15,28,7,1,34.284022995,-118.407967475,0,1,34.28439382322767,-118.41074203588713,detection_avg,0.6113776783176404,148,1939,131,37.34,1.5,13.6,31.79,6.28,3.28,1.61,24.87,120,pct_below_poverty,lausd_school_site_count,-0.003770991184193758
AB-8,24,US,1375,BlockApportionment:US.BlockGroups;PointsLayer:US.BlockPoints,2.191,2.576,1,93,3647,93,117,90.51,2.36,82,24,US,1375,BlockApportionment:US.BlockGroups;PointsLayer:US.BlockPoints,2.191,2.576,1,49.69,1.37,19.43,42.24,6.72,5.21,2.58,30.99,81,86,0.6475,17.47,29.74,16.36,0,0,,,9,0,0,0,0,1,0,1,1,0,0,1,217,220,0,0,1,8,606.81,341.77,0,0.0,619.6,0,0.0,1034.85,2,0,0.0,633.56,0.0,0,0.0,0,0.0,0,100.0,1,0.0,0,3.71,18.73,63.96,3.18,14.13,5,73.66,28,8,0,,,1,0,34.27660832481906,-118.4107343967446,reconstructed,0.5736233759922486,93,3647,117,49.69,1.37,19.43,42.24,6.72,5.21,2.36,30.99,86,pct_below_poverty,lausd_school_site_count,-0.007528086309641041
AB-9,1,US,1352,BlockApportionment:US.BlockGroups;PointsLayer:US.BlockPoints,2.191,2.576,1,103,5075,109,179,91.39,0.57,54,1,US,1352,BlockApportionment:US.BlockGroups;PointsLayer:US.BlockPoints,2.191,2.576,1,35.67,10.04,37.07,47.16,10.06,5.31,0.6,16.48,57,59,0.6475,17.47,29.74,16.36,0,0,,,30,0,0,0,0,0,0,2,1,0,0,0,307,311,0,0,3,14,683.57,308.34,0,0.0,1192.82,0,0.0,1057.53,8,0,0.0,1275.89,0.0,0,0.0,0,0.0,0,100.0,1,0.0,0,2.12,18.9,64.13,1.94,15.02,5,74.26,28,9,1,34.27398574,-118.41179547,0,1,34.26882282641046,-118.41072675760206,detection_avg,0.6347646721371331,103,5075,179,35.67,10.04,37.07,47.16,10.06,5.31,0.57,16.48,59,2023 Pop w/Income Below Poverty Level (ACS 5-Yr): Percent,adult_recreation_count,-0.04852264006322934
AC-10,24,US,1325,BlockApportionment:US.BlockGroups;PointsLayer:US.BlockPoints,2.191,2.576,1,102,4589,75,76,80.15,2.28,94,24,US,1325,BlockApportionment:US.BlockGroups;PointsLayer:US.BlockPoints,2.191,2.576,1,31.35,4.67,23.18,30.1,3.26,6.11,1.74,21.74,80,83,0.6475,17.47,29.74,16.36,0,0,,,18,0,0,0,0,0,0,0,0,0,0,0,162,143,0,0,0,10,825.32,70.98,0,0.0,2153.31,0,0.0,1035.96,1,0,0.0,2152.81,0.0,0,0.0,0,0.0,0,100.0,1,0.0,0,1.72,20.27,61.34,4.98,13.4,5,72.42,29,10,0,,,0,0,34.26103051391973,-118.40261137466226,reconstructed,0.6245460402306008,102,4589,76,31.35,4.67,23.18,30.1,3.26,6.11,2.28,21.74,83,2023 Pop w/Income Below Poverty Level (ACS 5-Yr): Percent,police_station_count,-0.005830795273161465
AC-11,45,US,1296,BlockApportionment:US.BlockGroups;PointsLayer:US.BlockPoints,2.191,2.576,1,139,423,125,14,86.76,0.0,62,45,US,1296,BlockApportionment:US.BlockGroups;PointsLayer:US.BlockPoints,2.191,2.576,1,44.44,4.44,9.09,33.33,5.21,8.87,0.79,34.2,59,60,0.6475,17.47,29.74,16.36,0,0,,,24,0,0,0,0,0,0,0,0,0,0,0,388,375,0,0,0,4,672.13,295.68,0,0.0,1844.02,1,135.85,309.99,1,0,0.0,1874.14,0.0,0,0.0,0,0.0,0,100.0,1,0.0,0,1.06,7.26,78.58,2.3,11.86,5,84.69,29,11,1,34.250849706,-118.402390136,0,1,34.25324501551112,-118.40260373551972,detection_avg,0.5989492691117411,139,423,14,44.44,4.44,9.09,33.33,5.21,8.87,0.0,34.2,60,total_population,police_station_count,0.007083513660333996
AC-12,17,US,1268,BlockApportionment:US.BlockGroups;PointsLayer:US.BlockPoints,2.191,2.576,1,167,276,130,152,72.46,1.79,82,17,US,1268,BlockApportionment:US.BlockGroups;PointsLayer:US.BlockPoints,2.191,2.576,1,62.11,1.05,13.85,18.6,14.58,8.72,3.7,25.0,83,93,0.6475,17.47,29.74,16.36,0,0,,,0,0,0,0,0,0,0,0,0,0,0,0,28,20,0,0,0,3,697.11,274.41,0,0.0,1158.37,3,797.37,232.02,0,0,0.0,1289.11,0.0,0,0.0,0,0.0,0,100.0,1,0.0,0,4.07,25.13,38.76,2.48,33.63,5,55.91,29,12,1,34.23997331,-118.40096529,0,1,34.24545951710252,-118.4025960963772,detection_avg,0.5764845771353938,167,276,152,62.11,1.05,13.85,18.6,14.58,8.72,1.79,25.0,93,total_population,police_station_count,0.009491489507236698
AC-13,41,US,1242,BlockApportionment:US.BlockGroups;PointsLayer:US.BlockPoints,2.191,2.576,1,171,1248,133,136,74.92,1.7,82,41,US,1242,BlockApportionment:US.BlockGroups;PointsLayer:US.BlockPoints,2.191,2.576,1,57.79,1.73,17.71,21.64,13.9,8.39,2.86,22.34,78,88,0.6475,17.47,29.74,16.36,0,0,,,9,0,0,0,0,1,0,0,0,0,0,0,123,123,0,0,1,11,920.62,360.76,6,399.48,360.76,1,695.33,249.23,1,0,0.0,481.49,0.0,0,0.0,0,0.0,0,100.0,1,0.0,0,4.65,23.41,47.85,6.54,22.2,5,62.1,29,13,0,,,1,0,34.23767401869391,-118.40258845723466,reconstructed,0.5890053569194,171,1248,136,57.79,1.73,17.71,21.64,13.9,8.39,1.7,22.34,88,pct_below_poverty,lausd_school_site_count,-0.005820434616952235
AC-14,8,US,1209,BlockApportionment:US.BlockGroups;PointsLayer:US.BlockPoints,2.191,2.576,1,116,1399,112,17,74.48,0.29,157,8,US,1209,BlockApportionment:US.BlockGroups;PointsLayer:US.BlockPoints,2.191,2.576,1,38.44,25.56,3.24,9.52,9.91,11.8,0.21,32.69,129,141,0.6475,17.47,29.74,16.36,0,0,,,6,0,0,0,0,1,0,2,0,0,0,0,159,136,0,0,1,30,3214.06,188.33,18,2410.13,207.07,9,384.3,104.54,1,2,1193.6,346.31,0.0,0,0.0,0,0.0,0,100.0,1,0.0,0,0.89,25.71,44.33,7.09,22.87,5,60.76,29,14,0,,,1,0,34.22988852028531,-118.40258081809212,reconstructed,0.5971879228638979,116,1399,17,38.44,25.56,3.24,9.52,9.91,11.8,0.29,32.69,141,pct_below_poverty,lausd_school_site_count,0.009650226769417127
AC-15,26,US,1177,BlockApportionment:US.BlockGroups;PointsLayer:US.BlockPoints,2.191,2.576,1,119,2357,112,150,54.43,1.59,110,26,US,1177,BlockApportionment:US.BlockGroups;PointsLayer:US.BlockPoints,2.191,2.576,1,36.98,11.49,12.65,34.69,2.13,2.47,2.59,21.57,103,110,0.6475,17.47,29.74,16.36,0,0,,,17,0,0,0,0,1,0,0,0,0,0,1,233,214,0,0,2,9,875.13,156.85,0,0.0,578.02,0,0.0,706.99,4,0,0.0,661.35,0.0,0,0.0,0,0.0,0,100.0,1,0.0,0,1.03,16.49,55.67,4.98,22.85,5,68.66,29,15,0,,,1,0,34.222103021876705,-118.4025731789496,reconstructed,0.6050003440592544,119,2357,150,36.98,11.49,12.65,34.69,2.13,2.47,1.59,21.57,110,pct_below_poverty,lausd_school_site_count,-0.0034459404167471617
AC-16,42,US,1143,BlockApportionment:US.BlockGroups;PointsLayer:US.BlockPoints,2.191,2.576,1,88,2318,100,183,55.05,1.42,92,42,US,1143,BlockApportionment:US.BlockGroups;PointsLayer:US.BlockPoints,2.191,2.576,1,27.36,5.92,12.25,47.84,6.64,1.85,2.07,19.17,87,94,0.6475,17.47,29.74,16.36,0,0,,,3,0,0,0,0,0,0,0,0,0,0,0,195,214,0,0,2,2,90.5,471.97,2,90.5,471.97,0,0.0,1473.96,0,1,68.26,470.96,0.0,0,0.0,0,0.0,0,100.0,1,0.0,0,0.53,12.39,57.35,6.55,23.72,5,69.99,29,16,1,34.21598416,-118.40404953,0,1,34.2143175234681,-118.40256553980706,detection_avg,0.5668006593058781,88,2318,183,27.36,5.92,12.25,47.84,6.64,1.85,1.42,19.17,94,pct_below_poverty,lausd_school_site_count,-0.0033051396680670486
AC-17,7,US,1108,BlockApportionment:US.BlockGroups;PointsLayer:US.BlockPoints,2.191,2.576,1,96,1741,97,69,23.38,2.25,90,7,US,1108,BlockApportionment:US.BlockGroups;PointsLayer:US.BlockPoints,2.191,2.576,1,21.85,6.54,6.31,39.41,1.21,3.68,1.48,6.83,88,93,0.6475,17.47,29.74,16.36,0,0,,,15,0,0,0,0,0,0,0,0,0,0,0,175,203,0,0,0,43,5455.64,237.7,21,4522.25,237.7,0,0.0,1154.86,1,2,1451.96,245.78,0.0,0,0.0,0,0.0,0,100.0,1,0.0,0,0.34,10.33,67.99,4.48,17.21,5,77.49,29,17,0,,,0,0,34.206532025059495,-118.40255790066452,reconstructed,0.5801124574631719,96,1741,69,21.85,6.54,6.31,39.41,1.21,3.68,2.25,6.83,93,2023 Pop w/Income Below Poverty Level (ACS 5-Yr): Percent,police_station_count,0.004076426282808681
AC-18,22,US,1073,BlockApportionment:US.BlockGroups;PointsLayer:US.BlockPoints,2.191,2.576,1,97,2648,92,105,43.5,1.1,60,22,US,1073,BlockApportionment:US.BlockGroups;PointsLayer:US.BlockPoints,2.191,2.576,1,37.68,3.13,13.14,39.56,4.14,3.64,0.73,21.74,67,69,0.6475,17.47,29.74,16.36,0,0,,,12,0,0,1,0,0,0,0,0,0,0,0,227,254,0,0,0,22,5035.13,23.66,22,5035.13,23.66,2,109.84,300.91,8,2,1743.44,39.85,0.0,0,0.0,0,0.0,0,100.0,1,0.0,0,1.95,25.18,46.99,5.5,22.34,5,62.31,29,18,1,34.194500715000004,-118.40172816,0,1,34.198746526650886,-118.402550261522,detection_avg,0.6131574200211862,97,2648,105,37.68,3.13,13.14,39.56,4.14,3.64,1.1,21.74,69,total_population,police_station_count,-0.002676874460467174
AC-19,39,US,1040,BlockApportionment:US.BlockGroups;PointsLayer:US.BlockPoints,2.191,2.576,1,102,1851,96,64,37.39,0.48,77,39,US,1040,BlockApportionment:US.BlockGroups;PointsLayer:US.BlockPoints,2.191,2.576,1,36.87,1.42,13.84,33.41,2.92,4.02,0.34,22.51,88,92,0.6475,17.47,29.74,16.36,0,0,,,9,0,0,0,1,0,0,1,0,0,0,0,317,312,0,0,3,50,8009.87,0.05,37,7079.41,0.05,9,932.55,82.0,2,2,1769.8,32.99,0.0,0,0.0,0,0.0,0,100.0,1,0.0,0,0.71,16.46,57.52,3.89,22.12,5,70.05,29,19,1,34.191214985,-118.401469065,0,1,34.190961028242285,-118.40254262237946,detection_avg,0.6044315000738515,102,1851,64,36.87,1.42,13.84,33.41,2.92,4.02,0.48,22.51,92,2023 Pop w/Income Below Poverty Level (ACS 5-Yr): Percent,college_count,0.011429488737277478
AC-20,7,US,1008,BlockApportionment:US.BlockGroups;PointsLayer:US.BlockPoints,2.191,2.576,1,109,2724,115,140,31.86,1.35,103,7,US,1008,BlockApportionment:US.BlockGroups;PointsLayer:US.BlockPoints,2.191,2.576,1,23.25,1.23,9.52,32.06,5.85,4.29,0.62,23.38,107,110,0.6475,17.47,29.74,16.36,0,0,,,12,0,0,0,0,0,0,0,0,0,0,0,395,402,0,0,0,13,2728.4,365.33,13,2728.4,365.33,2,130.66,448.87,6,2,852.72,372.73,0.0,0,0.0,0,0.0,0,100.0,1,0.0,0,7.57,27.88,49.74,4.65,17.73,5,62.55,29,20,0,,,0,0,34.18317552983368,-118.40253498323692,reconstructed,0.5867545291652935,109,2724,140,23.25,1.23,9.52,32.06,5.85,4.29,1.35,23.38,110,total_population,police_station_count,-0.0026516407288575306
AC-21,24,US,975,BlockApportionment:US.BlockGroups;PointsLayer:US.BlockPoints,2.191,2.576,1,106,4540,100,162,25.35,2.1,101,24,US,975,BlockApportionment:US.BlockGroups;PointsLayer:US.BlockPoints,2.191,2.576,1,20.72,9.65,16.99,33.16,4.95,3.69,1.57,17.41,103,104,0.6475,17.47,29.74,16.36,0,0,,,4,0,0,0,0,0,0,0,0,0,0,0,472,502,0,0,3,15,827.94,148.04,0,0.0,840.62,0,0.0,914.74,5,0,0.0,843.54,0.0,0,0.0,0,0.0,0,100.0,1,0.0,0,5.49,23.19,59.65,4.07,13.1,5,70.11,29,21,0,,,0,0,34.175390031425074,-118.40252734409438,reconstructed,0.6298492876758818,106,4540,162,20.72,9.65,16.99,33.16,4.95,3.69,2.1,17.41,104,pct_below_poverty,lausd_school_site_count,0.008986910832892402
AC-22,37,US,938,BlockApportionment:US.BlockGroups;PointsLayer:US.BlockPoints,2.191,2.576,1,85,4498,91,157,22.39,2.57,108,37,US,938,BlockApportionment:US.BlockGroups;PointsLayer:US.BlockPoints,2.191,2.576,1,22.28,4.33,15.77,38.44,3.4,1.71,2.56,16.77,94,93,0.6475,17.47,29.74,16.36,0,0,,,12,0,0,0,0,0,1,0,0,0,0,1,825,879,0,0,0,0,0.0,533.75,0,0.0,1005.96,0,0.0,925.61,4,0,0.0,1005.75,0.0,0,0.0,0,0.0,0,100.0,1,0.0,0,3.09,17.35,62.2,4.47,15.98,5,72.61,29,22,0,,,1,0,34.167604533016465,-118.40251970495186,reconstructed,0.5785030108214319,85,4498,157,22.28,4.33,15.77,38.44,3.4,1.71,2.57,16.77,93,pct_below_poverty,lausd_school_site_count,0.0026575152068449965
AC-23,44,US,895,BlockApportionment:US.BlockGroups;PointsLayer:US.BlockPoints,2.191,2.576,1,65,2091,64,131,16.31,1.18,137,44,US,895,BlockApportionment:US.BlockGroups;PointsLayer:US.BlockPoints,2.191,2.576,1,13.98,3.87,20.52,25.91,0.78,1.24,1.8,14.31,146,145,0.6475,17.47,29.74,16.36,0,0,,,12,0,0,0,0,0,1,0,0,0,0,1,368,366,0,0,0,13,1841.78,164.07,13,1841.78,164.07,1,821.42,183.63,4,2,1542.67,163.23,0.0,0,0.0,0,0.0,0,100.0,1,0.0,0,3.19,24.78,52.74,5.13,17.35,5,65.96,29,23,0,,,1,0,34.159819034607864,-118.40251206580932,reconstructed,0.5892390526602925,65,2091,131,13.98,3.87,20.52,25.91,0.78,1.24,1.18,14.31,145,2023 Pop w/Income Below Poverty Level (ACS 5-Yr): Percent,fire_station_count,0.00339910248533698
AC-24,6,US,857,BlockApportionment:US.BlockGroups;PointsLayer:US.BlockPoints,2.191,2.576,1,69,2632,68,150,11.36,5.24,220,6,US,857,BlockApportionment:US.BlockGroups;PointsLayer:US.BlockPoints,2.191,2.576,1,11.76,1.7,2.47,17.86,1.61,3.03,4.71,10.27,240,233,0.6475,17.47,29.74,16.36,0,0,,,6,0,0,1,0,0,0,0,0,0,0,1,472,465,0,0,0,0,0.0,535.26,0,0.0,566.66,1,222.88,432.08,1,0,0.0,581.28,0.0,0,0.0,0,0.0,0,100.0,1,0.0,0,1.72,21.86,49.91,7.23,21.0,5,64.42,29,24,0,,,0,0,34.152033536199255,-118.40250442666678,reconstructed,0.5268428283005097,69,2632,150,11.76,1.7,2.47,17.86,1.61,3.03,5.24,10.27,233,pct_below_poverty,library_count,0.011586808607727928
AC-25,32,US,833,BlockApportionment:US.BlockGroups;PointsLayer:US.BlockPoints,2.191,2.576,1,96,981,66,102,10.09,2.92,253,32,US,833,BlockApportionment:US.BlockGroups;PointsLayer:US.BlockPoints,2.191,2.576,1,9.35,0.28,3.0,17.44,0.99,0.0,1.08,9.44,248,247,0.6475,17.47,29.74,16.36,0,0,,,18,0,1,0,0,0,0,0,0,0,0,0,666,649,0,0,0,10,887.33,72.49,0,0.0,1372.19,1,773.11,168.44,8,0,0.0,1399.57,0.0,0,0.0,0,0.0,0,100.0,1,0.0,0,9.95,41.03,35.7,4.8,18.47,5,52.0,29,25,0,,,0,0,34.14424803779065,-118.40249678752426,reconstructed,0.5588019846973672,96,981,102,9.35,0.28,3.0,17.44,0.99,0.0,2.92,9.44,247,esri_market_idx_14068_forecast,la_geohub_fire_hazard_area_pct,0.005598357600962633
AC-34,33,US,634,BlockApportionment:US.BlockGroups;PointsLayer:US.BlockPoints,2.191,2.576,1,191,670,217,43,6.42,5.69,184,33,US,634,BlockApportionment:US.BlockGroups;PointsLayer:US.BlockPoints,2.191,2.576,1,47.98,0.0,11.41,29.75,0.64,0.18,3.5,17.34,235,233,0.6475,17.47,29.74,16.36,0,0,,,30,0,0,1,0,0,0,0,0,0,0,0,122,134,0,0,0,21,952.1,44.49,0,0.0,4390.34,1,899.97,234.62,24,0,0.0,4396.59,0.0,0,0.0,0,0.0,0,100.0,1,0.0,0,3.44,25.6,51.37,1.37,21.65,5,64.93,29,34,0,,,0,0,34.07417855211321,-118.40242803524146,reconstructed,0.5599250401873319,191,670,43,47.98,0.0,11.41,29.75,0.64,0.18,5.69,17.34,233,esri_market_idx_14068_forecast,la_geohub_fire_hazard_area_pct,0.006374615957546275
AC-35,3,US,604,BlockApportionment:US.BlockGroups;PointsLayer:US.BlockPoints,2.191,2.576,1,294,1886,424,302,9.38,3.19,156,3,US,604,BlockApportionment:US.BlockGroups;PointsLayer:US.BlockPoints,2.191,2.576,1,8.13,3.92,8.27,22.22,0.0,7.76,3.93,8.24,167,164,0.6475,17.47,29.74,16.36,0,0,,,33,0,0,0,0,0,0,0,0,0,0,1,353,332,0,0,0,19,665.85,302.49,0,0.0,3632.18,0,0.0,723.95,26,0,0.0,3636.36,0.0,0,0.0,0,0.0,0,100.0,1,0.0,0,2.3,21.99,54.96,3.19,19.86,5,67.78,29,35,0,,,0,0,34.0663930537046,-118.40242039609892,reconstructed,0.5930141432194785,294,1886,302,8.13,3.92,8.27,22.22,0.0,7.76,3.19,8.24,164,2023 Pop 35-64: No Health Insurance (ACS 5-Yr): Percent,affordable_housing_count,-0.004615038893479521
AC-36,23,US,574,BlockApportionment:US.BlockGroups;PointsLayer:US.BlockPoints,2.191,2.576,1,153,3227,169,38,8.55,1.15,223,23,US,574,BlockApportionment:US.BlockGroups;PointsLayer:US.BlockPoints,2.191,2.576,1,16.67,2.81,4.6,20.44,1.04,0.35,2.59,1.6,222,216,0.6475,17.47,29.74,16.36,0,0,,,11,0,0,0,0,0,1,0,0,0,0,2,277,275,0,0,0,33,1318.38,268.64,0,0.0,2859.35,1,794.84,136.1,5,0,0.0,2919.36,0.0,0,0.0,0,0.0,0,100.0,1,0.0,0,2.93,25.52,48.45,3.79,22.24,5,63.04,29,36,0,,,1,0,34.058607555296,-118.40241275695638,reconstructed,0.6088339506451845,153,3227,38,16.67,2.81,4.6,20.44,1.04,0.35,1.15,1.6,216,esri_market_idx_14068_forecast,la_geohub_fire_hazard_area_pct,0.006536661108281515
AC-37,37,US,538,BlockApportionment:US.BlockGroups;PointsLayer:US.BlockPoints,2.191,2.576,1,91,580,73,26,5.86,3.16,253,37,US,538,BlockApportionment:US.BlockGroups;PointsLayer:US.BlockPoints,2.191,2.576,1,17.14,0.0,3.49,8.51,0.52,1.5,3.5,3.66,239,230,0.6475,17.47,29.74,16.36,0,0,,,0,0,0,0,0,0,0,0,0,0,0,0,70,58,0,0,0,0,0.0,533.44,0,0.0,2025.84,6,1284.51,164.89,0,0,0.0,2105.76,0.0,0,0.0,0,0.0,0,100.0,1,0.0,0,4.26,63.77,20.43,2.13,13.68,3,43.02,29,37,0,,,0,0,34.05082205688739,-118.40240511781384,reconstructed,0.5115870014376983,91,580,26,17.14,0.0,3.49,8.51,0.52,1.5,3.16,3.66,230,esri_market_idx_14068_forecast,la_geohub_fire_hazard_area_pct,0.006473103469235902
AC-38,1,US,502,BlockApportionment:US.BlockGroups;PointsLayer:US.BlockPoints,2.191,2.576,1,59,1155,37,26,8.48,3.51,253,1,US,502,BlockApportionment:US.BlockGroups;PointsLayer:US.BlockPoints,2.191,2.576,1,31.86,3.15,0.88,0.0,0.7,0.06,4.55,10.6,216,218,0.6475,17.47,29.74,16.36,0,0,,,0,0,0,0,0,0,0,0,0,0,0,0,130,132,0,0,0,0,0.0,1174.15,0,0.0,1174.15,2,793.61,317.85,0,0,0.0,1245.78,0.0,0,0.0,0,0.0,0,100.0,1,0.0,0,9.48,43.28,34.83,2.93,18.97,5,51.54,29,38,0,,,0,0,34.04303655847879,-118.40239747867132,reconstructed,0.49531999389229436,59,1155,26,31.86,3.15,0.88,0.0,0.7,0.06,3.51,10.6,218,pct_below_poverty,library_count,-0.008599600807101293
AC-39,15,US,466,BlockApportionment:US.BlockGroups;PointsLayer:US.BlockPoints,2.191,2.576,1,99,2391,91,36,15.73,1.09,191,15,US,466,BlockApportionment:US.BlockGroups;PointsLayer:US.BlockPoints,2.191,2.576,1,18.51,1.94,6.31,16.2,0.1,2.02,1.12,5.21,219,216,0.6475,17.47,29.74,16.36,0,0,,,0,0,0,0,0,0,0,0,0,0,0,1,367,394,0,0,0,15,1735.09,354.91,15,1735.09,354.91,1,711.96,264.6,5,2,1058.29,385.81,0.0,0,0.0,0,0.0,0,100.0,1,0.0,0,8.7,31.79,48.31,3.2,16.7,5,61.21,29,39,0,,,0,0,34.03525106007018,-118.40238983952878,reconstructed,0.5761283777290677,99,2391,36,18.51,1.94,6.31,16.2,0.1,2.02,1.09,5.21,216,esri_market_idx_14068_forecast,la_geohub_fire_hazard_area_pct,0.006536661108281515
AC-40,30,US,431,BlockApportionment:US.BlockGroups;PointsLayer:US.BlockPoints,2.191,2.576,1,138,8802,130,48,23.97,0.99,132,30,US,431,BlockApportionment:US.BlockGroups;PointsLayer:US.BlockPoints,2.191,2.576,1,10.98,3.63,5.87,16.66,2.1,2.25,0.98,4.53,116,113,0.6475,17.47,29.74,16.36,0,0,,,12,0,1,0,0,1,1,0,0,0,0,1,1023,1041,0,0,0,17,1008.62,357.01,1,39.36,447.38,1,1105.67,17.27,11,1,33.03,452.66,0.0,0,0.0,0,0.0,0,100.0,1,0.0,0,2.41,15.49,70.74,1.2,12.56,5,78.79,29,40,1,34.02235451,-118.40005157,2,1,34.02746556166158,-118.40238220038624,detection_avg,0.6256424166825142,138,8802,48,10.98,3.63,5.87,16.66,2.1,2.25,0.99,4.53,113,2023 Pop w/Income Below Poverty Level (ACS 5-Yr): Percent,fire_station_count,0.006943346658014369
AC-41,46,US,397,BlockApportionment:US.BlockGroups;PointsLayer:US.BlockPoints,2.191,2.576,1,242,2900,228,81,21.93,1.48,118,46,US,397,BlockApportionment:US.BlockGroups;PointsLayer:US.BlockPoints,2.191,2.576,1,17.13,3.23,7.44,27.24,1.0,1.45,1.65,5.15,127,123,0.6475,17.47,29.74,16.36,0,0,,,9,0,0,0,0,0,0,0,0,0,0,0,354,391,0,1,0,9,1083.34,341.16,0,0.0,1311.68,0,0.0,459.6,28,0,0.0,1312.46,0.0,0,0.0,0,0.0,0,100.0,1,0.0,0,0.71,13.83,72.7,2.3,11.17,5,80.68,29,41,0,,,0,0,34.01968006325297,-118.40237456124372,reconstructed,0.5923902939492518,242,2900,81,17.13,3.23,7.44,27.24,1.0,1.45,1.48,5.15,123,total_crime_est,affordable_housing_count,-0.0035604779296402253
AC-42,12,US,363,BlockApportionment:US.BlockGroups;PointsLayer:US.BlockPoints,2.191,2.576,1,144,1853,173,33,18.73,2.09,174,12,US,363,BlockApportionment:US.BlockGroups;PointsLayer:US.BlockPoints,2.191,2.576,1,15.21,1.94,1.33,9.46,0.47,0.44,1.82,9.2,171,169,0.6475,17.47,29.74,16.36,0,0,,,0,0,0,0,0,4,0,1,2,0,0,0,122,121,0,0,0,0,0.0,983.13,0,0.0,1060.4,0,0.0,536.45,4,0,0.0,1089.61,0.0,0,0.0,0,0.0,0,100.0,1,0.0,0,3.19,31.74,37.77,4.96,25.53,5,55.48,29,42,0,,,4,0,34.01189456484437,-118.40236692210118,reconstructed,0.5655301461743074,144,1853,33,15.21,1.94,1.33,9.46,0.47,0.44,2.09,9.2,169,pct_below_poverty,library_count,-0.007199720546653173
AC-43,33,US,334,BlockApportionment:US.BlockGroups;PointsLayer:US.BlockPoints,2.191,2.576,1,147,2027,159,102,20.97,2.98,165,33,US,334,BlockApportionment:US.BlockGroups;PointsLayer:US.BlockPoints,2.191,2.576,1,23.87,4.4,1.44,20.83,1.88,2.54,3.6,10.85,163,165,0.6475,17.47,29.74,16.36,0,0,,,0,0,0,0,0,0,0,1,2,0,0,1,104,117,0,0,0,0,0.0,611.91,0,0.0,611.91,13,1604.37,111.76,4,0,0.0,615.36,0.0,0,0.0,0,0.0,0,100.0,1,0.0,0,1.03,18.07,53.01,2.41,26.51,5,66.8,29,43,0,,,0,0,34.00410906643576,-118.40235928295864,reconstructed,0.5786746498068112,147,2027,102,23.87,4.4,1.44,20.83,1.88,2.54,2.98,10.85,165,pct_below_poverty,library_count,-0.006878138956213251
AC-44,6,US,307,BlockApportionment:US.BlockGroups;PointsLayer:US.BlockPoints,2.191,2.576,1,92,1832,148,26,19.54,4.26,213,6,US,307,BlockApportionment:US.BlockGroups;PointsLayer:US.BlockPoints,2.191,2.576,1,18.81,2.29,1.57,11.97,0.78,0.26,3.43,9.5,191,186,0.6475,17.47,29.74,16.36,0,0,,,0,0,0,0,0,1,0,0,2,0,0,0,70,84,0,0,0,35,4102.41,133.75,35,4102.41,133.75,1,738.09,188.3,3,2,1655.17,139.16,4.61,1,4.61,1,0.0,0,100.0,1,0.0,0,2.13,26.06,45.92,2.66,25.35,5,61.5,29,44,0,,,1,0,33.99632356802716,-118.40235164381612,reconstructed,0.5535291691543088,92,1832,26,18.81,2.29,1.57,11.97,0.78,0.26,4.26,9.5,186,pct_below_poverty,la_geohub_100yr_flood_intersects,-0.012992356415275986
AC-45,26,US,277,BlockApportionment:US.BlockGroups;PointsLayer:US.BlockPoints,2.191,2.576,1,187,1044,123,107,38.51,5.42,182,26,US,277,BlockApportionment:US.BlockGroups;PointsLayer:US.BlockPoints,2.191,2.576,1,17.96,2.95,5.15,42.2,2.73,0.0,3.49,7.15,154,153,0.6475,17.47,29.74,16.36,0,0,,,17,0,0,0,0,0,0,0,0,0,0,1,237,227,0,0,0,111,9290.64,58.16,91,8006.49,142.94,3,911.61,99.65,2,4,2847.14,170.97,15.15,1,2.27,1,12.84,1,100.0,1,0.0,0,2.76,20.69,52.41,1.03,25.86,5,65.86,29,45,1,33.98556576,-118.401052075,0,1,33.98853806961855,-118.40234400467358,detection_avg,0.5883473743487494,187,1044,107,17.96,2.95,5.15,42.2,2.73,0.0,5.42,7.15,153,pct_below_poverty,la_geohub_100yr_flood_intersects,0.006109306666544935
AC-46,0,US,251,BlockApportionment:US.BlockGroups;PointsLayer:US.BlockPoints,2.191,2.576,1,103,1168,81,52,14.64,6.65,206,0,US,251,BlockApportionment:US.BlockGroups;PointsLayer:US.BlockPoints,2.191,2.576,1,10.41,1.69,10.37,42.73,0.0,0.42,7.15,11.31,182,180,0.6475,17.47,29.74,16.36,0,0,,,0,0,0,0,0,0,0,0,0,0,0,1,103,91,0,0,0,0,0.0,587.76,0,0.0,790.12,6,800.89,131.64,1,0,0.0,788.01,26.16,1,0.0,0,26.3,1,100.0,1,0.0,0,5.32,41.67,38.48,2.13,17.73,5,55.34,29,46,0,,,0,0,33.98075257120995,-118.40233636553104,reconstructed,0.5329934376566939,103,1168,52,10.41,1.69,10.37,42.73,0.0,0.42,6.65,11.31,180,esri_market_idx_14068_forecast,la_geohub_fire_hazard_area_pct,0.003695227814442325
AC-47,25,US,226,BlockApportionment:US.BlockGroups;PointsLayer:US.BlockPoints,2.191,2.576,1,76,1762,78,62,14.64,3.9,222,25,US,226,BlockApportionment:US.BlockGroups;PointsLayer:US.BlockPoints,2.191,2.576,1,25.68,0.29,4.13,30.0,0.0,0.0,1.9,4.41,210,206,0.6475,17.47,29.74,16.36,0,0,,,0,0,0,0,0,3,0,0,0,0,0,0,156,158,0,0,6,0,0.0,641.21,0,0.0,1256.34,0,0.0,658.64,1,0,0.0,1304.45,0.0,0,0.0,0,0.0,0,100.0,1,0.0,0,5.0,25.86,46.72,3.79,23.62,5,61.2,29,47,0,,,3,0,33.972967072801346,-118.40232872638852,reconstructed,0.5411456011856899,76,1762,62,25.68,0.29,4.13,30.0,0.0,0.0,3.9,4.41,206,pct_below_poverty,lausd_school_site_count,0.022271984876037414
AC-48,3,US,204,BlockApportionment:US.BlockGroups;PointsLayer:US.BlockPoints,2.191,2.576,1,89,2107,93,33,17.04,2.23,167,3,US,204,BlockApportionment:US.BlockGroups;PointsLayer:US.BlockPoints,2.191,2.576,1,20.87,0.0,9.7,48.55,0.64,0.07,2.56,2.03,160,157,0.6475,17.47,29.74,16.36,0,0,,,6,0,0,0,0,1,0,0,0,0,0,0,192,171,0,0,2,0,0.0,555.29,0,0.0,1073.7,0,0.0,1112.44,0,0,0.0,1073.73,0.0,0,0.0,0,0.0,0,100.0,1,0.0,0,3.01,20.21,64.01,1.77,14.01,5,73.9,29,48,0,,,1,0,33.96518157439274,-118.40232108724598,reconstructed,0.52950513837874,89,2107,33,20.87,0.0,9.7,48.55,0.64,0.07,2.23,2.03,157,2023 Pop 35-64: No Health Insurance (ACS 5-Yr): Percent,affordable_housing_count,0.0042813430608431725
AC-49,31,US,182,BlockApportionment:US.BlockGroups;PointsLayer:US.BlockPoints,2.191,2.576,1,236,404,137,19,25.25,9.83,143,31,US,182,BlockApportionment:US.BlockGroups;PointsLayer:US.BlockPoints,2.191,2.576,1,14.69,0.0,13.75,51.39,1.09,0.81,10.2,2.92,123,124,0.6475,17.47,29.74,16.36,0,0,,,0,0,1,0,0,0,1,0,0,0,0,0,46,45,0,0,1,3,1487.78,209.05,3,1487.78,209.05,1,354.52,247.8,3,2,1488.26,209.09,0.0,0,0.0,0,0.0,0,100.0,1,0.0,0,1.95,30.67,50.0,0.35,18.97,5,64.41,29,49,0,,,1,0,33.957396075984136,-118.40231344810344,reconstructed,0.5701454763157162,236,404,19,14.69,0.0,13.75,51.39,1.09,0.81,9.83,2.92,124,total_population,police_station_count,0.007376171121489989
AC-50,10,US,161,BlockApportionment:US.BlockGroups;PointsLayer:US.BlockPoints,2.191,2.576,1,0,0,0,0,0.0,0.0,0,10,US,161,BlockApportionment:US.BlockGroups;PointsLayer:US.BlockPoints,2.191,2.576,1,0.0,0.0,0.0,0.0,0.0,0.0,0.0,0.0,0,0,0.6475,17.47,29.74,16.36,0,0,,,0,0,0,0,0,0,0,0,0,0,0,0,84,92,0,0,0,26,1792.02,227.0,0,0.0,447.39,0,0.0,616.82,25,0,0.0,549.41,0.0,0,0.0,0,0.0,0,100.0,1,0.0,0,0.0,5.52,86.03,0.69,7.76,5,90.22,29,50,0,,,0,0,33.94961057757553,-118.40230580896092,reconstructed,0.5614341964427715,0,0,0,0.0,0.0,0.0,0.0,0.0,0.0,0.0,0.0,0,total_crime_est,police_station_count,0.01563103795160291
AC-6,9,US,1410,BlockApportionment:US.BlockGroups;PointsLayer:US.BlockPoints,2.191,2.576,1,27,668,44,88,77.84,0.49,117,9,US,1410,BlockApportionment:US.BlockGroups;PointsLayer:US.BlockPoints,2.191,2.576,1,44.0,4.0,12.17,37.93,3.91,4.1,0.16,28.71,108,116,0.6475,17.47,29.74,16.36,0,0,,,0,0,0,0,0,0,0,0,0,0,0,0,46,46,0,0,0,0,0.0,446.18,0,0.0,446.18,9,918.67,122.82,0,0,0.0,515.26,3.26,1,0.0,0,0.24,1,100.0,1,0.0,0,2.92,45.88,26.29,1.03,26.8,3,47.53,29,6,0,,,0,0,34.29217250755415,-118.4026419312324,reconstructed,0.5282216960614831,27,668,88,44.0,4.0,12.17,37.93,3.91,4.1,0.49,28.71,116,total_crime_est,police_station_count,0.008009101405323633
AC-7,43,US,1394,BlockApportionment:US.BlockGroups;PointsLayer:US.BlockPoints,2.191,2.576,1,70,2434,84,81,71.98,3.21,106,43,US,1394,BlockApportionment:US.BlockGroups;PointsLayer:US.BlockPoints,2.191,2.576,1,33.87,8.06,13.3,27.49,5.99,2.31,2.07,26.02,101,106,0.6475,17.47,29.74,16.36,0,0,,,18,0,0,0,0,1,0,0,0,0,0,0,157,149,0,0,1,33,5256.04,14.15,20,3981.12,14.15,5,748.81,173.31,0,4,2702.71,11.44,0.0,0,0.0,0,0.0,0,100.0,1,0.0,0,0.88,22.12,46.55,2.65,28.67,5,62.32,29,7,0,,,1,0,34.28438700914554,-118.40263429208986,reconstructed,0.573515742985049,70,2434,81,33.87,8.06,13.3,27.49,5.99,2.31,3.21,26.02,106,total_population,police_station_count,-0.0027301882433325053
AC-8,25,US,1376,BlockApportionment:US.BlockGroups;PointsLayer:US.BlockPoints,2.191,2.576,1,99,3460,98,174,82.46,1.66,102,25,US,1376,BlockApportionment:US.BlockGroups;PointsLayer:US.BlockPoints,2.191,2.576,1,22.91,6.1,6.23,25.68,5.25,2.62,0.94,28.47,98,100,0.6475,17.47,29.74,16.36,0,0,,,3,0,0,0,0,1,0,0,0,0,0,0,189,183,0,0,2,2,48.12,476.41,0,0.0,607.17,1,17.48,430.02,1,0,0.0,606.55,0.0,0,0.0,0,0.0,0,100.0,1,0.0,0,1.03,24.23,46.05,1.72,28.01,5,61.93,29,8,0,,,1,0,34.27660151073694,-118.40262665294732,reconstructed,0.5615461361331745,99,3460,174,22.91,6.1,6.23,25.68,5.25,2.62,1.66,28.47,100,2023 Pop w/Income Below Poverty Level (ACS 5-Yr): Percent,police_station_count,0.004128471060018473
AC-9,2,US,1353,BlockApportionment:US.BlockGroups;PointsLayer:US.BlockPoints,2.191,2.576,1,87,2297,71,262,80.8,1.95,86,2,US,1353,BlockApportionment:US.BlockGroups;PointsLayer:US.BlockPoints,2.191,2.576,1,27.32,13.11,21.39,39.3,1.79,2.78,1.7,45.97,88,94,0.6475,17.47,29.74,16.36,0,0,,,12,0,0,0,0,0,0,0,0,0,0,0,151,169,0,0,2,7,1184.13,113.48,0,0.0,1342.09,4,216.37,400.83,6,0,0.0,1341.58,8.1,1,0.0,0,0.0,0,100.0,1,0.0,0,2.65,43.72,29.03,3.01,24.25,3,49.53,29,9,0,,,0,0,34.26881601232833,-118.4026190138048,reconstructed,0.5968386291692482,87,2297,262,27.32,13.11,21.39,39.3,1.79,2.78,1.95,45.97,94,pct_below_poverty,lausd_school_site_count,-0.004209778837745934
AD-10,25,US,1326,BlockApportionment:US.BlockGroups;PointsLayer:US.BlockPoints,2.191,2.576,1,199,18,51,0,38.89,0.0,0,25,US,1326,BlockApportionment:US.BlockGroups;PointsLayer:US.BlockPoints,2.191,2.576,1,100.0,0.0,0.0,0.0,0.0,0.0,0.0,66.67,0,0,0.6475,17.47,29.74,16.36,0,0,,,6,0,0,0,0,0,0,0,0,0,0,0,0,2,0,0,0,0,0.0,733.47,0,0.0,1598.29,2,830.54,314.91,3,0,0.0,1598.19,36.73,1,0.0,0,0.0,0,100.0,1,0.0,0,13.92,48.28,7.9,7.56,36.25,4,31.35,30,10,0,,,0,0,34.26102369983761,-118.394503630865,reconstructed,0.49498242229790745,199,18,0,100.0,0.0,0.0,0.0,0.0,0.0,0.0,66.67,0,total_population,police_station_count,0.01452025720835115
AD-11,46,US,1297,BlockApportionment:US.BlockGroups;PointsLayer:US.BlockPoints,2.191,2.576,1,173,8,99,0,87.5,0.0,0,46,US,1297,BlockApportionment:US.BlockGroups;PointsLayer:US.BlockPoints,2.191,2.576,1,0.0,0.0,28.57,0.0,0.0,0.0,0.0,25.0,0,0,0.6475,17.47,29.74,16.36,0,0,,,30,0,0,0,0,0,0,0,0,0,0,0,174,155,0,0,0,0,0.0,931.75,0,0.0,2423.37,6,1525.29,238.61,3,0,0.0,2435.19,0.0,0,0.0,0,0.0,0,100.0,1,0.0,0,0.71,13.1,62.48,3.01,21.42,5,73.52,30,11,0,,,0,0,34.253238201429,-118.39449599172244,reconstructed,0.535652786141697,173,8,0,0.0,0.0,28.57,0.0,0.0,0.0,0.0,25.0,0,total_population,police_station_count,0.014735537251646152
AD-12,18,US,1269,BlockApportionment:US.BlockGroups;PointsLayer:US.BlockPoints,2.191,2.576,1,234,21,139,198,57.14,7.69,0,18,US,1269,BlockApportionment:US.BlockGroups;PointsLayer:US.BlockPoints,2.191,2.576,1,0.0,0.0,0.0,0.0,0.0,0.0,0.0,10.0,0,0,0.6475,17.47,29.74,16.36,0,0,,,0,0,0,0,0,0,0,0,0,0,0,0,0,0,0,0,0,0,0.0,573.86,0,0.0,1838.1,12,2369.68,3.95,0,0,0.0,1897.87,8.9,1,0.0,0,0.0,0,100.0,1,0.0,0,1.2,6.36,30.93,2.58,60.14,4,51.29,30,12,0,,,0,0,34.2454527030204,-118.39448835257993,reconstructed,0.5262414834090796,234,21,198,0.0,0.0,0.0,0.0,0.0,0.0,7.69,10.0,0,total_population,police_station_count,0.014455964435516083
AD-13,42,US,1243,BlockApportionment:US.BlockGroups;PointsLayer:US.BlockPoints,2.191,2.576,1,129,2979,108,157,87.98,1.18,82,42,US,1243,BlockApportionment:US.BlockGroups;PointsLayer:US.BlockPoints,2.191,2.576,1,28.42,0.15,9.89,25.89,12.2,7.79,1.49,22.7,63,64,0.6475,17.47,29.74,16.36,0,0,,,24,1,0,0,0,1,0,0,0,0,0,0,170,179,0,0,2,6,913.1,2.6,0,0.0,1051.08,0,0.0,615.89,3,0,0.0,1052.55,1.89,1,0.0,0,0.0,0,100.0,1,0.0,0,0.18,7.24,75.62,1.94,15.19,5,82.88,30,13,0,,,1,0,34.23766720461179,-118.3944807134374,reconstructed,0.6373364827144307,129,2979,157,28.42,0.15,9.89,25.89,12.2,7.79,1.18,22.7,64,2023 Pop 35-64: No Health Insurance (ACS 5-Yr): Percent,affordable_housing_count,-0.004625893332715854
AD-14,9,US,1210,BlockApportionment:US.BlockGroups;PointsLayer:US.BlockPoints,2.191,2.576,1,177,2905,145,64,82.96,0.58,108,9,US,1210,BlockApportionment:US.BlockGroups;PointsLayer:US.BlockPoints,2.191,2.576,1,26.88,6.94,17.57,45.1,7.27,5.49,0.43,15.78,108,116,0.6475,17.47,29.74,16.36,0,0,,,0,0,0,0,0,1,0,0,0,0,0,0,140,131,0,0,3,10,2833.68,234.27,10,2833.68,234.27,0,0.0,757.72,0,2,1480.82,235.13,0.0,0,0.0,0,0.0,0,100.0,1,0.0,0,0.34,16.3,51.63,5.32,26.76,5,66.04,30,14,0,,,1,0,34.22988170620319,-118.39447307429484,reconstructed,0.6398073644937581,177,2905,64,26.88,6.94,17.57,45.1,7.27,5.49,0.58,15.78,116,pct_below_poverty,lausd_school_site_count,0.00949187645164303
AD-15,27,US,1178,BlockApportionment:US.BlockGroups;PointsLayer:US.BlockPoints,2.191,2.576,1,141,2337,123,119,76.59,2.76,107,27,US,1178,BlockApportionment:US.BlockGroups;PointsLayer:US.BlockPoints,2.191,2.576,1,29.72,2.5,11.12,20.38,9.56,5.91,2.87,25.26,94,100,0.6475,17.47,29.74,16.36,0,0,,,28,0,0,0,0,0,0,0,0,0,0,1,223,237,0,0,0,33,1790.27,168.82,1,24.9,488.62,0,0.0,821.5,8,1,14.16,495.16,0.0,0,0.0,0,0.0,0,100.0,1,0.0,0,1.42,15.22,58.76,4.42,21.59,5,70.71,30,15,1,34.22526838,-118.39668358,0,1,34.22209620779458,-118.39446543515233,detection_avg,0.6239779347958267,141,2337,119,29.72,2.5,11.12,20.38,9.56,5.91,2.76,25.26,100,total_population,police_station_count,-0.0027414372637278067
AD-16,43,US,1144,BlockApportionment:US.BlockGroups;PointsLayer:US.BlockPoints,2.191,2.576,1,115,2740,112,262,59.71,2.83,95,43,US,1144,BlockApportionment:US.BlockGroups;PointsLayer:US.BlockPoints,2.191,2.576,1,33.25,6.41,16.88,45.74,8.09,7.51,0.93,18.69,89,91,0.6475,17.47,29.74,16.36,0,0,,,12,0,0,0,0,0,0,0,0,0,0,3,274,240,0,0,0,11,864.86,217.17,0,0.0,1168.43,0,0.0,1506.42,1,0,0.0,1262.81,0.0,0,0.0,0,0.0,0,100.0,1,0.0,0,2.65,14.69,68.67,3.54,13.1,5,77.27,30,16,1,34.21750299833334,-118.39134443166668,0,1,34.21431070938598,-118.3944577960098,detection_avg,0.6446122665036631,115,2740,262,33.25,6.41,16.88,45.74,8.09,7.51,2.83,18.69,91,2023 Pop 35-64: No Health Insurance (ACS 5-Yr): Percent,affordable_housing_count,-0.004485215706327296
AD-17,8,US,1109,BlockApportionment:US.BlockGroups;PointsLayer:US.BlockPoints,2.191,2.576,1,95,4582,91,112,70.58,0.44,76,8,US,1109,BlockApportionment:US.BlockGroups;PointsLayer:US.BlockPoints,2.191,2.576,1,24.4,5.87,14.26,31.02,8.56,8.49,0.54,17.31,83,88,0.6475,17.47,29.74,16.36,0,0,,,30,0,0,0,0,1,0,0,0,0,0,1,398,420,0,0,2,14,884.91,216.05,0,0.0,1044.97,0,0.0,1793.16,2,0,0.0,1101.16,0.0,0,0.0,0,0.0,0,100.0,1,0.0,0,3.27,17.21,67.81,3.96,11.02,5,76.49,30,17,1,34.208533675,-118.394548935,1,1,34.20652521097737,-118.39445015686724,detection_avg,0.6420508637069687,95,4582,112,24.4,5.87,14.26,31.02,8.56,8.49,0.44,17.31,88,2023 Pop 35-64: No Health Insurance (ACS 5-Yr): Percent,affordable_housing_count,-0.004637106407116324
AD-18,23,US,1074,BlockApportionment:US.BlockGroups;PointsLayer:US.BlockPoints,2.191,2.576,1,140,445,113,98,84.94,1.32,65,23,US,1074,BlockApportionment:US.BlockGroups;PointsLayer:US.BlockPoints,2.191,2.576,1,17.39,3.48,16.13,38.68,11.26,3.47,0.91,19.05,55,58,0.6475,17.47,29.74,16.36,0,0,,,24,0,1,0,0,0,0,0,0,0,0,0,347,352,0,0,0,41,3133.58,2.03,0,0.0,687.3,0,0.0,1061.3,0,0,0.0,831.8,0.0,0,0.0,0,0.0,0,100.0,1,0.0,0,0.88,4.78,88.32,1.42,5.49,5,91.56,30,18,1,34.2014068,-118.39600367,0,1,34.198739712568766,-118.39444251772473,detection_avg,0.6275884608206848,140,445,98,17.39,3.48,16.13,38.68,11.26,3.47,1.32,19.05,58,2023 Pop w/Income Below Poverty Level (ACS 5-Yr): Percent,fire_station_count,-0.00783338830872544
AD-19,40,US,1041,BlockApportionment:US.BlockGroups;PointsLayer:US.BlockPoints,2.191,2.576,1,117,6097,117,186,67.23,3.12,78,40,US,1041,BlockApportionment:US.BlockGroups;PointsLayer:US.BlockPoints,2.191,2.576,1,21.49,4.1,21.56,32.27,11.55,7.98,2.22,14.18,70,71,0.6475,17.47,29.74,16.36,0,0,,,23,0,0,0,0,2,0,0,0,0,0,0,415,415,0,0,1,10,864.84,215.82,0,0.0,739.0,0,0.0,701.76,4,0,0.0,737.01,0.0,0,0.0,0,0.0,0,100.0,1,0.0,0,1.37,13.23,72.51,3.09,11.17,5,80.35,30,19,0,,,2,0,34.19095421416016,-118.3944348785822,reconstructed,0.6693529064104482,117,6097,186,21.49,4.1,21.56,32.27,11.55,7.98,3.12,14.18,71,pct_below_poverty,lausd_school_site_count,-0.008011262602181522
AD-20,8,US,1009,BlockApportionment:US.BlockGroups;PointsLayer:US.BlockPoints,2.191,2.576,1,127,2130,111,100,46.01,0.96,103,8,US,1009,BlockApportionment:US.BlockGroups;PointsLayer:US.BlockPoints,2.191,2.576,1,25.36,2.61,21.16,40.85,7.2,5.4,0.58,16.83,107,113,0.6475,17.47,29.74,16.36,0,0,,,27,0,0,0,1,1,0,0,0,0,0,1,368,411,0,0,3,29,2316.11,211.65,10,647.47,428.23,2,421.02,396.35,9,2,304.87,435.48,0.0,0,0.0,0,0.0,0,100.0,1,0.0,0,1.24,11.86,64.25,4.07,19.82,5,74.6,30,20,1,34.18266247,-118.396741205,1,1,34.18316871575156,-118.39442723943964,detection_avg,0.6430545521667569,127,2130,100,25.36,2.61,21.16,40.85,7.2,5.4,0.96,16.83,113,2023 Pop w/Income Below Poverty Level (ACS 5-Yr): Percent,college_count,-0.017911715053681797
AD-21,25,US,976,BlockApportionment:US.BlockGroups;PointsLayer:US.BlockPoints,2.191,2.576,1,107,2009,105,257,30.71,3.64,110,25,US,976,BlockApportionment:US.BlockGroups;PointsLayer:US.BlockPoints,2.191,2.576,1,19.25,5.54,19.04,34.17,3.94,4.75,2.83,14.98,96,96,0.6475,17.47,29.74,16.36,0,0,,,27,0,0,0,0,0,2,0,0,0,0,0,277,303,0,0,0,57,6155.58,0.57,37,5198.9,0.57,2,921.4,53.31,5,2,1946.98,9.45,0.0,0,0.0,0,0.0,0,100.0,1,0.0,0,1.55,14.8,53.87,4.99,26.33,5,67.24,30,21,1,34.18065152,-118.39674062,2,1,34.17538321734295,-118.39441960029713,detection_avg,0.6273577950231423,107,2009,257,19.25,5.54,19.04,34.17,3.94,4.75,3.64,14.98,96,2023 Pop w/Income Below Poverty Level (ACS 5-Yr): Percent,fire_station_count,0.003185437838838928
AD-22,38,US,939,BlockApportionment:US.BlockGroups;PointsLayer:US.BlockPoints,2.191,2.576,1,151,3713,128,188,25.15,1.95,95,38,US,939,BlockApportionment:US.BlockGroups;PointsLayer:US.BlockPoints,2.191,2.576,1,21.38,4.39,12.51,15.66,5.64,1.32,3.02,12.45,79,78,0.6475,17.47,29.74,16.36,0,0,,,22,0,0,0,0,1,3,0,0,0,0,2,622,627,0,0,1,31,1533.24,216.15,0,0.0,480.7,0,0.0,576.25,13,0,0.0,513.34,0.0,0,0.0,0,0.0,0,100.0,1,0.0,0,1.95,17.88,60.88,3.72,17.52,5,72.03,30,22,0,,,4,0,34.167597718934346,-118.3944119611546,reconstructed,0.6393755531997333,151,3713,188,21.38,4.39,12.51,15.66,5.64,1.32,1.95,12.45,78,pct_below_poverty,lausd_school_site_count,0.002891490462448802
AD-23,45,US,896,BlockApportionment:US.BlockGroups;PointsLayer:US.BlockPoints,2.191,2.576,1,108,2351,94,121,18.42,1.85,166,45,US,896,BlockApportionment:US.BlockGroups;PointsLayer:US.BlockPoints,2.191,2.576,1,16.68,0.79,5.77,23.02,1.27,1.47,2.52,9.21,162,159,0.6475,17.47,29.74,16.36,0,0,,,24,0,0,0,0,0,0,0,0,0,0,0,478,495,0,0,0,24,864.85,214.99,0,0.0,785.54,0,0.0,1017.12,6,0,0.0,803.93,0.0,0,0.0,0,0.0,0,100.0,1,0.0,0,1.77,28.5,43.72,4.96,22.83,5,60.07,30,23,1,34.16374039,-118.39676295,0,1,34.159812220525744,-118.39440432201204,detection_avg,0.5849531395414004,108,2351,121,16.68,0.79,5.77,23.02,1.27,1.47,1.85,9.21,159,2023 Pop w/Income Below Poverty Level (ACS 5-Yr): Percent,police_station_count,0.004410912472848464
AD-24,7,US,858,BlockApportionment:US.BlockGroups;PointsLayer:US.BlockPoints,2.191,2.576,1,107,2452,85,229,24.55,7.12,113,7,US,858,BlockApportionment:US.BlockGroups;PointsLayer:US.BlockPoints,2.191,2.576,1,9.16,5.81,6.17,48.34,0.0,2.73,4.64,10.59,96,97,0.6475,17.47,29.74,16.36,0,0,,,30,0,0,0,0,0,1,0,0,0,0,0,427,482,0,0,0,42,4076.76,25.7,20,3058.03,25.7,1,648.37,334.79,5,2,1847.35,39.78,0.0,0,0.0,0,0.0,0,100.0,1,0.0,0,2.58,20.14,56.45,5.51,17.9,5,68.74,30,24,0,,,1,0,34.152026722117135,-118.39439668286953,reconstructed,0.5851738389557952,107,2452,229,9.16,5.81,6.17,48.34,0.0,2.73,7.12,10.59,97,2023 Pop w/Income Below Poverty Level (ACS 5-Yr): Percent,police_station_count,0.004166986987091328
AD-25,33,US,834,BlockApportionment:US.BlockGroups;PointsLayer:US.BlockPoints,2.191,2.576,1,122,2380,100,126,12.1,2.99,150,33,US,834,BlockApportionment:US.BlockGroups;PointsLayer:US.BlockPoints,2.191,2.576,1,6.17,6.59,4.99,32.32,0.0,1.14,3.61,5.8,167,165,0.6475,17.47,29.74,16.36,0,0,,,49,0,0,0,0,0,0,0,0,0,0,0,595,589,0,0,0,37,1582.43,179.54,0,0.0,888.57,5,2019.43,109.46,27,0,0.0,904.57,0.0,0,0.0,0,0.0,0,100.0,1,0.0,0,1.59,14.51,65.49,4.25,15.75,5,75.37,30,25,1,34.14835659,-118.395057595,0,1,34.14424122370853,-118.39438904372696,detection_avg,0.6160587652260493,122,2380,126,6.17,6.59,4.99,32.32,0.0,1.14,2.99,5.8,165,2023 Pop w/Income Below Poverty Level (ACS 5-Yr): Percent,police_station_count,0.004804423864839693
AD-26,14,US,815,BlockApportionment:US.BlockGroups;PointsLayer:US.BlockPoints,2.191,2.576,1,144,1152,91,231,9.98,0.78,253,14,US,815,BlockApportionment:US.BlockGroups;PointsLayer:US.BlockPoints,2.191,2.576,1,10.02,0.0,6.44,21.0,0.0,0.0,0.0,10.49,226,229,0.6475,17.47,29.74,16.36,0,0,,,12,0,0,0,0,1,1,0,0,0,0,0,461,476,0,0,1,0,0.0,560.02,0,0.0,1745.36,7,1104.9,218.0,0,0,0.0,1769.36,0.0,0,0.0,0,0.0,0,100.0,1,0.0,0,18.04,49.66,33.16,2.23,14.95,5,47.8,30,26,0,,,2,0,34.136455725299925,-118.39438140458444,reconstructed,0.5533012501348756,144,1152,231,10.02,0.0,6.44,21.0,0.0,0.0,0.78,10.49,229,pct_below_poverty,lausd_school_site_count,0.007596249380078479
AD-34,34,US,635,BlockApportionment:US.BlockGroups;PointsLayer:US.BlockPoints,2.191,2.576,1,167,3660,240,155,7.19,4.95,124,34,US,635,BlockApportionment:US.BlockGroups;PointsLayer:US.BlockPoints,2.191,2.576,1,15.5,3.68,13.41,38.1,0.0,3.6,4.76,4.26,151,151,0.6475,17.47,29.74,16.36,0,0,,,12,0,0,0,0,0,0,0,0,0,0,0,130,159,0,0,0,17,910.17,145.59,0,0.0,4515.34,0,0.0,618.56,1,0,0.0,4529.8,5.46,1,0.0,0,5.4,1,100.0,1,0.0,0,3.2,28.06,50.98,1.42,19.54,5,64.73,30,34,0,,,0,0,34.07417173803108,-118.39432029144416,reconstructed,0.5731141533724404,167,3660,155,15.5,3.68,13.41,38.1,0.0,3.6,4.95,4.26,151,total_population,police_station_count,-0.0022154636329468442
AD-35,4,US,605,BlockApportionment:US.BlockGroups;PointsLayer:US.BlockPoints,2.191,2.576,1,296,2725,356,119,7.63,3.94,120,4,US,605,BlockApportionment:US.BlockGroups;PointsLayer:US.BlockPoints,2.191,2.576,1,34.9,2.23,16.01,25.73,1.57,2.88,2.8,14.55,141,141,0.6475,17.47,29.74,16.36,0,0,,,30,0,0,0,0,1,0,0,0,0,0,0,275,313,0,0,0,30,846.79,131.49,0,0.0,3696.14,1,851.93,70.35,8,0,0.0,3706.82,0.0,0,0.0,0,0.0,0,100.0,1,0.0,0,6.38,23.79,62.41,1.21,12.59,5,71.77,30,35,0,,,1,0,34.06638623962248,-118.39431265230164,reconstructed,0.5931165119328097,296,2725,119,34.9,2.23,16.01,25.73,1.57,2.88,3.94,14.55,141,total_crime_est,police_station_count,-0.004736240171363827
AD-36,24,US,575,BlockApportionment:US.BlockGroups;PointsLayer:US.BlockPoints,2.191,2.576,1,210,4166,308,167,8.93,2.0,137,24,US,575,BlockApportionment:US.BlockGroups;PointsLayer:US.BlockPoints,2.191,2.576,1,19.54,4.95,6.61,32.05,0.0,2.97,1.12,8.85,152,152,0.6475,17.47,29.74,16.36,0,0,,,17,0,1,0,0,0,2,0,0,0,0,0,314,294,0,0,0,31,925.27,117.61,0,0.0,2896.94,1,864.73,25.17,9,0,0.0,2904.19,0.0,0,0.0,0,0.0,0,100.0,1,0.0,0,6.03,24.11,61.7,1.24,12.94,5,71.38,30,36,0,,,2,0,34.05860074121387,-118.39430501315913,reconstructed,0.6011193049283667,210,4166,167,19.54,4.95,6.61,32.05,0.0,2.97,2.0,8.85,152,2023 Pop w/Income Below Poverty Level (ACS 5-Yr): Percent,fire_station_count,0.00758748033724494
AD-37,38,US,539,BlockApportionment:US.BlockGroups;PointsLayer:US.BlockPoints,2.191,2.576,1,130,4358,114,169,6.29,1.41,170,38,US,539,BlockApportionment:US.BlockGroups;PointsLayer:US.BlockPoints,2.191,2.576,1,16.18,4.15,12.94,36.87,4.75,3.45,1.15,4.67,146,147,0.6475,17.47,29.74,16.36,0,0,,,3,0,0,0,0,0,0,0,0,0,0,0,624,597,0,0,1,16,734.13,288.27,0,0.0,2135.74,1,1081.11,13.28,5,0,0.0,2139.05,0.0,0,0.0,0,0.0,0,100.0,1,0.0,0,4.82,25.65,60.07,0.34,13.94,5,70.6,30,37,0,,,0,0,34.05081524280527,-118.39429737401656,reconstructed,0.6092023608165135,130,4358,169,16.18,4.15,12.94,36.87,4.75,3.45,1.41,4.67,147,pct_below_poverty,lausd_school_site_count,0.002200100909123182
AD-38,2,US,503,BlockApportionment:US.BlockGroups;PointsLayer:US.BlockPoints,2.191,2.576,1,61,2064,36,112,5.52,5.19,253,2,US,503,BlockApportionment:US.BlockGroups;PointsLayer:US.BlockPoints,2.191,2.576,1,19.01,0.0,0.62,0.0,0.0,0.31,6.01,4.47,282,273,0.6475,17.47,29.74,16.36,0,0,,,0,0,0,0,0,0,0,0,0,0,0,0,178,176,0,0,0,0,0.0,1152.98,0,0.0,1381.65,0,0.0,495.39,0,0,0.0,1428.1,0.0,0,0.0,0,0.0,0,100.0,1,0.0,0,8.67,39.65,35.4,1.77,23.19,5,52.18,30,38,0,,,0,0,34.04302974439666,-118.39428973487404,reconstructed,0.508039039812973,61,2064,112,19.01,0.0,0.62,0.0,0.0,0.31,5.19,4.47,273,pct_below_poverty,library_count,-0.00947069750400394
AD-39,16,US,467,BlockApportionment:US.BlockGroups;PointsLayer:US.BlockPoints,2.191,2.576,1,74,1763,79,129,16.28,0.35,205,16,US,467,BlockApportionment:US.BlockGroups;PointsLayer:US.BlockPoints,2.191,2.576,1,24.12,1.38,4.6,6.52,0.25,0.56,1.08,6.14,175,178,0.6475,17.47,29.74,16.36,0,0,,,0,0,0,0,0,2,0,0,0,0,0,0,239,217,0,0,6,0,0.0,604.4,0,0.0,604.4,1,311.68,375.44,0,0,0.0,722.48,0.0,0,0.0,0,0.0,0,100.0,1,0.0,0,3.72,30.85,35.82,4.08,29.26,5,53.96,30,39,0,,,2,0,34.03524424598806,-118.39428209573153,reconstructed,0.5368570125492189,74,1763,129,24.12,1.38,4.6,6.52,0.25,0.56,0.35,6.14,178,pct_below_poverty,lausd_school_site_count,0.021201285801839425
AD-40,31,US,432,BlockApportionment:US.BlockGroups;PointsLayer:US.BlockPoints,2.191,2.576,1,151,4573,141,48,27.07,1.25,113,31,US,432,BlockApportionment:US.BlockGroups;PointsLayer:US.BlockPoints,2.191,2.576,1,9.44,4.97,8.59,17.27,3.0,0.7,0.97,7.39,108,107,0.6475,17.47,29.74,16.36,0,0,,,21,0,0,0,0,0,0,0,0,0,0,0,637,678,0,0,0,56,4776.18,4.71,31,3235.37,4.71,0,0.0,580.69,23,2,1849.09,5.53,0.0,0,0.0,0,0.0,0,100.0,1,0.0,0,1.03,15.69,60.86,1.72,21.72,5,72.29,30,40,1,34.02918328,-118.39341642142855,0,1,34.02745874757946,-118.39427445658896,detection_avg,0.6463264124255719,151,4573,48,9.44,4.97,8.59,17.27,3.0,0.7,1.25,7.39,107,2023 Pop w/Income Below Poverty Level (ACS 5-Yr): Percent,police_station_count,0.002439131814240182
AD-41,47,US,398,BlockApportionment:US.BlockGroups;PointsLayer:US.BlockPoints,2.191,2.576,1,319,2452,325,155,21.49,3.73,154,47,US,398,BlockApportionment:US.BlockGroups;PointsLayer:US.BlockPoints,2.191,2.576,1,11.22,4.15,8.06,19.35,0.88,1.59,3.34,5.42,160,156,0.6475,17.47,29.74,16.36,0,0,,,0,1,1,0,0,2,0,0,0,0,0,0,228,234,0,0,0,4,691.23,405.71,0,0.0,790.91,1,701.71,347.21,62,0,0.0,853.52,0.0,0,0.0,0,0.0,0,100.0,1,0.0,0,1.78,19.72,60.57,0.36,19.36,5,71.86,30,41,0,,,2,0,34.01967324917085,-118.39426681744644,reconstructed,0.5730830686876401,319,2452,155,11.22,4.15,8.06,19.35,0.88,1.59,3.73,5.42,156,2023 Pop 35-64: No Health Insurance (ACS 5-Yr): Percent,hospital_count,-0.009142266533740492
AD-42,13,US,364,BlockApportionment:US.BlockGroups;PointsLayer:US.BlockPoints,2.191,2.576,1,161,2227,180,110,16.12,2.37,174,13,US,364,BlockApportionment:US.BlockGroups;PointsLayer:US.BlockPoints,2.191,2.576,1,21.9,8.17,8.26,30.83,0.13,0.0,2.15,7.25,145,143,0.6475,17.47,29.74,16.36,0,0,,,0,0,0,0,0,0,0,0,0,0,0,0,42,45,0,0,0,0,0.0,464.29,0,0.0,1649.47,3,1176.03,259.35,3,0,0.0,1712.85,0.0,0,0.0,0,0.0,0,100.0,1,0.0,0,2.59,30.69,35.17,4.14,30.0,5,53.84,30,42,0,,,0,0,34.01188775076225,-118.39425917830393,reconstructed,0.5857981158594893,161,2227,110,21.9,8.17,8.26,30.83,0.13,0.0,2.37,7.25,143,2023 Pop 35-64: No Health Insurance (ACS 5-Yr): Percent,affordable_housing_count,0.004766418319138193
AD-43,34,US,335,BlockApportionment:US.BlockGroups;PointsLayer:US.BlockPoints,2.191,2.576,1,152,3606,79,152,17.67,3.07,144,34,US,335,BlockApportionment:US.BlockGroups;PointsLayer:US.BlockPoints,2.191,2.576,1,13.13,3.84,5.62,34.64,1.94,1.9,2.9,6.93,137,138,0.6475,17.47,29.74,16.36,0,0,,,0,0,0,1,0,0,0,0,1,0,0,2,118,127,0,0,0,28,1853.49,125.08,0,0.0,1474.25,7,1832.03,70.19,6,0,0.0,1478.55,0.0,0,0.0,0,0.0,0,100.0,1,0.0,0,3.02,24.87,51.69,1.95,21.49,5,65.28,30,43,0,,,0,0,34.00410225235364,-118.39425153916136,reconstructed,0.6163690087588964,152,3606,152,13.13,3.84,5.62,34.64,1.94,1.9,3.07,6.93,138,pct_below_poverty,library_count,0.007430052498878209
AD-44,7,US,308,BlockApportionment:US.BlockGroups;PointsLayer:US.BlockPoints,2.191,2.576,1,173,1507,199,102,26.54,3.54,193,7,US,308,BlockApportionment:US.BlockGroups;PointsLayer:US.BlockPoints,2.191,2.576,1,25.28,7.38,0.38,11.37,1.8,0.99,3.0,18.47,174,175,0.6475,17.47,29.74,16.36,0,0,,,0,0,0,0,0,0,1,0,1,0,0,0,54,47,0,0,0,22,1384.01,123.26,0,0.0,997.84,1,27.99,486.96,13,0,0.0,1002.27,0.0,0,0.0,0,0.0,0,100.0,1,0.0,0,2.93,20.34,64.83,1.38,13.45,5,74.5,30,44,0,,,1,0,33.99631675394504,-118.39424390001884,reconstructed,0.5800422875656626,173,1507,102,25.28,7.38,0.38,11.37,1.8,0.99,3.54,18.47,175,2023 Pop w/Income Below Poverty Level (ACS 5-Yr): Percent,adult_recreation_count,-0.04098968505344737
AD-45,27,US,278,BlockApportionment:US.BlockGroups;PointsLayer:US.BlockPoints,2.191,2.576,1,107,1030,109,21,19.22,4.53,214,27,US,278,BlockApportionment:US.BlockGroups;PointsLayer:US.BlockPoints,2.191,2.576,1,16.67,4.69,9.05,67.86,0.0,0.0,4.2,7.53,184,179,0.6475,17.47,29.74,16.36,0,0,,,23,0,0,0,0,0,0,0,0,0,0,0,35,43,0,0,0,99,5530.6,58.99,20,2384.1,320.58,0,0.0,658.31,14,4,1389.09,321.1,2.69,1,0.0,0,2.69,1,100.0,1,0.0,0,2.3,10.46,81.38,1.42,6.74,5,86.28,30,45,0,,,0,0,33.98853125553643,-118.39423626087633,reconstructed,0.5973214153075841,107,1030,21,16.67,4.69,9.05,67.86,0.0,0.0,4.53,7.53,179,2023 Pop 35-64: No Health Insurance (ACS 5-Yr): Percent,affordable_housing_count,0.004766418319138193
AD-46,1,US,252,BlockApportionment:US.BlockGroups;PointsLayer:US.BlockPoints,2.191,2.576,1,295,813,91,76,16.48,16.62,161,1,US,252,BlockApportionment:US.BlockGroups;PointsLayer:US.BlockPoints,2.191,2.576,1,18.86,1.29,1.01,0.0,0.0,0.0,15.85,10.35,149,146,0.6475,17.47,29.74,16.36,0,0,,,22,0,0,0,0,0,1,0,0,0,0,0,79,96,0,0,0,63,6360.94,17.61,37,4825.54,17.61,5,929.87,9.92,17,2,1896.37,51.67,1.18,1,0.57,1,0.64,1,100.0,1,0.0,0,2.66,20.07,65.54,0.89,13.5,5,75.08,30,46,1,33.98366664,-118.39866386,1,1,33.98074575712783,-118.39422862173376,detection_avg,0.594709623657683,295,813,76,18.86,1.29,1.01,0.0,0.0,0.0,16.62,10.35,146,pct_below_poverty,la_geohub_100yr_flood_intersects,-0.01680190564890483
AD-47,26,US,227,BlockApportionment:US.BlockGroups;PointsLayer:US.BlockPoints,2.191,2.576,1,109,2580,74,98,16.28,2.3,204,26,US,227,BlockApportionment:US.BlockGroups;PointsLayer:US.BlockPoints,2.191,2.576,1,9.51,3.39,7.11,29.66,0.0,3.36,2.05,8.48,169,169,0.6475,17.47,29.74,16.36,0,0,,,0,0,0,0,0,0,0,0,0,0,0,0,333,343,0,0,0,50,2643.49,5.69,8,298.44,423.31,0,0.0,538.77,8,1,21.28,491.45,0.0,0,0.0,0,0.0,0,100.0,1,0.0,0,3.62,23.45,56.21,1.21,19.14,5,68.26,30,47,0,,,0,0,33.97296025871922,-118.39422098259124,reconstructed,0.596439942961318,109,2580,98,9.51,3.39,7.11,29.66,0.0,3.36,2.3,8.48,169,2023 Pop w/Income Below Poverty Level (ACS 5-Yr): Percent,police_station_count,0.003522213707277211
AD-48,4,US,205,BlockApportionment:US.BlockGroups;PointsLayer:US.BlockPoints,2.191,2.576,1,67,1897,72,124,19.61,2.74,205,4,US,205,BlockApportionment:US.BlockGroups;PointsLayer:US.BlockPoints,2.191,2.576,1,12.98,2.19,4.73,36.36,0.0,0.24,3.57,10.16,170,169,0.6475,17.47,29.74,16.36,0,0,,,0,0,0,0,0,0,1,1,1,0,0,0,187,162,0,0,0,16,1233.83,173.46,0,0.0,981.55,0,0.0,1291.74,0,0,0.0,1239.56,0.0,0,0.0,0,0.0,0,100.0,1,0.0,0,1.07,22.56,46.54,2.66,28.24,5,62.26,30,48,0,,,1,0,33.96517476031062,-118.39421334344873,reconstructed,0.5332438014976413,67,1897,124,12.98,2.19,4.73,36.36,0.0,0.24,2.74,10.16,169,2023 Pop w/Income Below Poverty Level (ACS 5-Yr): Percent,adult_recreation_count,-0.011757430253217432
AD-49,32,US,183,BlockApportionment:US.BlockGroups;PointsLayer:US.BlockPoints,2.191,2.576,1,197,1681,116,0,29.45,1.47,167,32,US,183,BlockApportionment:US.BlockGroups;PointsLayer:US.BlockPoints,2.191,2.576,1,28.66,3.5,11.75,27.76,0.56,4.55,1.1,9.13,135,134,0.6475,17.47,29.74,16.36,0,0,,,37,0,0,0,0,1,0,0,0,0,0,0,749,710,0,1,0,45,2866.21,84.06,0,0.0,715.16,0,0.0,1011.18,23,0,0.0,741.16,0.0,0,0.0,0,0.0,0,100.0,1,0.0,0,0.34,13.62,67.41,0.52,18.45,5,77.08,30,49,0,,,1,0,33.95738926190201,-118.39420570430616,reconstructed,0.6055979782564707,197,1681,0,28.66,3.5,11.75,27.76,0.56,4.55,1.47,9.13,134,total_crime_est,affordable_housing_count,-0.00386546370762947
AD-50,11,US,162,BlockApportionment:US.BlockGroups;PointsLayer:US.BlockPoints,2.191,2.576,1,0,0,0,0,0.0,0.0,0,11,US,162,BlockApportionment:US.BlockGroups;PointsLayer:US.BlockPoints,2.191,2.576,1,0.0,0.0,0.0,0.0,0.0,0.0,0.0,0.0,0,0,0.6475,17.47,29.74,16.36,0,0,,,35,0,0,0,0,0,0,0,0,0,0,0,180,209,0,0,0,33,2662.27,179.77,21,1840.15,182.7,0,0.0,770.69,3,2,1460.22,188.0,0.0,0,0.0,0,0.0,0,100.0,1,0.0,0,0.0,5.51,83.66,0.0,10.83,5,88.56,30,50,0,,,0,0,33.94960376349341,-118.39419806516364,reconstructed,0.5455420003637104,0,0,0,0.0,0.0,0.0,0.0,0.0,0.0,0.0,0.0,0,total_crime_est,police_station_count,0.01563103795160291
AD-7,44,US,1395,BlockApportionment:US.BlockGroups;PointsLayer:US.BlockPoints,2.191,2.576,1,55,1910,83,81,74.14,2.51,140,44,US,1395,BlockApportionment:US.BlockGroups;PointsLayer:US.BlockPoints,2.191,2.576,1,42.91,5.06,11.41,38.96,5.54,6.68,1.69,21.61,124,130,0.6475,17.47,29.74,16.36,0,0,,,0,0,0,0,0,0,0,0,0,0,0,0,71,67,0,0,0,0,0.0,787.34,0,0.0,787.34,0,0.0,684.59,0,0,0.0,800.77,0.0,0,0.0,0,0.0,0,100.0,1,0.0,0,2.06,50.43,23.16,1.03,25.39,3,45.59,30,7,0,,,0,0,34.28438019506342,-118.3945265482926,reconstructed,0.5520079765333537,55,1910,81,42.91,5.06,11.41,38.96,5.54,6.68,2.51,21.61,130,2023 Pop 35-64: No Health Insurance (ACS 5-Yr): Percent,affordable_housing_count,-0.0035096289439795376
AD-8,26,US,1377,BlockApportionment:US.BlockGroups;PointsLayer:US.BlockPoints,2.191,2.576,1,87,1721,94,114,73.97,2.98,134,26,US,1377,BlockApportionment:US.BlockGroups;PointsLayer:US.BlockPoints,2.191,2.576,1,40.77,5.23,11.09,34.51,3.3,4.89,3.26,16.71,111,116,0.6475,17.47,29.74,16.36,0,0,,,27,0,0,0,0,1,0,0,0,0,0,0,166,151,0,0,1,14,2571.18,102.41,9,1992.06,102.41,5,806.95,183.15,1,2,1823.26,100.79,0.0,0,0.0,0,0.0,0,100.0,1,0.0,0,3.89,25.09,50.88,2.47,21.55,5,64.45,30,8,1,34.27537164,-118.396397085,1,1,34.27659469665482,-118.39451890915004,detection_avg,0.5647852923282535,87,1721,114,40.77,5.23,11.09,34.51,3.3,4.89,2.98,16.71,116,pct_below_poverty,lausd_school_site_count,0.004859454660341126
AD-9,3,US,1354,BlockApportionment:US.BlockGroups;PointsLayer:US.BlockPoints,2.191,2.576,1,115,1058,72,57,77.6,3.2,75,3,US,1354,BlockApportionment:US.BlockGroups;PointsLayer:US.BlockPoints,2.191,2.576,1,47.58,6.97,10.21,26.37,7.09,4.16,4.55,16.79,84,92,0.6475,17.47,29.74,16.36,0,0,,,9,0,0,1,0,0,0,0,0,0,0,0,53,63,0,0,0,15,1276.38,195.59,0,0.0,735.85,20,2227.07,75.87,3,0,0.0,735.53,45.07,1,0.0,0,0.0,0,100.0,1,0.0,0,11.33,49.38,28.32,3.72,18.58,5,46.42,30,9,1,34.27461091,-118.39579145,0,1,34.26880919824621,-118.39451127000753,detection_avg,0.5862343781751362,115,1058,57,47.58,6.97,10.21,26.37,7.09,4.16,3.2,16.79,92,pct_below_poverty,library_count,0.0030303848219510048
AE-10,26,US,1327,BlockApportionment:US.BlockGroups;PointsLayer:US.BlockPoints,2.191,2.576,0,0,0,0,0,0.0,0.0,0,26,US,1327,BlockApportionment:US.BlockGroups;PointsLayer:US.BlockPoints,2.191,2.576,0,0.0,0.0,0.0,0.0,0.0,0.0,0.0,0.0,0,0,0.6475,17.47,29.74,16.36,0,0,,,0,0,0,0,0,0,0,0,0,0,0,0,0,0,0,0,0,0,0.0,1538.06,0,0.0,1757.93,35,3685.99,9.01,1,0,0.0,1803.35,27.95,1,0.0,0,0.0,0,100.0,1,0.0,0,5.84,44.16,13.75,3.61,38.49,4,37.87,31,10,0,,,0,0,34.26101688575548,-118.38639588706772,reconstructed,0.5203919581477827,0,0,0,0.0,0.0,0.0,0.0,0.0,0.0,0.0,0.0,0,total_crime_est,police_station_count,0.01563103795160291
AE-11,47,US,1298,BlockApportionment:US.BlockGroups;PointsLayer:US.BlockPoints,2.191,2.576,1,234,1,139,0,100.0,0.0,0,47,US,1298,BlockApportionment:US.BlockGroups;PointsLayer:US.BlockPoints,2.191,2.576,1,0.0,0.0,0.0,0.0,0.0,0.0,0.0,0.0,0,0,0.6475,17.47,29.74,16.36,0,0,,,6,0,0,0,0,0,0,0,0,0,0,0,88,84,0,0,0,0,0.0,1421.05,0,0.0,2517.65,2,672.14,377.38,1,0,0.0,2518.99,58.69,1,0.0,0,1.86,1,100.0,1,0.0,0,5.83,19.79,36.93,6.18,37.1,4,54.1,31,11,0,,,0,0,34.25323138734688,-118.38638824792518,reconstructed,0.5368710138529932,234,1,0,0.0,0.0,0.0,0.0,0.0,0.0,0.0,0.0,0,total_population,police_station_count,0.014887120162689128
AE-12,19,US,1270,BlockApportionment:US.BlockGroups;PointsLayer:US.BlockPoints,2.191,2.576,0,0,0,0,0,0.0,0.0,0,19,US,1270,BlockApportionment:US.BlockGroups;PointsLayer:US.BlockPoints,2.191,2.576,0,0.0,0.0,0.0,0.0,0.0,0.0,0.0,0.0,0,0,0.6475,17.47,29.74,16.36,0,0,,,6,0,0,0,0,0,0,0,0,0,0,0,155,132,0,0,0,0,0.0,850.17,0,0.0,1729.77,0,0.0,849.16,1,0,0.0,1730.78,4.59,1,0.0,0,0.25,1,100.0,1,0.0,0,0.18,18.05,55.04,0.53,26.37,5,68.47,31,12,0,,,0,0,34.24544588893827,-118.38638060878264,reconstructed,0.5134715835628708,0,0,0,0.0,0.0,0.0,0.0,0.0,0.0,0.0,0.0,0,total_crime_est,police_station_count,0.01563103795160291
AE-13,43,US,1244,BlockApportionment:US.BlockGroups;PointsLayer:US.BlockPoints,2.191,2.576,1,209,116,153,119,72.41,1.83,126,43,US,1244,BlockApportionment:US.BlockGroups;PointsLayer:US.BlockPoints,2.191,2.576,1,25.0,6.25,7.26,75.0,4.4,3.15,1.03,15.38,142,148,0.6475,17.47,29.74,16.36,0,0,,,18,0,0,0,0,0,0,0,0,0,0,0,83,76,0,0,0,10,939.56,280.13,0,0.0,963.98,0,0.0,1436.91,1,0,0.0,980.41,11.39,1,0.0,0,0.0,0,100.0,1,0.0,0,1.89,28.23,28.74,2.07,40.96,4,49.55,31,13,0,,,0,0,34.23766039052967,-118.3863729696401,reconstructed,0.5841935432762443,209,116,119,25.0,6.25,7.26,75.0,4.4,3.15,1.83,15.38,148,total_population,police_station_count,0.012490203271661924
AE-14,10,US,1211,BlockApportionment:US.BlockGroups;PointsLayer:US.BlockPoints,2.191,2.576,1,200,802,164,105,78.8,0.95,130,10,US,1211,BlockApportionment:US.BlockGroups;PointsLayer:US.BlockPoints,2.191,2.576,1,32.57,7.8,9.0,58.73,5.92,4.46,0.88,20.39,124,132,0.6475,17.47,29.74,16.36,0,0,,,27,0,0,0,0,0,0,0,0,0,0,0,208,172,0,0,0,68,9164.84,133.92,39,6478.17,133.92,0,0.0,1409.66,0,2,1882.78,165.87,5.57,1,0.0,0,0.0,0,100.0,1,0.0,0,1.41,10.6,71.02,3.53,14.84,5,79.29,31,14,1,34.22596351000001,-118.38623163333334,0,1,34.22987489212106,-118.38636533049758,detection_avg,0.6163802815954204,200,802,105,32.57,7.8,9.0,58.73,5.92,4.46,0.95,20.39,132,total_crime_est,affordable_housing_count,-0.004029634780499153
AE-15,28,US,1179,BlockApportionment:US.BlockGroups;PointsLayer:US.BlockPoints,2.191,2.576,1,208,678,174,171,73.6,1.9,95,28,US,1179,BlockApportionment:US.BlockGroups;PointsLayer:US.BlockPoints,2.191,2.576,1,45.06,4.72,8.44,51.15,4.96,4.69,1.32,30.97,77,79,0.6475,17.47,29.74,16.36,0,0,,,37,0,0,0,0,0,0,0,0,0,0,1,266,264,0,0,0,17,1417.67,162.07,0,0.0,608.89,0,0.0,1179.61,3,0,0.0,677.08,0.0,0,0.0,0,0.0,0,100.0,1,0.0,0,0.69,6.71,80.72,1.89,10.67,5,86.3,31,15,1,34.22044803,-118.38814382,0,1,34.22208939371246,-118.38635769135504,detection_avg,0.5901879527444988,208,678,171,45.06,4.72,8.44,51.15,4.96,4.69,1.9,30.97,79,total_crime_est,affordable_housing_count,-0.004352461984199144
AE-16,44,US,1145,BlockApportionment:US.BlockGroups;PointsLayer:US.BlockPoints,2.191,2.576,1,136,4010,129,107,72.67,1.98,79,44,US,1145,BlockApportionment:US.BlockGroups;PointsLayer:US.BlockPoints,2.191,2.576,1,40.04,6.98,14.39,35.26,5.51,6.23,0.72,21.32,80,84,0.6475,17.47,29.74,16.36,0,0,,,25,0,0,0,0,0,0,0,0,0,0,1,293,280,0,0,2,16,864.89,160.43,0,0.0,1452.06,0,0.0,1318.26,4,0,0.0,1541.83,0.0,0,0.0,0,0.0,0,100.0,1,0.0,0,1.06,19.43,60.42,3.53,16.61,5,71.98,31,16,1,34.212822462,-118.387826148,0,1,34.21430389530386,-118.3863500522125,detection_avg,0.6478056756467963,136,4010,107,40.04,6.98,14.39,35.26,5.51,6.23,1.98,21.32,84,pct_below_poverty,lausd_school_site_count,-0.004034231649821251
AE-17,9,US,1110,BlockApportionment:US.BlockGroups;PointsLayer:US.BlockPoints,2.191,2.576,1,129,5231,96,71,78.51,1.97,80,9,US,1110,BlockApportionment:US.BlockGroups;PointsLayer:US.BlockPoints,2.191,2.576,1,19.9,9.26,18.64,31.1,13.2,6.68,0.61,27.06,88,91,0.6475,17.47,29.74,16.36,0,0,,,51,0,0,0,0,1,0,0,0,0,0,1,476,458,0,0,2,31,1420.75,160.34,0,0.0,1486.32,0,0.0,1240.2,3,0,0.0,1652.53,3.53,1,0.0,0,1.78,1,100.0,1,0.0,0,0.86,11.19,66.61,3.79,18.42,5,76.37,31,17,0,,,1,0,34.20651839689525,-118.38634241306998,reconstructed,0.6602916813840235,129,5231,71,19.9,9.26,18.64,31.1,13.2,6.68,1.97,27.06,91,pct_below_poverty,lausd_school_site_count,-0.004933114656000405
AE-18,24,US,1075,BlockApportionment:US.BlockGroups;PointsLayer:US.BlockPoints,2.191,2.576,1,154,2017,121,150,79.67,2.15,62,24,US,1075,BlockApportionment:US.BlockGroups;PointsLayer:US.BlockPoints,2.191,2.576,1,17.73,5.69,33.73,47.63,10.12,5.69,1.71,23.52,57,61,0.6475,17.47,29.74,16.36,0,0,,,32,0,0,0,0,0,0,0,0,0,0,0,337,342,0,0,0,9,864.84,161.2,0,0.0,1498.08,0,0.0,1505.64,4,0,0.0,1528.34,2.12,1,0.0,0,0.04,1,100.0,1,0.0,0,0.53,7.77,76.15,2.65,13.43,5,83.15,31,18,0,,,0,0,34.19873289848665,-118.38633477392744,reconstructed,0.6477874336255189,154,2017,150,17.73,5.69,33.73,47.63,10.12,5.69,2.15,23.52,61,pct_below_poverty,lausd_school_site_count,-0.009166324590129124
AE-19,41,US,1042,BlockApportionment:US.BlockGroups;PointsLayer:US.BlockPoints,2.191,2.576,1,134,4973,122,150,66.72,1.59,70,41,US,1042,BlockApportionment:US.BlockGroups;PointsLayer:US.BlockPoints,2.191,2.576,1,21.4,5.06,23.94,40.31,6.35,8.21,1.32,22.45,74,80,0.6475,17.47,29.74,16.36,0,0,,,34,0,0,0,0,0,0,0,0,0,0,1,636,648,0,0,0,18,883.92,160.87,0,0.0,1265.85,0,0.0,1192.32,5,0,0.0,1280.66,0.0,0,0.0,0,0.0,0,100.0,1,0.0,0,0.35,12.04,70.09,5.13,12.74,5,78.96,31,19,0,,,0,0,34.19094740007804,-118.3863271347849,reconstructed,0.6730881404301357,134,4973,150,21.4,5.06,23.94,40.31,6.35,8.21,1.59,22.45,80,2023 Pop w/Income Below Poverty Level (ACS 5-Yr): Percent,police_station_count,-0.006663588862602224
AE-20,9,US,1010,BlockApportionment:US.BlockGroups;PointsLayer:US.BlockPoints,2.191,2.576,1,98,4293,94,152,57.7,1.41,72,9,US,1010,BlockApportionment:US.BlockGroups;PointsLayer:US.BlockPoints,2.191,2.576,1,21.44,4.41,21.14,36.7,4.36,5.69,0.92,19.69,77,79,0.6475,17.47,29.74,16.36,0,0,,,34,0,0,0,0,1,0,0,0,0,0,2,445,455,0,0,0,11,855.79,126.16,0,0.0,704.84,0,0.0,810.56,2,0,0.0,846.42,0.0,0,0.0,0,0.0,0,100.0,1,0.0,0,1.38,11.19,68.16,6.2,14.46,5,77.3,31,20,1,34.181156503333334,-118.38464786666668,1,1,34.18316190166944,-118.38631949564238,detection_avg,0.6352146201770263,98,4293,152,21.44,4.41,21.14,36.7,4.36,5.69,1.41,19.69,79,2023 Pop w/Income Below Poverty Level (ACS 5-Yr): Percent,police_station_count,-0.0037481381053768403
AE-21,26,US,977,BlockApportionment:US.BlockGroups;PointsLayer:US.BlockPoints,2.191,2.576,1,111,2865,112,138,39.16,3.11,119,26,US,977,BlockApportionment:US.BlockGroups;PointsLayer:US.BlockPoints,2.191,2.576,1,11.87,3.07,17.31,26.02,2.88,3.76,3.58,11.82,103,104,0.6475,17.47,29.74,16.36,0,0,,,4,0,0,0,0,0,0,0,0,0,0,0,396,409,1,0,0,52,4674.31,145.89,35,3695.23,155.16,3,780.02,218.29,1,2,1428.28,270.49,0.0,0,0.0,0,0.0,0,100.0,1,0.0,0,5.13,21.06,55.4,6.37,17.17,5,67.24,31,21,1,34.1719775,-118.38315913,0,1,34.17537640326083,-118.38631185649984,detection_avg,0.6099598538090166,111,2865,138,11.87,3.07,17.31,26.02,2.88,3.76,3.11,11.82,104,2023 Pop 35-64: No Health Insurance (ACS 5-Yr): Percent,police_station_count,-0.01050039305022845
AE-22,39,US,940,BlockApportionment:US.BlockGroups;PointsLayer:US.BlockPoints,2.191,2.576,1,143,2547,116,226,23.09,1.26,113,39,US,940,BlockApportionment:US.BlockGroups;PointsLayer:US.BlockPoints,2.191,2.576,1,13.1,3.03,12.81,36.69,1.2,4.71,3.64,10.72,100,100,0.6475,17.47,29.74,16.36,0,0,,,12,0,0,0,0,2,1,0,0,0,0,0,239,289,0,0,5,35,4126.47,224.15,35,4126.47,224.15,5,671.24,326.77,5,2,1474.56,250.3,0.0,0,0.0,0,0.0,0,100.0,1,0.0,0,4.66,27.59,49.83,5.0,17.59,5,63.48,31,22,1,34.16906351,-118.38575013,3,1,34.167590904852226,-118.3863042173573,detection_avg,0.609800965305004,143,2547,226,13.1,3.03,12.81,36.69,1.2,4.71,1.26,10.72,100,pct_below_poverty,lausd_school_site_count,-0.017287578872294845
AE-23,46,US,897,BlockApportionment:US.BlockGroups;PointsLayer:US.BlockPoints,2.191,2.576,1,100,2461,116,210,21.94,5.82,125,46,US,897,BlockApportionment:US.BlockGroups;PointsLayer:US.BlockPoints,2.191,2.576,1,23.13,2.43,6.35,20.81,1.46,5.43,2.69,13.37,119,120,0.6475,17.47,29.74,16.36,0,0,,,12,0,0,0,0,1,0,0,0,0,0,1,324,360,0,0,1,9,1268.99,369.76,9,1268.99,369.76,0,0.0,607.96,1,2,1118.8,369.33,0.0,0,0.0,0,0.0,0,100.0,1,0.0,0,6.01,25.97,56.71,6.18,11.13,5,67.89,31,23,0,,,1,0,34.15980540644362,-118.38629657821478,reconstructed,0.5756680263173568,100,2461,210,23.13,2.43,6.35,20.81,1.46,5.43,5.82,13.37,120,pct_below_poverty,lausd_school_site_count,0.007619617906184437
AE-24,8,US,859,BlockApportionment:US.BlockGroups;PointsLayer:US.BlockPoints,2.191,2.576,1,91,3233,67,186,12.87,11.45,141,8,US,859,BlockApportionment:US.BlockGroups;PointsLayer:US.BlockPoints,2.191,2.576,1,15.07,4.18,11.54,15.49,0.16,3.59,11.41,4.59,152,152,0.6475,17.47,29.74,16.36,0,0,,,0,0,0,0,0,0,1,0,0,0,0,1,448,478,0,2,1,0,0.0,477.13,0,0.0,477.13,1,152.27,426.89,2,0,0.0,473.24,0.0,0,0.0,0,0.0,0,100.0,1,0.0,0,4.99,25.99,53.87,4.13,16.01,5,66.21,31,24,0,,,1,0,34.152019908035015,-118.38628893907224,reconstructed,0.5684735241627951,91,3233,186,15.07,4.18,11.54,15.49,0.16,3.59,11.45,4.59,152,pct_below_poverty,lausd_school_site_count,0.004294505058286659
AE-25,34,US,835,BlockApportionment:US.BlockGroups;PointsLayer:US.BlockPoints,2.191,2.576,1,112,1798,80,136,11.68,15.21,189,34,US,835,BlockApportionment:US.BlockGroups;PointsLayer:US.BlockPoints,2.191,2.576,1,17.02,4.53,11.7,10.65,1.04,0.25,12.72,9.13,237,233,0.6475,17.47,29.74,16.36,0,0,,,16,0,0,0,0,0,0,0,0,0,0,0,356,386,0,0,0,10,876.1,162.41,0,0.0,1323.72,2,1072.93,79.0,9,0,0.0,1338.03,0.0,0,0.0,0,0.0,0,100.0,1,0.0,0,4.59,31.98,45.58,3.89,18.55,5,60.53,31,25,1,34.14081315,-118.38600635,0,1,34.14423440962641,-118.3862812999297,detection_avg,0.5914428140185959,112,1798,136,17.02,4.53,11.7,10.65,1.04,0.25,15.21,9.13,233,esri_market_idx_14068_forecast,la_geohub_fire_hazard_area_pct,0.006374615957546275
AE-26,15,US,816,BlockApportionment:US.BlockGroups;PointsLayer:US.BlockPoints,2.191,2.576,1,136,1057,90,233,10.03,2.86,250,15,US,816,BlockApportionment:US.BlockGroups;PointsLayer:US.BlockPoints,2.191,2.576,1,14.51,0.91,7.63,15.0,0.0,0.0,1.17,11.99,226,220,0.6475,17.47,29.74,16.36,0,0,,,0,0,0,0,0,0,0,0,0,0,0,1,117,113,0,0,0,0,0.0,639.95,0,0.0,1890.37,3,185.28,433.02,0,0,0.0,1942.7,0.0,0,0.0,0,0.0,0,100.0,1,0.0,0,16.64,65.31,12.57,1.95,20.18,3,33.81,31,26,0,,,0,0,34.136448911217805,-118.38627366078718,reconstructed,0.5503232493276611,136,1057,233,14.51,0.91,7.63,15.0,0.0,0.0,2.86,11.99,220,esri_market_idx_14068_forecast,la_geohub_fire_hazard_area_pct,0.0065889645365468956
AE-33,14,US,665,BlockApportionment:US.BlockGroups;PointsLayer:US.BlockPoints,2.191,2.576,1,240,1262,255,33,11.49,4.39,186,14,US,665,BlockApportionment:US.BlockGroups;PointsLayer:US.BlockPoints,2.191,2.576,1,10.25,3.68,9.73,23.77,1.08,2.59,3.73,10.41,176,172,0.6475,17.47,29.74,16.36,0,0,,,18,0,0,1,0,0,0,0,0,0,0,1,149,164,0,0,0,23,1557.94,300.17,0,0.0,4776.89,0,0.0,1471.75,17,0,0.0,4116.95,28.1,1,0.0,0,4.58,1,100.0,1,0.0,0,4.43,22.52,59.22,1.06,17.2,5,70.12,31,33,0,,,0,0,34.08195042235757,-118.38622018678944,reconstructed,0.5689647515554281,240,1262,33,10.25,3.68,9.73,23.77,1.08,2.59,4.39,10.41,172,total_crime_est,affordable_housing_count,-0.003702411760139946
AE-34,35,US,636,BlockApportionment:US.BlockGroups;PointsLayer:US.BlockPoints,2.191,2.576,1,213,5804,214,171,8.18,2.45,129,35,US,636,BlockApportionment:US.BlockGroups;PointsLayer:US.BlockPoints,2.191,2.576,1,17.44,3.26,13.96,41.31,4.24,4.17,1.19,9.02,125,122,0.6475,17.47,29.74,16.36,0,0,,,36,0,0,0,0,0,1,0,0,0,0,0,497,554,0,0,0,0,0.0,563.6,0,0.0,3922.69,0,0.0,923.64,2,0,0.0,3943.31,22.68,1,0.0,0,22.75,1,100.0,1,0.0,0,4.14,20.86,61.38,1.55,16.21,5,71.72,31,34,1,34.074615263333335,-118.38563687,1,1,34.07416492394896,-118.3862125476469,detection_avg,0.5734699153654049,213,5804,171,17.44,3.26,13.96,41.31,4.24,4.17,2.45,9.02,122,total_crime_est,affordable_housing_count,-0.004460924609959684
AE-35,5,US,606,BlockApportionment:US.BlockGroups;PointsLayer:US.BlockPoints,2.191,2.576,1,147,2561,201,117,7.42,2.51,124,5,US,606,BlockApportionment:US.BlockGroups;PointsLayer:US.BlockPoints,2.191,2.576,1,20.82,0.66,8.86,43.59,0.44,0.5,2.16,6.65,157,160,0.6475,17.47,29.74,16.36,0,0,,,30,0,1,0,0,1,1,0,0,0,0,0,350,315,0,0,0,23,680.1,301.13,0,0.0,3072.74,0,0.0,723.28,3,0,0.0,3091.12,0.0,0,0.0,0,0.0,0,100.0,1,0.0,0,0.71,12.74,70.97,3.01,13.27,5,79.47,31,35,0,,,2,0,34.06637942554036,-118.38620490850435,reconstructed,0.5773311004676994,147,2561,117,20.82,0.66,8.86,43.59,0.44,0.5,2.51,6.65,160,2023 Pop w/Income Below Poverty Level (ACS 5-Yr): Percent,fire_station_count,0.007835530266796478
AE-36,25,US,576,BlockApportionment:US.BlockGroups;PointsLayer:US.BlockPoints,2.191,2.576,1,102,3602,115,105,8.0,4.75,138,25,US,576,BlockApportionment:US.BlockGroups;PointsLayer:US.BlockPoints,2.191,2.576,1,18.22,5.39,8.61,28.66,1.48,3.24,4.15,8.68,133,132,0.6475,17.47,29.74,16.36,0,0,,,30,0,0,0,0,0,5,0,0,0,0,0,843,906,0,3,0,45,1427.89,145.05,0,0.0,2230.63,0,0.0,723.97,10,0,0.0,2246.65,0.0,0,0.0,0,0.0,0,100.0,1,0.0,0,0.52,19.48,56.55,1.21,22.76,5,69.43,31,36,0,,,5,0,34.05859392713175,-118.38619726936184,reconstructed,0.592797581978324,102,3602,105,18.22,5.39,8.61,28.66,1.48,3.24,4.75,8.68,132,2023 Pop w/Income Below Poverty Level (ACS 5-Yr): Percent,police_station_count,0.002424768066497313
AE-37,39,US,540,BlockApportionment:US.BlockGroups;PointsLayer:US.BlockPoints,2.191,2.576,1,99,2847,93,129,11.7,1.52,174,39,US,540,BlockApportionment:US.BlockGroups;PointsLayer:US.BlockPoints,2.191,2.576,1,22.98,9.29,5.06,12.33,1.0,4.96,2.32,8.84,171,172,0.6475,17.47,29.74,16.36,0,0,,,18,0,1,1,1,1,2,1,0,0,0,1,434,375,0,0,0,0,0.0,697.76,0,0.0,1409.94,0,0.0,758.71,5,0,0.0,1419.17,0.0,0,0.0,0,0.0,0,100.0,1,0.0,0,2.3,29.26,41.13,1.06,28.55,5,58.1,31,37,0,,,3,0,34.05080842872315,-118.3861896302193,reconstructed,0.5726252503913473,99,2847,129,22.98,9.29,5.06,12.33,1.0,4.96,1.52,8.84,172,pct_below_poverty,library_count,0.008132000538165604
AE-38,3,US,504,BlockApportionment:US.BlockGroups;PointsLayer:US.BlockPoints,2.191,2.576,1,78,4321,90,136,46.31,2.26,112,3,US,504,BlockApportionment:US.BlockGroups;PointsLayer:US.BlockPoints,2.191,2.576,1,15.12,1.49,15.64,26.39,0.77,3.94,2.22,12.18,124,125,0.6475,17.47,29.74,16.36,0,0,,,24,0,0,0,0,0,0,0,0,0,0,1,499,515,0,0,2,0,0.0,640.68,0,0.0,640.68,0,0.0,703.31,6,0,0.0,642.82,0.0,0,0.0,0,0.0,0,100.0,1,0.0,0,1.9,28.28,47.76,0.69,23.28,5,62.86,31,38,0,,,0,0,34.04302293031454,-118.38618199107675,reconstructed,0.5685589280656854,78,4321,136,15.12,1.49,15.64,26.39,0.77,3.94,2.26,12.18,125,pct_below_poverty,lausd_school_site_count,-0.004425293479566741
AE-39,17,US,468,BlockApportionment:US.BlockGroups;PointsLayer:US.BlockPoints,2.191,2.576,1,154,2170,145,114,45.16,3.02,120,17,US,468,BlockApportionment:US.BlockGroups;PointsLayer:US.BlockPoints,2.191,2.576,1,13.46,2.75,13.14,15.17,1.7,2.94,2.93,10.36,125,123,0.6475,17.47,29.74,16.36,0,0,,,33,0,0,0,2,1,0,0,0,0,0,2,446,397,0,0,0,29,4334.6,42.73,12,2650.6,42.73,0,0.0,496.35,11,2,1736.79,41.85,0.0,0,0.0,0,0.0,0,100.0,1,0.0,0,0.71,17.35,57.88,1.59,23.19,5,70.3,31,39,1,34.030715353333335,-118.38848398333332,1,1,34.03523743190594,-118.38617435193424,detection_avg,0.6380554385950475,154,2170,114,13.46,2.75,13.14,15.17,1.7,2.94,3.02,10.36,123,2023 Pop w/Income Below Poverty Level (ACS 5-Yr): Percent,college_count,-0.004865203673160039
AE-40,32,US,433,BlockApportionment:US.BlockGroups;PointsLayer:US.BlockPoints,2.191,2.576,1,391,2023,369,117,24.17,5.35,202,32,US,433,BlockApportionment:US.BlockGroups;PointsLayer:US.BlockPoints,2.191,2.576,1,18.77,0.36,6.11,28.74,1.29,3.27,5.81,7.89,174,172,0.6475,17.47,29.74,16.36,0,0,,,15,0,0,0,0,0,2,0,0,0,0,0,79,69,0,0,0,3,111.98,473.0,0,0.0,625.85,0,0.0,548.97,16,0,0.0,750.2,0.0,0,0.0,0,0.0,0,100.0,1,0.0,0,3.1,15.86,70.69,2.76,10.69,5,78.55,31,40,0,,,2,0,34.02745193349733,-118.3861667127917,reconstructed,0.5678083425203628,391,2023,117,18.77,0.36,6.11,28.74,1.29,3.27,5.35,7.89,172,total_crime_est,police_station_count,-0.01029265460802515
AE-41,48,US,399,BlockApportionment:US.BlockGroups;PointsLayer:US.BlockPoints,2.191,2.576,1,367,534,354,129,20.22,1.71,253,48,US,399,BlockApportionment:US.BlockGroups;PointsLayer:US.BlockPoints,2.191,2.576,1,12.64,0.37,3.07,12.86,3.51,1.62,2.01,8.77,195,187,0.6475,17.47,29.74,16.36,0,0,,,0,0,0,0,0,0,0,0,0,0,0,0,27,25,0,0,0,13,1071.77,110.18,0,0.0,1312.75,1,954.26,240.05,6,0,0.0,1489.18,0.0,0,0.0,0,0.0,0,100.0,1,0.0,0,11.52,45.92,38.65,0.71,14.72,5,53.6,31,41,0,,,0,0,34.01966643508873,-118.38615907364915,reconstructed,0.5622904774559088,367,534,129,12.64,0.37,3.07,12.86,3.51,1.62,1.71,8.77,187,total_crime_est,police_station_count,-0.010856743329799612
AE-42,14,US,365,BlockApportionment:US.BlockGroups;PointsLayer:US.BlockPoints,2.191,2.576,1,170,1006,70,162,14.41,4.74,135,14,US,365,BlockApportionment:US.BlockGroups;PointsLayer:US.BlockPoints,2.191,2.576,1,9.36,1.69,7.88,29.76,0.59,0.0,4.29,9.07,138,141,0.6475,17.47,29.74,16.36,0,0,,,0,0,0,0,0,0,1,0,0,0,0,0,24,19,0,0,0,16,880.18,386.87,0,0.0,2133.14,4,778.26,162.92,0,0,0.0,2292.83,0.0,0,0.0,0,0.0,0,100.0,1,0.0,0,7.27,38.12,27.48,1.95,32.45,4,47.06,31,42,0,,,1,0,34.01188093668012,-118.38615143450664,reconstructed,0.5493018422761665,170,1006,162,9.36,1.69,7.88,29.76,0.59,0.0,4.74,9.07,141,2023 Pop 35-64: No Health Insurance (ACS 5-Yr): Percent,affordable_housing_count,0.004766418319138193
AE-43,35,US,336,BlockApportionment:US.BlockGroups;PointsLayer:US.BlockPoints,2.191,2.576,1,185,704,109,7,18.75,2.99,152,35,US,336,BlockApportionment:US.BlockGroups;PointsLayer:US.BlockPoints,2.191,2.576,1,32.63,0.85,13.0,3.9,3.19,0.19,2.95,14.58,142,142,0.6475,17.47,29.74,16.36,0,0,,,0,0,0,0,1,0,0,0,1,0,0,0,10,10,0,0,0,0,0.0,697.0,0,0.0,1491.6,4,791.71,19.49,1,0,0.0,1491.9,0.0,0,0.0,0,0.0,0,100.0,1,0.0,0,9.48,49.14,36.55,1.38,12.93,5,52.74,31,43,0,,,0,0,34.00409543827152,-118.3861437953641,reconstructed,0.5337840268229501,185,704,7,32.63,0.85,13.0,3.9,3.19,0.19,2.99,14.58,142,2023 Pop w/Income Below Poverty Level (ACS 5-Yr): Percent,college_count,0.01385671832752742
AE-44,8,US,309,BlockApportionment:US.BlockGroups;PointsLayer:US.BlockPoints,2.191,2.576,1,119,1220,76,24,15.9,0.23,204,8,US,309,BlockApportionment:US.BlockGroups;PointsLayer:US.BlockPoints,2.191,2.576,1,20.14,6.47,15.5,72.3,0.36,0.0,0.24,10.06,160,156,0.6475,17.47,29.74,16.36,0,0,,,0,0,0,0,0,1,0,0,0,0,0,0,19,17,0,0,0,0,0.0,584.54,0,0.0,667.98,0,0.0,820.64,0,0,0.0,668.54,0.0,0,0.0,0,0.0,0,100.0,1,0.0,0,3.72,55.58,19.12,1.42,23.89,3,42.27,31,44,0,,,1,0,33.99630993986291,-118.38613615622155,reconstructed,0.584800156635123,119,1220,24,20.14,6.47,15.5,72.3,0.36,0.0,0.23,10.06,156,2023 Pop 35-64: No Health Insurance (ACS 5-Yr): Percent,affordable_housing_count,0.004766418319138193
AE-45,28,US,279,BlockApportionment:US.BlockGroups;PointsLayer:US.BlockPoints,2.191,2.576,1,210,1582,82,124,14.85,7.1,167,28,US,279,BlockApportionment:US.BlockGroups;PointsLayer:US.BlockPoints,2.191,2.576,1,16.98,0.4,3.29,5.54,0.0,0.0,8.0,6.53,148,146,0.6475,17.47,29.74,16.36,0,0,,,13,0,1,0,1,0,0,0,0,0,0,0,110,112,0,0,0,19,988.09,280.07,7,304.89,395.45,0,0.0,846.92,2,2,250.72,395.38,0.0,0,0.0,0,0.0,0,100.0,1,0.0,0,2.07,29.53,44.91,1.21,24.35,5,60.82,31,45,0,,,0,0,33.98852444145431,-118.38612851707904,reconstructed,0.5466787774368302,210,1582,124,16.98,0.4,3.29,5.54,0.0,0.0,7.1,6.53,146,2023 Pop w/Income Below Poverty Level (ACS 5-Yr): Percent,college_count,-0.0060900266586300066
AE-46,2,US,253,BlockApportionment:US.BlockGroups;PointsLayer:US.BlockPoints,2.191,2.576,1,162,2994,56,267,11.69,3.93,126,2,US,253,BlockApportionment:US.BlockGroups;PointsLayer:US.BlockPoints,2.191,2.576,1,12.41,9.22,10.23,29.98,0.19,1.04,4.97,8.39,116,116,0.6475,17.47,29.74,16.36,0,0,,,10,0,0,0,0,0,1,0,0,0,0,0,77,79,0,0,0,29,5355.85,217.33,25,5045.54,217.33,1,864.87,205.76,1,2,1714.36,234.24,0.0,0,0.0,0,0.0,0,100.0,1,0.0,0,0.88,23.01,49.73,0.18,27.08,5,64.55,31,46,0,,,1,0,33.9807389430457,-118.3861208779365,reconstructed,0.6015402619912719,162,2994,267,12.41,9.22,10.23,29.98,0.19,1.04,3.93,8.39,116,total_population,police_station_count,-0.0025467450281738734
AE-47,27,US,228,BlockApportionment:US.BlockGroups;PointsLayer:US.BlockPoints,2.191,2.576,1,73,1698,60,188,19.91,2.1,198,27,US,228,BlockApportionment:US.BlockGroups;PointsLayer:US.BlockPoints,2.191,2.576,1,18.04,2.2,3.5,19.72,0.0,0.98,1.94,9.32,185,189,0.6475,17.47,29.74,16.36,0,0,,,0,0,0,0,0,0,0,0,0,0,0,1,131,133,0,0,1,1,7.63,453.69,1,7.63,453.69,0,0.0,549.09,0,1,5.62,497.57,0.0,0,0.0,0,0.0,0,100.0,1,0.0,0,3.1,32.59,37.07,1.03,29.31,5,55.02,31,47,0,,,0,0,33.9729534446371,-118.38611323879395,reconstructed,0.5351672930852742,73,1698,188,18.04,2.2,3.5,19.72,0.0,0.98,2.1,9.32,189,pct_below_poverty,lausd_school_site_count,0.009321062041569458
AE-48,5,US,206,BlockApportionment:US.BlockGroups;PointsLayer:US.BlockPoints,2.191,2.576,1,75,1732,79,88,26.04,1.48,195,5,US,206,BlockApportionment:US.BlockGroups;PointsLayer:US.BlockPoints,2.191,2.576,1,25.1,4.83,6.95,22.27,0.47,1.06,1.4,12.09,149,150,0.6475,17.47,29.74,16.36,0,0,,,27,0,0,0,0,0,2,0,0,0,0,0,244,229,0,0,0,13,902.82,347.39,0,0.0,1186.66,0,0.0,1298.82,3,0,0.0,1216.07,0.0,0,0.0,0,0.0,0,100.0,1,0.0,0,0.89,15.07,62.06,1.6,21.28,5,73.18,31,48,0,,,2,0,33.9651679462285,-118.38610559965144,reconstructed,0.5480558853108162,75,1732,88,25.1,4.83,6.95,22.27,0.47,1.06,1.48,12.09,150,2023 Pop w/Income Below Poverty Level (ACS 5-Yr): Percent,police_station_count,0.0036369266357119258
AE-49,33,US,184,BlockApportionment:US.BlockGroups;PointsLayer:US.BlockPoints,2.191,2.576,1,217,2312,119,29,29.93,4.95,80,33,US,184,BlockApportionment:US.BlockGroups;PointsLayer:US.BlockPoints,2.191,2.576,1,25.11,3.3,13.08,28.02,1.09,4.03,7.54,6.52,81,80,0.6475,17.47,29.74,16.36,0,0,,,0,0,0,0,0,0,0,0,0,0,0,0,110,136,0,0,0,0,0.0,517.25,0,0.0,980.85,0,0.0,1210.12,1,0,0.0,1014.87,0.0,0,0.0,0,0.0,0,100.0,1,0.0,0,1.42,16.84,69.15,1.42,12.59,5,77.98,31,49,0,,,0,0,33.95738244781989,-118.3860979605089,reconstructed,0.5821825130582845,217,2312,29,25.11,3.3,13.08,28.02,1.09,4.03,4.95,6.52,80,total_crime_est,affordable_housing_count,-0.00449244123944705
AE-7,45,US,1396,BlockApportionment:US.BlockGroups;PointsLayer:US.BlockPoints,2.191,2.576,1,70,2158,90,195,63.39,2.27,118,45,US,1396,BlockApportionment:US.BlockGroups;PointsLayer:US.BlockPoints,2.191,2.576,1,33.88,2.48,11.57,49.54,2.07,3.35,2.26,17.02,98,101,0.6475,17.47,29.74,16.36,0,0,,,15,0,0,0,0,1,0,0,0,0,0,1,119,123,0,0,0,0,0.0,653.99,0,0.0,653.99,0,0.0,698.4,1,0,0.0,653.98,0.0,0,0.0,0,0.0,0,100.0,1,0.0,0,3.18,33.04,32.69,3.0,31.27,5,51.93,31,7,0,,,1,0,34.2843733809813,-118.38641880449532,reconstructed,0.5275051331421798,70,2158,195,33.88,2.48,11.57,49.54,2.07,3.35,2.27,17.02,101,total_population,police_station_count,-0.002728435540254727
AE-8,27,US,1378,BlockApportionment:US.BlockGroups;PointsLayer:US.BlockPoints,2.191,2.576,1,103,1452,79,102,72.93,2.55,71,27,US,1378,BlockApportionment:US.BlockGroups;PointsLayer:US.BlockPoints,2.191,2.576,1,42.22,4.44,10.48,33.9,5.75,3.51,2.78,19.25,75,81,0.6475,17.47,29.74,16.36,0,0,,,0,0,0,0,0,0,0,0,0,0,0,0,31,28,0,0,0,18,3478.97,143.37,10,2444.76,143.37,13,2054.96,71.7,2,2,1740.99,148.18,17.15,1,0.0,0,0.0,0,100.0,1,0.0,0,2.07,46.64,19.97,3.96,29.43,3,43.36,31,8,1,34.27642887,-118.38399201,0,1,34.27658788257269,-118.38641116535278,detection_avg,0.5878713909076726,103,1452,102,42.22,4.44,10.48,33.9,5.75,3.51,2.55,19.25,81,2023 Pop 35-64: No Health Insurance (ACS 5-Yr): Percent,affordable_housing_count,0.0020828521636532546
AE-9,4,US,1355,BlockApportionment:US.BlockGroups;PointsLayer:US.BlockPoints,2.191,2.576,0,0,0,0,0,0.0,0.0,0,4,US,1355,BlockApportionment:US.BlockGroups;PointsLayer:US.BlockPoints,2.191,2.576,0,0.0,0.0,0.0,0.0,0.0,0.0,0.0,0.0,0,0,0.6475,17.47,29.74,16.36,0,0,,,0,0,0,0,0,0,0,0,0,0,0,0,0,0,0,0,0,0,0.0,704.95,0,0.0,941.92,32,4291.84,210.06,2,0,0.0,974.16,100.0,1,0.0,0,0.0,0,100.0,1,0.0,0,25.22,53.62,13.05,11.64,21.69,3,31.57,31,9,0,,,0,0,34.26880238416409,-118.38640352621024,reconstructed,0.5007480256451902,0,0,0,0.0,0.0,0.0,0.0,0.0,0.0,0.0,0.0,0,total_crime_est,police_station_count,0.01563103795160291
AF-10,27,US,1328,BlockApportionment:US.BlockGroups;PointsLayer:US.BlockPoints,2.191,2.576,0,0,0,0,0,0.0,0.0,0,27,US,1328,BlockApportionment:US.BlockGroups;PointsLayer:US.BlockPoints,2.191,2.576,0,0.0,0.0,0.0,0.0,0.0,0.0,0.0,0.0,0,0,0.6475,17.47,29.74,16.36,0,0,,,0,0,0,0,0,0,0,0,0,0,0,0,0,0,0,0,0,0,0.0,1227.13,0,0.0,1227.13,6,2046.51,32.22,0,0,0.0,1233.99,92.29,1,0.0,0,0.0,0,100.0,1,0.0,0,41.92,61.0,12.03,11.51,15.46,7,25.84,32,10,0,,,0,0,34.26101007167336,-118.37828814327044,reconstructed,0.4977817896331771,0,0,0,0.0,0.0,0.0,0.0,0.0,0.0,0.0,0.0,0,total_crime_est,police_station_count,0.01563103795160291
AF-11,48,US,1299,BlockApportionment:US.BlockGroups;PointsLayer:US.BlockPoints,2.191,2.576,1,234,348,139,162,54.89,4.27,97,48,US,1299,BlockApportionment:US.BlockGroups;PointsLayer:US.BlockPoints,2.191,2.576,1,27.88,8.65,2.95,53.7,0.0,0.0,2.81,12.87,104,106,0.6475,17.47,29.74,16.36,0,0,,,0,0,0,0,0,0,0,0,0,0,0,1,33,27,0,0,0,0,0.0,1700.34,0,0.0,2089.52,0,0.0,576.54,1,0,0.0,2093.8,16.36,1,0.0,0,0.0,0,100.0,1,0.0,0,2.83,37.7,18.76,3.54,40.0,4,42.28,32,11,0,,,0,0,34.25322457326476,-118.37828050412791,reconstructed,0.5617312916517152,234,348,162,27.88,8.65,2.95,53.7,0.0,0.0,4.27,12.87,106,total_population,police_station_count,0.008270717996317475
AF-12,20,US,1271,BlockApportionment:US.BlockGroups;PointsLayer:US.BlockPoints,2.191,2.576,1,206,183,124,90,27.32,4.81,102,20,US,1271,BlockApportionment:US.BlockGroups;PointsLayer:US.BlockPoints,2.191,2.576,1,20.31,0.0,6.04,75.0,0.91,1.34,2.54,21.82,88,90,0.6475,17.47,29.74,16.36,0,0,,,0,0,0,0,0,0,0,1,0,0,0,0,29,22,0,0,0,0,0.0,1163.59,0,0.0,2293.36,0,0.0,827.06,0,0,0.0,2294.86,49.8,1,0.0,0,0.5,1,100.0,1,0.0,0,2.75,28.69,24.74,2.92,43.64,4,46.49,32,12,0,,,0,0,34.24543907485615,-118.37827286498538,reconstructed,0.5463768906602822,206,183,90,20.31,0.0,6.04,75.0,0.91,1.34,4.81,21.82,90,total_population,police_station_count,0.011186540436243321
AF-13,44,US,1245,BlockApportionment:US.BlockGroups;PointsLayer:US.BlockPoints,2.191,2.576,1,234,75,139,174,54.67,4.17,0,44,US,1245,BlockApportionment:US.BlockGroups;PointsLayer:US.BlockPoints,2.191,2.576,1,50.0,0.0,3.7,0.0,0.0,0.0,2.5,12.82,0,0,0.6475,17.47,29.74,16.36,0,0,,,18,0,0,0,0,0,0,0,0,0,0,0,34,40,0,0,0,0,0.0,833.27,0,0.0,1428.61,0,0.0,605.38,2,0,0.0,1430.23,19.74,1,0.0,0,0.0,0,100.0,1,0.0,0,1.24,17.84,52.65,1.94,27.56,5,66.48,32,13,0,,,0,0,34.23765357644755,-118.37826522584284,reconstructed,0.5242958814933644,234,75,174,50.0,0.0,3.7,0.0,0.0,0.0,4.17,12.82,0,total_population,police_station_count,0.013321820997236384
AF-14,11,US,1212,BlockApportionment:US.BlockGroups;PointsLayer:US.BlockPoints,2.191,2.576,1,234,63,139,140,55.56,4.0,95,11,US,1212,BlockApportionment:US.BlockGroups;PointsLayer:US.BlockPoints,2.191,2.576,1,30.77,7.69,3.57,57.14,0.0,0.0,2.38,12.2,98,107,0.6475,17.47,29.74,16.36,0,0,,,6,0,0,0,0,0,0,0,0,0,0,0,167,173,0,0,1,12,854.26,181.94,0,0.0,564.24,0,0.0,1160.59,1,0,0.0,566.32,15.66,1,0.0,0,0.47,1,100.0,1,0.0,0,0.0,1.72,73.02,0.17,25.09,5,81.11,32,14,1,34.23169743333333,-118.37456137333334,0,1,34.22986807803894,-118.37825758670031,detection_avg,0.5685945200767221,234,63,140,30.77,7.69,3.57,57.14,0.0,0.0,4.0,12.2,107,total_population,police_station_count,0.013570051636433524
AF-15,29,US,1180,BlockApportionment:US.BlockGroups;PointsLayer:US.BlockPoints,2.191,2.576,1,233,229,170,24,81.22,3.74,71,29,US,1180,BlockApportionment:US.BlockGroups;PointsLayer:US.BlockPoints,2.191,2.576,1,26.32,5.26,15.24,60.0,8.47,6.98,2.82,27.51,64,69,0.6475,17.47,29.74,16.36,0,0,,,12,0,0,0,0,0,0,0,0,0,0,0,195,168,0,0,0,56,5970.67,84.61,39,5002.94,221.1,0,0.0,696.75,1,2,1860.08,272.26,2.47,1,0.0,0,0.88,1,100.0,1,0.0,0,0.18,3.72,84.25,1.59,10.44,5,88.92,32,15,1,34.22638120333334,-118.37529911,0,1,34.22208257963034,-118.37824994755778,detection_avg,0.6379906300283037,233,229,24,26.32,5.26,15.24,60.0,8.47,6.98,3.74,27.51,69,total_population,police_station_count,0.010331458936910903
AF-16,45,US,1146,BlockApportionment:US.BlockGroups;PointsLayer:US.BlockPoints,2.191,2.576,1,160,1296,143,136,75.39,1.36,79,45,US,1146,BlockApportionment:US.BlockGroups;PointsLayer:US.BlockPoints,2.191,2.576,1,41.76,4.95,21.91,38.55,7.23,7.12,1.09,24.59,72,75,0.6475,17.47,29.74,16.36,0,0,,,0,0,0,0,0,1,0,0,0,0,0,0,105,95,0,0,0,0,0.0,752.23,0,0.0,952.18,0,0.0,463.01,0,0,0.0,954.22,22.49,1,0.0,0,1.12,1,100.0,1,0.0,0,1.06,21.95,50.97,4.42,22.65,5,65.36,32,16,1,34.21758692333333,-118.37907681666668,1,1,34.21429708122173,-118.37824230841524,detection_avg,0.6322879011442617,160,1296,136,41.76,4.95,21.91,38.55,7.23,7.12,1.36,24.59,75,2023 Pop w/Income Below Poverty Level (ACS 5-Yr): Percent,police_station_count,-0.004492355954813782
AF-17,10,US,1111,BlockApportionment:US.BlockGroups;PointsLayer:US.BlockPoints,2.191,2.576,1,114,3461,121,93,81.57,0.59,75,10,US,1111,BlockApportionment:US.BlockGroups;PointsLayer:US.BlockPoints,2.191,2.576,1,42.94,5.37,19.72,33.15,10.13,5.6,0.84,24.9,83,88,0.6475,17.47,29.74,16.36,0,0,,,15,0,0,0,0,0,0,0,0,0,0,0,227,232,0,0,0,0,0.0,816.16,0,0.0,1694.04,0,0.0,536.07,1,0,0.0,1700.43,3.04,1,0.0,0,2.57,1,100.0,1,0.0,0,2.06,12.86,71.87,5.15,10.12,5,79.69,32,17,0,,,0,0,34.20651158281313,-118.3782346692727,reconstructed,0.6236953712804362,114,3461,93,42.94,5.37,19.72,33.15,10.13,5.6,0.59,24.9,88,2023 Pop w/Income Below Poverty Level (ACS 5-Yr): Percent,fire_station_count,0.003356498363222971
AF-18,25,US,1076,BlockApportionment:US.BlockGroups;PointsLayer:US.BlockPoints,2.191,2.576,1,130,1659,117,88,84.93,2.5,72,25,US,1076,BlockApportionment:US.BlockGroups;PointsLayer:US.BlockPoints,2.191,2.576,1,27.44,12.06,24.3,28.12,9.43,5.09,1.18,29.43,76,82,0.6475,17.47,29.74,16.36,0,0,,,12,0,0,0,0,1,0,0,0,0,0,0,138,136,0,0,6,15,942.0,48.68,0,0.0,2183.73,0,0.0,658.67,1,0,0.0,2319.67,5.1,1,0.0,0,1.07,1,100.0,1,0.0,0,1.42,8.67,76.99,2.83,11.5,5,83.47,32,18,0,,,1,0,34.19872608440452,-118.37822703013018,reconstructed,0.6452459427520558,130,1659,88,27.44,12.06,24.3,28.12,9.43,5.09,2.5,29.43,82,pct_below_poverty,lausd_school_site_count,0.019517756520628177
AF-19,42,US,1043,BlockApportionment:US.BlockGroups;PointsLayer:US.BlockPoints,2.191,2.576,1,146,2820,123,269,83.37,1.31,57,42,US,1043,BlockApportionment:US.BlockGroups;PointsLayer:US.BlockPoints,2.191,2.576,1,25.9,11.15,23.6,30.75,7.54,6.11,1.56,21.95,70,71,0.6475,17.47,29.74,16.36,0,0,,,10,0,0,0,0,0,0,0,0,0,0,0,420,385,0,0,2,0,0.0,908.83,0,0.0,2070.44,0,0.0,679.49,0,0,0.0,2136.18,0.0,0,0.0,0,0.0,0,100.0,1,0.0,0,2.23,13.75,73.2,2.41,10.65,5,80.57,32,19,1,34.19378185,-118.37999408,0,1,34.19094058599592,-118.37821939098764,detection_avg,0.6465744726232671,146,2820,269,25.9,11.15,23.6,30.75,7.54,6.11,1.31,21.95,71,2023 Pop w/Income Below Poverty Level (ACS 5-Yr): Percent,police_station_count,-0.0062902668647913055
AF-20,10,US,1011,BlockApportionment:US.BlockGroups;PointsLayer:US.BlockPoints,2.191,2.576,1,122,2309,115,126,60.5,1.19,87,10,US,1011,BlockApportionment:US.BlockGroups;PointsLayer:US.BlockPoints,2.191,2.576,1,28.06,4.13,11.6,17.14,3.3,6.05,1.29,26.47,88,92,0.6475,17.47,29.74,16.36,0,0,,,12,0,0,0,0,0,0,0,0,0,0,1,230,229,0,0,0,0,0.0,737.01,0,0.0,1560.27,0,0.0,470.89,1,0,0.0,1702.15,0.0,0,0.0,0,0.0,0,100.0,1,0.0,0,4.94,19.58,58.91,4.76,16.75,5,69.76,32,20,0,,,0,0,34.18315508758731,-118.3782117518451,reconstructed,0.5908888978625542,122,2309,126,28.06,4.13,11.6,17.14,3.3,6.05,1.19,26.47,92,total_population,police_station_count,-0.0027426194768736937
AF-21,27,US,978,BlockApportionment:US.BlockGroups;PointsLayer:US.BlockPoints,2.191,2.576,1,80,5753,94,148,66.52,1.5,76,27,US,978,BlockApportionment:US.BlockGroups;PointsLayer:US.BlockPoints,2.191,2.576,1,14.09,8.01,17.61,33.52,2.23,4.31,2.09,13.86,82,85,0.6475,17.47,29.74,16.36,0,0,,,34,0,0,0,0,1,0,0,0,0,0,0,533,542,0,0,2,13,596.43,348.54,0,0.0,988.39,0,0.0,1031.16,1,0,0.0,1083.6,0.0,0,0.0,0,0.0,0,100.0,1,0.0,0,1.55,13.06,69.07,2.41,15.46,5,77.88,32,21,1,34.17838056,-118.38175241,1,1,34.17536958917871,-118.37820411270258,detection_avg,0.5914406021350441,80,5753,148,14.09,8.01,17.61,33.52,2.23,4.31,1.5,13.86,85,pct_below_poverty,lausd_school_site_count,-0.004866169527799754
AF-22,40,US,941,BlockApportionment:US.BlockGroups;PointsLayer:US.BlockPoints,2.191,2.576,1,143,3771,92,143,39.96,0.44,88,40,US,941,BlockApportionment:US.BlockGroups;PointsLayer:US.BlockPoints,2.191,2.576,1,16.22,0.74,11.14,27.27,1.85,3.54,1.68,12.79,88,87,0.6475,17.47,29.74,16.36,0,0,,,83,0,1,0,0,0,1,1,0,0,0,0,627,703,0,0,2,32,1622.32,37.51,0,0.0,576.55,0,0.0,526.46,23,0,0.0,579.78,0.0,0,0.0,0,0.0,0,100.0,1,0.0,0,0.71,8.17,75.49,3.02,13.32,5,82.63,32,22,1,34.168966354,-118.377048586,1,1,34.1675840907701,-118.37819647356004,detection_avg,0.6350779989722795,143,3771,143,16.22,0.74,11.14,27.27,1.85,3.54,0.44,12.79,87,recreation_center_count,osm_amenity_count,0.01086482675185126
AF-23,47,US,898,BlockApportionment:US.BlockGroups;PointsLayer:US.BlockPoints,2.191,2.576,1,142,5190,94,171,25.76,1.15,101,47,US,898,BlockApportionment:US.BlockGroups;PointsLayer:US.BlockPoints,2.191,2.576,1,10.39,5.29,13.12,31.82,1.51,4.84,0.91,8.76,80,78,0.6475,17.47,29.74,16.36,0,0,,,21,0,0,1,0,1,1,1,1,0,0,1,657,736,0,0,0,31,4070.42,276.33,20,3694.14,276.33,4,731.79,250.04,12,2,1339.52,282.59,0.0,0,0.0,0,0.0,0,100.0,1,0.0,0,2.3,26.06,57.8,2.13,14.01,5,69.77,32,23,1,34.16437815,-118.37760828,2,1,34.1597985923615,-118.3781888344175,detection_avg,0.647959792192483,142,5190,171,10.39,5.29,13.12,31.82,1.51,4.84,1.15,8.76,78,recreation_center_count,osm_amenity_count,-0.02723009476995606
AF-24,9,US,860,BlockApportionment:US.BlockGroups;PointsLayer:US.BlockPoints,2.191,2.576,1,161,1524,118,167,19.69,2.06,121,9,US,860,BlockApportionment:US.BlockGroups;PointsLayer:US.BlockPoints,2.191,2.576,1,16.92,2.59,5.95,30.22,1.54,1.43,1.19,8.13,117,117,0.6475,17.47,29.74,16.36,0,0,,,18,0,0,0,0,0,1,0,0,0,0,0,362,366,0,0,0,55,9184.78,7.43,55,9184.78,7.43,6,844.93,129.81,2,10,3804.56,47.25,0.0,0,0.0,0,0.0,0,100.0,1,0.0,0,1.89,26.68,45.09,5.51,22.72,5,61.0,32,24,1,34.156098415,-118.37942315,1,1,34.15201309395289,-118.37818119527498,detection_avg,0.6057282647727951,161,1524,167,16.92,2.59,5.95,30.22,1.54,1.43,2.06,8.13,117,2023 Pop w/Income Below Poverty Level (ACS 5-Yr): Percent,police_station_count,0.00430408096912701
AF-25,35,US,836,BlockApportionment:US.BlockGroups;PointsLayer:US.BlockPoints,2.191,2.576,1,141,2323,116,131,15.24,1.82,173,35,US,836,BlockApportionment:US.BlockGroups;PointsLayer:US.BlockPoints,2.191,2.576,1,15.07,3.19,4.96,27.42,2.58,0.51,1.56,7.67,200,197,0.6475,17.47,29.74,16.36,0,0,,,12,0,0,0,0,0,0,0,0,0,0,0,412,482,0,0,0,0,0.0,529.48,0,0.0,529.48,1,110.46,465.12,2,0,0.0,530.42,0.0,0,0.0,0,0.0,0,100.0,1,0.0,0,3.54,29.56,38.76,6.55,25.13,5,56.07,32,25,1,34.14908408,-118.37921234,0,1,34.14422759554429,-118.37817355613244,detection_avg,0.579234929773334,141,2323,131,15.07,3.19,4.96,27.42,2.58,0.51,1.82,7.67,197,esri_market_idx_14068_forecast,la_geohub_fire_hazard_area_pct,0.005500439903233054
AF-26,16,US,817,BlockApportionment:US.BlockGroups;PointsLayer:US.BlockPoints,2.191,2.576,1,136,1121,98,81,11.69,8.85,246,16,US,817,BlockApportionment:US.BlockGroups;PointsLayer:US.BlockPoints,2.191,2.576,1,19.09,6.43,7.03,14.71,0.1,0.8,8.66,11.39,234,234,0.6475,17.47,29.74,16.36,0,0,,,30,0,0,0,0,0,0,0,0,0,0,0,411,409,0,0,0,19,912.58,187.92,0,0.0,1075.33,1,601.89,314.3,16,0,0.0,1088.68,0.0,0,0.0,0,0.0,0,100.0,1,0.0,0,11.34,42.27,35.57,3.26,18.9,5,51.5,32,26,1,34.1398845,-118.37900027,0,1,34.136442097135685,-118.3781659169899,detection_avg,0.5923236186498612,136,1121,81,19.09,6.43,7.03,14.71,0.1,0.8,8.85,11.39,234,esri_market_idx_14068_forecast,la_geohub_fire_hazard_area_pct,0.006335807282782462
AF-31,23,US,724,BlockApportionment:US.BlockGroups;PointsLayer:US.BlockPoints,2.191,2.576,1,232,683,161,210,8.2,2.56,253,23,US,724,BlockApportionment:US.BlockGroups;PointsLayer:US.BlockPoints,2.191,2.576,1,4.2,0.0,2.34,34.62,0.0,1.09,3.57,3.96,231,220,0.6475,17.47,29.74,16.36,0,0,,,0,0,0,0,0,0,0,0,0,0,0,0,151,145,0,0,0,0,0.0,1036.11,0,0.0,4098.2,0,0.0,663.76,0,0,0.0,3333.68,0.0,0,0.0,0,0.0,0,100.0,1,0.0,0,15.29,55.5,21.99,2.41,20.1,3,40.81,32,31,0,,,0,0,34.097514605092655,-118.37812772127724,reconstructed,0.5397840380794849,232,683,210,4.2,0.0,2.34,34.62,0.0,1.09,2.56,3.96,220,esri_market_idx_14068_forecast,la_geohub_fire_hazard_area_pct,0.0065889645365468956
AF-32,44,US,695,BlockApportionment:US.BlockGroups;PointsLayer:US.BlockPoints,2.191,2.576,1,231,3509,188,162,11.63,1.37,139,44,US,695,BlockApportionment:US.BlockGroups;PointsLayer:US.BlockPoints,2.191,2.576,1,11.5,3.76,11.96,30.99,0.6,2.89,2.88,6.21,130,128,0.6475,17.47,29.74,16.36,0,0,,,39,0,0,0,0,0,1,0,0,0,0,0,441,486,0,0,0,22,1671.72,274.91,0,0.0,4450.67,3,113.88,220.11,35,0,0.0,3192.26,20.65,1,0.0,0,0.0,0,100.0,1,0.0,0,2.12,23.01,57.52,1.95,17.52,5,69.63,32,32,0,,,1,0,34.089729106684054,-118.3781200821347,reconstructed,0.6163709912631667,231,3509,162,11.5,3.76,11.96,30.99,0.6,2.89,1.37,6.21,128,recreation_center_count,osm_amenity_count,0.004832351124901213
AF-33,15,US,666,BlockApportionment:US.BlockGroups;PointsLayer:US.BlockPoints,2.191,2.576,1,238,2840,202,57,12.68,3.29,126,15,US,666,BlockApportionment:US.BlockGroups;PointsLayer:US.BlockPoints,2.191,2.576,1,15.92,2.51,9.95,17.78,1.86,4.09,4.62,7.99,134,132,0.6475,17.47,29.74,16.36,0,0,,,28,0,0,0,0,0,1,0,0,0,0,1,486,474,0,0,1,26,1344.82,133.41,0,0.0,4931.24,0,0.0,1055.87,12,0,0.0,3280.74,81.07,1,0.0,0,20.62,1,100.0,1,0.0,0,1.89,14.8,63.68,2.24,19.28,5,74.01,32,33,1,34.08341248,-118.37439225,1,1,34.081943608275445,-118.37811244299216,detection_avg,0.5945902543104048,238,2840,57,15.92,2.51,9.95,17.78,1.86,4.09,3.29,7.99,132,pct_below_poverty,lausd_school_site_count,0.00602037566444877
AF-34,36,US,637,BlockApportionment:US.BlockGroups;PointsLayer:US.BlockPoints,2.191,2.576,1,262,1883,165,124,11.42,1.23,179,36,US,637,BlockApportionment:US.BlockGroups;PointsLayer:US.BlockPoints,2.191,2.576,1,9.89,2.72,9.4,31.75,2.49,2.14,1.37,8.35,180,173,0.6475,17.47,29.74,16.36,0,0,,,89,1,0,0,0,0,1,0,0,0,0,0,737,761,0,0,0,24,865.05,122.91,0,0.0,4280.57,0,0.0,1783.4,21,0,0.0,3582.11,97.89,1,0.0,0,52.42,1,100.0,1,0.0,0,0.88,13.98,67.79,1.24,16.99,5,77.19,32,34,1,34.076025932,-118.376494852,1,1,34.07415810986684,-118.37810480384964,detection_avg,0.6071414562781731,262,1883,124,9.89,2.72,9.4,31.75,2.49,2.14,1.23,8.35,173,2023 Pop 35-64: No Health Insurance (ACS 5-Yr): Percent,hospital_count,-0.010866654803903182
AF-35,6,US,607,BlockApportionment:US.BlockGroups;PointsLayer:US.BlockPoints,2.191,2.576,1,196,2679,183,136,9.22,1.75,131,6,US,607,BlockApportionment:US.BlockGroups;PointsLayer:US.BlockPoints,2.191,2.576,1,16.74,6.14,13.46,31.3,0.82,2.79,1.26,8.7,149,148,0.6475,17.47,29.74,16.36,0,0,,,24,0,0,0,0,0,0,0,0,0,0,1,409,445,0,0,0,60,3037.66,149.36,0,0.0,3420.78,0,0.0,1478.7,8,0,0.0,3430.18,44.84,1,0.0,0,9.45,1,100.0,1,0.0,0,1.55,19.28,65.06,0.52,15.15,5,75.08,32,35,0,,,0,0,34.066372611458235,-118.3780971647071,reconstructed,0.6312006300543749,196,2679,136,16.74,6.14,13.46,31.3,0.82,2.79,1.75,8.7,148,total_crime_est,affordable_housing_count,-0.0038059846834597798
AF-36,26,US,577,BlockApportionment:US.BlockGroups;PointsLayer:US.BlockPoints,2.191,2.576,1,128,4381,140,186,10.43,4.47,128,26,US,577,BlockApportionment:US.BlockGroups;PointsLayer:US.BlockPoints,2.191,2.576,1,19.09,3.43,8.35,25.55,0.92,4.13,2.85,5.05,128,129,0.6475,17.47,29.74,16.36,0,0,,,17,0,0,0,1,0,1,1,0,0,0,0,591,621,0,0,0,38,1940.29,117.11,0,0.0,2559.01,0,0.0,1472.41,6,0,0.0,2571.33,21.1,1,0.0,0,21.03,1,100.0,1,0.0,0,3.72,23.01,54.34,1.59,21.06,5,66.92,32,36,0,,,1,0,34.05858711304963,-118.37808952556456,reconstructed,0.60959176126394,128,4381,186,19.09,3.43,8.35,25.55,0.92,4.13,4.47,5.05,129,2023 Pop w/Income Below Poverty Level (ACS 5-Yr): Percent,college_count,0.014581575618857158
AF-37,40,US,541,BlockApportionment:US.BlockGroups;PointsLayer:US.BlockPoints,2.191,2.576,1,129,5704,122,124,15.81,0.99,128,40,US,541,BlockApportionment:US.BlockGroups;PointsLayer:US.BlockPoints,2.191,2.576,1,18.37,3.64,7.84,22.76,0.76,4.33,0.87,11.51,118,120,0.6475,17.47,29.74,16.36,0,0,,,8,0,0,1,0,0,3,0,0,0,0,1,928,923,0,0,0,29,1427.11,109.34,0,0.0,1694.3,0,0.0,1504.32,12,0,0.0,1718.41,47.05,1,0.0,0,46.98,1,100.0,1,0.0,0,2.41,16.7,69.71,1.38,12.22,5,78.07,32,37,0,,,3,0,34.050801614641024,-118.37808188642204,reconstructed,0.6299885743611305,129,5704,124,18.37,3.64,7.84,22.76,0.76,4.33,0.99,11.51,120,pct_below_poverty,library_count,0.004951180376940843
AF-38,4,US,505,BlockApportionment:US.BlockGroups;PointsLayer:US.BlockPoints,2.191,2.576,1,147,2780,139,164,36.51,2.01,126,4,US,505,BlockApportionment:US.BlockGroups;PointsLayer:US.BlockPoints,2.191,2.576,1,13.35,5.85,5.61,13.3,5.01,2.28,2.56,14.48,121,121,0.6475,17.47,29.74,16.36,0,0,,,12,0,0,0,0,0,0,0,1,0,0,2,424,358,0,0,2,12,881.26,106.42,0,0.0,829.59,0,0.0,814.76,6,0,0.0,863.08,41.56,1,0.0,0,41.45,1,100.0,1,0.0,0,2.49,20.78,63.77,0.71,14.74,5,73.89,32,38,0,,,0,0,34.04301611623242,-118.3780742472795,reconstructed,0.6143287594530609,147,2780,164,13.35,5.85,5.61,13.3,5.01,2.28,2.01,14.48,121,2023 Pop w/Income Below Poverty Level (ACS 5-Yr): Percent,adult_recreation_count,-0.007099103469044043
AF-39,18,US,469,BlockApportionment:US.BlockGroups;PointsLayer:US.BlockPoints,2.191,2.576,1,131,3820,131,79,54.32,1.25,109,18,US,469,BlockApportionment:US.BlockGroups;PointsLayer:US.BlockPoints,2.191,2.576,1,23.87,6.82,11.7,31.85,3.55,5.24,1.58,15.46,107,106,0.6475,17.47,29.74,16.36,0,0,,,24,1,0,0,0,0,0,0,0,0,0,0,485,465,0,0,0,92,7971.76,0.14,43,5185.25,0.14,3,289.45,47.67,8,4,2495.33,0.41,5.97,1,0.15,1,5.72,1,100.0,1,0.0,0,1.95,15.96,68.26,1.42,14.36,5,77.2,32,39,1,34.038941555,-118.377809775,0,1,34.035230617823814,-118.37806660813696,detection_avg,0.6457758775857484,131,3820,79,23.87,6.82,11.7,31.85,3.55,5.24,1.25,15.46,106,2023 Pop 35-64: No Health Insurance (ACS 5-Yr): Percent,hospital_count,-0.011854451166189262
AF-40,33,US,434,BlockApportionment:US.BlockGroups;PointsLayer:US.BlockPoints,2.191,2.576,1,222,4385,225,86,48.62,0.89,119,33,US,434,BlockApportionment:US.BlockGroups;PointsLayer:US.BlockPoints,2.191,2.576,1,19.52,5.98,17.75,37.11,0.57,8.27,1.07,8.59,128,130,0.6475,17.47,29.74,16.36,0,0,,,0,0,0,0,0,0,3,0,0,0,0,0,167,150,0,0,0,3,38.81,485.71,0,0.0,729.0,2,1165.4,198.8,11,0,0.0,706.9,13.07,1,3.52,1,0.0,0,100.0,1,0.0,0,2.93,17.38,66.09,2.58,13.94,5,75.38,32,40,1,34.0320127,-118.37747653,3,1,34.02744511941521,-118.37805896899444,detection_avg,0.6065008401805947,222,4385,86,19.52,5.98,17.75,37.11,0.57,8.27,0.89,8.59,130,pct_below_poverty,la_geohub_100yr_flood_intersects,-0.012209830748067405
AF-41,49,US,400,BlockApportionment:US.BlockGroups;PointsLayer:US.BlockPoints,2.191,2.576,1,139,603,87,0,14.1,7.73,149,49,US,400,BlockApportionment:US.BlockGroups;PointsLayer:US.BlockPoints,2.191,2.576,1,12.55,0.0,4.79,0.0,0.0,0.0,4.0,5.03,140,142,0.6475,17.47,29.74,16.36,0,0,,,0,0,0,0,0,0,1,0,0,0,0,0,116,119,0,0,0,33,1582.26,18.98,0,0.0,1467.77,1,860.4,62.46,3,0,0.0,1533.09,5.05,1,0.63,1,3.14,1,100.0,1,0.0,0,3.89,17.52,70.44,1.77,10.27,5,78.14,32,41,0,,,1,0,34.0196596210066,-118.3780513298519,reconstructed,0.5654309392926938,139,603,0,12.55,0.0,4.79,0.0,0.0,0.0,7.73,5.03,142,2023 Pop w/Income Below Poverty Level (ACS 5-Yr): Percent,police_station_count,0.004883484958492556
AF-45,29,US,280,BlockApportionment:US.BlockGroups;PointsLayer:US.BlockPoints,2.191,2.576,1,154,1343,99,100,8.86,4.27,196,29,US,280,BlockApportionment:US.BlockGroups;PointsLayer:US.BlockPoints,2.191,2.576,1,8.59,0.0,7.83,28.03,0.51,0.24,4.25,7.48,171,169,0.6475,17.47,29.74,16.36,0,0,,,12,1,0,0,0,0,0,0,0,0,0,0,73,72,0,0,0,16,781.75,152.68,0,0.0,1062.82,0,0.0,1452.96,1,0,0.0,1063.89,0.0,0,0.0,0,0.0,0,100.0,1,0.0,0,1.42,24.33,51.51,0.53,23.62,5,65.63,32,45,0,,,0,0,33.98851762737219,-118.37802077328176,reconstructed,0.5632551597804072,154,1343,100,8.59,0.0,7.83,28.03,0.51,0.24,4.27,7.48,169,2023 Pop 35-64: No Health Insurance (ACS 5-Yr): Percent,hospital_count,-0.004482503441280985
AF-46,3,US,254,BlockApportionment:US.BlockGroups;PointsLayer:US.BlockPoints,2.191,2.576,1,150,1683,85,114,10.34,9.36,183,3,US,254,BlockApportionment:US.BlockGroups;PointsLayer:US.BlockPoints,2.191,2.576,1,11.5,1.98,9.62,2.19,0.63,2.6,8.68,6.55,166,161,0.6475,17.47,29.74,16.36,0,0,,,0,0,0,0,0,1,0,1,0,0,0,0,63,67,0,0,0,0,0.0,669.74,0,0.0,955.44,0,0.0,942.65,0,0,0.0,978.82,0.0,0,0.0,0,0.0,0,100.0,1,0.0,0,1.95,22.87,55.67,2.13,19.33,5,68.38,32,46,0,,,1,0,33.98073212896358,-118.37801313413924,reconstructed,0.5681614316096281,150,1683,114,11.5,1.98,9.62,2.19,0.63,2.6,9.36,6.55,161,recreation_center_count,osm_amenity_count,0.0036018627011575
AF-47,28,US,229,BlockApportionment:US.BlockGroups;PointsLayer:US.BlockPoints,2.191,2.576,1,119,4686,83,133,14.53,2.76,141,28,US,229,BlockApportionment:US.BlockGroups;PointsLayer:US.BlockPoints,2.191,2.576,1,10.49,10.77,8.83,21.63,0.03,1.52,2.98,2.59,124,123,0.6475,17.47,29.74,16.36,0,0,,,20,0,0,0,0,0,1,0,0,0,0,0,276,286,0,0,0,23,4393.01,236.11,23,4393.01,236.11,1,867.52,192.85,5,2,1615.85,255.64,0.0,0,0.0,0,0.0,0,100.0,1,0.0,0,2.41,19.31,63.28,2.07,15.34,5,73.57,32,47,1,33.973999512,-118.37616447,1,1,33.97294663055498,-118.3780054949967,detection_avg,0.6183948603661233,119,4686,133,10.49,10.77,8.83,21.63,0.03,1.52,2.76,2.59,123,2023 Pop w/Income Below Poverty Level (ACS 5-Yr): Percent,police_station_count,0.002268101576079368
AF-48,6,US,207,BlockApportionment:US.BlockGroups;PointsLayer:US.BlockPoints,2.191,2.576,1,79,1879,81,76,25.17,2.38,209,6,US,207,BlockApportionment:US.BlockGroups;PointsLayer:US.BlockPoints,2.191,2.576,1,17.75,0.51,4.33,32.91,0.19,0.48,1.71,11.48,176,176,0.6475,17.47,29.74,16.36,0,0,,,12,0,0,0,0,0,0,0,0,0,0,0,195,168,0,0,1,10,543.64,449.55,10,543.64,449.55,0,0.0,516.34,1,2,236.97,452.59,0.0,0,0.0,0,0.0,0,100.0,1,0.0,0,3.73,25.4,51.33,3.2,20.07,5,64.81,32,48,1,33.96303769,-118.37891131,0,1,33.96516113214637,-118.37799785585416,detection_avg,0.5287079583917998,79,1879,76,17.75,0.51,4.33,32.91,0.19,0.48,2.38,11.48,176,pct_below_poverty,lausd_school_site_count,0.008522892686824487
AF-49,34,US,185,BlockApportionment:US.BlockGroups;PointsLayer:US.BlockPoints,2.191,2.576,1,95,225,89,155,34.67,24.19,194,34,US,185,BlockApportionment:US.BlockGroups;PointsLayer:US.BlockPoints,2.191,2.576,1,22.73,0.0,17.4,42.11,1.82,2.17,21.07,19.64,145,150,0.6475,17.47,29.74,16.36,0,0,,,19,0,0,0,1,0,0,0,0,0,0,0,147,168,0,0,0,23,1143.79,87.57,0,0.0,733.05,0,0.0,1178.56,13,0,0.0,784.29,0.0,0,0.0,0,0.0,0,100.0,1,0.0,0,0.69,7.41,87.59,0.52,4.48,5,91.11,32,49,0,,,0,0,33.95737563373777,-118.37799021671162,reconstructed,0.5862565150762271,95,225,155,22.73,0.0,17.4,42.11,1.82,2.17,24.19,19.64,150,total_population,police_station_count,0.010404518925726542
AF-50,12,US,163,BlockApportionment:US.BlockGroups;PointsLayer:US.BlockPoints,2.191,2.576,1,305,22,152,0,36.36,12.5,63,12,US,163,BlockApportionment:US.BlockGroups;PointsLayer:US.BlockPoints,2.191,2.576,1,0.0,0.0,5.88,0.0,0.0,0.0,13.33,7.14,52,53,0.6475,17.47,29.74,16.36,0,0,,,0,0,0,0,0,1,0,0,0,0,0,0,33,26,0,0,0,0,0.0,638.41,0,0.0,754.05,0,0.0,681.12,2,0,0.0,803.32,0.0,0,0.0,0,0.0,0,100.0,1,0.0,0,0.0,2.13,73.76,0.53,23.58,5,81.63,32,50,0,,,1,0,33.94959013532916,-118.3779825775691,reconstructed,0.5312530668863055,305,22,0,0.0,0.0,5.88,0.0,0.0,0.0,12.5,7.14,53,total_population,police_station_count,0.014434563422792047
AF-7,46,US,1397,BlockApportionment:US.BlockGroups;PointsLayer:US.BlockPoints,2.191,2.576,1,18,272,40,60,25.0,13.85,139,46,US,1397,BlockApportionment:US.BlockGroups;PointsLayer:US.BlockPoints,2.191,2.576,1,22.99,4.6,1.75,0.0,5.99,1.75,9.04,16.17,92,92,0.6475,17.47,29.74,16.36,0,0,,,0,0,0,0,0,0,0,0,0,0,0,0,25,27,0,0,0,0,0.0,1161.0,0,0.0,1253.1,10,1642.56,142.3,0,0,0.0,1292.41,1.25,1,0.0,0,0.74,1,100.0,1,0.0,0,7.39,74.57,7.22,1.55,16.67,3,32.84,32,7,0,,,0,0,34.28436656689917,-118.37831106069804,reconstructed,0.5307248440141348,18,272,60,22.99,4.6,1.75,0.0,5.99,1.75,13.85,16.17,92,total_crime_est,police_station_count,0.010360844980975671
AF-8,28,US,1379,BlockApportionment:US.BlockGroups;PointsLayer:US.BlockPoints,2.191,2.576,1,72,1238,86,250,56.54,1.56,97,28,US,1379,BlockApportionment:US.BlockGroups;PointsLayer:US.BlockPoints,2.191,2.576,1,30.14,0.82,10.19,36.23,2.53,2.69,1.21,19.58,83,87,0.6475,17.47,29.74,16.36,0,0,,,6,0,0,0,0,1,0,0,0,0,0,0,118,132,0,0,2,15,1086.32,296.21,8,387.77,428.97,0,0.0,510.6,1,2,142.9,453.13,3.39,1,0.0,0,0.0,0,100.0,1,0.0,0,5.84,35.22,35.93,3.72,25.13,5,53.4,32,8,0,,,1,0,34.27658106849057,-118.37830342155551,reconstructed,0.5474821342079218,72,1238,250,30.14,0.82,10.19,36.23,2.53,2.69,1.56,19.58,87,pct_below_poverty,lausd_school_site_count,-0.0024576199031220193
AF-9,5,US,1356,BlockApportionment:US.BlockGroups;PointsLayer:US.BlockPoints,2.191,2.576,1,199,9,51,0,33.33,0.0,0,5,US,1356,BlockApportionment:US.BlockGroups;PointsLayer:US.BlockPoints,2.191,2.576,1,0.0,0.0,0.0,0.0,0.0,0.0,0.0,50.0,0,0,0.6475,17.47,29.74,16.36,0,0,,,0,0,0,0,0,0,0,0,0,0,0,0,0,0,0,0,0,8,1723.26,364.74,8,1723.26,364.74,3,870.9,349.73,0,2,978.84,377.02,68.77,1,0.0,0,0.0,0,100.0,1,0.0,0,9.91,60.0,7.43,2.12,30.44,3,32.23,32,9,0,,,0,0,34.26879557008196,-118.37829578241298,reconstructed,0.5139178941596894,199,9,0,0.0,0.0,0.0,0.0,0.0,0.0,0.0,50.0,0,total_population,police_station_count,0.014713942117868107
AG-10,28,US,1329,BlockApportionment:US.BlockGroups;PointsLayer:US.BlockPoints,2.191,2.576,1,89,56,63,71,23.21,2.5,190,28,US,1329,BlockApportionment:US.BlockGroups;PointsLayer:US.BlockPoints,2.191,2.576,1,30.77,7.69,9.8,33.33,2.5,0.0,2.27,22.5,157,167,0.6475,17.47,29.74,16.36,0,0,,,0,0,0,0,0,0,0,0,0,0,0,0,13,9,0,0,0,0,0.0,1602.81,0,0.0,1602.81,4,352.28,380.31,2,0,0.0,1605.76,3.28,1,0.0,0,0.0,0,100.0,1,0.0,0,2.93,50.95,8.78,2.93,37.35,4,35.27,33,10,0,,,0,0,34.26100325759124,-118.37018039947316,reconstructed,0.5347876287142848,89,56,71,30.77,7.69,9.8,33.33,2.5,0.0,2.5,22.5,167,total_population,police_station_count,0.01371585876283503
AG-11,49,US,1300,BlockApportionment:US.BlockGroups;PointsLayer:US.BlockPoints,2.191,2.576,1,175,913,108,86,31.22,4.58,123,49,US,1300,BlockApportionment:US.BlockGroups;PointsLayer:US.BlockPoints,2.191,2.576,1,23.26,4.17,6.62,45.28,1.4,0.93,2.62,20.53,113,114,0.6475,17.47,29.74,16.36,0,0,,,0,0,0,0,0,0,0,0,0,0,0,2,99,85,0,0,2,0,0.0,900.79,0,0.0,2465.34,15,956.12,74.26,0,0,0.0,2468.36,1.96,1,0.0,0,1.94,1,100.0,1,0.0,0,3.53,34.1,34.63,3.36,27.92,5,53.18,33,11,0,,,0,0,34.25321775918263,-118.37017276033065,reconstructed,0.5615185877321672,175,913,86,23.26,4.17,6.62,45.28,1.4,0.93,4.58,20.53,114,2023 Pop w/Income Below Poverty Level (ACS 5-Yr): Percent,police_station_count,0.0038681070007258156
AG-12,21,US,1272,BlockApportionment:US.BlockGroups;PointsLayer:US.BlockPoints,2.191,2.576,1,128,404,93,67,28.47,3.65,132,21,US,1272,BlockApportionment:US.BlockGroups;PointsLayer:US.BlockPoints,2.191,2.576,1,21.82,3.64,10.11,18.75,3.08,1.06,2.22,18.49,119,120,0.6475,17.47,29.74,16.36,0,0,,,3,0,0,0,0,0,0,0,0,0,0,0,38,54,0,0,0,6,601.98,302.92,0,0.0,1969.23,5,878.44,7.68,0,0,0.0,1992.08,16.38,1,2.01,1,2.08,1,100.0,1,0.0,0,6.55,33.63,39.29,5.31,21.77,5,55.54,33,12,0,,,0,0,34.24543226077403,-118.37016512118812,reconstructed,0.5700527781168988,128,404,67,21.82,3.64,10.11,18.75,3.08,1.06,3.65,18.49,120,pct_below_poverty,la_geohub_100yr_flood_intersects,0.012922248592517269
AG-13,45,US,1246,BlockApportionment:US.BlockGroups;PointsLayer:US.BlockPoints,2.191,2.576,1,105,252,94,81,37.3,2.38,135,45,US,1246,BlockApportionment:US.BlockGroups;PointsLayer:US.BlockPoints,2.191,2.576,1,20.83,5.56,13.14,6.25,6.99,1.69,2.0,13.98,123,125,0.6475,17.47,29.74,16.36,0,0,,,27,0,1,0,0,0,0,0,0,0,0,0,294,261,0,0,0,29,1622.75,115.84,0,0.0,1153.28,5,659.18,384.95,2,0,0.0,1189.83,5.68,1,1.69,1,0.35,1,100.0,1,0.0,0,1.55,7.4,84.85,2.24,5.51,5,88.93,33,13,1,34.23549642166667,-118.36914765833332,0,1,34.23764676236542,-118.37015748204556,detection_avg,0.588729755942244,105,252,81,20.83,5.56,13.14,6.25,6.99,1.69,2.38,13.98,125,total_population,police_station_count,0.00991615323551842
AG-14,12,US,1213,BlockApportionment:US.BlockGroups;PointsLayer:US.BlockPoints,2.191,2.576,1,177,2103,129,112,66.19,0.23,93,12,US,1213,BlockApportionment:US.BlockGroups;PointsLayer:US.BlockPoints,2.191,2.576,1,33.76,4.62,6.43,39.71,14.32,6.72,0.41,15.96,84,89,0.6475,17.47,29.74,16.36,0,0,,,48,0,0,0,0,0,0,0,0,0,0,0,286,317,0,0,0,23,1026.12,323.71,2,49.72,466.12,0,0.0,538.84,3,0,0.0,485.54,0.0,0,0.0,0,0.0,0,100.0,1,0.0,0,3.18,11.13,77.92,3.18,7.77,5,83.59,33,14,0,,,0,0,34.22986126395682,-118.37014984290305,reconstructed,0.6231280485134839,177,2103,112,33.76,4.62,6.43,39.71,14.32,6.72,0.23,15.96,89,2023 Pop w/Income Below Poverty Level (ACS 5-Yr): Percent,police_station_count,0.003996972984368512
AG-15,30,US,1181,BlockApportionment:US.BlockGroups;PointsLayer:US.BlockPoints,2.191,2.576,1,176,2593,130,83,78.71,2.0,58,30,US,1181,BlockApportionment:US.BlockGroups;PointsLayer:US.BlockPoints,2.191,2.576,1,35.29,10.43,26.36,34.83,8.1,8.71,1.48,20.27,56,58,0.6475,17.47,29.74,16.36,0,0,,,30,0,0,0,0,0,0,1,0,0,0,0,250,241,0,0,0,47,4438.69,55.67,21,2905.36,207.79,5,294.1,274.8,13,2,1417.56,221.36,0.52,1,0.0,0,0.52,1,100.0,1,0.0,0,3.62,16.55,65.17,2.07,16.21,5,74.53,33,15,1,34.218499334,-118.369561788,0,1,34.22207576554821,-118.37014220376052,detection_avg,0.6759614917304294,176,2593,83,35.29,10.43,26.36,34.83,8.1,8.71,2.0,20.27,58,recreation_center_count,osm_amenity_count,-0.026875698065133232
AG-16,46,US,1147,BlockApportionment:US.BlockGroups;PointsLayer:US.BlockPoints,2.191,2.576,1,105,4200,109,121,80.45,0.79,84,46,US,1147,BlockApportionment:US.BlockGroups;PointsLayer:US.BlockPoints,2.191,2.576,1,41.18,4.47,20.24,31.68,8.44,6.37,1.32,23.12,80,86,0.6475,17.47,29.74,16.36,0,0,,,33,0,0,1,0,0,1,0,0,0,0,0,267,259,0,0,0,0,0.0,542.52,0,0.0,1019.5,0,0.0,634.95,1,0,0.0,1071.52,0.27,1,0.0,0,0.27,1,100.0,1,0.0,0,3.0,18.02,60.78,4.06,17.14,5,71.65,33,16,1,34.21568288,-118.37037652,1,1,34.21429026713961,-118.37013456461796,detection_avg,0.6224367464342397,105,4200,121,41.18,4.47,20.24,31.68,8.44,6.37,0.79,23.12,86,2023 Pop w/Income Below Poverty Level (ACS 5-Yr): Percent,fire_station_count,0.0034040700930469603
AG-17,11,US,1112,BlockApportionment:US.BlockGroups;PointsLayer:US.BlockPoints,2.191,2.576,1,160,4098,129,100,83.31,2.91,86,11,US,1112,BlockApportionment:US.BlockGroups;PointsLayer:US.BlockPoints,2.191,2.576,1,32.84,7.62,13.98,37.44,7.86,12.03,2.65,25.03,91,95,0.6475,17.47,29.74,16.36,0,0,,,21,0,0,0,0,0,0,0,0,0,0,0,293,294,0,0,0,6,556.38,383.05,0,0.0,1875.73,9,219.89,256.72,2,0,0.0,1932.06,1.69,1,0.0,0,1.06,1,100.0,1,0.0,0,1.55,14.83,62.93,5.69,16.55,5,73.59,33,17,0,,,0,0,34.206504768731,-118.37012692547545,reconstructed,0.6276807374239362,160,4098,100,32.84,7.62,13.98,37.44,7.86,12.03,2.91,25.03,95,2023 Pop 35-64: No Health Insurance (ACS 5-Yr): Percent,affordable_housing_count,-0.003600790659847502
AG-18,26,US,1077,BlockApportionment:US.BlockGroups;PointsLayer:US.BlockPoints,2.191,2.576,1,107,772,98,140,67.88,0.3,91,26,US,1077,BlockApportionment:US.BlockGroups;PointsLayer:US.BlockPoints,2.191,2.576,1,20.85,7.72,13.48,23.93,2.62,5.29,1.48,20.8,79,81,0.6475,17.47,29.74,16.36,0,0,,,17,0,0,0,0,0,0,0,0,0,0,0,158,158,0,0,0,0,0.0,481.79,0,0.0,2522.69,0,0.0,908.1,4,0,0.0,2579.61,5.62,1,0.0,0,0.49,1,100.0,1,0.0,0,0.0,7.42,69.26,1.94,21.38,5,78.48,33,18,0,,,0,0,34.1987192703224,-118.37011928633292,reconstructed,0.5912004597934987,107,772,140,20.85,7.72,13.48,23.93,2.62,5.29,0.3,20.8,81,total_population,police_station_count,0.0026496354456314168
AG-19,43,US,1044,BlockApportionment:US.BlockGroups;PointsLayer:US.BlockPoints,2.191,2.576,1,118,3040,104,150,67.89,1.39,88,43,US,1044,BlockApportionment:US.BlockGroups;PointsLayer:US.BlockPoints,2.191,2.576,1,21.96,6.92,14.78,23.68,4.91,5.88,2.05,21.5,79,81,0.6475,17.47,29.74,16.36,0,0,,,36,0,0,0,0,1,1,1,0,0,0,1,309,317,0,0,1,0,0.0,1346.62,0,0.0,2421.97,1,167.57,319.58,6,0,0.0,2556.49,0.0,0,0.0,0,0.0,0,100.0,1,0.0,0,0.35,16.99,56.64,3.01,23.36,5,69.54,33,19,0,,,2,0,34.1909337719138,-118.37011164719036,reconstructed,0.6224986508510211,118,3040,150,21.96,6.92,14.78,23.68,4.91,5.88,1.39,21.5,81,recreation_center_count,osm_amenity_count,-0.008904251504797418
AG-20,11,US,1012,BlockApportionment:US.BlockGroups;PointsLayer:US.BlockPoints,2.191,2.576,1,121,3011,119,126,58.59,3.73,98,11,US,1012,BlockApportionment:US.BlockGroups;PointsLayer:US.BlockPoints,2.191,2.576,1,28.66,7.54,19.55,24.89,10.02,5.95,2.95,23.6,87,89,0.6475,17.47,29.74,16.36,0,0,,,24,0,0,0,0,0,0,0,0,0,0,2,321,311,0,0,1,0,0.0,1009.56,0,0.0,1850.63,0,0.0,688.95,1,0,0.0,1921.9,0.0,0,0.0,0,0.0,0,100.0,1,0.0,0,0.86,17.56,53.87,4.48,24.1,5,67.45,33,20,1,34.180805815,-118.3692101775,0,1,34.18314827350519,-118.37010400804785,detection_avg,0.620689199616688,121,3011,126,28.66,7.54,19.55,24.89,10.02,5.95,3.73,23.6,89,pct_below_poverty,lausd_school_site_count,-0.007604572050716763
AG-21,28,US,979,BlockApportionment:US.BlockGroups;PointsLayer:US.BlockPoints,2.191,2.576,1,129,3313,124,169,57.23,2.14,76,28,US,979,BlockApportionment:US.BlockGroups;PointsLayer:US.BlockPoints,2.191,2.576,1,30.05,5.72,22.26,37.15,6.73,2.66,2.3,15.19,78,76,0.6475,17.47,29.74,16.36,0,0,,,30,0,0,0,0,1,0,0,0,0,0,3,476,504,0,1,2,18,831.25,144.74,0,0.0,1441.12,0,0.0,1383.16,6,0,0.0,1440.28,0.0,0,0.0,0,0.0,0,100.0,1,0.0,0,1.24,10.6,69.43,4.42,15.55,5,78.23,33,21,1,34.17149016,-118.37276736,1,1,34.17536277509659,-118.3700963689053,detection_avg,0.6564445372102062,129,3313,169,30.05,5.72,22.26,37.15,6.73,2.66,2.14,15.19,76,2023 Pop w/Income Below Poverty Level (ACS 5-Yr): Percent,police_station_count,-0.0048499763898923855
AG-22,41,US,942,BlockApportionment:US.BlockGroups;PointsLayer:US.BlockPoints,2.191,2.576,1,162,6639,103,169,27.23,1.2,72,41,US,942,BlockApportionment:US.BlockGroups;PointsLayer:US.BlockPoints,2.191,2.576,1,25.43,7.69,21.3,35.06,1.49,1.96,1.32,9.36,72,71,0.6475,17.47,29.74,16.36,0,0,,,45,0,0,0,0,0,0,0,0,0,0,0,847,923,0,0,1,5,143.5,438.01,0,0.0,1127.17,0,0.0,1098.84,19,0,0.0,1133.81,0.0,0,0.0,0,0.0,0,100.0,1,0.0,0,2.24,11.53,72.12,3.61,12.74,5,79.81,33,22,1,34.16640681125,-118.37148685,0,1,34.16757727668798,-118.37008872976276,detection_avg,0.6579992722980722,162,6639,169,25.43,7.69,21.3,35.06,1.49,1.96,1.2,9.36,71,pct_below_poverty,lausd_school_site_count,-0.008049527559394967
AG-23,48,US,899,BlockApportionment:US.BlockGroups;PointsLayer:US.BlockPoints,2.191,2.576,1,146,5351,112,243,21.49,0.66,104,48,US,899,BlockApportionment:US.BlockGroups;PointsLayer:US.BlockPoints,2.191,2.576,1,15.41,4.84,16.12,26.63,0.66,1.98,0.62,8.08,95,94,0.6475,17.47,29.74,16.36,0,0,,,18,0,0,0,0,0,0,0,0,0,0,1,889,967,0,0,0,25,943.52,50.13,0,0.0,440.43,0,0.0,717.64,10,0,0.0,529.98,0.0,0,0.0,0,0.0,0,100.0,1,0.0,0,3.71,17.67,68.9,3.0,10.42,5,77.12,33,23,1,34.158899815999995,-118.371037578,0,1,34.15979177827938,-118.37008109062025,detection_avg,0.6631741508456621,146,5351,243,15.41,4.84,16.12,26.63,0.66,1.98,0.66,8.08,94,pct_below_poverty,lausd_school_site_count,0.0026582715180479667
AG-24,10,US,861,BlockApportionment:US.BlockGroups;PointsLayer:US.BlockPoints,2.191,2.576,1,131,3429,102,250,22.89,1.29,106,10,US,861,BlockApportionment:US.BlockGroups;PointsLayer:US.BlockPoints,2.191,2.576,1,3.27,1.03,8.76,47.71,0.0,3.81,0.76,8.06,100,102,0.6475,17.47,29.74,16.36,0,0,,,24,0,1,0,0,0,1,0,0,0,0,0,576,660,0,1,3,81,6536.91,249.8,63,5736.89,249.8,5,807.02,252.6,10,6,2690.84,288.77,0.0,0,0.0,0,0.0,0,100.0,1,0.0,0,6.03,25.0,57.93,3.62,13.45,5,68.74,33,24,1,34.14987994142857,-118.37024399285714,1,1,34.15200627987077,-118.3700734514777,detection_avg,0.6147437792236964,131,3429,250,3.27,1.03,8.76,47.71,0.0,3.81,1.29,8.06,102,2023 Pop w/Income Below Poverty Level (ACS 5-Yr): Percent,fire_station_count,0.007887227855186
AG-25,36,US,837,BlockApportionment:US.BlockGroups;PointsLayer:US.BlockPoints,2.191,2.576,1,176,5173,105,160,15.33,0.7,124,36,US,837,BlockApportionment:US.BlockGroups;PointsLayer:US.BlockPoints,2.191,2.576,1,10.2,4.62,11.68,29.27,0.26,3.99,1.24,3.44,104,103,0.6475,17.47,29.74,16.36,0,0,,,45,0,0,0,0,0,0,0,0,0,0,0,633,726,0,0,0,34,3165.27,199.41,12,1973.78,236.04,2,1339.91,154.18,19,2,1483.87,235.55,0.0,0,0.0,0,0.0,0,100.0,1,0.0,0,7.98,27.3,55.67,4.26,12.77,5,66.58,33,25,0,,,0,0,34.14422078146217,-118.37006581233516,reconstructed,0.6292995615307672,176,5173,160,10.2,4.62,11.68,29.27,0.26,3.99,0.7,3.44,103,total_crime_est,affordable_housing_count,-0.0022420496575469924
AG-26,17,US,818,BlockApportionment:US.BlockGroups;PointsLayer:US.BlockPoints,2.191,2.576,1,169,489,119,152,7.98,0.0,253,17,US,818,BlockApportionment:US.BlockGroups;PointsLayer:US.BlockPoints,2.191,2.576,1,14.69,4.27,10.8,24.56,0.0,0.0,0.0,11.46,262,253,0.6475,17.47,29.74,16.36,0,0,,,0,0,0,0,0,0,0,0,0,0,0,1,118,123,0,0,0,0,0.0,581.02,0,0.0,621.79,0,0.0,1018.32,0,0,0.0,678.12,0.0,0,0.0,0,0.0,0,100.0,1,0.0,0,20.6,55.24,22.38,2.31,20.07,5,39.49,33,26,0,,,0,0,34.13643528305356,-118.37005817319265,reconstructed,0.5618755947009496,169,489,152,14.69,4.27,10.8,24.56,0.0,0.0,0.0,11.46,253,total_population,police_station_count,0.006109237988466031
AG-30,49,US,750,BlockApportionment:US.BlockGroups;PointsLayer:US.BlockPoints,2.191,2.576,1,222,998,155,176,9.82,0.0,218,49,US,750,BlockApportionment:US.BlockGroups;PointsLayer:US.BlockPoints,2.191,2.576,1,30.47,9.93,0.86,60.65,0.79,2.29,0.11,7.34,193,191,0.6475,17.47,29.74,16.36,0,0,,,3,0,0,0,0,0,0,0,0,0,0,0,181,169,0,0,0,0,0.0,1363.56,0,0.0,3254.99,0,0.0,914.28,0,0,0.0,2813.94,1.45,1,0.0,0,0.0,0,100.0,1,0.0,0,17.2,65.96,13.65,1.6,18.79,3,34.39,33,30,0,,,0,0,34.10529328941914,-118.3700276166225,reconstructed,0.5673655914268999,222,998,176,30.47,9.93,0.86,60.65,0.79,2.29,0.0,7.34,191,pct_below_poverty,library_count,-0.008664983043579889
AG-31,24,US,725,BlockApportionment:US.BlockGroups;PointsLayer:US.BlockPoints,2.191,2.576,1,200,4935,187,81,12.79,0.7,132,24,US,725,BlockApportionment:US.BlockGroups;PointsLayer:US.BlockPoints,2.191,2.576,1,18.81,3.76,5.26,16.16,0.2,1.74,0.81,8.73,133,131,0.6475,17.47,29.74,16.36,0,0,,,18,0,0,0,0,0,1,0,0,0,0,0,241,239,0,0,0,0,0.0,532.72,0,0.0,3586.12,0,0.0,881.12,12,0,0.0,2499.51,0.0,0,0.0,0,0.0,0,100.0,1,0.0,0,5.17,31.55,46.72,0.69,21.03,5,61.15,33,31,1,34.09779639,-118.36700208,1,1,34.097507791010536,-118.37001997747996,detection_avg,0.5988015561521052,200,4935,81,18.81,3.76,5.26,16.16,0.2,1.74,0.7,8.73,131,2023 Pop w/Income Below Poverty Level (ACS 5-Yr): Percent,police_station_count,0.004682498264550198
AG-32,45,US,696,BlockApportionment:US.BlockGroups;PointsLayer:US.BlockPoints,2.191,2.576,1,164,4611,135,121,11.52,1.45,130,45,US,696,BlockApportionment:US.BlockGroups;PointsLayer:US.BlockPoints,2.191,2.576,1,20.31,3.1,14.86,27.03,0.94,1.48,1.78,5.93,125,123,0.6475,17.47,29.74,16.36,0,0,,,18,0,0,0,0,0,0,0,0,0,0,0,447,444,0,0,0,21,693.01,331.89,0,0.0,4076.91,0,0.0,1056.51,18,0,0.0,2464.23,0.0,0,0.0,0,0.0,0,100.0,1,0.0,0,7.96,32.92,46.19,0.71,20.18,5,59.94,33,32,0,,,0,0,34.08972229260193,-118.37001233833745,reconstructed,0.6205995589927331,164,4611,121,20.31,3.1,14.86,27.03,0.94,1.48,1.45,5.93,123,pct_below_poverty,lausd_school_site_count,0.0025391159821418663
AG-33,16,US,667,BlockApportionment:US.BlockGroups;PointsLayer:US.BlockPoints,2.191,2.576,1,198,2958,148,167,11.63,0.56,125,16,US,667,BlockApportionment:US.BlockGroups;PointsLayer:US.BlockPoints,2.191,2.576,1,14.83,6.64,9.85,23.01,1.67,1.32,0.95,16.59,139,137,0.6475,17.47,29.74,16.36,0,0,,,3,0,0,0,0,0,0,0,0,0,0,0,495,495,0,0,0,0,0.0,622.53,0,0.0,4677.12,0,0.0,1717.61,2,0,0.0,2718.99,7.36,1,0.0,0,0.0,0,100.0,1,0.0,0,6.71,23.75,59.04,2.41,14.8,5,69.32,33,33,1,34.07623263,-118.36747967,0,1,34.081936794193325,-118.3700046991949,detection_avg,0.5905039383313895,198,2958,167,14.83,6.64,9.85,23.01,1.67,1.32,0.56,16.59,137,total_crime_est,affordable_housing_count,-0.0039226080212380575
AG-34,37,US,638,BlockApportionment:US.BlockGroups;PointsLayer:US.BlockPoints,2.191,2.576,1,217,3158,122,136,10.99,2.23,165,37,US,638,BlockApportionment:US.BlockGroups;PointsLayer:US.BlockPoints,2.191,2.576,1,13.68,4.73,15.63,25.49,1.8,0.23,1.97,5.95,160,158,0.6475,17.47,29.74,16.36,0,0,,,39,0,0,0,0,0,0,0,0,0,0,0,972,955,0,0,0,0,0.0,576.13,0,0.0,3843.81,0,0.0,1441.69,14,0,0.0,3195.14,27.3,1,0.0,0,4.81,1,100.0,1,0.0,0,4.42,19.82,66.9,2.65,10.62,5,75.5,33,34,1,34.073289745000004,-118.3677677975,0,1,34.07415129578472,-118.36999706005236,detection_avg,0.6076662247110912,217,3158,136,13.68,4.73,15.63,25.49,1.8,0.23,2.23,5.95,158,total_crime_est,affordable_housing_count,-0.00449244123944705
AG-35,7,US,608,BlockApportionment:US.BlockGroups;PointsLayer:US.BlockPoints,2.191,2.576,1,214,2601,179,155,10.38,1.68,158,7,US,608,BlockApportionment:US.BlockGroups;PointsLayer:US.BlockPoints,2.191,2.576,1,20.49,3.86,10.14,28.32,1.41,5.69,1.35,3.41,161,160,0.6475,17.47,29.74,16.36,0,0,,,6,0,0,0,1,0,0,0,1,0,0,0,1218,1247,0,0,0,52,3685.52,40.77,0,0.0,2983.46,0,0.0,1112.99,3,0,0.0,3007.45,4.57,1,0.0,0,0.0,0,100.0,1,0.0,0,3.9,21.63,65.25,1.77,11.35,5,74.5,33,35,0,,,0,0,34.066365797376115,-118.36998942090985,reconstructed,0.6139712447516763,214,2601,155,20.49,3.86,10.14,28.32,1.41,5.69,1.68,3.41,160,2023 Pop w/Income Below Poverty Level (ACS 5-Yr): Percent,college_count,0.01707861100591091
AG-36,27,US,578,BlockApportionment:US.BlockGroups;PointsLayer:US.BlockPoints,2.191,2.576,1,157,2896,103,124,18.13,2.31,182,27,US,578,BlockApportionment:US.BlockGroups;PointsLayer:US.BlockPoints,2.191,2.576,1,13.0,7.43,7.14,24.37,1.0,5.98,1.49,6.52,172,171,0.6475,17.47,29.74,16.36,0,0,,,8,0,0,0,0,1,0,0,0,0,0,0,466,444,0,0,1,17,714.0,255.71,0,0.0,2126.68,0,0.0,1376.42,2,0,0.0,2153.64,1.82,1,0.0,0,1.88,1,100.0,1,0.0,0,4.99,29.26,46.13,2.75,21.86,5,60.79,33,36,0,,,1,0,34.05858029896751,-118.3699817817673,reconstructed,0.6106981765182203,157,2896,124,13.0,7.43,7.14,24.37,1.0,5.98,2.31,6.52,171,pct_below_poverty,lausd_school_site_count,0.007418888381351719
AG-37,41,US,542,BlockApportionment:US.BlockGroups;PointsLayer:US.BlockPoints,2.191,2.576,1,151,3546,124,60,24.76,3.64,134,41,US,542,BlockApportionment:US.BlockGroups;PointsLayer:US.BlockPoints,2.191,2.576,1,16.47,6.38,11.45,19.67,0.72,1.16,5.11,12.68,127,128,0.6475,17.47,29.74,16.36,0,0,,,18,0,0,0,0,1,1,0,0,0,0,0,408,401,0,0,0,0,0.0,581.86,0,0.0,1280.63,0,0.0,1058.25,1,0,0.0,1313.49,8.49,1,0.0,0,8.58,1,100.0,1,0.0,0,1.06,19.29,49.03,2.65,29.03,5,64.0,33,37,1,34.051399415,-118.36899967,2,1,34.050794800558904,-118.36997414262476,detection_avg,0.5810371668469708,151,3546,60,16.47,6.38,11.45,19.67,0.72,1.16,3.64,12.68,128,total_population,police_station_count,-0.002280177447239658
AG-38,5,US,506,BlockApportionment:US.BlockGroups;PointsLayer:US.BlockPoints,2.191,2.576,1,164,1773,122,110,27.69,1.88,111,5,US,506,BlockApportionment:US.BlockGroups;PointsLayer:US.BlockPoints,2.191,2.576,1,14.5,4.46,7.08,17.9,1.49,2.71,2.14,11.22,120,121,0.6475,17.47,29.74,16.36,0,0,,,31,0,0,0,0,1,0,1,0,0,0,0,176,151,0,1,1,19,2073.78,97.73,0,0.0,502.72,7,988.68,303.1,2,0,0.0,545.0,36.78,1,3.82,1,33.08,1,100.0,1,0.0,0,0.86,20.96,45.53,3.09,30.41,5,61.61,33,38,1,34.04105057,-118.36750849,1,1,34.0430093021503,-118.36996650348225,detection_avg,0.6011688593620247,164,1773,110,14.5,4.46,7.08,17.9,1.49,2.71,1.88,11.22,121,pct_below_poverty,la_geohub_100yr_flood_intersects,0.011647804752230458
AG-39,19,US,470,BlockApportionment:US.BlockGroups;PointsLayer:US.BlockPoints,2.191,2.576,1,157,2423,157,88,58.27,1.33,119,19,US,470,BlockApportionment:US.BlockGroups;PointsLayer:US.BlockPoints,2.191,2.576,1,24.62,3.2,20.65,36.96,4.95,5.41,0.7,15.22,109,106,0.6475,17.47,29.74,16.36,0,0,,,50,0,0,0,0,0,0,0,0,0,0,0,248,207,0,0,0,68,5763.18,53.59,37,4198.51,197.03,2,648.57,397.29,5,2,1519.87,222.35,40.09,1,2.77,1,26.36,1,100.0,1,0.0,0,0.71,15.63,60.04,0.71,23.62,5,71.82,33,39,0,,,0,0,34.035223803741694,-118.3699588643397,reconstructed,0.6411938812548186,157,2423,88,24.62,3.2,20.65,36.96,4.95,5.41,1.33,15.22,106,pct_below_poverty,la_geohub_100yr_flood_intersects,-0.023809539596245002
AG-40,34,US,435,BlockApportionment:US.BlockGroups;PointsLayer:US.BlockPoints,2.191,2.576,1,165,1901,150,167,47.19,0.86,79,34,US,435,BlockApportionment:US.BlockGroups;PointsLayer:US.BlockPoints,2.191,2.576,1,16.47,0.48,15.28,31.6,2.16,1.03,2.39,20.23,102,110,0.6475,17.47,29.74,16.36,0,0,,,16,0,0,0,0,1,0,0,0,0,0,0,233,275,0,0,1,39,1478.61,213.47,0,0.0,1036.73,0,0.0,586.11,7,0,0.0,1060.29,8.72,1,0.0,0,5.78,1,100.0,1,0.0,0,0.86,15.2,66.15,0.35,18.31,5,76.05,33,40,1,34.02728225,-118.36640422,1,1,34.02743830533309,-118.36995122519716,detection_avg,0.6091839934242432,165,1901,167,16.47,0.48,15.28,31.6,2.16,1.03,0.86,20.23,110,total_population,police_station_count,-0.0025887801544741905
AG-45,30,US,281,BlockApportionment:US.BlockGroups;PointsLayer:US.BlockPoints,2.191,2.576,1,81,1627,120,129,9.16,5.56,149,30,US,281,BlockApportionment:US.BlockGroups;PointsLayer:US.BlockPoints,2.191,2.576,1,6.93,1.51,9.01,22.15,1.68,0.0,5.56,7.79,141,143,0.6475,17.47,29.74,16.36,0,0,,,26,0,0,0,0,0,0,0,0,0,0,0,88,83,0,0,0,50,4516.0,54.92,0,0.0,1707.43,0,0.0,1687.89,0,0,0.0,1746.88,1.61,1,0.0,0,0.0,0,100.0,1,0.0,0,2.76,18.28,60.69,1.03,20.0,5,71.66,33,45,0,,,0,0,33.98851081329006,-118.3699130294845,reconstructed,0.5514557829391373,81,1627,129,6.93,1.51,9.01,22.15,1.68,0.0,5.56,7.79,143,2023 Pop 35-64: No Health Insurance (ACS 5-Yr): Percent,affordable_housing_count,0.004766418319138193
AG-46,4,US,255,BlockApportionment:US.BlockGroups;PointsLayer:US.BlockPoints,2.191,2.576,1,89,2394,86,140,23.39,7.65,131,4,US,255,BlockApportionment:US.BlockGroups;PointsLayer:US.BlockPoints,2.191,2.576,1,21.69,4.19,13.88,19.93,0.97,3.31,6.48,11.75,135,134,0.6475,17.47,29.74,16.36,0,0,,,22,0,0,0,1,1,1,0,0,0,0,0,245,254,0,0,0,20,1526.85,26.6,0,0.0,1006.83,0,0.0,976.45,15,0,0.0,1020.6,0.0,0,0.0,0,0.0,0,100.0,1,0.0,0,1.07,16.87,61.46,0.89,20.78,5,72.7,33,46,0,,,2,0,33.98072531488146,-118.36990539034196,reconstructed,0.597837455448162,89,2394,140,21.69,4.19,13.88,19.93,0.97,3.31,7.65,11.75,134,2023 Pop w/Income Below Poverty Level (ACS 5-Yr): Percent,college_count,0.011300337854142386
AG-47,29,US,230,BlockApportionment:US.BlockGroups;PointsLayer:US.BlockPoints,2.191,2.576,1,95,5252,98,205,30.92,5.01,92,29,US,230,BlockApportionment:US.BlockGroups;PointsLayer:US.BlockPoints,2.191,2.576,1,23.02,4.86,14.09,29.03,0.0,2.68,4.15,11.25,95,95,0.6475,17.47,29.74,16.36,0,0,,,0,0,0,0,0,0,0,0,0,0,0,0,182,170,0,0,0,31,3558.49,30.17,10,2363.1,314.11,1,550.84,280.71,0,2,1055.82,313.24,0.0,0,0.0,0,0.0,0,100.0,1,0.0,0,1.21,18.97,55.86,1.03,24.14,5,68.74,33,47,0,,,0,0,33.97293981647285,-118.36989775119945,reconstructed,0.5971674419426088,95,5252,205,23.02,4.86,14.09,29.03,0.0,2.68,5.01,11.25,95,pct_below_poverty,lausd_school_site_count,0.002318468579375326
AG-48,7,US,208,BlockApportionment:US.BlockGroups;PointsLayer:US.BlockPoints,2.191,2.576,1,155,1768,101,126,43.33,35.35,89,7,US,208,BlockApportionment:US.BlockGroups;PointsLayer:US.BlockPoints,2.191,2.576,1,22.06,2.35,25.16,17.96,2.17,3.73,31.74,23.41,92,89,0.6475,17.47,29.74,16.36,0,0,,,18,0,0,0,0,1,1,0,0,0,0,0,79,65,0,1,0,70,8321.08,2.27,30,5940.66,2.27,0,0.0,534.74,4,2,1767.39,2.62,0.0,0,0.0,0,0.0,0,100.0,1,0.0,0,1.06,14.01,65.6,1.24,19.15,5,75.6,33,48,0,,,2,0,33.96515431806425,-118.3698901120569,reconstructed,0.632841339953445,155,1768,126,22.06,2.35,25.16,17.96,2.17,3.73,35.35,23.41,89,2023 Pop w/Income Below Poverty Level (ACS 5-Yr): Percent,police_station_count,-0.007974988912365748
AG-49,35,US,186,BlockApportionment:US.BlockGroups;PointsLayer:US.BlockPoints,2.191,2.576,1,145,1706,100,202,76.03,28.09,77,35,US,186,BlockApportionment:US.BlockGroups;PointsLayer:US.BlockPoints,2.191,2.576,1,30.33,6.33,33.77,26.61,6.6,6.17,26.58,25.75,76,78,0.6475,17.47,29.74,16.36,0,0,,,0,0,0,0,0,1,0,0,0,0,0,1,40,34,0,0,0,26,5699.53,10.34,26,5699.53,10.34,0,0.0,1394.11,2,2,1735.82,31.49,0.0,0,0.0,0,0.0,0,100.0,1,0.0,0,1.24,17.23,57.55,0.89,24.33,5,69.91,33,49,0,,,1,0,33.95736881965564,-118.36988247291436,reconstructed,0.6560318206467195,145,1706,202,30.33,6.33,33.77,26.61,6.6,6.17,28.09,25.75,78,pct_below_poverty,lausd_school_site_count,-0.00914665469690409
AG-7,47,US,1398,BlockApportionment:US.BlockGroups;PointsLayer:US.BlockPoints,2.191,2.576,1,54,755,66,224,44.9,2.83,136,47,US,1398,BlockApportionment:US.BlockGroups;PointsLayer:US.BlockPoints,2.191,2.576,1,21.74,0.0,7.91,3.7,0.85,2.01,2.01,17.72,108,111,0.6475,17.47,29.74,16.36,0,0,,,0,0,0,0,0,0,0,0,0,0,0,0,5,6,0,0,0,0,0.0,899.53,0,0.0,961.04,2,1554.12,46.96,0,0,0.0,960.77,61.68,1,1.44,1,0.0,0,100.0,1,0.0,0,7.04,58.1,12.32,2.64,26.94,3,36.51,33,7,0,,,0,0,34.28435975281705,-118.37020331690076,reconstructed,0.5052255694801866,54,755,224,21.74,0.0,7.91,3.7,0.85,2.01,2.83,17.72,111,pct_below_poverty,la_geohub_100yr_flood_intersects,0.012888746127247708
AG-8,29,US,1380,BlockApportionment:US.BlockGroups;PointsLayer:US.BlockPoints,2.191,2.576,1,43,187,27,74,39.04,6.08,152,29,US,1380,BlockApportionment:US.BlockGroups;PointsLayer:US.BlockPoints,2.191,2.576,1,16.95,0.0,3.86,0.0,0.0,0.97,3.49,16.36,118,116,0.6475,17.47,29.74,16.36,0,0,,,12,0,0,0,0,0,0,1,0,0,0,0,25,32,0,0,0,18,2729.98,34.65,10,1748.87,98.51,2,862.52,274.34,2,2,1752.62,98.21,95.16,1,0.0,0,0.0,0,100.0,1,0.0,0,2.58,36.49,26.33,1.89,35.28,4,47.66,33,8,0,,,0,0,34.27657425440845,-118.37019567775825,reconstructed,0.534815393329458,43,187,74,16.95,0.0,3.86,0.0,0.0,0.97,6.08,16.36,116,total_population,police_station_count,0.011110891313048689
AG-9,6,US,1357,BlockApportionment:US.BlockGroups;PointsLayer:US.BlockPoints,2.191,2.576,1,199,12,51,0,41.67,0.0,0,6,US,1357,BlockApportionment:US.BlockGroups;PointsLayer:US.BlockPoints,2.191,2.576,1,100.0,0.0,0.0,0.0,0.0,0.0,0.0,66.67,0,0,0.6475,17.47,29.74,16.36,0,0,,,0,0,0,0,0,0,0,0,0,0,0,0,3,4,0,0,0,0,0.0,740.28,0,0.0,740.28,4,1577.48,74.74,1,0,0.0,743.15,78.88,1,0.0,0,0.0,0,100.0,1,0.0,0,19.75,54.5,14.11,6.0,25.4,4,33.95,33,9,0,,,0,0,34.26878875599984,-118.37018803861572,reconstructed,0.49369733995089693,199,12,0,100.0,0.0,0.0,0.0,0.0,0.0,0.0,66.67,0,total_population,police_station_count,0.014649246168703577
AH-10,29,US,1330,BlockApportionment:US.BlockGroups;PointsLayer:US.BlockPoints,2.191,2.576,1,89,442,63,38,23.98,3.47,192,29,US,1330,BlockApportionment:US.BlockGroups;PointsLayer:US.BlockPoints,2.191,2.576,1,27.69,9.23,9.18,19.23,1.87,0.0,2.3,21.81,157,159,0.6475,17.47,29.74,16.36,0,0,,,0,0,0,0,0,0,0,0,0,0,0,0,34,23,0,0,0,0,0.0,1109.46,0,0.0,1109.46,1,549.61,372.0,0,0,0.0,1113.25,12.58,1,0.0,0,0.0,0,100.0,1,0.0,0,15.44,54.72,19.21,4.63,21.44,3,38.82,34,10,0,,,0,0,34.260996443509114,-118.3620726556759,reconstructed,0.5245547105597114,89,442,38,27.69,9.23,9.18,19.23,1.87,0.0,3.47,21.81,159,total_population,police_station_count,0.006796321994383328
AH-13,46,US,1247,BlockApportionment:US.BlockGroups;PointsLayer:US.BlockPoints,2.191,2.576,0,0,0,0,0,0.0,0.0,0,46,US,1247,BlockApportionment:US.BlockGroups;PointsLayer:US.BlockPoints,2.191,2.576,0,0.0,0.0,0.0,0.0,0.0,0.0,0.0,0.0,0,0,0.6475,17.47,29.74,16.36,0,0,,,0,0,0,0,0,0,0,0,0,0,0,0,32,39,0,0,0,0,0.0,555.61,0,0.0,1927.35,0,0.0,476.35,1,0,0.0,1958.89,0.0,0,0.0,0,0.0,0,100.0,1,0.0,0,13.6,61.84,16.08,6.54,15.55,3,37.18,34,13,0,,,0,0,34.2376399482833,-118.3620497382483,reconstructed,0.4952007026102494,0,0,0,0.0,0.0,0.0,0.0,0.0,0.0,0.0,0.0,0,total_crime_est,police_station_count,0.01563103795160291
AH-14,13,US,1214,BlockApportionment:US.BlockGroups;PointsLayer:US.BlockPoints,2.191,2.576,1,101,971,99,298,27.7,8.99,134,13,US,1214,BlockApportionment:US.BlockGroups;PointsLayer:US.BlockPoints,2.191,2.576,1,32.19,3.0,11.53,35.29,2.82,0.53,8.47,27.61,119,124,0.6475,17.47,29.74,16.36,0,0,,,6,0,0,0,0,1,1,0,0,0,0,1,79,85,0,0,2,7,823.26,223.49,0,0.0,1109.28,10,1545.62,182.0,8,0,0.0,1118.34,3.89,1,3.69,1,0.0,0,100.0,1,0.0,0,3.78,33.16,36.77,4.64,25.43,5,54.6,34,14,0,,,2,0,34.2298544498747,-118.36204209910576,reconstructed,0.5746004997765091,101,971,298,32.19,3.0,11.53,35.29,2.82,0.53,8.99,27.61,124,pct_below_poverty,la_geohub_100yr_flood_intersects,0.010642225390683033
AH-15,31,US,1182,BlockApportionment:US.BlockGroups;PointsLayer:US.BlockPoints,2.191,2.576,1,110,3581,108,100,52.47,1.99,90,31,US,1182,BlockApportionment:US.BlockGroups;PointsLayer:US.BlockPoints,2.191,2.576,1,32.37,8.19,12.38,36.54,3.3,7.17,1.73,19.54,82,85,0.6475,17.47,29.74,16.36,0,0,,,30,0,0,0,0,0,0,0,0,0,0,0,210,216,0,0,0,20,3755.63,253.37,13,3366.3,253.37,7,1110.23,118.44,3,2,1344.84,255.38,2.89,1,2.89,1,0.0,0,100.0,1,0.0,0,1.41,16.08,55.12,6.18,22.61,5,68.16,34,15,1,34.22385009,-118.36098808,0,1,34.22206895146609,-118.36203445996324,detection_avg,0.6230068226229728,110,3581,100,32.37,8.19,12.38,36.54,3.3,7.17,1.99,19.54,85,pct_below_poverty,la_geohub_100yr_flood_intersects,0.008537994001908607
AH-16,47,US,1148,BlockApportionment:US.BlockGroups;PointsLayer:US.BlockPoints,2.191,2.576,1,166,1604,140,38,80.99,0.79,89,47,US,1148,BlockApportionment:US.BlockGroups;PointsLayer:US.BlockPoints,2.191,2.576,1,33.06,3.76,10.59,35.62,7.14,2.79,1.08,27.58,84,86,0.6475,17.47,29.74,16.36,0,0,,,12,0,0,0,0,1,0,0,0,0,0,0,199,204,0,0,5,11,1231.8,194.44,0,0.0,553.12,0,0.0,631.2,0,0,0.0,579.42,0.0,0,0.0,0,0.0,0,100.0,1,0.0,0,0.53,8.85,71.68,4.42,15.04,5,80.02,34,16,1,34.21829755,-118.36191704,1,1,34.21428345305749,-118.3620268208207,detection_avg,0.6022542249899141,166,1604,38,33.06,3.76,10.59,35.62,7.14,2.79,0.79,27.58,86,pct_below_poverty,lausd_school_site_count,-0.010731938503562905
AH-17,12,US,1113,BlockApportionment:US.BlockGroups;PointsLayer:US.BlockPoints,2.191,2.576,1,118,1115,112,190,82.06,0.0,96,12,US,1113,BlockApportionment:US.BlockGroups;PointsLayer:US.BlockPoints,2.191,2.576,1,37.36,2.93,8.68,37.3,9.2,11.03,0.65,27.96,89,97,0.6475,17.47,29.74,16.36,0,0,,,0,0,0,0,0,0,0,0,0,0,0,1,149,128,0,0,0,22,943.75,145.15,0,0.0,1127.82,0,0.0,1023.96,0,0,0.0,1133.04,0.0,0,0.0,0,0.0,0,100.0,1,0.0,0,0.17,3.79,73.15,3.27,19.79,5,81.15,34,17,0,,,0,0,34.20649795464888,-118.36201918167816,reconstructed,0.6069405360278545,118,1115,190,37.36,2.93,8.68,37.3,9.2,11.03,0.0,27.96,97,2023 Pop 35-64: No Health Insurance (ACS 5-Yr): Percent,affordable_housing_count,-0.0036206550894636717
AH-18,27,US,1078,BlockApportionment:US.BlockGroups;PointsLayer:US.BlockPoints,2.191,2.576,1,210,350,134,36,80.0,2.46,106,27,US,1078,BlockApportionment:US.BlockGroups;PointsLayer:US.BlockPoints,2.191,2.576,1,30.0,1.43,13.51,24.14,8.4,14.53,1.53,31.93,114,110,0.6475,17.47,29.74,16.36,0,0,,,0,0,0,0,0,0,0,0,0,0,0,0,62,57,0,0,0,9,802.06,74.34,0,0.0,1674.45,0,0.0,1097.32,0,0,0.0,1743.57,0.0,0,0.0,0,0.0,0,100.0,1,0.0,0,0.71,6.55,70.09,3.89,19.47,5,78.85,34,18,0,,,0,0,34.19871245624028,-118.36201154253564,reconstructed,0.5951043535088422,210,350,36,30.0,1.43,13.51,24.14,8.4,14.53,2.46,31.93,110,total_population,police_station_count,0.00823794446493509
AH-19,44,US,1045,BlockApportionment:US.BlockGroups;PointsLayer:US.BlockPoints,2.191,2.576,1,118,877,93,183,52.79,1.87,108,44,US,1045,BlockApportionment:US.BlockGroups;PointsLayer:US.BlockPoints,2.191,2.576,1,19.61,5.32,8.76,18.78,2.22,6.57,3.66,17.58,87,87,0.6475,17.47,29.74,16.36,0,0,,,10,0,0,0,0,0,0,0,0,0,0,0,118,143,0,0,0,0,0.0,917.83,0,0.0,2128.52,0,0.0,1176.62,0,0,0.0,2217.73,7.15,1,0.0,0,7.49,1,100.0,1,0.0,0,1.89,24.74,59.62,2.75,12.89,5,71.17,34,19,1,34.19393519,-118.3648993,0,1,34.19092695783167,-118.3620039033931,detection_avg,0.5819878925218896,118,877,183,19.61,5.32,8.76,18.78,2.22,6.57,1.87,17.58,87,2023 Pop 35-64: No Health Insurance (ACS 5-Yr): Percent,affordable_housing_count,-0.0033179750317026057
AH-20,12,US,1013,BlockApportionment:US.BlockGroups;PointsLayer:US.BlockPoints,2.191,2.576,1,106,3358,103,100,55.39,2.57,111,12,US,1013,BlockApportionment:US.BlockGroups;PointsLayer:US.BlockPoints,2.191,2.576,1,19.87,5.25,15.5,32.09,4.01,4.52,2.25,21.56,92,98,0.6475,17.47,29.74,16.36,0,0,,,18,0,0,0,0,0,1,0,0,0,0,0,217,235,0,0,0,0,0.0,1441.7,0,0.0,2576.16,0,0.0,1077.92,0,0,0.0,2662.87,0.0,0,0.0,0,0.0,0,100.0,1,0.0,0,3.54,26.02,55.93,4.07,13.98,5,68.09,34,20,0,,,1,0,34.18314145942307,-118.36199626425056,reconstructed,0.5873108386091949,106,3358,100,19.87,5.25,15.5,32.09,4.01,4.52,2.57,21.56,98,pct_below_poverty,lausd_school_site_count,0.0026395514829680527
AH-21,29,US,980,BlockApportionment:US.BlockGroups;PointsLayer:US.BlockPoints,2.191,2.576,1,123,2559,117,40,65.34,2.28,70,29,US,980,BlockApportionment:US.BlockGroups;PointsLayer:US.BlockPoints,2.191,2.576,1,24.41,4.95,14.38,41.6,6.75,4.64,0.88,22.74,80,84,0.6475,17.47,29.74,16.36,0,0,,,0,0,0,0,0,0,0,0,0,0,0,1,264,243,0,0,0,0,0.0,576.98,0,0.0,2305.72,0,0.0,1490.86,5,0,0.0,2303.01,0.0,0,0.0,0,0.0,0,100.0,1,0.0,0,5.5,17.35,58.08,7.9,16.67,5,69.01,34,21,1,34.17411678,-118.36141261,0,1,34.17535596101446,-118.36198862510804,detection_avg,0.5993773493316789,123,2559,40,24.41,4.95,14.38,41.6,6.75,4.64,2.28,22.74,84,total_population,police_station_count,-0.002702799497287237
AH-22,42,US,943,BlockApportionment:US.BlockGroups;PointsLayer:US.BlockPoints,2.191,2.576,1,137,3656,107,33,39.33,2.34,78,42,US,943,BlockApportionment:US.BlockGroups;PointsLayer:US.BlockPoints,2.191,2.576,1,22.64,3.01,15.87,32.92,2.89,1.81,1.3,14.09,73,73,0.6475,17.47,29.74,16.36,0,0,,,6,0,0,0,0,0,0,0,0,0,0,1,653,638,0,0,0,22,663.23,287.73,0,0.0,1773.86,0,0.0,1758.58,1,0,0.0,1800.78,0.0,0,0.0,0,0.0,0,100.0,1,0.0,0,1.6,12.94,67.91,3.37,15.78,5,77.06,34,22,1,34.16859771,-118.36489315,0,1,34.16757046260586,-118.3619809859655,detection_avg,0.6182842038913163,137,3656,33,22.64,3.01,15.87,32.92,2.89,1.81,2.34,14.09,73,pct_below_poverty,lausd_school_site_count,0.0026603557485705403
AH-23,49,US,900,BlockApportionment:US.BlockGroups;PointsLayer:US.BlockPoints,2.191,2.576,1,86,2616,100,131,27.26,4.7,110,49,US,900,BlockApportionment:US.BlockGroups;PointsLayer:US.BlockPoints,2.191,2.576,1,19.18,8.92,7.73,29.51,2.02,4.77,4.49,14.8,124,125,0.6475,17.47,29.74,16.36,0,0,,,9,0,0,0,0,0,1,0,0,0,0,0,490,482,0,0,3,0,0.0,909.14,0,0.0,909.14,0,0.0,903.73,3,0,0.0,936.89,0.0,0,0.0,0,0.0,0,100.0,1,0.0,0,3.53,23.14,55.3,3.53,18.02,5,67.65,34,23,0,,,1,0,34.15978496419725,-118.36197334682296,reconstructed,0.5498845537422388,86,2616,131,19.18,8.92,7.73,29.51,2.02,4.77,4.7,14.8,125,pct_below_poverty,lausd_school_site_count,-0.006205337008487284
AH-24,11,US,862,BlockApportionment:US.BlockGroups;PointsLayer:US.BlockPoints,2.191,2.576,1,115,2216,96,131,17.6,2.53,128,11,US,862,BlockApportionment:US.BlockGroups;PointsLayer:US.BlockPoints,2.191,2.576,1,9.29,7.45,8.28,25.34,2.18,1.81,1.72,10.34,133,133,0.6475,17.47,29.74,16.36,0,0,,,18,0,0,0,0,0,0,0,0,0,0,1,464,492,0,0,0,35,4978.85,47.73,35,4978.85,47.73,3,133.16,186.09,6,2,1771.04,73.17,0.0,0,0.0,0,0.0,0,100.0,1,0.0,0,3.26,32.65,40.38,4.12,22.85,5,57.29,34,24,1,34.15235397,-118.36180832,0,1,34.15199946578865,-118.36196570768044,detection_avg,0.6204193740703541,115,2216,131,9.29,7.45,8.28,25.34,2.18,1.81,2.53,10.34,133,total_population,police_station_count,-0.0027384331425480426
AH-25,37,US,838,BlockApportionment:US.BlockGroups;PointsLayer:US.BlockPoints,2.191,2.576,1,142,1819,99,140,17.98,3.73,135,37,US,838,BlockApportionment:US.BlockGroups;PointsLayer:US.BlockPoints,2.191,2.576,1,11.62,3.67,6.92,29.06,0.27,1.5,2.95,8.99,132,133,0.6475,17.47,29.74,16.36,0,0,,,24,0,0,0,0,0,0,1,0,0,0,0,362,380,0,0,0,22,839.23,136.0,0,0.0,597.99,2,715.55,305.52,5,0,0.0,597.19,0.0,0,0.0,0,0.0,0,100.0,1,0.0,0,2.48,27.48,43.79,6.74,21.99,5,59.91,34,25,0,,,0,0,34.14421396738004,-118.36195806853787,reconstructed,0.5974568300883494,142,1819,140,11.62,3.67,6.92,29.06,0.27,1.5,3.73,8.99,133,recreation_center_count,osm_amenity_count,-0.004341135321827376
AH-26,18,US,819,BlockApportionment:US.BlockGroups;PointsLayer:US.BlockPoints,2.191,2.576,1,178,662,112,157,14.2,0.0,129,18,US,819,BlockApportionment:US.BlockGroups;PointsLayer:US.BlockPoints,2.191,2.576,1,12.01,5.3,9.65,24.78,0.0,3.48,0.52,4.46,128,126,0.6475,17.47,29.74,16.36,0,0,,,49,0,0,0,0,0,0,0,0,0,0,2,255,230,0,0,0,79,5896.75,70.43,27,3452.56,82.72,0,0.0,558.6,17,2,1773.77,117.28,0.0,0,0.0,0,0.0,0,100.0,1,0.0,0,3.44,26.12,52.06,2.06,19.76,5,65.41,34,26,1,34.14041596,-118.36330556,0,1,34.13642846897144,-118.36195042939536,detection_avg,0.6223963005949643,178,662,157,12.01,5.3,9.65,24.78,0.0,3.48,0.0,4.46,126,total_population,police_station_count,0.003860073034955527
AH-31,25,US,726,BlockApportionment:US.BlockGroups;PointsLayer:US.BlockPoints,2.191,2.576,1,223,3469,152,117,14.21,2.69,107,25,US,726,BlockApportionment:US.BlockGroups;PointsLayer:US.BlockPoints,2.191,2.576,1,12.24,3.19,7.6,28.0,0.0,5.68,2.6,4.24,118,118,0.6475,17.47,29.74,16.36,0,0,,,36,0,0,0,0,0,0,0,0,0,0,0,825,833,0,0,0,0,0.0,947.9,0,0.0,2721.64,0,0.0,732.98,6,0,0.0,1949.32,0.0,0,0.0,0,0.0,0,100.0,1,0.0,0,9.03,31.5,50.27,2.48,15.75,5,62.48,34,31,0,,,0,0,34.097500976928416,-118.36191223368267,reconstructed,0.5735821775059261,223,3469,117,12.24,3.19,7.6,28.0,0.0,5.68,2.69,4.24,118,total_crime_est,affordable_housing_count,-0.004444854752662781
AH-32,46,US,697,BlockApportionment:US.BlockGroups;PointsLayer:US.BlockPoints,2.191,2.576,1,184,5542,191,181,14.69,1.08,81,46,US,697,BlockApportionment:US.BlockGroups;PointsLayer:US.BlockPoints,2.191,2.576,1,23.39,6.43,13.02,30.66,2.52,2.64,1.08,10.31,91,90,0.6475,17.47,29.74,16.36,0,0,,,40,0,0,0,0,3,0,0,0,0,0,0,283,295,0,0,3,27,1436.32,83.15,0,0.0,3228.06,0,0.0,1579.0,8,0,0.0,1696.14,0.0,0,0.0,0,0.0,0,100.0,1,0.0,0,6.21,20.04,63.48,1.42,15.07,5,72.57,34,32,0,,,3,0,34.08971547851981,-118.36190459454016,reconstructed,0.6465678027683321,184,5542,181,23.39,6.43,13.02,30.66,2.52,2.64,1.08,10.31,90,total_crime_est,affordable_housing_count,-0.0029363947160283036
AH-33,17,US,668,BlockApportionment:US.BlockGroups;PointsLayer:US.BlockPoints,2.191,2.576,1,183,2662,137,136,14.76,0.92,134,17,US,668,BlockApportionment:US.BlockGroups;PointsLayer:US.BlockPoints,2.191,2.576,1,14.64,3.69,9.36,22.08,1.77,1.85,0.83,8.5,136,136,0.6475,17.47,29.74,16.36,0,0,,,29,0,0,0,0,2,2,0,0,0,0,1,666,644,0,0,6,0,0.0,772.21,0,0.0,3847.17,0,0.0,1918.12,8,0,0.0,1857.3,0.0,0,0.0,0,0.0,0,100.0,1,0.0,0,3.27,19.97,62.65,1.03,16.35,5,72.87,34,33,0,,,4,0,34.081929980111205,-118.36189695539764,reconstructed,0.6178942092643568,183,2662,136,14.64,3.69,9.36,22.08,1.77,1.85,0.92,8.5,136,pct_below_poverty,lausd_school_site_count,-0.005418201150876143
AH-34,38,US,639,BlockApportionment:US.BlockGroups;PointsLayer:US.BlockPoints,2.191,2.576,1,201,2863,133,193,12.43,2.86,130,38,US,639,BlockApportionment:US.BlockGroups;PointsLayer:US.BlockPoints,2.191,2.576,1,13.44,2.45,9.59,25.81,0.04,3.43,2.64,5.02,130,128,0.6475,17.47,29.74,16.36,0,0,,,60,0,0,0,0,0,3,0,0,0,0,2,935,953,0,0,0,0,0.0,1373.61,0,0.0,4398.1,0,0.0,1380.23,24,0,0.0,2348.53,0.31,1,0.0,0,33.21,1,100.0,1,0.0,0,0.89,13.83,71.81,1.77,12.59,5,80.0,34,34,1,34.076137455,-118.360313495,3,1,34.0741444817026,-118.36188931625507,detection_avg,0.5944457423685393,201,2863,193,13.44,2.45,9.59,25.81,0.04,3.43,2.86,5.02,128,total_crime_est,affordable_housing_count,-0.00407939378943378
AH-35,8,US,609,BlockApportionment:US.BlockGroups;PointsLayer:US.BlockPoints,2.191,2.576,1,157,3763,78,124,14.16,1.59,151,8,US,609,BlockApportionment:US.BlockGroups;PointsLayer:US.BlockPoints,2.191,2.576,1,19.19,2.74,10.35,33.62,0.49,2.01,2.44,7.82,135,134,0.6475,17.47,29.74,16.36,0,0,,,36,0,0,0,0,1,0,0,0,0,0,0,569,507,0,0,1,0,0.0,574.78,0,0.0,3566.75,0,0.0,606.2,9,0,0.0,3011.49,0.0,0,0.0,0,8.58,1,100.0,1,0.0,0,2.07,29.66,46.9,1.21,22.24,5,62.21,34,35,0,,,1,0,34.066358983293995,-118.36188167711256,reconstructed,0.596445204566145,157,3763,124,19.19,2.74,10.35,33.62,0.49,2.01,1.59,7.82,134,pct_below_poverty,lausd_school_site_count,0.005657893079662786
AH-36,28,US,579,BlockApportionment:US.BlockGroups;PointsLayer:US.BlockPoints,2.191,2.576,1,197,2899,99,90,14.14,1.22,136,28,US,579,BlockApportionment:US.BlockGroups;PointsLayer:US.BlockPoints,2.191,2.576,1,20.17,4.44,15.64,30.91,0.45,6.02,1.47,16.67,139,139,0.6475,17.47,29.74,16.36,0,0,,,46,2,0,0,0,0,1,0,0,0,0,0,834,828,0,0,0,48,3426.61,256.38,0,0.0,2756.02,0,0.0,524.88,13,0,0.0,2792.32,0.0,0,0.0,0,0.0,0,100.0,1,0.0,0,2.13,17.91,59.04,1.42,21.63,5,70.69,34,36,1,34.0632382375,-118.36221936,1,1,34.058573484885386,-118.36187403797004,detection_avg,0.6180794633015432,197,2899,90,20.17,4.44,15.64,30.91,0.45,6.02,1.22,16.67,139,total_crime_est,affordable_housing_count,-0.00386546370762947
AH-37,42,US,543,BlockApportionment:US.BlockGroups;PointsLayer:US.BlockPoints,2.191,2.576,1,139,3530,119,157,21.73,1.57,129,42,US,543,BlockApportionment:US.BlockGroups;PointsLayer:US.BlockPoints,2.191,2.576,1,8.06,1.4,17.66,30.61,0.36,1.74,1.15,11.18,128,131,0.6475,17.47,29.74,16.36,0,0,,,3,0,0,0,0,0,0,0,0,0,0,1,589,540,0,0,0,5,632.34,394.67,0,0.0,1961.16,0,0.0,1156.42,0,0,0.0,2031.16,0.0,0,0.0,0,0.0,0,100.0,1,0.0,0,1.73,23.66,51.3,0.69,24.35,5,65.39,34,37,0,,,0,0,34.050787986476784,-118.36186639882747,reconstructed,0.6060602258183161,139,3530,157,8.06,1.4,17.66,30.61,0.36,1.74,1.57,11.18,131,2023 Pop w/Income Below Poverty Level (ACS 5-Yr): Percent,fire_station_count,0.00249697863197245
AH-38,6,US,507,BlockApportionment:US.BlockGroups;PointsLayer:US.BlockPoints,2.191,2.576,1,112,2903,116,193,36.1,2.66,132,6,US,507,BlockApportionment:US.BlockGroups;PointsLayer:US.BlockPoints,2.191,2.576,1,17.53,6.53,13.22,26.89,4.96,2.9,2.66,17.05,115,114,0.6475,17.47,29.74,16.36,0,0,,,12,0,0,0,0,0,0,0,0,0,0,1,364,369,0,0,0,10,1678.6,131.63,0,0.0,1147.64,4,808.42,382.51,0,0,0.0,1197.78,2.35,1,2.33,1,0.0,0,100.0,1,0.0,0,1.24,22.56,49.02,1.6,26.82,5,63.94,34,38,0,,,0,0,34.043002488068176,-118.36185875968496,reconstructed,0.6097061653032522,112,2903,193,17.53,6.53,13.22,26.89,4.96,2.9,2.66,17.05,114,pct_below_poverty,la_geohub_100yr_flood_intersects,0.005997691628115985
AH-39,20,US,471,BlockApportionment:US.BlockGroups;PointsLayer:US.BlockPoints,2.191,2.576,1,119,4091,124,157,62.97,1.91,113,20,US,471,BlockApportionment:US.BlockGroups;PointsLayer:US.BlockPoints,2.191,2.576,1,25.47,3.71,14.35,27.48,5.15,5.34,1.09,22.07,97,100,0.6475,17.47,29.74,16.36,0,0,,,6,0,0,0,0,1,0,0,0,0,0,0,403,365,0,0,3,10,1432.53,347.79,10,1432.53,347.79,2,575.22,416.61,0,2,1258.74,344.6,20.37,1,1.18,1,6.1,1,100.0,1,0.0,0,2.66,19.36,60.39,1.24,19.01,5,71.47,34,39,1,34.0353588575,-118.3632463625,1,1,34.035216989659574,-118.36185112054244,detection_avg,0.6232371910310968,119,4091,157,25.47,3.71,14.35,27.48,5.15,5.34,1.91,22.07,100,pct_below_poverty,lausd_school_site_count,0.00419991980301526
AH-40,35,US,436,BlockApportionment:US.BlockGroups;PointsLayer:US.BlockPoints,2.191,2.576,1,123,6418,132,105,76.6,1.57,78,35,US,436,BlockApportionment:US.BlockGroups;PointsLayer:US.BlockPoints,2.191,2.576,1,15.1,3.46,11.37,14.45,5.46,9.44,2.02,19.69,84,86,0.6475,17.47,29.74,16.36,0,0,,,10,0,0,0,0,0,0,0,0,0,0,0,430,399,0,0,0,0,0.0,496.85,0,0.0,496.85,0,0.0,998.38,6,0,0.0,499.69,59.13,1,0.0,0,18.21,1,100.0,1,0.0,0,1.55,15.83,68.85,0.52,14.8,5,77.73,34,40,0,,,0,0,34.027431491250965,-118.36184348139987,reconstructed,0.6322521573489468,123,6418,105,15.1,3.46,11.37,14.45,5.46,9.44,1.57,19.69,86,2023 Pop 35-64: No Health Insurance (ACS 5-Yr): Percent,affordable_housing_count,-0.004209606981241272
AH-41,0,US,401,BlockApportionment:US.BlockGroups;PointsLayer:US.BlockPoints,2.191,2.576,1,78,1677,86,124,20.27,3.35,135,0,US,401,BlockApportionment:US.BlockGroups;PointsLayer:US.BlockPoints,2.191,2.576,1,19.37,1.64,6.88,39.08,0.97,0.11,4.47,12.28,118,117,0.6475,17.47,29.74,16.36,0,0,,,11,0,0,0,0,1,0,2,0,0,0,0,164,183,0,0,2,18,986.94,9.03,0,0.0,1360.1,0,0.0,1384.9,1,0,0.0,1363.78,14.46,1,0.0,0,1.95,1,100.0,1,0.0,0,8.33,33.16,49.11,4.08,13.65,5,61.88,34,41,0,,,1,0,34.019645992842364,-118.36183584225736,reconstructed,0.5435916976106482,78,1677,124,19.37,1.64,6.88,39.08,0.97,0.11,3.35,12.28,117,recreation_center_count,osm_amenity_count,0.005548398781277999
AH-42,15,US,366,BlockApportionment:US.BlockGroups;PointsLayer:US.BlockPoints,2.191,2.576,1,107,652,79,117,11.2,4.72,169,15,US,366,BlockApportionment:US.BlockGroups;PointsLayer:US.BlockPoints,2.191,2.576,1,14.46,0.8,5.81,40.54,1.47,0.0,5.65,4.95,142,140,0.6475,17.47,29.74,16.36,0,0,,,0,0,0,0,0,0,0,0,0,0,0,0,100,98,0,0,0,0,0.0,555.99,0,0.0,2224.26,0,0.0,971.18,0,0,0.0,2227.91,0.0,0,0.0,0,0.0,0,100.0,1,0.0,0,17.41,51.21,30.86,1.55,16.38,5,46.38,34,42,0,,,0,0,34.011860494433755,-118.36182820311484,reconstructed,0.5212408179649529,107,652,117,14.46,0.8,5.81,40.54,1.47,0.0,4.72,4.95,140,2023 Pop 35-64: No Health Insurance (ACS 5-Yr): Percent,affordable_housing_count,0.004766418319138193
AH-8,30,US,1381,BlockApportionment:US.BlockGroups;PointsLayer:US.BlockPoints,2.191,2.576,1,39,627,12,21,36.84,7.24,157,30,US,1381,BlockApportionment:US.BlockGroups;PointsLayer:US.BlockPoints,2.191,2.576,1,14.43,0.0,2.48,0.0,0.0,0.5,4.23,15.73,120,120,0.6475,17.47,29.74,16.36,0,0,,,0,0,0,0,0,1,1,0,0,0,0,0,53,60,0,0,1,0,0.0,467.41,0,0.0,585.49,0,0.0,826.47,0,0,0.0,584.83,65.89,1,0.0,0,0.0,0,100.0,1,0.0,0,4.25,51.15,23.89,1.77,23.19,3,45.45,34,8,0,,,2,0,34.276567440326325,-118.36208793396096,reconstructed,0.510794207926166,39,627,21,14.43,0.0,2.48,0.0,0.0,0.5,7.24,15.73,120,pct_below_poverty,lausd_school_site_count,0.010872507387831364
AH-9,7,US,1358,BlockApportionment:US.BlockGroups;PointsLayer:US.BlockPoints,2.191,2.576,1,39,140,12,33,37.14,7.38,157,7,US,1358,BlockApportionment:US.BlockGroups;PointsLayer:US.BlockPoints,2.191,2.576,1,13.73,0.0,2.13,0.0,0.0,0.71,4.35,16.07,122,121,0.6475,17.47,29.74,16.36,0,0,,,12,0,0,0,0,0,0,0,0,0,0,0,6,10,0,0,0,10,2033.41,252.08,7,1466.02,252.08,7,2429.59,100.17,0,2,1423.05,255.71,100.0,1,0.0,0,0.0,0,100.0,1,0.0,0,19.79,67.14,15.19,1.77,15.9,3,34.7,34,9,0,,,0,0,34.26878194191772,-118.36208029481844,reconstructed,0.5181258748074025,39,140,33,13.73,0.0,2.13,0.0,0.0,0.71,7.38,16.07,121,total_population,police_station_count,0.012015305455264117
AI-10,30,US,1331,BlockApportionment:US.BlockGroups;PointsLayer:US.BlockPoints,2.191,2.576,1,75,232,65,214,23.71,2.75,195,30,US,1331,BlockApportionment:US.BlockGroups;PointsLayer:US.BlockPoints,2.191,2.576,1,24.0,8.0,8.21,50.0,0.55,3.2,1.57,17.13,144,148,0.6475,17.47,29.74,16.36,0,0,,,0,0,0,0,0,0,0,0,0,0,0,1,21,18,0,0,0,0,0.0,1019.57,0,0.0,1387.37,0,0.0,775.1,0,0,0.0,1421.39,0.0,0,0.0,0,0.0,0,100.0,1,0.0,0,6.55,57.59,12.59,3.97,25.86,3,36.85,35,10,0,,,0,0,34.260989629426994,-118.35396491187863,reconstructed,0.5218253079183787,75,232,214,24.0,8.0,8.21,50.0,0.55,3.2,2.75,17.13,148,total_population,police_station_count,0.010276825890021858
AI-14,14,US,1215,BlockApportionment:US.BlockGroups;PointsLayer:US.BlockPoints,2.191,2.576,1,106,19,102,298,26.32,12.5,190,14,US,1215,BlockApportionment:US.BlockGroups;PointsLayer:US.BlockPoints,2.191,2.576,1,33.33,0.0,11.11,100.0,0.0,0.0,11.76,31.25,119,123,0.6475,17.47,29.74,16.36,0,0,,,0,0,0,0,0,0,1,0,0,0,0,0,27,25,0,0,0,0,0.0,671.84,0,0.0,869.43,1,283.07,407.71,0,0,0.0,893.29,11.97,1,0.47,1,0.0,0,100.0,1,0.0,0,5.31,67.61,13.63,2.12,16.64,3,37.95,35,14,0,,,1,0,34.229847635792574,-118.3539343553085,reconstructed,0.5361791377284028,106,19,298,33.33,0.0,11.11,100.0,0.0,0.0,12.5,31.25,123,total_population,police_station_count,0.014498811332607827
AI-15,32,US,1183,BlockApportionment:US.BlockGroups;PointsLayer:US.BlockPoints,2.191,2.576,1,131,523,111,93,35.76,3.79,92,32,US,1183,BlockApportionment:US.BlockGroups;PointsLayer:US.BlockPoints,2.191,2.576,1,32.43,9.46,10.04,53.12,4.31,2.7,3.34,22.91,77,78,0.6475,17.47,29.74,16.36,0,0,,,24,0,0,0,0,0,0,0,0,0,0,0,122,108,0,0,0,17,2973.72,255.48,17,2973.72,255.48,13,1668.43,132.87,0,2,1381.42,255.85,1.43,1,1.43,1,0.0,0,100.0,1,0.0,0,7.39,33.51,39.69,4.12,22.68,5,55.57,35,15,1,34.22053025,-118.35868902,0,1,34.22206213738397,-118.35392671616596,detection_avg,0.5920567977928735,131,523,93,32.43,9.46,10.04,53.12,4.31,2.7,3.79,22.91,78,pct_below_poverty,la_geohub_100yr_flood_intersects,0.01299066742808344
AI-16,48,US,1149,BlockApportionment:US.BlockGroups;PointsLayer:US.BlockPoints,2.191,2.576,1,164,2345,106,64,72.67,1.9,112,48,US,1149,BlockApportionment:US.BlockGroups;PointsLayer:US.BlockPoints,2.191,2.576,1,21.18,3.26,11.99,42.11,5.0,4.73,2.6,24.5,113,121,0.6475,17.47,29.74,16.36,0,0,,,12,0,0,0,0,0,1,0,0,0,0,0,202,197,0,0,0,31,3466.48,277.19,23,2855.88,277.19,2,570.95,349.89,2,2,1338.24,297.79,0.93,1,0.92,1,0.0,0,100.0,1,0.0,0,4.77,21.2,57.42,3.71,17.67,5,68.76,35,16,0,,,1,0,34.21427663897536,-118.35391907702342,reconstructed,0.5918952521693408,164,2345,64,21.18,3.26,11.99,42.11,5.0,4.73,1.9,24.5,121,pct_below_poverty,la_geohub_100yr_flood_intersects,0.009566147660536666
AI-17,13,US,1114,BlockApportionment:US.BlockGroups;PointsLayer:US.BlockPoints,2.191,2.576,1,190,14,121,0,78.57,0.0,158,13,US,1114,BlockApportionment:US.BlockGroups;PointsLayer:US.BlockPoints,2.191,2.576,1,0.0,0.0,16.67,100.0,0.0,8.33,0.0,25.0,311,161,0.6475,17.47,29.74,16.36,0,0,,,24,0,0,0,0,0,0,0,0,0,0,0,43,35,0,0,0,25,1205.55,334.26,0,0.0,859.46,0,0.0,961.46,8,0,0.0,904.64,0.0,0,0.0,0,0.0,0,100.0,1,0.0,0,0.52,5.33,52.06,1.37,41.24,5,66.29,35,17,0,,,0,0,34.20649114056676,-118.3539114378809,reconstructed,0.5741490577244027,190,14,0,0.0,0.0,16.67,100.0,0.0,8.33,0.0,25.0,161,total_population,police_station_count,0.014606190124407179
AI-18,28,US,1079,BlockApportionment:US.BlockGroups;PointsLayer:US.BlockPoints,2.191,2.576,1,307,3,147,0,0.0,0.0,0,28,US,1079,BlockApportionment:US.BlockGroups;PointsLayer:US.BlockPoints,2.191,2.576,1,0.0,0.0,0.0,0.0,0.0,0.0,0.0,0.0,0,0,0.6475,17.47,29.74,16.36,0,0,,,26,0,0,0,0,0,0,0,0,0,0,0,1,1,0,0,0,0,0.0,908.13,0,0.0,1279.3,0,0.0,1414.21,9,0,0.0,1353.15,3.19,1,0.0,0,1.37,1,100.0,1,0.0,0,0.35,3.72,82.3,2.3,11.68,5,87.5,35,18,0,,,0,0,34.19870564215815,-118.35390379873836,reconstructed,0.5581161794618239,307,3,0,0.0,0.0,0.0,0.0,0.0,0.0,0.0,0.0,0,total_population,police_station_count,0.014843736345912203
AI-19,45,US,1046,BlockApportionment:US.BlockGroups;PointsLayer:US.BlockPoints,2.191,2.576,1,153,1248,98,100,49.6,7.11,201,45,US,1046,BlockApportionment:US.BlockGroups;PointsLayer:US.BlockPoints,2.191,2.576,1,23.67,3.25,3.95,4.79,0.1,0.54,4.0,13.2,136,130,0.6475,17.47,29.74,16.36,0,0,,,17,0,0,0,0,0,0,0,0,0,0,0,24,25,0,0,0,0,0.0,1464.23,0,0.0,1730.52,0,0.0,1633.7,15,0,0.0,1802.96,0.83,1,0.0,0,9.32,1,100.0,1,0.0,0,2.12,37.7,41.06,3.01,18.23,5,58.11,35,19,0,,,0,0,34.19092014374955,-118.35389615959582,reconstructed,0.5658346688193008,153,1248,100,23.67,3.25,3.95,4.79,0.1,0.54,7.11,13.2,130,2023 Pop w/Income Below Poverty Level (ACS 5-Yr): Percent,police_station_count,0.005092139780181914
AI-20,13,US,1014,BlockApportionment:US.BlockGroups;PointsLayer:US.BlockPoints,2.191,2.576,1,58,2212,73,102,35.26,1.39,115,13,US,1014,BlockApportionment:US.BlockGroups;PointsLayer:US.BlockPoints,2.191,2.576,1,17.77,1.05,15.8,20.11,0.25,0.86,1.35,21.42,90,94,0.6475,17.47,29.74,16.36,0,0,,,12,0,0,0,0,2,1,0,0,0,0,0,34,31,0,0,0,0,0.0,784.62,0,0.0,2389.65,0,0.0,1877.03,1,0,0.0,2396.76,0.0,0,0.0,0,0.0,0,100.0,1,0.0,0,1.2,22.72,40.96,4.99,31.33,5,58.31,35,20,0,,,3,0,34.18313464534094,-118.3538885204533,reconstructed,0.5465196023101742,58,2212,102,17.77,1.05,15.8,20.11,0.25,0.86,1.39,21.42,94,total_population,police_station_count,-0.002737940973974653
AI-21,30,US,981,BlockApportionment:US.BlockGroups;PointsLayer:US.BlockPoints,2.191,2.576,1,84,2137,100,100,32.99,4.74,106,30,US,981,BlockApportionment:US.BlockGroups;PointsLayer:US.BlockPoints,2.191,2.576,1,26.67,5.0,1.8,22.22,0.0,0.79,4.81,20.51,94,96,0.6475,17.47,29.74,16.36,0,0,,,21,0,0,0,0,0,0,0,0,0,0,0,63,58,0,0,0,33,1518.38,7.96,0,0.0,2223.2,0,0.0,2337.89,8,0,0.0,2226.1,0.0,0,0.0,0,0.0,0,100.0,1,0.0,0,1.24,17.55,50.0,4.43,28.01,5,64.63,35,21,0,,,0,0,34.17534914693234,-118.35388088131076,reconstructed,0.5588702358708406,84,2137,100,26.67,5.0,1.8,22.22,0.0,0.79,4.74,20.51,96,pct_below_poverty,library_count,-0.005881544094700326
AI-22,43,US,944,BlockApportionment:US.BlockGroups;PointsLayer:US.BlockPoints,2.191,2.576,1,117,2532,106,45,24.68,3.31,134,43,US,944,BlockApportionment:US.BlockGroups;PointsLayer:US.BlockPoints,2.191,2.576,1,15.81,3.98,7.32,14.08,3.14,4.52,2.9,17.1,129,131,0.6475,17.47,29.74,16.36,0,0,,,15,0,0,0,0,0,0,0,0,0,0,0,106,116,0,0,0,0,0.0,811.04,0,0.0,1380.43,0,0.0,1616.65,3,0,0.0,1379.97,0.0,0,0.0,0,0.0,0,100.0,1,0.0,0,3.26,23.88,46.56,4.12,25.43,5,61.61,35,22,0,,,0,0,34.16756364852374,-118.35387324216822,reconstructed,0.5665953176636188,117,2532,45,15.81,3.98,7.32,14.08,3.14,4.52,3.31,17.1,131,2023 Pop w/Income Below Poverty Level (ACS 5-Yr): Percent,police_station_count,0.0033697735540587546
AI-23,0,US,901,BlockApportionment:US.BlockGroups;PointsLayer:US.BlockPoints,2.191,2.576,1,72,1964,79,160,17.11,3.04,138,0,US,901,BlockApportionment:US.BlockGroups;PointsLayer:US.BlockPoints,2.191,2.576,1,12.61,8.79,9.09,27.21,2.48,2.41,3.1,13.68,149,149,0.6475,17.47,29.74,16.36,0,0,,,0,0,0,0,0,0,0,0,0,0,0,0,161,164,0,0,0,0,0.0,524.77,0,0.0,524.77,0,0.0,1041.92,0,0,0.0,524.38,0.0,0,0.0,0,0.0,0,100.0,1,0.0,0,6.02,31.86,39.12,5.49,23.54,5,55.58,35,23,0,,,0,0,34.15977815011513,-118.3538656030257,reconstructed,0.5354851367958625,72,1964,160,12.61,8.79,9.09,27.21,2.48,2.41,3.04,13.68,149,total_population,police_station_count,-0.002640268017227132
AI-24,12,US,863,BlockApportionment:US.BlockGroups;PointsLayer:US.BlockPoints,2.191,2.576,1,121,1306,86,150,17.0,1.8,156,12,US,863,BlockApportionment:US.BlockGroups;PointsLayer:US.BlockPoints,2.191,2.576,1,24.66,1.37,3.85,25.08,2.83,0.76,1.61,8.32,170,171,0.6475,17.47,29.74,16.36,0,0,,,30,0,0,0,0,0,0,0,0,0,0,0,423,447,0,0,0,14,2405.45,316.81,14,2405.45,316.81,2,35.97,396.84,7,2,1203.79,315.88,0.0,0,0.0,0,0.0,0,100.0,1,0.0,0,8.25,37.8,39.86,4.3,18.04,5,55.43,35,24,1,34.1536213,-118.35155052,0,1,34.15199265170653,-118.35385796388316,detection_avg,0.5726403876032503,121,1306,150,24.66,1.37,3.85,25.08,2.83,0.76,1.8,8.32,171,2023 Pop w/Income Below Poverty Level (ACS 5-Yr): Percent,police_station_count,0.005101945369177474
AI-25,38,US,839,BlockApportionment:US.BlockGroups;PointsLayer:US.BlockPoints,2.191,2.576,1,183,245,104,136,15.51,3.8,113,38,US,839,BlockApportionment:US.BlockGroups;PointsLayer:US.BlockPoints,2.191,2.576,1,35.09,0.0,0.0,33.33,0.0,0.0,4.5,18.0,149,153,0.6475,17.47,29.74,16.36,0,0,,,0,0,1,0,0,0,0,0,0,0,0,0,0,0,0,0,0,0,0.0,680.58,0,0.0,910.04,1,940.42,97.06,35,0,0.0,912.83,0.0,0,0.0,0,0.0,0,100.0,1,0.0,0,7.61,47.08,39.65,1.59,11.68,5,55.47,35,25,0,,,0,0,34.14420715329792,-118.35385032474062,reconstructed,0.550285833143668,183,245,136,35.09,0.0,0.0,33.33,0.0,0.0,3.8,18.0,153,pct_below_poverty,library_count,-0.011733019002735651
AI-26,19,US,820,BlockApportionment:US.BlockGroups;PointsLayer:US.BlockPoints,2.191,2.576,1,168,83,101,131,13.25,0.0,226,19,US,820,BlockApportionment:US.BlockGroups;PointsLayer:US.BlockPoints,2.191,2.576,1,10.42,2.08,4.0,20.0,0.0,1.33,1.56,0.0,220,208,0.6475,17.47,29.74,16.36,0,0,,,10,0,0,0,0,0,0,0,0,0,0,0,233,247,0,0,0,49,5135.57,66.53,13,3527.34,66.53,0,0.0,535.06,41,2,1760.64,90.51,0.0,0,0.0,0,0.0,0,100.0,1,0.0,0,9.11,26.8,60.48,1.37,11.34,5,69.6,35,26,0,,,0,0,34.13642165488932,-118.3538426855981,reconstructed,0.621282704852241,168,83,131,10.42,2.08,4.0,20.0,0.0,1.33,0.0,0.0,208,total_population,police_station_count,0.013157546423717602
AI-30,0,US,751,BlockApportionment:US.BlockGroups;PointsLayer:US.BlockPoints,2.191,2.576,1,143,2647,92,150,15.56,3.34,110,0,US,751,BlockApportionment:US.BlockGroups;PointsLayer:US.BlockPoints,2.191,2.576,1,17.07,4.88,11.1,27.93,1.57,3.87,3.51,7.0,121,122,0.6475,17.47,29.74,16.36,0,0,,,10,0,0,0,0,1,0,0,0,0,0,1,375,374,0,0,0,0,0.0,1053.59,0,0.0,1857.3,1,6.55,321.43,3,0,0.0,1686.3,0.06,1,0.0,0,0.06,1,100.0,1,0.0,0,9.03,50.62,24.78,1.06,23.54,5,44.64,35,30,0,,,1,0,34.1052796612549,-118.35381212902796,reconstructed,0.5769655868761515,143,2647,150,17.07,4.88,11.1,27.93,1.57,3.87,3.34,7.0,122,total_population,police_station_count,-0.002677189250092711
AI-31,26,US,727,BlockApportionment:US.BlockGroups;PointsLayer:US.BlockPoints,2.191,2.576,1,160,6507,146,143,13.42,2.1,102,26,US,727,BlockApportionment:US.BlockGroups;PointsLayer:US.BlockPoints,2.191,2.576,1,18.37,5.34,9.08,22.8,1.13,5.15,2.09,10.6,100,100,0.6475,17.47,29.74,16.36,0,0,,,15,0,1,0,0,0,0,1,1,0,0,0,746,803,0,0,3,0,0.0,526.5,0,0.0,2390.57,0,0.0,1180.89,8,0,0.0,1084.7,0.0,0,0.0,0,0.0,0,100.0,1,0.0,0,2.06,26.63,49.14,0.52,23.71,5,63.78,35,31,1,34.09737821,-118.35490606,0,1,34.09749416284629,-118.35380448988542,detection_avg,0.6170862546576931,160,6507,143,18.37,5.34,9.08,22.8,1.13,5.15,2.1,10.6,100,recreation_center_count,osm_amenity_count,-0.017889980450963322
AI-32,47,US,698,BlockApportionment:US.BlockGroups;PointsLayer:US.BlockPoints,2.191,2.576,1,200,4377,200,167,15.06,1.85,88,47,US,698,BlockApportionment:US.BlockGroups;PointsLayer:US.BlockPoints,2.191,2.576,1,28.75,7.09,17.47,23.38,0.93,0.9,1.85,9.6,112,112,0.6475,17.47,29.74,16.36,0,0,,,15,0,1,0,0,0,1,1,0,0,0,0,362,367,0,0,0,15,674.96,338.24,0,0.0,3023.51,0,0.0,2044.81,4,0,0.0,1000.71,0.0,0,0.0,0,0.0,0,100.0,1,0.0,0,1.59,26.19,49.56,3.19,21.06,5,64.22,35,32,0,,,1,0,34.08970866443769,-118.35379685074288,reconstructed,0.6017349004415097,200,4377,167,28.75,7.09,17.47,23.38,0.93,0.9,1.85,9.6,112,2023 Pop w/Income Below Poverty Level (ACS 5-Yr): Percent,fire_station_count,-0.011015860649088506
AI-33,18,US,669,BlockApportionment:US.BlockGroups;PointsLayer:US.BlockPoints,2.191,2.576,1,201,3669,126,238,11.31,1.07,154,18,US,669,BlockApportionment:US.BlockGroups;PointsLayer:US.BlockPoints,2.191,2.576,1,9.65,3.09,5.37,27.89,1.05,1.38,1.02,6.05,146,144,0.6475,17.47,29.74,16.36,0,0,,,6,0,0,0,0,0,0,0,0,0,0,1,816,854,0,0,0,0,0.0,881.04,0,0.0,3692.13,0,0.0,1762.33,7,0,0.0,1522.25,0.0,0,0.0,0,11.23,1,100.0,1,0.0,0,1.21,18.97,60.52,2.76,17.76,5,72.0,35,33,1,34.08342344,-118.35380846,0,1,34.08192316602908,-118.35378921160036,detection_avg,0.5973192354487356,201,3669,238,9.65,3.09,5.37,27.89,1.05,1.38,1.07,6.05,144,2023 Pop w/Income Below Poverty Level (ACS 5-Yr): Percent,police_station_count,0.004628216653199279
AI-34,39,US,640,BlockApportionment:US.BlockGroups;PointsLayer:US.BlockPoints,2.191,2.576,1,131,2777,59,140,9.83,1.11,135,39,US,640,BlockApportionment:US.BlockGroups;PointsLayer:US.BlockPoints,2.191,2.576,1,10.51,1.19,7.91,34.37,0.42,3.8,2.36,8.39,136,135,0.6475,17.47,29.74,16.36,0,0,,,24,0,0,1,0,0,0,1,0,0,0,0,511,474,0,0,0,0,0.0,884.27,0,0.0,4071.84,0,0.0,921.74,14,0,0.0,2263.39,9.53,1,0.0,0,3.84,1,100.0,1,0.0,0,2.48,22.87,58.33,1.6,17.2,5,70.09,35,34,0,,,0,0,34.07413766762048,-118.35378157245782,reconstructed,0.5890057701277769,131,2777,140,10.51,1.19,7.91,34.37,0.42,3.8,1.11,8.39,135,recreation_center_count,osm_amenity_count,-0.025426862352762484
AI-35,9,US,610,BlockApportionment:US.BlockGroups;PointsLayer:US.BlockPoints,2.191,2.576,1,123,7751,59,131,11.78,1.02,127,9,US,610,BlockApportionment:US.BlockGroups;PointsLayer:US.BlockPoints,2.191,2.576,1,11.79,3.61,14.69,27.8,0.07,3.35,1.53,6.72,122,122,0.6475,17.47,29.74,16.36,0,0,,,21,0,0,0,0,0,0,0,0,0,0,0,946,1024,0,0,0,29,1516.04,206.9,0,0.0,3211.85,1,99.72,298.18,9,0,0.0,3069.88,0.0,0,0.0,0,0.0,0,100.0,1,0.0,0,4.26,30.67,51.42,2.48,15.43,5,64.72,35,35,0,,,0,0,34.06635216921187,-118.35377393331528,reconstructed,0.6285131386674994,123,7751,131,11.79,3.61,14.69,27.8,0.07,3.35,1.02,6.72,122,total_population,police_station_count,-0.007247427945903633
AI-36,29,US,580,BlockApportionment:US.BlockGroups;PointsLayer:US.BlockPoints,2.191,2.576,1,175,3351,112,105,15.91,1.74,138,29,US,580,BlockApportionment:US.BlockGroups;PointsLayer:US.BlockPoints,2.191,2.576,1,4.97,2.97,9.75,32.72,1.41,1.65,1.61,8.58,124,125,0.6475,17.47,29.74,16.36,0,0,,,15,0,0,0,0,0,1,0,0,0,0,2,472,418,0,0,0,27,2455.19,93.53,0,0.0,2355.35,0,0.0,896.13,4,0,0.0,2472.22,0.0,0,0.0,0,0.0,0,100.0,1,0.0,0,7.07,28.62,51.9,1.38,18.1,5,64.21,35,36,0,,,1,0,34.058566670803266,-118.35376629417276,reconstructed,0.6062751621624158,175,3351,105,4.97,2.97,9.75,32.72,1.41,1.65,1.74,8.58,125,total_population,police_station_count,-0.0023826355168879757
AI-37,43,US,544,BlockApportionment:US.BlockGroups;PointsLayer:US.BlockPoints,2.191,2.576,1,141,4325,135,245,39.35,2.12,126,43,US,544,BlockApportionment:US.BlockGroups;PointsLayer:US.BlockPoints,2.191,2.576,1,21.04,2.28,18.72,29.03,2.95,2.37,2.07,18.31,106,107,0.6475,17.47,29.74,16.36,0,0,,,6,0,0,0,0,0,2,0,0,0,0,1,595,582,0,0,2,9,531.94,408.37,0,0.0,1508.27,1,119.01,450.46,3,0,0.0,1608.9,0.14,1,0.0,0,0.0,0,100.0,1,0.0,0,3.54,16.46,66.9,1.95,14.69,5,75.77,35,37,1,34.04756861,-118.35166937,2,1,34.050781172394665,-118.35375865503022,detection_avg,0.6141398670169254,141,4325,245,21.04,2.28,18.72,29.03,2.95,2.37,2.12,18.31,107,pct_below_poverty,lausd_school_site_count,-0.004931881664628635
AI-38,7,US,508,BlockApportionment:US.BlockGroups;PointsLayer:US.BlockPoints,2.191,2.576,1,119,3949,137,136,51.91,2.82,91,7,US,508,BlockApportionment:US.BlockGroups;PointsLayer:US.BlockPoints,2.191,2.576,1,25.53,9.35,14.97,35.54,3.38,4.59,3.98,22.38,87,89,0.6475,17.47,29.74,16.36,0,0,,,12,0,1,0,0,1,0,0,0,0,0,0,485,436,0,1,1,6,677.64,411.59,0,0.0,681.07,6,960.67,331.46,0,0,0.0,745.59,27.59,1,2.25,1,1.39,1,100.0,1,0.0,0,2.93,20.69,54.31,1.72,23.28,5,67.14,35,38,0,,,1,0,34.042995673986056,-118.35375101588768,reconstructed,0.6106275676119061,119,3949,136,25.53,9.35,14.97,35.54,3.38,4.59,2.82,22.38,89,2023 Pop w/Income Below Poverty Level (ACS 5-Yr): Percent,fire_station_count,-0.004675047745867055
AI-39,21,US,472,BlockApportionment:US.BlockGroups;PointsLayer:US.BlockPoints,2.191,2.576,1,121,2809,137,93,67.07,2.72,86,21,US,472,BlockApportionment:US.BlockGroups;PointsLayer:US.BlockPoints,2.191,2.576,1,26.08,2.84,10.62,15.53,3.39,7.25,2.39,20.27,91,92,0.6475,17.47,29.74,16.36,0,0,,,22,0,0,0,0,2,1,0,0,0,0,0,274,281,0,2,3,56,5898.68,79.97,37,4784.77,79.97,0,0.0,1082.64,5,2,1751.31,96.09,25.63,1,0.0,0,13.05,1,100.0,1,0.0,0,1.24,22.7,57.98,1.42,17.91,5,70.21,35,39,0,,,3,0,34.035210175577454,-118.35374337674516,reconstructed,0.6431759071549378,121,2809,93,26.08,2.84,10.62,15.53,3.39,7.25,2.72,20.27,92,pct_below_poverty,lausd_school_site_count,-0.004285667517655035
AI-40,36,US,437,BlockApportionment:US.BlockGroups;PointsLayer:US.BlockPoints,2.191,2.576,1,122,2629,139,98,62.34,3.73,90,36,US,437,BlockApportionment:US.BlockGroups;PointsLayer:US.BlockPoints,2.191,2.576,1,34.44,2.78,18.41,15.72,4.14,5.27,3.55,31.1,96,100,0.6475,17.47,29.74,16.36,0,0,,,25,0,0,1,0,0,0,0,0,0,0,0,289,273,0,0,0,33,1463.41,110.51,0,0.0,895.43,0,0.0,1821.75,5,0,0.0,958.71,62.09,1,0.0,0,14.76,1,100.0,1,0.0,0,0.69,14.48,64.14,1.72,19.66,5,74.69,35,40,0,,,0,0,34.027424677168845,-118.35373573760262,reconstructed,0.6107029054686347,122,2629,98,34.44,2.78,18.41,15.72,4.14,5.27,3.73,31.1,100,2023 Pop w/Income Below Poverty Level (ACS 5-Yr): Percent,fire_station_count,0.002923505549908976
AI-41,1,US,402,BlockApportionment:US.BlockGroups;PointsLayer:US.BlockPoints,2.191,2.576,1,89,6243,140,200,45.25,4.1,53,1,US,402,BlockApportionment:US.BlockGroups;PointsLayer:US.BlockPoints,2.191,2.576,1,28.68,7.15,21.89,32.15,3.37,8.43,3.62,20.22,56,56,0.6475,17.47,29.74,16.36,0,0,,,12,0,0,0,0,0,0,0,0,0,0,0,319,324,0,0,0,15,2008.22,172.91,0,0.0,1739.37,0,0.0,1831.88,1,0,0.0,1821.32,33.48,1,0.0,0,8.38,1,100.0,1,0.0,0,1.6,14.89,65.6,0.53,18.97,5,75.44,35,41,0,,,0,0,34.019639178760244,-118.35372809846008,reconstructed,0.6400283324991819,89,6243,200,28.68,7.15,21.89,32.15,3.37,8.43,4.1,20.22,56,2023 Pop 35-64: No Health Insurance (ACS 5-Yr): Percent,affordable_housing_count,-0.0046515808257005355
AI-42,16,US,367,BlockApportionment:US.BlockGroups;PointsLayer:US.BlockPoints,2.191,2.576,1,116,2047,142,105,27.45,2.3,83,16,US,367,BlockApportionment:US.BlockGroups;PointsLayer:US.BlockPoints,2.191,2.576,1,17.12,3.36,17.06,38.82,2.79,3.37,2.29,21.01,93,94,0.6475,17.47,29.74,16.36,0,0,,,0,0,0,0,0,0,0,1,1,0,0,0,154,150,0,0,0,6,1442.84,283.68,0,0.0,2596.99,0,0.0,1508.55,1,0,0.0,2683.93,0.0,0,0.0,0,0.0,0,100.0,1,0.0,0,4.26,41.56,32.68,1.07,24.69,5,51.6,35,42,0,,,0,0,34.011853680351635,-118.35372045931756,reconstructed,0.589843945588084,116,2047,105,17.12,3.36,17.06,38.82,2.79,3.37,2.3,21.01,94,2023 Pop w/Income Below Poverty Level (ACS 5-Yr): Percent,adult_recreation_count,0.005942061679253311
AI-8,31,US,1382,BlockApportionment:US.BlockGroups;PointsLayer:US.BlockPoints,2.191,2.576,1,39,530,12,26,36.79,7.27,157,31,US,1382,BlockApportionment:US.BlockGroups;PointsLayer:US.BlockPoints,2.191,2.576,1,14.05,0.0,2.48,0.0,0.0,0.57,4.19,15.79,119,122,0.6475,17.47,29.74,16.36,0,0,,,6,0,0,0,0,0,0,0,0,0,0,0,52,51,0,0,0,21,3583.34,150.66,16,2743.23,240.61,1,172.7,377.9,0,2,1380.47,265.58,88.22,1,0.0,0,0.0,0,100.0,1,0.0,0,4.13,44.41,27.88,2.41,25.3,3,48.28,35,8,0,,,0,0,34.276560626244205,-118.3539801901637,reconstructed,0.533707436800576,39,530,26,14.05,0.0,2.48,0.0,0.0,0.57,7.27,15.79,122,total_population,police_station_count,0.005536767324781511
AI-9,8,US,1359,BlockApportionment:US.BlockGroups;PointsLayer:US.BlockPoints,2.191,2.576,0,0,0,0,0,0.0,0.0,0,8,US,1359,BlockApportionment:US.BlockGroups;PointsLayer:US.BlockPoints,2.191,2.576,0,0.0,0.0,0.0,0.0,0.0,0.0,0.0,0.0,0,0,0.6475,17.47,29.74,16.36,0,0,,,0,0,0,0,0,0,0,0,0,0,0,0,23,20,0,0,0,0,0.0,523.58,0,0.0,523.58,5,2958.16,30.47,0,0,0.0,567.55,59.17,1,0.0,0,0.0,0,100.0,1,0.0,0,5.84,47.96,10.97,5.84,35.22,4,35.93,35,9,0,,,0,0,34.2687751278356,-118.35397255102116,reconstructed,0.5015615986704658,0,0,0,0.0,0.0,0.0,0.0,0.0,0.0,0.0,0.0,0,total_crime_est,police_station_count,0.01563103795160291
AJ-10,31,US,1332,BlockApportionment:US.BlockGroups;PointsLayer:US.BlockPoints,2.191,2.576,1,75,446,65,224,23.54,2.88,194,31,US,1332,BlockApportionment:US.BlockGroups;PointsLayer:US.BlockPoints,2.191,2.576,1,23.84,7.95,8.05,53.85,0.87,2.99,1.65,17.1,142,147,0.6475,17.47,29.74,16.36,0,0,,,0,0,0,0,0,0,0,0,0,0,0,0,60,51,0,0,0,0,0.0,576.91,0,0.0,847.25,2,130.45,433.36,0,0,0.0,853.54,3.44,1,0.0,0,0.0,0,100.0,1,0.0,0,17.5,56.26,16.47,4.8,22.47,4,36.28,36,10,0,,,0,0,34.260982815344875,-118.34585716808137,reconstructed,0.5276874592105013,75,446,224,23.84,7.95,8.05,53.85,0.87,2.99,2.88,17.1,147,total_population,police_station_count,0.006736555033426691
AJ-16,49,US,1150,BlockApportionment:US.BlockGroups;PointsLayer:US.BlockPoints,2.191,2.576,1,76,694,70,238,14.55,2.86,130,49,US,1150,BlockApportionment:US.BlockGroups;PointsLayer:US.BlockPoints,2.191,2.576,1,20.87,3.54,3.31,23.33,0.15,2.48,1.93,10.66,118,123,0.6475,17.47,29.74,16.36,0,0,,,12,0,0,0,0,0,0,0,0,0,0,0,72,70,0,0,0,0,0.0,491.3,0,0.0,491.3,3,148.01,394.25,0,0,0.0,518.07,0.1,1,0.1,1,0.0,0,100.0,1,0.0,0,4.01,48.26,24.22,3.14,24.39,3,45.75,36,16,0,,,0,0,34.21426982489324,-118.34581133322617,reconstructed,0.5241807660544415,76,694,238,20.87,3.54,3.31,23.33,0.15,2.48,2.86,10.66,123,2023 Pop w/Income Below Poverty Level (ACS 5-Yr): Percent,police_station_count,0.005091377464112154
AJ-22,44,US,945,BlockApportionment:US.BlockGroups;PointsLayer:US.BlockPoints,2.191,2.576,1,106,1762,95,62,26.5,2.9,150,44,US,945,BlockApportionment:US.BlockGroups;PointsLayer:US.BlockPoints,2.191,2.576,1,17.97,3.16,7.05,21.15,0.14,2.23,2.78,11.8,126,125,0.6475,17.47,29.74,16.36,0,0,,,24,0,0,0,0,0,0,0,0,0,0,1,70,62,0,0,0,0,0.0,693.0,0,0.0,1686.87,0,0.0,1851.84,13,0,0.0,1709.9,0.0,0,0.0,0,0.0,0,100.0,1,0.0,0,3.72,25.13,55.4,2.48,16.99,5,67.66,36,22,0,,,0,0,34.16755683444161,-118.34576549837097,reconstructed,0.5668450392589655,106,1762,62,17.97,3.16,7.05,21.15,0.14,2.23,2.9,11.8,125,2023 Pop w/Income Below Poverty Level (ACS 5-Yr): Percent,police_station_count,0.003565397262856472
AJ-23,1,US,902,BlockApportionment:US.BlockGroups;PointsLayer:US.BlockPoints,2.191,2.576,1,99,2181,91,117,24.62,2.57,158,1,US,902,BlockApportionment:US.BlockGroups;PointsLayer:US.BlockPoints,2.191,2.576,1,18.31,3.81,7.27,23.55,0.99,2.82,1.64,9.36,147,145,0.6475,17.47,29.74,16.36,0,0,,,12,0,1,0,0,2,1,0,0,0,0,0,69,61,0,0,0,0,0.0,822.57,0,0.0,822.57,0,0.0,1278.75,13,0,0.0,845.14,0.0,0,0.0,0,0.0,0,100.0,1,0.0,0,4.99,28.23,49.91,3.61,18.24,5,63.44,36,23,0,,,3,0,34.15977133603301,-118.3457578592284,reconstructed,0.5778026702498655,99,2181,117,18.31,3.81,7.27,23.55,0.99,2.82,2.57,9.36,145,2023 Pop w/Income Below Poverty Level (ACS 5-Yr): Percent,fire_station_count,0.007950420113313776
AJ-24,13,US,864,BlockApportionment:US.BlockGroups;PointsLayer:US.BlockPoints,2.191,2.576,1,164,3385,89,143,17.02,4.46,124,13,US,864,BlockApportionment:US.BlockGroups;PointsLayer:US.BlockPoints,2.191,2.576,1,16.65,2.17,8.65,26.22,0.09,1.08,3.46,8.54,100,98,0.6475,17.47,29.74,16.36,0,0,,,27,0,0,0,0,0,1,0,0,0,0,1,201,232,0,0,0,25,4880.39,1.69,22,4819.72,1.69,0,0.0,791.84,32,2,1900.39,1.37,0.0,0,0.0,0,0.0,0,100.0,1,0.0,0,2.48,16.84,66.31,3.01,13.83,5,75.67,36,24,0,,,1,0,34.1519858376244,-118.34575022008588,reconstructed,0.6300699373821753,164,3385,143,16.65,2.17,8.65,26.22,0.09,1.08,4.46,8.54,98,recreation_center_count,osm_amenity_count,0.004249600255057794
AJ-25,39,US,840,BlockApportionment:US.BlockGroups;PointsLayer:US.BlockPoints,2.191,2.576,1,243,1022,110,502,15.95,1.41,76,39,US,840,BlockApportionment:US.BlockGroups;PointsLayer:US.BlockPoints,2.191,2.576,1,25.13,1.77,21.74,46.37,1.54,11.44,0.36,15.41,80,81,0.6475,17.47,29.74,16.36,0,0,,,0,0,0,0,0,0,0,0,0,0,0,0,54,48,0,0,0,19,870.14,356.71,0,0.0,831.69,2,577.5,340.92,2,0,0.0,862.73,0.0,0,0.0,0,0.0,0,100.0,1,0.0,0,2.48,39.72,35.28,3.19,21.81,5,53.95,36,25,0,,,0,0,34.1442003392158,-118.34574258094337,reconstructed,0.6061668483381137,243,1022,502,25.13,1.77,21.74,46.37,1.54,11.44,1.41,15.41,81,2023 Pop w/Income Below Poverty Level (ACS 5-Yr): Percent,police_station_count,-0.004322684320142303
AJ-30,1,US,752,BlockApportionment:US.BlockGroups;PointsLayer:US.BlockPoints,2.191,2.576,1,170,1945,97,167,13.83,0.73,142,1,US,752,BlockApportionment:US.BlockGroups;PointsLayer:US.BlockPoints,2.191,2.576,1,18.75,3.02,8.03,33.54,2.65,4.45,0.59,10.02,149,149,0.6475,17.47,29.74,16.36,0,0,,,0,0,0,0,0,0,1,0,0,0,0,1,365,412,0,0,0,0,0.0,732.54,0,0.0,993.47,0,0.0,819.98,3,0,0.0,1041.47,7.83,1,0.0,0,7.84,1,100.0,1,0.0,0,15.69,57.41,23.28,1.21,18.1,2,41.59,36,30,0,,,1,0,34.10527284717277,-118.34570438523068,reconstructed,0.574941730348106,170,1945,167,18.75,3.02,8.03,33.54,2.65,4.45,0.73,10.02,149,2023 Pop w/Income Below Poverty Level (ACS 5-Yr): Percent,police_station_count,0.002847279624566247
AJ-31,27,US,728,BlockApportionment:US.BlockGroups;PointsLayer:US.BlockPoints,2.191,2.576,1,202,8990,134,152,16.87,1.93,92,27,US,728,BlockApportionment:US.BlockGroups;PointsLayer:US.BlockPoints,2.191,2.576,1,11.97,5.58,16.88,30.92,1.59,3.93,2.22,6.73,89,87,0.6475,17.47,29.74,16.36,0,0,,,60,0,0,1,0,0,1,0,0,0,0,0,1573,1642,0,0,0,13,557.48,200.88,0,0.0,1563.16,0,0.0,1106.27,30,0,0.0,981.99,2.34,1,0.0,0,2.35,1,100.0,1,0.0,0,1.77,12.77,75.53,0.35,11.35,5,82.34,36,31,1,34.098331116666664,-118.34921423,1,1,34.09748734876417,-118.34569674608817,detection_avg,0.6599413959670462,202,8990,152,11.97,5.58,16.88,30.92,1.59,3.93,1.93,6.73,87,total_population,police_station_count,-0.005997511804990542
AJ-32,48,US,699,BlockApportionment:US.BlockGroups;PointsLayer:US.BlockPoints,2.191,2.576,1,190,4855,179,143,18.39,1.14,104,48,US,699,BlockApportionment:US.BlockGroups;PointsLayer:US.BlockPoints,2.191,2.576,1,15.23,7.6,18.49,27.44,5.34,3.99,0.49,6.75,114,113,0.6475,17.47,29.74,16.36,0,0,,,33,0,0,0,0,0,0,0,0,0,0,2,461,506,0,0,0,42,1950.81,101.53,0,0.0,2203.56,0,0.0,1644.86,8,2,496.28,220.25,0.0,0,0.0,0,0.0,0,100.0,1,0.0,0,4.79,17.38,69.15,0.89,12.59,5,76.97,36,32,1,34.09410477,-118.34271177,0,1,34.08970185035557,-118.3456891069456,detection_avg,0.661577157711718,190,4855,143,15.23,7.6,18.49,27.44,5.34,3.99,1.14,6.75,113,total_crime_est,affordable_housing_count,-0.0034039726929210546
AJ-33,19,US,670,BlockApportionment:US.BlockGroups;PointsLayer:US.BlockPoints,2.191,2.576,1,160,2441,107,126,14.46,1.6,132,19,US,670,BlockApportionment:US.BlockGroups;PointsLayer:US.BlockPoints,2.191,2.576,1,13.2,2.38,11.05,27.18,0.97,1.35,1.67,8.41,146,146,0.6475,17.47,29.74,16.36,0,0,,,18,0,0,0,1,1,3,0,0,0,0,0,785,752,0,0,1,15,864.76,131.26,0,0.0,2892.29,0,0.0,1229.94,31,0,0.0,783.66,0.0,0,0.0,0,0.0,0,100.0,1,0.0,0,4.48,17.76,72.76,2.59,6.9,5,79.59,36,33,1,34.0834444325,-118.3464206525,4,1,34.08191635194696,-118.34568146780308,detection_avg,0.6262050270974139,160,2441,126,13.2,2.38,11.05,27.18,0.97,1.35,1.6,8.41,146,2023 Pop w/Income Below Poverty Level (ACS 5-Yr): Percent,college_count,0.01699113137336888
AJ-34,40,US,641,BlockApportionment:US.BlockGroups;PointsLayer:US.BlockPoints,2.191,2.576,1,119,3073,61,121,4.82,0.0,190,40,US,641,BlockApportionment:US.BlockGroups;PointsLayer:US.BlockPoints,2.191,2.576,1,21.67,7.68,14.36,35.83,0.46,1.05,0.04,11.7,159,156,0.6475,17.47,29.74,16.36,0,0,,,30,0,0,0,0,0,3,0,0,0,0,0,788,746,0,0,0,10,864.77,132.01,0,0.0,3634.69,0,0.0,1285.22,11,0,0.0,1634.64,0.0,0,0.0,0,0.0,0,100.0,1,0.0,0,4.25,17.7,67.43,4.96,9.91,5,75.93,36,34,0,,,3,0,34.07413085353836,-118.34567382866057,reconstructed,0.6272801488888545,119,3073,121,21.67,7.68,14.36,35.83,0.46,1.05,0.0,11.7,156,total_population,police_station_count,-0.0025127662652648488
AJ-35,10,US,611,BlockApportionment:US.BlockGroups;PointsLayer:US.BlockPoints,2.191,2.576,1,145,6203,90,157,11.54,1.35,122,10,US,611,BlockApportionment:US.BlockGroups;PointsLayer:US.BlockPoints,2.191,2.576,1,15.62,3.91,16.44,28.45,0.24,3.48,1.27,6.56,117,114,0.6475,17.47,29.74,16.36,0,0,,,36,0,1,0,1,0,1,0,0,0,0,0,877,982,0,0,0,14,864.75,135.02,0,0.0,3640.76,0,0.0,1135.52,4,0,0.0,2495.09,0.0,0,0.0,0,0.0,0,100.0,1,0.0,0,2.94,22.63,57.86,2.42,17.1,5,69.62,36,35,0,,,1,0,34.06634535512975,-118.345666189518,reconstructed,0.6285507890487579,145,6203,157,15.62,3.91,16.44,28.45,0.24,3.48,1.35,6.56,114,2023 Pop w/Income Below Poverty Level (ACS 5-Yr): Percent,fire_station_count,-0.008626271357856062
AJ-36,30,US,581,BlockApportionment:US.BlockGroups;PointsLayer:US.BlockPoints,2.191,2.576,1,175,4325,123,126,13.76,1.85,118,30,US,581,BlockApportionment:US.BlockGroups;PointsLayer:US.BlockPoints,2.191,2.576,1,10.3,2.24,14.6,28.8,0.84,3.83,1.04,7.16,117,114,0.6475,17.47,29.74,16.36,0,0,,,49,0,0,0,0,0,2,0,0,0,0,2,1044,1093,0,0,3,55,2940.0,67.86,0,0.0,2781.91,0,0.0,1129.81,17,0,0.0,2858.11,0.0,0,0.0,0,0.0,0,100.0,1,0.0,0,1.24,18.37,60.95,1.94,18.73,5,72.29,36,36,1,34.05755776,-118.34818618,2,1,34.058559856721146,-118.34565855037548,detection_avg,0.6429640415944886,175,4325,126,10.3,2.24,14.6,28.8,0.84,3.83,1.85,7.16,114,pct_below_poverty,lausd_school_site_count,0.004779766568228684
AJ-37,44,US,545,BlockApportionment:US.BlockGroups;PointsLayer:US.BlockPoints,2.191,2.576,1,150,3129,126,83,25.73,4.86,130,44,US,545,BlockApportionment:US.BlockGroups;PointsLayer:US.BlockPoints,2.191,2.576,1,21.92,2.76,16.02,26.08,2.65,6.34,4.54,15.15,114,116,0.6475,17.47,29.74,16.36,0,0,,,18,0,0,0,0,0,0,0,0,0,0,1,584,560,0,1,0,37,3256.77,141.74,0,0.0,1928.33,0,0.0,750.07,6,0,0.0,1997.37,7.46,1,0.0,0,7.46,1,100.0,1,0.0,0,1.55,21.55,46.21,2.93,29.31,5,61.88,36,37,1,34.05008475,-118.34318418,0,1,34.05077435831254,-118.34565091123297,detection_avg,0.6218691039465294,150,3129,83,21.92,2.76,16.02,26.08,2.65,6.34,4.86,15.15,116,2023 Pop 35-64: No Health Insurance (ACS 5-Yr): Percent,police_station_count,0.003043355064756346
AJ-38,8,US,509,BlockApportionment:US.BlockGroups;PointsLayer:US.BlockPoints,2.191,2.576,1,119,4753,124,143,62.28,1.15,75,8,US,509,BlockApportionment:US.BlockGroups;PointsLayer:US.BlockPoints,2.191,2.576,1,24.28,2.86,24.51,28.46,7.73,8.69,0.65,14.68,78,80,0.6475,17.47,29.74,16.36,0,0,,,27,0,0,0,0,0,0,0,0,0,0,0,562,526,1,0,1,23,2751.58,24.88,0,0.0,1092.43,1,900.31,102.21,9,0,0.0,1134.63,48.53,1,0.0,0,10.3,1,100.0,1,0.0,0,0.18,13.1,61.59,0.18,25.13,5,73.06,36,38,1,34.04772805,-118.34400624,0,1,34.042988859903936,-118.3456432720904,detection_avg,0.6826270745893267,119,4753,143,24.28,2.86,24.51,28.46,7.73,8.69,1.15,14.68,80,2023 Pop 35-64: No Health Insurance (ACS 5-Yr): Percent,police_station_count,-0.010500393050221707
AJ-39,22,US,473,BlockApportionment:US.BlockGroups;PointsLayer:US.BlockPoints,2.191,2.576,1,108,4244,124,121,59.02,0.75,79,22,US,473,BlockApportionment:US.BlockGroups;PointsLayer:US.BlockPoints,2.191,2.576,1,16.92,6.51,14.03,21.74,6.07,6.84,1.12,21.88,83,87,0.6475,17.47,29.74,16.36,0,0,,,24,0,0,0,0,0,1,0,0,0,0,0,413,370,0,0,0,35,3884.13,257.74,23,3150.61,257.74,0,0.0,954.48,0,2,1350.36,271.32,1.44,1,0.0,0,4.62,1,100.0,1,0.0,0,2.65,20.49,54.95,0.35,24.2,5,67.67,36,39,0,,,1,0,34.03520336149533,-118.34563563294788,reconstructed,0.6460901599522617,108,4244,121,16.92,6.51,14.03,21.74,6.07,6.84,0.75,21.88,87,2023 Pop 35-64: No Health Insurance (ACS 5-Yr): Percent,affordable_housing_count,-0.003763505597353724
AJ-40,37,US,438,BlockApportionment:US.BlockGroups;PointsLayer:US.BlockPoints,2.191,2.576,1,150,3587,159,286,58.68,4.82,58,37,US,438,BlockApportionment:US.BlockGroups;PointsLayer:US.BlockPoints,2.191,2.576,1,22.77,1.77,27.29,45.29,1.24,3.51,4.8,20.83,70,72,0.6475,17.47,29.74,16.36,0,0,,,5,0,0,0,0,0,0,1,0,0,0,1,426,412,0,0,0,0,0.0,557.42,0,0.0,557.42,0,0.0,1806.75,1,0,0.0,573.36,18.72,1,0.0,0,20.99,1,100.0,1,0.0,0,1.38,18.07,56.11,0.69,25.13,5,68.86,36,40,1,34.03014575,-118.34667069,0,1,34.027417863086725,-118.34562799380537,detection_avg,0.6069433351582633,150,3587,286,22.77,1.77,27.29,45.29,1.24,3.51,4.82,20.83,72,2023 Pop w/Income Below Poverty Level (ACS 5-Yr): Percent,police_station_count,-0.009878769374492422
AJ-41,2,US,403,BlockApportionment:US.BlockGroups;PointsLayer:US.BlockPoints,2.191,2.576,1,99,3833,135,195,33.42,1.48,55,2,US,403,BlockApportionment:US.BlockGroups;PointsLayer:US.BlockPoints,2.191,2.576,1,25.21,6.35,21.42,39.55,3.9,2.41,2.08,25.99,68,70,0.6475,17.47,29.74,16.36,0,0,,,5,0,0,0,0,3,0,0,0,0,0,0,196,197,0,0,7,8,854.39,372.06,0,0.0,1364.62,0,0.0,2574.6,0,0,0.0,1436.63,71.48,1,0.0,0,8.4,1,100.0,1,0.0,0,2.65,20.71,55.58,2.48,21.24,5,68.11,36,41,0,,,3,0,34.01963236467812,-118.3456203546628,reconstructed,0.6067450064107432,99,3833,195,25.21,6.35,21.42,39.55,3.9,2.41,1.48,25.99,70,2023 Pop w/Income Below Poverty Level (ACS 5-Yr): Percent,police_station_count,-0.004011296063652401
AJ-42,17,US,368,BlockApportionment:US.BlockGroups;PointsLayer:US.BlockPoints,2.191,2.576,1,100,7045,136,119,29.67,2.49,49,17,US,368,BlockApportionment:US.BlockGroups;PointsLayer:US.BlockPoints,2.191,2.576,1,26.88,5.96,19.83,44.99,2.74,4.56,2.57,25.04,65,64,0.6475,17.47,29.74,16.36,0,0,,,19,0,1,0,0,2,0,0,0,0,0,0,299,279,0,0,4,14,1352.69,304.53,0,0.0,2202.9,0,0.0,2337.31,0,0,0.0,2299.82,23.61,1,0.0,0,5.85,1,100.0,1,0.0,0,2.07,16.03,70.17,0.17,13.62,5,78.5,36,42,0,,,2,0,34.011846866269515,-118.34561271552028,reconstructed,0.6243925234308163,100,7045,119,26.88,5.96,19.83,44.99,2.74,4.56,2.49,25.04,64,2023 Pop w/Income Below Poverty Level (ACS 5-Yr): Percent,fire_station_count,-0.014477219896547286
AJ-43,36,US,337,BlockApportionment:US.BlockGroups;PointsLayer:US.BlockPoints,2.191,2.576,1,114,1635,152,45,8.01,3.54,136,36,US,337,BlockApportionment:US.BlockGroups;PointsLayer:US.BlockPoints,2.191,2.576,1,23.88,2.17,2.98,29.52,0.0,0.18,2.77,12.76,128,128,0.6475,17.47,29.74,16.36,0,0,,,12,0,0,0,0,0,0,0,0,0,0,0,153,147,0,1,2,0,0.0,988.29,0,0.0,3052.77,0,0.0,2242.86,0,0,0.0,3163.01,0.0,0,0.0,0,0.0,0,100.0,1,0.0,0,7.08,37.17,41.24,1.95,19.65,5,56.74,36,43,1,34.00740861,-118.34285582,0,1,34.004061367860906,-118.34560507637777,detection_avg,0.5467343703539644,114,1635,45,23.88,2.17,2.98,29.52,0.0,0.18,3.54,12.76,128,pct_below_poverty,lausd_school_site_count,0.011668138873598813
AJ-9,9,US,1360,BlockApportionment:US.BlockGroups;PointsLayer:US.BlockPoints,2.191,2.576,1,39,92,12,0,36.96,6.94,153,9,US,1360,BlockApportionment:US.BlockGroups;PointsLayer:US.BlockPoints,2.191,2.576,1,15.38,0.0,2.41,0.0,0.0,0.0,4.41,15.15,116,126,0.6475,17.47,29.74,16.36,0,0,,,12,0,0,0,0,0,0,0,0,0,0,0,26,22,0,0,0,13,2704.36,20.16,9,2015.04,20.16,8,2118.15,15.73,1,2,1808.72,21.33,96.28,1,0.0,0,0.0,0,100.0,1,0.0,0,4.59,42.58,18.55,2.83,36.04,4,41.61,36,9,0,,,0,0,34.26876831375348,-118.34586480722388,reconstructed,0.507908979471451,39,92,0,15.38,0.0,2.41,0.0,0.0,0.0,6.94,15.15,126,total_population,police_station_count,0.012973899321707626
AK-10,32,US,1333,BlockApportionment:US.BlockGroups;PointsLayer:US.BlockPoints,2.191,2.576,1,75,288,73,148,28.47,2.69,168,32,US,1333,BlockApportionment:US.BlockGroups;PointsLayer:US.BlockPoints,2.191,2.576,1,22.35,7.06,11.0,16.67,3.38,2.4,1.82,14.98,135,137,0.6475,17.47,29.74,16.36,0,0,,,12,0,0,0,0,0,0,0,0,0,0,0,42,36,0,0,0,13,1288.2,107.46,2,63.16,457.89,0,0.0,733.84,0,0,0.0,552.64,0.0,0,0.0,0,0.0,0,100.0,1,0.0,0,10.48,63.4,16.49,1.72,18.38,3,38.4,37,10,0,,,0,0,34.260976001262755,-118.33774942428408,reconstructed,0.5524427411378554,75,288,148,22.35,7.06,11.0,16.67,3.38,2.4,2.69,14.98,137,total_population,police_station_count,0.009282487627107523
AK-22,45,US,946,BlockApportionment:US.BlockGroups;PointsLayer:US.BlockPoints,2.191,2.576,1,80,2359,77,93,25.14,3.15,161,45,US,946,BlockApportionment:US.BlockGroups;PointsLayer:US.BlockPoints,2.191,2.576,1,18.95,1.08,7.82,17.06,0.72,2.44,2.89,8.63,137,132,0.6475,17.47,29.74,16.36,0,0,,,0,0,0,0,0,0,0,0,0,0,0,0,51,54,0,0,0,0,0.0,1237.44,0,0.0,1237.44,0,0.0,1104.0,2,0,0.0,1349.09,0.0,0,0.0,0,0.0,0,100.0,1,0.0,0,1.38,25.99,36.83,4.48,32.7,5,55.37,37,22,0,,,0,0,34.16755002035949,-118.33765775457368,reconstructed,0.536641610194698,80,2359,93,18.95,1.08,7.82,17.06,0.72,2.44,3.15,8.63,132,2023 Pop w/Income Below Poverty Level (ACS 5-Yr): Percent,police_station_count,0.0030020890806186427
AK-23,2,US,903,BlockApportionment:US.BlockGroups;PointsLayer:US.BlockPoints,2.191,2.576,1,160,2245,110,152,22.67,0.88,136,2,US,903,BlockApportionment:US.BlockGroups;PointsLayer:US.BlockPoints,2.191,2.576,1,17.77,3.03,7.32,24.36,0.3,0.87,0.89,12.21,143,143,0.6475,17.47,29.74,16.36,0,0,,,21,0,0,0,0,1,0,0,0,0,0,0,66,57,0,0,0,10,264.06,394.24,5,145.17,394.24,1,18.95,415.41,9,0,0.0,497.86,0.0,0,0.0,0,0.0,0,100.0,1,0.0,0,1.77,27.92,45.58,3.36,23.14,5,61.38,37,23,0,,,1,0,34.15976452195088,-118.33765011543116,reconstructed,0.5999566921780249,160,2245,152,17.77,3.03,7.32,24.36,0.3,0.87,0.88,12.21,143,2023 Pop w/Income Below Poverty Level (ACS 5-Yr): Percent,police_station_count,0.0033697735540587546
AK-24,14,US,865,BlockApportionment:US.BlockGroups;PointsLayer:US.BlockPoints,2.191,2.576,1,273,845,128,98,15.74,1.2,123,14,US,865,BlockApportionment:US.BlockGroups;PointsLayer:US.BlockPoints,2.191,2.576,1,23.88,0.25,7.94,28.16,0.28,1.22,1.15,27.91,116,114,0.6475,17.47,29.74,16.36,0,0,,,15,0,0,0,0,0,0,0,0,0,0,0,64,73,0,0,0,46,4226.58,264.38,15,3039.35,317.34,1,242.33,430.72,10,2,1275.4,317.11,0.0,0,0.0,0,0.0,0,100.0,1,0.0,0,3.27,18.76,62.48,1.55,17.21,5,72.76,37,24,0,,,0,0,34.15197902354228,-118.3376424762886,reconstructed,0.5764518607023579,273,845,98,23.88,0.25,7.94,28.16,0.28,1.22,1.2,27.91,114,2023 Pop w/Income Below Poverty Level (ACS 5-Yr): Percent,police_station_count,0.0029135800312903855
AK-29,22,US,773,BlockApportionment:US.BlockGroups;PointsLayer:US.BlockPoints,2.191,2.576,1,187,1042,109,183,17.37,2.51,105,22,US,773,BlockApportionment:US.BlockGroups;PointsLayer:US.BlockPoints,2.191,2.576,1,12.71,4.52,8.02,21.24,0.0,1.49,1.86,11.14,111,109,0.6475,17.47,29.74,16.36,0,0,,,5,0,0,0,0,0,1,0,0,0,0,0,208,211,0,0,0,42,4070.03,96.94,20,2605.98,140.05,0,0.0,841.46,12,2,1441.74,178.07,0.0,0,0.0,0,0.0,0,100.0,1,0.0,0,15.66,49.23,31.5,1.03,18.24,5,47.35,37,29,0,,,1,0,34.11305153149926,-118.33760428057596,reconstructed,0.5963207103988573,187,1042,183,12.71,4.52,8.02,21.24,0.0,1.49,2.51,11.14,109,total_crime_est,affordable_housing_count,-0.003177302680816904
AK-30,2,US,753,BlockApportionment:US.BlockGroups;PointsLayer:US.BlockPoints,2.191,2.576,1,198,6523,96,157,22.05,3.23,66,2,US,753,BlockApportionment:US.BlockGroups;PointsLayer:US.BlockPoints,2.191,2.576,1,21.88,13.09,21.32,31.47,0.61,4.09,3.12,13.27,66,64,0.6475,17.47,29.74,16.36,0,0,,,18,0,0,0,1,0,1,1,1,0,0,1,974,1007,0,0,1,30,944.27,98.86,0,0.0,740.88,0,0.0,1593.08,30,0,0.0,762.29,0.0,0,0.0,0,0.0,0,100.0,1,0.0,0,3.36,14.51,69.38,1.59,14.51,5,77.56,37,30,1,34.1043556075,-118.336987645,1,1,34.10526603309065,-118.3375966414334,detection_avg,0.6666428396199475,198,6523,157,21.88,13.09,21.32,31.47,0.61,4.09,3.23,13.27,64,recreation_center_count,osm_amenity_count,0.02015947149503291
AK-31,28,US,729,BlockApportionment:US.BlockGroups;PointsLayer:US.BlockPoints,2.191,2.576,1,202,6613,141,121,32.01,1.17,79,28,US,729,BlockApportionment:US.BlockGroups;PointsLayer:US.BlockPoints,2.191,2.576,1,11.35,5.18,16.23,31.21,3.42,3.78,0.58,9.51,83,81,0.6475,17.47,29.74,16.36,0,0,,,12,0,0,0,1,1,3,0,0,0,0,1,812,835,0,2,3,34,1868.47,113.31,0,0.0,1406.3,0,0.0,1617.42,13,0,0.0,527.83,0.0,0,0.0,0,0.0,0,100.0,1,0.0,0,2.58,19.59,65.12,1.72,13.57,5,74.81,37,31,1,34.097132656,-118.337931882,4,1,34.09748053468205,-118.33758900229088,detection_avg,0.6672973090397577,202,6613,121,11.35,5.18,16.23,31.21,3.42,3.78,1.17,9.51,81,pct_below_poverty,lausd_school_site_count,0.007980474050797838
AK-32,49,US,700,BlockApportionment:US.BlockGroups;PointsLayer:US.BlockPoints,2.191,2.576,1,184,1429,122,79,20.36,2.58,119,49,US,700,BlockApportionment:US.BlockGroups;PointsLayer:US.BlockPoints,2.191,2.576,1,21.66,4.78,16.61,32.92,1.8,2.9,2.6,10.45,138,138,0.6475,17.47,29.74,16.36,0,0,,,12,0,0,0,0,0,0,0,0,0,0,0,474,524,0,1,3,18,724.18,331.75,0,0.0,2140.11,0,0.0,824.78,7,2,1228.45,330.76,0.0,0,0.0,0,0.0,0,100.0,1,0.0,0,0.35,9.91,70.97,4.6,14.51,5,79.57,37,32,1,34.085318285,-118.336308695,0,1,34.08969503627344,-118.33758136314836,detection_avg,0.6087756418330663,184,1429,79,21.66,4.78,16.61,32.92,1.8,2.9,2.58,10.45,138,pct_below_poverty,lausd_school_site_count,0.008529822696100116
AK-33,20,US,671,BlockApportionment:US.BlockGroups;PointsLayer:US.BlockPoints,2.191,2.576,1,167,1285,99,64,11.83,2.02,186,20,US,671,BlockApportionment:US.BlockGroups;PointsLayer:US.BlockPoints,2.191,2.576,1,20.78,3.29,13.57,36.78,1.66,0.57,1.34,9.12,198,195,0.6475,17.47,29.74,16.36,0,0,,,12,0,0,0,0,0,0,0,0,0,0,0,248,236,0,0,0,0,0.0,616.51,0,0.0,2862.96,1,139.68,441.05,2,0,0.0,1195.46,0.0,0,0.0,0,0.0,0,100.0,1,0.0,0,4.31,36.38,32.59,3.97,27.07,5,51.52,37,33,0,,,0,0,34.08190953786484,-118.3375737240058,reconstructed,0.5650321748842705,167,1285,64,20.78,3.29,13.57,36.78,1.66,0.57,2.02,9.12,195,esri_market_idx_14068_forecast,la_geohub_fire_hazard_area_pct,0.0053218541731581935
AK-34,41,US,642,BlockApportionment:US.BlockGroups;PointsLayer:US.BlockPoints,2.191,2.576,1,117,1510,60,83,7.02,1.45,236,41,US,642,BlockApportionment:US.BlockGroups;PointsLayer:US.BlockPoints,2.191,2.576,1,14.42,1.66,3.92,25.52,1.48,0.72,0.52,6.11,245,237,0.6475,17.47,29.74,16.36,0,0,,,12,0,0,0,0,0,1,0,0,0,0,0,185,195,0,0,3,0,0.0,613.29,0,0.0,3417.1,0,0.0,577.93,0,0,0.0,2060.16,0.0,0,0.0,0,0.0,0,100.0,1,0.0,0,3.19,31.86,38.41,4.96,24.78,5,55.93,37,34,0,,,1,0,34.07412403945623,-118.33756608486328,reconstructed,0.5618887842079241,117,1510,83,14.42,1.66,3.92,25.52,1.48,0.72,1.45,6.11,237,esri_market_idx_14068_forecast,la_geohub_fire_hazard_area_pct,0.006202437603710113
AK-35,11,US,612,BlockApportionment:US.BlockGroups;PointsLayer:US.BlockPoints,2.191,2.576,1,136,1713,72,238,8.7,2.11,191,11,US,612,BlockApportionment:US.BlockGroups;PointsLayer:US.BlockPoints,2.191,2.576,1,16.27,6.54,9.38,36.11,0.55,5.64,1.96,8.81,231,221,0.6475,17.47,29.74,16.36,0,0,,,18,0,0,0,1,0,1,0,0,0,0,0,362,360,0,0,3,27,772.21,248.66,0,0.0,3196.89,0,0.0,718.88,3,0,0.0,2924.85,2.93,1,0.0,0,2.92,1,100.0,1,0.0,0,3.9,33.69,35.99,2.13,28.19,5,54.02,37,35,1,34.06189834,-118.33894672,1,1,34.06633854104763,-118.33755844572076,detection_avg,0.6027689067544546,136,1713,238,16.27,6.54,9.38,36.11,0.55,5.64,2.11,8.81,221,2023 Pop w/Income Below Poverty Level (ACS 5-Yr): Percent,college_count,0.016444654710198715
AK-36,31,US,582,BlockApportionment:US.BlockGroups;PointsLayer:US.BlockPoints,2.191,2.576,1,116,1964,104,86,17.67,4.29,166,31,US,582,BlockApportionment:US.BlockGroups;PointsLayer:US.BlockPoints,2.191,2.576,1,15.03,2.33,12.67,25.58,5.41,2.64,4.18,11.24,169,170,0.6475,17.47,29.74,16.36,0,0,,,10,0,0,0,0,1,0,0,0,0,0,0,296,266,0,0,0,23,962.83,52.87,0,0.0,2340.43,0,0.0,1155.31,0,0,0.0,2386.66,1.93,1,0.0,0,0.0,0,100.0,1,0.0,0,5.0,34.48,35.52,1.72,28.28,5,53.36,37,36,0,,,1,0,34.05855304263902,-118.3375508065782,reconstructed,0.5784896027887529,116,1964,86,15.03,2.33,12.67,25.58,5.41,2.64,4.29,11.24,170,total_population,police_station_count,-0.002640268017227132
AK-37,45,US,546,BlockApportionment:US.BlockGroups;PointsLayer:US.BlockPoints,2.191,2.576,1,117,3599,124,88,53.96,2.84,99,45,US,546,BlockApportionment:US.BlockGroups;PointsLayer:US.BlockPoints,2.191,2.576,1,33.1,3.2,15.61,31.84,8.7,5.81,3.45,18.13,120,124,0.6475,17.47,29.74,16.36,0,0,,,36,0,0,0,0,0,0,0,0,0,0,1,434,424,0,0,0,40,2508.04,101.54,0,0.0,1493.53,1,51.5,390.1,9,0,0.0,1523.36,38.15,1,0.0,0,4.91,1,100.0,1,0.0,0,1.95,17.02,66.67,0.71,15.6,5,76.08,37,37,0,,,0,0,34.05076754423042,-118.33754316743568,reconstructed,0.6401973065501331,117,3599,88,33.1,3.2,15.61,31.84,8.7,5.81,2.84,18.13,124,pct_below_poverty,lausd_school_site_count,0.002648668333347289
AK-38,9,US,510,BlockApportionment:US.BlockGroups;PointsLayer:US.BlockPoints,2.191,2.576,1,89,4477,113,114,56.24,1.0,85,9,US,510,BlockApportionment:US.BlockGroups;PointsLayer:US.BlockPoints,2.191,2.576,1,22.26,8.03,13.87,32.04,6.01,9.68,1.16,21.17,101,102,0.6475,17.47,29.74,16.36,0,0,,,6,0,0,0,0,1,1,0,0,0,0,0,396,340,0,1,2,0,0.0,579.49,0,0.0,644.85,0,0.0,681.97,1,0,0.0,660.07,18.92,1,0.0,0,1.92,1,100.0,1,0.0,0,2.93,23.58,55.25,1.38,19.79,5,67.8,37,38,0,,,2,0,34.04298204582181,-118.33753552829316,reconstructed,0.6160793901717547,89,4477,114,22.26,8.03,13.87,32.04,6.01,9.68,1.0,21.17,102,2023 Pop 35-64: No Health Insurance (ACS 5-Yr): Percent,affordable_housing_count,-0.004082516635725994
AK-39,23,US,474,BlockApportionment:US.BlockGroups;PointsLayer:US.BlockPoints,2.191,2.576,1,152,2708,148,62,52.07,2.66,80,23,US,474,BlockApportionment:US.BlockGroups;PointsLayer:US.BlockPoints,2.191,2.576,1,21.33,2.85,16.1,27.09,4.35,3.85,3.27,20.45,77,78,0.6475,17.47,29.74,16.36,0,0,,,19,0,0,0,0,0,1,0,0,0,0,1,362,349,0,0,0,35,3309.42,171.52,13,2407.33,171.52,0,0.0,1507.79,8,2,1555.52,181.71,33.43,1,0.0,0,12.2,1,100.0,1,0.0,0,2.49,16.34,69.09,1.24,13.32,5,77.62,37,39,1,34.03428018,-118.33310487,1,1,34.03519654741321,-118.3375278891506,detection_avg,0.639604804324092,152,2708,62,21.33,2.85,16.1,27.09,4.35,3.85,2.66,20.45,78,pct_below_poverty,lausd_school_site_count,0.0026589254749193043
AK-40,38,US,439,BlockApportionment:US.BlockGroups;PointsLayer:US.BlockPoints,2.191,2.576,1,173,2502,170,133,45.84,1.99,89,38,US,439,BlockApportionment:US.BlockGroups;PointsLayer:US.BlockPoints,2.191,2.576,1,13.84,2.58,14.83,29.85,8.23,1.42,2.22,9.89,101,105,0.6475,17.47,29.74,16.36,0,0,,,16,0,0,0,0,1,0,0,0,0,0,0,300,303,0,1,3,18,864.73,212.85,0,0.0,1036.14,0,0.0,2359.41,5,0,0.0,1045.1,31.24,1,0.0,0,5.97,1,100.0,1,0.0,0,2.07,17.41,68.79,0.69,13.1,5,77.53,37,40,1,34.02558077,-118.33276587,1,1,34.027411049004606,-118.33752025000808,detection_avg,0.6367025611929339,173,2502,133,13.84,2.58,14.83,29.85,8.23,1.42,1.99,9.89,105,pct_below_poverty,lausd_school_site_count,0.00529741268379307
AK-41,3,US,404,BlockApportionment:US.BlockGroups;PointsLayer:US.BlockPoints,2.191,2.576,1,124,2070,112,81,19.28,10.1,93,3,US,404,BlockApportionment:US.BlockGroups;PointsLayer:US.BlockPoints,2.191,2.576,1,39.18,3.21,12.39,44.61,1.62,1.07,6.64,14.38,93,93,0.6475,17.47,29.74,16.36,0,0,,,13,0,0,0,0,0,0,0,0,0,0,1,328,308,0,0,1,20,1239.95,205.16,0,0.0,1892.35,0,0.0,3184.59,3,0,0.0,1908.51,77.34,1,0.0,0,9.14,1,100.0,1,0.0,0,2.3,23.76,56.03,1.42,18.79,5,68.53,37,41,0,,,0,0,34.019625550596,-118.33751261086556,reconstructed,0.59707281291297,124,2070,81,39.18,3.21,12.39,44.61,1.62,1.07,10.1,14.38,93,pct_below_poverty,lausd_school_site_count,0.0030775054564509403
AK-42,18,US,369,BlockApportionment:US.BlockGroups;PointsLayer:US.BlockPoints,2.191,2.576,1,147,2369,152,340,14.27,5.33,103,18,US,369,BlockApportionment:US.BlockGroups;PointsLayer:US.BlockPoints,2.191,2.576,1,23.7,7.16,30.08,51.18,2.35,3.98,7.2,18.0,85,87,0.6475,17.47,29.74,16.36,0,0,,,51,0,0,0,0,0,0,1,2,0,0,1,440,415,0,1,0,43,2257.51,207.17,0,0.0,2749.72,0,0.0,2996.36,7,0,0.0,2772.35,30.55,1,0.0,0,3.26,1,100.0,1,0.0,0,0.53,10.11,71.99,0.89,17.02,5,80.23,37,42,0,,,0,0,34.011840052187395,-118.337504971723,reconstructed,0.628227483055269,147,2369,340,23.7,7.16,30.08,51.18,2.35,3.98,5.33,18.0,87,recreation_center_count,osm_amenity_count,-0.013540774319090171
AK-43,37,US,338,BlockApportionment:US.BlockGroups;PointsLayer:US.BlockPoints,2.191,2.576,1,102,1897,154,376,8.49,6.74,126,37,US,338,BlockApportionment:US.BlockGroups;PointsLayer:US.BlockPoints,2.191,2.576,1,28.04,1.69,3.48,41.87,0.84,4.44,3.75,5.96,108,109,0.6475,17.47,29.74,16.36,0,0,,,3,0,0,0,0,0,0,0,0,0,0,0,113,116,0,0,0,0,0.0,490.01,0,0.0,3610.57,0,0.0,3042.18,0,0,0.0,3636.26,0.97,1,0.0,0,0.0,0,100.0,1,0.0,0,2.07,27.71,40.45,1.38,30.46,5,57.69,37,43,0,,,0,0,34.004054553778786,-118.33749733258048,reconstructed,0.5344137455536173,102,1897,376,28.04,1.69,3.48,41.87,0.84,4.44,6.74,5.96,109,2023 Pop w/Income Below Poverty Level (ACS 5-Yr): Percent,police_station_count,0.005106731124365651
AK-45,31,US,282,BlockApportionment:US.BlockGroups;PointsLayer:US.BlockPoints,2.191,2.576,1,121,3211,146,260,34.48,3.86,105,31,US,282,BlockApportionment:US.BlockGroups;PointsLayer:US.BlockPoints,2.191,2.576,1,29.79,6.94,7.16,45.2,5.82,2.37,5.29,19.25,105,108,0.6475,17.47,29.74,16.36,0,0,,,12,0,0,0,0,0,1,0,0,0,0,0,256,223,0,1,0,13,666.0,288.77,0,0.0,3691.72,0,0.0,3694.16,1,0,0.0,3751.37,2.16,1,0.0,0,1.38,1,100.0,1,0.0,0,1.03,20.52,50.34,1.03,28.1,5,64.93,37,45,0,,,1,0,33.988483556961576,-118.3374820542954,reconstructed,0.592801217062653,121,3211,260,29.79,6.94,7.16,45.2,5.82,2.37,3.86,19.25,108,2023 Pop w/Income Below Poverty Level (ACS 5-Yr): Percent,police_station_count,0.0034860902037247583
AK-46,5,US,256,BlockApportionment:US.BlockGroups;PointsLayer:US.BlockPoints,2.191,2.576,1,122,5269,132,157,67.79,1.6,68,5,US,256,BlockApportionment:US.BlockGroups;PointsLayer:US.BlockPoints,2.191,2.576,1,25.63,8.12,16.05,33.44,6.98,5.43,1.63,15.48,68,68,0.6475,17.47,29.74,16.36,0,0,,,12,0,0,0,0,0,0,0,0,0,0,0,115,117,0,0,0,0,0.0,456.03,0,0.0,3266.52,0,0.0,3073.42,1,0,0.0,3349.0,1.24,1,0.0,0,1.24,1,100.0,1,0.0,0,1.06,15.96,59.04,1.6,23.4,5,71.01,37,46,0,,,0,0,33.980698058552974,-118.33747441515288,reconstructed,0.6389578937908784,122,5269,157,25.63,8.12,16.05,33.44,6.98,5.43,1.6,15.48,68,pct_below_poverty,lausd_school_site_count,0.0026601879457265392
AK-47,30,US,231,BlockApportionment:US.BlockGroups;PointsLayer:US.BlockPoints,2.191,2.576,1,78,118,96,186,16.1,8.54,126,30,US,231,BlockApportionment:US.BlockGroups;PointsLayer:US.BlockPoints,2.191,2.576,1,32.26,0.0,6.1,9.09,0.0,2.44,8.57,17.91,96,101,0.6475,17.47,29.74,16.36,0,0,,,9,0,0,0,0,0,0,0,0,0,0,0,8,14,0,0,0,11,1064.22,339.48,0,0.0,3034.26,0,0.0,2210.81,0,0,0.0,3093.93,0.0,0,0.0,0,0.0,0,100.0,1,0.0,0,5.18,54.92,23.83,0.35,20.9,3,45.13,37,47,0,,,0,0,33.972912560144366,-118.33746677601034,reconstructed,0.49643367577859415,78,118,186,32.26,0.0,6.1,9.09,0.0,2.44,8.54,17.91,101,total_population,police_station_count,0.012450291955445177
AK-8,32,US,1383,BlockApportionment:US.BlockGroups;PointsLayer:US.BlockPoints,2.191,2.576,1,39,177,12,26,36.72,7.14,157,32,US,1383,BlockApportionment:US.BlockGroups;PointsLayer:US.BlockPoints,2.191,2.576,1,14.93,0.0,2.25,0.0,0.0,0.56,4.11,15.49,118,121,0.6475,17.47,29.74,16.36,0,0,,,3,0,0,0,0,0,0,0,0,0,0,0,10,5,0,0,0,5,632.78,224.51,0,0.0,626.06,1,627.29,248.1,1,0,0.0,624.43,30.78,1,0.0,0,0.0,0,100.0,1,0.0,0,4.3,62.99,8.09,1.38,27.54,3,34.37,37,8,0,,,0,0,34.276546998079965,-118.33776470256916,reconstructed,0.5131747437582289,39,177,26,14.93,0.0,2.25,0.0,0.0,0.56,7.14,15.49,121,total_population,police_station_count,0.011300475873206203
AK-9,10,US,1361,BlockApportionment:US.BlockGroups;PointsLayer:US.BlockPoints,2.191,2.576,1,75,150,65,219,23.33,2.7,196,10,US,1361,BlockApportionment:US.BlockGroups;PointsLayer:US.BlockPoints,2.191,2.576,1,23.4,8.51,8.19,50.0,0.9,2.91,1.71,17.12,144,145,0.6475,17.47,29.74,16.36,0,0,,,0,0,1,0,0,0,0,0,0,0,0,0,14,12,0,0,0,11,2587.48,17.42,8,1812.12,17.42,9,2949.99,72.84,0,2,1810.81,23.27,68.33,1,0.0,0,0.0,0,100.0,1,0.0,0,8.67,39.29,24.6,5.49,30.62,4,44.62,37,9,1,34.26542611,-118.33692132,0,1,34.26876149967136,-118.33775706342662,detection_avg,0.5421835222512332,75,150,219,23.4,8.51,8.19,50.0,0.9,2.91,2.7,17.12,145,total_population,police_station_count,0.011820035387801119
AL-10,33,US,1334,BlockApportionment:US.BlockGroups;PointsLayer:US.BlockPoints,2.191,2.576,1,23,555,27,298,24.14,10.91,122,33,US,1334,BlockApportionment:US.BlockGroups;PointsLayer:US.BlockPoints,2.191,2.576,1,28.82,3.06,1.38,41.18,5.83,8.73,12.87,33.08,87,87,0.6475,17.47,29.74,16.36,0,0,,,15,0,0,0,0,0,0,0,0,0,0,0,75,78,0,0,0,52,5334.04,1.47,26,3195.31,253.81,1,135.91,440.06,0,2,1359.73,273.37,6.92,1,0.0,0,0.0,0,100.0,1,0.0,0,6.36,38.16,32.69,3.0,26.15,5,50.97,38,10,0,,,0,0,34.26096918718063,-118.32964168048682,reconstructed,0.5779493978538804,23,555,298,28.82,3.06,1.38,41.18,5.83,8.73,10.91,33.08,87,total_crime_est,police_station_count,0.009020387771955603
AL-11,0,US,1301,BlockApportionment:US.BlockGroups;PointsLayer:US.BlockPoints,2.191,2.576,1,39,163,58,148,25.77,4.62,140,0,US,1301,BlockApportionment:US.BlockGroups;PointsLayer:US.BlockPoints,2.191,2.576,1,20.31,3.12,7.98,28.57,1.57,2.45,4.51,13.39,101,105,0.6475,17.47,29.74,16.36,0,0,,,0,0,0,0,0,0,0,0,0,0,0,0,4,6,0,0,0,10,2474.69,230.53,10,2474.69,230.53,0,0.0,601.38,0,3,1426.99,249.89,0.0,0,0.0,0,0.0,0,100.0,1,0.0,0,5.49,69.03,12.74,2.12,16.11,3,37.27,38,11,0,,,0,0,34.253183688772026,-118.32963404134428,reconstructed,0.530304648748291,39,163,148,20.31,3.12,7.98,28.57,1.57,2.45,4.62,13.39,105,total_population,police_station_count,0.011568478717810615
AL-22,46,US,947,BlockApportionment:US.BlockGroups;PointsLayer:US.BlockPoints,2.191,2.576,1,73,1928,73,43,28.32,5.89,192,46,US,947,BlockApportionment:US.BlockGroups;PointsLayer:US.BlockPoints,2.191,2.576,1,27.42,6.33,4.86,23.71,3.97,1.28,7.86,13.59,161,161,0.6475,17.47,29.74,16.36,0,0,,,3,0,0,0,0,1,0,0,0,0,0,0,42,45,0,0,0,0,0.0,1249.28,0,0.0,1731.97,0,0.0,1515.77,3,0,0.0,1766.99,0.0,0,0.0,0,0.0,0,100.0,1,0.0,0,2.65,19.26,54.59,6.89,19.26,5,67.42,38,22,0,,,1,0,34.16754320627737,-118.32955001077642,reconstructed,0.5281572240933581,73,1928,43,27.42,6.33,4.86,23.71,3.97,1.28,5.89,13.59,161,2023 Pop w/Income Below Poverty Level (ACS 5-Yr): Percent,police_station_count,0.004856962799277888
AL-23,3,US,904,BlockApportionment:US.BlockGroups;PointsLayer:US.BlockPoints,2.191,2.576,1,124,2462,99,114,23.72,1.18,143,3,US,904,BlockApportionment:US.BlockGroups;PointsLayer:US.BlockPoints,2.191,2.576,1,32.05,1.4,9.99,25.1,0.3,0.65,1.95,11.57,127,128,0.6475,17.47,29.74,16.36,0,0,,,24,0,0,1,0,0,1,0,0,0,0,0,103,93,0,0,0,0,0.0,889.89,0,0.0,889.89,0,0.0,709.52,21,0,0.0,927.76,0.0,0,0.0,0,0.0,0,100.0,1,0.0,0,2.76,19.83,58.45,3.45,18.28,5,70.09,38,23,0,,,1,0,34.15975770786876,-118.32954237163388,reconstructed,0.5913952643116209,124,2462,114,32.05,1.4,9.99,25.1,0.3,0.65,1.18,11.57,128,pct_below_poverty,library_count,0.003172232778364089
AL-24,15,US,866,BlockApportionment:US.BlockGroups;PointsLayer:US.BlockPoints,2.191,2.576,1,278,338,131,0,15.68,1.33,166,15,US,866,BlockApportionment:US.BlockGroups;PointsLayer:US.BlockPoints,2.191,2.576,1,24.12,0.0,6.16,22.45,0.0,0.0,1.14,30.03,125,122,0.6475,17.47,29.74,16.36,0,0,,,12,1,0,0,0,0,1,0,0,0,0,0,29,27,0,0,0,39,4332.64,73.29,39,4332.64,73.29,8,1588.42,18.26,8,2,1819.62,88.44,2.94,1,0.0,0,0.0,0,100.0,1,0.0,0,4.25,23.72,53.81,4.07,18.41,5,66.39,38,24,0,,,1,0,34.15197220946016,-118.32953473249134,reconstructed,0.561223770639947,278,338,0,24.12,0.0,6.16,22.45,0.0,0.0,1.33,30.03,122,total_population,police_station_count,0.008435505500746036
AL-30,3,US,754,BlockApportionment:US.BlockGroups;PointsLayer:US.BlockPoints,2.191,2.576,1,153,4157,101,195,24.59,0.54,82,3,US,754,BlockApportionment:US.BlockGroups;PointsLayer:US.BlockPoints,2.191,2.576,1,8.64,4.69,16.95,29.54,3.48,5.92,1.02,12.1,81,80,0.6475,17.47,29.74,16.36,0,0,,,23,0,0,0,0,0,0,0,0,0,0,1,721,727,0,0,0,31,3624.03,7.31,31,3624.03,7.31,0,0.0,1115.21,4,2,1737.27,7.42,0.0,0,0.0,0,0.0,0,100.0,1,0.0,0,3.97,32.59,46.38,1.03,20.0,5,61.28,38,30,1,34.106554386666666,-118.33035884000002,0,1,34.10525921900853,-118.32948889763614,detection_avg,0.6544752818985428,153,4157,195,8.64,4.69,16.95,29.54,3.48,5.92,0.54,12.1,80,pct_below_poverty,lausd_school_site_count,0.002554659088635967
AL-31,29,US,730,BlockApportionment:US.BlockGroups;PointsLayer:US.BlockPoints,2.191,2.576,1,283,5226,141,112,31.17,2.87,77,29,US,730,BlockApportionment:US.BlockGroups;PointsLayer:US.BlockPoints,2.191,2.576,1,19.32,6.23,14.9,33.66,5.83,4.03,1.89,13.36,88,86,0.6475,17.47,29.74,16.36,0,0,,,70,0,1,1,1,0,0,1,1,0,0,0,1230,1298,1,2,1,24,818.53,156.8,0,0.0,650.75,0,0.0,1978.64,51,0,0.0,687.72,6.47,1,0.0,0,6.4,1,100.0,1,0.0,0,0.89,7.98,81.91,1.42,8.69,5,87.07,38,31,1,34.10030405,-118.32745457,0,1,34.09747372059992,-118.3294812584936,detection_avg,0.6715251882207581,283,5226,112,19.32,6.23,14.9,33.66,5.83,4.03,2.87,13.36,86,2023 Pop 35-64: No Health Insurance (ACS 5-Yr): Percent,police_station_count,-0.010500393050227885
AL-32,0,US,701,BlockApportionment:US.BlockGroups;PointsLayer:US.BlockPoints,2.191,2.576,1,195,4637,137,202,50.66,2.4,79,0,US,701,BlockApportionment:US.BlockGroups;PointsLayer:US.BlockPoints,2.191,2.576,1,22.0,1.84,20.2,35.07,7.37,10.62,2.2,13.69,71,70,0.6475,17.47,29.74,16.36,0,0,,,21,0,0,0,1,0,4,1,0,0,0,0,675,673,0,1,2,17,886.51,96.24,0,0.0,1448.09,0,0.0,1156.8,10,2,1773.67,96.61,39.03,1,0.0,0,38.88,1,100.0,1,0.0,0,0.71,9.93,78.19,0.89,10.99,5,84.52,38,32,1,34.09236974,-118.32752816,4,1,34.08968822219132,-118.32947361935108,detection_avg,0.6635295681620396,195,4637,202,22.0,1.84,20.2,35.07,7.37,10.62,2.4,13.69,70,recreation_center_count,osm_amenity_count,-0.024552417080942173
AL-33,21,US,672,BlockApportionment:US.BlockGroups;PointsLayer:US.BlockPoints,2.191,2.576,1,170,3457,103,176,21.75,0.64,136,21,US,672,BlockApportionment:US.BlockGroups;PointsLayer:US.BlockPoints,2.191,2.576,1,9.4,5.29,14.67,33.88,2.51,2.06,0.55,11.57,119,117,0.6475,17.47,29.74,16.36,0,0,,,14,0,0,1,0,0,1,0,1,0,0,0,636,659,0,0,0,0,0.0,768.47,0,0.0,2019.22,1,81.85,387.54,13,0,0.0,768.13,73.88,1,0.0,0,73.76,1,100.0,1,0.0,0,4.13,22.55,67.13,0.69,9.64,5,75.75,38,33,0,,,1,0,34.08190272378272,-118.32946598020854,reconstructed,0.6146243984476284,170,3457,176,9.4,5.29,14.67,33.88,2.51,2.06,0.64,11.57,117,2023 Pop w/Income Below Poverty Level (ACS 5-Yr): Percent,adult_recreation_count,0.00663723174349025
AL-34,42,US,643,BlockApportionment:US.BlockGroups;PointsLayer:US.BlockPoints,2.191,2.576,1,116,1310,65,212,7.94,3.51,123,42,US,643,BlockApportionment:US.BlockGroups;PointsLayer:US.BlockPoints,2.191,2.576,1,17.79,4.03,3.75,48.94,0.22,9.56,2.58,3.27,198,192,0.6475,17.47,29.74,16.36,0,0,,,12,0,0,0,0,0,0,0,0,0,0,0,147,163,0,0,0,0,0.0,1365.49,0,0.0,2578.23,3,1313.39,37.13,0,0,0.0,1632.87,11.51,1,0.0,0,6.61,1,100.0,1,0.0,0,8.51,53.9,23.4,1.42,21.28,3,43.83,38,34,0,,,0,0,34.07411722537411,-118.329458341066,reconstructed,0.5579034454120372,116,1310,212,17.79,4.03,3.75,48.94,0.22,9.56,3.51,3.27,192,2023 Pop w/Income Below Poverty Level (ACS 5-Yr): Percent,police_station_count,0.005108214730048403
AL-35,12,US,613,BlockApportionment:US.BlockGroups;PointsLayer:US.BlockPoints,2.191,2.576,1,98,510,40,102,9.61,2.79,253,12,US,613,BlockApportionment:US.BlockGroups;PointsLayer:US.BlockPoints,2.191,2.576,1,12.85,1.68,4.15,37.5,0.22,3.83,2.17,4.73,482,442,0.6475,17.47,29.74,16.36,0,0,,,12,0,0,0,0,0,1,0,0,0,0,0,74,88,0,0,0,0,0.0,697.16,0,0.0,3141.82,3,487.75,257.29,0,0,0.0,2497.6,7.89,1,0.0,0,3.35,1,100.0,1,0.0,0,10.67,43.89,36.14,3.1,16.87,5,52.1,38,35,0,,,1,0,34.06633172696551,-118.32945070192348,reconstructed,0.5404416326086725,98,510,102,12.85,1.68,4.15,37.5,0.22,3.83,2.79,4.73,442,total_population,police_station_count,0.005812909428382815
AL-36,32,US,583,BlockApportionment:US.BlockGroups;PointsLayer:US.BlockPoints,2.191,2.576,1,80,1661,44,83,13.25,2.07,183,32,US,583,BlockApportionment:US.BlockGroups;PointsLayer:US.BlockPoints,2.191,2.576,1,11.38,5.12,4.65,26.91,1.91,3.2,1.32,15.08,234,237,0.6475,17.47,29.74,16.36,0,0,,,6,0,0,1,0,0,0,0,0,0,0,0,269,287,0,0,0,18,805.89,167.47,0,0.0,2764.49,0,0.0,988.72,0,0,0.0,2763.73,2.29,1,0.0,0,0.0,0,100.0,1,0.0,0,9.57,35.82,42.2,2.3,19.68,5,56.67,38,36,0,,,0,0,34.0585462285569,-118.32944306278094,reconstructed,0.5424947585834213,80,1661,83,11.38,5.12,4.65,26.91,1.91,3.2,2.07,15.08,237,pct_below_poverty,library_count,0.008660135488361906
AL-37,46,US,547,BlockApportionment:US.BlockGroups;PointsLayer:US.BlockPoints,2.191,2.576,1,131,3542,126,86,45.34,4.31,110,46,US,547,BlockApportionment:US.BlockGroups;PointsLayer:US.BlockPoints,2.191,2.576,1,18.52,2.92,6.2,31.65,4.06,6.14,4.55,12.54,132,135,0.6475,17.47,29.74,16.36,0,0,,,12,0,0,0,0,1,1,1,0,0,0,1,334,327,0,0,5,12,816.89,314.89,0,0.0,1907.98,0,0.0,1250.56,0,0,0.0,1910.0,42.2,1,0.0,0,9.8,1,100.0,1,0.0,0,2.75,25.3,46.47,2.58,25.65,5,61.7,38,37,0,,,2,0,34.0507607301483,-118.3294354236384,reconstructed,0.6038874586942218,131,3542,86,18.52,2.92,6.2,31.65,4.06,6.14,4.31,12.54,135,pct_below_poverty,lausd_school_site_count,0.012017120395469667
AL-38,10,US,511,BlockApportionment:US.BlockGroups;PointsLayer:US.BlockPoints,2.191,2.576,1,115,3229,128,174,45.12,4.67,90,10,US,511,BlockApportionment:US.BlockGroups;PointsLayer:US.BlockPoints,2.191,2.576,1,21.77,2.98,19.35,29.33,8.37,12.32,3.86,17.08,90,92,0.6475,17.47,29.74,16.36,0,0,,,36,0,0,0,0,1,1,0,0,0,0,1,457,427,0,0,2,19,1813.91,11.21,0,0.0,1043.4,0,0.0,1062.58,8,0,0.0,1046.79,0.0,0,0.0,0,0.0,0,100.0,1,0.0,0,1.77,21.99,52.3,1.06,24.65,5,66.08,38,38,1,34.04721744,-118.32678996,2,1,34.04297523173969,-118.32942778449588,detection_avg,0.6524005553030422,115,3229,174,21.77,2.98,19.35,29.33,8.37,12.32,4.67,17.08,92,pct_below_poverty,lausd_school_site_count,-0.0048851391442732844
AL-39,24,US,475,BlockApportionment:US.BlockGroups;PointsLayer:US.BlockPoints,2.191,2.576,1,110,3702,134,179,55.0,1.6,72,24,US,475,BlockApportionment:US.BlockGroups;PointsLayer:US.BlockPoints,2.191,2.576,1,19.79,9.89,20.51,30.66,2.74,7.07,2.34,20.35,71,73,0.6475,17.47,29.74,16.36,0,0,,,18,0,0,1,0,0,1,0,0,0,0,0,316,305,0,0,0,28,3231.16,179.75,14,2439.8,179.75,0,0.0,1479.77,2,2,1579.98,183.59,8.9,1,0.0,0,2.84,1,100.0,1,0.0,0,2.13,24.47,50.71,1.6,23.23,5,64.86,38,39,1,34.03579488,-118.3286121,1,1,34.03518973333109,-118.32942014535334,detection_avg,0.6493398072128466,110,3702,179,19.79,9.89,20.51,30.66,2.74,7.07,1.6,20.35,73,2023 Pop 35-64: No Health Insurance (ACS 5-Yr): Percent,affordable_housing_count,-0.004074150385372862
AL-40,39,US,440,BlockApportionment:US.BlockGroups;PointsLayer:US.BlockPoints,2.191,2.576,1,109,5064,128,157,60.9,2.52,74,39,US,440,BlockApportionment:US.BlockGroups;PointsLayer:US.BlockPoints,2.191,2.576,1,25.41,10.15,11.9,18.27,7.23,5.76,2.24,16.91,72,72,0.6475,17.47,29.74,16.36,0,0,,,15,0,0,0,0,0,0,0,0,0,0,0,466,451,0,1,0,0,0.0,537.19,0,0.0,647.99,0,0.0,2178.48,1,0,0.0,654.62,57.8,1,0.0,0,8.4,1,100.0,1,0.0,0,0.52,11.72,60.86,1.21,26.21,5,72.45,38,40,1,34.03157126,-118.33127197,0,1,34.02740423492248,-118.3294125062108,detection_avg,0.6202215085437235,109,5064,157,25.41,10.15,11.9,18.27,7.23,5.76,2.52,16.91,72,2023 Pop 35-64: No Health Insurance (ACS 5-Yr): Percent,police_station_count,0.002183015159096657
AL-41,4,US,405,BlockApportionment:US.BlockGroups;PointsLayer:US.BlockPoints,2.191,2.576,1,110,2821,131,171,50.55,2.23,97,4,US,405,BlockApportionment:US.BlockGroups;PointsLayer:US.BlockPoints,2.191,2.576,1,28.77,3.37,17.53,36.89,5.9,3.35,1.56,16.38,91,93,0.6475,17.47,29.74,16.36,0,0,,,4,0,1,0,0,0,3,0,0,0,0,0,208,190,0,0,0,0,0.0,535.26,0,0.0,1505.54,0,0.0,2966.01,1,0,0.0,1517.99,45.47,1,0.0,0,20.66,1,100.0,1,0.0,0,0.0,12.26,61.1,1.6,25.04,5,72.77,38,41,1,34.02122865,-118.33392279,3,1,34.01961873651388,-118.32940486706826,detection_avg,0.5928787471409426,110,2821,171,28.77,3.37,17.53,36.89,5.9,3.35,2.23,16.38,93,2023 Pop w/Income Below Poverty Level (ACS 5-Yr): Percent,fire_station_count,-0.011141317321722547
AL-42,19,US,370,BlockApportionment:US.BlockGroups;PointsLayer:US.BlockPoints,2.191,2.576,1,84,2084,123,210,13.87,4.62,93,19,US,370,BlockApportionment:US.BlockGroups;PointsLayer:US.BlockPoints,2.191,2.576,1,33.14,1.29,8.88,27.49,1.74,2.42,3.89,12.72,93,96,0.6475,17.47,29.74,16.36,0,0,,,6,0,0,0,0,0,0,0,0,0,0,0,157,153,0,0,0,19,646.4,304.58,0,0.0,2345.5,0,0.0,3787.35,0,0,0.0,2381.37,67.91,1,0.0,0,19.89,1,100.0,1,0.0,0,0.86,20.31,49.74,1.03,28.92,5,64.56,38,42,0,,,0,0,34.01183323810527,-118.32939722792574,reconstructed,0.5420192775392023,84,2084,210,33.14,1.29,8.88,27.49,1.74,2.42,4.62,12.72,96,total_population,police_station_count,-0.002705765599928113
AL-43,38,US,339,BlockApportionment:US.BlockGroups;PointsLayer:US.BlockPoints,2.191,2.576,1,155,3348,168,240,16.52,6.15,68,38,US,339,BlockApportionment:US.BlockGroups;PointsLayer:US.BlockPoints,2.191,2.576,1,26.87,5.56,19.72,45.54,1.5,0.61,7.9,16.24,74,79,0.6475,17.47,29.74,16.36,0,0,,,60,0,0,0,1,1,0,0,0,0,0,0,535,532,0,0,4,34,2685.22,7.94,0,0.0,3198.28,0,0.0,3738.66,9,0,0.0,3244.75,60.39,1,0.0,0,4.87,1,100.0,1,0.0,0,3.55,18.62,59.57,2.48,19.33,5,70.63,38,43,1,34.005199184999995,-118.330061,1,1,34.00404773969667,-118.3293895887832,detection_avg,0.6339274908819146,155,3348,240,26.87,5.56,19.72,45.54,1.5,0.61,6.15,16.24,79,2023 Pop w/Income Below Poverty Level (ACS 5-Yr): Percent,college_count,-0.01284997793155689
AL-44,9,US,310,BlockApportionment:US.BlockGroups;PointsLayer:US.BlockPoints,2.191,2.576,1,158,1944,166,131,27.01,3.69,132,9,US,310,BlockApportionment:US.BlockGroups;PointsLayer:US.BlockPoints,2.191,2.576,1,37.25,2.35,8.12,35.36,0.94,0.67,4.6,15.58,105,99,0.6475,17.47,29.74,16.36,0,0,,,27,0,0,0,0,2,1,0,0,0,0,1,188,171,0,1,6,22,1843.47,123.19,0,0.0,4056.09,0,0.0,3868.16,3,0,0.0,4108.11,30.89,1,0.0,0,8.79,1,100.0,1,0.0,0,2.75,23.06,60.93,0.34,15.66,5,71.83,38,44,0,,,3,0,33.99626224128806,-118.32938194964066,reconstructed,0.6112227263605553,158,1944,131,37.25,2.35,8.12,35.36,0.94,0.67,3.69,15.58,99,pct_below_poverty,lausd_school_site_count,0.0029272290483543864
AL-45,32,US,283,BlockApportionment:US.BlockGroups;PointsLayer:US.BlockPoints,2.191,2.576,1,182,2824,173,264,38.92,5.53,94,32,US,283,BlockApportionment:US.BlockGroups;PointsLayer:US.BlockPoints,2.191,2.576,1,37.03,4.64,18.62,42.38,2.49,3.21,4.22,27.8,88,90,0.6475,17.47,29.74,16.36,0,0,,,38,0,0,0,0,1,0,0,0,0,0,0,333,319,0,0,1,57,2568.32,126.75,0,0.0,4392.53,0,0.0,4173.01,4,0,0.0,4501.3,24.17,1,0.0,0,1.94,1,100.0,1,0.0,0,1.59,17.17,66.9,0.71,15.22,5,76.35,38,45,0,,,1,0,33.988476742879456,-118.32937431049814,reconstructed,0.6106314997219154,182,2824,264,37.03,4.64,18.62,42.38,2.49,3.21,5.53,27.8,90,pct_below_poverty,lausd_school_site_count,-0.0068613959074215174
AL-46,6,US,257,BlockApportionment:US.BlockGroups;PointsLayer:US.BlockPoints,2.191,2.576,1,182,5589,184,243,50.08,4.83,46,6,US,257,BlockApportionment:US.BlockGroups;PointsLayer:US.BlockPoints,2.191,2.576,1,38.34,8.78,28.48,38.35,2.43,2.57,4.63,33.07,55,56,0.6475,17.47,29.74,16.36,0,0,,,39,0,0,0,0,1,0,0,0,0,0,0,381,377,0,0,5,15,1047.08,141.7,0,0.0,4126.16,0,0.0,3621.46,0,0,0.0,4207.56,30.52,1,0.0,0,7.67,1,100.0,1,0.0,0,1.07,12.26,79.75,0.71,7.28,5,85.5,38,46,0,,,1,0,33.98069124447085,-118.3293666713556,reconstructed,0.6475004387152402,182,5589,243,38.34,8.78,28.48,38.35,2.43,2.57,4.83,33.07,56,pct_below_poverty,lausd_school_site_count,0.02236365394931761
AL-47,31,US,232,BlockApportionment:US.BlockGroups;PointsLayer:US.BlockPoints,2.191,2.576,1,164,3467,168,210,41.68,6.59,47,31,US,232,BlockApportionment:US.BlockGroups;PointsLayer:US.BlockPoints,2.191,2.576,1,26.64,9.69,26.67,41.29,2.45,3.01,5.34,31.09,56,59,0.6475,17.47,29.74,16.36,0,0,,,33,0,0,0,0,2,0,0,0,0,0,0,347,327,0,0,1,41,1844.06,16.42,0,0.0,3848.93,0,0.0,2794.07,3,0,0.0,3930.4,33.68,1,0.0,0,3.41,1,100.0,1,0.0,0,0.86,13.45,72.59,0.52,13.45,5,80.56,38,47,1,33.97716286,-118.33258016,2,1,33.972905746062246,-118.32935903221306,detection_avg,0.6233158349559074,164,3467,210,26.64,9.69,26.67,41.29,2.45,3.01,6.59,31.09,59,2023 Pop w/Income Below Poverty Level (ACS 5-Yr): Percent,police_station_count,-0.009402250180869553
AL-48,8,US,209,BlockApportionment:US.BlockGroups;PointsLayer:US.BlockPoints,2.191,2.576,1,74,2447,94,186,15.45,5.94,106,8,US,209,BlockApportionment:US.BlockGroups;PointsLayer:US.BlockPoints,2.191,2.576,1,32.5,3.9,14.25,26.89,0.59,1.07,5.08,23.06,91,93,0.6475,17.47,29.74,16.36,0,0,,,21,0,0,0,0,0,0,0,0,0,0,0,120,108,0,1,0,32,1262.43,140.86,0,0.0,3652.19,0,0.0,1991.42,0,0,0.0,3734.9,0.0,0,0.0,0,0.0,0,100.0,1,0.0,0,0.71,16.81,58.41,0.88,23.89,5,70.67,38,48,0,,,0,0,33.96512024765364,-118.32935139307054,reconstructed,0.5630130318237302,74,2447,186,32.5,3.9,14.25,26.89,0.59,1.07,5.94,23.06,93,total_population,police_station_count,-0.00272794215416289
AL-9,11,US,1362,BlockApportionment:US.BlockGroups;PointsLayer:US.BlockPoints,2.191,2.576,1,39,8,12,0,37.5,0.0,0,11,US,1362,BlockApportionment:US.BlockGroups;PointsLayer:US.BlockPoints,2.191,2.576,1,0.0,0.0,0.0,0.0,0.0,0.0,0.0,16.67,0,0,0.6475,17.47,29.74,16.36,0,0,,,0,0,0,0,0,0,0,0,0,0,0,0,4,5,0,0,0,0,0.0,715.86,0,0.0,813.63,4,2479.37,133.99,0,0,0.0,810.31,87.07,1,0.0,0,0.0,0,100.0,1,0.0,0,0.0,50.34,4.81,2.06,42.78,4,33.37,38,9,0,,,0,0,34.26875468558924,-118.32964931962934,reconstructed,0.4990926083363124,39,8,0,0.0,0.0,0.0,0.0,0.0,0.0,0.0,16.67,0,total_population,police_station_count,0.014735537251646152
AM-10,34,US,1335,BlockApportionment:US.BlockGroups;PointsLayer:US.BlockPoints,2.191,2.576,1,49,3643,58,90,36.4,5.36,128,34,US,1335,BlockApportionment:US.BlockGroups;PointsLayer:US.BlockPoints,2.191,2.576,1,20.92,3.69,11.53,31.41,3.41,3.68,5.23,23.46,93,95,0.6475,17.47,29.74,16.36,0,0,,,48,0,0,0,0,0,0,1,0,0,0,0,242,236,0,0,0,22,1475.08,59.94,0,0.0,579.98,0,0.0,644.26,17,0,0.0,588.19,0.0,0,0.0,0,0.0,0,100.0,1,0.0,0,8.25,28.69,50.17,3.78,17.35,5,62.64,39,10,0,,,0,0,34.26096237309851,-118.32153393668956,reconstructed,0.56265037192109,49,3643,90,20.92,3.69,11.53,31.41,3.41,3.68,5.36,23.46,95,recreation_center_count,osm_amenity_count,-0.015730348678444948
AM-11,1,US,1302,BlockApportionment:US.BlockGroups;PointsLayer:US.BlockPoints,2.191,2.576,1,25,137,48,169,22.63,5.56,142,1,US,1302,BlockApportionment:US.BlockGroups;PointsLayer:US.BlockPoints,2.191,2.576,1,20.51,2.56,5.63,33.33,0.92,2.82,5.26,13.76,97,102,0.6475,17.47,29.74,16.36,0,0,,,0,0,0,0,0,0,0,0,0,0,0,0,25,15,0,0,0,2,1581.95,150.78,2,1581.95,150.78,0,0.0,671.97,0,3,1598.49,134.17,0.0,0,0.0,0,0.0,0,100.0,1,0.0,0,6.71,55.83,13.96,2.83,27.39,3,37.76,39,11,0,,,0,0,34.253176874689906,-118.321526297547,reconstructed,0.5252596148812702,25,137,169,20.51,2.56,5.63,33.33,0.92,2.82,5.56,13.76,102,total_population,police_station_count,0.01207418544637985
AM-22,47,US,948,BlockApportionment:US.BlockGroups;PointsLayer:US.BlockPoints,2.191,2.576,1,107,2001,101,143,23.34,2.74,136,47,US,948,BlockApportionment:US.BlockGroups;PointsLayer:US.BlockPoints,2.191,2.576,1,17.64,4.3,8.68,26.73,0.0,0.0,3.62,9.6,123,123,0.6475,17.47,29.74,16.36,0,0,,,12,0,1,0,0,0,0,0,0,0,0,0,44,42,0,0,0,0,0.0,775.44,0,0.0,1178.83,0,0.0,1148.73,15,0,0.0,1180.11,2.28,1,0.0,0,2.24,1,100.0,1,0.0,0,1.37,20.62,51.89,4.3,23.2,5,65.91,39,22,0,,,0,0,34.167536392195245,-118.32144226697912,reconstructed,0.5778735763866308,107,2001,143,17.64,4.3,8.68,26.73,0.0,0.0,2.74,9.6,123,2023 Pop w/Income Below Poverty Level (ACS 5-Yr): Percent,fire_station_count,0.007924168383558954
AM-23,4,US,905,BlockApportionment:US.BlockGroups;PointsLayer:US.BlockPoints,2.191,2.576,1,94,878,89,121,18.45,8.25,200,4,US,905,BlockApportionment:US.BlockGroups;PointsLayer:US.BlockPoints,2.191,2.576,1,33.55,0.43,4.17,35.33,0.0,0.0,7.68,12.9,152,153,0.6475,17.47,29.74,16.36,0,0,,,0,0,0,0,0,0,0,0,0,0,0,0,21,18,0,0,0,9,2479.61,328.7,9,2479.61,328.7,1,275.68,425.47,1,2,1179.53,329.91,0.0,0,0.0,0,0.0,0,100.0,1,0.0,0,1.59,30.62,42.3,4.42,22.65,5,59.13,39,23,0,,,0,0,34.159750893786644,-118.3214346278366,reconstructed,0.5383092847965315,94,878,121,33.55,0.43,4.17,35.33,0.0,0.0,8.25,12.9,153,2023 Pop w/Income Below Poverty Level (ACS 5-Yr): Percent,police_station_count,0.005058596229009042
AM-29,23,US,774,BlockApportionment:US.BlockGroups;PointsLayer:US.BlockPoints,2.191,2.576,1,195,3214,129,200,12.69,2.06,123,23,US,774,BlockApportionment:US.BlockGroups;PointsLayer:US.BlockPoints,2.191,2.576,1,12.78,3.18,9.82,32.97,0.07,1.58,1.75,7.86,146,144,0.6475,17.47,29.74,16.36,0,0,,,0,0,0,0,0,0,0,0,0,0,0,2,588,624,0,0,0,0,0.0,722.19,0,0.0,722.19,0,0.0,1067.81,0,0,0.0,745.07,0.0,0,0.0,0,0.0,0,100.0,1,0.0,0,16.32,44.85,34.02,1.55,19.59,5,48.92,39,29,0,,,0,0,34.11303790333501,-118.3213887929814,reconstructed,0.5814607564495412,195,3214,200,12.78,3.18,9.82,32.97,0.07,1.58,2.06,7.86,144,total_crime_est,affordable_housing_count,-0.0037442379964064553
AM-30,4,US,755,BlockApportionment:US.BlockGroups;PointsLayer:US.BlockPoints,2.191,2.576,1,206,5181,125,164,23.14,2.99,99,4,US,755,BlockApportionment:US.BlockGroups;PointsLayer:US.BlockPoints,2.191,2.576,1,12.13,2.31,16.72,32.99,3.78,1.38,1.62,10.74,99,98,0.6475,17.47,29.74,16.36,0,0,,,28,0,0,0,0,1,0,0,1,0,0,2,820,844,0,3,2,35,3505.72,89.34,35,3505.72,89.34,0,0.0,1420.31,10,2,1828.01,98.14,1.22,1,0.0,0,1.24,1,100.0,1,0.0,0,1.95,14.87,74.16,1.24,9.73,5,81.33,39,30,1,34.10264692,-118.3205510381818,1,1,34.10525240492641,-118.32138115383889,detection_avg,0.6639886104806906,206,5181,164,12.13,2.31,16.72,32.99,3.78,1.38,2.99,10.74,98,2023 Pop w/Income Below Poverty Level (ACS 5-Yr): Percent,adult_recreation_count,0.005959616649186056
AM-31,30,US,731,BlockApportionment:US.BlockGroups;PointsLayer:US.BlockPoints,2.191,2.576,1,189,5546,131,167,49.42,2.31,69,30,US,731,BlockApportionment:US.BlockGroups;PointsLayer:US.BlockPoints,2.191,2.576,1,21.34,3.67,19.33,25.73,7.42,9.39,1.96,20.39,73,72,0.6475,17.47,29.74,16.36,0,0,,,12,1,0,0,0,0,0,0,0,0,0,0,593,647,0,0,4,17,674.47,280.11,0,0.0,644.36,0,0.0,1868.51,14,0,0.0,526.96,10.61,1,0.0,0,10.69,1,100.0,1,0.0,0,4.31,17.59,67.93,1.21,13.28,5,76.26,39,31,1,34.0963619125,-118.3241012275,0,1,34.0974669065178,-118.32137351469632,detection_avg,0.6751759499369687,189,5546,167,21.34,3.67,19.33,25.73,7.42,9.39,2.31,20.39,72,2023 Pop 35-64: No Health Insurance (ACS 5-Yr): Percent,hospital_count,0.011204963677751418
AM-32,1,US,702,BlockApportionment:US.BlockGroups;PointsLayer:US.BlockPoints,2.191,2.576,1,182,2816,141,100,62.46,2.03,67,1,US,702,BlockApportionment:US.BlockGroups;PointsLayer:US.BlockPoints,2.191,2.576,1,19.88,5.21,12.7,38.85,2.39,9.21,1.01,18.74,73,71,0.6475,17.47,29.74,16.36,0,0,,,6,0,0,0,0,1,0,0,0,0,0,0,447,442,0,1,1,13,608.78,337.14,0,0.0,1179.27,0,0.0,1247.21,3,2,1216.74,337.79,22.45,1,0.0,0,14.46,1,100.0,1,0.0,0,4.42,30.97,57.52,0.53,10.97,5,68.94,39,32,0,,,1,0,34.0896814081092,-118.3213658755538,reconstructed,0.637184323222935,182,2816,100,19.88,5.21,12.7,38.85,2.39,9.21,2.03,18.74,71,2023 Pop 35-64: No Health Insurance (ACS 5-Yr): Percent,affordable_housing_count,-0.004332272099799166
AM-33,22,US,673,BlockApportionment:US.BlockGroups;PointsLayer:US.BlockPoints,2.191,2.576,1,122,2355,92,164,16.86,0.41,201,22,US,673,BlockApportionment:US.BlockGroups;PointsLayer:US.BlockPoints,2.191,2.576,1,13.98,3.24,4.27,20.25,0.52,1.9,1.91,12.33,175,171,0.6475,17.47,29.74,16.36,0,0,,,30,0,0,0,0,0,1,0,0,0,0,0,747,751,0,0,2,0,0.0,1105.16,0,0.0,1752.88,0,0.0,750.42,6,0,0.0,1202.53,29.7,1,0.0,0,29.72,1,100.0,1,0.0,0,2.76,31.78,47.15,1.04,20.03,5,62.18,39,33,0,,,1,0,34.08189590970059,-118.32135823641129,reconstructed,0.5714227773041151,122,2355,164,13.98,3.24,4.27,20.25,0.52,1.9,0.41,12.33,171,pct_below_poverty,lausd_school_site_count,0.0066402914288004105
AM-34,43,US,644,BlockApportionment:US.BlockGroups;PointsLayer:US.BlockPoints,2.191,2.576,1,92,1438,72,129,10.5,2.87,253,43,US,644,BlockApportionment:US.BlockGroups;PointsLayer:US.BlockPoints,2.191,2.576,1,24.09,9.01,6.1,50.0,0.48,2.48,2.46,8.33,215,218,0.6475,17.47,29.74,16.36,0,0,,,12,0,0,0,0,0,0,0,0,0,0,0,497,416,0,0,0,0,0.0,1108.39,0,0.0,2297.75,0,0.0,749.5,10,0,0.0,2067.26,16.14,1,0.0,0,16.06,1,100.0,1,0.0,0,3.9,45.04,28.19,1.42,25.35,5,48.56,39,34,0,,,0,0,34.07411041129199,-118.32135059726872,reconstructed,0.5526642569904835,92,1438,129,24.09,9.01,6.1,50.0,0.48,2.48,2.87,8.33,218,esri_market_idx_14068_forecast,la_geohub_fire_hazard_area_pct,0.0065701085315511745
AM-35,13,US,614,BlockApportionment:US.BlockGroups;PointsLayer:US.BlockPoints,2.191,2.576,1,94,1769,52,107,14.41,1.27,136,13,US,614,BlockApportionment:US.BlockGroups;PointsLayer:US.BlockPoints,2.191,2.576,1,9.42,4.08,7.23,38.01,0.89,6.99,0.89,13.83,204,206,0.6475,17.47,29.74,16.36,0,0,,,30,0,0,0,1,0,0,0,0,0,0,0,426,397,0,0,0,20,829.64,283.16,0,0.0,2915.97,0,0.0,1075.09,0,0,0.0,2931.99,1.4,1,0.0,0,1.35,1,100.0,1,0.0,0,6.55,41.59,29.2,2.3,26.9,5,48.47,39,35,0,,,0,0,34.06632491288338,-118.3213429581262,reconstructed,0.5768207038532857,94,1769,107,9.42,4.08,7.23,38.01,0.89,6.99,1.27,13.83,206,2023 Pop w/Income Below Poverty Level (ACS 5-Yr): Percent,college_count,0.011351902973044076
AM-36,33,US,584,BlockApportionment:US.BlockGroups;PointsLayer:US.BlockPoints,2.191,2.576,1,125,3166,111,76,24.83,1.97,103,33,US,584,BlockApportionment:US.BlockGroups;PointsLayer:US.BlockPoints,2.191,2.576,1,12.81,4.72,13.58,36.46,2.12,11.69,1.96,18.92,124,130,0.6475,17.47,29.74,16.36,0,0,,,42,0,0,0,0,0,1,0,0,0,0,0,555,491,0,0,0,28,1641.56,64.73,0,0.0,2179.75,0,0.0,1712.77,11,0,0.0,2210.31,32.08,1,0.0,0,22.74,1,100.0,1,0.0,0,0.52,24.14,46.72,1.03,28.1,5,62.55,39,36,0,,,1,0,34.05853941447478,-118.32133531898369,reconstructed,0.6309597915937696,125,3166,76,12.81,4.72,13.58,36.46,2.12,11.69,1.97,18.92,130,2023 Pop 35-64: No Health Insurance (ACS 5-Yr): Percent,affordable_housing_count,-0.00358921934586034
AM-37,47,US,548,BlockApportionment:US.BlockGroups;PointsLayer:US.BlockPoints,2.191,2.576,1,122,5422,128,100,54.02,1.44,75,47,US,548,BlockApportionment:US.BlockGroups;PointsLayer:US.BlockPoints,2.191,2.576,1,19.21,2.71,18.96,26.3,3.68,13.89,1.26,27.45,86,88,0.6475,17.47,29.74,16.36,0,0,,,18,0,0,0,0,0,0,0,0,0,0,0,652,676,0,1,0,1,343.41,423.4,0,0.0,1330.09,0,0.0,1813.38,8,0,0.0,1358.53,14.63,1,0.0,0,0.3,1,100.0,1,0.0,0,1.06,14.87,58.05,1.42,25.66,5,70.32,39,37,1,34.05125165333333,-118.322834,0,1,34.05075391606617,-118.32132767984112,detection_avg,0.6407349331396295,122,5422,100,19.21,2.71,18.96,26.3,3.68,13.89,1.44,27.45,88,2023 Pop 35-64: No Health Insurance (ACS 5-Yr): Percent,police_station_count,-0.003568056141791159
AM-38,11,US,512,BlockApportionment:US.BlockGroups;PointsLayer:US.BlockPoints,2.191,2.576,1,122,5362,141,114,67.31,2.61,65,11,US,512,BlockApportionment:US.BlockGroups;PointsLayer:US.BlockPoints,2.191,2.576,1,19.16,4.95,24.45,28.26,5.16,7.13,2.04,21.66,66,68,0.6475,17.47,29.74,16.36,0,0,,,27,0,0,0,0,2,0,0,0,0,0,0,460,451,0,1,5,0,0.0,492.49,0,0.0,492.49,0,0.0,1897.7,4,0,0.0,506.46,0.0,0,0.0,0,0.0,0,100.0,1,0.0,0,0.87,15.57,65.92,0.87,17.65,5,75.88,39,38,1,34.038496519999995,-118.31877783,2,1,34.04296841765757,-118.3213200406986,detection_avg,0.658764782201076,122,5362,114,19.16,4.95,24.45,28.26,5.16,7.13,2.61,21.66,68,pct_below_poverty,lausd_school_site_count,0.01643505246866873
AM-39,25,US,476,BlockApportionment:US.BlockGroups;PointsLayer:US.BlockPoints,2.191,2.576,1,106,2966,128,45,52.43,0.87,72,25,US,476,BlockApportionment:US.BlockGroups;PointsLayer:US.BlockPoints,2.191,2.576,1,19.15,2.07,28.62,29.8,3.11,9.55,2.38,11.53,69,70,0.6475,17.47,29.74,16.36,0,0,,,15,0,0,0,0,3,0,1,1,0,0,0,354,345,0,1,2,9,1851.59,319.11,9,1851.59,319.11,0,0.0,2325.86,0,2,1238.83,327.33,23.75,1,0.0,0,2.11,1,100.0,1,0.0,0,2.13,24.29,57.09,1.42,17.2,5,69.32,39,39,0,,,3,0,34.03518291924896,-118.32131240155609,reconstructed,0.650718068390652,106,2966,45,19.15,2.07,28.62,29.8,3.11,9.55,0.87,11.53,70,2023 Pop w/Income Below Poverty Level (ACS 5-Yr): Percent,police_station_count,-0.01060045695805281
AM-40,40,US,441,BlockApportionment:US.BlockGroups;PointsLayer:US.BlockPoints,2.191,2.576,1,114,4039,137,176,65.31,3.66,90,40,US,441,BlockApportionment:US.BlockGroups;PointsLayer:US.BlockPoints,2.191,2.576,1,24.87,7.59,21.08,34.89,6.68,4.13,3.04,20.91,92,92,0.6475,17.47,29.74,16.36,0,0,,,9,0,0,1,0,0,0,0,0,0,0,0,370,348,0,0,3,0,0.0,1134.47,0,0.0,1173.21,0,0.0,2951.85,1,0,0.0,1177.75,58.17,1,0.0,0,9.72,1,100.0,1,0.0,0,1.38,13.45,71.55,0.52,14.48,5,79.67,39,40,0,,,0,0,34.02739742084036,-118.32130476241352,reconstructed,0.6135553377994728,114,4039,176,24.87,7.59,21.08,34.89,6.68,4.13,3.66,20.91,92,pct_below_poverty,lausd_school_site_count,0.0070696111167516725
AM-41,5,US,406,BlockApportionment:US.BlockGroups;PointsLayer:US.BlockPoints,2.191,2.576,1,101,2825,140,88,52.5,3.38,98,5,US,406,BlockApportionment:US.BlockGroups;PointsLayer:US.BlockPoints,2.191,2.576,1,27.32,5.85,17.74,49.47,6.98,4.06,3.73,20.27,88,89,0.6475,17.47,29.74,16.36,0,0,,,4,0,0,0,0,1,0,0,0,0,0,0,242,248,0,0,1,0,0.0,745.54,0,0.0,2024.87,0,0.0,3675.94,0,0,0.0,2030.32,52.62,1,0.0,0,16.25,1,100.0,1,0.0,0,2.84,19.15,65.25,1.77,13.83,5,74.82,39,41,1,34.01870851,-118.31902924,1,1,34.01961192243175,-118.321297123271,detection_avg,0.5853244623561639,101,2825,88,27.32,5.85,17.74,49.47,6.98,4.06,3.38,20.27,89,pct_below_poverty,lausd_school_site_count,-0.005859248841034083
AM-42,20,US,371,BlockApportionment:US.BlockGroups;PointsLayer:US.BlockPoints,2.191,2.576,1,135,3135,152,86,30.02,5.22,73,20,US,371,BlockApportionment:US.BlockGroups;PointsLayer:US.BlockPoints,2.191,2.576,1,17.85,4.13,13.4,26.35,3.15,3.23,5.28,17.25,73,74,0.6475,17.47,29.74,16.36,0,0,,,25,0,0,0,0,2,1,0,0,0,0,0,325,327,0,0,4,32,1941.9,111.42,0,0.0,2877.0,0,0.0,4450.51,1,0,0.0,2882.71,61.51,1,0.0,0,17.85,1,100.0,1,0.0,0,4.26,24.29,62.59,2.3,10.82,5,72.54,39,42,0,,,3,0,34.01182642402315,-118.32128948412849,reconstructed,0.6140671796836011,135,3135,86,17.85,4.13,13.4,26.35,3.15,3.23,5.22,17.25,74,total_population,police_station_count,-0.002485196286138458
AM-43,39,US,340,BlockApportionment:US.BlockGroups;PointsLayer:US.BlockPoints,2.191,2.576,1,147,2745,165,286,41.6,2.53,68,39,US,340,BlockApportionment:US.BlockGroups;PointsLayer:US.BlockPoints,2.191,2.576,1,36.54,5.03,25.82,39.81,2.34,3.54,3.33,27.86,67,69,0.6475,17.47,29.74,16.36,0,0,,,22,0,0,0,0,0,0,0,1,0,0,0,302,274,0,2,0,0,0.0,812.71,0,0.0,3664.94,0,0.0,4521.63,2,0,0.0,3702.22,66.3,1,0.0,0,15.79,1,100.0,1,0.0,0,2.25,22.11,58.2,1.04,18.65,5,70.06,39,43,0,,,0,0,34.00404092561455,-118.32128184498592,reconstructed,0.6039932603248188,147,2745,286,36.54,5.03,25.82,39.81,2.34,3.54,2.53,27.86,69,2023 Pop w/Income Below Poverty Level (ACS 5-Yr): Percent,adult_recreation_count,0.013037836420630304
AM-44,10,US,311,BlockApportionment:US.BlockGroups;PointsLayer:US.BlockPoints,2.191,2.576,1,183,3751,191,321,48.07,2.7,82,10,US,311,BlockApportionment:US.BlockGroups;PointsLayer:US.BlockPoints,2.191,2.576,1,32.95,11.24,18.7,56.91,1.76,2.39,1.93,23.8,80,85,0.6475,17.47,29.74,16.36,0,0,,,4,0,0,1,0,2,0,1,0,0,0,0,251,209,0,0,3,0,0.0,562.98,0,0.0,3691.83,0,0.0,4707.9,0,0,0.0,3756.27,57.05,1,0.0,0,12.45,1,100.0,1,0.0,0,1.06,17.55,61.88,0.89,19.68,5,73.0,39,44,0,,,2,0,33.99625542720594,-118.3212742058434,reconstructed,0.6105667190467968,183,3751,321,32.95,11.24,18.7,56.91,1.76,2.39,2.7,23.8,85,pct_below_poverty,lausd_school_site_count,0.009750192094709998
AM-45,33,US,284,BlockApportionment:US.BlockGroups;PointsLayer:US.BlockPoints,2.191,2.576,1,170,3591,182,171,52.88,4.93,99,33,US,284,BlockApportionment:US.BlockGroups;PointsLayer:US.BlockPoints,2.191,2.576,1,26.0,8.26,16.98,36.96,2.74,4.14,4.53,29.21,93,95,0.6475,17.47,29.74,16.36,0,0,,,22,0,0,0,0,1,3,0,0,0,0,0,218,219,0,1,1,23,650.94,301.59,0,0.0,3647.64,0,0.0,4271.25,1,0,0.0,3751.77,48.9,1,0.0,0,15.33,1,100.0,1,0.0,0,0.0,13.64,59.76,0.17,26.42,5,71.83,39,45,0,,,4,0,33.988469928797336,-118.32126656670088,reconstructed,0.5938326847763526,170,3591,171,26.0,8.26,16.98,36.96,2.74,4.14,4.93,29.21,95,pct_below_poverty,lausd_school_site_count,-0.004792927488570464
AM-46,7,US,258,BlockApportionment:US.BlockGroups;PointsLayer:US.BlockPoints,2.191,2.576,1,190,3650,200,136,46.16,2.94,82,7,US,258,BlockApportionment:US.BlockGroups;PointsLayer:US.BlockPoints,2.191,2.576,1,21.23,7.17,11.64,62.4,4.12,2.18,3.16,29.22,72,73,0.6475,17.47,29.74,16.36,0,0,,,8,0,0,0,0,0,1,0,0,0,0,0,218,200,0,0,2,0,0.0,443.88,0,0.0,3704.9,0,0.0,3487.06,0,0,0.0,3724.27,61.07,1,0.0,0,5.84,1,100.0,1,0.0,0,0.18,14.01,55.67,0.53,29.79,5,68.91,39,46,0,,,1,0,33.98068443038873,-118.32125892755832,reconstructed,0.582122989289165,190,3650,136,21.23,7.17,11.64,62.4,4.12,2.18,2.94,29.22,73,total_crime_est,affordable_housing_count,-0.0034039726929210546
AM-47,32,US,233,BlockApportionment:US.BlockGroups;PointsLayer:US.BlockPoints,2.191,2.576,1,123,2143,131,133,23.05,7.15,133,32,US,233,BlockApportionment:US.BlockGroups;PointsLayer:US.BlockPoints,2.191,2.576,1,38.76,1.58,16.46,35.33,0.35,2.41,7.85,19.42,103,102,0.6475,17.47,29.74,16.36,0,0,,,10,0,0,0,0,1,1,0,0,0,0,0,135,118,0,1,0,11,512.85,420.69,0,0.0,3690.64,0,0.0,2751.52,0,0,0.0,3724.65,39.58,1,0.0,0,5.19,1,100.0,1,0.0,0,0.52,20.73,48.7,2.07,28.5,5,63.93,39,47,1,33.97175398,-118.31739639,2,1,33.972898931980126,-118.3212512884158,detection_avg,0.5848781170919891,123,2143,133,38.76,1.58,16.46,35.33,0.35,2.41,7.15,19.42,102,total_population,police_station_count,-0.002724791150841356
AM-48,9,US,210,BlockApportionment:US.BlockGroups;PointsLayer:US.BlockPoints,2.191,2.576,1,91,2110,97,71,14.41,9.77,149,9,US,210,BlockApportionment:US.BlockGroups;PointsLayer:US.BlockPoints,2.191,2.576,1,18.6,2.13,6.88,22.81,0.68,4.47,7.7,26.8,116,115,0.6475,17.47,29.74,16.36,0,0,,,8,0,0,0,0,1,1,0,0,0,0,1,44,40,0,0,0,17,1228.83,326.55,0,0.0,3627.84,0,0.0,2115.99,3,0,0.0,3725.37,0.0,0,0.0,0,0.0,0,100.0,1,0.0,0,0.36,12.43,60.21,1.42,25.93,5,72.04,39,48,0,,,2,0,33.96511343357152,-118.32124364927326,reconstructed,0.5543503873301263,91,2110,71,18.6,2.13,6.88,22.81,0.68,4.47,9.77,26.8,115,2023 Pop w/Income Below Poverty Level (ACS 5-Yr): Percent,police_station_count,0.0036866311588995087
AM-7,48,US,1399,BlockApportionment:US.BlockGroups;PointsLayer:US.BlockPoints,2.191,2.576,1,0,0,0,0,0.0,0.0,0,48,US,1399,BlockApportionment:US.BlockGroups;PointsLayer:US.BlockPoints,2.191,2.576,1,0.0,0.0,0.0,0.0,0.0,0.0,0.0,0.0,0,0,0.6475,17.47,29.74,16.36,0,0,,,0,0,0,0,0,0,0,0,0,0,0,0,0,0,0,0,0,0,0.0,1939.69,0,0.0,2234.96,6,2400.85,55.25,0,0,0.0,2231.76,0.0,0,0.0,0,0.0,0,8.48,1,0.0,0,6.54,81.27,2.83,3.0,12.9,3,30.02,39,7,0,,,0,0,34.28431886832432,-118.32155685411716,reconstructed,0.5163816072479802,0,0,0,0.0,0.0,0.0,0.0,0.0,0.0,0.0,0.0,0,total_crime_est,police_station_count,0.01563103795160291
AM-75,29,US,30,BlockApportionment:US.BlockGroups;PointsLayer:US.BlockPoints,2.191,2.576,1,44,709,91,29,16.93,2.23,253,29,US,30,BlockApportionment:US.BlockGroups;PointsLayer:US.BlockPoints,2.191,2.576,1,16.67,0.0,5.86,38.46,0.0,3.08,0.7,8.03,232,234,0.6475,17.47,29.74,16.36,0,0,,,0,0,0,0,0,0,0,0,0,0,0,0,3,6,0,0,0,0,0.0,1059.92,0,0.0,2627.14,0,0.0,832.85,0,0,0.0,1056.97,0.0,0,0.0,0,0.0,0,100.0,1,0.0,0,27.16,57.61,25.09,0.87,16.44,1,39.42,39,75,0,,,0,0,33.75490497653919,-118.32103739242486,reconstructed,0.5036598440380918,44,709,29,16.67,0.0,5.86,38.46,0.0,3.08,2.23,8.03,234,esri_market_idx_14068_forecast,la_geohub_fire_hazard_area_pct,0.006335807282782462
AM-76,22,US,23,BlockApportionment:US.BlockGroups;PointsLayer:US.BlockPoints,2.191,2.576,1,27,745,67,19,23.49,7.14,253,22,US,23,BlockApportionment:US.BlockGroups;PointsLayer:US.BlockPoints,2.191,2.576,1,20.25,0.62,0.11,18.18,2.62,2.93,3.95,15.72,210,208,0.6475,17.47,29.74,16.36,0,0,,,0,0,0,0,0,0,0,0,0,0,0,0,51,47,0,0,0,0,0.0,909.15,0,0.0,2698.53,5,835.19,42.42,0,0,0.0,907.27,0.0,0,0.0,0,0.0,0,100.0,1,0.0,0,27.0,56.66,29.48,0.53,13.32,5,42.54,39,76,0,,,0,0,33.74711947813058,-118.32102975328232,reconstructed,0.5109038163236798,27,745,19,20.25,0.62,0.11,18.18,2.62,2.93,7.14,15.72,208,pct_below_poverty,library_count,-0.011312620737003516
AM-77,15,US,16,BlockApportionment:US.BlockGroups;PointsLayer:US.BlockPoints,2.191,2.576,1,26,729,64,33,20.44,6.49,253,15,US,16,BlockApportionment:US.BlockGroups;PointsLayer:US.BlockPoints,2.191,2.576,1,17.28,0.0,3.49,25.0,0.62,3.37,3.74,14.55,218,214,0.6475,17.47,29.74,16.36,0,0,,,0,0,0,0,0,0,0,0,0,0,0,0,16,14,0,0,0,4,260.29,449.85,0,0.0,2887.55,0,0.0,622.52,1,2,260.55,449.73,0.0,0,0.0,0,1.49,1,100.0,1,0.0,0,17.82,55.71,24.74,0.52,19.03,5,41.97,39,77,0,,,0,0,33.73933397972198,-118.3210221141398,reconstructed,0.5107845215849839,26,729,33,17.28,0.0,3.49,25.0,0.62,3.37,6.49,14.55,214,total_crime_est,police_station_count,0.008256436086883114
AM-8,33,US,1384,BlockApportionment:US.BlockGroups;PointsLayer:US.BlockPoints,2.191,2.576,1,39,35,12,0,37.14,6.9,160,33,US,1384,BlockApportionment:US.BlockGroups;PointsLayer:US.BlockPoints,2.191,2.576,1,11.11,0.0,2.94,0.0,0.0,0.0,3.7,14.81,135,136,0.6475,17.47,29.74,16.36,0,0,,,0,0,0,0,0,0,0,0,0,0,0,0,4,7,0,0,0,0,0.0,1495.51,0,0.0,1668.63,2,1525.51,113.69,0,0,0.0,1663.81,29.47,1,0.0,0,0.0,0,100.0,1,0.0,0,9.26,73.41,4.63,2.23,19.73,3,30.46,39,8,0,,,0,0,34.27653336991572,-118.3215492149746,reconstructed,0.4834662854291051,39,35,0,11.11,0.0,2.94,0.0,0.0,0.0,6.9,14.81,136,total_population,police_station_count,0.014157713414851352
AM-9,12,US,1363,BlockApportionment:US.BlockGroups;PointsLayer:US.BlockPoints,2.191,2.576,1,40,1686,42,207,32.74,9.29,118,12,US,1363,BlockApportionment:US.BlockGroups;PointsLayer:US.BlockPoints,2.191,2.576,1,27.0,3.56,6.09,37.59,5.89,7.44,10.73,32.94,87,89,0.6475,17.47,29.74,16.36,0,0,,,0,0,0,0,0,0,0,0,0,0,0,0,91,120,0,0,0,0,0.0,723.94,0,0.0,1044.04,7,1687.76,156.99,1,0,0.0,1127.13,33.89,1,1.12,1,0.0,0,100.0,1,0.0,0,6.18,39.93,33.04,5.83,21.2,5,51.27,39,9,0,,,0,0,34.26874787150711,-118.32154157583209,reconstructed,0.551245374163434,40,1686,207,27.0,3.56,6.09,37.59,5.89,7.44,9.29,32.94,89,pct_below_poverty,la_geohub_100yr_flood_intersects,0.009265554706519633
AN-10,35,US,1336,BlockApportionment:US.BlockGroups;PointsLayer:US.BlockPoints,2.191,2.576,1,95,2307,85,155,25.75,3.36,104,35,US,1336,BlockApportionment:US.BlockGroups;PointsLayer:US.BlockPoints,2.191,2.576,1,37.21,8.34,7.49,35.2,4.41,2.89,4.06,21.02,97,99,0.6475,17.47,29.74,16.36,0,0,,,18,0,0,0,0,0,0,0,0,0,0,0,245,293,0,0,3,9,562.18,377.53,0,0.0,1443.77,6,803.93,202.56,8,0,0.0,1441.27,1.56,1,1.57,1,0.0,0,100.0,1,0.0,0,3.0,26.68,43.64,5.12,24.56,5,59.65,40,10,0,,,0,0,34.26095555901639,-118.31342619289228,reconstructed,0.5754881992322332,95,2307,155,37.21,8.34,7.49,35.2,4.41,2.89,3.36,21.02,99,pct_below_poverty,la_geohub_100yr_flood_intersects,0.01234701742576356
AN-11,2,US,1303,BlockApportionment:US.BlockGroups;PointsLayer:US.BlockPoints,2.191,2.576,1,58,1949,74,100,25.14,7.23,165,2,US,1303,BlockApportionment:US.BlockGroups;PointsLayer:US.BlockPoints,2.191,2.576,1,21.42,1.47,7.71,21.62,0.06,1.55,10.3,19.23,131,135,0.6475,17.47,29.74,16.36,0,0,,,0,0,0,0,0,0,1,0,0,0,0,1,185,164,0,0,1,0,0.0,487.35,0,0.0,996.54,2,334.51,403.31,0,0,0.0,983.01,0.0,0,0.0,0,0.0,0,100.0,1,0.0,0,8.32,33.27,41.77,3.36,21.59,5,56.74,40,11,1,34.25776068,-118.31499637,1,1,34.25317006060778,-118.31341855374974,detection_avg,0.5330124738143351,58,1949,100,21.42,1.47,7.71,21.62,0.06,1.55,7.23,19.23,135,pct_below_poverty,lausd_school_site_count,0.007255556471685255
AN-23,5,US,906,BlockApportionment:US.BlockGroups;PointsLayer:US.BlockPoints,2.191,2.576,1,107,1570,82,148,24.59,7.53,134,5,US,906,BlockApportionment:US.BlockGroups;PointsLayer:US.BlockPoints,2.191,2.576,1,12.74,1.02,6.54,14.96,1.11,0.51,7.13,11.08,123,123,0.6475,17.47,29.74,16.36,0,0,,,0,0,0,0,0,0,1,0,0,0,0,0,60,62,0,0,0,0,0.0,723.64,0,0.0,723.64,1,209.28,287.79,8,0,0.0,766.91,10.8,1,0.0,0,2.91,1,100.0,1,0.0,0,3.79,17.04,56.28,5.34,21.34,5,68.26,40,23,0,,,1,0,34.159744079704524,-118.31332688403933,reconstructed,0.562828013891312,107,1570,148,12.74,1.02,6.54,14.96,1.11,0.51,7.53,11.08,123,2023 Pop w/Income Below Poverty Level (ACS 5-Yr): Percent,police_station_count,0.003922794916369035
AN-24,16,US,867,BlockApportionment:US.BlockGroups;PointsLayer:US.BlockPoints,2.191,2.576,1,124,658,57,314,24.77,13.08,96,16,US,867,BlockApportionment:US.BlockGroups;PointsLayer:US.BlockPoints,2.191,2.576,1,3.82,0.0,5.73,58.33,0.0,0.0,8.74,11.21,96,95,0.6475,17.47,29.74,16.36,0,0,,,0,0,0,0,0,0,0,0,0,0,0,0,5,2,0,0,0,30,4095.94,38.11,30,4095.94,38.11,2,942.01,156.63,0,2,1703.59,52.58,1.92,1,0.0,0,0.0,0,100.0,1,0.0,0,7.08,39.65,27.08,4.6,28.67,4,46.83,40,24,0,,,0,0,34.151958581295915,-118.3133192448968,reconstructed,0.5609858256761993,124,658,314,3.82,0.0,5.73,58.33,0.0,0.0,13.08,11.21,95,2023 Pop 35-64: No Health Insurance (ACS 5-Yr): Percent,affordable_housing_count,0.004766418319138193
AN-30,5,US,756,BlockApportionment:US.BlockGroups;PointsLayer:US.BlockPoints,2.191,2.576,1,170,3701,116,207,20.94,1.28,89,5,US,756,BlockApportionment:US.BlockGroups;PointsLayer:US.BlockPoints,2.191,2.576,1,26.86,7.76,15.33,37.65,2.29,6.6,1.49,14.98,114,113,0.6475,17.47,29.74,16.36,0,0,,,0,0,0,0,1,0,1,0,0,0,0,0,439,426,0,0,0,12,640.44,335.52,0,0.0,625.46,0,0.0,556.32,0,0,0.0,634.88,0.0,0,0.0,0,0.0,0,100.0,1,0.0,0,10.0,49.31,27.41,2.07,21.21,5,46.19,40,30,0,,,1,0,34.105245590844284,-118.3132734100416,reconstructed,0.6127706532091981,170,3701,207,26.86,7.76,15.33,37.65,2.29,6.6,1.28,14.98,113,2023 Pop w/Income Below Poverty Level (ACS 5-Yr): Percent,college_count,0.005949412814937918
AN-31,31,US,732,BlockApportionment:US.BlockGroups;PointsLayer:US.BlockPoints,2.191,2.576,1,148,4994,113,214,38.59,1.97,70,31,US,732,BlockApportionment:US.BlockGroups;PointsLayer:US.BlockPoints,2.191,2.576,1,14.82,11.25,25.2,36.34,3.25,5.41,1.82,19.57,68,65,0.6475,17.47,29.74,16.36,0,0,,,38,0,1,0,0,2,0,0,0,0,0,0,755,812,0,1,6,56,4891.59,60.96,25,3537.11,60.96,0,0.0,1147.61,17,2,1667.78,178.63,0.0,0,0.0,0,0.0,0,100.0,1,0.0,0,1.06,13.1,69.38,1.24,16.28,5,78.25,40,31,1,34.10109639107143,-118.31163593321428,2,1,34.09746009243568,-118.31326577089906,detection_avg,0.6926048132124664,148,4994,214,14.82,11.25,25.2,36.34,3.25,5.41,1.97,19.57,65,pct_below_poverty,lausd_school_site_count,0.02545996514164153
AN-32,2,US,703,BlockApportionment:US.BlockGroups;PointsLayer:US.BlockPoints,2.191,2.576,1,118,7518,116,140,72.45,1.66,57,2,US,703,BlockApportionment:US.BlockGroups;PointsLayer:US.BlockPoints,2.191,2.576,1,21.89,5.14,21.5,32.09,8.59,12.2,1.83,20.69,60,60,0.6475,17.47,29.74,16.36,0,0,,,33,0,0,0,0,3,0,0,1,0,0,1,746,759,0,0,2,39,2626.67,92.78,9,1207.71,315.67,0,0.0,1951.1,6,4,2493.57,92.49,0.39,1,0.0,0,0.0,0,100.0,1,0.0,0,0.35,10.97,75.4,1.59,12.04,5,82.68,40,32,1,34.090240423333334,-118.31134478333333,3,1,34.08967459402707,-118.31325813175653,detection_avg,0.707261315519795,118,7518,140,21.89,5.14,21.5,32.09,8.59,12.2,1.66,20.69,60,2023 Pop w/Income Below Poverty Level (ACS 5-Yr): Percent,adult_recreation_count,0.009218052287257935
AN-33,23,US,674,BlockApportionment:US.BlockGroups;PointsLayer:US.BlockPoints,2.191,2.576,1,132,5282,113,157,53.01,1.57,60,23,US,674,BlockApportionment:US.BlockGroups;PointsLayer:US.BlockPoints,2.191,2.576,1,20.67,4.91,25.36,31.45,7.1,11.61,1.73,13.33,80,82,0.6475,17.47,29.74,16.36,0,0,,,24,0,1,0,0,0,0,0,0,0,0,0,703,692,0,0,0,13,488.79,358.11,0,0.0,891.4,0,0.0,1615.05,8,0,0.0,772.25,6.36,1,0.0,0,6.39,1,100.0,1,0.0,0,0.52,11.88,69.19,1.72,17.21,5,78.28,40,33,0,,,0,0,34.08188909561847,-118.313250492614,reconstructed,0.6702476717555236,132,5282,157,20.67,4.91,25.36,31.45,7.1,11.61,1.57,13.33,82,2023 Pop w/Income Below Poverty Level (ACS 5-Yr): Percent,fire_station_count,-0.009936734468777488
AN-34,44,US,645,BlockApportionment:US.BlockGroups;PointsLayer:US.BlockPoints,2.191,2.576,1,122,4784,105,136,32.46,1.31,95,44,US,645,BlockApportionment:US.BlockGroups;PointsLayer:US.BlockPoints,2.191,2.576,1,15.42,4.25,6.84,30.84,5.65,7.15,1.24,15.47,103,105,0.6475,17.47,29.74,16.36,0,0,,,33,0,0,1,0,0,0,0,0,0,0,0,649,651,0,0,0,6,492.76,357.24,0,0.0,1448.34,0,0.0,1397.1,8,0,0.0,1482.41,11.04,1,0.0,0,11.07,1,100.0,1,0.0,0,2.3,21.06,57.35,1.42,20.18,5,69.46,40,34,0,,,0,0,34.07410359720986,-118.31324285347146,reconstructed,0.6315211878230871,122,4784,136,15.42,4.25,6.84,30.84,5.65,7.15,1.31,15.47,105,pct_below_poverty,library_count,0.005999094506009477
AN-35,14,US,615,BlockApportionment:US.BlockGroups;PointsLayer:US.BlockPoints,2.191,2.576,1,81,9701,66,93,29.74,0.84,81,14,US,615,BlockApportionment:US.BlockGroups;PointsLayer:US.BlockPoints,2.191,2.576,1,15.44,1.75,12.88,28.92,2.88,7.79,0.71,17.58,85,86,0.6475,17.47,29.74,16.36,0,0,,,33,0,0,0,0,0,1,0,0,0,0,0,893,868,0,1,0,7,476.41,361.9,0,0.0,2114.29,0,0.0,1563.64,6,0,0.0,2145.15,41.92,1,0.0,0,42.0,1,100.0,1,0.0,0,1.55,19.83,63.1,1.38,15.69,5,73.7,40,35,0,,,1,0,34.06631809880126,-118.31323521432893,reconstructed,0.597914351090721,81,9701,93,15.44,1.75,12.88,28.92,2.88,7.79,0.84,17.58,86,2023 Pop 35-64: No Health Insurance (ACS 5-Yr): Percent,affordable_housing_count,-0.004625893332715854
AN-36,34,US,585,BlockApportionment:US.BlockGroups;PointsLayer:US.BlockPoints,2.191,2.576,1,133,7770,91,81,33.42,1.48,72,34,US,585,BlockApportionment:US.BlockGroups;PointsLayer:US.BlockPoints,2.191,2.576,1,17.84,3.93,19.61,31.92,4.98,9.05,1.54,16.63,91,92,0.6475,17.47,29.74,16.36,0,0,,,84,0,1,0,0,1,1,0,0,0,0,0,997,999,0,1,7,39,1728.63,137.35,0,0.0,2536.62,0,0.0,1928.4,10,0,0.0,2571.18,32.41,1,0.0,0,32.46,1,100.0,1,0.0,0,2.3,12.74,74.87,1.95,10.44,5,81.72,40,36,1,34.061928974,-118.310167486,2,1,34.05853260039266,-118.3132275751864,detection_avg,0.6653742720645418,133,7770,81,17.84,3.93,19.61,31.92,4.98,9.05,1.48,16.63,92,2023 Pop w/Income Below Poverty Level (ACS 5-Yr): Percent,fire_station_count,-0.014294905802976718
AN-37,48,US,549,BlockApportionment:US.BlockGroups;PointsLayer:US.BlockPoints,2.191,2.576,1,118,4015,98,79,32.9,2.62,71,48,US,549,BlockApportionment:US.BlockGroups;PointsLayer:US.BlockPoints,2.191,2.576,1,17.66,8.13,19.95,34.65,2.54,10.67,1.72,15.54,79,81,0.6475,17.47,29.74,16.36,0,0,,,21,0,0,0,0,0,0,0,0,0,0,0,542,532,0,0,0,40,1554.31,0.38,0,0.0,1674.75,0,0.0,2526.82,7,0,0.0,1706.97,53.1,1,0.0,0,20.49,1,100.0,1,0.0,0,2.07,20.48,67.13,1.03,11.36,5,76.37,40,37,1,34.0530994,-118.314033002,0,1,34.05074710198405,-118.31321993604386,detection_avg,0.6588923260653646,118,4015,79,17.66,8.13,19.95,34.65,2.54,10.67,2.62,15.54,81,2023 Pop 35-64: No Health Insurance (ACS 5-Yr): Percent,affordable_housing_count,-0.003688094030102829
AN-38,12,US,513,BlockApportionment:US.BlockGroups;PointsLayer:US.BlockPoints,2.191,2.576,1,132,6724,129,119,62.4,0.87,64,12,US,513,BlockApportionment:US.BlockGroups;PointsLayer:US.BlockPoints,2.191,2.576,1,26.99,5.64,20.26,28.33,9.01,10.22,0.59,19.53,64,67,0.6475,17.47,29.74,16.36,0,0,,,30,0,0,0,2,0,0,0,0,0,0,1,556,516,0,0,1,6,441.02,371.85,0,0.0,816.38,0,0.0,2551.09,14,0,0.0,843.24,0.0,0,0.0,0,0.0,0,100.0,1,0.0,0,5.32,21.99,65.43,1.42,11.17,5,74.2,40,38,1,34.04557532,-118.310380445,0,1,34.04296160357545,-118.31321229690133,detection_avg,0.6972531327373152,132,6724,119,26.99,5.64,20.26,28.33,9.01,10.22,0.87,19.53,67,pct_below_poverty,lausd_school_site_count,-0.007936074498472032
AN-39,26,US,477,BlockApportionment:US.BlockGroups;PointsLayer:US.BlockPoints,2.191,2.576,1,124,2672,122,152,49.59,2.91,55,26,US,477,BlockApportionment:US.BlockGroups;PointsLayer:US.BlockPoints,2.191,2.576,1,25.54,1.91,21.57,46.26,4.44,10.73,4.08,25.64,69,70,0.6475,17.47,29.74,16.36,0,0,,,9,1,1,0,0,2,0,0,0,0,0,0,266,236,0,0,4,42,6274.68,2.28,28,5661.88,2.28,0,0.0,2751.13,4,2,1938.34,2.2,11.82,1,0.0,0,1.42,1,100.0,1,0.0,0,4.78,23.36,57.7,1.77,17.17,5,68.96,40,39,0,,,2,0,34.03517610516684,-118.3132046577588,reconstructed,0.6482599172679565,124,2672,152,25.54,1.91,21.57,46.26,4.44,10.73,2.91,25.64,70,2023 Pop 35-64: No Health Insurance (ACS 5-Yr): Percent,hospital_count,0.016715962355807936
AN-40,41,US,442,BlockApportionment:US.BlockGroups;PointsLayer:US.BlockPoints,2.191,2.576,1,131,5192,132,129,54.55,1.1,78,41,US,442,BlockApportionment:US.BlockGroups;PointsLayer:US.BlockPoints,2.191,2.576,1,32.39,6.37,18.25,31.65,3.62,3.51,1.39,25.17,75,74,0.6475,17.47,29.74,16.36,0,0,,,22,0,0,1,0,0,1,0,0,0,0,0,330,300,0,0,0,5,408.91,381.94,0,0.0,832.78,0,0.0,3181.95,3,0,0.0,861.18,36.23,1,0.0,0,3.62,1,100.0,1,0.0,0,1.55,15.0,67.24,1.03,16.72,5,76.6,40,40,0,,,1,0,34.02739060675824,-118.31319701861626,reconstructed,0.6314607732390438,131,5192,129,32.39,6.37,18.25,31.65,3.62,3.51,1.1,25.17,74,2023 Pop w/Income Below Poverty Level (ACS 5-Yr): Percent,fire_station_count,0.0028423420111172507
AN-41,6,US,407,BlockApportionment:US.BlockGroups;PointsLayer:US.BlockPoints,2.191,2.576,1,106,4821,139,152,70.67,2.69,81,6,US,407,BlockApportionment:US.BlockGroups;PointsLayer:US.BlockPoints,2.191,2.576,1,32.75,2.7,19.55,36.24,9.29,4.75,2.46,18.05,78,83,0.6475,17.47,29.74,16.36,0,0,,,6,0,0,0,0,0,1,0,0,0,0,0,323,314,0,0,2,4,390.15,387.16,0,0.0,1695.63,0,0.0,3765.14,0,0,0.0,1723.59,40.6,1,0.0,0,15.0,1,100.0,1,0.0,0,0.53,20.21,55.14,0.53,24.11,5,68.44,40,41,0,,,1,0,34.01960510834963,-118.31318937947373,reconstructed,0.617966193071511,106,4821,152,32.75,2.7,19.55,36.24,9.29,4.75,2.69,18.05,83,pct_below_poverty,lausd_school_site_count,-0.004855727035243431
AN-42,21,US,372,BlockApportionment:US.BlockGroups;PointsLayer:US.BlockPoints,2.191,2.576,1,132,4308,151,67,64.95,1.51,81,21,US,372,BlockApportionment:US.BlockGroups;PointsLayer:US.BlockPoints,2.191,2.576,1,44.35,2.76,23.58,33.5,6.35,11.06,0.59,22.44,82,84,0.6475,17.47,29.74,16.36,0,0,,,17,0,0,1,0,1,0,0,0,0,0,0,316,263,0,0,2,10,1033.87,310.94,0,0.0,2548.5,0,0.0,4441.07,4,0,0.0,2579.96,75.89,1,0.0,0,7.83,1,100.0,1,0.0,0,1.03,16.03,58.45,1.21,24.31,5,70.61,40,42,0,,,1,0,34.01181960994103,-118.3131817403312,reconstructed,0.6552704023970968,132,4308,67,44.35,2.76,23.58,33.5,6.35,11.06,1.51,22.44,84,2023 Pop w/Income Below Poverty Level (ACS 5-Yr): Percent,police_station_count,-0.006268316878310355
AN-43,40,US,341,BlockApportionment:US.BlockGroups;PointsLayer:US.BlockPoints,2.191,2.576,1,157,3433,177,202,59.48,3.0,89,40,US,341,BlockApportionment:US.BlockGroups;PointsLayer:US.BlockPoints,2.191,2.576,1,33.03,10.5,21.3,40.29,7.04,13.1,1.49,22.18,81,80,0.6475,17.47,29.74,16.36,0,0,,,12,0,0,0,0,0,1,0,0,0,0,0,219,184,0,0,0,1,392.04,385.7,0,0.0,2921.83,0,0.0,5173.52,1,0,0.0,2953.36,66.93,1,0.0,0,12.29,1,100.0,1,0.0,0,0.36,14.03,57.37,1.07,27.53,5,70.05,40,43,1,34.00648494,-118.31256828,1,1,34.00403411153242,-118.31317410118866,detection_avg,0.6472684355775921,157,3433,202,33.03,10.5,21.3,40.29,7.04,13.1,3.0,22.18,80,2023 Pop w/Income Below Poverty Level (ACS 5-Yr): Percent,police_station_count,-0.0038974052391593512
AN-44,11,US,312,BlockApportionment:US.BlockGroups;PointsLayer:US.BlockPoints,2.191,2.576,1,202,3742,220,102,63.47,2.95,78,11,US,312,BlockApportionment:US.BlockGroups;PointsLayer:US.BlockPoints,2.191,2.576,1,37.73,6.33,25.47,30.91,5.99,1.79,1.51,19.61,81,86,0.6475,17.47,29.74,16.36,0,0,,,3,0,0,0,0,3,1,0,0,0,0,0,281,244,0,2,5,5,392.24,386.42,0,0.0,2957.84,0,0.0,5329.9,0,0,0.0,2978.58,63.15,1,0.0,0,19.96,1,100.0,1,0.0,0,0.69,14.83,58.62,0.17,26.38,5,70.83,40,44,1,33.99809062,-118.31322252,4,1,33.99624861312382,-118.31316646204613,detection_avg,0.6165223874532566,202,3742,102,37.73,6.33,25.47,30.91,5.99,1.79,2.95,19.61,86,pct_below_poverty,lausd_school_site_count,0.01918041107033271
AN-45,34,US,285,BlockApportionment:US.BlockGroups;PointsLayer:US.BlockPoints,2.191,2.576,1,213,3146,192,117,58.3,2.97,74,34,US,285,BlockApportionment:US.BlockGroups;PointsLayer:US.BlockPoints,2.191,2.576,1,47.51,7.36,23.17,42.86,7.08,2.81,3.93,19.25,75,77,0.6475,17.47,29.74,16.36,0,0,,,25,0,1,0,0,0,0,0,0,0,0,0,244,232,0,2,0,25,1247.45,126.69,0,0.0,2896.93,0,0.0,4983.91,7,0,0.0,3003.73,80.24,1,0.0,0,4.24,1,100.0,1,0.0,0,0.71,14.54,62.06,1.06,22.34,5,73.23,40,45,1,33.990221455000004,-118.313089745,0,1,33.98846311471521,-118.3131588229036,detection_avg,0.63696215453536,213,3146,117,47.51,7.36,23.17,42.86,7.08,2.81,2.97,19.25,77,2023 Pop w/Income Below Poverty Level (ACS 5-Yr): Percent,fire_station_count,-0.013537760212075374
AN-46,8,US,259,BlockApportionment:US.BlockGroups;PointsLayer:US.BlockPoints,2.191,2.576,1,177,2169,178,90,45.41,4.65,100,8,US,259,BlockApportionment:US.BlockGroups;PointsLayer:US.BlockPoints,2.191,2.576,1,25.04,8.02,14.81,27.46,7.7,1.95,3.34,32.51,78,78,0.6475,17.47,29.74,16.36,0,0,,,42,0,0,0,0,0,0,0,0,0,0,0,246,220,0,0,0,8,400.01,383.38,0,0.0,2958.2,0,0.0,4243.54,1,0,0.0,2983.15,48.2,1,0.0,0,23.41,1,100.0,1,0.0,0,0.18,7.45,76.6,1.24,14.72,5,83.57,40,46,1,33.983069735,-118.3118590825,0,1,33.98067761630661,-118.31315118376106,detection_avg,0.6066587402821599,177,2169,90,25.04,8.02,14.81,27.46,7.7,1.95,4.65,32.51,78,total_population,police_station_count,-0.0027308209595226876
AN-47,33,US,234,BlockApportionment:US.BlockGroups;PointsLayer:US.BlockPoints,2.191,2.576,1,181,2527,181,145,39.3,3.23,69,33,US,234,BlockApportionment:US.BlockGroups;PointsLayer:US.BlockPoints,2.191,2.576,1,40.29,7.58,21.46,39.78,3.99,1.51,4.34,18.61,67,67,0.6475,17.47,29.74,16.36,0,0,,,26,0,0,1,0,1,1,0,0,0,0,0,224,202,0,1,5,24,1388.21,10.81,0,0.0,2945.65,0,0.0,3559.68,2,0,0.0,2975.61,65.59,1,0.0,0,5.5,1,100.0,1,0.0,0,0.86,18.1,67.24,0.17,14.48,5,76.81,40,47,0,,,2,0,33.972892117898,-118.31314354461853,reconstructed,0.6408433367147294,181,2527,145,40.29,7.58,21.46,39.78,3.99,1.51,3.23,18.61,67,pct_below_poverty,lausd_school_site_count,0.004841647584500048
AN-48,10,US,211,BlockApportionment:US.BlockGroups;PointsLayer:US.BlockPoints,2.191,2.576,1,121,2551,162,100,24.89,4.69,104,10,US,211,BlockApportionment:US.BlockGroups;PointsLayer:US.BlockPoints,2.191,2.576,1,30.88,8.34,11.95,47.21,2.94,2.88,5.19,13.09,94,93,0.6475,17.47,29.74,16.36,0,0,,,8,0,0,0,0,0,0,0,0,0,0,0,167,150,0,2,0,4,408.25,381.0,0,0.0,2944.05,0,0.0,2971.58,0,0,0.0,2976.01,30.43,1,0.0,0,3.18,1,100.0,1,0.0,0,0.71,21.31,58.26,1.6,18.83,5,70.57,40,48,0,,,0,0,33.9651066194894,-118.313135905476,reconstructed,0.5842395965143512,121,2551,100,30.88,8.34,11.95,47.21,2.94,2.88,4.69,13.09,93,total_population,police_station_count,-0.0027049001864961246
AN-49,36,US,187,BlockApportionment:US.BlockGroups;PointsLayer:US.BlockPoints,2.191,2.576,1,130,2074,146,188,23.34,4.42,95,36,US,187,BlockApportionment:US.BlockGroups;PointsLayer:US.BlockPoints,2.191,2.576,1,49.94,4.98,22.4,60.34,1.1,4.1,4.04,13.49,96,98,0.6475,17.47,29.74,16.36,0,0,,,22,0,0,0,0,0,0,2,0,0,0,1,255,227,0,1,1,28,1307.73,96.98,0,0.0,2880.12,0,0.0,2533.82,2,0,0.0,2977.57,0.22,1,0.0,0,0.13,1,100.0,1,0.0,0,1.72,17.24,67.24,1.38,14.14,5,76.55,40,49,1,33.95973995,-118.31145262,0,1,33.95732112108079,-118.31312826633346,detection_avg,0.5990210525723992,130,2074,188,49.94,4.98,22.4,60.34,1.1,4.1,4.42,13.49,98,pct_below_poverty,lausd_school_site_count,-0.007720760538923005
AN-50,13,US,164,BlockApportionment:US.BlockGroups;PointsLayer:US.BlockPoints,2.191,2.576,1,165,2248,190,174,25.58,5.13,97,13,US,164,BlockApportionment:US.BlockGroups;PointsLayer:US.BlockPoints,2.191,2.576,1,37.11,2.44,9.7,14.1,2.55,0.59,5.38,22.7,85,84,0.6475,17.47,29.74,16.36,0,0,,,5,0,0,0,1,1,1,0,0,0,0,0,146,145,0,0,1,4,398.1,384.28,0,0.0,2835.52,0,0.0,2334.59,0,0,0.0,2837.87,0.0,0,0.0,0,0.0,0,100.0,1,0.0,0,2.84,23.94,58.16,0.89,17.02,5,69.86,40,50,0,,,2,0,33.94953562267219,-118.31312062719093,reconstructed,0.567134246294056,165,2248,174,37.11,2.44,9.7,14.1,2.55,0.59,5.13,22.7,84,2023 Pop w/Income Below Poverty Level (ACS 5-Yr): Percent,college_count,0.016789853591469853
AN-51,45,US,146,BlockApportionment:US.BlockGroups;PointsLayer:US.BlockPoints,2.191,2.576,1,153,2757,190,188,21.84,5.48,96,45,US,146,BlockApportionment:US.BlockGroups;PointsLayer:US.BlockPoints,2.191,2.576,1,32.24,6.16,31.88,55.53,3.05,2.12,4.97,26.19,73,71,0.6475,17.47,29.74,16.36,0,0,,,8,0,0,0,0,0,0,0,0,0,0,0,134,142,0,0,1,23,1146.13,218.44,0,0.0,1988.85,0,0.0,2442.21,1,0,0.0,1984.74,0.0,0,0.0,0,0.0,0,100.0,1,0.0,0,1.38,23.79,49.83,1.21,25.17,5,64.47,40,51,0,,,0,0,33.94175012426358,-118.3131129880484,reconstructed,0.6045115009685035,153,2757,188,32.24,6.16,31.88,55.53,3.05,2.12,5.48,26.19,71,2023 Pop w/Income Below Poverty Level (ACS 5-Yr): Percent,police_station_count,-0.010147827413434353
AN-7,49,US,1400,BlockApportionment:US.BlockGroups;PointsLayer:US.BlockPoints,2.191,2.576,1,0,0,0,0,0.0,0.0,0,49,US,1400,BlockApportionment:US.BlockGroups;PointsLayer:US.BlockPoints,2.191,2.576,1,0.0,0.0,0.0,0.0,0.0,0.0,0.0,0.0,0,0,0.6475,17.47,29.74,16.36,0,0,,,0,0,0,0,0,0,0,0,0,0,0,0,0,0,0,0,0,0,0.0,2802.93,0,0.0,3073.43,2,878.85,304.6,0,0,0.0,3071.05,0.0,0,0.0,0,0.0,0,66.83,1,0.0,0,5.68,79.52,4.13,0.34,16.01,3,31.19,40,7,0,,,0,0,34.2843120542422,-118.31344911031988,reconstructed,0.5086240226758226,0,0,0,0.0,0.0,0.0,0.0,0.0,0.0,0.0,0.0,0,2023 Pop w/Income Below Poverty Level (ACS 5-Yr): Percent,la_geohub_fire_hazard_area_pct,-0.03706573642650386
AN-76,23,US,24,BlockApportionment:US.BlockGroups;PointsLayer:US.BlockPoints,2.191,2.576,1,44,1765,106,140,26.29,8.01,190,23,US,24,BlockApportionment:US.BlockGroups;PointsLayer:US.BlockPoints,2.191,2.576,1,14.57,0.88,0.0,20.83,2.98,2.48,5.94,23.97,173,169,0.6475,17.47,29.74,16.36,0,0,,,6,0,0,0,0,1,1,0,0,0,0,0,39,35,0,0,1,13,945.24,355.07,0,0.0,1936.47,1,54.02,434.45,1,2,946.49,354.04,0.0,0,0.0,0,0.0,0,100.0,1,0.0,0,2.31,27.05,45.73,1.6,25.62,5,61.32,40,76,0,,,2,0,33.74711266404846,-118.31292200948504,reconstructed,0.5296588522457161,44,1765,140,14.57,0.88,0.0,20.83,2.98,2.48,8.01,23.97,169,pct_below_poverty,lausd_school_site_count,0.018270719101492566
AN-77,16,US,17,BlockApportionment:US.BlockGroups;PointsLayer:US.BlockPoints,2.191,2.576,1,26,2294,43,105,29.56,4.5,153,16,US,17,BlockApportionment:US.BlockGroups;PointsLayer:US.BlockPoints,2.191,2.576,1,22.62,0.39,15.45,49.63,4.1,4.2,4.99,26.18,129,132,0.6475,17.47,29.74,16.36,0,0,,,0,0,0,0,0,0,0,0,0,0,0,0,71,77,0,0,2,12,1981.42,207.98,0,0.0,2039.37,1,586.08,385.5,0,2,1980.72,206.57,0.0,0,0.0,0,0.0,0,100.0,1,0.0,0,4.33,30.45,38.93,1.9,28.72,5,55.95,40,77,1,33.7427847,-118.3170269,0,1,33.73932716563985,-118.31291437034253,detection_avg,0.5344674448877034,26,2294,105,22.62,0.39,15.45,49.63,4.1,4.2,4.5,26.18,132,total_crime_est,police_station_count,0.008256436086883114
AN-78,9,US,10,BlockApportionment:US.BlockGroups;PointsLayer:US.BlockPoints,2.191,2.576,1,25,1041,56,43,27.38,3.46,237,9,US,10,BlockApportionment:US.BlockGroups;PointsLayer:US.BlockPoints,2.191,2.576,1,10.89,0.0,10.09,52.88,1.04,0.09,1.92,19.53,166,165,0.6475,17.47,29.74,16.36,0,0,,,0,0,0,0,0,0,0,0,1,0,0,0,65,53,0,0,0,8,1842.44,211.04,0,0.0,2431.53,2,123.93,359.24,0,2,1845.49,210.69,0.0,0,0.0,0,0.14,1,100.0,1,0.0,0,5.51,38.54,31.26,2.49,27.71,5,50.23,40,78,0,,,0,0,33.73154166723125,-118.3129067312,reconstructed,0.5211025060532422,25,1041,43,10.89,0.0,10.09,52.88,1.04,0.09,3.46,19.53,165,total_crime_est,police_station_count,0.008507487346372552
AN-8,34,US,1385,BlockApportionment:US.BlockGroups;PointsLayer:US.BlockPoints,2.191,2.576,1,28,49,46,176,20.41,6.25,162,34,US,1385,BlockApportionment:US.BlockGroups;PointsLayer:US.BlockPoints,2.191,2.576,1,23.08,0.0,5.26,50.0,3.12,2.63,5.71,25.0,112,117,0.6475,17.47,29.74,16.36,0,0,,,0,0,0,0,0,0,0,0,0,0,0,0,3,1,0,0,0,0,0.0,2107.31,0,0.0,2523.65,3,2037.49,77.13,0,0,0.0,2517.31,19.77,1,0.0,0,0.0,0,99.24,1,0.0,0,5.3,75.8,6.01,2.65,15.55,3,32.62,40,8,1,34.2803231,-118.3160613,0,1,34.2765265558336,-118.31344147117734,detection_avg,0.5061956374283098,28,49,176,23.08,0.0,5.26,50.0,3.12,2.63,6.25,25.0,117,total_population,police_station_count,0.013862405611846053
AN-9,13,US,1364,BlockApportionment:US.BlockGroups;PointsLayer:US.BlockPoints,2.191,2.576,1,34,832,66,119,22.6,2.85,153,13,US,1364,BlockApportionment:US.BlockGroups;PointsLayer:US.BlockPoints,2.191,2.576,1,27.33,4.33,4.03,30.77,0.87,7.44,3.12,26.41,125,130,0.6475,17.47,29.74,16.36,0,0,,,0,0,0,0,0,0,0,0,0,0,0,1,81,85,0,0,0,0,0.0,1242.41,0,0.0,1877.15,1,253.38,408.89,0,0,0.0,1981.35,30.93,1,0.0,0,0.0,0,100.0,1,0.0,0,3.27,33.39,35.8,4.65,26.16,5,54.08,40,9,1,34.27079915,-118.31556276,0,1,34.26874105742499,-118.3134338320348,detection_avg,0.541487477845328,34,832,119,27.33,4.33,4.03,30.77,0.87,7.44,2.85,26.41,130,total_crime_est,police_station_count,0.006387705582632836
AO-10,36,US,1337,BlockApportionment:US.BlockGroups;PointsLayer:US.BlockPoints,2.191,2.576,1,98,2427,86,117,32.43,1.57,104,36,US,1337,BlockApportionment:US.BlockGroups;PointsLayer:US.BlockPoints,2.191,2.576,1,35.21,19.58,11.81,34.82,3.69,3.85,3.85,17.25,84,85,0.6475,17.47,29.74,16.36,0,0,,,42,0,1,1,0,1,0,0,0,0,0,0,267,259,0,0,1,16,955.45,50.06,0,0.0,1853.51,3,328.32,408.24,7,0,0.0,1843.75,0.0,0,0.0,0,0.0,0,100.0,1,0.0,0,3.26,19.07,62.03,2.75,16.15,5,72.44,41,10,1,34.259476055,-118.30707623,1,1,34.26094874493426,-118.305318449095,detection_avg,0.6027294547132016,98,2427,117,35.21,19.58,11.81,34.82,3.69,3.85,1.57,17.25,85,pct_below_poverty,lausd_school_site_count,0.003928203884818912
AO-11,3,US,1304,BlockApportionment:US.BlockGroups;PointsLayer:US.BlockPoints,2.191,2.576,1,84,904,104,90,30.53,8.6,141,3,US,1304,BlockApportionment:US.BlockGroups;PointsLayer:US.BlockPoints,2.191,2.576,1,24.84,0.31,6.73,28.0,3.19,1.65,8.44,17.31,108,107,0.6475,17.47,29.74,16.36,0,0,,,0,0,0,0,0,1,2,0,0,0,0,0,69,70,0,0,0,0,0.0,701.39,0,0.0,1231.22,5,680.07,277.49,4,0,0.0,1231.82,0.0,0,0.0,0,0.0,0,100.0,1,0.0,0,18.52,57.5,22.4,3.35,16.75,5,40.12,41,11,0,,,3,0,34.25316324652566,-118.30531080995246,reconstructed,0.5277911133124134,84,904,90,24.84,0.31,6.73,28.0,3.19,1.65,8.6,17.31,107,2023 Pop w/Income Below Poverty Level (ACS 5-Yr): Percent,police_station_count,0.003791982864486023
AO-23,6,US,907,BlockApportionment:US.BlockGroups;PointsLayer:US.BlockPoints,2.191,2.576,1,92,439,87,148,41.69,1.69,107,6,US,907,BlockApportionment:US.BlockGroups;PointsLayer:US.BlockPoints,2.191,2.576,1,17.22,1.32,10.59,37.96,3.47,4.93,0.59,15.28,98,101,0.6475,17.47,29.74,16.36,0,0,,,0,0,0,0,0,0,0,0,0,0,0,0,12,12,0,0,0,8,3248.12,152.15,8,3248.12,152.15,3,2026.16,62.8,4,2,1524.06,151.26,0.0,0,0.0,0,0.0,0,100.0,1,0.0,0,4.42,29.91,31.33,2.83,35.93,4,50.6,41,23,0,,,0,0,34.1597372656224,-118.30521914024206,reconstructed,0.5675005700749864,92,439,148,17.22,1.32,10.59,37.96,3.47,4.93,1.69,15.28,101,total_population,police_station_count,0.006841305545021876
AO-29,24,US,775,BlockApportionment:US.BlockGroups;PointsLayer:US.BlockPoints,2.191,2.576,1,138,918,84,71,8.82,1.66,253,24,US,775,BlockApportionment:US.BlockGroups;PointsLayer:US.BlockPoints,2.191,2.576,1,5.25,0.0,13.29,22.22,2.71,0.92,1.37,4.71,279,284,0.6475,17.47,29.74,16.36,0,0,,,0,0,0,0,0,0,0,0,0,0,0,0,82,94,0,0,0,4,753.12,261.5,0,0.0,1454.24,5,914.26,237.18,4,0,0.0,1477.99,0.0,0,0.0,0,0.0,0,100.0,1,0.0,0,12.76,51.55,24.31,2.59,21.55,5,43.19,41,29,0,,,0,0,34.11302427517077,-118.30517330538686,reconstructed,0.5828763748764224,138,918,71,5.25,0.0,13.29,22.22,2.71,0.92,1.66,4.71,284,esri_market_idx_14068_forecast,la_geohub_fire_hazard_area_pct,0.0024753227795622263
AO-30,6,US,757,BlockApportionment:US.BlockGroups;PointsLayer:US.BlockPoints,2.191,2.576,1,153,9681,113,162,26.78,1.51,72,6,US,757,BlockApportionment:US.BlockGroups;PointsLayer:US.BlockPoints,2.191,2.576,1,20.27,7.93,19.27,31.26,1.84,4.31,1.42,15.73,81,80,0.6475,17.47,29.74,16.36,0,0,,,39,0,0,0,0,0,0,0,0,0,0,0,1240,1245,0,0,0,4,327.71,404.76,0,0.0,924.56,0,0.0,608.22,31,0,0.0,1041.07,0.59,1,0.0,0,0.55,1,100.0,1,0.0,0,5.48,19.96,61.84,0.71,17.49,5,71.64,41,30,1,34.10290481,-118.30631095666666,0,1,34.105238776762164,-118.30516566624432,detection_avg,0.650429723705116,153,9681,162,20.27,7.93,19.27,31.26,1.84,4.31,1.51,15.73,80,recreation_center_count,osm_amenity_count,0.00398543483973196
AO-31,32,US,733,BlockApportionment:US.BlockGroups;PointsLayer:US.BlockPoints,2.191,2.576,1,123,5978,114,279,44.18,1.64,54,32,US,733,BlockApportionment:US.BlockGroups;PointsLayer:US.BlockPoints,2.191,2.576,1,28.42,4.32,31.13,31.51,3.55,3.95,2.03,21.94,60,72,0.6475,17.47,29.74,16.36,0,0,,,17,0,0,0,1,1,0,0,0,0,0,0,670,731,0,0,0,26,1613.1,290.7,4,599.18,402.52,0,0.0,1453.24,10,2,576.85,401.09,4.1,1,0.0,0,3.98,1,100.0,1,0.0,0,2.25,13.13,75.99,1.04,9.84,5,82.52,41,31,0,,,1,0,34.09745327835356,-118.3051580271018,reconstructed,0.6560122265694526,123,5978,279,28.42,4.32,31.13,31.51,3.55,3.95,1.64,21.94,72,2023 Pop w/Income Below Poverty Level (ACS 5-Yr): Percent,college_count,-0.02216855099822789
AO-32,3,US,704,BlockApportionment:US.BlockGroups;PointsLayer:US.BlockPoints,2.191,2.576,1,116,6627,129,152,64.16,1.07,64,3,US,704,BlockApportionment:US.BlockGroups;PointsLayer:US.BlockPoints,2.191,2.576,1,21.93,4.98,23.29,30.98,7.0,6.08,0.63,12.74,65,65,0.6475,17.47,29.74,16.36,0,0,,,23,0,0,0,0,0,0,1,0,0,0,0,734,718,0,0,2,39,3773.4,29.81,14,2802.76,29.81,0,0.0,2312.89,8,4,2082.51,30.61,7.43,1,0.0,0,0.0,0,100.0,1,0.0,0,6.21,18.97,68.44,1.77,10.82,5,76.04,41,32,1,34.08929448384615,-118.30692868538462,0,1,34.08966777994495,-118.30515038795926,detection_avg,0.6935746347610454,116,6627,152,21.93,4.98,23.29,30.98,7.0,6.08,1.07,12.74,65,recreation_center_count,osm_amenity_count,-0.017889980450963322
AO-33,24,US,675,BlockApportionment:US.BlockGroups;PointsLayer:US.BlockPoints,2.191,2.576,1,85,7385,112,186,62.98,0.87,80,24,US,675,BlockApportionment:US.BlockGroups;PointsLayer:US.BlockPoints,2.191,2.576,1,17.41,2.48,20.29,34.83,5.17,9.86,0.53,16.41,76,78,0.6475,17.47,29.74,16.36,0,0,,,34,0,0,0,1,1,0,0,0,0,0,0,865,807,0,0,2,7,374.23,392.09,0,0.0,641.08,0,0.0,1698.69,5,0,0.0,671.0,0.0,0,0.0,0,0.0,0,100.0,1,0.0,0,1.2,11.88,78.66,0.34,9.12,5,84.7,41,33,1,34.077685042,-118.307673228,1,1,34.08188228153635,-118.30514274881672,detection_avg,0.6401209575644878,85,7385,186,17.41,2.48,20.29,34.83,5.17,9.86,0.87,16.41,78,2023 Pop w/Income Below Poverty Level (ACS 5-Yr): Percent,college_count,-0.014980767393489785
AO-34,45,US,646,BlockApportionment:US.BlockGroups;PointsLayer:US.BlockPoints,2.191,2.576,1,133,5954,121,102,43.15,1.23,73,45,US,646,BlockApportionment:US.BlockGroups;PointsLayer:US.BlockPoints,2.191,2.576,1,23.46,8.52,15.87,27.05,10.96,10.72,2.32,17.01,72,74,0.6475,17.47,29.74,16.36,0,0,,,32,0,0,0,0,2,1,0,0,0,0,0,776,745,0,1,6,4,379.85,389.05,0,0.0,1322.02,0,0.0,1347.55,9,0,0.0,1332.13,0.0,0,0.0,0,0.0,0,100.0,1,0.0,0,2.65,18.23,69.2,0.35,12.21,5,77.64,41,34,0,,,3,0,34.07409678312774,-118.3051351096742,reconstructed,0.6744386244434792,133,5954,102,23.46,8.52,15.87,27.05,10.96,10.72,1.23,17.01,74,pct_below_poverty,lausd_school_site_count,-0.02827336135181365
AO-35,15,US,616,BlockApportionment:US.BlockGroups;PointsLayer:US.BlockPoints,2.191,2.576,1,151,12801,83,179,28.89,0.87,68,15,US,616,BlockApportionment:US.BlockGroups;PointsLayer:US.BlockPoints,2.191,2.576,1,17.0,4.77,23.5,37.88,4.21,7.57,1.0,17.98,61,61,0.6475,17.47,29.74,16.36,0,0,,,62,1,0,0,2,0,1,0,1,0,0,1,1878,1953,0,5,0,23,1059.91,288.52,0,0.0,1924.61,0,0.0,1497.25,29,0,0.0,2066.14,0.0,0,0.0,0,0.0,0,100.0,1,0.0,0,1.06,10.27,78.58,1.42,9.73,5,84.69,41,35,1,34.06284727,-118.30286111666668,1,1,34.06631128471914,-118.30512747053166,detection_avg,0.6947528552600977,151,12801,179,17.0,4.77,23.5,37.88,4.21,7.57,0.87,17.98,61,2023 Pop w/Income Below Poverty Level (ACS 5-Yr): Percent,adult_recreation_count,0.01174857390451313
AO-36,35,US,586,BlockApportionment:US.BlockGroups;PointsLayer:US.BlockPoints,2.191,2.576,1,133,11488,79,81,41.71,1.66,67,35,US,586,BlockApportionment:US.BlockGroups;PointsLayer:US.BlockPoints,2.191,2.576,1,10.58,3.7,21.27,33.2,4.92,10.8,1.42,19.6,68,68,0.6475,17.47,29.74,16.36,0,0,,,49,0,0,1,0,1,0,1,0,0,0,0,1237,1252,0,0,5,10,462.88,383.35,0,0.0,2111.23,0,0.0,2040.38,10,0,0.0,2140.66,2.75,1,0.0,0,2.75,1,100.0,1,0.0,0,0.52,9.33,77.72,1.04,11.92,5,84.25,41,36,1,34.058646775,-118.30415058666668,1,1,34.05852578631053,-118.30511983138912,detection_avg,0.675871674519502,133,11488,81,10.58,3.7,21.27,33.2,4.92,10.8,1.66,19.6,68,recreation_center_count,osm_amenity_count,-0.024552417080942173
AO-37,49,US,550,BlockApportionment:US.BlockGroups;PointsLayer:US.BlockPoints,2.191,2.576,1,141,7138,118,131,59.33,1.01,64,49,US,550,BlockApportionment:US.BlockGroups;PointsLayer:US.BlockPoints,2.191,2.576,1,21.61,4.37,19.58,30.07,6.85,9.91,0.93,22.33,71,73,0.6475,17.47,29.74,16.36,0,0,,,24,0,0,0,0,0,1,0,0,0,0,0,815,782,0,0,3,19,858.96,378.14,0,0.0,1249.68,0,0.0,2752.17,3,0,0.0,1276.02,9.43,1,0.0,0,1.55,1,100.0,1,0.0,0,0.18,10.46,72.7,1.42,15.43,5,80.84,41,37,1,34.05113342333333,-118.30732327,1,1,34.05074028790193,-118.3051121922466,detection_avg,0.6833988821062065,141,7138,131,21.61,4.37,19.58,30.07,6.85,9.91,1.01,22.33,73,pct_below_poverty,lausd_school_site_count,0.009257294384307434
AO-38,13,US,514,BlockApportionment:US.BlockGroups;PointsLayer:US.BlockPoints,2.191,2.576,1,151,4462,141,162,68.49,1.28,72,13,US,514,BlockApportionment:US.BlockGroups;PointsLayer:US.BlockPoints,2.191,2.576,1,29.13,7.53,21.19,27.88,6.45,12.3,1.98,25.74,75,79,0.6475,17.47,29.74,16.36,0,0,,,26,0,0,0,0,0,0,0,0,0,0,0,559,518,0,0,0,20,2209.03,373.68,13,1777.36,388.14,0,0.0,3350.09,4,1,523.45,411.38,4.35,1,0.0,0,2.31,1,100.0,1,0.0,0,1.9,25.0,55.0,0.17,19.83,5,67.93,41,38,1,34.040221105,-118.30180386,0,1,34.04295478949332,-118.30510455310406,detection_avg,0.657309176983067,151,4462,162,29.13,7.53,21.19,27.88,6.45,12.3,1.28,25.74,79,2023 Pop w/Income Below Poverty Level (ACS 5-Yr): Percent,police_station_count,-0.0037944601262426894
AO-39,27,US,478,BlockApportionment:US.BlockGroups;PointsLayer:US.BlockPoints,2.191,2.576,1,134,5583,139,160,67.6,2.52,59,27,US,478,BlockApportionment:US.BlockGroups;PointsLayer:US.BlockPoints,2.191,2.576,1,33.39,5.29,27.92,38.86,8.46,5.52,1.57,24.49,71,71,0.6475,17.47,29.74,16.36,0,0,,,31,0,0,0,0,1,0,1,0,0,0,0,391,377,0,2,0,14,1771.27,371.43,9,1326.71,412.02,0,0.0,3609.92,5,1,503.92,427.08,49.36,1,0.0,0,7.42,1,100.0,1,0.0,0,1.95,23.89,52.04,1.24,22.83,5,65.84,41,39,1,34.03066403,-118.30524757,1,1,34.03516929108472,-118.30509691396152,detection_avg,0.6495530558786192,134,5583,160,33.39,5.29,27.92,38.86,8.46,5.52,2.52,24.49,71,2023 Pop w/Income Below Poverty Level (ACS 5-Yr): Percent,police_station_count,-0.010276405262050524
AO-40,42,US,443,BlockApportionment:US.BlockGroups;PointsLayer:US.BlockPoints,2.191,2.576,1,134,4182,156,179,67.98,2.59,102,42,US,443,BlockApportionment:US.BlockGroups;PointsLayer:US.BlockPoints,2.191,2.576,1,42.49,5.96,13.12,24.78,5.46,5.13,2.38,20.34,78,78,0.6475,17.47,29.74,16.36,0,0,,,23,0,0,0,0,0,1,1,0,0,0,0,348,291,0,0,0,4,468.39,363.15,0,0.0,1275.0,0,0.0,4041.7,1,0,0.0,1291.73,50.33,1,0.0,0,15.0,1,100.0,1,0.0,0,0.69,17.87,63.23,0.52,18.38,5,74.05,41,40,0,,,1,0,34.02738379267611,-118.30508927481898,reconstructed,0.6208947316861991,134,4182,179,42.49,5.96,13.12,24.78,5.46,5.13,2.59,20.34,78,recreation_center_count,osm_amenity_count,0.005235238115690797
AO-41,7,US,408,BlockApportionment:US.BlockGroups;PointsLayer:US.BlockPoints,2.191,2.576,1,142,5514,173,112,71.25,1.69,91,7,US,408,BlockApportionment:US.BlockGroups;PointsLayer:US.BlockPoints,2.191,2.576,1,42.94,10.06,15.12,32.09,3.3,7.08,2.11,14.98,82,83,0.6475,17.47,29.74,16.36,0,0,,,34,0,0,0,0,0,0,0,0,0,0,0,294,285,0,2,1,7,472.46,362.46,0,0.0,2133.03,0,0.0,4597.23,2,0,0.0,2156.37,71.39,1,0.0,0,7.63,1,100.0,1,0.0,0,1.24,14.21,66.07,0.71,19.01,5,75.88,41,41,1,34.016861485,-118.306145615,0,1,34.01959829426751,-118.30508163567646,detection_avg,0.6419521499989844,142,5514,112,42.94,10.06,15.12,32.09,3.3,7.08,1.69,14.98,83,2023 Pop 35-64: No Health Insurance (ACS 5-Yr): Percent,affordable_housing_count,-0.004086168474460629
AO-42,22,US,373,BlockApportionment:US.BlockGroups;PointsLayer:US.BlockPoints,2.191,2.576,1,124,3157,136,105,63.57,0.74,101,22,US,373,BlockApportionment:US.BlockGroups;PointsLayer:US.BlockPoints,2.191,2.576,1,33.5,13.76,14.29,28.95,7.54,9.15,0.84,15.22,93,98,0.6475,17.47,29.74,16.36,0,0,,,19,0,0,0,0,1,0,0,0,0,0,0,342,272,1,0,3,28,1328.25,121.87,0,0.0,2164.88,0,0.0,5237.27,4,0,0.0,2203.79,72.53,1,0.0,0,6.41,1,100.0,1,0.0,0,1.77,17.38,64.89,1.42,16.31,5,74.89,41,42,0,,,1,0,34.0118127958589,-118.30507399653392,reconstructed,0.652820371412298,124,3157,105,33.5,13.76,14.29,28.95,7.54,9.15,0.74,15.22,98,2023 Pop 35-64: No Health Insurance (ACS 5-Yr): Percent,police_station_count,-0.010500393050224556
AO-43,41,US,342,BlockApportionment:US.BlockGroups;PointsLayer:US.BlockPoints,2.191,2.576,1,172,4062,177,152,66.84,1.34,86,41,US,342,BlockApportionment:US.BlockGroups;PointsLayer:US.BlockPoints,2.191,2.576,1,37.78,10.92,12.82,36.21,7.07,5.62,1.71,20.0,86,88,0.6475,17.47,29.74,16.36,0,0,,,36,0,0,0,0,1,0,0,0,0,0,1,297,270,0,1,1,11,473.7,364.18,0,0.0,2169.69,0,0.0,5934.55,1,0,0.0,2205.12,78.6,1,0.0,0,13.11,1,100.0,1,0.0,0,0.86,14.48,71.03,1.03,13.45,5,79.46,41,43,0,,,1,0,34.0040272974503,-118.30506635739138,reconstructed,0.6403604721780569,172,4062,152,37.78,10.92,12.82,36.21,7.07,5.62,1.34,20.0,88,pct_below_poverty,lausd_school_site_count,0.0023967334076087942
AO-44,12,US,313,BlockApportionment:US.BlockGroups;PointsLayer:US.BlockPoints,2.191,2.576,1,179,4586,186,169,73.29,1.21,97,12,US,313,BlockApportionment:US.BlockGroups;PointsLayer:US.BlockPoints,2.191,2.576,1,33.06,9.96,12.5,35.09,8.77,8.0,0.95,17.32,84,85,0.6475,17.47,29.74,16.36,0,0,,,12,0,0,0,0,0,0,0,0,0,0,0,283,262,0,2,1,6,469.85,363.91,0,0.0,2223.83,0,0.0,5738.51,1,0,0.0,2258.61,72.24,1,0.0,0,16.56,1,100.0,1,0.0,0,1.24,16.67,69.15,0.89,13.3,5,78.03,41,44,1,33.99238978333333,-118.30490825666668,0,1,33.99624179904169,-118.30505871824886,detection_avg,0.6465985271629346,179,4586,169,33.06,9.96,12.5,35.09,8.77,8.0,1.21,17.32,85,2023 Pop 35-64: No Health Insurance (ACS 5-Yr): Percent,affordable_housing_count,-0.004675516377927935
AO-45,35,US,286,BlockApportionment:US.BlockGroups;PointsLayer:US.BlockPoints,2.191,2.576,1,175,4532,185,202,72.71,1.57,67,35,US,286,BlockApportionment:US.BlockGroups;PointsLayer:US.BlockPoints,2.191,2.576,1,43.1,12.35,29.09,53.39,8.42,7.16,1.17,20.43,63,64,0.6475,17.47,29.74,16.36,0,0,,,15,0,0,0,0,0,0,2,0,0,0,0,378,361,0,0,0,12,1110.8,306.57,0,0.0,2155.35,0,0.0,5034.99,3,0,0.0,2254.09,72.85,1,0.0,0,16.47,1,100.0,1,0.0,0,2.58,17.9,67.99,0.86,13.25,5,76.82,41,45,0,,,0,0,33.98845630063309,-118.30505107910632,reconstructed,0.6621861389044368,175,4532,202,43.1,12.35,29.09,53.39,8.42,7.16,1.57,20.43,64,2023 Pop w/Income Below Poverty Level (ACS 5-Yr): Percent,police_station_count,-0.010741266544387553
AO-46,9,US,260,BlockApportionment:US.BlockGroups;PointsLayer:US.BlockPoints,2.191,2.576,1,153,3998,165,121,62.46,2.0,98,9,US,260,BlockApportionment:US.BlockGroups;PointsLayer:US.BlockPoints,2.191,2.576,1,35.16,8.01,4.84,30.09,5.45,1.98,2.35,35.89,83,80,0.6475,17.47,29.74,16.36,0,0,,,25,0,0,0,0,0,0,0,0,0,0,0,219,207,0,2,0,7,463.71,365.16,0,0.0,2209.8,0,0.0,4389.44,1,0,0.0,2226.58,35.66,1,0.0,0,11.08,1,100.0,1,0.0,0,2.13,19.89,59.15,2.13,18.83,5,70.77,41,46,0,,,0,0,33.98067080222449,-118.30504343996378,reconstructed,0.602665159600692,153,3998,121,35.16,8.01,4.84,30.09,5.45,1.98,2.0,35.89,80,2023 Pop w/Income Below Poverty Level (ACS 5-Yr): Percent,police_station_count,0.004864669314079268
AO-47,34,US,235,BlockApportionment:US.BlockGroups;PointsLayer:US.BlockPoints,2.191,2.576,1,158,2652,172,214,35.33,4.33,98,34,US,235,BlockApportionment:US.BlockGroups;PointsLayer:US.BlockPoints,2.191,2.576,1,35.2,10.82,20.53,51.71,9.63,10.2,4.29,23.18,93,95,0.6475,17.47,29.74,16.36,0,0,,,13,0,0,0,0,0,0,0,0,0,0,0,252,234,0,1,0,18,970.23,366.86,0,0.0,2192.99,0,0.0,3831.25,0,0,0.0,2226.95,66.54,1,0.0,0,5.11,1,100.0,1,0.0,0,0.34,18.45,54.66,0.52,26.38,5,68.16,41,47,0,,,0,0,33.97288530381588,-118.30503580082126,reconstructed,0.6300020049557231,158,2652,214,35.2,10.82,20.53,51.71,9.63,10.2,4.33,23.18,95,2023 Pop 35-64: No Health Insurance (ACS 5-Yr): Percent,affordable_housing_count,-0.003840391096821854
AO-48,11,US,212,BlockApportionment:US.BlockGroups;PointsLayer:US.BlockPoints,2.191,2.576,1,174,4015,185,105,37.19,1.41,62,11,US,212,BlockApportionment:US.BlockGroups;PointsLayer:US.BlockPoints,2.191,2.576,1,48.12,7.2,17.6,36.97,1.82,3.59,0.67,27.06,60,59,0.6475,17.47,29.74,16.36,0,0,,,20,0,0,0,0,0,0,0,0,0,0,0,309,317,0,1,0,14,1071.62,331.95,0,0.0,2134.5,0,0.0,3393.65,1,0,0.0,2227.66,39.71,1,0.0,0,1.71,1,100.0,1,0.0,0,0.53,6.21,76.95,2.84,14.01,5,83.71,41,48,0,,,0,0,33.96509980540728,-118.30502816167872,reconstructed,0.6217500886552517,174,4015,105,48.12,7.2,17.6,36.97,1.82,3.59,1.41,27.06,59,2023 Pop w/Income Below Poverty Level (ACS 5-Yr): Percent,fire_station_count,0.0024581055200655097
AO-49,37,US,188,BlockApportionment:US.BlockGroups;PointsLayer:US.BlockPoints,2.191,2.576,1,203,2340,176,64,29.49,9.15,119,37,US,188,BlockApportionment:US.BlockGroups;PointsLayer:US.BlockPoints,2.191,2.576,1,40.5,4.1,9.52,56.12,1.06,1.86,6.16,20.73,123,123,0.6475,17.47,29.74,16.36,0,0,,,8,0,0,0,0,1,1,0,0,0,0,0,240,215,0,1,2,7,459.75,367.16,0,0.0,2190.19,0,0.0,3131.37,0,0,0.0,2230.18,0.0,0,0.0,0,0.0,0,100.0,1,0.0,0,0.36,13.5,56.48,2.49,27.53,5,69.43,41,49,1,33.95290645,-118.30803482,2,1,33.95731430699867,-118.30502052253618,detection_avg,0.5789854691520918,203,2340,64,40.5,4.1,9.52,56.12,1.06,1.86,9.15,20.73,123,total_crime_est,affordable_housing_count,-0.0041711114580122235
AO-50,14,US,165,BlockApportionment:US.BlockGroups;PointsLayer:US.BlockPoints,2.191,2.576,1,199,3344,224,200,46.41,3.95,97,14,US,165,BlockApportionment:US.BlockGroups;PointsLayer:US.BlockPoints,2.191,2.576,1,46.63,12.59,21.82,56.53,3.63,6.6,5.55,28.65,74,75,0.6475,17.47,29.74,16.36,0,0,,,20,0,0,0,0,0,1,0,1,0,0,0,175,143,0,1,1,10,481.47,362.96,0,0.0,2220.27,0,0.0,3051.91,2,0,0.0,2224.44,0.0,0,0.0,0,0.0,0,100.0,1,0.0,0,0.0,11.72,63.45,0.52,24.31,5,74.41,41,50,0,,,1,0,33.94952880859007,-118.30501288339366,reconstructed,0.5796518120290439,199,3344,200,46.63,12.59,21.82,56.53,3.63,6.6,3.95,28.65,75,2023 Pop w/Income Below Poverty Level (ACS 5-Yr): Percent,adult_recreation_count,0.009637299343439773
AO-51,46,US,147,BlockApportionment:US.BlockGroups;PointsLayer:US.BlockPoints,2.191,2.576,1,210,3293,244,126,46.07,2.98,75,46,US,147,BlockApportionment:US.BlockGroups;PointsLayer:US.BlockPoints,2.191,2.576,1,47.68,3.76,19.16,50.07,2.84,6.97,3.21,25.43,64,64,0.6475,17.47,29.74,16.36,0,0,,,13,0,1,1,0,1,0,0,0,0,0,1,95,83,0,1,5,8,457.59,366.85,0,0.0,1390.1,0,0.0,2602.8,1,0,0.0,1390.38,0.0,0,0.0,0,0.0,0,100.0,1,0.0,0,0.53,14.92,53.46,0.89,30.73,5,67.26,41,51,0,,,1,0,33.94174331018146,-118.30500524425112,reconstructed,0.5862452747824217,210,3293,126,47.68,3.76,19.16,50.07,2.84,6.97,2.98,25.43,64,2023 Pop w/Income Below Poverty Level (ACS 5-Yr): Percent,fire_station_count,-0.013827050846138191
AO-52,34,US,135,BlockApportionment:US.BlockGroups;PointsLayer:US.BlockPoints,2.191,2.576,1,222,2044,246,260,41.0,4.14,93,34,US,135,BlockApportionment:US.BlockGroups;PointsLayer:US.BlockPoints,2.191,2.576,1,42.2,1.65,11.17,33.66,0.9,3.91,4.79,23.28,89,88,0.6475,17.47,29.74,16.36,0,0,,,22,0,0,0,1,2,1,1,1,0,0,0,81,67,0,0,3,42,2526.95,84.74,0,0.0,554.67,0,0.0,1913.35,4,0,0.0,554.89,0.0,0,0.0,0,0.0,0,100.0,1,0.0,0,0.52,14.83,61.55,0.86,22.76,5,72.93,41,52,0,,,3,0,33.933957811772856,-118.30499760510858,reconstructed,0.5737677921237287,222,2044,260,42.2,1.65,11.17,33.66,0.9,3.91,4.14,23.28,88,2023 Pop w/Income Below Poverty Level (ACS 5-Yr): Percent,college_count,0.016911446605131976
AO-7,0,US,1401,BlockApportionment:US.BlockGroups;PointsLayer:US.BlockPoints,2.191,2.576,1,0,0,0,0,0.0,0.0,0,0,US,1401,BlockApportionment:US.BlockGroups;PointsLayer:US.BlockPoints,2.191,2.576,1,0.0,0.0,0.0,0.0,0.0,0.0,0.0,0.0,0,0,0.6475,17.47,29.74,16.36,0,0,,,0,0,0,0,0,0,0,0,0,0,0,0,0,0,0,0,0,0,0.0,2544.59,0,0.0,3331.48,2,602.16,397.64,0,0,0.0,3372.58,5.68,1,0.0,0,0.0,0,53.05,1,0.0,0,14.31,86.93,2.47,1.24,9.36,2,27.44,41,7,0,,,0,0,34.28430524016008,-118.3053413665226,reconstructed,0.5233341460413622,0,0,0,0.0,0.0,0.0,0.0,0.0,0.0,0.0,0.0,0,total_crime_est,police_station_count,0.01563103795160291
AO-70,15,US,66,BlockApportionment:US.BlockGroups;PointsLayer:US.BlockPoints,2.191,2.576,1,92,3922,110,131,66.73,2.67,85,15,US,66,BlockApportionment:US.BlockGroups;PointsLayer:US.BlockPoints,2.191,2.576,1,17.57,0.68,16.15,21.78,5.83,8.81,2.22,16.24,81,84,0.6475,17.47,29.74,16.36,0,0,,,21,0,0,0,0,1,1,0,0,0,0,0,258,233,0,0,1,46,2471.9,216.41,14,742.71,219.85,0,0.0,1088.65,7,4,3213.51,215.42,0.0,0,0.0,0,0.0,0,100.0,1,0.0,0,1.55,14.16,72.02,1.04,12.78,5,79.95,41,70,0,,,2,0,33.79381884041796,-118.30486010054298,reconstructed,0.6298755858795952,92,3922,131,17.57,0.68,16.15,21.78,5.83,8.81,2.67,16.24,84,2023 Pop 35-64: No Health Insurance (ACS 5-Yr): Percent,affordable_housing_count,-0.0045256445708545465
AO-71,5,US,56,BlockApportionment:US.BlockGroups;PointsLayer:US.BlockPoints,2.191,2.576,1,107,2883,107,152,46.03,4.51,125,5,US,56,BlockApportionment:US.BlockGroups;PointsLayer:US.BlockPoints,2.191,2.576,1,18.93,2.21,8.27,14.51,1.13,3.93,3.8,18.63,103,105,0.6475,17.47,29.74,16.36,0,0,,,6,0,0,0,0,0,0,0,0,0,0,0,147,139,0,0,0,20,2120.26,214.28,0,0.0,644.64,0,0.0,846.91,0,2,1197.08,398.55,0.0,0,0.0,0,0.0,0,100.0,1,0.0,0,4.09,30.37,47.25,1.42,20.96,5,61.85,41,71,0,,,0,0,33.78603334200936,-118.30485246140044,reconstructed,0.5706336054572052,107,2883,152,18.93,2.21,8.27,14.51,1.13,3.93,4.51,18.63,105,2023 Pop w/Income Below Poverty Level (ACS 5-Yr): Percent,police_station_count,0.002671187621280655
AO-75,30,US,31,BlockApportionment:US.BlockGroups;PointsLayer:US.BlockPoints,2.191,2.576,1,72,2055,85,62,34.6,1.84,136,30,US,31,BlockApportionment:US.BlockGroups;PointsLayer:US.BlockPoints,2.191,2.576,1,22.08,1.6,8.09,40.27,1.32,3.42,1.73,13.09,112,112,0.6475,17.47,29.74,16.36,0,0,,,6,0,0,0,0,0,0,1,0,0,0,0,144,158,0,0,3,15,917.66,334.09,0,0.0,1129.53,0,0.0,1040.41,7,2,916.37,332.94,0.0,0,0.0,0,0.0,0,100.0,1,0.0,0,5.54,44.46,35.47,1.73,18.34,5,53.17,41,75,0,,,0,0,33.75489134837494,-118.3048219048303,reconstructed,0.5369769846584578,72,2055,62,22.08,1.6,8.09,40.27,1.32,3.42,1.84,13.09,112,recreation_center_count,osm_amenity_count,-0.013540774319090171
AO-76,24,US,25,BlockApportionment:US.BlockGroups;PointsLayer:US.BlockPoints,2.191,2.576,1,71,2036,96,107,54.42,4.24,179,24,US,25,BlockApportionment:US.BlockGroups;PointsLayer:US.BlockPoints,2.191,2.576,1,21.53,2.93,2.71,24.4,0.9,4.25,5.55,16.65,145,146,0.6475,17.47,29.74,16.36,0,0,,,0,0,0,0,0,0,1,0,0,0,0,0,101,97,0,0,0,8,605.78,401.21,0,0.0,1211.29,0,0.0,506.13,1,2,604.94,401.96,0.0,0,0.0,0,0.0,0,100.0,1,0.0,0,4.45,29.89,42.35,1.25,26.51,5,58.31,41,76,0,,,1,0,33.74710584996633,-118.30481426568778,reconstructed,0.5262339275636678,71,2036,107,21.53,2.93,2.71,24.4,0.9,4.25,4.24,16.65,146,2023 Pop w/Income Below Poverty Level (ACS 5-Yr): Percent,police_station_count,0.004940806183936628
AO-77,17,US,18,BlockApportionment:US.BlockGroups;PointsLayer:US.BlockPoints,2.191,2.576,1,66,2805,92,105,43.03,4.75,151,17,US,18,BlockApportionment:US.BlockGroups;PointsLayer:US.BlockPoints,2.191,2.576,1,17.63,1.88,11.63,16.64,1.25,0.52,4.7,13.5,125,124,0.6475,17.47,29.74,16.36,0,0,,,18,1,0,0,0,0,0,0,0,0,0,1,236,219,0,0,0,0,0.0,633.64,0,0.0,1575.38,10,1139.6,254.17,4,0,0.0,633.93,0.27,1,0.0,0,0.0,0,100.0,1,0.0,0,3.64,25.82,52.17,1.21,20.8,5,65.43,41,77,0,,,0,0,33.73932035155773,-118.30480662654524,reconstructed,0.5289896991185887,66,2805,105,17.63,1.88,11.63,16.64,1.25,0.52,4.75,13.5,124,2023 Pop 35-64: No Health Insurance (ACS 5-Yr): Percent,hospital_count,-0.005436578397368573
AO-78,10,US,11,BlockApportionment:US.BlockGroups;PointsLayer:US.BlockPoints,2.191,2.576,1,31,2307,65,26,37.75,5.47,164,10,US,11,BlockApportionment:US.BlockGroups;PointsLayer:US.BlockPoints,2.191,2.576,1,16.76,0.44,6.11,24.66,1.95,0.51,6.41,22.46,135,136,0.6475,17.47,29.74,16.36,0,0,,,0,0,0,0,0,0,0,0,0,0,0,0,106,108,0,0,0,0,0.0,589.34,0,0.0,2232.12,0,0.0,484.56,0,0,0.0,588.81,0.0,0,0.0,0,0.0,0,100.0,1,0.0,0,2.49,23.49,56.23,0.71,19.57,5,68.61,41,78,0,,,0,0,33.73153485314913,-118.3047989874027,reconstructed,0.5229908309224852,31,2307,26,16.76,0.44,6.11,24.66,1.95,0.51,5.47,22.46,136,total_crime_est,police_station_count,0.0070584268328485675
AO-8,35,US,1386,BlockApportionment:US.BlockGroups;PointsLayer:US.BlockPoints,2.191,2.576,1,22,640,45,200,21.25,7.33,157,35,US,1386,BlockApportionment:US.BlockGroups;PointsLayer:US.BlockPoints,2.191,2.576,1,19.92,3.59,4.96,22.73,1.68,3.01,7.2,25.68,119,122,0.6475,17.47,29.74,16.36,0,0,,,0,0,0,0,0,0,0,0,0,0,0,0,26,33,0,0,0,0,0.0,1679.7,0,0.0,2729.9,1,456.09,391.63,0,0,0.0,2838.66,28.0,1,0.0,0,0.0,0,100.0,1,0.0,0,20.75,63.64,13.38,4.12,18.87,3,33.14,41,8,0,,,0,0,34.27651974175147,-118.30533372738006,reconstructed,0.5310026403335145,22,640,200,19.92,3.59,4.96,22.73,1.68,3.01,7.33,25.68,122,total_crime_est,police_station_count,0.009282044817132573
AO-9,14,US,1365,BlockApportionment:US.BlockGroups;PointsLayer:US.BlockPoints,2.191,2.576,1,56,1828,77,224,22.65,4.33,130,14,US,1365,BlockApportionment:US.BlockGroups;PointsLayer:US.BlockPoints,2.191,2.576,1,16.45,7.07,8.86,12.58,1.7,5.35,4.47,28.55,105,107,0.6475,17.47,29.74,16.36,0,0,,,0,0,0,0,0,0,0,0,0,0,0,0,171,166,0,0,4,0,0.0,814.81,0,0.0,2301.18,0,0.0,998.98,0,0,0.0,2293.37,0.0,0,0.0,0,0.0,0,100.0,1,0.0,0,6.71,27.39,49.12,4.59,18.9,5,62.37,41,9,0,,,0,0,34.26873424334287,-118.30532608823754,reconstructed,0.5068403669242725,56,1828,224,16.45,7.07,8.86,12.58,1.7,5.35,4.33,28.55,107,pct_below_poverty,lausd_school_site_count,-0.0041801141072156656
AP-10,37,US,1338,BlockApportionment:US.BlockGroups;PointsLayer:US.BlockPoints,2.191,2.576,1,86,1847,88,140,21.17,3.79,123,37,US,1338,BlockApportionment:US.BlockGroups;PointsLayer:US.BlockPoints,2.191,2.576,1,21.08,2.9,12.56,13.55,6.07,2.52,4.58,13.36,104,106,0.6475,17.47,29.74,16.36,0,0,,,0,0,0,0,0,1,0,0,0,0,0,0,145,170,0,0,4,0,0.0,713.16,0,0.0,2714.15,2,186.32,278.16,0,0,0.0,2706.27,1.15,1,1.14,1,0.0,0,100.0,1,0.0,0,1.76,25.4,46.38,4.23,23.99,5,61.94,42,10,0,,,1,0,34.26094193085214,-118.29721070529772,reconstructed,0.5444097098262467,86,1847,140,21.08,2.9,12.56,13.55,6.07,2.52,3.79,13.36,106,pct_below_poverty,la_geohub_100yr_flood_intersects,0.008029700258812432
AP-11,4,US,1305,BlockApportionment:US.BlockGroups;PointsLayer:US.BlockPoints,2.191,2.576,1,112,4074,111,81,33.58,3.54,97,4,US,1305,BlockApportionment:US.BlockGroups;PointsLayer:US.BlockPoints,2.191,2.576,1,39.39,7.05,11.3,31.91,4.15,5.06,4.03,23.36,92,97,0.6475,17.47,29.74,16.36,0,0,,,18,0,0,0,0,0,0,0,0,0,0,0,307,309,0,0,0,17,891.59,143.59,0,0.0,1979.31,8,472.81,371.93,1,0,0.0,1979.47,0.0,0,0.0,0,0.0,0,100.0,1,0.0,0,1.59,20.53,56.11,3.72,19.65,5,68.8,42,11,1,34.25289962,-118.29613636,0,1,34.25315643244354,-118.2972030661552,detection_avg,0.5968654085663414,112,4074,81,39.39,7.05,11.3,31.91,4.15,5.06,3.54,23.36,97,total_population,police_station_count,-0.0019547538397664474
AP-12,22,US,1273,BlockApportionment:US.BlockGroups;PointsLayer:US.BlockPoints,2.191,2.576,1,65,423,95,157,18.68,5.67,147,22,US,1273,BlockApportionment:US.BlockGroups;PointsLayer:US.BlockPoints,2.191,2.576,1,31.82,1.52,5.53,44.44,6.71,9.74,5.85,21.55,113,120,0.6475,17.47,29.74,16.36,0,0,,,0,0,0,0,0,0,0,0,1,0,0,0,22,23,0,0,0,0,0.0,531.78,0,0.0,1305.76,1,209.14,427.07,0,0,0.0,1308.26,0.0,0,0.0,0,0.0,0,100.0,1,0.0,0,22.89,74.35,8.95,3.61,13.08,3,29.4,42,12,0,,,0,0,34.24537093403493,-118.29719542701264,reconstructed,0.5212594607556738,65,423,157,31.82,1.52,5.53,44.44,6.71,9.74,5.67,21.55,120,2023 Pop w/Income Below Poverty Level (ACS 5-Yr): Percent,adult_recreation_count,-0.0074974426904918885
AP-23,7,US,908,BlockApportionment:US.BlockGroups;PointsLayer:US.BlockPoints,2.191,2.576,1,90,2213,87,167,41.21,2.69,107,7,US,908,BlockApportionment:US.BlockGroups;PointsLayer:US.BlockPoints,2.191,2.576,1,18.25,4.06,11.02,40.33,3.65,5.3,1.65,16.3,99,104,0.6475,17.47,29.74,16.36,0,0,,,0,0,0,0,0,1,0,0,0,0,0,0,60,55,0,0,0,41,5584.99,170.58,41,5584.99,170.58,0,0.0,575.67,2,2,1627.97,232.45,0.0,0,0.0,0,0.0,0,100.0,1,0.0,0,0.69,19.62,53.53,4.48,22.38,5,67.26,42,23,0,,,1,0,34.15973045154028,-118.2971113964448,reconstructed,0.5904845128620323,90,2213,167,18.25,4.06,11.02,40.33,3.65,5.3,2.69,16.3,104,total_population,police_station_count,-0.0027380666325548184
AP-24,17,US,868,BlockApportionment:US.BlockGroups;PointsLayer:US.BlockPoints,2.191,2.576,1,279,11,137,0,36.36,0.0,0,17,US,868,BlockApportionment:US.BlockGroups;PointsLayer:US.BlockPoints,2.191,2.576,1,0.0,0.0,0.0,0.0,0.0,0.0,0.0,0.0,0,0,0.6475,17.47,29.74,16.36,0,0,,,0,0,0,0,0,0,0,0,0,0,0,0,2,2,0,0,0,13,3440.36,162.14,13,3440.36,162.14,3,771.47,279.84,1,2,1542.17,174.08,0.0,0,0.0,0,0.0,0,100.0,1,0.0,0,17.02,66.31,13.83,2.66,17.2,3,34.58,42,24,0,,,0,0,34.151944953131675,-118.29710375730224,reconstructed,0.5557482623025618,279,11,0,0.0,0.0,0.0,0.0,0.0,0.0,0.0,0.0,0,total_population,police_station_count,0.014670796571880996
AP-29,25,US,776,BlockApportionment:US.BlockGroups;PointsLayer:US.BlockPoints,2.191,2.576,1,91,713,62,148,8.7,4.86,253,25,US,776,BlockApportionment:US.BlockGroups;PointsLayer:US.BlockPoints,2.191,2.576,1,15.92,0.0,2.25,19.23,0.85,0.0,2.01,6.97,338,339,0.6475,17.47,29.74,16.36,0,0,,,0,0,0,0,0,0,0,0,0,0,0,0,108,123,0,0,0,0,0.0,519.82,0,0.0,2298.44,3,533.13,242.06,2,0,0.0,2333.97,1.06,1,0.0,0,0.0,0,100.0,1,0.0,0,23.05,61.52,20.21,2.13,16.13,1,37.23,42,29,0,,,0,0,34.113017461088646,-118.2970655615896,reconstructed,0.526555248745428,91,713,148,15.92,0.0,2.25,19.23,0.85,0.0,4.86,6.97,339,2023 Pop 35-64: No Health Insurance (ACS 5-Yr): Percent,affordable_housing_count,0.004766418319138193
AP-30,7,US,758,BlockApportionment:US.BlockGroups;PointsLayer:US.BlockPoints,2.191,2.576,1,141,3881,87,140,15.67,1.1,115,7,US,758,BlockApportionment:US.BlockGroups;PointsLayer:US.BlockPoints,2.191,2.576,1,12.51,4.97,12.5,23.35,1.98,4.37,1.29,7.43,118,118,0.6475,17.47,29.74,16.36,0,0,,,6,0,0,0,0,0,0,0,0,0,0,0,507,511,0,0,0,4,637.64,325.2,0,0.0,1789.16,0,0.0,958.14,0,0,0.0,1874.73,1.52,1,0.0,0,1.52,1,100.0,1,0.0,0,7.57,29.09,48.36,2.58,19.97,5,61.58,42,30,0,,,0,0,34.105231962680044,-118.29705792244704,reconstructed,0.5980387190750396,141,3881,140,12.51,4.97,12.5,23.35,1.98,4.37,1.1,7.43,118,total_crime_est,police_station_count,-0.0021877021617576716
AP-31,33,US,734,BlockApportionment:US.BlockGroups;PointsLayer:US.BlockPoints,2.191,2.576,1,138,4826,89,152,31.72,1.97,62,33,US,734,BlockApportionment:US.BlockGroups;PointsLayer:US.BlockPoints,2.191,2.576,1,23.11,12.26,23.21,33.72,4.96,4.6,3.07,19.87,63,64,0.6475,17.47,29.74,16.36,0,0,,,50,1,0,0,0,0,3,0,0,0,0,1,639,653,0,0,0,17,838.55,138.4,0,0.0,1252.54,0,0.0,1382.83,15,0,0.0,1252.26,15.23,1,0.0,0,15.29,1,100.0,1,0.0,0,2.47,13.96,73.67,0.71,11.66,5,80.83,42,31,1,34.09715206285714,-118.29917871714284,3,1,34.097446464271435,-118.29705028330451,detection_avg,0.6628501324150964,138,4826,152,23.11,12.26,23.21,33.72,4.96,4.6,1.97,19.87,64,2023 Pop 35-64: No Health Insurance (ACS 5-Yr): Percent,hospital_count,-0.013274037594489037
AP-32,4,US,705,BlockApportionment:US.BlockGroups;PointsLayer:US.BlockPoints,2.191,2.576,1,141,6138,132,179,46.77,1.67,68,4,US,705,BlockApportionment:US.BlockGroups;PointsLayer:US.BlockPoints,2.191,2.576,1,20.64,4.38,23.27,32.22,4.08,5.89,1.83,14.41,75,77,0.6475,17.47,29.74,16.36,0,0,,,29,0,0,0,0,0,1,0,0,0,0,1,804,765,0,2,2,17,1059.38,81.69,0,0.0,748.84,0,0.0,2098.09,15,0,0.0,787.32,25.61,1,0.0,0,5.72,1,100.0,1,0.0,0,0.53,13.63,67.43,0.88,18.05,5,77.04,42,32,1,34.09049392,-118.29499773,1,1,34.089660965862834,-118.297042644162,detection_avg,0.6870064039972641,141,6138,179,20.64,4.38,23.27,32.22,4.08,5.89,1.67,14.41,77,2023 Pop w/Income Below Poverty Level (ACS 5-Yr): Percent,police_station_count,-0.005928904721722017
AP-33,25,US,676,BlockApportionment:US.BlockGroups;PointsLayer:US.BlockPoints,2.191,2.576,1,114,6336,123,179,65.33,0.9,74,25,US,676,BlockApportionment:US.BlockGroups;PointsLayer:US.BlockPoints,2.191,2.576,1,19.94,10.57,24.32,35.77,4.48,8.25,0.87,17.15,72,73,0.6475,17.47,29.74,16.36,0,0,,,40,0,0,0,0,0,0,0,0,0,0,2,450,402,0,1,0,34,2889.38,89.94,30,2779.64,89.94,0,0.0,1594.74,4,2,1743.71,108.04,37.34,1,0.0,0,0.0,0,100.0,1,0.0,0,1.72,18.42,53.18,1.55,26.85,5,66.71,42,33,1,34.08446500333333,-118.29833157666668,0,1,34.081875467454225,-118.29703500501944,detection_avg,0.6863304258120941,114,6336,179,19.94,10.57,24.32,35.77,4.48,8.25,0.9,17.15,73,2023 Pop w/Income Below Poverty Level (ACS 5-Yr): Percent,police_station_count,-0.007079177446562389
AP-34,46,US,647,BlockApportionment:US.BlockGroups;PointsLayer:US.BlockPoints,2.191,2.576,1,100,8712,110,110,62.71,0.43,69,46,US,647,BlockApportionment:US.BlockGroups;PointsLayer:US.BlockPoints,2.191,2.576,1,18.73,6.82,25.13,27.98,4.21,11.08,0.45,19.79,69,70,0.6475,17.47,29.74,16.36,0,0,,,32,0,0,0,0,1,0,0,0,0,0,2,975,931,0,0,3,4,100.67,471.92,0,0.0,508.69,0,0.0,851.91,14,0,0.0,569.84,15.99,1,0.0,0,0.0,0,100.0,1,0.0,0,0.53,11.55,67.5,0.71,20.25,5,77.09,42,34,1,34.076677965,-118.29834685,1,1,34.07408996904562,-118.29702736587691,detection_avg,0.6732598795212004,100,8712,110,18.73,6.82,25.13,27.98,4.21,11.08,0.43,19.79,70,2023 Pop w/Income Below Poverty Level (ACS 5-Yr): Percent,police_station_count,-0.007943846248272518
AP-35,16,US,617,BlockApportionment:US.BlockGroups;PointsLayer:US.BlockPoints,2.191,2.576,1,101,17821,79,124,51.88,0.79,64,16,US,617,BlockApportionment:US.BlockGroups;PointsLayer:US.BlockPoints,2.191,2.576,1,17.84,6.82,20.1,33.61,6.18,9.73,1.14,15.0,57,56,0.6475,17.47,29.74,16.36,0,0,,,28,0,0,0,0,0,0,0,0,0,0,1,1284,1245,0,0,0,2,84.28,474.91,0,0.0,1156.47,0,0.0,635.5,24,0,0.0,1307.12,11.39,1,0.0,0,0.0,0,100.0,1,0.0,0,0.34,7.75,74.01,1.2,17.04,5,81.7,42,35,1,34.067522917333335,-118.29380494666664,0,1,34.066304470637014,-118.2970197267344,detection_avg,0.6769015572232282,101,17821,124,17.84,6.82,20.1,33.61,6.18,9.73,0.79,15.0,56,total_population,police_station_count,0.005287863652685384
AP-36,36,US,587,BlockApportionment:US.BlockGroups;PointsLayer:US.BlockPoints,2.191,2.576,1,157,11373,88,112,50.0,1.49,57,36,US,587,BlockApportionment:US.BlockGroups;PointsLayer:US.BlockPoints,2.191,2.576,1,16.09,5.5,30.52,31.27,4.95,11.92,0.84,20.58,60,61,0.6475,17.47,29.74,16.36,0,0,,,53,0,0,0,4,7,0,0,0,0,0,2,2023,2162,0,1,10,22,1116.66,146.44,0,0.0,1977.77,0,0.0,1254.74,60,0,0.0,2107.79,5.41,1,0.0,0,0.0,0,100.0,1,0.0,0,0.18,6.21,80.5,0.71,12.59,5,86.3,42,36,1,34.05822100571428,-118.29625123238095,7,1,34.05851897222841,-118.29701208759184,detection_avg,0.7262544683970295,157,11373,112,16.09,5.5,30.52,31.27,4.95,11.92,1.49,20.58,61,2023 Pop w/Income Below Poverty Level (ACS 5-Yr): Percent,police_station_count,-0.01075259130278314
AP-37,0,US,551,BlockApportionment:US.BlockGroups;PointsLayer:US.BlockPoints,2.191,2.576,1,149,6581,130,100,57.67,1.21,62,0,US,551,BlockApportionment:US.BlockGroups;PointsLayer:US.BlockPoints,2.191,2.576,1,17.49,7.81,27.19,32.1,6.89,10.84,1.58,29.76,64,65,0.6475,17.47,29.74,16.36,0,0,,,30,0,0,0,0,2,0,0,0,0,0,0,806,804,0,0,4,39,1207.66,1.46,0,0.0,1694.28,0,0.0,2051.83,11,0,0.0,1718.18,0.0,0,0.0,0,0.0,0,100.0,1,0.0,0,0.17,9.29,75.39,1.38,13.94,5,82.72,42,37,1,34.054384135,-118.296649685,2,1,34.050733473819804,-118.29700444844931,detection_avg,0.7014942464065274,149,6581,100,17.49,7.81,27.19,32.1,6.89,10.84,1.21,29.76,65,2023 Pop w/Income Below Poverty Level (ACS 5-Yr): Percent,police_station_count,-0.00980728121483732
AP-38,14,US,515,BlockApportionment:US.BlockGroups;PointsLayer:US.BlockPoints,2.191,2.576,1,171,4154,152,93,75.28,1.04,70,14,US,515,BlockApportionment:US.BlockGroups;PointsLayer:US.BlockPoints,2.191,2.576,1,18.3,5.01,24.04,28.82,8.72,8.51,1.49,29.26,66,68,0.6475,17.47,29.74,16.36,0,0,,,46,0,0,0,0,0,2,1,0,0,0,0,479,426,0,0,0,2,53.81,483.65,0,0.0,833.03,0,0.0,2884.72,8,0,0.0,853.54,0.0,0,0.0,0,0.0,0,100.0,1,0.0,0,2.66,30.37,55.95,0.71,12.97,5,68.37,42,38,1,34.045114176666665,-118.29343594666666,2,1,34.0429479754112,-118.2969968093068,detection_avg,0.6471689320907384,171,4154,93,18.3,5.01,24.04,28.82,8.72,8.51,1.04,29.26,68,recreation_center_count,osm_amenity_count,-0.017889980450963322
AP-39,28,US,479,BlockApportionment:US.BlockGroups;PointsLayer:US.BlockPoints,2.191,2.576,1,130,3842,140,176,80.92,0.51,76,28,US,479,BlockApportionment:US.BlockGroups;PointsLayer:US.BlockPoints,2.191,2.576,1,32.0,2.28,24.67,31.45,9.15,13.88,1.45,18.13,70,72,0.6475,17.47,29.74,16.36,0,0,,,13,0,0,0,0,1,1,0,0,0,0,0,372,348,0,0,3,57,5873.21,8.9,54,5834.61,8.9,0,0.0,3732.1,6,2,1969.44,11.1,56.82,1,0.0,0,4.27,1,100.0,1,0.0,0,3.72,18.09,68.26,2.3,11.35,5,76.67,42,39,1,34.037192974545455,-118.29821795545456,2,1,34.0351624770026,-118.29698917016424,detection_avg,0.687477317856697,130,3842,176,32.0,2.28,24.67,31.45,9.15,13.88,0.51,18.13,72,2023 Pop w/Income Below Poverty Level (ACS 5-Yr): Percent,police_station_count,-0.00745758672302912
AP-40,43,US,444,BlockApportionment:US.BlockGroups;PointsLayer:US.BlockPoints,2.191,2.576,1,125,5350,158,155,71.48,2.41,66,43,US,444,BlockApportionment:US.BlockGroups;PointsLayer:US.BlockPoints,2.191,2.576,1,31.99,10.29,23.69,33.96,7.71,7.31,2.3,14.03,68,72,0.6475,17.47,29.74,16.36,0,0,,,13,0,0,0,0,1,0,0,0,0,0,0,505,463,0,0,2,1,31.91,489.99,0,0.0,829.28,0,0.0,4470.97,4,0,0.0,852.38,55.57,1,0.0,0,6.87,1,100.0,1,0.0,0,2.76,17.44,72.02,0.69,9.84,5,79.59,42,40,0,,,1,0,34.02737697859399,-118.29698153102171,reconstructed,0.665477572189957,125,5350,155,31.99,10.29,23.69,33.96,7.71,7.31,2.41,14.03,72,2023 Pop w/Income Below Poverty Level (ACS 5-Yr): Percent,police_station_count,-0.0063890802151160535
AP-41,8,US,409,BlockApportionment:US.BlockGroups;PointsLayer:US.BlockPoints,2.191,2.576,1,141,5435,166,302,56.23,1.8,62,8,US,409,BlockApportionment:US.BlockGroups;PointsLayer:US.BlockPoints,2.191,2.576,1,34.1,7.62,36.2,37.72,4.03,4.61,1.64,14.39,68,70,0.6475,17.47,29.74,16.36,0,0,,,18,0,0,0,0,1,0,0,0,0,0,0,297,319,0,0,3,3,47.28,484.42,0,0.0,1535.7,0,0.0,4903.17,1,0,0.0,1586.59,59.0,1,0.0,0,8.84,1,100.0,1,0.0,0,1.59,10.97,76.11,1.24,11.68,5,82.8,42,41,0,,,1,0,34.01959148018539,-118.2969738918792,reconstructed,0.6485883930463925,141,5435,302,34.1,7.62,36.2,37.72,4.03,4.61,1.8,14.39,70,pct_below_poverty,library_count,0.010647260635379558
AP-42,23,US,374,BlockApportionment:US.BlockGroups;PointsLayer:US.BlockPoints,2.191,2.576,1,152,7197,168,200,72.25,0.81,60,23,US,374,BlockApportionment:US.BlockGroups;PointsLayer:US.BlockPoints,2.191,2.576,1,34.28,11.31,26.48,27.17,5.26,7.57,1.31,19.93,62,63,0.6475,17.47,29.74,16.36,0,0,,,22,0,0,0,0,0,0,0,0,0,0,2,391,349,0,2,1,13,694.61,307.48,0,0.0,1421.23,0,0.0,5439.48,3,0,0.0,1457.84,84.39,1,0.0,0,9.36,1,100.0,1,0.0,0,2.42,11.05,76.68,0.17,12.09,5,82.95,42,42,0,,,0,0,34.01180598177678,-118.29696625273664,reconstructed,0.6944329275865312,152,7197,200,34.28,11.31,26.48,27.17,5.26,7.57,0.81,19.93,63,2023 Pop w/Income Below Poverty Level (ACS 5-Yr): Percent,police_station_count,-0.009241383645213179
AP-43,42,US,343,BlockApportionment:US.BlockGroups;PointsLayer:US.BlockPoints,2.191,2.576,1,171,5311,186,133,74.17,0.69,81,42,US,343,BlockApportionment:US.BlockGroups;PointsLayer:US.BlockPoints,2.191,2.576,1,33.44,12.09,22.98,24.05,9.12,8.32,0.82,21.87,76,77,0.6475,17.47,29.74,16.36,0,0,,,24,0,0,0,0,1,1,0,0,0,0,0,290,264,0,1,4,1,23.32,492.51,0,0.0,1425.23,0,0.0,6052.29,0,0,0.0,1455.78,76.22,1,0.0,0,4.2,1,100.0,1,0.0,0,1.06,13.1,69.91,0.88,16.11,5,78.62,42,43,1,34.00537209,-118.29301828,2,1,34.00402048336818,-118.29695861359411,detection_avg,0.6717407055367246,171,5311,133,33.44,12.09,22.98,24.05,9.12,8.32,0.69,21.87,77,pct_below_poverty,lausd_school_site_count,0.0076401061331418715
AP-44,13,US,314,BlockApportionment:US.BlockGroups;PointsLayer:US.BlockPoints,2.191,2.576,1,200,4315,207,88,70.73,1.52,81,13,US,314,BlockApportionment:US.BlockGroups;PointsLayer:US.BlockPoints,2.191,2.576,1,32.48,10.54,18.81,21.52,10.51,6.61,1.88,25.83,92,93,0.6475,17.47,29.74,16.36,0,0,,,12,0,0,1,0,0,0,0,0,0,0,0,255,208,0,0,0,1,13.49,495.32,0,0.0,1460.61,0,0.0,6520.5,0,0,0.0,1484.91,88.61,1,0.0,0,5.12,1,100.0,1,0.0,0,0.35,15.89,58.38,1.38,24.35,5,70.76,42,44,1,33.99983997,-118.293686625,0,1,33.99623498495957,-118.29695097445158,detection_avg,0.6232624721792956,200,4315,88,32.48,10.54,18.81,21.52,10.51,6.61,1.52,25.83,93,total_crime_est,affordable_housing_count,-0.004029634780499153
AP-45,36,US,287,BlockApportionment:US.BlockGroups;PointsLayer:US.BlockPoints,2.191,2.576,1,174,4460,180,138,79.01,0.41,78,36,US,287,BlockApportionment:US.BlockGroups;PointsLayer:US.BlockPoints,2.191,2.576,1,37.21,9.49,20.64,37.11,9.55,7.8,0.37,25.93,83,86,0.6475,17.47,29.74,16.36,0,0,,,21,0,0,0,0,1,0,0,0,0,0,0,293,295,0,1,1,10,854.69,124.68,0,0.0,1405.68,0,0.0,5847.22,0,0,0.0,1506.16,65.23,1,0.0,0,4.58,1,100.0,1,0.0,0,0.18,13.83,64.36,2.13,19.68,5,75.0,42,45,1,33.99010739,-118.2974841,1,1,33.98844948655097,-118.29694333530904,detection_avg,0.6695189831540361,174,4460,138,37.21,9.49,20.64,37.11,9.55,7.8,0.41,25.93,86,pct_below_poverty,lausd_school_site_count,-0.008028179552934035
AP-46,10,US,261,BlockApportionment:US.BlockGroups;PointsLayer:US.BlockPoints,2.191,2.576,1,148,5414,182,179,71.74,0.84,84,10,US,261,BlockApportionment:US.BlockGroups;PointsLayer:US.BlockPoints,2.191,2.576,1,27.55,11.23,25.27,32.42,11.85,9.37,0.74,35.97,74,78,0.6475,17.47,29.74,16.36,0,0,,,23,0,0,1,0,0,1,0,0,0,0,1,277,222,0,1,0,0,0.0,500.34,0,0.0,1461.45,0,0.0,5230.52,0,0,0.0,1489.12,65.16,1,0.0,0,11.6,1,100.0,1,0.0,0,0.71,11.52,62.94,2.48,23.05,5,73.84,42,46,1,33.98151137,-118.29634413,1,1,33.98066398814236,-118.29693569616651,detection_avg,0.6633336835036399,148,5414,179,27.55,11.23,25.27,32.42,11.85,9.37,0.84,35.97,78,pct_below_poverty,library_count,-0.009918692895356858
AP-47,35,US,236,BlockApportionment:US.BlockGroups;PointsLayer:US.BlockPoints,2.191,2.576,1,164,3542,184,145,68.21,1.1,99,35,US,236,BlockApportionment:US.BlockGroups;PointsLayer:US.BlockPoints,2.191,2.576,1,24.8,8.33,16.65,45.28,6.09,8.04,0.32,27.89,85,89,0.6475,17.47,29.74,16.36,0,0,,,26,0,0,0,0,1,0,0,0,0,0,0,251,236,0,0,1,24,1077.65,6.65,0,0.0,1448.77,0,0.0,4521.15,1,0,0.0,1477.91,38.94,1,0.0,0,3.04,1,100.0,1,0.0,0,0.17,15.0,56.03,1.55,27.41,5,69.17,42,47,1,33.97257923,-118.30049919,1,1,33.97287848973376,-118.29692805702398,detection_avg,0.6486796065305818,164,3542,145,24.8,8.33,16.65,45.28,6.09,8.04,1.1,27.89,89,2023 Pop 35-64: No Health Insurance (ACS 5-Yr): Percent,affordable_housing_count,-0.004679998336490231
AP-48,12,US,213,BlockApportionment:US.BlockGroups;PointsLayer:US.BlockPoints,2.191,2.576,1,156,3061,174,264,33.32,5.11,71,12,US,213,BlockApportionment:US.BlockGroups;PointsLayer:US.BlockPoints,2.191,2.576,1,50.66,0.35,28.24,44.12,4.03,1.32,6.4,19.52,82,84,0.6475,17.47,29.74,16.36,0,0,,,4,0,0,0,0,0,0,0,0,0,0,0,196,172,0,0,0,4,89.02,478.88,0,0.0,1462.23,0,0.0,3783.1,0,0,0.0,1478.3,6.23,1,0.0,0,2.67,1,100.0,1,0.0,0,0.71,14.01,61.17,0.53,24.29,5,72.61,42,48,0,,,0,0,33.96509299132515,-118.29692041788144,reconstructed,0.5986572274997223,156,3061,264,50.66,0.35,28.24,44.12,4.03,1.32,5.11,19.52,84,2023 Pop w/Income Below Poverty Level (ACS 5-Yr): Percent,police_station_count,-0.010440819802364758
AP-49,38,US,189,BlockApportionment:US.BlockGroups;PointsLayer:US.BlockPoints,2.191,2.576,1,181,4915,227,136,56.66,3.95,60,38,US,189,BlockApportionment:US.BlockGroups;PointsLayer:US.BlockPoints,2.191,2.576,1,35.39,3.53,16.7,35.19,1.48,7.54,4.67,25.0,66,70,0.6475,17.47,29.74,16.36,0,0,,,18,0,0,0,1,1,1,0,0,0,0,0,217,211,0,0,2,18,1002.53,105.3,0,0.0,1385.28,0,0.0,3110.98,3,0,0.0,1479.85,0.0,0,0.0,0,0.0,0,100.0,1,0.0,0,0.69,11.92,68.91,1.9,17.27,5,78.03,42,49,0,,,2,0,33.95730749291655,-118.29691277873891,reconstructed,0.6102549676357473,181,4915,136,35.39,3.53,16.7,35.19,1.48,7.54,3.95,25.0,70,pct_below_poverty,lausd_school_site_count,-0.0047017030234740706
AP-50,15,US,166,BlockApportionment:US.BlockGroups;PointsLayer:US.BlockPoints,2.191,2.576,1,216,6085,264,243,63.78,2.68,68,15,US,166,BlockApportionment:US.BlockGroups;PointsLayer:US.BlockPoints,2.191,2.576,1,33.04,6.59,22.65,36.89,4.33,7.51,2.3,29.05,70,75,0.6475,17.47,29.74,16.36,0,0,,,11,0,0,0,0,1,0,0,0,0,0,0,145,139,0,0,1,2,116.31,468.25,0,0.0,1515.22,0,0.0,2557.29,0,0,0.0,1524.74,0.0,0,0.0,0,0.0,0,100.0,1,0.0,0,0.35,8.16,78.37,0.53,12.94,5,84.75,42,50,0,,,1,0,33.94952199450794,-118.29690513959638,reconstructed,0.6160201278705986,216,6085,243,33.04,6.59,22.65,36.89,4.33,7.51,2.68,29.05,75,pct_below_poverty,lausd_school_site_count,-0.0075890966151971615
AP-51,47,US,148,BlockApportionment:US.BlockGroups;PointsLayer:US.BlockPoints,2.191,2.576,1,213,5299,256,205,63.9,3.08,49,47,US,148,BlockApportionment:US.BlockGroups;PointsLayer:US.BlockPoints,2.191,2.576,1,47.6,14.39,26.61,52.27,4.44,7.82,4.31,26.71,52,54,0.6475,17.47,29.74,16.36,0,0,,,21,0,0,0,0,0,0,0,0,0,0,0,101,86,0,0,0,3,121.96,467.66,0,0.0,1553.48,0,0.0,2212.8,1,0,0.0,1559.38,0.0,0,0.0,0,0.0,0,100.0,1,0.0,0,1.21,13.62,68.97,0.86,16.55,5,77.92,42,51,0,,,0,0,33.94173649609934,-118.29689750045384,reconstructed,0.5801342455818349,213,5299,205,47.6,14.39,26.61,52.27,4.44,7.82,3.08,26.71,54,2023 Pop w/Income Below Poverty Level (ACS 5-Yr): Percent,police_station_count,-0.009352149908210736
AP-52,35,US,136,BlockApportionment:US.BlockGroups;PointsLayer:US.BlockPoints,2.191,2.576,1,232,5916,266,219,61.16,3.87,61,35,US,136,BlockApportionment:US.BlockGroups;PointsLayer:US.BlockPoints,2.191,2.576,1,38.26,14.17,26.6,42.43,5.18,8.01,1.51,23.86,62,64,0.6475,17.47,29.74,16.36,0,0,,,15,0,0,0,0,0,1,0,0,0,0,0,118,105,0,1,1,3,122.75,466.47,0,0.0,762.13,0,0.0,2179.09,0,0,0.0,783.66,0.0,0,0.0,0,0.0,0,100.0,1,0.0,0,2.13,19.18,66.43,1.07,13.32,5,75.86,42,52,0,,,1,0,33.93395099769073,-118.29688986131131,reconstructed,0.6104580282088642,232,5916,219,38.26,14.17,26.6,42.43,5.18,8.01,3.87,23.86,64,2023 Pop w/Income Below Poverty Level (ACS 5-Yr): Percent,police_station_count,-0.009343736225223893
AP-53,24,US,125,BlockApportionment:US.BlockGroups;PointsLayer:US.BlockPoints,2.191,2.576,1,194,3158,223,171,59.09,3.5,59,24,US,125,BlockApportionment:US.BlockGroups;PointsLayer:US.BlockPoints,2.191,2.576,1,42.11,3.22,20.07,37.17,0.69,2.14,2.21,27.73,69,72,0.6475,17.47,29.74,16.36,0,0,,,22,0,0,0,0,0,0,0,0,0,0,0,57,47,0,0,0,36,4101.47,15.59,10,2954.49,15.59,0,0.0,2047.67,1,2,1836.86,12.58,0.0,0,0.0,0,0.0,0,100.0,1,0.0,0,3.15,20.49,65.32,1.05,13.13,5,74.78,42,53,0,,,0,0,33.92616549928213,-118.29688222216878,reconstructed,0.5907338092209564,194,3158,171,42.11,3.22,20.07,37.17,0.69,2.14,3.5,27.73,72,total_crime_est,affordable_housing_count,-0.003680292700973509
AP-54,16,US,117,BlockApportionment:US.BlockGroups;PointsLayer:US.BlockPoints,2.191,2.576,1,260,2076,275,150,46.39,5.46,130,16,US,117,BlockApportionment:US.BlockGroups;PointsLayer:US.BlockPoints,2.191,2.576,1,29.92,0.63,4.59,20.83,4.02,3.85,4.45,18.88,120,117,0.6475,17.47,29.74,16.36,0,0,,,0,0,0,0,0,0,0,0,0,0,0,0,64,67,0,1,0,8,643.14,406.26,0,0.0,850.48,0,0.0,1649.51,0,0,0.0,848.29,0.0,0,0.0,0,0.0,0,100.0,1,0.0,0,2.1,23.64,54.29,0.7,21.37,5,67.37,42,54,0,,,0,0,33.918380000873526,-118.29687458302624,reconstructed,0.5453209310228221,260,2076,150,29.92,0.63,4.59,20.83,4.02,3.85,5.46,18.88,117,2023 Pop w/Income Below Poverty Level (ACS 5-Yr): Percent,police_station_count,0.004952087533605906
AP-55,11,US,112,BlockApportionment:US.BlockGroups;PointsLayer:US.BlockPoints,2.191,2.576,1,230,1928,175,90,77.49,1.31,96,11,US,112,BlockApportionment:US.BlockGroups;PointsLayer:US.BlockPoints,2.191,2.576,1,36.21,1.69,17.45,23.56,5.94,8.33,1.67,15.37,75,75,0.6475,17.47,29.74,16.36,0,0,,,0,0,0,0,0,0,0,0,0,0,0,0,54,46,0,0,0,4,101.82,458.34,0,0.0,942.7,0,0.0,1196.93,0,0,0.0,952.03,0.0,0,0.0,0,0.0,0,100.0,1,0.0,0,0.71,13.35,72.6,0.89,13.17,5,80.61,42,55,0,,,0,0,33.91059450246492,-118.29686694388371,reconstructed,0.6214228189544385,230,1928,90,36.21,1.69,17.45,23.56,5.94,8.33,1.31,15.37,75,2023 Pop 35-64: No Health Insurance (ACS 5-Yr): Percent,affordable_housing_count,-0.004670262784342322
AP-70,16,US,67,BlockApportionment:US.BlockGroups;PointsLayer:US.BlockPoints,2.191,2.576,1,81,4909,98,219,58.24,1.63,75,16,US,67,BlockApportionment:US.BlockGroups;PointsLayer:US.BlockPoints,2.191,2.576,1,23.67,3.9,14.72,22.45,5.15,7.92,1.6,19.21,78,81,0.6475,17.47,29.74,16.36,0,0,,,0,0,1,0,0,1,0,1,0,0,0,0,250,236,0,0,3,30,1126.97,32.22,0,0.0,542.36,0,0.0,773.94,0,0,0.0,534.45,0.0,0,0.0,0,0.0,0,100.0,1,0.0,0,0.35,9.52,73.01,1.73,15.74,5,81.0,42,70,0,,,1,0,33.79381202633584,-118.29675235674571,reconstructed,0.6321969378071741,81,4909,219,23.67,3.9,14.72,22.45,5.15,7.92,1.63,19.21,81,pct_below_poverty,lausd_school_site_count,0.005051902920079641
AP-71,6,US,57,BlockApportionment:US.BlockGroups;PointsLayer:US.BlockPoints,2.191,2.576,1,61,2030,60,81,44.04,2.53,87,6,US,57,BlockApportionment:US.BlockGroups;PointsLayer:US.BlockPoints,2.191,2.576,1,18.16,5.07,14.86,14.87,3.07,6.25,2.46,17.96,75,76,0.6475,17.47,29.74,16.36,0,0,,,27,1,0,0,0,0,0,0,0,0,0,0,138,137,0,0,0,16,857.22,256.45,10,689.07,256.45,1,64.18,282.88,6,2,1378.08,250.7,17.6,1,0.0,0,4.09,1,100.0,1,0.0,0,0.89,17.94,59.5,6.39,16.16,5,71.38,42,71,1,33.78807607,-118.30147616,0,1,33.78602652792724,-118.29674471760318,detection_avg,0.5892109294011303,61,2030,81,18.16,5.07,14.86,14.87,3.07,6.25,2.53,17.96,76,2023 Pop 35-64: No Health Insurance (ACS 5-Yr): Percent,hospital_count,-0.007816675362856702
AP-72,46,US,47,BlockApportionment:US.BlockGroups;PointsLayer:US.BlockPoints,2.191,2.576,1,83,559,65,236,40.07,4.17,143,46,US,47,BlockApportionment:US.BlockGroups;PointsLayer:US.BlockPoints,2.191,2.576,1,20.23,1.16,9.47,15.22,0.84,4.37,3.32,17.55,114,115,0.6475,17.47,29.74,16.36,0,0,,,6,0,0,0,0,0,0,0,0,0,0,0,27,28,0,0,0,9,1107.18,94.42,0,0.0,1097.56,0,0.0,599.55,1,0,0.0,1092.04,6.17,1,0.0,0,1.65,1,74.24,1,0.0,0,2.94,37.54,28.03,2.25,32.18,4,48.74,42,72,0,,,0,0,33.77824102951863,-118.29673707846064,reconstructed,0.5621126284326037,83,559,236,20.23,1.16,9.47,15.22,0.84,4.37,4.17,17.55,115,esri_market_idx_14068_forecast,la_geohub_fire_hazard_area_pct,0.022673135858952195
AP-73,39,US,40,BlockApportionment:US.BlockGroups;PointsLayer:US.BlockPoints,2.191,2.576,1,179,9,109,0,33.33,0.0,95,39,US,40,BlockApportionment:US.BlockGroups;PointsLayer:US.BlockPoints,2.191,2.576,1,0.0,0.0,22.73,25.0,0.0,4.55,0.0,18.75,122,117,0.6475,17.47,29.74,16.36,0,0,,,0,0,0,0,0,0,0,0,0,0,0,0,0,0,0,0,0,1,801.86,211.94,0,0.0,1491.18,0,0.0,822.06,0,0,0.0,1079.47,0.0,0,0.0,0,0.0,0,22.98,1,0.0,0,2.31,49.11,21.0,1.25,28.65,3,44.01,42,73,0,,,0,0,33.77045553111003,-118.29672943931811,reconstructed,0.5479001027806071,179,9,0,0.0,0.0,22.73,25.0,0.0,4.55,0.0,18.75,117,total_population,police_station_count,0.014713942117868107
AP-74,34,US,35,BlockApportionment:US.BlockGroups;PointsLayer:US.BlockPoints,2.191,2.576,1,136,1244,64,126,33.68,3.52,189,34,US,35,BlockApportionment:US.BlockGroups;PointsLayer:US.BlockPoints,2.191,2.576,1,40.2,4.17,1.74,100.0,4.01,0.0,3.73,10.39,134,135,0.6475,17.47,29.74,16.36,0,0,,,6,0,0,0,0,1,0,0,0,0,0,0,84,82,0,0,5,4,565.08,339.74,0,0.0,907.28,7,1063.35,38.13,0,0,0.0,910.32,0.0,0,0.0,0,0.0,0,87.37,1,0.0,0,3.46,29.58,49.65,1.73,19.03,5,63.72,42,74,0,,,1,0,33.76267003270142,-118.29672180017558,reconstructed,0.5894602869484995,136,1244,126,40.2,4.17,1.74,100.0,4.01,0.0,3.52,10.39,135,2023 Pop w/Income Below Poverty Level (ACS 5-Yr): Percent,la_geohub_fire_hazard_area_pct,0.029413312577473618
AP-75,31,US,32,BlockApportionment:US.BlockGroups;PointsLayer:US.BlockPoints,2.191,2.576,1,96,2051,68,171,43.39,1.87,128,31,US,32,BlockApportionment:US.BlockGroups;PointsLayer:US.BlockPoints,2.191,2.576,1,31.72,9.01,3.56,22.61,3.91,7.1,1.26,17.84,106,110,0.6475,17.47,29.74,16.36,0,0,,,0,0,0,0,0,0,0,0,0,0,0,0,132,107,0,0,0,1,152.68,455.35,0,0.0,545.42,0,0.0,505.79,1,0,0.0,567.65,0.0,0,0.0,0,0.0,0,100.0,1,0.0,0,4.09,25.93,52.22,2.84,19.01,5,65.33,42,75,1,33.75551178,-118.29370788,0,1,33.75488453429282,-118.29671416103304,detection_avg,0.5743648619339066,96,2051,171,31.72,9.01,3.56,22.61,3.91,7.1,1.87,17.84,110,2023 Pop w/Income Below Poverty Level (ACS 5-Yr): Percent,police_station_count,0.005110041594005834
AP-76,25,US,26,BlockApportionment:US.BlockGroups;PointsLayer:US.BlockPoints,2.191,2.576,1,88,2600,114,121,65.23,2.47,99,25,US,26,BlockApportionment:US.BlockGroups;PointsLayer:US.BlockPoints,2.191,2.576,1,21.69,3.31,12.47,27.62,4.32,9.45,2.24,27.02,91,93,0.6475,17.47,29.74,16.36,0,0,,,0,0,0,0,0,1,0,1,0,0,0,0,112,113,0,0,4,6,517.78,337.78,2,31.64,454.81,0,0.0,979.98,0,1,81.14,410.46,0.0,0,0.0,0,0.0,0,100.0,1,0.0,0,7.12,36.12,45.55,2.14,16.19,5,59.75,42,76,1,33.74862994,-118.29220536,1,1,33.74709903588421,-118.2967065218905,detection_avg,0.5783569465951954,88,2600,121,21.69,3.31,12.47,27.62,4.32,9.45,2.47,27.02,93,2023 Pop 35-64: No Health Insurance (ACS 5-Yr): Percent,affordable_housing_count,-0.004204243003068927
AP-77,18,US,19,BlockApportionment:US.BlockGroups;PointsLayer:US.BlockPoints,2.191,2.576,1,114,3316,135,155,66.95,4.65,87,18,US,19,BlockApportionment:US.BlockGroups;PointsLayer:US.BlockPoints,2.191,2.576,1,19.97,3.82,16.75,32.52,3.23,11.24,3.31,17.99,81,81,0.6475,17.47,29.74,16.36,0,0,,,9,0,0,0,0,1,2,1,2,0,0,0,155,144,0,0,0,7,169.38,450.52,0,0.0,739.6,3,854.5,118.47,6,0,0.0,790.04,0.0,0,0.0,0,0.0,0,100.0,1,0.0,0,5.35,21.93,64.25,1.9,11.92,5,73.37,42,77,0,,,3,0,33.73931353747561,-118.29669888274798,reconstructed,0.6250449088363106,114,3316,155,19.97,3.82,16.75,32.52,3.23,11.24,4.65,17.99,81,recreation_center_count,osm_amenity_count,-0.008904251504797418
AP-78,11,US,12,BlockApportionment:US.BlockGroups;PointsLayer:US.BlockPoints,2.191,2.576,1,77,3867,104,164,56.58,3.05,91,11,US,12,BlockApportionment:US.BlockGroups;PointsLayer:US.BlockPoints,2.191,2.576,1,18.33,8.46,15.58,42.75,2.41,5.7,3.34,21.06,86,89,0.6475,17.47,29.74,16.36,0,0,,,0,0,0,0,0,1,0,0,0,0,0,0,289,294,0,0,5,3,178.66,447.72,0,0.0,1516.67,1,110.28,404.16,1,0,0.0,1436.71,0.39,1,0.0,0,0.0,0,100.0,1,0.0,0,3.74,17.08,69.4,1.25,12.28,5,77.46,42,78,1,33.733332705,-118.2952844,1,1,33.731528039067,-118.29669124360544,detection_avg,0.5719808451016848,77,3867,164,18.33,8.46,15.58,42.75,2.41,5.7,3.05,21.06,89,pct_below_poverty,lausd_school_site_count,-0.01706503526794021
AP-79,6,US,7,BlockApportionment:US.BlockGroups;PointsLayer:US.BlockPoints,2.191,2.576,1,71,4268,105,69,51.05,2.28,109,6,US,7,BlockApportionment:US.BlockGroups;PointsLayer:US.BlockPoints,2.191,2.576,1,20.73,4.97,11.89,26.06,0.93,5.28,2.36,26.1,92,92,0.6475,17.47,29.74,16.36,0,0,,,0,0,0,0,0,1,0,0,0,0,0,1,264,271,0,0,2,7,725.54,403.82,0,0.0,2355.44,0,0.0,1021.04,1,0,0.0,1300.76,0.0,0,0.0,0,0.0,0,100.0,1,0.0,0,1.21,15.22,73.7,1.04,10.03,5,81.23,42,79,0,,,1,0,33.7237425406584,-118.2966836044629,reconstructed,0.5630103854003378,71,4268,69,20.73,4.97,11.89,26.06,0.93,5.28,2.28,26.1,92,pct_below_poverty,lausd_school_site_count,-0.0031749025210003326
AP-80,3,US,4,BlockApportionment:US.BlockGroups;PointsLayer:US.BlockPoints,2.191,2.576,1,52,2038,97,93,39.65,6.2,118,3,US,4,BlockApportionment:US.BlockGroups;PointsLayer:US.BlockPoints,2.191,2.576,1,14.85,4.2,8.57,32.46,2.68,1.51,8.7,17.64,106,111,0.6475,17.47,29.74,16.36,0,0,,,0,0,0,0,0,0,0,0,0,0,0,0,99,96,0,0,6,0,0.0,460.57,0,0.0,3207.86,0,0.0,926.28,0,0,0.0,1529.92,0.0,0,0.0,0,0.0,0,100.0,1,0.0,0,1.95,28.77,45.29,1.07,24.87,5,61.12,42,80,0,,,0,0,33.71595704224979,-118.29667596532038,reconstructed,0.5375148810826141,52,2038,93,14.85,4.2,8.57,32.46,2.68,1.51,6.2,17.64,111,total_crime_est,police_station_count,0.0031556704240953744
AP-81,0,US,1,BlockApportionment:US.BlockGroups;PointsLayer:US.BlockPoints,2.191,2.576,1,58,303,99,33,31.68,11.48,135,0,US,1,BlockApportionment:US.BlockGroups;PointsLayer:US.BlockPoints,2.191,2.576,1,20.56,3.74,9.72,45.16,3.11,1.74,13.17,23.56,113,116,0.6475,17.47,29.74,16.36,0,0,,,0,0,0,0,0,0,0,0,0,0,0,0,25,29,0,0,0,0,0.0,1324.96,0,0.0,4065.36,0,0.0,682.63,8,0,0.0,2067.05,0.0,0,0.0,0,0.53,1,60.3,1,0.0,0,1.8,46.13,22.68,1.29,29.9,3,45.34,42,81,0,,,0,0,33.70817154384119,-118.29666832617784,reconstructed,0.5261678603717507,58,303,33,20.56,3.74,9.72,45.16,3.11,1.74,11.48,23.56,116,total_population,police_station_count,0.009024354824620733
AP-9,15,US,1366,BlockApportionment:US.BlockGroups;PointsLayer:US.BlockPoints,2.191,2.576,1,50,1207,68,181,16.74,5.67,158,15,US,1366,BlockApportionment:US.BlockGroups;PointsLayer:US.BlockPoints,2.191,2.576,1,28.78,5.71,7.26,34.67,15.07,1.41,5.44,16.29,127,130,0.6475,17.47,29.74,16.36,0,0,,,0,0,0,0,0,0,0,0,0,0,0,0,62,67,0,0,0,0,0.0,1405.26,0,0.0,3158.73,1,13.0,476.76,0,0,0.0,3151.45,0.0,0,0.0,0,0.0,0,100.0,1,0.0,0,17.21,60.76,18.76,1.72,18.76,2,37.97,42,9,0,,,0,0,34.26872742926075,-118.29721834444028,reconstructed,0.5244337896444315,50,1207,181,28.78,5.71,7.26,34.67,15.07,1.41,5.67,16.29,130,total_crime_est,police_station_count,0.0034490712933679182
AQ-10,38,US,1339,BlockApportionment:US.BlockGroups;PointsLayer:US.BlockPoints,2.191,2.576,1,84,2399,105,105,28.35,1.89,89,38,US,1339,BlockApportionment:US.BlockGroups;PointsLayer:US.BlockPoints,2.191,2.576,1,29.97,1.96,13.41,41.39,2.68,1.37,1.44,17.25,82,86,0.6475,17.47,29.74,16.36,0,0,,,0,0,0,0,0,0,1,0,0,0,0,0,219,224,0,0,0,0,0.0,949.97,0,0.0,2619.58,0,0.0,521.52,0,0,0.0,2688.01,0.0,0,0.0,0,0.0,0,100.0,1,0.0,0,8.76,27.32,52.75,5.33,14.6,5,64.3,43,10,0,,,1,0,34.26093511677002,-118.28910296150046,reconstructed,0.5478872451978528,84,2399,105,29.97,1.96,13.41,41.39,2.68,1.37,1.89,17.25,86,total_population,police_station_count,-0.0027354206337924605
AQ-11,5,US,1306,BlockApportionment:US.BlockGroups;PointsLayer:US.BlockPoints,2.191,2.576,1,104,4744,112,176,38.36,2.83,55,5,US,1306,BlockApportionment:US.BlockGroups;PointsLayer:US.BlockPoints,2.191,2.576,1,40.81,5.63,15.03,44.22,6.19,3.84,3.2,17.62,68,72,0.6475,17.47,29.74,16.36,0,0,,,24,0,0,0,0,0,0,0,0,0,0,0,481,464,0,0,3,16,889.07,264.88,0,0.0,1754.77,10,762.6,346.28,2,0,0.0,1827.92,0.0,0,0.0,0,0.0,0,100.0,1,0.0,0,2.12,14.49,72.26,2.83,10.42,5,79.95,43,11,1,34.2535764,-118.288678615,0,1,34.25314961836141,-118.28909532235792,detection_avg,0.6162190900427474,104,4744,176,40.81,5.63,15.03,44.22,6.19,3.84,2.83,17.62,72,pct_below_poverty,lausd_school_site_count,0.005733212146278342
AQ-12,23,US,1274,BlockApportionment:US.BlockGroups;PointsLayer:US.BlockPoints,2.191,2.576,1,63,657,98,164,21.16,5.93,111,23,US,1274,BlockApportionment:US.BlockGroups;PointsLayer:US.BlockPoints,2.191,2.576,1,22.94,10.09,6.26,4.17,4.81,3.55,4.91,18.99,93,96,0.6475,17.47,29.74,16.36,0,0,,,0,0,0,0,0,0,0,0,0,0,0,0,48,59,0,0,0,0,0.0,514.61,0,0.0,890.1,0,0.0,479.09,0,0,0.0,970.47,0.0,0,0.0,0,0.0,0,100.0,1,0.0,0,34.54,71.99,12.37,2.23,13.4,1,28.3,43,12,0,,,0,0,34.24536411995281,-118.2890876832154,reconstructed,0.5126392818572739,63,657,164,22.94,10.09,6.26,4.17,4.81,3.55,5.93,18.99,96,2023 Pop w/Income Below Poverty Level (ACS 5-Yr): Percent,police_station_count,0.004109044686783135
AQ-23,8,US,909,BlockApportionment:US.BlockGroups;PointsLayer:US.BlockPoints,2.191,2.576,1,117,483,105,219,30.64,6.98,80,8,US,909,BlockApportionment:US.BlockGroups;PointsLayer:US.BlockPoints,2.191,2.576,1,26.61,5.58,10.77,49.66,10.03,5.62,5.51,17.48,90,91,0.6475,17.47,29.74,16.36,0,0,,,0,0,0,0,0,0,0,0,0,0,0,0,22,18,0,0,0,27,4542.33,201.13,27,4542.33,201.13,2,793.9,205.41,0,8,2753.32,202.45,0.0,0,0.0,0,0.0,0,100.0,1,0.0,0,4.42,20.32,60.6,3.71,15.37,5,71.09,43,23,0,,,0,0,34.15972363745816,-118.28900365264752,reconstructed,0.5912963801043192,117,483,219,26.61,5.58,10.77,49.66,10.03,5.62,6.98,17.48,91,total_population,police_station_count,0.006195108987951372
AQ-24,18,US,869,BlockApportionment:US.BlockGroups;PointsLayer:US.BlockPoints,2.191,2.576,1,279,10,137,0,40.0,0.0,0,18,US,869,BlockApportionment:US.BlockGroups;PointsLayer:US.BlockPoints,2.191,2.576,1,0.0,0.0,0.0,0.0,0.0,0.0,0.0,0.0,0,0,0.6475,17.47,29.74,16.36,0,0,,,0,0,0,0,0,0,0,0,1,0,0,0,0,0,0,0,0,11,1540.64,374.49,11,1540.64,374.49,5,256.28,387.74,3,3,730.06,379.87,0.0,0,0.0,0,0.0,0,100.0,1,0.0,0,35.34,73.97,11.9,2.07,12.07,1,27.73,43,24,0,,,0,0,34.15193813904955,-118.28899601350498,reconstructed,0.5367243317486674,279,10,0,0.0,0.0,0.0,0.0,0.0,0.0,0.0,0.0,0,2023 Pop w/Income Below Poverty Level (ACS 5-Yr): Percent,adult_recreation_count,-0.04373983785643578
AQ-28,41,US,792,BlockApportionment:US.BlockGroups;PointsLayer:US.BlockPoints,2.191,2.576,1,101,283,72,162,10.6,9.9,250,41,US,792,BlockApportionment:US.BlockGroups;PointsLayer:US.BlockPoints,2.191,2.576,1,12.37,15.46,2.86,13.89,0.0,0.0,10.83,11.55,207,198,0.6475,17.47,29.74,16.36,0,0,,,0,0,0,0,0,0,0,0,0,0,0,0,52,49,0,0,0,0,0.0,779.73,0,0.0,1477.82,0,0.0,501.48,0,0,0.0,1566.94,4.7,1,0.0,0,0.0,0,100.0,1,0.0,0,11.86,76.28,7.96,1.06,14.69,3,32.01,43,28,0,,,0,0,34.12079614541513,-118.28896545693485,reconstructed,0.5310097279310105,101,283,162,12.37,15.46,2.86,13.89,0.0,0.0,9.9,11.55,198,total_population,police_station_count,0.009369302058899
AQ-29,26,US,777,BlockApportionment:US.BlockGroups;PointsLayer:US.BlockPoints,2.191,2.576,1,152,4037,120,164,15.51,4.0,144,26,US,777,BlockApportionment:US.BlockGroups;PointsLayer:US.BlockPoints,2.191,2.576,1,11.12,8.33,6.95,14.24,1.06,1.61,3.72,8.71,134,129,0.6475,17.47,29.74,16.36,0,0,,,21,0,0,0,0,0,1,0,0,0,0,0,713,844,0,0,0,11,906.06,64.09,0,0.0,1762.06,0,0.0,914.46,13,0,0.0,1886.27,0.0,0,0.0,0,0.0,0,100.0,1,0.0,0,2.75,33.39,39.59,1.72,25.3,5,56.89,43,29,1,34.11207563,-118.29148692,1,1,34.113010647006526,-118.28895781779232,detection_avg,0.6191885687605201,152,4037,164,11.12,8.33,6.95,14.24,1.06,1.61,4.0,8.71,129,2023 Pop w/Income Below Poverty Level (ACS 5-Yr): Percent,police_station_count,0.0036369266357119258
AQ-30,8,US,759,BlockApportionment:US.BlockGroups;PointsLayer:US.BlockPoints,2.191,2.576,1,175,4218,120,181,17.9,3.16,118,8,US,759,BlockApportionment:US.BlockGroups;PointsLayer:US.BlockPoints,2.191,2.576,1,16.45,8.8,10.29,24.24,0.15,2.0,3.06,9.16,103,101,0.6475,17.47,29.74,16.36,0,0,,,39,0,1,1,0,2,0,0,0,0,0,0,1166,1183,0,2,1,0,0.0,568.12,0,0.0,2112.02,0,0.0,1686.79,45,0,0.0,2111.69,0.0,0,0.0,0,0.0,0,100.0,1,0.0,0,0.71,19.01,57.19,3.37,20.43,5,69.82,43,30,0,,,2,0,34.10522514859792,-118.28895017864978,reconstructed,0.618375664829315,175,4218,181,16.45,8.8,10.29,24.24,0.15,2.0,3.16,9.16,101,2023 Pop w/Income Below Poverty Level (ACS 5-Yr): Percent,fire_station_count,0.006427157523910242
AQ-31,34,US,735,BlockApportionment:US.BlockGroups;PointsLayer:US.BlockPoints,2.191,2.576,1,176,4022,135,140,45.05,1.03,72,34,US,735,BlockApportionment:US.BlockGroups;PointsLayer:US.BlockPoints,2.191,2.576,1,17.43,5.28,20.76,32.56,5.35,3.66,0.6,12.78,83,85,0.6475,17.47,29.74,16.36,0,0,,,74,2,0,0,0,1,0,0,0,0,0,1,768,757,0,0,3,33,1695.11,284.47,0,0.0,1546.87,0,0.0,2224.79,23,0,0.0,1598.3,0.0,0,0.0,0,0.0,0,100.0,1,0.0,0,0.86,9.83,78.1,0.17,11.9,5,84.41,43,31,1,34.09456546333333,-118.28685027,1,1,34.097439650189315,-118.28894253950725,detection_avg,0.6590563688170608,176,4022,140,17.43,5.28,20.76,32.56,5.35,3.66,1.03,12.78,85,pct_below_poverty,lausd_school_site_count,0.0076690146404117645
AQ-32,5,US,706,BlockApportionment:US.BlockGroups;PointsLayer:US.BlockPoints,2.191,2.576,1,97,6214,107,136,66.08,1.16,78,5,US,706,BlockApportionment:US.BlockGroups;PointsLayer:US.BlockPoints,2.191,2.576,1,22.31,5.89,20.78,22.9,7.96,4.69,0.9,14.97,79,79,0.6475,17.47,29.74,16.36,0,0,,,42,0,0,2,1,1,1,0,1,0,0,1,833,861,0,0,1,36,1631.94,282.6,0,0.0,788.62,0,0.0,1922.53,21,0,0.0,852.33,6.08,1,0.0,0,0.0,0,100.0,1,0.0,0,0.71,12.74,70.8,1.77,14.69,5,79.35,43,32,1,34.08999683857143,-118.28749063428572,2,1,34.089654151780714,-118.28893490036472,detection_avg,0.6571059253457521,97,6214,136,22.31,5.89,20.78,22.9,7.96,4.69,1.16,14.97,79,2023 Pop w/Income Below Poverty Level (ACS 5-Yr): Percent,college_count,-0.016682611185397597
AQ-33,26,US,677,BlockApportionment:US.BlockGroups;PointsLayer:US.BlockPoints,2.191,2.576,1,160,4111,134,69,59.01,2.25,67,26,US,677,BlockApportionment:US.BlockGroups;PointsLayer:US.BlockPoints,2.191,2.576,1,27.4,11.62,21.17,28.09,5.78,7.46,1.74,14.92,61,60,0.6475,17.47,29.74,16.36,0,0,,,54,0,1,0,3,1,0,0,1,0,0,1,495,461,0,1,3,48,4168.53,104.63,26,2964.1,104.63,0,0.0,1063.42,9,2,1776.93,106.03,1.67,1,0.0,0,0.0,0,100.0,1,0.0,0,5.16,20.48,62.31,1.55,15.66,5,72.07,43,33,1,34.0777885935,-118.2892260605,1,1,34.081868653372105,-118.28892726122218,detection_avg,0.6984144672170535,160,4111,69,27.4,11.62,21.17,28.09,5.78,7.46,2.25,14.92,60,2023 Pop w/Income Below Poverty Level (ACS 5-Yr): Percent,fire_station_count,-0.014916976456645414
AQ-34,47,US,648,BlockApportionment:US.BlockGroups;PointsLayer:US.BlockPoints,2.191,2.576,1,97,5804,74,114,43.83,2.2,73,47,US,648,BlockApportionment:US.BlockGroups;PointsLayer:US.BlockPoints,2.191,2.576,1,20.59,8.43,24.27,39.07,4.92,8.17,1.72,14.67,66,71,0.6475,17.47,29.74,16.36,0,0,,,42,0,0,0,0,5,0,0,0,0,0,1,615,620,0,3,10,22,1390.35,275.76,0,0.0,648.47,2,84.81,221.93,17,0,0.0,682.49,0.0,0,0.0,0,0.0,0,100.0,1,0.0,0,3.9,14.36,76.24,1.42,7.98,5,82.2,43,34,1,34.074726115833336,-118.28961358833334,5,1,34.0740831549635,-118.28891962207965,detection_avg,0.6770222710683348,97,5804,114,20.59,8.43,24.27,39.07,4.92,8.17,2.2,14.67,71,2023 Pop w/Income Below Poverty Level (ACS 5-Yr): Percent,police_station_count,-0.007024707759654843
AQ-35,17,US,618,BlockApportionment:US.BlockGroups;PointsLayer:US.BlockPoints,2.191,2.576,1,159,8124,81,88,30.86,0.96,81,17,US,618,BlockApportionment:US.BlockGroups;PointsLayer:US.BlockPoints,2.191,2.576,1,16.8,2.63,17.21,29.76,2.63,6.46,1.56,9.88,79,76,0.6475,17.47,29.74,16.36,0,0,,,72,1,0,0,4,2,3,2,0,0,0,0,1241,1284,0,2,1,35,1888.76,272.59,0,0.0,1499.13,0,0.0,654.98,11,0,0.0,1542.31,3.07,1,0.0,0,0.4,1,100.0,1,0.0,0,2.66,11.52,78.37,0.89,9.22,5,84.06,43,35,0,,,5,0,34.066297656554895,-118.28891198293712,reconstructed,0.6700951972890048,159,8124,88,16.8,2.63,17.21,29.76,2.63,6.46,0.96,9.88,76,total_population,police_station_count,-0.007467349243211183
AQ-36,37,US,588,BlockApportionment:US.BlockGroups;PointsLayer:US.BlockPoints,2.191,2.576,1,121,14488,98,90,66.92,1.01,55,37,US,588,BlockApportionment:US.BlockGroups;PointsLayer:US.BlockPoints,2.191,2.576,1,18.71,4.97,28.15,29.92,7.44,11.84,0.87,16.16,56,55,0.6475,17.47,29.74,16.36,0,0,,,51,0,0,0,0,2,0,0,0,0,0,1,1074,1116,0,2,2,14,796.86,269.54,0,0.0,2004.17,0,0.0,1515.71,13,0,0.0,2056.19,0.02,1,0.0,0,0.0,0,100.0,1,0.0,0,2.58,9.81,81.93,0.17,8.09,5,86.58,43,36,1,34.05788499352941,-118.28914161764706,2,1,34.05851215814629,-118.28890434379458,detection_avg,0.699915319788555,121,14488,90,18.71,4.97,28.15,29.92,7.44,11.84,1.01,16.16,55,2023 Pop w/Income Below Poverty Level (ACS 5-Yr): Percent,police_station_count,-0.01039727797273188
AQ-37,1,US,552,BlockApportionment:US.BlockGroups;PointsLayer:US.BlockPoints,2.191,2.576,1,130,9459,128,121,70.99,0.56,56,1,US,552,BlockApportionment:US.BlockGroups;PointsLayer:US.BlockPoints,2.191,2.576,1,19.87,5.01,26.36,33.72,9.67,16.71,0.81,22.37,60,64,0.6475,17.47,29.74,16.36,0,0,,,60,0,1,0,0,0,0,0,0,0,0,0,807,722,1,0,1,23,1326.47,265.59,0,0.0,1199.33,0,0.0,2379.33,4,0,0.0,1295.63,0.0,0,0.0,0,0.0,0,100.0,1,0.0,0,0.35,10.27,79.12,0.88,9.73,5,85.28,43,37,1,34.050265123,-118.289140344,0,1,34.050726659737684,-118.28889670465205,detection_avg,0.6925283373964768,130,9459,121,19.87,5.01,26.36,33.72,9.67,16.71,0.56,22.37,64,2023 Pop 35-64: No Health Insurance (ACS 5-Yr): Percent,police_station_count,-0.010500393050246333
AQ-38,15,US,516,BlockApportionment:US.BlockGroups;PointsLayer:US.BlockPoints,2.191,2.576,1,167,5426,154,74,88.24,1.29,71,15,US,516,BlockApportionment:US.BlockGroups;PointsLayer:US.BlockPoints,2.191,2.576,1,17.67,8.29,23.37,25.63,6.1,11.82,1.5,31.29,67,70,0.6475,17.47,29.74,16.36,0,0,,,69,0,0,0,0,2,0,0,0,0,0,1,499,450,0,0,6,33,2675.04,262.8,13,1556.21,405.81,0,0.0,3243.53,10,1,333.71,430.99,16.55,1,0.0,0,7.03,1,100.0,1,0.0,0,0.69,9.29,75.39,2.58,12.74,5,82.57,43,38,1,34.039859865000004,-118.28629585333334,2,1,34.04294116132908,-118.28888906550952,detection_avg,0.6974542191843812,167,5426,74,17.67,8.29,23.37,25.63,6.1,11.82,1.29,31.29,70,pct_below_poverty,lausd_school_site_count,0.012853494293086918
AQ-39,29,US,480,BlockApportionment:US.BlockGroups;PointsLayer:US.BlockPoints,2.191,2.576,1,117,6654,149,393,46.98,0.39,45,29,US,480,BlockApportionment:US.BlockGroups;PointsLayer:US.BlockPoints,2.191,2.576,1,22.14,2.98,41.84,36.47,5.35,5.08,0.72,12.12,51,52,0.6475,17.47,29.74,16.36,0,0,,,30,0,0,0,0,0,2,0,0,0,0,0,428,399,0,1,1,34,2840.18,260.12,16,1803.73,383.41,0,0.0,4107.94,5,4,692.28,408.86,65.93,1,0.0,0,6.35,1,100.0,1,0.0,0,1.77,15.75,64.25,0.88,19.12,5,74.44,43,39,0,,,2,0,34.035155662920474,-118.28888142636698,reconstructed,0.6558494794572122,117,6654,393,22.14,2.98,41.84,36.47,5.35,5.08,0.39,12.12,52,pct_below_poverty,lausd_school_site_count,-0.023327154359534544
AQ-40,44,US,445,BlockApportionment:US.BlockGroups;PointsLayer:US.BlockPoints,2.191,2.576,1,120,5525,99,302,19.95,0.42,20,44,US,445,BlockApportionment:US.BlockGroups;PointsLayer:US.BlockPoints,2.191,2.576,1,19.19,5.2,60.2,35.97,0.2,1.02,0.32,17.61,35,35,0.6475,17.47,29.74,16.36,0,0,,,50,0,0,0,0,0,0,0,0,0,0,0,171,152,0,0,2,31,2623.0,13.44,0,0.0,1044.53,0,0.0,4972.45,19,0,0.0,1080.01,64.1,1,0.0,0,14.38,1,100.0,1,0.0,0,0.52,19.14,55.52,2.24,23.1,5,68.71,43,40,0,,,0,0,34.02737016451187,-118.28887378722445,reconstructed,0.642149932635667,120,5525,302,19.19,5.2,60.2,35.97,0.2,1.02,0.42,17.61,35,2023 Pop w/Income Below Poverty Level (ACS 5-Yr): Percent,affordable_housing_count,0.007730509370199934
AQ-41,9,US,410,BlockApportionment:US.BlockGroups;PointsLayer:US.BlockPoints,2.191,2.576,1,146,2449,130,326,40.06,0.6,41,9,US,410,BlockApportionment:US.BlockGroups;PointsLayer:US.BlockPoints,2.191,2.576,1,44.52,19.8,36.33,27.66,6.12,4.4,0.64,20.91,58,58,0.6475,17.47,29.74,16.36,0,0,,,36,0,0,0,0,0,0,0,0,0,0,0,110,100,0,0,2,18,1433.18,253.33,0,0.0,715.98,0,0.0,5765.6,17,0,0.0,751.66,86.04,1,0.0,0,2.44,1,100.0,1,0.0,0,1.95,23.4,55.32,1.42,19.86,5,68.14,43,41,0,,,0,0,34.01958466610326,-118.28886614808192,reconstructed,0.6689823329585916,146,2449,326,44.52,19.8,36.33,27.66,6.12,4.4,0.6,20.91,58,pct_below_poverty,lausd_school_site_count,0.01637311901753465
AQ-42,24,US,375,BlockApportionment:US.BlockGroups;PointsLayer:US.BlockPoints,2.191,2.576,1,135,6045,139,150,78.59,1.31,65,24,US,375,BlockApportionment:US.BlockGroups;PointsLayer:US.BlockPoints,2.191,2.576,1,41.71,7.52,36.44,31.45,7.92,10.7,0.9,20.05,61,66,0.6475,17.47,29.74,16.36,0,0,,,27,0,0,0,0,2,0,1,0,0,0,0,385,334,0,0,6,25,1972.89,140.12,0,0.0,667.72,0,0.0,6107.31,4,0,0.0,706.27,75.82,1,0.0,0,6.28,1,100.0,1,0.0,0,0.88,11.56,70.75,1.58,16.11,5,79.26,43,42,0,,,2,0,34.01179916769466,-118.28885850893938,reconstructed,0.7127822003062624,135,6045,150,41.71,7.52,36.44,31.45,7.92,10.7,1.31,20.05,66,pct_below_poverty,lausd_school_site_count,0.011026011761531476
AQ-43,43,US,344,BlockApportionment:US.BlockGroups;PointsLayer:US.BlockPoints,2.191,2.576,1,166,6281,178,183,81.53,0.68,63,43,US,344,BlockApportionment:US.BlockGroups;PointsLayer:US.BlockPoints,2.191,2.576,1,33.37,7.77,25.08,34.09,11.17,9.85,0.7,17.37,60,61,0.6475,17.47,29.74,16.36,0,0,,,36,0,1,0,0,2,0,0,0,0,0,0,461,421,0,0,4,7,846.21,255.41,0,0.0,680.61,0,0.0,6274.77,1,0,0.0,708.5,86.59,1,0.0,0,2.87,1,100.0,1,0.0,0,0.52,10.47,68.59,1.05,19.9,5,77.86,43,43,1,34.00250903,-118.290322705,2,1,34.00401366928605,-118.28885086979685,detection_avg,0.6978144273350999,166,6281,183,33.37,7.77,25.08,34.09,11.17,9.85,0.68,17.37,61,2023 Pop w/Income Below Poverty Level (ACS 5-Yr): Percent,fire_station_count,-0.010475710684212247
AQ-44,14,US,315,BlockApportionment:US.BlockGroups;PointsLayer:US.BlockPoints,2.191,2.576,1,180,5163,181,114,78.0,0.66,92,14,US,315,BlockApportionment:US.BlockGroups;PointsLayer:US.BlockPoints,2.191,2.576,1,34.98,11.71,17.42,33.12,9.3,8.32,0.76,22.47,85,89,0.6475,17.47,29.74,16.36,0,0,,,18,0,0,0,0,2,1,0,2,0,0,0,364,314,0,1,3,4,857.99,251.51,0,0.0,751.78,0,0.0,6296.35,3,0,0.0,760.95,59.4,1,0.0,0,7.42,1,100.0,1,0.0,0,0.71,11.17,71.99,0.53,16.31,5,80.18,43,44,1,33.99435913,-118.2913778,3,1,33.99622817087745,-118.28884323065432,detection_avg,0.668838339309416,180,5163,114,34.98,11.71,17.42,33.12,9.3,8.32,0.66,22.47,89,pct_below_poverty,lausd_school_site_count,0.009384500748158874
AQ-45,37,US,288,BlockApportionment:US.BlockGroups;PointsLayer:US.BlockPoints,2.191,2.576,1,183,4065,190,64,76.46,1.36,60,37,US,288,BlockApportionment:US.BlockGroups;PointsLayer:US.BlockPoints,2.191,2.576,1,35.25,5.96,21.86,36.98,5.5,9.98,0.83,23.68,65,69,0.6475,17.47,29.74,16.36,0,0,,,28,0,0,1,0,4,0,0,0,0,0,0,315,278,0,0,6,28,1504.85,248.44,0,0.0,685.43,0,0.0,5456.81,7,0,0.0,756.41,53.93,1,0.0,0,1.95,1,100.0,1,0.0,0,1.03,12.22,76.59,1.2,9.98,5,83.3,43,45,1,33.98875033666667,-118.28832002333333,4,1,33.98844267246884,-118.28883559151178,detection_avg,0.6904047297551703,183,4065,64,35.25,5.96,21.86,36.98,5.5,9.98,1.36,23.68,69,2023 Pop w/Income Below Poverty Level (ACS 5-Yr): Percent,police_station_count,-0.004442162978961301
AQ-46,11,US,262,BlockApportionment:US.BlockGroups;PointsLayer:US.BlockPoints,2.191,2.576,1,167,5602,174,69,77.15,0.98,59,11,US,262,BlockApportionment:US.BlockGroups;PointsLayer:US.BlockPoints,2.191,2.576,1,34.43,5.92,29.47,32.2,10.88,8.03,0.89,22.01,64,66,0.6475,17.47,29.74,16.36,0,0,,,33,0,0,0,0,1,1,1,1,0,0,0,315,292,0,0,2,30,1630.45,255.39,0,0.0,717.49,0,0.0,4626.53,1,0,0.0,728.88,27.03,1,0.0,0,1.99,1,100.0,1,0.0,0,2.49,12.97,73.18,1.24,12.61,5,80.48,43,46,1,33.97932845,-118.29201831,2,1,33.98065717406024,-118.28882795236925,detection_avg,0.6892389796439788,167,5602,69,34.43,5.92,29.47,32.2,10.88,8.03,0.98,22.01,66,2023 Pop w/Income Below Poverty Level (ACS 5-Yr): Percent,police_station_count,-0.010807003448065226
AQ-47,36,US,237,BlockApportionment:US.BlockGroups;PointsLayer:US.BlockPoints,2.191,2.576,1,156,5780,181,107,75.52,1.45,58,36,US,237,BlockApportionment:US.BlockGroups;PointsLayer:US.BlockPoints,2.191,2.576,1,23.15,7.47,33.76,36.11,5.46,8.05,0.91,24.2,60,62,0.6475,17.47,29.74,16.36,0,0,,,21,0,1,0,0,0,0,0,0,0,0,0,336,316,0,0,4,32,2144.38,253.49,0,0.0,695.59,0,0.0,3811.59,2,0,0.0,729.24,0.0,0,0.0,0,0.0,0,100.0,1,0.0,0,1.03,10.86,77.41,0.17,11.55,5,83.88,43,47,1,33.96963357,-118.28821574,0,1,33.97287167565163,-118.28882031322672,detection_avg,0.6795908929928745,156,5780,107,23.15,7.47,33.76,36.11,5.46,8.05,1.45,24.2,62,pct_below_poverty,lausd_school_site_count,-0.011933109204726832
AQ-48,13,US,214,BlockApportionment:US.BlockGroups;PointsLayer:US.BlockPoints,2.191,2.576,1,155,6279,181,93,68.05,2.17,50,13,US,214,BlockApportionment:US.BlockGroups;PointsLayer:US.BlockPoints,2.191,2.576,1,36.59,11.12,34.5,42.1,5.9,6.56,2.63,30.63,51,52,0.6475,17.47,29.74,16.36,0,0,,,28,0,0,0,0,2,0,0,0,0,0,0,363,327,0,3,2,39,2674.87,254.41,0,0.0,660.22,0,0.0,3024.38,4,0,0.0,729.95,0.0,0,0.0,0,0.0,0,100.0,1,0.0,0,1.24,11.01,78.51,0.89,9.59,5,84.58,43,48,1,33.96001576,-118.29149367,2,1,33.96508617724303,-118.28881267408416,detection_avg,0.6758070115140817,155,6279,93,36.59,11.12,34.5,42.1,5.9,6.56,2.17,30.63,52,pct_below_poverty,lausd_school_site_count,0.014488524521223707
AQ-49,39,US,190,BlockApportionment:US.BlockGroups;PointsLayer:US.BlockPoints,2.191,2.576,1,176,5373,194,295,74.22,0.35,62,39,US,190,BlockApportionment:US.BlockGroups;PointsLayer:US.BlockPoints,2.191,2.576,1,42.62,10.95,27.28,31.21,3.93,8.41,0.41,26.91,66,69,0.6475,17.47,29.74,16.36,0,0,,,21,0,0,0,0,1,0,1,0,0,0,0,229,211,0,0,3,14,1757.67,251.98,0,0.0,720.89,0,0.0,2293.63,1,0,0.0,732.5,0.0,0,0.0,0,0.0,0,100.0,1,0.0,0,3.28,18.79,68.1,0.17,12.93,5,76.69,43,49,1,33.95187401,-118.2916545,1,1,33.95730067883443,-118.28880503494165,detection_avg,0.6567208301292118,176,5373,295,42.62,10.95,27.28,31.21,3.93,8.41,0.35,26.91,69,2023 Pop w/Income Below Poverty Level (ACS 5-Yr): Percent,police_station_count,-0.009871718649182981
AQ-50,16,US,167,BlockApportionment:US.BlockGroups;PointsLayer:US.BlockPoints,2.191,2.576,1,139,4186,181,162,68.54,0.26,84,16,US,167,BlockApportionment:US.BlockGroups;PointsLayer:US.BlockPoints,2.191,2.576,1,30.39,5.72,23.16,48.18,8.64,6.13,0.92,23.42,69,69,0.6475,17.47,29.74,16.36,0,0,,,31,0,0,0,0,0,0,1,1,0,0,0,197,179,0,1,1,11,1722.54,252.76,0,0.0,811.59,0,0.0,1694.08,1,0,0.0,845.03,0.0,0,0.0,0,0.0,0,100.0,1,0.0,0,2.13,17.23,65.01,1.24,16.52,5,74.87,43,50,0,,,0,0,33.94951518042582,-118.28879739579912,reconstructed,0.6590259194813657,139,4186,162,30.39,5.72,23.16,48.18,8.64,6.13,0.26,23.42,69,2023 Pop w/Income Below Poverty Level (ACS 5-Yr): Percent,adult_recreation_count,0.011358206465522743
AQ-51,48,US,149,BlockApportionment:US.BlockGroups;PointsLayer:US.BlockPoints,2.191,2.576,1,195,3371,215,198,59.3,4.89,72,48,US,149,BlockApportionment:US.BlockGroups;PointsLayer:US.BlockPoints,2.191,2.576,1,38.89,10.17,19.1,49.4,4.1,8.64,4.47,23.76,73,76,0.6475,17.47,29.74,16.36,0,0,,,15,0,0,0,0,0,1,0,0,0,0,0,177,145,0,2,0,14,1992.25,253.56,0,0.0,800.06,0,0.0,1405.07,2,0,0.0,803.72,0.0,0,0.0,0,0.0,0,100.0,1,0.0,0,1.78,14.92,61.99,0.53,22.56,5,72.86,43,51,1,33.93813554,-118.29068670666668,1,1,33.94172968201722,-118.28878975665656,detection_avg,0.5989347949314222,195,3371,198,38.89,10.17,19.1,49.4,4.1,8.64,4.89,23.76,76,2023 Pop 35-64: No Health Insurance (ACS 5-Yr): Percent,affordable_housing_count,-0.004591389899426737
AQ-52,36,US,137,BlockApportionment:US.BlockGroups;PointsLayer:US.BlockPoints,2.191,2.576,1,192,2863,186,176,57.42,2.13,59,36,US,137,BlockApportionment:US.BlockGroups;PointsLayer:US.BlockPoints,2.191,2.576,1,47.24,5.62,25.67,40.56,6.6,4.61,2.14,33.06,66,66,0.6475,17.47,29.74,16.36,0,0,,,45,0,0,0,0,1,0,0,0,0,0,0,145,127,0,0,3,70,6985.21,89.36,29,3816.58,279.84,0,0.0,1604.28,3,2,1208.44,322.39,0.0,0,0.0,0,0.0,0,100.0,1,0.0,0,0.17,13.62,67.76,1.21,17.41,5,77.38,43,52,1,33.93538053,-118.29119984666666,1,1,33.93394418360861,-118.28878211751405,detection_avg,0.6373913441780052,192,2863,176,47.24,5.62,25.67,40.56,6.6,4.61,2.13,33.06,66,2023 Pop w/Income Below Poverty Level (ACS 5-Yr): Percent,police_station_count,-0.008490756652925303
AQ-53,25,US,126,BlockApportionment:US.BlockGroups;PointsLayer:US.BlockPoints,2.191,2.576,1,170,3296,189,267,55.37,2.12,82,25,US,126,BlockApportionment:US.BlockGroups;PointsLayer:US.BlockPoints,2.191,2.576,1,43.89,7.73,22.12,28.65,3.43,7.65,1.39,20.34,79,81,0.6475,17.47,29.74,16.36,0,0,,,30,0,0,0,0,0,0,1,0,0,0,0,115,109,0,0,2,25,2214.3,246.57,0,0.0,487.62,0,0.0,2160.63,1,0,0.0,501.72,0.0,0,0.0,0,0.0,0,100.0,1,0.0,0,0.89,20.21,48.23,0.71,30.85,5,63.49,43,53,0,,,0,0,33.92615868520001,-118.28877447837152,reconstructed,0.645742739043419,170,3296,267,43.89,7.73,22.12,28.65,3.43,7.65,2.12,20.34,81,recreation_center_count,osm_amenity_count,0.005235238115690797
AQ-54,17,US,118,BlockApportionment:US.BlockGroups;PointsLayer:US.BlockPoints,2.191,2.576,1,239,3196,186,248,59.7,2.64,90,17,US,118,BlockApportionment:US.BlockGroups;PointsLayer:US.BlockPoints,2.191,2.576,1,37.91,7.68,15.06,27.19,3.16,8.28,2.2,22.65,79,81,0.6475,17.47,29.74,16.36,0,0,,,0,0,0,0,0,0,0,0,0,0,0,0,112,91,0,0,0,66,7139.13,26.58,24,3775.8,218.61,0,0.0,2046.5,2,2,1356.04,250.25,0.0,0,0.0,0,0.0,0,100.0,1,0.0,0,0.52,16.23,51.81,0.86,31.09,5,66.11,43,54,1,33.91526368,-118.29081637,0,1,33.9183731867914,-118.28876683922896,detection_avg,0.6373927184431557,239,3196,248,37.91,7.68,15.06,27.19,3.16,8.28,2.64,22.65,81,2023 Pop 35-64: No Health Insurance (ACS 5-Yr): Percent,affordable_housing_count,-0.004676864722708122
AQ-55,12,US,113,BlockApportionment:US.BlockGroups;PointsLayer:US.BlockPoints,2.191,2.576,1,213,1742,151,143,64.81,1.43,97,12,US,113,BlockApportionment:US.BlockGroups;PointsLayer:US.BlockPoints,2.191,2.576,1,41.95,4.21,12.95,34.7,5.6,5.45,1.77,20.9,79,82,0.6475,17.47,29.74,16.36,0,0,,,0,0,0,0,0,1,0,0,0,0,0,0,105,82,0,0,2,25,5998.14,193.4,11,3909.69,193.4,0,0.0,1902.79,0,2,1729.2,201.45,0.0,0,0.0,0,0.0,0,100.0,1,0.0,0,1.06,16.13,59.04,0.53,24.29,5,71.01,43,55,0,,,1,0,33.9105876883828,-118.28875920008645,reconstructed,0.6087323591614331,213,1742,143,41.95,4.21,12.95,34.7,5.6,5.45,1.43,20.9,82,total_crime_est,affordable_housing_count,-0.004460924609959684
AQ-56,9,US,110,BlockApportionment:US.BlockGroups;PointsLayer:US.BlockPoints,2.191,2.576,1,140,2661,105,107,65.43,1.67,89,9,US,110,BlockApportionment:US.BlockGroups;PointsLayer:US.BlockPoints,2.191,2.576,1,48.41,1.69,9.76,13.2,8.04,2.22,2.68,16.23,88,89,0.6475,17.47,29.74,16.36,0,0,,,20,0,0,0,0,0,0,1,0,0,0,0,81,96,0,0,0,71,8922.3,136.78,25,5067.02,167.4,0,0.0,2132.64,4,2,1730.25,200.29,0.0,0,0.0,0,0.0,0,100.0,1,0.0,0,0.52,21.42,53.2,1.21,24.18,5,67.08,43,56,0,,,0,0,33.90280218997419,-118.28875156094392,reconstructed,0.6143999538635824,140,2661,107,48.41,1.69,9.76,13.2,8.04,2.22,1.67,16.23,89,total_population,police_station_count,-0.0026727387194834832
AQ-57,7,US,108,BlockApportionment:US.BlockGroups;PointsLayer:US.BlockPoints,2.191,2.576,1,147,1483,107,79,57.59,3.68,95,7,US,108,BlockApportionment:US.BlockGroups;PointsLayer:US.BlockPoints,2.191,2.576,1,22.22,2.78,6.02,22.3,1.69,2.35,2.56,19.36,90,93,0.6475,17.47,29.74,16.36,0,0,,,0,0,0,0,1,0,0,1,0,0,0,0,83,87,0,0,0,72,7238.9,27.45,31,4220.94,261.17,0,0.0,1517.98,0,2,1530.31,288.88,0.0,0,0.0,0,0.0,0,100.0,1,0.0,0,0.53,13.83,70.21,1.24,14.72,5,78.99,43,57,0,,,0,0,33.89501669156559,-118.28874392180136,reconstructed,0.6017261217339095,147,1483,79,22.22,2.78,6.02,22.3,1.69,2.35,3.68,19.36,93,2023 Pop w/Income Below Poverty Level (ACS 5-Yr): Percent,college_count,0.006701741419439067
AQ-58,4,US,105,BlockApportionment:US.BlockGroups;PointsLayer:US.BlockPoints,2.191,2.576,1,120,3836,116,83,63.61,2.1,91,4,US,105,BlockApportionment:US.BlockGroups;PointsLayer:US.BlockPoints,2.191,2.576,1,22.11,2.05,13.98,27.49,3.83,3.94,2.75,23.0,85,89,0.6475,17.47,29.74,16.36,0,0,,,0,0,0,0,0,1,1,0,0,0,0,0,154,143,0,0,2,30,4088.46,228.16,15,2408.8,301.9,0,0.0,653.86,2,2,1140.13,313.89,0.0,0,0.0,0,0.0,0,100.0,1,0.0,0,2.49,16.16,66.79,0.36,16.7,5,76.01,43,58,0,,,2,0,33.88723119315698,-118.28873628265885,reconstructed,0.6036447030446395,120,3836,83,22.11,2.05,13.98,27.49,3.83,3.94,2.1,23.0,89,pct_below_poverty,lausd_school_site_count,-0.0038985048017451587
AQ-59,1,US,102,BlockApportionment:US.BlockGroups;PointsLayer:US.BlockPoints,2.191,2.576,1,95,2272,110,143,60.48,5.74,119,1,US,102,BlockApportionment:US.BlockGroups;PointsLayer:US.BlockPoints,2.191,2.576,1,22.88,7.26,17.0,36.17,1.65,6.53,5.42,16.41,81,80,0.6475,17.47,29.74,16.36,0,0,,,0,0,0,0,0,1,0,0,0,0,0,0,125,111,0,0,0,26,4551.76,200.78,17,3686.48,328.07,8,1167.81,1.34,1,2,923.08,351.63,6.81,1,0.0,0,6.83,1,100.0,1,0.0,0,3.28,21.07,62.35,1.9,14.68,5,72.66,43,59,0,,,1,0,33.87944569474838,-118.28872864351632,reconstructed,0.6146995529175472,95,2272,143,22.88,7.26,17.0,36.17,1.65,6.53,5.74,16.41,80,2023 Pop 35-64: No Health Insurance (ACS 5-Yr): Percent,affordable_housing_count,-0.003244976870616159
AQ-60,48,US,99,BlockApportionment:US.BlockGroups;PointsLayer:US.BlockPoints,2.191,2.576,1,141,739,126,36,40.46,9.99,138,48,US,99,BlockApportionment:US.BlockGroups;PointsLayer:US.BlockPoints,2.191,2.576,1,31.15,5.38,15.74,29.51,1.14,2.65,10.11,19.25,103,102,0.6475,17.47,29.74,16.36,0,0,,,32,0,1,0,0,0,0,1,1,0,0,0,21,14,0,0,1,85,7491.99,36.66,46,5104.44,73.11,2,1211.17,18.61,7,4,1835.74,345.76,17.38,1,0.0,0,10.12,1,100.0,1,0.0,0,2.13,12.26,69.98,4.62,13.14,5,78.35,43,60,0,,,0,0,33.87166019633977,-118.28872100437376,reconstructed,0.6353289283393463,141,739,36,31.15,5.38,15.74,29.51,1.14,2.65,9.99,19.25,102,recreation_center_count,osm_amenity_count,-0.013540774319090171
AQ-61,45,US,96,BlockApportionment:US.BlockGroups;PointsLayer:US.BlockPoints,2.191,2.576,1,195,284,128,79,34.15,5.37,135,45,US,96,BlockApportionment:US.BlockGroups;PointsLayer:US.BlockPoints,2.191,2.576,1,19.51,0.81,8.33,23.08,4.62,6.85,4.55,18.49,102,101,0.6475,17.47,29.74,16.36,0,0,,,6,0,0,0,0,0,0,0,0,0,0,0,104,124,0,0,0,87,8450.2,145.47,58,6374.71,239.59,1,620.04,280.59,1,4,2211.53,268.1,7.56,1,0.0,0,2.2,1,100.0,1,0.0,0,3.11,18.48,64.59,3.97,12.95,5,74.28,43,61,0,,,0,0,33.863874697931166,-118.28871336523125,reconstructed,0.6018087904516438,195,284,79,19.51,0.81,8.33,23.08,4.62,6.85,5.37,18.49,101,total_population,police_station_count,0.009351908355274106
AQ-62,42,US,93,BlockApportionment:US.BlockGroups;PointsLayer:US.BlockPoints,2.191,2.576,1,0,0,0,0,0.0,0.0,0,42,US,93,BlockApportionment:US.BlockGroups;PointsLayer:US.BlockPoints,2.191,2.576,1,0.0,0.0,0.0,0.0,0.0,0.0,0.0,0.0,0,0,0.6475,17.47,29.74,16.36,0,0,,,6,0,0,0,1,0,0,0,0,0,0,0,126,150,0,0,0,25,2953.14,145.16,20,2088.57,353.05,0,0.0,862.01,0,3,850.52,368.55,0.0,0,0.0,0,0.0,0,100.0,1,0.0,0,1.96,9.79,74.38,1.96,13.88,5,81.48,43,62,0,,,0,0,33.85608919952256,-118.28870572608872,reconstructed,0.5280649208097408,0,0,0,0.0,0.0,0.0,0.0,0.0,0.0,0.0,0.0,0,2023 Pop w/Income Below Poverty Level (ACS 5-Yr): Percent,college_count,-0.01900470668389716
AQ-63,40,US,91,BlockApportionment:US.BlockGroups;PointsLayer:US.BlockPoints,2.191,2.576,1,184,891,163,212,65.1,1.75,118,40,US,91,BlockApportionment:US.BlockGroups;PointsLayer:US.BlockPoints,2.191,2.576,1,7.85,0.0,8.89,32.57,1.47,4.34,2.13,38.48,89,88,0.6475,17.47,29.74,16.36,0,0,,,3,0,0,0,1,0,0,0,0,0,0,0,33,40,0,0,0,64,4901.55,26.19,26,2268.01,290.31,3,712.97,174.22,2,2,1221.91,338.99,0.39,1,0.0,0,0.0,0,100.0,1,0.0,0,0.86,15.2,64.77,0.35,19.69,5,75.08,43,63,0,,,0,0,33.84830370111396,-118.28869808694616,reconstructed,0.5893620100203236,184,891,212,7.85,0.0,8.89,32.57,1.47,4.34,1.75,38.48,88,2023 Pop w/Income Below Poverty Level (ACS 5-Yr): Percent,college_count,0.01569886526619822
AQ-64,38,US,89,BlockApportionment:US.BlockGroups;PointsLayer:US.BlockPoints,2.191,2.576,1,191,1729,182,86,31.69,4.44,137,38,US,89,BlockApportionment:US.BlockGroups;PointsLayer:US.BlockPoints,2.191,2.576,1,15.49,0.17,10.19,23.85,1.27,4.84,3.08,24.37,119,120,0.6475,17.47,29.74,16.36,0,0,,,9,0,0,0,0,0,0,0,0,0,0,0,20,20,0,0,1,51,5189.11,101.0,6,1743.14,166.28,2,849.95,225.77,1,2,1704.56,163.58,0.0,0,0.0,0,0.0,0,100.0,1,0.0,0,2.14,12.63,70.11,1.42,15.84,5,78.44,43,64,0,,,0,0,33.840518202705354,-118.28869044780365,reconstructed,0.5804928037526536,191,1729,86,15.49,0.17,10.19,23.85,1.27,4.84,4.44,24.37,120,pct_below_poverty,lausd_school_site_count,0.005808691941892923
AQ-65,36,US,87,BlockApportionment:US.BlockGroups;PointsLayer:US.BlockPoints,2.191,2.576,1,86,3931,79,131,31.37,4.65,119,36,US,87,BlockApportionment:US.BlockGroups;PointsLayer:US.BlockPoints,2.191,2.576,1,22.92,2.75,8.69,23.32,1.83,1.95,4.21,16.53,98,98,0.6475,17.47,29.74,16.36,0,0,,,9,0,0,0,0,0,0,0,0,0,0,0,31,28,0,1,0,54,5632.86,112.98,20,3172.83,112.98,0,0.0,646.28,6,2,1729.14,139.27,0.0,0,0.0,0,0.0,0,100.0,1,0.0,0,1.07,13.35,69.75,0.89,16.01,5,78.5,43,65,0,,,0,0,33.832732704296745,-118.28868280866112,reconstructed,0.58914417307008,86,3931,131,22.92,2.75,8.69,23.32,1.83,1.95,4.65,16.53,98,2023 Pop w/Income Below Poverty Level (ACS 5-Yr): Percent,police_station_count,0.002367506258984483
AQ-66,34,US,85,BlockApportionment:US.BlockGroups;PointsLayer:US.BlockPoints,2.191,2.576,1,69,3943,64,131,29.14,5.18,127,34,US,85,BlockApportionment:US.BlockGroups;PointsLayer:US.BlockPoints,2.191,2.576,1,19.11,1.84,7.85,25.53,2.01,4.29,5.56,23.21,98,98,0.6475,17.47,29.74,16.36,0,0,,,3,0,0,0,0,1,0,0,0,0,0,0,44,43,0,0,0,55,5664.87,117.35,15,2495.49,122.67,0,0.0,447.39,0,2,1729.17,137.95,0.0,0,0.0,0,0.0,0,100.0,1,0.0,0,0.87,14.01,65.57,1.38,19.03,5,75.64,43,66,0,,,1,0,33.824947205888144,-118.28867516951856,reconstructed,0.5569941737790631,69,3943,131,19.11,1.84,7.85,25.53,2.01,4.29,5.18,23.21,98,2023 Pop w/Income Below Poverty Level (ACS 5-Yr): Percent,police_station_count,0.0029799553756695756
AQ-67,32,US,83,BlockApportionment:US.BlockGroups;PointsLayer:US.BlockPoints,2.191,2.576,1,92,2918,75,50,35.74,4.76,118,32,US,83,BlockApportionment:US.BlockGroups;PointsLayer:US.BlockPoints,2.191,2.576,1,10.47,0.0,7.48,26.09,3.57,2.81,4.49,14.18,97,97,0.6475,17.47,29.74,16.36,0,0,,,9,0,0,0,0,0,0,0,0,0,0,0,32,23,0,1,0,36,4770.35,114.59,6,1971.95,141.32,3,559.72,151.19,0,2,1729.21,147.36,0.0,0,0.0,0,0.0,0,100.0,1,0.0,0,0.18,13.68,58.97,1.42,25.93,5,71.22,43,67,0,,,0,0,33.817161707479535,-118.28866753037605,reconstructed,0.5683720209953613,92,2918,50,10.47,0.0,7.48,26.09,3.57,2.81,4.76,14.18,97,2023 Pop w/Income Below Poverty Level (ACS 5-Yr): Percent,police_station_count,0.003252595859445169
AQ-68,30,US,81,BlockApportionment:US.BlockGroups;PointsLayer:US.BlockPoints,2.191,2.576,1,96,697,70,43,27.55,4.95,137,30,US,81,BlockApportionment:US.BlockGroups;PointsLayer:US.BlockPoints,2.191,2.576,1,18.14,1.96,4.57,21.62,2.64,1.96,5.21,19.92,115,117,0.6475,17.47,29.74,16.36,0,0,,,6,0,0,0,0,0,0,0,0,0,0,0,32,36,0,0,0,89,7309.7,62.78,32,3794.18,62.78,6,1721.13,130.83,4,2,1755.09,76.46,0.08,1,0.0,0,0.09,1,100.0,1,0.0,0,1.73,14.68,58.03,2.42,24.87,5,70.1,43,68,0,,,0,0,33.80937620907093,-118.28865989123352,reconstructed,0.5592046806818392,96,697,43,18.14,1.96,4.57,21.62,2.64,1.96,4.95,19.92,117,2023 Pop w/Income Below Poverty Level (ACS 5-Yr): Percent,police_station_count,0.004958342146329045
AQ-69,25,US,76,BlockApportionment:US.BlockGroups;PointsLayer:US.BlockPoints,2.191,2.576,1,61,729,73,155,29.49,6.07,74,25,US,76,BlockApportionment:US.BlockGroups;PointsLayer:US.BlockPoints,2.191,2.576,1,37.55,2.6,12.29,52.73,1.37,2.22,5.44,20.75,91,93,0.6475,17.47,29.74,16.36,0,0,,,6,0,0,0,0,0,0,0,0,0,0,0,64,65,0,1,0,27,3285.23,66.35,10,1674.67,66.35,4,1409.7,42.02,0,2,1673.59,65.7,0.0,0,0.0,0,0.0,0,100.0,1,0.0,0,0.71,11.39,70.28,0.53,17.79,5,78.98,43,69,1,33.79566839,-118.29069845,0,1,33.801590710662325,-118.28865225209096,detection_avg,0.5397138847263268,61,729,155,37.55,2.6,12.29,52.73,1.37,2.22,6.07,20.75,93,total_population,police_station_count,0.003103199934601563
AQ-70,17,US,68,BlockApportionment:US.BlockGroups;PointsLayer:US.BlockPoints,2.191,2.576,1,69,2765,97,181,42.42,1.65,97,17,US,68,BlockApportionment:US.BlockGroups;PointsLayer:US.BlockPoints,2.191,2.576,1,17.2,13.0,24.41,22.79,2.65,2.22,1.98,25.32,86,90,0.6475,17.47,29.74,16.36,0,0,,,21,0,0,0,0,0,1,0,0,0,0,0,75,90,0,0,0,30,1430.69,52.22,20,925.65,52.22,4,1886.17,134.79,1,2,1852.75,44.75,20.44,1,0.0,0,5.74,1,100.0,1,0.0,0,10.55,28.55,48.1,7.27,16.09,5,60.5,43,70,0,,,1,0,33.79380521225372,-118.28864461294845,reconstructed,0.5870399510039285,69,2765,181,17.2,13.0,24.41,22.79,2.65,2.22,1.65,25.32,90,2023 Pop w/Income Below Poverty Level (ACS 5-Yr): Percent,police_station_count,-0.007176998432172292
AQ-71,7,US,58,BlockApportionment:US.BlockGroups;PointsLayer:US.BlockPoints,2.191,2.576,1,179,841,109,150,33.29,1.83,78,7,US,58,BlockApportionment:US.BlockGroups;PointsLayer:US.BlockPoints,2.191,2.576,1,10.83,5.99,23.14,18.82,2.05,6.68,1.99,18.95,81,78,0.6475,17.47,29.74,16.36,0,0,,,0,0,0,0,0,0,0,0,0,0,0,0,4,3,0,0,0,0,0.0,743.25,0,0.0,743.25,1,434.11,242.59,0,0,0.0,745.11,36.52,1,0.0,0,4.86,1,100.0,1,0.0,0,8.88,52.04,22.2,8.7,17.05,3,42.88,43,71,0,,,0,0,33.786019713845114,-118.28863697380592,reconstructed,0.6110799970746854,179,841,150,10.83,5.99,23.14,18.82,2.05,6.68,1.83,18.95,78,2023 Pop w/Income Below Poverty Level (ACS 5-Yr): Percent,police_station_count,-0.005787274461554627
AQ-72,47,US,48,BlockApportionment:US.BlockGroups;PointsLayer:US.BlockPoints,2.191,2.576,1,179,21,109,238,33.33,0.0,0,47,US,48,BlockApportionment:US.BlockGroups;PointsLayer:US.BlockPoints,2.191,2.576,1,0.0,0.0,22.22,0.0,0.0,5.56,0.0,15.38,0,0,0.6475,17.47,29.74,16.36,0,0,,,0,0,0,0,0,0,0,0,0,0,0,0,3,5,0,0,0,0,0.0,632.41,0,0.0,799.75,0,0.0,615.94,0,0,0.0,830.92,0.16,1,0.0,0,0.21,1,100.0,1,0.0,0,2.13,13.14,68.03,0.89,17.94,5,76.98,43,72,0,,,0,0,33.77823421543651,-118.28862933466336,reconstructed,0.5752843165114777,179,21,238,0.0,0.0,22.22,0.0,0.0,5.56,0.0,15.38,0,total_population,police_station_count,0.014455964435516083
AQ-73,40,US,41,BlockApportionment:US.BlockGroups;PointsLayer:US.BlockPoints,2.191,2.576,0,0,0,0,0,0.0,0.0,0,40,US,41,BlockApportionment:US.BlockGroups;PointsLayer:US.BlockPoints,2.191,2.576,0,0.0,0.0,0.0,0.0,0.0,0.0,0.0,0.0,0,0,0.6475,17.47,29.74,16.36,0,0,,,0,0,0,0,0,0,0,0,0,0,0,0,0,1,0,0,0,1,179.19,448.14,0,0.0,635.64,0,0.0,548.88,0,0,0.0,638.55,0.0,0,0.0,0,0.0,0,99.58,1,0.0,0,0.69,4.67,71.11,0.52,23.7,5,79.57,43,73,0,,,0,0,33.770448717027904,-118.28862169552085,reconstructed,0.5148794845229784,0,0,0,0.0,0.0,0.0,0.0,0.0,0.0,0.0,0.0,0,total_crime_est,police_station_count,0.01563103795160291
AQ-74,35,US,36,BlockApportionment:US.BlockGroups;PointsLayer:US.BlockPoints,2.191,2.576,1,0,0,0,0,0.0,0.0,0,35,US,36,BlockApportionment:US.BlockGroups;PointsLayer:US.BlockPoints,2.191,2.576,1,0.0,0.0,0.0,0.0,0.0,0.0,0.0,0.0,0,0,0.6475,17.47,29.74,16.36,0,0,,,6,0,0,0,0,0,0,0,0,0,0,0,29,28,1,0,0,15,2918.07,49.91,10,2340.3,49.91,2,716.95,296.7,0,4,1736.7,53.54,0.0,0,0.0,0,0.0,0,100.0,1,0.0,0,6.93,31.62,54.35,1.42,12.61,5,65.97,43,74,0,,,0,0,33.7626632186193,-118.28861405637832,reconstructed,0.5318148885141282,0,0,0,0.0,0.0,0.0,0.0,0.0,0.0,0.0,0.0,0,pct_below_poverty,library_count,-0.011733019002735651
AQ-75,32,US,33,BlockApportionment:US.BlockGroups;PointsLayer:US.BlockPoints,2.191,2.576,1,94,407,119,271,73.22,3.95,69,32,US,33,BlockApportionment:US.BlockGroups;PointsLayer:US.BlockPoints,2.191,2.576,1,30.66,2.19,19.22,44.83,2.12,9.75,5.0,24.58,64,65,0.6475,17.47,29.74,16.36,0,0,,,21,0,1,0,1,0,0,0,0,0,0,0,98,83,0,0,1,45,5076.58,175.83,33,4569.83,175.83,1,219.57,300.33,0,6,2787.79,176.76,2.08,1,0.0,0,9.49,1,87.84,1,0.0,0,3.11,21.45,62.63,3.46,12.46,5,72.91,43,75,0,,,0,0,33.75487772021069,-118.28860641723575,reconstructed,0.6002474845868371,94,407,271,30.66,2.19,19.22,44.83,2.12,9.75,3.95,24.58,65,esri_market_idx_14068_forecast,la_geohub_fire_hazard_area_pct,0.04034367618465247
AQ-76,26,US,27,BlockApportionment:US.BlockGroups;PointsLayer:US.BlockPoints,2.191,2.576,1,122,4450,139,214,78.83,3.81,62,26,US,27,BlockApportionment:US.BlockGroups;PointsLayer:US.BlockPoints,2.191,2.576,1,25.6,10.05,23.37,36.71,2.33,7.36,3.52,28.62,69,72,0.6475,17.47,29.74,16.36,0,0,,,24,0,0,0,0,1,0,0,0,0,0,0,260,224,0,0,3,30,2284.29,293.24,14,1417.89,328.52,0,0.0,470.47,7,6,975.01,357.8,0.46,1,0.0,0,0.0,0,100.0,1,0.0,0,1.24,12.41,67.73,2.48,17.38,5,77.04,43,76,0,,,1,0,33.74709222180209,-118.28859877809325,reconstructed,0.649288582241248,122,4450,214,25.6,10.05,23.37,36.71,2.33,7.36,3.81,28.62,72,2023 Pop w/Income Below Poverty Level (ACS 5-Yr): Percent,police_station_count,-0.006038179495564119
AQ-77,19,US,20,BlockApportionment:US.BlockGroups;PointsLayer:US.BlockPoints,2.191,2.576,1,137,4096,135,110,65.41,4.93,70,19,US,20,BlockApportionment:US.BlockGroups;PointsLayer:US.BlockPoints,2.191,2.576,1,31.73,9.18,25.76,30.0,2.86,12.99,4.14,25.91,73,76,0.6475,17.47,29.74,16.36,0,0,,,42,0,0,1,0,1,0,0,2,0,0,3,690,631,0,0,3,18,690.17,299.74,0,0.0,1055.42,1,307.33,329.91,21,0,0.0,1116.25,0.51,1,0.0,0,0.0,0,100.0,1,0.0,0,0.52,8.48,79.41,1.21,10.9,5,85.43,43,77,0,,,1,0,33.73930672339348,-118.28859113895072,reconstructed,0.6663769062883613,137,4096,110,31.73,9.18,25.76,30.0,2.86,12.99,4.93,25.91,76,pct_below_poverty,library_count,-0.011852093398537223
AQ-78,12,US,13,BlockApportionment:US.BlockGroups;PointsLayer:US.BlockPoints,2.191,2.576,1,108,5821,118,136,68.58,2.32,79,12,US,13,BlockApportionment:US.BlockGroups;PointsLayer:US.BlockPoints,2.191,2.576,1,26.66,10.2,18.89,31.3,2.18,9.72,2.4,21.41,79,82,0.6475,17.47,29.74,16.36,0,0,,,24,0,1,0,0,1,0,0,0,0,0,0,430,401,0,0,1,7,678.56,302.5,0,0.0,1901.17,0,0.0,1181.52,3,0,0.0,1964.31,0.0,0,0.0,0,0.0,0,100.0,1,0.0,0,0.36,9.43,67.44,0.71,22.42,5,77.1,43,78,0,,,1,0,33.73152122498488,-118.28858349980815,reconstructed,0.637436424312267,108,5821,136,26.66,10.2,18.89,31.3,2.18,9.72,2.32,21.41,82,2023 Pop w/Income Below Poverty Level (ACS 5-Yr): Percent,fire_station_count,-0.01348645959191612
AQ-79,7,US,8,BlockApportionment:US.BlockGroups;PointsLayer:US.BlockPoints,2.191,2.576,1,62,3823,101,83,48.5,6.32,95,7,US,8,BlockApportionment:US.BlockGroups;PointsLayer:US.BlockPoints,2.191,2.576,1,21.96,2.82,12.52,22.15,1.02,3.63,6.46,21.61,81,83,0.6475,17.47,29.74,16.36,0,0,,,9,0,0,0,0,0,0,0,0,0,0,0,231,236,0,0,0,7,491.74,308.97,0,0.0,2758.53,0,0.0,1089.49,1,0,0.0,2093.85,0.0,0,0.0,0,0.0,0,100.0,1,0.0,0,0.71,22.95,51.78,1.07,24.2,5,66.03,43,79,0,,,0,0,33.72373572657627,-118.28857586066565,reconstructed,0.551427916107291,62,3823,83,21.96,2.82,12.52,22.15,1.02,3.63,6.32,21.61,83,total_population,police_station_count,-0.002116893694634038
AQ-80,4,US,5,BlockApportionment:US.BlockGroups;PointsLayer:US.BlockPoints,2.191,2.576,1,36,2417,75,31,33.47,7.97,127,4,US,5,BlockApportionment:US.BlockGroups;PointsLayer:US.BlockPoints,2.191,2.576,1,20.89,0.89,11.6,24.36,0.72,5.6,6.78,20.03,107,112,0.6475,17.47,29.74,16.36,0,0,,,0,0,0,0,0,0,0,0,2,0,0,0,136,139,0,0,1,0,0.0,935.96,0,0.0,3619.25,1,38.07,231.35,0,0,0.0,2394.68,0.0,0,0.0,0,1.44,1,99.32,1,0.0,0,2.6,25.26,46.54,2.42,25.78,5,61.8,43,80,0,,,0,0,33.71595022816767,-118.2885682215231,reconstructed,0.5487376321099633,36,2417,31,20.89,0.89,11.6,24.36,0.72,5.6,7.97,20.03,112,total_crime_est,police_station_count,0.005961355403469562
AQ-81,1,US,2,BlockApportionment:US.BlockGroups;PointsLayer:US.BlockPoints,2.191,2.576,1,39,1316,94,112,36.02,3.69,116,1,US,2,BlockApportionment:US.BlockGroups;PointsLayer:US.BlockPoints,2.191,2.576,1,19.34,0.0,3.03,21.25,0.0,2.27,4.38,13.3,129,132,0.6475,17.47,29.74,16.36,0,0,,,0,0,0,0,0,0,0,0,0,0,0,0,24,29,0,0,0,0,0.0,1770.4,0,0.0,4481.4,0,0.0,643.85,7,0,0.0,2903.94,0.0,0,0.0,0,0.54,1,47.4,1,0.0,0,1.25,33.86,35.74,1.88,28.53,5,54.64,43,81,1,33.70622287,-118.28897388,0,1,33.70816472975907,-118.28856058238055,detection_avg,0.5366833019208065,39,1316,112,19.34,0.0,3.03,21.25,0.0,2.27,3.69,13.3,132,total_crime_est,police_station_count,0.0053535289126908905
AQ-9,16,US,1367,BlockApportionment:US.BlockGroups;PointsLayer:US.BlockPoints,2.191,2.576,1,55,1204,73,217,16.11,3.49,146,16,US,1367,BlockApportionment:US.BlockGroups;PointsLayer:US.BlockPoints,2.191,2.576,1,23.86,4.57,6.02,29.82,10.29,2.54,3.0,12.97,124,127,0.6475,17.47,29.74,16.36,0,0,,,0,0,0,0,0,0,0,0,0,0,0,0,77,80,0,0,0,0,0.0,1563.55,0,0.0,3474.31,16,2037.77,26.72,0,0,0.0,3474.31,4.54,1,4.55,1,0.0,0,85.7,1,0.0,0,10.44,47.26,30.62,3.19,18.94,5,48.3,43,9,0,,,0,0,34.26872061517862,-118.289110600643,reconstructed,0.5448666276308907,55,1204,217,23.86,4.57,6.02,29.82,10.29,2.54,3.49,12.97,127,2023 Pop w/Income Below Poverty Level (ACS 5-Yr): Percent,la_geohub_fire_hazard_area_pct,0.021484013244971692
AR-11,6,US,1307,BlockApportionment:US.BlockGroups;PointsLayer:US.BlockPoints,2.191,2.576,1,82,1415,101,221,26.86,1.4,101,6,US,1307,BlockApportionment:US.BlockGroups;PointsLayer:US.BlockPoints,2.191,2.576,1,31.14,6.06,20.11,30.15,3.8,2.06,2.53,20.71,107,113,0.6475,17.47,29.74,16.36,0,0,,,0,0,0,0,0,0,0,0,0,0,0,0,152,144,0,0,0,0,0.0,837.79,0,0.0,2304.81,12,1091.74,85.74,0,0,0.0,2305.76,0.0,0,0.0,0,0.0,0,100.0,1,0.0,0,8.67,48.14,27.96,2.83,21.06,5,46.97,44,11,0,,,0,0,34.25314280427929,-118.28098757856066,reconstructed,0.5461986816661131,82,1415,221,31.14,6.06,20.11,30.15,3.8,2.06,1.4,20.71,113,2023 Pop w/Income Below Poverty Level (ACS 5-Yr): Percent,fire_station_count,0.00339907969357227
AR-12,24,US,1275,BlockApportionment:US.BlockGroups;PointsLayer:US.BlockPoints,2.191,2.576,1,77,2629,98,231,32.86,4.75,94,24,US,1275,BlockApportionment:US.BlockGroups;PointsLayer:US.BlockPoints,2.191,2.576,1,25.93,7.41,11.58,13.4,2.41,6.77,3.38,17.67,86,87,0.6475,17.47,29.74,16.36,0,0,,,18,0,0,0,0,0,0,1,1,0,0,0,258,252,0,0,0,17,1048.53,24.33,0,0.0,1440.83,7,621.81,277.44,2,0,0.0,1442.05,1.59,1,0.0,0,0.0,0,100.0,1,0.0,0,10.84,34.42,44.75,4.3,16.52,5,58.07,44,12,1,34.24647341,-118.27614626,0,1,34.24535730587069,-118.28097993941812,detection_avg,0.589782559266659,77,2629,231,25.93,7.41,11.58,13.4,2.41,6.77,4.75,17.67,87,2023 Pop w/Income Below Poverty Level (ACS 5-Yr): Percent,adult_recreation_count,0.00741725465279967
AR-13,47,US,1248,BlockApportionment:US.BlockGroups;PointsLayer:US.BlockPoints,2.191,2.576,1,58,448,92,176,19.42,6.25,132,47,US,1248,BlockApportionment:US.BlockGroups;PointsLayer:US.BlockPoints,2.191,2.576,1,27.7,5.41,5.25,26.67,5.69,6.75,5.76,19.06,105,109,0.6475,17.47,29.74,16.36,0,0,,,0,0,0,0,0,0,0,0,0,0,0,0,68,67,0,0,0,0,0.0,539.64,0,0.0,577.95,0,0.0,595.93,0,0,0.0,579.22,9.66,1,0.0,0,0.0,0,100.0,1,0.0,0,18.23,56.28,23.36,1.77,18.58,5,40.88,44,13,0,,,0,0,34.23757180746208,-118.28097230027558,reconstructed,0.5326759474339434,58,448,176,27.7,5.41,5.25,26.67,5.69,6.75,6.25,19.06,109,total_population,police_station_count,0.006706761966289908
AR-24,19,US,870,BlockApportionment:US.BlockGroups;PointsLayer:US.BlockPoints,2.191,2.576,1,0,0,0,0,0.0,0.0,0,19,US,870,BlockApportionment:US.BlockGroups;PointsLayer:US.BlockPoints,2.191,2.576,1,0.0,0.0,0.0,0.0,0.0,0.0,0.0,0.0,0,0,0.6475,17.47,29.74,16.36,0,0,,,9,0,0,0,0,0,0,0,0,0,0,0,24,29,0,0,0,68,8344.87,87.09,53,7735.6,87.09,10,1472.29,93.8,2,6,3128.51,121.84,0.0,0,0.0,0,0.0,0,100.0,1,0.0,0,1.06,29.33,45.41,3.18,22.08,5,61.47,44,24,0,,,0,0,34.15193132496743,-118.28088826970772,reconstructed,0.5359373244442948,0,0,0,0.0,0.0,0.0,0.0,0.0,0.0,0.0,0.0,0,total_crime_est,police_station_count,0.01563103795160291
AR-25,40,US,841,BlockApportionment:US.BlockGroups;PointsLayer:US.BlockPoints,2.191,2.576,1,0,0,0,0,0.0,0.0,0,40,US,841,BlockApportionment:US.BlockGroups;PointsLayer:US.BlockPoints,2.191,2.576,1,0.0,0.0,0.0,0.0,0.0,0.0,0.0,0.0,0,0,0.6475,17.47,29.74,16.36,0,0,,,0,0,0,0,0,0,0,0,0,0,0,0,37,50,0,0,0,21,3034.77,128.23,21,3034.77,128.23,3,895.52,221.76,0,2,1789.64,129.58,0.0,0,0.0,0,0.0,0,100.0,1,0.0,0,1.06,43.09,35.11,2.3,19.5,5,54.26,44,25,0,,,0,0,34.14414582655883,-118.28088063056518,reconstructed,0.5332261023801814,0,0,0,0.0,0.0,0.0,0.0,0.0,0.0,0.0,0.0,0,total_crime_est,police_station_count,0.01563103795160291
AR-29,27,US,778,BlockApportionment:US.BlockGroups;PointsLayer:US.BlockPoints,2.191,2.576,1,123,2281,98,83,13.68,2.22,189,27,US,778,BlockApportionment:US.BlockGroups;PointsLayer:US.BlockPoints,2.191,2.576,1,13.43,1.59,6.75,31.27,0.05,2.74,0.83,10.77,181,175,0.6475,17.47,29.74,16.36,0,0,,,12,0,0,0,0,0,0,0,0,0,0,0,390,411,0,0,0,10,978.56,199.54,0,0.0,899.36,0,0.0,483.02,0,0,0.0,1026.59,0.0,0,0.0,0,0.0,0,100.0,1,0.0,0,10.82,42.55,36.17,1.24,20.04,5,52.07,44,29,0,,,0,0,34.113003832924406,-118.28085007399504,reconstructed,0.5822411743653493,123,2281,83,13.43,1.59,6.75,31.27,0.05,2.74,2.22,10.77,175,2023 Pop w/Income Below Poverty Level (ACS 5-Yr): Percent,police_station_count,0.0037780343388930503
AR-30,9,US,760,BlockApportionment:US.BlockGroups;PointsLayer:US.BlockPoints,2.191,2.576,1,161,2431,114,95,15.92,2.67,165,9,US,760,BlockApportionment:US.BlockGroups;PointsLayer:US.BlockPoints,2.191,2.576,1,12.33,1.81,8.24,16.61,0.75,1.18,2.44,8.97,146,144,0.6475,17.47,29.74,16.36,0,0,,,30,0,0,0,0,1,1,0,0,0,0,0,477,488,0,0,3,0,0.0,651.14,0,0.0,1301.24,0,0.0,1344.6,0,0,0.0,1397.1,0.0,0,0.0,0,0.0,0,100.0,1,0.0,0,12.74,36.83,45.96,2.58,14.63,5,58.35,44,30,0,,,2,0,34.1052183345158,-118.28084243485252,reconstructed,0.5784198260122528,161,2431,95,12.33,1.81,8.24,16.61,0.75,1.18,2.67,8.97,144,pct_below_poverty,lausd_school_site_count,-0.006358154230905264
AR-31,35,US,736,BlockApportionment:US.BlockGroups;PointsLayer:US.BlockPoints,2.191,2.576,1,177,2689,146,219,25.59,3.19,145,35,US,736,BlockApportionment:US.BlockGroups;PointsLayer:US.BlockPoints,2.191,2.576,1,20.03,8.17,11.79,24.16,2.47,2.32,2.82,8.27,133,132,0.6475,17.47,29.74,16.36,0,0,,,18,0,0,0,0,0,0,0,0,0,0,0,470,507,0,0,3,0,0.0,479.96,0,0.0,1889.45,0,0.0,2092.92,0,0,0.0,1965.05,3.15,1,0.0,0,2.87,1,100.0,1,0.0,0,7.96,35.22,49.38,2.3,13.1,5,62.18,44,31,0,,,0,0,34.097432836107195,-118.28083479570998,reconstructed,0.594556250426319,177,2689,219,20.03,8.17,11.79,24.16,2.47,2.32,3.19,8.27,132,total_population,police_station_count,-0.0026635686327184695
AR-32,6,US,707,BlockApportionment:US.BlockGroups;PointsLayer:US.BlockPoints,2.191,2.576,1,149,4356,133,276,33.59,0.99,119,6,US,707,BlockApportionment:US.BlockGroups;PointsLayer:US.BlockPoints,2.191,2.576,1,16.27,6.8,12.96,26.23,3.95,3.49,0.72,8.64,122,125,0.6475,17.47,29.74,16.36,0,0,,,48,0,0,0,0,0,2,0,0,0,0,0,750,777,0,0,0,30,1585.7,73.74,0,0.0,1557.53,0,0.0,2507.3,20,0,0.0,1557.61,10.36,1,0.0,0,5.57,1,100.0,1,0.0,0,5.91,26.61,56.35,2.43,14.61,5,67.67,44,32,1,34.09372251333333,-118.28180534333336,2,1,34.08964733769859,-118.28082715656744,detection_avg,0.6447064125513509,149,4356,276,16.27,6.8,12.96,26.23,3.95,3.49,0.99,8.64,125,total_crime_est,police_station_count,-0.0021698623956659642
AR-33,27,US,678,BlockApportionment:US.BlockGroups;PointsLayer:US.BlockPoints,2.191,2.576,1,113,4390,119,181,36.45,1.56,121,27,US,678,BlockApportionment:US.BlockGroups;PointsLayer:US.BlockPoints,2.191,2.576,1,16.98,4.7,10.54,20.13,2.22,4.2,2.27,9.84,111,111,0.6475,17.47,29.74,16.36,0,0,,,3,0,0,0,0,0,0,0,0,0,0,0,625,667,0,0,0,0,0.0,556.75,0,0.0,695.26,0,0.0,1719.54,9,0,0.0,723.29,0.0,0,0.0,0,0.0,0,100.0,1,0.0,0,5.63,33.8,42.43,1.94,21.83,5,58.01,44,33,0,,,0,0,34.081861839289985,-118.28081951742492,reconstructed,0.5894223909998948,113,4390,181,16.98,4.7,10.54,20.13,2.22,4.2,1.56,9.84,111,recreation_center_count,osm_amenity_count,0.0020185461898968872
AR-34,48,US,649,BlockApportionment:US.BlockGroups;PointsLayer:US.BlockPoints,2.191,2.576,1,132,4265,127,219,47.13,1.42,107,48,US,649,BlockApportionment:US.BlockGroups;PointsLayer:US.BlockPoints,2.191,2.576,1,26.76,6.44,15.25,21.81,3.29,7.47,1.44,15.12,99,101,0.6475,17.47,29.74,16.36,0,0,,,24,1,0,0,0,2,1,0,1,0,0,1,451,471,0,0,3,36,3140.64,81.03,33,3068.79,81.03,0,0.0,1059.06,2,2,1775.11,93.66,6.14,1,0.0,0,4.69,1,100.0,1,0.0,0,1.95,17.35,59.82,1.24,21.59,5,71.29,44,34,1,34.07727784888888,-118.28054525666666,3,1,34.074076340881376,-118.28081187828238,detection_avg,0.6592559295657516,132,4265,219,26.76,6.44,15.25,21.81,3.29,7.47,1.42,15.12,101,2023 Pop w/Income Below Poverty Level (ACS 5-Yr): Percent,adult_recreation_count,0.006376395101535436
AR-35,18,US,619,BlockApportionment:US.BlockGroups;PointsLayer:US.BlockPoints,2.191,2.576,1,104,13369,84,140,48.59,1.83,80,18,US,619,BlockApportionment:US.BlockGroups;PointsLayer:US.BlockPoints,2.191,2.576,1,22.57,7.51,17.37,26.52,4.38,10.42,1.15,15.67,73,74,0.6475,17.47,29.74,16.36,0,0,,,42,0,0,0,0,1,1,0,0,0,0,0,855,851,0,0,3,12,732.08,288.05,0,0.0,906.01,0,0.0,871.4,4,0,0.0,913.41,0.0,0,0.0,0,0.0,0,100.0,1,0.0,0,0.69,11.21,65.52,1.03,22.24,5,75.66,44,35,1,34.06946039384615,-118.28065911,2,1,34.066290842472775,-118.28080423913984,detection_avg,0.659217523777026,104,13369,140,22.57,7.51,17.37,26.52,4.38,10.42,1.83,15.67,74,pct_below_poverty,lausd_school_site_count,0.00934505056992668
AR-36,38,US,589,BlockApportionment:US.BlockGroups;PointsLayer:US.BlockPoints,2.191,2.576,1,134,8195,88,129,65.04,2.09,45,38,US,589,BlockApportionment:US.BlockGroups;PointsLayer:US.BlockPoints,2.191,2.576,1,26.57,6.61,29.24,30.28,7.44,9.86,1.68,14.51,47,46,0.6475,17.47,29.74,16.36,0,0,,,75,0,0,1,1,3,1,2,0,0,1,1,772,759,0,2,8,15,943.85,25.37,0,0.0,1694.86,0,0.0,1371.12,3,0,0.0,1722.25,14.35,1,0.0,0,1.33,1,100.0,1,0.0,0,1.06,17.73,60.46,3.9,17.91,5,72.0,44,36,1,34.060113117499995,-118.28209047,4,1,34.058505344064166,-118.2807965999973,detection_avg,0.6863500900362686,134,8195,129,26.57,6.61,29.24,30.28,7.44,9.86,2.09,14.51,46,pct_below_poverty,library_count,-0.030795977475576646
AR-37,2,US,553,BlockApportionment:US.BlockGroups;PointsLayer:US.BlockPoints,2.191,2.576,1,88,11019,71,164,73.74,0.97,52,2,US,553,BlockApportionment:US.BlockGroups;PointsLayer:US.BlockPoints,2.191,2.576,1,27.25,6.45,23.38,33.48,9.49,15.17,1.11,20.23,52,52,0.6475,17.47,29.74,16.36,0,0,,,57,0,0,1,0,0,0,0,1,0,0,2,901,857,0,1,0,38,1805.98,57.75,0,0.0,1142.07,0,0.0,2120.4,9,0,0.0,1208.5,2.68,1,0.0,0,2.7,1,100.0,1,0.0,0,0.0,8.29,75.82,1.55,14.34,5,83.07,44,37,1,34.053280200416665,-118.2810200175,0,1,34.050719845655564,-118.28078896085478,detection_avg,0.6899405105977194,88,11019,164,27.25,6.45,23.38,33.48,9.49,15.17,0.97,20.23,52,2023 Pop w/Income Below Poverty Level (ACS 5-Yr): Percent,adult_recreation_count,0.011614357986372446
AR-38,16,US,517,BlockApportionment:US.BlockGroups;PointsLayer:US.BlockPoints,2.191,2.576,1,143,7663,134,143,82.93,0.57,49,16,US,517,BlockApportionment:US.BlockGroups;PointsLayer:US.BlockPoints,2.191,2.576,1,31.73,6.61,27.96,25.44,11.97,17.13,1.01,20.25,56,57,0.6475,17.47,29.74,16.36,0,0,,,75,0,0,0,0,1,0,0,0,0,0,0,712,657,0,2,4,12,873.34,296.45,0,0.0,695.34,0,0.0,2933.88,8,0,0.0,736.7,20.89,1,0.0,0,6.95,1,100.0,1,0.0,0,0.18,12.21,69.03,1.06,17.7,5,78.27,44,38,1,34.04210089307692,-118.27956240307692,1,1,34.042934347246955,-118.28078132171224,detection_avg,0.705863971527769,143,7663,143,31.73,6.61,27.96,25.44,11.97,17.13,0.57,20.25,57,2023 Pop w/Income Below Poverty Level (ACS 5-Yr): Percent,police_station_count,-0.01029840152832813
AR-39,30,US,481,BlockApportionment:US.BlockGroups;PointsLayer:US.BlockPoints,2.191,2.576,1,178,3458,167,95,75.85,0.0,46,30,US,481,BlockApportionment:US.BlockGroups;PointsLayer:US.BlockPoints,2.191,2.576,1,33.93,5.58,34.01,33.7,13.62,6.48,0.0,13.94,56,58,0.6475,17.47,29.74,16.36,0,0,,,42,0,0,0,0,3,0,1,0,0,0,0,389,371,0,1,4,78,8257.39,53.39,45,6532.89,53.39,0,0.0,3770.23,3,2,1855.46,74.51,43.7,1,0.0,0,9.59,1,100.0,1,0.0,0,0.17,12.78,66.49,1.9,18.83,5,76.49,44,39,1,34.038035826666665,-118.28017402666669,3,1,34.035148848838354,-118.2807736825697,detection_avg,0.7033111380216577,178,3458,95,33.93,5.58,34.01,33.7,13.62,6.48,0.0,13.94,58,pct_below_poverty,lausd_school_site_count,-0.011477610405733049
AR-40,45,US,446,BlockApportionment:US.BlockGroups;PointsLayer:US.BlockPoints,2.191,2.576,1,113,4858,101,283,30.94,0.2,33,45,US,446,BlockApportionment:US.BlockGroups;PointsLayer:US.BlockPoints,2.191,2.576,1,17.67,1.6,53.1,41.29,2.86,1.39,0.22,2.74,45,44,0.6475,17.47,29.74,16.36,0,0,,,34,0,1,0,1,1,0,2,0,0,0,1,210,195,0,1,1,20,929.53,306.36,0,0.0,563.57,0,0.0,4617.04,5,0,0.0,567.75,63.16,1,0.0,0,6.25,1,100.0,1,0.0,0,3.02,22.2,52.93,1.24,23.62,5,66.14,44,40,1,34.029970719999994,-118.2806951475,1,1,34.027363350429745,-118.28076604342718,detection_avg,0.6070972871238617,113,4858,283,17.67,1.6,53.1,41.29,2.86,1.39,0.2,2.74,44,pct_below_poverty,lausd_school_site_count,-0.01569481932210379
AR-41,10,US,411,BlockApportionment:US.BlockGroups;PointsLayer:US.BlockPoints,2.191,2.576,1,125,4458,79,429,22.25,0.16,17,10,US,411,BlockApportionment:US.BlockGroups;PointsLayer:US.BlockPoints,2.191,2.576,1,16.9,2.31,71.58,48.75,7.54,0.51,0.11,5.22,25,24,0.6475,17.47,29.74,16.36,0,0,,,80,0,0,0,1,0,0,0,0,0,0,0,94,83,0,0,2,84,6129.48,27.68,38,3911.84,179.86,0,0.0,5104.65,16,2,1488.46,215.95,75.98,1,0.0,0,8.8,1,100.0,1,0.0,0,0.71,13.81,71.5,1.06,13.63,5,79.84,44,41,1,34.021807825,-118.276683185,0,1,34.01957785202114,-118.28075840428464,detection_avg,0.643514891026424,125,4458,429,16.9,2.31,71.58,48.75,7.54,0.51,0.16,5.22,24,2023 Pop w/Income Below Poverty Level (ACS 5-Yr): Percent,affordable_housing_count,0.008376209576209697
AR-42,25,US,376,BlockApportionment:US.BlockGroups;PointsLayer:US.BlockPoints,2.191,2.576,1,263,1956,192,550,60.12,4.41,51,25,US,376,BlockApportionment:US.BlockGroups;PointsLayer:US.BlockPoints,2.191,2.576,1,34.59,6.02,54.32,34.86,6.02,9.41,3.83,18.84,48,77,0.6475,17.47,29.74,16.36,0,0,,,54,0,0,0,0,1,0,0,0,0,0,2,358,311,0,1,0,104,8082.82,1.46,65,6539.57,1.46,0,0.0,5291.29,6,2,1745.8,20.25,73.4,1,0.0,0,5.5,1,100.0,1,0.0,0,0.17,6.54,85.03,1.72,6.71,5,89.47,44,42,1,34.012312593333334,-118.27794246266669,1,1,34.01179235361254,-118.2807507651421,detection_avg,0.6629488185545418,263,1956,550,34.59,6.02,54.32,34.86,6.02,9.41,4.41,18.84,77,2023 Pop w/Income Below Poverty Level (ACS 5-Yr): Percent,police_station_count,0.009051512185584556
AR-43,44,US,345,BlockApportionment:US.BlockGroups;PointsLayer:US.BlockPoints,2.191,2.576,1,129,5130,138,207,84.83,0.74,55,44,US,345,BlockApportionment:US.BlockGroups;PointsLayer:US.BlockPoints,2.191,2.576,1,29.24,6.23,21.14,35.9,10.82,13.77,0.91,18.77,54,54,0.6475,17.47,29.74,16.36,0,0,,,36,0,0,0,0,1,0,0,0,0,0,0,409,369,0,0,3,24,4679.9,9.71,24,4679.9,9.71,0,0.0,5450.76,3,2,1729.62,29.67,66.45,1,0.0,0,13.12,1,100.0,1,0.0,0,3.01,11.17,78.9,1.95,7.98,5,84.33,44,43,1,34.005359735,-118.28064862,1,1,34.00400685520393,-118.28074312599958,detection_avg,0.7032967230805452,129,5130,207,29.24,6.23,21.14,35.9,10.82,13.77,0.74,18.77,54,pct_below_poverty,lausd_school_site_count,0.0069498784896718435
AR-44,15,US,316,BlockApportionment:US.BlockGroups;PointsLayer:US.BlockPoints,2.191,2.576,1,151,5737,168,140,80.58,2.19,66,15,US,316,BlockApportionment:US.BlockGroups;PointsLayer:US.BlockPoints,2.191,2.576,1,30.7,6.29,22.05,34.55,9.08,7.29,1.4,24.79,65,65,0.6475,17.47,29.74,16.36,0,0,,,27,0,0,0,0,0,0,0,0,0,0,0,410,356,0,1,0,14,4340.15,0.66,14,4340.15,0.66,0,0.0,5679.97,0,2,1732.97,1.65,49.26,1,0.0,0,6.01,1,100.0,1,0.0,0,1.9,8.97,81.72,0.52,8.79,5,86.63,44,44,1,33.99669855571428,-118.28003174571428,0,1,33.99622135679533,-118.28073548685704,detection_avg,0.6951735778651343,151,5737,140,30.7,6.29,22.05,34.55,9.08,7.29,2.19,24.79,65,2023 Pop w/Income Below Poverty Level (ACS 5-Yr): Percent,police_station_count,-0.0046341258606842975
AR-45,38,US,289,BlockApportionment:US.BlockGroups;PointsLayer:US.BlockPoints,2.191,2.576,1,180,4916,192,76,77.79,1.61,68,38,US,289,BlockApportionment:US.BlockGroups;PointsLayer:US.BlockPoints,2.191,2.576,1,34.04,7.39,24.61,35.79,13.07,9.33,1.02,25.27,79,81,0.6475,17.47,29.74,16.36,0,0,,,48,0,0,0,0,0,0,0,0,0,0,1,322,294,0,2,0,64,5831.12,3.46,39,4968.37,3.46,0,0.0,5743.16,3,2,1729.39,8.59,9.26,1,0.0,0,3.58,1,100.0,1,0.0,0,1.42,9.04,82.62,0.71,7.62,5,87.41,44,45,1,33.98734912,-118.28384555,0,1,33.98843585838672,-118.2807278477145,detection_avg,0.6951576840351568,180,4916,76,34.04,7.39,24.61,35.79,13.07,9.33,1.61,25.27,81,2023 Pop w/Income Below Poverty Level (ACS 5-Yr): Percent,police_station_count,-0.007393137021386091
AR-46,12,US,263,BlockApportionment:US.BlockGroups;PointsLayer:US.BlockPoints,2.191,2.576,1,155,4503,165,140,81.48,1.56,63,12,US,263,BlockApportionment:US.BlockGroups;PointsLayer:US.BlockPoints,2.191,2.576,1,35.75,7.17,26.64,30.0,7.03,13.13,0.99,22.6,68,69,0.6475,17.47,29.74,16.36,0,0,,,36,0,0,0,0,0,0,0,0,0,0,0,286,272,0,1,3,43,4692.54,0.79,43,4692.54,0.79,0,0.0,4885.11,2,2,1731.3,3.35,4.59,1,0.0,0,4.59,1,100.0,1,0.0,0,1.03,11.03,78.97,1.03,8.97,5,84.97,44,46,1,33.9854657,-118.28296192,0,1,33.98065035997812,-118.28072020857198,detection_avg,0.7139234859430228,155,4503,140,35.75,7.17,26.64,30.0,7.03,13.13,1.56,22.6,69,2023 Pop w/Income Below Poverty Level (ACS 5-Yr): Percent,police_station_count,-0.009377282224866952
AR-47,37,US,238,BlockApportionment:US.BlockGroups;PointsLayer:US.BlockPoints,2.191,2.576,1,131,4073,146,102,77.71,2.53,58,37,US,238,BlockApportionment:US.BlockGroups;PointsLayer:US.BlockPoints,2.191,2.576,1,36.14,9.65,26.34,27.97,3.76,11.64,2.24,25.87,61,63,0.6475,17.47,29.74,16.36,0,0,,,33,0,0,0,0,0,0,0,0,0,0,0,346,301,0,1,0,45,5411.13,0.37,33,4417.28,3.86,0,0.0,4029.88,6,2,1729.31,0.57,1.8,1,0.0,0,1.8,1,100.0,1,0.0,0,0.71,8.16,77.84,0.89,13.12,5,84.28,44,47,1,33.974004898333334,-118.28150466833334,0,1,33.97286486156951,-118.28071256942944,detection_avg,0.6833922761335994,131,4073,102,36.14,9.65,26.34,27.97,3.76,11.64,2.53,25.87,63,2023 Pop w/Income Below Poverty Level (ACS 5-Yr): Percent,police_station_count,-0.009118832496062584
AR-48,14,US,215,BlockApportionment:US.BlockGroups;PointsLayer:US.BlockPoints,2.191,2.576,1,154,5677,193,119,75.07,1.19,53,14,US,215,BlockApportionment:US.BlockGroups;PointsLayer:US.BlockPoints,2.191,2.576,1,30.66,11.7,29.84,34.51,5.95,9.3,0.81,22.99,56,57,0.6475,17.47,29.74,16.36,0,0,,,30,0,0,0,0,0,0,0,0,0,0,1,269,254,0,0,0,46,4474.72,3.16,46,4474.72,3.16,0,0.0,3179.77,2,2,1729.3,0.23,0.0,0,0.0,0,0.0,0,100.0,1,0.0,0,0.35,7.27,74.82,0.89,17.02,5,82.27,44,48,1,33.96528008,-118.28401296,0,1,33.96507936316091,-118.2807049302869,detection_avg,0.7001002044256573,154,5677,119,30.66,11.7,29.84,34.51,5.95,9.3,1.19,22.99,57,2023 Pop w/Income Below Poverty Level (ACS 5-Yr): Percent,police_station_count,-0.01082804940103511
AR-49,40,US,191,BlockApportionment:US.BlockGroups;PointsLayer:US.BlockPoints,2.191,2.576,1,189,2706,177,255,71.88,2.16,51,40,US,191,BlockApportionment:US.BlockGroups;PointsLayer:US.BlockPoints,2.191,2.576,1,40.4,8.0,35.7,31.49,6.22,7.28,1.52,23.37,56,57,0.6475,17.47,29.74,16.36,0,0,,,54,0,0,0,0,1,0,0,0,0,0,1,314,278,0,0,4,77,7287.12,6.72,50,5551.12,6.72,0,0.0,2340.35,6,2,1729.33,1.65,0.0,0,0.0,0,0.0,0,100.0,1,0.0,0,0.17,6.72,78.28,0.52,14.48,5,84.74,44,49,1,33.96006746,-118.2798947975,1,1,33.9572938647523,-118.28069729114438,detection_avg,0.6946336316923236,189,2706,255,40.4,8.0,35.7,31.49,6.22,7.28,2.16,23.37,57,pct_below_poverty,library_count,0.009952787797981647
AR-50,17,US,168,BlockApportionment:US.BlockGroups;PointsLayer:US.BlockPoints,2.191,2.576,1,172,4364,191,305,72.3,1.56,46,17,US,168,BlockApportionment:US.BlockGroups;PointsLayer:US.BlockPoints,2.191,2.576,1,43.49,9.12,33.7,44.7,7.58,5.18,1.45,27.35,48,49,0.6475,17.47,29.74,16.36,0,0,,,21,0,0,1,0,1,1,0,0,0,0,0,229,195,0,0,4,32,4007.98,39.04,32,4007.98,39.04,0,0.0,1529.29,1,2,1748.19,41.86,0.0,0,0.0,0,0.0,0,100.0,1,0.0,0,0.0,12.23,64.36,1.77,21.63,5,75.05,44,50,1,33.951895,-118.28076821,2,1,33.9495083663437,-118.28068965200184,detection_avg,0.6426107370693082,172,4364,305,43.49,9.12,33.7,44.7,7.58,5.18,1.56,27.35,49,pct_below_poverty,library_count,-0.06440253804772293
AR-51,49,US,150,BlockApportionment:US.BlockGroups;PointsLayer:US.BlockPoints,2.191,2.576,1,168,3617,196,171,66.38,0.45,74,49,US,150,BlockApportionment:US.BlockGroups;PointsLayer:US.BlockPoints,2.191,2.576,1,29.11,9.09,29.91,35.84,6.03,7.3,0.79,27.7,65,65,0.6475,17.47,29.74,16.36,0,0,,,32,0,0,0,0,1,1,0,0,0,0,0,208,206,0,0,1,32,4122.07,56.03,32,4122.07,56.03,0,0.0,833.94,2,2,1732.9,61.92,0.0,0,0.0,0,0.0,0,100.0,1,0.0,0,0.86,13.45,64.14,0.86,21.55,5,74.64,44,51,0,,,2,0,33.94172286793509,-118.2806820128593,reconstructed,0.661229934579282,168,3617,171,29.11,9.09,29.91,35.84,6.03,7.3,0.45,27.7,65,2023 Pop w/Income Below Poverty Level (ACS 5-Yr): Percent,police_station_count,-0.010827163047850067
AR-52,37,US,138,BlockApportionment:US.BlockGroups;PointsLayer:US.BlockPoints,2.191,2.576,1,176,3468,189,86,68.97,1.24,64,37,US,138,BlockApportionment:US.BlockGroups;PointsLayer:US.BlockPoints,2.191,2.576,1,42.9,10.17,27.94,50.75,8.8,7.59,1.03,25.81,65,66,0.6475,17.47,29.74,16.36,0,0,,,18,0,0,0,0,1,1,0,0,0,0,0,226,206,0,1,1,52,8204.76,13.54,46,7642.82,13.54,0,0.0,739.83,0,2,1734.16,43.46,0.0,0,0.0,0,0.0,0,100.0,1,0.0,0,0.53,10.28,70.39,1.06,18.26,5,79.11,44,52,1,33.9341409,-118.28100324999998,2,1,33.93393736952649,-118.28067437371676,detection_avg,0.673925624160085,176,3468,86,42.9,10.17,27.94,50.75,8.8,7.59,1.24,25.81,66,2023 Pop w/Income Below Poverty Level (ACS 5-Yr): Percent,police_station_count,-0.010287454050852093
AR-53,26,US,127,BlockApportionment:US.BlockGroups;PointsLayer:US.BlockPoints,2.191,2.576,1,142,2270,159,143,65.68,1.27,75,26,US,127,BlockApportionment:US.BlockGroups;PointsLayer:US.BlockPoints,2.191,2.576,1,37.44,4.84,23.37,38.66,8.64,6.68,0.83,18.85,80,84,0.6475,17.47,29.74,16.36,0,0,,,92,0,0,0,0,0,0,0,0,0,0,0,92,101,0,0,0,109,17946.11,2.47,77,16398.21,2.47,0,0.0,1376.36,3,4,3556.79,6.89,0.0,0,0.0,0,0.0,0,100.0,1,0.0,0,1.55,19.17,60.97,1.04,18.83,5,72.21,44,53,1,33.92713685,-118.27893135,0,1,33.92615187111788,-118.28066673457424,detection_avg,0.6626188723460751,142,2270,143,37.44,4.84,23.37,38.66,8.64,6.68,1.27,18.85,84,2023 Pop w/Income Below Poverty Level (ACS 5-Yr): Percent,police_station_count,-0.006038179495564119
AR-54,18,US,119,BlockApportionment:US.BlockGroups;PointsLayer:US.BlockPoints,2.191,2.576,1,244,2741,215,205,60.56,3.09,77,18,US,119,BlockApportionment:US.BlockGroups;PointsLayer:US.BlockPoints,2.191,2.576,1,44.59,7.17,20.71,25.19,4.3,8.82,3.27,22.2,97,103,0.6475,17.47,29.74,16.36,0,0,,,15,0,0,0,0,0,0,0,0,0,0,1,127,109,0,0,0,37,5087.71,155.13,15,3688.71,155.13,0,0.0,1886.81,0,2,1485.56,161.8,0.0,0,0.0,0,0.0,0,100.0,1,0.0,0,3.37,23.09,54.88,1.07,20.96,5,67.4,44,54,1,33.91929325,-118.28297862,0,1,33.91836637270928,-118.2806590954317,detection_avg,0.6154439567897745,244,2741,205,44.59,7.17,20.71,25.19,4.3,8.82,3.09,22.2,103,2023 Pop 35-64: No Health Insurance (ACS 5-Yr): Percent,affordable_housing_count,-0.004521388592864377
AR-55,13,US,114,BlockApportionment:US.BlockGroups;PointsLayer:US.BlockPoints,2.191,2.576,1,996,108,418,0,58.33,0.0,0,13,US,114,BlockApportionment:US.BlockGroups;PointsLayer:US.BlockPoints,2.191,2.576,1,0.0,0.0,8.33,0.0,0.0,8.33,0.0,25.0,0,0,0.6475,17.47,29.74,16.36,0,0,,,0,0,0,0,0,0,0,0,0,0,0,0,98,100,0,1,0,9,864.62,179.13,0,0.0,503.97,0,0.0,2096.47,0,0,0.0,525.84,0.0,0,0.0,0,0.0,0,100.0,1,0.0,0,0.35,5.32,86.88,0.35,7.45,5,90.71,44,55,0,,,0,0,33.91058087430067,-118.28065145628916,reconstructed,0.5621214591944819,996,108,0,0.0,0.0,8.33,0.0,0.0,8.33,0.0,25.0,0,total_population,police_station_count,0.01265045936771925
AR-56,10,US,111,BlockApportionment:US.BlockGroups;PointsLayer:US.BlockPoints,2.191,2.576,1,294,106,142,157,69.81,1.09,154,10,US,111,BlockApportionment:US.BlockGroups;PointsLayer:US.BlockPoints,2.191,2.576,1,47.83,4.35,6.96,0.0,2.3,1.74,1.02,29.89,138,131,0.6475,17.47,29.74,16.36,0,0,,,12,0,0,0,0,0,1,0,0,0,0,0,58,54,0,0,0,20,1770.92,179.93,1,30.15,490.41,0,0.0,2593.34,0,0,0.0,526.88,0.0,0,0.0,0,0.0,0,100.0,1,0.0,0,0.52,5.18,83.59,1.04,10.19,5,88.36,44,56,0,,,1,0,33.90279537589207,-118.28064381714664,reconstructed,0.5614345366918748,294,106,157,47.83,4.35,6.96,0.0,2.3,1.74,1.09,29.89,131,total_population,police_station_count,0.01269067600065359
AR-57,8,US,109,BlockApportionment:US.BlockGroups;PointsLayer:US.BlockPoints,2.191,2.576,1,301,464,145,167,66.38,1.52,158,8,US,109,BlockApportionment:US.BlockGroups;PointsLayer:US.BlockPoints,2.191,2.576,1,49.02,3.92,8.42,0.0,1.96,2.71,1.96,27.37,139,135,0.6475,17.47,29.74,16.36,0,0,,,0,0,0,0,0,0,0,0,0,0,0,0,44,40,0,0,0,18,1567.91,219.16,2,41.44,480.8,0,0.0,2077.37,1,1,10.47,487.95,0.0,0,0.0,0,0.0,0,100.0,1,0.0,0,1.07,8.01,81.85,0.36,9.79,5,86.97,44,57,0,,,0,0,33.89500987748347,-118.2806361780041,reconstructed,0.556468166955969,301,464,167,49.02,3.92,8.42,0.0,1.96,2.71,1.52,27.37,135,total_population,police_station_count,0.006470583676507276
AR-58,5,US,106,BlockApportionment:US.BlockGroups;PointsLayer:US.BlockPoints,2.191,2.576,1,233,609,121,143,57.31,2.66,69,5,US,106,BlockApportionment:US.BlockGroups;PointsLayer:US.BlockPoints,2.191,2.576,1,48.74,0.42,15.04,17.39,1.5,12.58,2.09,25.05,70,73,0.6475,17.47,29.74,16.36,0,0,,,0,0,0,0,0,0,0,0,0,0,0,0,41,48,0,1,0,25,2386.48,189.13,8,1026.5,419.47,0,0.0,1300.46,0,2,425.82,427.07,0.0,0,0.0,0,0.0,0,100.0,1,0.0,0,1.72,7.93,86.21,0.52,5.34,5,89.83,44,58,0,,,0,0,33.88722437907486,-118.28062853886156,reconstructed,0.6068342425040403,233,609,143,48.74,0.42,15.04,17.39,1.5,12.58,2.66,25.05,73,total_population,police_station_count,0.0045032197642558055
AR-59,2,US,103,BlockApportionment:US.BlockGroups;PointsLayer:US.BlockPoints,2.191,2.576,1,167,1440,118,114,60.07,5.77,67,2,US,103,BlockApportionment:US.BlockGroups;PointsLayer:US.BlockPoints,2.191,2.576,1,47.39,7.75,16.77,7.17,1.42,10.18,5.19,21.76,63,63,0.6475,17.47,29.74,16.36,0,0,,,0,0,0,0,0,0,0,0,0,0,0,0,62,66,0,0,0,35,2680.3,158.5,22,1615.29,364.05,0,0.0,749.65,1,2,771.62,369.54,0.0,0,0.0,0,0.0,0,100.0,1,0.0,0,2.49,12.26,75.84,0.0,11.9,5,82.34,44,59,0,,,0,0,33.87943888066626,-118.28062089971904,reconstructed,0.6213131976019439,167,1440,114,47.39,7.75,16.77,7.17,1.42,10.18,5.77,21.76,63,2023 Pop 35-64: No Health Insurance (ACS 5-Yr): Percent,affordable_housing_count,-0.0038484340479159533
AR-60,49,US,100,BlockApportionment:US.BlockGroups;PointsLayer:US.BlockPoints,2.191,2.576,1,167,268,135,67,60.07,10.22,68,49,US,100,BlockApportionment:US.BlockGroups;PointsLayer:US.BlockPoints,2.191,2.576,1,38.46,19.23,18.39,6.45,2.31,3.14,11.7,13.29,66,66,0.6475,17.47,29.74,16.36,0,0,,,15,0,0,0,0,0,0,0,0,0,0,0,49,60,0,0,0,72,7730.37,24.09,63,6628.31,24.09,0,0.0,771.89,0,6,2665.1,53.94,0.0,0,0.0,0,0.0,0,100.0,1,0.0,0,3.11,16.44,70.42,1.56,11.59,5,78.36,44,60,0,,,0,0,33.87165338225765,-118.2806132605765,reconstructed,0.6253105311619531,167,268,67,38.46,19.23,18.39,6.45,2.31,3.14,10.22,13.29,66,total_population,police_station_count,0.00963205720112167
AR-61,46,US,97,BlockApportionment:US.BlockGroups;PointsLayer:US.BlockPoints,2.191,2.576,1,247,16,171,0,31.25,6.25,0,46,US,97,BlockApportionment:US.BlockGroups;PointsLayer:US.BlockPoints,2.191,2.576,1,0.0,0.0,12.5,0.0,0.0,5.0,6.67,14.81,0,239,0.6475,17.47,29.74,16.36,0,0,,,12,0,0,0,0,0,0,0,0,0,0,0,55,46,0,0,1,41,3380.65,68.2,16,1931.81,365.64,0,0.0,499.14,2,2,813.5,365.75,2.04,1,0.0,0,2.04,1,100.0,1,0.0,0,0.18,7.82,80.64,0.36,11.19,5,86.39,44,61,0,,,0,0,33.863867883849046,-118.28060562143396,reconstructed,0.5628947836292614,247,16,0,0.0,0.0,12.5,0.0,0.0,5.0,6.25,14.81,239,total_population,police_station_count,0.014563193792519233
AR-62,43,US,94,BlockApportionment:US.BlockGroups;PointsLayer:US.BlockPoints,2.191,2.576,1,0,0,0,0,0.0,0.0,0,43,US,94,BlockApportionment:US.BlockGroups;PointsLayer:US.BlockPoints,2.191,2.576,1,0.0,0.0,0.0,0.0,0.0,0.0,0.0,0.0,0,0,0.6475,17.47,29.74,16.36,0,0,,,0,0,0,0,0,0,0,0,0,0,0,0,5,3,0,0,0,113,10173.03,58.06,71,7126.43,237.36,1,969.13,1.54,0,4,2262.61,295.61,26.77,1,0.0,0,20.26,1,100.0,1,0.0,0,0.71,11.72,63.41,2.66,22.2,5,74.17,44,62,0,,,0,0,33.85608238544044,-118.28059798229144,reconstructed,0.5399332074589148,0,0,0,0.0,0.0,0.0,0.0,0.0,0.0,0.0,0.0,0,total_crime_est,police_station_count,0.01563103795160291
AR-63,41,US,92,BlockApportionment:US.BlockGroups;PointsLayer:US.BlockPoints,2.191,2.576,1,152,665,146,76,41.95,0.0,100,41,US,92,BlockApportionment:US.BlockGroups;PointsLayer:US.BlockPoints,2.191,2.576,1,0.0,0.0,33.33,0.0,0.0,0.0,0.0,33.33,105,108,0.6475,17.47,29.74,16.36,0,0,,,0,0,0,0,0,0,0,0,0,0,0,0,9,4,0,0,0,90,8935.3,41.47,36,4462.78,276.16,0,0.0,506.92,0,4,2167.72,300.52,0.01,1,0.0,0,0.01,1,100.0,1,0.0,0,0.17,20.52,51.38,0.86,27.24,5,65.91,44,63,0,,,0,0,33.84829688703184,-118.2805903431489,reconstructed,0.5971992853782613,152,665,76,0.0,0.0,33.33,0.0,0.0,0.0,0.0,33.33,108,pct_below_poverty,lausd_school_site_count,-0.009344535419584734
AR-64,39,US,90,BlockApportionment:US.BlockGroups;PointsLayer:US.BlockPoints,2.191,2.576,1,266,583,242,69,47.68,6.44,113,39,US,90,BlockApportionment:US.BlockGroups;PointsLayer:US.BlockPoints,2.191,2.576,1,26.77,0.79,10.73,8.33,2.74,1.42,6.24,27.95,120,122,0.6475,17.47,29.74,16.36,0,0,,,0,0,0,0,0,0,0,0,0,0,0,0,20,17,0,0,0,60,3497.28,2.96,12,404.49,395.72,2,1034.72,277.39,2,2,154.08,457.34,3.3,1,0.0,0,0.0,0,100.0,1,0.0,0,0.36,12.63,66.55,0.53,20.28,5,76.48,44,64,0,,,0,0,33.84051138862323,-118.28058270400636,reconstructed,0.5423532038207212,266,583,69,26.77,0.79,10.73,8.33,2.74,1.42,6.44,27.95,122,total_population,police_station_count,0.004833378005655762
AR-65,37,US,88,BlockApportionment:US.BlockGroups;PointsLayer:US.BlockPoints,2.191,2.576,1,200,2261,200,45,43.79,8.74,139,37,US,88,BlockApportionment:US.BlockGroups;PointsLayer:US.BlockPoints,2.191,2.576,1,26.63,12.87,18.71,21.14,0.19,3.63,9.26,17.01,99,96,0.6475,17.47,29.74,16.36,0,0,,,0,0,0,0,0,0,0,0,0,0,0,0,21,28,0,0,0,38,1834.56,190.85,0,0.0,585.01,0,0.0,834.41,11,0,0.0,587.28,0.0,0,0.0,0,0.0,0,100.0,1,0.0,0,0.69,15.17,61.03,0.69,23.1,5,72.51,44,65,0,,,0,0,33.832725890214626,-118.28057506486384,reconstructed,0.6187342951448818,200,2261,45,26.63,12.87,18.71,21.14,0.19,3.63,8.74,17.01,96,total_crime_est,affordable_housing_count,-0.004029634780499153
AR-66,35,US,86,BlockApportionment:US.BlockGroups;PointsLayer:US.BlockPoints,2.191,2.576,1,49,3921,47,207,30.58,4.49,118,35,US,86,BlockApportionment:US.BlockGroups;PointsLayer:US.BlockPoints,2.191,2.576,1,33.78,4.99,6.44,21.21,3.82,7.81,2.93,16.52,93,94,0.6475,17.47,29.74,16.36,0,0,,,0,0,1,0,0,0,0,0,0,0,0,0,17,13,0,0,2,15,1139.32,378.85,0,0.0,510.14,0,0.0,1167.56,0,0,0.0,586.63,0.0,0,0.0,0,0.0,0,100.0,1,0.0,0,1.07,20.96,55.06,0.71,23.27,5,68.22,44,66,0,,,0,0,33.82494039180602,-118.2805674257213,reconstructed,0.5692064318207145,49,3921,207,33.78,4.99,6.44,21.21,3.82,7.81,4.49,16.52,94,2023 Pop w/Income Below Poverty Level (ACS 5-Yr): Percent,fire_station_count,0.00746005070643341
AR-67,33,US,84,BlockApportionment:US.BlockGroups;PointsLayer:US.BlockPoints,2.191,2.576,1,80,4114,87,98,36.63,3.49,147,33,US,84,BlockApportionment:US.BlockGroups;PointsLayer:US.BlockPoints,2.191,2.576,1,30.93,6.48,11.33,21.74,3.54,4.66,2.56,17.31,121,123,0.6475,17.47,29.74,16.36,0,0,,,0,0,0,0,0,0,0,0,0,0,0,0,17,14,0,0,1,6,390.84,437.51,0,0.0,586.54,0,0.0,688.54,0,0,0.0,581.76,0.0,0,0.0,0,0.0,0,100.0,1,0.0,0,1.56,11.76,71.63,0.69,15.92,5,79.67,44,67,0,,,0,0,33.817154893397415,-118.28055978657876,reconstructed,0.5630700915923776,80,4114,98,30.93,6.48,11.33,21.74,3.54,4.66,3.49,17.31,123,pct_below_poverty,lausd_school_site_count,0.004565401367606951
AR-68,31,US,82,BlockApportionment:US.BlockGroups;PointsLayer:US.BlockPoints,2.191,2.576,1,126,2458,130,71,42.76,3.44,159,31,US,82,BlockApportionment:US.BlockGroups;PointsLayer:US.BlockPoints,2.191,2.576,1,25.0,6.21,7.25,83.52,5.1,3.69,3.54,22.0,126,126,0.6475,17.47,29.74,16.36,0,0,,,0,0,0,0,0,0,0,0,0,0,0,0,16,11,0,0,2,15,1707.03,335.25,0,0.0,542.17,0,0.0,542.43,0,0,0.0,585.95,0.0,0,0.0,0,0.0,0,100.0,1,0.0,0,2.49,20.11,67.08,0.36,12.46,5,76.21,44,68,0,,,0,0,33.809369394988806,-118.28055214743624,reconstructed,0.6089744057005556,126,2458,71,25.0,6.21,7.25,83.52,5.1,3.69,3.44,22.0,126,2023 Pop w/Income Below Poverty Level (ACS 5-Yr): Percent,police_station_count,0.003420786123754204
AR-69,26,US,77,BlockApportionment:US.BlockGroups;PointsLayer:US.BlockPoints,2.191,2.576,1,0,0,0,0,0.0,0.0,0,26,US,77,BlockApportionment:US.BlockGroups;PointsLayer:US.BlockPoints,2.191,2.576,1,0.0,0.0,0.0,0.0,0.0,0.0,0.0,0.0,0,0,0.6475,17.47,29.74,16.36,0,0,,,0,0,0,0,0,0,0,0,0,0,0,0,0,0,0,0,0,0,0.0,514.55,0,0.0,709.32,0,0.0,625.57,0,0,0.0,718.28,0.0,0,0.0,0,0.0,0,100.0,1,0.0,0,1.77,9.57,75.35,0.35,14.72,5,82.21,44,69,0,,,0,0,33.801583896580205,-118.2805445082937,reconstructed,0.5080692477030425,0,0,0,0.0,0.0,0.0,0.0,0.0,0.0,0.0,0.0,0,total_crime_est,police_station_count,0.01563103795160291
AR-70,18,US,69,BlockApportionment:US.BlockGroups;PointsLayer:US.BlockPoints,2.191,2.576,1,86,1662,105,117,81.53,2.55,131,18,US,69,BlockApportionment:US.BlockGroups;PointsLayer:US.BlockPoints,2.191,2.576,1,23.92,1.78,4.41,50.0,3.99,7.1,2.81,25.48,94,95,0.6475,17.47,29.74,16.36,0,0,,,0,0,0,0,0,0,0,0,1,0,0,0,66,53,0,0,0,12,1798.23,303.63,12,1798.23,303.63,1,92.54,350.71,0,2,1257.07,305.53,0.0,0,0.0,0,0.0,0,100.0,1,0.0,0,4.84,26.94,54.23,0.86,17.96,5,66.51,44,70,0,,,0,0,33.7937983981716,-118.28053686915116,reconstructed,0.550037537078463,86,1662,117,23.92,1.78,4.41,50.0,3.99,7.1,2.55,25.48,95,2023 Pop w/Income Below Poverty Level (ACS 5-Yr): Percent,adult_recreation_count,-0.013594603058239032
AR-71,8,US,59,BlockApportionment:US.BlockGroups;PointsLayer:US.BlockPoints,2.191,2.576,1,107,1771,102,133,84.87,4.13,93,8,US,59,BlockApportionment:US.BlockGroups;PointsLayer:US.BlockPoints,2.191,2.576,1,17.36,11.36,5.28,33.33,4.68,3.5,1.95,21.0,94,99,0.6475,17.47,29.74,16.36,0,0,,,48,0,0,0,1,0,0,0,0,0,0,0,75,71,0,0,0,46,3721.32,16.44,41,3497.03,16.44,0,0.0,486.77,1,4,2978.33,33.18,1.4,1,0.0,0,5.37,1,100.0,1,0.0,0,4.26,26.64,55.06,1.24,17.05,5,67.26,44,71,0,,,0,0,33.786012899762994,-118.28052923000864,reconstructed,0.6024678805450828,107,1771,133,17.36,11.36,5.28,33.33,4.68,3.5,4.13,21.0,99,2023 Pop w/Income Below Poverty Level (ACS 5-Yr): Percent,police_station_count,0.004672818825730425
AR-72,48,US,49,BlockApportionment:US.BlockGroups;PointsLayer:US.BlockPoints,2.191,2.576,1,98,1761,106,95,90.52,2.06,77,48,US,49,BlockApportionment:US.BlockGroups;PointsLayer:US.BlockPoints,2.191,2.576,1,15.68,7.33,20.38,27.64,3.3,6.28,2.14,27.17,88,89,0.6475,17.47,29.74,16.36,0,0,,,24,0,0,0,0,1,0,0,0,0,0,0,73,73,0,0,1,18,2944.91,12.17,18,2944.91,12.17,1,514.15,149.0,1,2,1736.88,53.65,9.79,1,0.0,0,3.16,1,100.0,1,0.0,0,6.06,24.22,53.63,3.46,18.69,5,65.72,44,72,0,,,1,0,33.778227401354386,-118.2805215908661,reconstructed,0.6128922226403298,98,1761,95,15.68,7.33,20.38,27.64,3.3,6.28,2.06,27.17,89,pct_below_poverty,lausd_school_site_count,-0.007971562852539017
AR-73,41,US,42,BlockApportionment:US.BlockGroups;PointsLayer:US.BlockPoints,2.191,2.576,1,148,483,128,83,88.82,0.97,46,41,US,42,BlockApportionment:US.BlockGroups;PointsLayer:US.BlockPoints,2.191,2.576,1,22.03,6.78,34.78,40.0,5.14,4.7,1.19,28.08,63,66,0.6475,17.47,29.74,16.36,0,0,,,0,0,0,0,0,0,0,0,0,0,0,0,36,39,0,0,0,33,4016.35,13.96,30,3788.33,13.96,0,0.0,895.8,0,2,1785.46,90.25,2.21,1,0.0,0,4.99,1,97.9,1,0.0,0,0.18,5.32,75.53,2.48,16.67,5,82.82,44,73,0,,,0,0,33.770441902945784,-118.28051395172356,reconstructed,0.6412805935918111,148,483,83,22.03,6.78,34.78,40.0,5.14,4.7,0.97,28.08,66,pct_below_poverty,library_count,0.008654289275808505
AR-74,36,US,37,BlockApportionment:US.BlockGroups;PointsLayer:US.BlockPoints,2.191,2.576,1,0,0,0,0,0.0,0.0,0,36,US,37,BlockApportionment:US.BlockGroups;PointsLayer:US.BlockPoints,2.191,2.576,1,0.0,0.0,0.0,0.0,0.0,0.0,0.0,0.0,0,0,0.6475,17.47,29.74,16.36,0,0,,,0,0,0,0,0,0,0,0,0,0,0,0,4,1,0,0,0,5,1433.73,200.5,5,1433.73,200.5,0,0.0,1100.88,0,2,1436.27,201.76,12.78,1,0.0,0,7.61,1,86.51,1,0.0,0,0.0,6.4,71.8,12.63,9.17,5,80.26,44,74,0,,,0,0,33.76265640453718,-118.28050631258102,reconstructed,0.5352234260438955,0,0,0,0.0,0.0,0.0,0.0,0.0,0.0,0.0,0.0,0,esri_market_idx_14068_forecast,la_geohub_fire_hazard_area_pct,-0.04781476750333176
AR-75,33,US,34,BlockApportionment:US.BlockGroups;PointsLayer:US.BlockPoints,2.191,2.576,0,0,0,0,0,0.0,0.0,0,33,US,34,BlockApportionment:US.BlockGroups;PointsLayer:US.BlockPoints,2.191,2.576,0,0.0,0.0,0.0,0.0,0.0,0.0,0.0,0.0,0,0,0.6475,17.47,29.74,16.36,0,0,,,0,0,0,0,0,0,0,0,0,0,0,0,0,0,0,0,0,0,0.0,567.81,0,0.0,567.81,0,0.0,822.05,0,0,0.0,719.6,24.82,1,0.0,0,15.42,1,62.75,1,0.0,0,0.0,2.67,73.49,18.33,5.52,5,81.44,44,75,0,,,0,0,33.75487090612857,-118.2804986734385,reconstructed,0.5180082408429814,0,0,0,0.0,0.0,0.0,0.0,0.0,0.0,0.0,0.0,0,2023 Pop w/Income Below Poverty Level (ACS 5-Yr): Percent,la_geohub_fire_hazard_area_pct,-0.023724802628830904
AR-76,27,US,28,BlockApportionment:US.BlockGroups;PointsLayer:US.BlockPoints,2.191,2.576,1,93,1371,109,229,81.04,6.32,62,27,US,28,BlockApportionment:US.BlockGroups;PointsLayer:US.BlockPoints,2.191,2.576,1,16.55,8.19,25.62,39.86,2.4,6.98,6.27,41.68,55,56,0.6475,17.47,29.74,16.36,0,0,,,3,0,0,0,0,0,0,0,0,0,0,0,76,64,0,0,0,17,2839.55,101.38,17,2839.55,101.38,0,0.0,716.16,3,4,1813.31,102.6,4.78,1,0.0,0,24.4,1,100.0,1,0.0,0,1.07,15.51,58.82,5.53,20.14,5,70.85,44,76,1,33.74795095,-118.28158103,0,1,33.74708540771997,-118.28049103429596,detection_avg,0.6111607024166619,93,1371,229,16.55,8.19,25.62,39.86,2.4,6.98,6.32,41.68,56,2023 Pop w/Income Below Poverty Level (ACS 5-Yr): Percent,police_station_count,-0.008441453688635888
AR-77,20,US,21,BlockApportionment:US.BlockGroups;PointsLayer:US.BlockPoints,2.191,2.576,1,160,4142,123,86,57.29,1.71,68,20,US,21,BlockApportionment:US.BlockGroups;PointsLayer:US.BlockPoints,2.191,2.576,1,27.2,8.3,21.16,18.55,1.95,9.06,1.22,23.6,84,83,0.6475,17.47,29.74,16.36,0,0,,,9,0,1,0,0,1,0,0,3,0,1,0,257,276,0,0,1,0,0.0,931.17,0,0.0,931.17,0,0.0,849.85,14,0,0.0,931.67,13.67,1,0.0,0,5.48,1,86.06,1,0.0,0,0.17,10.36,65.28,6.22,18.13,5,75.64,44,77,1,33.7424697,-118.28156752,1,1,33.73929990931136,-118.28048339515342,detection_avg,0.6517092346754216,160,4142,86,27.2,8.3,21.16,18.55,1.95,9.06,1.71,23.6,83,esri_market_idx_14068_forecast,la_geohub_fire_hazard_area_pct,0.07666915164893788
AR-78,13,US,14,BlockApportionment:US.BlockGroups;PointsLayer:US.BlockPoints,2.191,2.576,1,98,3433,117,181,67.46,3.8,63,13,US,14,BlockApportionment:US.BlockGroups;PointsLayer:US.BlockPoints,2.191,2.576,1,29.93,10.53,28.5,30.6,2.34,7.41,3.14,23.1,69,73,0.6475,17.47,29.74,16.36,0,0,,,0,0,0,0,0,1,0,0,0,0,0,7,213,194,0,0,0,0,0.0,1050.34,0,0.0,1771.42,0,0.0,1084.53,0,0,0.0,1770.7,6.53,1,0.0,0,19.02,1,95.25,1,0.0,0,1.6,14.44,58.47,5.17,21.93,5,70.45,44,78,1,33.72968898333333,-118.27849681,1,1,33.73151441090276,-118.2804757560109,detection_avg,0.6131803344066228,98,3433,181,29.93,10.53,28.5,30.6,2.34,7.41,3.8,23.1,73,esri_market_idx_14068_forecast,la_geohub_fire_hazard_area_pct,0.029766825741729713
AR-79,8,US,9,BlockApportionment:US.BlockGroups;PointsLayer:US.BlockPoints,2.191,2.576,1,87,591,88,90,59.73,6.27,91,8,US,9,BlockApportionment:US.BlockGroups;PointsLayer:US.BlockPoints,2.191,2.576,1,13.24,11.76,23.11,34.57,0.77,3.66,6.54,19.44,133,134,0.6475,17.47,29.74,16.36,0,0,,,0,0,0,0,0,0,0,0,0,0,0,0,74,67,0,0,0,0,0.0,1054.47,0,0.0,2534.62,0,0.0,1448.21,4,0,0.0,2591.4,0.97,1,0.0,0,25.23,1,100.0,1,0.0,0,0.52,20.9,54.75,6.56,17.79,5,68.17,44,79,0,,,0,0,33.72372891249415,-118.28046811686836,reconstructed,0.5498886407577357,87,591,90,13.24,11.76,23.11,34.57,0.77,3.66,6.27,19.44,134,2023 Pop w/Income Below Poverty Level (ACS 5-Yr): Percent,police_station_count,-0.0057546706012570805
AR-80,5,US,6,BlockApportionment:US.BlockGroups;PointsLayer:US.BlockPoints,2.191,2.576,1,16,639,22,129,30.67,23.83,132,5,US,6,BlockApportionment:US.BlockGroups;PointsLayer:US.BlockPoints,2.191,2.576,1,6.21,0.0,0.0,25.0,0.0,0.0,14.86,13.1,116,114,0.6475,17.47,29.74,16.36,0,0,,,0,0,1,0,0,0,0,0,0,0,0,0,30,25,0,0,0,0,0.0,1154.62,0,0.0,3341.65,0,0.0,1041.45,0,0,0.0,2922.85,0.0,0,0.0,0,5.9,1,71.9,1,0.0,0,0.36,9.27,45.45,34.76,10.52,5,61.71,44,80,0,,,0,0,33.71594341408555,-118.28046047772582,reconstructed,0.533449752925298,16,639,129,6.21,0.0,0.0,25.0,0.0,0.0,23.83,13.1,114,2023 Pop w/Income Below Poverty Level (ACS 5-Yr): Percent,la_geohub_fire_hazard_area_pct,-0.04485530475497146
AR-81,2,US,3,BlockApportionment:US.BlockGroups;PointsLayer:US.BlockPoints,2.191,2.576,1,56,21,42,0,38.1,14.29,76,2,US,3,BlockApportionment:US.BlockGroups;PointsLayer:US.BlockPoints,2.191,2.576,1,0.0,0.0,0.0,0.0,0.0,0.0,14.29,12.5,149,138,0.6475,17.47,29.74,16.36,0,0,,,0,0,0,0,0,0,0,0,0,0,0,0,11,5,0,0,0,0,0.0,1695.88,0,0.0,4171.73,0,0.0,835.71,0,0,0.0,3259.46,0.0,0,0.0,0,2.54,1,19.6,1,0.0,0,0.23,7.71,14.72,55.37,22.2,6,40.24,44,81,0,,,0,0,33.70815791567694,-118.2804528385833,reconstructed,0.5100787860417566,56,21,0,0.0,0.0,0.0,0.0,0.0,0.0,14.29,12.5,138,total_population,police_station_count,0.014455964435516083
AS-10,39,US,1340,BlockApportionment:US.BlockGroups;PointsLayer:US.BlockPoints,2.191,2.576,1,44,157,51,250,13.38,8.26,121,39,US,1340,BlockApportionment:US.BlockGroups;PointsLayer:US.BlockPoints,2.191,2.576,1,24.19,4.84,2.86,27.78,0.91,1.43,5.31,19.09,103,110,0.6475,17.47,29.74,16.36,0,0,,,0,0,0,0,0,0,0,0,0,0,0,0,2,1,0,0,0,0,0.0,1439.52,0,0.0,2838.93,5,1605.17,157.31,0,0,0.0,2840.74,0.0,0,0.0,0,0.0,0,90.25,1,0.0,0,15.64,86.94,4.47,3.44,5.15,2,28.44,45,10,0,,,0,0,34.260921488605774,-118.27288747390593,reconstructed,0.5416713992605547,44,157,250,24.19,4.84,2.86,27.78,0.91,1.43,8.26,19.09,110,2023 Pop w/Income Below Poverty Level (ACS 5-Yr): Percent,la_geohub_fire_hazard_area_pct,0.042527828797429036
AS-11,7,US,1308,BlockApportionment:US.BlockGroups;PointsLayer:US.BlockPoints,2.191,2.576,1,43,1318,58,126,15.1,5.44,144,7,US,1308,BlockApportionment:US.BlockGroups;PointsLayer:US.BlockPoints,2.191,2.576,1,27.46,6.08,9.64,17.7,2.3,2.26,4.16,22.51,121,124,0.6475,17.47,29.74,16.36,0,0,,,0,0,0,0,0,1,0,0,0,0,0,0,89,92,0,0,2,0,0.0,645.64,0,0.0,2002.48,7,954.99,122.88,0,0,0.0,2002.82,0.0,0,0.0,0,0.0,0,100.0,1,0.0,0,16.78,50.88,27.74,3.0,18.37,5,44.38,45,11,0,,,1,0,34.25313599019717,-118.27287983476336,reconstructed,0.5188728130659411,43,1318,126,27.46,6.08,9.64,17.7,2.3,2.26,5.44,22.51,124,total_crime_est,police_station_count,0.0046025555945421555
AS-12,25,US,1276,BlockApportionment:US.BlockGroups;PointsLayer:US.BlockPoints,2.191,2.576,1,53,1169,55,98,11.29,4.03,168,25,US,1276,BlockApportionment:US.BlockGroups;PointsLayer:US.BlockPoints,2.191,2.576,1,32.24,9.65,6.6,29.85,2.6,3.15,3.81,20.33,137,141,0.6475,17.47,29.74,16.36,0,0,,,15,0,0,0,0,0,0,0,0,0,0,0,173,149,0,0,0,20,1614.09,56.78,0,0.0,1167.96,9,977.21,200.32,6,0,0.0,1169.45,11.55,1,0.0,0,0.0,0,100.0,1,0.0,0,15.66,35.28,48.54,3.27,12.91,5,59.28,45,12,0,,,0,0,34.245350491788564,-118.27287219562083,reconstructed,0.5507853010560799,53,1169,98,32.24,9.65,6.6,29.85,2.6,3.15,4.03,20.33,141,2023 Pop w/Income Below Poverty Level (ACS 5-Yr): Percent,police_station_count,0.003881834490330252
AS-23,9,US,910,BlockApportionment:US.BlockGroups;PointsLayer:US.BlockPoints,2.191,2.576,1,75,2567,86,126,18.58,1.8,111,9,US,910,BlockApportionment:US.BlockGroups;PointsLayer:US.BlockPoints,2.191,2.576,1,34.78,4.69,13.3,35.18,4.17,3.39,1.11,21.74,119,125,0.6475,17.47,29.74,16.36,0,0,,,0,0,0,0,0,0,0,0,0,0,0,0,53,44,0,0,0,33,3604.45,292.44,31,3210.75,292.44,3,867.82,150.48,1,2,1194.14,341.93,0.0,0,0.0,0,0.0,0,100.0,1,0.0,0,3.72,21.63,58.51,1.95,17.91,5,69.84,45,23,0,,,0,0,34.15971000929391,-118.27278816505296,reconstructed,0.5640487484962662,75,2567,126,34.78,4.69,13.3,35.18,4.17,3.39,1.8,21.74,125,total_population,police_station_count,-0.0027006576060175677
AS-24,20,US,871,BlockApportionment:US.BlockGroups;PointsLayer:US.BlockPoints,2.191,2.576,1,79,2546,78,179,17.05,0.46,89,20,US,871,BlockApportionment:US.BlockGroups;PointsLayer:US.BlockPoints,2.191,2.576,1,37.39,4.19,14.79,47.5,6.41,7.56,0.7,18.15,98,101,0.6475,17.47,29.74,16.36,0,0,,,21,0,0,0,0,0,1,0,0,0,0,4,120,104,0,0,0,24,1367.7,94.1,7,319.01,402.98,0,0.0,584.94,0,1,53.11,471.44,0.0,0,0.0,0,0.0,0,100.0,1,0.0,0,1.72,8.78,77.8,1.38,12.05,5,83.94,45,24,0,,,1,0,34.15192451088531,-118.27278052591043,reconstructed,0.6126744566718915,79,2546,179,37.39,4.19,14.79,47.5,6.41,7.56,0.46,18.15,101,2023 Pop 35-64: No Health Insurance (ACS 5-Yr): Percent,affordable_housing_count,-0.004516963569517711
AS-25,41,US,842,BlockApportionment:US.BlockGroups;PointsLayer:US.BlockPoints,2.191,2.576,1,223,29,123,119,44.83,4.55,0,41,US,842,BlockApportionment:US.BlockGroups;PointsLayer:US.BlockPoints,2.191,2.576,1,0.0,0.0,9.09,50.0,0.0,4.55,7.32,5.0,0,0,0.6475,17.47,29.74,16.36,0,0,,,0,0,0,0,0,0,0,0,0,0,0,0,39,34,0,0,0,59,4170.04,23.08,34,3182.43,23.08,3,400.81,385.87,0,2,1899.64,35.47,0.0,0,0.0,0,0.0,0,100.0,1,0.0,0,5.31,13.27,73.1,2.48,11.15,5,79.58,45,25,0,,,0,0,34.1441390124767,-118.27277288676792,reconstructed,0.5663656631820397,223,29,119,0.0,0.0,9.09,50.0,0.0,4.55,4.55,5.0,0,total_population,police_station_count,0.014285175532986194
AS-26,20,US,821,BlockApportionment:US.BlockGroups;PointsLayer:US.BlockPoints,2.191,2.576,1,207,2427,123,98,50.14,4.05,93,20,US,821,BlockApportionment:US.BlockGroups;PointsLayer:US.BlockPoints,2.191,2.576,1,16.97,6.53,13.01,33.23,2.96,4.63,5.0,7.37,93,94,0.6475,17.47,29.74,16.36,0,0,,,0,0,0,0,0,0,0,0,0,0,0,0,123,131,0,0,0,2,1406.93,270.55,2,1406.93,270.55,14,1593.31,107.32,3,2,1412.25,273.12,0.0,0,0.0,0,0.0,0,100.0,1,0.0,0,5.68,27.71,52.84,4.13,15.32,5,65.28,45,26,0,,,0,0,34.1363535140681,-118.27276524762536,reconstructed,0.5983828537825923,207,2427,98,16.97,6.53,13.01,33.23,2.96,4.63,4.05,7.37,94,total_crime_est,affordable_housing_count,-0.004321862892894401
AS-27,4,US,805,BlockApportionment:US.BlockGroups;PointsLayer:US.BlockPoints,2.191,2.576,1,171,221,140,195,43.44,0.0,110,4,US,805,BlockApportionment:US.BlockGroups;PointsLayer:US.BlockPoints,2.191,2.576,1,15.2,2.4,12.78,32.26,0.0,1.32,0.0,16.67,118,123,0.6475,17.47,29.74,16.36,0,0,,,0,0,0,0,0,0,0,0,0,0,0,0,105,119,0,0,0,24,3672.93,69.63,24,3672.93,69.63,1,903.83,1.04,1,2,1779.03,72.98,11.58,1,11.57,1,0.0,0,100.0,1,0.0,0,12.04,41.59,32.57,4.42,21.42,5,49.19,45,27,0,,,0,0,34.12856801565949,-118.27275760848283,reconstructed,0.5949468512269699,171,221,195,15.2,2.4,12.78,32.26,0.0,1.32,0.0,16.67,123,total_population,police_station_count,0.010477825670678875
AS-28,42,US,793,BlockApportionment:US.BlockGroups;PointsLayer:US.BlockPoints,2.191,2.576,1,121,1198,97,98,16.86,0.91,172,42,US,793,BlockApportionment:US.BlockGroups;PointsLayer:US.BlockPoints,2.191,2.576,1,14.66,2.73,8.75,26.03,0.0,3.52,0.44,7.25,156,152,0.6475,17.47,29.74,16.36,0,0,,,9,0,0,0,0,0,0,0,0,0,0,0,130,142,0,0,0,59,6485.7,49.21,28,4775.63,49.21,4,1147.75,28.18,1,2,1586.97,166.92,13.09,1,13.07,1,0.0,0,100.0,1,0.0,0,8.09,35.97,34.6,4.82,24.61,5,51.79,45,28,0,,,0,0,34.12078251725089,-118.27274996934032,reconstructed,0.589629038650959,121,1198,98,14.66,2.73,8.75,26.03,0.0,3.52,0.91,7.25,152,pct_below_poverty,la_geohub_100yr_flood_intersects,0.013447805099120752
AS-29,28,US,779,BlockApportionment:US.BlockGroups;PointsLayer:US.BlockPoints,2.191,2.576,1,154,3164,100,140,20.61,1.61,138,28,US,779,BlockApportionment:US.BlockGroups;PointsLayer:US.BlockPoints,2.191,2.576,1,16.69,2.77,14.35,28.55,0.52,4.27,2.09,5.81,112,112,0.6475,17.47,29.74,16.36,0,0,,,11,0,0,0,0,0,1,1,1,0,0,1,472,475,0,1,0,2,45.51,436.63,0,0.0,436.63,0,0.0,689.1,4,0,0.0,533.92,0.02,1,0.0,0,0.0,0,100.0,1,0.0,0,4.79,33.51,37.23,1.95,27.3,5,54.62,45,29,0,,,1,0,34.11299701884228,-118.27274233019776,reconstructed,0.5963500088089574,154,3164,140,16.69,2.77,14.35,28.55,0.52,4.27,1.61,5.81,112,2023 Pop w/Income Below Poverty Level (ACS 5-Yr): Percent,adult_recreation_count,0.006788283768555191
AS-30,10,US,761,BlockApportionment:US.BlockGroups;PointsLayer:US.BlockPoints,2.191,2.576,1,139,2794,106,119,14.75,3.58,193,10,US,761,BlockApportionment:US.BlockGroups;PointsLayer:US.BlockPoints,2.191,2.576,1,9.63,1.3,4.97,22.24,0.24,0.7,3.3,3.14,168,165,0.6475,17.47,29.74,16.36,0,0,,,0,0,0,0,0,0,0,0,0,0,0,1,674,661,0,0,0,0,0.0,1102.17,0,0.0,1102.17,0,0.0,1256.11,11,0,0.0,1150.34,5.62,1,0.0,0,0.0,0,100.0,1,0.0,0,4.96,40.53,31.86,4.25,23.36,5,50.81,45,30,0,,,0,0,34.10521152043368,-118.27273469105523,reconstructed,0.5852395959218846,139,2794,119,9.63,1.3,4.97,22.24,0.24,0.7,3.58,3.14,165,2023 Pop w/Income Below Poverty Level (ACS 5-Yr): Percent,police_station_count,0.004812778103544412
AS-31,36,US,737,BlockApportionment:US.BlockGroups;PointsLayer:US.BlockPoints,2.191,2.576,1,136,2011,122,117,17.01,6.51,189,36,US,737,BlockApportionment:US.BlockGroups;PointsLayer:US.BlockPoints,2.191,2.576,1,12.32,0.71,6.07,4.91,1.61,4.87,5.93,5.65,183,177,0.6475,17.47,29.74,16.36,0,0,,,0,0,0,0,0,0,2,0,0,0,0,0,417,433,0,0,0,0,0.0,735.99,0,0.0,1330.95,0,0.0,1943.82,3,0,0.0,1344.53,4.2,1,0.0,0,0.0,0,100.0,1,0.0,0,10.14,51.55,23.88,2.58,21.99,3,43.67,45,31,0,,,2,0,34.09742602202507,-118.27272705191272,reconstructed,0.5526288878474219,136,2011,117,12.32,0.71,6.07,4.91,1.61,4.87,6.51,5.65,177,2023 Pop w/Income Below Poverty Level (ACS 5-Yr): Percent,police_station_count,0.0042301363904767245
AS-32,7,US,708,BlockApportionment:US.BlockGroups;PointsLayer:US.BlockPoints,2.191,2.576,1,160,3263,132,200,22.98,2.43,163,7,US,708,BlockApportionment:US.BlockGroups;PointsLayer:US.BlockPoints,2.191,2.576,1,8.35,5.89,5.34,15.69,2.25,1.37,2.11,7.01,152,150,0.6475,17.47,29.74,16.36,0,0,,,24,0,0,0,0,1,0,0,0,0,0,0,690,716,0,0,2,17,665.32,299.0,0,0.0,1234.1,0,0.0,2504.65,16,0,0.0,1167.36,0.0,0,0.0,0,0.0,0,100.0,1,0.0,0,3.36,37.63,34.98,3.0,24.38,5,53.48,45,32,1,34.08794381,-118.27628893,1,1,34.08964052361647,-118.27271941277016,detection_avg,0.6107026335965926,160,3263,200,8.35,5.89,5.34,15.69,2.25,1.37,2.43,7.01,150,2023 Pop w/Income Below Poverty Level (ACS 5-Yr): Percent,police_station_count,0.004643271654788157
AS-33,28,US,679,BlockApportionment:US.BlockGroups;PointsLayer:US.BlockPoints,2.191,2.576,1,137,4371,139,102,45.64,2.21,104,28,US,679,BlockApportionment:US.BlockGroups;PointsLayer:US.BlockPoints,2.191,2.576,1,18.06,6.43,14.32,20.18,3.37,3.56,1.56,11.49,101,103,0.6475,17.47,29.74,16.36,0,0,,,42,0,0,0,0,0,0,0,0,0,0,0,692,721,0,0,0,15,804.71,195.46,0,0.0,487.35,0,0.0,1920.57,11,0,0.0,539.73,0.33,1,0.0,0,0.34,1,100.0,1,0.0,0,2.24,27.24,47.24,2.76,22.76,5,62.4,45,33,0,,,0,0,34.08185502520786,-118.27271177362763,reconstructed,0.6344935434211434,137,4371,102,18.06,6.43,14.32,20.18,3.37,3.56,2.21,11.49,103,pct_below_poverty,lausd_school_site_count,0.002395064349232234
AS-34,49,US,650,BlockApportionment:US.BlockGroups;PointsLayer:US.BlockPoints,2.191,2.576,1,106,5648,104,124,52.76,1.59,82,49,US,650,BlockApportionment:US.BlockGroups;PointsLayer:US.BlockPoints,2.191,2.576,1,25.73,4.24,22.32,29.96,5.28,6.24,1.1,21.17,84,85,0.6475,17.47,29.74,16.36,0,0,,,36,0,0,0,0,0,1,0,0,0,0,1,557,546,0,1,6,38,3192.07,223.44,33,2985.77,223.44,0,0.0,1607.76,2,2,1719.76,225.07,0.0,0,0.0,0,0.0,0,100.0,1,0.0,0,1.24,14.16,60.35,3.89,21.59,5,71.87,45,34,1,34.06992655,-118.27277209,1,1,34.074069526799256,-118.27270413448512,detection_avg,0.664020221205172,106,5648,124,25.73,4.24,22.32,29.96,5.28,6.24,1.59,21.17,85,pct_below_poverty,lausd_school_site_count,0.0050214210307742025
AS-35,19,US,620,BlockApportionment:US.BlockGroups;PointsLayer:US.BlockPoints,2.191,2.576,1,120,9701,87,155,67.6,1.79,57,19,US,620,BlockApportionment:US.BlockGroups;PointsLayer:US.BlockPoints,2.191,2.576,1,31.69,8.26,27.83,31.23,11.36,10.48,1.73,19.25,55,55,0.6475,17.47,29.74,16.36,0,0,,,54,1,0,0,0,1,0,0,1,0,0,3,792,802,0,3,0,25,1602.07,52.48,0,0.0,953.16,0,0.0,1719.82,5,0,0.0,991.01,0.0,0,0.0,0,0.0,0,100.0,1,0.0,0,2.58,17.04,64.2,1.2,17.56,5,74.17,45,35,1,34.06392334333333,-118.27167959904762,1,1,34.066284028390655,-118.27269649534256,detection_avg,0.6870131140473309,120,9701,155,31.69,8.26,27.83,31.23,11.36,10.48,1.79,19.25,55,2023 Pop 35-64: No Health Insurance (ACS 5-Yr): Percent,hospital_count,0.015973518652603578
AS-36,39,US,590,BlockApportionment:US.BlockGroups;PointsLayer:US.BlockPoints,2.191,2.576,1,77,14114,53,114,81.54,1.25,46,39,US,590,BlockApportionment:US.BlockGroups;PointsLayer:US.BlockPoints,2.191,2.576,1,25.15,6.73,44.72,30.24,15.62,15.61,0.82,19.66,46,47,0.6475,17.47,29.74,16.36,0,0,,,102,0,1,0,3,1,0,0,0,0,0,0,1220,1162,0,0,5,20,1462.43,6.58,0,0.0,897.55,0,0.0,2196.86,16,0,0.0,1080.19,1.73,1,0.0,0,0.43,1,100.0,1,0.0,0,0.53,7.96,81.06,2.83,8.14,5,86.58,45,36,1,34.0562347246875,-118.27340955,1,1,34.058498529982046,-118.27268885620003,detection_avg,0.664260973926612,77,14114,114,25.15,6.73,44.72,30.24,15.62,15.61,1.25,19.66,47,pct_below_poverty,lausd_school_site_count,-0.020214904165089566
AS-37,3,US,554,BlockApportionment:US.BlockGroups;PointsLayer:US.BlockPoints,2.191,2.576,1,125,7066,101,140,80.12,0.28,40,3,US,554,BlockApportionment:US.BlockGroups;PointsLayer:US.BlockPoints,2.191,2.576,1,28.13,11.91,35.02,37.03,7.85,13.33,0.37,21.02,48,49,0.6475,17.47,29.74,16.36,0,0,,,33,0,0,0,0,1,1,1,1,0,0,0,716,678,0,1,5,48,2619.06,23.82,25,1654.57,295.32,0,0.0,2861.82,2,2,707.03,383.03,31.3,1,0.0,0,4.8,1,100.0,1,0.0,0,3.19,14.01,76.24,0.89,8.87,5,82.41,45,37,1,34.04978633478261,-118.27322267173912,2,1,34.050713031573444,-118.27268121705752,detection_avg,0.70726326380441,125,7066,140,28.13,11.91,35.02,37.03,7.85,13.33,0.28,21.02,49,2023 Pop w/Income Below Poverty Level (ACS 5-Yr): Percent,adult_recreation_count,-0.03128537701630389
AS-38,17,US,518,BlockApportionment:US.BlockGroups;PointsLayer:US.BlockPoints,2.191,2.576,1,140,2194,95,74,76.94,1.3,61,17,US,518,BlockApportionment:US.BlockGroups;PointsLayer:US.BlockPoints,2.191,2.576,1,12.73,11.21,26.52,33.06,6.71,17.75,1.94,16.53,57,57,0.6475,17.47,29.74,16.36,0,0,,,42,0,0,0,0,0,0,0,0,0,0,0,229,264,0,0,0,105,10940.61,3.36,80,9443.37,3.36,0,0.0,3612.39,0,6,2877.67,87.07,60.24,1,0.0,0,5.32,1,100.0,1,0.0,0,1.03,8.42,81.79,0.86,8.93,5,86.94,45,38,1,34.042311444615386,-118.2728447646154,0,1,34.04292753316484,-118.27267357791496,detection_avg,0.6881743194115356,140,2194,74,12.73,11.21,26.52,33.06,6.71,17.75,1.3,16.53,57,2023 Pop w/Income Below Poverty Level (ACS 5-Yr): Percent,police_station_count,-0.00927578305891158
AS-39,31,US,482,BlockApportionment:US.BlockGroups;PointsLayer:US.BlockPoints,2.191,2.576,1,181,1996,135,271,72.24,0.61,36,31,US,482,BlockApportionment:US.BlockGroups;PointsLayer:US.BlockPoints,2.191,2.576,1,35.32,4.76,38.02,29.29,3.24,13.48,0.0,13.56,38,38,0.6475,17.47,29.74,16.36,0,0,,,85,0,0,0,1,4,2,0,0,0,0,0,297,308,0,5,4,104,8997.58,26.64,50,5804.52,176.18,0,0.0,4107.95,5,4,2217.13,182.85,59.21,1,0.0,0,4.88,1,100.0,1,0.0,0,2.49,9.41,83.13,0.71,6.75,5,87.44,45,39,1,34.03437061142857,-118.26908211214284,6,1,34.035142034756234,-118.27266593877243,detection_avg,0.6803819845754181,181,1996,271,35.32,4.76,38.02,29.29,3.24,13.48,0.61,13.56,38,2023 Pop w/Income Below Poverty Level (ACS 5-Yr): Percent,college_count,-0.01573798364977745
AS-40,46,US,447,BlockApportionment:US.BlockGroups;PointsLayer:US.BlockPoints,2.191,2.576,1,194,1805,106,90,55.12,2.07,40,46,US,447,BlockApportionment:US.BlockGroups;PointsLayer:US.BlockPoints,2.191,2.576,1,28.78,8.32,44.6,34.76,5.83,5.9,0.94,16.91,43,44,0.6475,17.47,29.74,16.36,0,0,,,73,1,0,0,0,3,0,1,0,0,0,1,519,433,0,3,3,30,3193.23,225.36,11,2512.03,225.36,0,0.0,4269.42,9,2,1343.65,254.51,54.73,1,0.0,0,6.57,1,100.0,1,0.0,0,0.52,3.28,89.83,0.17,6.72,5,92.72,45,40,1,34.024366728,-118.27135899333332,3,1,34.027356536347625,-118.2726582996299,detection_avg,0.6709029008664383,194,1805,90,28.78,8.32,44.6,34.76,5.83,5.9,2.07,16.91,44,pct_below_poverty,lausd_school_site_count,0.042921691972425714
AS-41,11,US,412,BlockApportionment:US.BlockGroups;PointsLayer:US.BlockPoints,2.191,2.576,1,155,3318,135,162,88.85,0.61,62,11,US,412,BlockApportionment:US.BlockGroups;PointsLayer:US.BlockPoints,2.191,2.576,1,26.44,6.02,20.85,34.83,7.04,11.6,0.48,20.44,69,74,0.6475,17.47,29.74,16.36,0,0,,,44,0,0,0,0,4,0,0,0,0,0,0,476,422,0,0,9,0,0.0,589.23,0,0.0,589.23,0,0.0,4474.81,0,0,0.0,628.7,71.24,1,0.0,0,6.33,1,100.0,1,0.0,0,0.18,7.1,84.19,0.71,7.99,5,88.88,45,41,1,34.019368022,-118.27229234266666,4,1,34.01957103793902,-118.27265066048736,detection_avg,0.6771029360733738,155,3318,162,26.44,6.02,20.85,34.83,7.04,11.6,0.61,20.44,74,2023 Pop 35-64: No Health Insurance (ACS 5-Yr): Percent,affordable_housing_count,-0.003588249651665803
AS-42,26,US,377,BlockApportionment:US.BlockGroups;PointsLayer:US.BlockPoints,2.191,2.576,1,172,5918,167,205,88.63,0.26,67,26,US,377,BlockApportionment:US.BlockGroups;PointsLayer:US.BlockPoints,2.191,2.576,1,25.92,7.76,26.12,31.99,11.02,11.04,0.59,16.68,70,72,0.6475,17.47,29.74,16.36,0,0,,,21,0,0,0,0,2,0,0,0,0,0,0,331,318,0,0,5,15,984.78,157.42,0,0.0,679.91,0,0.0,4635.11,0,0,0.0,773.24,71.47,1,0.0,0,6.45,1,100.0,1,0.0,0,0.86,9.84,72.54,0.69,16.93,5,80.52,45,42,1,34.010254151666665,-118.272589075,2,1,34.011785539530415,-118.27264302134483,detection_avg,0.7033332632390995,172,5918,205,25.92,7.76,26.12,31.99,11.02,11.04,0.26,16.68,72,pct_below_poverty,lausd_school_site_count,0.020511379464481574
AS-43,45,US,346,BlockApportionment:US.BlockGroups;PointsLayer:US.BlockPoints,2.191,2.576,1,143,6807,158,152,86.63,1.23,68,45,US,346,BlockApportionment:US.BlockGroups;PointsLayer:US.BlockPoints,2.191,2.576,1,34.15,9.43,34.22,34.84,7.55,11.67,0.86,20.84,69,71,0.6475,17.47,29.74,16.36,0,0,,,39,0,0,1,0,2,0,0,0,0,0,0,378,356,0,1,1,0,0.0,753.2,0,0.0,753.2,0,0.0,4831.94,3,0,0.0,776.79,62.05,1,0.0,0,5.57,1,100.0,1,0.0,0,0.36,12.43,68.74,1.24,17.58,5,78.01,45,43,1,34.00289270583333,-118.27357051333333,2,1,34.00400004112181,-118.2726353822023,detection_avg,0.673818433625589,143,6807,152,34.15,9.43,34.22,34.84,7.55,11.67,1.23,20.84,71,pct_below_poverty,library_count,-0.0684380426259722
AS-44,16,US,317,BlockApportionment:US.BlockGroups;PointsLayer:US.BlockPoints,2.191,2.576,1,152,7151,173,143,85.64,1.16,72,16,US,317,BlockApportionment:US.BlockGroups;PointsLayer:US.BlockPoints,2.191,2.576,1,34.61,7.65,20.43,35.15,6.93,11.67,0.74,21.42,74,74,0.6475,17.47,29.74,16.36,0,0,,,21,0,0,0,0,4,0,0,0,0,0,1,304,279,0,1,6,0,0.0,545.26,0,0.0,718.57,0,0.0,5140.92,0,0,0.0,726.27,25.89,1,0.0,0,7.61,1,100.0,1,0.0,0,0.0,12.77,68.09,1.42,17.73,5,77.66,45,44,0,,,4,0,33.996214542713204,-118.27262774305976,reconstructed,0.7061154636974866,152,7151,143,34.61,7.65,20.43,35.15,6.93,11.67,1.16,21.42,74,pct_below_poverty,lausd_school_site_count,-0.008663138877297864
AS-45,39,US,290,BlockApportionment:US.BlockGroups;PointsLayer:US.BlockPoints,2.191,2.576,1,178,4784,191,105,86.81,1.14,68,39,US,290,BlockApportionment:US.BlockGroups;PointsLayer:US.BlockPoints,2.191,2.576,1,27.9,11.16,15.1,26.92,9.93,9.25,1.11,26.19,77,79,0.6475,17.47,29.74,16.36,0,0,,,40,0,0,0,0,3,0,0,0,0,0,0,340,304,0,1,3,13,629.23,319.37,0,0.0,667.96,0,0.0,5273.46,4,0,0.0,721.73,7.96,1,0.0,0,7.95,1,100.0,1,0.0,0,0.35,9.33,73.23,1.55,15.89,5,81.16,45,45,1,33.9854201,-118.27081912875,3,1,33.9884290443046,-118.27262010391723,detection_avg,0.6682592913594849,178,4784,105,27.9,11.16,15.1,26.92,9.93,9.25,1.14,26.19,79,pct_below_poverty,lausd_school_site_count,0.005882276380621537
AS-46,13,US,264,BlockApportionment:US.BlockGroups;PointsLayer:US.BlockPoints,2.191,2.576,1,132,5720,159,110,85.3,0.5,67,13,US,264,BlockApportionment:US.BlockGroups;PointsLayer:US.BlockPoints,2.191,2.576,1,22.11,5.9,22.94,28.38,4.73,12.88,0.86,22.75,67,68,0.6475,17.47,29.74,16.36,0,0,,,15,0,1,0,0,0,1,0,0,0,0,0,271,216,0,0,2,5,508.24,424.44,0,0.0,738.04,0,0.0,4408.8,1,0,0.0,749.39,7.75,1,0.0,0,7.73,1,100.0,1,0.0,0,0.0,14.01,65.96,0.18,19.86,5,76.17,45,46,1,33.97910363,-118.27613611,1,1,33.980643545895994,-118.2726124647747,detection_avg,0.666027277778899,132,5720,110,22.11,5.9,22.94,28.38,4.73,12.88,0.5,22.75,68,2023 Pop w/Income Below Poverty Level (ACS 5-Yr): Percent,fire_station_count,-0.013807266250802523
AS-47,38,US,239,BlockApportionment:US.BlockGroups;PointsLayer:US.BlockPoints,2.191,2.576,1,133,6247,169,133,81.22,1.38,69,38,US,239,BlockApportionment:US.BlockGroups;PointsLayer:US.BlockPoints,2.191,2.576,1,33.95,8.77,25.93,25.81,8.54,9.51,1.34,25.86,63,63,0.6475,17.47,29.74,16.36,0,0,,,18,0,0,1,0,1,0,0,0,0,0,0,316,270,1,2,3,0,0.0,440.21,0,0.0,707.83,0,0.0,3544.14,1,0,0.0,749.45,8.27,1,0.0,0,8.25,1,100.0,1,0.0,0,0.86,12.44,65.46,1.55,20.55,5,75.56,45,47,1,33.97245334666667,-118.27402271666666,1,1,33.97285804748739,-118.27260482563216,detection_avg,0.6770168791641412,133,6247,133,33.95,8.77,25.93,25.81,8.54,9.51,1.38,25.86,63,pct_below_poverty,library_count,-0.012565945794543055
AS-48,15,US,216,BlockApportionment:US.BlockGroups;PointsLayer:US.BlockPoints,2.191,2.576,1,169,6800,195,167,75.91,0.69,56,15,US,216,BlockApportionment:US.BlockGroups;PointsLayer:US.BlockPoints,2.191,2.576,1,40.07,10.28,30.96,40.52,5.4,7.36,0.6,19.36,62,64,0.6475,17.47,29.74,16.36,0,0,,,21,0,0,0,0,0,0,0,0,0,0,1,316,276,0,0,0,13,1266.77,311.26,0,0.0,679.57,0,0.0,2679.49,5,0,0.0,748.39,7.76,1,0.0,0,7.74,1,100.0,1,0.0,0,1.06,13.12,69.15,1.6,16.13,5,78.09,45,48,1,33.962788102000005,-118.27011708,0,1,33.96507254907878,-118.27259718648963,detection_avg,0.6731964940339998,169,6800,167,40.07,10.28,30.96,40.52,5.4,7.36,0.69,19.36,64,2023 Pop w/Income Below Poverty Level (ACS 5-Yr): Percent,police_station_count,-0.010623366247345173
AS-49,41,US,192,BlockApportionment:US.BlockGroups;PointsLayer:US.BlockPoints,2.191,2.576,1,168,6077,184,117,77.87,1.16,77,41,US,192,BlockApportionment:US.BlockGroups;PointsLayer:US.BlockPoints,2.191,2.576,1,39.68,9.0,27.87,47.87,6.05,8.18,1.23,26.22,65,65,0.6475,17.47,29.74,16.36,0,0,,,12,0,0,0,0,4,1,0,0,0,0,0,234,226,0,0,4,0,0.0,543.38,0,0.0,734.23,0,0.0,1814.85,0,0,0.0,742.66,0.95,1,0.0,0,0.94,1,100.0,1,0.0,0,1.9,16.06,64.77,1.38,17.79,5,74.77,45,49,1,33.95367029,-118.26872895,5,1,33.95728705067018,-118.2725895473471,detection_avg,0.6581813449915618,168,6077,117,39.68,9.0,27.87,47.87,6.05,8.18,1.16,26.22,65,2023 Pop w/Income Below Poverty Level (ACS 5-Yr): Percent,police_station_count,-0.010248342558763165
AS-50,18,US,169,BlockApportionment:US.BlockGroups;PointsLayer:US.BlockPoints,2.191,2.576,1,192,5880,214,195,71.34,0.56,80,18,US,169,BlockApportionment:US.BlockGroups;PointsLayer:US.BlockPoints,2.191,2.576,1,25.47,9.87,25.13,33.54,8.67,10.46,1.34,29.81,79,78,0.6475,17.47,29.74,16.36,0,0,,,24,0,0,0,0,1,0,0,0,0,0,0,283,232,0,1,1,0,0.0,595.34,0,0.0,595.34,0,0.0,950.22,0,0,0.0,620.32,0.0,0,0.0,0,0.0,0,100.0,1,0.0,0,2.13,15.6,67.73,1.24,15.43,5,76.77,45,50,0,,,1,0,33.94950155226158,-118.27258190820456,reconstructed,0.6283742488683615,192,5880,195,25.47,9.87,25.13,33.54,8.67,10.46,0.56,29.81,78,2023 Pop w/Income Below Poverty Level (ACS 5-Yr): Percent,police_station_count,-0.007943846248272518
AS-51,0,US,151,BlockApportionment:US.BlockGroups;PointsLayer:US.BlockPoints,2.191,2.576,1,182,5197,204,136,72.37,1.2,74,0,US,151,BlockApportionment:US.BlockGroups;PointsLayer:US.BlockPoints,2.191,2.576,1,28.78,10.28,25.35,34.68,3.6,7.85,1.43,27.13,67,68,0.6475,17.47,29.74,16.36,0,0,,,15,0,1,0,0,1,0,0,0,0,0,2,218,192,1,1,3,0,0.0,633.49,0,0.0,633.49,1,544.85,85.59,0,0,0.0,651.38,0.93,1,0.93,1,0.0,0,100.0,1,0.0,0,3.01,17.2,69.5,0.35,12.94,5,77.75,45,51,0,,,1,0,33.94171605385297,-118.27257426906203,reconstructed,0.6374736168549405,182,5197,136,28.78,10.28,25.35,34.68,3.6,7.85,1.2,27.13,68,pct_below_poverty,la_geohub_100yr_flood_intersects,-0.03506462257819422
AS-52,38,US,139,BlockApportionment:US.BlockGroups;PointsLayer:US.BlockPoints,2.191,2.576,1,204,3988,202,143,75.93,2.17,56,38,US,139,BlockApportionment:US.BlockGroups;PointsLayer:US.BlockPoints,2.191,2.576,1,43.56,7.56,26.35,44.04,9.73,6.17,1.48,23.66,62,70,0.6475,17.47,29.74,16.36,0,0,,,27,0,0,0,0,0,0,0,0,0,0,0,183,146,0,1,3,33,2718.27,81.68,19,1588.17,384.13,0,0.0,779.03,0,2,577.24,402.7,0.0,0,0.0,0,0.0,0,100.0,1,0.0,0,1.55,19.0,68.57,0.69,11.74,5,77.53,45,52,1,33.93286045,-118.27335695,0,1,33.93393055544437,-118.2725666299195,detection_avg,0.6506407496046241,204,3988,143,43.56,7.56,26.35,44.04,9.73,6.17,2.17,23.66,70,2023 Pop w/Income Below Poverty Level (ACS 5-Yr): Percent,police_station_count,-0.009127694965086608
AS-53,27,US,128,BlockApportionment:US.BlockGroups;PointsLayer:US.BlockPoints,2.191,2.576,1,188,3726,199,110,70.96,1.74,92,27,US,128,BlockApportionment:US.BlockGroups;PointsLayer:US.BlockPoints,2.191,2.576,1,47.09,8.97,13.27,42.12,11.03,4.51,1.87,21.3,97,102,0.6475,17.47,29.74,16.36,0,0,,,3,0,0,0,0,1,0,0,0,0,0,0,126,132,0,0,2,12,1090.21,391.75,12,1090.21,391.75,0,0.0,1199.56,0,2,568.24,398.81,0.0,0,0.0,0,0.0,0,100.0,1,0.0,0,1.6,20.57,60.28,2.13,17.02,5,71.72,45,53,0,,,1,0,33.92614505703576,-118.27255899077696,reconstructed,0.5846114167854437,188,3726,110,47.09,8.97,13.27,42.12,11.03,4.51,1.74,21.3,102,pct_below_poverty,lausd_school_site_count,-0.003659160201532771
AS-54,19,US,120,BlockApportionment:US.BlockGroups;PointsLayer:US.BlockPoints,2.191,2.576,1,304,2542,256,102,63.85,3.84,76,19,US,120,BlockApportionment:US.BlockGroups;PointsLayer:US.BlockPoints,2.191,2.576,1,47.51,10.12,18.96,12.16,14.45,5.47,4.01,22.92,83,86,0.6475,17.47,29.74,16.36,0,0,,,15,0,0,2,0,0,0,1,0,0,0,0,67,53,0,2,0,14,1549.51,27.08,0,0.0,1019.65,0,0.0,1235.54,2,0,0.0,1026.17,0.0,0,0.0,0,0.0,0,100.0,1,0.0,0,0.69,16.55,63.1,0.52,19.83,5,73.96,45,54,0,,,0,0,33.91835955862716,-118.27255135163443,reconstructed,0.5953390270829333,304,2542,102,47.51,10.12,18.96,12.16,14.45,5.47,3.84,22.92,86,pct_below_poverty,library_count,-0.0067667701188882795
AS-55,14,US,115,BlockApportionment:US.BlockGroups;PointsLayer:US.BlockPoints,2.191,2.576,1,346,1301,243,167,39.74,4.38,109,14,US,115,BlockApportionment:US.BlockGroups;PointsLayer:US.BlockPoints,2.191,2.576,1,34.89,4.44,25.3,25.68,2.61,5.49,4.53,21.86,82,83,0.6475,17.47,29.74,16.36,0,0,,,15,0,0,0,0,1,0,0,0,0,0,0,41,38,0,0,0,12,1079.95,113.26,0,0.0,1267.1,0,0.0,1763.3,0,0,0.0,1275.26,0.0,0,0.0,0,0.0,0,100.0,1,0.0,0,0.0,14.39,57.9,0.53,27.18,5,70.53,45,55,0,,,1,0,33.91057406021855,-118.2725437124919,reconstructed,0.5813555896060857,346,1301,167,34.89,4.44,25.3,25.68,2.61,5.49,4.38,21.86,83,total_crime_est,police_station_count,-0.010508457947551028
AS-58,6,US,107,BlockApportionment:US.BlockGroups;PointsLayer:US.BlockPoints,2.191,2.576,1,337,813,159,150,55.97,3.36,100,6,US,107,BlockApportionment:US.BlockGroups;PointsLayer:US.BlockPoints,2.191,2.576,1,33.59,2.29,13.0,47.17,3.1,4.46,6.47,16.12,94,104,0.6475,17.47,29.74,16.36,0,0,,,0,0,0,0,0,0,0,0,0,0,0,0,32,24,0,0,0,15,1164.29,286.59,0,0.0,1145.3,0,0.0,1020.39,0,0,0.0,1151.33,0.0,0,0.0,0,0.0,0,100.0,1,0.0,0,0.53,6.93,79.75,1.78,11.55,5,85.67,45,58,0,,,0,0,33.88721756499274,-118.2725207950643,reconstructed,0.5701167826142559,337,813,150,33.59,2.29,13.0,47.17,3.1,4.46,3.36,16.12,104,total_crime_est,police_station_count,-0.009994231865272837
AS-59,3,US,104,BlockApportionment:US.BlockGroups;PointsLayer:US.BlockPoints,2.191,2.576,1,246,350,175,202,37.43,4.68,101,3,US,104,BlockApportionment:US.BlockGroups;PointsLayer:US.BlockPoints,2.191,2.576,1,34.26,12.04,8.66,0.0,2.09,3.66,4.49,16.72,101,111,0.6475,17.47,29.74,16.36,0,0,,,0,0,0,0,0,1,0,0,0,0,0,0,30,34,0,0,3,18,1541.09,262.71,3,288.22,421.71,3,256.27,397.94,0,0,0.0,493.46,0.0,0,0.0,0,0.0,0,100.0,1,0.0,0,0.69,9.66,75.17,0.69,14.48,5,82.41,45,59,0,,,1,0,33.87943206658413,-118.27251315592176,reconstructed,0.5768623825259214,246,350,202,34.26,12.04,8.66,0.0,2.09,3.66,4.68,16.72,111,total_population,police_station_count,0.00823794446493509
AS-60,0,US,101,BlockApportionment:US.BlockGroups;PointsLayer:US.BlockPoints,2.191,2.576,1,248,1613,175,193,37.69,4.49,102,0,US,101,BlockApportionment:US.BlockGroups;PointsLayer:US.BlockPoints,2.191,2.576,1,34.05,11.74,8.45,2.63,2.22,3.79,4.44,16.38,100,110,0.6475,17.47,29.74,16.36,0,0,,,12,0,0,0,0,0,0,0,0,0,0,0,42,33,0,0,0,48,4193.69,218.7,23,2534.91,220.73,2,212.09,226.16,2,2,1152.17,349.86,9.67,1,0.0,0,9.2,1,100.0,1,0.0,0,1.77,13.83,70.92,1.6,13.65,5,79.11,45,60,0,,,0,0,33.87164656817553,-118.27250551677923,reconstructed,0.583182457547409,248,1613,193,34.05,11.74,8.45,2.63,2.22,3.79,4.49,16.38,110,total_crime_est,affordable_housing_count,-0.0030758656568787074
AS-61,47,US,98,BlockApportionment:US.BlockGroups;PointsLayer:US.BlockPoints,2.191,2.576,1,181,2669,143,88,60.4,6.27,128,47,US,98,BlockApportionment:US.BlockGroups;PointsLayer:US.BlockPoints,2.191,2.576,1,26.21,4.02,10.65,43.59,6.54,2.82,5.26,19.16,100,103,0.6475,17.47,29.74,16.36,0,0,,,0,0,0,0,0,0,0,0,0,0,0,0,11,9,0,0,0,16,1181.23,240.27,0,0.0,987.14,2,930.36,60.81,0,0,0.0,1104.95,10.14,1,0.0,0,7.55,1,100.0,1,0.0,0,1.03,20.52,56.38,0.86,22.24,5,69.16,45,61,0,,,0,0,33.86386106976692,-118.2724978776367,reconstructed,0.5887354790451901,181,2669,88,26.21,4.02,10.65,43.59,6.54,2.82,6.27,19.16,103,total_crime_est,affordable_housing_count,-0.0026835397007774434
AS-62,44,US,95,BlockApportionment:US.BlockGroups;PointsLayer:US.BlockPoints,2.191,2.576,1,270,45,175,114,40.0,3.57,0,44,US,95,BlockApportionment:US.BlockGroups;PointsLayer:US.BlockPoints,2.191,2.576,1,0.0,0.0,2.63,0.0,6.9,5.26,3.45,10.34,0,0,0.6475,17.47,29.74,16.36,0,0,,,0,0,0,0,0,0,0,0,0,0,0,0,0,0,0,0,0,1,10.61,490.08,1,10.61,490.08,2,1588.79,20.45,0,1,31.27,486.63,34.1,1,0.0,0,26.9,1,100.0,1,0.0,0,5.86,65.19,12.97,2.31,19.54,3,37.32,45,62,0,,,0,0,33.85607557135832,-118.27249023849416,reconstructed,0.54822309970189,270,45,114,0.0,0.0,2.63,0.0,6.9,5.26,3.57,10.34,0,total_population,police_station_count,0.01394647830832765
AS-69,27,US,78,BlockApportionment:US.BlockGroups;PointsLayer:US.BlockPoints,2.191,2.576,1,101,2705,108,198,71.02,3.32,137,27,US,78,BlockApportionment:US.BlockGroups;PointsLayer:US.BlockPoints,2.191,2.576,1,28.39,1.37,3.44,10.94,12.49,4.96,2.43,22.84,119,119,0.6475,17.47,29.74,16.36,0,0,,,0,0,0,0,0,0,0,0,0,0,0,0,39,35,0,0,1,0,0.0,950.15,0,0.0,950.15,0,0.0,1213.84,0,0,0.0,943.72,0.0,0,0.0,0,0.0,0,100.0,1,0.0,0,1.25,19.43,62.39,0.0,18.18,5,73.3,45,69,0,,,0,0,33.801577082498085,-118.27243676449643,reconstructed,0.5509282785190974,101,2705,198,28.39,1.37,3.44,10.94,12.49,4.96,3.32,22.84,119,pct_below_poverty,lausd_school_site_count,0.009393339839691338
AS-70,19,US,70,BlockApportionment:US.BlockGroups;PointsLayer:US.BlockPoints,2.191,2.576,1,105,3165,108,124,89.32,2.43,105,19,US,70,BlockApportionment:US.BlockGroups;PointsLayer:US.BlockPoints,2.191,2.576,1,29.33,2.42,6.48,27.64,8.12,5.25,2.04,17.17,88,90,0.6475,17.47,29.74,16.36,0,0,,,0,0,0,0,0,0,1,0,0,0,0,0,239,209,0,1,0,12,900.97,87.49,12,900.97,87.49,0,0.0,1110.07,1,2,1801.91,81.06,0.0,0,0.0,0,0.0,0,100.0,1,0.0,0,1.55,17.62,62.35,1.55,18.48,5,73.18,45,70,1,33.79137711,-118.26899219,1,1,33.79379158408948,-118.2724291253539,detection_avg,0.6061934506626688,105,3165,124,29.33,2.42,6.48,27.64,8.12,5.25,2.43,17.17,90,2023 Pop w/Income Below Poverty Level (ACS 5-Yr): Percent,police_station_count,0.003963407834892851
AS-71,9,US,60,BlockApportionment:US.BlockGroups;PointsLayer:US.BlockPoints,2.191,2.576,1,68,5773,86,119,91.43,1.58,70,9,US,60,BlockApportionment:US.BlockGroups;PointsLayer:US.BlockPoints,2.191,2.576,1,23.1,10.32,26.44,32.02,5.43,6.91,1.47,22.0,69,72,0.6475,17.47,29.74,16.36,0,0,,,0,0,0,0,0,1,0,0,0,0,0,0,218,223,0,0,2,0,0.0,712.24,0,0.0,712.24,0,0.0,815.78,0,0,0.0,722.03,0.0,0,0.0,0,0.0,0,100.0,1,0.0,0,0.89,15.51,61.32,1.6,21.57,5,72.66,45,71,0,,,1,0,33.786006085680874,-118.27242148621136,reconstructed,0.6176287433080717,68,5773,119,23.1,10.32,26.44,32.02,5.43,6.91,1.58,22.0,72,2023 Pop w/Income Below Poverty Level (ACS 5-Yr): Percent,police_station_count,-0.009206707540441186
AS-72,49,US,50,BlockApportionment:US.BlockGroups;PointsLayer:US.BlockPoints,2.191,2.576,1,110,6876,125,98,90.42,0.89,66,49,US,50,BlockApportionment:US.BlockGroups;PointsLayer:US.BlockPoints,2.191,2.576,1,20.91,5.25,23.86,36.7,5.65,4.86,1.12,29.62,67,70,0.6475,17.47,29.74,16.36,0,0,,,12,0,0,0,0,1,1,0,0,0,0,0,201,194,0,0,3,0,0.0,565.7,0,0.0,638.28,0,0.0,988.49,1,0,0.0,647.6,0.0,0,0.0,0,0.0,0,100.0,1,0.0,0,0.71,13.52,62.99,1.42,22.06,5,73.88,45,72,0,,,2,0,33.778220587272266,-118.27241384706882,reconstructed,0.6311582381391667,110,6876,98,20.91,5.25,23.86,36.7,5.65,4.86,0.89,29.62,70,2023 Pop w/Income Below Poverty Level (ACS 5-Yr): Percent,police_station_count,-0.006575777028970129
AS-73,42,US,43,BlockApportionment:US.BlockGroups;PointsLayer:US.BlockPoints,2.191,2.576,1,91,8,124,0,87.5,0.0,0,42,US,43,BlockApportionment:US.BlockGroups;PointsLayer:US.BlockPoints,2.191,2.576,1,0.0,0.0,17.39,0.0,7.69,4.17,0.0,38.46,0,0,0.6475,17.47,29.74,16.36,0,0,,,0,0,0,0,0,0,0,0,0,0,0,0,3,3,0,0,0,8,1203.61,284.49,1,44.09,406.51,0,0.0,1550.37,0,0,0.0,735.99,22.57,1,0.0,0,0.0,0,77.11,1,0.0,0,0.0,3.46,74.05,15.57,6.92,5,81.83,45,73,0,,,0,0,33.770435088863664,-118.2724062079263,reconstructed,0.5872207868740867,91,8,0,0.0,0.0,17.39,0.0,7.69,4.17,0.0,38.46,0,2023 Pop w/Income Below Poverty Level (ACS 5-Yr): Percent,la_geohub_fire_hazard_area_pct,0.05531251883304879
AS-74,37,US,38,BlockApportionment:US.BlockGroups;PointsLayer:US.BlockPoints,2.191,2.576,1,0,0,0,0,0.0,0.0,0,37,US,38,BlockApportionment:US.BlockGroups;PointsLayer:US.BlockPoints,2.191,2.576,1,0.0,0.0,0.0,0.0,0.0,0.0,0.0,0.0,0,0,0.6475,17.47,29.74,16.36,0,0,,,0,0,0,0,0,0,0,0,0,0,0,0,0,0,0,0,0,0,0.0,1059.59,0,0.0,1059.59,0,0.0,978.15,0,0,0.0,1062.35,47.15,1,0.0,0,2.88,1,53.37,1,0.0,0,0.0,0.0,59.61,39.86,0.53,5,71.73,45,74,0,,,0,0,33.762649590455055,-118.27239856878376,reconstructed,0.5242514779399466,0,0,0,0.0,0.0,0.0,0.0,0.0,0.0,0.0,0.0,0,total_crime_est,police_station_count,0.01563103795160291
AS-76,28,US,29,BlockApportionment:US.BlockGroups;PointsLayer:US.BlockPoints,2.191,2.576,1,80,11,55,0,45.45,0.0,95,28,US,29,BlockApportionment:US.BlockGroups;PointsLayer:US.BlockPoints,2.191,2.576,1,0.0,0.0,0.0,0.0,0.0,0.0,0.0,0.0,473,433,0.6475,17.47,29.74,16.36,0,0,,,0,0,0,0,0,0,0,0,0,0,0,0,0,0,0,0,0,0,0.0,544.47,0,0.0,544.47,1,247.5,262.75,0,0,0.0,545.22,46.13,1,0.0,0,28.53,1,13.57,1,0.0,0,0.0,0.18,58.61,39.43,1.78,5,71.03,45,76,0,,,0,0,33.747078593637845,-118.2723832904987,reconstructed,0.5228801558834038,80,11,0,0.0,0.0,0.0,0.0,0.0,0.0,0.0,0.0,433,total_population,police_station_count,0.014670796571880996
AS-77,21,US,22,BlockApportionment:US.BlockGroups;PointsLayer:US.BlockPoints,2.191,2.576,1,0,0,0,0,0.0,0.0,0,21,US,22,BlockApportionment:US.BlockGroups;PointsLayer:US.BlockPoints,2.191,2.576,1,0.0,0.0,0.0,0.0,0.0,0.0,0.0,0.0,0,0,0.6475,17.47,29.74,16.36,0,0,,,0,0,0,0,0,0,0,0,0,0,0,0,14,8,0,0,0,0,0.0,1395.44,0,0.0,1395.44,1,89.57,407.7,0,0,0.0,1396.73,41.42,1,0.0,0,24.05,1,0.0,0,0.0,0,0.35,1.73,49.74,43.85,4.68,5,64.71,45,77,0,,,0,0,33.73929309522924,-118.27237565135616,reconstructed,0.521793466772805,0,0,0,0.0,0.0,0.0,0.0,0.0,0.0,0.0,0.0,0,total_crime_est,police_station_count,0.01563103795160291
AS-78,14,US,15,BlockApportionment:US.BlockGroups;PointsLayer:US.BlockPoints,2.191,2.576,0,0,0,0,0,0.0,0.0,0,14,US,15,BlockApportionment:US.BlockGroups;PointsLayer:US.BlockPoints,2.191,2.576,0,0.0,0.0,0.0,0.0,0.0,0.0,0.0,0.0,0,0,0.6475,17.47,29.74,16.36,0,0,,,0,0,0,0,0,0,0,0,0,0,0,0,49,43,0,0,0,0,0.0,1800.56,0,0.0,2246.29,0,0.0,597.76,0,0,0.0,2248.42,60.62,1,0.0,0,27.03,1,30.56,1,0.0,0,1.07,7.12,30.96,55.52,6.41,6,51.35,45,78,0,,,0,0,33.731507596820634,-118.27236801221362,reconstructed,0.5354013566573703,0,0,0,0.0,0.0,0.0,0.0,0.0,0.0,0.0,0.0,0,total_crime_est,police_station_count,0.01563103795160291
AT-12,26,US,1277,BlockApportionment:US.BlockGroups;PointsLayer:US.BlockPoints,2.191,2.576,1,26,1271,43,62,12.67,6.47,141,26,US,1277,BlockApportionment:US.BlockGroups;PointsLayer:US.BlockPoints,2.191,2.576,1,17.44,6.92,2.94,29.41,0.12,1.52,5.28,13.75,141,144,0.6475,17.47,29.74,16.36,0,0,,,0,0,0,0,0,0,0,0,0,0,0,1,50,44,0,0,0,0,0.0,737.68,0,0.0,1705.85,9,959.23,112.8,0,0,0.0,1781.67,0.0,0,0.0,0,0.0,0,100.0,1,0.0,0,3.01,42.83,28.14,2.65,26.37,5,48.8,46,12,0,,,0,0,34.245343677706444,-118.26476445182357,reconstructed,0.5272979134829094,26,1271,62,17.44,6.92,2.94,29.41,0.12,1.52,6.47,13.75,144,total_crime_est,police_station_count,0.008256436086883114
AT-24,21,US,872,BlockApportionment:US.BlockGroups;PointsLayer:US.BlockPoints,2.191,2.576,1,91,6055,77,217,16.53,0.69,102,21,US,872,BlockApportionment:US.BlockGroups;PointsLayer:US.BlockPoints,2.191,2.576,1,22.12,2.86,21.9,39.0,2.73,7.66,0.53,17.76,98,100,0.6475,17.47,29.74,16.36,0,0,,,0,0,0,0,0,1,1,0,0,0,0,0,97,95,0,0,0,33,4451.04,209.83,33,4451.04,209.83,0,0.0,551.29,1,2,1515.96,242.55,0.0,0,0.0,0,0.0,0,100.0,1,0.0,0,1.59,19.65,54.16,1.24,24.96,5,67.43,46,24,0,,,2,0,34.15191769680318,-118.26467278211317,reconstructed,0.6310807637198083,91,6055,217,22.12,2.86,21.9,39.0,2.73,7.66,0.69,17.76,100,2023 Pop 35-64: No Health Insurance (ACS 5-Yr): Percent,affordable_housing_count,-0.00457168615912296
AT-25,42,US,843,BlockApportionment:US.BlockGroups;PointsLayer:US.BlockPoints,2.191,2.576,1,110,5670,96,138,22.72,2.64,98,42,US,843,BlockApportionment:US.BlockGroups;PointsLayer:US.BlockPoints,2.191,2.576,1,27.95,4.92,16.78,31.24,4.29,2.77,2.34,23.31,97,99,0.6475,17.47,29.74,16.36,0,0,,,36,0,1,1,0,0,1,1,0,0,0,0,100,110,0,0,0,19,591.01,400.37,1,16.56,472.88,0,0.0,1198.22,5,0,0.0,485.41,0.0,0,0.0,0,0.0,0,100.0,1,0.0,0,0.52,14.66,62.24,2.24,20.86,5,73.41,46,25,0,,,1,0,34.14413219839458,-118.26466514297064,reconstructed,0.609555741396237,110,5670,138,27.95,4.92,16.78,31.24,4.29,2.77,2.64,23.31,99,2023 Pop w/Income Below Poverty Level (ACS 5-Yr): Percent,fire_station_count,-0.009460387552402591
AT-26,21,US,822,BlockApportionment:US.BlockGroups;PointsLayer:US.BlockPoints,2.191,2.576,1,90,3910,86,267,37.72,2.0,82,21,US,822,BlockApportionment:US.BlockGroups;PointsLayer:US.BlockPoints,2.191,2.576,1,25.25,1.56,11.59,36.27,10.84,9.16,2.35,21.97,77,78,0.6475,17.47,29.74,16.36,0,0,,,18,0,0,0,0,4,0,1,0,0,0,0,109,84,0,0,0,19,999.23,157.69,3,118.13,437.6,0,0.0,916.38,0,0,0.0,495.53,0.0,0,0.0,0,0.0,0,100.0,1,0.0,0,2.3,17.7,61.06,2.48,18.76,5,72.05,46,26,0,,,4,0,34.13634669998597,-118.2646575038281,reconstructed,0.6125300069940967,90,3910,267,25.25,1.56,11.59,36.27,10.84,9.16,2.0,21.97,78,2023 Pop 35-64: No Health Insurance (ACS 5-Yr): Percent,affordable_housing_count,-0.00435835715040069
AT-27,5,US,806,BlockApportionment:US.BlockGroups;PointsLayer:US.BlockPoints,2.191,2.576,1,153,1557,129,57,44.64,0.78,127,5,US,806,BlockApportionment:US.BlockGroups;PointsLayer:US.BlockPoints,2.191,2.576,1,24.08,3.27,13.47,34.67,5.72,5.27,0.2,18.59,100,101,0.6475,17.47,29.74,16.36,0,0,,,12,0,0,0,0,0,0,0,0,0,0,0,140,150,0,1,0,21,983.84,281.84,0,0.0,898.27,0,0.0,814.21,6,0,0.0,900.94,0.0,0,0.0,0,0.0,0,100.0,1,0.0,0,0.0,8.14,70.97,2.3,18.58,5,79.68,46,27,0,,,0,0,34.12856120157737,-118.26464986468557,reconstructed,0.6201472771871637,153,1557,57,24.08,3.27,13.47,34.67,5.72,5.27,0.78,18.59,101,total_crime_est,police_station_count,-0.002104750772454115
AT-28,43,US,794,BlockApportionment:US.BlockGroups;PointsLayer:US.BlockPoints,2.191,2.576,1,159,2558,133,119,31.55,3.41,153,43,US,794,BlockApportionment:US.BlockGroups;PointsLayer:US.BlockPoints,2.191,2.576,1,13.61,9.51,6.03,17.44,1.42,2.5,3.44,11.68,140,141,0.6475,17.47,29.74,16.36,0,0,,,18,0,0,0,0,1,1,0,0,0,0,0,511,494,0,0,2,19,828.1,278.55,0,0.0,609.42,0,0.0,558.11,12,0,0.0,671.03,0.0,0,0.0,0,0.0,0,100.0,1,0.0,0,2.07,20.21,51.99,6.22,21.59,5,65.77,46,28,0,,,2,0,34.12077570316877,-118.26464222554304,reconstructed,0.6116844115569382,159,2558,119,13.61,9.51,6.03,17.44,1.42,2.5,3.41,11.68,141,2023 Pop w/Income Below Poverty Level (ACS 5-Yr): Percent,police_station_count,0.004255013823120359
AT-29,29,US,780,BlockApportionment:US.BlockGroups;PointsLayer:US.BlockPoints,2.191,2.576,1,137,1268,123,86,36.2,1.57,143,29,US,780,BlockApportionment:US.BlockGroups;PointsLayer:US.BlockPoints,2.191,2.576,1,35.34,7.24,6.31,28.21,2.42,5.75,1.82,9.35,130,135,0.6475,17.47,29.74,16.36,0,0,,,0,0,0,0,0,0,0,0,1,0,0,0,405,440,0,0,0,41,4208.17,7.42,19,2636.64,230.54,6,1000.74,138.98,10,2,1478.04,304.76,18.44,1,18.45,1,0.0,0,100.0,1,0.0,0,3.36,25.62,43.82,5.83,24.73,5,59.67,46,29,1,34.11634122,-118.2670386,0,1,34.11299020476016,-118.2646345864005,detection_avg,0.6200535075438067,137,1268,86,35.34,7.24,6.31,28.21,2.42,5.75,1.57,9.35,135,pct_below_poverty,la_geohub_100yr_flood_intersects,0.009879371209877884
AT-30,11,US,762,BlockApportionment:US.BlockGroups;PointsLayer:US.BlockPoints,2.191,2.576,1,110,1824,89,195,17.0,5.79,174,11,US,762,BlockApportionment:US.BlockGroups;PointsLayer:US.BlockPoints,2.191,2.576,1,10.6,4.71,7.72,22.98,0.31,2.69,5.46,4.68,155,153,0.6475,17.47,29.74,16.36,0,0,,,8,0,1,0,0,1,0,0,0,0,0,0,453,441,0,0,1,6,1143.36,355.89,6,1143.36,355.89,1,165.09,448.61,5,2,871.9,354.26,3.87,1,3.84,1,0.0,0,100.0,1,0.0,0,7.94,32.47,46.11,3.97,17.44,5,59.9,46,30,0,,,1,0,34.10520470635156,-118.26462694725797,reconstructed,0.5746209904880832,110,1824,195,10.6,4.71,7.72,22.98,0.31,2.69,5.79,4.68,153,pct_below_poverty,la_geohub_100yr_flood_intersects,0.012665504567637232
AT-31,37,US,738,BlockApportionment:US.BlockGroups;PointsLayer:US.BlockPoints,2.191,2.576,1,103,995,85,121,13.27,9.03,219,37,US,738,BlockApportionment:US.BlockGroups;PointsLayer:US.BlockPoints,2.191,2.576,1,11.68,6.07,4.2,11.85,0.0,1.76,8.69,1.61,186,181,0.6475,17.47,29.74,16.36,0,0,,,0,0,0,0,0,0,0,0,0,0,0,0,162,153,0,0,0,0,0.0,967.98,0,0.0,967.98,0,0.0,1202.72,1,0,0.0,988.11,38.47,1,38.46,1,0.0,0,100.0,1,0.0,0,5.85,27.13,25.0,37.59,10.28,6,45.74,46,31,0,,,0,0,34.09741920794295,-118.26461930811544,reconstructed,0.5737483763115369,103,995,121,11.68,6.07,4.2,11.85,0.0,1.76,9.03,1.61,181,2023 Pop w/Income Below Poverty Level (ACS 5-Yr): Percent,police_station_count,0.005052789310863013
AT-32,8,US,709,BlockApportionment:US.BlockGroups;PointsLayer:US.BlockPoints,2.191,2.576,1,154,2184,153,129,26.6,2.09,171,8,US,709,BlockApportionment:US.BlockGroups;PointsLayer:US.BlockPoints,2.191,2.576,1,10.64,5.48,7.37,17.58,1.96,0.52,1.52,11.17,154,152,0.6475,17.47,29.74,16.36,0,0,,,0,0,0,0,0,0,0,2,0,0,0,0,337,324,0,0,0,0,0.0,480.7,0,0.0,480.7,0,0.0,2011.65,3,0,0.0,504.42,9.25,1,9.27,1,0.0,0,100.0,1,0.0,0,10.36,37.48,32.47,14.16,15.89,5,49.62,46,32,0,,,0,0,34.08963370953435,-118.2646116689729,reconstructed,0.5910765137411655,154,2184,129,10.64,5.48,7.37,17.58,1.96,0.52,2.09,11.17,152,pct_below_poverty,la_geohub_100yr_flood_intersects,0.012159821836341672
AT-33,29,US,680,BlockApportionment:US.BlockGroups;PointsLayer:US.BlockPoints,2.191,2.576,1,140,2572,155,93,41.56,0.55,109,29,US,680,BlockApportionment:US.BlockGroups;PointsLayer:US.BlockPoints,2.191,2.576,1,8.87,6.95,12.58,25.64,1.41,5.55,0.44,15.2,108,109,0.6475,17.47,29.74,16.36,0,0,,,12,0,0,0,0,1,0,0,0,0,0,0,412,419,0,0,2,17,1183.79,380.93,0,0.0,791.98,0,0.0,2623.8,1,2,1292.91,381.33,0.0,0,0.0,0,0.0,0,100.0,1,0.0,0,9.2,33.27,51.15,2.83,12.74,5,63.04,46,33,1,34.08509404,-118.26059804,1,1,34.08184821112574,-118.26460402983037,detection_avg,0.6037646693505279,140,2572,93,8.87,6.95,12.58,25.64,1.41,5.55,0.55,15.2,109,pct_below_poverty,lausd_school_site_count,-0.0034215299033867864
AT-34,0,US,651,BlockApportionment:US.BlockGroups;PointsLayer:US.BlockPoints,2.191,2.576,1,117,3977,134,140,54.69,0.94,75,0,US,651,BlockApportionment:US.BlockGroups;PointsLayer:US.BlockPoints,2.191,2.576,1,16.11,4.25,19.68,28.67,7.36,7.41,1.24,10.21,80,82,0.6475,17.47,29.74,16.36,0,0,,,51,0,1,1,0,1,0,0,0,0,0,0,645,648,0,1,2,37,2710.84,11.45,6,181.05,449.41,0,0.0,2430.16,16,3,1972.67,10.66,3.04,1,2.98,1,0.0,0,100.0,1,0.0,0,5.5,23.94,61.88,2.3,11.88,5,71.67,46,34,1,34.075840125,-118.261416045,1,1,34.07406271271714,-118.26459639068784,detection_avg,0.6735397324497812,117,3977,140,16.11,4.25,19.68,28.67,7.36,7.41,0.94,10.21,82,pct_below_poverty,la_geohub_100yr_flood_intersects,-0.02018515066362522
AT-35,20,US,621,BlockApportionment:US.BlockGroups;PointsLayer:US.BlockPoints,2.191,2.576,1,139,5316,142,105,60.78,0.82,95,20,US,621,BlockApportionment:US.BlockGroups;PointsLayer:US.BlockPoints,2.191,2.576,1,22.86,3.81,15.41,23.83,6.45,6.76,1.49,11.74,84,86,0.6475,17.47,29.74,16.36,0,0,,,39,2,0,0,0,1,1,1,0,0,0,0,472,441,0,3,0,61,4355.04,202.35,30,2590.88,202.35,0,0.0,2351.77,6,2,1499.18,261.68,0.33,1,0.32,1,0.0,0,100.0,1,0.0,0,2.59,17.93,60.52,3.45,18.1,5,71.59,46,35,1,34.068503454,-118.264352274,2,1,34.06627721430853,-118.2645887515453,detection_avg,0.6593401906473,139,5316,105,22.86,3.81,15.41,23.83,6.45,6.76,0.82,11.74,86,recreation_center_count,osm_amenity_count,-0.008904251504797418
AT-36,40,US,591,BlockApportionment:US.BlockGroups;PointsLayer:US.BlockPoints,2.191,2.576,1,102,12108,92,121,77.78,0.59,55,40,US,591,BlockApportionment:US.BlockGroups;PointsLayer:US.BlockPoints,2.191,2.576,1,28.77,11.33,36.86,30.94,8.01,9.51,0.48,17.31,59,59,0.6475,17.47,29.74,16.36,0,0,,,30,0,0,0,0,10,0,0,0,0,0,0,640,621,1,1,17,11,786.45,353.1,0,0.0,849.43,0,0.0,2579.05,5,0,0.0,892.91,0.0,0,0.0,0,0.0,0,100.0,1,0.0,0,1.42,15.22,67.61,2.83,14.34,5,76.9,46,36,1,34.06083029,-118.26620479,10,1,34.058491715899926,-118.26458111240277,detection_avg,0.6762625231018845,102,12108,121,28.77,11.33,36.86,30.94,8.01,9.51,0.59,17.31,59,pct_below_poverty,library_count,0.01153623552809493
AT-37,4,US,555,BlockApportionment:US.BlockGroups;PointsLayer:US.BlockPoints,2.191,2.576,1,231,9756,116,107,41.84,1.95,75,4,US,555,BlockApportionment:US.BlockGroups;PointsLayer:US.BlockPoints,2.191,2.576,1,16.7,6.26,34.38,36.57,2.73,7.76,1.75,12.77,76,76,0.6475,17.47,29.74,16.36,0,0,,,76,1,0,0,0,1,0,0,1,0,0,0,1006,1081,0,2,2,72,4948.87,20.23,46,3752.58,290.58,0,0.0,3044.28,6,2,1462.94,288.93,2.08,1,0.0,0,0.52,1,100.0,1,0.0,0,0.34,8.79,76.21,2.76,12.24,5,83.24,46,37,1,34.052911204285714,-118.26693725690475,1,1,34.05070621749132,-118.26457347326024,detection_avg,0.68989134077512,231,9756,107,16.7,6.26,34.38,36.57,2.73,7.76,1.95,12.77,76,2023 Pop w/Income Below Poverty Level (ACS 5-Yr): Percent,adult_recreation_count,-0.025920970905021837
AT-38,18,US,519,BlockApportionment:US.BlockGroups;PointsLayer:US.BlockPoints,2.191,2.576,1,338,9139,128,81,17.0,4.8,150,18,US,519,BlockApportionment:US.BlockGroups;PointsLayer:US.BlockPoints,2.191,2.576,1,9.62,2.06,24.76,20.78,0.83,4.42,4.03,6.36,123,123,0.6475,17.47,29.74,16.36,0,0,,,93,0,0,0,1,0,0,0,1,0,0,0,1000,1162,0,1,0,91,5221.1,18.7,30,1891.39,233.67,0,0.0,3185.08,38,2,695.34,392.09,29.28,1,0.0,0,3.58,1,100.0,1,0.0,0,0.18,5.14,83.51,0.71,10.64,5,88.4,46,38,1,34.046019695,-118.2660357125,0,1,34.04292071908272,-118.2645658341177,detection_avg,0.6521549414942709,338,9139,81,9.62,2.06,24.76,20.78,0.83,4.42,4.8,6.36,123,2023 Pop w/Income Below Poverty Level (ACS 5-Yr): Percent,college_count,-0.02510305029504772
AT-39,32,US,483,BlockApportionment:US.BlockGroups;PointsLayer:US.BlockPoints,2.191,2.576,1,275,6383,107,136,33.68,1.11,91,32,US,483,BlockApportionment:US.BlockGroups;PointsLayer:US.BlockPoints,2.191,2.576,1,13.09,3.88,25.94,31.63,1.28,5.85,1.69,5.71,89,85,0.6475,17.47,29.74,16.36,0,0,,,297,1,1,0,2,0,0,0,0,0,0,0,809,820,0,0,1,60,5325.04,36.78,14,2166.21,324.83,0,0.0,3306.0,11,2,984.67,348.69,41.56,1,0.0,0,9.78,1,100.0,1,0.0,0,0.0,6.71,82.44,0.0,10.84,5,87.71,46,39,1,34.035565334285714,-118.26662736285714,0,1,34.03513522067411,-118.26455819497517,detection_avg,0.6862066761081805,275,6383,136,13.09,3.88,25.94,31.63,1.28,5.85,1.11,5.71,85,2023 Pop 35-64: No Health Insurance (ACS 5-Yr): Percent,hospital_count,-0.009660106748565557
AT-40,47,US,448,BlockApportionment:US.BlockGroups;PointsLayer:US.BlockPoints,2.191,2.576,1,198,2521,113,171,81.28,2.93,45,47,US,448,BlockApportionment:US.BlockGroups;PointsLayer:US.BlockPoints,2.191,2.576,1,28.52,19.63,35.99,35.64,6.02,7.87,2.95,13.21,52,54,0.6475,17.47,29.74,16.36,0,0,,,45,0,0,0,1,4,0,0,0,0,0,1,539,515,0,2,2,65,4473.48,160.87,14,1870.25,334.77,0,0.0,3448.73,7,2,820.85,353.24,49.51,1,0.0,0,10.08,1,100.0,1,0.0,0,0.18,8.51,79.43,0.35,11.7,5,85.55,46,40,1,34.028642269230765,-118.26682948384617,4,1,34.027349722265505,-118.26455055583264,detection_avg,0.6866830508335326,198,2521,171,28.52,19.63,35.99,35.64,6.02,7.87,2.93,13.21,54,2023 Pop w/Income Below Poverty Level (ACS 5-Yr): Percent,college_count,-0.017103534683598084
AT-41,12,US,413,BlockApportionment:US.BlockGroups;PointsLayer:US.BlockPoints,2.191,2.576,1,151,7315,124,148,91.63,0.62,64,12,US,413,BlockApportionment:US.BlockGroups;PointsLayer:US.BlockPoints,2.191,2.576,1,34.82,8.26,31.13,33.58,10.03,8.99,0.67,17.16,60,60,0.6475,17.47,29.74,16.36,0,0,,,36,0,0,0,0,1,0,1,0,0,0,0,434,394,0,0,3,0,0.0,917.88,0,0.0,1089.66,0,0.0,3658.33,1,0,0.0,1118.49,63.14,1,0.0,0,6.66,1,100.0,1,0.0,0,0.18,10.8,68.67,0.53,20.0,5,78.01,46,41,1,34.0190604368421,-118.26356699157895,1,1,34.0195642238569,-118.2645429166901,detection_avg,0.6805450490068523,151,7315,148,34.82,8.26,31.13,33.58,10.03,8.99,0.62,17.16,60,2023 Pop w/Income Below Poverty Level (ACS 5-Yr): Percent,police_station_count,-0.010556383933857392
AT-42,27,US,378,BlockApportionment:US.BlockGroups;PointsLayer:US.BlockPoints,2.191,2.576,1,160,4750,147,145,93.28,0.44,82,27,US,378,BlockApportionment:US.BlockGroups;PointsLayer:US.BlockPoints,2.191,2.576,1,25.1,11.68,23.77,30.08,11.75,7.71,0.29,18.54,79,82,0.6475,17.47,29.74,16.36,0,0,,,24,0,0,0,0,2,0,0,0,0,0,0,369,313,0,0,6,9,673.03,280.91,0,0.0,1431.83,0,0.0,3819.64,1,0,0.0,1492.76,69.44,1,0.0,0,4.92,1,100.0,1,0.0,0,0.17,10.84,70.22,1.55,17.38,5,79.1,46,42,1,34.01454416,-118.265850014,2,1,34.011778725448295,-118.26453527754757,detection_avg,0.6874370549572592,160,4750,145,25.1,11.68,23.77,30.08,11.75,7.71,0.44,18.54,82,pct_below_poverty,lausd_school_site_count,0.015768676870654204
AT-43,46,US,347,BlockApportionment:US.BlockGroups;PointsLayer:US.BlockPoints,2.191,2.576,1,158,7387,164,133,90.62,0.3,66,46,US,347,BlockApportionment:US.BlockGroups;PointsLayer:US.BlockPoints,2.191,2.576,1,25.52,10.78,31.56,39.08,11.35,8.4,0.14,25.15,68,68,0.6475,17.47,29.74,16.36,0,0,,,30,0,0,0,0,0,0,1,0,0,0,0,371,314,0,1,0,0,0.0,583.77,0,0.0,1497.16,0,0.0,3991.07,2,0,0.0,1527.22,70.34,1,0.0,0,11.02,1,100.0,1,0.0,0,1.42,13.98,67.43,0.35,18.23,5,76.78,46,43,1,34.00408899375,-118.26521992375,0,1,34.003993227039686,-118.26452763840504,detection_avg,0.6681200578178317,158,7387,133,25.52,10.78,31.56,39.08,11.35,8.4,0.3,25.15,68,2023 Pop w/Income Below Poverty Level (ACS 5-Yr): Percent,police_station_count,-0.01034458880773631
AT-44,17,US,318,BlockApportionment:US.BlockGroups;PointsLayer:US.BlockPoints,2.191,2.576,1,145,5876,167,238,88.46,1.25,67,17,US,318,BlockApportionment:US.BlockGroups;PointsLayer:US.BlockPoints,2.191,2.576,1,29.96,11.56,26.69,38.91,4.72,10.14,0.93,12.2,60,62,0.6475,17.47,29.74,16.36,0,0,,,18,0,0,0,0,1,0,0,0,0,0,0,319,281,0,2,1,0,0.0,740.45,0,0.0,1448.27,0,0.0,4280.54,2,0,0.0,1491.68,19.32,1,0.0,0,1.84,1,100.0,1,0.0,0,0.86,17.76,67.07,0.52,14.66,5,76.69,46,44,0,,,1,0,33.996207728631084,-118.26451999926248,reconstructed,0.674845290844607,145,5876,238,29.96,11.56,26.69,38.91,4.72,10.14,1.25,12.2,62,2023 Pop w/Income Below Poverty Level (ACS 5-Yr): Percent,police_station_count,-0.009418803374067511
AT-45,40,US,291,BlockApportionment:US.BlockGroups;PointsLayer:US.BlockPoints,2.191,2.576,1,185,2483,173,181,86.91,0.66,69,40,US,291,BlockApportionment:US.BlockGroups;PointsLayer:US.BlockPoints,2.191,2.576,1,28.96,9.28,29.83,40.37,6.05,8.35,0.31,21.48,74,77,0.6475,17.47,29.74,16.36,0,0,,,33,0,0,0,0,0,0,0,0,0,0,0,404,347,0,0,5,17,876.1,107.51,0,0.0,1381.3,0,0.0,4678.77,0,0,0.0,1470.66,0.0,0,0.0,0,0.0,0,100.0,1,0.0,0,0.18,7.96,83.72,0.35,7.96,5,88.55,46,45,1,33.99084526,-118.26608593,0,1,33.98842223022248,-118.26451236011997,detection_avg,0.6829998098872695,185,2483,181,28.96,9.28,29.83,40.37,6.05,8.35,0.66,21.48,77,pct_below_poverty,lausd_school_site_count,0.02131621783325583
AT-46,14,US,265,BlockApportionment:US.BlockGroups;PointsLayer:US.BlockPoints,2.191,2.576,1,213,3020,193,298,85.76,0.19,77,14,US,265,BlockApportionment:US.BlockGroups;PointsLayer:US.BlockPoints,2.191,2.576,1,35.65,11.62,25.82,28.84,6.76,10.56,0.91,27.19,72,74,0.6475,17.47,29.74,16.36,0,0,,,42,0,0,0,0,0,0,0,0,0,0,0,393,343,0,0,3,0,0.0,649.96,0,0.0,1443.65,0,0.0,4845.3,2,0,0.0,1477.02,0.42,1,0.0,0,0.43,1,100.0,1,0.0,0,0.17,6.03,86.38,0.34,7.24,5,90.42,46,46,1,33.98156674,-118.26556351666666,0,1,33.980636731813874,-118.26450472097744,detection_avg,0.6504124033047409,213,3020,298,35.65,11.62,25.82,28.84,6.76,10.56,0.19,27.19,74,2023 Pop w/Income Below Poverty Level (ACS 5-Yr): Percent,police_station_count,-0.008636805401746314
AT-47,39,US,240,BlockApportionment:US.BlockGroups;PointsLayer:US.BlockPoints,2.191,2.576,1,139,3524,164,157,83.43,1.71,71,39,US,240,BlockApportionment:US.BlockGroups;PointsLayer:US.BlockPoints,2.191,2.576,1,38.8,13.59,23.07,28.92,6.9,4.61,0.77,26.94,66,67,0.6475,17.47,29.74,16.36,0,0,,,34,0,0,0,0,0,0,0,0,0,0,0,287,217,0,3,0,9,984.3,12.83,0,0.0,1457.53,0,0.0,3981.08,5,0,0.0,1498.28,0.52,1,0.0,0,0.54,1,100.0,1,0.0,0,1.95,12.77,76.42,0.53,10.28,5,82.91,46,47,1,33.975173717857146,-118.26457869214286,0,1,33.97285123340527,-118.26449708183488,detection_avg,0.6544418179257655,139,3524,157,38.8,13.59,23.07,28.92,6.9,4.61,1.71,26.94,67,2023 Pop w/Income Below Poverty Level (ACS 5-Yr): Percent,police_station_count,-0.005711250576970196
AT-48,16,US,217,BlockApportionment:US.BlockGroups;PointsLayer:US.BlockPoints,2.191,2.576,1,136,6163,173,160,77.77,1.75,88,16,US,217,BlockApportionment:US.BlockGroups;PointsLayer:US.BlockPoints,2.191,2.576,1,35.43,9.31,20.41,31.03,7.49,9.11,1.47,23.69,74,74,0.6475,17.47,29.74,16.36,0,0,,,11,0,0,0,0,2,0,0,0,0,0,0,224,222,0,0,3,0,0.0,737.53,0,0.0,1480.6,0,0.0,3117.12,0,0,0.0,1497.95,0.76,1,0.0,0,0.78,1,100.0,1,0.0,0,1.6,15.81,70.87,1.07,12.26,5,79.13,46,48,0,,,2,0,33.965065734996664,-118.26448944269237,reconstructed,0.67308848700925,136,6163,160,35.43,9.31,20.41,31.03,7.49,9.11,1.75,23.69,74,pct_below_poverty,lausd_school_site_count,0.008245512872467104
AT-49,42,US,193,BlockApportionment:US.BlockGroups;PointsLayer:US.BlockPoints,2.191,2.576,1,168,4013,182,245,78.62,0.46,61,42,US,193,BlockApportionment:US.BlockGroups;PointsLayer:US.BlockPoints,2.191,2.576,1,40.94,9.73,29.38,45.14,6.95,7.27,0.61,18.89,61,61,0.6475,17.47,29.74,16.36,0,0,,,27,0,0,0,0,1,0,2,0,0,1,0,276,238,0,0,4,20,1359.43,115.94,0,0.0,1380.09,0,0.0,2253.69,2,0,0.0,1496.07,0.96,1,0.0,0,0.99,1,100.0,1,0.0,0,0.52,13.97,68.45,1.38,16.21,5,77.76,46,49,1,33.96105556333333,-118.26703118,1,1,33.95728023658806,-118.26448180354984,detection_avg,0.6686666117492515,168,4013,245,40.94,9.73,29.38,45.14,6.95,7.27,0.46,18.89,61,pct_below_poverty,lausd_school_site_count,-0.011230070535363124
AT-50,19,US,170,BlockApportionment:US.BlockGroups;PointsLayer:US.BlockPoints,2.191,2.576,1,142,4343,179,224,77.94,0.46,82,19,US,170,BlockApportionment:US.BlockGroups;PointsLayer:US.BlockPoints,2.191,2.576,1,39.64,8.69,21.84,44.48,5.6,11.16,0.56,27.99,69,70,0.6475,17.47,29.74,16.36,0,0,,,12,0,0,0,0,1,0,0,0,0,0,0,175,146,0,0,3,0,0.0,772.92,0,0.0,1390.88,0,0.0,1391.78,1,0,0.0,1402.89,0.0,0,0.0,0,0.0,0,100.0,1,0.0,0,1.6,14.74,66.79,1.42,17.05,5,76.27,46,50,1,33.949264596666666,-118.26493411666668,1,1,33.94949473817945,-118.26447416440728,detection_avg,0.6424048378786671,142,4343,224,39.64,8.69,21.84,44.48,5.6,11.16,0.46,27.99,70,pct_below_poverty,lausd_school_site_count,0.005395450962484195
AT-51,1,US,152,BlockApportionment:US.BlockGroups;PointsLayer:US.BlockPoints,2.191,2.576,1,163,4077,199,131,71.55,2.64,81,1,US,152,BlockApportionment:US.BlockGroups;PointsLayer:US.BlockPoints,2.191,2.576,1,38.03,13.09,18.78,40.77,6.18,3.82,1.92,30.07,82,85,0.6475,17.47,29.74,16.36,0,0,,,36,0,0,0,0,0,0,0,0,0,0,0,213,166,0,0,0,0,0.0,964.76,0,0.0,1369.91,0,0.0,538.7,6,0,0.0,1404.37,0.0,0,0.0,0,0.0,0,100.0,1,0.0,0,1.9,22.41,51.21,1.55,24.83,5,65.28,46,51,0,,,0,0,33.94170923977085,-118.26446652526477,reconstructed,0.5946753224090402,163,4077,131,38.03,13.09,18.78,40.77,6.18,3.82,2.64,30.07,85,2023 Pop w/Income Below Poverty Level (ACS 5-Yr): Percent,fire_station_count,0.0030888603009092833
AT-52,39,US,140,BlockApportionment:US.BlockGroups;PointsLayer:US.BlockPoints,2.191,2.576,1,190,3436,190,160,77.21,1.38,69,39,US,140,BlockApportionment:US.BlockGroups;PointsLayer:US.BlockPoints,2.191,2.576,1,33.11,16.78,33.78,46.85,6.1,2.79,1.97,21.0,82,87,0.6475,17.47,29.74,16.36,0,0,,,15,0,0,0,0,3,0,0,0,0,0,0,177,154,0,0,5,0,0.0,511.69,0,0.0,883.55,3,697.35,238.84,2,0,0.0,887.78,1.64,1,1.64,1,0.0,0,100.0,1,0.0,0,0.53,15.07,61.35,0.71,22.87,5,72.79,46,52,0,,,3,0,33.93392374136224,-118.26445888612224,reconstructed,0.5977330230666419,190,3436,160,33.11,16.78,33.78,46.85,6.1,2.79,1.38,21.0,87,pct_below_poverty,la_geohub_100yr_flood_intersects,-0.02690987777452679
AT-53,28,US,129,BlockApportionment:US.BlockGroups;PointsLayer:US.BlockPoints,2.191,2.576,1,153,4138,180,169,67.06,2.43,88,28,US,129,BlockApportionment:US.BlockGroups;PointsLayer:US.BlockPoints,2.191,2.576,1,35.6,7.0,18.78,40.17,8.16,8.55,2.44,27.77,79,78,0.6475,17.47,29.74,16.36,0,0,,,30,0,0,0,0,2,0,0,0,0,0,0,154,160,0,1,3,26,2672.23,18.94,16,1951.47,18.94,0,0.0,863.08,1,2,1903.7,23.16,0.0,0,0.0,0,0.0,0,100.0,1,0.0,0,0.34,22.76,52.07,0.17,25.0,5,66.35,46,53,0,,,2,0,33.92613824295364,-118.26445124697968,reconstructed,0.6647049851483587,153,4138,169,35.6,7.0,18.78,40.17,8.16,8.55,2.43,27.77,78,pct_below_poverty,lausd_school_site_count,0.009730640029866478
AT-54,20,US,121,BlockApportionment:US.BlockGroups;PointsLayer:US.BlockPoints,2.191,2.576,1,230,2194,245,38,70.42,0.89,99,20,US,121,BlockApportionment:US.BlockGroups;PointsLayer:US.BlockPoints,2.191,2.576,1,30.23,9.3,7.65,47.3,8.42,4.55,0.62,22.6,84,88,0.6475,17.47,29.74,16.36,0,0,,,9,0,0,0,0,4,0,0,0,0,0,0,69,56,0,1,5,16,758.52,399.1,0,0.0,801.76,1,69.07,391.63,4,0,0.0,803.44,0.0,0,0.0,0,0.0,0,100.0,1,0.0,0,0.89,23.8,47.96,1.6,26.64,5,63.3,46,54,0,,,4,0,33.91835274454503,-118.26444360783717,reconstructed,0.5790732003128007,230,2194,38,30.23,9.3,7.65,47.3,8.42,4.55,0.89,22.6,88,pct_below_poverty,lausd_school_site_count,0.004313076613767686
AT-55,15,US,116,BlockApportionment:US.BlockGroups;PointsLayer:US.BlockPoints,2.191,2.576,1,208,2867,207,83,52.84,2.76,112,15,US,116,BlockApportionment:US.BlockGroups;PointsLayer:US.BlockPoints,2.191,2.576,1,33.68,8.84,14.91,40.3,6.85,3.69,1.83,16.72,91,92,0.6475,17.47,29.74,16.36,0,0,,,8,0,0,0,0,0,0,0,0,0,0,0,60,58,0,1,0,0,0.0,452.75,0,0.0,1666.36,0,0.0,994.24,3,0,0.0,1668.04,0.0,0,0.0,0,0.0,0,100.0,1,0.0,0,0.18,15.45,56.31,3.02,25.22,5,69.36,46,55,0,,,0,0,33.91056724613643,-118.26443596869464,reconstructed,0.587506977888969,208,2867,83,33.68,8.84,14.91,40.3,6.85,3.69,2.76,16.72,92,total_crime_est,affordable_housing_count,-0.004352461984199144
AT-70,20,US,71,BlockApportionment:US.BlockGroups;PointsLayer:US.BlockPoints,2.191,2.576,1,85,2976,97,219,89.25,2.87,97,20,US,71,BlockApportionment:US.BlockGroups;PointsLayer:US.BlockPoints,2.191,2.576,1,24.85,3.2,18.38,41.16,7.25,5.84,1.87,20.59,82,88,0.6475,17.47,29.74,16.36,0,0,,,21,0,0,0,0,3,0,0,0,0,0,0,115,99,0,0,7,0,0.0,471.44,0,0.0,471.44,0,0.0,847.08,0,0,0.0,465.23,0.0,0,0.0,0,0.0,0,100.0,1,0.0,0,0.52,13.97,62.41,0.52,23.1,5,73.53,46,70,0,,,3,0,33.79378477000736,-118.26432138155664,reconstructed,0.5956815362921247,85,2976,219,24.85,3.2,18.38,41.16,7.25,5.84,2.87,20.59,88,pct_below_poverty,lausd_school_site_count,-0.015902921886057613
AT-71,10,US,61,BlockApportionment:US.BlockGroups;PointsLayer:US.BlockPoints,2.191,2.576,1,127,3948,122,200,93.09,1.65,89,10,US,61,BlockApportionment:US.BlockGroups;PointsLayer:US.BlockPoints,2.191,2.576,1,16.92,3.82,15.73,38.17,5.77,6.75,1.26,28.1,89,93,0.6475,17.47,29.74,16.36,0,0,,,15,0,0,1,0,2,0,0,0,0,0,1,307,281,0,0,3,13,544.82,391.28,13,544.82,391.28,0,0.0,721.38,6,2,1089.95,385.17,0.0,0,0.0,0,0.0,0,100.0,1,0.0,0,2.13,16.7,64.83,1.24,17.23,5,74.74,46,71,0,,,2,0,33.78599927159875,-118.26431374241407,reconstructed,0.6364647654457826,127,3948,200,16.92,3.82,15.73,38.17,5.77,6.75,1.65,28.1,93,pct_below_poverty,lausd_school_site_count,0.0071302606980453865
AT-72,0,US,51,BlockApportionment:US.BlockGroups;PointsLayer:US.BlockPoints,2.191,2.576,1,142,4464,127,98,91.38,1.58,50,0,US,51,BlockApportionment:US.BlockGroups;PointsLayer:US.BlockPoints,2.191,2.576,1,23.64,4.13,40.52,40.86,6.36,12.74,1.53,24.1,51,55,0.6475,17.47,29.74,16.36,0,0,,,42,0,1,0,0,0,0,0,0,0,0,0,420,418,0,0,3,0,0.0,949.12,0,0.0,1253.84,0,0.0,1291.02,3,0,0.0,1247.81,0.0,0,0.0,0,0.0,0,100.0,1,0.0,0,1.04,11.25,75.09,0.52,13.15,5,82.25,46,72,1,33.7801607175,-118.265355455,0,1,33.778213773190146,-118.26430610327157,detection_avg,0.6484529181174125,142,4464,98,23.64,4.13,40.52,40.86,6.36,12.74,1.58,24.1,55,pct_below_poverty,lausd_school_site_count,0.03215478316633302
AT-73,43,US,44,BlockApportionment:US.BlockGroups;PointsLayer:US.BlockPoints,2.191,2.576,1,139,846,121,67,90.19,3.3,90,43,US,44,BlockApportionment:US.BlockGroups;PointsLayer:US.BlockPoints,2.191,2.576,1,15.86,3.24,19.09,41.31,1.52,7.54,3.54,31.61,75,77,0.6475,17.47,29.74,16.36,0,0,,,0,0,0,0,0,1,0,1,1,0,0,1,133,112,0,0,1,16,916.58,86.5,0,0.0,1064.16,0,0.0,1211.53,2,0,0.0,1383.46,0.0,0,0.0,0,0.0,0,100.0,1,0.0,0,0.18,9.95,76.55,1.95,11.55,5,83.53,46,73,0,,,1,0,33.77042827478154,-118.26429846412904,reconstructed,0.6251328085078862,139,846,67,15.86,3.24,19.09,41.31,1.52,7.54,3.3,31.61,77,pct_below_poverty,lausd_school_site_count,-0.007279765641679635
AT-74,38,US,39,BlockApportionment:US.BlockGroups;PointsLayer:US.BlockPoints,2.191,2.576,1,80,2,55,0,50.0,0.0,0,38,US,39,BlockApportionment:US.BlockGroups;PointsLayer:US.BlockPoints,2.191,2.576,1,0.0,0.0,0.0,0.0,0.0,0.0,0.0,0.0,0,0,0.6475,17.47,29.74,16.36,0,0,,,0,0,0,0,1,0,0,0,0,0,0,0,5,3,0,0,0,0,0.0,774.89,0,0.0,1265.38,0,0.0,702.83,0,0,0.0,1572.03,21.73,1,0.0,0,0.0,0,80.96,1,0.0,0,0.17,1.73,78.41,15.2,4.66,5,84.84,46,74,0,,,0,0,33.762642776372935,-118.26429082498647,reconstructed,0.5203141974801659,80,2,0,0.0,0.0,0.0,0.0,0.0,0.0,0.0,0.0,0,2023 Pop w/Income Below Poverty Level (ACS 5-Yr): Percent,college_count,-0.01900470668389716
AU-23,10,US,911,BlockApportionment:US.BlockGroups;PointsLayer:US.BlockPoints,2.191,2.576,1,94,3361,64,57,16.42,2.6,109,10,US,911,BlockApportionment:US.BlockGroups;PointsLayer:US.BlockPoints,2.191,2.576,1,23.54,4.16,15.05,40.8,0.9,3.94,1.57,19.14,96,97,0.6475,17.47,29.74,16.36,0,0,,,3,0,0,0,0,0,1,0,0,0,0,0,137,162,0,0,0,38,5167.5,143.29,23,4530.44,150.47,7,930.15,129.52,8,2,1625.77,154.73,0.0,0,0.0,0,0.0,0,100.0,1,0.0,0,1.41,12.19,73.67,1.41,12.72,5,81.15,47,23,0,,,1,0,34.15969638112967,-118.25657267745844,reconstructed,0.6071714592519998,94,3361,57,23.54,4.16,15.05,40.8,0.9,3.94,2.6,19.14,97,pct_below_poverty,lausd_school_site_count,0.0025771787284323334
AU-24,22,US,873,BlockApportionment:US.BlockGroups;PointsLayer:US.BlockPoints,2.191,2.576,1,109,6303,87,181,15.37,1.85,93,22,US,873,BlockApportionment:US.BlockGroups;PointsLayer:US.BlockPoints,2.191,2.576,1,23.56,3.9,21.7,39.45,2.0,2.76,1.34,21.15,88,88,0.6475,17.47,29.74,16.36,0,0,,,39,0,0,0,1,0,0,0,0,0,0,1,180,229,0,0,0,22,1729.67,95.26,0,0.0,667.53,0,0.0,951.48,48,0,0.0,693.79,0.0,0,0.0,0,0.0,0,100.0,1,0.0,0,0.69,6.01,87.63,0.52,5.84,5,91.13,47,24,0,,,0,0,34.15191088272106,-118.2565650383159,reconstructed,0.6506089358473748,109,6303,181,23.56,3.9,21.7,39.45,2.0,2.76,1.85,21.15,88,2023 Pop w/Income Below Poverty Level (ACS 5-Yr): Percent,college_count,-0.019512669882051414
AU-25,43,US,844,BlockApportionment:US.BlockGroups;PointsLayer:US.BlockPoints,2.191,2.576,1,97,4329,88,95,28.46,0.89,67,43,US,844,BlockApportionment:US.BlockGroups;PointsLayer:US.BlockPoints,2.191,2.576,1,27.46,4.11,26.17,39.58,5.41,4.86,0.97,24.69,72,73,0.6475,17.47,29.74,16.36,0,0,,,42,0,0,1,0,0,1,2,0,0,0,0,83,90,0,0,0,52,2735.34,39.36,0,0.0,988.76,0,0.0,1744.35,29,0,0.0,1013.68,0.0,0,0.0,0,0.0,0,100.0,1,0.0,0,2.47,12.01,79.15,0.18,8.66,5,84.66,47,25,0,,,1,0,34.14412538431246,-118.25655739917336,reconstructed,0.6450611695227912,97,4329,95,27.46,4.11,26.17,39.58,5.41,4.86,0.89,24.69,73,pct_below_poverty,library_count,-0.013611722710199508
AU-26,22,US,823,BlockApportionment:US.BlockGroups;PointsLayer:US.BlockPoints,2.191,2.576,1,88,4940,81,121,34.47,0.85,85,22,US,823,BlockApportionment:US.BlockGroups;PointsLayer:US.BlockPoints,2.191,2.576,1,26.52,6.2,15.81,35.61,2.98,7.0,0.9,33.8,73,73,0.6475,17.47,29.74,16.36,0,0,,,48,0,1,0,0,1,0,0,1,0,0,0,92,97,0,1,0,21,1729.69,104.86,0,0.0,1270.06,0,0.0,1504.09,13,0,0.0,1331.39,0.0,0,0.0,0,0.0,0,100.0,1,0.0,0,2.76,14.48,76.21,1.21,8.1,5,82.52,47,26,0,,,1,0,34.13633988590385,-118.25654976003084,reconstructed,0.641876321356029,88,4940,121,26.52,6.2,15.81,35.61,2.98,7.0,0.85,33.8,73,2023 Pop w/Income Below Poverty Level (ACS 5-Yr): Percent,fire_station_count,-0.006987639644872002
AU-27,6,US,807,BlockApportionment:US.BlockGroups;PointsLayer:US.BlockPoints,2.191,2.576,1,127,1709,121,67,29.55,0.89,141,6,US,807,BlockApportionment:US.BlockGroups;PointsLayer:US.BlockPoints,2.191,2.576,1,18.58,5.06,13.23,36.75,0.28,3.91,0.19,25.04,102,102,0.6475,17.47,29.74,16.36,0,0,,,66,1,0,0,0,1,0,0,0,0,0,0,61,58,0,1,0,75,3390.22,110.64,0,0.0,1461.6,0,0.0,1410.98,10,0,0.0,1528.55,0.0,0,0.0,0,0.0,0,100.0,1,0.0,0,2.3,11.31,78.98,1.94,7.77,5,84.6,47,27,0,,,1,0,34.12855438749525,-118.2565421208883,reconstructed,0.6088034053046192,127,1709,67,18.58,5.06,13.23,36.75,0.28,3.91,0.89,25.04,102,2023 Pop 35-64: No Health Insurance (ACS 5-Yr): Percent,hospital_count,-0.013768828428448844
AU-28,44,US,795,BlockApportionment:US.BlockGroups;PointsLayer:US.BlockPoints,2.191,2.576,1,125,2759,111,50,38.13,0.67,116,44,US,795,BlockApportionment:US.BlockGroups;PointsLayer:US.BlockPoints,2.191,2.576,1,36.92,5.77,5.53,22.64,1.76,3.93,1.06,17.28,105,107,0.6475,17.47,29.74,16.36,0,0,,,6,0,0,1,0,0,0,0,0,0,0,0,411,447,0,0,2,23,1578.98,251.68,0,0.0,1079.75,0,0.0,978.62,4,0,0.0,1113.42,0.0,0,0.0,0,0.0,0,100.0,1,0.0,0,3.78,19.07,67.87,1.72,11.34,5,76.38,47,28,0,,,0,0,34.12076888908664,-118.25653448174576,reconstructed,0.6039151400997279,125,2759,50,36.92,5.77,5.53,22.64,1.76,3.93,0.67,17.28,107,pct_below_poverty,library_count,0.007541187499213701
AU-29,30,US,781,BlockApportionment:US.BlockGroups;PointsLayer:US.BlockPoints,2.191,2.576,1,134,2376,128,98,49.24,1.11,131,30,US,781,BlockApportionment:US.BlockGroups;PointsLayer:US.BlockPoints,2.191,2.576,1,35.61,6.4,14.56,18.27,5.35,3.52,1.44,18.18,130,134,0.6475,17.47,29.74,16.36,0,0,,,20,0,0,0,0,1,0,0,0,0,0,0,317,318,0,0,0,11,1441.02,361.38,11,1441.02,361.38,4,889.07,218.16,1,2,737.75,381.08,17.43,1,17.43,1,0.0,0,100.0,1,0.0,0,4.42,21.77,55.75,4.6,17.88,5,67.7,47,29,1,34.10971035,-118.25675187,1,1,34.11298339067804,-118.25652684260324,detection_avg,0.6103355623139566,134,2376,98,35.61,6.4,14.56,18.27,5.35,3.52,1.11,18.18,134,total_population,police_station_count,-0.002738165114266141
AU-30,12,US,763,BlockApportionment:US.BlockGroups;PointsLayer:US.BlockPoints,2.191,2.576,1,123,1380,101,205,20.29,3.81,171,12,US,763,BlockApportionment:US.BlockGroups;PointsLayer:US.BlockPoints,2.191,2.576,1,12.3,2.62,6.57,17.81,0.61,2.83,3.84,9.69,156,154,0.6475,17.47,29.74,16.36,0,0,,,16,0,0,1,0,0,0,0,0,0,0,0,364,389,0,0,3,28,2808.65,299.42,28,2808.65,299.42,0,0.0,571.37,6,2,1380.67,309.34,0.0,0,0.0,0,0.0,0,100.0,1,0.0,0,7.42,33.39,43.82,2.12,20.67,5,58.45,47,30,1,34.10407325,-118.25363129,0,1,34.10519789226943,-118.2565192034607,detection_avg,0.5837860719831813,123,1380,205,12.3,2.62,6.57,17.81,0.61,2.83,3.81,9.69,154,pct_below_poverty,library_count,0.00630256666920498
AU-31,38,US,739,BlockApportionment:US.BlockGroups;PointsLayer:US.BlockPoints,2.191,2.576,1,105,2077,116,95,26.1,3.36,152,38,US,739,BlockApportionment:US.BlockGroups;PointsLayer:US.BlockPoints,2.191,2.576,1,19.84,8.08,11.6,21.86,0.67,2.08,3.44,10.65,137,137,0.6475,17.47,29.74,16.36,0,0,,,18,0,0,0,0,0,1,0,0,0,0,0,327,358,0,0,0,16,2249.83,136.11,15,2200.75,136.11,0,0.0,1364.1,0,2,1765.33,138.78,0.0,0,0.0,0,0.0,0,100.0,1,0.0,0,9.97,48.28,27.32,1.89,22.51,5,46.13,47,31,1,34.09506935,-118.25284649,1,1,34.09741239386083,-118.25651156431816,detection_avg,0.5919496872928145,105,2077,95,19.84,8.08,11.6,21.86,0.67,2.08,3.36,10.65,137,total_population,police_station_count,-0.0027029798401777606
AU-32,9,US,710,BlockApportionment:US.BlockGroups;PointsLayer:US.BlockPoints,2.191,2.576,1,123,2332,143,131,45.84,1.62,132,9,US,710,BlockApportionment:US.BlockGroups;PointsLayer:US.BlockPoints,2.191,2.576,1,18.7,9.3,9.42,32.69,1.73,4.73,1.31,8.9,119,121,0.6475,17.47,29.74,16.36,0,0,,,18,0,0,0,0,1,0,0,0,0,0,1,389,385,0,0,1,22,1374.82,307.75,3,350.8,348.66,0,0.0,1760.02,2,2,1544.16,304.3,0.0,0,0.0,0,0.0,0,100.0,1,0.0,0,7.45,41.67,33.87,2.48,21.99,5,51.47,47,32,0,,,1,0,34.08962689545222,-118.25650392517562,reconstructed,0.5986696836904895,123,2332,131,18.7,9.3,9.42,32.69,1.73,4.73,1.62,8.9,121,pct_below_poverty,lausd_school_site_count,0.006427477264138239
AU-33,30,US,681,BlockApportionment:US.BlockGroups;PointsLayer:US.BlockPoints,2.191,2.576,1,153,3687,150,126,46.7,0.39,133,30,US,681,BlockApportionment:US.BlockGroups;PointsLayer:US.BlockPoints,2.191,2.576,1,19.24,5.94,6.41,31.49,3.21,4.51,1.5,7.91,119,121,0.6475,17.47,29.74,16.36,0,0,,,6,0,0,0,0,2,0,0,1,0,0,0,644,639,0,1,5,33,1462.25,351.74,0,0.0,1107.54,0,0.0,2318.04,17,0,0.0,482.09,0.0,0,0.0,0,0.0,0,100.0,1,0.0,0,2.75,24.96,49.05,3.1,22.89,5,63.51,47,33,0,,,2,0,34.08184139704362,-118.2564962860331,reconstructed,0.618379036375253,153,3687,126,19.24,5.94,6.41,31.49,3.21,4.51,0.39,7.91,121,pct_below_poverty,lausd_school_site_count,0.010971598913538863
AU-34,1,US,652,BlockApportionment:US.BlockGroups;PointsLayer:US.BlockPoints,2.191,2.576,1,120,3741,126,124,51.64,0.63,110,1,US,652,BlockApportionment:US.BlockGroups;PointsLayer:US.BlockPoints,2.191,2.576,1,19.72,9.13,18.42,22.3,3.51,6.27,0.83,10.67,101,102,0.6475,17.47,29.74,16.36,0,0,,,9,0,0,0,0,0,0,0,0,0,0,0,569,610,0,1,0,20,1233.49,382.9,9,833.57,382.9,0,0.0,2851.98,7,2,555.69,411.45,5.63,1,5.71,1,0.0,0,100.0,1,0.0,0,3.9,38.12,35.11,6.21,20.57,5,53.41,47,34,0,,,0,0,34.07405589863501,-118.25648864689056,reconstructed,0.6356055454680812,120,3741,124,19.72,9.13,18.42,22.3,3.51,6.27,0.63,10.67,102,pct_below_poverty,la_geohub_100yr_flood_intersects,-0.015059350240473852
AU-35,21,US,622,BlockApportionment:US.BlockGroups;PointsLayer:US.BlockPoints,2.191,2.576,1,138,4806,101,136,71.22,1.85,65,21,US,622,BlockApportionment:US.BlockGroups;PointsLayer:US.BlockPoints,2.191,2.576,1,13.63,6.39,29.27,32.63,9.36,8.3,2.1,9.71,82,84,0.6475,17.47,29.74,16.36,0,0,,,31,0,0,1,0,2,0,2,0,0,0,1,409,415,0,1,8,44,3197.28,338.15,6,1355.24,339.51,0,0.0,2723.88,4,2,1283.02,340.56,0.0,0,0.0,0,0.0,0,100.0,1,0.0,0,1.38,22.59,47.93,3.79,25.69,5,63.14,47,35,1,34.0623724775,-118.256846725,2,1,34.06627040022641,-118.25648100774802,detection_avg,0.6629584480140438,138,4806,136,13.63,6.39,29.27,32.63,9.36,8.3,1.85,9.71,84,pct_below_poverty,library_count,-0.030996099743470798
AU-36,41,US,592,BlockApportionment:US.BlockGroups;PointsLayer:US.BlockPoints,2.191,2.576,1,168,4746,55,110,29.67,1.37,113,41,US,592,BlockApportionment:US.BlockGroups;PointsLayer:US.BlockPoints,2.191,2.576,1,12.29,2.65,20.98,24.79,0.31,2.03,0.23,7.14,116,114,0.6475,17.47,29.74,16.36,0,0,,,30,0,1,0,0,5,0,0,0,0,0,0,485,492,0,0,6,131,9205.63,3.79,71,6041.16,3.79,0,0.0,2565.55,8,2,1860.9,36.04,0.0,0,0.0,0,0.0,0,100.0,1,0.0,0,1.06,16.67,59.04,1.42,22.87,5,71.01,47,36,1,34.05785752,-118.25699951,5,1,34.0584849018178,-118.2564733686055,detection_avg,0.6633708260089942,168,4746,110,12.29,2.65,20.98,24.79,0.31,2.03,1.37,7.14,114,2023 Pop w/Income Below Poverty Level (ACS 5-Yr): Percent,fire_station_count,-0.014924574354363987
AU-37,5,US,556,BlockApportionment:US.BlockGroups;PointsLayer:US.BlockPoints,2.191,2.576,1,376,5240,137,114,14.89,2.73,129,5,US,556,BlockApportionment:US.BlockGroups;PointsLayer:US.BlockPoints,2.191,2.576,1,18.62,2.29,21.19,24.12,0.04,3.86,2.84,6.53,107,107,0.6475,17.47,29.74,16.36,0,0,,,330,0,0,1,2,1,0,0,1,0,0,0,5208,5251,0,0,0,78,5244.23,45.3,7,287.18,316.2,0,0.0,2422.5,79,0,0.0,490.9,7.87,1,0.0,0,0.45,1,100.0,1,0.0,0,0.53,6.38,79.96,0.89,12.77,5,85.81,47,37,1,34.0470355,-118.25661665,1,1,34.0506994034092,-118.25646572946296,detection_avg,0.6634443255130794,376,5240,114,18.62,2.29,21.19,24.12,0.04,3.86,2.73,6.53,107,total_crime_est,police_station_count,-0.010726875713157258
AU-38,19,US,520,BlockApportionment:US.BlockGroups;PointsLayer:US.BlockPoints,2.191,2.576,1,317,6042,107,155,18.95,1.02,117,19,US,520,BlockApportionment:US.BlockGroups;PointsLayer:US.BlockPoints,2.191,2.576,1,12.9,3.06,19.3,32.31,0.54,2.04,1.94,7.24,104,103,0.6475,17.47,29.74,16.36,0,0,,,169,0,0,0,0,0,0,0,0,0,0,0,2292,2280,0,0,0,54,3186.74,12.65,0,0.0,1002.91,0,0.0,2516.26,38,0,0.0,1112.8,29.69,1,0.0,0,5.61,1,100.0,1,0.0,0,0.17,3.45,91.71,0.0,4.84,5,94.15,47,38,1,34.03879415,-118.2584249,0,1,34.0429139050006,-118.25645809032042,detection_avg,0.6523357701920163,317,6042,155,12.9,3.06,19.3,32.31,0.54,2.04,1.02,7.24,103,total_crime_est,police_station_count,-0.007963965570281376
AU-39,33,US,484,BlockApportionment:US.BlockGroups;PointsLayer:US.BlockPoints,2.191,2.576,1,305,891,102,114,39.96,0.79,43,33,US,484,BlockApportionment:US.BlockGroups;PointsLayer:US.BlockPoints,2.191,2.576,1,31.03,10.34,18.21,39.29,0.69,8.88,0.78,10.85,60,54,0.6475,17.47,29.74,16.36,0,0,,,24,0,0,0,0,2,0,0,0,0,0,0,1745,1735,0,0,3,25,2631.51,277.49,16,1881.39,312.88,0,0.0,2644.17,3,2,1088.18,313.16,25.63,1,0.0,0,8.4,1,100.0,1,0.0,0,0.0,0.18,99.65,0.0,0.18,5,99.76,47,39,1,34.03407406333333,-118.255692025,2,1,34.03512840659199,-118.2564504511779,detection_avg,0.650434160837926,305,891,114,31.03,10.34,18.21,39.29,0.69,8.88,0.79,10.85,54,pct_below_poverty,lausd_school_site_count,0.009759786894667392
AU-40,48,US,449,BlockApportionment:US.BlockGroups;PointsLayer:US.BlockPoints,2.191,2.576,1,200,5064,146,260,83.18,0.54,56,48,US,449,BlockApportionment:US.BlockGroups;PointsLayer:US.BlockPoints,2.191,2.576,1,33.5,12.57,28.96,40.24,8.74,5.93,0.7,15.24,56,58,0.6475,17.47,29.74,16.36,0,0,,,18,0,0,0,0,0,0,0,0,0,0,0,487,458,0,3,1,37,3904.23,174.91,18,1817.57,377.15,0,0.0,2835.48,6,2,590.44,403.59,53.9,1,0.0,0,5.59,1,100.0,1,0.0,0,1.9,8.64,81.87,0.86,8.64,5,86.74,47,40,1,34.02742845666666,-118.25706975666668,0,1,34.027342908183385,-118.25644281203536,detection_avg,0.6813803488751173,200,5064,260,33.5,12.57,28.96,40.24,8.74,5.93,0.54,15.24,58,2023 Pop w/Income Below Poverty Level (ACS 5-Yr): Percent,police_station_count,-0.010708781153777694
AU-41,13,US,414,BlockApportionment:US.BlockGroups;PointsLayer:US.BlockPoints,2.191,2.576,1,137,6098,127,195,90.49,1.02,67,13,US,414,BlockApportionment:US.BlockGroups;PointsLayer:US.BlockPoints,2.191,2.576,1,34.53,11.05,22.55,22.77,11.18,7.18,1.12,14.8,70,72,0.6475,17.47,29.74,16.36,0,0,,,30,0,0,0,0,0,0,0,1,0,0,0,430,400,0,1,0,7,903.47,74.48,0,0.0,1113.82,0,0.0,3003.61,2,0,0.0,1128.71,34.82,1,0.0,0,4.4,1,100.0,1,0.0,0,1.6,12.41,77.66,2.66,7.27,5,83.88,47,41,1,34.015172665,-118.254586635,0,1,34.01955740977478,-118.25643517289282,detection_avg,0.6862010935091981,137,6098,195,34.53,11.05,22.55,22.77,11.18,7.18,1.02,14.8,72,2023 Pop w/Income Below Poverty Level (ACS 5-Yr): Percent,adult_recreation_count,0.010596574026729384
AU-42,28,US,379,BlockApportionment:US.BlockGroups;PointsLayer:US.BlockPoints,2.191,2.576,1,153,7050,172,226,88.48,0.47,61,28,US,379,BlockApportionment:US.BlockGroups;PointsLayer:US.BlockPoints,2.191,2.576,1,33.15,14.97,28.88,40.95,14.59,8.55,0.48,19.15,61,64,0.6475,17.47,29.74,16.36,0,0,,,27,0,1,0,0,5,0,0,0,0,0,0,381,345,1,1,8,15,1267.61,15.05,0,0.0,1816.87,0,0.0,3163.06,3,0,0.0,1859.52,28.43,1,0.0,0,4.99,1,100.0,1,0.0,0,1.9,13.82,78.58,0.86,6.74,5,84.44,47,42,1,34.007813835,-118.255418615,5,1,34.011771911366175,-118.2564275337503,detection_avg,0.7000463209703434,153,7050,226,33.15,14.97,28.88,40.95,14.59,8.55,0.47,19.15,64,pct_below_poverty,lausd_school_site_count,0.010507028010531671
AU-43,47,US,348,BlockApportionment:US.BlockGroups;PointsLayer:US.BlockPoints,2.191,2.576,1,132,6026,159,112,86.92,0.89,71,47,US,348,BlockApportionment:US.BlockGroups;PointsLayer:US.BlockPoints,2.191,2.576,1,22.21,13.55,22.04,32.65,10.31,11.78,0.56,19.23,72,72,0.6475,17.47,29.74,16.36,0,0,,,30,0,0,1,0,2,0,0,0,0,0,0,349,311,0,1,6,7,864.74,9.99,0,0.0,2241.18,0,0.0,3422.34,2,0,0.0,2269.99,28.07,1,0.0,0,3.47,1,100.0,1,0.0,0,1.77,13.48,71.45,1.06,14.01,5,79.48,47,43,1,34.00296652,-118.25664296166669,2,1,34.003986412957566,-118.25641989460776,detection_avg,0.6981703937731685,132,6026,112,22.21,13.55,22.04,32.65,10.31,11.78,0.89,19.23,72,2023 Pop w/Income Below Poverty Level (ACS 5-Yr): Percent,police_station_count,-0.004623940923768929
AU-44,18,US,319,BlockApportionment:US.BlockGroups;PointsLayer:US.BlockPoints,2.191,2.576,1,155,6161,171,160,87.73,1.73,72,18,US,319,BlockApportionment:US.BlockGroups;PointsLayer:US.BlockPoints,2.191,2.576,1,41.52,9.39,24.55,36.42,6.43,7.78,1.81,17.79,69,70,0.6475,17.47,29.74,16.36,0,0,,,19,0,1,0,0,3,1,0,0,0,0,0,329,276,0,0,7,6,864.71,7.84,0,0.0,2195.0,0,0.0,3814.26,1,0,0.0,2223.9,1.84,1,0.0,0,1.82,1,100.0,1,0.0,0,1.07,11.01,73.18,1.78,14.03,5,80.9,47,44,1,33.99180569,-118.255250305,4,1,33.996200914548965,-118.25641225546522,detection_avg,0.6955653923290102,155,6161,160,41.52,9.39,24.55,36.42,6.43,7.78,1.73,17.79,70,pct_below_poverty,lausd_school_site_count,0.01334908585307113
AU-45,41,US,292,BlockApportionment:US.BlockGroups;PointsLayer:US.BlockPoints,2.191,2.576,1,221,2070,227,217,91.64,0.51,66,41,US,292,BlockApportionment:US.BlockGroups;PointsLayer:US.BlockPoints,2.191,2.576,1,44.88,5.71,29.17,37.39,15.06,7.72,0.92,12.13,68,71,0.6475,17.47,29.74,16.36,0,0,,,21,0,0,0,0,4,0,0,0,0,0,1,184,154,0,0,4,28,1479.0,4.81,0,0.0,2138.05,0,0.0,4321.0,5,0,0.0,2219.42,0.0,0,0.0,0,0.0,0,100.0,1,0.0,0,0.34,6.21,85.69,0.17,7.93,5,89.88,47,45,1,33.98612718,-118.25648004,4,1,33.98841541614036,-118.2564046163227,detection_avg,0.6477182254569038,221,2070,217,44.88,5.71,29.17,37.39,15.06,7.72,0.51,12.13,71,pct_below_poverty,lausd_school_site_count,-0.010796349948507184
AU-46,15,US,266,BlockApportionment:US.BlockGroups;PointsLayer:US.BlockPoints,2.191,2.576,1,222,3803,237,121,92.74,1.4,55,15,US,266,BlockApportionment:US.BlockGroups;PointsLayer:US.BlockPoints,2.191,2.576,1,37.17,7.12,40.62,37.15,8.52,7.99,1.71,22.7,53,55,0.6475,17.47,29.74,16.36,0,0,,,42,0,0,0,0,0,0,0,0,0,0,0,106,98,0,0,0,28,1638.83,4.15,0,0.0,2229.42,0,0.0,4499.72,1,0,0.0,2247.09,0.0,0,0.0,0,0.0,0,100.0,1,0.0,0,0.53,9.06,80.64,0.89,9.41,5,86.29,47,46,0,,,0,0,33.980629917731754,-118.25639697718016,reconstructed,0.6380755234780126,222,3803,121,37.17,7.12,40.62,37.15,8.52,7.99,1.4,22.7,55,pct_below_poverty,library_count,0.015262710973218898
AU-47,40,US,241,BlockApportionment:US.BlockGroups;PointsLayer:US.BlockPoints,2.191,2.576,1,132,5849,180,245,85.76,1.68,64,40,US,241,BlockApportionment:US.BlockGroups;PointsLayer:US.BlockPoints,2.191,2.576,1,38.37,8.79,24.03,28.09,5.99,8.38,1.14,20.26,63,64,0.6475,17.47,29.74,16.36,0,0,,,18,0,0,0,0,1,0,0,0,0,0,0,214,173,0,1,3,19,864.7,0.26,0,0.0,2205.01,0,0.0,3656.12,0,0,0.0,2247.15,0.0,0,0.0,0,0.0,0,100.0,1,0.0,0,0.17,12.59,65.69,1.03,20.69,5,75.93,47,47,1,33.97459448,-118.2577081,1,1,33.972844419323145,-118.25638933803762,detection_avg,0.6895503888917646,132,5849,245,38.37,8.79,24.03,28.09,5.99,8.38,1.68,20.26,64,2023 Pop w/Income Below Poverty Level (ACS 5-Yr): Percent,police_station_count,-0.006762289851481837
AU-48,17,US,218,BlockApportionment:US.BlockGroups;PointsLayer:US.BlockPoints,2.191,2.576,1,161,4049,198,164,80.59,1.97,69,17,US,218,BlockApportionment:US.BlockGroups;PointsLayer:US.BlockPoints,2.191,2.576,1,35.26,5.49,17.42,37.55,6.28,10.52,1.59,26.33,67,67,0.6475,17.47,29.74,16.36,0,0,,,24,0,0,0,0,1,1,0,0,0,0,0,205,177,0,0,1,31,1521.28,3.18,0,0.0,2141.24,0,0.0,2794.23,7,0,0.0,2246.1,0.0,0,0.0,0,0.0,0,100.0,1,0.0,0,0.71,13.3,66.13,0.89,19.68,5,76.08,47,48,0,,,2,0,33.965058920914544,-118.25638169889508,reconstructed,0.6510818222016304,161,4049,164,35.26,5.49,17.42,37.55,6.28,10.52,1.97,26.33,67,pct_below_poverty,lausd_school_site_count,-0.005430772605198344
AU-49,43,US,194,BlockApportionment:US.BlockGroups;PointsLayer:US.BlockPoints,2.191,2.576,1,167,5352,210,198,80.62,0.55,73,43,US,194,BlockApportionment:US.BlockGroups;PointsLayer:US.BlockPoints,2.191,2.576,1,34.21,7.5,22.51,45.02,7.13,8.36,0.48,16.7,64,64,0.6475,17.47,29.74,16.36,0,0,,,12,0,0,0,0,0,0,0,0,0,0,0,185,154,0,1,1,15,911.76,1.69,0,0.0,2180.09,0,0.0,1930.35,3,0,0.0,2213.23,0.0,0,0.0,0,0.0,0,100.0,1,0.0,0,0.0,11.72,59.66,0.17,28.45,5,71.76,47,49,1,33.95661973,-118.25823823,0,1,33.957273422505935,-118.25637405975256,detection_avg,0.6576275342671158,167,5352,198,34.21,7.5,22.51,45.02,7.13,8.36,0.55,16.7,64,pct_below_poverty,lausd_school_site_count,-0.007665201851495939
AU-50,20,US,171,BlockApportionment:US.BlockGroups;PointsLayer:US.BlockPoints,2.191,2.576,1,169,3210,221,152,76.04,0.36,84,20,US,171,BlockApportionment:US.BlockGroups;PointsLayer:US.BlockPoints,2.191,2.576,1,29.66,5.37,17.69,53.6,5.25,8.43,0.73,17.39,76,77,0.6475,17.47,29.74,16.36,0,0,,,21,0,0,0,0,1,0,0,0,0,0,0,128,117,0,0,2,19,1043.23,220.2,0,0.0,2091.79,0,0.0,1067.72,2,0,0.0,2118.04,0.0,0,0.0,0,0.0,0,100.0,1,0.0,0,1.77,19.15,51.95,0.71,28.19,5,65.83,47,50,0,,,1,0,33.94948792409733,-118.25636642061002,reconstructed,0.6142782214840861,169,3210,152,29.66,5.37,17.69,53.6,5.25,8.43,0.36,17.39,77,pct_below_poverty,lausd_school_site_count,-0.004876385808408733
AU-51,2,US,153,BlockApportionment:US.BlockGroups;PointsLayer:US.BlockPoints,2.191,2.576,1,188,3069,218,131,71.78,1.12,74,2,US,153,BlockApportionment:US.BlockGroups;PointsLayer:US.BlockPoints,2.191,2.576,1,43.02,7.21,20.03,52.36,10.74,7.85,2.06,20.46,84,88,0.6475,17.47,29.74,16.36,0,0,,,27,0,0,0,0,0,0,0,0,0,0,0,160,163,0,3,2,26,870.65,211.69,0,0.0,1233.98,1,651.0,213.58,3,0,0.0,1271.99,1.6,1,1.6,1,0.0,0,100.0,1,0.0,0,1.07,18.65,52.93,0.89,27.53,5,66.73,47,51,0,,,0,0,33.941702425688725,-118.25635878146748,reconstructed,0.6113296553661365,188,3069,131,43.02,7.21,20.03,52.36,10.74,7.85,1.12,20.46,88,pct_below_poverty,la_geohub_100yr_flood_intersects,-0.021531035467031542
AU-52,40,US,141,BlockApportionment:US.BlockGroups;PointsLayer:US.BlockPoints,2.191,2.576,1,187,4370,202,236,74.12,1.61,65,40,US,141,BlockApportionment:US.BlockGroups;PointsLayer:US.BlockPoints,2.191,2.576,1,37.95,5.35,32.23,40.4,2.87,7.51,1.34,24.26,67,65,0.6475,17.47,29.74,16.36,0,0,,,30,0,0,0,0,1,1,0,0,0,0,0,164,147,0,0,1,40,2667.84,188.49,9,876.0,391.03,3,837.57,140.65,0,2,449.91,418.13,1.84,1,1.84,1,0.0,0,100.0,1,0.0,0,1.03,17.76,61.03,0.86,20.34,5,72.41,47,52,0,,,2,0,33.93391692728012,-118.25635114232496,reconstructed,0.6345984872640601,187,4370,236,37.95,5.35,32.23,40.4,2.87,7.51,1.61,24.26,65,pct_below_poverty,la_geohub_100yr_flood_intersects,-0.03037880873316314
AU-53,29,US,130,BlockApportionment:US.BlockGroups;PointsLayer:US.BlockPoints,2.191,2.576,1,193,2147,207,205,64.83,2.88,83,29,US,130,BlockApportionment:US.BlockGroups;PointsLayer:US.BlockPoints,2.191,2.576,1,36.91,22.85,23.73,44.68,4.38,6.0,2.42,24.44,72,73,0.6475,17.47,29.74,16.36,0,0,,,6,0,0,0,0,0,0,0,0,0,0,0,71,59,0,0,0,29,2100.48,199.3,9,1235.84,377.24,1,260.23,426.22,2,2,646.34,403.04,0.0,0,0.0,0,0.0,0,100.0,1,0.0,0,3.37,33.04,47.78,2.31,16.87,5,62.43,47,53,1,33.92482392,-118.25401251,0,1,33.92613142887152,-118.25634350318242,detection_avg,0.6159196317443266,193,2147,205,36.91,22.85,23.73,44.68,4.38,6.0,2.88,24.44,73,2023 Pop w/Income Below Poverty Level (ACS 5-Yr): Percent,police_station_count,-0.00643300976997509
AU-54,21,US,122,BlockApportionment:US.BlockGroups;PointsLayer:US.BlockPoints,2.191,2.576,1,233,1610,228,55,49.32,1.73,108,21,US,122,BlockApportionment:US.BlockGroups;PointsLayer:US.BlockPoints,2.191,2.576,1,33.81,11.11,12.09,32.5,1.42,1.43,0.52,17.91,90,88,0.6475,17.47,29.74,16.36,0,0,,,6,0,0,0,0,0,3,0,0,0,0,0,21,17,0,1,0,16,1544.9,23.24,0,0.0,1239.98,0,0.0,602.69,1,0,0.0,1258.99,0.0,0,0.0,0,0.0,0,100.0,1,0.0,0,2.76,28.62,46.55,1.03,23.79,5,61.76,47,54,0,,,3,0,33.91834593046291,-118.25633586403988,reconstructed,0.5782738971927373,233,1610,55,33.81,11.11,12.09,32.5,1.42,1.43,1.73,17.91,88,total_crime_est,affordable_housing_count,-0.004112902719546219
AU-69,28,US,79,BlockApportionment:US.BlockGroups;PointsLayer:US.BlockPoints,2.191,2.576,1,85,564,100,148,87.41,1.94,83,28,US,79,BlockApportionment:US.BlockGroups;PointsLayer:US.BlockPoints,2.191,2.576,1,27.27,2.6,13.95,43.75,5.92,4.89,2.39,26.76,104,112,0.6475,17.47,29.74,16.36,0,0,,,0,0,0,0,0,0,0,0,0,0,0,0,27,34,0,0,0,0,0.0,847.54,0,0.0,847.54,0,0.0,926.85,0,0,0.0,841.47,1.26,1,0.0,0,0.0,0,100.0,1,0.0,0,0.53,9.57,69.86,0.89,19.68,5,78.74,47,69,0,,,0,0,33.80156345433384,-118.25622127690188,reconstructed,0.5376471117083861,85,564,148,27.27,2.6,13.95,43.75,5.92,4.89,1.94,26.76,112,total_population,police_station_count,0.005080824927127198
AU-70,21,US,72,BlockApportionment:US.BlockGroups;PointsLayer:US.BlockPoints,2.191,2.576,1,159,1540,149,138,88.7,1.52,125,21,US,72,BlockApportionment:US.BlockGroups;PointsLayer:US.BlockPoints,2.191,2.576,1,44.44,7.09,8.47,31.82,4.46,7.0,0.88,23.5,108,113,0.6475,17.47,29.74,16.36,0,0,,,0,0,0,0,0,0,0,0,1,0,0,0,59,58,0,1,0,10,967.5,14.68,10,967.5,14.68,1,141.94,85.08,1,2,1934.97,9.36,0.0,0,0.0,0,0.0,0,100.0,1,0.0,0,7.09,25.78,59.0,1.56,13.67,5,69.17,47,70,0,,,0,0,33.79377795592524,-118.25621363775934,reconstructed,0.616249927413551,159,1540,138,44.44,7.09,8.47,31.82,4.46,7.0,1.52,23.5,113,2023 Pop 35-64: No Health Insurance (ACS 5-Yr): Percent,affordable_housing_count,-0.003986530293006246
AU-71,11,US,62,BlockApportionment:US.BlockGroups;PointsLayer:US.BlockPoints,2.191,2.576,1,189,3597,166,340,91.1,1.11,59,11,US,62,BlockApportionment:US.BlockGroups;PointsLayer:US.BlockPoints,2.191,2.576,1,22.18,3.17,23.31,36.12,7.49,11.79,0.34,18.63,60,62,0.6475,17.47,29.74,16.36,0,0,,,6,0,0,0,0,0,0,0,0,0,0,0,123,130,0,0,0,0,0.0,877.3,0,0.0,877.3,0,0.0,666.24,0,0,0.0,872.02,0.0,0,0.0,0,0.0,0,100.0,1,0.0,0,3.73,16.87,66.61,1.42,15.1,5,75.51,47,71,0,,,0,0,33.78599245751663,-118.25620599861682,reconstructed,0.6450577842721605,189,3597,340,22.18,3.17,23.31,36.12,7.49,11.79,1.11,18.63,62,2023 Pop w/Income Below Poverty Level (ACS 5-Yr): Percent,police_station_count,-0.0059725841548212335
AU-72,1,US,52,BlockApportionment:US.BlockGroups;PointsLayer:US.BlockPoints,2.191,2.576,1,207,257,153,64,85.99,2.45,42,1,US,52,BlockApportionment:US.BlockGroups;PointsLayer:US.BlockPoints,2.191,2.576,1,35.09,0.0,31.64,42.31,2.29,9.6,1.99,22.14,38,37,0.6475,17.47,29.74,16.36,0,0,,,0,0,0,0,0,0,0,0,0,0,0,0,86,83,0,0,0,3,183.99,445.29,0,0.0,1471.26,0,0.0,804.69,0,0,0.0,1520.59,0.0,0,0.0,0,0.0,0,100.0,1,0.0,0,0.17,5.01,84.63,0.0,10.36,5,89.19,47,72,1,33.774340535625,-118.259324299375,0,1,33.778206959108026,-118.25619835947428,detection_avg,0.597238538155426,207,257,64,35.09,0.0,31.64,42.31,2.29,9.6,2.45,22.14,37,2023 Pop w/Income Below Poverty Level (ACS 5-Yr): Percent,police_station_count,-0.010298513573664294
AU-73,44,US,45,BlockApportionment:US.BlockGroups;PointsLayer:US.BlockPoints,2.191,2.576,1,195,44,162,893,27.27,0.0,17,44,US,45,BlockApportionment:US.BlockGroups;PointsLayer:US.BlockPoints,2.191,2.576,1,50.0,0.0,100.0,100.0,0.0,0.0,0.0,14.29,55,50,0.6475,17.47,29.74,16.36,0,0,,,0,0,1,0,0,0,0,0,0,0,0,0,15,14,0,0,0,3,470.72,387.86,0,0.0,1541.64,1,593.85,352.51,0,0,0.0,1558.96,16.69,1,0.0,0,0.0,0,83.84,1,0.0,0,0.18,2.49,77.4,10.85,9.25,5,84.13,47,73,0,,,0,0,33.77042146069942,-118.25619072033174,reconstructed,0.5576455018177768,195,44,893,50.0,0.0,100.0,100.0,0.0,0.0,0.0,14.29,50,esri_market_idx_14068_forecast,la_geohub_fire_hazard_area_pct,-0.023425845279917368
AV-24,23,US,874,BlockApportionment:US.BlockGroups;PointsLayer:US.BlockPoints,2.191,2.576,1,98,5929,70,150,15.89,1.76,106,23,US,874,BlockApportionment:US.BlockGroups;PointsLayer:US.BlockPoints,2.191,2.576,1,21.04,1.95,15.93,27.95,1.72,3.96,1.8,17.64,97,98,0.6475,17.47,29.74,16.36,0,0,,,12,0,0,0,0,1,0,0,0,0,0,0,88,79,0,1,0,15,3316.25,265.12,15,3316.25,265.12,5,381.12,420.62,2,2,1376.65,264.19,0.0,0,0.0,0,0.0,0,100.0,1,0.0,0,4.24,20.14,61.31,1.24,17.31,5,71.65,48,24,0,,,1,0,34.15190406863894,-118.24845729451864,reconstructed,0.602773086056427,98,5929,150,21.04,1.95,15.93,27.95,1.72,3.96,1.76,17.64,98,pct_below_poverty,lausd_school_site_count,0.002661057615197287
AV-25,44,US,845,BlockApportionment:US.BlockGroups;PointsLayer:US.BlockPoints,2.191,2.576,1,116,5186,100,107,15.41,0.76,58,44,US,845,BlockApportionment:US.BlockGroups;PointsLayer:US.BlockPoints,2.191,2.576,1,31.65,4.61,23.05,33.29,3.1,4.47,0.88,27.62,68,66,0.6475,17.47,29.74,16.36,0,0,,,48,0,0,0,0,1,1,1,2,0,0,0,117,128,0,0,0,9,554.46,381.86,0,0.0,1114.76,0,0.0,1285.32,13,0,0.0,1128.97,0.0,0,0.0,0,0.0,0,100.0,1,0.0,0,0.86,7.77,81.87,0.86,9.5,5,87.05,48,25,0,,,2,0,34.14411857023033,-118.24844965537608,reconstructed,0.6302587862143613,116,5186,107,31.65,4.61,23.05,33.29,3.1,4.47,0.76,27.62,66,recreation_center_count,osm_amenity_count,-0.026875698065133232
AV-26,23,US,824,BlockApportionment:US.BlockGroups;PointsLayer:US.BlockPoints,2.191,2.576,1,55,7836,70,150,27.05,0.92,67,23,US,824,BlockApportionment:US.BlockGroups;PointsLayer:US.BlockPoints,2.191,2.576,1,35.24,8.3,24.76,47.75,5.42,3.86,0.62,24.74,69,71,0.6475,17.47,29.74,16.36,0,0,,,18,0,0,0,0,1,1,1,0,0,0,0,107,108,0,1,0,0,0.0,482.93,0,0.0,1727.17,0,0.0,2150.01,0,0,0.0,1726.97,0.0,0,0.0,0,0.0,0,100.0,1,0.0,0,0.35,15.02,66.25,3.36,15.37,5,76.27,48,26,0,,,2,0,34.13633307182173,-118.24844201623355,reconstructed,0.6005231606903209,55,7836,150,35.24,8.3,24.76,47.75,5.42,3.86,0.92,24.74,71,2023 Pop w/Income Below Poverty Level (ACS 5-Yr): Percent,police_station_count,-0.007553871686347774
AV-27,7,US,808,BlockApportionment:US.BlockGroups;PointsLayer:US.BlockPoints,2.191,2.576,1,64,5752,79,119,31.71,1.59,69,7,US,808,BlockApportionment:US.BlockGroups;PointsLayer:US.BlockPoints,2.191,2.576,1,35.29,7.29,23.37,49.24,3.39,3.33,1.23,23.88,78,82,0.6475,17.47,29.74,16.36,0,0,,,3,0,0,0,0,0,0,0,0,0,0,0,81,93,0,0,0,0,0.0,628.67,0,0.0,1717.12,0,0.0,2263.84,1,0,0.0,1718.49,0.0,0,0.0,0,0.0,0,100.0,1,0.0,0,5.84,32.92,46.37,3.36,17.35,5,60.71,48,27,0,,,0,0,34.12854757341312,-118.24843437709104,reconstructed,0.5685222086679028,64,5752,119,35.29,7.29,23.37,49.24,3.39,3.33,1.59,23.88,82,2023 Pop w/Income Below Poverty Level (ACS 5-Yr): Percent,police_station_count,-0.006038179495564119
AV-28,45,US,796,BlockApportionment:US.BlockGroups;PointsLayer:US.BlockPoints,2.191,2.576,1,0,0,0,0,0.0,0.0,0,45,US,796,BlockApportionment:US.BlockGroups;PointsLayer:US.BlockPoints,2.191,2.576,1,0.0,0.0,0.0,0.0,0.0,0.0,0.0,0.0,0,0,0.6475,17.47,29.74,16.36,0,0,,,12,0,0,0,0,0,0,0,0,0,0,0,89,75,1,0,0,8,423.67,400.56,0,0.0,1036.32,0,0.0,1570.59,1,0,0.0,1053.22,0.0,0,0.0,0,0.0,0,100.0,1,0.0,0,1.21,51.55,26.38,2.07,20.0,3,48.1,48,28,0,,,0,0,34.12076207500452,-118.24842673794848,reconstructed,0.5052575513681496,0,0,0,0.0,0.0,0.0,0.0,0.0,0.0,0.0,0.0,0,pct_below_poverty,library_count,-0.011733019002735651
AV-29,31,US,782,BlockApportionment:US.BlockGroups;PointsLayer:US.BlockPoints,2.191,2.576,1,158,1743,130,114,60.93,1.58,86,31,US,782,BlockApportionment:US.BlockGroups;PointsLayer:US.BlockPoints,2.191,2.576,1,34.63,3.56,25.49,30.55,5.55,4.01,1.69,17.03,100,107,0.6475,17.47,29.74,16.36,0,0,,,26,0,1,0,0,1,0,0,0,0,0,0,328,351,0,0,1,40,2704.69,154.31,26,1866.74,336.16,0,0.0,709.9,9,2,1004.01,351.19,0.0,0,0.0,0,0.0,0,100.0,1,0.0,0,0.53,9.93,69.5,2.13,18.44,5,78.49,48,29,1,34.113501395,-118.2452195375,1,1,34.11297657659591,-118.24841909880595,detection_avg,0.635639672760484,158,1743,114,34.63,3.56,25.49,30.55,5.55,4.01,1.58,17.03,107,2023 Pop w/Income Below Poverty Level (ACS 5-Yr): Percent,fire_station_count,-0.009681678024104384
AV-30,13,US,764,BlockApportionment:US.BlockGroups;PointsLayer:US.BlockPoints,2.191,2.576,1,169,1447,139,221,62.2,2.81,108,13,US,764,BlockApportionment:US.BlockGroups;PointsLayer:US.BlockPoints,2.191,2.576,1,10.67,8.12,7.52,20.49,2.02,4.34,1.92,16.81,113,118,0.6475,17.47,29.74,16.36,0,0,,,0,0,0,0,0,0,0,0,0,0,0,0,218,207,0,0,2,41,4796.95,139.21,41,4796.95,139.21,1,936.26,132.37,2,3,1850.8,139.94,17.78,1,17.78,1,0.0,0,100.0,1,0.0,0,0.69,18.28,50.86,5.69,25.17,5,65.4,48,30,0,,,0,0,34.10519107818731,-118.24841145966344,reconstructed,0.6141425862388215,169,1447,221,10.67,8.12,7.52,20.49,2.02,4.34,2.81,16.81,118,pct_below_poverty,la_geohub_100yr_flood_intersects,0.012391561661252796
AV-31,39,US,740,BlockApportionment:US.BlockGroups;PointsLayer:US.BlockPoints,2.191,2.576,1,150,2442,131,200,50.45,2.19,124,39,US,740,BlockApportionment:US.BlockGroups;PointsLayer:US.BlockPoints,2.191,2.576,1,26.33,3.84,9.24,20.82,7.94,3.03,1.48,12.71,124,124,0.6475,17.47,29.74,16.36,0,0,,,15,0,0,0,0,1,0,1,0,0,0,0,209,215,0,0,0,61,8618.31,3.66,61,8618.31,3.66,0,0.0,531.0,0,4,3177.92,40.97,0.07,1,0.06,1,0.0,0,100.0,1,0.0,0,5.86,35.17,40.67,2.13,22.02,5,56.71,48,31,0,,,1,0,34.09740557977871,-118.24840382052088,reconstructed,0.6303192865917802,150,2442,200,26.33,3.84,9.24,20.82,7.94,3.03,2.19,12.71,124,pct_below_poverty,la_geohub_100yr_flood_intersects,0.013457445174775937
AV-32,10,US,711,BlockApportionment:US.BlockGroups;PointsLayer:US.BlockPoints,2.191,2.576,1,130,1895,134,224,35.46,3.01,154,10,US,711,BlockApportionment:US.BlockGroups;PointsLayer:US.BlockPoints,2.191,2.576,1,20.56,7.64,6.38,26.71,3.25,3.46,2.55,9.68,138,138,0.6475,17.47,29.74,16.36,0,0,,,0,0,0,0,0,1,1,0,0,0,0,0,320,327,0,0,1,0,0.0,508.14,0,0.0,508.14,0,0.0,897.21,0,0,0.0,571.02,0.0,0,0.0,0,0.0,0,100.0,1,0.0,0,14.78,58.25,19.24,3.26,19.24,3,39.03,48,32,0,,,2,0,34.0896200813701,-118.24839618137835,reconstructed,0.5732388785637027,130,1895,224,20.56,7.64,6.38,26.71,3.25,3.46,3.01,9.68,138,pct_below_poverty,lausd_school_site_count,0.007611777443071558
AV-33,31,US,682,BlockApportionment:US.BlockGroups;PointsLayer:US.BlockPoints,2.191,2.576,1,146,1219,137,143,43.56,0.88,127,31,US,682,BlockApportionment:US.BlockGroups;PointsLayer:US.BlockPoints,2.191,2.576,1,19.08,6.03,10.25,38.81,0.76,8.78,1.31,4.55,111,115,0.6475,17.47,29.74,16.36,0,0,,,0,0,0,0,0,0,0,0,0,0,0,0,159,157,0,0,0,0,0.0,1081.67,0,0.0,1116.1,0,0.0,1512.41,2,0,0.0,1087.67,0.0,0,0.0,0,0.0,0,100.0,1,0.0,0,17.73,59.93,17.91,4.26,17.91,3,37.22,48,33,0,,,0,0,34.0818345829615,-118.24838854223584,reconstructed,0.5827373376314382,146,1219,143,19.08,6.03,10.25,38.81,0.76,8.78,0.88,4.55,115,2023 Pop 35-64: No Health Insurance (ACS 5-Yr): Percent,affordable_housing_count,-0.004538173795461518
AV-34,2,US,653,BlockApportionment:US.BlockGroups;PointsLayer:US.BlockPoints,2.191,2.576,1,127,1046,119,231,36.81,0.37,114,2,US,653,BlockApportionment:US.BlockGroups;PointsLayer:US.BlockPoints,2.191,2.576,1,14.65,2.09,6.25,18.27,12.11,6.74,1.12,15.49,108,106,0.6475,17.47,29.74,16.36,0,0,,,9,1,0,0,0,0,0,0,0,0,0,0,223,226,0,0,0,9,351.24,404.37,0,0.0,1135.46,0,0.0,2005.82,4,0,0.0,1134.21,0.0,0,0.0,0,0.0,0,100.0,1,0.0,0,15.07,51.95,30.5,2.48,15.07,5,46.83,48,34,0,,,0,0,34.07404908455289,-118.24838090309328,reconstructed,0.5847061112474582,127,1046,231,14.65,2.09,6.25,18.27,12.11,6.74,0.37,15.49,106,2023 Pop 35-64: No Health Insurance (ACS 5-Yr): Percent,hospital_count,-0.005190796937371831
AV-35,22,US,623,BlockApportionment:US.BlockGroups;PointsLayer:US.BlockPoints,2.191,2.576,1,128,5988,114,102,36.71,0.53,100,22,US,623,BlockApportionment:US.BlockGroups;PointsLayer:US.BlockPoints,2.191,2.576,1,17.75,3.44,20.6,31.18,4.2,6.23,1.0,15.54,96,93,0.6475,17.47,29.74,16.36,0,0,,,12,0,0,0,0,0,0,0,0,0,0,0,533,542,0,0,0,35,2412.62,181.48,20,1240.11,418.3,0,0.0,2084.83,4,4,558.88,430.42,0.0,0,0.0,0,0.0,0,100.0,1,0.0,0,5.5,25.09,57.39,2.41,15.12,5,68.52,48,35,1,34.06444839,-118.24861413,0,1,34.06626358614429,-118.24837326395075,detection_avg,0.6599124259333018,128,5988,102,17.75,3.44,20.6,31.18,4.2,6.23,0.53,15.54,93,2023 Pop w/Income Below Poverty Level (ACS 5-Yr): Percent,fire_station_count,0.003393740786734069
AV-36,42,US,593,BlockApportionment:US.BlockGroups;PointsLayer:US.BlockPoints,2.191,2.576,1,129,4147,65,124,26.96,5.38,97,42,US,593,BlockApportionment:US.BlockGroups;PointsLayer:US.BlockPoints,2.191,2.576,1,16.85,1.94,25.92,30.2,4.05,6.39,5.07,14.55,83,81,0.6475,17.47,29.74,16.36,0,0,,,57,0,0,0,0,2,0,0,1,0,0,0,289,300,0,0,2,151,12517.22,15.91,90,9045.41,43.88,0,0.0,1957.76,10,4,3343.71,88.46,0.0,0,0.0,0,0.0,0,100.0,1,0.0,0,3.9,18.26,67.2,1.77,12.77,5,75.87,48,36,1,34.064220735,-118.248676585,2,1,34.05847808773568,-118.24836562480822,detection_avg,0.6630849391214498,129,4147,124,16.85,1.94,25.92,30.2,4.05,6.39,5.38,14.55,81,2023 Pop w/Income Below Poverty Level (ACS 5-Yr): Percent,adult_recreation_count,0.013015849445110198
AV-37,6,US,557,BlockApportionment:US.BlockGroups;PointsLayer:US.BlockPoints,2.191,2.576,1,284,4781,79,124,18.68,1.23,31,6,US,557,BlockApportionment:US.BlockGroups;PointsLayer:US.BlockPoints,2.191,2.576,1,31.87,4.98,36.45,17.74,2.31,3.28,1.51,8.34,79,78,0.6475,17.47,29.74,16.36,0,0,,,224,0,0,1,0,3,0,0,0,0,0,0,933,977,0,1,0,64,4716.78,131.5,0,0.0,654.45,0,0.0,1743.16,76,0,0.0,703.47,5.96,1,0.0,0,0.49,1,100.0,1,0.0,0,1.89,12.74,77.97,1.38,7.92,5,84.01,48,37,0,,,3,0,34.05069258932708,-118.24835798566568,reconstructed,0.6570355930797536,284,4781,124,31.87,4.98,36.45,17.74,2.31,3.28,1.23,8.34,78,pct_below_poverty,library_count,-0.08446532364082233
AV-38,20,US,521,BlockApportionment:US.BlockGroups;PointsLayer:US.BlockPoints,2.191,2.576,1,225,13443,85,226,28.18,9.37,29,20,US,521,BlockApportionment:US.BlockGroups;PointsLayer:US.BlockPoints,2.191,2.576,1,31.88,15.32,43.15,23.86,0.26,6.05,6.72,17.31,60,60,0.6475,17.47,29.74,16.36,0,0,,,258,0,1,0,0,1,0,0,0,0,0,2,2387,2380,1,7,0,44,3733.13,61.28,0,0.0,1167.82,0,0.0,1699.73,57,0,0.0,1327.14,53.57,1,0.0,0,5.58,1,100.0,1,0.0,0,0.35,4.96,90.97,0.0,4.07,5,93.57,48,38,1,34.043493626226415,-118.24599349566036,1,1,34.04290709091847,-118.24835034652315,detection_avg,0.657145116730271,225,13443,226,31.88,15.32,43.15,23.86,0.26,6.05,9.37,17.31,60,pct_below_poverty,library_count,0.015773358489376405
AV-39,34,US,485,BlockApportionment:US.BlockGroups;PointsLayer:US.BlockPoints,2.191,2.576,1,356,1017,122,102,37.56,2.53,26,34,US,485,BlockApportionment:US.BlockGroups;PointsLayer:US.BlockPoints,2.191,2.576,1,25.2,8.14,30.47,32.86,0.0,6.46,2.56,10.6,50,48,0.6475,17.47,29.74,16.36,0,0,,,39,0,0,0,0,1,0,0,0,0,0,0,1514,1410,0,0,2,0,0.0,633.21,0,0.0,1049.05,0,0.0,1821.32,4,0,0.0,1071.07,26.08,1,0.0,0,8.05,1,100.0,1,0.0,0,0.0,1.38,95.69,0.34,2.59,5,96.98,48,39,1,34.037893868125,-118.24680667718752,1,1,34.03512159250987,-118.24834270738062,detection_avg,0.6398139635773133,356,1017,102,25.2,8.14,30.47,32.86,0.0,6.46,2.53,10.6,48,total_crime_est,police_station_count,-0.01080803991778392
AV-40,49,US,450,BlockApportionment:US.BlockGroups;PointsLayer:US.BlockPoints,2.191,2.576,1,408,389,163,143,40.62,7.11,18,49,US,450,BlockApportionment:US.BlockGroups;PointsLayer:US.BlockPoints,2.191,2.576,1,29.85,8.96,65.65,37.88,0.0,1.3,7.57,8.94,33,32,0.6475,17.47,29.74,16.36,0,0,,,18,0,0,0,0,0,1,0,0,0,0,0,773,723,0,0,2,18,2144.18,304.51,17,2089.91,304.51,0,0.0,1987.13,0,2,999.62,344.4,7.13,1,0.0,0,3.72,1,100.0,1,0.0,0,0.18,2.65,94.7,0.0,2.65,5,96.24,48,40,1,34.02787940333333,-118.2478435818182,1,1,34.02733609410126,-118.24833506823808,detection_avg,0.6031800663886036,408,389,143,29.85,8.96,65.65,37.88,0.0,1.3,7.11,8.94,32,total_crime_est,police_station_count,-0.009662961746252736
AV-41,14,US,415,BlockApportionment:US.BlockGroups;PointsLayer:US.BlockPoints,2.191,2.576,1,155,3556,159,202,88.67,0.14,61,14,US,415,BlockApportionment:US.BlockGroups;PointsLayer:US.BlockPoints,2.191,2.576,1,36.24,9.17,33.63,33.98,11.93,13.52,0.15,16.83,54,56,0.6475,17.47,29.74,16.36,0,0,,,12,0,0,0,0,0,0,1,0,0,0,1,372,358,0,0,2,31,3546.18,160.78,9,1345.3,321.73,0,0.0,2187.13,3,2,745.31,362.47,1.36,1,0.0,0,0.31,1,100.0,1,0.0,0,0.18,4.79,81.91,1.6,11.7,5,87.28,48,41,1,34.020792686,-118.245406373,0,1,34.01955059569266,-118.24832742909555,detection_avg,0.6970581177987725,155,3556,202,36.24,9.17,33.63,33.98,11.93,13.52,0.14,16.83,56,pct_below_poverty,lausd_school_site_count,0.013351060749465212
AV-42,29,US,380,BlockApportionment:US.BlockGroups;PointsLayer:US.BlockPoints,2.191,2.576,1,189,3519,176,171,90.45,0.27,63,29,US,380,BlockApportionment:US.BlockGroups;PointsLayer:US.BlockPoints,2.191,2.576,1,39.48,5.19,33.57,27.62,13.52,9.88,0.29,23.24,62,62,0.6475,17.47,29.74,16.36,0,0,,,18,0,0,0,0,6,0,0,0,0,0,1,247,236,0,0,6,0,0.0,765.38,0,0.0,1156.53,0,0.0,2347.45,0,0,0.0,1172.58,0.0,0,0.0,0,0.0,0,100.0,1,0.0,0,0.0,9.12,74.18,1.2,15.49,5,81.93,48,42,1,34.014964875833336,-118.24481843833333,6,1,34.01176509728405,-118.24831978995302,detection_avg,0.6775166077662931,189,3519,171,39.48,5.19,33.57,27.62,13.52,9.88,0.27,23.24,62,pct_below_poverty,lausd_school_site_count,0.030016391868009584
AV-43,48,US,349,BlockApportionment:US.BlockGroups;PointsLayer:US.BlockPoints,2.191,2.576,1,147,6782,174,171,90.98,0.84,83,48,US,349,BlockApportionment:US.BlockGroups;PointsLayer:US.BlockPoints,2.191,2.576,1,33.75,8.72,28.86,38.81,11.65,6.6,0.46,15.61,69,70,0.6475,17.47,29.74,16.36,0,0,,,53,0,0,0,0,1,0,2,0,0,0,1,252,230,0,0,2,0,0.0,762.63,0,0.0,1993.36,0,0.0,2568.46,0,0,0.0,2017.79,0.0,0,0.0,0,0.0,0,100.0,1,0.0,0,0.18,12.23,65.07,1.77,20.92,5,75.49,48,43,0,,,1,0,34.003979598875446,-118.24831215081048,reconstructed,0.6735668287709586,147,6782,171,33.75,8.72,28.86,38.81,11.65,6.6,0.84,15.61,70,2023 Pop w/Income Below Poverty Level (ACS 5-Yr): Percent,police_station_count,-0.01068039797091853
AV-44,19,US,320,BlockApportionment:US.BlockGroups;PointsLayer:US.BlockPoints,2.191,2.576,1,151,7306,166,205,90.42,0.76,76,19,US,320,BlockApportionment:US.BlockGroups;PointsLayer:US.BlockPoints,2.191,2.576,1,30.16,5.27,25.21,37.68,10.08,12.03,0.49,17.29,70,70,0.6475,17.47,29.74,16.36,0,0,,,38,0,0,0,0,0,0,1,0,0,0,0,276,238,0,1,0,0,0.0,757.08,0,0.0,2811.23,0,0.0,2949.86,1,0,0.0,2872.49,1.76,1,0.0,0,1.77,1,100.0,1,0.0,0,0.17,11.72,67.93,1.9,18.45,5,77.5,48,44,1,34.001209905,-118.25014282,0,1,33.99619410046684,-118.24830451166795,detection_avg,0.6766245804824361,151,7306,205,30.16,5.27,25.21,37.68,10.08,12.03,0.76,17.29,70,2023 Pop w/Income Below Poverty Level (ACS 5-Yr): Percent,police_station_count,-0.008026714908544024
AV-45,42,US,293,BlockApportionment:US.BlockGroups;PointsLayer:US.BlockPoints,2.191,2.576,1,182,5261,199,226,91.62,1.22,77,42,US,293,BlockApportionment:US.BlockGroups;PointsLayer:US.BlockPoints,2.191,2.576,1,39.88,5.9,23.59,34.14,10.41,8.67,1.16,18.12,71,72,0.6475,17.47,29.74,16.36,0,0,,,35,0,0,0,0,1,0,0,0,0,0,0,217,178,0,1,1,14,894.9,95.98,0,0.0,2876.41,0,0.0,3469.04,1,0,0.0,2968.26,1.85,1,0.0,0,1.87,1,100.0,1,0.0,0,1.24,14.87,67.79,1.59,15.75,5,77.08,48,45,0,,,1,0,33.98840860205824,-118.24829687252542,reconstructed,0.6618549739609035,182,5261,226,39.88,5.9,23.59,34.14,10.41,8.67,1.22,18.12,72,pct_below_poverty,lausd_school_site_count,-0.006939327193259333
AV-46,16,US,267,BlockApportionment:US.BlockGroups;PointsLayer:US.BlockPoints,2.191,2.576,1,188,4817,211,164,93.42,1.21,70,16,US,267,BlockApportionment:US.BlockGroups;PointsLayer:US.BlockPoints,2.191,2.576,1,38.96,9.04,22.25,24.13,7.28,10.7,0.32,23.9,66,69,0.6475,17.47,29.74,16.36,0,0,,,43,0,0,0,0,1,0,0,0,0,0,0,92,91,0,2,2,0,0.0,683.31,0,0.0,2941.0,0,0.0,4080.64,4,0,0.0,2972.75,0.0,0,0.0,0,0.0,0,100.0,1,0.0,0,0.0,13.97,65.52,1.03,19.48,5,75.86,48,46,0,,,1,0,33.980623103649634,-118.24828923338288,reconstructed,0.6439316209903099,188,4817,164,38.96,9.04,22.25,24.13,7.28,10.7,1.21,23.9,69,2023 Pop w/Income Below Poverty Level (ACS 5-Yr): Percent,police_station_count,-0.004839615655496968
AV-47,41,US,242,BlockApportionment:US.BlockGroups;PointsLayer:US.BlockPoints,2.191,2.576,1,185,4270,208,231,94.71,0.93,64,41,US,242,BlockApportionment:US.BlockGroups;PointsLayer:US.BlockPoints,2.191,2.576,1,27.58,9.29,24.4,25.76,7.87,4.05,0.4,23.1,65,66,0.6475,17.47,29.74,16.36,0,0,,,72,0,0,0,0,1,1,1,0,0,0,0,129,120,0,1,3,27,1081.82,14.78,0,0.0,2954.91,0,0.0,4174.32,3,0,0.0,2995.98,0.0,0,0.0,0,0.0,0,100.0,1,0.0,0,1.06,12.06,75.18,0.89,11.88,5,82.31,48,47,0,,,2,0,33.972837605241025,-118.24828159424035,reconstructed,0.6552178857146418,185,4270,231,27.58,9.29,24.4,25.76,7.87,4.05,0.93,23.1,66,2023 Pop w/Income Below Poverty Level (ACS 5-Yr): Percent,police_station_count,-0.007166144778914971
AV-48,18,US,219,BlockApportionment:US.BlockGroups;PointsLayer:US.BlockPoints,2.191,2.576,1,202,4246,226,195,89.19,1.49,77,18,US,219,BlockApportionment:US.BlockGroups;PointsLayer:US.BlockPoints,2.191,2.576,1,23.66,2.28,13.04,24.78,6.9,17.04,1.3,17.23,71,71,0.6475,17.47,29.74,16.36,0,0,,,15,0,1,1,0,0,0,0,1,0,0,1,101,103,0,1,2,0,0.0,733.39,0,0.0,2957.06,0,0.0,3330.87,1,0,0.0,2995.66,0.0,0,0.0,0,0.0,0,100.0,1,0.0,0,1.42,17.91,65.43,0.53,16.13,5,75.38,48,48,0,,,0,0,33.965052106832424,-118.24827395509782,reconstructed,0.612341221581688,202,4246,195,23.66,2.28,13.04,24.78,6.9,17.04,1.49,17.23,71,2023 Pop 35-64: No Health Insurance (ACS 5-Yr): Percent,police_station_count,-0.007713140581565824
AV-49,44,US,195,BlockApportionment:US.BlockGroups;PointsLayer:US.BlockPoints,2.191,2.576,1,177,4472,232,176,86.65,0.34,76,44,US,195,BlockApportionment:US.BlockGroups;PointsLayer:US.BlockPoints,2.191,2.576,1,23.61,7.58,17.79,36.23,9.42,8.2,0.36,22.18,78,81,0.6475,17.47,29.74,16.36,0,0,,,27,0,0,0,0,1,0,1,0,0,0,0,93,79,0,0,8,18,1366.49,119.81,0,0.0,2875.07,0,0.0,2499.98,3,0,0.0,2993.8,0.0,0,0.0,0,0.0,0,100.0,1,0.0,0,1.73,19.86,64.08,0.69,15.37,5,74.34,48,49,0,,,1,0,33.957266608423815,-118.24826631595528,reconstructed,0.635801986060794,177,4472,176,23.61,7.58,17.79,36.23,9.42,8.2,0.34,22.18,81,pct_below_poverty,lausd_school_site_count,-0.007723262616187582
AV-50,21,US,172,BlockApportionment:US.BlockGroups;PointsLayer:US.BlockPoints,2.191,2.576,1,191,5966,228,300,79.08,0.35,68,21,US,172,BlockApportionment:US.BlockGroups;PointsLayer:US.BlockPoints,2.191,2.576,1,37.4,17.02,21.43,31.33,8.01,4.63,0.14,26.83,62,62,0.6475,17.47,29.74,16.36,0,0,,,18,0,0,0,0,1,0,0,0,0,0,0,163,142,0,0,2,0,0.0,523.31,0,0.0,2473.24,0,0.0,1697.15,0,0,0.0,2472.64,0.0,0,0.0,0,0.0,0,100.0,1,0.0,0,4.43,19.5,66.31,1.24,12.94,5,75.09,48,50,0,,,1,0,33.94948111001521,-118.24825867681275,reconstructed,0.5875885486494864,191,5966,300,37.4,17.02,21.43,31.33,8.01,4.63,0.35,26.83,62,pct_below_poverty,lausd_school_site_count,-0.004187667854493993
AV-51,3,US,154,BlockApportionment:US.BlockGroups;PointsLayer:US.BlockPoints,2.191,2.576,1,203,3014,230,250,72.59,1.9,43,3,US,154,BlockApportionment:US.BlockGroups;PointsLayer:US.BlockPoints,2.191,2.576,1,46.4,3.82,19.18,25.98,8.43,3.9,2.65,18.05,62,65,0.6475,17.47,29.74,16.36,0,0,,,30,0,0,1,0,2,1,0,0,0,1,0,134,112,0,2,2,0,0.0,532.89,0,0.0,1609.0,0,0.0,980.99,6,0,0.0,1608.46,0.0,0,0.0,0,0.0,0,100.0,1,0.0,0,2.94,24.53,55.61,2.59,17.27,5,68.04,48,51,0,,,3,0,33.941695611606605,-118.24825103767022,reconstructed,0.585130899874136,203,3014,250,46.4,3.82,19.18,25.98,8.43,3.9,1.9,18.05,65,2023 Pop w/Income Below Poverty Level (ACS 5-Yr): Percent,affordable_housing_count,0.0084017687343328
AV-52,41,US,142,BlockApportionment:US.BlockGroups;PointsLayer:US.BlockPoints,2.191,2.576,1,227,4687,240,219,74.44,1.59,44,41,US,142,BlockApportionment:US.BlockGroups;PointsLayer:US.BlockPoints,2.191,2.576,1,42.88,10.97,35.86,38.19,7.2,4.04,1.45,20.53,48,50,0.6475,17.47,29.74,16.36,0,0,,,18,0,0,0,1,1,0,2,1,0,0,0,122,123,0,1,4,0,0.0,535.09,0,0.0,744.83,0,0.0,605.49,0,0,0.0,744.34,0.0,0,0.0,0,0.0,0,100.0,1,0.0,0,1.6,21.31,58.97,2.49,17.23,5,70.8,48,52,0,,,1,0,33.933910113198,-118.24824339852768,reconstructed,0.5912557647985047,227,4687,219,42.88,10.97,35.86,38.19,7.2,4.04,1.59,20.53,50,2023 Pop w/Income Below Poverty Level (ACS 5-Yr): Percent,adult_recreation_count,-0.038415086841041966
AV-53,30,US,131,BlockApportionment:US.BlockGroups;PointsLayer:US.BlockPoints,2.191,2.576,1,220,3379,249,300,70.85,0.83,48,30,US,131,BlockApportionment:US.BlockGroups;PointsLayer:US.BlockPoints,2.191,2.576,1,34.17,14.52,32.22,32.53,3.73,4.69,0.42,18.28,57,59,0.6475,17.47,29.74,16.36,0,0,,,33,0,0,0,0,1,0,0,0,0,1,0,120,92,0,0,1,35,3498.58,82.78,24,2709.7,82.78,1,350.64,399.87,0,2,1870.09,84.12,0.0,0,0.0,0,0.0,0,100.0,1,0.0,0,2.76,22.76,55.52,2.41,19.31,5,68.04,48,53,0,,,1,0,33.926124614789394,-118.24823575938515,reconstructed,0.6068629791378953,220,3379,300,34.17,14.52,32.22,32.53,3.73,4.69,0.83,18.28,59,2023 Pop w/Income Below Poverty Level (ACS 5-Yr): Percent,police_station_count,-0.009902681302963415
AV-54,22,US,123,BlockApportionment:US.BlockGroups;PointsLayer:US.BlockPoints,2.191,2.576,1,209,2414,252,167,56.46,2.58,91,22,US,123,BlockApportionment:US.BlockGroups;PointsLayer:US.BlockPoints,2.191,2.576,1,28.81,3.76,9.21,41.21,9.84,4.26,2.4,34.61,89,93,0.6475,17.47,29.74,16.36,0,0,,,21,0,0,0,0,1,0,0,0,0,0,0,37,33,0,0,0,0,0.0,552.15,0,0.0,937.47,1,807.73,207.79,0,0,0.0,946.7,0.0,0,0.0,0,0.0,0,100.0,1,0.0,0,1.07,21.85,55.6,1.24,21.31,5,68.6,48,54,0,,,1,0,33.91833911638079,-118.24822812024262,reconstructed,0.543554875298602,209,2414,167,28.81,3.76,9.21,41.21,9.84,4.26,2.58,34.61,93,total_crime_est,affordable_housing_count,-0.004380140114020646
AV-70,22,US,73,BlockApportionment:US.BlockGroups;PointsLayer:US.BlockPoints,2.191,2.576,1,155,1549,136,131,91.03,2.45,94,22,US,73,BlockApportionment:US.BlockGroups;PointsLayer:US.BlockPoints,2.191,2.576,1,16.21,2.97,18.58,49.47,8.58,10.29,1.8,26.59,78,80,0.6475,17.47,29.74,16.36,0,0,,,0,0,0,0,0,0,0,0,0,0,0,0,50,56,0,0,0,0,0.0,488.34,0,0.0,488.34,0,0.0,947.11,0,0,0.0,484.08,1.34,1,0.0,0,0.0,0,100.0,1,0.0,0,0.71,10.52,73.62,1.43,14.44,5,81.32,48,70,0,,,0,0,33.79377114184311,-118.24810589396208,reconstructed,0.6161768918936248,155,1549,131,16.21,2.97,18.58,49.47,8.58,10.29,2.45,26.59,80,2023 Pop 35-64: No Health Insurance (ACS 5-Yr): Percent,affordable_housing_count,-0.0038056994386875963
AV-71,12,US,63,BlockApportionment:US.BlockGroups;PointsLayer:US.BlockPoints,2.191,2.576,1,136,3604,125,102,93.42,3.13,87,12,US,63,BlockApportionment:US.BlockGroups;PointsLayer:US.BlockPoints,2.191,2.576,1,21.73,1.11,4.87,26.78,4.73,5.6,1.21,31.72,78,81,0.6475,17.47,29.74,16.36,0,0,,,0,0,0,0,0,0,0,0,0,0,0,0,170,133,0,0,2,14,552.32,374.33,14,552.32,374.33,0,0.0,846.56,2,2,1105.17,369.61,0.0,0,0.0,0,0.0,0,100.0,1,0.0,0,0.53,14.77,63.52,0.18,21.53,5,74.3,48,71,0,,,0,0,33.78598564343451,-118.24809825481954,reconstructed,0.5933031147746616,136,3604,102,21.73,1.11,4.87,26.78,4.73,5.6,3.13,31.72,81,2023 Pop w/Income Below Poverty Level (ACS 5-Yr): Percent,police_station_count,0.004853071310227724
AV-72,2,US,53,BlockApportionment:US.BlockGroups;PointsLayer:US.BlockPoints,2.191,2.576,1,166,887,124,74,90.3,2.61,73,2,US,53,BlockApportionment:US.BlockGroups;PointsLayer:US.BlockPoints,2.191,2.576,1,36.45,4.35,27.23,31.96,3.82,9.87,3.47,20.49,69,75,0.6475,17.47,29.74,16.36,0,0,,,24,0,0,0,0,0,0,1,1,0,0,0,163,149,0,0,0,6,804.27,205.22,0,0.0,806.9,0,0.0,612.98,0,0,0.0,954.87,0.0,0,0.0,0,0.0,0,100.0,1,0.0,0,0.0,5.01,82.56,0.86,11.57,5,87.79,48,72,0,,,0,0,33.7782001450259,-118.248090615677,reconstructed,0.6486183127782948,166,887,74,36.45,4.35,27.23,31.96,3.82,9.87,2.61,20.49,75,2023 Pop w/Income Below Poverty Level (ACS 5-Yr): Percent,adult_recreation_count,0.011913821142893346
AV-73,45,US,46,BlockApportionment:US.BlockGroups;PointsLayer:US.BlockPoints,2.191,2.576,1,195,124,162,1036,28.23,0.0,17,45,US,46,BlockApportionment:US.BlockGroups;PointsLayer:US.BlockPoints,2.191,2.576,1,66.67,0.0,100.0,100.0,0.0,0.0,0.0,17.65,56,51,0.6475,17.47,29.74,16.36,0,0,,,0,0,0,0,0,0,0,0,0,0,0,0,2,2,0,0,0,2,473.12,365.01,0,0.0,748.45,1,961.82,57.16,0,0,0.0,760.15,25.0,1,0.0,0,0.0,0,77.88,1,0.0,0,0.18,7.65,48.75,15.3,28.29,5,64.07,48,73,0,,,0,0,33.7704146466173,-118.24808297653448,reconstructed,0.5501884631237433,195,124,1036,66.67,0.0,100.0,100.0,0.0,0.0,0.0,17.65,51,esri_market_idx_14068_forecast,la_geohub_fire_hazard_area_pct,-0.0589226214538017
AW-23,11,US,912,BlockApportionment:US.BlockGroups;PointsLayer:US.BlockPoints,2.191,2.576,1,63,1664,72,181,20.91,1.65,125,11,US,912,BlockApportionment:US.BlockGroups;PointsLayer:US.BlockPoints,2.191,2.576,1,25.85,2.85,12.78,28.44,4.81,0.61,3.31,25.37,121,121,0.6475,17.47,29.74,16.36,0,0,,,12,0,0,0,0,1,0,0,0,0,0,0,26,28,0,0,0,20,2982.68,266.44,20,2982.68,266.44,3,783.56,259.63,2,2,1186.68,276.32,0.0,0,0.0,0,0.0,0,100.0,1,0.0,0,2.48,26.19,44.96,3.36,25.49,5,60.73,49,23,0,,,1,0,34.15968275296542,-118.24035718986389,reconstructed,0.546705322017499,63,1664,181,25.85,2.85,12.78,28.44,4.81,0.61,1.65,25.37,121,total_population,police_station_count,-0.002256228205311093
AW-24,24,US,875,BlockApportionment:US.BlockGroups;PointsLayer:US.BlockPoints,2.191,2.576,1,69,8165,65,148,17.6,1.83,94,24,US,875,BlockApportionment:US.BlockGroups;PointsLayer:US.BlockPoints,2.191,2.576,1,28.72,6.82,19.41,43.68,3.59,3.61,2.07,26.4,78,78,0.6475,17.47,29.74,16.36,0,0,,,12,0,1,0,0,1,0,0,0,0,0,0,130,126,0,0,0,16,1636.67,389.26,16,1636.67,389.26,0,0.0,1047.77,6,2,743.77,388.6,0.0,0,0.0,0,0.0,0,100.0,1,0.0,0,0.86,16.18,64.89,1.89,17.04,5,75.16,49,24,0,,,1,0,34.15189725455682,-118.24034955072136,reconstructed,0.5844550379426697,69,8165,148,28.72,6.82,19.41,43.68,3.59,3.61,1.83,26.4,78,2023 Pop w/Income Below Poverty Level (ACS 5-Yr): Percent,fire_station_count,-0.014102581893078074
AW-25,45,US,846,BlockApportionment:US.BlockGroups;PointsLayer:US.BlockPoints,2.191,2.576,1,82,6609,91,202,20.71,2.08,79,45,US,846,BlockApportionment:US.BlockGroups;PointsLayer:US.BlockPoints,2.191,2.576,1,30.4,9.05,21.31,40.43,4.53,4.36,3.45,20.85,73,75,0.6475,17.47,29.74,16.36,0,0,,,0,0,0,0,0,0,2,0,0,0,0,0,112,115,0,0,0,21,934.35,47.82,0,0.0,1020.76,0,0.0,1837.29,16,0,0.0,1048.99,0.0,0,0.0,0,0.0,0,100.0,1,0.0,0,1.24,16.46,66.02,2.48,15.04,5,75.84,49,25,0,,,2,0,34.14411175614821,-118.24034191157882,reconstructed,0.6361033198119364,82,6609,202,30.4,9.05,21.31,40.43,4.53,4.36,2.08,20.85,75,total_population,police_station_count,-0.00432481449913715
AW-26,24,US,825,BlockApportionment:US.BlockGroups;PointsLayer:US.BlockPoints,2.191,2.576,1,48,2447,73,74,23.09,1.73,121,24,US,825,BlockApportionment:US.BlockGroups;PointsLayer:US.BlockPoints,2.191,2.576,1,17.76,0.57,13.22,26.47,0.48,1.65,1.08,14.91,114,119,0.6475,17.47,29.74,16.36,0,0,,,0,0,0,1,0,1,0,0,0,0,0,0,97,104,0,0,0,0,0.0,912.58,0,0.0,941.96,0,0.0,2668.52,1,0,0.0,942.6,0.0,0,0.0,0,0.0,0,100.0,1,0.0,0,3.1,19.14,59.14,2.24,19.48,5,70.47,49,26,0,,,1,0,34.13632625773961,-118.24033427243629,reconstructed,0.5431761648233643,48,2447,74,17.76,0.57,13.22,26.47,0.48,1.65,1.73,14.91,119,total_crime_est,police_station_count,0.003758235176150152
AW-27,8,US,809,BlockApportionment:US.BlockGroups;PointsLayer:US.BlockPoints,2.191,2.576,1,54,1380,88,100,28.48,3.68,182,8,US,809,BlockApportionment:US.BlockGroups;PointsLayer:US.BlockPoints,2.191,2.576,1,11.5,0.96,4.66,29.96,1.01,2.73,4.2,10.03,143,142,0.6475,17.47,29.74,16.36,0,0,,,0,0,0,0,0,0,0,0,0,0,0,0,50,56,0,0,0,0,0.0,965.51,0,0.0,965.51,0,0.0,2154.96,0,0,0.0,1045.81,0.0,0,0.0,0,0.0,0,100.0,1,0.0,0,11.33,61.42,19.47,2.3,16.81,3,40.23,49,27,0,,,0,0,34.128540759331,-118.24032663329376,reconstructed,0.5119685720835804,54,1380,100,11.5,0.96,4.66,29.96,1.01,2.73,3.68,10.03,142,2023 Pop w/Income Below Poverty Level (ACS 5-Yr): Percent,police_station_count,0.004929315727295956
AW-28,46,US,797,BlockApportionment:US.BlockGroups;PointsLayer:US.BlockPoints,2.191,2.576,1,111,4257,117,145,75.48,1.1,76,46,US,797,BlockApportionment:US.BlockGroups;PointsLayer:US.BlockPoints,2.191,2.576,1,25.31,10.66,21.87,34.7,8.32,5.68,1.2,24.69,82,87,0.6475,17.47,29.74,16.36,0,0,,,8,0,0,0,0,2,0,0,0,0,0,0,269,295,0,0,5,6,1303.11,313.97,6,1303.11,313.97,0,0.0,1345.83,0,2,1274.16,312.71,0.0,0,0.0,0,0.0,0,100.0,1,0.0,0,7.07,30.34,52.41,3.28,13.97,5,64.57,49,28,0,,,2,0,34.1207552609224,-118.24031899415122,reconstructed,0.6387721851464851,111,4257,145,25.31,10.66,21.87,34.7,8.32,5.68,1.1,24.69,87,pct_below_poverty,lausd_school_site_count,0.006647173256774168
AW-29,32,US,783,BlockApportionment:US.BlockGroups;PointsLayer:US.BlockPoints,2.191,2.576,1,135,2642,127,107,66.96,0.96,110,32,US,783,BlockApportionment:US.BlockGroups;PointsLayer:US.BlockPoints,2.191,2.576,1,27.65,2.86,12.95,21.11,4.08,2.85,1.31,13.74,108,109,0.6475,17.47,29.74,16.36,0,0,,,31,0,0,0,0,1,0,0,0,0,0,0,306,272,0,0,1,27,1724.36,279.97,15,950.74,372.31,0,0.0,616.25,1,2,492.64,426.32,0.0,0,0.0,0,0.0,0,100.0,1,0.0,0,4.07,19.82,64.78,2.12,13.27,5,74.12,49,29,0,,,1,0,34.11296976251379,-118.24031135500869,reconstructed,0.6083755881703168,135,2642,107,27.65,2.86,12.95,21.11,4.08,2.85,0.96,13.74,109,total_population,police_station_count,-0.0026787558853808534
AW-30,14,US,765,BlockApportionment:US.BlockGroups;PointsLayer:US.BlockPoints,2.191,2.576,1,109,793,119,245,73.14,0.85,105,14,US,765,BlockApportionment:US.BlockGroups;PointsLayer:US.BlockPoints,2.191,2.576,1,15.2,9.2,21.57,21.88,4.61,6.38,1.17,17.43,107,111,0.6475,17.47,29.74,16.36,0,0,,,17,0,0,0,0,2,0,0,0,0,0,0,175,176,0,0,5,17,891.72,199.19,0,0.0,770.26,1,766.52,215.99,1,0,0.0,804.86,14.93,1,14.96,1,0.0,0,100.0,1,0.0,0,3.36,15.93,63.72,4.07,16.28,5,73.6,49,30,1,34.10233883,-118.23581266,2,1,34.10518426410519,-118.24030371586616,detection_avg,0.6242819497345853,109,793,245,15.2,9.2,21.57,21.88,4.61,6.38,0.85,17.43,111,pct_below_poverty,la_geohub_100yr_flood_intersects,-0.026903004371168323
AW-31,40,US,741,BlockApportionment:US.BlockGroups;PointsLayer:US.BlockPoints,2.191,2.576,1,148,1545,129,79,54.24,3.3,94,40,US,741,BlockApportionment:US.BlockGroups;PointsLayer:US.BlockPoints,2.191,2.576,1,41.93,5.01,11.37,27.09,6.6,2.99,2.57,17.42,100,103,0.6475,17.47,29.74,16.36,0,0,,,0,0,0,0,0,0,0,0,0,0,0,0,90,96,0,0,0,25,3051.52,203.67,25,3051.52,203.67,1,899.8,35.93,0,2,1387.92,263.02,16.02,1,16.01,1,0.0,0,100.0,1,0.0,0,6.55,25.17,44.48,6.21,24.14,5,59.17,49,31,0,,,0,0,34.09739876569658,-118.24029607672362,reconstructed,0.6011727887343632,148,1545,79,41.93,5.01,11.37,27.09,6.6,2.99,3.3,17.42,103,pct_below_poverty,la_geohub_100yr_flood_intersects,0.010979953926151984
AW-32,11,US,712,BlockApportionment:US.BlockGroups;PointsLayer:US.BlockPoints,2.191,2.576,1,162,236,136,43,50.42,1.32,91,11,US,712,BlockApportionment:US.BlockGroups;PointsLayer:US.BlockPoints,2.191,2.576,1,39.08,16.09,2.96,31.48,12.24,3.58,1.86,21.94,104,106,0.6475,17.47,29.74,16.36,0,0,,,0,0,0,0,0,1,0,0,0,0,0,0,18,27,0,0,2,9,1497.06,275.12,9,1497.06,275.12,0,0.0,773.34,6,2,1337.25,275.54,0.0,0,0.0,0,0.0,0,100.0,1,0.0,0,24.07,69.2,13.98,4.25,12.57,3,32.56,49,32,0,,,1,0,34.08961326728798,-118.24028843758109,reconstructed,0.5656931259998504,162,236,43,39.08,16.09,2.96,31.48,12.24,3.58,1.32,21.94,106,pct_below_poverty,lausd_school_site_count,0.011758560312726431
AW-33,32,US,683,BlockApportionment:US.BlockGroups;PointsLayer:US.BlockPoints,2.191,2.576,1,0,0,0,0,0.0,0.0,0,32,US,683,BlockApportionment:US.BlockGroups;PointsLayer:US.BlockPoints,2.191,2.576,1,0.0,0.0,0.0,0.0,0.0,0.0,0.0,0.0,0,0,0.6475,17.47,29.74,16.36,0,0,,,0,0,0,0,0,0,0,0,1,0,0,0,1,1,0,0,0,0,0.0,795.19,0,0.0,795.19,0,0.0,1173.87,1,0,0.0,868.83,0.0,0,0.0,0,0.0,0,100.0,1,0.0,0,12.28,48.44,32.53,2.6,16.44,5,49.09,49,33,0,,,0,0,34.08182776887937,-118.24028079843856,reconstructed,0.4879823955197746,0,0,0,0.0,0.0,0.0,0.0,0.0,0.0,0.0,0.0,0,2023 Pop w/Income Below Poverty Level (ACS 5-Yr): Percent,adult_recreation_count,-0.04373983785643578
AW-34,3,US,654,BlockApportionment:US.BlockGroups;PointsLayer:US.BlockPoints,2.191,2.576,1,179,91,136,105,28.57,1.14,47,3,US,654,BlockApportionment:US.BlockGroups;PointsLayer:US.BlockPoints,2.191,2.576,1,9.09,0.0,28.09,48.15,18.18,12.36,0.0,9.09,60,58,0.6475,17.47,29.74,16.36,0,0,,,0,0,0,0,0,0,0,0,0,0,0,0,18,16,0,0,0,19,1365.03,363.2,19,1365.03,363.2,0,0.0,1374.32,0,4,560.08,422.92,0.0,0,0.0,0,0.0,0,100.0,1,0.0,0,3.19,25.84,54.34,1.42,18.41,5,67.08,49,34,0,,,0,0,34.07404227047077,-118.24027315929602,reconstructed,0.6116580710591196,179,91,105,9.09,0.0,28.09,48.15,18.18,12.36,1.14,9.09,58,total_population,police_station_count,0.012994243743903415
AW-35,23,US,624,BlockApportionment:US.BlockGroups;PointsLayer:US.BlockPoints,2.191,2.576,1,188,3091,110,217,21.03,1.08,51,23,US,624,BlockApportionment:US.BlockGroups;PointsLayer:US.BlockPoints,2.191,2.576,1,21.56,4.86,25.8,35.04,6.79,4.02,0.94,20.73,66,62,0.6475,17.47,29.74,16.36,0,0,,,60,1,0,0,0,1,0,1,0,0,0,0,910,841,0,0,4,23,3395.14,247.83,16,3001.74,247.83,0,0.0,1245.01,41,2,1540.15,248.62,0.0,0,0.0,0,0.0,0,100.0,1,0.0,0,0.52,8.81,70.29,3.11,17.79,5,79.05,49,35,0,,,1,0,34.06625677206216,-118.24026552015349,reconstructed,0.6584538804022002,188,3091,217,21.56,4.86,25.8,35.04,6.79,4.02,1.08,20.73,62,2023 Pop 35-64: No Health Insurance (ACS 5-Yr): Percent,hospital_count,-0.013760103792318573
AW-36,43,US,594,BlockApportionment:US.BlockGroups;PointsLayer:US.BlockPoints,2.191,2.576,1,173,3618,67,345,28.25,3.07,43,43,US,594,BlockApportionment:US.BlockGroups;PointsLayer:US.BlockPoints,2.191,2.576,1,21.07,5.08,24.25,17.36,8.57,3.4,2.5,15.56,74,70,0.6475,17.47,29.74,16.36,0,0,,,157,0,0,1,0,0,0,0,1,0,0,0,329,332,0,0,1,125,7955.4,39.85,41,3758.69,76.79,0,0.0,1117.64,32,4,2065.28,77.95,0.0,0,0.0,0,0.0,0,100.0,1,0.0,0,0.35,12.77,65.6,1.06,20.57,5,75.82,49,36,1,34.057207553333335,-118.23987475,0,1,34.05847127365356,-118.24025788101096,detection_avg,0.6676409909794706,173,3618,345,21.07,5.08,24.25,17.36,8.57,3.4,3.07,15.56,70,2023 Pop w/Income Below Poverty Level (ACS 5-Yr): Percent,adult_recreation_count,0.012473834466809936
AW-37,7,US,558,BlockApportionment:US.BlockGroups;PointsLayer:US.BlockPoints,2.191,2.576,1,201,4662,63,160,22.05,2.21,78,7,US,558,BlockApportionment:US.BlockGroups;PointsLayer:US.BlockPoints,2.191,2.576,1,21.55,3.97,20.25,26.29,0.0,1.82,2.16,10.01,93,92,0.6475,17.47,29.74,16.36,0,0,,,30,1,1,1,0,0,0,0,1,0,0,0,932,992,0,2,0,28,2058.51,179.18,0,0.0,623.64,0,0.0,928.52,64,0,0.0,631.56,0.89,1,0.0,0,0.89,1,100.0,1,0.0,0,0.0,7.36,79.68,1.05,11.91,5,85.78,49,37,1,34.046290124,-118.24063895866666,0,1,34.05068577524495,-118.24025024186842,detection_avg,0.6505482424805304,201,4662,160,21.55,3.97,20.25,26.29,0.0,1.82,2.21,10.01,92,2023 Pop w/Income Below Poverty Level (ACS 5-Yr): Percent,fire_station_count,-0.014739246681433948
AW-38,21,US,522,BlockApportionment:US.BlockGroups;PointsLayer:US.BlockPoints,2.191,2.576,1,181,5246,60,331,33.66,11.85,16,21,US,522,BlockApportionment:US.BlockGroups;PointsLayer:US.BlockPoints,2.191,2.576,1,38.67,10.1,61.78,27.04,4.55,10.34,7.27,29.48,39,43,0.6475,17.47,29.74,16.36,0,0,,,84,0,0,0,0,0,0,0,0,0,0,0,463,466,0,5,0,27,2957.76,18.58,0,0.0,1454.51,0,0.0,1037.43,5,0,0.0,1461.79,7.34,1,0.0,0,4.67,1,100.0,1,0.0,0,0.17,2.27,90.92,0.52,6.28,5,93.59,49,38,1,34.04151132292307,-118.2422237313846,0,1,34.04290027683635,-118.24024260272589,detection_avg,0.6394686724392395,181,5246,331,38.67,10.1,61.78,27.04,4.55,10.34,11.85,29.48,43,2023 Pop w/Income Below Poverty Level (ACS 5-Yr): Percent,affordable_housing_count,0.007940753490891591
AW-39,35,US,486,BlockApportionment:US.BlockGroups;PointsLayer:US.BlockPoints,2.191,2.576,1,352,484,142,174,36.78,10.26,24,35,US,486,BlockApportionment:US.BlockGroups;PointsLayer:US.BlockPoints,2.191,2.576,1,28.21,8.55,62.0,34.23,2.34,5.18,7.73,17.29,125,136,0.6475,17.47,29.74,16.36,0,0,,,54,0,0,0,0,0,0,0,0,0,0,0,575,551,0,2,1,10,865.86,124.58,0,0.0,849.1,0,0.0,1163.06,8,0,0.0,859.76,0.15,1,0.0,0,0.02,1,100.0,1,0.0,0,0.0,4.97,87.74,1.07,6.22,5,91.42,49,39,1,34.032480900833335,-118.2416294625,0,1,34.03511477842774,-118.24023496358336,detection_avg,0.6091807696784488,352,484,174,28.21,8.55,62.0,34.23,2.34,5.18,10.26,17.29,136,total_crime_est,police_station_count,-0.010720325716794613
AW-40,0,US,451,BlockApportionment:US.BlockGroups;PointsLayer:US.BlockPoints,2.191,2.576,1,418,264,173,117,37.88,5.69,19,0,US,451,BlockApportionment:US.BlockGroups;PointsLayer:US.BlockPoints,2.191,2.576,1,28.36,7.46,50.68,38.46,0.0,0.68,6.56,6.72,45,50,0.6475,17.47,29.74,16.36,0,0,,,12,0,0,0,0,0,0,0,0,0,0,0,301,300,0,0,1,41,4728.43,45.87,20,3658.06,45.87,0,0.0,1370.65,3,2,1806.51,84.69,0.0,0,0.0,0,0.0,0,100.0,1,0.0,0,0.17,2.76,89.66,0.52,7.07,5,92.71,49,40,1,34.025133433095235,-118.2414475754762,0,1,34.02732928001914,-118.2402273244408,detection_avg,0.6155503290165887,418,264,117,28.36,7.46,50.68,38.46,0.0,0.68,5.69,6.72,50,pct_below_poverty,lausd_school_site_count,-0.019890019098797146
AW-41,15,US,416,BlockApportionment:US.BlockGroups;PointsLayer:US.BlockPoints,2.191,2.576,1,239,203,180,460,88.67,0.65,57,15,US,416,BlockApportionment:US.BlockGroups;PointsLayer:US.BlockPoints,2.191,2.576,1,28.57,5.71,32.04,16.67,11.63,7.62,0.61,20.93,51,50,0.6475,17.47,29.74,16.36,0,0,,,0,0,0,0,0,0,0,0,0,0,0,0,230,186,0,0,0,36,2026.82,40.78,0,0.0,540.31,0,0.0,1531.98,0,0,0.0,710.3,0.0,0,0.0,0,0.0,0,100.0,1,0.0,0,0.0,3.55,90.59,0.71,5.15,5,93.41,49,41,1,34.018798361,-118.243154505,0,1,34.01954378161054,-118.24021968529829,detection_avg,0.6589661909775241,239,203,460,28.57,5.71,32.04,16.67,11.63,7.62,0.65,20.93,50,total_population,police_station_count,0.010810758909758097
AW-42,30,US,381,BlockApportionment:US.BlockGroups;PointsLayer:US.BlockPoints,2.191,2.576,1,284,697,195,33,91.1,0.0,122,30,US,381,BlockApportionment:US.BlockGroups;PointsLayer:US.BlockPoints,2.191,2.576,1,12.22,15.84,26.71,22.69,20.77,0.0,0.0,21.31,94,96,0.6475,17.47,29.74,16.36,0,0,,,0,0,0,0,0,0,0,0,0,0,0,0,172,146,0,0,0,6,997.0,47.86,0,0.0,1403.08,0,0.0,1717.73,0,0,0.0,1562.23,0.0,0,0.0,0,0.0,0,100.0,1,0.0,0,0.0,3.61,85.2,1.03,10.15,5,89.64,49,42,1,34.006944687499995,-118.2402857975,0,1,34.01175828320193,-118.24021204615576,detection_avg,0.6007034567067249,284,697,33,12.22,15.84,26.71,22.69,20.77,0.0,0.0,21.31,96,2023 Pop w/Income Below Poverty Level (ACS 5-Yr): Percent,police_station_count,-0.009435282320721522
AW-43,49,US,350,BlockApportionment:US.BlockGroups;PointsLayer:US.BlockPoints,2.191,2.576,1,265,483,202,95,88.2,0.77,85,49,US,350,BlockApportionment:US.BlockGroups;PointsLayer:US.BlockPoints,2.191,2.576,1,16.13,12.9,23.38,23.53,16.27,3.77,0.25,18.98,83,83,0.6475,17.47,29.74,16.36,0,0,,,24,0,0,0,0,0,0,2,0,0,0,0,495,455,0,0,0,5,1146.05,104.34,0,0.0,2267.16,0,0.0,2085.69,2,0,0.0,2421.43,0.0,0,0.0,0,0.0,0,100.0,1,0.0,0,0.36,3.91,90.59,1.07,4.44,5,93.3,49,43,1,33.999733565,-118.24074872666664,0,1,34.003972784793326,-118.2402044070132,detection_avg,0.6159374510751386,265,483,95,16.13,12.9,23.38,23.53,16.27,3.77,0.77,18.98,83,total_population,police_station_count,0.006195108987951372
AW-44,20,US,321,BlockApportionment:US.BlockGroups;PointsLayer:US.BlockPoints,2.191,2.576,1,295,2740,231,188,79.71,2.94,32,20,US,321,BlockApportionment:US.BlockGroups;PointsLayer:US.BlockPoints,2.191,2.576,1,39.26,10.88,33.15,28.99,6.33,8.37,2.36,26.66,36,36,0.6475,17.47,29.74,16.36,0,0,,,0,0,0,0,0,1,0,1,0,0,0,0,143,143,0,0,2,4,867.01,165.77,0,0.0,3131.57,0,0.0,2625.41,0,0,0.0,3283.4,0.0,0,0.0,0,0.0,0,100.0,1,0.0,0,0.86,9.14,79.66,1.9,9.31,5,85.5,49,44,1,33.9959381575,-118.2403484525,1,1,33.99618728638472,-118.24019676787069,detection_avg,0.6252604485210312,295,2740,188,39.26,10.88,33.15,28.99,6.33,8.37,2.94,26.66,36,pct_below_poverty,lausd_school_site_count,0.012665736400757603
AW-45,43,US,294,BlockApportionment:US.BlockGroups;PointsLayer:US.BlockPoints,2.191,2.576,1,271,1864,262,183,94.21,0.13,77,43,US,294,BlockApportionment:US.BlockGroups;PointsLayer:US.BlockPoints,2.191,2.576,1,21.68,4.42,23.0,30.52,11.67,10.58,0.13,15.35,72,74,0.6475,17.47,29.74,16.36,0,0,,,10,0,0,0,0,1,0,0,0,0,0,0,111,93,0,0,1,22,1523.73,268.41,0,0.0,3630.34,0,0.0,3268.76,3,0,0.0,3717.1,0.0,0,0.0,0,0.0,0,100.0,1,0.0,0,1.78,7.82,83.3,0.18,8.7,5,87.78,49,45,0,,,1,0,33.98840178797612,-118.24018912872816,reconstructed,0.6361566553394195,271,1864,183,21.68,4.42,23.0,30.52,11.67,10.58,0.13,15.35,74,pct_below_poverty,lausd_school_site_count,-0.007373846344261008
AW-49,45,US,196,BlockApportionment:US.BlockGroups;PointsLayer:US.BlockPoints,2.191,2.576,1,185,3430,218,67,86.3,1.51,71,45,US,196,BlockApportionment:US.BlockGroups;PointsLayer:US.BlockPoints,2.191,2.576,1,40.94,13.9,35.28,40.42,5.99,4.03,1.22,18.72,70,73,0.6475,17.47,29.74,16.36,0,0,,,0,0,0,0,0,1,0,0,0,0,0,0,83,72,0,0,0,0,0.0,557.84,0,0.0,2936.44,0,0.0,2457.88,0,0,0.0,2936.85,0.0,0,0.0,0,0.0,0,100.0,1,0.0,0,1.72,13.28,65.34,1.9,19.48,5,75.22,49,49,0,,,1,0,33.957259794341695,-118.240158572158,reconstructed,0.5745100983494918,185,3430,67,40.94,13.9,35.28,40.42,5.99,4.03,1.51,18.72,73,pct_below_poverty,library_count,0.009361427918350743
AW-50,22,US,173,BlockApportionment:US.BlockGroups;PointsLayer:US.BlockPoints,2.191,2.576,1,182,5615,197,229,75.49,0.35,50,22,US,173,BlockApportionment:US.BlockGroups;PointsLayer:US.BlockPoints,2.191,2.576,1,48.35,16.98,25.45,30.49,8.54,4.48,0.17,25.28,62,65,0.6475,17.47,29.74,16.36,0,0,,,6,0,1,0,0,0,0,1,0,0,0,1,141,144,0,0,3,0,0.0,1042.86,0,0.0,2073.74,0,0.0,1826.63,2,0,0.0,2074.4,0.0,0,0.0,0,0.0,0,100.0,1,0.0,0,1.24,13.68,60.92,3.73,21.67,5,72.27,49,50,1,33.94624912,-118.23958499,0,1,33.949474295933086,-118.24015093301549,detection_avg,0.6041010689049664,182,5615,229,48.35,16.98,25.45,30.49,8.54,4.48,0.35,25.28,65,2023 Pop w/Income Below Poverty Level (ACS 5-Yr): Percent,fire_station_count,-0.009760448449073976
AW-51,4,US,155,BlockApportionment:US.BlockGroups;PointsLayer:US.BlockPoints,2.191,2.576,1,263,4254,267,193,79.45,1.05,75,4,US,155,BlockApportionment:US.BlockGroups;PointsLayer:US.BlockPoints,2.191,2.576,1,33.97,6.26,16.67,26.58,8.3,8.21,1.29,32.27,66,67,0.6475,17.47,29.74,16.36,0,0,,,12,0,0,0,0,3,0,0,0,0,0,0,169,134,0,0,5,0,0.0,1031.56,0,0.0,1211.03,0,0.0,1416.64,3,0,0.0,1211.96,0.0,0,0.0,0,0.0,0,100.0,1,0.0,0,0.86,15.17,57.07,2.59,25.17,5,69.69,49,51,0,,,3,0,33.941688797524485,-118.24014329387296,reconstructed,0.6161370269287977,263,4254,193,33.97,6.26,16.67,26.58,8.3,8.21,1.05,32.27,67,pct_below_poverty,lausd_school_site_count,-0.014594879060113338
AW-52,42,US,143,BlockApportionment:US.BlockGroups;PointsLayer:US.BlockPoints,2.191,2.576,1,248,3916,255,121,76.1,0.88,61,42,US,143,BlockApportionment:US.BlockGroups;PointsLayer:US.BlockPoints,2.191,2.576,1,38.89,9.35,28.8,41.25,8.94,8.51,0.91,22.22,60,60,0.6475,17.47,29.74,16.36,0,0,,,26,0,0,0,0,1,0,0,0,0,0,0,135,109,0,0,1,36,3895.9,173.61,14,1659.41,348.34,0,0.0,1241.98,0,2,1148.74,349.52,0.0,0,0.0,0,0.0,0,100.0,1,0.0,0,1.42,13.65,64.36,0.89,21.1,5,74.63,49,52,0,,,1,0,33.93390329911588,-118.2401356547304,reconstructed,0.6413813053959453,248,3916,121,38.89,9.35,28.8,41.25,8.94,8.51,0.88,22.22,60,2023 Pop w/Income Below Poverty Level (ACS 5-Yr): Percent,police_station_count,-0.010661967022090102
AW-53,31,US,132,BlockApportionment:US.BlockGroups;PointsLayer:US.BlockPoints,2.191,2.576,1,279,1609,272,207,60.85,1.53,52,31,US,132,BlockApportionment:US.BlockGroups;PointsLayer:US.BlockPoints,2.191,2.576,1,40.41,12.61,21.33,36.83,10.41,4.6,0.33,20.29,55,56,0.6475,17.47,29.74,16.36,0,0,,,93,1,1,1,1,0,0,0,0,0,0,3,64,64,0,3,0,5,397.02,345.45,5,397.02,345.45,0,0.0,1034.07,9,0,0.0,475.12,0.0,0,0.0,0,0.0,0,100.0,1,0.0,0,0.53,14.56,59.68,2.13,23.62,5,71.62,49,53,0,,,0,0,33.926117800707274,-118.24012801558789,reconstructed,0.6062203633496163,279,1609,207,40.41,12.61,21.33,36.83,10.41,4.6,1.53,20.29,56,2023 Pop w/Income Below Poverty Level (ACS 5-Yr): Percent,college_count,-0.018434562244947272
AW-69,29,US,80,BlockApportionment:US.BlockGroups;PointsLayer:US.BlockPoints,2.191,2.576,1,190,8,143,0,87.5,0.0,0,29,US,80,BlockApportionment:US.BlockGroups;PointsLayer:US.BlockPoints,2.191,2.576,1,0.0,0.0,30.77,0.0,0.0,0.0,0.0,28.57,0,0,0.6475,17.47,29.74,16.36,0,0,,,0,0,0,0,0,0,0,0,0,0,0,0,2,1,0,0,0,5,952.78,227.63,0,0.0,646.95,0,0.0,1116.48,0,0,0.0,868.96,7.47,1,0.0,0,0.0,0,100.0,1,0.0,0,0.53,2.84,64.72,1.24,31.21,5,75.14,49,69,0,,,0,0,33.80154982616959,-118.24000578930736,reconstructed,0.5544112015112064,190,8,0,0.0,0.0,30.77,0.0,0.0,0.0,0.0,28.57,0,total_population,police_station_count,0.014735537251646152
AW-70,23,US,74,BlockApportionment:US.BlockGroups;PointsLayer:US.BlockPoints,2.191,2.576,1,172,627,136,171,87.24,0.46,97,23,US,74,BlockApportionment:US.BlockGroups;PointsLayer:US.BlockPoints,2.191,2.576,1,25.0,5.41,26.33,34.65,2.47,4.01,0.25,32.1,80,83,0.6475,17.47,29.74,16.36,0,0,,,0,0,0,0,0,0,0,0,0,0,0,0,79,66,0,0,0,33,2934.57,7.38,25,1963.4,7.38,0,0.0,775.64,0,2,1932.82,9.51,0.0,0,0.0,0,0.0,0,100.0,1,0.0,0,0.17,3.11,85.49,0.17,11.23,5,89.79,49,70,1,33.791068175,-118.242376315,0,1,33.79376432776099,-118.2399981501648,detection_avg,0.6296912289627129,172,627,171,25.0,5.41,26.33,34.65,2.47,4.01,0.46,32.1,83,2023 Pop w/Income Below Poverty Level (ACS 5-Yr): Percent,police_station_count,-0.009109953594668228
AW-71,13,US,64,BlockApportionment:US.BlockGroups;PointsLayer:US.BlockPoints,2.191,2.576,1,136,235,119,129,85.96,1.07,109,13,US,64,BlockApportionment:US.BlockGroups;PointsLayer:US.BlockPoints,2.191,2.576,1,24.49,4.08,11.92,23.68,1.45,6.22,0.58,34.78,86,87,0.6475,17.47,29.74,16.36,0,0,,,6,0,0,0,0,0,0,0,0,0,0,0,128,119,0,0,0,14,1673.63,134.1,0,0.0,790.82,1,597.16,347.51,1,0,0.0,819.78,5.37,1,0.0,0,0.0,0,100.0,1,0.0,0,0.0,4.97,70.69,2.66,21.67,5,79.48,49,71,1,33.78381422333334,-118.24059149,0,1,33.78597882935239,-118.23999051102228,detection_avg,0.6108324620847307,136,235,129,24.49,4.08,11.92,23.68,1.45,6.22,1.07,34.78,87,total_population,police_station_count,0.010222331659541721
AW-72,3,US,54,BlockApportionment:US.BlockGroups;PointsLayer:US.BlockPoints,2.191,2.576,1,195,5,162,0,20.0,0.0,9,3,US,54,BlockApportionment:US.BlockGroups;PointsLayer:US.BlockPoints,2.191,2.576,1,0.0,0.0,100.0,0.0,0.0,0.0,0.0,0.0,0,0,0.6475,17.47,29.74,16.36,0,0,,,0,0,0,0,0,0,0,0,0,0,0,0,3,3,0,0,0,31,3332.59,7.33,13,2589.82,7.33,3,844.22,146.04,2,4,1601.99,92.11,13.69,1,0.0,0,0.0,0,91.25,1,0.0,0,0.69,2.59,72.19,8.12,17.1,5,80.33,49,72,0,,,0,0,33.77819333094378,-118.23998287187972,reconstructed,0.5516203775633709,195,5,0,0.0,0.0,100.0,0.0,0.0,0.0,0.0,0.0,0,esri_market_idx_14068_forecast,la_geohub_fire_hazard_area_pct,-0.068267957136967
AX-24,25,US,876,BlockApportionment:US.BlockGroups;PointsLayer:US.BlockPoints,2.191,2.576,1,80,1760,90,64,19.43,4.04,128,25,US,876,BlockApportionment:US.BlockGroups;PointsLayer:US.BlockPoints,2.191,2.576,1,26.63,10.14,12.49,22.48,2.87,2.68,5.7,8.94,134,139,0.6475,17.47,29.74,16.36,0,0,,,0,1,0,0,0,0,0,0,0,0,0,0,46,48,0,0,0,17,1825.92,393.67,17,1825.92,393.67,0,0.0,981.75,3,2,572.49,414.09,0.0,0,0.0,0,0.0,0,100.0,1,0.0,0,10.8,33.27,46.55,3.89,16.28,5,59.34,50,24,0,,,0,0,34.151890440474695,-118.23224180692408,reconstructed,0.540751396164174,80,1760,64,26.63,10.14,12.49,22.48,2.87,2.68,4.04,8.94,139,2023 Pop 35-64: No Health Insurance (ACS 5-Yr): Percent,hospital_count,-0.012269353327108113
AX-25,46,US,847,BlockApportionment:US.BlockGroups;PointsLayer:US.BlockPoints,2.191,2.576,1,72,2504,73,162,31.19,3.44,101,46,US,847,BlockApportionment:US.BlockGroups;PointsLayer:US.BlockPoints,2.191,2.576,1,19.78,7.39,9.99,34.74,1.51,6.05,2.01,15.32,83,82,0.6475,17.47,29.74,16.36,0,0,,,23,0,0,0,0,1,0,0,0,0,0,1,63,72,0,0,0,63,6716.8,215.9,48,6145.39,215.9,0,0.0,1743.11,6,3,1420.28,277.58,0.0,0,0.0,0,0.0,0,100.0,1,0.0,0,4.82,18.76,65.92,2.07,13.25,5,74.7,50,25,0,,,1,0,34.14410494206609,-118.23223416778156,reconstructed,0.6051700858127574,72,2504,162,19.78,7.39,9.99,34.74,1.51,6.05,3.44,15.32,82,total_population,police_station_count,-0.00271635171824057
AX-26,25,US,826,BlockApportionment:US.BlockGroups;PointsLayer:US.BlockPoints,2.191,2.576,1,73,4749,83,100,23.96,1.21,109,25,US,826,BlockApportionment:US.BlockGroups;PointsLayer:US.BlockPoints,2.191,2.576,1,23.14,4.29,10.45,28.17,0.59,2.2,1.25,16.3,97,98,0.6475,17.47,29.74,16.36,0,0,,,0,0,0,0,0,0,0,0,0,0,0,0,101,115,0,0,0,10,2167.14,259.52,10,2167.14,259.52,0,0.0,2313.37,0,2,1430.27,260.49,0.0,0,0.0,0,0.0,0,100.0,1,0.0,0,7.79,30.97,53.27,1.95,13.81,5,64.95,50,26,0,,,0,0,34.136319443657484,-118.23222652863902,reconstructed,0.5706653426732388,73,4749,100,23.14,4.29,10.45,28.17,0.59,2.2,1.21,16.3,98,2023 Pop w/Income Below Poverty Level (ACS 5-Yr): Percent,fire_station_count,-0.0018661445155425305
AX-27,9,US,810,BlockApportionment:US.BlockGroups;PointsLayer:US.BlockPoints,2.191,2.576,1,60,2073,78,62,30.44,0.81,151,9,US,810,BlockApportionment:US.BlockGroups;PointsLayer:US.BlockPoints,2.191,2.576,1,18.81,5.26,7.11,30.34,1.96,2.54,0.73,17.99,139,143,0.6475,17.47,29.74,16.36,0,0,,,0,0,0,0,0,0,0,0,0,0,0,0,208,221,0,0,0,10,2061.32,237.95,10,2061.32,237.95,0,0.0,2171.39,0,2,1547.33,238.25,0.0,0,0.0,0,0.0,0,100.0,1,0.0,0,5.67,29.9,43.47,4.3,22.34,5,58.73,50,27,0,,,0,0,34.12853394524888,-118.23221888949648,reconstructed,0.5554989126998566,60,2073,62,18.81,5.26,7.11,30.34,1.96,2.54,0.81,17.99,143,2023 Pop w/Income Below Poverty Level (ACS 5-Yr): Percent,police_station_count,0.003522213707277211
AX-28,47,US,798,BlockApportionment:US.BlockGroups;PointsLayer:US.BlockPoints,2.191,2.576,1,92,1738,101,202,40.45,1.78,146,47,US,798,BlockApportionment:US.BlockGroups;PointsLayer:US.BlockPoints,2.191,2.576,1,16.21,1.59,6.24,24.41,2.04,3.09,2.56,21.82,133,135,0.6475,17.47,29.74,16.36,0,0,,,8,0,0,0,0,1,0,0,0,0,0,0,273,260,0,0,0,28,2956.39,102.66,28,2956.39,102.66,0,0.0,2100.48,4,2,1811.41,227.85,0.0,0,0.0,0,0.0,0,100.0,1,0.0,0,4.07,32.39,39.82,2.3,25.49,5,56.65,50,28,0,,,1,0,34.120748446840274,-118.23221125035394,reconstructed,0.5644698347282572,92,1738,202,16.21,1.59,6.24,24.41,2.04,3.09,1.78,21.82,135,2023 Pop w/Income Below Poverty Level (ACS 5-Yr): Percent,police_station_count,0.0041220078670985765
AX-29,33,US,784,BlockApportionment:US.BlockGroups;PointsLayer:US.BlockPoints,2.191,2.576,1,104,2316,112,183,48.96,2.02,138,33,US,784,BlockApportionment:US.BlockGroups;PointsLayer:US.BlockPoints,2.191,2.576,1,19.47,5.44,6.97,20.7,3.45,3.06,2.11,20.05,159,163,0.6475,17.47,29.74,16.36,0,0,,,19,0,0,0,0,0,0,1,0,0,0,1,216,258,0,1,1,6,769.98,386.74,6,769.98,386.74,0,0.0,1456.5,0,4,419.99,428.57,0.0,0,0.0,0,0.0,0,100.0,1,0.0,0,3.53,42.93,35.16,1.59,20.32,5,53.55,50,29,1,34.11493893,-118.23577547,0,1,34.11296294843167,-118.23220361121142,detection_avg,0.5805592724421919,104,2316,183,19.47,5.44,6.97,20.7,3.45,3.06,2.02,20.05,163,pct_below_poverty,lausd_school_site_count,0.007462701414423327
AX-30,15,US,766,BlockApportionment:US.BlockGroups;PointsLayer:US.BlockPoints,2.191,2.576,1,115,2677,124,190,65.22,0.85,116,15,US,766,BlockApportionment:US.BlockGroups;PointsLayer:US.BlockPoints,2.191,2.576,1,16.78,5.5,16.74,25.13,3.57,4.93,0.82,17.2,116,122,0.6475,17.47,29.74,16.36,0,0,,,0,0,0,0,0,0,0,0,0,0,0,0,342,359,0,0,0,0,0.0,622.75,0,0.0,1166.8,0,0.0,1022.61,0,0,0.0,1167.15,0.0,0,0.0,0,0.0,0,100.0,1,0.0,0,4.82,39.07,34.25,4.13,22.55,5,52.53,50,30,1,34.10661239,-118.23210529,0,1,34.105177450023064,-118.23219597206888,detection_avg,0.5948758872469996,115,2677,190,16.78,5.5,16.74,25.13,3.57,4.93,0.85,17.2,122,total_population,police_station_count,-0.002667541207612477
AX-31,41,US,742,BlockApportionment:US.BlockGroups;PointsLayer:US.BlockPoints,2.191,2.576,1,136,2038,125,110,71.44,1.65,105,41,US,742,BlockApportionment:US.BlockGroups;PointsLayer:US.BlockPoints,2.191,2.576,1,20.09,4.14,13.4,28.3,5.33,4.03,1.05,21.94,105,111,0.6475,17.47,29.74,16.36,0,0,,,24,0,1,0,0,0,0,0,1,0,0,0,248,266,0,0,0,11,753.22,215.62,0,0.0,1048.85,0,0.0,649.72,0,0,0.0,1116.19,0.0,0,0.0,0,0.0,0,100.0,1,0.0,0,3.36,29.86,42.76,4.59,22.79,5,58.92,50,31,0,,,0,0,34.09739195161446,-118.23218833292634,reconstructed,0.6068962759229,136,2038,110,20.09,4.14,13.4,28.3,5.33,4.03,1.65,21.94,111,2023 Pop w/Income Below Poverty Level (ACS 5-Yr): Percent,adult_recreation_count,0.007205409048570426
AX-32,12,US,713,BlockApportionment:US.BlockGroups;PointsLayer:US.BlockPoints,2.191,2.576,1,122,2253,127,90,61.21,2.0,98,12,US,713,BlockApportionment:US.BlockGroups;PointsLayer:US.BlockPoints,2.191,2.576,1,30.61,3.39,9.62,21.31,5.35,4.93,0.97,21.57,94,96,0.6475,17.47,29.74,16.36,0,0,,,9,0,0,0,0,0,0,0,0,0,0,0,163,177,0,0,0,5,676.34,285.42,0,0.0,507.37,1,966.39,121.22,0,0,0.0,509.76,10.78,1,10.77,1,0.0,0,100.0,1,0.0,0,2.07,17.41,53.62,5.69,23.28,5,66.91,50,32,0,,,0,0,34.08960645320585,-118.23218069378382,reconstructed,0.6024285683745945,122,2253,90,30.61,3.39,9.62,21.31,5.35,4.93,2.0,21.57,96,pct_below_poverty,la_geohub_100yr_flood_intersects,0.013308912358168555
AX-33,33,US,684,BlockApportionment:US.BlockGroups;PointsLayer:US.BlockPoints,2.191,2.576,1,161,371,136,40,50.4,1.27,93,33,US,684,BlockApportionment:US.BlockGroups;PointsLayer:US.BlockPoints,2.191,2.576,1,38.1,15.87,2.72,32.47,12.06,3.31,1.65,21.98,103,106,0.6475,17.47,29.74,16.36,0,0,,,0,0,0,0,0,0,0,0,0,0,0,0,43,42,0,0,0,39,5253.55,113.94,39,5253.55,113.94,1,427.25,378.61,2,2,1746.68,159.58,4.4,1,3.98,1,0.0,0,100.0,1,0.0,0,10.07,48.41,25.44,5.12,21.02,5,44.79,50,33,0,,,0,0,34.08182095479725,-118.23217305464128,reconstructed,0.5697313060788325,161,371,40,38.1,15.87,2.72,32.47,12.06,3.31,1.27,21.98,106,total_population,police_station_count,0.007897519691483713
AX-34,4,US,655,BlockApportionment:US.BlockGroups;PointsLayer:US.BlockPoints,2.191,2.576,1,227,1088,156,119,30.51,0.0,116,4,US,655,BlockApportionment:US.BlockGroups;PointsLayer:US.BlockPoints,2.191,2.576,1,27.11,12.89,17.67,23.94,7.87,2.73,0.89,7.65,96,104,0.6475,17.47,29.74,16.36,0,0,,,0,0,0,0,0,0,0,0,0,0,0,0,106,95,0,0,1,27,2442.75,17.89,27,2442.75,17.89,0,0.0,566.28,1,2,1835.02,17.17,2.41,1,0.0,0,0.0,0,100.0,1,0.0,0,17.9,59.21,18.42,4.48,17.9,2,37.52,50,34,0,,,0,0,34.07403545638865,-118.23216541549874,reconstructed,0.6277565266140848,227,1088,119,27.11,12.89,17.67,23.94,7.87,2.73,0.0,7.65,104,pct_below_poverty,lausd_school_site_count,-0.0057682368331528865
AX-35,24,US,625,BlockApportionment:US.BlockGroups;PointsLayer:US.BlockPoints,2.191,2.576,1,220,1268,153,179,38.25,0.08,104,24,US,625,BlockApportionment:US.BlockGroups;PointsLayer:US.BlockPoints,2.191,2.576,1,25.17,11.3,20.81,23.06,8.37,2.7,0.89,9.26,88,97,0.6475,17.47,29.74,16.36,0,0,,,33,0,0,0,0,2,1,0,0,0,0,0,191,203,0,0,1,19,2099.89,91.8,10,1221.18,325.61,0,0.0,674.86,8,3,539.19,372.63,0.0,0,0.0,0,0.0,0,100.0,1,0.0,0,2.3,22.83,51.5,3.72,21.95,5,65.36,50,35,1,34.066810725,-118.23128992,3,1,34.06624995798004,-118.23215777635622,detection_avg,0.6400115780244439,220,1268,179,25.17,11.3,20.81,23.06,8.37,2.7,0.08,9.26,97,pct_below_poverty,lausd_school_site_count,-0.00805031044267146
AX-36,44,US,595,BlockApportionment:US.BlockGroups;PointsLayer:US.BlockPoints,2.191,2.576,1,146,5822,61,229,49.73,3.53,68,44,US,595,BlockApportionment:US.BlockGroups;PointsLayer:US.BlockPoints,2.191,2.576,1,14.06,3.12,25.68,18.95,0.88,2.63,3.68,21.23,72,82,0.6475,17.47,29.74,16.36,0,0,,,41,0,0,0,0,1,0,0,0,0,1,0,93,89,0,0,0,14,709.21,390.83,0,0.0,585.91,1,117.51,462.17,0,0,0.0,702.8,1.03,1,0.94,1,0.0,0,100.0,1,0.0,0,0.71,8.51,75.71,2.48,13.3,5,82.78,50,36,1,34.061603559999995,-118.234185935,1,1,34.05846445957144,-118.23215013721368,detection_avg,0.6100845091944115,146,5822,229,14.06,3.12,25.68,18.95,0.88,2.63,3.53,21.23,82,pct_below_poverty,la_geohub_100yr_flood_intersects,-0.03539257179061768
AX-37,8,US,559,BlockApportionment:US.BlockGroups;PointsLayer:US.BlockPoints,2.191,2.576,1,140,897,48,60,47.27,3.32,142,8,US,559,BlockApportionment:US.BlockGroups;PointsLayer:US.BlockPoints,2.191,2.576,1,2.05,1.64,12.78,13.99,0.4,3.03,3.51,19.24,106,99,0.6475,17.47,29.74,16.36,0,0,,,30,0,0,0,0,0,0,0,0,0,0,0,60,54,0,0,2,61,6056.98,101.77,51,5374.01,101.77,1,655.33,278.37,7,9,3555.69,100.29,6.34,1,6.32,1,0.0,0,100.0,1,0.0,0,0.17,2.75,81.58,0.86,14.8,5,87.06,50,37,1,34.05424235,-118.23094004,0,1,34.05067896116283,-118.23214249807114,detection_avg,0.6102626080823911,140,897,60,2.05,1.64,12.78,13.99,0.4,3.03,3.32,19.24,99,pct_below_poverty,la_geohub_100yr_flood_intersects,0.0073809224091280785
AX-38,22,US,523,BlockApportionment:US.BlockGroups;PointsLayer:US.BlockPoints,2.191,2.576,1,231,2682,78,74,17.86,0.74,141,22,US,523,BlockApportionment:US.BlockGroups;PointsLayer:US.BlockPoints,2.191,2.576,1,7.19,2.66,11.42,25.09,0.1,3.29,1.07,3.54,135,132,0.6475,17.47,29.74,16.36,0,0,,,6,0,0,0,1,0,0,0,0,0,0,0,540,621,0,0,0,13,1149.1,275.22,0,0.0,940.71,1,793.02,228.63,7,0,0.0,954.28,6.65,1,6.64,1,0.0,0,100.0,1,0.0,0,0.18,3.01,83.01,0.35,13.63,5,88.05,50,38,1,34.04758125,-118.2289088,0,1,34.04289346275423,-118.23213485892862,detection_avg,0.6106984327667161,231,2682,74,7.19,2.66,11.42,25.09,0.1,3.29,0.74,3.54,132,2023 Pop w/Income Below Poverty Level (ACS 5-Yr): Percent,college_count,0.016695458715854653
AX-39,36,US,487,BlockApportionment:US.BlockGroups;PointsLayer:US.BlockPoints,2.191,2.576,1,399,1703,153,52,25.07,2.76,153,36,US,487,BlockApportionment:US.BlockGroups;PointsLayer:US.BlockPoints,2.191,2.576,1,7.82,0.0,4.39,29.67,0.0,4.7,3.05,8.36,161,156,0.6475,17.47,29.74,16.36,0,0,,,30,0,0,0,0,1,0,0,0,0,0,0,671,751,0,0,3,10,827.66,150.32,0,0.0,818.9,2,448.18,390.45,9,0,0.0,943.71,3.17,1,3.14,1,0.0,0,100.0,1,0.0,0,0.17,2.07,91.9,0.0,6.03,5,94.28,50,39,0,,,1,0,34.03510796434562,-118.23212721978608,reconstructed,0.6112127075341802,399,1703,52,7.82,0.0,4.39,29.67,0.0,4.7,2.76,8.36,156,total_crime_est,police_station_count,-0.010002264704044946
AX-40,1,US,452,BlockApportionment:US.BlockGroups;PointsLayer:US.BlockPoints,2.191,2.576,1,452,472,187,57,25.85,2.7,172,1,US,452,BlockApportionment:US.BlockGroups;PointsLayer:US.BlockPoints,2.191,2.576,1,6.9,0.0,6.22,35.11,0.0,0.0,3.93,0.0,162,162,0.6475,17.47,29.74,16.36,0,0,,,30,0,1,0,0,0,0,0,0,0,0,0,415,413,0,0,0,40,5468.83,46.18,40,5468.83,46.18,0,0.0,554.18,1,3,1940.67,140.57,0.0,0,0.0,0,0.0,0,100.0,1,0.0,0,0.35,2.65,95.76,0.0,1.59,5,96.93,50,40,1,34.02729684,-118.23307811666666,0,1,34.02732246593702,-118.23211958064354,detection_avg,0.6138457768253069,452,472,57,6.9,0.0,6.22,35.11,0.0,0.0,2.7,0.0,162,total_crime_est,police_station_count,-0.008375566486177247
AX-41,16,US,417,BlockApportionment:US.BlockGroups;PointsLayer:US.BlockPoints,2.191,2.576,1,452,44,187,100,25.0,4.17,253,16,US,417,BlockApportionment:US.BlockGroups;PointsLayer:US.BlockPoints,2.191,2.576,1,0.0,0.0,6.45,0.0,0.0,0.0,3.45,0.0,323,504,0.6475,17.47,29.74,16.36,0,0,,,6,0,0,0,0,0,0,0,0,0,0,0,256,236,0,0,0,8,956.86,170.49,0,0.0,508.49,0,0.0,715.92,0,0,0.0,617.05,0.0,0,0.0,0,0.0,0,100.0,1,0.0,0,0.17,2.42,92.75,0.0,4.84,5,94.87,50,41,1,34.023361875714286,-118.23399728928572,0,1,34.01953696752841,-118.23211194150102,detection_avg,0.5856023326863191,452,44,100,0.0,0.0,6.45,0.0,0.0,0.0,4.17,0.0,504,total_population,police_station_count,0.013967534131447131
AX-42,31,US,382,BlockApportionment:US.BlockGroups;PointsLayer:US.BlockPoints,2.191,2.576,1,452,74,187,62,25.68,4.17,190,31,US,382,BlockApportionment:US.BlockGroups;PointsLayer:US.BlockPoints,2.191,2.576,1,7.5,0.0,6.45,37.5,0.0,0.0,3.45,0.0,162,159,0.6475,17.47,29.74,16.36,0,0,,,18,0,0,0,0,0,0,0,0,0,0,0,115,108,0,0,0,0,0.0,583.99,0,0.0,1185.54,0,0.0,875.42,1,0,0.0,1389.59,0.0,0,0.0,0,0.0,0,100.0,1,0.0,0,0.18,1.06,95.58,0.35,3.01,5,96.85,50,42,1,34.01617037666667,-118.23050237333332,0,1,34.01175146911981,-118.23210430235848,detection_avg,0.5609717853502025,452,74,62,7.5,0.0,6.45,37.5,0.0,0.0,4.17,0.0,159,total_population,police_station_count,0.013342423576416329
AX-43,0,US,351,BlockApportionment:US.BlockGroups;PointsLayer:US.BlockPoints,2.191,2.576,1,569,32,319,183,78.12,0.0,75,0,US,351,BlockApportionment:US.BlockGroups;PointsLayer:US.BlockPoints,2.191,2.576,1,30.0,0.0,1.67,11.11,0.0,0.0,0.0,29.03,62,56,0.6475,17.47,29.74,16.36,0,0,,,39,0,1,0,0,0,0,0,0,0,0,0,16,10,0,0,1,6,981.12,202.26,0,0.0,1956.85,0,0.0,1222.25,0,0,0.0,2174.85,0.0,0,0.0,0,0.0,0,100.0,1,0.0,0,0.0,1.78,95.03,0.36,2.84,5,96.52,50,43,0,,,0,0,34.0039659707112,-118.23209666321594,reconstructed,0.5523351928023693,569,32,183,30.0,0.0,1.67,11.11,0.0,0.0,0.0,29.03,56,total_population,police_station_count,0.014221376953141684
AX-44,21,US,322,BlockApportionment:US.BlockGroups;PointsLayer:US.BlockPoints,2.191,2.576,1,366,120,194,157,94.17,0.0,50,21,US,322,BlockApportionment:US.BlockGroups;PointsLayer:US.BlockPoints,2.191,2.576,1,22.22,25.0,0.0,20.0,0.0,4.17,0.0,24.07,47,49,0.6475,17.47,29.74,16.36,0,0,,,0,0,0,0,0,0,0,0,0,0,0,0,22,21,0,0,0,0,0.0,611.89,0,0.0,2783.58,0,0.0,1793.63,0,0,0.0,2991.78,0.0,0,0.0,0,0.0,0,100.0,1,0.0,0,0.0,1.21,95.17,0.86,2.76,5,96.62,50,44,0,,,0,0,33.9961804723026,-118.2320890240734,reconstructed,0.586151449061251,366,120,157,22.22,25.0,0.0,20.0,0.0,4.17,0.0,24.07,49,total_population,police_station_count,0.012410441760800025
AX-45,44,US,295,BlockApportionment:US.BlockGroups;PointsLayer:US.BlockPoints,2.191,2.576,1,208,802,122,107,93.52,1.17,90,44,US,295,BlockApportionment:US.BlockGroups;PointsLayer:US.BlockPoints,2.191,2.576,1,57.45,0.71,2.13,5.0,6.89,11.48,0.0,8.54,90,94,0.6475,17.47,29.74,16.36,0,0,,,10,0,0,0,0,0,0,0,0,0,0,0,35,29,0,0,0,16,874.59,107.96,0,0.0,3628.03,0,0.0,2464.98,4,0,0.0,3827.76,0.0,0,0.0,0,0.0,0,100.0,1,0.0,0,0.0,0.89,94.5,0.71,3.9,5,96.15,50,45,0,,,0,0,33.98839497389399,-118.23208138493088,reconstructed,0.5969608081918849,208,802,107,57.45,0.71,2.13,5.0,6.89,11.48,1.17,8.54,94,pct_below_poverty,library_count,-0.0050419970471365086
AX-50,23,US,174,BlockApportionment:US.BlockGroups;PointsLayer:US.BlockPoints,2.191,2.576,1,203,3924,200,186,82.77,0.5,77,23,US,174,BlockApportionment:US.BlockGroups;PointsLayer:US.BlockPoints,2.191,2.576,1,37.37,8.64,21.63,28.21,9.59,6.82,0.63,16.4,75,76,0.6475,17.47,29.74,16.36,0,0,,,0,0,0,0,0,0,0,0,0,0,0,0,95,82,0,1,1,6,903.72,227.34,0,0.0,2457.99,0,0.0,2682.58,1,0,0.0,2462.08,0.0,0,0.0,0,0.0,0,100.0,1,0.0,0,0.18,11.37,69.27,1.24,18.12,5,78.44,50,50,0,,,0,0,33.94946748185097,-118.2320431892182,reconstructed,0.642771125975607,203,3924,186,37.37,8.64,21.63,28.21,9.59,6.82,0.5,16.4,76,pct_below_poverty,lausd_school_site_count,-0.007996617860568246
AX-51,5,US,156,BlockApportionment:US.BlockGroups;PointsLayer:US.BlockPoints,2.191,2.576,1,235,4569,228,376,77.85,0.58,64,5,US,156,BlockApportionment:US.BlockGroups;PointsLayer:US.BlockPoints,2.191,2.576,1,34.78,16.17,25.29,23.57,4.14,6.63,0.45,21.89,55,53,0.6475,17.47,29.74,16.36,0,0,,,12,0,0,0,0,3,0,0,0,0,0,0,107,105,0,0,5,4,419.36,385.31,0,0.0,1595.12,0,0.0,2263.11,2,0,0.0,1626.87,0.0,0,0.0,0,0.0,0,100.0,1,0.0,0,0.0,8.79,67.24,1.9,22.07,5,77.07,50,51,0,,,3,0,33.941681983442365,-118.23203555007568,reconstructed,0.6098798362970912,235,4569,376,34.78,16.17,25.29,23.57,4.14,6.63,0.58,21.89,53,pct_below_poverty,lausd_school_site_count,0.018752547810543106
AX-52,43,US,144,BlockApportionment:US.BlockGroups;PointsLayer:US.BlockPoints,2.191,2.576,1,169,6101,183,207,80.68,1.75,66,43,US,144,BlockApportionment:US.BlockGroups;PointsLayer:US.BlockPoints,2.191,2.576,1,32.4,10.09,20.47,28.31,7.7,8.74,1.25,25.89,58,57,0.6475,17.47,29.74,16.36,0,0,,,0,0,0,0,0,0,1,0,0,0,0,0,166,138,0,1,0,0,0.0,513.86,0,0.0,736.37,0,0.0,2096.91,1,0,0.0,798.84,0.0,0,0.0,0,0.0,0,100.0,1,0.0,0,0.53,17.2,65.25,1.06,16.49,5,75.52,50,52,0,,,1,0,33.93389648503376,-118.23202791093314,reconstructed,0.6621062533845284,169,6101,207,32.4,10.09,20.47,28.31,7.7,8.74,1.75,25.89,57,2023 Pop 35-64: No Health Insurance (ACS 5-Yr): Percent,affordable_housing_count,-0.004554295376471238
AX-53,32,US,133,BlockApportionment:US.BlockGroups;PointsLayer:US.BlockPoints,2.191,2.576,1,223,5743,201,362,73.95,1.71,44,32,US,133,BlockApportionment:US.BlockGroups;PointsLayer:US.BlockPoints,2.191,2.576,1,38.91,28.64,37.17,44.84,11.32,7.14,1.91,22.71,47,48,0.6475,17.47,29.74,16.36,0,0,,,12,0,0,0,0,0,0,1,0,0,1,1,65,50,0,1,0,34,3902.8,9.17,18,2583.78,9.17,0,0.0,1860.35,0,2,1818.7,9.62,0.0,0,0.0,0,0.0,0,100.0,1,0.0,0,2.42,16.58,60.1,3.11,20.21,5,71.34,50,53,1,33.93121379,-118.23084139,0,1,33.926110986625154,-118.2320202717906,detection_avg,0.6566154928237692,223,5743,362,38.91,28.64,37.17,44.84,11.32,7.14,1.71,22.71,48,pct_below_poverty,library_count,0.011938600785651192
AX-54,23,US,124,BlockApportionment:US.BlockGroups;PointsLayer:US.BlockPoints,2.191,2.576,1,231,3000,265,188,70.93,1.1,55,23,US,124,BlockApportionment:US.BlockGroups;PointsLayer:US.BlockPoints,2.191,2.576,1,35.58,14.83,21.79,29.14,13.3,6.85,0.19,21.51,57,57,0.6475,17.47,29.74,16.36,0,0,,,4,0,0,0,0,0,1,0,0,0,0,0,28,31,0,0,0,0,0.0,740.36,0,0.0,869.89,0,0.0,1668.05,0,0,0.0,871.16,0.0,0,0.0,0,0.0,0,100.0,1,0.0,0,3.54,24.25,53.63,1.95,20.18,5,66.48,50,54,0,,,1,0,33.918325488216546,-118.23201263264808,reconstructed,0.5990742137692321,231,3000,188,35.58,14.83,21.79,29.14,13.3,6.85,1.1,21.51,57,2023 Pop w/Income Below Poverty Level (ACS 5-Yr): Percent,police_station_count,-0.004372295496662898
AX-70,24,US,75,BlockApportionment:US.BlockGroups;PointsLayer:US.BlockPoints,2.191,2.576,1,0,0,0,0,0.0,0.0,0,24,US,75,BlockApportionment:US.BlockGroups;PointsLayer:US.BlockPoints,2.191,2.576,1,0.0,0.0,0.0,0.0,0.0,0.0,0.0,0.0,0,0,0.6475,17.47,29.74,16.36,0,0,,,0,0,0,0,0,0,0,0,0,0,0,0,5,6,0,0,0,17,953.75,390.43,17,953.75,390.43,1,726.6,305.57,0,2,1025.16,389.81,10.58,1,0.0,0,0.0,0,100.0,1,0.0,0,0.36,1.6,77.05,4.98,16.37,5,83.83,50,70,0,,,0,0,33.79375751367887,-118.23189040636754,reconstructed,0.5238781249112864,0,0,0,0.0,0.0,0.0,0.0,0.0,0.0,0.0,0.0,0,total_crime_est,police_station_count,0.01563103795160291
AX-71,14,US,65,BlockApportionment:US.BlockGroups;PointsLayer:US.BlockPoints,2.191,2.576,1,195,4,162,0,25.0,0.0,9,14,US,65,BlockApportionment:US.BlockGroups;PointsLayer:US.BlockPoints,2.191,2.576,1,0.0,0.0,100.0,0.0,0.0,0.0,0.0,0.0,0,0,0.6475,17.47,29.74,16.36,0,0,,,0,0,0,0,0,0,0,0,0,0,0,0,8,8,0,0,0,4,158.9,449.57,4,158.9,449.57,1,895.49,89.11,0,1,14.99,463.58,8.28,1,0.0,0,0.0,0,100.0,1,0.0,0,0.53,2.49,74.96,2.66,19.89,5,82.31,50,71,0,,,0,0,33.78597201527026,-118.231882767225,reconstructed,0.5409453197165742,195,4,0,0.0,0.0,100.0,0.0,0.0,0.0,0.0,0.0,0,total_population,police_station_count,0.014822066752333678
AX-72,4,US,55,BlockApportionment:US.BlockGroups;PointsLayer:US.BlockPoints,2.191,2.576,1,0,0,0,0,0.0,0.0,0,4,US,55,BlockApportionment:US.BlockGroups;PointsLayer:US.BlockPoints,2.191,2.576,1,0.0,0.0,0.0,0.0,0.0,0.0,0.0,0.0,0,0,0.6475,17.47,29.74,16.36,0,0,,,6,0,0,0,0,0,0,0,0,0,0,0,47,50,0,0,0,5,1863.06,236.65,5,1863.06,236.65,0,0.0,517.24,0,2,1862.3,236.51,0.0,0,0.0,0,0.0,0,100.0,1,0.0,0,0.17,2.08,80.97,1.21,15.74,5,86.63,50,72,0,,,0,0,33.77818651686166,-118.23187512808246,reconstructed,0.5321089626731543,0,0,0,0.0,0.0,0.0,0.0,0.0,0.0,0.0,0.0,0,total_crime_est,police_station_count,0.01563103795160291
AY-24,26,US,877,BlockApportionment:US.BlockGroups;PointsLayer:US.BlockPoints,2.191,2.576,1,103,524,99,174,25.57,3.99,98,26,US,877,BlockApportionment:US.BlockGroups;PointsLayer:US.BlockPoints,2.191,2.576,1,12.12,6.06,6.65,10.0,0.36,8.54,6.27,5.04,97,96,0.6475,17.47,29.74,16.36,0,0,,,0,0,0,0,0,1,0,0,0,0,0,0,12,11,0,2,0,79,8580.98,78.68,79,8580.98,78.68,0,0.0,1783.18,1,4,2317.8,138.01,0.0,0,0.0,0,0.0,0,100.0,1,0.0,0,9.2,38.23,27.79,1.77,32.21,4,46.69,51,24,0,,,1,0,34.151883626392575,-118.2241340631268,reconstructed,0.5896087835862625,103,524,174,12.12,6.06,6.65,10.0,0.36,8.54,3.99,5.04,96,total_population,police_station_count,0.005618989736486256
AY-25,47,US,848,BlockApportionment:US.BlockGroups;PointsLayer:US.BlockPoints,2.191,2.576,1,97,1294,116,90,30.29,2.91,148,47,US,848,BlockApportionment:US.BlockGroups;PointsLayer:US.BlockPoints,2.191,2.576,1,18.4,2.79,9.08,44.23,0.86,4.39,2.94,13.71,133,135,0.6475,17.47,29.74,16.36,0,0,,,33,0,0,0,0,0,0,0,0,0,0,0,263,263,0,0,0,65,7238.45,23.3,44,6217.24,271.56,0,0.0,1871.96,8,4,1872.27,344.44,0.0,0,0.0,0,0.0,0,100.0,1,0.0,0,4.42,26.02,52.74,3.19,18.05,5,65.59,51,25,1,34.14127027,-118.22267837,0,1,34.144098127983966,-118.22412642398427,detection_avg,0.5843819152521676,97,1294,90,18.4,2.79,9.08,44.23,0.86,4.39,2.91,13.71,135,2023 Pop w/Income Below Poverty Level (ACS 5-Yr): Percent,police_station_count,0.0020934871516909218
AY-26,26,US,827,BlockApportionment:US.BlockGroups;PointsLayer:US.BlockPoints,2.191,2.576,1,73,1701,95,100,31.57,3.13,183,26,US,827,BlockApportionment:US.BlockGroups;PointsLayer:US.BlockPoints,2.191,2.576,1,23.29,3.51,5.69,29.31,1.79,2.25,2.79,10.52,159,158,0.6475,17.47,29.74,16.36,0,0,,,0,0,0,0,0,0,0,0,0,0,0,0,141,126,0,0,0,0,0.0,529.49,0,0.0,529.49,0,0.0,1468.6,0,0,0.0,527.25,0.0,0,0.0,0,0.0,0,100.0,1,0.0,0,6.22,47.32,23.49,4.32,24.87,3,44.58,51,26,0,,,0,0,34.136312629575364,-118.22411878484176,reconstructed,0.5272020009071123,73,1701,100,23.29,3.51,5.69,29.31,1.79,2.25,3.13,10.52,158,2023 Pop w/Income Below Poverty Level (ACS 5-Yr): Percent,police_station_count,0.00445669639119784
AY-27,10,US,811,BlockApportionment:US.BlockGroups;PointsLayer:US.BlockPoints,2.191,2.576,1,68,3142,90,62,31.32,3.11,131,10,US,811,BlockApportionment:US.BlockGroups;PointsLayer:US.BlockPoints,2.191,2.576,1,25.25,4.39,6.9,28.63,4.14,2.54,3.88,9.93,124,124,0.6475,17.47,29.74,16.36,0,0,,,12,0,0,0,0,1,2,0,0,0,0,0,366,368,0,0,1,8,760.65,374.03,8,760.65,374.03,0,0.0,1505.93,8,2,473.87,413.45,0.0,0,0.0,0,0.0,0,100.0,1,0.0,0,3.54,27.96,41.77,4.78,25.49,5,58.18,51,27,1,34.12326667,-118.22172472,3,1,34.12852713116676,-118.2241111456992,detection_avg,0.5599257908224214,68,3142,62,25.25,4.39,6.9,28.63,4.14,2.54,3.11,9.93,124,pct_below_poverty,lausd_school_site_count,0.007480408287750148
AY-28,48,US,799,BlockApportionment:US.BlockGroups;PointsLayer:US.BlockPoints,2.191,2.576,1,75,2417,93,98,41.79,8.41,131,48,US,799,BlockApportionment:US.BlockGroups;PointsLayer:US.BlockPoints,2.191,2.576,1,35.46,4.64,11.74,18.43,1.99,5.91,6.59,15.95,119,121,0.6475,17.47,29.74,16.36,0,0,,,16,0,0,0,0,0,1,0,0,0,0,0,379,408,0,0,0,0,0.0,615.2,0,0.0,615.2,0,0.0,1968.39,3,0,0.0,614.67,0.0,0,0.0,0,0.0,0,100.0,1,0.0,0,3.28,26.42,47.15,2.25,24.18,5,62.02,51,28,0,,,1,0,34.120741632758154,-118.22410350655667,reconstructed,0.5548218295612617,75,2417,98,35.46,4.64,11.74,18.43,1.99,5.91,8.41,15.95,121,total_population,police_station_count,-0.002732882542456753
AY-29,34,US,785,BlockApportionment:US.BlockGroups;PointsLayer:US.BlockPoints,2.191,2.576,1,101,2158,124,164,47.36,2.44,146,34,US,785,BlockApportionment:US.BlockGroups;PointsLayer:US.BlockPoints,2.191,2.576,1,9.36,0.35,8.34,30.08,2.18,2.35,1.51,10.17,130,135,0.6475,17.47,29.74,16.36,0,0,,,0,0,0,0,0,0,0,0,0,0,0,0,193,173,0,0,0,0,0.0,1156.07,0,0.0,1156.07,0,0.0,1873.37,0,0,0.0,1200.23,0.0,0,0.0,0,0.0,0,100.0,1,0.0,0,10.8,59.82,16.46,4.07,19.65,3,38.28,51,29,0,,,0,0,34.11295613434955,-118.22409586741416,reconstructed,0.5493444931181216,101,2158,164,9.36,0.35,8.34,30.08,2.18,2.35,2.44,10.17,135,total_population,police_station_count,-0.002728435540254727
AY-30,16,US,767,BlockApportionment:US.BlockGroups;PointsLayer:US.BlockPoints,2.191,2.576,1,91,1221,97,107,34.23,2.26,143,16,US,767,BlockApportionment:US.BlockGroups;PointsLayer:US.BlockPoints,2.191,2.576,1,13.18,0.0,16.58,14.5,4.92,4.91,1.74,11.65,138,143,0.6475,17.47,29.74,16.36,0,0,,,0,0,0,0,0,0,0,0,0,0,0,0,145,153,0,0,0,0,0.0,1076.94,0,0.0,1868.93,0,0.0,1354.84,1,0,0.0,1887.62,0.0,0,0.0,0,0.0,0,100.0,1,0.0,0,15.89,55.09,20.55,4.32,20.03,3,39.62,51,30,0,,,0,0,34.105170635940944,-118.2240882282716,reconstructed,0.5399099548167039,91,1221,107,13.18,0.0,16.58,14.5,4.92,4.91,2.26,11.65,143,pct_below_poverty,lausd_school_site_count,0.002619456779259266
AY-31,42,US,743,BlockApportionment:US.BlockGroups;PointsLayer:US.BlockPoints,2.191,2.576,1,118,3027,125,100,76.64,0.77,111,42,US,743,BlockApportionment:US.BlockGroups;PointsLayer:US.BlockPoints,2.191,2.576,1,24.18,3.38,13.85,26.95,6.7,4.86,0.64,19.39,122,125,0.6475,17.47,29.74,16.36,0,0,,,8,0,0,1,0,1,0,0,0,0,0,0,256,280,0,0,1,0,0.0,575.34,0,0.0,1210.87,0,0.0,739.42,3,0,0.0,1230.12,0.0,0,0.0,0,0.0,0,100.0,1,0.0,0,7.61,37.88,47.08,1.95,13.1,5,60.67,51,31,0,,,1,0,34.09738513753234,-118.22408058912907,reconstructed,0.5990868070796869,118,3027,100,24.18,3.38,13.85,26.95,6.7,4.86,0.77,19.39,125,total_population,police_station_count,-0.0025327092279894235
AY-32,13,US,714,BlockApportionment:US.BlockGroups;PointsLayer:US.BlockPoints,2.191,2.576,1,161,2454,119,195,81.13,1.91,79,13,US,714,BlockApportionment:US.BlockGroups;PointsLayer:US.BlockPoints,2.191,2.576,1,23.93,2.54,23.82,33.22,8.92,9.95,1.48,20.74,82,86,0.6475,17.47,29.74,16.36,0,0,,,39,0,0,0,0,0,1,1,0,0,0,0,253,232,0,0,4,15,1143.21,193.67,3,137.67,466.95,1,281.88,417.79,3,1,34.46,486.01,2.91,1,2.95,1,0.0,0,100.0,1,0.0,0,4.43,15.6,68.26,3.55,12.59,5,76.45,51,32,1,34.08615889666667,-118.22463327333332,1,1,34.08959963912373,-118.22407294998654,detection_avg,0.6524675123459981,161,2454,195,23.93,2.54,23.82,33.22,8.92,9.95,1.91,20.74,86,pct_below_poverty,la_geohub_100yr_flood_intersects,-0.03271817176676758
AY-33,34,US,685,BlockApportionment:US.BlockGroups;PointsLayer:US.BlockPoints,2.191,2.576,1,213,1233,137,76,53.12,0.0,114,34,US,685,BlockApportionment:US.BlockGroups;PointsLayer:US.BlockPoints,2.191,2.576,1,25.57,3.5,15.63,38.78,5.83,4.27,0.0,15.16,79,93,0.6475,17.47,29.74,16.36,0,0,,,9,0,0,0,0,0,0,0,0,0,0,0,124,140,0,0,0,74,9619.53,134.13,59,8892.21,134.13,2,1410.14,124.28,2,6,3568.93,169.87,6.37,1,6.11,1,0.0,0,100.0,1,0.0,0,3.1,17.04,69.54,2.07,11.36,5,77.75,51,33,1,34.07819915166667,-118.22218125333332,0,1,34.08181414071513,-118.224065310844,detection_avg,0.6199758967733608,213,1233,76,25.57,3.5,15.63,38.78,5.83,4.27,0.0,15.16,93,total_crime_est,affordable_housing_count,-0.004460924609959684
AY-34,5,US,656,BlockApportionment:US.BlockGroups;PointsLayer:US.BlockPoints,2.191,2.576,1,181,1012,141,76,65.22,1.15,54,5,US,656,BlockApportionment:US.BlockGroups;PointsLayer:US.BlockPoints,2.191,2.576,1,30.0,4.29,20.45,36.75,17.5,3.12,0.81,15.79,63,68,0.6475,17.47,29.74,16.36,0,0,,,15,0,0,0,0,3,0,1,0,0,0,0,124,110,0,0,3,24,1771.64,97.38,6,756.63,388.48,1,875.13,100.9,4,2,415.32,421.83,19.61,1,7.4,1,0.0,0,100.0,1,0.0,0,3.55,17.94,65.72,3.2,13.14,5,74.94,51,34,1,34.075088595,-118.22384877,3,1,34.07402864230652,-118.22405767170147,detection_avg,0.6423490982973403,181,1012,76,30.0,4.29,20.45,36.75,17.5,3.12,1.15,15.79,68,pct_below_poverty,la_geohub_100yr_flood_intersects,-0.023090281814273694
AY-35,25,US,626,BlockApportionment:US.BlockGroups;PointsLayer:US.BlockPoints,2.191,2.576,1,186,1407,143,319,67.52,0.5,51,25,US,626,BlockApportionment:US.BlockGroups;PointsLayer:US.BlockPoints,2.191,2.576,1,16.09,2.3,28.68,26.79,13.45,3.77,0.61,15.89,66,67,0.6475,17.47,29.74,16.36,0,0,,,15,0,0,0,0,2,0,0,0,0,0,0,137,149,0,0,2,0,0.0,669.23,0,0.0,693.28,1,833.5,176.27,0,0,0.0,694.75,77.09,1,6.64,1,0.0,0,100.0,1,0.0,0,0.86,4.99,76.25,2.24,16.52,5,83.12,51,35,0,,,2,0,34.06624314389792,-118.22405003255894,reconstructed,0.6108730786876257,186,1407,319,16.09,2.3,28.68,26.79,13.45,3.77,0.5,15.89,67,pct_below_poverty,la_geohub_100yr_flood_intersects,-0.03557730463016929
AY-36,45,US,596,BlockApportionment:US.BlockGroups;PointsLayer:US.BlockPoints,2.191,2.576,1,142,24,129,217,83.33,0.0,63,45,US,596,BlockApportionment:US.BlockGroups;PointsLayer:US.BlockPoints,2.191,2.576,1,50.0,0.0,17.19,0.0,6.12,9.38,0.0,12.24,74,85,0.6475,17.47,29.74,16.36,0,0,,,30,0,0,0,0,0,0,0,0,0,0,0,66,52,0,0,0,40,5462.62,126.91,23,3985.67,265.36,1,672.74,233.2,0,7,3020.02,267.19,39.55,1,5.48,1,0.0,0,100.0,1,0.0,0,0.35,8.69,59.57,1.42,30.32,5,71.59,51,36,1,34.05490791,-118.22390925,0,1,34.05845764548931,-118.2240423934164,detection_avg,0.6136805539315734,142,24,217,50.0,0.0,17.19,0.0,6.12,9.38,0.0,12.24,85,total_population,police_station_count,0.014391806290396086
AY-37,9,US,560,BlockApportionment:US.BlockGroups;PointsLayer:US.BlockPoints,2.191,2.576,1,183,4319,148,162,81.52,0.54,71,9,US,560,BlockApportionment:US.BlockGroups;PointsLayer:US.BlockPoints,2.191,2.576,1,25.55,9.07,35.23,27.64,6.63,9.05,0.42,17.06,78,78,0.6475,17.47,29.74,16.36,0,0,,,18,0,0,0,0,1,1,1,0,0,0,0,299,277,0,3,3,37,4175.81,147.02,37,4175.81,147.02,0,0.0,544.02,4,3,2063.46,155.77,0.0,0,0.0,0,0.0,0,100.0,1,0.0,0,2.07,16.72,65.17,1.03,17.07,5,75.0,51,37,1,34.047690085,-118.2256830425,2,1,34.05067214708071,-118.22403475427387,detection_avg,0.6936412551440482,183,4319,162,25.55,9.07,35.23,27.64,6.63,9.05,0.54,17.06,78,pct_below_poverty,library_count,0.009290764840551413
AY-38,23,US,524,BlockApportionment:US.BlockGroups;PointsLayer:US.BlockPoints,2.191,2.576,1,266,1885,151,217,76.07,1.28,65,23,US,524,BlockApportionment:US.BlockGroups;PointsLayer:US.BlockPoints,2.191,2.576,1,44.74,5.51,20.12,21.43,6.36,6.01,0.93,20.53,77,80,0.6475,17.47,29.74,16.36,0,0,,,0,0,0,0,0,0,0,1,0,0,1,0,226,198,0,0,1,32,4420.13,187.12,21,2946.25,210.87,2,300.96,426.34,2,4,2077.03,213.79,2.0,1,2.04,1,0.0,0,100.0,1,0.0,0,0.53,8.7,77.09,2.31,11.9,5,83.8,51,38,1,34.04364675333333,-118.22505582,0,1,34.0428866486721,-118.22402711513134,detection_avg,0.6434606290572339,266,1885,217,44.74,5.51,20.12,21.43,6.36,6.01,1.28,20.53,80,pct_below_poverty,la_geohub_100yr_flood_intersects,-0.021870490542748453
AY-39,37,US,488,BlockApportionment:US.BlockGroups;PointsLayer:US.BlockPoints,2.191,2.576,1,287,79,151,250,75.95,1.56,63,37,US,488,BlockApportionment:US.BlockGroups;PointsLayer:US.BlockPoints,2.191,2.576,1,50.0,0.0,18.07,25.0,5.56,4.82,1.56,22.22,101,103,0.6475,17.47,29.74,16.36,0,0,,,12,0,0,0,0,0,0,0,0,0,0,0,110,117,0,0,0,66,8846.89,151.75,64,8775.31,151.75,2,799.21,262.47,2,16,4079.97,150.96,6.17,1,6.18,1,0.0,0,100.0,1,0.0,0,0.35,11.7,69.5,1.06,17.73,5,78.54,51,39,1,34.03381074,-118.22026829,0,1,34.0351011502635,-118.2240194759888,detection_avg,0.5890934972799652,287,79,250,50.0,0.0,18.07,25.0,5.56,4.82,1.56,22.22,103,pct_below_poverty,la_geohub_100yr_flood_intersects,-0.013577950293446866
AY-40,2,US,453,BlockApportionment:US.BlockGroups;PointsLayer:US.BlockPoints,2.191,2.576,1,300,494,154,240,71.66,1.39,67,2,US,453,BlockApportionment:US.BlockGroups;PointsLayer:US.BlockPoints,2.191,2.576,1,50.0,2.58,18.18,19.68,5.59,5.19,1.12,20.72,82,87,0.6475,17.47,29.74,16.36,0,0,,,24,0,0,0,0,1,0,0,0,0,0,0,130,113,0,0,1,17,1120.43,382.48,7,678.28,426.49,1,880.23,100.55,1,3,223.12,442.72,0.02,1,0.02,1,0.0,0,100.0,1,0.0,0,0.0,2.59,83.62,0.34,13.45,5,88.53,51,40,0,,,1,0,34.02731565185489,-118.22401183684627,reconstructed,0.5909616148297229,300,494,240,50.0,2.58,18.18,19.68,5.59,5.19,1.39,20.72,87,pct_below_poverty,la_geohub_100yr_flood_intersects,-0.014045454315850431
AY-41,17,US,418,BlockApportionment:US.BlockGroups;PointsLayer:US.BlockPoints,2.191,2.576,1,0,0,0,0,0.0,0.0,0,17,US,418,BlockApportionment:US.BlockGroups;PointsLayer:US.BlockPoints,2.191,2.576,1,0.0,0.0,0.0,0.0,0.0,0.0,0.0,0.0,0,0,0.6475,17.47,29.74,16.36,0,0,,,6,0,0,0,0,0,0,0,0,0,0,0,82,69,0,0,0,21,1682.78,7.4,0,0.0,1183.43,1,887.64,59.79,2,0,0.0,1290.62,0.0,0,0.0,0,0.0,0,100.0,1,0.0,0,0.0,5.32,77.3,0.53,16.84,5,84.11,51,41,0,,,0,0,34.01953015344629,-118.22400419770374,reconstructed,0.535161594998227,0,0,0,0.0,0.0,0.0,0.0,0.0,0.0,0.0,0.0,0,total_crime_est,police_station_count,0.01563103795160291
AY-42,32,US,383,BlockApportionment:US.BlockGroups;PointsLayer:US.BlockPoints,2.191,2.576,1,0,0,0,0,0.0,0.0,0,32,US,383,BlockApportionment:US.BlockGroups;PointsLayer:US.BlockPoints,2.191,2.576,1,0.0,0.0,0.0,0.0,0.0,0.0,0.0,0.0,0,0,0.6475,17.47,29.74,16.36,0,0,,,6,0,0,0,0,0,0,0,0,0,0,0,5,4,0,0,0,0,0.0,721.32,0,0.0,1974.01,1,549.59,363.05,1,0,0.0,2111.41,0.0,0,0.0,0,0.0,0,100.0,1,0.0,0,0.0,4.31,89.14,0.34,6.21,5,92.4,51,42,0,,,0,0,34.01174465503769,-118.2239965585612,reconstructed,0.5178020087540821,0,0,0,0.0,0.0,0.0,0.0,0.0,0.0,0.0,0.0,0,total_crime_est,police_station_count,0.01563103795160291
AY-52,44,US,145,BlockApportionment:US.BlockGroups;PointsLayer:US.BlockPoints,2.191,2.576,1,170,1655,124,155,93.11,2.11,94,44,US,145,BlockApportionment:US.BlockGroups;PointsLayer:US.BlockPoints,2.191,2.576,1,17.69,3.49,7.69,27.51,9.8,12.07,1.62,26.2,70,69,0.6475,17.47,29.74,16.36,0,0,,,12,0,0,0,0,0,0,0,0,0,0,0,41,41,0,0,1,34,3273.27,171.79,2,1370.08,210.57,0,0.0,2685.91,1,2,1369.88,212.1,0.0,0,0.0,0,0.0,0,100.0,1,0.0,0,1.42,13.65,70.74,0.71,14.89,5,79.09,51,52,0,,,0,0,33.93388967095164,-118.22392016713589,reconstructed,0.6178565538341132,170,1655,155,17.69,3.49,7.69,27.51,9.8,12.07,2.11,26.2,69,pct_below_poverty,lausd_school_site_count,0.007261893042299614
AY-53,33,US,134,BlockApportionment:US.BlockGroups;PointsLayer:US.BlockPoints,2.191,2.576,1,189,515,98,40,70.1,0.35,81,33,US,134,BlockApportionment:US.BlockGroups;PointsLayer:US.BlockPoints,2.191,2.576,1,31.21,6.38,10.73,56.41,5.08,23.16,0.22,25.13,63,63,0.6475,17.47,29.74,16.36,0,0,,,0,0,0,0,0,0,0,0,0,0,0,2,8,7,0,0,0,9,872.24,58.67,0,0.0,618.16,0,0.0,2494.33,1,0,0.0,619.11,0.0,0,0.0,0,0.0,0,100.0,1,0.0,0,0.53,11.19,78.15,0.89,9.77,5,84.55,51,53,0,,,0,0,33.92610417254303,-118.22391252799332,reconstructed,0.6379920659292574,189,515,40,31.21,6.38,10.73,56.41,5.08,23.16,0.35,25.13,63,2023 Pop 35-64: No Health Insurance (ACS 5-Yr): Percent,police_station_count,-0.010483459342235645
AZ-25,48,US,849,BlockApportionment:US.BlockGroups;PointsLayer:US.BlockPoints,2.191,2.576,1,84,610,99,95,21.8,4.07,179,48,US,849,BlockApportionment:US.BlockGroups;PointsLayer:US.BlockPoints,2.191,2.576,1,22.26,2.55,3.42,30.3,2.33,2.63,3.79,10.5,161,163,0.6475,17.47,29.74,16.36,0,0,,,0,0,0,0,0,0,0,0,0,0,0,0,63,59,0,0,0,13,4287.39,110.71,13,4287.39,110.71,0,0.0,1450.23,0,2,1782.6,116.65,0.0,0,0.0,0,0.0,0,100.0,1,0.0,0,27.02,68.16,17.56,2.93,11.36,1,34.19,52,25,0,,,0,0,34.144091313901846,-118.216018680187,reconstructed,0.5475928145650725,84,610,95,22.26,2.55,3.42,30.3,2.33,2.63,4.07,10.5,163,2023 Pop w/Income Below Poverty Level (ACS 5-Yr): Percent,police_station_count,0.005102618362936753
AZ-26,27,US,828,BlockApportionment:US.BlockGroups;PointsLayer:US.BlockPoints,2.191,2.576,1,92,2821,111,83,30.84,1.05,135,27,US,828,BlockApportionment:US.BlockGroups;PointsLayer:US.BlockPoints,2.191,2.576,1,19.39,1.97,5.75,11.28,1.7,1.69,1.62,14.8,126,127,0.6475,17.47,29.74,16.36,0,0,,,55,0,0,1,1,1,1,0,0,0,0,0,486,491,0,1,3,17,1046.83,120.5,0,0.0,724.14,0,0.0,1028.41,15,0,0.0,730.12,0.0,0,0.0,0,0.0,0,100.0,1,0.0,0,4.59,21.73,63.6,1.59,13.07,5,73.14,52,26,0,,,2,0,34.136305815493245,-118.21601104104448,reconstructed,0.5942268070744048,92,2821,83,19.39,1.97,5.75,11.28,1.7,1.69,1.05,14.8,127,pct_below_poverty,library_count,0.00727074525615733
AZ-27,11,US,812,BlockApportionment:US.BlockGroups;PointsLayer:US.BlockPoints,2.191,2.576,1,89,2654,101,71,35.98,1.99,135,11,US,812,BlockApportionment:US.BlockGroups;PointsLayer:US.BlockPoints,2.191,2.576,1,23.21,6.97,7.23,17.52,2.64,2.76,1.91,9.06,127,133,0.6475,17.47,29.74,16.36,0,0,,,8,0,0,0,0,0,0,0,0,0,0,0,376,379,0,0,0,0,0.0,676.01,0,0.0,1183.68,0,0.0,676.01,8,0,0.0,1215.03,0.0,0,0.0,0,0.0,0,100.0,1,0.0,0,4.65,24.27,55.77,3.96,16.01,5,67.64,52,27,0,,,0,0,34.12852031708464,-118.21600340190194,reconstructed,0.5672167550041843,89,2654,71,23.21,6.97,7.23,17.52,2.64,2.76,1.99,9.06,133,2023 Pop w/Income Below Poverty Level (ACS 5-Yr): Percent,police_station_count,0.0034353272995678577
AZ-28,49,US,800,BlockApportionment:US.BlockGroups;PointsLayer:US.BlockPoints,2.191,2.576,1,105,2970,115,174,49.19,5.49,113,49,US,800,BlockApportionment:US.BlockGroups;PointsLayer:US.BlockPoints,2.191,2.576,1,31.35,12.0,11.49,22.75,7.13,3.94,4.59,13.68,118,124,0.6475,17.47,29.74,16.36,0,0,,,12,0,1,0,0,0,0,0,0,0,0,0,327,324,0,0,1,0,0.0,1147.11,0,0.0,1181.23,0,0.0,1147.11,4,0,0.0,1183.68,0.0,0,0.0,0,0.0,0,100.0,1,0.0,0,4.96,21.95,59.29,3.72,15.04,5,70.02,52,28,0,,,0,0,34.120734818676034,-118.2159957627594,reconstructed,0.5726820291323759,105,2970,174,31.35,12.0,11.49,22.75,7.13,3.94,5.49,13.68,124,pct_below_poverty,lausd_school_site_count,0.0043601349994673135
AZ-29,35,US,786,BlockApportionment:US.BlockGroups;PointsLayer:US.BlockPoints,2.191,2.576,1,60,1801,96,50,34.09,6.87,170,35,US,786,BlockApportionment:US.BlockGroups;PointsLayer:US.BlockPoints,2.191,2.576,1,21.76,3.21,7.6,16.04,3.67,1.88,4.31,14.13,138,138,0.6475,17.47,29.74,16.36,0,0,,,0,0,0,0,0,0,0,0,0,0,0,0,270,270,0,1,0,0,0.0,1479.83,0,0.0,1479.83,0,0.0,1915.82,0,0,0.0,1479.1,0.0,0,0.0,0,0.0,0,100.0,1,0.0,0,15.78,46.1,27.84,7.45,18.62,5,44.75,52,29,0,,,0,0,34.112949320267425,-118.21598812361688,reconstructed,0.5257593711006008,60,1801,50,21.76,3.21,7.6,16.04,3.67,1.88,6.87,14.13,138,2023 Pop w/Income Below Poverty Level (ACS 5-Yr): Percent,police_station_count,0.003164328402828237
AZ-30,17,US,768,BlockApportionment:US.BlockGroups;PointsLayer:US.BlockPoints,2.191,2.576,1,68,1060,95,126,30.09,1.57,173,17,US,768,BlockApportionment:US.BlockGroups;PointsLayer:US.BlockPoints,2.191,2.576,1,15.19,2.56,7.48,22.64,0.94,4.08,1.42,12.62,141,141,0.6475,17.47,29.74,16.36,0,0,,,0,0,0,0,0,1,0,0,0,0,0,0,167,158,0,0,1,0,0.0,1456.11,0,0.0,1456.11,0,0.0,1490.73,0,0,0.0,1455.52,0.0,0,0.0,0,0.0,0,100.0,1,0.0,0,19.59,63.92,17.01,3.61,15.46,3,36.03,52,30,0,,,1,0,34.105163821858824,-118.21598048447434,reconstructed,0.5361727722254825,68,1060,126,15.19,2.56,7.48,22.64,0.94,4.08,1.57,12.62,141,pct_below_poverty,lausd_school_site_count,0.0073254133791833265
AZ-31,43,US,744,BlockApportionment:US.BlockGroups;PointsLayer:US.BlockPoints,2.191,2.576,1,79,906,101,198,37.2,0.87,202,43,US,744,BlockApportionment:US.BlockGroups;PointsLayer:US.BlockPoints,2.191,2.576,1,18.1,3.09,8.37,25.15,2.44,5.56,1.15,17.86,173,174,0.6475,17.47,29.74,16.36,0,0,,,0,0,0,0,0,0,0,0,0,0,0,0,168,164,0,0,0,0,0.0,1014.38,0,0.0,1014.38,0,0.0,1049.16,0,0,0.0,1023.21,0.0,0,0.0,0,0.0,0,100.0,1,0.0,0,16.13,66.49,14.18,1.77,17.55,3,35.09,52,31,0,,,0,0,34.097378323450215,-118.2159728453318,reconstructed,0.5274574036462184,79,906,198,18.1,3.09,8.37,25.15,2.44,5.56,0.87,17.86,174,esri_market_idx_14068_forecast,la_geohub_fire_hazard_area_pct,0.00296912135159885
AZ-32,14,US,715,BlockApportionment:US.BlockGroups;PointsLayer:US.BlockPoints,2.191,2.576,1,96,2834,111,93,64.89,1.89,117,14,US,715,BlockApportionment:US.BlockGroups;PointsLayer:US.BlockPoints,2.191,2.576,1,24.32,6.2,11.78,28.39,3.94,5.95,2.44,20.41,135,140,0.6475,17.47,29.74,16.36,0,0,,,12,0,0,0,0,0,0,0,0,0,0,0,253,242,0,0,0,0,0.0,582.25,0,0.0,582.25,0,0.0,611.41,0,0,0.0,581.73,0.0,0,0.0,0,0.0,0,100.0,1,0.0,0,4.48,41.65,31.5,2.58,24.27,5,50.71,52,32,1,34.089923792,-118.211792308,0,1,34.08959282504161,-118.21596520618928,detection_avg,0.5766039278110815,96,2834,93,24.32,6.2,11.78,28.39,3.94,5.95,1.89,20.41,140,total_population,police_station_count,-0.0026113189095247026
AZ-33,35,US,686,BlockApportionment:US.BlockGroups;PointsLayer:US.BlockPoints,2.191,2.576,1,169,2077,139,250,69.33,2.57,79,35,US,686,BlockApportionment:US.BlockGroups;PointsLayer:US.BlockPoints,2.191,2.576,1,38.56,6.12,24.53,35.15,6.5,7.99,1.99,23.1,82,91,0.6475,17.47,29.74,16.36,0,0,,,12,0,0,0,0,3,0,0,0,0,0,0,237,227,0,0,4,18,3299.97,225.78,18,3299.97,225.78,1,887.19,208.29,5,2,1757.73,232.06,0.0,0,0.0,0,0.0,0,100.0,1,0.0,0,1.95,13.3,63.3,3.55,19.86,5,73.72,52,33,1,34.08383311857143,-118.21660037142858,3,1,34.081807326633005,-118.21595756704674,detection_avg,0.6586734160427449,169,2077,250,38.56,6.12,24.53,35.15,6.5,7.99,2.57,23.1,91,2023 Pop w/Income Below Poverty Level (ACS 5-Yr): Percent,police_station_count,-0.007306908424494039
AZ-34,6,US,657,BlockApportionment:US.BlockGroups;PointsLayer:US.BlockPoints,2.191,2.576,1,170,4802,148,148,66.83,0.96,66,6,US,657,BlockApportionment:US.BlockGroups;PointsLayer:US.BlockPoints,2.191,2.576,1,29.53,5.29,25.96,29.88,16.31,9.52,0.92,21.14,72,75,0.6475,17.47,29.74,16.36,0,0,,,36,1,1,1,0,1,0,1,1,0,0,0,598,587,0,2,0,46,4342.68,1.09,15,2393.54,293.52,0,0.0,912.92,8,2,1037.07,320.94,0.0,0,0.0,0,0.0,0,100.0,1,0.0,0,0.86,11.02,70.57,0.69,17.73,5,79.14,52,34,1,34.07384762625,-118.217261695,1,1,34.0740218282244,-118.2159499279042,detection_avg,0.6789988027031733,170,4802,148,29.53,5.29,25.96,29.88,16.31,9.52,0.96,21.14,75,recreation_center_count,osm_amenity_count,-0.017889980450963322
AZ-35,26,US,627,BlockApportionment:US.BlockGroups;PointsLayer:US.BlockPoints,2.191,2.576,1,150,3986,143,167,71.32,0.74,61,26,US,627,BlockApportionment:US.BlockGroups;PointsLayer:US.BlockPoints,2.191,2.576,1,31.6,4.55,19.42,35.34,11.1,5.73,1.23,15.85,79,82,0.6475,17.47,29.74,16.36,0,0,,,27,0,0,0,0,1,3,1,0,0,0,0,400,378,0,1,2,27,4222.37,16.92,18,3283.02,44.56,0,0.0,803.8,5,2,1736.02,69.28,0.12,1,0.0,0,0.0,0,100.0,1,0.0,0,0.18,15.04,58.58,2.3,24.07,5,70.95,52,35,0,,,4,0,34.0662363298158,-118.21594228876168,reconstructed,0.6646868205227241,150,3986,167,31.6,4.55,19.42,35.34,11.1,5.73,0.74,15.85,82,pct_below_poverty,lausd_school_site_count,-0.004875677359918295
AZ-36,46,US,597,BlockApportionment:US.BlockGroups;PointsLayer:US.BlockPoints,2.191,2.576,1,152,648,140,214,72.53,0.74,59,46,US,597,BlockApportionment:US.BlockGroups;PointsLayer:US.BlockPoints,2.191,2.576,1,36.62,2.82,28.28,36.22,7.38,3.45,0.62,23.22,68,75,0.6475,17.47,29.74,16.36,0,0,,,42,0,0,0,1,0,0,0,0,0,0,0,73,71,0,0,0,76,6485.49,21.27,46,4676.27,21.27,0,0.0,1022.9,4,4,2343.05,54.02,9.54,1,0.0,0,0.0,0,100.0,1,0.0,0,0.88,9.91,61.42,1.42,27.26,5,72.73,52,36,1,34.06267717875,-118.21405061125,0,1,34.05845083140719,-118.21593464961911,detection_avg,0.6338429563655431,152,648,214,36.62,2.82,28.28,36.22,7.38,3.45,0.74,23.22,75,2023 Pop w/Income Below Poverty Level (ACS 5-Yr): Percent,college_count,-0.02503251888787059
AZ-37,10,US,561,BlockApportionment:US.BlockGroups;PointsLayer:US.BlockPoints,2.191,2.576,1,162,2645,149,119,83.82,1.06,71,10,US,561,BlockApportionment:US.BlockGroups;PointsLayer:US.BlockPoints,2.191,2.576,1,40.46,0.98,24.45,20.88,6.37,9.13,0.41,16.57,77,83,0.6475,17.47,29.74,16.36,0,0,,,18,1,1,0,0,1,1,1,1,0,0,0,243,219,0,3,2,79,8644.64,102.2,65,7854.03,102.2,0,0.0,1057.52,5,8,3681.43,145.68,0.0,0,0.0,0,0.0,0,100.0,1,0.0,0,1.55,19.31,53.1,3.62,23.97,5,66.7,52,37,0,,,2,0,34.05066533299859,-118.2159270104766,reconstructed,0.6681711382153058,162,2645,119,40.46,0.98,24.45,20.88,6.37,9.13,1.06,16.57,83,2023 Pop w/Income Below Poverty Level (ACS 5-Yr): Percent,adult_recreation_count,0.012626791528127462
AZ-38,24,US,525,BlockApportionment:US.BlockGroups;PointsLayer:US.BlockPoints,2.191,2.576,1,157,5077,143,126,85.5,2.3,65,24,US,525,BlockApportionment:US.BlockGroups;PointsLayer:US.BlockPoints,2.191,2.576,1,31.65,7.61,29.76,33.67,5.09,11.2,2.07,13.88,59,61,0.6475,17.47,29.74,16.36,0,0,,,18,0,0,1,0,2,1,1,2,0,0,0,419,370,1,0,5,43,3988.37,3.3,34,3653.51,3.3,0,0.0,1242.67,3,3,1921.89,17.13,0.0,0,0.0,0,0.0,0,100.0,1,0.0,0,0.18,10.42,71.73,0.88,16.96,5,80.16,52,38,1,34.04451524666667,-118.21172000666668,3,1,34.04287983458998,-118.21591937133408,detection_avg,0.7005987725700396,157,5077,126,31.65,7.61,29.76,33.67,5.09,11.2,2.3,13.88,61,pct_below_poverty,library_count,-0.034339807520957985
AZ-39,38,US,489,BlockApportionment:US.BlockGroups;PointsLayer:US.BlockPoints,2.191,2.576,1,154,4566,132,226,91.17,2.94,68,38,US,489,BlockApportionment:US.BlockGroups;PointsLayer:US.BlockPoints,2.191,2.576,1,34.29,10.13,22.34,41.11,9.76,5.78,3.23,22.32,69,72,0.6475,17.47,29.74,16.36,0,0,,,24,1,0,0,0,2,1,0,0,0,0,0,272,249,0,0,6,38,2960.78,138.72,15,1288.32,367.01,0,0.0,1079.32,11,2,828.9,375.06,0.0,0,0.0,0,0.0,0,100.0,1,0.0,0,1.03,18.79,64.83,0.34,16.03,5,75.07,52,39,1,34.037476743333336,-118.21687438666667,3,1,34.03509433618138,-118.21591173219151,detection_avg,0.6714968796920688,154,4566,226,34.29,10.13,22.34,41.11,9.76,5.78,2.94,22.32,72,2023 Pop 35-64: No Health Insurance (ACS 5-Yr): Percent,hospital_count,-0.009951302785616607
AZ-40,3,US,454,BlockApportionment:US.BlockGroups;PointsLayer:US.BlockPoints,2.191,2.576,1,171,2969,158,107,95.22,1.08,69,3,US,454,BlockApportionment:US.BlockGroups;PointsLayer:US.BlockPoints,2.191,2.576,1,29.67,7.09,21.18,35.29,11.84,11.23,1.33,17.25,63,63,0.6475,17.47,29.74,16.36,0,0,,,30,0,0,0,1,0,1,0,0,0,0,0,156,124,0,0,2,115,13503.71,5.78,96,12352.55,5.78,0,0.0,917.02,5,10,3673.98,8.45,0.0,0,0.0,0,0.0,0,100.0,1,0.0,0,1.42,20.35,55.93,1.77,21.95,5,68.72,52,40,1,34.02790543,-118.21388037,1,1,34.02730883777277,-118.215904093049,detection_avg,0.6788278044843972,171,2969,107,29.67,7.09,21.18,35.29,11.84,11.23,1.08,17.25,63,2023 Pop w/Income Below Poverty Level (ACS 5-Yr): Percent,college_count,-0.01797410825372781
AZ-41,18,US,419,BlockApportionment:US.BlockGroups;PointsLayer:US.BlockPoints,2.191,2.576,1,219,2384,148,157,96.94,0.0,68,18,US,419,BlockApportionment:US.BlockGroups;PointsLayer:US.BlockPoints,2.191,2.576,1,13.61,3.28,30.45,38.36,9.75,11.84,0.0,22.05,55,54,0.6475,17.47,29.74,16.36,0,0,,,18,0,0,0,0,2,0,0,0,0,0,0,298,268,0,1,1,7,357.94,400.54,0,0.0,744.41,0,0.0,755.67,3,0,0.0,813.24,0.0,0,0.0,0,0.0,0,100.0,1,0.0,0,2.41,11.9,76.38,0.52,11.21,5,82.74,52,41,1,34.020399835,-118.21958885,2,1,34.01952333936417,-118.21589645390648,detection_avg,0.6513455880175646,219,2384,157,13.61,3.28,30.45,38.36,9.75,11.84,0.0,22.05,54,2023 Pop w/Income Below Poverty Level (ACS 5-Yr): Percent,police_station_count,-0.010767292609476566
AZ-42,33,US,384,BlockApportionment:US.BlockGroups;PointsLayer:US.BlockPoints,2.191,2.576,1,0,0,0,0,0.0,0.0,0,33,US,384,BlockApportionment:US.BlockGroups;PointsLayer:US.BlockPoints,2.191,2.576,1,0.0,0.0,0.0,0.0,0.0,0.0,0.0,0.0,0,0,0.6475,17.47,29.74,16.36,0,0,,,6,0,0,0,0,0,0,0,0,0,0,0,31,35,0,0,0,2,675.85,356.99,0,0.0,1543.29,0,0.0,490.95,1,0,0.0,1576.26,0.0,0,0.0,0,0.0,0,100.0,1,0.0,0,0.35,2.65,89.38,1.24,6.73,5,92.46,52,42,0,,,0,0,34.01173784095556,-118.21588881476391,reconstructed,0.5254782215087788,0,0,0,0.0,0.0,0.0,0.0,0.0,0.0,0.0,0.0,0,total_crime_est,police_station_count,0.01563103795160291
B-16,15,US,1116,BlockApportionment:US.BlockGroups;PointsLayer:US.BlockPoints,2.191,2.576,1,59,1812,67,69,27.7,3.68,170,15,US,1116,BlockApportionment:US.BlockGroups;PointsLayer:US.BlockPoints,2.191,2.576,1,32.11,4.67,15.36,36.36,4.2,2.79,2.06,12.48,138,141,0.6475,17.47,29.74,16.36,0,0,,,15,0,0,0,0,0,0,0,0,0,0,0,177,177,0,0,0,6,577.18,365.05,0,0.0,5081.72,0,0.0,479.55,0,0,0.0,1440.47,0.0,0,0.0,0,0.0,0,100.0,1,0.0,0,1.95,19.5,53.72,6.03,20.74,5,67.02,2,16,0,,,0,0,34.21450150368539,-118.6214746223334,reconstructed,0.54345451489962,59,1812,69,32.11,4.67,15.36,36.36,4.2,2.79,3.68,12.48,141,pct_below_poverty,lausd_school_site_count,0.002624423280060774
B-17,30,US,1081,BlockApportionment:US.BlockGroups;PointsLayer:US.BlockPoints,2.191,2.576,1,57,1363,66,148,26.12,3.48,177,30,US,1081,BlockApportionment:US.BlockGroups;PointsLayer:US.BlockPoints,2.191,2.576,1,28.64,3.52,3.84,20.27,3.72,3.31,3.85,15.07,145,148,0.6475,17.47,29.74,16.36,0,0,,,27,0,0,0,0,0,0,0,0,0,0,0,210,190,0,0,0,0,0.0,1229.74,0,0.0,4253.49,5,1088.8,155.08,2,0,0.0,1440.54,0.0,0,0.0,0,0.0,0,100.0,1,0.0,0,4.98,20.62,60.14,3.95,15.29,5,70.6,2,17,1,34.20864756,-118.62164265,0,1,34.20671600527678,-118.62146698319086,detection_avg,0.5164585368347571,57,1363,148,28.64,3.52,3.84,20.27,3.72,3.31,3.48,15.07,148,2023 Pop w/Income Below Poverty Level (ACS 5-Yr): Percent,police_station_count,0.005102733022008907
B-18,46,US,1047,BlockApportionment:US.BlockGroups;PointsLayer:US.BlockPoints,2.191,2.576,1,69,1428,80,145,24.51,3.98,184,46,US,1047,BlockApportionment:US.BlockGroups;PointsLayer:US.BlockPoints,2.191,2.576,1,14.58,5.21,5.98,20.41,3.59,2.08,3.35,23.12,146,147,0.6475,17.47,29.74,16.36,0,0,,,19,0,0,0,0,1,0,0,0,0,0,0,182,193,0,0,0,0,0.0,1440.8,0,0.0,3443.32,6,1486.6,145.05,0,0,0.0,1440.77,0.0,0,0.0,0,0.0,0,100.0,1,0.0,0,5.31,26.02,52.74,3.89,17.35,5,65.32,2,18,0,,,1,0,34.19893050686818,-118.62145934404832,reconstructed,0.5343932680939885,69,1428,145,14.58,5.21,5.98,20.41,3.59,2.08,3.98,23.12,147,2023 Pop w/Income Below Poverty Level (ACS 5-Yr): Percent,police_station_count,0.004285790320535098
BA-26,28,US,829,BlockApportionment:US.BlockGroups;PointsLayer:US.BlockPoints,2.191,2.576,1,71,1781,89,231,35.93,4.45,129,28,US,829,BlockApportionment:US.BlockGroups;PointsLayer:US.BlockPoints,2.191,2.576,1,19.4,8.15,6.19,15.56,0.37,2.46,3.38,17.23,127,132,0.6475,17.47,29.74,16.36,0,0,,,6,0,0,0,0,1,0,1,0,0,0,0,212,212,0,1,2,2,62.6,324.87,0,0.0,1201.08,2,62.6,324.87,0,0,0.0,1197.43,0.0,0,0.0,0,0.0,0,100.0,1,0.0,0,6.38,41.72,32.76,3.1,22.41,5,51.02,53,26,1,34.13327479,-118.21110841,1,1,34.13629900141112,-118.2079032972472,detection_avg,0.5493700727627804,71,1781,231,19.4,8.15,6.19,15.56,0.37,2.46,4.45,17.23,132,2023 Pop w/Income Below Poverty Level (ACS 5-Yr): Percent,police_station_count,0.004154199085047858
BA-27,12,US,813,BlockApportionment:US.BlockGroups;PointsLayer:US.BlockPoints,2.191,2.576,1,69,2222,79,133,35.1,2.21,115,12,US,813,BlockApportionment:US.BlockGroups;PointsLayer:US.BlockPoints,2.191,2.576,1,29.75,2.48,8.12,12.03,2.44,1.25,2.13,18.92,122,129,0.6475,17.47,29.74,16.36,0,0,,,0,0,0,0,1,0,0,0,0,0,0,0,109,116,0,0,0,0,0.0,502.33,0,0.0,1871.33,0,0.0,502.33,2,0,0.0,1908.01,0.0,0,0.0,0,0.0,0,100.0,1,0.0,0,5.65,44.52,28.8,3.53,23.14,5,48.46,53,27,0,,,0,0,34.12851350300252,-118.20789565810466,reconstructed,0.5276187822513222,69,2222,133,29.75,2.48,8.12,12.03,2.44,1.25,2.21,18.92,129,2023 Pop w/Income Below Poverty Level (ACS 5-Yr): Percent,college_count,0.014015288312557567
BA-28,0,US,801,BlockApportionment:US.BlockGroups;PointsLayer:US.BlockPoints,2.191,2.576,1,81,2684,110,129,59.84,2.12,124,0,US,801,BlockApportionment:US.BlockGroups;PointsLayer:US.BlockPoints,2.191,2.576,1,26.21,4.64,12.66,23.25,4.43,3.93,2.93,17.32,127,134,0.6475,17.47,29.74,16.36,0,0,,,8,0,0,0,0,1,0,0,0,0,0,0,417,444,0,0,3,0,0.0,1363.46,0,0.0,1961.27,0,0.0,1363.46,8,0,0.0,1988.01,0.0,0,0.0,0,0.0,0,100.0,1,0.0,0,1.89,28.35,44.33,3.26,24.05,5,60.46,53,28,0,,,1,0,34.12072800459391,-118.20788801896214,reconstructed,0.5718752166127169,81,2684,129,26.21,4.64,12.66,23.25,4.43,3.93,2.12,17.32,134,total_population,police_station_count,-0.0026652314393797085
BA-29,36,US,787,BlockApportionment:US.BlockGroups;PointsLayer:US.BlockPoints,2.191,2.576,1,71,3105,104,140,61.77,2.76,113,36,US,787,BlockApportionment:US.BlockGroups;PointsLayer:US.BlockPoints,2.191,2.576,1,25.48,2.59,7.16,19.38,3.51,4.91,2.62,14.79,116,123,0.6475,17.47,29.74,16.36,0,0,,,0,0,0,0,0,1,0,0,0,0,0,0,288,275,0,0,2,0,0.0,1225.23,0,0.0,1225.23,0,0.0,1260.15,0,0,0.0,1225.84,0.0,0,0.0,0,0.0,0,100.0,1,0.0,0,7.09,41.84,29.79,3.37,25.0,5,48.73,53,29,0,,,1,0,34.112942506185306,-118.2078803798196,reconstructed,0.5359515048486774,71,3105,140,25.48,2.59,7.16,19.38,3.51,4.91,2.76,14.79,123,2023 Pop w/Income Below Poverty Level (ACS 5-Yr): Percent,police_station_count,0.0034860902037247583
BA-30,18,US,769,BlockApportionment:US.BlockGroups;PointsLayer:US.BlockPoints,2.191,2.576,1,77,1714,112,267,47.61,1.39,152,18,US,769,BlockApportionment:US.BlockGroups;PointsLayer:US.BlockPoints,2.191,2.576,1,30.89,1.63,5.8,13.78,5.63,4.38,2.51,14.05,140,143,0.6475,17.47,29.74,16.36,0,0,,,10,0,0,0,0,1,0,1,0,0,0,0,275,254,0,0,1,0,0.0,602.27,0,0.0,602.27,0,0.0,636.43,0,0,0.0,601.55,0.0,0,0.0,0,0.0,0,100.0,1,0.0,0,11.02,54.22,17.21,3.96,24.61,4,38.74,53,30,0,,,1,0,34.105157007776704,-118.20787274067706,reconstructed,0.5417775784030555,77,1714,267,30.89,1.63,5.8,13.78,5.63,4.38,1.39,14.05,143,pct_below_poverty,lausd_school_site_count,0.007778170132515223
BA-31,44,US,745,BlockApportionment:US.BlockGroups;PointsLayer:US.BlockPoints,2.191,2.576,1,108,2737,129,195,63.65,0.95,119,44,US,745,BlockApportionment:US.BlockGroups;PointsLayer:US.BlockPoints,2.191,2.576,1,23.08,2.8,9.85,17.17,5.31,5.86,1.31,17.07,118,119,0.6475,17.47,29.74,16.36,0,0,,,40,0,0,0,0,0,0,2,0,0,0,0,287,266,0,0,0,15,2041.05,155.71,15,2041.05,155.71,1,741.81,184.86,8,2,1539.26,159.07,0.0,0,0.0,0,0.0,0,100.0,1,0.0,0,5.14,28.72,50.71,3.19,17.38,5,63.96,53,31,1,34.09625243,-118.20546545,0,1,34.097371509368095,-118.20786510153454,detection_avg,0.6163525331777385,108,2737,195,23.08,2.8,9.85,17.17,5.31,5.86,0.95,17.07,119,recreation_center_count,osm_amenity_count,0.005410919267195866
BA-32,15,US,716,BlockApportionment:US.BlockGroups;PointsLayer:US.BlockPoints,2.191,2.576,1,140,3059,139,255,72.93,1.25,96,15,US,716,BlockApportionment:US.BlockGroups;PointsLayer:US.BlockPoints,2.191,2.576,1,25.18,6.14,26.58,34.89,10.57,10.1,0.7,19.67,100,106,0.6475,17.47,29.74,16.36,0,0,,,14,0,0,0,0,0,0,0,0,0,0,0,149,140,0,0,0,3,1539.73,164.29,3,1539.73,164.29,1,800.32,143.0,0,2,1539.0,164.86,0.0,0,0.0,0,0.0,0,100.0,1,0.0,0,7.27,42.2,36.35,3.55,17.91,5,53.26,53,32,1,34.08711834,-118.2123183,0,1,34.08958601095949,-118.207857462392,detection_avg,0.6503938518173306,140,3059,255,25.18,6.14,26.58,34.89,10.57,10.1,1.25,19.67,106,2023 Pop w/Income Below Poverty Level (ACS 5-Yr): Percent,police_station_count,-0.009326854854641731
BA-33,36,US,687,BlockApportionment:US.BlockGroups;PointsLayer:US.BlockPoints,2.191,2.576,1,140,2526,154,179,69.68,2.4,102,36,US,687,BlockApportionment:US.BlockGroups;PointsLayer:US.BlockPoints,2.191,2.576,1,21.25,5.81,16.58,22.01,5.84,6.06,1.93,25.7,98,99,0.6475,17.47,29.74,16.36,0,0,,,14,0,0,0,0,0,0,0,0,0,0,0,185,173,0,0,2,0,0.0,670.0,0,0.0,845.45,0,0.0,826.5,0,0,0.0,845.21,0.0,0,0.0,0,0.0,0,100.0,1,0.0,0,7.92,49.05,26.51,2.07,22.38,5,46.18,53,33,1,34.08295913,-118.20822032,0,1,34.081800512550885,-118.20784982324946,detection_avg,0.6032508795461659,140,2526,179,21.25,5.81,16.58,22.01,5.84,6.06,2.4,25.7,99,pct_below_poverty,lausd_school_site_count,-0.004674275686117894
BA-34,7,US,658,BlockApportionment:US.BlockGroups;PointsLayer:US.BlockPoints,2.191,2.576,1,124,4677,130,148,60.4,0.88,81,7,US,658,BlockApportionment:US.BlockGroups;PointsLayer:US.BlockPoints,2.191,2.576,1,25.33,5.48,16.71,30.98,12.5,7.24,1.27,20.65,77,78,0.6475,17.47,29.74,16.36,0,0,,,31,0,0,0,0,2,1,0,0,0,0,0,299,274,0,0,5,20,774.03,194.67,0,0.0,819.32,0,0.0,1455.24,13,0,0.0,921.0,0.0,0,0.0,0,0.0,0,100.0,1,0.0,0,4.26,18.26,65.78,1.42,14.54,5,74.77,53,34,1,34.07402522,-118.207826845,3,1,34.07401501414228,-118.20784218410694,detection_avg,0.6702371678542732,124,4677,148,25.33,5.48,16.71,30.98,12.5,7.24,0.88,20.65,78,pct_below_poverty,lausd_school_site_count,-0.014482758892793705
BA-35,27,US,628,BlockApportionment:US.BlockGroups;PointsLayer:US.BlockPoints,2.191,2.576,1,138,1397,128,186,72.23,1.14,74,27,US,628,BlockApportionment:US.BlockGroups;PointsLayer:US.BlockPoints,2.191,2.576,1,23.38,11.27,22.8,28.24,5.57,9.84,1.52,18.01,78,85,0.6475,17.47,29.74,16.36,0,0,,,36,1,0,0,0,1,0,0,0,0,0,0,158,144,0,0,0,29,2559.75,58.38,0,0.0,751.51,0,0.0,795.47,7,0,0.0,767.05,0.0,0,0.0,0,0.0,0,100.0,1,0.0,0,2.59,19.14,62.41,2.07,16.38,5,72.91,53,35,1,34.06427536,-118.21177555,1,1,34.066229515733674,-118.2078345449644,detection_avg,0.6563940896339239,138,1397,186,23.38,11.27,22.8,28.24,5.57,9.84,1.14,18.01,85,2023 Pop 35-64: No Health Insurance (ACS 5-Yr): Percent,hospital_count,0.013451127138907469
BA-36,47,US,598,BlockApportionment:US.BlockGroups;PointsLayer:US.BlockPoints,2.191,2.576,1,138,1582,143,114,80.47,0.36,65,47,US,598,BlockApportionment:US.BlockGroups;PointsLayer:US.BlockPoints,2.191,2.576,1,37.74,8.75,31.22,39.63,10.46,4.69,0.18,20.57,58,60,0.6475,17.47,29.74,16.36,0,0,,,72,0,0,0,0,1,0,0,0,0,0,2,137,114,0,1,4,53,7569.27,29.35,32,6703.79,210.13,1,305.01,338.36,6,4,3570.26,214.37,0.0,0,0.0,0,0.0,0,100.0,1,0.0,0,4.08,19.5,64.54,3.19,12.77,5,73.95,53,36,1,34.05781768,-118.21020547,1,1,34.05844401732507,-118.20782690582186,detection_avg,0.6644529037597819,138,1582,114,37.74,8.75,31.22,39.63,10.46,4.69,0.36,20.57,60,pct_below_poverty,lausd_school_site_count,-0.013554374456084336
BA-37,11,US,562,BlockApportionment:US.BlockGroups;PointsLayer:US.BlockPoints,2.191,2.576,1,125,6663,139,148,93.71,1.12,68,11,US,562,BlockApportionment:US.BlockGroups;PointsLayer:US.BlockPoints,2.191,2.576,1,40.11,9.47,28.14,29.64,9.98,8.34,0.91,19.81,63,64,0.6475,17.47,29.74,16.36,0,0,,,36,0,0,0,0,0,0,0,0,0,0,0,540,466,0,0,3,11,907.37,81.43,0,0.0,524.15,0,0.0,769.21,9,0,0.0,552.89,0.0,0,0.0,0,0.0,0,100.0,1,0.0,0,1.38,13.43,76.08,1.2,9.29,5,82.84,53,37,1,34.04808451,-118.20423912333332,0,1,34.050658518916464,-118.20781926667934,detection_avg,0.7016935183890048,125,6663,148,40.11,9.47,28.14,29.64,9.98,8.34,1.12,19.81,64,pct_below_poverty,lausd_school_site_count,-0.010871621563223223
BA-38,25,US,526,BlockApportionment:US.BlockGroups;PointsLayer:US.BlockPoints,2.191,2.576,1,140,5630,144,229,93.32,0.25,59,25,US,526,BlockApportionment:US.BlockGroups;PointsLayer:US.BlockPoints,2.191,2.576,1,33.97,4.92,27.45,31.99,9.07,8.09,0.12,24.99,55,56,0.6475,17.47,29.74,16.36,0,0,,,45,0,0,0,0,3,0,2,0,0,0,0,358,322,0,2,5,8,624.88,324.01,0,0.0,858.38,0,0.0,1599.26,7,0,0.0,881.51,0.0,0,0.0,0,0.0,0,100.0,1,0.0,0,1.24,13.68,72.11,0.89,13.32,5,80.1,53,38,1,34.04142292,-118.20658468333332,3,1,34.04287302050786,-118.2078116275368,detection_avg,0.6898997136399059,140,5630,229,33.97,4.92,27.45,31.99,9.07,8.09,0.25,24.99,56,pct_below_poverty,lausd_school_site_count,0.022140193787270227
BA-39,39,US,490,BlockApportionment:US.BlockGroups;PointsLayer:US.BlockPoints,2.191,2.576,1,154,4706,152,162,95.58,0.35,91,39,US,490,BlockApportionment:US.BlockGroups;PointsLayer:US.BlockPoints,2.191,2.576,1,24.11,3.34,19.93,22.64,6.17,6.8,0.8,25.95,80,82,0.6475,17.47,29.74,16.36,0,0,,,21,0,1,0,0,2,0,1,1,0,0,0,264,237,0,0,6,10,865.13,220.02,0,0.0,510.02,0,0.0,1733.48,1,0,0.0,509.08,0.0,0,0.0,0,0.0,0,100.0,1,0.0,0,2.12,18.2,66.78,0.88,14.13,5,76.11,53,39,1,34.035854846666666,-118.20714872666667,2,1,34.03508752209925,-118.20780398839426,detection_avg,0.6631514001915553,154,4706,162,24.11,3.34,19.93,22.64,6.17,6.8,0.35,25.95,82,2023 Pop w/Income Below Poverty Level (ACS 5-Yr): Percent,fire_station_count,-0.014549881871610788
BA-40,4,US,455,BlockApportionment:US.BlockGroups;PointsLayer:US.BlockPoints,2.191,2.576,1,161,3716,154,157,96.1,0.65,65,4,US,455,BlockApportionment:US.BlockGroups;PointsLayer:US.BlockPoints,2.191,2.576,1,24.48,2.88,20.89,27.34,7.69,6.84,0.96,19.72,65,66,0.6475,17.47,29.74,16.36,0,0,,,42,0,0,0,0,2,1,1,0,0,2,0,139,121,0,0,5,46,5322.99,73.87,46,5322.99,73.87,0,0.0,1571.75,1,4,2882.14,81.4,0.0,0,0.0,0,0.0,0,100.0,1,0.0,0,2.43,19.93,55.98,1.56,22.53,5,68.46,53,40,1,34.02645065,-118.21017436,3,1,34.02730202369065,-118.20779634925174,detection_avg,0.6768991088538027,161,3716,157,24.48,2.88,20.89,27.34,7.69,6.84,0.65,19.72,66,2023 Pop w/Income Below Poverty Level (ACS 5-Yr): Percent,affordable_housing_count,0.008401768734332802
BA-41,19,US,420,BlockApportionment:US.BlockGroups;PointsLayer:US.BlockPoints,2.191,2.576,1,211,1821,161,348,93.85,0.7,38,19,US,420,BlockApportionment:US.BlockGroups;PointsLayer:US.BlockPoints,2.191,2.576,1,35.59,8.08,34.62,50.0,7.23,7.05,0.39,24.43,49,53,0.6475,17.47,29.74,16.36,0,0,,,21,0,0,0,0,0,0,1,1,0,1,1,364,362,0,0,0,19,1140.97,341.23,0,0.0,843.08,0,0.0,1150.1,0,0,0.0,868.03,0.0,0,0.0,0,0.0,0,100.0,1,0.0,0,0.35,7.45,80.14,0.53,11.88,5,85.99,53,41,1,34.016786296666666,-118.20510859333334,0,1,34.01951652528204,-118.2077887101092,detection_avg,0.6329889267771391,211,1821,348,35.59,8.08,34.62,50.0,7.23,7.05,0.7,24.43,53,2023 Pop w/Income Below Poverty Level (ACS 5-Yr): Percent,adult_recreation_count,-0.02791980433155746
BA-42,34,US,385,BlockApportionment:US.BlockGroups;PointsLayer:US.BlockPoints,2.191,2.576,1,0,0,0,0,0.0,0.0,0,34,US,385,BlockApportionment:US.BlockGroups;PointsLayer:US.BlockPoints,2.191,2.576,1,0.0,0.0,0.0,0.0,0.0,0.0,0.0,0.0,0,0,0.6475,17.47,29.74,16.36,0,0,,,0,0,0,0,0,0,0,0,0,0,0,0,25,17,0,0,0,1,3.74,436.51,0,0.0,1636.29,1,665.66,285.49,0,0,0.0,1634.02,0.0,0,0.0,0,0.0,0,100.0,1,0.0,0,0.0,2.6,87.72,2.08,7.61,5,91.4,53,42,1,34.0130353,-118.20618547,0,1,34.01173102687344,-118.20778107096666,detection_avg,0.5245539302040664,0,0,0,0.0,0.0,0.0,0.0,0.0,0.0,0.0,0.0,0,total_crime_est,police_station_count,0.01563103795160291
BB-29,37,US,788,BlockApportionment:US.BlockGroups;PointsLayer:US.BlockPoints,2.191,2.576,1,99,3591,124,164,68.76,2.5,107,37,US,788,BlockApportionment:US.BlockGroups;PointsLayer:US.BlockPoints,2.191,2.576,1,21.68,6.49,12.16,34.19,4.41,5.6,2.27,19.71,102,107,0.6475,17.47,29.74,16.36,0,0,,,0,0,0,0,0,2,0,0,0,0,0,0,250,265,0,0,7,0,0.0,1287.81,0,0.0,1287.81,0,0.0,1376.95,0,0,0.0,1337.68,0.0,0,0.0,0,0.0,0,100.0,1,0.0,0,4.31,23.28,51.38,4.66,20.69,5,64.67,54,29,0,,,2,0,34.112935692103186,-118.19977263602232,reconstructed,0.5797016003510006,99,3591,164,21.68,6.49,12.16,34.19,4.41,5.6,2.5,19.71,107,pct_below_poverty,lausd_school_site_count,-0.014945995832386897
BB-30,19,US,770,BlockApportionment:US.BlockGroups;PointsLayer:US.BlockPoints,2.191,2.576,1,95,5288,116,200,75.25,1.52,100,19,US,770,BlockApportionment:US.BlockGroups;PointsLayer:US.BlockPoints,2.191,2.576,1,23.66,3.23,18.32,28.11,4.52,5.67,1.37,17.84,94,97,0.6475,17.47,29.74,16.36,0,0,,,30,0,0,0,0,2,0,0,0,0,0,0,549,556,0,2,2,2,53.04,463.54,2,53.04,463.54,0,0.0,533.43,8,0,0.0,499.04,0.0,0,0.0,0,0.0,0,100.0,1,0.0,0,3.9,17.55,69.33,1.77,11.35,5,77.36,54,30,0,,,2,0,34.10515019369458,-118.1997649968798,reconstructed,0.6236731726200526,95,5288,200,23.66,3.23,18.32,28.11,4.52,5.67,1.52,17.84,97,pct_below_poverty,lausd_school_site_count,-0.004928215179264264
BB-31,45,US,746,BlockApportionment:US.BlockGroups;PointsLayer:US.BlockPoints,2.191,2.576,1,76,1676,115,188,77.98,0.25,83,45,US,746,BlockApportionment:US.BlockGroups;PointsLayer:US.BlockPoints,2.191,2.576,1,13.57,0.0,4.37,11.78,6.35,9.3,0.52,17.98,69,69,0.6475,17.47,29.74,16.36,0,0,,,10,0,0,0,0,0,0,0,0,0,0,0,45,41,0,0,0,9,2056.51,231.55,9,2056.51,231.55,1,919.58,209.08,5,2,1823.48,232.82,0.0,0,0.0,0,0.0,0,100.0,1,0.0,0,20.18,53.63,23.36,10.8,12.21,5,40.3,54,31,0,,,0,0,34.097364695285975,-118.19975735773724,reconstructed,0.5767008330805126,76,1676,188,13.57,0.0,4.37,11.78,6.35,9.3,0.25,17.98,69,2023 Pop w/Income Below Poverty Level (ACS 5-Yr): Percent,police_station_count,0.005014527599764595
BB-32,16,US,717,BlockApportionment:US.BlockGroups;PointsLayer:US.BlockPoints,2.191,2.576,1,123,920,142,152,61.09,0.82,166,16,US,717,BlockApportionment:US.BlockGroups;PointsLayer:US.BlockPoints,2.191,2.576,1,22.45,8.88,12.13,23.97,8.27,8.47,1.41,14.42,146,150,0.6475,17.47,29.74,16.36,0,0,,,4,0,0,0,0,1,0,0,0,0,0,0,193,186,0,0,3,0,0.0,545.84,0,0.0,545.84,0,0.0,613.09,1,0,0.0,639.54,0.0,0,0.0,0,0.0,0,100.0,1,0.0,0,14.85,51.47,26.08,5.18,17.27,5,43.8,54,32,0,,,1,0,34.08957919687737,-118.19974971859472,reconstructed,0.6007546922062998,123,920,152,22.45,8.88,12.13,23.97,8.27,8.47,0.82,14.42,150,2023 Pop 35-64: No Health Insurance (ACS 5-Yr): Percent,affordable_housing_count,-0.00464218981587244
BB-33,37,US,688,BlockApportionment:US.BlockGroups;PointsLayer:US.BlockPoints,2.191,2.576,1,102,1335,146,181,77.75,2.7,129,37,US,688,BlockApportionment:US.BlockGroups;PointsLayer:US.BlockPoints,2.191,2.576,1,31.87,9.07,13.28,6.4,8.82,7.16,2.82,20.2,108,114,0.6475,17.47,29.74,16.36,0,0,,,16,0,0,0,0,1,0,0,0,0,0,0,99,93,0,0,1,0,0.0,680.13,0,0.0,1015.16,0,0.0,992.64,0,0,0.0,1015.4,0.0,0,0.0,0,0.0,0,100.0,1,0.0,0,8.13,55.48,21.38,4.77,18.37,3,42.53,54,33,0,,,1,0,34.081793698468765,-118.1997420794522,reconstructed,0.5702788089180932,102,1335,181,31.87,9.07,13.28,6.4,8.82,7.16,2.7,20.2,114,2023 Pop 35-64: No Health Insurance (ACS 5-Yr): Percent,affordable_housing_count,-0.0041778095781241234
BB-34,8,US,659,BlockApportionment:US.BlockGroups;PointsLayer:US.BlockPoints,2.191,2.576,1,137,2429,140,205,78.3,4.36,88,8,US,659,BlockApportionment:US.BlockGroups;PointsLayer:US.BlockPoints,2.191,2.576,1,25.65,11.91,21.1,13.86,6.15,8.36,4.46,18.81,79,80,0.6475,17.47,29.74,16.36,0,0,,,20,0,0,0,0,2,0,0,0,0,0,1,103,109,0,0,3,19,1241.67,221.44,0,0.0,1617.99,0,0.0,1598.06,1,0,0.0,1619.16,0.0,0,0.0,0,0.0,0,100.0,1,0.0,0,6.74,54.4,25.04,2.94,17.62,3,45.51,54,34,1,34.07577496,-118.20295139,2,1,34.07400820006016,-118.19973444030964,detection_avg,0.6474119699919741,137,2429,205,25.65,11.91,21.1,13.86,6.15,8.36,4.36,18.81,80,pct_below_poverty,lausd_school_site_count,0.0070299518451422075
BB-35,28,US,629,BlockApportionment:US.BlockGroups;PointsLayer:US.BlockPoints,2.191,2.576,1,134,1976,121,207,71.26,1.43,55,28,US,629,BlockApportionment:US.BlockGroups;PointsLayer:US.BlockPoints,2.191,2.576,1,20.29,7.95,36.18,45.44,6.21,12.54,3.14,24.23,57,59,0.6475,17.47,29.74,16.36,0,0,,,24,0,0,0,0,1,0,1,2,0,0,2,84,74,0,0,4,33,2417.83,127.71,0,0.0,1315.22,0,0.0,853.86,5,0,0.0,1347.7,0.0,0,0.0,0,0.0,0,100.0,1,0.0,0,5.14,24.82,55.5,2.66,17.02,5,67.31,54,35,1,34.06829191,-118.19944353,1,1,34.066222701651554,-118.19972680116712,detection_avg,0.6571837792318088,134,1976,207,20.29,7.95,36.18,45.44,6.21,12.54,1.43,24.23,59,pct_below_poverty,library_count,0.01061976549985345
BB-36,48,US,599,BlockApportionment:US.BlockGroups;PointsLayer:US.BlockPoints,2.191,2.576,1,165,3015,165,114,85.94,1.23,85,48,US,599,BlockApportionment:US.BlockGroups;PointsLayer:US.BlockPoints,2.191,2.576,1,15.79,7.48,12.24,27.13,7.28,8.21,1.55,29.16,73,73,0.6475,17.47,29.74,16.36,0,0,,,0,1,0,0,0,1,1,1,0,0,0,0,118,118,0,0,2,16,1098.87,12.58,0,0.0,478.04,1,417.54,64.98,5,0,0.0,485.87,0.0,0,0.0,0,0.0,0,100.0,1,0.0,0,1.72,28.1,46.72,4.83,20.34,5,62.19,54,36,0,,,2,0,34.058437203242946,-118.1997191620246,reconstructed,0.643979972951492,165,3015,114,15.79,7.48,12.24,27.13,7.28,8.21,1.23,29.16,73,2023 Pop 35-64: No Health Insurance (ACS 5-Yr): Percent,affordable_housing_count,-0.00468282292150796
BB-37,12,US,563,BlockApportionment:US.BlockGroups;PointsLayer:US.BlockPoints,2.191,2.576,1,113,4951,142,119,93.94,1.72,96,12,US,563,BlockApportionment:US.BlockGroups;PointsLayer:US.BlockPoints,2.191,2.576,1,33.77,5.15,24.2,25.81,7.45,10.2,0.78,19.13,80,82,0.6475,17.47,29.74,16.36,0,0,,,42,0,0,1,0,1,0,1,0,0,0,0,206,195,0,0,2,45,5439.4,215.92,22,4546.21,215.92,0,0.0,517.13,1,4,2690.02,285.07,0.0,0,0.0,0,0.0,0,100.0,1,0.0,0,0.18,14.36,60.28,2.84,22.52,5,72.14,54,37,0,,,1,0,34.050651704834344,-118.19971152288204,reconstructed,0.6796209904918377,113,4951,119,33.77,5.15,24.2,25.81,7.45,10.2,1.72,19.13,82,2023 Pop w/Income Below Poverty Level (ACS 5-Yr): Percent,police_station_count,-0.006948319059861116
BB-38,26,US,527,BlockApportionment:US.BlockGroups;PointsLayer:US.BlockPoints,2.191,2.576,1,139,5006,150,133,93.35,1.48,83,26,US,527,BlockApportionment:US.BlockGroups;PointsLayer:US.BlockPoints,2.191,2.576,1,27.32,6.38,18.86,27.67,7.85,9.67,0.67,22.56,77,77,0.6475,17.47,29.74,16.36,0,0,,,18,0,0,0,0,1,1,0,0,0,0,0,230,220,0,0,0,0,0.0,782.8,0,0.0,1002.82,0,0.0,1218.87,6,0,0.0,1104.13,0.0,0,0.0,0,0.0,0,100.0,1,0.0,0,0.18,20.78,55.77,0.89,22.56,5,68.98,54,38,0,,,2,0,34.04286620642574,-118.19970388373952,reconstructed,0.6672964972100353,139,5006,133,27.32,6.38,18.86,27.67,7.85,9.67,1.48,22.56,77,2023 Pop 35-64: No Health Insurance (ACS 5-Yr): Percent,affordable_housing_count,-0.0040877017215768365
BB-39,40,US,491,BlockApportionment:US.BlockGroups;PointsLayer:US.BlockPoints,2.191,2.576,1,97,3881,134,157,95.72,0.97,86,40,US,491,BlockApportionment:US.BlockGroups;PointsLayer:US.BlockPoints,2.191,2.576,1,34.46,3.47,22.39,25.0,8.71,9.44,0.19,23.69,68,67,0.6475,17.47,29.74,16.36,0,0,,,30,0,0,0,0,0,1,0,0,0,0,0,223,205,0,1,0,0,0.0,669.4,0,0.0,669.4,0,0.0,2049.22,4,0,0.0,778.8,0.0,0,0.0,0,0.0,0,100.0,1,0.0,0,0.52,21.34,52.15,0.69,25.82,5,66.35,54,39,1,34.03949987,-118.20035726,1,1,34.035080708017134,-118.199696244597,detection_avg,0.6276201255277772,97,3881,157,34.46,3.47,22.39,25.0,8.71,9.44,0.97,23.69,67,2023 Pop w/Income Below Poverty Level (ACS 5-Yr): Percent,police_station_count,-0.004985367885349551
BB-40,5,US,456,BlockApportionment:US.BlockGroups;PointsLayer:US.BlockPoints,2.191,2.576,1,152,5062,156,138,94.49,0.31,79,5,US,456,BlockApportionment:US.BlockGroups;PointsLayer:US.BlockPoints,2.191,2.576,1,27.39,3.16,22.68,26.67,8.04,5.97,1.42,22.29,69,70,0.6475,17.47,29.74,16.36,0,0,,,30,0,0,1,0,1,0,0,1,0,0,0,268,241,0,2,0,22,4283.51,19.0,18,3418.27,19.0,0,0.0,2388.22,11,2,1803.75,30.52,0.0,0,0.0,0,0.0,0,100.0,1,0.0,0,0.18,14.72,59.04,1.24,25.0,5,71.27,54,40,0,,,1,0,34.02729520960853,-118.19968860545444,reconstructed,0.6894467703383783,152,5062,138,27.39,3.16,22.68,26.67,8.04,5.97,0.31,22.29,70,2023 Pop w/Income Below Poverty Level (ACS 5-Yr): Percent,adult_recreation_count,0.01076371449628029
BB-41,20,US,421,BlockApportionment:US.BlockGroups;PointsLayer:US.BlockPoints,2.191,2.576,1,177,3640,159,138,95.47,1.5,96,20,US,421,BlockApportionment:US.BlockGroups;PointsLayer:US.BlockPoints,2.191,2.576,1,43.68,7.58,13.1,26.18,9.92,5.79,1.73,20.75,75,76,0.6475,17.47,29.74,16.36,0,0,,,36,0,0,0,0,0,0,0,0,0,0,0,209,193,0,0,1,12,2124.65,140.06,12,2124.65,140.06,0,0.0,1602.59,0,2,1732.03,138.64,0.0,0,0.0,0,0.0,0,100.0,1,0.0,0,0.86,16.03,58.97,1.38,23.62,5,71.02,54,41,1,34.01894223,-118.20041187,0,1,34.01950971119992,-118.19968096631192,detection_avg,0.6395380930094573,177,3640,138,43.68,7.58,13.1,26.18,9.92,5.79,1.5,20.75,76,total_crime_est,affordable_housing_count,-0.002331932290634505
BB-42,35,US,386,BlockApportionment:US.BlockGroups;PointsLayer:US.BlockPoints,2.191,2.576,1,253,45,165,0,95.56,3.45,0,35,US,386,BlockApportionment:US.BlockGroups;PointsLayer:US.BlockPoints,2.191,2.576,1,0.0,0.0,25.71,0.0,12.0,5.71,3.7,24.0,0,0,0.6475,17.47,29.74,16.36,0,0,,,0,0,0,0,0,0,0,0,0,0,0,0,94,100,0,0,0,5,1070.98,65.96,0,0.0,852.04,0,0.0,804.65,0,0,0.0,907.43,0.0,0,0.0,0,0.0,0,100.0,1,0.0,0,0.0,0.53,97.17,0.0,2.3,5,98.02,54,42,1,34.016474294999995,-118.19824556,0,1,34.01172421279132,-118.1996733271694,detection_avg,0.5956098226306604,253,45,0,0.0,0.0,25.71,0.0,12.0,5.71,3.45,24.0,0,total_population,police_station_count,0.01394647830832765
BB-43,1,US,352,BlockApportionment:US.BlockGroups;PointsLayer:US.BlockPoints,2.191,2.576,1,0,0,0,0,0.0,0.0,0,1,US,352,BlockApportionment:US.BlockGroups;PointsLayer:US.BlockPoints,2.191,2.576,1,0.0,0.0,0.0,0.0,0.0,0.0,0.0,0.0,0,0,0.6475,17.47,29.74,16.36,0,0,,,0,0,0,0,0,0,0,0,0,0,0,0,2,2,0,0,0,0,0.0,794.2,0,0.0,1675.64,12,1270.12,54.56,0,0,0.0,1714.11,0.0,0,0.0,0,0.0,0,100.0,1,0.0,0,0.0,1.55,88.81,0.17,9.47,5,92.17,54,43,0,,,0,0,34.00393871438271,-118.19966568802684,reconstructed,0.5219663702815962,0,0,0,0.0,0.0,0.0,0.0,0.0,0.0,0.0,0.0,0,total_crime_est,police_station_count,0.01563103795160291
BC-28,1,US,802,BlockApportionment:US.BlockGroups;PointsLayer:US.BlockPoints,2.191,2.576,1,106,4165,123,95,68.52,2.07,130,1,US,802,BlockApportionment:US.BlockGroups;PointsLayer:US.BlockPoints,2.191,2.576,1,23.03,5.17,10.72,21.37,3.88,4.52,2.47,21.35,109,113,0.6475,17.47,29.74,16.36,0,0,,,8,0,0,0,0,0,0,0,0,0,0,0,439,415,0,0,2,0,0.0,1061.12,0,0.0,1061.12,0,0.0,1108.06,7,0,0.0,1062.18,0.0,0,0.0,0,0.0,0,100.0,1,0.0,0,2.58,22.34,55.67,2.75,19.24,5,68.19,55,28,0,,,0,0,34.12071437642967,-118.1916725313676,reconstructed,0.5816859128517444,106,4165,95,23.03,5.17,10.72,21.37,3.88,4.52,2.07,21.35,113,pct_below_poverty,lausd_school_site_count,-0.0027075595693854156
BC-29,38,US,789,BlockApportionment:US.BlockGroups;PointsLayer:US.BlockPoints,2.191,2.576,1,113,3986,127,207,70.2,1.45,84,38,US,789,BlockApportionment:US.BlockGroups;PointsLayer:US.BlockPoints,2.191,2.576,1,23.83,7.2,17.01,27.8,3.98,8.17,1.44,19.2,79,78,0.6475,17.47,29.74,16.36,0,0,,,49,0,1,0,0,1,2,1,0,0,0,0,560,522,0,2,0,0,0.0,571.66,0,0.0,571.66,0,0.0,619.58,19,0,0.0,584.84,0.0,0,0.0,0,0.0,0,100.0,1,0.0,0,0.88,15.9,58.83,4.24,21.02,5,70.92,55,29,1,34.109831206,-118.191415022,3,1,34.11292887802106,-118.19166489222506,detection_avg,0.6455439776582462,113,3986,207,23.83,7.2,17.01,27.8,3.98,8.17,1.45,19.2,78,2023 Pop w/Income Below Poverty Level (ACS 5-Yr): Percent,fire_station_count,-0.01000072039632176
BC-30,20,US,771,BlockApportionment:US.BlockGroups;PointsLayer:US.BlockPoints,2.191,2.576,1,72,3037,108,107,74.65,3.57,111,20,US,771,BlockApportionment:US.BlockGroups;PointsLayer:US.BlockPoints,2.191,2.576,1,19.64,6.17,10.59,15.74,5.15,3.2,5.41,18.18,110,111,0.6475,17.47,29.74,16.36,0,0,,,0,0,0,0,0,1,0,0,0,0,0,0,193,218,0,0,3,18,2478.11,41.86,18,2478.11,41.86,1,915.84,15.94,0,2,1838.33,53.86,0.0,0,0.0,0,0.0,0,100.0,1,0.0,0,9.48,39.48,34.83,5.69,20.0,5,51.54,55,30,0,,,1,0,34.10514337961246,-118.19165725308252,reconstructed,0.5650808774633346,72,3037,107,19.64,6.17,10.59,15.74,5.15,3.2,3.57,18.18,111,pct_below_poverty,lausd_school_site_count,-0.0043361875703058425
BC-31,46,US,747,BlockApportionment:US.BlockGroups;PointsLayer:US.BlockPoints,2.191,2.576,1,62,1283,90,48,35.54,3.05,172,46,US,747,BlockApportionment:US.BlockGroups;PointsLayer:US.BlockPoints,2.191,2.576,1,13.47,5.9,6.71,4.69,1.97,1.59,3.87,8.88,146,142,0.6475,17.47,29.74,16.36,0,0,,,0,0,0,0,0,0,0,0,0,0,0,0,59,62,0,0,0,0,0.0,847.58,0,0.0,847.58,0,0.0,815.25,0,0,0.0,848.74,0.0,0,0.0,0,0.0,0,100.0,1,0.0,0,7.42,56.54,18.55,6.36,18.55,3,40.76,55,31,0,,,0,0,34.097357881203855,-118.19164961394,reconstructed,0.5154148965048446,62,1283,48,13.47,5.9,6.71,4.69,1.97,1.59,3.05,8.88,142,2023 Pop w/Income Below Poverty Level (ACS 5-Yr): Percent,police_station_count,0.0038058992378199995
BC-32,17,US,718,BlockApportionment:US.BlockGroups;PointsLayer:US.BlockPoints,2.191,2.576,1,124,1961,136,174,74.6,2.05,140,17,US,718,BlockApportionment:US.BlockGroups;PointsLayer:US.BlockPoints,2.191,2.576,1,16.17,7.71,12.49,16.79,5.42,3.43,1.54,14.36,135,142,0.6475,17.47,29.74,16.36,0,0,,,32,0,0,0,0,0,1,1,0,0,0,0,98,95,0,2,1,4,779.16,354.12,0,0.0,1396.57,0,0.0,1447.55,6,0,0.0,1473.66,0.0,0,0.0,0,0.0,0,100.0,1,0.0,0,7.23,48.02,26.33,4.3,21.34,3,46.26,55,32,1,34.08635694,-118.1909249,1,1,34.08957238279525,-118.19164197479746,detection_avg,0.6036816520207653,124,1961,174,16.17,7.71,12.49,16.79,5.42,3.43,2.05,14.36,142,recreation_center_count,osm_amenity_count,-0.008904251504797418
BC-33,38,US,689,BlockApportionment:US.BlockGroups;PointsLayer:US.BlockPoints,2.191,2.576,1,115,1426,131,143,80.22,2.46,117,38,US,689,BlockApportionment:US.BlockGroups;PointsLayer:US.BlockPoints,2.191,2.576,1,25.62,7.96,19.75,30.17,6.13,6.74,3.03,18.63,102,108,0.6475,17.47,29.74,16.36,0,0,,,15,0,0,0,0,1,0,0,0,0,0,0,117,120,0,0,2,22,1871.21,168.66,0,0.0,1874.58,0,0.0,1853.57,0,0,0.0,1874.9,0.0,0,0.0,0,0.0,0,100.0,1,0.0,0,5.13,39.12,31.68,5.66,23.54,5,50.64,55,33,0,,,1,0,34.081786884386645,-118.19163433565492,reconstructed,0.6236686895712601,115,1426,143,25.62,7.96,19.75,30.17,6.13,6.74,2.46,18.63,108,pct_below_poverty,lausd_school_site_count,-0.004818866179811765
BC-34,9,US,660,BlockApportionment:US.BlockGroups;PointsLayer:US.BlockPoints,2.191,2.576,1,108,473,94,110,72.3,3.35,98,9,US,660,BlockApportionment:US.BlockGroups;PointsLayer:US.BlockPoints,2.191,2.576,1,40.18,2.74,13.9,21.82,3.39,0.5,3.31,18.78,123,130,0.6475,17.47,29.74,16.36,0,0,,,0,0,0,0,0,1,0,0,0,0,0,0,16,20,0,0,0,2,708.37,285.33,0,0.0,1794.03,0,0.0,1519.31,2,0,0.0,1797.18,0.0,0,0.0,0,0.0,0,100.0,1,0.0,0,1.95,58.94,22.65,3.54,14.87,3,45.27,55,34,0,,,1,0,34.07400138597804,-118.1916266965124,reconstructed,0.5673547128416779,108,473,110,40.18,2.74,13.9,21.82,3.39,0.5,3.35,18.78,130,total_population,police_station_count,0.006339422129472994
BC-35,29,US,630,BlockApportionment:US.BlockGroups;PointsLayer:US.BlockPoints,2.191,2.576,1,182,1755,144,133,80.0,2.87,95,29,US,630,BlockApportionment:US.BlockGroups;PointsLayer:US.BlockPoints,2.191,2.576,1,29.67,4.32,16.43,39.67,9.38,6.3,3.17,16.17,78,81,0.6475,17.47,29.74,16.36,0,0,,,9,0,0,0,0,0,0,0,0,0,0,0,137,134,0,0,3,7,905.2,77.21,0,0.0,929.68,0,0.0,914.15,0,0,0.0,932.89,0.0,0,0.0,0,0.0,0,100.0,1,0.0,0,1.03,11.19,62.65,2.93,23.24,5,73.55,55,35,1,34.06160138,-118.19287154,0,1,34.066215887569435,-118.19161905736983,detection_avg,0.6336772694779662,182,1755,133,29.67,4.32,16.43,39.67,9.38,6.3,2.87,16.17,81,pct_below_poverty,lausd_school_site_count,0.008280654913776293
BC-36,49,US,600,BlockApportionment:US.BlockGroups;PointsLayer:US.BlockPoints,2.191,2.576,1,201,3654,194,171,92.17,1.0,58,49,US,600,BlockApportionment:US.BlockGroups;PointsLayer:US.BlockPoints,2.191,2.576,1,41.75,12.78,28.57,25.73,9.63,8.39,2.28,22.55,68,69,0.6475,17.47,29.74,16.36,0,0,,,12,0,0,0,0,1,0,1,0,0,0,0,141,136,0,0,2,8,3710.03,65.33,8,3710.03,65.33,0,0.0,926.58,0,4,3609.93,68.61,0.0,0,0.0,0,0.0,0,100.0,1,0.0,0,0.71,15.4,61.24,5.31,18.05,5,72.66,55,36,1,34.05476936,-118.19481691,1,1,34.058430389160826,-118.19161141822732,detection_avg,0.6540711791682546,201,3654,171,41.75,12.78,28.57,25.73,9.63,8.39,1.0,22.55,69,2023 Pop w/Income Below Poverty Level (ACS 5-Yr): Percent,police_station_count,-0.010581736436048863
BC-37,13,US,564,BlockApportionment:US.BlockGroups;PointsLayer:US.BlockPoints,2.191,2.576,1,136,6004,176,107,94.17,1.68,83,13,US,564,BlockApportionment:US.BlockGroups;PointsLayer:US.BlockPoints,2.191,2.576,1,24.65,4.82,21.24,15.57,7.12,8.2,1.05,23.51,82,81,0.6475,17.47,29.74,16.36,0,0,,,30,0,0,0,0,0,0,1,0,0,0,0,163,152,0,0,0,0,0.0,741.29,0,0.0,741.29,0,0.0,1381.64,0,0,0.0,741.6,0.0,0,0.0,0,0.0,0,100.0,1,0.0,0,2.24,16.55,63.28,0.69,19.48,5,73.62,55,37,1,34.0494733775,-118.195969985,0,1,34.050644890752224,-118.1916037790848,detection_avg,0.6587802333301485,136,6004,107,24.65,4.82,21.24,15.57,7.12,8.2,1.68,23.51,81,2023 Pop 35-64: No Health Insurance (ACS 5-Yr): Percent,affordable_housing_count,-0.004683349301768703
BC-38,27,US,528,BlockApportionment:US.BlockGroups;PointsLayer:US.BlockPoints,2.191,2.576,1,174,4819,199,186,96.78,1.26,77,27,US,528,BlockApportionment:US.BlockGroups;PointsLayer:US.BlockPoints,2.191,2.576,1,34.04,2.02,18.12,32.71,7.72,9.43,0.96,25.67,76,78,0.6475,17.47,29.74,16.36,0,0,,,12,0,0,0,0,1,0,0,0,0,0,0,117,114,0,0,2,0,0.0,976.31,0,0.0,976.31,0,0.0,1968.46,4,0,0.0,1005.31,0.0,0,0.0,0,0.0,0,100.0,1,0.0,0,2.12,23.19,63.01,0.71,13.1,5,73.47,55,38,0,,,1,0,34.042859392343615,-118.19159613994223,reconstructed,0.6309809087531344,174,4819,186,34.04,2.02,18.12,32.71,7.72,9.43,1.26,25.67,78,pct_below_poverty,lausd_school_site_count,-0.0049175438990110626
BC-39,41,US,492,BlockApportionment:US.BlockGroups;PointsLayer:US.BlockPoints,2.191,2.576,1,184,4044,198,88,96.61,1.46,96,41,US,492,BlockApportionment:US.BlockGroups;PointsLayer:US.BlockPoints,2.191,2.576,1,26.94,3.97,15.95,19.52,7.57,11.91,1.15,20.04,78,79,0.6475,17.47,29.74,16.36,0,0,,,30,0,0,0,0,0,0,0,0,0,0,1,187,167,0,0,1,14,2430.78,111.9,14,2430.78,111.9,0,0.0,2508.49,5,2,1560.8,153.1,0.0,0,0.0,0,0.0,0,100.0,1,0.0,0,2.24,17.41,65.69,0.86,16.03,5,75.31,55,39,0,,,0,0,34.035073893935014,-118.19158850079972,reconstructed,0.6599249833722951,184,4044,88,26.94,3.97,15.95,19.52,7.57,11.91,1.46,20.04,79,2023 Pop 35-64: No Health Insurance (ACS 5-Yr): Percent,affordable_housing_count,-0.0035957089998104714
BC-40,6,US,457,BlockApportionment:US.BlockGroups;PointsLayer:US.BlockPoints,2.191,2.576,1,156,4462,196,164,96.17,0.84,77,6,US,457,BlockApportionment:US.BlockGroups;PointsLayer:US.BlockPoints,2.191,2.576,1,26.74,3.85,21.37,25.12,8.96,8.96,1.49,25.27,68,69,0.6475,17.47,29.74,16.36,0,0,,,36,0,0,0,0,0,1,0,0,0,0,0,140,130,0,0,4,17,990.63,104.76,0,0.0,540.98,0,0.0,1972.17,19,0,0.0,550.11,0.0,0,0.0,0,0.0,0,100.0,1,0.0,0,1.6,17.73,70.04,0.71,11.52,5,78.55,55,40,0,,,1,0,34.027288395526405,-118.1915808616572,reconstructed,0.6778195830063042,156,4462,164,26.74,3.85,21.37,25.12,8.96,8.96,0.84,25.27,69,pct_below_poverty,lausd_school_site_count,0.01055260281548557
BC-41,21,US,422,BlockApportionment:US.BlockGroups;PointsLayer:US.BlockPoints,2.191,2.576,1,229,2527,222,55,97.47,1.79,65,21,US,422,BlockApportionment:US.BlockGroups;PointsLayer:US.BlockPoints,2.191,2.576,1,40.6,2.66,27.37,28.5,18.3,9.54,2.0,20.27,64,61,0.6475,17.47,29.74,16.36,0,0,,,33,0,0,0,0,0,0,0,0,0,0,0,102,92,0,0,0,20,1822.39,289.63,20,1822.39,289.63,0,0.0,1120.04,1,2,1236.88,295.17,0.0,0,0.0,0,0.0,0,100.0,1,0.0,0,0.71,6.19,87.61,0.53,5.66,5,91.11,55,41,1,34.01653178,-118.1942649,0,1,34.0195028971178,-118.19157322251463,detection_avg,0.6169257642868411,229,2527,55,40.6,2.66,27.37,28.5,18.3,9.54,1.79,20.27,61,2023 Pop w/Income Below Poverty Level (ACS 5-Yr): Percent,police_station_count,-0.00993437863473498
BC-42,36,US,387,BlockApportionment:US.BlockGroups;PointsLayer:US.BlockPoints,2.191,2.576,1,0,0,0,0,0.0,0.0,0,36,US,387,BlockApportionment:US.BlockGroups;PointsLayer:US.BlockPoints,2.191,2.576,1,0.0,0.0,0.0,0.0,0.0,0.0,0.0,0.0,0,0,0.6475,17.47,29.74,16.36,0,0,,,0,0,0,0,0,0,0,0,0,0,0,0,1,1,0,0,0,8,873.78,146.59,0,0.0,1134.35,1,127.14,338.94,0,0,0.0,1159.02,0.0,0,0.0,0,0.0,0,100.0,1,0.0,0,0.0,0.69,96.89,0.69,1.73,5,97.82,55,42,0,,,0,0,34.011717398709195,-118.19156558337212,reconstructed,0.5478150326286089,0,0,0,0.0,0.0,0.0,0.0,0.0,0.0,0.0,0.0,0,total_crime_est,police_station_count,0.01563103795160291
BD-28,2,US,803,BlockApportionment:US.BlockGroups;PointsLayer:US.BlockPoints,2.191,2.576,1,110,2379,132,62,62.04,2.3,120,2,US,803,BlockApportionment:US.BlockGroups;PointsLayer:US.BlockPoints,2.191,2.576,1,13.08,4.65,20.13,36.94,1.51,7.85,2.5,16.43,129,136,0.6475,17.47,29.74,16.36,0,0,,,12,0,0,0,0,0,0,0,0,0,0,0,291,310,0,0,3,0,0.0,1162.7,0,0.0,1162.7,0,0.0,1130.24,1,0,0.0,1192.28,0.0,0,0.0,0,0.0,0,100.0,1,0.0,0,3.72,28.85,44.96,3.72,22.48,5,60.36,56,28,0,,,0,0,34.12070756234755,-118.18356478757032,reconstructed,0.6043038837651824,110,2379,62,13.08,4.65,20.13,36.94,1.51,7.85,2.3,16.43,136,pct_below_poverty,lausd_school_site_count,0.008644130513024264
BD-29,39,US,790,BlockApportionment:US.BlockGroups;PointsLayer:US.BlockPoints,2.191,2.576,1,113,3315,133,160,66.46,1.95,115,39,US,790,BlockApportionment:US.BlockGroups;PointsLayer:US.BlockPoints,2.191,2.576,1,23.79,4.33,8.34,17.9,5.13,4.3,2.63,16.48,118,119,0.6475,17.47,29.74,16.36,0,0,,,63,0,0,1,0,1,1,0,0,0,0,0,378,363,0,1,1,8,1023.57,360.78,8,1023.57,360.78,1,145.09,410.78,7,2,813.36,361.34,0.0,0,0.0,0,0.0,0,100.0,1,0.0,0,1.9,20.69,56.38,3.79,19.14,5,68.9,56,29,1,34.1151065,-118.18374163,2,1,34.11292206393894,-118.18355714842778,detection_avg,0.6039057084403212,113,3315,160,23.79,4.33,8.34,17.9,5.13,4.3,1.95,16.48,119,pct_below_poverty,lausd_school_site_count,0.00702349502187511
BD-30,21,US,772,BlockApportionment:US.BlockGroups;PointsLayer:US.BlockPoints,2.191,2.576,1,67,2135,91,138,47.63,1.55,136,21,US,772,BlockApportionment:US.BlockGroups;PointsLayer:US.BlockPoints,2.191,2.576,1,25.35,1.78,5.69,23.57,6.83,4.71,1.79,15.17,133,134,0.6475,17.47,29.74,16.36,0,0,,,0,0,0,0,0,0,0,0,0,0,0,0,187,201,0,0,0,16,1621.83,154.93,16,1621.83,154.93,1,889.75,220.07,3,2,1285.85,250.63,0.0,0,0.0,0,0.0,0,100.0,1,0.0,0,7.08,33.63,36.81,9.2,20.35,5,53.64,56,30,0,,,0,0,34.10513656553034,-118.18354950928526,reconstructed,0.5623627719964261,67,2135,138,25.35,1.78,5.69,23.57,6.83,4.71,1.55,15.17,134,2023 Pop w/Income Below Poverty Level (ACS 5-Yr): Percent,police_station_count,0.00445669639119784
BD-31,47,US,748,BlockApportionment:US.BlockGroups;PointsLayer:US.BlockPoints,2.191,2.576,1,30,3063,45,55,36.21,2.3,138,47,US,748,BlockApportionment:US.BlockGroups;PointsLayer:US.BlockPoints,2.191,2.576,1,32.59,1.63,6.16,7.45,3.41,0.48,2.33,11.93,117,117,0.6475,17.47,29.74,16.36,0,0,,,0,0,0,0,0,1,0,0,0,0,0,0,182,202,0,0,0,0,0.0,839.6,0,0.0,839.6,0,0.0,801.1,0,0,0.0,869.69,0.0,0,0.0,0,0.0,0,100.0,1,0.0,0,11.7,42.38,31.21,8.69,17.73,5,48.34,56,31,0,,,1,0,34.09735106712173,-118.18354187014272,reconstructed,0.5228244818544717,30,3063,55,32.59,1.63,6.16,7.45,3.41,0.48,2.3,11.93,117,total_crime_est,police_station_count,0.007290162331362369
BD-32,18,US,719,BlockApportionment:US.BlockGroups;PointsLayer:US.BlockPoints,2.191,2.576,1,95,1985,98,136,69.52,2.24,98,18,US,719,BlockApportionment:US.BlockGroups;PointsLayer:US.BlockPoints,2.191,2.576,1,46.84,6.32,14.69,26.38,5.11,3.37,1.52,16.89,95,101,0.6475,17.47,29.74,16.36,0,0,,,0,0,0,0,0,0,0,0,0,0,0,0,138,143,0,0,0,0,0.0,599.04,0,0.0,1537.31,0,0.0,1506.17,0,0,0.0,1544.2,0.0,0,0.0,0,0.0,0,100.0,1,0.0,0,10.5,43.72,30.29,7.23,18.76,5,48.05,56,32,0,,,0,0,34.08956556871313,-118.18353423100018,reconstructed,0.5565591652730385,95,1985,136,46.84,6.32,14.69,26.38,5.11,3.37,2.24,16.89,101,total_population,police_station_count,-0.002654635410230745
BD-33,39,US,690,BlockApportionment:US.BlockGroups;PointsLayer:US.BlockPoints,2.191,2.576,1,107,3816,113,107,78.25,1.27,83,39,US,690,BlockApportionment:US.BlockGroups;PointsLayer:US.BlockPoints,2.191,2.576,1,30.11,5.74,22.69,40.66,6.15,5.34,1.66,20.19,85,91,0.6475,17.47,29.74,16.36,0,0,,,24,0,1,0,0,0,0,0,0,0,0,0,217,226,0,1,1,10,1602.43,235.85,0,0.0,2215.69,0,0.0,1532.47,4,0,0.0,2315.5,0.0,0,0.0,0,0.0,0,100.0,1,0.0,0,6.39,28.6,52.04,3.2,16.16,5,64.51,56,33,1,34.085123475,-118.18561552,0,1,34.08178007030452,-118.18352659185766,detection_avg,0.6167479794399415,107,3816,107,30.11,5.74,22.69,40.66,6.15,5.34,1.27,20.19,91,2023 Pop w/Income Below Poverty Level (ACS 5-Yr): Percent,fire_station_count,-0.014070262207303274
BD-34,10,US,661,BlockApportionment:US.BlockGroups;PointsLayer:US.BlockPoints,2.191,2.576,1,104,1266,100,157,78.99,2.89,95,10,US,661,BlockApportionment:US.BlockGroups;PointsLayer:US.BlockPoints,2.191,2.576,1,35.58,5.81,28.75,36.42,2.8,1.79,5.51,23.36,104,110,0.6475,17.47,29.74,16.36,0,0,,,12,0,0,0,0,1,0,1,1,0,0,0,40,48,0,1,2,0,0.0,969.64,0,0.0,1844.31,0,0.0,1731.64,0,0,0.0,1862.63,0.0,0,0.0,0,0.0,0,100.0,1,0.0,0,5.68,60.76,26.16,3.27,9.81,3,46.61,56,34,0,,,1,0,34.07399457189592,-118.18351895271512,reconstructed,0.5819294050230411,104,1266,157,35.58,5.81,28.75,36.42,2.8,1.79,2.89,23.36,110,2023 Pop w/Income Below Poverty Level (ACS 5-Yr): Percent,police_station_count,-0.010645812004364045
BD-35,30,US,631,BlockApportionment:US.BlockGroups;PointsLayer:US.BlockPoints,2.191,2.576,1,123,1515,103,162,73.27,2.82,95,30,US,631,BlockApportionment:US.BlockGroups;PointsLayer:US.BlockPoints,2.191,2.576,1,37.73,4.46,13.72,23.57,5.29,1.89,2.82,18.66,109,114,0.6475,17.47,29.74,16.36,0,0,,,15,0,1,0,0,1,0,0,0,0,0,0,63,79,0,0,5,11,504.62,375.88,0,0.0,1112.17,0,0.0,1778.31,1,0,0.0,1117.51,0.0,0,0.0,0,0.0,0,100.0,1,0.0,0,10.11,38.12,43.26,2.48,16.13,5,57.25,56,35,0,,,1,0,34.06620907348731,-118.18351131357258,reconstructed,0.5700743843769955,123,1515,162,37.73,4.46,13.72,23.57,5.29,1.89,2.82,18.66,114,pct_below_poverty,lausd_school_site_count,-0.018254256639602038
BD-36,0,US,601,BlockApportionment:US.BlockGroups;PointsLayer:US.BlockPoints,2.191,2.576,1,217,1366,165,150,87.63,1.67,100,0,US,601,BlockApportionment:US.BlockGroups;PointsLayer:US.BlockPoints,2.191,2.576,1,27.66,3.99,14.81,20.69,11.07,4.7,2.37,22.03,86,88,0.6475,17.47,29.74,16.36,0,0,,,12,0,0,0,0,0,0,0,0,0,0,0,100,110,0,0,0,14,2352.22,267.02,6,1745.92,353.33,0,0.0,1561.26,0,4,1634.91,358.85,0.0,0,0.0,0,0.0,0,100.0,1,0.0,0,3.28,10.34,70.34,3.28,16.03,5,78.25,56,36,0,,,0,0,34.058423575078706,-118.18350367443006,reconstructed,0.5998162684850165,217,1366,150,27.66,3.99,14.81,20.69,11.07,4.7,1.67,22.03,88,total_crime_est,affordable_housing_count,-0.00449244123944705
BD-37,14,US,565,BlockApportionment:US.BlockGroups;PointsLayer:US.BlockPoints,2.191,2.576,1,169,3070,184,155,88.93,1.99,104,14,US,565,BlockApportionment:US.BlockGroups;PointsLayer:US.BlockPoints,2.191,2.576,1,31.05,3.22,11.92,36.2,9.41,9.14,2.38,24.8,98,103,0.6475,17.47,29.74,16.36,0,0,,,30,0,0,0,0,0,0,0,0,0,0,0,68,77,0,0,0,10,1918.31,348.54,10,1918.31,348.54,0,0.0,1543.84,0,4,1303.61,357.18,0.0,0,0.0,0,0.0,0,100.0,1,0.0,0,8.53,34.64,40.5,4.62,20.25,5,55.79,56,37,0,,,0,0,34.0506380766701,-118.18349603528752,reconstructed,0.6017794540069624,169,3070,155,31.05,3.22,11.92,36.2,9.41,9.14,1.99,24.8,103,2023 Pop 35-64: No Health Insurance (ACS 5-Yr): Percent,affordable_housing_count,-0.0043686895424337
BD-38,28,US,529,BlockApportionment:US.BlockGroups;PointsLayer:US.BlockPoints,2.191,2.576,1,178,5019,203,105,93.25,1.39,77,28,US,529,BlockApportionment:US.BlockGroups;PointsLayer:US.BlockPoints,2.191,2.576,1,23.94,3.73,18.94,14.72,7.12,10.14,1.21,18.62,81,84,0.6475,17.47,29.74,16.36,0,0,,,12,0,0,0,0,1,0,0,0,0,0,0,73,57,0,0,3,0,0.0,1096.78,0,0.0,1096.78,0,0.0,1350.66,1,0,0.0,1196.43,0.0,0,0.0,0,0.0,0,100.0,1,0.0,0,2.48,18.62,60.64,1.6,19.15,5,71.7,56,38,0,,,1,0,34.042852578261495,-118.18348839614498,reconstructed,0.6345741217281075,178,5019,105,23.94,3.73,18.94,14.72,7.12,10.14,1.39,18.62,84,pct_below_poverty,lausd_school_site_count,0.009676337745837997
BD-41,22,US,423,BlockApportionment:US.BlockGroups;PointsLayer:US.BlockPoints,2.191,2.576,1,194,5470,219,140,96.86,0.68,74,22,US,423,BlockApportionment:US.BlockGroups;PointsLayer:US.BlockPoints,2.191,2.576,1,34.28,3.92,16.76,19.24,9.55,10.36,0.5,23.66,66,65,0.6475,17.47,29.74,16.36,0,0,,,36,2,0,0,0,2,0,0,0,0,0,0,88,68,0,0,4,26,2584.36,115.97,14,1923.25,115.97,0,0.0,1822.98,21,2,1628.74,117.72,0.0,0,0.0,0,0.0,0,100.0,1,0.0,0,0.17,9.12,72.29,1.03,17.56,5,80.55,56,41,0,,,2,0,34.01949608303568,-118.18346547871738,reconstructed,0.6666847720965156,194,5470,140,34.28,3.92,16.76,19.24,9.55,10.36,0.68,23.66,65,pct_below_poverty,lausd_school_site_count,0.007363055657613794
BD-42,37,US,388,BlockApportionment:US.BlockGroups;PointsLayer:US.BlockPoints,2.191,2.576,1,222,1137,230,52,97.98,1.42,65,37,US,388,BlockApportionment:US.BlockGroups;PointsLayer:US.BlockPoints,2.191,2.576,1,37.86,2.47,22.36,31.37,8.89,10.01,1.47,26.32,59,59,0.6475,17.47,29.74,16.36,0,0,,,0,0,0,0,0,0,0,0,0,0,0,0,25,27,0,0,2,0,0.0,534.43,0,0.0,620.86,0,0.0,1198.32,2,0,0.0,729.47,0.0,0,0.0,0,0.0,0,100.0,1,0.0,0,0.35,6.56,83.87,1.06,8.51,5,88.6,56,42,0,,,0,0,34.011710584627075,-118.18345783957484,reconstructed,0.5953573622422706,222,1137,52,37.86,2.47,22.36,31.37,8.89,10.01,1.42,26.32,59,2023 Pop w/Income Below Poverty Level (ACS 5-Yr): Percent,police_station_count,-0.004954010470692697
BE-28,3,US,804,BlockApportionment:US.BlockGroups;PointsLayer:US.BlockPoints,2.191,2.576,1,69,3693,118,150,59.46,4.05,126,3,US,804,BlockApportionment:US.BlockGroups;PointsLayer:US.BlockPoints,2.191,2.576,1,21.58,5.06,9.43,18.74,1.98,2.96,4.49,16.74,118,122,0.6475,17.47,29.74,16.36,0,0,,,12,0,0,0,0,0,0,0,0,0,0,0,244,222,0,1,1,2,375.31,436.5,2,375.31,436.5,0,0.0,505.94,0,2,366.27,437.84,0.0,0,0.0,0,0.0,0,100.0,1,0.0,0,8.46,29.02,47.67,4.66,18.65,5,60.83,57,28,0,,,0,0,34.12070074826542,-118.17545704377304,reconstructed,0.5421651878570083,69,3693,150,21.58,5.06,9.43,18.74,1.98,2.96,4.05,16.74,122,pct_below_poverty,lausd_school_site_count,0.006420544465009718
BE-29,40,US,791,BlockApportionment:US.BlockGroups;PointsLayer:US.BlockPoints,2.191,2.576,1,49,1916,90,143,35.59,2.06,164,40,US,791,BlockApportionment:US.BlockGroups;PointsLayer:US.BlockPoints,2.191,2.576,1,14.14,2.06,4.5,16.95,2.64,3.01,3.44,13.78,150,147,0.6475,17.47,29.74,16.36,0,0,,,12,0,0,0,0,0,0,0,0,0,0,0,67,59,0,0,0,11,1915.67,282.89,11,1915.67,282.89,1,902.58,253.54,1,2,1570.57,283.6,0.0,0,0.0,0,0.0,0,100.0,1,0.0,0,13.3,38.65,36.52,4.79,20.04,5,51.57,57,29,0,,,0,0,34.11291524985682,-118.17544940463053,reconstructed,0.53675887373695,49,1916,143,14.14,2.06,4.5,16.95,2.64,3.01,2.06,13.78,147,2023 Pop w/Income Below Poverty Level (ACS 5-Yr): Percent,police_station_count,0.004979336032473855
BE-32,19,US,720,BlockApportionment:US.BlockGroups;PointsLayer:US.BlockPoints,2.191,2.576,1,115,3467,126,98,85.23,1.52,86,19,US,720,BlockApportionment:US.BlockGroups;PointsLayer:US.BlockPoints,2.191,2.576,1,25.21,4.33,11.2,13.23,8.78,6.79,0.83,24.64,91,92,0.6475,17.47,29.74,16.36,0,0,,,45,0,0,0,0,1,1,0,0,0,0,0,295,273,0,1,4,31,1947.86,6.79,0,0.0,1877.69,0,0.0,721.29,3,0,0.0,2078.73,0.0,0,0.0,0,0.0,0,100.0,1,0.0,0,1.03,16.01,63.17,2.07,18.76,5,73.91,57,32,0,,,2,0,34.089558754631,-118.17542648720293,reconstructed,0.625205878916224,115,3467,98,25.21,4.33,11.2,13.23,8.78,6.79,1.52,24.64,92,pct_below_poverty,lausd_school_site_count,-0.004561695700257807
BE-33,40,US,691,BlockApportionment:US.BlockGroups;PointsLayer:US.BlockPoints,2.191,2.576,1,139,2942,142,155,81.68,3.12,99,40,US,691,BlockApportionment:US.BlockGroups;PointsLayer:US.BlockPoints,2.191,2.576,1,35.64,4.01,12.83,16.02,8.04,4.21,2.37,15.67,111,122,0.6475,17.47,29.74,16.36,0,0,,,18,0,0,0,0,0,0,0,0,0,0,1,193,188,0,1,4,0,0.0,750.18,0,0.0,1354.17,0,0.0,894.31,0,0,0.0,1499.67,0.0,0,0.0,0,0.0,0,100.0,1,0.0,0,4.78,30.09,42.65,3.54,23.72,5,58.42,57,33,0,,,0,0,34.0817732562224,-118.17541884806036,reconstructed,0.594840241113103,139,2942,155,35.64,4.01,12.83,16.02,8.04,4.21,3.12,15.67,122,total_population,police_station_count,-0.0025683884790585173
BE-34,11,US,662,BlockApportionment:US.BlockGroups;PointsLayer:US.BlockPoints,2.191,2.576,1,122,2789,115,321,75.51,1.63,87,11,US,662,BlockApportionment:US.BlockGroups;PointsLayer:US.BlockPoints,2.191,2.576,1,28.15,7.55,16.37,23.91,4.15,6.4,1.42,23.19,88,96,0.6475,17.47,29.74,16.36,0,0,,,12,0,0,0,0,0,0,0,0,0,0,0,193,184,0,0,0,6,787.29,185.28,0,0.0,1093.99,0,0.0,1166.0,0,0,0.0,1137.2,0.0,0,0.0,0,0.0,0,100.0,1,0.0,0,1.4,30.12,46.58,2.1,21.19,5,62.19,57,34,1,34.07243801,-118.17353916,0,1,34.0739877578138,-118.17541120891784,detection_avg,0.6247031862515209,122,2789,321,28.15,7.55,16.37,23.91,4.15,6.4,1.63,23.19,96,2023 Pop 35-64: No Health Insurance (ACS 5-Yr): Percent,police_station_count,0.003103383808328711
BE-35,31,US,632,BlockApportionment:US.BlockGroups;PointsLayer:US.BlockPoints,2.191,2.576,1,139,1717,110,207,74.2,2.14,105,31,US,632,BlockApportionment:US.BlockGroups;PointsLayer:US.BlockPoints,2.191,2.576,1,24.34,9.15,6.19,19.23,5.53,1.02,1.99,25.42,96,100,0.6475,17.47,29.74,16.36,0,0,,,33,0,0,0,0,2,0,0,0,0,0,0,139,143,0,1,0,23,2863.2,338.11,16,2489.17,363.95,0,0.0,1071.46,0,4,1361.73,365.16,0.0,0,0.0,0,0.0,0,100.0,1,0.0,0,1.92,24.91,43.38,3.31,28.4,5,59.79,57,35,0,,,2,0,34.06620225940519,-118.17540356977533,reconstructed,0.5896694558064566,139,1717,207,24.34,9.15,6.19,19.23,5.53,1.02,2.14,25.42,100,2023 Pop w/Income Below Poverty Level (ACS 5-Yr): Percent,police_station_count,0.004154199085047858
BF-32,20,US,721,BlockApportionment:US.BlockGroups;PointsLayer:US.BlockPoints,2.191,2.576,1,106,4284,134,183,79.34,1.57,105,20,US,721,BlockApportionment:US.BlockGroups;PointsLayer:US.BlockPoints,2.191,2.576,1,28.72,2.74,16.97,18.33,5.9,5.74,1.01,20.82,97,100,0.6475,17.47,29.74,16.36,0,0,,,36,0,0,1,0,1,0,0,0,0,0,0,150,151,0,0,1,15,1790.28,170.62,0,0.0,1894.24,1,0.79,432.77,0,0,0.0,2116.76,0.0,0,0.0,0,0.0,0,100.0,1,0.0,0,2.13,31.21,41.84,5.14,21.81,5,58.65,58,32,1,34.0917155675,-118.16281491,1,1,34.08955194054888,-118.16731874340564,detection_avg,0.6262209090001937,106,4284,183,28.72,2.74,16.97,18.33,5.9,5.74,1.57,20.82,100,pct_below_poverty,lausd_school_site_count,-0.004777826770851386
BF-33,41,US,692,BlockApportionment:US.BlockGroups;PointsLayer:US.BlockPoints,2.191,2.576,1,95,3598,116,181,83.66,2.12,102,41,US,692,BlockApportionment:US.BlockGroups;PointsLayer:US.BlockPoints,2.191,2.576,1,35.92,6.76,7.17,16.96,12.66,3.0,1.88,17.95,91,97,0.6475,17.47,29.74,16.36,0,0,,,0,0,0,0,0,0,0,0,0,0,0,0,161,154,0,0,2,0,0.0,664.88,0,0.0,1094.38,3,1023.67,197.32,0,0,0.0,1305.13,0.0,0,0.0,0,0.0,0,100.0,1,0.0,0,3.01,25.71,50.89,1.95,21.45,5,64.72,58,33,0,,,0,0,34.08176644214028,-118.1673111042631,reconstructed,0.5709482144550434,95,3598,181,35.92,6.76,7.17,16.96,12.66,3.0,2.12,17.95,97,2023 Pop w/Income Below Poverty Level (ACS 5-Yr): Percent,police_station_count,0.0034788514689593204
BF-34,12,US,663,BlockApportionment:US.BlockGroups;PointsLayer:US.BlockPoints,2.191,2.576,1,140,1935,124,188,72.2,3.59,92,12,US,663,BlockApportionment:US.BlockGroups;PointsLayer:US.BlockPoints,2.191,2.576,1,32.01,6.23,14.35,32.14,9.34,4.56,2.86,21.49,83,87,0.6475,17.47,29.74,16.36,0,0,,,9,0,0,0,0,0,0,0,0,0,0,0,228,218,0,0,0,15,857.34,136.66,0,0.0,503.44,2,342.65,403.65,0,0,0.0,635.69,0.0,0,0.0,0,0.0,0,100.0,1,0.0,0,3.61,17.21,66.27,2.93,13.6,5,75.31,58,34,1,34.07904601,-118.164599705,0,1,34.07398094373167,-118.16730346512055,detection_avg,0.6195697503342663,140,1935,188,32.01,6.23,14.35,32.14,9.34,4.56,3.59,21.49,87,total_population,police_station_count,-0.0026181823326462132
BF-35,32,US,633,BlockApportionment:US.BlockGroups;PointsLayer:US.BlockPoints,2.191,2.576,1,140,1013,115,369,61.3,1.14,109,32,US,633,BlockApportionment:US.BlockGroups;PointsLayer:US.BlockPoints,2.191,2.576,1,32.43,19.82,5.57,43.33,0.32,0.16,0.45,16.72,104,110,0.6475,17.47,29.74,16.36,0,0,,,0,0,0,0,1,0,0,0,0,0,0,0,14,15,0,0,0,10,2107.35,316.25,10,2107.35,316.25,2,355.95,407.03,4,2,1198.22,328.79,0.0,0,0.0,0,0.0,0,100.0,1,0.0,0,5.85,26.77,48.76,3.19,21.28,5,62.38,58,35,1,34.07067708,-118.16421926,0,1,34.06619544532307,-118.16729582597804,detection_avg,0.5703670035439281,140,1013,369,32.43,19.82,5.57,43.33,0.32,0.16,1.14,16.72,110,2023 Pop w/Income Below Poverty Level (ACS 5-Yr): Percent,college_count,0.004737816522911076
BG-31,48,US,749,BlockApportionment:US.BlockGroups;PointsLayer:US.BlockPoints,2.191,2.576,1,101,2769,126,186,66.59,3.65,126,48,US,749,BlockApportionment:US.BlockGroups;PointsLayer:US.BlockPoints,2.191,2.576,1,22.48,1.95,8.62,15.14,3.78,4.93,1.8,17.88,108,110,0.6475,17.47,29.74,16.36,0,0,,,39,0,0,0,0,0,1,0,0,0,0,0,152,128,0,0,1,34,3089.37,40.43,0,0.0,2243.36,0,0.0,1159.08,4,0,0.0,2476.99,0.0,0,0.0,0,0.0,0,100.0,1,0.0,0,6.37,29.56,52.92,2.12,15.4,5,65.13,59,31,1,34.09322788,-118.16174999,1,1,34.09733062487536,-118.1592186387509,detection_avg,0.5783684038720693,101,2769,186,22.48,1.95,8.62,15.14,3.78,4.93,3.65,17.88,110,pct_below_poverty,lausd_school_site_count,0.006895975131116647
BG-32,21,US,722,BlockApportionment:US.BlockGroups;PointsLayer:US.BlockPoints,2.191,2.576,1,94,2378,107,100,63.79,3.62,125,21,US,722,BlockApportionment:US.BlockGroups;PointsLayer:US.BlockPoints,2.191,2.576,1,26.23,1.95,9.08,21.32,5.77,2.73,2.65,19.92,98,100,0.6475,17.47,29.74,16.36,0,0,,,0,0,0,0,0,0,0,0,0,0,0,0,49,38,0,0,0,0,0.0,591.93,0,0.0,1382.76,0,0.0,614.87,0,0,0.0,1615.66,0.0,0,0.0,0,0.0,0,100.0,1,0.0,0,6.22,34.2,44.21,1.9,19.69,5,59.08,59,32,0,,,0,0,34.08954512646676,-118.15921099960838,reconstructed,0.5541597417233155,94,2378,100,26.23,1.95,9.08,21.32,5.77,2.73,3.62,19.92,100,total_population,police_station_count,-0.002737949524825107
BG-33,42,US,693,BlockApportionment:US.BlockGroups;PointsLayer:US.BlockPoints,2.191,2.576,1,114,1581,104,83,63.57,4.48,125,42,US,693,BlockApportionment:US.BlockGroups;PointsLayer:US.BlockPoints,2.191,2.576,1,22.92,3.74,11.72,26.25,6.14,3.0,3.56,22.51,104,109,0.6475,17.47,29.74,16.36,0,0,,,0,0,0,0,0,0,0,0,0,0,0,0,43,38,0,0,0,7,771.04,366.03,0,0.0,535.69,3,318.87,337.05,1,0,0.0,762.11,0.0,0,0.0,0,0.0,0,100.0,1,0.0,0,1.77,18.26,64.54,3.72,13.48,5,74.65,59,33,1,34.07895102,-118.16243697666668,0,1,34.08175962805815,-118.15920336046584,detection_avg,0.5722706864977212,114,1581,83,22.92,3.74,11.72,26.25,6.14,3.0,4.48,22.51,109,total_population,police_station_count,-0.002075079603747237
BG-34,13,US,664,BlockApportionment:US.BlockGroups;PointsLayer:US.BlockPoints,2.191,2.576,1,70,2234,89,93,54.52,2.09,137,13,US,664,BlockApportionment:US.BlockGroups;PointsLayer:US.BlockPoints,2.191,2.576,1,29.82,4.03,6.8,38.91,3.74,1.78,2.36,13.08,123,125,0.6475,17.47,29.74,16.36,0,0,,,6,0,0,0,0,0,0,0,0,0,0,0,34,26,0,0,0,25,1991.18,191.98,10,1333.8,191.98,3,683.54,264.24,0,4,859.68,189.36,0.0,0,0.0,0,0.0,0,100.0,1,0.0,0,5.34,24.27,49.23,3.79,22.72,5,62.86,59,34,0,,,0,0,34.07397412964955,-118.1591957213233,reconstructed,0.5537494648430107,70,2234,93,29.82,4.03,6.8,38.91,3.74,1.78,2.09,13.08,125,2023 Pop w/Income Below Poverty Level (ACS 5-Yr): Percent,police_station_count,0.0037430267396882004
BH-32,22,US,723,BlockApportionment:US.BlockGroups;PointsLayer:US.BlockPoints,2.191,2.576,1,132,2143,120,38,51.84,2.18,118,22,US,723,BlockApportionment:US.BlockGroups;PointsLayer:US.BlockPoints,2.191,2.576,1,15.59,1.43,17.82,39.16,10.38,4.16,1.44,17.95,94,97,0.6475,17.47,29.74,16.36,0,0,,,33,0,1,0,0,0,1,0,0,0,0,0,29,24,0,0,0,23,1749.88,290.29,0,0.0,2025.83,0,0.0,1478.84,6,0,0.0,2238.88,0.0,0,0.0,0,0.0,0,100.0,1,0.0,0,0.53,17.35,61.95,1.42,19.29,5,73.21,60,32,0,,,1,0,34.08953831238464,-118.1511032558111,reconstructed,0.6081037957644664,132,2143,38,15.59,1.43,17.82,39.16,10.38,4.16,2.18,17.95,97,2023 Pop w/Income Below Poverty Level (ACS 5-Yr): Percent,fire_station_count,-0.011723392663776542
BH-33,43,US,694,BlockApportionment:US.BlockGroups;PointsLayer:US.BlockPoints,2.191,2.576,1,137,273,115,57,56.78,4.75,132,43,US,694,BlockApportionment:US.BlockGroups;PointsLayer:US.BlockPoints,2.191,2.576,1,20.22,2.25,12.69,31.25,7.89,3.58,3.74,21.8,112,118,0.6475,17.47,29.74,16.36,0,0,,,9,0,0,0,3,0,1,0,0,0,0,0,30,26,0,0,0,0,0.0,727.62,0,0.0,1315.73,0,0.0,1201.41,9,0,0.0,1418.14,0.0,0,0.0,0,0.0,0,100.0,1,0.0,0,0.35,12.87,70.19,0.71,16.23,5,79.03,60,33,0,,,1,0,34.08175281397603,-118.15109561666856,reconstructed,0.5892922272411767,137,273,57,20.22,2.25,12.69,31.25,7.89,3.58,4.75,21.8,118,total_population,police_station_count,0.009544086765776606
C-13,15,US,1216,BlockApportionment:US.BlockGroups;PointsLayer:US.BlockPoints,2.191,2.576,1,98,394,66,67,25.13,1.9,220,15,US,1216,BlockApportionment:US.BlockGroups;PointsLayer:US.BlockPoints,2.191,2.576,1,15.66,1.2,3.86,14.71,3.94,0.0,1.19,18.47,189,181,0.6475,17.47,29.74,16.36,0,0,,,0,0,0,0,0,0,0,0,0,0,0,0,0,0,0,0,0,1,297.77,152.75,0,0.0,4067.66,1,297.77,152.75,0,0,0.0,720.62,31.56,1,0.0,0,0.0,0,100.0,1,0.0,0,0.7,82.55,2.09,1.22,14.14,3,31.25,3,13,0,,,0,0,34.23785118482908,-118.61338979596373,reconstructed,0.5590400793655316,98,394,67,15.66,1.2,3.86,14.71,3.94,0.0,1.9,18.47,181,total_population,police_station_count,0.007532403609573693
C-15,0,US,1151,BlockApportionment:US.BlockGroups;PointsLayer:US.BlockPoints,2.191,2.576,1,87,1448,81,124,26.04,4.09,164,0,US,1151,BlockApportionment:US.BlockGroups;PointsLayer:US.BlockPoints,2.191,2.576,1,28.75,4.76,6.56,27.52,2.47,1.92,3.89,12.3,138,138,0.6475,17.47,29.74,16.36,0,0,,,10,0,0,0,0,1,0,0,0,0,0,0,149,137,0,0,2,9,934.68,55.43,0,0.0,5367.29,0,0.0,1219.36,0,0,0.0,691.86,0.0,0,0.0,0,0.0,0,100.0,1,0.0,0,5.84,23.19,53.27,6.55,16.99,5,65.54,3,15,1,34.21722375,-118.61499122,1,1,34.22228018801187,-118.61337451767864,detection_avg,0.5536205983663378,87,1448,124,28.75,4.76,6.56,27.52,2.47,1.92,4.09,12.3,138,2023 Pop w/Income Below Poverty Level (ACS 5-Yr): Percent,police_station_count,0.003909179133857498
C-16,16,US,1117,BlockApportionment:US.BlockGroups;PointsLayer:US.BlockPoints,2.191,2.576,1,73,1516,69,95,31.0,4.7,137,16,US,1117,BlockApportionment:US.BlockGroups;PointsLayer:US.BlockPoints,2.191,2.576,1,31.23,6.32,7.83,35.65,3.74,3.03,5.05,11.54,116,118,0.6475,17.47,29.74,16.36,0,0,,,3,0,0,0,0,1,0,0,0,0,0,0,141,157,0,0,4,0,0.0,699.34,0,0.0,4508.67,0,0.0,1007.27,0,0,0.0,691.74,0.0,0,0.0,0,0.0,0,100.0,1,0.0,0,4.82,23.92,49.74,7.75,18.59,5,63.37,3,16,0,,,1,0,34.21449468960327,-118.61336687853613,reconstructed,0.5188598260459064,73,1516,95,31.23,6.32,7.83,35.65,3.74,3.03,4.7,11.54,118,2023 Pop w/Income Below Poverty Level (ACS 5-Yr): Percent,police_station_count,0.0029947109398522805
C-17,31,US,1082,BlockApportionment:US.BlockGroups;PointsLayer:US.BlockPoints,2.191,2.576,1,80,2016,84,110,35.02,1.64,139,31,US,1082,BlockApportionment:US.BlockGroups;PointsLayer:US.BlockPoints,2.191,2.576,1,19.86,4.43,4.67,8.47,3.88,2.07,5.32,15.46,137,141,0.6475,17.47,29.74,16.36,0,0,,,12,0,0,0,0,0,3,0,0,0,0,0,199,204,0,0,1,0,0.0,699.41,0,0.0,3653.0,0,0.0,698.57,7,0,0.0,691.96,0.0,0,0.0,0,0.0,0,100.0,1,0.0,0,2.12,19.47,51.68,5.66,23.19,5,65.54,3,17,0,,,3,0,34.20670919119466,-118.6133592393936,reconstructed,0.5315118720900199,80,2016,110,19.86,4.43,4.67,8.47,3.88,2.07,1.64,15.46,141,pct_below_poverty,lausd_school_site_count,0.008289002184461415
C-20,31,US,982,BlockApportionment:US.BlockGroups;PointsLayer:US.BlockPoints,2.191,2.576,1,68,5762,48,152,15.93,2.51,131,31,US,982,BlockApportionment:US.BlockGroups;PointsLayer:US.BlockPoints,2.191,2.576,1,9.99,3.85,10.34,26.23,1.99,1.27,1.86,8.81,117,118,0.6475,17.47,29.74,16.36,0,0,,,0,0,0,0,0,0,2,0,0,0,0,0,247,320,0,0,1,0,0.0,598.14,0,0.0,1169.91,3,708.78,297.99,3,0,0.0,692.63,0.0,0,0.0,0,0.0,0,100.0,1,0.0,0,9.0,30.28,48.96,3.81,16.96,5,61.57,3,20,0,,,2,0,34.18335269596885,-118.613336321966,reconstructed,0.5528896299118919,68,5762,152,9.99,3.85,10.34,26.23,1.99,1.27,2.51,8.81,118,pct_below_poverty,lausd_school_site_count,0.005667545840137878
C-21,48,US,949,BlockApportionment:US.BlockGroups;PointsLayer:US.BlockPoints,2.191,2.576,1,65,1553,49,64,15.58,3.12,145,48,US,949,BlockApportionment:US.BlockGroups;PointsLayer:US.BlockPoints,2.191,2.576,1,21.23,1.7,6.51,30.66,2.16,3.44,2.2,14.67,141,140,0.6475,17.47,29.74,16.36,0,0,,,0,0,0,0,0,0,0,1,0,0,0,1,132,126,0,1,2,7,849.79,408.4,7,849.79,408.4,4,143.32,142.37,7,2,423.79,421.75,0.0,0,0.0,0,0.0,0,100.0,1,0.0,0,5.1,24.78,52.2,5.27,17.75,5,65.01,3,21,0,,,0,0,34.17556719756024,-118.61332868282344,reconstructed,0.5354692387861069,65,1553,64,21.23,1.7,6.51,30.66,2.16,3.44,3.12,14.67,140,recreation_center_count,osm_amenity_count,-0.013540774319090171
C-22,12,US,913,BlockApportionment:US.BlockGroups;PointsLayer:US.BlockPoints,2.191,2.576,1,87,1213,100,76,14.43,1.64,199,12,US,913,BlockApportionment:US.BlockGroups;PointsLayer:US.BlockPoints,2.191,2.576,1,13.52,5.13,6.91,21.68,0.88,4.35,1.6,5.73,167,168,0.6475,17.47,29.74,16.36,0,0,,,9,0,0,1,0,0,1,0,0,0,0,0,216,233,0,0,0,26,2019.87,248.57,20,1913.57,248.57,0,0.0,971.06,7,2,1395.79,245.08,0.0,0,0.0,0,0.0,0,100.0,1,0.0,0,7.45,40.25,36.17,1.77,21.81,5,53.08,3,22,0,,,1,0,34.16778169915164,-118.61332104368093,reconstructed,0.5671938097575915,87,1213,76,13.52,5.13,6.91,21.68,0.88,4.35,1.64,5.73,168,pct_below_poverty,library_count,0.005921762835432722
D-12,48,US,1249,BlockApportionment:US.BlockGroups;PointsLayer:US.BlockPoints,2.191,2.576,1,133,1186,80,71,33.56,4.56,158,48,US,1249,BlockApportionment:US.BlockGroups;PointsLayer:US.BlockPoints,2.191,2.576,1,28.12,2.93,6.13,23.63,1.37,3.43,4.09,14.68,133,137,0.6475,17.47,29.74,16.36,0,0,,,6,0,1,0,0,0,0,0,0,0,0,0,504,541,0,0,0,17,1721.27,84.91,0,0.0,3112.14,1,83.92,39.55,12,4,1783.89,84.23,1.57,1,0.0,0,2.09,1,100.0,1,0.0,0,1.24,11.48,74.2,2.12,12.19,5,81.57,4,12,0,,,0,0,34.245629869155565,-118.60528969130898,reconstructed,0.5934798520382776,133,1186,71,28.12,2.93,6.13,23.63,1.37,3.43,4.56,14.68,137,2023 Pop w/Income Below Poverty Level (ACS 5-Yr): Percent,fire_station_count,0.007195264940790788
D-13,16,US,1217,BlockApportionment:US.BlockGroups;PointsLayer:US.BlockPoints,2.191,2.576,1,99,800,67,67,25.25,2.0,219,16,US,1217,BlockApportionment:US.BlockGroups;PointsLayer:US.BlockPoints,2.191,2.576,1,15.74,1.11,3.92,15.3,3.9,0.09,1.29,18.41,188,182,0.6475,17.47,29.74,16.36,0,0,,,15,0,0,0,0,0,0,0,0,0,0,0,171,177,0,0,0,13,1166.38,54.51,0,0.0,3929.28,4,1017.77,243.23,0,4,1773.57,48.22,2.48,1,2.49,1,0.0,0,100.0,1,0.0,0,3.78,22.51,64.6,3.95,8.93,5,74.09,4,13,1,34.237237203333336,-118.60382310666668,0,1,34.23784437074696,-118.60528205216644,detection_avg,0.5683993316680133,99,800,67,15.74,1.11,3.92,15.3,3.9,0.09,2.0,18.41,182,2023 Pop w/Income Below Poverty Level (ACS 5-Yr): Percent,police_station_count,0.005095447032279742
D-14,33,US,1184,BlockApportionment:US.BlockGroups;PointsLayer:US.BlockPoints,2.191,2.576,1,52,2480,72,412,49.6,3.22,85,33,US,1184,BlockApportionment:US.BlockGroups;PointsLayer:US.BlockPoints,2.191,2.576,1,27.87,4.03,14.0,41.84,3.29,7.0,3.48,18.65,96,99,0.6475,17.47,29.74,16.36,0,0,,,15,0,0,0,0,0,0,0,0,0,0,0,157,170,0,0,0,22,1818.18,217.39,0,0.0,4746.73,4,496.82,362.41,1,2,1973.04,208.55,1.42,1,1.41,1,0.0,0,100.0,1,0.0,0,8.48,33.57,38.34,5.12,22.97,5,54.29,4,14,0,,,0,0,34.230058872338354,-118.6052744130239,reconstructed,0.5626662359665565,52,2480,412,27.87,4.03,14.0,41.84,3.29,7.0,3.22,18.65,99,2023 Pop 35-64: No Health Insurance (ACS 5-Yr): Percent,affordable_housing_count,-0.003986530293006246
D-15,1,US,1152,BlockApportionment:US.BlockGroups;PointsLayer:US.BlockPoints,2.191,2.576,1,69,3398,88,31,51.8,2.03,105,1,US,1152,BlockApportionment:US.BlockGroups;PointsLayer:US.BlockPoints,2.191,2.576,1,19.92,2.27,8.58,31.72,4.61,5.52,1.77,21.96,102,104,0.6475,17.47,29.74,16.36,0,0,,,6,0,0,0,1,1,0,0,0,0,0,1,208,209,0,0,2,13,1336.96,49.63,0,0.0,5565.28,0,0.0,1056.46,1,2,1800.62,41.41,0.0,0,0.0,0,0.0,0,100.0,1,0.0,0,3.61,23.71,48.28,5.5,22.51,5,62.71,4,15,0,,,1,0,34.22227337392975,-118.60526677388138,reconstructed,0.5658729380253542,69,3398,31,19.92,2.27,8.58,31.72,4.61,5.52,2.03,21.96,104,2023 Pop w/Income Below Poverty Level (ACS 5-Yr): Percent,college_count,0.015094464507388302
D-16,17,US,1118,BlockApportionment:US.BlockGroups;PointsLayer:US.BlockPoints,2.191,2.576,1,65,4288,71,121,66.88,4.06,72,17,US,1118,BlockApportionment:US.BlockGroups;PointsLayer:US.BlockPoints,2.191,2.576,1,37.46,4.28,18.04,37.66,9.19,3.86,2.92,22.28,67,69,0.6475,17.47,29.74,16.36,0,0,,,24,0,0,0,0,0,1,1,0,0,0,0,265,266,0,0,0,20,1412.76,49.83,0,0.0,4905.02,0,0.0,1667.99,4,2,1729.69,42.68,0.0,0,0.0,0,0.0,0,100.0,1,0.0,0,1.06,19.26,52.3,6.01,22.44,5,66.29,4,16,0,,,1,0,34.214487875521144,-118.60525913473884,reconstructed,0.5942355740588219,65,4288,121,37.46,4.28,18.04,37.66,9.19,3.86,4.06,22.28,69,2023 Pop w/Income Below Poverty Level (ACS 5-Yr): Percent,fire_station_count,0.0027274469901538813
D-17,32,US,1083,BlockApportionment:US.BlockGroups;PointsLayer:US.BlockPoints,2.191,2.576,1,80,3803,70,174,52.59,4.02,80,32,US,1083,BlockApportionment:US.BlockGroups;PointsLayer:US.BlockPoints,2.191,2.576,1,19.57,10.06,10.42,39.62,4.51,7.93,3.6,24.49,72,75,0.6475,17.47,29.74,16.36,0,0,,,30,0,0,0,0,1,1,0,0,0,0,0,292,296,0,0,1,18,864.86,49.86,0,0.0,4040.73,0,0.0,1181.22,1,2,1729.68,42.84,0.0,0,0.0,0,0.0,0,100.0,1,0.0,0,2.65,17.84,59.54,5.83,16.78,5,70.88,4,17,0,,,2,0,34.20670237711254,-118.6052514955963,reconstructed,0.5892688275143029,80,3803,174,19.57,10.06,10.42,39.62,4.51,7.93,4.02,24.49,75,pct_below_poverty,lausd_school_site_count,0.005589472023421962
D-18,47,US,1048,BlockApportionment:US.BlockGroups;PointsLayer:US.BlockPoints,2.191,2.576,1,119,3257,87,126,61.62,2.21,85,47,US,1048,BlockApportionment:US.BlockGroups;PointsLayer:US.BlockPoints,2.191,2.576,1,18.06,4.0,14.77,30.28,3.48,10.47,2.31,25.83,78,81,0.6475,17.47,29.74,16.36,0,0,,,21,0,0,0,0,1,2,0,1,0,0,2,740,736,0,0,2,33,1594.48,43.2,0,0.0,3176.75,3,549.83,370.79,23,2,1729.67,41.42,0.0,0,0.0,0,0.0,0,100.0,1,0.0,0,3.44,14.09,69.76,2.92,13.23,5,77.8,4,18,1,34.20189628333333,-118.60527206333332,3,1,34.19891687870393,-118.60524385645378,detection_avg,0.6521102559264709,119,3257,126,18.06,4.0,14.77,30.28,3.48,10.47,2.21,25.83,81,2023 Pop w/Income Below Poverty Level (ACS 5-Yr): Percent,adult_recreation_count,0.006590541159127772
D-19,14,US,1015,BlockApportionment:US.BlockGroups;PointsLayer:US.BlockPoints,2.191,2.576,1,127,1489,77,169,37.27,4.38,110,14,US,1015,BlockApportionment:US.BlockGroups;PointsLayer:US.BlockPoints,2.191,2.576,1,27.6,4.27,10.7,30.43,5.96,5.52,6.76,23.23,99,102,0.6475,17.47,29.74,16.36,0,0,,,31,0,0,0,0,2,0,0,0,0,0,0,360,358,0,0,4,13,864.84,49.6,0,0.0,2313.42,5,1145.55,1.08,16,2,1729.65,41.13,0.03,1,0.0,0,0.0,0,100.0,1,0.0,0,3.72,16.46,69.73,4.07,9.73,5,77.69,4,19,1,34.19094856,-118.60146469,2,1,34.19113138029533,-118.60523621731124,detection_avg,0.6172650177046413,127,1489,169,27.6,4.27,10.7,30.43,5.96,5.52,4.38,23.23,102,pct_below_poverty,lausd_school_site_count,-0.004878021754354463
D-20,32,US,983,BlockApportionment:US.BlockGroups;PointsLayer:US.BlockPoints,2.191,2.576,1,142,2849,62,190,11.44,0.67,104,32,US,983,BlockApportionment:US.BlockGroups;PointsLayer:US.BlockPoints,2.191,2.576,1,14.85,6.97,5.25,29.76,1.69,2.86,1.06,8.43,87,86,0.6475,17.47,29.74,16.36,0,0,,,20,0,0,0,0,0,0,0,0,0,0,0,480,575,0,0,0,45,2317.52,47.76,0,0.0,1451.88,0,0.0,581.29,40,2,1729.64,42.27,0.0,0,0.0,0,0.0,0,100.0,1,0.0,0,2.75,12.91,74.87,2.75,9.47,5,81.58,4,20,1,34.18293088,-118.60168766,0,1,34.18334588188672,-118.6052285781687,detection_avg,0.6380617609439947,142,2849,190,14.85,6.97,5.25,29.76,1.69,2.86,0.67,8.43,86,recreation_center_count,osm_amenity_count,0.005274706350969029
D-21,49,US,950,BlockApportionment:US.BlockGroups;PointsLayer:US.BlockPoints,2.191,2.576,1,153,3190,81,302,15.3,3.31,132,49,US,950,BlockApportionment:US.BlockGroups;PointsLayer:US.BlockPoints,2.191,2.576,1,20.46,14.77,11.48,35.23,0.28,2.79,3.87,12.19,108,109,0.6475,17.47,29.74,16.36,0,0,,,14,0,0,0,0,0,1,0,0,0,0,3,485,544,0,0,0,32,2024.27,29.76,0,0.0,599.87,0,0.0,640.48,16,2,1787.71,22.83,0.0,0,0.0,0,0.0,0,100.0,1,0.0,0,2.65,24.73,47.53,5.65,22.08,5,62.48,4,21,0,,,1,0,34.17556038347812,-118.60522093902618,reconstructed,0.6054621593515007,153,3190,302,20.46,14.77,11.48,35.23,0.28,2.79,3.31,12.19,109,total_population,police_station_count,-0.0024600669467048225
D-22,13,US,914,BlockApportionment:US.BlockGroups;PointsLayer:US.BlockPoints,2.191,2.576,1,129,1779,104,167,16.47,1.89,134,13,US,914,BlockApportionment:US.BlockGroups;PointsLayer:US.BlockPoints,2.191,2.576,1,10.9,7.21,14.84,39.91,0.61,3.59,3.03,8.08,100,100,0.6475,17.47,29.74,16.36,0,0,,,35,0,0,0,0,0,0,0,0,0,0,2,844,904,0,0,0,74,6296.02,39.92,27,3482.29,76.54,3,75.58,315.02,34,4,3580.06,40.73,0.0,0,0.0,0,0.0,0,100.0,1,0.0,0,2.75,16.01,59.55,5.16,19.28,5,70.86,4,22,1,34.16768251,-118.60453623,0,1,34.16777488506952,-118.60521329988364,detection_avg,0.6357350923611158,129,1779,167,10.9,7.21,14.84,39.91,0.61,3.59,1.89,8.08,100,recreation_center_count,osm_amenity_count,0.004671070769304823
D-23,27,US,878,BlockApportionment:US.BlockGroups;PointsLayer:US.BlockPoints,2.191,2.576,1,114,1957,109,117,13.8,2.77,194,27,US,878,BlockApportionment:US.BlockGroups;PointsLayer:US.BlockPoints,2.191,2.576,1,12.27,3.57,9.07,20.81,0.25,1.86,5.01,13.22,157,152,0.6475,17.47,29.74,16.36,0,0,,,2,0,0,0,0,0,0,0,0,0,0,0,200,191,0,0,0,1,864.81,49.04,0,0.0,932.29,0,0.0,966.14,0,2,1729.6,48.16,0.0,0,0.0,0,0.0,0,100.0,1,0.0,0,7.26,36.64,36.81,3.19,23.36,5,53.59,4,23,0,,,0,0,34.15998938666091,-118.6052056607411,reconstructed,0.5819958681356592,114,1957,117,12.27,3.57,9.07,20.81,0.25,1.86,2.77,13.22,152,total_population,police_station_count,-0.002635179957381287
E-10,8,US,1309,BlockApportionment:US.BlockGroups;PointsLayer:US.BlockPoints,2.191,2.576,1,70,2047,57,231,29.02,3.43,133,8,US,1309,BlockApportionment:US.BlockGroups;PointsLayer:US.BlockPoints,2.191,2.576,1,21.87,1.64,4.58,32.35,1.99,2.25,2.35,15.95,111,115,0.6475,17.47,29.74,16.36,0,0,,,27,0,0,0,0,0,0,0,0,0,0,0,296,290,0,0,0,13,845.01,200.29,0,0.0,1644.78,3,935.85,95.93,7,0,0.0,790.29,11.38,1,4.61,1,0.0,0,100.0,1,0.0,0,4.24,17.84,65.9,3.36,12.9,5,74.86,5,10,0,,,0,0,34.261194051890655,-118.59719722579678,reconstructed,0.5559178042264142,70,2047,231,21.87,1.64,4.58,32.35,1.99,2.25,3.43,15.95,115,2023 Pop w/Income Below Poverty Level (ACS 5-Yr): Percent,police_station_count,0.004955228950463968
E-11,27,US,1278,BlockApportionment:US.BlockGroups;PointsLayer:US.BlockPoints,2.191,2.576,1,85,1386,49,95,34.92,1.92,129,27,US,1278,BlockApportionment:US.BlockGroups;PointsLayer:US.BlockPoints,2.191,2.576,1,20.45,3.98,6.96,25.95,1.9,1.77,0.88,20.51,110,116,0.6475,17.47,29.74,16.36,0,0,,,39,0,0,0,0,0,0,0,0,0,0,1,362,358,0,0,0,0,0.0,664.59,0,0.0,2459.3,3,879.72,107.34,10,0,0.0,790.1,9.34,1,3.87,1,0.0,0,100.0,1,0.0,0,1.2,11.53,74.01,1.72,12.74,5,81.45,5,11,0,,,0,0,34.253408553482046,-118.59718958665424,reconstructed,0.5556024675453475,85,1386,95,20.45,3.98,6.96,25.95,1.9,1.77,1.92,20.51,116,pct_below_poverty,la_geohub_100yr_flood_intersects,0.011411252199540442
E-12,49,US,1250,BlockApportionment:US.BlockGroups;PointsLayer:US.BlockPoints,2.191,2.576,1,170,482,97,76,30.08,5.92,196,49,US,1250,BlockApportionment:US.BlockGroups;PointsLayer:US.BlockPoints,2.191,2.576,1,34.97,1.09,6.19,16.22,1.39,4.07,5.47,12.3,146,151,0.6475,17.47,29.74,16.36,0,0,,,0,0,0,0,0,2,0,0,0,0,0,0,124,137,0,0,1,0,0.0,813.37,0,0.0,3295.56,3,834.25,183.27,0,0,0.0,828.93,3.67,1,3.67,1,0.0,0,100.0,1,0.0,0,0.35,11.13,68.37,4.95,15.55,5,77.75,5,12,1,34.241565862,-118.59836186,2,1,34.245623055073445,-118.59718194751171,detection_avg,0.5554550441192921,170,482,76,34.97,1.09,6.19,16.22,1.39,4.07,5.92,12.3,151,pct_below_poverty,la_geohub_100yr_flood_intersects,0.009550505931693884
E-13,17,US,1218,BlockApportionment:US.BlockGroups;PointsLayer:US.BlockPoints,2.191,2.576,1,59,155,48,264,46.45,9.72,58,17,US,1218,BlockApportionment:US.BlockGroups;PointsLayer:US.BlockPoints,2.191,2.576,1,45.28,1.89,8.92,28.57,3.2,4.46,9.85,18.4,70,69,0.6475,17.47,29.74,16.36,0,0,,,24,0,0,0,0,0,0,0,0,0,0,0,336,384,0,0,0,19,972.34,22.26,0,0.0,4143.57,4,435.87,431.17,9,0,0.0,632.73,1.64,1,1.63,1,0.0,0,100.0,1,0.0,0,0.0,4.96,82.65,2.65,9.73,5,87.85,5,13,0,,,0,0,34.23783755666484,-118.59717430836918,reconstructed,0.5802338009196886,59,155,264,45.28,1.89,8.92,28.57,3.2,4.46,9.72,18.4,69,pct_below_poverty,la_geohub_100yr_flood_intersects,0.013477168857007298
E-14,34,US,1185,BlockApportionment:US.BlockGroups;PointsLayer:US.BlockPoints,2.191,2.576,1,70,2379,49,198,51.11,7.72,66,34,US,1185,BlockApportionment:US.BlockGroups;PointsLayer:US.BlockPoints,2.191,2.576,1,41.02,3.22,11.03,30.75,4.76,4.54,7.57,18.37,75,76,0.6475,17.47,29.74,16.36,0,0,,,0,0,0,0,0,0,0,0,0,0,0,0,260,247,0,0,0,0,0.0,537.83,0,0.0,4997.35,10,1139.45,217.36,0,0,0.0,535.82,3.56,1,3.55,1,0.0,0,100.0,1,0.0,0,2.93,16.01,59.38,3.96,20.65,5,70.69,5,14,0,,,0,0,34.230052058256234,-118.59716666922664,reconstructed,0.5497274989671231,70,2379,198,41.02,3.22,11.03,30.75,4.76,4.54,7.72,18.37,76,pct_below_poverty,la_geohub_100yr_flood_intersects,0.011632043179288313
E-15,2,US,1153,BlockApportionment:US.BlockGroups;PointsLayer:US.BlockPoints,2.191,2.576,1,68,4064,37,152,69.69,3.51,88,2,US,1153,BlockApportionment:US.BlockGroups;PointsLayer:US.BlockPoints,2.191,2.576,1,28.03,7.88,18.63,30.4,6.88,6.88,3.16,21.68,87,91,0.6475,17.47,29.74,16.36,0,0,,,24,0,0,0,0,0,0,0,0,0,0,0,273,267,1,0,1,18,964.75,30.83,0,0.0,5411.59,0,0.0,845.02,8,0,0.0,790.22,0.0,0,0.0,0,0.0,0,100.0,1,0.0,0,3.0,13.25,73.85,2.83,10.07,5,80.79,5,15,1,34.21992318333333,-118.5961516,0,1,34.22226655984763,-118.5971590300841,detection_avg,0.6293670885562702,68,4064,152,28.03,7.88,18.63,30.4,6.88,6.88,3.51,21.68,91,2023 Pop 35-64: No Health Insurance (ACS 5-Yr): Percent,police_station_count,-0.010500393050214921
E-16,18,US,1119,BlockApportionment:US.BlockGroups;PointsLayer:US.BlockPoints,2.191,2.576,1,95,1760,72,100,63.69,2.55,79,18,US,1119,BlockApportionment:US.BlockGroups;PointsLayer:US.BlockPoints,2.191,2.576,1,40.06,1.85,14.85,29.1,8.08,3.89,2.99,24.31,81,84,0.6475,17.47,29.74,16.36,0,0,,,3,0,0,0,0,0,0,0,0,0,0,0,404,443,0,0,0,0,0.0,798.02,0,0.0,4561.32,0,0.0,1044.52,0,0,0.0,791.45,0.0,0,0.0,0,0.0,0,100.0,1,0.0,0,2.07,9.14,83.45,1.72,5.69,5,87.79,5,16,1,34.215004666666665,-118.59996592666668,0,1,34.214481061439024,-118.59715139094158,detection_avg,0.5672127913862037,95,1760,100,40.06,1.85,14.85,29.1,8.08,3.89,2.55,24.31,84,pct_below_poverty,lausd_school_site_count,0.0025369255139756526
E-17,33,US,1084,BlockApportionment:US.BlockGroups;PointsLayer:US.BlockPoints,2.191,2.576,1,101,4262,79,102,84.21,1.7,66,33,US,1084,BlockApportionment:US.BlockGroups;PointsLayer:US.BlockPoints,2.191,2.576,1,16.84,6.88,29.46,40.19,7.61,12.63,1.21,35.69,72,73,0.6475,17.47,29.74,16.36,0,0,,,15,0,0,0,0,1,0,0,1,0,0,0,558,534,0,0,1,17,667.89,382.17,0,0.0,3717.79,0,0.0,1023.97,14,0,0.0,791.03,0.0,0,0.0,0,0.0,0,100.0,1,0.0,0,2.65,9.56,72.92,5.84,11.68,5,80.25,5,17,1,34.20526353,-118.59544438333334,1,1,34.20669556303042,-118.59714375179904,detection_avg,0.6450707614030164,101,4262,102,16.84,6.88,29.46,40.19,7.61,12.63,1.7,35.69,73,2023 Pop w/Income Below Poverty Level (ACS 5-Yr): Percent,police_station_count,-0.010805840360081738
E-18,48,US,1049,BlockApportionment:US.BlockGroups;PointsLayer:US.BlockPoints,2.191,2.576,1,133,3899,89,83,75.63,2.7,58,48,US,1049,BlockApportionment:US.BlockGroups;PointsLayer:US.BlockPoints,2.191,2.576,1,24.79,1.19,23.58,35.24,9.42,10.08,2.68,23.63,54,54,0.6475,17.47,29.74,16.36,0,0,,,17,0,0,0,1,0,1,0,1,0,0,1,472,458,0,0,1,10,867.38,21.95,0,0.0,2886.9,1,813.64,159.13,11,0,0.0,789.96,0.0,0,0.0,0,0.0,0,100.0,1,0.0,0,0.69,8.43,72.98,3.44,15.15,5,80.88,5,18,1,34.20011355,-118.59656049,1,1,34.19891006462181,-118.5971361126565,detection_avg,0.6565142800659862,133,3899,83,24.79,1.19,23.58,35.24,9.42,10.08,2.7,23.63,54,2023 Pop w/Income Below Poverty Level (ACS 5-Yr): Percent,college_count,-0.023654597273796665
E-19,15,US,1016,BlockApportionment:US.BlockGroups;PointsLayer:US.BlockPoints,2.191,2.576,1,210,4642,77,95,19.15,1.42,101,15,US,1016,BlockApportionment:US.BlockGroups;PointsLayer:US.BlockPoints,2.191,2.576,1,16.89,8.61,18.63,35.48,4.36,4.35,0.44,15.77,85,85,0.6475,17.47,29.74,16.36,0,0,,,73,0,0,0,0,0,0,0,0,0,0,1,452,536,0,0,0,38,2194.72,18.88,0,0.0,2076.15,0,0.0,705.69,31,0,0.0,790.35,0.0,0,0.0,0,0.0,0,100.0,1,0.0,0,0.35,14.66,68.37,1.41,15.55,5,77.75,5,19,0,,,0,0,34.19112456621321,-118.59712847351398,reconstructed,0.6603525370842261,210,4642,95,16.89,8.61,18.63,35.48,4.36,4.35,1.42,15.77,85,total_crime_est,affordable_housing_count,-0.00440485927167613
E-20,33,US,984,BlockApportionment:US.BlockGroups;PointsLayer:US.BlockPoints,2.191,2.576,1,293,1668,117,355,18.41,1.04,141,33,US,984,BlockApportionment:US.BlockGroups;PointsLayer:US.BlockPoints,2.191,2.576,1,13.06,8.65,12.84,27.93,0.22,3.35,0.61,29.11,118,120,0.6475,17.47,29.74,16.36,0,0,,,36,0,0,0,0,0,1,0,0,0,0,3,689,803,0,0,0,35,2928.68,14.11,0,0.0,1248.1,0,0.0,651.28,27,0,0.0,765.92,0.0,0,0.0,0,0.0,0,100.0,1,0.0,0,1.42,11.88,66.49,5.32,16.31,5,76.12,5,20,0,,,1,0,34.1833390678046,-118.59712083437144,reconstructed,0.6043955591822845,293,1668,355,13.06,8.65,12.84,27.93,0.22,3.35,1.04,29.11,120,total_crime_est,police_station_count,-0.004222903560488316
E-21,0,US,951,BlockApportionment:US.BlockGroups;PointsLayer:US.BlockPoints,2.191,2.576,1,103,4035,64,88,18.69,3.31,109,0,US,951,BlockApportionment:US.BlockGroups;PointsLayer:US.BlockPoints,2.191,2.576,1,28.66,5.48,22.52,30.72,1.43,0.52,2.07,11.05,92,92,0.6475,17.47,29.74,16.36,0,0,,,18,0,0,0,0,0,0,0,0,0,0,0,392,453,0,0,0,30,3055.96,1.08,9,769.83,383.65,0,0.0,536.48,4,2,583.84,413.31,0.0,0,0.0,0,0.0,0,100.0,1,0.0,0,4.3,24.23,54.12,3.95,17.7,5,66.59,5,21,0,,,0,0,34.175553569396,-118.5971131952289,reconstructed,0.6197447736671257,103,4035,88,28.66,5.48,22.52,30.72,1.43,0.52,3.31,11.05,92,2023 Pop w/Income Below Poverty Level (ACS 5-Yr): Percent,police_station_count,-0.005121993575434255
E-22,14,US,915,BlockApportionment:US.BlockGroups;PointsLayer:US.BlockPoints,2.191,2.576,1,153,1545,119,93,14.05,1.52,170,14,US,915,BlockApportionment:US.BlockGroups;PointsLayer:US.BlockPoints,2.191,2.576,1,16.4,1.61,3.39,23.39,0.39,2.53,2.51,18.81,158,155,0.6475,17.47,29.74,16.36,0,0,,,24,0,0,0,0,0,0,0,0,0,0,2,483,462,0,0,0,22,1894.18,248.09,7,976.31,392.98,0,0.0,650.41,16,2,554.78,415.67,0.0,0,0.0,0,0.0,0,100.0,1,0.0,0,5.84,30.62,49.73,3.19,16.46,5,63.06,5,22,0,,,0,0,34.16776807098739,-118.59710555608638,reconstructed,0.6008000457814567,153,1545,93,16.4,1.61,3.39,23.39,0.39,2.53,1.52,18.81,155,2023 Pop w/Income Below Poverty Level (ACS 5-Yr): Percent,police_station_count,0.005100030964542383
F-10,9,US,1310,BlockApportionment:US.BlockGroups;PointsLayer:US.BlockPoints,2.191,2.576,1,65,1077,52,119,26.56,2.27,156,9,US,1310,BlockApportionment:US.BlockGroups;PointsLayer:US.BlockPoints,2.191,2.576,1,24.38,3.23,13.02,57.78,0.95,0.72,3.56,6.39,135,142,0.6475,17.47,29.74,16.36,0,0,,,0,0,0,0,0,1,0,0,0,0,0,0,72,73,0,0,1,5,864.89,65.92,0,0.0,1052.74,1,475.23,73.24,0,0,0.0,1155.99,8.66,1,0.01,1,8.72,1,100.0,1,0.0,0,3.01,32.21,34.87,3.01,29.91,5,53.51,6,10,0,,,1,0,34.261187237808535,-118.58908948199952,reconstructed,0.5512368950324169,65,1077,119,24.38,3.23,13.02,57.78,0.95,0.72,2.27,6.39,142,pct_below_poverty,la_geohub_100yr_flood_intersects,0.006640118517710308
F-11,28,US,1279,BlockApportionment:US.BlockGroups;PointsLayer:US.BlockPoints,2.191,2.576,1,72,2503,43,217,43.71,1.53,107,28,US,1279,BlockApportionment:US.BlockGroups;PointsLayer:US.BlockPoints,2.191,2.576,1,15.58,4.67,9.43,10.2,3.33,4.23,2.64,19.02,92,93,0.6475,17.47,29.74,16.36,0,0,,,24,0,0,1,0,1,0,0,0,0,0,2,327,341,0,0,7,28,1898.25,65.81,0,0.0,1917.51,1,864.89,74.42,10,0,0.0,1536.93,3.96,1,0.0,0,3.96,1,100.0,1,0.0,0,1.55,19.59,55.84,2.92,21.65,5,68.62,6,11,1,34.25739814,-118.58680686,1,1,34.253401739399926,-118.58908184285696,detection_avg,0.5796700113120982,72,2503,217,15.58,4.67,9.43,10.2,3.33,4.23,1.53,19.02,93,pct_below_poverty,lausd_school_site_count,-0.004291419902957618
F-12,0,US,1251,BlockApportionment:US.BlockGroups;PointsLayer:US.BlockPoints,2.191,2.576,1,74,2566,42,140,44.51,1.92,109,0,US,1251,BlockApportionment:US.BlockGroups;PointsLayer:US.BlockPoints,2.191,2.576,1,16.93,3.21,7.36,10.26,2.22,5.92,2.14,21.88,93,94,0.6475,17.47,29.74,16.36,0,0,,,27,0,0,0,0,0,0,0,0,0,0,0,272,239,0,0,0,9,864.88,64.74,0,0.0,2782.33,1,864.88,74.23,11,0,0.0,1548.05,2.13,1,0.0,0,2.12,1,100.0,1,0.0,0,0.53,6.37,88.32,1.06,4.25,5,91.66,6,12,1,34.244877,-118.59093535,0,1,34.245616240991325,-118.58907420371445,detection_avg,0.5833578312393718,74,2566,140,16.93,3.21,7.36,10.26,2.22,5.92,1.92,21.88,94,2023 Pop w/Income Below Poverty Level (ACS 5-Yr): Percent,police_station_count,0.003340547944333309
F-13,18,US,1219,BlockApportionment:US.BlockGroups;PointsLayer:US.BlockPoints,2.191,2.576,1,174,34,88,0,47.06,10.0,150,18,US,1219,BlockApportionment:US.BlockGroups;PointsLayer:US.BlockPoints,2.191,2.576,1,25.0,0.0,11.43,0.0,3.23,2.86,9.09,29.03,100,115,0.6475,17.47,29.74,16.36,0,0,,,21,0,0,0,0,0,0,0,0,0,0,1,214,226,0,0,1,15,957.23,58.02,0,0.0,3647.18,6,1494.98,3.72,5,0,0.0,1494.19,2.41,1,1.49,1,0.0,0,100.0,1,0.0,0,0.68,7.19,80.14,2.05,10.62,5,85.89,6,13,1,34.23800933,-118.58530556,0,1,34.23783074258272,-118.58906656457192,detection_avg,0.5553768801924867,174,34,0,25.0,0.0,11.43,0.0,3.23,2.86,10.0,29.03,115,total_population,police_station_count,0.014178919582900126
F-14,35,US,1186,BlockApportionment:US.BlockGroups;PointsLayer:US.BlockPoints,2.191,2.576,1,89,5073,63,176,62.84,1.98,80,35,US,1186,BlockApportionment:US.BlockGroups;PointsLayer:US.BlockPoints,2.191,2.576,1,20.29,3.09,10.56,32.72,3.69,7.48,1.68,20.93,73,74,0.6475,17.47,29.74,16.36,0,0,,,21,0,0,0,0,0,0,0,0,0,0,0,290,270,0,0,0,14,1390.83,63.34,0,0.0,4512.02,1,532.14,353.23,1,0,0.0,1240.18,2.55,1,2.57,1,0.0,0,100.0,1,0.0,0,0.88,6.9,84.6,1.95,6.55,5,88.96,6,14,0,,,0,0,34.230045244174114,-118.58905892542936,reconstructed,0.6237374599677002,89,5073,176,20.29,3.09,10.56,32.72,3.69,7.48,1.98,20.93,74,pct_below_poverty,la_geohub_100yr_flood_intersects,0.012380376999477955
F-15,3,US,1154,BlockApportionment:US.BlockGroups;PointsLayer:US.BlockPoints,2.191,2.576,1,31,4864,45,43,51.23,3.03,87,3,US,1154,BlockApportionment:US.BlockGroups;PointsLayer:US.BlockPoints,2.191,2.576,1,17.35,3.63,15.48,29.03,8.88,7.21,2.52,22.79,88,93,0.6475,17.47,29.74,16.36,0,0,,,9,0,0,0,0,0,0,0,0,0,0,0,237,241,0,0,0,17,864.87,63.42,0,0.0,5376.86,4,964.22,55.28,2,0,0.0,1394.06,0.13,1,0.14,1,0.0,0,100.0,1,0.0,0,3.77,20.93,57.29,3.95,17.84,5,68.97,6,15,1,34.22467699,-118.59085828,0,1,34.222259745765506,-118.58905128628685,detection_avg,0.6044152539340854,31,4864,43,17.35,3.63,15.48,29.03,8.88,7.21,3.03,22.79,93,total_crime_est,police_station_count,0.0070584268328485675
F-16,19,US,1120,BlockApportionment:US.BlockGroups;PointsLayer:US.BlockPoints,2.191,2.576,1,60,2328,67,107,51.42,3.46,125,19,US,1120,BlockApportionment:US.BlockGroups;PointsLayer:US.BlockPoints,2.191,2.576,1,23.81,2.59,8.95,23.14,6.41,3.61,3.77,18.62,113,116,0.6475,17.47,29.74,16.36,0,0,,,15,0,0,0,0,0,0,0,0,0,0,0,216,197,0,0,0,18,1383.34,62.79,0,0.0,5110.38,2,723.12,201.12,5,0,0.0,1540.05,0.0,0,0.0,0,0.0,0,100.0,1,0.0,0,1.24,19.12,51.5,4.96,24.42,5,65.68,6,16,0,,,0,0,34.214474247356904,-118.58904364714432,reconstructed,0.5647799916703757,60,2328,107,23.81,2.59,8.95,23.14,6.41,3.61,3.46,18.62,116,total_population,police_station_count,-0.0027419284339131986
F-17,34,US,1085,BlockApportionment:US.BlockGroups;PointsLayer:US.BlockPoints,2.191,2.576,1,55,2964,74,157,64.57,3.21,119,34,US,1085,BlockApportionment:US.BlockGroups;PointsLayer:US.BlockPoints,2.191,2.576,1,24.77,2.78,11.64,31.05,7.56,4.54,3.19,18.82,105,106,0.6475,17.47,29.74,16.36,0,0,,,30,0,0,0,0,0,0,0,0,0,0,0,182,208,0,0,1,6,864.85,63.19,0,0.0,4301.63,0,0.0,566.66,0,0,0.0,1540.23,0.0,0,0.0,0,0.0,0,100.0,1,0.0,0,1.77,23.54,43.01,7.43,26.02,5,59.58,6,17,1,34.20859223,-118.58548233,0,1,34.206688748948295,-118.58903600800176,detection_avg,0.5691907252374914,55,2964,157,24.77,2.78,11.64,31.05,7.56,4.54,3.21,18.82,106,pct_below_poverty,lausd_school_site_count,0.004161158779948201
F-18,49,US,1050,BlockApportionment:US.BlockGroups;PointsLayer:US.BlockPoints,2.191,2.576,1,76,4990,87,102,72.38,2.03,95,49,US,1050,BlockApportionment:US.BlockGroups;PointsLayer:US.BlockPoints,2.191,2.576,1,23.27,6.25,17.18,38.01,8.05,7.48,2.12,23.08,84,86,0.6475,17.47,29.74,16.36,0,0,,,30,0,0,1,0,1,0,0,0,0,0,1,450,453,0,0,0,35,2619.38,43.1,0,0.0,3495.57,0,0.0,566.68,7,0,0.0,1538.81,0.0,0,0.0,0,0.0,0,100.0,1,0.0,0,1.55,12.91,67.81,6.02,13.25,5,77.0,6,18,1,34.20191781,-118.59304109,1,1,34.19890325053969,-118.58902836885925,detection_avg,0.6365332870816011,76,4990,102,23.27,6.25,17.18,38.01,8.05,7.48,2.03,23.08,86,2023 Pop 35-64: No Health Insurance (ACS 5-Yr): Percent,affordable_housing_count,-0.004464738526008971
F-19,16,US,1017,BlockApportionment:US.BlockGroups;PointsLayer:US.BlockPoints,2.191,2.576,1,133,5424,58,236,44.38,1.14,108,16,US,1017,BlockApportionment:US.BlockGroups;PointsLayer:US.BlockPoints,2.191,2.576,1,20.33,6.51,21.55,11.93,1.81,3.96,1.08,18.72,95,89,0.6475,17.47,29.74,16.36,0,0,,,22,0,1,0,0,0,0,0,0,0,0,0,303,351,0,0,2,14,864.84,63.77,0,0.0,2658.71,11,1570.2,81.43,4,0,0.0,1538.54,0.0,0,0.0,0,0.0,0,100.0,1,0.0,0,1.42,9.38,79.82,2.48,8.32,5,85.45,6,19,1,34.19344583,-118.589648365,0,1,34.191117752131085,-118.5890207297167,detection_avg,0.6339642957844752,133,5424,236,20.33,6.51,21.55,11.93,1.81,3.96,1.14,18.72,89,2023 Pop w/Income Below Poverty Level (ACS 5-Yr): Percent,fire_station_count,-0.014833989983583427
F-20,34,US,985,BlockApportionment:US.BlockGroups;PointsLayer:US.BlockPoints,2.191,2.576,1,268,2193,96,145,14.46,0.88,125,34,US,985,BlockApportionment:US.BlockGroups;PointsLayer:US.BlockPoints,2.191,2.576,1,9.21,17.48,19.41,40.43,0.48,4.39,1.14,19.69,115,121,0.6475,17.47,29.74,16.36,0,0,,,30,0,0,0,0,0,0,0,0,0,0,0,238,273,0,0,0,21,1485.27,49.09,0,0.0,1817.43,7,1689.4,74.64,14,0,0.0,1539.68,0.0,0,0.0,0,0.0,0,100.0,1,0.0,0,3.1,30.81,49.23,2.58,17.38,5,63.53,6,20,1,34.188849285,-118.590591685,0,1,34.18333225372248,-118.58901309057416,detection_avg,0.6086419509749689,268,2193,145,9.21,17.48,19.41,40.43,0.48,4.39,0.88,19.69,121,2023 Pop w/Income Below Poverty Level (ACS 5-Yr): Percent,fire_station_count,0.003293498279430544
F-21,1,US,952,BlockApportionment:US.BlockGroups;PointsLayer:US.BlockPoints,2.191,2.576,1,181,526,96,110,11.22,3.89,161,1,US,952,BlockApportionment:US.BlockGroups;PointsLayer:US.BlockPoints,2.191,2.576,1,14.29,1.79,10.93,22.58,2.01,2.13,3.74,14.43,121,124,0.6475,17.47,29.74,16.36,0,0,,,21,0,0,0,0,0,0,0,1,0,0,4,130,150,0,0,0,16,1471.54,59.36,0,0.0,958.06,5,1106.1,34.39,1,0,0.0,976.11,0.0,0,0.0,0,0.0,0,100.0,1,0.0,0,3.37,27.48,49.11,5.32,18.09,5,63.37,6,21,0,,,0,0,34.175546755313874,-118.58900545143165,reconstructed,0.5829007388567933,181,526,110,14.29,1.79,10.93,22.58,2.01,2.13,3.89,14.43,124,2023 Pop w/Income Below Poverty Level (ACS 5-Yr): Percent,adult_recreation_count,0.007145298659904001
F-22,15,US,916,BlockApportionment:US.BlockGroups;PointsLayer:US.BlockPoints,2.191,2.576,1,188,131,109,119,12.98,3.26,136,15,US,916,BlockApportionment:US.BlockGroups;PointsLayer:US.BlockPoints,2.191,2.576,1,13.16,0.0,6.54,8.33,1.12,2.8,3.16,23.6,123,123,0.6475,17.47,29.74,16.36,0,0,,,21,1,1,0,0,0,1,0,0,0,0,0,434,544,0,0,3,49,4819.03,83.51,26,3394.01,97.93,7,988.22,63.33,20,2,1769.73,126.06,0.0,0,0.0,0,0.0,0,100.0,1,0.0,0,1.03,16.35,64.2,1.72,17.73,5,74.63,6,22,0,,,1,0,34.16776125690527,-118.5889978122891,reconstructed,0.5733608937301956,188,131,119,13.16,0.0,6.54,8.33,1.12,2.8,3.26,23.6,123,2023 Pop 35-64: No Health Insurance (ACS 5-Yr): Percent,hospital_count,-0.012529443014896625
F-23,28,US,879,BlockApportionment:US.BlockGroups;PointsLayer:US.BlockPoints,2.191,2.576,1,158,1243,106,167,14.56,1.79,144,28,US,879,BlockApportionment:US.BlockGroups;PointsLayer:US.BlockPoints,2.191,2.576,1,16.36,0.2,3.77,26.09,0.38,2.31,1.52,16.95,144,142,0.6475,17.47,29.74,16.36,0,0,,,0,0,0,0,0,1,0,0,0,0,0,2,120,134,0,0,1,0,0.0,535.48,0,0.0,675.04,1,77.52,465.19,0,0,0.0,706.28,0.56,1,0.0,0,0.55,1,100.0,1,0.0,0,5.13,39.65,31.86,3.19,25.31,5,50.76,6,23,0,,,1,0,34.159975758496664,-118.58899017314656,reconstructed,0.571868621575547,158,1243,167,16.36,0.2,3.77,26.09,0.38,2.31,1.79,16.95,142,pct_below_poverty,lausd_school_site_count,0.009021705067348182
G-10,10,US,1311,BlockApportionment:US.BlockGroups;PointsLayer:US.BlockPoints,2.191,2.576,1,59,1584,58,81,26.01,2.56,151,10,US,1311,BlockApportionment:US.BlockGroups;PointsLayer:US.BlockPoints,2.191,2.576,1,24.5,3.67,16.99,54.2,3.95,0.57,3.6,11.3,123,126,0.6475,17.47,29.74,16.36,0,0,,,15,0,0,0,0,0,0,0,0,0,0,1,223,230,0,0,0,9,870.55,201.81,0,0.0,1579.22,0,0.0,675.27,5,0,0.0,1582.01,0.65,1,0.0,0,0.64,1,100.0,1,0.0,0,7.6,31.27,51.24,4.77,12.72,5,63.59,7,10,0,,,0,0,34.26118042372641,-118.58098173820224,reconstructed,0.5652686009552004,59,1584,81,24.5,3.67,16.99,54.2,3.95,0.57,2.56,11.3,126,pct_below_poverty,lausd_school_site_count,0.0025458389830806207
G-11,29,US,1280,BlockApportionment:US.BlockGroups;PointsLayer:US.BlockPoints,2.191,2.576,1,104,1946,73,48,34.22,4.45,136,29,US,1280,BlockApportionment:US.BlockGroups;PointsLayer:US.BlockPoints,2.191,2.576,1,28.23,3.27,15.4,35.75,6.72,1.77,3.74,21.64,101,104,0.6475,17.47,29.74,16.36,0,0,,,6,0,0,0,0,1,1,0,0,0,0,0,199,197,0,0,1,0,0.0,663.04,0,0.0,2444.1,0,0.0,673.7,2,0,0.0,2287.41,3.41,1,0.0,0,3.41,1,100.0,1,0.0,0,4.78,23.01,56.81,2.48,17.7,5,68.33,7,11,0,,,2,0,34.25339492531781,-118.5809740990597,reconstructed,0.5690379034166133,104,1946,48,28.23,3.27,15.4,35.75,6.72,1.77,4.45,21.64,104,total_population,police_station_count,-0.0026268743635791026
G-12,1,US,1252,BlockApportionment:US.BlockGroups;PointsLayer:US.BlockPoints,2.191,2.576,1,174,578,88,50,46.02,9.7,124,1,US,1252,BlockApportionment:US.BlockGroups;PointsLayer:US.BlockPoints,2.191,2.576,1,30.71,5.71,10.48,14.29,2.58,2.55,8.08,29.03,100,103,0.6475,17.47,29.74,16.36,0,0,,,18,0,0,0,0,0,0,0,0,0,0,0,185,190,0,0,0,0,0.0,683.97,0,0.0,3305.99,0,0.0,594.43,2,0,0.0,2310.65,0.0,0,0.0,0,0.0,0,100.0,1,0.0,0,0.0,5.33,82.47,1.37,10.82,5,87.73,7,12,0,,,0,0,34.2456094269092,-118.58096645991716,reconstructed,0.5667283835109973,174,578,50,30.71,5.71,10.48,14.29,2.58,2.55,9.7,29.03,103,total_population,police_station_count,0.004897987929376455
G-13,19,US,1220,BlockApportionment:US.BlockGroups;PointsLayer:US.BlockPoints,2.191,2.576,1,0,0,0,0,0.0,0.0,0,19,US,1220,BlockApportionment:US.BlockGroups;PointsLayer:US.BlockPoints,2.191,2.576,1,0.0,0.0,0.0,0.0,0.0,0.0,0.0,0.0,0,0,0.6475,17.47,29.74,16.36,0,0,,,9,0,0,0,0,0,0,0,0,0,0,0,121,104,0,0,0,7,1010.99,135.68,0,0.0,4151.88,5,738.65,246.38,0,0,0.0,2053.12,1.61,1,0.0,0,0.0,0,100.0,1,0.0,0,0.18,4.6,83.54,1.95,9.91,5,88.42,7,13,1,34.23481925,-118.58435127,0,1,34.2378239285006,-118.58095882077464,detection_avg,0.5439352971124919,0,0,0,0.0,0.0,0.0,0.0,0.0,0.0,0.0,0.0,0,total_crime_est,police_station_count,0.01563103795160291
G-14,36,US,1187,BlockApportionment:US.BlockGroups;PointsLayer:US.BlockPoints,2.191,2.576,1,121,1356,92,100,48.16,1.65,143,36,US,1187,BlockApportionment:US.BlockGroups;PointsLayer:US.BlockPoints,2.191,2.576,1,30.13,6.58,14.85,15.83,0.82,3.85,2.12,18.85,115,119,0.6475,17.47,29.74,16.36,0,0,,,3,0,0,0,0,1,0,0,0,0,0,0,132,150,0,0,3,0,0.0,443.56,0,0.0,5004.25,0,0.0,803.71,3,0,0.0,2000.84,0.0,0,0.0,0,0.0,0,100.0,1,0.0,0,1.38,17.04,52.67,5.68,24.61,5,66.46,7,14,0,,,1,0,34.23003843009199,-118.5809511816321,reconstructed,0.5786297156278818,121,1356,100,30.13,6.58,14.85,15.83,0.82,3.85,1.65,18.85,119,pct_below_poverty,lausd_school_site_count,0.005341622829848374
G-15,4,US,1155,BlockApportionment:US.BlockGroups;PointsLayer:US.BlockPoints,2.191,2.576,1,60,2423,64,167,42.67,3.41,165,4,US,1155,BlockApportionment:US.BlockGroups;PointsLayer:US.BlockPoints,2.191,2.576,1,20.15,3.32,11.63,70.5,3.35,4.67,3.23,20.02,133,133,0.6475,17.47,29.74,16.36,0,0,,,12,0,0,0,0,0,0,0,0,0,0,0,154,153,0,0,0,10,989.08,4.44,0,0.0,5340.31,0,0.0,558.93,0,0,0.0,2256.36,0.0,0,0.0,0,0.0,0,100.0,1,0.0,0,3.36,21.73,57.07,2.83,18.37,5,68.94,7,15,0,,,0,0,34.222252931683386,-118.58094354248956,reconstructed,0.5647955939836239,60,2423,167,20.15,3.32,11.63,70.5,3.35,4.67,3.41,20.02,133,total_population,police_station_count,-0.002731963803483661
G-16,20,US,1121,BlockApportionment:US.BlockGroups;PointsLayer:US.BlockPoints,2.191,2.576,1,40,3066,72,93,49.32,2.72,117,20,US,1121,BlockApportionment:US.BlockGroups;PointsLayer:US.BlockPoints,2.191,2.576,1,29.05,6.76,12.91,43.57,10.74,6.29,3.19,13.58,115,119,0.6475,17.47,29.74,16.36,0,0,,,3,0,0,0,0,0,0,0,0,0,0,3,170,179,0,0,4,0,0.0,685.53,0,0.0,4492.42,1,691.38,212.89,0,0,0.0,2288.83,0.0,0,0.0,0,0.0,0,100.0,1,0.0,0,3.79,20.48,57.14,4.13,18.24,5,68.86,7,16,0,,,0,0,34.21446743327478,-118.58093590334704,reconstructed,0.5721398022027732,40,3066,93,29.05,6.76,12.91,43.57,10.74,6.29,2.72,13.58,119,total_crime_est,police_station_count,0.005159418466529012
G-17,35,US,1086,BlockApportionment:US.BlockGroups;PointsLayer:US.BlockPoints,2.191,2.576,1,60,3990,66,105,62.81,3.62,81,35,US,1086,BlockApportionment:US.BlockGroups;PointsLayer:US.BlockPoints,2.191,2.576,1,28.3,3.93,27.27,39.2,7.12,3.55,2.54,19.66,82,85,0.6475,17.47,29.74,16.36,0,0,,,15,0,0,0,0,0,0,0,0,0,0,0,275,302,0,0,0,16,1113.98,374.87,0,0.0,3650.44,1,864.84,182.09,1,0,0.0,2288.4,0.0,0,0.0,0,0.0,0,100.0,1,0.0,0,3.71,21.02,54.42,6.01,18.55,5,66.98,7,17,0,,,0,0,34.206681934866175,-118.5809282642045,reconstructed,0.570995929141876,60,3990,105,28.3,3.93,27.27,39.2,7.12,3.55,3.62,19.66,85,2023 Pop w/Income Below Poverty Level (ACS 5-Yr): Percent,police_station_count,-0.009864645979418203
G-18,0,US,1051,BlockApportionment:US.BlockGroups;PointsLayer:US.BlockPoints,2.191,2.576,1,60,3867,89,252,62.19,1.63,98,0,US,1051,BlockApportionment:US.BlockGroups;PointsLayer:US.BlockPoints,2.191,2.576,1,26.77,2.83,15.34,31.44,4.23,7.02,0.96,20.83,85,85,0.6475,17.47,29.74,16.36,0,0,,,10,0,0,0,0,1,0,0,0,0,0,0,197,184,0,0,3,0,0.0,475.11,0,0.0,2822.32,3,1456.86,115.17,0,0,0.0,2287.36,0.0,0,0.42,1,0.0,0,100.0,1,0.0,0,2.65,16.46,59.12,4.6,19.82,5,70.59,7,18,0,,,1,0,34.198896436457574,-118.58092062506196,reconstructed,0.5813740174489906,60,3867,252,26.77,2.83,15.34,31.44,4.23,7.02,1.63,20.83,85,pct_below_poverty,lausd_school_site_count,0.006378474075923412
G-19,17,US,1018,BlockApportionment:US.BlockGroups;PointsLayer:US.BlockPoints,2.191,2.576,1,58,1298,70,179,40.76,1.86,152,17,US,1018,BlockApportionment:US.BlockGroups;PointsLayer:US.BlockPoints,2.191,2.576,1,41.04,10.45,12.4,38.83,1.94,2.07,2.25,26.96,133,138,0.6475,17.47,29.74,16.36,0,0,,,6,0,0,0,0,0,0,0,0,0,0,0,86,90,0,0,0,6,927.82,56.03,0,0.0,2023.12,3,1182.29,80.17,3,0,0.0,2056.93,0.0,0,0.0,0,0.0,0,100.0,1,0.0,0,0.69,27.71,34.42,5.16,32.7,5,53.89,7,19,0,,,0,0,34.191110938048965,-118.58091298591944,reconstructed,0.5396174671306174,58,1298,179,41.04,10.45,12.4,38.83,1.94,2.07,1.86,26.96,138,total_crime_est,police_station_count,0.0023651160210554096
G-20,35,US,986,BlockApportionment:US.BlockGroups;PointsLayer:US.BlockPoints,2.191,2.576,1,174,1399,76,38,17.94,5.54,179,35,US,986,BlockApportionment:US.BlockGroups;PointsLayer:US.BlockPoints,2.191,2.576,1,5.93,2.78,6.83,29.68,5.89,3.3,3.46,8.78,137,133,0.6475,17.47,29.74,16.36,0,0,,,0,0,0,0,0,0,0,0,0,0,0,0,25,27,0,0,0,0,0.0,808.78,0,0.0,1268.57,5,816.91,181.66,1,0,0.0,1270.59,0.0,0,0.0,0,0.0,0,100.0,1,0.0,0,1.24,41.7,25.97,1.59,30.74,3,47.81,7,20,0,,,0,0,34.18332543964036,-118.5809053467769,reconstructed,0.5592817793184214,174,1399,38,5.93,2.78,6.83,29.68,5.89,3.3,5.54,8.78,133,2023 Pop w/Income Below Poverty Level (ACS 5-Yr): Percent,police_station_count,0.0037219320483795034
G-21,2,US,953,BlockApportionment:US.BlockGroups;PointsLayer:US.BlockPoints,2.191,2.576,1,152,1756,98,90,10.25,3.32,159,2,US,953,BlockApportionment:US.BlockGroups;PointsLayer:US.BlockPoints,2.191,2.576,1,24.88,0.77,10.27,9.64,0.0,0.87,3.1,16.12,124,129,0.6475,17.47,29.74,16.36,0,0,,,0,0,0,0,0,0,0,0,0,0,0,1,132,123,0,0,1,1,54.42,481.83,1,54.42,481.83,0,0.0,680.75,0,1,50.88,482.72,0.0,0,0.0,0,0.0,0,100.0,1,0.0,0,6.19,40.21,29.04,3.95,26.8,5,48.47,7,21,0,,,0,0,34.175539941231754,-118.58089770763436,reconstructed,0.5567862920237356,152,1756,90,24.88,0.77,10.27,9.64,0.0,0.87,3.32,16.12,129,pct_below_poverty,lausd_school_site_count,0.00573426406312442
G-22,16,US,917,BlockApportionment:US.BlockGroups;PointsLayer:US.BlockPoints,2.191,2.576,1,126,2315,79,202,12.7,2.55,147,16,US,917,BlockApportionment:US.BlockGroups;PointsLayer:US.BlockPoints,2.191,2.576,1,15.9,1.68,17.85,43.3,0.0,0.33,1.41,7.28,130,130,0.6475,17.47,29.74,16.36,0,0,,,6,0,0,0,0,0,0,0,0,0,0,0,414,422,0,0,0,17,2373.19,226.71,6,1398.72,317.5,2,510.62,391.15,2,2,1206.66,312.06,0.0,0,0.0,0,0.0,0,100.0,1,0.0,0,6.21,40.25,36.35,3.01,20.39,5,53.58,7,22,1,34.16713836,-118.58396921,0,1,34.16775444282315,-118.58089006849184,detection_avg,0.5957983033061294,126,2315,202,15.9,1.68,17.85,43.3,0.0,0.33,2.55,7.28,130,2023 Pop 35-64: No Health Insurance (ACS 5-Yr): Percent,affordable_housing_count,0.0027428005686944267
G-9,40,US,1341,BlockApportionment:US.BlockGroups;PointsLayer:US.BlockPoints,2.191,2.576,1,71,988,55,140,25.2,1.63,175,40,US,1341,BlockApportionment:US.BlockGroups;PointsLayer:US.BlockPoints,2.191,2.576,1,32.3,1.24,4.37,0.0,1.67,1.46,4.05,5.7,147,150,0.6475,17.47,29.74,16.36,0,0,,,0,0,0,0,0,0,0,0,0,0,0,2,106,103,0,0,0,0,0.0,561.57,0,0.0,714.34,3,71.84,469.13,0,0,0.0,717.17,0.0,0,0.0,0,0.0,0,100.0,1,0.0,0,5.15,29.55,45.88,3.44,21.13,5,60.57,7,9,0,,,0,0,34.26896592213502,-118.58098937734476,reconstructed,0.5265668117338849,71,988,140,32.3,1.24,4.37,0.0,1.67,1.46,1.63,5.7,150,2023 Pop w/Income Below Poverty Level (ACS 5-Yr): Percent,police_station_count,0.005014527599764595
H-11,30,US,1281,BlockApportionment:US.BlockGroups;PointsLayer:US.BlockPoints,2.191,2.576,1,61,1437,65,95,25.89,2.21,150,30,US,1281,BlockApportionment:US.BlockGroups;PointsLayer:US.BlockPoints,2.191,2.576,1,29.88,3.78,11.19,38.46,5.4,2.14,1.99,11.96,129,132,0.6475,17.47,29.74,16.36,0,0,,,18,0,1,0,0,0,0,0,0,0,0,0,97,100,0,0,0,13,1394.56,178.76,0,0.0,1974.13,2,1268.49,172.15,0,0,0.0,2021.88,5.2,1,0.0,0,5.2,1,100.0,1,0.0,0,1.72,26.51,39.59,4.99,28.92,5,57.2,8,11,0,,,0,0,34.25338811123569,-118.57286635526242,reconstructed,0.5516840772369838,61,1437,95,29.88,3.78,11.19,38.46,5.4,2.14,2.21,11.96,132,2023 Pop w/Income Below Poverty Level (ACS 5-Yr): Percent,fire_station_count,0.004929484802723109
H-12,2,US,1253,BlockApportionment:US.BlockGroups;PointsLayer:US.BlockPoints,2.191,2.576,1,102,1585,66,121,35.77,3.83,143,2,US,1253,BlockApportionment:US.BlockGroups;PointsLayer:US.BlockPoints,2.191,2.576,1,20.47,3.15,6.4,23.08,2.31,2.76,3.74,16.0,125,126,0.6475,17.47,29.74,16.36,0,0,,,0,0,0,0,0,0,0,0,0,0,0,0,91,90,0,0,1,8,865.6,164.57,0,0.0,2833.76,4,868.64,184.83,0,0,0.0,2886.74,7.1,1,0.0,0,6.32,1,100.0,1,0.0,0,1.77,24.03,41.52,5.65,28.8,5,58.53,8,12,0,,,0,0,34.24560261282708,-118.5728587161199,reconstructed,0.5601092962391809,102,1585,121,20.47,3.15,6.4,23.08,2.31,2.76,3.83,16.0,126,pct_below_poverty,lausd_school_site_count,0.007606579882657855
H-13,20,US,1221,BlockApportionment:US.BlockGroups;PointsLayer:US.BlockPoints,2.191,2.576,1,99,190,63,121,36.32,3.8,146,20,US,1221,BlockApportionment:US.BlockGroups;PointsLayer:US.BlockPoints,2.191,2.576,1,16.33,2.04,6.7,28.57,2.17,3.09,3.31,16.67,126,132,0.6475,17.47,29.74,16.36,0,0,,,18,0,0,0,0,0,0,0,0,0,0,0,140,164,0,0,0,14,924.02,176.65,0,0.0,3695.83,12,1481.73,194.54,5,0,0.0,2892.43,6.59,1,0.0,0,4.01,1,100.0,1,0.0,0,0.34,6.01,82.99,1.03,9.97,5,87.99,8,13,0,,,0,0,34.23781711441848,-118.57285107697736,reconstructed,0.5761643661394644,99,190,121,16.33,2.04,6.7,28.57,2.17,3.09,3.8,16.67,132,total_population,police_station_count,0.011054316133008165
H-14,37,US,1188,BlockApportionment:US.BlockGroups;PointsLayer:US.BlockPoints,2.191,2.576,1,170,1036,102,93,52.8,2.06,108,37,US,1188,BlockApportionment:US.BlockGroups;PointsLayer:US.BlockPoints,2.191,2.576,1,31.96,0.0,13.36,33.81,2.48,7.59,2.1,19.01,112,120,0.6475,17.47,29.74,16.36,0,0,,,18,0,0,0,0,0,1,0,0,0,0,0,184,180,0,0,0,19,1890.54,4.74,0,0.0,4558.95,0,0.0,493.53,0,0,0.0,2734.42,0.0,0,0.0,0,0.0,0,100.0,1,0.0,0,1.77,11.68,75.04,2.65,10.62,5,82.0,8,14,1,34.23303809,-118.57461953,1,1,34.23003161600987,-118.57284343783482,detection_avg,0.6069153961614628,170,1036,93,31.96,0.0,13.36,33.81,2.48,7.59,2.06,19.01,120,2023 Pop 35-64: No Health Insurance (ACS 5-Yr): Percent,affordable_housing_count,-0.004534598397903343
H-15,5,US,1156,BlockApportionment:US.BlockGroups;PointsLayer:US.BlockPoints,2.191,2.576,1,76,1333,78,238,46.36,4.23,129,5,US,1156,BlockApportionment:US.BlockGroups;PointsLayer:US.BlockPoints,2.191,2.576,1,27.25,5.54,13.72,42.4,3.29,5.84,3.6,16.55,111,112,0.6475,17.47,29.74,16.36,0,0,,,9,0,1,0,0,0,0,1,0,0,0,1,190,179,0,0,0,14,1362.38,175.48,0,0.0,5422.51,0,0.0,1336.08,1,0,0.0,2815.2,0.0,0,0.0,0,0.0,0,100.0,1,0.0,0,8.67,29.2,48.14,5.31,17.35,5,61.1,8,15,1,34.22484961,-118.57240511,0,1,34.222246117601266,-118.5728357986923,detection_avg,0.5553723287858614,76,1333,238,27.25,5.54,13.72,42.4,3.29,5.84,4.23,16.55,112,recreation_center_count,osm_amenity_count,0.005235238115690797
H-16,21,US,1122,BlockApportionment:US.BlockGroups;PointsLayer:US.BlockPoints,2.191,2.576,1,47,2943,70,167,51.41,3.94,93,21,US,1122,BlockApportionment:US.BlockGroups;PointsLayer:US.BlockPoints,2.191,2.576,1,24.11,6.29,39.96,48.22,10.1,3.46,3.67,15.0,86,92,0.6475,17.47,29.74,16.36,0,0,,,12,0,0,0,0,1,1,0,0,0,0,0,219,251,0,0,1,0,0.0,440.28,0,0.0,4811.16,0,0.0,1069.0,2,0,0.0,3037.43,0.0,0,0.0,0,0.0,0,100.0,1,0.0,0,4.13,22.89,50.6,3.79,22.72,5,64.18,8,16,0,,,2,0,34.21446061919266,-118.57282815954976,reconstructed,0.5556673618848073,47,2943,167,24.11,6.29,39.96,48.22,10.1,3.46,3.94,15.0,92,pct_below_poverty,lausd_school_site_count,-0.020126935997861247
H-17,36,US,1087,BlockApportionment:US.BlockGroups;PointsLayer:US.BlockPoints,2.191,2.576,1,54,5336,58,152,56.11,2.13,97,36,US,1087,BlockApportionment:US.BlockGroups;PointsLayer:US.BlockPoints,2.191,2.576,1,26.49,4.9,23.81,39.82,8.67,4.47,1.61,23.57,76,75,0.6475,17.47,29.74,16.36,0,0,,,21,0,0,0,0,0,0,0,0,0,0,0,587,586,0,0,0,0,0.0,807.3,0,0.0,3950.04,0,0.0,930.49,3,0,0.0,3037.61,0.0,0,0.0,0,0.0,0,100.0,1,0.0,0,0.71,14.66,59.89,4.06,21.38,5,71.71,8,17,0,,,0,0,34.206675120784055,-118.57282052040722,reconstructed,0.5845817495489062,54,5336,152,26.49,4.9,23.81,39.82,8.67,4.47,2.13,23.57,75,2023 Pop w/Income Below Poverty Level (ACS 5-Yr): Percent,police_station_count,-0.00652087202012419
H-18,1,US,1052,BlockApportionment:US.BlockGroups;PointsLayer:US.BlockPoints,2.191,2.576,1,76,2769,80,140,51.64,6.68,96,1,US,1052,BlockApportionment:US.BlockGroups;PointsLayer:US.BlockPoints,2.191,2.576,1,19.52,4.18,18.69,37.8,3.96,4.08,6.16,23.81,79,80,0.6475,17.47,29.74,16.36,0,0,,,18,0,0,0,0,0,1,0,0,0,0,1,283,298,0,0,3,16,1880.52,42.83,0,0.0,3090.16,0,0.0,903.95,4,0,0.0,3036.2,0.0,0,0.0,0,0.0,0,100.0,1,0.0,0,3.26,23.71,50.0,4.64,21.65,5,64.02,8,18,1,34.20121899,-118.572210645,1,1,34.19888962237545,-118.5728128812647,detection_avg,0.5863241743181926,76,2769,140,19.52,4.18,18.69,37.8,3.96,4.08,6.68,23.81,80,pct_below_poverty,lausd_school_site_count,0.0097522800288799
H-19,18,US,1019,BlockApportionment:US.BlockGroups;PointsLayer:US.BlockPoints,2.191,2.576,1,52,1770,76,133,48.64,5.26,140,18,US,1019,BlockApportionment:US.BlockGroups;PointsLayer:US.BlockPoints,2.191,2.576,1,23.62,5.52,16.37,44.77,4.51,0.95,6.16,21.19,107,108,0.6475,17.47,29.74,16.36,0,0,,,16,0,0,0,0,0,0,0,0,0,0,0,192,200,0,0,0,0,0.0,547.35,0,0.0,2231.55,11,1777.98,130.6,9,0,0.0,2246.67,0.0,0,8.34,1,0.0,0,100.0,1,0.0,0,3.89,21.38,53.18,3.18,22.26,5,66.06,8,19,0,,,0,0,34.191104123966845,-118.57280524212216,reconstructed,0.5407466736017728,52,1770,133,23.62,5.52,16.37,44.77,4.51,0.95,5.26,21.19,108,pct_below_poverty,la_geohub_100yr_flood_intersects,-0.00626339740564071
H-20,36,US,987,BlockApportionment:US.BlockGroups;PointsLayer:US.BlockPoints,2.191,2.576,1,57,280,72,138,29.64,1.33,163,36,US,987,BlockApportionment:US.BlockGroups;PointsLayer:US.BlockPoints,2.191,2.576,1,18.31,4.23,7.01,35.0,4.43,0.74,3.35,16.75,140,147,0.6475,17.47,29.74,16.36,0,0,,,18,0,0,0,1,0,0,0,1,0,0,0,43,38,0,0,2,4,848.11,163.3,0,0.0,1377.2,9,1464.84,166.25,26,0,0.0,1401.98,2.96,1,0.0,0,2.96,1,100.0,1,0.0,0,2.06,24.05,50.86,3.26,21.82,5,64.98,8,20,0,,,0,0,34.18331862555824,-118.57279760297962,reconstructed,0.5702608173202041,57,280,138,18.31,4.23,7.01,35.0,4.43,0.74,1.33,16.75,147,2023 Pop w/Income Below Poverty Level (ACS 5-Yr): Percent,college_count,0.010586741581618079
H-21,3,US,954,BlockApportionment:US.BlockGroups;PointsLayer:US.BlockPoints,2.191,2.576,1,87,574,78,69,13.94,4.0,198,3,US,954,BlockApportionment:US.BlockGroups;PointsLayer:US.BlockPoints,2.191,2.576,1,24.89,0.0,6.55,21.28,2.19,0.31,3.43,12.06,155,161,0.6475,17.47,29.74,16.36,0,0,,,6,0,0,0,0,0,0,0,0,0,0,1,83,84,0,0,0,0,0.0,534.3,0,0.0,534.3,2,1056.49,263.5,0,0,0.0,573.11,0.0,0,0.0,0,0.0,0,100.0,1,0.0,0,10.8,43.54,32.92,3.54,20.0,5,49.8,8,21,1,34.17569055,-118.5701702,0,1,34.175533127149635,-118.5727899638371,detection_avg,0.516962316377294,87,574,69,24.89,0.0,6.55,21.28,2.19,0.31,4.0,12.06,161,total_population,police_station_count,0.0049499366508082695
H-22,17,US,918,BlockApportionment:US.BlockGroups;PointsLayer:US.BlockPoints,2.191,2.576,1,144,674,85,162,16.17,4.3,114,17,US,918,BlockApportionment:US.BlockGroups;PointsLayer:US.BlockPoints,2.191,2.576,1,13.12,1.56,11.21,38.34,5.36,0.39,2.49,7.44,105,107,0.6475,17.47,29.74,16.36,0,0,,,18,0,0,0,0,3,0,0,0,0,0,4,330,326,0,0,3,32,3586.18,84.04,17,2665.09,189.0,1,705.61,355.45,7,2,1721.43,198.48,3.31,1,0.0,0,3.3,1,100.0,1,0.0,0,5.13,22.12,52.21,2.83,22.83,5,65.01,8,22,0,,,3,0,34.167747628741026,-118.57278232469456,reconstructed,0.6202231017926326,144,674,162,13.12,1.56,11.21,38.34,5.36,0.39,4.3,7.44,107,total_population,police_station_count,0.0037199488431956963
I-13,21,US,1222,BlockApportionment:US.BlockGroups;PointsLayer:US.BlockPoints,2.191,2.576,1,196,772,102,81,37.31,4.67,129,21,US,1222,BlockApportionment:US.BlockGroups;PointsLayer:US.BlockPoints,2.191,2.576,1,26.09,2.17,10.83,32.0,1.09,2.5,5.5,17.39,125,126,0.6475,17.47,29.74,16.36,0,0,,,24,0,0,0,0,0,0,0,0,0,0,1,256,251,0,0,0,7,513.62,412.94,0,0.0,4096.8,15,1570.49,36.0,10,0,0.0,3522.85,4.64,1,0.0,0,1.37,1,100.0,1,0.0,0,1.42,9.38,74.34,3.89,12.39,5,81.61,9,13,0,,,0,0,34.23781030033635,-118.56474333318008,reconstructed,0.5856922121094159,196,772,81,26.09,2.17,10.83,32.0,1.09,2.5,4.67,17.39,126,total_crime_est,affordable_housing_count,-0.0038059846834597798
I-14,38,US,1189,BlockApportionment:US.BlockGroups;PointsLayer:US.BlockPoints,2.191,2.576,1,80,1519,55,79,42.86,5.47,172,38,US,1189,BlockApportionment:US.BlockGroups;PointsLayer:US.BlockPoints,2.191,2.576,1,30.77,1.54,3.72,57.94,6.91,2.76,3.97,18.22,134,137,0.6475,17.47,29.74,16.36,0,0,,,6,0,0,0,1,1,0,0,0,0,0,0,175,186,0,0,0,0,0.0,451.92,0,0.0,4948.58,0,0.0,742.16,0,0,0.0,3490.91,0.0,0,0.0,0,0.0,0,100.0,1,0.0,0,0.86,19.07,54.81,2.58,23.54,5,68.11,9,14,1,34.22806018,-118.56975617,1,1,34.23002480192775,-118.56473569403757,detection_avg,0.5240018126388758,80,1519,79,30.77,1.54,3.72,57.94,6.91,2.76,5.47,18.22,137,2023 Pop w/Income Below Poverty Level (ACS 5-Yr): Percent,police_station_count,0.005109391629503878
I-15,6,US,1157,BlockApportionment:US.BlockGroups;PointsLayer:US.BlockPoints,2.191,2.576,1,49,3410,65,162,53.34,2.65,108,6,US,1157,BlockApportionment:US.BlockGroups;PointsLayer:US.BlockPoints,2.191,2.576,1,19.55,11.71,14.91,24.53,7.87,6.98,3.14,20.03,103,107,0.6475,17.47,29.74,16.36,0,0,,,12,0,0,0,0,0,1,0,0,0,0,1,200,207,0,0,1,20,975.24,20.48,0,0.0,5169.02,0,0.0,1583.39,0,0,0.0,3651.41,0.0,0,0.0,0,0.0,0,100.0,1,0.0,0,2.47,25.09,47.0,6.18,21.73,5,62.16,9,15,0,,,1,0,34.22223930351914,-118.564728054895,reconstructed,0.6020277600353989,49,3410,162,19.55,11.71,14.91,24.53,7.87,6.98,2.65,20.03,107,2023 Pop 35-64: No Health Insurance (ACS 5-Yr): Percent,affordable_housing_count,-0.003960376261451043
I-16,22,US,1123,BlockApportionment:US.BlockGroups;PointsLayer:US.BlockPoints,2.191,2.576,1,68,2587,78,171,39.43,2.24,135,22,US,1123,BlockApportionment:US.BlockGroups;PointsLayer:US.BlockPoints,2.191,2.576,1,33.9,1.82,26.82,30.86,7.93,5.61,1.49,23.54,121,126,0.6475,17.47,29.74,16.36,0,0,,,6,0,0,0,0,0,0,0,0,0,0,0,210,187,0,0,0,0,0.0,885.19,0,0.0,4307.74,0,0.0,1688.2,0,0,0.0,3786.21,0.0,0,0.0,0,0.0,0,100.0,1,0.0,0,5.51,25.13,49.23,4.65,21.0,5,62.81,9,16,0,,,0,0,34.21445380511054,-118.56472041575248,reconstructed,0.5671573686318452,68,2587,171,33.9,1.82,26.82,30.86,7.93,5.61,2.24,23.54,126,2023 Pop w/Income Below Poverty Level (ACS 5-Yr): Percent,police_station_count,-0.009524568116160112
I-17,37,US,1088,BlockApportionment:US.BlockGroups;PointsLayer:US.BlockPoints,2.191,2.576,1,59,2484,64,167,51.13,2.25,141,37,US,1088,BlockApportionment:US.BlockGroups;PointsLayer:US.BlockPoints,2.191,2.576,1,12.28,1.65,8.32,28.68,2.35,3.93,3.16,16.21,121,123,0.6475,17.47,29.74,16.36,0,0,,,15,0,0,0,0,1,1,0,0,0,0,0,289,280,0,0,3,14,1115.03,375.2,0,0.0,3446.94,0,0.0,1492.93,2,0,0.0,3446.72,0.0,0,0.0,0,0.0,0,100.0,1,0.0,0,4.42,21.06,57.35,5.84,15.75,5,68.82,9,17,1,34.20212082,-118.56346517,2,1,34.20666830670193,-118.56471277660997,detection_avg,0.5322063744258717,59,2484,167,12.28,1.65,8.32,28.68,2.35,3.93,2.25,16.21,123,pct_below_poverty,lausd_school_site_count,-0.006361267841617312
I-18,2,US,1053,BlockApportionment:US.BlockGroups;PointsLayer:US.BlockPoints,2.191,2.576,1,34,1912,57,124,52.62,1.3,132,2,US,1053,BlockApportionment:US.BlockGroups;PointsLayer:US.BlockPoints,2.191,2.576,1,31.99,7.5,29.95,44.58,5.57,4.95,1.29,22.27,107,116,0.6475,17.47,29.74,16.36,0,0,,,10,0,0,0,0,0,1,0,0,0,0,0,221,213,0,0,0,0,0.0,475.89,0,0.0,2586.15,0,0.0,640.24,3,0,0.0,2586.4,0.0,0,0.0,0,0.0,0,100.0,1,0.0,0,4.26,16.67,63.83,5.14,14.36,5,73.4,9,18,0,,,1,0,34.19888280829333,-118.5647051374674,reconstructed,0.5656966125141273,34,1912,124,31.99,7.5,29.95,44.58,5.57,4.95,1.3,22.27,116,2023 Pop w/Income Below Poverty Level (ACS 5-Yr): Percent,police_station_count,-0.010825954038103654
I-19,19,US,1020,BlockApportionment:US.BlockGroups;PointsLayer:US.BlockPoints,2.191,2.576,1,34,1652,64,117,33.84,0.45,131,19,US,1020,BlockApportionment:US.BlockGroups;PointsLayer:US.BlockPoints,2.191,2.576,1,19.71,3.89,21.06,33.07,3.9,3.83,0.42,17.26,108,114,0.6475,17.47,29.74,16.36,0,0,,,12,0,0,0,0,0,0,0,0,0,0,0,181,199,0,0,0,10,1170.48,257.55,0,0.0,1725.84,9,1418.16,158.76,0,0,0.0,1726.08,0.0,0,7.53,1,0.0,0,100.0,1,0.0,0,2.59,17.41,54.83,5.0,22.76,5,67.6,9,19,0,,,0,0,34.19109730988472,-118.56469749832488,reconstructed,0.5697232388090679,34,1652,117,19.71,3.89,21.06,33.07,3.9,3.83,0.45,17.26,114,pct_below_poverty,la_geohub_100yr_flood_intersects,-0.025233470677999394
I-20,37,US,988,BlockApportionment:US.BlockGroups;PointsLayer:US.BlockPoints,2.191,2.576,1,67,909,75,198,13.86,4.65,248,37,US,988,BlockApportionment:US.BlockGroups;PointsLayer:US.BlockPoints,2.191,2.576,1,6.69,0.67,4.43,44.74,5.05,0.23,5.69,7.03,185,190,0.6475,17.47,29.74,16.36,0,0,,,0,0,0,0,0,1,0,0,0,0,0,0,116,113,0,0,2,0,0.0,595.07,0,0.0,865.67,1,615.62,318.29,0,0,0.0,865.76,0.0,0,0.0,0,0.0,0,100.0,1,0.0,0,4.07,29.03,40.53,4.6,25.84,5,57.15,9,20,0,,,1,0,34.18331181147612,-118.56468985918237,reconstructed,0.5101906677403734,67,909,198,6.69,0.67,4.43,44.74,5.05,0.23,4.65,7.03,190,pct_below_poverty,lausd_school_site_count,0.006121233828632387
I-21,4,US,955,BlockApportionment:US.BlockGroups;PointsLayer:US.BlockPoints,2.191,2.576,1,100,499,81,190,14.43,4.66,211,4,US,955,BlockApportionment:US.BlockGroups;PointsLayer:US.BlockPoints,2.191,2.576,1,9.22,1.42,4.59,40.0,5.83,0.63,4.69,7.98,170,177,0.6475,17.47,29.74,16.36,0,0,,,18,0,0,0,0,0,0,0,0,0,0,4,477,483,0,0,0,27,3330.57,5.51,9,2207.02,5.51,1,42.69,477.97,19,2,1880.62,5.45,0.0,0,0.0,0,0.0,0,100.0,1,0.0,0,4.66,30.0,44.48,2.93,22.59,5,59.74,9,21,0,,,0,0,34.175526313067515,-118.5646822200398,reconstructed,0.5786973748457859,100,499,190,9.22,1.42,4.59,40.0,5.83,0.63,4.66,7.98,177,total_population,police_station_count,0.00596731168344473
J-13,22,US,1223,BlockApportionment:US.BlockGroups;PointsLayer:US.BlockPoints,2.191,2.576,1,237,1867,126,157,21.75,3.92,144,22,US,1223,BlockApportionment:US.BlockGroups;PointsLayer:US.BlockPoints,2.191,2.576,1,24.87,0.72,11.18,36.07,0.26,2.12,4.43,13.37,151,152,0.6475,17.47,29.74,16.36,0,0,,,12,0,0,0,0,0,0,0,0,0,0,1,307,342,0,0,0,13,722.89,290.87,0,0.0,3584.94,5,105.25,275.29,40,0,0.0,3617.48,0.0,0,0.0,0,0.0,0,100.0,1,0.0,0,1.89,12.39,73.84,1.2,12.56,5,81.12,10,13,0,,,0,0,34.23780348625423,-118.55663558938282,reconstructed,0.5907081812301379,237,1867,157,24.87,0.72,11.18,36.07,0.26,2.12,3.92,13.37,152,recreation_center_count,osm_amenity_count,0.005274706350969029
J-14,39,US,1190,BlockApportionment:US.BlockGroups;PointsLayer:US.BlockPoints,2.191,2.576,1,142,705,105,48,39.01,5.37,132,39,US,1190,BlockApportionment:US.BlockGroups;PointsLayer:US.BlockPoints,2.191,2.576,1,32.87,1.73,11.95,6.72,4.98,0.96,1.14,14.69,97,100,0.6475,17.47,29.74,16.36,0,0,,,15,0,0,0,0,0,0,0,0,0,0,0,348,393,0,0,0,24,1647.91,181.0,0,0.0,4449.67,3,862.47,147.75,14,0,0.0,4230.74,12.01,1,0.0,0,10.01,1,100.0,1,0.0,0,2.83,9.91,78.05,1.06,10.97,5,83.79,10,14,0,,,0,0,34.23001798784563,-118.55662795024028,reconstructed,0.6018819424853232,142,705,48,32.87,1.73,11.95,6.72,4.98,0.96,5.37,14.69,100,total_population,police_station_count,0.003367216212718322
J-15,7,US,1158,BlockApportionment:US.BlockGroups;PointsLayer:US.BlockPoints,2.191,2.576,1,135,1578,100,55,39.92,4.87,134,7,US,1158,BlockApportionment:US.BlockGroups;PointsLayer:US.BlockPoints,2.191,2.576,1,31.57,2.02,10.73,7.53,4.92,0.87,1.7,16.24,98,100,0.6475,17.47,29.74,16.36,0,0,,,12,0,0,0,0,0,0,0,0,0,0,1,141,140,0,0,0,21,1265.68,289.02,0,0.0,5314.43,0,0.0,977.78,2,0,0.0,4285.84,0.0,0,0.0,0,0.0,0,100.0,1,0.0,0,5.66,23.54,52.74,5.49,18.23,5,65.22,10,15,0,,,0,0,34.22223248943702,-118.55662031109776,reconstructed,0.5655985998541686,135,1578,55,31.57,2.02,10.73,7.53,4.92,0.87,4.87,16.24,100,total_crime_est,police_station_count,-0.0021128544558409166
J-16,23,US,1124,BlockApportionment:US.BlockGroups;PointsLayer:US.BlockPoints,2.191,2.576,1,71,1993,90,324,57.8,2.31,106,23,US,1124,BlockApportionment:US.BlockGroups;PointsLayer:US.BlockPoints,2.191,2.576,1,36.61,0.0,20.18,39.02,3.44,7.13,2.65,11.38,120,126,0.6475,17.47,29.74,16.36,0,0,,,3,0,0,0,0,0,0,0,0,0,0,0,164,183,0,0,0,7,729.73,288.32,0,0.0,4698.65,0,0.0,1016.58,0,0,0.0,4497.45,0.0,0,0.0,0,0.0,0,100.0,1,0.0,0,5.16,21.34,52.15,6.54,19.97,5,64.96,10,16,0,,,0,0,34.21444699102842,-118.55661267195522,reconstructed,0.554876388222687,71,1993,324,36.61,0.0,20.18,39.02,3.44,7.13,2.31,11.38,126,2023 Pop 35-64: No Health Insurance (ACS 5-Yr): Percent,affordable_housing_count,-0.004144382887664012
J-17,38,US,1089,BlockApportionment:US.BlockGroups;PointsLayer:US.BlockPoints,2.191,2.576,1,38,2223,46,107,52.09,1.01,118,38,US,1089,BlockApportionment:US.BlockGroups;PointsLayer:US.BlockPoints,2.191,2.576,1,22.33,1.82,18.2,47.04,10.45,6.36,2.13,16.11,105,111,0.6475,17.47,29.74,16.36,0,0,,,18,0,0,0,0,1,0,0,0,0,0,0,235,221,0,0,2,4,729.98,288.4,0,0.0,3835.6,0,0.0,1169.52,2,0,0.0,3852.14,0.0,0,0.0,0,0.0,0,100.0,1,0.0,0,3.01,22.3,48.32,6.9,22.48,5,62.92,10,17,0,,,1,0,34.20666149261981,-118.55660503281268,reconstructed,0.5712477989485586,38,2223,107,22.33,1.82,18.2,47.04,10.45,6.36,1.01,16.11,111,total_crime_est,police_station_count,0.005551892112965832
J-18,3,US,1054,BlockApportionment:US.BlockGroups;PointsLayer:US.BlockPoints,2.191,2.576,1,42,5315,49,140,49.56,3.08,128,3,US,1054,BlockApportionment:US.BlockGroups;PointsLayer:US.BlockPoints,2.191,2.576,1,27.47,3.41,16.62,38.18,4.85,6.55,4.26,19.55,112,119,0.6475,17.47,29.74,16.36,0,0,,,18,0,0,0,0,0,0,0,0,0,0,0,300,325,0,0,2,23,2636.22,43.92,0,0.0,2973.41,0,0.0,1158.18,5,0,0.0,2987.31,0.0,0,0.0,0,0.0,0,100.0,1,0.0,0,1.55,17.01,58.93,5.67,18.38,5,70.79,10,18,0,,,0,0,34.19887599421121,-118.55659739367016,reconstructed,0.593999591348036,42,5315,140,27.47,3.41,16.62,38.18,4.85,6.55,3.08,19.55,119,total_crime_est,police_station_count,0.004783942263697703
J-19,20,US,1021,BlockApportionment:US.BlockGroups;PointsLayer:US.BlockPoints,2.191,2.576,1,49,2519,56,145,59.43,3.83,98,20,US,1021,BlockApportionment:US.BlockGroups;PointsLayer:US.BlockPoints,2.191,2.576,1,25.6,3.23,11.79,26.67,3.61,5.66,3.99,20.76,97,104,0.6475,17.47,29.74,16.36,0,0,,,16,0,0,0,0,0,1,0,0,0,0,0,271,283,0,0,1,1,729.31,288.86,0,0.0,2112.49,1,523.59,312.4,10,0,0.0,2122.49,0.0,0,5.16,1,0.0,0,100.0,1,0.0,0,0.71,14.66,59.01,5.3,21.02,5,71.09,10,19,0,,,1,0,34.1910904958026,-118.5565897545276,reconstructed,0.5665807183147855,49,2519,145,25.6,3.23,11.79,26.67,3.61,5.66,3.83,20.76,104,pct_below_poverty,la_geohub_100yr_flood_intersects,0.010052766915962165
J-20,38,US,989,BlockApportionment:US.BlockGroups;PointsLayer:US.BlockPoints,2.191,2.576,1,76,2222,94,193,31.95,2.76,112,38,US,989,BlockApportionment:US.BlockGroups;PointsLayer:US.BlockPoints,2.191,2.576,1,27.66,1.69,8.02,29.11,1.19,5.25,2.27,25.6,92,96,0.6475,17.47,29.74,16.36,0,0,,,18,0,0,0,0,0,0,0,0,0,0,0,236,229,0,0,0,19,1532.29,169.44,0,0.0,1250.16,1,195.29,435.46,13,0,0.0,1257.67,0.0,0,1.79,1,0.0,0,100.0,1,0.0,0,3.1,16.52,54.73,5.51,23.24,5,67.38,10,20,0,,,0,0,34.183304997394,-118.55658211538508,reconstructed,0.5651660567971875,76,2222,193,27.66,1.69,8.02,29.11,1.19,5.25,2.76,25.6,96,pct_below_poverty,la_geohub_100yr_flood_intersects,0.013001562134225863
J-21,5,US,956,BlockApportionment:US.BlockGroups;PointsLayer:US.BlockPoints,2.191,2.576,1,115,1072,121,224,12.97,4.52,211,5,US,956,BlockApportionment:US.BlockGroups;PointsLayer:US.BlockPoints,2.191,2.576,1,17.11,6.84,3.4,29.23,1.2,1.29,3.05,6.01,173,173,0.6475,17.47,29.74,16.36,0,0,,,3,0,0,0,0,0,1,0,0,0,0,3,154,175,0,0,0,10,2225.84,288.59,7,1496.24,388.51,0,0.0,1072.57,0,2,1057.98,392.89,0.0,0,0.0,0,0.0,0,100.0,1,0.0,0,11.15,41.77,33.98,6.73,17.52,5,50.44,10,21,0,,,1,0,34.17551949898539,-118.55657447624256,reconstructed,0.574536671275468,115,1072,224,17.11,6.84,3.4,29.23,1.2,1.29,4.52,6.01,173,2023 Pop w/Income Below Poverty Level (ACS 5-Yr): Percent,police_station_count,0.005100933012415175
J-22,18,US,919,BlockApportionment:US.BlockGroups;PointsLayer:US.BlockPoints,2.191,2.576,1,152,927,96,140,8.31,3.22,221,18,US,919,BlockApportionment:US.BlockGroups;PointsLayer:US.BlockPoints,2.191,2.576,1,21.59,2.22,8.63,75.0,1.77,3.86,3.99,12.9,201,210,0.6475,17.47,29.74,16.36,0,0,,,21,0,0,0,0,0,1,0,0,0,0,1,443,442,0,0,0,13,756.05,363.6,2,165.41,439.66,1,122.82,215.81,6,0,0.0,448.85,0.0,0,0.0,0,0.0,0,100.0,1,0.0,0,7.61,30.44,45.31,3.54,20.71,5,59.43,10,22,0,,,1,0,34.167734000576786,-118.5565668371,reconstructed,0.585328477586749,152,927,140,21.59,2.22,8.63,75.0,1.77,3.86,3.22,12.9,210,esri_market_idx_14068_forecast,la_geohub_fire_hazard_area_pct,0.0063479776515068306
K-13,23,US,1224,BlockApportionment:US.BlockGroups;PointsLayer:US.BlockPoints,2.191,2.576,1,82,2189,78,50,32.66,2.77,113,23,US,1224,BlockApportionment:US.BlockGroups;PointsLayer:US.BlockPoints,2.191,2.576,1,33.96,5.56,9.23,34.56,1.5,4.81,1.86,25.34,86,86,0.6475,17.47,29.74,16.36,0,0,,,18,0,0,0,0,0,0,0,1,0,0,1,176,189,0,0,0,17,1108.29,26.01,0,0.0,4059.19,4,1141.42,91.33,7,0,0.0,4079.94,5.29,1,6.51,1,4.75,1,100.0,1,0.0,0,6.53,31.04,42.68,3.7,22.57,5,57.92,11,13,0,,,0,0,34.23779667217211,-118.54852784558554,reconstructed,0.5798051253664521,82,2189,50,33.96,5.56,9.23,34.56,1.5,4.81,2.77,25.34,86,pct_below_poverty,la_geohub_100yr_flood_intersects,0.013459531279942035
K-14,40,US,1191,BlockApportionment:US.BlockGroups;PointsLayer:US.BlockPoints,2.191,2.576,1,187,3023,162,110,83.23,1.54,71,40,US,1191,BlockApportionment:US.BlockGroups;PointsLayer:US.BlockPoints,2.191,2.576,1,21.53,2.93,21.85,35.95,9.43,7.85,1.59,28.57,72,73,0.6475,17.47,29.74,16.36,0,0,,,0,0,0,0,0,1,0,0,0,0,0,0,278,266,0,0,2,4,136.57,459.36,0,0.0,4917.65,3,1164.87,229.23,3,0,0.0,4939.75,0.38,1,4.79,1,0.16,1,100.0,1,0.0,0,0.34,8.76,70.79,3.95,16.49,5,79.45,11,14,1,34.22946603,-118.5491008,1,1,34.2300111737635,-118.54852020644302,detection_avg,0.6240057019215998,187,3023,110,21.53,2.93,21.85,35.95,9.43,7.85,1.54,28.57,73,pct_below_poverty,la_geohub_100yr_flood_intersects,-0.027768490042755146
K-15,8,US,1159,BlockApportionment:US.BlockGroups;PointsLayer:US.BlockPoints,2.191,2.576,1,87,1520,76,112,50.39,1.71,147,8,US,1159,BlockApportionment:US.BlockGroups;PointsLayer:US.BlockPoints,2.191,2.576,1,26.89,5.11,5.4,15.84,5.63,2.6,3.41,22.35,109,110,0.6475,17.47,29.74,16.36,0,0,,,18,0,0,0,0,2,0,0,0,0,0,1,191,190,0,0,4,19,1082.45,44.35,0,0.0,5143.57,1,777.68,228.97,2,0,0.0,5101.47,3.17,1,3.0,1,3.16,1,100.0,1,0.0,0,2.65,21.91,45.23,6.54,26.33,5,60.87,11,15,0,,,2,0,34.2222256753549,-118.54851256730048,reconstructed,0.5753217492097249,87,1520,112,26.89,5.11,5.4,15.84,5.63,2.6,1.71,22.35,110,pct_below_poverty,la_geohub_100yr_flood_intersects,0.007032099716942912
K-16,24,US,1125,BlockApportionment:US.BlockGroups;PointsLayer:US.BlockPoints,2.191,2.576,1,93,1424,98,90,56.32,0.81,150,24,US,1125,BlockApportionment:US.BlockGroups;PointsLayer:US.BlockPoints,2.191,2.576,1,35.05,15.11,3.76,5.41,10.92,6.62,1.03,21.09,120,124,0.6475,17.47,29.74,16.36,0,0,,,6,0,0,0,0,0,0,0,0,0,0,0,126,139,0,0,2,1,134.93,460.2,0,0.0,4282.64,1,271.79,420.7,0,0,0.0,4301.22,13.02,1,1.2,1,13.01,1,100.0,1,0.0,0,3.36,26.33,42.76,6.89,24.03,5,58.92,11,16,0,,,0,0,34.21444017694629,-118.54850492815794,reconstructed,0.5402742430856383,93,1424,90,35.05,15.11,3.76,5.41,10.92,6.62,0.81,21.09,124,pct_below_poverty,lausd_school_site_count,0.008443937196830401
K-17,39,US,1090,BlockApportionment:US.BlockGroups;PointsLayer:US.BlockPoints,2.191,2.576,1,43,3052,64,176,57.08,5.22,81,39,US,1090,BlockApportionment:US.BlockGroups;PointsLayer:US.BlockPoints,2.191,2.576,1,37.85,1.07,7.8,54.61,4.19,3.95,3.92,18.42,86,90,0.6475,17.47,29.74,16.36,0,0,,,12,0,0,0,0,0,1,0,0,0,0,1,280,273,0,0,0,9,918.32,381.12,0,0.0,3423.69,1,271.5,420.78,0,0,0.0,3436.57,21.88,1,1.17,1,21.88,1,100.0,1,0.0,0,3.28,18.97,58.45,5.69,16.9,5,69.93,11,17,0,,,1,0,34.20665467853769,-118.54849728901542,reconstructed,0.5377523574445888,43,3052,176,37.85,1.07,7.8,54.61,4.19,3.95,5.22,18.42,90,pct_below_poverty,la_geohub_100yr_flood_intersects,0.012763888669712465
K-18,4,US,1055,BlockApportionment:US.BlockGroups;PointsLayer:US.BlockPoints,2.191,2.576,1,90,3756,78,126,52.08,3.51,97,4,US,1055,BlockApportionment:US.BlockGroups;PointsLayer:US.BlockPoints,2.191,2.576,1,27.69,6.67,9.6,32.79,11.32,7.44,5.65,18.55,98,102,0.6475,17.47,29.74,16.36,0,0,,,5,0,0,1,0,1,0,0,0,0,0,0,242,267,1,0,1,1,134.92,460.2,0,0.0,2567.04,1,271.82,420.69,2,0,0.0,2571.93,28.74,1,1.15,1,28.73,1,100.0,1,0.0,0,6.02,26.37,55.22,4.42,13.98,5,66.85,11,18,0,,,1,0,34.19886918012908,-118.54848964987288,reconstructed,0.5842821599634794,90,3756,126,27.69,6.67,9.6,32.79,11.32,7.44,3.51,18.55,102,pct_below_poverty,la_geohub_100yr_flood_intersects,0.013320067104556643
K-19,21,US,1022,BlockApportionment:US.BlockGroups;PointsLayer:US.BlockPoints,2.191,2.576,1,75,3912,73,219,41.92,1.84,82,21,US,1022,BlockApportionment:US.BlockGroups;PointsLayer:US.BlockPoints,2.191,2.576,1,22.31,3.72,13.24,31.65,6.1,3.92,2.76,16.5,83,87,0.6475,17.47,29.74,16.36,0,0,,,6,0,0,0,0,0,0,0,0,0,0,0,283,306,0,0,0,10,829.64,263.29,0,0.0,1706.38,3,1238.12,144.6,3,0,0.0,1707.3,12.63,1,9.35,1,12.65,1,100.0,1,0.0,0,1.72,18.9,61.86,3.44,15.81,5,72.79,11,19,0,,,0,0,34.19108368172048,-118.54848201073034,reconstructed,0.5796943374002117,75,3912,219,22.31,3.72,13.24,31.65,6.1,3.92,1.84,16.5,87,pct_below_poverty,la_geohub_100yr_flood_intersects,0.005932238672133473
K-20,39,US,990,BlockApportionment:US.BlockGroups;PointsLayer:US.BlockPoints,2.191,2.576,1,91,1473,92,67,26.14,3.24,154,39,US,990,BlockApportionment:US.BlockGroups;PointsLayer:US.BlockPoints,2.191,2.576,1,20.5,2.09,4.87,26.35,0.0,1.31,2.67,16.95,156,157,0.6475,17.47,29.74,16.36,0,0,,,6,0,0,0,0,0,0,0,0,0,0,0,159,158,0,0,2,5,135.7,459.85,0,0.0,841.74,1,562.94,336.69,4,0,0.0,842.67,0.0,0,0.0,0,0.0,0,100.0,1,0.0,0,5.3,28.8,46.64,4.24,20.32,5,61.06,11,20,1,34.18170808,-118.5442987,0,1,34.18329818331187,-118.54847437158782,detection_avg,0.5373926408226132,91,1473,67,20.5,2.09,4.87,26.35,0.0,1.31,3.24,16.95,157,2023 Pop w/Income Below Poverty Level (ACS 5-Yr): Percent,police_station_count,0.004853071310227724
K-21,6,US,957,BlockApportionment:US.BlockGroups;PointsLayer:US.BlockPoints,2.191,2.576,1,107,777,89,98,11.97,4.63,206,6,US,957,BlockApportionment:US.BlockGroups;PointsLayer:US.BlockPoints,2.191,2.576,1,23.19,1.81,12.21,34.09,0.0,0.74,3.19,8.73,201,202,0.6475,17.47,29.74,16.36,0,0,,,15,0,1,0,0,0,0,1,0,0,0,1,352,335,0,0,1,37,3498.65,1.08,17,2487.85,1.08,1,558.42,335.86,17,2,1959.83,0.8,0.0,0,0.0,0,0.0,0,100.0,1,0.0,0,3.44,28.57,44.41,4.82,22.2,5,60.05,11,21,1,34.1735416,-118.55350644,0,1,34.17551268490327,-118.54846673244528,detection_avg,0.6032498784304003,107,777,98,23.19,1.81,12.21,34.09,0.0,0.74,4.63,8.73,202,recreation_center_count,osm_amenity_count,-0.015730348678444948
K-22,19,US,920,BlockApportionment:US.BlockGroups;PointsLayer:US.BlockPoints,2.191,2.576,1,124,602,82,71,6.64,3.5,222,19,US,920,BlockApportionment:US.BlockGroups;PointsLayer:US.BlockPoints,2.191,2.576,1,34.35,0.38,19.11,66.67,0.0,2.03,3.83,9.25,196,204,0.6475,17.47,29.74,16.36,0,0,,,0,0,0,0,0,0,0,0,0,0,0,2,112,98,0,0,1,0,0.0,771.47,0,0.0,791.2,1,983.83,151.75,0,0,0.0,865.42,0.0,0,0.0,0,0.0,0,100.0,1,0.0,0,2.65,33.98,35.4,4.78,25.84,5,53.98,11,22,0,,,0,0,34.16772718649466,-118.54845909330274,reconstructed,0.5789376004547462,124,602,71,34.35,0.38,19.11,66.67,0.0,2.03,3.5,9.25,204,pct_below_poverty,lausd_school_site_count,-0.0072956536221682605
K-23,29,US,880,BlockApportionment:US.BlockGroups;PointsLayer:US.BlockPoints,2.191,2.576,1,91,669,76,214,5.38,4.1,224,29,US,880,BlockApportionment:US.BlockGroups;PointsLayer:US.BlockPoints,2.191,2.576,1,25.57,1.53,6.31,0.0,0.0,1.23,3.68,15.58,203,213,0.6475,17.47,29.74,16.36,0,0,,,0,0,0,0,0,0,0,0,0,0,0,0,86,80,0,0,0,0,0.0,1599.06,0,0.0,1648.78,6,1054.59,402.59,0,0,0.0,1730.03,0.0,0,0.0,0,0.0,0,100.0,1,0.0,0,14.89,56.92,19.96,2.98,20.14,2,39.5,11,23,0,,,0,0,34.15994168808606,-118.5484514541602,reconstructed,0.5405277509528722,91,669,214,25.57,1.53,6.31,0.0,0.0,1.23,4.1,15.58,213,esri_market_idx_14068_forecast,la_geohub_fire_hazard_area_pct,0.0064588967719183005
L-13,24,US,1225,BlockApportionment:US.BlockGroups;PointsLayer:US.BlockPoints,2.191,2.576,1,86,3018,105,114,38.63,4.56,129,24,US,1225,BlockApportionment:US.BlockGroups;PointsLayer:US.BlockPoints,2.191,2.576,1,22.33,2.67,20.55,33.37,2.33,0.82,3.5,16.77,87,86,0.6475,17.47,29.74,16.36,0,0,,,18,0,0,0,0,1,0,0,0,0,0,1,227,236,0,0,1,6,328.13,404.49,0,0.0,3793.93,0,0.0,583.45,14,0,0.0,3804.44,0.0,0,0.0,0,0.0,0,100.0,1,0.0,0,2.12,27.43,43.89,3.54,25.13,5,60.09,12,13,0,,,1,0,34.23778985808998,-118.54042010178829,reconstructed,0.5915595992936719,86,3018,114,22.33,2.67,20.55,33.37,2.33,0.82,4.56,16.77,86,pct_below_poverty,lausd_school_site_count,-0.008011710403172043
L-14,41,US,1192,BlockApportionment:US.BlockGroups;PointsLayer:US.BlockPoints,2.191,2.576,1,99,1059,111,264,40.13,2.32,120,41,US,1192,BlockApportionment:US.BlockGroups;PointsLayer:US.BlockPoints,2.191,2.576,1,22.33,4.96,17.35,58.0,7.22,2.93,2.06,14.15,115,120,0.6475,17.47,29.74,16.36,0,0,,,12,0,0,0,0,0,0,0,0,0,0,0,336,347,0,0,0,13,916.45,402.46,0,0.0,4626.8,0,0.0,547.94,5,0,0.0,4639.25,0.0,0,0.22,1,0.0,0,100.0,1,0.0,0,2.24,16.55,59.66,2.76,21.03,5,71.09,12,14,1,34.23078472,-118.53976108,0,1,34.23000435968138,-118.54041246264572,detection_avg,0.5781674669889245,99,1059,264,22.33,4.96,17.35,58.0,7.22,2.93,2.32,14.15,120,pct_below_poverty,la_geohub_100yr_flood_intersects,-0.010487778952047411
L-15,9,US,1160,BlockApportionment:US.BlockGroups;PointsLayer:US.BlockPoints,2.191,2.576,1,160,2210,127,198,55.97,2.54,112,9,US,1160,BlockApportionment:US.BlockGroups;PointsLayer:US.BlockPoints,2.191,2.576,1,19.42,0.58,10.08,36.52,2.45,4.12,3.02,12.93,93,94,0.6475,17.47,29.74,16.36,0,0,,,12,0,0,0,0,0,0,0,0,0,0,3,408,416,0,0,1,13,902.64,374.62,0,0.0,5469.49,0,0.0,519.58,9,0,0.0,5482.46,0.0,0,0.0,0,0.0,0,100.0,1,0.0,0,4.41,21.16,60.32,3.53,14.99,5,70.9,12,15,0,,,0,0,34.22221886127277,-118.5404048235032,reconstructed,0.5945794897849417,160,2210,198,19.42,0.58,10.08,36.52,2.45,4.12,2.54,12.93,94,pct_below_poverty,lausd_school_site_count,0.0059078669567354065
L-16,25,US,1126,BlockApportionment:US.BlockGroups;PointsLayer:US.BlockPoints,2.191,2.576,1,46,3292,34,105,61.36,1.06,77,25,US,1126,BlockApportionment:US.BlockGroups;PointsLayer:US.BlockPoints,2.191,2.576,1,25.56,1.36,11.2,28.13,7.32,4.1,1.46,14.86,76,77,0.6475,17.47,29.74,16.36,0,0,,,6,0,0,0,0,2,0,0,0,0,0,1,169,166,0,0,3,5,339.86,401.33,0,0.0,4736.92,1,440.19,335.22,0,0,0.0,4749.15,0.0,0,1.86,1,0.0,0,100.0,1,0.0,0,6.55,26.03,47.59,6.38,20.0,5,61.35,12,16,0,,,2,0,34.21443336286417,-118.54039718436069,reconstructed,0.5678894959974587,46,3292,105,25.56,1.36,11.2,28.13,7.32,4.1,1.06,14.86,77,pct_below_poverty,la_geohub_100yr_flood_intersects,0.011317313316469003
L-17,40,US,1091,BlockApportionment:US.BlockGroups;PointsLayer:US.BlockPoints,2.191,2.576,1,54,3882,59,95,61.95,2.7,82,40,US,1091,BlockApportionment:US.BlockGroups;PointsLayer:US.BlockPoints,2.191,2.576,1,29.88,4.43,19.29,33.03,8.09,7.94,3.49,22.09,81,87,0.6475,17.47,29.74,16.36,0,0,,,24,0,0,0,0,0,0,0,0,0,0,0,241,250,0,0,0,9,339.66,401.01,0,0.0,3874.45,3,593.28,327.87,6,0,0.0,3884.4,1.02,1,2.62,1,1.0,1,100.0,1,0.0,0,3.88,19.22,55.03,6.53,19.22,5,67.36,12,17,0,,,0,0,34.20664786445557,-118.54038954521812,reconstructed,0.5955353816860124,54,3882,95,29.88,4.43,19.29,33.03,8.09,7.94,2.7,22.09,87,pct_below_poverty,la_geohub_100yr_flood_intersects,-0.01864109093229996
L-18,5,US,1056,BlockApportionment:US.BlockGroups;PointsLayer:US.BlockPoints,2.191,2.576,1,97,2469,99,83,63.1,4.55,99,5,US,1056,BlockApportionment:US.BlockGroups;PointsLayer:US.BlockPoints,2.191,2.576,1,29.99,6.13,15.62,44.33,6.37,8.34,6.33,18.99,98,102,0.6475,17.47,29.74,16.36,0,0,,,24,0,0,0,0,0,2,0,0,0,0,1,563,532,0,0,1,46,2178.9,45.64,0,0.0,3012.88,3,593.19,327.95,15,0,0.0,3019.66,1.97,1,2.61,1,1.94,1,100.0,1,0.0,0,1.55,17.24,58.45,4.31,20.0,5,70.45,12,18,1,34.20192557,-118.54151815,2,1,34.19886236604696,-118.5403819060756,detection_avg,0.6288385811117181,97,2469,83,29.99,6.13,15.62,44.33,6.37,8.34,4.55,18.99,102,2023 Pop 35-64: No Health Insurance (ACS 5-Yr): Percent,affordable_housing_count,-0.004668716879841056
L-19,22,US,1023,BlockApportionment:US.BlockGroups;PointsLayer:US.BlockPoints,2.191,2.576,1,103,3935,98,217,56.7,3.34,126,22,US,1023,BlockApportionment:US.BlockGroups;PointsLayer:US.BlockPoints,2.191,2.576,1,13.14,9.15,12.91,24.77,4.47,3.89,4.17,19.02,120,131,0.6475,17.47,29.74,16.36,0,0,,,21,0,0,0,0,0,0,1,1,0,0,1,288,276,0,0,0,7,340.03,401.01,0,0.0,2150.44,8,1564.8,257.96,10,0,0.0,2154.92,2.26,1,9.7,1,2.24,1,100.0,1,0.0,0,1.77,21.06,48.14,4.07,26.73,5,63.17,12,19,0,,,0,0,34.19107686763836,-118.54037426693309,reconstructed,0.5943714915340761,103,3935,217,13.14,9.15,12.91,24.77,4.47,3.89,3.34,19.02,131,recreation_center_count,osm_amenity_count,-0.024552417080942173
L-20,40,US,991,BlockApportionment:US.BlockGroups;PointsLayer:US.BlockPoints,2.191,2.576,1,87,3003,81,76,38.56,2.96,76,40,US,991,BlockApportionment:US.BlockGroups;PointsLayer:US.BlockPoints,2.191,2.576,1,26.19,8.44,15.9,36.85,1.73,2.52,1.56,23.65,90,92,0.6475,17.47,29.74,16.36,0,0,,,21,0,0,0,0,1,0,0,0,0,0,0,197,220,0,0,1,17,1143.0,169.08,0,0.0,1288.37,1,303.32,411.61,4,0,0.0,1290.18,0.0,0,0.0,0,0.0,0,100.0,1,0.0,0,3.54,24.6,50.8,3.36,21.24,5,64.5,12,20,1,34.18425221,-118.54511352,1,1,34.18329136922975,-118.54036662779052,detection_avg,0.5851889695214455,87,3003,76,26.19,8.44,15.9,36.85,1.73,2.52,2.96,23.65,92,pct_below_poverty,lausd_school_site_count,-0.003035589885758841
L-21,7,US,958,BlockApportionment:US.BlockGroups;PointsLayer:US.BlockPoints,2.191,2.576,1,75,5522,50,162,31.75,3.99,103,7,US,958,BlockApportionment:US.BlockGroups;PointsLayer:US.BlockPoints,2.191,2.576,1,14.18,7.93,15.8,23.01,1.29,2.93,3.54,17.53,101,100,0.6475,17.47,29.74,16.36,0,0,,,6,0,0,0,1,0,1,0,0,0,0,5,459,507,0,0,0,7,1026.67,400.9,3,686.69,425.75,1,300.45,412.44,3,1,506.2,425.45,0.0,0,0.0,0,0.0,0,100.0,1,0.0,0,2.41,19.48,62.41,4.66,13.45,5,72.96,12,21,0,,,1,0,34.17550587082115,-118.540358988648,reconstructed,0.5845916985010535,75,5522,162,14.18,7.93,15.8,23.01,1.29,2.93,3.99,17.53,100,2023 Pop w/Income Below Poverty Level (ACS 5-Yr): Percent,college_count,0.003997455093031157
L-22,20,US,921,BlockApportionment:US.BlockGroups;PointsLayer:US.BlockPoints,2.191,2.576,1,217,2193,142,36,26.36,3.94,99,20,US,921,BlockApportionment:US.BlockGroups;PointsLayer:US.BlockPoints,2.191,2.576,1,20.85,4.91,5.89,32.86,3.05,4.23,3.31,19.93,112,116,0.6475,17.47,29.74,16.36,0,0,,,21,0,0,0,1,0,0,0,0,0,0,4,803,820,0,0,3,31,2438.39,104.88,3,742.45,417.68,1,294.04,408.55,23,1,516.14,417.51,0.0,0,0.0,0,0.0,0,100.0,1,0.0,0,5.13,22.12,60.35,3.01,14.51,5,70.71,12,22,1,34.16999039,-118.53883074,0,1,34.16772037241254,-118.54035134950549,detection_avg,0.6109897589797787,217,2193,36,20.85,4.91,5.89,32.86,3.05,4.23,3.94,19.93,116,2023 Pop w/Income Below Poverty Level (ACS 5-Yr): Percent,college_count,0.00614520472998588
L-23,30,US,881,BlockApportionment:US.BlockGroups;PointsLayer:US.BlockPoints,2.191,2.576,1,101,862,82,167,5.68,4.01,217,30,US,881,BlockApportionment:US.BlockGroups;PointsLayer:US.BlockPoints,2.191,2.576,1,26.87,1.36,5.94,0.0,0.0,0.85,3.51,15.1,193,200,0.6475,17.47,29.74,16.36,0,0,,,0,0,0,0,0,0,0,0,0,0,0,2,101,94,0,0,0,0,0.0,882.01,0,0.0,1274.59,0,0.0,634.36,0,0,0.0,1282.17,0.0,0,0.0,0,0.0,0,100.0,1,0.0,0,11.17,41.58,32.99,3.95,21.48,5,49.74,12,23,1,34.16337577,-118.54426145,0,1,34.15993487400394,-118.54034371036292,detection_avg,0.5458739531980381,101,862,167,26.87,1.36,5.94,0.0,0.0,0.85,4.01,15.1,200,esri_market_idx_14068_forecast,la_geohub_fire_hazard_area_pct,0.005745971163810464
M-13,25,US,1226,BlockApportionment:US.BlockGroups;PointsLayer:US.BlockPoints,2.191,2.576,1,98,1275,111,171,38.59,2.2,104,25,US,1226,BlockApportionment:US.BlockGroups;PointsLayer:US.BlockPoints,2.191,2.576,1,20.61,4.48,24.23,52.77,5.69,1.03,1.83,15.52,102,106,0.6475,17.47,29.74,16.36,0,0,,,39,0,0,1,0,0,0,0,0,0,0,1,311,327,0,0,0,29,1500.88,27.3,0,0.0,4317.57,0,0.0,571.28,39,0,0.0,4344.4,0.0,0,0.0,0,0.0,0,100.0,1,0.0,0,3.0,17.84,63.96,6.36,11.84,5,73.87,13,13,0,,,0,0,34.23778304400786,-118.532312357991,reconstructed,0.6199709411404095,98,1275,171,20.61,4.48,24.23,52.77,5.69,1.03,2.2,15.52,106,2023 Pop w/Income Below Poverty Level (ACS 5-Yr): Percent,police_station_count,-0.006981074679409287
M-14,42,US,1193,BlockApportionment:US.BlockGroups;PointsLayer:US.BlockPoints,2.191,2.576,1,102,2938,93,200,57.22,1.97,84,42,US,1193,BlockApportionment:US.BlockGroups;PointsLayer:US.BlockPoints,2.191,2.576,1,21.68,4.98,17.2,48.87,9.64,8.83,1.11,21.81,76,77,0.6475,17.47,29.74,16.36,0,0,,,9,0,1,0,0,0,0,0,0,0,0,1,452,462,0,0,0,14,823.34,340.52,0,0.0,5176.42,0,0.0,1105.89,7,0,0.0,5202.49,0.33,1,0.0,0,0.33,1,100.0,1,0.0,0,1.03,11.53,74.35,2.24,11.88,5,81.74,13,14,1,34.22807109,-118.533136195,0,1,34.22999754559926,-118.53230471884848,detection_avg,0.6289912349986777,102,2938,200,21.68,4.98,17.2,48.87,9.64,8.83,1.97,21.81,77,2023 Pop w/Income Below Poverty Level (ACS 5-Yr): Percent,fire_station_count,-0.010431088926186724
M-15,10,US,1161,BlockApportionment:US.BlockGroups;PointsLayer:US.BlockPoints,2.191,2.576,1,109,3400,84,52,52.0,2.5,127,10,US,1161,BlockApportionment:US.BlockGroups;PointsLayer:US.BlockPoints,2.191,2.576,1,15.94,3.24,17.94,32.66,6.21,5.5,2.57,19.6,108,113,0.6475,17.47,29.74,16.36,0,0,,,18,1,0,0,0,1,0,0,0,0,0,1,320,323,0,0,1,14,1443.13,69.98,0,0.0,5166.53,0,0.0,1178.25,12,0,0.0,5205.9,0.0,0,0.0,0,0.0,0,100.0,1,0.0,0,1.06,19.12,57.17,3.89,19.82,5,69.7,13,15,0,,,1,0,34.22221204719065,-118.53229707970593,reconstructed,0.623459081158738,109,3400,52,15.94,3.24,17.94,32.66,6.21,5.5,2.5,19.6,113,2023 Pop 35-64: No Health Insurance (ACS 5-Yr): Percent,hospital_count,-0.011015785539063613
M-16,26,US,1127,BlockApportionment:US.BlockGroups;PointsLayer:US.BlockPoints,2.191,2.576,1,74,3651,62,126,45.85,2.18,101,26,US,1127,BlockApportionment:US.BlockGroups;PointsLayer:US.BlockPoints,2.191,2.576,1,28.16,5.04,11.53,37.21,3.22,4.5,1.87,21.46,104,114,0.6475,17.47,29.74,16.36,0,0,,,9,0,0,0,0,0,0,0,0,0,0,0,304,284,0,0,0,5,525.06,347.37,0,0.0,4304.26,0,0.0,1076.68,2,0,0.0,4343.6,0.0,0,0.0,0,0.0,0,100.0,1,0.0,0,0.71,21.63,51.42,4.08,22.87,5,65.78,13,16,0,,,0,0,34.21442654878205,-118.5322894405634,reconstructed,0.5519970309357328,74,3651,126,28.16,5.04,11.53,37.21,3.22,4.5,2.18,21.46,114,total_population,police_station_count,-0.0022207033914924943
M-17,41,US,1092,BlockApportionment:US.BlockGroups;PointsLayer:US.BlockPoints,2.191,2.576,1,98,3186,87,107,62.05,2.06,73,41,US,1092,BlockApportionment:US.BlockGroups;PointsLayer:US.BlockPoints,2.191,2.576,1,28.39,2.27,17.35,40.64,6.05,5.19,2.17,27.82,73,76,0.6475,17.47,29.74,16.36,0,0,,,15,0,1,0,0,1,0,0,0,0,0,0,458,418,0,0,1,27,1640.91,347.65,0,0.0,3443.08,0,0.0,1076.6,9,0,0.0,3482.58,3.19,1,0.0,0,3.21,1,100.0,1,0.0,0,2.58,17.7,65.29,3.61,13.4,5,74.93,13,17,1,34.20260799,-118.52984897333332,1,1,34.20664105037344,-118.53228180142088,detection_avg,0.5971814434862687,98,3186,107,28.39,2.27,17.35,40.64,6.05,5.19,2.06,27.82,76,2023 Pop w/Income Below Poverty Level (ACS 5-Yr): Percent,fire_station_count,-0.010759978776173606
M-18,6,US,1057,BlockApportionment:US.BlockGroups;PointsLayer:US.BlockPoints,2.191,2.576,1,147,2819,90,45,70.66,0.24,100,6,US,1057,BlockApportionment:US.BlockGroups;PointsLayer:US.BlockPoints,2.191,2.576,1,22.3,3.56,15.0,24.36,5.09,7.41,0.32,19.94,85,90,0.6475,17.47,29.74,16.36,0,0,,,11,0,0,0,0,0,0,0,0,0,0,1,553,548,0,0,0,10,525.05,347.42,0,0.0,2584.12,0,0.0,787.74,16,0,0.0,2623.53,3.18,1,0.0,0,3.2,1,100.0,1,0.0,0,2.83,11.66,74.03,2.65,11.66,5,80.97,13,18,1,34.199388272,-118.533905849,0,1,34.19885555196484,-118.53227416227833,detection_avg,0.6473228926374872,147,2819,45,22.3,3.56,15.0,24.36,5.09,7.41,0.24,19.94,90,2023 Pop 35-64: No Health Insurance (ACS 5-Yr): Percent,affordable_housing_count,-0.004412740078164322
M-19,23,US,1024,BlockApportionment:US.BlockGroups;PointsLayer:US.BlockPoints,2.191,2.576,1,110,3160,91,100,66.14,2.47,63,23,US,1024,BlockApportionment:US.BlockGroups;PointsLayer:US.BlockPoints,2.191,2.576,1,31.81,12.06,26.85,35.79,7.08,4.22,0.95,28.09,73,76,0.6475,17.47,29.74,16.36,0,0,,,18,0,0,0,0,3,0,1,0,0,0,0,229,227,0,0,5,20,1218.41,263.09,0,0.0,1730.15,6,1123.43,52.88,6,0,0.0,1768.58,0.49,1,10.5,1,0.5,1,100.0,1,0.0,0,4.64,23.71,56.87,2.58,16.84,5,68.42,13,19,0,,,3,0,34.19107005355623,-118.5322665231358,reconstructed,0.6285562387199426,110,3160,100,31.81,12.06,26.85,35.79,7.08,4.22,2.47,28.09,76,pct_below_poverty,la_geohub_100yr_flood_intersects,-0.036050877272959574
M-20,41,US,992,BlockApportionment:US.BlockGroups;PointsLayer:US.BlockPoints,2.191,2.576,1,80,2245,72,110,28.42,1.04,95,41,US,992,BlockApportionment:US.BlockGroups;PointsLayer:US.BlockPoints,2.191,2.576,1,34.91,1.85,8.6,39.91,1.49,4.36,0.32,19.2,95,101,0.6475,17.47,29.74,16.36,0,0,,,15,0,0,0,0,0,0,0,0,0,0,0,440,473,0,0,0,8,524.99,347.35,0,0.0,892.01,7,817.21,253.21,16,0,0.0,924.65,0.92,1,0.0,0,0.0,0,100.0,1,0.0,0,3.01,15.75,65.31,4.07,14.87,5,74.81,13,20,1,34.17982931,-118.53327825,0,1,34.18328455514763,-118.53225888399326,detection_avg,0.5657330132443312,80,2245,110,34.91,1.85,8.6,39.91,1.49,4.36,1.04,19.2,101,total_population,police_station_count,-0.0027411889330268796
M-21,8,US,959,BlockApportionment:US.BlockGroups;PointsLayer:US.BlockPoints,2.191,2.576,1,76,5445,54,152,28.6,3.05,89,8,US,959,BlockApportionment:US.BlockGroups;PointsLayer:US.BlockPoints,2.191,2.576,1,30.51,2.41,10.14,35.97,0.37,3.62,2.58,16.22,108,115,0.6475,17.47,29.74,16.36,0,0,,,12,1,0,0,0,0,1,0,0,0,0,1,672,717,0,0,0,49,4487.92,113.43,24,2754.87,113.43,16,1103.99,141.18,3,2,1790.0,124.69,0.88,1,0.0,0,0.0,0,100.0,1,0.0,0,1.2,12.71,69.93,5.15,12.2,5,78.59,13,21,0,,,1,0,34.17549905673902,-118.53225124485073,reconstructed,0.5837321743700419,76,5445,152,30.51,2.41,10.14,35.97,0.37,3.62,3.05,16.22,115,2023 Pop 35-64: No Health Insurance (ACS 5-Yr): Percent,hospital_count,-0.013670357490354943
M-22,21,US,922,BlockApportionment:US.BlockGroups;PointsLayer:US.BlockPoints,2.191,2.576,1,149,2201,106,121,9.31,4.84,138,21,US,922,BlockApportionment:US.BlockGroups;PointsLayer:US.BlockPoints,2.191,2.576,1,34.87,3.08,7.96,32.89,0.0,0.84,1.57,12.78,125,128,0.6475,17.47,29.74,16.36,0,0,,,45,0,0,1,0,1,1,0,0,0,0,0,654,648,0,0,2,16,869.23,166.12,0,0.0,640.16,5,916.19,178.26,9,0,0.0,658.24,0.0,0,0.0,0,0.0,0,100.0,1,0.0,0,2.48,17.38,52.3,3.37,26.95,5,65.87,13,22,1,34.16870309666666,-118.53227864,2,1,34.16771355833042,-118.5322436057082,detection_avg,0.6035271637084069,149,2201,121,34.87,3.08,7.96,32.89,0.0,0.84,4.84,12.78,128,pct_below_poverty,library_count,0.00483411170713044
M-23,31,US,882,BlockApportionment:US.BlockGroups;PointsLayer:US.BlockPoints,2.191,2.576,1,102,629,84,152,8.43,2.65,165,31,US,882,BlockApportionment:US.BlockGroups;PointsLayer:US.BlockPoints,2.191,2.576,1,27.18,2.43,5.84,27.27,0.6,1.65,1.27,9.04,152,158,0.6475,17.47,29.74,16.36,0,0,,,0,0,0,0,0,0,0,0,0,0,0,1,93,101,0,0,0,0,0.0,954.4,0,0.0,1494.71,9,758.14,229.72,0,0,0.0,1504.73,0.0,0,0.0,0,0.0,0,100.0,1,0.0,0,4.07,44.96,27.61,4.07,23.36,5,48.11,13,23,0,,,0,0,34.15992805992181,-118.53223596656566,reconstructed,0.5545539328954336,102,629,152,27.18,2.43,5.84,27.27,0.6,1.65,2.65,9.04,158,2023 Pop w/Income Below Poverty Level (ACS 5-Yr): Percent,police_station_count,0.004369976923525503
N-13,26,US,1227,BlockApportionment:US.BlockGroups;PointsLayer:US.BlockPoints,2.191,2.576,1,45,2277,36,343,45.37,0.53,113,26,US,1227,BlockApportionment:US.BlockGroups;PointsLayer:US.BlockPoints,2.191,2.576,1,35.85,3.77,11.9,46.15,1.14,0.15,0.94,12.59,113,115,0.6475,17.47,29.74,16.36,0,0,,,36,0,0,0,1,0,0,0,0,0,0,0,47,44,0,0,0,14,980.68,91.3,0,0.0,4032.52,2,212.28,330.44,5,0,0.0,4073.92,0.0,0,0.0,0,0.0,0,100.0,1,0.0,0,3.72,26.73,44.42,3.36,25.49,5,59.98,14,13,0,,,0,0,34.23777622992574,-118.52420461419374,reconstructed,0.5533922734139729,45,2277,343,35.85,3.77,11.9,46.15,1.14,0.15,0.53,12.59,115,2023 Pop w/Income Below Poverty Level (ACS 5-Yr): Percent,college_count,0.016095349873335628
N-14,43,US,1194,BlockApportionment:US.BlockGroups;PointsLayer:US.BlockPoints,2.191,2.576,1,61,598,84,352,31.77,4.49,139,43,US,1194,BlockApportionment:US.BlockGroups;PointsLayer:US.BlockPoints,2.191,2.576,1,35.83,3.75,10.78,60.32,1.28,1.56,7.38,22.2,128,132,0.6475,17.47,29.74,16.36,0,0,,,18,0,0,0,0,0,0,0,0,0,0,2,91,86,0,0,0,9,415.52,410.34,0,0.0,4683.83,0,0.0,547.19,2,0,0.0,4697.46,1.4,1,0.0,0,1.4,1,100.0,1,0.0,0,2.75,34.71,35.91,5.15,24.23,5,54.31,14,14,0,,,0,0,34.229990731517134,-118.5241969750512,reconstructed,0.5295037637330943,61,598,352,35.83,3.75,10.78,60.32,1.28,1.56,4.49,22.2,132,total_population,police_station_count,0.004641715014429531
N-15,11,US,1162,BlockApportionment:US.BlockGroups;PointsLayer:US.BlockPoints,2.191,2.576,1,91,2319,92,62,66.32,1.54,77,11,US,1162,BlockApportionment:US.BlockGroups;PointsLayer:US.BlockPoints,2.191,2.576,1,19.73,3.48,23.12,36.36,9.52,10.2,2.63,14.47,91,98,0.6475,17.47,29.74,16.36,0,0,,,27,0,0,0,0,0,0,0,0,0,0,1,172,171,0,0,5,6,594.12,349.92,0,0.0,4660.98,0,0.0,578.08,0,0,0.0,4689.75,0.0,0,0.0,0,0.0,0,100.0,1,0.0,0,6.54,28.98,47.17,5.48,18.37,5,61.06,14,15,0,,,0,0,34.22220523310853,-118.52418933590866,reconstructed,0.6087543511658984,91,2319,62,19.73,3.48,23.12,36.36,9.52,10.2,1.54,14.47,98,pct_below_poverty,lausd_school_site_count,0.011807802667932172
N-16,27,US,1128,BlockApportionment:US.BlockGroups;PointsLayer:US.BlockPoints,2.191,2.576,1,63,2829,86,76,62.88,2.59,115,27,US,1128,BlockApportionment:US.BlockGroups;PointsLayer:US.BlockPoints,2.191,2.576,1,22.01,9.35,7.61,4.39,9.56,2.19,3.45,21.31,116,126,0.6475,17.47,29.74,16.36,0,0,,,0,0,0,0,0,1,0,0,0,0,0,0,247,236,0,0,2,0,0.0,513.09,0,0.0,4681.01,0,0.0,515.39,0,0,0.0,4682.03,0.0,0,0.0,0,0.0,0,100.0,1,0.0,0,3.61,19.28,59.55,5.16,16.01,5,70.6,14,16,0,,,1,0,34.21441973469992,-118.52418169676614,reconstructed,0.5418051258748262,63,2829,76,22.01,9.35,7.61,4.39,9.56,2.19,2.59,21.31,126,2023 Pop w/Income Below Poverty Level (ACS 5-Yr): Percent,police_station_count,0.003156962407356264
N-17,42,US,1093,BlockApportionment:US.BlockGroups;PointsLayer:US.BlockPoints,2.191,2.576,1,94,2683,106,60,55.94,1.73,127,42,US,1093,BlockApportionment:US.BlockGroups;PointsLayer:US.BlockPoints,2.191,2.576,1,28.3,3.63,4.46,29.17,6.22,2.44,1.17,13.32,118,121,0.6475,17.47,29.74,16.36,0,0,,,12,0,0,0,0,0,0,0,0,0,0,1,276,256,0,0,0,0,0.0,512.93,0,0.0,4007.32,0,0.0,515.88,1,0,0.0,4042.42,0.0,0,0.0,0,0.0,0,100.0,1,0.0,0,4.59,22.79,56.89,6.18,14.13,5,68.45,14,17,0,,,0,0,34.20663423629132,-118.5241740576236,reconstructed,0.5654132152927259,94,2683,60,28.3,3.63,4.46,29.17,6.22,2.44,1.73,13.32,121,2023 Pop w/Income Below Poverty Level (ACS 5-Yr): Percent,police_station_count,0.004990696468561495
N-18,7,US,1058,BlockApportionment:US.BlockGroups;PointsLayer:US.BlockPoints,2.191,2.576,1,78,3457,63,10,50.59,2.25,75,7,US,1058,BlockApportionment:US.BlockGroups;PointsLayer:US.BlockPoints,2.191,2.576,1,28.9,2.88,17.69,25.14,3.56,3.83,0.99,16.25,77,80,0.6475,17.47,29.74,16.36,0,0,,,18,0,0,0,1,1,1,0,0,0,0,2,299,316,0,0,1,33,1879.12,43.66,0,0.0,3180.04,0,0.0,515.07,3,0,0.0,3211.3,0.0,0,0.0,0,0.0,0,100.0,1,0.0,0,4.3,23.41,56.8,3.96,15.83,5,68.47,14,18,0,,,2,0,34.19884873788271,-118.52416641848106,reconstructed,0.5842982945547522,78,3457,10,28.9,2.88,17.69,25.14,3.56,3.83,2.25,16.25,80,pct_below_poverty,lausd_school_site_count,-0.005794399107294812
N-19,24,US,1025,BlockApportionment:US.BlockGroups;PointsLayer:US.BlockPoints,2.191,2.576,1,71,2166,84,160,51.94,0.78,147,24,US,1025,BlockApportionment:US.BlockGroups;PointsLayer:US.BlockPoints,2.191,2.576,1,26.1,6.02,7.48,27.32,3.8,2.2,0.88,10.37,137,137,0.6475,17.47,29.74,16.36,0,0,,,10,0,0,0,0,1,0,0,0,0,0,1,252,234,0,0,2,0,0.0,513.46,0,0.0,2374.96,0,0.0,517.87,0,0,0.0,2397.43,0.0,0,0.0,0,0.0,0,100.0,1,0.0,0,2.48,20.35,49.38,9.38,20.88,5,63.82,14,19,0,,,1,0,34.19106323947411,-118.52415877933852,reconstructed,0.5485279867555011,71,2166,160,26.1,6.02,7.48,27.32,3.8,2.2,0.78,10.37,137,2023 Pop w/Income Below Poverty Level (ACS 5-Yr): Percent,police_station_count,0.003252595859445169
N-20,42,US,993,BlockApportionment:US.BlockGroups;PointsLayer:US.BlockPoints,2.191,2.576,1,88,1965,100,64,29.72,5.7,152,42,US,993,BlockApportionment:US.BlockGroups;PointsLayer:US.BlockPoints,2.191,2.576,1,17.14,1.59,8.64,32.43,4.7,5.71,4.62,16.95,153,157,0.6475,17.47,29.74,16.36,0,0,,,12,0,0,0,0,0,0,0,0,0,0,1,151,159,0,0,0,11,802.74,169.57,0,0.0,1533.1,6,1288.04,5.95,0,0,0.0,1532.61,2.88,1,11.11,1,2.88,1,100.0,1,0.0,0,0.71,20.0,45.49,5.13,29.38,5,61.63,14,20,0,,,0,0,34.18327774106551,-118.524151140196,reconstructed,0.5705986514404634,88,1965,64,17.14,1.59,8.64,32.43,4.7,5.71,5.7,16.95,157,pct_below_poverty,la_geohub_100yr_flood_intersects,0.013413924407441066
N-21,9,US,960,BlockApportionment:US.BlockGroups;PointsLayer:US.BlockPoints,2.191,2.576,1,82,1900,109,57,19.37,5.53,170,9,US,960,BlockApportionment:US.BlockGroups;PointsLayer:US.BlockPoints,2.191,2.576,1,14.12,0.12,2.32,51.43,0.16,2.89,4.89,22.36,147,147,0.6475,17.47,29.74,16.36,0,0,,,0,0,0,0,0,1,2,0,0,0,0,0,219,194,0,0,1,0,0.0,516.28,0,0.0,668.28,0,0.0,515.77,0,0,0.0,667.79,0.0,0,0.0,0,0.0,0,100.0,1,0.0,0,1.03,21.0,51.12,3.79,24.1,5,65.47,14,21,0,,,3,0,34.1754922426569,-118.52414350105346,reconstructed,0.5201907922229793,82,1900,57,14.12,0.12,2.32,51.43,0.16,2.89,5.53,22.36,147,pct_below_poverty,lausd_school_site_count,0.011184200963919103
N-22,22,US,923,BlockApportionment:US.BlockGroups;PointsLayer:US.BlockPoints,2.191,2.576,1,89,8269,51,174,18.39,0.76,75,22,US,923,BlockApportionment:US.BlockGroups;PointsLayer:US.BlockPoints,2.191,2.576,1,22.01,2.74,12.97,37.29,2.45,3.75,0.91,15.16,71,72,0.6475,17.47,29.74,16.36,0,0,,,0,0,0,0,0,0,0,0,0,0,0,0,636,677,0,0,0,14,2558.61,177.27,9,1912.57,177.27,0,0.0,606.84,0,2,1565.96,175.89,0.0,0,0.0,0,0.0,0,100.0,1,0.0,0,1.59,10.78,76.86,1.41,10.95,5,83.32,14,22,0,,,0,0,34.1677067442483,-118.52413586191092,reconstructed,0.6090829571215562,89,8269,174,22.01,2.74,12.97,37.29,2.45,3.75,0.76,15.16,72,total_population,police_station_count,-0.007411448498459109
N-23,32,US,883,BlockApportionment:US.BlockGroups;PointsLayer:US.BlockPoints,2.191,2.576,1,111,1851,85,152,11.24,1.33,141,32,US,883,BlockApportionment:US.BlockGroups;PointsLayer:US.BlockPoints,2.191,2.576,1,23.37,3.63,5.98,45.96,0.68,3.78,0.98,13.67,142,142,0.6475,17.47,29.74,16.36,0,0,,,38,0,0,0,0,0,2,0,0,0,0,1,545,524,0,0,0,14,766.67,265.17,0,0.0,1042.07,0,0.0,624.63,20,0,0.0,1040.7,0.0,0,0.0,0,0.0,0,100.0,1,0.0,0,3.27,20.14,63.86,3.44,12.56,5,73.72,14,23,1,34.16253852,-118.52252386,2,1,34.15992124583969,-118.5241282227684,detection_avg,0.5960780618281278,111,1851,152,23.37,3.63,5.98,45.96,0.68,3.78,1.33,13.67,142,2023 Pop w/Income Below Poverty Level (ACS 5-Yr): Percent,police_station_count,0.004285790320535098
O-11,31,US,1282,BlockApportionment:US.BlockGroups;PointsLayer:US.BlockPoints,2.191,2.576,1,53,1019,39,76,21.69,2.99,200,31,US,1282,BlockApportionment:US.BlockGroups;PointsLayer:US.BlockPoints,2.191,2.576,1,25.14,3.43,7.39,19.54,5.34,2.7,2.07,9.18,153,155,0.6475,17.47,29.74,16.36,0,0,,,0,0,0,0,0,1,2,0,0,0,0,2,158,141,0,0,2,0,0.0,665.25,0,0.0,2920.57,3,115.94,293.82,0,0,0.0,2921.79,0.0,0,0.0,0,0.0,0,100.0,1,0.0,0,3.36,24.91,47.17,4.95,22.97,5,62.01,15,11,0,,,3,0,34.253340412660826,-118.51611214868151,reconstructed,0.534734178379413,53,1019,76,25.14,3.43,7.39,19.54,5.34,2.7,2.99,9.18,155,2023 Pop w/Income Below Poverty Level (ACS 5-Yr): Percent,police_station_count,0.003318596316951943
O-12,3,US,1254,BlockApportionment:US.BlockGroups;PointsLayer:US.BlockPoints,2.191,2.576,1,68,957,59,131,20.48,4.1,204,3,US,1254,BlockApportionment:US.BlockGroups;PointsLayer:US.BlockPoints,2.191,2.576,1,27.64,1.63,9.23,24.64,5.2,3.06,3.57,9.17,150,157,0.6475,17.47,29.74,16.36,0,0,,,15,0,0,0,0,0,0,0,0,0,0,3,78,85,0,0,0,0,0.0,660.41,0,0.0,3785.4,0,0.0,717.59,0,0,0.0,3786.31,0.0,0,0.0,0,0.0,0,100.0,1,0.0,0,10.84,33.56,44.58,2.75,19.1,5,57.95,15,12,0,,,0,0,34.245554914252224,-118.516104509539,reconstructed,0.5217942576935913,68,957,131,27.64,1.63,9.23,24.64,5.2,3.06,4.1,9.17,157,2023 Pop w/Income Below Poverty Level (ACS 5-Yr): Percent,police_station_count,0.0019907293051509563
O-13,27,US,1228,BlockApportionment:US.BlockGroups;PointsLayer:US.BlockPoints,2.191,2.576,1,53,795,66,148,23.02,4.23,194,27,US,1228,BlockApportionment:US.BlockGroups;PointsLayer:US.BlockPoints,2.191,2.576,1,32.44,2.38,9.52,36.36,2.17,1.89,4.93,10.56,148,155,0.6475,17.47,29.74,16.36,0,0,,,18,0,0,0,0,0,0,0,0,0,0,0,80,99,0,0,0,9,988.43,8.59,0,0.0,3916.71,0,0.0,817.93,0,0,0.0,3952.67,0.0,0,0.0,0,0.0,0,100.0,1,0.0,0,10.07,33.39,41.17,4.95,20.49,5,55.8,15,13,0,,,0,0,34.23776941584362,-118.51609687039644,reconstructed,0.5277657857457735,53,795,148,32.44,2.38,9.52,36.36,2.17,1.89,4.23,10.56,155,total_crime_est,police_station_count,0.0030147383126918384
O-14,44,US,1195,BlockApportionment:US.BlockGroups;PointsLayer:US.BlockPoints,2.191,2.576,1,63,1554,80,69,37.9,6.48,143,44,US,1195,BlockApportionment:US.BlockGroups;PointsLayer:US.BlockPoints,2.191,2.576,1,26.59,0.19,4.36,31.89,0.81,9.67,7.21,27.36,126,131,0.6475,17.47,29.74,16.36,0,0,,,0,0,0,0,0,0,0,0,0,0,0,2,80,73,0,0,0,0,0.0,770.42,0,0.0,3945.88,15,522.06,119.85,0,0,0.0,3944.96,0.68,1,0.0,0,0.68,1,100.0,1,0.0,0,10.5,34.77,38.73,5.16,21.34,5,53.96,15,14,0,,,0,0,34.229983917435014,-118.51608923125391,reconstructed,0.5295701307647763,63,1554,69,26.59,0.19,4.36,31.89,0.81,9.67,6.48,27.36,131,2023 Pop w/Income Below Poverty Level (ACS 5-Yr): Percent,police_station_count,0.005017025352603823
O-15,12,US,1163,BlockApportionment:US.BlockGroups;PointsLayer:US.BlockPoints,2.191,2.576,1,51,1828,63,100,47.65,5.2,120,12,US,1163,BlockApportionment:US.BlockGroups;PointsLayer:US.BlockPoints,2.191,2.576,1,29.33,2.83,8.6,43.82,1.13,4.07,4.46,21.19,123,126,0.6475,17.47,29.74,16.36,0,0,,,17,0,0,0,0,1,1,0,0,0,0,0,174,169,0,0,0,17,1412.82,94.32,0,0.0,3904.86,4,884.26,233.35,2,0,0.0,3937.24,0.0,0,0.0,0,0.0,0,100.0,1,0.0,0,3.36,22.48,52.57,4.96,20.0,5,65.79,15,15,0,,,2,0,34.22219841902641,-118.5160815921114,reconstructed,0.5300017916323667,51,1828,100,29.33,2.83,8.6,43.82,1.13,4.07,5.2,21.19,126,total_crime_est,police_station_count,0.003300428070932582
O-16,28,US,1129,BlockApportionment:US.BlockGroups;PointsLayer:US.BlockPoints,2.191,2.576,1,61,1689,79,50,46.0,4.97,132,28,US,1129,BlockApportionment:US.BlockGroups;PointsLayer:US.BlockPoints,2.191,2.576,1,23.64,1.4,7.18,41.57,2.13,2.63,5.3,17.39,127,124,0.6475,17.47,29.74,16.36,0,0,,,19,0,0,0,0,0,0,0,0,0,0,0,168,152,0,0,0,7,864.85,235.81,0,0.0,3928.35,1,864.84,232.9,0,0,0.0,3929.52,0.0,0,0.0,0,0.0,0,100.0,1,0.0,0,4.07,29.2,37.7,4.96,28.14,5,55.17,15,16,0,,,0,0,34.214412920617804,-118.51607395296884,reconstructed,0.5162903215018095,61,1689,50,23.64,1.4,7.18,41.57,2.13,2.63,4.97,17.39,124,2023 Pop w/Income Below Poverty Level (ACS 5-Yr): Percent,police_station_count,0.003471608236578605
O-17,43,US,1094,BlockApportionment:US.BlockGroups;PointsLayer:US.BlockPoints,2.191,2.576,1,78,2078,97,71,53.13,3.3,179,43,US,1094,BlockApportionment:US.BlockGroups;PointsLayer:US.BlockPoints,2.191,2.576,1,14.61,0.67,5.74,21.01,9.59,6.25,2.35,11.14,130,131,0.6475,17.47,29.74,16.36,0,0,,,27,0,0,0,0,1,0,0,0,0,0,0,236,239,0,0,2,20,1980.47,235.92,0,0.0,3672.76,1,864.84,233.09,5,0,0.0,3695.75,0.0,0,0.0,0,0.0,0,100.0,1,0.0,0,1.03,14.09,57.04,6.36,22.51,5,69.62,15,17,0,,,1,0,34.2066274222092,-118.51606631382631,reconstructed,0.5689012905843068,78,2078,71,14.61,0.67,5.74,21.01,9.59,6.25,3.3,11.14,131,2023 Pop w/Income Below Poverty Level (ACS 5-Yr): Percent,police_station_count,0.004428208747967339
O-18,8,US,1059,BlockApportionment:US.BlockGroups;PointsLayer:US.BlockPoints,2.191,2.576,1,95,1992,108,67,42.37,2.7,113,8,US,1059,BlockApportionment:US.BlockGroups;PointsLayer:US.BlockPoints,2.191,2.576,1,28.26,5.51,10.36,16.72,6.36,1.57,2.54,14.78,115,120,0.6475,17.47,29.74,16.36,0,0,,,20,0,0,0,0,1,0,0,0,0,0,1,225,234,0,0,1,10,864.85,236.08,0,0.0,2810.56,1,864.84,233.61,6,0,0.0,2830.91,0.0,0,0.0,0,0.0,0,100.0,1,0.0,0,3.01,17.7,53.63,7.26,21.42,5,66.64,15,18,0,,,1,0,34.19884192380059,-118.5160586746838,reconstructed,0.587702292266123,95,1992,67,28.26,5.51,10.36,16.72,6.36,1.57,2.7,14.78,120,pct_below_poverty,lausd_school_site_count,0.005648209907187491
O-19,25,US,1026,BlockApportionment:US.BlockGroups;PointsLayer:US.BlockPoints,2.191,2.576,1,72,1875,83,40,30.29,7.56,160,25,US,1026,BlockApportionment:US.BlockGroups;PointsLayer:US.BlockPoints,2.191,2.576,1,17.27,0.39,10.84,19.2,3.47,4.59,5.59,18.49,128,130,0.6475,17.47,29.74,16.36,0,0,,,22,0,0,0,0,0,0,0,0,0,0,0,205,185,0,1,1,18,1730.83,230.8,0,0.0,1949.12,6,1285.74,227.37,3,0,0.0,1966.09,0.0,0,2.44,1,0.0,0,91.45,1,0.0,0,2.23,20.79,52.06,7.22,19.93,5,65.77,15,19,1,34.18650844,-118.51437599,0,1,34.19105642539199,-118.51605103554124,detection_avg,0.5419166080933737,72,1875,40,17.27,0.39,10.84,19.2,3.47,4.59,7.56,18.49,130,esri_market_idx_14068_forecast,la_geohub_fire_hazard_area_pct,-0.018334159199723
O-20,43,US,994,BlockApportionment:US.BlockGroups;PointsLayer:US.BlockPoints,2.191,2.576,1,95,1261,117,160,22.6,5.02,155,43,US,994,BlockApportionment:US.BlockGroups;PointsLayer:US.BlockPoints,2.191,2.576,1,19.75,4.49,9.16,27.89,3.29,0.98,3.54,6.68,153,151,0.6475,17.47,29.74,16.36,0,0,,,10,0,0,0,0,0,0,0,0,0,0,1,113,113,0,0,0,19,1104.92,230.99,0,0.0,1086.33,6,1333.2,102.52,3,0,0.0,1101.27,0.0,0,4.24,1,0.0,0,88.48,1,0.0,0,8.67,45.49,27.96,3.01,23.54,3,46.97,15,20,0,,,0,0,34.18327092698338,-118.51604339639871,reconstructed,0.5626364900396295,95,1261,160,19.75,4.49,9.16,27.89,3.29,0.98,5.02,6.68,151,esri_market_idx_14068_forecast,la_geohub_fire_hazard_area_pct,-0.03930961203846962
O-21,10,US,961,BlockApportionment:US.BlockGroups;PointsLayer:US.BlockPoints,2.191,2.576,1,82,2331,110,198,25.4,3.21,138,10,US,961,BlockApportionment:US.BlockGroups;PointsLayer:US.BlockPoints,2.191,2.576,1,13.36,4.89,9.64,25.25,0.79,1.76,1.68,13.33,119,120,0.6475,17.47,29.74,16.36,0,0,,,15,0,0,0,0,0,0,0,0,0,0,0,297,354,0,0,1,49,3948.38,124.94,21,2234.76,223.54,1,134.82,315.75,1,2,1426.26,236.45,0.0,0,0.0,0,0.0,0,100.0,1,0.0,0,2.41,20.79,59.28,3.61,16.32,5,70.77,15,21,0,,,0,0,34.17548542857478,-118.5160357572562,reconstructed,0.579468058970256,82,2331,198,13.36,4.89,9.64,25.25,0.79,1.76,3.21,13.33,120,pct_below_poverty,lausd_school_site_count,0.006268397301166829
O-22,23,US,924,BlockApportionment:US.BlockGroups;PointsLayer:US.BlockPoints,2.191,2.576,1,94,2975,38,160,12.57,1.08,102,23,US,924,BlockApportionment:US.BlockGroups;PointsLayer:US.BlockPoints,2.191,2.576,1,17.1,2.45,7.49,24.04,1.0,3.7,0.87,11.77,95,96,0.6475,17.47,29.74,16.36,0,0,,,21,0,0,0,0,0,1,0,0,0,0,1,314,358,0,0,0,20,1133.75,238.27,0,0.0,595.47,5,91.58,37.2,7,0,0.0,606.35,0.0,0,0.0,0,0.0,0,100.0,1,0.0,0,3.89,27.08,52.21,4.07,16.64,5,65.38,15,22,0,,,1,0,34.16769993016617,-118.51602811811364,reconstructed,0.5821963694123642,94,2975,160,17.1,2.45,7.49,24.04,1.0,3.7,1.08,11.77,96,2023 Pop w/Income Below Poverty Level (ACS 5-Yr): Percent,police_station_count,0.0032452505718954697
O-23,33,US,884,BlockApportionment:US.BlockGroups;PointsLayer:US.BlockPoints,2.191,2.576,1,106,756,53,93,10.58,0.17,158,33,US,884,BlockApportionment:US.BlockGroups;PointsLayer:US.BlockPoints,2.191,2.576,1,9.69,1.04,1.93,16.1,0.17,3.59,0.16,18.26,143,144,0.6475,17.47,29.74,16.36,0,0,,,6,0,0,0,0,0,0,0,0,0,0,1,183,164,0,0,0,5,254.48,429.54,0,0.0,1457.03,0,0.0,783.7,3,0,0.0,1471.14,0.0,0,0.0,0,0.0,0,100.0,1,0.0,0,6.9,40.18,32.92,1.77,25.13,5,50.97,15,23,0,,,0,0,34.15991443175757,-118.51602047897111,reconstructed,0.5487010224927883,106,756,93,9.69,1.04,1.93,16.1,0.17,3.59,0.17,18.26,144,pct_below_poverty,library_count,-0.005542454462099796
P-10,11,US,1312,BlockApportionment:US.BlockGroups;PointsLayer:US.BlockPoints,2.191,2.576,1,99,2803,100,138,39.42,4.04,146,11,US,1312,BlockApportionment:US.BlockGroups;PointsLayer:US.BlockPoints,2.191,2.576,1,31.76,3.92,7.51,27.27,4.68,7.02,4.72,13.34,117,119,0.6475,17.47,29.74,16.36,0,0,,,4,0,0,0,0,0,0,0,0,0,0,1,250,267,0,0,2,0,0.0,525.27,0,0.0,1608.37,0,0.0,533.07,0,0,0.0,1639.69,0.0,0,0.0,0,0.0,0,100.0,1,0.0,0,3.36,26.55,48.85,5.49,19.12,5,63.19,16,10,0,,,0,0,34.261119096987315,-118.50801204402678,reconstructed,0.5716706051556489,99,2803,138,31.76,3.92,7.51,27.27,4.68,7.02,4.04,13.34,119,2023 Pop 35-64: No Health Insurance (ACS 5-Yr): Percent,affordable_housing_count,-0.004012187475987699
P-11,32,US,1283,BlockApportionment:US.BlockGroups;PointsLayer:US.BlockPoints,2.191,2.576,1,67,1420,61,55,29.79,7.72,171,32,US,1283,BlockApportionment:US.BlockGroups;PointsLayer:US.BlockPoints,2.191,2.576,1,27.37,3.79,9.71,38.32,2.94,5.01,7.73,20.57,129,131,0.6475,17.47,29.74,16.36,0,0,,,12,0,0,0,0,0,1,0,0,0,0,1,171,174,0,0,1,8,704.55,254.37,0,0.0,2451.33,0,0.0,617.31,2,0,0.0,2474.97,0.0,0,0.0,0,0.0,0,100.0,1,0.0,0,6.02,24.25,55.75,4.25,15.75,5,67.22,16,11,0,,,1,0,34.253333598578706,-118.50800440488426,reconstructed,0.5383086187428435,67,1420,55,27.37,3.79,9.71,38.32,2.94,5.01,7.72,20.57,131,pct_below_poverty,lausd_school_site_count,0.006214860691155652
P-12,4,US,1255,BlockApportionment:US.BlockGroups;PointsLayer:US.BlockPoints,2.191,2.576,1,84,732,59,93,19.81,4.02,211,4,US,1255,BlockApportionment:US.BlockGroups;PointsLayer:US.BlockPoints,2.191,2.576,1,18.89,0.37,8.35,24.39,8.42,4.77,2.52,10.27,152,157,0.6475,17.47,29.74,16.36,0,0,,,0,0,0,0,0,0,2,0,0,0,0,0,84,80,0,0,1,0,0.0,510.01,0,0.0,3056.63,0,0.0,543.0,0,0,0.0,3091.72,1.18,1,0.0,0,2.27,1,100.0,1,0.0,0,9.08,34.59,42.12,4.62,18.66,5,56.76,16,12,0,,,2,0,34.245548100170105,-118.50799676574172,reconstructed,0.5326117617366037,84,732,93,18.89,0.37,8.35,24.39,8.42,4.77,4.02,10.27,157,pct_below_poverty,lausd_school_site_count,0.00701922760405805
P-13,28,US,1229,BlockApportionment:US.BlockGroups;PointsLayer:US.BlockPoints,2.191,2.576,1,43,651,60,179,22.43,4.41,191,28,US,1229,BlockApportionment:US.BlockGroups;PointsLayer:US.BlockPoints,2.191,2.576,1,36.3,2.97,10.43,30.43,1.5,1.42,5.34,9.52,145,153,0.6475,17.47,29.74,16.36,0,0,,,6,0,0,0,0,1,0,0,0,0,0,1,79,78,0,0,3,7,478.11,430.59,0,0.0,3196.62,0,0.0,464.48,1,0,0.0,3207.89,0.15,1,0.0,0,0.14,1,100.0,1,0.0,0,4.96,30.62,48.32,2.83,18.23,5,62.34,16,13,0,,,1,0,34.237762601761496,-118.50798912659918,reconstructed,0.5259436140926379,43,651,179,36.3,2.97,10.43,30.43,1.5,1.42,4.41,9.52,153,total_crime_est,police_station_count,0.0046025555945421555
P-14,45,US,1196,BlockApportionment:US.BlockGroups;PointsLayer:US.BlockPoints,2.191,2.576,1,78,674,80,52,24.48,3.41,199,45,US,1196,BlockApportionment:US.BlockGroups;PointsLayer:US.BlockPoints,2.191,2.576,1,15.38,0.0,6.24,100.0,4.82,3.45,3.88,14.25,155,156,0.6475,17.47,29.74,16.36,0,0,,,3,0,0,0,0,0,0,0,0,0,0,1,92,89,0,0,0,2,35.61,434.23,0,0.0,3192.47,2,93.56,443.98,0,0,0.0,3200.17,6.69,1,0.0,0,6.69,1,100.0,1,0.0,0,6.53,34.54,30.07,6.01,29.38,5,49.09,16,14,0,,,0,0,34.229977103352894,-118.50798148745665,reconstructed,0.5306065923292709,78,674,52,15.38,0.0,6.24,100.0,4.82,3.45,3.41,14.25,156,2023 Pop w/Income Below Poverty Level (ACS 5-Yr): Percent,police_station_count,0.0041220078670985765
P-15,13,US,1164,BlockApportionment:US.BlockGroups;PointsLayer:US.BlockPoints,2.191,2.576,1,67,1816,66,133,42.02,0.97,89,13,US,1164,BlockApportionment:US.BlockGroups;PointsLayer:US.BlockPoints,2.191,2.576,1,33.24,3.35,16.86,36.78,0.85,3.59,2.89,26.85,91,97,0.6475,17.47,29.74,16.36,0,0,,,15,0,0,0,0,0,0,0,0,0,0,1,135,140,0,0,0,8,662.12,326.4,0,0.0,3167.79,2,755.2,62.69,4,0,0.0,3192.45,0.0,0,0.0,0,0.0,0,100.0,1,0.0,0,3.71,28.09,40.81,6.71,24.38,5,57.45,16,15,0,,,0,0,34.222191604944285,-118.50797384831412,reconstructed,0.541271402768404,67,1816,133,33.24,3.35,16.86,36.78,0.85,3.59,0.97,26.85,97,pct_below_poverty,lausd_school_site_count,0.0025732056809905837
P-16,29,US,1130,BlockApportionment:US.BlockGroups;PointsLayer:US.BlockPoints,2.191,2.576,1,76,2041,81,114,44.73,4.53,143,29,US,1130,BlockApportionment:US.BlockGroups;PointsLayer:US.BlockPoints,2.191,2.576,1,28.46,4.0,6.14,41.38,4.45,3.15,3.95,16.21,130,129,0.6475,17.47,29.74,16.36,0,0,,,0,0,0,0,0,0,1,0,0,0,0,1,166,166,0,0,4,0,0.0,538.3,0,0.0,3185.46,0,0.0,684.2,0,0,0.0,3184.72,0.0,0,0.0,0,0.0,0,100.0,1,0.0,0,2.58,19.24,56.7,3.26,20.79,5,68.92,16,16,0,,,1,0,34.214406106535684,-118.50796620917158,reconstructed,0.5301007644921476,76,2041,114,28.46,4.0,6.14,41.38,4.45,3.15,4.53,16.21,129,2023 Pop w/Income Below Poverty Level (ACS 5-Yr): Percent,police_station_count,0.004186071667016688
P-17,44,US,1095,BlockApportionment:US.BlockGroups;PointsLayer:US.BlockPoints,2.191,2.576,1,64,1798,84,198,45.44,3.88,135,44,US,1095,BlockApportionment:US.BlockGroups;PointsLayer:US.BlockPoints,2.191,2.576,1,18.41,2.03,3.68,54.25,3.35,8.43,3.24,14.74,117,122,0.6475,17.47,29.74,16.36,0,0,,,12,0,0,0,0,0,0,0,0,0,0,1,321,320,0,0,0,0,0.0,624.87,0,0.0,3107.3,3,124.72,32.97,5,0,0.0,3177.0,0.0,0,0.0,0,0.0,0,100.0,1,0.0,0,4.79,23.94,49.29,7.45,19.33,5,63.07,16,17,0,,,0,0,34.206620608127075,-118.50795857002905,reconstructed,0.5305145753035858,64,1798,198,18.41,2.03,3.68,54.25,3.35,8.43,3.88,14.74,122,2023 Pop w/Income Below Poverty Level (ACS 5-Yr): Percent,police_station_count,0.005110447883782209
P-18,9,US,1060,BlockApportionment:US.BlockGroups;PointsLayer:US.BlockPoints,2.191,2.576,1,112,1646,117,64,42.41,3.07,148,9,US,1060,BlockApportionment:US.BlockGroups;PointsLayer:US.BlockPoints,2.191,2.576,1,21.28,2.64,3.03,50.44,0.5,4.35,3.29,16.97,122,124,0.6475,17.47,29.74,16.36,0,0,,,15,0,0,0,0,0,1,0,0,0,0,2,172,157,0,0,2,16,1878.64,43.88,0,0.0,3047.26,3,81.98,110.46,5,0,0.0,3114.45,0.0,0,0.0,0,0.0,0,100.0,1,0.0,0,6.13,25.74,56.92,5.78,11.56,5,68.0,16,18,1,34.20175703,-118.50346556,1,1,34.19883510971847,-118.50795093088652,detection_avg,0.5850092101272559,112,1646,64,21.28,2.64,3.03,50.44,0.5,4.35,3.07,16.97,124,pct_below_poverty,lausd_school_site_count,0.011443818398855807
P-19,26,US,1027,BlockApportionment:US.BlockGroups;PointsLayer:US.BlockPoints,2.191,2.576,1,66,1470,69,62,44.42,3.98,114,26,US,1027,BlockApportionment:US.BlockGroups;PointsLayer:US.BlockPoints,2.191,2.576,1,30.02,2.97,10.16,30.71,8.13,2.12,2.99,18.97,108,111,0.6475,17.47,29.74,16.36,0,0,,,11,0,1,0,0,0,0,0,0,0,0,0,157,154,0,0,4,0,0.0,623.29,0,0.0,2399.8,0,0.0,946.97,2,0,0.0,2399.61,0.0,0,0.0,0,0.0,0,100.0,1,0.0,0,6.78,31.13,46.43,3.48,18.96,5,60.47,16,19,0,,,0,0,34.191049611309865,-118.50794329174398,reconstructed,0.5236847949128518,66,1470,62,30.02,2.97,10.16,30.71,8.13,2.12,3.98,18.97,111,2023 Pop w/Income Below Poverty Level (ACS 5-Yr): Percent,fire_station_count,0.0066059857945446315
P-20,44,US,995,BlockApportionment:US.BlockGroups;PointsLayer:US.BlockPoints,2.191,2.576,1,69,216,50,55,47.69,1.85,139,44,US,995,BlockApportionment:US.BlockGroups;PointsLayer:US.BlockPoints,2.191,2.576,1,31.65,0.0,5.69,48.48,9.15,4.13,1.64,22.56,108,107,0.6475,17.47,29.74,16.36,0,0,,,12,0,0,0,0,2,0,0,0,0,0,0,31,41,0,0,2,8,803.99,168.46,0,0.0,1534.97,2,999.27,269.26,3,0,0.0,1534.78,0.0,0,9.36,1,0.0,0,77.09,1,0.0,0,1.59,25.84,39.29,4.07,30.8,5,57.03,16,20,0,,,2,0,34.18326411290126,-118.50793565260145,reconstructed,0.5342715889133148,69,216,55,31.65,0.0,5.69,48.48,9.15,4.13,1.85,22.56,107,esri_market_idx_14068_forecast,la_geohub_fire_hazard_area_pct,0.03839153203454206
P-21,11,US,962,BlockApportionment:US.BlockGroups;PointsLayer:US.BlockPoints,2.191,2.576,1,148,1301,101,55,18.52,3.08,136,11,US,962,BlockApportionment:US.BlockGroups;PointsLayer:US.BlockPoints,2.191,2.576,1,20.18,0.9,6.69,25.0,0.81,0.42,1.56,6.24,129,132,0.6475,17.47,29.74,16.36,0,0,,,0,0,0,0,0,0,0,0,0,0,0,0,153,170,0,0,0,0,0.0,561.33,0,0.0,670.15,8,377.75,335.11,4,0,0.0,669.96,0.0,0,0.06,1,0.0,0,72.38,1,0.0,0,1.89,36.14,29.26,5.85,28.74,5,49.92,16,21,0,,,0,0,34.17547861449266,-118.50792801345892,reconstructed,0.5639890742469523,148,1301,55,20.18,0.9,6.69,25.0,0.81,0.42,3.08,6.24,132,2023 Pop w/Income Below Poverty Level (ACS 5-Yr): Percent,la_geohub_fire_hazard_area_pct,-0.015955653607930703
P-22,24,US,925,BlockApportionment:US.BlockGroups;PointsLayer:US.BlockPoints,2.191,2.576,1,131,1673,61,131,17.87,2.43,128,24,US,925,BlockApportionment:US.BlockGroups;PointsLayer:US.BlockPoints,2.191,2.576,1,26.67,1.56,5.37,24.03,0.55,1.17,1.3,10.1,139,144,0.6475,17.47,29.74,16.36,0,0,,,0,0,0,0,0,0,1,0,0,0,0,1,135,149,0,0,0,13,2459.12,174.71,6,1810.61,174.71,1,100.14,401.49,0,2,1581.65,173.72,0.0,0,0.0,0,0.0,0,98.87,1,0.0,0,4.96,30.8,37.17,4.42,27.61,5,54.53,16,22,1,34.17069785,-118.50804423,1,1,34.16769311608405,-118.50792037431638,detection_avg,0.5960628404191467,131,1673,131,26.67,1.56,5.37,24.03,0.55,1.17,2.43,10.1,144,2023 Pop w/Income Below Poverty Level (ACS 5-Yr): Percent,la_geohub_fire_hazard_area_pct,0.012516165168742927
Q-10,12,US,1313,BlockApportionment:US.BlockGroups;PointsLayer:US.BlockPoints,2.191,2.576,1,79,3026,62,136,39.85,5.88,87,12,US,1313,BlockApportionment:US.BlockGroups;PointsLayer:US.BlockPoints,2.191,2.576,1,19.67,2.02,7.92,18.76,3.08,9.61,4.3,24.53,85,86,0.6475,17.47,29.74,16.36,0,0,,,24,0,0,0,1,1,0,0,0,0,0,0,317,322,0,0,1,27,1650.2,185.14,0,0.0,1621.79,5,1041.72,191.66,9,0,0.0,1640.22,0.0,0,0.0,0,0.0,0,100.0,1,0.0,0,1.03,15.49,65.75,3.96,14.8,5,75.72,17,10,1,34.25730629875,-118.499392515,1,1,34.26111228290519,-118.49990430022952,detection_avg,0.5873044351449813,79,3026,136,19.67,2.02,7.92,18.76,3.08,9.61,5.88,24.53,86,2023 Pop w/Income Below Poverty Level (ACS 5-Yr): Percent,college_count,0.013480663767746268
Q-11,33,US,1284,BlockApportionment:US.BlockGroups;PointsLayer:US.BlockPoints,2.191,2.576,1,63,1686,72,90,35.82,5.33,169,33,US,1284,BlockApportionment:US.BlockGroups;PointsLayer:US.BlockPoints,2.191,2.576,1,23.85,8.08,6.58,37.12,0.71,2.17,3.46,16.73,135,137,0.6475,17.47,29.74,16.36,0,0,,,12,0,1,0,0,0,0,0,0,0,0,0,162,148,0,0,0,10,864.93,235.11,0,0.0,2242.25,2,661.36,361.09,5,0,0.0,2278.68,0.0,0,0.0,0,0.0,0,100.0,1,0.0,0,1.06,19.79,51.41,3.71,25.09,5,65.67,17,11,0,,,0,0,34.253326784496586,-118.49989666108698,reconstructed,0.5501072698220909,63,1686,90,23.85,8.08,6.58,37.12,0.71,2.17,5.33,16.73,137,2023 Pop w/Income Below Poverty Level (ACS 5-Yr): Percent,fire_station_count,0.007565947613351225
Q-12,5,US,1256,BlockApportionment:US.BlockGroups;PointsLayer:US.BlockPoints,2.191,2.576,1,47,1508,58,98,31.96,4.39,187,5,US,1256,BlockApportionment:US.BlockGroups;PointsLayer:US.BlockPoints,2.191,2.576,1,29.31,0.59,3.89,23.81,1.25,1.13,4.91,10.78,141,142,0.6475,17.47,29.74,16.36,0,0,,,24,0,0,0,0,0,1,0,0,0,0,0,109,118,0,0,0,8,864.9,242.3,0,0.0,2464.0,4,67.9,419.34,0,0,0.0,2463.12,1.46,1,0.0,0,1.06,1,100.0,1,0.0,0,3.97,29.83,45.34,3.97,20.86,5,60.55,17,12,0,,,1,0,34.24554128608798,-118.49988902194444,reconstructed,0.5284956641710237,47,1508,98,29.31,0.59,3.89,23.81,1.25,1.13,4.39,10.78,142,2023 Pop w/Income Below Poverty Level (ACS 5-Yr): Percent,police_station_count,0.00509844209202828
Q-13,29,US,1230,BlockApportionment:US.BlockGroups;PointsLayer:US.BlockPoints,2.191,2.576,1,87,1436,72,55,35.52,3.6,171,29,US,1230,BlockApportionment:US.BlockGroups;PointsLayer:US.BlockPoints,2.191,2.576,1,20.0,2.64,7.63,26.26,2.35,3.08,4.94,13.92,143,147,0.6475,17.47,29.74,16.36,0,0,,,30,0,0,0,0,0,0,0,0,0,0,0,232,258,0,0,0,20,1851.9,4.73,0,0.0,2419.38,1,562.56,337.71,4,0,0.0,2455.39,0.0,0,0.0,0,0.0,0,100.0,1,0.0,0,2.65,17.67,66.96,3.71,11.66,5,76.08,17,13,0,,,0,0,34.237755787679376,-118.49988138280192,reconstructed,0.5523307057206923,87,1436,55,20.0,2.64,7.63,26.26,2.35,3.08,3.6,13.92,147,2023 Pop w/Income Below Poverty Level (ACS 5-Yr): Percent,police_station_count,0.00314222667976852
Q-14,46,US,1197,BlockApportionment:US.BlockGroups;PointsLayer:US.BlockPoints,2.191,2.576,1,107,2652,73,117,48.49,2.21,101,46,US,1197,BlockApportionment:US.BlockGroups;PointsLayer:US.BlockPoints,2.191,2.576,1,16.93,4.66,21.07,41.28,3.37,4.0,3.12,20.78,96,101,0.6475,17.47,29.74,16.36,0,0,,,9,0,0,0,0,0,0,0,0,0,0,0,207,214,0,0,2,7,839.03,257.43,0,0.0,2448.58,3,796.38,251.7,2,0,0.0,2447.66,0.0,0,1.17,1,0.0,0,100.0,1,0.0,0,4.96,16.46,69.91,3.36,10.27,5,77.45,17,14,0,,,0,0,34.229970289270774,-118.49987374365938,reconstructed,0.5885213563369742,107,2652,117,16.93,4.66,21.07,41.28,3.37,4.0,2.21,20.78,101,pct_below_poverty,la_geohub_100yr_flood_intersects,-0.025267316796680428
Q-15,14,US,1165,BlockApportionment:US.BlockGroups;PointsLayer:US.BlockPoints,2.191,2.576,1,117,657,102,136,47.34,4.25,136,14,US,1165,BlockApportionment:US.BlockGroups;PointsLayer:US.BlockPoints,2.191,2.576,1,36.7,3.67,5.23,50.0,4.63,3.16,3.19,15.16,109,110,0.6475,17.47,29.74,16.36,0,0,,,12,0,0,0,0,0,0,0,0,0,0,0,129,142,0,0,0,23,1948.4,74.75,0,0.0,2408.56,3,980.14,90.33,6,0,0.0,2439.93,0.0,0,3.31,1,0.0,0,100.0,1,0.0,0,1.55,8.09,78.31,2.24,11.36,5,84.35,17,15,0,,,0,0,34.222184790862165,-118.49986610451684,reconstructed,0.5756766440062714,117,657,136,36.7,3.67,5.23,50.0,4.63,3.16,4.25,15.16,110,pct_below_poverty,la_geohub_100yr_flood_intersects,0.006411080421865407
Q-16,30,US,1131,BlockApportionment:US.BlockGroups;PointsLayer:US.BlockPoints,2.191,2.576,1,96,1291,107,152,62.35,8.38,101,30,US,1131,BlockApportionment:US.BlockGroups;PointsLayer:US.BlockPoints,2.191,2.576,1,32.79,8.7,44.6,42.28,2.76,8.89,11.76,5.95,113,117,0.6475,17.47,29.74,16.36,0,0,,,15,0,0,0,0,0,0,0,0,0,0,0,199,246,0,0,0,10,864.86,123.9,0,0.0,2431.04,1,869.0,223.76,0,0,0.0,2432.21,0.0,0,3.03,1,0.0,0,100.0,1,0.0,0,3.01,14.87,70.62,3.19,11.33,5,78.53,17,16,0,,,0,0,34.214399292453564,-118.49985846537432,reconstructed,0.5987903563951749,96,1291,152,32.79,8.7,44.6,42.28,2.76,8.89,8.38,5.95,117,pct_below_poverty,library_count,0.01523051671187322
Q-17,45,US,1096,BlockApportionment:US.BlockGroups;PointsLayer:US.BlockPoints,2.191,2.576,1,109,2468,102,288,51.13,5.04,103,45,US,1096,BlockApportionment:US.BlockGroups;PointsLayer:US.BlockPoints,2.191,2.576,1,35.94,8.79,8.01,56.36,12.04,1.62,4.74,20.59,98,104,0.6475,17.47,29.74,16.36,0,0,,,27,0,0,0,0,0,0,0,0,0,0,0,320,328,0,0,0,26,1981.13,123.82,0,0.0,2300.65,2,816.78,222.64,6,0,0.0,2424.35,0.0,0,3.09,1,0.0,0,100.0,1,0.0,0,1.72,19.76,54.12,4.12,21.99,5,67.37,17,17,0,,,0,0,34.206613794044955,-118.49985082623178,reconstructed,0.5933105907805775,109,2468,288,35.94,8.79,8.01,56.36,12.04,1.62,5.04,20.59,104,pct_below_poverty,la_geohub_100yr_flood_intersects,0.012991802931332808
Q-18,10,US,1061,BlockApportionment:US.BlockGroups;PointsLayer:US.BlockPoints,2.191,2.576,1,140,2124,108,110,48.59,6.15,94,10,US,1061,BlockApportionment:US.BlockGroups;PointsLayer:US.BlockPoints,2.191,2.576,1,35.3,5.58,9.75,46.82,7.56,3.45,5.69,21.72,89,95,0.6475,17.47,29.74,16.36,0,0,,,24,0,0,0,0,1,1,0,0,0,0,0,279,279,0,0,1,13,864.87,123.98,0,0.0,2336.88,1,742.45,324.53,5,0,0.0,2335.75,0.0,0,2.75,1,0.0,0,100.0,1,0.0,0,1.59,17.52,54.34,4.96,23.19,5,67.56,17,18,1,34.19369506,-118.49664073,2,1,34.19882829563635,-118.49984318708924,detection_avg,0.597972183690807,140,2124,110,35.3,5.58,9.75,46.82,7.56,3.45,6.15,21.72,95,pct_below_poverty,la_geohub_100yr_flood_intersects,0.013227476889674294
Q-19,27,US,1028,BlockApportionment:US.BlockGroups;PointsLayer:US.BlockPoints,2.191,2.576,1,94,1489,89,229,42.71,2.91,117,27,US,1028,BlockApportionment:US.BlockGroups;PointsLayer:US.BlockPoints,2.191,2.576,1,20.26,4.85,11.1,38.27,3.1,6.06,2.27,15.28,111,113,0.6475,17.47,29.74,16.36,0,0,,,30,0,0,0,0,4,0,0,0,0,0,0,259,283,0,0,7,24,1729.2,124.69,0,0.0,1985.61,4,879.94,199.51,9,0,0.0,2006.59,0.0,0,2.01,1,0.0,0,94.4,1,0.0,0,2.93,26.85,45.09,3.1,24.96,5,60.68,17,19,0,,,4,0,34.191042797227745,-118.49983554794672,reconstructed,0.5991140468032177,94,1489,229,20.26,4.85,11.1,38.27,3.1,6.06,2.91,15.28,113,esri_market_idx_14068_forecast,la_geohub_fire_hazard_area_pct,0.01800061573806911
Q-20,45,US,996,BlockApportionment:US.BlockGroups;PointsLayer:US.BlockPoints,2.191,2.576,1,319,4,151,0,25.0,0.0,0,45,US,996,BlockApportionment:US.BlockGroups;PointsLayer:US.BlockPoints,2.191,2.576,1,0.0,0.0,0.0,0.0,0.0,0.0,0.0,50.0,0,0,0.6475,17.47,29.74,16.36,0,0,,,6,0,0,0,0,0,0,0,0,0,0,0,0,0,0,0,0,18,1832.53,123.3,0,0.0,1133.94,7,2484.43,179.5,2,0,0.0,1159.34,0.0,0,10.22,1,0.0,0,20.62,1,0.0,0,7.26,46.37,17.7,11.68,24.25,3,40.21,17,20,0,,,0,0,34.18325729881914,-118.49982790880418,reconstructed,0.5067537558310695,319,4,0,0.0,0.0,0.0,0.0,0.0,0.0,0.0,50.0,0,pct_below_poverty,la_geohub_100yr_flood_intersects,-0.024056659286175536
Q-21,12,US,963,BlockApportionment:US.BlockGroups;PointsLayer:US.BlockPoints,2.191,2.576,1,319,75,151,112,13.33,0.0,191,12,US,963,BlockApportionment:US.BlockGroups;PointsLayer:US.BlockPoints,2.191,2.576,1,12.5,0.0,13.04,16.67,0.0,2.9,0.0,35.71,110,101,0.6475,17.47,29.74,16.36,0,0,,,12,0,0,0,1,0,0,1,0,0,0,1,87,105,0,0,0,50,4460.29,120.27,16,1694.24,304.46,13,1767.77,154.6,6,2,856.05,339.57,0.0,0,0.0,0,0.0,0,26.49,1,0.0,0,6.55,49.91,26.02,2.48,21.59,3,46.25,17,21,0,,,0,0,34.175471800410534,-118.49982026966164,reconstructed,0.5702096273020972,319,75,112,12.5,0.0,13.04,16.67,0.0,2.9,0.0,35.71,101,2023 Pop w/Income Below Poverty Level (ACS 5-Yr): Percent,college_count,0.013754267676333547
Q-22,25,US,926,BlockApportionment:US.BlockGroups;PointsLayer:US.BlockPoints,2.191,2.576,1,122,2071,58,269,11.01,1.22,178,25,US,926,BlockApportionment:US.BlockGroups;PointsLayer:US.BlockPoints,2.191,2.576,1,21.67,0.23,8.77,26.98,1.37,0.95,1.88,10.92,188,188,0.6475,17.47,29.74,16.36,0,0,,,9,0,0,0,0,1,0,0,0,0,0,2,279,270,0,0,1,24,2757.31,125.08,6,1456.7,351.48,3,428.41,355.54,2,2,1004.96,349.41,0.0,0,0.0,0,0.0,0,90.2,1,0.0,0,5.51,25.47,53.18,4.65,16.7,5,65.57,17,22,0,,,1,0,34.16768630200193,-118.49981263051912,reconstructed,0.6042084092172665,122,2071,269,21.67,0.23,8.77,26.98,1.37,0.95,1.22,10.92,188,2023 Pop w/Income Below Poverty Level (ACS 5-Yr): Percent,la_geohub_fire_hazard_area_pct,0.02733133526257102
Q-9,41,US,1342,BlockApportionment:US.BlockGroups;PointsLayer:US.BlockPoints,2.191,2.576,1,70,2524,64,98,44.22,3.63,85,41,US,1342,BlockApportionment:US.BlockGroups;PointsLayer:US.BlockPoints,2.191,2.576,1,31.24,11.65,17.09,25.99,10.6,2.23,3.24,24.19,83,85,0.6475,17.47,29.74,16.36,0,0,,,20,0,0,1,0,0,0,0,0,0,0,0,389,377,0,0,0,13,864.94,219.29,0,0.0,979.35,1,150.9,354.33,12,0,0.0,1027.56,0.0,0,0.0,0,0.0,0,100.0,1,0.0,0,2.47,20.49,57.6,3.53,18.37,5,69.58,17,9,0,,,0,0,34.2688977813138,-118.49991193937204,reconstructed,0.5960514476200249,70,2524,98,31.24,11.65,17.09,25.99,10.6,2.23,3.63,24.19,85,total_population,police_station_count,-0.0027116715762587756
R-10,13,US,1314,BlockApportionment:US.BlockGroups;PointsLayer:US.BlockPoints,2.191,2.576,1,65,1842,61,60,39.14,3.45,95,13,US,1314,BlockApportionment:US.BlockGroups;PointsLayer:US.BlockPoints,2.191,2.576,1,29.48,6.96,15.24,29.53,8.15,5.34,3.4,21.75,84,85,0.6475,17.47,29.74,16.36,0,0,,,0,0,0,0,0,0,1,0,0,0,0,1,142,126,0,0,0,0,0.0,623.42,0,0.0,775.02,3,729.87,267.63,0,0,0.0,805.57,0.0,0,0.0,0,0.0,0,100.0,1,0.0,0,3.72,25.84,50.97,3.01,20.18,5,64.56,18,10,0,,,1,0,34.26110546882307,-118.49179655643223,reconstructed,0.5667963847479798,65,1842,60,29.48,6.96,15.24,29.53,8.15,5.34,3.45,21.75,85,pct_below_poverty,lausd_school_site_count,0.0026083578654056087
R-11,34,US,1285,BlockApportionment:US.BlockGroups;PointsLayer:US.BlockPoints,2.191,2.576,1,57,2021,64,79,40.52,5.76,135,34,US,1285,BlockApportionment:US.BlockGroups;PointsLayer:US.BlockPoints,2.191,2.576,1,25.58,5.09,14.43,45.6,1.84,3.42,5.13,18.94,116,119,0.6475,17.47,29.74,16.36,0,0,,,12,0,0,0,0,1,0,0,0,0,0,0,121,128,0,0,1,9,719.36,241.44,0,0.0,1479.84,7,981.74,82.82,0,0,0.0,1500.88,0.0,0,0.0,0,0.0,0,100.0,1,0.0,0,3.54,24.07,57.52,2.83,15.58,5,69.2,18,11,0,,,1,0,34.253319970414466,-118.49178891728972,reconstructed,0.5388445360103497,57,2021,79,25.58,5.09,14.43,45.6,1.84,3.42,5.76,18.94,119,total_population,police_station_count,-0.002676270224995101
R-12,6,US,1257,BlockApportionment:US.BlockGroups;PointsLayer:US.BlockPoints,2.191,2.576,1,51,1307,69,126,34.66,3.83,162,6,US,1257,BlockApportionment:US.BlockGroups;PointsLayer:US.BlockPoints,2.191,2.576,1,27.21,3.72,4.84,36.52,0.63,2.23,3.72,14.03,131,132,0.6475,17.47,29.74,16.36,0,0,,,0,0,0,0,0,0,0,0,0,0,0,0,138,147,0,0,0,0,0.0,622.8,0,0.0,1730.28,9,1514.05,33.97,0,0,0.0,1729.7,0.0,0,0.0,0,0.0,0,100.0,1,0.0,0,3.42,22.43,55.82,3.77,17.98,5,68.05,18,12,0,,,0,0,34.24553447200586,-118.49178127814716,reconstructed,0.5195614809034032,51,1307,126,27.21,3.72,4.84,36.52,0.63,2.23,3.83,14.03,132,2023 Pop w/Income Below Poverty Level (ACS 5-Yr): Percent,police_station_count,0.004864669314079268
R-13,30,US,1231,BlockApportionment:US.BlockGroups;PointsLayer:US.BlockPoints,2.191,2.576,1,43,1723,67,155,42.66,5.28,167,30,US,1231,BlockApportionment:US.BlockGroups;PointsLayer:US.BlockPoints,2.191,2.576,1,24.37,9.57,6.58,0.0,1.4,5.56,5.53,20.77,119,120,0.6475,17.47,29.74,16.36,0,0,,,18,0,0,0,0,0,0,0,0,0,0,0,147,156,0,0,0,0,0.0,443.58,0,0.0,1703.99,5,722.73,367.58,0,0,0.0,1710.61,0.0,0,0.0,0,0.0,0,100.0,1,0.0,0,2.48,21.59,56.46,2.83,19.12,5,68.78,18,13,0,,,0,0,34.237748973597256,-118.49177363900463,reconstructed,0.5326984428631636,43,1723,155,24.37,9.57,6.58,0.0,1.4,5.56,5.28,20.77,120,total_crime_est,police_station_count,0.0046025555945421555
R-14,47,US,1198,BlockApportionment:US.BlockGroups;PointsLayer:US.BlockPoints,2.191,2.576,1,76,1732,79,83,43.94,3.79,139,47,US,1198,BlockApportionment:US.BlockGroups;PointsLayer:US.BlockPoints,2.191,2.576,1,30.8,4.0,11.8,11.76,1.28,4.91,4.36,11.94,121,125,0.6475,17.47,29.74,16.36,0,0,,,6,0,0,0,0,1,1,0,0,0,0,0,169,163,0,0,1,5,512.17,421.26,0,0.0,1697.5,1,228.28,428.83,0,0,0.0,1702.88,0.0,0,0.0,0,0.0,0,100.0,1,0.0,0,1.38,26.33,41.48,7.06,25.13,5,58.62,18,14,0,,,2,0,34.22996347518865,-118.49176599986212,reconstructed,0.5252568992663762,76,1732,83,30.8,4.0,11.8,11.76,1.28,4.91,3.79,11.94,125,pct_below_poverty,lausd_school_site_count,0.003942121998952171
R-15,15,US,1166,BlockApportionment:US.BlockGroups;PointsLayer:US.BlockPoints,2.191,2.576,1,172,718,133,62,52.92,6.2,156,15,US,1166,BlockApportionment:US.BlockGroups;PointsLayer:US.BlockPoints,2.191,2.576,1,42.32,6.83,1.04,0.0,3.61,1.56,4.97,18.17,131,133,0.6475,17.47,29.74,16.36,0,0,,,12,0,0,0,0,0,0,0,0,0,0,0,98,80,0,0,0,7,735.44,311.21,0,0.0,1678.33,0,0.0,596.92,1,0,0.0,1695.15,0.0,0,0.0,0,0.0,0,100.0,1,0.0,0,2.3,24.03,34.1,2.3,39.58,4,53.18,18,15,0,,,0,0,34.222177976780046,-118.49175836071956,reconstructed,0.5635066078813479,172,718,62,42.32,6.83,1.04,0.0,3.61,1.56,6.2,18.17,133,pct_below_poverty,library_count,-0.00808626738191633
R-16,31,US,1132,BlockApportionment:US.BlockGroups;PointsLayer:US.BlockPoints,2.191,2.576,1,273,9,193,0,44.44,0.0,23,31,US,1132,BlockApportionment:US.BlockGroups;PointsLayer:US.BlockPoints,2.191,2.576,1,0.0,100.0,100.0,100.0,0.0,0.0,0.0,100.0,94,85,0.6475,17.47,29.74,16.36,0,0,,,0,0,1,0,0,0,0,0,0,0,0,0,43,51,0,0,0,0,0.0,528.09,0,0.0,1688.13,0,0.0,574.3,1,0,0.0,1687.42,0.0,0,0.0,0,0.0,0,100.0,1,0.0,0,0.17,10.29,65.69,1.03,22.98,5,75.93,18,16,0,,,0,0,34.21439247837144,-118.49175072157703,reconstructed,0.5475765738005505,273,9,0,0.0,100.0,100.0,100.0,0.0,0.0,0.0,100.0,85,total_population,police_station_count,0.014713942117868107
R-17,46,US,1097,BlockApportionment:US.BlockGroups;PointsLayer:US.BlockPoints,2.191,2.576,1,119,137,111,240,51.82,5.26,100,46,US,1097,BlockApportionment:US.BlockGroups;PointsLayer:US.BlockPoints,2.191,2.576,1,38.46,3.85,11.59,71.43,1.69,1.45,6.45,20.34,93,95,0.6475,17.47,29.74,16.36,0,0,,,12,0,0,0,0,0,0,0,0,0,0,0,126,126,0,0,1,0,0.0,736.38,0,0.0,1671.89,0,0.0,525.39,0,0,0.0,1679.68,0.0,0,0.0,0,0.0,0,100.0,1,0.0,0,0.0,18.05,67.96,2.12,11.86,5,77.57,18,17,0,,,0,0,34.206606979962835,-118.49174308243452,reconstructed,0.5749504574257898,119,137,240,38.46,3.85,11.59,71.43,1.69,1.45,5.26,20.34,95,total_population,police_station_count,0.01207418544637985
R-18,11,US,1062,BlockApportionment:US.BlockGroups;PointsLayer:US.BlockPoints,2.191,2.576,1,153,1037,117,131,45.71,6.0,86,11,US,1062,BlockApportionment:US.BlockGroups;PointsLayer:US.BlockPoints,2.191,2.576,1,37.25,4.88,14.41,42.8,10.85,5.71,4.31,19.05,84,90,0.6475,17.47,29.74,16.36,0,0,,,18,0,0,0,0,0,0,0,1,0,0,1,380,396,0,0,0,28,1914.99,44.01,0,0.0,1557.45,6,379.06,340.41,3,0,0.0,1633.04,0.0,0,0.83,1,0.0,0,100.0,1,0.0,0,1.77,13.27,75.93,1.59,9.2,5,82.62,18,18,0,,,0,0,34.198821481554226,-118.49173544329196,reconstructed,0.6129978807924062,153,1037,131,37.25,4.88,14.41,42.8,10.85,5.71,6.0,19.05,90,2023 Pop w/Income Below Poverty Level (ACS 5-Yr): Percent,adult_recreation_count,0.006759922870836544
R-19,28,US,1029,BlockApportionment:US.BlockGroups;PointsLayer:US.BlockPoints,2.191,2.576,1,102,2695,83,160,53.91,4.59,79,28,US,1029,BlockApportionment:US.BlockGroups;PointsLayer:US.BlockPoints,2.191,2.576,1,25.61,1.8,35.98,35.96,3.92,2.66,3.95,16.52,90,95,0.6475,17.47,29.74,16.36,0,0,,,12,0,0,0,0,0,0,0,0,0,0,0,319,345,0,0,0,0,0.0,697.37,0,0.0,1539.88,5,402.01,320.76,1,0,0.0,1590.14,0.0,0,0.0,0,0.0,0,100.0,1,0.0,0,4.64,32.82,50.0,3.61,13.57,5,63.61,18,19,0,,,0,0,34.191035983145625,-118.49172780414943,reconstructed,0.5757053915992647,102,2695,160,25.61,1.8,35.98,35.96,3.92,2.66,4.59,16.52,95,pct_below_poverty,library_count,0.010343392348543987
R-2,37,US,1438,BlockApportionment:US.BlockGroups;PointsLayer:US.BlockPoints,2.191,2.576,1,105,368,100,31,57.34,2.48,136,37,US,1438,BlockApportionment:US.BlockGroups;PointsLayer:US.BlockPoints,2.191,2.576,1,12.32,1.45,10.37,0.0,3.02,1.6,2.25,9.73,99,93,0.6475,17.47,29.74,16.36,0,0,,,0,0,0,0,0,0,0,0,0,0,0,0,30,29,0,0,0,0,0.0,542.97,0,0.0,594.85,5,491.67,285.38,0,0,0.0,595.37,0.0,0,0.0,0,0.0,0,100.0,1,0.0,0,3.61,35.4,26.29,4.3,34.02,4,47.32,18,2,0,,,0,0,34.32338945609191,-118.49185766957252,reconstructed,0.554171030730443,105,368,31,12.32,1.45,10.37,0.0,3.02,1.6,2.48,9.73,93,total_population,police_station_count,0.007945738805276782
R-20,46,US,997,BlockApportionment:US.BlockGroups;PointsLayer:US.BlockPoints,2.191,2.576,1,120,696,100,98,54.45,2.22,108,46,US,997,BlockApportionment:US.BlockGroups;PointsLayer:US.BlockPoints,2.191,2.576,1,18.97,5.47,31.06,37.87,3.46,6.24,2.93,15.44,99,104,0.6475,17.47,29.74,16.36,0,0,,,6,0,0,0,0,0,0,0,0,0,0,0,85,75,0,0,0,5,805.23,167.43,0,0.0,1382.64,16,1185.3,91.65,3,0,0.0,1610.56,6.42,1,0.0,0,0.0,0,34.65,1,0.0,0,3.72,49.2,22.83,2.65,25.31,3,44.86,18,20,0,,,0,0,34.183250484737016,-118.49172016500692,reconstructed,0.6183313804788287,120,696,98,18.97,5.47,31.06,37.87,3.46,6.24,2.22,15.44,104,2023 Pop w/Income Below Poverty Level (ACS 5-Yr): Percent,police_station_count,-0.01058511660774345
R-21,13,US,964,BlockApportionment:US.BlockGroups;PointsLayer:US.BlockPoints,2.191,2.576,1,319,24,151,169,12.5,0.0,0,13,US,964,BlockApportionment:US.BlockGroups;PointsLayer:US.BlockPoints,2.191,2.576,1,0.0,0.0,13.04,0.0,0.0,4.35,0.0,35.71,0,0,0.6475,17.47,29.74,16.36,0,0,,,0,0,0,0,0,0,0,0,0,0,0,0,0,0,0,0,0,0,0.0,853.77,0,0.0,1087.94,17,3021.58,61.35,3,0,0.0,1111.08,0.0,0,6.06,1,0.0,0,0.0,0,0.0,0,2.93,52.5,11.02,5.51,30.98,3,36.83,18,21,0,,,0,0,34.175464986328414,-118.49171252586436,reconstructed,0.5300540136527233,319,24,169,0.0,0.0,13.04,0.0,0.0,4.35,0.0,35.71,0,total_population,police_station_count,0.014391806290396086
R-22,26,US,927,BlockApportionment:US.BlockGroups;PointsLayer:US.BlockPoints,2.191,2.576,1,0,0,0,0,0.0,0.0,0,26,US,927,BlockApportionment:US.BlockGroups;PointsLayer:US.BlockPoints,2.191,2.576,1,0.0,0.0,0.0,0.0,0.0,0.0,0.0,0.0,0,0,0.6475,17.47,29.74,16.36,0,0,,,0,0,0,0,0,0,0,0,0,0,0,0,0,0,0,0,0,10,2262.19,269.3,3,531.33,418.22,29,3983.8,60.69,1,2,451.79,431.25,0.0,0,1.67,1,0.0,0,20.7,1,0.0,0,4.07,60.53,8.67,1.24,29.56,3,34.85,18,22,0,,,0,0,34.167679487919806,-118.49170488672183,reconstructed,0.5079348912927519,0,0,0,0.0,0.0,0.0,0.0,0.0,0.0,0.0,0.0,0,pct_below_poverty,la_geohub_100yr_flood_intersects,-0.024056659286175536
R-23,34,US,885,BlockApportionment:US.BlockGroups;PointsLayer:US.BlockPoints,2.191,2.576,1,219,963,93,195,8.62,2.4,247,34,US,885,BlockApportionment:US.BlockGroups;PointsLayer:US.BlockPoints,2.191,2.576,1,24.13,0.0,4.62,19.01,0.0,0.57,2.05,10.18,185,179,0.6475,17.47,29.74,16.36,0,0,,,0,0,0,0,0,0,0,0,0,0,0,0,200,223,0,0,0,14,1416.22,350.2,14,1416.22,350.2,6,1933.13,125.51,3,2,829.54,377.65,0.0,0,0.69,1,0.0,0,81.11,1,0.0,0,2.58,28.52,37.97,4.12,29.38,5,55.8,18,23,1,34.16541899,-118.49239966,0,1,34.159893989511204,-118.49169724757932,detection_avg,0.547689627221133,219,963,195,24.13,0.0,4.62,19.01,0.0,0.57,2.4,10.18,179,esri_market_idx_14068_forecast,la_geohub_fire_hazard_area_pct,0.016392271984668284
R-3,28,US,1429,BlockApportionment:US.BlockGroups;PointsLayer:US.BlockPoints,2.191,2.576,1,105,537,100,29,57.36,2.51,136,28,US,1429,BlockApportionment:US.BlockGroups;PointsLayer:US.BlockPoints,2.191,2.576,1,11.84,1.32,10.55,0.0,3.09,1.51,2.28,9.5,100,95,0.6475,17.47,29.74,16.36,0,0,,,0,0,0,0,0,0,0,0,0,0,0,0,29,24,0,0,0,49,10275.22,1.93,42,8591.01,1.93,14,2752.51,226.69,0,6,4192.71,1.58,0.0,0,0.0,0,0.0,0,100.0,1,0.0,0,1.94,25.27,38.34,1.94,34.45,5,56.26,18,3,0,,,0,0,34.3156039576833,-118.49185003043,reconstructed,0.597221804189747,105,537,29,11.84,1.32,10.55,0.0,3.09,1.51,2.51,9.5,95,total_population,police_station_count,0.005441511211447785
R-4,18,US,1419,BlockApportionment:US.BlockGroups;PointsLayer:US.BlockPoints,2.191,2.576,1,0,0,0,0,0.0,0.0,0,18,US,1419,BlockApportionment:US.BlockGroups;PointsLayer:US.BlockPoints,2.191,2.576,1,0.0,0.0,0.0,0.0,0.0,0.0,0.0,0.0,0,0,0.6475,17.47,29.74,16.36,0,0,,,0,0,0,0,0,0,0,0,0,0,0,0,0,0,0,0,0,2,195.27,436.95,2,195.27,436.95,14,3066.65,12.15,0,0,0.0,458.07,0.0,0,0.0,0,0.0,0,100.0,1,0.0,0,3.0,29.63,29.45,1.76,39.15,4,49.72,18,4,0,,,0,0,34.3078184592747,-118.49184239128743,reconstructed,0.5100201298017806,0,0,0,0.0,0.0,0.0,0.0,0.0,0.0,0.0,0.0,0,total_crime_est,police_station_count,0.01563103795160291
R-43,22,US,323,BlockApportionment:US.BlockGroups;PointsLayer:US.BlockPoints,2.191,2.576,1,310,2460,269,362,16.54,2.86,107,22,US,323,BlockApportionment:US.BlockGroups;PointsLayer:US.BlockPoints,2.191,2.576,1,27.2,2.22,18.83,25.95,0.93,2.66,3.48,3.3,138,137,0.6475,17.47,29.74,16.36,0,0,,,0,0,0,0,0,0,0,0,0,0,0,0,53,62,0,0,0,0,0.0,674.12,0,0.0,674.12,2,701.79,76.96,12,0,0.0,673.66,0.0,0,0.0,0,10.14,1,74.79,1,0.0,0,0.27,10.96,56.15,0.53,32.35,5,69.22,18,43,0,,,0,0,34.00418402133911,-118.49154446472863,reconstructed,0.599131533961618,310,2460,362,27.2,2.22,18.83,25.95,0.93,2.66,2.86,3.3,137,2023 Pop w/Income Below Poverty Level (ACS 5-Yr): Percent,la_geohub_fire_hazard_area_pct,0.07999838293526695
R-44,45,US,296,BlockApportionment:US.BlockGroups;PointsLayer:US.BlockPoints,2.191,2.576,0,0,0,0,0,0.0,0.0,0,45,US,296,BlockApportionment:US.BlockGroups;PointsLayer:US.BlockPoints,2.191,2.576,0,0.0,0.0,0.0,0.0,0.0,0.0,0.0,0.0,0,0,0.6475,17.47,29.74,16.36,0,0,,,0,0,0,0,0,0,0,0,0,0,0,0,0,0,0,0,0,0,0.0,1507.03,0,0.0,1507.03,0,0.0,817.46,0,0,0.0,1506.66,0.0,0,0.0,0,0.0,0,4.84,1,0.0,0,0.0,0.0,0.0,0.0,100.0,4,30.0,18,44,0,,,0,0,33.9963985229305,-118.4915368255861,reconstructed,0.5164149240357281,0,0,0,0.0,0.0,0.0,0.0,0.0,0.0,0.0,0.0,0,total_crime_est,police_station_count,0.01563103795160291
S-10,14,US,1315,BlockApportionment:US.BlockGroups;PointsLayer:US.BlockPoints,2.191,2.576,1,60,2506,75,148,40.74,5.92,123,14,US,1315,BlockApportionment:US.BlockGroups;PointsLayer:US.BlockPoints,2.191,2.576,1,34.65,1.08,9.83,41.2,3.03,3.69,5.03,17.52,96,97,0.6475,17.47,29.74,16.36,0,0,,,22,0,0,0,0,0,0,0,0,0,0,0,219,196,0,0,0,17,1635.31,116.15,0,0.0,808.04,0,0.0,545.96,2,0,0.0,807.79,0.0,0,0.0,0,0.0,0,100.0,1,0.0,0,2.06,27.32,45.02,3.95,23.71,5,60.9,19,10,0,,,0,0,34.26109865474095,-118.48368881263497,reconstructed,0.5366450712090298,60,2506,148,34.65,1.08,9.83,41.2,3.03,3.69,5.92,17.52,97,total_population,police_station_count,-0.002715897176471278
S-11,35,US,1286,BlockApportionment:US.BlockGroups;PointsLayer:US.BlockPoints,2.191,2.576,1,51,1442,82,105,50.76,6.12,134,35,US,1286,BlockApportionment:US.BlockGroups;PointsLayer:US.BlockPoints,2.191,2.576,1,40.05,6.32,2.75,23.29,5.58,5.99,5.8,28.26,107,107,0.6475,17.47,29.74,16.36,0,0,,,16,0,0,0,0,0,1,0,0,0,0,0,120,115,0,0,0,5,864.91,124.08,0,0.0,1029.99,1,4.14,241.72,1,0,0.0,1029.04,0.0,0,0.0,0,0.0,0,100.0,1,0.0,0,1.24,20.85,46.64,4.42,28.09,5,62.28,19,11,0,,,1,0,34.25331315633234,-118.48368117349244,reconstructed,0.539181766913565,51,1442,105,40.05,6.32,2.75,23.29,5.58,5.99,6.12,28.26,107,2023 Pop w/Income Below Poverty Level (ACS 5-Yr): Percent,police_station_count,0.004955758498462708
S-12,7,US,1258,BlockApportionment:US.BlockGroups;PointsLayer:US.BlockPoints,2.191,2.576,1,46,1797,65,233,36.45,7.46,148,7,US,1258,BlockApportionment:US.BlockGroups;PointsLayer:US.BlockPoints,2.191,2.576,1,34.02,6.3,6.3,26.24,4.9,3.46,8.57,16.17,118,120,0.6475,17.47,29.74,16.36,0,0,,,34,0,0,0,0,1,1,0,0,0,0,0,84,86,0,0,3,9,864.92,130.27,0,0.0,966.73,0,0.0,488.9,0,0,0.0,965.84,0.0,0,0.0,0,0.0,0,100.0,1,0.0,0,1.55,25.0,48.28,2.59,24.14,5,63.33,19,12,1,34.2419954,-118.4833924,2,1,34.24552765792374,-118.4836735343499,detection_avg,0.5579038167569899,46,1797,233,34.02,6.3,6.3,26.24,4.9,3.46,7.46,16.17,120,pct_below_poverty,lausd_school_site_count,-0.004513441530344822
S-13,31,US,1232,BlockApportionment:US.BlockGroups;PointsLayer:US.BlockPoints,2.191,2.576,1,63,1611,70,238,41.96,9.04,158,31,US,1232,BlockApportionment:US.BlockGroups;PointsLayer:US.BlockPoints,2.191,2.576,1,31.88,6.0,8.29,17.44,4.42,3.57,9.24,16.58,118,121,0.6475,17.47,29.74,16.36,0,0,,,25,0,0,1,0,0,0,0,0,0,0,0,204,212,0,0,0,22,1842.46,17.72,0,0.0,922.08,0,0.0,749.08,4,0,0.0,958.11,0.0,0,0.0,0,0.0,0,100.0,1,0.0,0,4.06,27.92,46.29,4.42,21.38,5,61.18,19,13,1,34.234784875,-118.48285137,0,1,34.23774215951513,-118.48366589520737,detection_avg,0.5609716667277527,63,1611,238,31.88,6.0,8.29,17.44,4.42,3.57,9.04,16.58,121,pct_below_poverty,library_count,0.004522422246424774
S-14,48,US,1199,BlockApportionment:US.BlockGroups;PointsLayer:US.BlockPoints,2.191,2.576,1,121,1772,97,114,42.1,2.51,157,48,US,1199,BlockApportionment:US.BlockGroups;PointsLayer:US.BlockPoints,2.191,2.576,1,34.23,4.19,9.42,28.44,1.81,2.79,1.8,16.49,137,139,0.6475,17.47,29.74,16.36,0,0,,,12,0,0,0,0,0,0,0,0,0,0,0,201,199,0,0,0,9,865.49,145.31,0,0.0,951.29,4,117.88,221.12,2,0,0.0,950.37,2.22,1,0.0,0,2.21,1,100.0,1,0.0,0,3.53,24.91,50.53,4.06,20.49,5,64.31,19,14,1,34.22656389,-118.48518918,0,1,34.22995666110653,-118.48365825606484,detection_avg,0.5907658984980844,121,1772,114,34.23,4.19,9.42,28.44,1.81,2.79,2.51,16.49,139,total_population,police_station_count,-0.002438213704032201
S-15,16,US,1167,BlockApportionment:US.BlockGroups;PointsLayer:US.BlockPoints,2.191,2.576,1,131,638,104,167,44.36,1.64,147,16,US,1167,BlockApportionment:US.BlockGroups;PointsLayer:US.BlockPoints,2.191,2.576,1,37.2,4.35,11.44,33.87,1.77,4.26,0.8,20.39,118,121,0.6475,17.47,29.74,16.36,0,0,,,22,0,0,0,0,0,0,0,0,0,0,0,80,84,0,0,1,25,1862.65,11.55,0,0.0,914.83,0,0.0,980.04,3,0,0.0,942.63,1.96,1,0.0,0,1.97,1,100.0,1,0.0,0,1.55,9.66,80.17,1.9,8.28,5,85.65,19,15,0,,,0,0,34.22217116269792,-118.4836506169223,reconstructed,0.602242822709471,131,638,167,37.2,4.35,11.44,33.87,1.77,4.26,1.64,20.39,121,pct_below_poverty,lausd_school_site_count,0.00442506201117801
S-16,32,US,1133,BlockApportionment:US.BlockGroups;PointsLayer:US.BlockPoints,2.191,2.576,1,231,49,144,0,89.8,4.44,96,32,US,1133,BlockApportionment:US.BlockGroups;PointsLayer:US.BlockPoints,2.191,2.576,1,5.56,5.56,3.23,11.11,0.0,0.0,7.69,4.55,61,54,0.6475,17.47,29.74,16.36,0,0,,,12,0,1,0,0,0,0,0,0,0,0,1,157,159,0,0,0,8,864.85,11.95,0,0.0,933.72,0,0.0,1242.9,2,0,0.0,934.89,0.0,0,0.0,0,0.0,0,100.0,1,0.0,0,0.53,4.24,86.75,1.41,7.6,5,90.57,19,16,0,,,0,0,34.21438566428932,-118.48364297777977,reconstructed,0.5694238619804183,231,49,0,5.56,5.56,3.23,11.11,0.0,0.0,4.44,4.55,54,total_population,police_station_count,0.013862405611846053
S-17,47,US,1098,BlockApportionment:US.BlockGroups;PointsLayer:US.BlockPoints,2.191,2.576,1,173,2224,140,148,66.01,2.09,90,47,US,1098,BlockApportionment:US.BlockGroups;PointsLayer:US.BlockPoints,2.191,2.576,1,30.47,3.95,15.49,34.35,6.53,6.44,1.48,22.93,80,81,0.6475,17.47,29.74,16.36,0,0,,,37,0,0,0,0,0,0,0,0,0,0,0,476,397,0,0,0,37,1980.36,12.44,0,0.0,821.59,2,66.81,432.29,5,0,0.0,927.03,0.0,0,0.0,0,0.0,0,100.0,1,0.0,0,0.86,11.21,68.62,4.83,15.34,5,77.78,19,17,0,,,0,0,34.206600165880715,-118.48363533863724,reconstructed,0.6478188747677073,173,2224,148,30.47,3.95,15.49,34.35,6.53,6.44,2.09,22.93,81,2023 Pop 35-64: No Health Insurance (ACS 5-Yr): Percent,police_station_count,0.003139987920629053
S-18,12,US,1063,BlockApportionment:US.BlockGroups;PointsLayer:US.BlockPoints,2.191,2.576,1,113,3163,113,181,69.3,2.63,76,12,US,1063,BlockApportionment:US.BlockGroups;PointsLayer:US.BlockPoints,2.191,2.576,1,18.63,4.64,28.66,35.67,7.55,5.3,1.88,19.9,64,64,0.6475,17.47,29.74,16.36,0,0,,,16,0,0,0,0,0,0,1,0,0,0,2,525,569,0,0,0,11,864.84,12.12,0,0.0,840.12,0,0.0,531.63,1,0,0.0,839.11,0.0,0,0.0,0,0.0,0,100.0,1,0.0,0,0.53,12.72,66.61,6.01,14.66,5,76.47,19,18,0,,,0,0,34.19881466747211,-118.4836276994947,reconstructed,0.6563875576874199,113,3163,181,18.63,4.64,28.66,35.67,7.55,5.3,2.63,19.9,64,2023 Pop w/Income Below Poverty Level (ACS 5-Yr): Percent,police_station_count,-0.01061492492173264
S-19,29,US,1030,BlockApportionment:US.BlockGroups;PointsLayer:US.BlockPoints,2.191,2.576,1,115,4295,130,100,72.15,2.67,79,29,US,1030,BlockApportionment:US.BlockGroups;PointsLayer:US.BlockPoints,2.191,2.576,1,34.95,1.03,22.96,28.37,3.2,8.14,3.64,25.36,77,79,0.6475,17.47,29.74,16.36,0,0,,,22,0,0,0,0,0,0,0,0,0,0,2,454,465,0,0,0,16,1556.54,12.01,0,0.0,678.06,5,798.61,219.71,10,0,0.0,846.97,1.23,1,0.0,0,0.0,0,95.94,1,0.0,0,1.38,20.34,53.28,3.97,22.41,5,66.88,19,19,0,,,0,0,34.191029169063505,-118.48362006035217,reconstructed,0.6522772754975935,115,4295,100,34.95,1.03,22.96,28.37,3.2,8.14,2.67,25.36,79,2023 Pop w/Income Below Poverty Level (ACS 5-Yr): Percent,la_geohub_fire_hazard_area_pct,-0.03337009239446096
S-2,38,US,1439,BlockApportionment:US.BlockGroups;PointsLayer:US.BlockPoints,2.191,2.576,1,101,535,100,110,61.12,2.67,134,38,US,1439,BlockApportionment:US.BlockGroups;PointsLayer:US.BlockPoints,2.191,2.576,1,15.49,1.41,10.82,13.64,3.06,2.8,2.24,14.59,97,94,0.6475,17.47,29.74,16.36,0,0,,,8,0,0,0,0,0,1,0,0,0,0,0,82,74,0,0,0,31,3499.73,68.04,19,2593.84,68.04,3,178.16,76.14,1,2,1788.48,67.09,0.0,0,0.0,0,0.0,0,100.0,1,0.0,0,1.06,26.46,41.27,3.53,28.75,5,58.57,19,2,1,34.318930855,-118.484306045,1,1,34.32338264200979,-118.48374992577524,detection_avg,0.5692377721145455,101,535,110,15.49,1.41,10.82,13.64,3.06,2.8,2.67,14.59,94,total_population,police_station_count,0.005468653699086701
S-20,47,US,998,BlockApportionment:US.BlockGroups;PointsLayer:US.BlockPoints,2.191,2.576,0,0,0,0,0,0.0,0.0,0,47,US,998,BlockApportionment:US.BlockGroups;PointsLayer:US.BlockPoints,2.191,2.576,0,0.0,0.0,0.0,0.0,0.0,0.0,0.0,0.0,0,0,0.6475,17.47,29.74,16.36,0,0,,,0,0,0,0,0,0,0,0,0,0,0,0,0,0,0,0,0,5,1178.76,0.93,0,0.0,864.96,12,1767.58,49.54,7,0,0.0,983.47,0.0,0,2.13,1,0.0,0,26.21,1,0.0,0,0.53,54.16,16.81,1.95,27.08,3,41.61,19,20,0,,,0,0,34.183243670654896,-118.48361242120964,reconstructed,0.5286839903679833,0,0,0,0.0,0.0,0.0,0.0,0.0,0.0,0.0,0.0,0,pct_below_poverty,la_geohub_100yr_flood_intersects,-0.024056659286175536
S-21,14,US,965,BlockApportionment:US.BlockGroups;PointsLayer:US.BlockPoints,2.191,2.576,0,0,0,0,0,0.0,0.0,0,14,US,965,BlockApportionment:US.BlockGroups;PointsLayer:US.BlockPoints,2.191,2.576,0,0.0,0.0,0.0,0.0,0.0,0.0,0.0,0.0,0,0,0.6475,17.47,29.74,16.36,0,0,,,0,0,0,0,0,0,0,0,0,0,0,0,0,0,0,0,0,3,41.21,479.96,0,0.0,893.54,13,2280.08,12.98,3,0,0.0,894.3,0.0,0,8.65,1,0.0,0,0.47,1,0.0,0,5.66,61.42,7.96,4.07,26.55,3,33.87,19,21,0,,,0,0,34.175458172246294,-118.4836047820671,reconstructed,0.49451173498281714,0,0,0,0.0,0.0,0.0,0.0,0.0,0.0,0.0,0.0,0,pct_below_poverty,la_geohub_100yr_flood_intersects,-0.024056659286175536
S-22,27,US,928,BlockApportionment:US.BlockGroups;PointsLayer:US.BlockPoints,2.191,2.576,1,241,340,111,86,9.12,1.13,231,27,US,928,BlockApportionment:US.BlockGroups;PointsLayer:US.BlockPoints,2.191,2.576,1,18.07,9.64,9.06,20.59,0.0,10.63,0.52,6.67,158,157,0.6475,17.47,29.74,16.36,0,0,,,0,0,0,0,0,0,0,0,0,0,0,0,70,70,0,0,0,10,4011.91,9.16,2,1905.59,28.87,6,3490.55,9.16,1,2,1903.96,29.59,0.0,0,0.0,0,0.0,0,86.97,1,0.0,0,9.48,39.48,29.14,2.93,28.45,5,47.55,19,22,0,,,0,0,34.167672673837686,-118.48359714292457,reconstructed,0.5966752989216078,241,340,86,18.07,9.64,9.06,20.59,0.0,10.63,1.13,6.67,157,esri_market_idx_14068_forecast,la_geohub_fire_hazard_area_pct,-0.02934826592158614
S-3,29,US,1430,BlockApportionment:US.BlockGroups;PointsLayer:US.BlockPoints,2.191,2.576,1,95,588,103,429,73.47,3.69,126,29,US,1430,BlockApportionment:US.BlockGroups;PointsLayer:US.BlockPoints,2.191,2.576,1,28.18,2.73,11.38,34.29,3.44,6.96,2.39,29.89,89,92,0.6475,17.47,29.74,16.36,0,0,,,0,0,0,0,0,1,0,0,0,0,0,0,8,7,0,0,0,18,4114.62,18.49,15,3202.65,367.07,3,389.16,160.09,0,3,1187.8,380.75,0.0,0,0.0,0,0.0,0,100.0,1,0.0,0,0.69,17.18,45.7,2.58,34.54,5,61.78,19,3,0,,,1,0,34.31559714360118,-118.4837422866327,reconstructed,0.5758489492208382,95,588,429,28.18,2.73,11.38,34.29,3.44,6.96,3.69,29.89,92,total_population,police_station_count,0.0047691296605847314
S-4,19,US,1420,BlockApportionment:US.BlockGroups;PointsLayer:US.BlockPoints,2.191,2.576,1,0,0,0,0,0.0,0.0,0,19,US,1420,BlockApportionment:US.BlockGroups;PointsLayer:US.BlockPoints,2.191,2.576,1,0.0,0.0,0.0,0.0,0.0,0.0,0.0,0.0,0,0,0.6475,17.47,29.74,16.36,0,0,,,0,0,0,0,0,0,0,0,0,0,0,0,2,3,0,0,0,18,3846.07,95.62,18,3846.07,95.62,10,1764.98,199.48,0,4,1770.0,95.25,0.0,0,0.0,0,0.0,0,100.0,1,0.0,0,1.59,32.57,36.64,3.54,27.26,5,55.17,19,4,0,,,0,0,34.30781164519258,-118.48373464749018,reconstructed,0.5286681087952342,0,0,0,0.0,0.0,0.0,0.0,0.0,0.0,0.0,0.0,0,total_crime_est,police_station_count,0.01563103795160291
S-42,2,US,353,BlockApportionment:US.BlockGroups;PointsLayer:US.BlockPoints,2.191,2.576,1,191,3279,231,174,16.38,1.5,123,2,US,353,BlockApportionment:US.BlockGroups;PointsLayer:US.BlockPoints,2.191,2.576,1,15.33,5.38,11.03,29.86,0.15,6.12,1.52,8.84,137,140,0.6475,17.47,29.74,16.36,0,0,,,0,0,0,0,0,0,0,0,0,0,0,2,74,91,0,0,0,13,770.35,223.8,13,770.35,223.8,0,0.0,644.36,16,0,0.0,542.44,0.0,0,0.0,0,0.0,0,100.0,1,0.0,0,3.9,25.53,51.6,0.71,22.16,5,64.95,19,42,0,,,0,0,34.01196270566559,-118.48344436007388,reconstructed,0.6128062809423496,191,3279,174,15.33,5.38,11.03,29.86,0.15,6.12,1.5,8.84,140,total_crime_est,affordable_housing_count,-0.0034759842902823777
S-43,23,US,324,BlockApportionment:US.BlockGroups;PointsLayer:US.BlockPoints,2.191,2.576,1,239,3431,216,164,12.45,1.58,151,23,US,324,BlockApportionment:US.BlockGroups;PointsLayer:US.BlockPoints,2.191,2.576,1,16.94,1.87,14.12,20.54,1.27,3.17,1.13,6.4,138,134,0.6475,17.47,29.74,16.36,0,0,,,0,0,1,1,0,0,0,0,0,0,0,0,44,55,0,0,0,0,0.0,845.73,0,0.0,845.73,0,0.0,893.57,25,0,0.0,1178.29,0.0,0,0.0,0,6.81,1,100.0,1,0.0,0,2.09,23.3,47.48,1.91,27.3,5,62.61,19,43,0,,,0,0,34.00417720725698,-118.48343672093137,reconstructed,0.5851798856424653,239,3431,164,16.94,1.87,14.12,20.54,1.27,3.17,1.58,6.4,134,total_crime_est,affordable_housing_count,-0.003769425446279525
S-44,46,US,297,BlockApportionment:US.BlockGroups;PointsLayer:US.BlockPoints,2.191,2.576,1,210,915,120,60,9.95,0.4,145,46,US,297,BlockApportionment:US.BlockGroups;PointsLayer:US.BlockPoints,2.191,2.576,1,6.93,3.01,9.83,37.18,0.14,2.29,0.14,3.52,121,120,0.6475,17.47,29.74,16.36,0,0,,,0,0,0,0,0,0,0,0,0,0,0,2,141,129,0,0,0,0,0.0,1486.24,0,0.0,1486.24,0,0.0,1097.44,4,0,0.0,1508.82,0.0,0,0.0,0,14.8,1,44.58,1,0.0,0,1.36,10.0,45.0,0.0,45.0,4,61.09,19,44,0,,,0,0,33.99639170884838,-118.48342908178884,reconstructed,0.5719282461117344,210,915,60,6.93,3.01,9.83,37.18,0.14,2.29,0.4,3.52,120,2023 Pop w/Income Below Poverty Level (ACS 5-Yr): Percent,la_geohub_fire_hazard_area_pct,0.006398489187612906
S-9,42,US,1343,BlockApportionment:US.BlockGroups;PointsLayer:US.BlockPoints,2.191,2.576,1,56,1690,67,131,46.63,5.93,136,42,US,1343,BlockApportionment:US.BlockGroups;PointsLayer:US.BlockPoints,2.191,2.576,1,25.57,7.01,4.84,30.6,1.55,3.25,6.34,27.24,105,106,0.6475,17.47,29.74,16.36,0,0,,,10,0,0,0,0,0,0,0,0,0,0,0,124,115,0,0,0,37,4257.43,5.23,29,3392.48,5.23,2,637.31,80.83,0,2,1784.93,3.19,0.0,0,0.0,0,0.0,0,100.0,1,0.0,0,4.42,24.56,56.54,3.71,15.19,5,68.25,19,9,0,,,0,0,34.26888415314955,-118.4836964517775,reconstructed,0.547136832860632,56,1690,131,25.57,7.01,4.84,30.6,1.55,3.25,5.93,27.24,106,2023 Pop w/Income Below Poverty Level (ACS 5-Yr): Percent,police_station_count,0.004864669314079268
T-10,15,US,1316,BlockApportionment:US.BlockGroups;PointsLayer:US.BlockPoints,2.191,2.576,1,60,1432,72,69,55.73,7.37,177,15,US,1316,BlockApportionment:US.BlockGroups;PointsLayer:US.BlockPoints,2.191,2.576,1,37.02,0.45,3.11,33.05,2.47,1.04,9.95,20.6,142,143,0.6475,17.47,29.74,16.36,0,0,,,0,0,0,0,0,0,0,0,0,0,0,0,109,102,0,0,4,64,9153.73,242.86,64,9153.73,242.86,0,0.0,537.78,0,4,2614.58,291.42,0.0,0,0.0,0,0.0,0,100.0,1,0.0,0,2.83,24.96,48.32,4.25,22.48,5,62.97,20,10,0,,,0,0,34.26109184065883,-118.4755810688377,reconstructed,0.5433964546519724,60,1432,69,37.02,0.45,3.11,33.05,2.47,1.04,7.37,20.6,143,pct_below_poverty,lausd_school_site_count,0.00938327931923745
T-11,36,US,1287,BlockApportionment:US.BlockGroups;PointsLayer:US.BlockPoints,2.191,2.576,1,61,2141,86,105,56.42,7.09,131,36,US,1287,BlockApportionment:US.BlockGroups;PointsLayer:US.BlockPoints,2.191,2.576,1,30.17,5.25,4.41,48.0,2.27,1.48,9.32,23.6,101,101,0.6475,17.47,29.74,16.36,0,0,,,6,0,0,0,0,0,0,0,0,0,0,0,176,183,0,0,1,52,5545.23,227.76,36,4580.14,260.73,0,0.0,580.25,0,2,1416.24,284.08,0.0,0,0.0,0,0.0,0,100.0,1,0.0,0,3.9,24.82,47.87,5.32,21.99,5,62.34,20,11,0,,,0,0,34.25330634225022,-118.47557342969516,reconstructed,0.5477562223301964,61,2141,105,30.17,5.25,4.41,48.0,2.27,1.48,7.09,23.6,101,pct_below_poverty,lausd_school_site_count,0.00846359916775076
T-12,8,US,1259,BlockApportionment:US.BlockGroups;PointsLayer:US.BlockPoints,2.191,2.576,1,36,987,66,105,49.44,4.43,132,8,US,1259,BlockApportionment:US.BlockGroups;PointsLayer:US.BlockPoints,2.191,2.576,1,32.79,4.86,9.09,41.11,2.55,7.54,4.29,20.4,113,117,0.6475,17.47,29.74,16.36,0,0,,,0,0,0,0,0,0,0,0,0,0,0,0,76,86,0,0,0,14,3192.55,249.34,14,3192.55,249.34,1,26.93,463.87,0,2,1597.04,249.48,0.0,0,0.0,0,0.0,0,100.0,1,0.0,0,4.47,35.57,46.91,3.95,13.57,5,61.5,20,12,0,,,0,0,34.24552084384162,-118.47556579055264,reconstructed,0.5552410219212478,36,987,105,32.79,4.86,9.09,41.11,2.55,7.54,4.43,20.4,117,total_crime_est,police_station_count,0.005961355403469562
T-13,32,US,1233,BlockApportionment:US.BlockGroups;PointsLayer:US.BlockPoints,2.191,2.576,1,42,1189,63,221,45.25,8.23,129,32,US,1233,BlockApportionment:US.BlockGroups;PointsLayer:US.BlockPoints,2.191,2.576,1,32.03,7.33,16.53,43.65,6.05,3.08,8.01,13.93,105,109,0.6475,17.47,29.74,16.36,0,0,,,6,0,0,0,0,3,1,0,0,0,0,0,113,87,0,0,5,24,3788.15,213.5,24,3788.15,213.5,6,482.56,188.04,2,2,1729.8,213.34,0.0,0,0.0,0,0.0,0,100.0,1,0.0,0,4.59,22.93,51.68,6.53,18.87,5,64.8,20,13,0,,,4,0,34.23773534543301,-118.4755581514101,reconstructed,0.5759019195851072,42,1189,221,32.03,7.33,16.53,43.65,6.05,3.08,8.23,13.93,109,pct_below_poverty,lausd_school_site_count,-0.014976070382121924
T-14,49,US,1200,BlockApportionment:US.BlockGroups;PointsLayer:US.BlockPoints,2.191,2.576,1,69,3844,63,102,76.46,1.86,71,49,US,1200,BlockApportionment:US.BlockGroups;PointsLayer:US.BlockPoints,2.191,2.576,1,30.56,6.67,24.93,37.87,5.27,6.89,1.15,25.21,82,82,0.6475,17.47,29.74,16.36,0,0,,,9,0,0,0,0,0,1,0,0,0,0,1,248,250,0,0,0,48,4626.13,206.86,33,3833.34,206.86,6,261.63,171.04,2,2,1729.79,205.6,0.0,0,0.0,0,0.0,0,100.0,1,0.0,0,3.78,23.37,54.47,6.36,15.81,5,67.0,20,14,1,34.22824983,-118.47301503,1,1,34.22994984702441,-118.47555051226756,detection_avg,0.6152091596007914,69,3844,102,30.56,6.67,24.93,37.87,5.27,6.89,1.86,25.21,82,2023 Pop w/Income Below Poverty Level (ACS 5-Yr): Percent,police_station_count,-0.007734315846469426
T-15,17,US,1168,BlockApportionment:US.BlockGroups;PointsLayer:US.BlockPoints,2.191,2.576,1,112,2347,94,140,62.8,0.92,93,17,US,1168,BlockApportionment:US.BlockGroups;PointsLayer:US.BlockPoints,2.191,2.576,1,32.38,3.93,25.01,40.65,2.73,6.41,0.66,24.36,89,93,0.6475,17.47,29.74,16.36,0,0,,,9,0,0,0,0,0,0,0,0,0,0,1,160,159,0,0,0,43,5070.26,185.99,27,4422.29,185.99,0,0.0,561.47,2,2,1729.78,197.85,3.55,1,0.0,0,0.0,0,100.0,1,0.0,0,2.12,21.59,52.92,4.42,21.06,5,66.41,20,15,1,34.22127765,-118.47370352,0,1,34.2221643486158,-118.47554287312504,detection_avg,0.6300614060108048,112,2347,140,32.38,3.93,25.01,40.65,2.73,6.41,0.92,24.36,93,2023 Pop w/Income Below Poverty Level (ACS 5-Yr): Percent,police_station_count,-0.0078185115825208
T-16,33,US,1134,BlockApportionment:US.BlockGroups;PointsLayer:US.BlockPoints,2.191,2.576,1,119,207,77,79,74.88,1.82,65,33,US,1134,BlockApportionment:US.BlockGroups;PointsLayer:US.BlockPoints,2.191,2.576,1,20.0,8.57,35.09,31.43,6.6,15.79,4.38,27.36,51,52,0.6475,17.47,29.74,16.36,0,0,,,0,0,0,0,0,0,0,0,0,0,0,0,180,176,0,0,0,20,3857.59,190.85,20,3857.59,190.85,0,0.0,1376.25,0,2,1729.76,190.11,1.92,1,0.0,0,0.0,0,100.0,1,0.0,0,0.17,5.5,81.96,2.23,10.31,5,87.32,20,16,1,34.217506265,-118.47479033,0,1,34.2143788502072,-118.4755352339825,detection_avg,0.6491234081983764,119,207,79,20.0,8.57,35.09,31.43,6.6,15.79,1.82,27.36,52,total_population,police_station_count,0.010736342111801574
T-17,48,US,1099,BlockApportionment:US.BlockGroups;PointsLayer:US.BlockPoints,2.191,2.576,1,169,3095,124,100,75.28,2.77,86,48,US,1099,BlockApportionment:US.BlockGroups;PointsLayer:US.BlockPoints,2.191,2.576,1,18.73,2.59,19.41,31.16,8.97,9.37,2.67,21.55,69,69,0.6475,17.47,29.74,16.36,0,0,,,18,0,0,0,0,1,0,0,0,0,0,0,328,339,0,0,2,15,3339.17,181.28,15,3339.17,181.28,0,0.0,1265.79,0,2,1729.75,182.36,0.0,0,0.0,0,0.0,0,100.0,1,0.0,0,1.42,14.16,63.54,4.42,17.88,5,74.05,20,17,0,,,1,0,34.20659335179859,-118.47552759483996,reconstructed,0.6512741205229355,169,3095,100,18.73,2.59,19.41,31.16,8.97,9.37,2.77,21.55,69,pct_below_poverty,lausd_school_site_count,-0.004877083505779816
T-18,13,US,1064,BlockApportionment:US.BlockGroups;PointsLayer:US.BlockPoints,2.191,2.576,1,115,2972,105,102,58.21,1.67,70,13,US,1064,BlockApportionment:US.BlockGroups;PointsLayer:US.BlockPoints,2.191,2.576,1,26.97,3.24,19.24,27.48,2.82,5.91,0.94,23.19,67,67,0.6475,17.47,29.74,16.36,0,0,,,15,0,0,0,0,0,1,0,0,0,0,0,300,327,0,0,0,78,6914.46,44.16,42,4824.35,127.61,0,0.0,676.73,3,2,1742.36,158.08,4.57,1,0.0,0,4.57,1,100.0,1,0.0,0,1.59,19.65,57.35,4.42,18.58,5,69.67,20,18,0,,,1,0,34.19880785338999,-118.47551995569744,reconstructed,0.6532117723704722,115,2972,102,26.97,3.24,19.24,27.48,2.82,5.91,1.67,23.19,67,2023 Pop w/Income Below Poverty Level (ACS 5-Yr): Percent,fire_station_count,0.003248218346348208
T-19,30,US,1031,BlockApportionment:US.BlockGroups;PointsLayer:US.BlockPoints,2.191,2.576,1,78,4102,108,143,65.75,0.63,88,30,US,1031,BlockApportionment:US.BlockGroups;PointsLayer:US.BlockPoints,2.191,2.576,1,22.68,4.97,23.27,37.45,6.95,11.49,0.66,21.09,85,90,0.6475,17.47,29.74,16.36,0,0,,,15,0,0,0,0,1,0,0,0,0,0,0,347,365,0,0,3,23,3563.07,93.35,20,3518.31,93.35,1,632.27,56.69,0,2,1729.93,92.87,0.0,0,0.0,0,0.0,0,100.0,1,0.0,0,7.56,22.85,58.76,6.19,12.2,5,68.86,20,19,1,34.190773872,-118.475134978,1,1,34.19102235498138,-118.4755123165549,detection_avg,0.6412329411086226,78,4102,143,22.68,4.97,23.27,37.45,6.95,11.49,0.63,21.09,90,2023 Pop w/Income Below Poverty Level (ACS 5-Yr): Percent,police_station_count,-0.005928904721722017
T-2,39,US,1440,BlockApportionment:US.BlockGroups;PointsLayer:US.BlockPoints,2.191,2.576,1,101,827,100,117,61.55,2.77,134,39,US,1440,BlockApportionment:US.BlockGroups;PointsLayer:US.BlockPoints,2.191,2.576,1,16.02,1.56,10.82,17.07,3.15,3.09,2.14,15.14,97,94,0.6475,17.47,29.74,16.36,0,0,,,0,0,0,0,0,0,0,0,0,0,0,0,10,11,0,0,0,17,3013.44,233.33,14,2589.14,233.33,26,3126.15,36.17,1,2,1416.72,240.93,0.0,0,0.0,0,0.0,0,100.0,1,0.0,0,1.89,47.85,17.9,2.24,32.01,3,41.96,20,2,0,,,0,0,34.32337582792766,-118.47564218197796,reconstructed,0.5717958122979188,101,827,117,16.02,1.56,10.82,17.07,3.15,3.09,2.77,15.14,94,total_population,police_station_count,0.0021051136164020345
T-20,48,US,999,BlockApportionment:US.BlockGroups;PointsLayer:US.BlockPoints,2.191,2.576,1,112,861,128,93,53.43,0.93,133,48,US,999,BlockApportionment:US.BlockGroups;PointsLayer:US.BlockPoints,2.191,2.576,1,31.9,1.53,28.81,24.73,5.02,4.39,1.78,14.34,110,110,0.6475,17.47,29.74,16.36,0,0,,,22,0,0,0,0,0,1,0,0,0,0,1,87,76,0,0,0,64,5105.9,126.78,43,4034.95,126.78,5,1854.47,38.76,0,2,1585.57,133.33,0.0,0,1.78,1,0.0,0,94.72,1,0.0,0,4.42,36.46,40.0,3.89,19.65,5,56.67,20,20,0,,,1,0,34.183236856572776,-118.47550467741236,reconstructed,0.6040841796378754,112,861,93,31.9,1.53,28.81,24.73,5.02,4.39,0.93,14.34,110,pct_below_poverty,la_geohub_100yr_flood_intersects,-0.03547872990212885
T-21,15,US,966,BlockApportionment:US.BlockGroups;PointsLayer:US.BlockPoints,2.191,2.576,1,319,4,151,0,25.0,0.0,0,15,US,966,BlockApportionment:US.BlockGroups;PointsLayer:US.BlockPoints,2.191,2.576,1,0.0,0.0,0.0,0.0,0.0,0.0,0.0,50.0,0,0,0.6475,17.47,29.74,16.36,0,0,,,0,0,0,0,0,0,0,0,0,0,0,0,0,0,0,0,0,6,1496.87,224.31,0,0.0,550.48,3,886.6,123.34,4,0,0.0,548.9,0.0,0,3.03,1,0.0,0,12.5,1,0.0,0,3.61,63.23,13.4,4.3,19.07,3,38.3,20,21,0,,,0,0,34.17545135816417,-118.47549703826984,reconstructed,0.5144737767300009,319,4,0,0.0,0.0,0.0,0.0,0.0,0.0,0.0,50.0,0,pct_below_poverty,la_geohub_100yr_flood_intersects,-0.024056659286175536
T-22,28,US,929,BlockApportionment:US.BlockGroups;PointsLayer:US.BlockPoints,2.191,2.576,1,0,0,0,0,0.0,0.0,0,28,US,929,BlockApportionment:US.BlockGroups;PointsLayer:US.BlockPoints,2.191,2.576,1,0.0,0.0,0.0,0.0,0.0,0.0,0.0,0.0,0,0,0.6475,17.47,29.74,16.36,0,0,,,0,0,0,0,0,0,0,0,0,0,0,0,0,0,0,0,0,33,2865.89,215.72,0,0.0,453.11,16,4502.56,54.75,1,0,0.0,462.74,0.0,0,7.51,1,0.0,0,57.54,1,0.0,0,4.77,46.47,11.84,4.95,36.75,4,36.86,20,22,0,,,0,0,34.167665859755566,-118.4754893991273,reconstructed,0.5093093177924715,0,0,0,0.0,0.0,0.0,0.0,0.0,0.0,0.0,0.0,0,pct_below_poverty,la_geohub_100yr_flood_intersects,-0.024056659286175536
T-23,35,US,886,BlockApportionment:US.BlockGroups;PointsLayer:US.BlockPoints,2.191,2.576,1,214,1393,120,86,11.56,2.49,157,35,US,886,BlockApportionment:US.BlockGroups;PointsLayer:US.BlockPoints,2.191,2.576,1,27.06,3.25,6.43,57.33,0.1,6.64,1.51,15.85,176,174,0.6475,17.47,29.74,16.36,0,0,,,0,0,0,0,0,1,0,0,0,0,0,0,147,143,0,0,1,38,4453.45,243.69,38,4453.45,243.69,1,254.63,428.8,0,5,1874.86,328.24,3.04,1,0.07,1,0.0,0,100.0,1,0.0,0,2.75,29.38,37.63,2.58,30.41,5,55.52,20,23,0,,,1,0,34.15988036134696,-118.47548175998476,reconstructed,0.595568861679248,214,1393,86,27.06,3.25,6.43,57.33,0.1,6.64,2.49,15.85,174,pct_below_poverty,la_geohub_100yr_flood_intersects,0.010193930094915008
T-3,30,US,1431,BlockApportionment:US.BlockGroups;PointsLayer:US.BlockPoints,2.191,2.576,1,98,920,90,207,75.54,2.16,112,30,US,1431,BlockApportionment:US.BlockGroups;PointsLayer:US.BlockPoints,2.191,2.576,1,24.5,2.81,17.48,57.89,5.35,8.41,1.37,26.92,100,101,0.6475,17.47,29.74,16.36,0,0,,,0,0,0,0,0,0,0,0,0,0,0,1,75,83,0,0,0,3,228.56,419.85,0,0.0,586.96,1,197.71,429.08,0,0,0.0,604.15,0.0,0,0.0,0,0.0,0,100.0,1,0.0,0,3.89,34.45,37.46,3.36,24.73,5,55.05,20,3,0,,,0,0,34.31559032951906,-118.47563454283544,reconstructed,0.5770715547382065,98,920,207,24.5,2.81,17.48,57.89,5.35,8.41,2.16,26.92,101,2023 Pop 35-64: No Health Insurance (ACS 5-Yr): Percent,affordable_housing_count,-0.004655876814313901
T-38,42,US,493,BlockApportionment:US.BlockGroups;PointsLayer:US.BlockPoints,2.191,2.576,1,145,1626,118,83,8.12,2.56,144,42,US,493,BlockApportionment:US.BlockGroups;PointsLayer:US.BlockPoints,2.191,2.576,1,19.27,2.75,4.84,27.84,0.0,0.52,2.79,12.88,173,173,0.6475,17.47,29.74,16.36,0,0,,,0,0,0,0,0,0,0,0,0,0,0,0,125,110,0,0,0,0,0.0,559.33,0,0.0,2278.21,3,932.01,45.8,0,0,0.0,973.58,0.0,0,0.0,0,0.0,0,100.0,1,0.0,0,4.08,45.92,25.35,1.24,27.48,3,46.52,20,38,0,,,0,0,34.04309788521788,-118.47536717284676,reconstructed,0.54979466804427,145,1626,83,19.27,2.75,4.84,27.84,0.0,0.52,2.56,12.88,173,2023 Pop w/Income Below Poverty Level (ACS 5-Yr): Percent,police_station_count,0.004864669314079268
T-4,20,US,1421,BlockApportionment:US.BlockGroups;PointsLayer:US.BlockPoints,2.191,2.576,1,195,922,147,29,79.39,1.9,113,20,US,1421,BlockApportionment:US.BlockGroups;PointsLayer:US.BlockPoints,2.191,2.576,1,30.3,1.3,13.71,60.76,9.48,4.61,4.03,17.35,113,118,0.6475,17.47,29.74,16.36,0,0,,,3,0,0,0,0,0,0,0,0,0,0,0,142,128,0,0,0,23,1711.41,146.64,0,0.0,695.47,4,673.7,59.43,1,0,0.0,738.58,0.0,0,0.0,0,0.0,0,100.0,1,0.0,0,2.3,16.08,64.13,3.0,16.78,5,74.2,20,4,0,,,0,0,34.30780483111045,-118.4756269036929,reconstructed,0.5811545456907973,195,922,29,30.3,1.3,13.71,60.76,9.48,4.61,1.9,17.35,118,total_crime_est,affordable_housing_count,-0.0037442379964064553
T-42,3,US,354,BlockApportionment:US.BlockGroups;PointsLayer:US.BlockPoints,2.191,2.576,1,123,2261,180,129,15.48,7.21,168,3,US,354,BlockApportionment:US.BlockGroups;PointsLayer:US.BlockPoints,2.191,2.576,1,8.53,1.77,10.14,24.55,0.0,1.66,5.24,8.76,162,161,0.6475,17.47,29.74,16.36,0,0,,,0,0,0,0,0,0,0,0,1,0,0,0,56,55,0,1,0,0,0.0,607.56,0,0.0,607.56,0,0.0,1096.05,2,0,0.0,723.58,0.0,0,0.0,0,0.0,0,100.0,1,0.0,0,9.33,36.27,45.77,1.04,16.93,5,59.24,20,42,0,,,0,0,34.01195589158347,-118.47533661627662,reconstructed,0.5646019988957602,123,2261,129,8.53,1.77,10.14,24.55,0.0,1.66,7.21,8.76,161,2023 Pop w/Income Below Poverty Level (ACS 5-Yr): Percent,adult_recreation_count,0.006468505519149013
T-43,24,US,325,BlockApportionment:US.BlockGroups;PointsLayer:US.BlockPoints,2.191,2.576,1,140,4343,188,112,17.15,4.46,138,24,US,325,BlockApportionment:US.BlockGroups;PointsLayer:US.BlockPoints,2.191,2.576,1,15.12,4.78,6.5,16.67,1.24,2.73,4.47,6.43,141,141,0.6475,17.47,29.74,16.36,0,0,,,0,0,0,0,0,0,0,0,0,0,0,0,108,102,0,0,0,15,885.78,18.66,15,885.78,18.66,0,0.0,954.44,6,0,0.0,549.92,0.0,0,0.0,0,0.0,0,100.0,1,0.0,0,7.8,29.96,54.43,1.77,13.83,5,65.76,20,43,0,,,0,0,34.00417039317486,-118.4753289771341,reconstructed,0.6173718779546311,140,4343,112,15.12,4.78,6.5,16.67,1.24,2.73,4.46,6.43,141,2023 Pop w/Income Below Poverty Level (ACS 5-Yr): Percent,police_station_count,0.0039499099587842895
T-44,47,US,298,BlockApportionment:US.BlockGroups;PointsLayer:US.BlockPoints,2.191,2.576,1,171,3904,136,167,22.69,0.78,135,47,US,298,BlockApportionment:US.BlockGroups;PointsLayer:US.BlockPoints,2.191,2.576,1,10.65,2.52,11.33,28.8,0.43,3.24,0.92,5.42,139,138,0.6475,17.47,29.74,16.36,0,0,,,9,0,0,0,0,0,0,0,0,0,0,0,512,526,0,2,1,0,0.0,670.97,0,0.0,670.97,0,0.0,1092.58,11,0,0.0,666.77,0.0,0,0.0,0,4.65,1,100.0,1,0.0,0,3.11,19.52,65.98,1.38,13.13,5,75.25,20,44,1,33.99595462,-118.47552795875,0,1,33.99638489476626,-118.47532133799156,detection_avg,0.6098055707343059,171,3904,167,10.65,2.52,11.33,28.8,0.43,3.24,0.78,5.42,138,pct_below_poverty,lausd_school_site_count,0.004565401367606951
T-45,17,US,268,BlockApportionment:US.BlockGroups;PointsLayer:US.BlockPoints,2.191,2.576,1,221,2648,141,67,14.39,1.32,114,17,US,268,BlockApportionment:US.BlockGroups;PointsLayer:US.BlockPoints,2.191,2.576,1,14.48,3.79,17.14,25.16,0.69,3.41,2.75,11.41,157,155,0.6475,17.47,29.74,16.36,0,0,,,6,0,0,0,0,0,0,0,0,0,0,0,638,689,0,0,2,0,0.0,1404.02,0,0.0,1404.02,2,605.64,308.05,27,0,0.0,1397.55,0.0,0,0.0,0,63.09,1,91.63,1,0.0,0,0.0,12.17,56.19,0.61,31.03,5,69.33,20,45,1,33.98998484181818,-118.4760306781818,0,1,33.98859939635765,-118.47531369884902,detection_avg,0.5945719989479975,221,2648,67,14.48,3.79,17.14,25.16,0.69,3.41,1.32,11.41,155,esri_market_idx_14068_forecast,la_geohub_fire_hazard_area_pct,-0.04575692390281617
T-46,42,US,243,BlockApportionment:US.BlockGroups;PointsLayer:US.BlockPoints,2.191,2.576,1,233,80,122,129,13.75,1.39,102,42,US,243,BlockApportionment:US.BlockGroups;PointsLayer:US.BlockPoints,2.191,2.576,1,13.21,1.89,17.46,15.69,0.0,0.0,3.17,14.52,109,116,0.6475,17.47,29.74,16.36,0,0,,,0,0,0,0,0,0,0,1,0,0,0,0,70,54,0,0,0,0,0.0,2152.81,0,0.0,2152.81,2,175.29,343.61,12,0,0.0,2145.7,0.0,0,0.0,0,5.98,1,17.12,1,0.0,0,0.0,7.83,29.57,0.0,62.61,4,50.7,20,46,0,,,0,0,33.98081389794905,-118.47530605970648,reconstructed,0.5756683553077694,233,80,129,13.21,1.89,17.46,15.69,0.0,0.0,1.39,14.52,116,recreation_center_count,osm_amenity_count,-0.02723009476995606
T-5,10,US,1411,BlockApportionment:US.BlockGroups;PointsLayer:US.BlockPoints,2.191,2.576,1,226,1139,179,33,81.04,4.63,97,10,US,1411,BlockApportionment:US.BlockGroups;PointsLayer:US.BlockPoints,2.191,2.576,1,35.53,1.72,9.01,39.88,8.61,3.28,6.51,15.21,98,107,0.6475,17.47,29.74,16.36,0,0,,,0,0,0,0,1,0,0,0,0,0,0,0,54,67,0,0,0,37,4566.44,183.85,29,4125.13,183.85,3,823.17,163.96,3,2,1539.27,203.99,0.0,0,0.0,0,0.0,0,100.0,1,0.0,0,2.75,32.47,44.16,2.92,20.45,5,60.09,20,5,0,,,0,0,34.30001933270185,-118.47561926455036,reconstructed,0.5802612207281748,226,1139,33,35.53,1.72,9.01,39.88,8.61,3.28,4.63,15.21,107,2023 Pop w/Income Below Poverty Level (ACS 5-Yr): Percent,college_count,0.015905495879663667
T-9,43,US,1344,BlockApportionment:US.BlockGroups;PointsLayer:US.BlockPoints,2.191,2.576,1,81,1859,78,60,54.06,3.86,133,43,US,1344,BlockApportionment:US.BlockGroups;PointsLayer:US.BlockPoints,2.191,2.576,1,25.46,4.32,3.87,42.68,0.72,0.51,2.48,16.73,106,107,0.6475,17.47,29.74,16.36,0,0,,,4,0,0,0,0,2,0,0,0,0,0,0,96,108,0,0,2,29,2965.02,210.26,29,2965.02,210.26,2,183.17,202.31,0,2,1211.12,298.78,0.0,0,0.0,0,0.0,0,100.0,1,0.0,0,1.2,21.99,50.0,4.47,23.54,5,64.64,20,9,1,34.26800217,-118.47291145,2,1,34.26887733906743,-118.47558870798024,detection_avg,0.5565485492966854,81,1859,60,25.46,4.32,3.87,42.68,0.72,0.51,3.86,16.73,107,pct_below_poverty,lausd_school_site_count,0.008035238853388329
U-1,45,US,1446,BlockApportionment:US.BlockGroups;PointsLayer:US.BlockPoints,2.191,2.576,1,91,695,105,79,71.8,3.5,126,45,US,1446,BlockApportionment:US.BlockGroups;PointsLayer:US.BlockPoints,2.191,2.576,1,41.25,2.33,3.74,18.18,6.03,9.5,3.75,22.54,108,114,0.6475,17.47,29.74,16.36,0,0,,,0,0,0,0,0,0,0,0,0,0,0,0,35,50,0,0,0,0,0.0,628.99,0,0.0,628.99,45,4835.49,109.64,0,0,0.0,627.68,0.0,0,0.0,0,0.0,0,100.0,1,0.0,0,4.98,43.47,24.05,1.72,30.76,4,45.34,21,1,0,,,0,0,34.331154512254145,-118.46754207732324,reconstructed,0.5511173526900276,91,695,79,41.25,2.33,3.74,18.18,6.03,9.5,3.5,22.54,114,2023 Pop w/Income Below Poverty Level (ACS 5-Yr): Percent,police_station_count,0.005108643478241722
U-10,16,US,1317,BlockApportionment:US.BlockGroups;PointsLayer:US.BlockPoints,2.191,2.576,1,94,1268,93,79,69.32,3.61,129,16,US,1317,BlockApportionment:US.BlockGroups;PointsLayer:US.BlockPoints,2.191,2.576,1,26.05,6.16,9.17,34.55,5.75,4.14,3.2,23.54,91,92,0.6475,17.47,29.74,16.36,0,0,,,18,0,0,0,0,0,1,0,0,0,0,1,331,366,0,0,0,51,4746.26,7.95,13,1578.82,393.6,1,1068.26,196.88,20,2,339.34,439.4,0.0,0,0.0,0,0.0,0,100.0,1,0.0,0,2.4,17.67,61.92,3.26,17.15,5,72.62,21,10,0,,,1,0,34.2610850265767,-118.46747332504044,reconstructed,0.594569081026791,94,1268,79,26.05,6.16,9.17,34.55,5.75,4.14,3.61,23.54,92,2023 Pop w/Income Below Poverty Level (ACS 5-Yr): Percent,police_station_count,0.00203163923075686
U-11,37,US,1288,BlockApportionment:US.BlockGroups;PointsLayer:US.BlockPoints,2.191,2.576,1,53,2932,70,143,64.77,2.29,102,37,US,1288,BlockApportionment:US.BlockGroups;PointsLayer:US.BlockPoints,2.191,2.576,1,27.96,5.61,11.65,33.61,2.95,3.83,1.88,26.13,89,92,0.6475,17.47,29.74,16.36,0,0,,,12,0,0,0,0,0,0,0,0,0,0,1,243,243,0,0,0,27,2365.91,1.06,5,580.88,445.94,3,911.87,8.8,4,2,288.56,446.71,0.0,0,0.0,0,0.0,0,100.0,1,0.0,0,1.42,19.65,51.68,3.89,24.78,5,65.75,21,11,0,,,0,0,34.2532995281681,-118.46746568589788,reconstructed,0.5694711136815487,53,2932,143,27.96,5.61,11.65,33.61,2.95,3.83,2.29,26.13,92,total_crime_est,police_station_count,0.0030147383126918384
U-12,9,US,1260,BlockApportionment:US.BlockGroups;PointsLayer:US.BlockPoints,2.191,2.576,1,29,2138,39,110,59.07,4.67,95,9,US,1260,BlockApportionment:US.BlockGroups;PointsLayer:US.BlockPoints,2.191,2.576,1,29.86,3.66,14.87,52.01,3.07,8.65,4.83,26.45,80,81,0.6475,17.47,29.74,16.36,0,0,,,30,0,0,0,0,0,0,0,0,0,0,0,129,129,0,0,4,22,1799.95,6.51,0,0.0,509.73,3,1000.92,17.57,4,0,0.0,510.53,0.0,0,0.0,0,0.0,0,100.0,1,0.0,0,4.3,31.62,41.07,3.09,24.23,5,57.46,21,12,0,,,0,0,34.24551402975949,-118.46745804675535,reconstructed,0.5767289371561009,29,2138,110,29.86,3.66,14.87,52.01,3.07,8.65,4.67,26.45,81,total_crime_est,police_station_count,0.007525894505947965
U-13,33,US,1234,BlockApportionment:US.BlockGroups;PointsLayer:US.BlockPoints,2.191,2.576,1,110,7192,108,95,78.93,1.27,67,33,US,1234,BlockApportionment:US.BlockGroups;PointsLayer:US.BlockPoints,2.191,2.576,1,27.79,7.59,21.67,44.8,9.66,6.9,1.15,17.56,68,70,0.6475,17.47,29.74,16.36,0,0,,,33,0,0,0,0,1,1,0,1,0,0,1,509,480,0,0,4,46,2977.02,14.06,2,50.36,483.49,4,979.66,21.73,12,0,0.0,517.8,0.0,0,0.0,0,0.0,0,100.0,1,0.0,0,1.24,13.63,67.61,3.01,15.75,5,76.96,21,13,0,,,2,0,34.23772853135089,-118.46745040761284,reconstructed,0.6871344646096839,110,7192,95,27.79,7.59,21.67,44.8,9.66,6.9,1.27,17.56,70,pct_below_poverty,lausd_school_site_count,0.010160711562312746
U-14,0,US,1201,BlockApportionment:US.BlockGroups;PointsLayer:US.BlockPoints,2.191,2.576,1,77,8065,70,226,88.3,1.55,56,0,US,1201,BlockApportionment:US.BlockGroups;PointsLayer:US.BlockPoints,2.191,2.576,1,31.69,7.83,38.87,38.51,5.9,8.82,1.2,27.58,55,56,0.6475,17.47,29.74,16.36,0,0,,,12,1,0,0,0,1,2,0,0,0,0,0,536,523,0,0,1,15,1730.13,26.98,0,0.0,527.13,2,732.48,180.24,19,0,0.0,525.47,0.0,0,0.0,0,0.0,0,100.0,1,0.0,0,1.42,11.68,71.86,2.65,13.81,5,79.88,21,14,1,34.2283805,-118.47095617,3,1,34.22994303294228,-118.46744276847028,detection_avg,0.6474028924245302,77,8065,226,31.69,7.83,38.87,38.51,5.9,8.82,1.55,27.58,56,pct_below_poverty,lausd_school_site_count,-0.017789701610687055
U-15,18,US,1169,BlockApportionment:US.BlockGroups;PointsLayer:US.BlockPoints,2.191,2.576,1,84,7439,68,150,75.63,0.8,67,18,US,1169,BlockApportionment:US.BlockGroups;PointsLayer:US.BlockPoints,2.191,2.576,1,30.53,6.91,22.62,31.26,6.83,11.91,1.2,26.68,66,67,0.6475,17.47,29.74,16.36,0,0,,,21,0,0,0,0,0,0,0,0,0,0,0,522,498,0,0,0,39,2662.49,13.0,0,0.0,505.58,0,0.0,719.94,13,0,0.0,533.28,0.0,0,0.0,0,0.0,0,100.0,1,0.0,0,1.72,11.36,76.42,2.93,9.29,5,82.98,21,15,0,,,0,0,34.22215753453368,-118.46743512932775,reconstructed,0.6715530120928067,84,7439,150,30.53,6.91,22.62,31.26,6.83,11.91,0.8,26.68,67,total_population,police_station_count,-0.006701612701152735
U-16,34,US,1135,BlockApportionment:US.BlockGroups;PointsLayer:US.BlockPoints,2.191,2.576,1,110,916,87,198,57.97,2.01,86,34,US,1135,BlockApportionment:US.BlockGroups;PointsLayer:US.BlockPoints,2.191,2.576,1,23.1,4.69,4.25,26.09,6.99,3.46,1.51,25.26,90,95,0.6475,17.47,29.74,16.36,0,0,,,15,0,0,0,0,0,0,0,0,0,0,1,481,521,0,0,0,14,1101.55,100.55,0,0.0,541.16,0,0.0,838.1,3,0,0.0,541.09,0.0,0,0.0,0,0.0,0,100.0,1,0.0,0,2.83,9.36,79.68,2.47,8.48,5,84.93,21,16,0,,,0,0,34.21437203612507,-118.46742749018524,reconstructed,0.5923857044592173,110,916,198,23.1,4.69,4.25,26.09,6.99,3.46,2.01,25.26,95,2023 Pop w/Income Below Poverty Level (ACS 5-Yr): Percent,police_station_count,0.0050424731655721085
U-17,49,US,1100,BlockApportionment:US.BlockGroups;PointsLayer:US.BlockPoints,2.191,2.576,1,105,3601,86,90,51.35,2.86,102,49,US,1100,BlockApportionment:US.BlockGroups;PointsLayer:US.BlockPoints,2.191,2.576,1,23.66,3.6,9.53,34.42,4.0,3.64,3.61,20.17,102,105,0.6475,17.47,29.74,16.36,0,0,,,30,0,0,0,0,0,1,0,0,0,0,1,446,449,0,0,0,37,2009.39,99.66,0,0.0,521.38,0,0.0,1199.63,7,0,0.0,548.9,0.0,0,0.0,0,0.0,0,100.0,1,0.0,0,2.75,17.38,67.47,3.61,11.53,5,76.4,21,17,0,,,1,0,34.20658653771647,-118.46741985104268,reconstructed,0.6027530695518366,105,3601,90,23.66,3.6,9.53,34.42,4.0,3.64,2.86,20.17,105,total_population,police_station_count,-0.0022494064686229046
U-18,14,US,1065,BlockApportionment:US.BlockGroups;PointsLayer:US.BlockPoints,2.191,2.576,1,127,4547,84,100,59.38,3.17,78,14,US,1065,BlockApportionment:US.BlockGroups;PointsLayer:US.BlockPoints,2.191,2.576,1,17.84,5.38,20.26,31.64,3.73,8.15,2.47,21.47,86,90,0.6475,17.47,29.74,16.36,0,0,,,21,0,0,0,0,0,0,0,0,0,0,0,417,388,0,0,0,14,864.87,100.07,0,0.0,629.57,0,0.0,754.02,9,0,0.0,632.33,0.0,0,0.0,0,0.0,0,100.0,1,0.0,0,3.0,16.08,63.43,3.53,16.96,5,73.5,21,18,1,34.198573518,-118.46623505,0,1,34.19880103930786,-118.46741221190015,detection_avg,0.6566220001329629,127,4547,100,17.84,5.38,20.26,31.64,3.73,8.15,3.17,21.47,90,2023 Pop 35-64: No Health Insurance (ACS 5-Yr): Percent,affordable_housing_count,-0.004684719074689755
U-19,31,US,1032,BlockApportionment:US.BlockGroups;PointsLayer:US.BlockPoints,2.191,2.576,1,86,3126,92,143,56.01,2.42,83,31,US,1032,BlockApportionment:US.BlockGroups;PointsLayer:US.BlockPoints,2.191,2.576,1,19.72,2.45,18.82,23.0,3.85,13.45,2.22,21.36,82,83,0.6475,17.47,29.74,16.36,0,0,,,37,0,0,0,0,0,1,0,0,0,0,0,259,272,0,0,0,29,1557.67,100.2,0,0.0,576.03,0,0.0,690.92,9,0,0.0,629.0,0.0,0,0.0,0,0.0,0,100.0,1,0.0,0,1.55,19.66,55.69,5.17,19.48,5,68.52,21,19,0,,,1,0,34.19101554089926,-118.46740457275764,reconstructed,0.6217497070962202,86,3126,143,19.72,2.45,18.82,23.0,3.85,13.45,2.42,21.36,83,2023 Pop 35-64: No Health Insurance (ACS 5-Yr): Percent,affordable_housing_count,-0.0035512161809960127
U-2,40,US,1441,BlockApportionment:US.BlockGroups;PointsLayer:US.BlockPoints,2.191,2.576,1,96,1840,96,93,74.08,2.44,121,40,US,1441,BlockApportionment:US.BlockGroups;PointsLayer:US.BlockPoints,2.191,2.576,1,32.26,2.51,11.51,44.52,6.34,9.21,2.44,23.35,107,110,0.6475,17.47,29.74,16.36,0,0,,,2,0,0,0,0,0,0,0,0,0,0,1,90,90,0,0,0,16,2489.86,171.86,9,1663.98,213.13,14,1752.88,237.81,2,2,1477.4,217.33,0.0,0,0.0,0,0.0,0,100.0,1,0.0,0,6.19,29.03,44.07,2.65,24.25,5,58.99,21,2,1,34.32401367,-118.46991989,0,1,34.32336901384554,-118.46753443818068,detection_avg,0.5884271217792478,96,1840,93,32.26,2.51,11.51,44.52,6.34,9.21,2.44,23.35,110,2023 Pop 35-64: No Health Insurance (ACS 5-Yr): Percent,affordable_housing_count,-0.004332272099799166
U-20,49,US,1000,BlockApportionment:US.BlockGroups;PointsLayer:US.BlockPoints,2.191,2.576,1,151,643,120,245,51.32,1.81,129,49,US,1000,BlockApportionment:US.BlockGroups;PointsLayer:US.BlockPoints,2.191,2.576,1,22.28,2.59,12.46,20.0,2.96,6.21,1.78,10.59,116,118,0.6475,17.47,29.74,16.36,0,0,,,30,0,0,0,0,0,0,0,0,0,0,1,202,209,0,0,0,21,3416.54,100.41,4,2551.7,293.95,1,1143.83,351.42,14,2,1275.58,294.2,0.0,0,0.0,0,0.0,0,93.14,1,0.0,0,0.18,12.74,72.39,1.24,13.63,5,80.62,21,20,1,34.18511908,-118.4652041,0,1,34.183230042490656,-118.46739693361508,detection_avg,0.6370378893334314,151,643,245,22.28,2.59,12.46,20.0,2.96,6.21,1.81,10.59,118,esri_market_idx_14068_forecast,la_geohub_fire_hazard_area_pct,0.009553873453899412
U-21,16,US,967,BlockApportionment:US.BlockGroups;PointsLayer:US.BlockPoints,2.191,2.576,1,168,2152,103,133,28.95,3.32,153,16,US,967,BlockApportionment:US.BlockGroups;PointsLayer:US.BlockPoints,2.191,2.576,1,13.08,4.44,13.84,34.27,2.67,3.6,2.22,8.13,135,135,0.6475,17.47,29.74,16.36,0,0,,,12,0,0,0,0,0,0,0,0,0,0,0,295,283,0,0,0,56,6801.83,11.1,23,4456.64,11.1,7,2212.79,97.66,2,2,1752.75,29.05,0.0,0,0.55,1,0.0,0,69.19,1,0.0,0,2.65,32.92,42.3,3.54,21.24,5,58.82,21,21,0,,,0,0,34.17544454408205,-118.46738929447255,reconstructed,0.6269023113463772,168,2152,133,13.08,4.44,13.84,34.27,2.67,3.6,3.32,8.13,135,2023 Pop w/Income Below Poverty Level (ACS 5-Yr): Percent,la_geohub_fire_hazard_area_pct,0.04869628328729903
U-22,29,US,930,BlockApportionment:US.BlockGroups;PointsLayer:US.BlockPoints,2.191,2.576,1,163,3459,85,143,20.38,2.22,106,29,US,930,BlockApportionment:US.BlockGroups;PointsLayer:US.BlockPoints,2.191,2.576,1,11.84,1.35,13.03,26.88,0.42,2.37,1.7,7.59,105,105,0.6475,17.47,29.74,16.36,0,0,,,24,0,1,0,0,0,1,0,0,0,0,0,385,378,0,0,0,47,4949.26,100.23,28,3931.46,202.1,4,1249.56,373.25,2,2,1790.09,204.47,0.0,0,1.77,1,0.0,0,100.0,1,0.0,0,1.72,22.76,50.0,3.1,24.14,5,64.48,21,22,1,34.16817205,-118.46579507,1,1,34.167659045673446,-118.46738165533004,detection_avg,0.6120954338716474,163,3459,143,11.84,1.35,13.03,26.88,0.42,2.37,2.22,7.59,105,pct_below_poverty,la_geohub_100yr_flood_intersects,0.006608528557154536
U-23,36,US,887,BlockApportionment:US.BlockGroups;PointsLayer:US.BlockPoints,2.191,2.576,1,199,2181,125,69,16.78,2.79,130,36,US,887,BlockApportionment:US.BlockGroups;PointsLayer:US.BlockPoints,2.191,2.576,1,16.01,7.24,9.64,31.35,0.47,2.1,2.33,11.13,146,152,0.6475,17.47,29.74,16.36,0,0,,,21,0,0,0,0,1,0,0,0,0,0,1,590,711,0,0,1,104,10981.93,99.63,73,9810.42,100.74,1,210.47,432.04,4,6,3247.06,162.72,0.0,0,0.4,1,0.0,0,100.0,1,0.0,0,4.77,19.08,66.43,2.65,11.84,5,75.07,21,23,1,34.16105661,-118.46518689,1,1,34.15987354726484,-118.46737401618748,detection_avg,0.6248225867724294,199,2181,69,16.01,7.24,9.64,31.35,0.47,2.1,2.79,11.13,152,pct_below_poverty,la_geohub_100yr_flood_intersects,0.013297390269942429
U-3,31,US,1432,BlockApportionment:US.BlockGroups;PointsLayer:US.BlockPoints,2.191,2.576,1,118,1110,93,74,83.06,1.51,123,31,US,1432,BlockApportionment:US.BlockGroups;PointsLayer:US.BlockPoints,2.191,2.576,1,28.96,2.32,17.62,60.26,8.5,8.02,2.55,26.83,107,107,0.6475,17.47,29.74,16.36,0,0,,,6,0,0,0,0,1,0,0,0,0,0,0,81,78,0,0,1,10,904.53,105.5,0,0.0,1076.43,4,692.94,281.62,1,0,0.0,1080.74,0.0,0,0.0,0,0.0,0,100.0,1,0.0,0,5.49,31.9,38.94,4.97,24.19,5,55.61,21,3,1,34.31289666,-118.469258,1,1,34.31558351543694,-118.46752679903815,detection_avg,0.5991806729218385,118,1110,74,28.96,2.32,17.62,60.26,8.5,8.02,1.51,26.83,107,pct_below_poverty,lausd_school_site_count,-0.005702280666696428
U-36,15,US,566,BlockApportionment:US.BlockGroups;PointsLayer:US.BlockPoints,2.191,2.576,1,156,4556,110,98,9.72,1.92,184,15,US,566,BlockApportionment:US.BlockGroups;PointsLayer:US.BlockPoints,2.191,2.576,1,4.18,1.36,7.29,18.77,0.4,0.43,1.5,2.02,156,154,0.6475,17.47,29.74,16.36,0,0,,,0,0,0,1,0,0,0,0,0,0,0,0,1339,1279,0,0,0,0,0.0,868.14,0,0.0,1088.09,1,225.24,267.18,19,0,0.0,1088.11,0.0,0,0.0,0,0.0,0,100.0,1,0.0,0,5.16,31.5,45.78,0.52,22.2,5,60.5,21,36,0,,,0,0,34.05866206795297,-118.46727470733455,reconstructed,0.6044485078377277,156,4556,98,4.18,1.36,7.29,18.77,0.4,0.43,1.92,2.02,154,pct_below_poverty,library_count,0.0055120863949966355
U-37,29,US,530,BlockApportionment:US.BlockGroups;PointsLayer:US.BlockPoints,2.191,2.576,1,184,6884,138,81,9.01,2.5,157,29,US,530,BlockApportionment:US.BlockGroups;PointsLayer:US.BlockPoints,2.191,2.576,1,8.66,5.13,6.44,20.3,0.05,0.77,2.5,3.73,166,162,0.6475,17.47,29.74,16.36,0,0,,,6,0,0,0,0,0,0,0,0,0,0,0,1001,1024,0,0,0,13,620.61,346.39,0,0.0,1436.64,0,0.0,667.8,15,0,0.0,960.65,5.29,1,0.0,0,5.29,1,100.0,1,0.0,0,1.06,18.94,68.67,0.71,11.68,5,77.75,21,37,1,34.04697462,-118.46395492,0,1,34.05087656954437,-118.46726706819202,detection_avg,0.6323877895206771,184,6884,81,8.66,5.13,6.44,20.3,0.05,0.77,2.5,3.73,162,total_population,police_station_count,-0.0051819565353152545
U-38,43,US,494,BlockApportionment:US.BlockGroups;PointsLayer:US.BlockPoints,2.191,2.576,1,174,5433,149,105,15.92,1.75,142,43,US,494,BlockApportionment:US.BlockGroups;PointsLayer:US.BlockPoints,2.191,2.576,1,14.97,6.93,9.68,20.58,1.11,1.26,1.61,7.77,128,127,0.6475,17.47,29.74,16.36,0,0,,,12,0,0,0,1,0,1,0,0,0,0,2,1599,1711,0,0,0,44,1577.85,202.17,0,0.0,1665.02,2,997.22,252.62,19,2,1218.45,195.34,0.52,1,0.0,0,0.53,1,100.0,1,0.0,0,2.06,16.32,69.42,1.2,13.06,5,77.98,21,38,0,,,1,0,34.04309107113576,-118.46725942904948,reconstructed,0.6560616107125836,174,5433,105,14.97,6.93,9.68,20.58,1.11,1.26,1.75,7.77,127,2023 Pop w/Income Below Poverty Level (ACS 5-Yr): Percent,college_count,0.016771601096473333
U-39,7,US,458,BlockApportionment:US.BlockGroups;PointsLayer:US.BlockPoints,2.191,2.576,1,213,3788,236,105,22.62,4.28,122,7,US,458,BlockApportionment:US.BlockGroups;PointsLayer:US.BlockPoints,2.191,2.576,1,15.0,4.06,5.15,25.63,0.49,5.03,2.4,7.7,148,153,0.6475,17.47,29.74,16.36,0,0,,,0,0,0,0,0,0,0,0,0,0,0,0,153,143,0,0,0,8,610.23,404.78,0,0.0,837.62,1,707.72,275.19,2,0,0.0,611.23,0.0,0,0.0,0,0.0,0,100.0,1,0.0,0,3.91,17.94,71.76,0.71,9.59,5,79.06,21,39,0,,,0,0,34.03530557272716,-118.46725178990695,reconstructed,0.5648723408496077,213,3788,105,15.0,4.06,5.15,25.63,0.49,5.03,4.28,7.7,153,2023 Pop w/Income Below Poverty Level (ACS 5-Yr): Percent,police_station_count,0.004734175057670146
U-4,21,US,1422,BlockApportionment:US.BlockGroups;PointsLayer:US.BlockPoints,2.191,2.576,1,146,2203,126,67,84.7,5.32,89,21,US,1422,BlockApportionment:US.BlockGroups;PointsLayer:US.BlockPoints,2.191,2.576,1,32.68,2.96,12.52,37.35,7.24,7.01,6.2,21.93,83,89,0.6475,17.47,29.74,16.36,0,0,,,9,0,0,0,0,0,0,0,0,0,0,0,177,179,0,0,0,15,887.36,37.79,0,0.0,1047.62,4,961.18,0.26,1,0,0.0,1057.23,0.0,0,0.0,0,0.0,0,100.0,1,0.0,0,1.41,16.75,56.97,2.82,23.46,5,69.46,21,4,1,34.30774117,-118.47077797,0,1,34.30779801702833,-118.46751915989564,detection_avg,0.6176254052865713,146,2203,67,32.68,2.96,12.52,37.35,7.24,7.01,5.32,21.93,89,2023 Pop 35-64: No Health Insurance (ACS 5-Yr): Percent,affordable_housing_count,-0.003999421058257254
U-41,38,US,389,BlockApportionment:US.BlockGroups;PointsLayer:US.BlockPoints,2.191,2.576,1,161,2230,197,212,21.03,1.89,133,38,US,389,BlockApportionment:US.BlockGroups;PointsLayer:US.BlockPoints,2.191,2.576,1,10.99,6.78,15.07,28.24,0.92,1.38,1.02,10.87,136,135,0.6475,17.47,29.74,16.36,0,0,,,0,0,0,0,1,0,0,0,0,0,0,0,38,40,0,1,0,0,0.0,758.28,0,0.0,758.28,0,0.0,1224.97,10,0,0.0,788.71,0.0,0,0.0,0,0.0,0,100.0,1,0.0,0,4.26,29.61,48.58,1.77,20.04,5,62.73,21,41,0,,,0,0,34.01973457590995,-118.46723651162188,reconstructed,0.6078432740815438,161,2230,212,10.99,6.78,15.07,28.24,0.92,1.38,1.89,10.87,135,2023 Pop w/Income Below Poverty Level (ACS 5-Yr): Percent,college_count,0.006991567118480199
U-42,4,US,355,BlockApportionment:US.BlockGroups;PointsLayer:US.BlockPoints,2.191,2.576,1,124,1513,157,152,12.76,4.89,178,4,US,355,BlockApportionment:US.BlockGroups;PointsLayer:US.BlockPoints,2.191,2.576,1,9.55,5.34,5.31,32.65,0.0,1.77,4.23,8.63,186,188,0.6475,17.47,29.74,16.36,0,0,,,0,0,0,0,0,0,0,0,0,0,0,0,44,44,0,0,0,0,0.0,801.3,0,0.0,801.3,1,95.67,398.31,6,0,0.0,842.3,0.0,0,0.0,0,0.0,0,100.0,1,0.0,0,3.9,33.51,41.49,2.3,22.7,5,57.87,21,42,0,,,0,0,34.01194907750134,-118.46722887247935,reconstructed,0.5725199258839977,124,1513,152,9.55,5.34,5.31,32.65,0.0,1.77,4.89,8.63,188,2023 Pop w/Income Below Poverty Level (ACS 5-Yr): Percent,police_station_count,0.004658139920459385
U-43,25,US,326,BlockApportionment:US.BlockGroups;PointsLayer:US.BlockPoints,2.191,2.576,1,131,2496,117,112,29.85,3.32,198,25,US,326,BlockApportionment:US.BlockGroups;PointsLayer:US.BlockPoints,2.191,2.576,1,13.67,1.21,7.6,17.17,1.88,0.93,1.71,6.01,178,179,0.6475,17.47,29.74,16.36,0,0,,,0,0,0,0,0,0,0,0,0,0,0,0,350,346,0,2,0,33,866.71,92.74,33,866.71,92.74,0,0.0,495.77,17,2,1510.84,89.38,0.0,0,0.0,0,0.0,0,100.0,1,0.0,0,1.89,32.7,42.51,0.86,23.92,5,59.19,21,43,1,33.99901604,-118.4702723,0,1,34.00416357909274,-118.46722123333682,detection_avg,0.6226102060550733,131,2496,112,13.67,1.21,7.6,17.17,1.88,0.93,3.32,6.01,179,esri_market_idx_14068_forecast,la_geohub_fire_hazard_area_pct,0.0035751512026002026
U-44,48,US,299,BlockApportionment:US.BlockGroups;PointsLayer:US.BlockPoints,2.191,2.576,1,177,3797,132,131,28.34,4.05,162,48,US,299,BlockApportionment:US.BlockGroups;PointsLayer:US.BlockPoints,2.191,2.576,1,14.96,0.66,11.84,16.01,2.04,2.24,4.73,9.71,143,144,0.6475,17.47,29.74,16.36,0,0,,,0,0,0,0,0,0,0,1,0,0,0,0,588,597,0,2,0,0,0.0,655.31,0,0.0,655.31,1,106.71,357.72,8,0,0.0,648.05,0.0,0,0.0,0,9.9,1,100.0,1,0.0,0,3.19,30.09,40.35,2.3,27.26,5,57.29,21,44,1,33.993791715,-118.46593729,0,1,33.99637808068413,-118.46721359419428,detection_avg,0.5819787586105889,177,3797,131,14.96,0.66,11.84,16.01,2.04,2.24,4.05,9.71,144,recreation_center_count,osm_amenity_count,-0.017889980450963322
U-45,18,US,269,BlockApportionment:US.BlockGroups;PointsLayer:US.BlockPoints,2.191,2.576,1,195,3593,122,136,12.0,3.6,172,18,US,269,BlockApportionment:US.BlockGroups;PointsLayer:US.BlockPoints,2.191,2.576,1,10.05,3.95,9.76,23.83,0.27,1.03,3.71,6.42,155,151,0.6475,17.47,29.74,16.36,0,0,,,12,0,0,1,0,0,0,0,0,0,0,0,547,592,0,1,0,0,0.0,1402.25,0,0.0,1402.25,11,2760.06,103.61,6,0,0.0,1396.12,0.52,1,0.0,0,100.0,1,100.0,1,0.0,0,2.24,18.45,63.28,1.55,16.72,5,73.62,21,45,1,33.986885872857144,-118.46747627714284,0,1,33.98859258227553,-118.46720595505175,detection_avg,0.592223691624334,195,3593,136,10.05,3.95,9.76,23.83,0.27,1.03,3.6,6.42,151,total_crime_est,affordable_housing_count,-0.0037442379964064553
U-46,43,US,244,BlockApportionment:US.BlockGroups;PointsLayer:US.BlockPoints,2.191,2.576,1,124,2929,75,267,11.92,1.06,239,43,US,244,BlockApportionment:US.BlockGroups;PointsLayer:US.BlockPoints,2.191,2.576,1,12.02,2.98,9.74,33.6,1.56,4.95,0.9,7.84,190,185,0.6475,17.47,29.74,16.36,0,0,,,9,0,0,0,0,1,0,0,0,0,0,0,354,392,0,0,1,0,0.0,2150.93,0,0.0,2150.93,1,677.56,298.55,13,0,0.0,2143.8,0.0,0,0.0,0,48.79,1,58.29,1,0.0,0,0.82,11.51,51.78,0.55,36.16,5,66.0,21,46,1,33.978999224999995,-118.462788845,1,1,33.98080708386692,-118.46719831590922,detection_avg,0.5905917264146753,124,2929,267,12.02,2.98,9.74,33.6,1.56,4.95,1.06,7.84,185,esri_market_idx_14068_forecast,la_geohub_fire_hazard_area_pct,-0.0573574554187674
U-5,11,US,1412,BlockApportionment:US.BlockGroups;PointsLayer:US.BlockPoints,2.191,2.576,1,211,1479,194,45,79.24,1.64,98,11,US,1412,BlockApportionment:US.BlockGroups;PointsLayer:US.BlockPoints,2.191,2.576,1,20.85,13.62,14.23,13.87,9.67,8.07,1.37,13.54,104,105,0.6475,17.47,29.74,16.36,0,0,,,0,0,0,0,0,1,0,0,0,0,0,0,77,72,0,0,1,1,58.98,471.09,1,58.98,471.09,7,1240.53,154.86,2,0,0.0,508.24,0.0,0,0.0,0,0.0,0,100.0,1,0.0,0,1.37,45.28,29.33,1.54,23.84,3,50.12,21,5,0,,,1,0,34.30001251861973,-118.46751152075308,reconstructed,0.5902549733571818,211,1479,45,20.85,13.62,14.23,13.87,9.67,8.07,1.64,13.54,105,2023 Pop 35-64: No Health Insurance (ACS 5-Yr): Percent,affordable_housing_count,-0.004682374259824808
U-6,1,US,1402,BlockApportionment:US.BlockGroups;PointsLayer:US.BlockPoints,2.191,2.576,1,94,393,122,114,57.51,1.0,160,1,US,1402,BlockApportionment:US.BlockGroups;PointsLayer:US.BlockPoints,2.191,2.576,1,18.89,0.0,7.72,35.71,20.63,2.47,1.41,9.87,126,123,0.6475,17.47,29.74,16.36,0,0,,,0,0,0,0,0,0,0,0,0,0,0,0,33,31,0,0,0,27,8017.01,13.78,27,8017.01,13.78,4,182.76,405.3,0,4,2955.08,16.56,0.0,0,0.0,0,0.0,0,100.0,1,0.0,0,2.47,38.87,30.21,0.35,30.57,4,50.41,21,6,0,,,0,0,34.29222702021112,-118.46750388161055,reconstructed,0.5668420225854822,94,393,114,18.89,0.0,7.72,35.71,20.63,2.47,1.0,9.87,123,total_population,police_station_count,0.007548110543421008
U-8,17,US,1368,BlockApportionment:US.BlockGroups;PointsLayer:US.BlockPoints,2.191,2.576,1,128,315,78,81,57.14,4.17,95,17,US,1368,BlockApportionment:US.BlockGroups;PointsLayer:US.BlockPoints,2.191,2.576,1,26.09,4.35,9.19,16.67,1.75,3.31,3.33,27.95,97,94,0.6475,17.47,29.74,16.36,0,0,,,4,0,1,0,0,0,0,0,0,0,0,0,135,157,1,0,0,19,3744.9,58.31,12,2869.2,333.53,5,1852.05,103.86,1,2,1240.71,333.98,0.0,0,0.0,0,0.0,0,100.0,1,0.0,0,5.5,43.47,38.49,1.2,16.84,5,55.29,21,8,0,,,0,0,34.27665602339391,-118.46748860332548,reconstructed,0.5704774207721566,128,315,81,26.09,4.35,9.19,16.67,1.75,3.31,4.17,27.95,94,2023 Pop 35-64: No Health Insurance (ACS 5-Yr): Percent,police_station_count,-0.010500393050228379
U-9,44,US,1345,BlockApportionment:US.BlockGroups;PointsLayer:US.BlockPoints,2.191,2.576,1,99,2310,84,71,66.36,3.91,99,44,US,1345,BlockApportionment:US.BlockGroups;PointsLayer:US.BlockPoints,2.191,2.576,1,26.97,3.33,8.22,13.92,4.0,3.07,3.37,28.06,95,95,0.6475,17.47,29.74,16.36,0,0,,,18,0,0,0,0,0,0,0,0,0,0,1,171,190,0,0,0,89,9179.11,6.24,50,6480.12,48.13,3,857.89,209.57,14,4,2118.23,103.5,0.0,0,0.0,0,0.0,0,100.0,1,0.0,0,2.47,15.02,70.32,2.47,12.19,5,78.48,21,9,0,,,0,0,34.26887052498531,-118.46748096418295,reconstructed,0.5974557395014845,99,2310,71,26.97,3.33,8.22,13.92,4.0,3.07,3.91,28.06,95,total_population,police_station_count,-0.002742595102195252
V-10,17,US,1318,BlockApportionment:US.BlockGroups;PointsLayer:US.BlockPoints,2.191,2.576,1,78,1440,85,95,70.14,4.13,147,17,US,1318,BlockApportionment:US.BlockGroups;PointsLayer:US.BlockPoints,2.191,2.576,1,28.33,4.43,9.62,21.05,3.95,6.49,5.49,26.13,117,117,0.6475,17.47,29.74,16.36,0,0,,,0,0,0,0,0,0,0,0,0,0,0,0,115,106,0,0,2,15,2324.49,295.59,14,2015.08,295.59,0,0.0,888.65,0,2,1281.81,294.99,0.0,0,0.0,0,0.0,0,100.0,1,0.0,0,2.48,27.43,39.65,3.19,29.73,5,57.01,22,10,0,,,0,0,34.26107821249458,-118.45936558124316,reconstructed,0.5416860410887725,78,1440,95,28.33,4.43,9.62,21.05,3.95,6.49,4.13,26.13,117,2023 Pop 35-64: No Health Insurance (ACS 5-Yr): Percent,police_station_count,0.003181832278728845
V-11,38,US,1289,BlockApportionment:US.BlockGroups;PointsLayer:US.BlockPoints,2.191,2.576,1,56,2409,74,181,68.24,2.9,136,38,US,1289,BlockApportionment:US.BlockGroups;PointsLayer:US.BlockPoints,2.191,2.576,1,29.65,9.53,8.55,28.45,3.48,6.52,3.63,20.7,114,114,0.6475,17.47,29.74,16.36,0,0,,,12,0,0,0,0,0,0,0,0,0,0,0,140,130,0,0,0,17,902.35,215.6,0,0.0,1098.61,1,5.95,482.65,0,0,0.0,1159.84,0.0,0,0.0,0,0.0,0,100.0,1,0.0,0,4.42,28.14,43.19,4.25,24.42,5,58.91,22,11,0,,,0,0,34.25329271408597,-118.45935794210062,reconstructed,0.5678209244091537,56,2409,181,29.65,9.53,8.55,28.45,3.48,6.52,2.9,20.7,114,2023 Pop 35-64: No Health Insurance (ACS 5-Yr): Percent,affordable_housing_count,-0.0032264594592649703
V-12,10,US,1261,BlockApportionment:US.BlockGroups;PointsLayer:US.BlockPoints,2.191,2.576,1,66,1456,69,129,63.74,2.89,141,10,US,1261,BlockApportionment:US.BlockGroups;PointsLayer:US.BlockPoints,2.191,2.576,1,15.54,9.89,9.67,66.67,1.37,4.26,2.56,33.12,102,102,0.6475,17.47,29.74,16.36,0,0,,,0,0,0,0,0,1,0,0,0,0,0,0,115,114,0,0,3,0,0.0,750.72,0,0.0,1208.04,0,0.0,547.87,0,0,0.0,1207.94,0.0,0,0.0,0,0.0,0,100.0,1,0.0,0,6.0,28.3,49.74,4.8,17.15,5,63.02,22,12,0,,,1,0,34.24550721567737,-118.45935030295809,reconstructed,0.5246635056856636,66,1456,129,15.54,9.89,9.67,66.67,1.37,4.26,2.89,33.12,102,pct_below_poverty,lausd_school_site_count,-0.005613485491071629
V-13,34,US,1235,BlockApportionment:US.BlockGroups;PointsLayer:US.BlockPoints,2.191,2.576,1,50,4355,74,81,38.44,0.79,136,34,US,1235,BlockApportionment:US.BlockGroups;PointsLayer:US.BlockPoints,2.191,2.576,1,25.88,5.91,7.14,35.59,6.34,5.15,1.23,16.73,102,102,0.6475,17.47,29.74,16.36,0,0,,,12,0,0,0,0,0,0,0,0,0,0,0,266,276,0,0,3,0,0.0,469.09,0,0.0,1262.07,2,801.82,219.21,0,0,0.0,1262.69,0.0,0,0.0,0,0.0,0,100.0,1,0.0,0,3.72,18.76,63.89,2.65,14.69,5,73.61,22,13,0,,,0,0,34.23772171726877,-118.45934266381556,reconstructed,0.5703360003531185,50,4355,81,25.88,5.91,7.14,35.59,6.34,5.15,0.79,16.73,102,pct_below_poverty,lausd_school_site_count,-0.0057351982553487
V-14,1,US,1202,BlockApportionment:US.BlockGroups;PointsLayer:US.BlockPoints,2.191,2.576,1,39,5992,36,117,78.39,2.05,90,1,US,1202,BlockApportionment:US.BlockGroups;PointsLayer:US.BlockPoints,2.191,2.576,1,25.56,9.41,33.27,53.15,12.18,6.16,1.77,26.37,93,97,0.6475,17.47,29.74,16.36,0,0,,,12,0,0,0,0,2,0,2,1,0,0,0,367,376,0,0,4,8,542.7,395.76,0,0.0,1263.07,9,1202.11,4.02,1,0,0.0,1270.21,0.0,0,0.0,0,0.0,0,100.0,1,0.0,0,3.77,19.73,57.98,3.95,18.35,5,69.46,22,14,0,,,2,0,34.22993621886016,-118.45933502467302,reconstructed,0.593317501299119,39,5992,117,25.56,9.41,33.27,53.15,12.18,6.16,2.05,26.37,97,2023 Pop w/Income Below Poverty Level (ACS 5-Yr): Percent,adult_recreation_count,-0.01700109337411684
V-15,19,US,1170,BlockApportionment:US.BlockGroups;PointsLayer:US.BlockPoints,2.191,2.576,1,56,8129,62,250,74.83,1.12,67,19,US,1170,BlockApportionment:US.BlockGroups;PointsLayer:US.BlockPoints,2.191,2.576,1,32.21,5.98,32.35,34.64,7.43,8.69,1.0,23.06,69,72,0.6475,17.47,29.74,16.36,0,0,,,6,1,0,0,0,3,0,0,0,0,0,0,374,370,0,0,4,9,658.74,294.71,0,0.0,1267.12,7,971.06,64.65,6,0,0.0,1278.02,2.47,1,0.0,0,0.0,0,100.0,1,0.0,0,2.12,14.69,66.73,3.36,15.22,5,76.07,22,15,0,,,3,0,34.22215072045156,-118.45932738553049,reconstructed,0.649951208764324,56,8129,250,32.21,5.98,32.35,34.64,7.43,8.69,1.12,23.06,72,pct_below_poverty,lausd_school_site_count,-0.013532926398867433
V-16,35,US,1136,BlockApportionment:US.BlockGroups;PointsLayer:US.BlockPoints,2.191,2.576,1,118,3290,105,307,77.78,1.28,72,35,US,1136,BlockApportionment:US.BlockGroups;PointsLayer:US.BlockPoints,2.191,2.576,1,24.86,4.97,16.55,32.11,5.67,9.54,0.76,21.44,83,88,0.6475,17.47,29.74,16.36,0,0,,,0,0,0,0,0,0,0,0,0,0,0,0,249,247,0,0,5,0,0.0,570.11,0,0.0,1287.06,5,1166.28,70.16,0,0,0.0,1285.83,3.12,1,0.0,0,0.0,0,100.0,1,0.0,0,2.23,18.21,54.47,6.7,20.62,5,67.46,22,16,0,,,0,0,34.21436522204295,-118.45931974638796,reconstructed,0.6162625287037554,118,3290,307,24.86,4.97,16.55,32.11,5.67,9.54,1.28,21.44,88,pct_below_poverty,lausd_school_site_count,-0.014922696423731428
V-17,0,US,1101,BlockApportionment:US.BlockGroups;PointsLayer:US.BlockPoints,2.191,2.576,1,124,1991,88,86,64.04,1.1,89,0,US,1101,BlockApportionment:US.BlockGroups;PointsLayer:US.BlockPoints,2.191,2.576,1,13.35,3.97,8.99,38.26,6.09,4.47,0.98,22.23,87,93,0.6475,17.47,29.74,16.36,0,0,,,12,0,0,0,0,1,0,0,0,0,0,0,202,222,0,0,7,0,0.0,647.76,0,0.0,1292.62,1,585.41,346.22,0,0,0.0,1293.65,1.94,1,0.0,0,0.0,0,100.0,1,0.0,0,1.59,13.63,66.02,3.72,16.64,5,75.74,22,17,0,,,1,0,34.20657972363435,-118.45931210724542,reconstructed,0.586502799740334,124,1991,86,13.35,3.97,8.99,38.26,6.09,4.47,1.1,22.23,93,total_population,police_station_count,-0.0026584990019054176
V-18,15,US,1066,BlockApportionment:US.BlockGroups;PointsLayer:US.BlockPoints,2.191,2.576,1,132,5606,98,198,44.33,1.2,79,15,US,1066,BlockApportionment:US.BlockGroups;PointsLayer:US.BlockPoints,2.191,2.576,1,27.48,5.11,19.76,38.46,4.02,3.1,3.35,16.21,88,94,0.6475,17.47,29.74,16.36,0,0,,,12,0,0,0,1,0,0,0,0,0,0,0,437,435,0,0,0,20,1920.11,43.98,0,0.0,1207.64,0,0.0,981.45,0,0,0.0,1309.73,0.0,0,0.0,0,0.0,0,100.0,1,0.0,0,0.35,18.94,53.98,3.36,23.72,5,67.68,22,18,0,,,0,0,34.19879422522574,-118.45930446810289,reconstructed,0.6306290153118477,132,5606,198,27.48,5.11,19.76,38.46,4.02,3.1,1.2,16.21,94,2023 Pop w/Income Below Poverty Level (ACS 5-Yr): Percent,college_count,-0.013004392281800708
V-19,32,US,1033,BlockApportionment:US.BlockGroups;PointsLayer:US.BlockPoints,2.191,2.576,1,129,4099,121,102,67.02,2.13,87,32,US,1033,BlockApportionment:US.BlockGroups;PointsLayer:US.BlockPoints,2.191,2.576,1,25.02,7.81,17.63,28.23,6.98,6.98,2.56,20.94,82,84,0.6475,17.47,29.74,16.36,0,0,,,12,2,0,0,0,0,0,0,0,0,0,2,387,413,0,0,1,0,0.0,648.68,0,0.0,1383.3,0,0.0,1222.91,3,0,0.0,1383.06,0.0,0,0.0,0,0.0,0,100.0,1,0.0,0,0.69,19.93,53.44,6.19,20.45,5,67.2,22,19,1,34.19328458,-118.457337335,0,1,34.19100872681714,-118.45929682896036,detection_avg,0.6355015957327695,129,4099,102,25.02,7.81,17.63,28.23,6.98,6.98,2.13,20.94,84,pct_below_poverty,lausd_school_site_count,-0.005715534496555528
V-2,41,US,1442,BlockApportionment:US.BlockGroups;PointsLayer:US.BlockPoints,2.191,2.576,1,90,642,104,76,71.96,3.48,126,41,US,1442,BlockApportionment:US.BlockGroups;PointsLayer:US.BlockPoints,2.191,2.576,1,40.58,2.42,3.57,18.87,5.83,9.08,3.51,21.91,109,114,0.6475,17.47,29.74,16.36,0,0,,,18,0,0,0,0,0,0,0,0,0,0,0,15,14,0,0,0,38,4004.42,171.35,18,3014.73,171.35,19,2922.85,3.3,3,2,1549.78,200.37,0.0,0,0.0,0,0.0,0,100.0,1,0.0,0,4.3,46.39,24.91,2.92,25.77,3,46.15,22,2,0,,,0,0,34.32336219976342,-118.45942669438342,reconstructed,0.5738987977482816,90,642,76,40.58,2.42,3.57,18.87,5.83,9.08,3.48,21.91,114,2023 Pop w/Income Below Poverty Level (ACS 5-Yr): Percent,police_station_count,0.005110282872737934
V-20,0,US,1001,BlockApportionment:US.BlockGroups;PointsLayer:US.BlockPoints,2.191,2.576,1,115,6545,107,105,73.95,1.22,70,0,US,1001,BlockApportionment:US.BlockGroups;PointsLayer:US.BlockPoints,2.191,2.576,1,22.55,1.96,29.92,34.1,6.33,10.61,1.31,14.5,71,74,0.6475,17.47,29.74,16.36,0,0,,,22,0,0,0,0,0,0,0,0,0,0,1,481,509,0,1,2,6,804.38,167.96,0,0.0,1158.32,0,0.0,1215.98,2,0,0.0,1158.54,0.0,0,0.0,0,0.0,0,100.0,1,0.0,0,2.3,13.63,67.96,2.65,15.75,5,76.88,22,20,0,,,0,0,34.18322322840853,-118.45928918981782,reconstructed,0.6793935551142438,115,6545,105,22.55,1.96,29.92,34.1,6.33,10.61,1.22,14.5,74,2023 Pop w/Income Below Poverty Level (ACS 5-Yr): Percent,police_station_count,-0.010826908767695494
V-21,17,US,968,BlockApportionment:US.BlockGroups;PointsLayer:US.BlockPoints,2.191,2.576,1,140,1672,104,33,36.3,2.89,138,17,US,968,BlockApportionment:US.BlockGroups;PointsLayer:US.BlockPoints,2.191,2.576,1,14.84,3.47,4.69,23.48,0.86,2.04,1.57,9.4,121,121,0.6475,17.47,29.74,16.36,0,0,,,6,0,0,0,0,0,1,0,0,0,0,0,395,373,0,0,0,0,0.0,580.64,0,0.0,817.74,0,0.0,881.15,0,0,0.0,817.45,0.0,0,0.0,0,0.0,0,100.0,1,0.0,0,4.81,12.71,72.85,4.81,9.62,5,79.55,22,21,0,,,1,0,34.17543772999993,-118.45928155067529,reconstructed,0.5757004526315331,140,1672,33,14.84,3.47,4.69,23.48,0.86,2.04,2.89,9.4,121,2023 Pop w/Income Below Poverty Level (ACS 5-Yr): Percent,police_station_count,0.004919142947883792
V-22,30,US,931,BlockApportionment:US.BlockGroups;PointsLayer:US.BlockPoints,2.191,2.576,1,80,2883,80,86,25.42,3.35,147,30,US,931,BlockApportionment:US.BlockGroups;PointsLayer:US.BlockPoints,2.191,2.576,1,21.83,1.8,3.7,23.38,3.33,2.37,4.05,12.96,136,134,0.6475,17.47,29.74,16.36,0,0,,,0,0,0,0,0,1,1,0,0,0,0,0,409,422,0,0,2,11,669.69,284.17,0,0.0,765.48,0,0.0,845.25,4,0,0.0,784.07,0.0,0,0.0,0,0.0,0,100.0,1,0.0,0,7.09,23.05,59.93,4.61,12.41,5,69.82,22,22,0,,,2,0,34.16765223159132,-118.45927391153276,reconstructed,0.5561465853849307,80,2883,86,21.83,1.8,3.7,23.38,3.33,2.37,3.35,12.96,134,pct_below_poverty,lausd_school_site_count,0.0086715318194042
V-23,37,US,888,BlockApportionment:US.BlockGroups;PointsLayer:US.BlockPoints,2.191,2.576,1,132,2726,107,129,19.19,1.75,144,37,US,888,BlockApportionment:US.BlockGroups;PointsLayer:US.BlockPoints,2.191,2.576,1,18.81,3.84,6.07,11.53,1.33,1.59,2.11,12.07,129,127,0.6475,17.47,29.74,16.36,0,0,,,18,0,0,0,0,0,0,0,0,0,0,1,340,380,0,0,0,9,1514.57,275.14,9,1514.57,275.14,1,873.71,117.36,1,2,1275.68,280.8,0.0,0,0.53,1,0.0,0,100.0,1,0.0,0,4.64,24.91,51.03,4.81,19.24,5,64.33,22,23,0,,,0,0,34.15986673318272,-118.45926627239022,reconstructed,0.5887474133583188,132,2726,129,18.81,3.84,6.07,11.53,1.33,1.59,1.75,12.07,127,pct_below_poverty,la_geohub_100yr_flood_intersects,0.00920737840054205
V-24,49,US,850,BlockApportionment:US.BlockGroups;PointsLayer:US.BlockPoints,2.191,2.576,1,152,4194,109,238,17.29,2.35,125,49,US,850,BlockApportionment:US.BlockGroups;PointsLayer:US.BlockPoints,2.191,2.576,1,18.65,2.25,11.19,28.84,0.28,7.34,2.38,6.29,124,125,0.6475,17.47,29.74,16.36,0,0,,,39,0,0,0,1,0,0,0,0,0,0,1,1193,1224,0,0,0,16,857.15,143.31,0,0.0,521.09,0,0.0,585.01,14,0,0.0,515.85,0.0,0,0.0,0,0.0,0,100.0,1,0.0,0,1.42,16.28,61.95,4.25,17.52,5,72.94,22,24,1,34.15259649,-118.45792235,0,1,34.15208123477411,-118.45925863324769,detection_avg,0.6450520609629121,152,4194,238,18.65,2.25,11.19,28.84,0.28,7.34,2.35,6.29,125,2023 Pop w/Income Below Poverty Level (ACS 5-Yr): Percent,college_count,0.01689664564470656
V-25,29,US,830,BlockApportionment:US.BlockGroups;PointsLayer:US.BlockPoints,2.191,2.576,1,150,1007,101,240,10.72,3.55,180,29,US,830,BlockApportionment:US.BlockGroups;PointsLayer:US.BlockPoints,2.191,2.576,1,11.9,0.0,4.0,21.97,0.57,0.71,2.49,6.04,215,215,0.6475,17.47,29.74,16.36,0,0,,,0,0,0,0,0,0,0,0,0,0,0,1,148,144,0,0,0,0,0.0,704.9,0,0.0,947.37,0,0.0,879.3,0,0,0.0,955.48,0.0,0,0.0,0,0.0,0,100.0,1,0.0,0,8.67,53.45,22.48,3.89,20.18,3,43.14,22,25,0,,,0,0,34.14429573636551,-118.45925099410516,reconstructed,0.5579684147906377,150,1007,240,11.9,0.0,4.0,21.97,0.57,0.71,3.55,6.04,215,esri_market_idx_14068_forecast,la_geohub_fire_hazard_area_pct,0.006514426474267706
V-3,32,US,1433,BlockApportionment:US.BlockGroups;PointsLayer:US.BlockPoints,2.191,2.576,1,103,1925,120,79,76.88,2.18,126,32,US,1433,BlockApportionment:US.BlockGroups;PointsLayer:US.BlockPoints,2.191,2.576,1,38.02,1.58,5.21,15.28,5.26,8.76,2.95,23.09,109,116,0.6475,17.47,29.74,16.36,0,0,,,8,0,0,0,0,0,0,0,0,0,0,1,124,132,0,0,2,10,595.6,357.94,0,0.0,604.51,4,485.91,240.38,1,0,0.0,638.36,0.0,0,0.0,0,0.0,0,100.0,1,0.0,0,2.12,25.27,43.46,4.24,27.03,5,59.79,22,3,0,,,0,0,34.315576701354814,-118.4594190552409,reconstructed,0.5737455571082086,103,1925,79,38.02,1.58,5.21,15.28,5.26,8.76,2.18,23.09,116,2023 Pop w/Income Below Poverty Level (ACS 5-Yr): Percent,police_station_count,0.004706318431923096
V-36,16,US,567,BlockApportionment:US.BlockGroups;PointsLayer:US.BlockPoints,2.191,2.576,1,54,423,45,48,9.69,2.5,253,16,US,567,BlockApportionment:US.BlockGroups;PointsLayer:US.BlockPoints,2.191,2.576,1,20.94,0.0,1.63,57.78,0.0,0.0,4.03,5.95,285,287,0.6475,17.47,29.74,16.36,0,0,,,0,0,0,0,0,0,0,0,0,0,0,0,82,67,0,0,0,19,2398.82,227.04,19,2398.82,227.04,2,737.75,218.13,1,2,1464.51,227.53,0.0,0,0.0,0,0.0,0,100.0,1,0.0,0,6.91,37.77,39.01,3.19,20.04,5,55.23,22,36,0,,,0,0,34.05865525387085,-118.45916696353729,reconstructed,0.5235796622574685,54,423,48,20.94,0.0,1.63,57.78,0.0,0.0,2.5,5.95,287,total_population,police_station_count,0.007083513660333996
V-37,30,US,531,BlockApportionment:US.BlockGroups;PointsLayer:US.BlockPoints,2.191,2.576,1,194,2334,141,110,12.38,3.99,156,30,US,531,BlockApportionment:US.BlockGroups;PointsLayer:US.BlockPoints,2.191,2.576,1,6.62,2.04,11.69,25.39,1.66,2.8,4.59,16.17,157,153,0.6475,17.47,29.74,16.36,0,0,,,15,0,0,0,0,0,0,0,0,0,0,1,811,825,0,0,0,31,2121.43,63.55,0,0.0,572.15,5,219.09,299.52,17,0,0.0,709.59,0.0,0,0.0,0,0.0,0,100.0,1,0.0,0,7.24,30.86,52.07,1.03,16.03,5,64.28,22,37,1,34.049289305,-118.460467075,0,1,34.050869755462244,-118.45915932439476,detection_avg,0.6072076490353941,194,2334,110,6.62,2.04,11.69,25.39,1.66,2.8,3.99,16.17,153,total_crime_est,affordable_housing_count,-0.003680292700973509
V-38,44,US,495,BlockApportionment:US.BlockGroups;PointsLayer:US.BlockPoints,2.191,2.576,1,153,7412,128,102,17.4,1.31,123,44,US,495,BlockApportionment:US.BlockGroups;PointsLayer:US.BlockPoints,2.191,2.576,1,10.05,3.22,16.18,28.57,1.42,3.6,1.89,5.24,112,111,0.6475,17.47,29.74,16.36,0,0,,,3,0,0,0,0,2,1,0,0,0,0,0,924,944,0,0,3,27,865.92,234.72,0,0.0,1061.18,1,193.57,262.1,19,2,1715.42,229.37,0.0,0,0.0,0,0.0,0,100.0,1,0.0,0,3.9,16.31,71.99,0.35,11.35,5,79.22,22,38,0,,,3,0,34.04308425705364,-118.4591516852522,reconstructed,0.6574299902614448,153,7412,102,10.05,3.22,16.18,28.57,1.42,3.6,1.31,5.24,111,pct_below_poverty,lausd_school_site_count,0.00790172116455578
V-39,8,US,459,BlockApportionment:US.BlockGroups;PointsLayer:US.BlockPoints,2.191,2.576,1,132,5047,141,112,28.85,1.63,149,8,US,459,BlockApportionment:US.BlockGroups;PointsLayer:US.BlockPoints,2.191,2.576,1,12.34,2.26,9.61,31.28,2.21,4.62,1.87,11.84,133,134,0.6475,17.47,29.74,16.36,0,0,,,0,0,0,0,0,0,0,0,0,0,0,0,539,568,0,0,0,0,0.0,529.87,0,0.0,993.31,0,0.0,661.23,0,0,0.0,523.43,0.0,0,0.0,0,0.0,0,100.0,1,0.0,0,1.6,18.26,63.3,1.6,16.84,5,73.83,22,39,0,,,0,0,34.035298758645034,-118.45914404610969,reconstructed,0.5917264352887273,132,5047,112,12.34,2.26,9.61,31.28,2.21,4.62,1.63,11.84,134,total_crime_est,police_station_count,-0.0020509535479470474
V-4,22,US,1423,BlockApportionment:US.BlockGroups;PointsLayer:US.BlockPoints,2.191,2.576,1,134,1716,133,62,87.94,5.84,98,22,US,1423,BlockApportionment:US.BlockGroups;PointsLayer:US.BlockPoints,2.191,2.576,1,39.24,8.25,14.22,39.31,14.11,10.48,4.11,27.22,92,97,0.6475,17.47,29.74,16.36,0,0,,,0,0,0,0,0,0,1,0,0,0,0,0,122,121,0,0,0,0,0.0,814.68,0,0.0,1468.75,2,873.63,148.51,0,0,0.0,1501.21,0.0,0,0.0,0,0.0,0,100.0,1,0.0,0,5.48,28.8,43.99,7.24,19.96,5,59.15,22,4,0,,,1,0,34.30779120294621,-118.45941141609836,reconstructed,0.5842391992645365,134,1716,62,39.24,8.25,14.22,39.31,14.11,10.48,5.84,27.22,97,2023 Pop 35-64: No Health Insurance (ACS 5-Yr): Percent,affordable_housing_count,-0.0037409157105107163
V-40,23,US,424,BlockApportionment:US.BlockGroups;PointsLayer:US.BlockPoints,2.191,2.576,1,212,912,265,81,38.82,7.52,146,23,US,424,BlockApportionment:US.BlockGroups;PointsLayer:US.BlockPoints,2.191,2.576,1,43.84,3.35,8.2,34.66,12.98,4.44,5.94,9.13,156,153,0.6475,17.47,29.74,16.36,0,0,,,0,0,0,0,0,0,1,0,0,0,0,0,155,145,0,0,0,21,3492.47,217.76,11,2301.88,217.76,0,0.0,1107.4,2,2,1478.4,218.13,0.0,0,0.0,0,0.0,0,100.0,1,0.0,0,3.1,18.59,58.69,1.38,21.34,5,70.15,22,40,0,,,1,0,34.02751326023643,-118.45913640696716,reconstructed,0.557260606510672,212,912,81,43.84,3.35,8.2,34.66,12.98,4.44,7.52,9.13,153,total_crime_est,affordable_housing_count,-0.004445282520659649
V-41,39,US,390,BlockApportionment:US.BlockGroups;PointsLayer:US.BlockPoints,2.191,2.576,1,144,2886,186,52,21.73,2.55,152,39,US,390,BlockApportionment:US.BlockGroups;PointsLayer:US.BlockPoints,2.191,2.576,1,14.51,1.48,9.81,28.9,0.72,0.73,2.51,6.28,146,144,0.6475,17.47,29.74,16.36,0,0,,,0,0,0,0,0,0,1,0,0,0,0,0,59,59,0,1,0,0,0.0,598.59,0,0.0,598.59,0,0.0,1583.99,18,0,0.0,597.89,0.0,0,0.0,0,0.0,0,100.0,1,0.0,0,2.31,30.02,40.85,1.95,27.18,5,57.9,22,41,0,,,1,0,34.01972776182782,-118.4591287678246,reconstructed,0.5980313263154946,144,2886,52,14.51,1.48,9.81,28.9,0.72,0.73,2.55,6.28,144,total_population,police_station_count,-0.0025910109350409365
V-42,5,US,356,BlockApportionment:US.BlockGroups;PointsLayer:US.BlockPoints,2.191,2.576,1,220,1892,233,140,18.66,0.69,148,5,US,356,BlockApportionment:US.BlockGroups;PointsLayer:US.BlockPoints,2.191,2.576,1,9.11,2.47,2.49,22.77,0.0,1.41,0.74,4.11,156,155,0.6475,17.47,29.74,16.36,0,0,,,0,0,1,1,0,0,0,0,0,0,0,0,38,46,0,0,0,0,0.0,1427.27,0,0.0,1427.27,0,0.0,949.57,4,0,0.0,1421.27,0.0,0,0.0,0,0.0,0,100.0,1,0.0,0,2.59,36.55,33.97,1.55,27.93,5,53.0,22,42,0,,,0,0,34.01194226341922,-118.45912112868209,reconstructed,0.5543583125146834,220,1892,140,9.11,2.47,2.49,22.77,0.0,1.41,0.69,4.11,155,pct_below_poverty,library_count,0.011559585397437268
V-43,26,US,327,BlockApportionment:US.BlockGroups;PointsLayer:US.BlockPoints,2.191,2.576,1,145,1231,148,52,20.23,3.41,236,26,US,327,BlockApportionment:US.BlockGroups;PointsLayer:US.BlockPoints,2.191,2.576,1,10.26,1.91,12.63,10.0,1.06,0.72,3.12,8.25,199,193,0.6475,17.47,29.74,16.36,0,0,,,0,0,0,0,0,0,0,2,0,0,0,0,141,163,0,0,0,0,0.0,842.25,0,0.0,842.25,1,38.43,471.71,3,0,0.0,839.0,0.0,0,0.0,0,0.0,0,100.0,1,0.0,0,6.04,49.02,27.89,1.42,21.67,5,47.71,22,43,1,34.00545703,-118.45672371,0,1,34.00415676501061,-118.45911348953956,detection_avg,0.5643504475571963,145,1231,52,10.26,1.91,12.63,10.0,1.06,0.72,3.41,8.25,193,recreation_center_count,osm_amenity_count,0.005544498620638839
V-44,49,US,300,BlockApportionment:US.BlockGroups;PointsLayer:US.BlockPoints,2.191,2.576,1,168,2986,142,90,17.35,2.02,203,49,US,300,BlockApportionment:US.BlockGroups;PointsLayer:US.BlockPoints,2.191,2.576,1,10.62,1.85,4.13,17.76,1.74,1.88,1.79,4.49,174,171,0.6475,17.47,29.74,16.36,0,0,,,0,0,0,0,0,2,0,0,0,0,0,0,385,424,0,0,4,32,864.74,95.4,32,864.74,95.4,0,0.0,965.85,7,2,1729.38,90.67,0.0,0,0.0,0,0.0,0,100.0,1,0.0,0,3.79,22.72,57.66,2.07,17.56,5,69.22,22,44,1,33.997559952857145,-118.4596895257143,2,1,33.99637126660201,-118.459105850397,detection_avg,0.6153702343758203,168,2986,90,10.62,1.85,4.13,17.76,1.74,1.88,2.02,4.49,171,pct_below_poverty,lausd_school_site_count,0.007091932791409076
V-45,19,US,270,BlockApportionment:US.BlockGroups;PointsLayer:US.BlockPoints,2.191,2.576,1,189,2785,136,93,15.83,3.28,175,19,US,270,BlockApportionment:US.BlockGroups;PointsLayer:US.BlockPoints,2.191,2.576,1,16.13,2.78,9.32,43.13,0.0,1.12,2.42,6.84,163,160,0.6475,17.47,29.74,16.36,0,0,,,15,0,1,0,0,0,1,0,0,0,0,2,553,566,0,1,0,0,0.0,653.32,0,0.0,653.32,0,0.0,739.37,4,0,0.0,646.24,0.0,0,0.0,0,17.84,1,100.0,1,0.0,0,6.56,26.42,59.75,0.71,13.12,5,69.86,22,45,0,,,1,0,33.98858576819341,-118.45909821125449,reconstructed,0.5857371605271868,189,2785,93,16.13,2.78,9.32,43.13,0.0,1.12,3.28,6.84,160,2023 Pop w/Income Below Poverty Level (ACS 5-Yr): Percent,fire_station_count,0.007518450677129202
V-46,44,US,245,BlockApportionment:US.BlockGroups;PointsLayer:US.BlockPoints,2.191,2.576,1,244,3082,107,57,10.84,3.58,165,44,US,245,BlockApportionment:US.BlockGroups;PointsLayer:US.BlockPoints,2.191,2.576,1,21.58,2.79,8.96,21.83,0.0,4.66,0.83,3.14,158,156,0.6475,17.47,29.74,16.36,0,0,,,21,0,0,0,0,0,0,0,0,0,0,0,312,350,0,0,0,0,0.0,1359.39,0,0.0,1359.39,0,0.0,490.35,15,0,0.0,1349.17,18.83,1,0.0,0,64.68,1,85.61,1,0.0,0,3.02,14.39,67.32,6.04,12.26,5,76.22,22,46,0,,,0,0,33.9808002697848,-118.45909057211196,reconstructed,0.5867084722285608,244,3082,57,21.58,2.79,8.96,21.83,0.0,4.66,3.58,3.14,156,esri_market_idx_14068_forecast,la_geohub_fire_hazard_area_pct,-0.024902564584195867
V-47,19,US,220,BlockApportionment:US.BlockGroups;PointsLayer:US.BlockPoints,2.191,2.576,1,214,6458,94,121,10.68,1.14,193,19,US,220,BlockApportionment:US.BlockGroups;PointsLayer:US.BlockPoints,2.191,2.576,1,10.8,1.33,3.25,26.21,1.28,2.01,0.64,4.18,156,152,0.6475,17.47,29.74,16.36,0,0,,,15,0,0,0,0,0,0,0,0,0,0,0,255,311,0,0,0,0,0.0,1834.64,0,0.0,1834.64,3,899.58,175.65,1,0,0.0,1855.57,15.22,1,0.0,0,61.17,1,85.49,1,0.0,0,0.17,8.12,70.29,3.63,17.96,5,79.15,22,47,0,,,0,0,33.9730147713762,-118.4590829329694,reconstructed,0.6069151619596026,214,6458,121,10.8,1.33,3.25,26.21,1.28,2.01,1.14,4.18,152,esri_market_idx_14068_forecast,la_geohub_fire_hazard_area_pct,-0.028425173389871328
V-48,46,US,197,BlockApportionment:US.BlockGroups;PointsLayer:US.BlockPoints,2.191,2.576,1,115,866,61,95,9.24,2.74,208,46,US,197,BlockApportionment:US.BlockGroups;PointsLayer:US.BlockPoints,2.191,2.576,1,10.66,0.82,11.63,28.0,5.2,3.39,2.17,8.8,200,195,0.6475,17.47,29.74,16.36,0,0,,,6,0,0,0,0,0,0,0,0,0,0,0,162,199,0,0,0,0,0.0,1317.41,0,0.0,2359.99,2,616.34,298.31,1,0,0.0,2370.23,14.19,1,0.0,0,35.22,1,51.32,1,0.0,0,0.0,6.54,28.61,17.17,47.68,4,50.03,22,48,0,,,0,0,33.96522927296759,-118.45907529382688,reconstructed,0.5546664467676283,115,866,95,10.66,0.82,11.63,28.0,5.2,3.39,2.74,8.8,195,esri_market_idx_14068_forecast,la_geohub_fire_hazard_area_pct,-0.016436956678200873
V-49,24,US,175,BlockApportionment:US.BlockGroups;PointsLayer:US.BlockPoints,2.191,2.576,1,0,0,0,0,0.0,0.0,0,24,US,175,BlockApportionment:US.BlockGroups;PointsLayer:US.BlockPoints,2.191,2.576,1,0.0,0.0,0.0,0.0,0.0,0.0,0.0,0.0,0,0,0.6475,17.47,29.74,16.36,0,0,,,0,0,0,0,0,0,0,0,0,0,0,0,0,0,0,0,0,0,0.0,958.51,0,0.0,2918.09,1,241.21,237.03,0,0,0.0,2976.4,45.65,1,0.0,0,0.0,0,2.39,1,0.0,0,0.0,0.0,12.68,80.28,7.04,6,38.88,22,49,0,,,0,0,33.95744377455899,-118.45906765468436,reconstructed,0.5370183130655353,0,0,0,0.0,0.0,0.0,0.0,0.0,0.0,0.0,0.0,0,total_crime_est,police_station_count,0.01563103795160291
V-5,12,US,1413,BlockApportionment:US.BlockGroups;PointsLayer:US.BlockPoints,2.191,2.576,1,150,3099,151,162,87.74,3.15,107,12,US,1413,BlockApportionment:US.BlockGroups;PointsLayer:US.BlockPoints,2.191,2.576,1,19.94,10.28,24.16,31.21,6.34,6.75,3.48,24.72,95,99,0.6475,17.47,29.74,16.36,0,0,,,6,0,0,0,0,0,0,0,0,0,0,0,162,167,0,0,0,19,1391.37,224.17,0,0.0,1304.69,2,1149.1,195.72,2,0,0.0,1361.23,0.0,0,0.0,0,0.0,0,100.0,1,0.0,0,2.24,11.36,75.39,2.24,11.02,5,82.1,22,5,1,34.300764105,-118.46011283,0,1,34.300005704537604,-118.45940377695582,detection_avg,0.6451954532159982,150,3099,162,19.94,10.28,24.16,31.21,6.34,6.75,3.15,24.72,99,2023 Pop w/Income Below Poverty Level (ACS 5-Yr): Percent,police_station_count,-0.0069046070301598235
V-6,2,US,1403,BlockApportionment:US.BlockGroups;PointsLayer:US.BlockPoints,2.191,2.576,1,73,3168,108,55,82.51,2.37,117,2,US,1403,BlockApportionment:US.BlockGroups;PointsLayer:US.BlockPoints,2.191,2.576,1,28.5,7.76,9.62,25.41,7.3,4.14,1.57,23.59,102,107,0.6475,17.47,29.74,16.36,0,0,,,3,0,0,0,0,0,0,0,0,0,0,0,158,157,0,0,0,7,371.13,401.33,0,0.0,791.62,2,559.04,135.18,2,0,0.0,811.15,0.0,0,0.0,0,0.0,0,100.0,1,0.0,0,6.89,30.57,48.94,4.06,16.43,5,62.19,22,6,0,,,0,0,34.292220206129,-118.45939613781329,reconstructed,0.5564163251685994,73,3168,55,28.5,7.76,9.62,25.41,7.3,4.14,2.37,23.59,107,total_population,police_station_count,-0.002470195690175202
V-7,36,US,1387,BlockApportionment:US.BlockGroups;PointsLayer:US.BlockPoints,2.191,2.576,1,62,1068,88,131,75.75,4.33,122,36,US,1387,BlockApportionment:US.BlockGroups;PointsLayer:US.BlockPoints,2.191,2.576,1,25.76,0.0,3.61,63.64,10.45,4.08,3.82,29.46,98,98,0.6475,17.47,29.74,16.36,0,0,,,0,0,0,0,0,0,0,0,0,0,0,0,45,54,0,0,0,10,3084.42,140.54,10,3084.42,140.54,1,122.56,343.59,1,2,1658.7,145.37,0.0,0,0.0,0,0.0,0,100.0,1,0.0,0,4.82,35.8,27.88,2.24,34.08,4,48.07,22,7,0,,,0,0,34.28443470772039,-118.45938849867076,reconstructed,0.5224755929797538,62,1068,131,25.76,0.0,3.61,63.64,10.45,4.08,4.33,29.46,98,2023 Pop w/Income Below Poverty Level (ACS 5-Yr): Percent,police_station_count,0.005110868656918323
V-8,18,US,1369,BlockApportionment:US.BlockGroups;PointsLayer:US.BlockPoints,2.191,2.576,1,194,726,163,155,61.16,2.16,109,18,US,1369,BlockApportionment:US.BlockGroups;PointsLayer:US.BlockPoints,2.191,2.576,1,26.67,3.33,8.55,59.63,3.39,5.76,0.5,27.45,99,100,0.6475,17.47,29.74,16.36,0,0,,,8,1,0,0,0,0,1,0,0,0,0,0,127,119,0,0,1,35,3691.52,35.63,17,2762.7,333.72,8,765.48,297.65,5,2,1162.51,338.79,0.0,0,0.0,0,0.0,0,100.0,1,0.0,0,1.59,24.2,45.94,2.83,27.03,5,61.68,22,8,0,,,1,0,34.27664920931179,-118.45938085952822,reconstructed,0.5921210396766612,194,726,155,26.67,3.33,8.55,59.63,3.39,5.76,2.16,27.45,100,2023 Pop 35-64: No Health Insurance (ACS 5-Yr): Percent,hospital_count,-0.010032697730535297
V-9,45,US,1346,BlockApportionment:US.BlockGroups;PointsLayer:US.BlockPoints,2.191,2.576,1,84,1127,103,100,76.66,5.25,107,45,US,1346,BlockApportionment:US.BlockGroups;PointsLayer:US.BlockPoints,2.191,2.576,1,32.42,3.03,6.12,21.74,5.75,4.45,5.3,23.12,103,106,0.6475,17.47,29.74,16.36,0,0,,,12,0,0,0,0,0,0,0,0,0,0,0,85,97,0,0,0,12,2001.43,90.1,0,0.0,540.19,0,0.0,475.9,5,0,0.0,539.18,0.0,0,0.0,0,0.0,0,100.0,1,0.0,0,4.99,36.66,30.46,2.58,30.29,5,49.82,22,9,0,,,0,0,34.26886371090318,-118.45937322038569,reconstructed,0.5479620652089374,84,1127,100,32.42,3.03,6.12,21.74,5.75,4.45,5.25,23.12,106,2023 Pop w/Income Below Poverty Level (ACS 5-Yr): Percent,police_station_count,0.0041987289462518335
W-1,46,US,1447,BlockApportionment:US.BlockGroups;PointsLayer:US.BlockPoints,2.191,2.576,1,0,0,0,0,0.0,0.0,0,46,US,1447,BlockApportionment:US.BlockGroups;PointsLayer:US.BlockPoints,2.191,2.576,1,0.0,0.0,0.0,0.0,0.0,0.0,0.0,0.0,0,0,0.6475,17.47,29.74,16.36,0,0,,,0,0,0,0,0,0,0,0,0,0,0,0,2,1,0,0,0,0,0.0,627.36,0,0.0,627.36,7,1049.84,145.24,1,0,0.0,630.35,0.0,0,0.0,0,0.0,0,100.0,1,0.0,0,17.7,67.53,9.45,1.37,21.65,3,31.3,23,1,0,,,0,0,34.331140884089905,-118.4513265897287,reconstructed,0.5007911366602957,0,0,0,0.0,0.0,0.0,0.0,0.0,0.0,0.0,0.0,0,total_crime_est,police_station_count,0.01563103795160291
W-10,18,US,1319,BlockApportionment:US.BlockGroups;PointsLayer:US.BlockPoints,2.191,2.576,1,61,1097,84,38,72.38,5.32,133,18,US,1319,BlockApportionment:US.BlockGroups;PointsLayer:US.BlockPoints,2.191,2.576,1,27.76,5.38,14.16,42.59,2.69,4.69,4.41,26.99,106,110,0.6475,17.47,29.74,16.36,0,0,,,6,0,0,0,0,0,0,0,0,0,0,0,70,69,0,0,0,17,1404.68,209.15,0,0.0,722.55,10,1846.83,195.08,2,0,0.0,722.44,0.0,0,0.0,0,0.0,0,100.0,1,0.0,0,4.79,26.54,38.36,2.91,32.19,5,55.41,23,10,0,,,0,0,34.26107139841246,-118.45125783744588,reconstructed,0.5212284824025181,61,1097,38,27.76,5.38,14.16,42.59,2.69,4.69,5.32,26.99,110,pct_below_poverty,lausd_school_site_count,0.002342701207778395
W-11,39,US,1290,BlockApportionment:US.BlockGroups;PointsLayer:US.BlockPoints,2.191,2.576,1,58,2079,68,71,70.71,2.53,118,39,US,1290,BlockApportionment:US.BlockGroups;PointsLayer:US.BlockPoints,2.191,2.576,1,35.96,3.55,16.44,41.45,3.56,4.15,1.99,26.21,93,97,0.6475,17.47,29.74,16.36,0,0,,,0,0,0,0,0,0,0,0,0,0,0,0,114,124,0,0,0,11,960.54,19.5,0,0.0,1456.5,7,1199.38,62.08,1,0,0.0,1483.34,0.0,0,0.0,0,0.0,0,100.0,1,0.0,0,1.59,31.45,38.34,4.59,25.62,5,56.36,23,11,0,,,0,0,34.25328590000385,-118.45125019830336,reconstructed,0.5505461373032504,58,2079,71,35.96,3.55,16.44,41.45,3.56,4.15,2.53,26.21,97,total_population,police_station_count,-0.002703787775696808
W-12,11,US,1262,BlockApportionment:US.BlockGroups;PointsLayer:US.BlockPoints,2.191,2.576,1,48,5561,49,162,73.33,0.85,98,11,US,1262,BlockApportionment:US.BlockGroups;PointsLayer:US.BlockPoints,2.191,2.576,1,36.6,2.45,14.18,33.81,4.14,7.29,1.15,18.9,85,89,0.6475,17.47,29.74,16.36,0,0,,,33,0,0,0,0,0,0,0,0,0,0,0,344,366,0,0,0,27,1611.94,75.9,0,0.0,1961.24,3,644.69,26.14,4,0,0.0,2007.83,0.0,0,0.0,0,0.0,0,100.0,1,0.0,0,1.55,16.35,62.31,3.1,18.24,5,73.15,23,12,1,34.24265591,-118.45028277,0,1,34.24550040159525,-118.45124255916082,detection_avg,0.6001747017838945,48,5561,162,36.6,2.45,14.18,33.81,4.14,7.29,0.85,18.9,89,2023 Pop 35-64: No Health Insurance (ACS 5-Yr): Percent,affordable_housing_count,-0.004309656175536631
W-13,35,US,1236,BlockApportionment:US.BlockGroups;PointsLayer:US.BlockPoints,2.191,2.576,1,48,9413,42,152,76.36,1.0,73,35,US,1236,BlockApportionment:US.BlockGroups;PointsLayer:US.BlockPoints,2.191,2.576,1,29.23,4.94,24.08,36.57,10.09,8.25,1.1,26.24,69,71,0.6475,17.47,29.74,16.36,0,0,,,42,0,0,0,0,0,0,0,0,0,0,1,547,564,0,0,2,24,1811.84,45.0,0,0.0,1980.32,0,0.0,597.28,12,0,0.0,2015.08,0.0,0,0.0,0,0.0,0,100.0,1,0.0,0,0.35,14.01,64.01,2.48,19.5,5,74.7,23,13,1,34.2369313,-118.44778558,0,1,34.23771490318664,-118.45123492001828,detection_avg,0.639610120621582,48,9413,152,29.23,4.94,24.08,36.57,10.09,8.25,1.0,26.24,71,2023 Pop w/Income Below Poverty Level (ACS 5-Yr): Percent,police_station_count,-0.006817068074299243
W-14,2,US,1203,BlockApportionment:US.BlockGroups;PointsLayer:US.BlockPoints,2.191,2.576,1,64,8801,73,202,84.33,0.66,54,2,US,1203,BlockApportionment:US.BlockGroups;PointsLayer:US.BlockPoints,2.191,2.576,1,34.41,5.0,27.03,42.61,10.11,7.53,0.93,27.56,54,56,0.6475,17.47,29.74,16.36,0,0,,,36,0,0,0,1,0,0,0,0,0,0,1,729,738,0,0,0,20,1592.12,72.91,0,0.0,2024.3,0,0.0,736.81,9,0,0.0,2022.76,0.0,0,0.0,0,0.0,0,100.0,1,0.0,0,0.35,11.5,72.74,0.71,15.04,5,80.81,23,14,1,34.225577959999995,-118.44924241,0,1,34.22992940477804,-118.45122728087576,detection_avg,0.6261377793863007,64,8801,202,34.41,5.0,27.03,42.61,10.11,7.53,0.66,27.56,56,2023 Pop w/Income Below Poverty Level (ACS 5-Yr): Percent,college_count,-0.025681138078986254
W-15,20,US,1171,BlockApportionment:US.BlockGroups;PointsLayer:US.BlockPoints,2.191,2.576,1,99,4305,76,195,73.73,1.16,49,20,US,1171,BlockApportionment:US.BlockGroups;PointsLayer:US.BlockPoints,2.191,2.576,1,27.44,8.4,27.55,42.6,9.12,6.24,1.14,23.45,53,55,0.6475,17.47,29.74,16.36,0,0,,,54,0,0,0,1,4,0,0,0,0,0,1,727,714,0,0,7,34,2559.65,142.41,0,0.0,1996.93,0,0.0,762.41,11,0,0.0,2030.58,0.0,0,0.0,0,0.0,0,100.0,1,0.0,0,1.03,11.68,74.05,1.2,13.06,5,81.53,23,15,1,34.223459895,-118.451742145,4,1,34.22214390636943,-118.45121964173322,detection_avg,0.6637689981442569,99,4305,195,27.44,8.4,27.55,42.6,9.12,6.24,1.16,23.45,55,pct_below_poverty,lausd_school_site_count,0.025535074223351325
W-16,36,US,1137,BlockApportionment:US.BlockGroups;PointsLayer:US.BlockPoints,2.191,2.576,1,130,1923,104,226,84.24,2.44,71,36,US,1137,BlockApportionment:US.BlockGroups;PointsLayer:US.BlockPoints,2.191,2.576,1,29.57,8.55,17.98,23.58,8.48,8.7,1.6,25.09,62,64,0.6475,17.47,29.74,16.36,0,0,,,57,0,0,0,0,0,0,1,1,0,0,1,523,511,0,0,0,19,1729.8,202.38,0,0.0,2038.5,3,607.46,12.1,7,0,0.0,2038.4,0.05,1,0.0,0,0.0,0,100.0,1,0.0,0,1.06,5.3,86.57,2.12,6.01,5,90.28,23,16,1,34.211090356666666,-118.44930648666669,0,1,34.21435840796083,-118.45121200259068,detection_avg,0.656555371605944,130,1923,226,29.57,8.55,17.98,23.58,8.48,8.7,2.44,25.09,64,recreation_center_count,osm_amenity_count,-0.013540774319090171
W-17,1,US,1102,BlockApportionment:US.BlockGroups;PointsLayer:US.BlockPoints,2.191,2.576,1,85,4687,68,102,67.46,0.87,77,1,US,1102,BlockApportionment:US.BlockGroups;PointsLayer:US.BlockPoints,2.191,2.576,1,26.95,5.48,25.35,43.24,10.41,6.91,1.26,20.93,80,86,0.6475,17.47,29.74,16.36,0,0,,,36,0,0,0,0,0,1,0,0,0,0,1,543,562,0,0,1,40,2368.46,203.39,0,0.0,1965.37,3,978.71,225.03,16,0,0.0,2046.22,2.5,1,0.0,0,0.0,0,100.0,1,0.0,0,3.09,16.32,67.7,4.12,11.86,5,76.46,23,17,1,34.206019354999995,-118.44833826,1,1,34.20657290955222,-118.45120436344816,detection_avg,0.6463790652911893,85,4687,102,26.95,5.48,25.35,43.24,10.41,6.91,0.87,20.93,86,2023 Pop w/Income Below Poverty Level (ACS 5-Yr): Percent,police_station_count,-0.008170297648658202
W-18,16,US,1067,BlockApportionment:US.BlockGroups;PointsLayer:US.BlockPoints,2.191,2.576,1,120,4815,93,124,60.25,3.04,80,16,US,1067,BlockApportionment:US.BlockGroups;PointsLayer:US.BlockPoints,2.191,2.576,1,25.59,12.83,22.87,35.15,9.01,3.96,1.66,15.82,78,76,0.6475,17.47,29.74,16.36,0,0,,,30,0,0,0,2,1,0,0,0,0,1,1,651,635,0,0,2,25,1623.38,204.86,0,0.0,2025.93,1,252.08,411.65,11,0,0.0,2107.54,0.0,0,0.0,0,0.0,0,100.0,1,0.0,0,5.31,19.12,65.13,4.6,11.15,5,74.0,23,18,1,34.19703702,-118.448825415,1,1,34.19878741114362,-118.45119672430562,detection_avg,0.6562036064618405,120,4815,124,25.59,12.83,22.87,35.15,9.01,3.96,3.04,15.82,76,2023 Pop w/Income Below Poverty Level (ACS 5-Yr): Percent,affordable_housing_count,0.0084017687343328
W-19,33,US,1034,BlockApportionment:US.BlockGroups;PointsLayer:US.BlockPoints,2.191,2.576,1,130,2722,130,100,72.7,1.53,78,33,US,1034,BlockApportionment:US.BlockGroups;PointsLayer:US.BlockPoints,2.191,2.576,1,25.66,7.94,15.95,28.39,6.17,9.96,0.6,36.72,80,84,0.6475,17.47,29.74,16.36,0,0,,,46,0,0,0,0,3,1,1,3,0,0,2,1139,1172,0,3,7,30,1557.59,212.03,0,0.0,2022.69,0,0.0,581.65,8,0,0.0,2022.88,0.0,0,0.0,0,0.0,0,100.0,1,0.0,0,3.61,14.97,69.54,1.89,13.6,5,77.6,23,19,1,34.18747470142857,-118.44808725285714,4,1,34.19100191273501,-118.45118908516308,detection_avg,0.6647314955404026,130,2722,100,25.66,7.94,15.95,28.39,6.17,9.96,1.53,36.72,84,pct_below_poverty,lausd_school_site_count,-0.02034129090241561
W-2,42,US,1443,BlockApportionment:US.BlockGroups;PointsLayer:US.BlockPoints,2.191,2.576,1,71,2247,97,17,76.55,2.0,129,42,US,1443,BlockApportionment:US.BlockGroups;PointsLayer:US.BlockPoints,2.191,2.576,1,30.9,4.87,2.98,12.58,4.23,5.24,1.54,17.66,117,121,0.6475,17.47,29.74,16.36,0,0,,,24,0,0,0,0,1,0,0,0,0,0,0,110,110,0,0,1,12,2905.28,158.3,4,1971.23,201.15,1,137.35,352.22,2,2,1842.45,204.17,0.0,0,0.0,0,0.0,0,100.0,1,0.0,0,3.35,23.28,53.79,1.41,21.52,5,66.65,23,2,0,,,1,0,34.323355385681296,-118.45131895058616,reconstructed,0.5526927273792384,71,2247,17,30.9,4.87,2.98,12.58,4.23,5.24,2.0,17.66,121,pct_below_poverty,lausd_school_site_count,0.010022770508265017
W-20,1,US,1002,BlockApportionment:US.BlockGroups;PointsLayer:US.BlockPoints,2.191,2.576,1,115,2509,98,145,73.89,1.82,56,1,US,1002,BlockApportionment:US.BlockGroups;PointsLayer:US.BlockPoints,2.191,2.576,1,28.07,7.9,32.58,45.91,4.96,5.92,1.94,14.52,60,60,0.6475,17.47,29.74,16.36,0,0,,,57,0,1,0,0,0,2,0,0,0,0,4,673,685,0,0,0,21,923.16,212.19,0,0.0,1651.88,0,0.0,1011.26,12,0,0.0,1651.92,0.0,0,0.0,0,0.0,0,100.0,1,0.0,0,0.35,8.85,78.94,1.42,10.8,5,85.15,23,20,1,34.180857969,-118.452561644,2,1,34.18321641432641,-118.45118144602056,detection_avg,0.666420989817579,115,2509,145,28.07,7.9,32.58,45.91,4.96,5.92,1.82,14.52,60,2023 Pop w/Income Below Poverty Level (ACS 5-Yr): Percent,police_station_count,-0.009603389649686425
W-21,18,US,969,BlockApportionment:US.BlockGroups;PointsLayer:US.BlockPoints,2.191,2.576,1,98,1898,80,71,28.19,1.92,137,18,US,969,BlockApportionment:US.BlockGroups;PointsLayer:US.BlockPoints,2.191,2.576,1,25.08,3.36,6.06,28.16,1.41,0.93,1.38,4.36,119,119,0.6475,17.47,29.74,16.36,0,0,,,26,0,0,0,0,0,0,0,0,0,0,0,447,451,0,0,0,36,2167.1,148.84,0,0.0,1500.04,0,0.0,1010.6,9,0,0.0,1526.18,0.0,0,0.0,0,0.0,0,100.0,1,0.0,0,1.77,17.88,55.22,4.78,22.12,5,68.12,23,21,0,,,0,0,34.1754309159178,-118.45117380687802,reconstructed,0.5806823759785094,98,1898,71,25.08,3.36,6.06,28.16,1.41,0.93,1.92,4.36,119,2023 Pop w/Income Below Poverty Level (ACS 5-Yr): Percent,police_station_count,0.0042363767337003965
W-22,31,US,932,BlockApportionment:US.BlockGroups;PointsLayer:US.BlockPoints,2.191,2.576,1,141,2845,103,229,19.16,1.78,139,31,US,932,BlockApportionment:US.BlockGroups;PointsLayer:US.BlockPoints,2.191,2.576,1,28.27,3.51,7.25,23.11,0.82,2.31,1.55,8.07,121,121,0.6475,17.47,29.74,16.36,0,0,,,30,0,0,0,0,0,0,0,0,0,0,0,394,414,0,1,2,23,866.77,212.35,0,0.0,866.04,0,0.0,832.87,3,0,0.0,885.49,0.0,0,0.0,0,0.0,0,100.0,1,0.0,0,1.38,20.14,55.42,4.48,19.97,5,68.38,23,22,1,34.16261364,-118.44895394,0,1,34.1676454175092,-118.45116616773548,detection_avg,0.6024918032059882,141,2845,229,28.27,3.51,7.25,23.11,0.82,2.31,1.78,8.07,121,2023 Pop w/Income Below Poverty Level (ACS 5-Yr): Percent,police_station_count,0.003420786123754204
W-23,38,US,889,BlockApportionment:US.BlockGroups;PointsLayer:US.BlockPoints,2.191,2.576,1,150,3057,119,167,15.77,3.57,134,38,US,889,BlockApportionment:US.BlockGroups;PointsLayer:US.BlockPoints,2.191,2.576,1,15.12,4.6,11.69,22.39,0.45,1.17,3.46,12.37,112,112,0.6475,17.47,29.74,16.36,0,0,,,36,1,0,0,0,0,0,0,0,0,0,2,588,590,0,0,0,41,3824.83,1.35,19,2959.98,1.35,4,1529.64,30.2,6,2,1817.79,29.67,0.0,0,0.0,0,0.0,0,100.0,1,0.0,0,1.59,21.59,57.52,3.01,17.88,5,69.79,23,23,1,34.154621725,-118.44893688,0,1,34.1598599191006,-118.45115852859296,detection_avg,0.6203619826347783,150,3057,167,15.12,4.6,11.69,22.39,0.45,1.17,3.57,12.37,112,2023 Pop 35-64: No Health Insurance (ACS 5-Yr): Percent,hospital_count,-0.007707764163512731
W-24,0,US,851,BlockApportionment:US.BlockGroups;PointsLayer:US.BlockPoints,2.191,2.576,1,140,2967,99,88,12.61,2.28,145,0,US,851,BlockApportionment:US.BlockGroups;PointsLayer:US.BlockPoints,2.191,2.576,1,15.81,1.0,10.01,32.26,0.23,4.21,1.41,9.05,177,175,0.6475,17.47,29.74,16.36,0,0,,,60,0,0,0,0,0,0,0,0,0,0,1,1074,1120,0,0,1,25,1263.87,133.75,0,0.0,746.99,1,944.55,184.06,37,0,0.0,769.58,0.0,0,0.0,0,0.0,0,100.0,1,0.0,0,3.45,20.86,60.52,2.76,15.86,5,71.33,23,24,1,34.15269381,-118.45283879,0,1,34.15207442069199,-118.45115088945042,detection_avg,0.6158160846631459,140,2967,88,15.81,1.0,10.01,32.26,0.23,4.21,2.28,9.05,175,pct_below_poverty,lausd_school_site_count,0.005969078809763724
W-3,33,US,1434,BlockApportionment:US.BlockGroups;PointsLayer:US.BlockPoints,2.191,2.576,1,76,824,103,40,80.58,1.14,102,33,US,1434,BlockApportionment:US.BlockGroups;PointsLayer:US.BlockPoints,2.191,2.576,1,32.22,13.81,25.83,9.8,18.31,2.61,1.62,15.53,92,97,0.6475,17.47,29.74,16.36,0,0,,,2,0,0,0,0,1,1,0,0,0,0,0,53,50,0,0,2,0,0.0,559.21,0,0.0,916.84,0,0.0,580.05,0,0,0.0,918.87,0.0,0,0.0,0,0.0,0,100.0,1,0.0,0,3.77,26.76,42.71,5.83,24.7,5,58.77,23,3,0,,,2,0,34.315569887272694,-118.45131131144362,reconstructed,0.5411488376242912,76,824,40,32.22,13.81,25.83,9.8,18.31,2.61,1.14,15.53,97,2023 Pop w/Income Below Poverty Level (ACS 5-Yr): Percent,police_station_count,-0.008646439174691467
W-36,17,US,568,BlockApportionment:US.BlockGroups;PointsLayer:US.BlockPoints,2.191,2.576,1,179,790,99,243,16.58,15.41,81,17,US,568,BlockApportionment:US.BlockGroups;PointsLayer:US.BlockPoints,2.191,2.576,1,11.58,0.0,39.1,28.77,6.28,2.42,16.55,19.91,75,73,0.6475,17.47,29.74,16.36,0,0,,,12,1,1,0,0,0,0,1,0,0,0,0,64,82,0,0,0,91,9130.94,0.32,60,7343.37,28.37,3,1677.63,69.59,1,2,1667.64,130.01,0.0,0,0.0,0,0.0,0,100.0,1,0.0,0,2.94,34.37,39.72,1.73,24.18,5,56.92,23,36,0,,,0,0,34.058648439788726,-118.45105921974002,reconstructed,0.6256752974802442,179,790,243,11.58,0.0,39.1,28.77,6.28,2.42,15.41,19.91,73,pct_below_poverty,library_count,0.014110680559825619
W-37,31,US,532,BlockApportionment:US.BlockGroups;PointsLayer:US.BlockPoints,2.191,2.576,1,141,2769,132,252,18.13,1.66,139,31,US,532,BlockApportionment:US.BlockGroups;PointsLayer:US.BlockPoints,2.191,2.576,1,6.55,2.88,15.89,20.79,1.1,1.63,1.79,3.62,117,113,0.6475,17.47,29.74,16.36,0,0,,,3,0,0,1,0,0,0,1,0,0,0,1,601,574,0,0,0,60,3804.26,215.89,33,3050.94,215.89,0,0.0,509.05,22,4,2725.94,220.27,0.0,0,0.0,0,0.0,0,100.0,1,0.0,0,2.13,19.68,57.8,0.0,22.52,5,69.82,23,37,0,,,0,0,34.050862941380124,-118.45105158059748,reconstructed,0.644575448441545,141,2769,252,6.55,2.88,15.89,20.79,1.1,1.63,1.66,3.62,113,recreation_center_count,osm_amenity_count,0.007031114751006847
W-38,45,US,496,BlockApportionment:US.BlockGroups;PointsLayer:US.BlockPoints,2.191,2.576,1,142,6736,125,102,20.25,0.44,147,45,US,496,BlockApportionment:US.BlockGroups;PointsLayer:US.BlockPoints,2.191,2.576,1,10.85,2.94,12.86,30.11,1.26,0.91,0.95,7.8,141,141,0.6475,17.47,29.74,16.36,0,0,,,0,0,0,0,0,1,0,1,0,0,0,0,674,683,1,0,0,1,3.8,497.68,0,0.0,676.46,1,773.66,199.19,4,1,32.67,489.47,0.0,0,0.0,0,0.0,0,100.0,1,0.0,0,1.04,21.24,53.54,1.21,24.01,5,67.17,23,38,1,34.03977467,-118.45537291,1,1,34.04307744297152,-118.45104394145494,detection_avg,0.63424477896057,142,6736,102,10.85,2.94,12.86,30.11,1.26,0.91,0.44,7.8,141,2023 Pop 35-64: No Health Insurance (ACS 5-Yr): Percent,police_station_count,-0.010500393050220923
W-39,9,US,460,BlockApportionment:US.BlockGroups;PointsLayer:US.BlockPoints,2.191,2.576,1,266,932,187,64,28.11,0.0,82,9,US,460,BlockApportionment:US.BlockGroups;PointsLayer:US.BlockPoints,2.191,2.576,1,30.2,2.85,11.32,52.6,3.7,0.98,0.13,13.01,102,109,0.6475,17.47,29.74,16.36,0,0,,,0,0,0,0,0,0,3,0,0,0,0,1,857,889,0,0,0,20,889.2,29.14,0,0.0,464.08,1,650.07,306.42,14,0,0.0,553.09,0.0,0,0.0,0,0.0,0,100.0,1,0.0,0,1.24,12.94,67.91,1.24,17.91,5,77.16,23,39,1,34.03410731,-118.45038448,3,1,34.035291944562914,-118.45103630231242,detection_avg,0.6039272136137243,266,932,64,30.2,2.85,11.32,52.6,3.7,0.98,0.0,13.01,109,2023 Pop w/Income Below Poverty Level (ACS 5-Yr): Percent,fire_station_count,-0.0018096910094299928
W-4,23,US,1424,BlockApportionment:US.BlockGroups;PointsLayer:US.BlockPoints,2.191,2.576,1,110,2810,129,88,91.14,2.0,104,23,US,1424,BlockApportionment:US.BlockGroups;PointsLayer:US.BlockPoints,2.191,2.576,1,38.0,3.5,8.59,16.5,11.86,8.35,3.55,21.05,96,100,0.6475,17.47,29.74,16.36,0,0,,,3,0,1,1,0,0,0,0,0,0,0,0,179,152,0,0,0,6,903.88,28.97,0,0.0,1508.78,1,75.01,473.35,9,0,0.0,1545.84,0.0,0,0.0,0,0.0,0,100.0,1,0.0,0,3.18,23.85,46.29,5.48,24.38,5,61.45,23,4,0,,,0,0,34.307784388864086,-118.4513036723011,reconstructed,0.6242485987445782,110,2810,88,38.0,3.5,8.59,16.5,11.86,8.35,2.0,21.05,100,2023 Pop w/Income Below Poverty Level (ACS 5-Yr): Percent,fire_station_count,0.007961045512111251
W-40,24,US,425,BlockApportionment:US.BlockGroups;PointsLayer:US.BlockPoints,2.191,2.576,1,169,2608,186,29,20.55,2.09,190,24,US,425,BlockApportionment:US.BlockGroups;PointsLayer:US.BlockPoints,2.191,2.576,1,11.13,6.17,5.41,22.15,4.88,2.87,2.19,7.87,179,175,0.6475,17.47,29.74,16.36,0,0,,,0,0,0,0,0,0,0,0,0,0,0,0,266,253,0,0,0,27,2609.03,226.14,27,2609.03,226.14,0,0.0,789.41,2,2,1293.85,260.12,0.0,0,0.0,0,0.0,0,100.0,1,0.0,0,5.87,28.15,48.53,2.59,20.73,5,62.21,23,40,0,,,0,0,34.02750644615431,-118.45102866316988,reconstructed,0.6003625929065067,169,2608,29,11.13,6.17,5.41,22.15,4.88,2.87,2.09,7.87,175,2023 Pop w/Income Below Poverty Level (ACS 5-Yr): Percent,police_station_count,0.004607857368168413
W-41,40,US,391,BlockApportionment:US.BlockGroups;PointsLayer:US.BlockPoints,2.191,2.576,1,215,16,232,0,18.75,1.89,253,40,US,391,BlockApportionment:US.BlockGroups;PointsLayer:US.BlockPoints,2.191,2.576,1,0.0,0.0,3.08,100.0,0.0,0.0,2.04,2.27,498,495,0.6475,17.47,29.74,16.36,0,0,,,0,0,0,0,2,0,0,0,0,0,0,1,47,64,0,0,0,0,0.0,1067.51,0,0.0,1067.51,0,0.0,1263.59,3,0,0.0,1118.36,0.0,0,0.0,0,0.0,0,100.0,1,0.0,0,0.88,7.61,80.71,1.77,9.91,5,86.23,23,41,0,,,0,0,34.019720947745704,-118.45102102402734,reconstructed,0.5232366428201739,215,16,0,0.0,0.0,3.08,100.0,0.0,0.0,1.89,2.27,495,total_population,police_station_count,0.014563193792519233
W-42,6,US,357,BlockApportionment:US.BlockGroups;PointsLayer:US.BlockPoints,2.191,2.576,1,112,1841,114,64,13.47,2.69,237,6,US,357,BlockApportionment:US.BlockGroups;PointsLayer:US.BlockPoints,2.191,2.576,1,19.66,0.0,2.23,43.62,0.0,0.52,1.74,9.86,197,202,0.6475,17.47,29.74,16.36,0,0,,,0,0,0,0,0,0,0,0,0,0,0,0,201,185,0,0,1,0,0.0,1397.8,0,0.0,1593.05,0,0.0,1301.75,0,0,0.0,1588.33,0.0,0,0.0,0,0.0,0,100.0,1,0.0,0,9.22,37.41,43.09,2.13,17.38,5,57.4,23,42,0,,,0,0,34.0119354493371,-118.4510133848848,reconstructed,0.5469381470802086,112,1841,64,19.66,0.0,2.23,43.62,0.0,0.52,2.69,9.86,202,pct_below_poverty,lausd_school_site_count,0.011368457876878726
W-43,27,US,328,BlockApportionment:US.BlockGroups;PointsLayer:US.BlockPoints,2.191,2.576,1,105,2117,101,74,19.84,1.56,171,27,US,328,BlockApportionment:US.BlockGroups;PointsLayer:US.BlockPoints,2.191,2.576,1,17.54,1.2,2.64,26.21,1.0,3.21,1.12,5.98,174,172,0.6475,17.47,29.74,16.36,0,0,,,0,0,0,0,0,0,0,0,0,0,0,0,274,275,0,0,0,0,0.0,656.2,0,0.0,844.29,0,0.0,1287.34,0,0,0.0,840.33,0.0,0,0.0,0,0.0,0,100.0,1,0.0,0,4.14,34.31,40.86,2.76,22.07,5,57.36,23,43,1,33.9997203,-118.450484845,0,1,34.00414995092849,-118.45100574574228,detection_avg,0.5508320736838542,105,2117,74,17.54,1.2,2.64,26.21,1.0,3.21,1.56,5.98,172,2023 Pop w/Income Below Poverty Level (ACS 5-Yr): Percent,police_station_count,0.004912876701848119
W-44,0,US,301,BlockApportionment:US.BlockGroups;PointsLayer:US.BlockPoints,2.191,2.576,1,151,2868,112,93,19.14,1.85,141,0,US,301,BlockApportionment:US.BlockGroups;PointsLayer:US.BlockPoints,2.191,2.576,1,9.44,3.74,10.98,32.26,0.65,3.3,2.1,6.04,138,138,0.6475,17.47,29.74,16.36,0,0,,,6,0,0,0,0,0,1,0,1,0,0,1,482,500,0,1,0,37,2140.0,68.23,25,886.76,96.44,0,0.0,1529.7,5,2,1774.39,92.85,0.0,0,0.0,0,0.0,0,100.0,1,0.0,0,1.95,25.71,50.0,1.42,22.87,5,64.41,23,44,0,,,1,0,33.99636445251989,-118.45099810659974,reconstructed,0.6253824800636631,151,2868,93,9.44,3.74,10.98,32.26,0.65,3.3,1.85,6.04,138,2023 Pop w/Income Below Poverty Level (ACS 5-Yr): Percent,adult_recreation_count,0.007174726553920218
W-45,20,US,271,BlockApportionment:US.BlockGroups;PointsLayer:US.BlockPoints,2.191,2.576,1,227,3100,107,29,13.48,1.22,197,20,US,271,BlockApportionment:US.BlockGroups;PointsLayer:US.BlockPoints,2.191,2.576,1,8.3,0.75,9.57,42.96,0.0,0.95,2.53,1.74,185,182,0.6475,17.47,29.74,16.36,0,0,,,6,0,1,0,0,1,0,0,0,0,0,1,331,337,0,0,1,0,0.0,507.5,0,0.0,507.5,0,0.0,1210.89,6,0,0.0,497.38,12.37,1,0.0,0,30.5,1,87.77,1,0.0,0,0.69,19.31,51.03,5.86,23.79,5,65.51,23,45,0,,,1,0,33.98857895411128,-118.4509904674572,reconstructed,0.5756638318963068,227,3100,29,8.3,0.75,9.57,42.96,0.0,0.95,1.22,1.74,182,2023 Pop w/Income Below Poverty Level (ACS 5-Yr): Percent,la_geohub_fire_hazard_area_pct,0.019034666220234527
W-48,47,US,198,BlockApportionment:US.BlockGroups;PointsLayer:US.BlockPoints,2.191,2.576,1,157,764,81,38,13.09,2.08,253,47,US,198,BlockApportionment:US.BlockGroups;PointsLayer:US.BlockPoints,2.191,2.576,1,17.13,4.42,1.46,15.31,0.0,1.93,2.21,1.62,214,205,0.6475,17.47,29.74,16.36,0,0,,,3,0,0,0,0,0,0,0,0,0,0,0,113,120,0,0,0,0,0.0,483.0,0,0.0,2099.98,10,2225.99,142.69,2,0,0.0,2141.44,68.34,1,5.98,1,42.5,1,77.33,1,0.0,0,1.6,26.64,22.56,32.68,18.12,6,45.31,23,48,0,,,0,0,33.96522245888547,-118.4509675500296,reconstructed,0.5596149607251418,157,764,38,17.13,4.42,1.46,15.31,0.0,1.93,2.08,1.62,205,2023 Pop w/Income Below Poverty Level (ACS 5-Yr): Percent,la_geohub_fire_hazard_area_pct,-0.02803480322040434
W-49,25,US,176,BlockApportionment:US.BlockGroups;PointsLayer:US.BlockPoints,2.191,2.576,1,140,803,85,98,12.08,1.63,245,25,US,176,BlockApportionment:US.BlockGroups;PointsLayer:US.BlockPoints,2.191,2.576,1,16.76,5.59,5.17,18.31,0.14,1.06,2.67,3.03,204,195,0.6475,17.47,29.74,16.36,0,0,,,3,0,0,0,0,0,0,0,0,0,0,0,97,95,0,0,0,8,722.43,272.42,0,0.0,2540.29,0,0.0,864.25,9,0,0.0,2540.55,0.0,0,0.0,0,17.91,1,46.32,1,0.0,0,0.93,12.77,41.43,2.49,43.3,4,58.72,23,49,1,33.95639984,-118.447625205,0,1,33.95743696047686,-118.45095991088708,detection_avg,0.5805193577583792,140,803,98,16.76,5.59,5.17,18.31,0.14,1.06,1.63,3.03,195,2023 Pop w/Income Below Poverty Level (ACS 5-Yr): Percent,la_geohub_fire_hazard_area_pct,0.0057105174498683865
W-5,13,US,1414,BlockApportionment:US.BlockGroups;PointsLayer:US.BlockPoints,2.191,2.576,1,65,3353,94,93,85.45,3.76,111,13,US,1414,BlockApportionment:US.BlockGroups;PointsLayer:US.BlockPoints,2.191,2.576,1,26.28,1.91,12.56,48.62,2.53,4.73,3.69,20.21,92,98,0.6475,17.47,29.74,16.36,0,0,,,0,0,0,0,0,1,0,0,0,0,0,0,188,179,0,0,1,1,263.02,426.13,0,0.0,1629.89,3,418.39,390.87,0,0,0.0,1633.81,0.0,0,0.0,0,0.0,0,100.0,1,0.0,0,1.37,22.81,47.34,4.29,25.56,5,62.73,23,5,0,,,1,0,34.299998890455484,-118.45129603315856,reconstructed,0.5355864090299819,65,3353,93,26.28,1.91,12.56,48.62,2.53,4.73,3.76,20.21,98,pct_below_poverty,lausd_school_site_count,0.002813048163178651
W-6,3,US,1404,BlockApportionment:US.BlockGroups;PointsLayer:US.BlockPoints,2.191,2.576,1,79,3019,111,55,87.31,2.52,83,3,US,1404,BlockApportionment:US.BlockGroups;PointsLayer:US.BlockPoints,2.191,2.576,1,32.54,6.59,16.36,39.05,4.49,3.98,2.44,25.16,73,78,0.6475,17.47,29.74,16.36,0,0,,,79,0,0,0,0,4,0,0,0,0,0,0,160,155,0,0,2,15,1153.81,181.71,0,0.0,964.75,7,1055.74,38.86,9,0,0.0,969.24,0.0,0,0.0,0,0.0,0,100.0,1,0.0,0,0.71,12.04,66.02,2.3,19.65,5,76.0,23,6,1,34.29353146,-118.45197593,4,1,34.29221339204688,-118.45128839401602,detection_avg,0.598392597513289,79,3019,55,32.54,6.59,16.36,39.05,4.49,3.98,2.52,25.16,78,pct_below_poverty,lausd_school_site_count,-0.004621108500873513
W-7,37,US,1388,BlockApportionment:US.BlockGroups;PointsLayer:US.BlockPoints,2.191,2.576,1,71,3499,87,102,92.6,2.85,97,37,US,1388,BlockApportionment:US.BlockGroups;PointsLayer:US.BlockPoints,2.191,2.576,1,21.16,3.57,12.59,32.02,8.43,2.89,2.73,23.35,81,84,0.6475,17.47,29.74,16.36,0,0,,,30,0,0,0,0,0,1,1,1,0,0,0,95,76,0,0,3,6,191.56,435.73,1,7.7,474.94,3,708.16,199.65,6,0,0.0,508.5,0.0,0,0.0,0,0.0,0,100.0,1,0.0,0,2.12,19.82,54.34,3.72,22.12,5,67.4,23,7,0,,,1,0,34.284427893638274,-118.4512807548735,reconstructed,0.5712277701541626,71,3499,102,21.16,3.57,12.59,32.02,8.43,2.89,2.85,23.35,84,recreation_center_count,osm_amenity_count,-0.008904251504797418
W-8,19,US,1370,BlockApportionment:US.BlockGroups;PointsLayer:US.BlockPoints,2.191,2.576,1,136,2356,141,88,80.43,4.56,100,19,US,1370,BlockApportionment:US.BlockGroups;PointsLayer:US.BlockPoints,2.191,2.576,1,38.77,3.16,14.12,48.79,6.37,5.73,4.04,22.66,89,92,0.6475,17.47,29.74,16.36,0,0,,,22,0,0,0,0,0,0,0,0,0,0,0,134,137,0,0,0,88,8883.59,7.24,57,6150.56,7.24,3,907.22,91.75,7,2,1883.7,8.03,0.0,0,0.0,0,0.0,0,100.0,1,0.0,0,3.78,25.77,51.2,2.23,20.79,5,64.71,23,8,0,,,0,0,34.27664239522967,-118.45127311573096,reconstructed,0.6266556086195315,136,2356,88,38.77,3.16,14.12,48.79,6.37,5.73,4.56,22.66,92,total_population,police_station_count,-0.0027400692389354976
W-9,46,US,1347,BlockApportionment:US.BlockGroups;PointsLayer:US.BlockPoints,2.191,2.576,1,83,1425,100,121,80.91,5.76,132,46,US,1347,BlockApportionment:US.BlockGroups;PointsLayer:US.BlockPoints,2.191,2.576,1,28.73,2.76,4.16,50.0,4.86,5.4,6.76,22.09,105,109,0.6475,17.47,29.74,16.36,0,0,,,0,0,0,0,0,0,0,0,0,0,0,0,85,83,0,0,0,22,2589.11,107.46,22,2589.11,107.46,1,86.34,457.12,0,4,1781.44,106.83,0.0,0,0.0,0,0.0,0,100.0,1,0.0,0,4.07,27.08,50.27,3.89,18.76,5,63.97,23,9,0,,,0,0,34.26885689682106,-118.45126547658842,reconstructed,0.5582725175969196,83,1425,121,28.73,2.76,4.16,50.0,4.86,5.4,5.76,22.09,109,2023 Pop w/Income Below Poverty Level (ACS 5-Yr): Percent,police_station_count,0.00506046748594199
X-10,19,US,1320,BlockApportionment:US.BlockGroups;PointsLayer:US.BlockPoints,2.191,2.576,1,73,1297,84,188,88.43,1.66,127,19,US,1320,BlockApportionment:US.BlockGroups;PointsLayer:US.BlockPoints,2.191,2.576,1,32.57,3.07,5.0,18.87,2.85,4.82,4.44,28.78,98,96,0.6475,17.47,29.74,16.36,0,0,,,0,0,0,0,0,0,0,0,0,0,0,0,64,65,0,0,0,85,8937.48,44.25,82,8702.2,44.25,19,2244.33,12.53,3,4,2342.52,143.33,0.0,0,0.0,0,0.0,0,100.0,1,0.0,0,0.35,18.15,44.5,4.54,32.81,5,61.04,24,10,0,,,0,0,34.261064584330335,-118.4431500936486,reconstructed,0.5526071833957679,73,1297,188,32.57,3.07,5.0,18.87,2.85,4.82,1.66,28.78,96,2023 Pop w/Income Below Poverty Level (ACS 5-Yr): Percent,police_station_count,0.004800210436122799
X-11,40,US,1291,BlockApportionment:US.BlockGroups;PointsLayer:US.BlockPoints,2.191,2.576,1,80,2275,101,133,88.44,1.28,111,40,US,1291,BlockApportionment:US.BlockGroups;PointsLayer:US.BlockPoints,2.191,2.576,1,48.21,4.6,18.53,20.25,6.09,4.72,0.99,20.42,90,91,0.6475,17.47,29.74,16.36,0,0,,,33,0,0,0,0,0,0,0,0,0,0,0,141,131,0,0,0,20,1419.6,197.81,0,0.0,604.66,9,1827.01,40.75,1,0,0.0,634.61,0.0,0,0.0,0,0.0,0,100.0,1,0.0,0,1.77,17.17,36.64,3.89,42.3,4,55.12,24,11,0,,,0,0,34.25327908592173,-118.44314245450607,reconstructed,0.5875799932145446,80,2275,133,48.21,4.6,18.53,20.25,6.09,4.72,1.28,20.42,91,2023 Pop w/Income Below Poverty Level (ACS 5-Yr): Percent,fire_station_count,0.0029806176965470766
X-12,12,US,1263,BlockApportionment:US.BlockGroups;PointsLayer:US.BlockPoints,2.191,2.576,1,94,3086,93,119,85.61,1.23,126,12,US,1263,BlockApportionment:US.BlockGroups;PointsLayer:US.BlockPoints,2.191,2.576,1,26.85,2.16,6.37,24.27,6.69,4.42,0.71,30.6,101,102,0.6475,17.47,29.74,16.36,0,0,,,15,0,0,0,0,2,0,0,0,0,0,1,180,167,0,0,3,6,718.95,282.01,0,0.0,1149.25,0,0.0,588.92,2,0,0.0,1205.33,0.0,0,0.0,0,0.0,0,100.0,1,0.0,0,1.55,17.93,55.34,5.34,21.38,5,68.27,24,12,1,34.24733806,-118.44765217,2,1,34.245493587513124,-118.44313481536356,detection_avg,0.5729236229225578,94,3086,119,26.85,2.16,6.37,24.27,6.69,4.42,1.23,30.6,102,pct_below_poverty,lausd_school_site_count,-0.004640035216246133
X-13,36,US,1237,BlockApportionment:US.BlockGroups;PointsLayer:US.BlockPoints,2.191,2.576,1,71,5049,71,102,70.65,1.46,110,36,US,1237,BlockApportionment:US.BlockGroups;PointsLayer:US.BlockPoints,2.191,2.576,1,38.17,4.11,9.62,45.42,8.87,5.31,2.04,19.5,98,104,0.6475,17.47,29.74,16.36,0,0,,,12,0,0,0,0,1,0,0,0,0,0,0,230,237,0,0,1,9,958.7,37.17,0,0.0,1742.17,0,0.0,817.57,0,0,0.0,1775.56,0.0,0,0.0,0,0.0,0,100.0,1,0.0,0,3.0,19.75,62.96,2.65,14.64,5,73.17,24,13,0,,,1,0,34.23770808910452,-118.443127176221,reconstructed,0.5764331075501911,71,5049,102,38.17,4.11,9.62,45.42,8.87,5.31,1.46,19.5,104,pct_below_poverty,lausd_school_site_count,0.006283432226197696
X-14,3,US,1204,BlockApportionment:US.BlockGroups;PointsLayer:US.BlockPoints,2.191,2.576,1,72,2787,69,114,65.52,0.88,128,3,US,1204,BlockApportionment:US.BlockGroups;PointsLayer:US.BlockPoints,2.191,2.576,1,21.07,3.87,3.12,37.95,5.85,4.69,0.31,37.87,100,103,0.6475,17.47,29.74,16.36,0,0,,,18,0,0,0,0,0,0,0,0,0,0,0,358,364,0,0,0,16,1136.45,381.51,0,0.0,2254.12,0,0.0,1416.76,3,0,0.0,2345.96,0.0,0,0.0,0,0.0,0,100.0,1,0.0,0,4.81,20.45,59.79,4.64,15.12,5,70.41,24,14,0,,,0,0,34.229922590695914,-118.44311953707847,reconstructed,0.5422314591884788,72,2787,114,21.07,3.87,3.12,37.95,5.85,4.69,0.88,37.87,103,2023 Pop w/Income Below Poverty Level (ACS 5-Yr): Percent,police_station_count,0.00506036704745179
X-15,21,US,1172,BlockApportionment:US.BlockGroups;PointsLayer:US.BlockPoints,2.191,2.576,1,69,3023,78,69,59.81,2.36,96,21,US,1172,BlockApportionment:US.BlockGroups;PointsLayer:US.BlockPoints,2.191,2.576,1,37.91,2.84,9.32,40.23,6.57,4.71,2.58,23.41,80,84,0.6475,17.47,29.74,16.36,0,0,,,60,0,0,1,1,1,1,1,0,0,0,0,274,286,0,0,1,10,677.36,279.02,0,0.0,2759.41,0,0.0,738.86,1,0,0.0,2775.32,0.0,0,0.0,0,0.0,0,100.0,1,0.0,0,3.18,20.14,59.36,4.24,16.25,5,70.6,24,15,1,34.22489928,-118.44761655,2,1,34.22213709228731,-118.44311189793596,detection_avg,0.5598293651588945,69,3023,69,37.91,2.84,9.32,40.23,6.57,4.71,2.36,23.41,84,2023 Pop w/Income Below Poverty Level (ACS 5-Yr): Percent,college_count,0.01636736211132493
X-16,37,US,1138,BlockApportionment:US.BlockGroups;PointsLayer:US.BlockPoints,2.191,2.576,1,96,2263,89,238,57.45,1.07,99,37,US,1138,BlockApportionment:US.BlockGroups;PointsLayer:US.BlockPoints,2.191,2.576,1,29.55,6.26,19.91,50.49,3.29,3.42,2.42,20.36,68,69,0.6475,17.47,29.74,16.36,0,0,,,0,0,1,0,0,1,0,0,0,0,0,0,189,176,0,0,1,0,0.0,532.93,0,0.0,2783.8,3,338.88,401.33,0,0,0.0,2783.14,0.38,1,0.0,0,0.0,0,100.0,1,0.0,0,2.41,18.59,63.51,4.3,13.6,5,73.73,24,16,0,,,1,0,34.21435159387871,-118.4431042587934,reconstructed,0.5773392062625857,96,2263,238,29.55,6.26,19.91,50.49,3.29,3.42,1.07,20.36,69,2023 Pop w/Income Below Poverty Level (ACS 5-Yr): Percent,fire_station_count,-0.014535861753719011
X-17,2,US,1103,BlockApportionment:US.BlockGroups;PointsLayer:US.BlockPoints,2.191,2.576,1,128,983,108,114,57.27,0.0,63,2,US,1103,BlockApportionment:US.BlockGroups;PointsLayer:US.BlockPoints,2.191,2.576,1,23.6,6.19,33.25,49.38,0.36,4.58,1.69,17.72,114,114,0.6475,17.47,29.74,16.36,0,0,,,0,0,0,0,0,0,0,0,0,0,0,1,136,137,0,0,1,0,0.0,533.71,0,0.0,2785.3,0,0.0,475.02,3,0,0.0,2790.97,0.0,0,0.0,0,0.0,0,100.0,1,0.0,0,1.42,7.79,67.08,2.12,23.01,5,76.53,24,17,0,,,0,0,34.2065660954701,-118.44309661965087,reconstructed,0.5893750434639425,128,983,114,23.6,6.19,33.25,49.38,0.36,4.58,0.0,17.72,114,2023 Pop w/Income Below Poverty Level (ACS 5-Yr): Percent,police_station_count,-0.008941601026218719
X-18,17,US,1068,BlockApportionment:US.BlockGroups;PointsLayer:US.BlockPoints,2.191,2.576,1,97,5732,81,188,62.82,0.73,70,17,US,1068,BlockApportionment:US.BlockGroups;PointsLayer:US.BlockPoints,2.191,2.576,1,23.4,10.53,21.85,40.84,7.27,6.02,0.63,29.43,74,77,0.6475,17.47,29.74,16.36,0,0,,,12,0,0,0,1,1,0,0,0,0,0,0,501,528,0,0,3,17,938.71,51.63,0,0.0,2699.73,2,467.95,334.12,2,0,0.0,2802.95,0.22,1,0.0,0,0.0,0,100.0,1,0.0,0,0.53,15.4,62.65,4.6,17.35,5,73.7,24,18,0,,,1,0,34.1987805970615,-118.44308898050836,reconstructed,0.6335397198994749,97,5732,188,23.4,10.53,21.85,40.84,7.27,6.02,0.73,29.43,77,2023 Pop w/Income Below Poverty Level (ACS 5-Yr): Percent,college_count,-0.01992585284125302
X-19,34,US,1035,BlockApportionment:US.BlockGroups;PointsLayer:US.BlockPoints,2.191,2.576,1,91,5063,104,121,66.66,0.94,77,34,US,1035,BlockApportionment:US.BlockGroups;PointsLayer:US.BlockPoints,2.191,2.576,1,27.78,2.87,18.12,27.0,11.03,8.93,0.87,24.03,85,85,0.6475,17.47,29.74,16.36,0,0,,,12,0,0,0,0,1,0,2,1,0,0,1,441,455,0,0,2,0,0.0,535.71,0,0.0,2858.6,1,1244.01,230.41,5,0,0.0,2880.35,0.0,0,0.0,0,0.0,0,100.0,1,0.0,0,1.55,21.86,51.98,5.34,20.83,5,65.92,24,19,0,,,1,0,34.19099509865289,-118.4430813413658,reconstructed,0.6114631574702447,91,5063,121,27.78,2.87,18.12,27.0,11.03,8.93,0.94,24.03,85,2023 Pop w/Income Below Poverty Level (ACS 5-Yr): Percent,adult_recreation_count,0.006134356113473453
X-2,43,US,1444,BlockApportionment:US.BlockGroups;PointsLayer:US.BlockPoints,2.191,2.576,1,66,815,63,57,74.72,5.11,161,43,US,1444,BlockApportionment:US.BlockGroups;PointsLayer:US.BlockPoints,2.191,2.576,1,45.75,7.55,4.07,37.29,5.4,1.49,4.65,30.11,130,134,0.6475,17.47,29.74,16.36,0,0,,,21,0,0,0,0,0,0,0,0,0,0,0,54,57,0,0,0,0,0.0,517.61,0,0.0,517.61,5,1021.73,68.84,5,0,0.0,518.77,0.0,0,1.13,1,0.0,0,100.0,1,0.0,0,2.48,37.35,32.39,1.59,28.67,5,51.93,24,2,1,34.32227332,-118.44610406,0,1,34.323348571599176,-118.44321120678887,detection_avg,0.50344589418381,66,815,57,45.75,7.55,4.07,37.29,5.4,1.49,5.11,30.11,134,2023 Pop w/Income Below Poverty Level (ACS 5-Yr): Percent,police_station_count,0.0050758411304690585
X-20,2,US,1003,BlockApportionment:US.BlockGroups;PointsLayer:US.BlockPoints,2.191,2.576,1,154,6270,122,155,69.89,0.56,68,2,US,1003,BlockApportionment:US.BlockGroups;PointsLayer:US.BlockPoints,2.191,2.576,1,20.31,7.36,21.17,29.84,6.91,8.02,1.11,28.07,63,64,0.6475,17.47,29.74,16.36,0,0,,,18,0,0,3,0,0,0,0,0,0,0,0,739,808,1,1,1,14,804.6,167.45,0,0.0,2500.82,1,818.66,262.89,0,0,0.0,2500.75,0.0,0,0.0,0,0.0,0,100.0,1,0.0,0,1.42,15.93,62.3,4.07,17.7,5,73.18,24,20,1,34.18666726,-118.44645802,0,1,34.18320960024429,-118.44307370222327,detection_avg,0.6745727014029528,154,6270,155,20.31,7.36,21.17,29.84,6.91,8.02,0.56,28.07,64,2023 Pop 35-64: No Health Insurance (ACS 5-Yr): Percent,police_station_count,-0.010500393050217882
X-21,19,US,970,BlockApportionment:US.BlockGroups;PointsLayer:US.BlockPoints,2.191,2.576,1,137,2630,115,140,43.38,0.65,95,19,US,970,BlockApportionment:US.BlockGroups;PointsLayer:US.BlockPoints,2.191,2.576,1,19.6,3.33,9.4,26.13,3.34,4.59,0.95,17.76,97,100,0.6475,17.47,29.74,16.36,0,0,,,12,0,0,0,0,0,0,0,0,0,0,2,414,385,0,0,0,0,0.0,536.88,0,0.0,2274.69,1,820.97,262.22,2,0,0.0,2297.64,0.0,0,0.0,0,0.0,0,100.0,1,0.0,0,3.61,18.56,61.17,4.47,15.81,5,71.74,24,21,0,,,0,0,34.17542410183568,-118.44306606308076,reconstructed,0.5893683043273348,137,2630,140,19.6,3.33,9.4,26.13,3.34,4.59,0.65,17.76,100,total_population,police_station_count,-0.002682465113723493
X-22,32,US,933,BlockApportionment:US.BlockGroups;PointsLayer:US.BlockPoints,2.191,2.576,1,68,2783,54,81,21.45,1.67,149,32,US,933,BlockApportionment:US.BlockGroups;PointsLayer:US.BlockPoints,2.191,2.576,1,17.26,3.67,8.65,34.06,2.58,0.72,1.09,13.43,121,120,0.6475,17.47,29.74,16.36,0,0,,,8,0,0,0,0,0,0,0,0,0,0,1,395,392,0,0,0,16,670.34,284.01,0,0.0,1449.31,1,823.27,261.56,1,0,0.0,1484.2,0.0,0,0.0,0,0.0,0,100.0,1,0.0,0,5.84,24.6,59.12,3.19,13.1,5,69.63,24,22,0,,,0,0,34.16763860342708,-118.4430584239382,reconstructed,0.554924277808267,68,2783,81,17.26,3.67,8.65,34.06,2.58,0.72,1.67,13.43,120,total_population,police_station_count,-0.0026305004111799022
X-23,39,US,890,BlockApportionment:US.BlockGroups;PointsLayer:US.BlockPoints,2.191,2.576,1,123,2923,85,317,17.52,4.15,124,39,US,890,BlockApportionment:US.BlockGroups;PointsLayer:US.BlockPoints,2.191,2.576,1,17.37,7.25,9.68,28.99,0.58,3.78,4.34,12.92,115,114,0.6475,17.47,29.74,16.36,0,0,,,12,0,0,0,0,0,0,0,0,0,0,0,366,397,0,0,0,0,0.0,536.18,0,0.0,690.13,1,825.57,260.9,1,0,0.0,706.94,0.0,0,0.0,0,0.0,0,100.0,1,0.0,0,5.68,33.05,47.85,4.48,14.63,5,61.79,24,23,0,,,0,0,34.15985310501847,-118.44305078479567,reconstructed,0.5687744055438556,123,2923,317,17.37,7.25,9.68,28.99,0.58,3.78,4.15,12.92,114,total_population,police_station_count,-0.0025761465164039024
X-24,1,US,852,BlockApportionment:US.BlockGroups;PointsLayer:US.BlockPoints,2.191,2.576,1,159,3019,113,117,19.81,1.78,111,1,US,852,BlockApportionment:US.BlockGroups;PointsLayer:US.BlockPoints,2.191,2.576,1,5.01,1.75,12.77,21.83,0.61,1.95,1.48,11.7,109,109,0.6475,17.47,29.74,16.36,0,0,,,12,0,0,1,0,0,0,0,0,0,0,0,419,431,0,0,0,15,2012.24,125.7,11,1762.62,125.7,3,1102.18,200.66,1,2,1551.65,123.89,0.0,0,0.0,0,0.0,0,100.0,1,0.0,0,4.25,19.47,58.05,4.42,18.05,5,69.36,24,24,0,,,0,0,34.15206760660987,-118.44304314565316,reconstructed,0.6112811633253092,159,3019,117,5.01,1.75,12.77,21.83,0.61,1.95,1.78,11.7,109,total_population,police_station_count,-0.002536132821434649
X-3,34,US,1435,BlockApportionment:US.BlockGroups;PointsLayer:US.BlockPoints,2.191,2.576,1,58,3076,69,174,80.59,0.86,106,34,US,1435,BlockApportionment:US.BlockGroups;PointsLayer:US.BlockPoints,2.191,2.576,1,28.12,9.63,14.93,9.45,16.1,4.15,1.25,21.02,92,93,0.6475,17.47,29.74,16.36,0,0,,,16,0,0,0,0,0,0,0,0,0,0,0,138,131,0,0,0,32,4187.01,32.03,15,2861.19,73.78,7,870.68,201.45,0,2,1778.95,89.25,0.0,0,1.84,1,0.0,0,100.0,1,0.0,0,2.58,25.13,43.2,4.65,27.02,5,59.47,24,3,0,,,0,0,34.315563073190575,-118.44320356764636,reconstructed,0.5769025210398465,58,3076,174,28.12,9.63,14.93,9.45,16.1,4.15,0.86,21.02,93,pct_below_poverty,lausd_school_site_count,0.0025539283077677774
X-36,18,US,569,BlockApportionment:US.BlockGroups;PointsLayer:US.BlockPoints,2.191,2.576,1,242,3304,120,136,8.93,3.05,112,18,US,569,BlockApportionment:US.BlockGroups;PointsLayer:US.BlockPoints,2.191,2.576,1,10.59,4.71,23.39,37.75,0.61,0.3,2.34,6.13,154,152,0.6475,17.47,29.74,16.36,0,0,,,53,0,0,1,1,0,0,0,1,0,0,2,2175,2148,0,0,0,13,885.75,142.59,0,0.0,743.8,1,413.96,346.27,62,0,0.0,990.26,0.0,0,0.0,0,0.0,0,100.0,1,0.0,0,1.95,16.84,65.78,0.53,16.84,5,75.46,24,36,0,,,0,0,34.058641625706606,-118.44295147594272,reconstructed,0.6352097669668731,242,3304,136,10.59,4.71,23.39,37.75,0.61,0.3,3.05,6.13,152,2023 Pop w/Income Below Poverty Level (ACS 5-Yr): Percent,college_count,-0.023339397089357523
X-37,32,US,533,BlockApportionment:US.BlockGroups;PointsLayer:US.BlockPoints,2.191,2.576,1,152,6027,101,86,8.3,2.01,123,32,US,533,BlockApportionment:US.BlockGroups;PointsLayer:US.BlockPoints,2.191,2.576,1,9.45,2.19,8.69,29.29,0.0,0.87,0.91,5.54,131,130,0.6475,17.47,29.74,16.36,0,0,,,3,0,0,0,1,0,0,0,0,0,0,0,833,839,0,0,0,6,89.82,471.36,0,0.0,601.98,2,1195.89,218.38,24,0,0.0,601.27,0.0,0,0.0,0,0.0,0,100.0,1,0.0,0,2.06,21.82,56.87,1.55,19.76,5,69.19,24,37,1,34.05426521333334,-118.44040341666668,0,1,34.050856127298005,-118.4429438368002,detection_avg,0.6212786282988466,152,6027,86,9.45,2.19,8.69,29.29,0.0,0.87,2.01,5.54,130,2023 Pop w/Income Below Poverty Level (ACS 5-Yr): Percent,college_count,0.015320475092514328
X-38,46,US,497,BlockApportionment:US.BlockGroups;PointsLayer:US.BlockPoints,2.191,2.576,1,230,3867,153,79,13.65,0.8,136,46,US,497,BlockApportionment:US.BlockGroups;PointsLayer:US.BlockPoints,2.191,2.576,1,8.88,2.8,8.06,21.42,0.53,1.25,0.59,5.54,131,129,0.6475,17.47,29.74,16.36,0,0,,,9,0,0,0,0,0,2,0,0,0,0,0,1121,1174,0,0,2,40,4759.41,121.08,18,3416.54,121.08,1,705.45,257.72,19,4,1770.65,141.07,0.0,0,0.0,0,0.0,0,100.0,1,0.0,0,3.01,16.13,73.4,0.53,9.93,5,80.48,24,38,1,34.0451062075,-118.443801554375,2,1,34.0430706288894,-118.44293619765769,detection_avg,0.6395262650924638,230,3867,79,8.88,2.8,8.06,21.42,0.53,1.25,0.8,5.54,129,total_crime_est,affordable_housing_count,-0.004245020541084649
X-39,10,US,461,BlockApportionment:US.BlockGroups;PointsLayer:US.BlockPoints,2.191,2.576,1,307,1132,184,38,17.4,0.86,219,10,US,461,BlockApportionment:US.BlockGroups;PointsLayer:US.BlockPoints,2.191,2.576,1,15.41,1.79,7.23,26.55,1.63,1.22,0.65,6.84,184,181,0.6475,17.47,29.74,16.36,0,0,,,0,0,1,0,0,0,1,1,1,0,0,1,1145,1167,0,1,0,69,4552.28,18.5,36,3366.47,261.59,0,0.0,553.2,46,2,1276.66,335.87,0.0,0,0.0,0,0.0,0,100.0,1,0.0,0,2.66,13.65,74.11,0.71,11.52,5,81.08,24,39,1,34.03602885,-118.44111641,1,1,34.035285130480794,-118.44292855851512,detection_avg,0.6239334200140277,307,1132,38,15.41,1.79,7.23,26.55,1.63,1.22,0.86,6.84,181,2023 Pop w/Income Below Poverty Level (ACS 5-Yr): Percent,fire_station_count,0.007934742692136119
X-4,24,US,1425,BlockApportionment:US.BlockGroups;PointsLayer:US.BlockPoints,2.191,2.576,1,70,3275,76,88,86.41,1.59,89,24,US,1425,BlockApportionment:US.BlockGroups;PointsLayer:US.BlockPoints,2.191,2.576,1,32.37,10.75,25.81,32.18,9.36,4.22,1.85,27.62,76,79,0.6475,17.47,29.74,16.36,0,0,,,12,0,0,0,0,2,0,1,0,0,0,0,111,127,0,0,5,4,694.88,281.42,0,0.0,705.62,2,635.88,250.13,2,0,0.0,719.41,0.0,0,1.11,1,0.0,0,100.0,1,0.0,0,2.12,28.14,41.77,5.66,24.42,5,58.6,24,4,0,,,2,0,34.307777574781966,-118.4431959285038,reconstructed,0.5829030272399341,70,3275,88,32.37,10.75,25.81,32.18,9.36,4.22,1.59,27.62,79,pct_below_poverty,la_geohub_100yr_flood_intersects,-0.03550443270023847
X-40,25,US,426,BlockApportionment:US.BlockGroups;PointsLayer:US.BlockPoints,2.191,2.576,1,141,3121,139,50,27.49,3.39,152,25,US,426,BlockApportionment:US.BlockGroups;PointsLayer:US.BlockPoints,2.191,2.576,1,15.17,3.46,7.88,17.16,0.64,1.65,3.29,11.24,146,145,0.6475,17.47,29.74,16.36,0,0,,,0,0,0,0,0,2,0,0,0,0,0,0,445,420,0,0,5,25,2768.73,59.29,25,2768.73,59.29,1,917.25,73.86,14,2,1803.07,56.02,0.0,0,0.0,0,0.0,0,100.0,1,0.0,0,2.92,26.29,52.41,2.92,18.38,5,65.81,24,40,1,34.02968278,-118.442703895,2,1,34.027499632072185,-118.4429209193726,detection_avg,0.6276048177558943,141,3121,50,15.17,3.46,7.88,17.16,0.64,1.65,3.39,11.24,145,pct_below_poverty,lausd_school_site_count,0.003032979290451809
X-41,41,US,392,BlockApportionment:US.BlockGroups;PointsLayer:US.BlockPoints,2.191,2.576,1,93,2020,109,31,17.43,1.8,153,41,US,392,BlockApportionment:US.BlockGroups;PointsLayer:US.BlockPoints,2.191,2.576,1,18.23,2.8,12.93,23.49,1.03,0.37,1.45,6.34,141,142,0.6475,17.47,29.74,16.36,0,0,,,0,0,0,0,0,0,0,0,0,0,0,0,223,224,0,0,0,0,0.0,876.85,0,0.0,876.85,1,536.9,400.32,4,0,0.0,887.14,0.0,0,0.0,0,0.0,0,100.0,1,0.0,0,4.06,29.86,39.93,2.65,27.56,5,56.73,24,41,0,,,0,0,34.019714133663584,-118.44291328023009,reconstructed,0.5588326836754431,93,2020,31,18.23,2.8,12.93,23.49,1.03,0.37,1.8,6.34,142,total_population,police_station_count,-0.0026757183714909427
X-42,7,US,358,BlockApportionment:US.BlockGroups;PointsLayer:US.BlockPoints,2.191,2.576,1,68,1927,72,43,13.49,2.31,179,7,US,358,BlockApportionment:US.BlockGroups;PointsLayer:US.BlockPoints,2.191,2.576,1,20.43,0.0,2.54,47.25,0.0,1.24,1.77,11.67,181,183,0.6475,17.47,29.74,16.36,0,0,,,0,0,0,0,0,0,0,0,0,0,0,0,186,164,0,0,0,0,0.0,1380.55,0,0.0,1677.58,0,0.0,882.29,2,0,0.0,1713.13,0.0,0,0.0,0,0.0,0,100.0,1,0.0,0,2.07,28.79,37.76,3.28,30.17,5,55.81,24,42,0,,,0,0,34.011928635254975,-118.44290564108752,reconstructed,0.507942797230231,68,1927,43,20.43,0.0,2.54,47.25,0.0,1.24,2.31,11.67,183,2023 Pop w/Income Below Poverty Level (ACS 5-Yr): Percent,police_station_count,0.004869035982315807
X-43,28,US,329,BlockApportionment:US.BlockGroups;PointsLayer:US.BlockPoints,2.191,2.576,1,71,1911,85,110,19.68,1.89,195,28,US,329,BlockApportionment:US.BlockGroups;PointsLayer:US.BlockPoints,2.191,2.576,1,22.59,2.18,2.52,31.84,0.44,1.18,1.24,6.67,181,181,0.6475,17.47,29.74,16.36,0,0,,,0,0,0,0,0,1,0,0,0,0,0,0,262,245,0,0,1,0,0.0,639.29,0,0.0,1594.1,0,0.0,1558.67,0,0,0.0,1590.33,0.0,0,0.0,0,0.0,0,100.0,1,0.0,0,3.36,34.87,32.04,3.72,29.38,5,51.42,24,43,0,,,1,0,34.00414313684637,-118.442898001945,reconstructed,0.5338940747336032,71,1911,110,22.59,2.18,2.52,31.84,0.44,1.18,1.89,6.67,181,pct_below_poverty,lausd_school_site_count,0.01079769784174453
X-44,1,US,302,BlockApportionment:US.BlockGroups;PointsLayer:US.BlockPoints,2.191,2.576,1,129,2342,124,221,27.88,1.25,130,1,US,302,BlockApportionment:US.BlockGroups;PointsLayer:US.BlockPoints,2.191,2.576,1,17.57,1.41,9.57,29.93,1.31,1.99,1.63,10.65,133,135,0.6475,17.47,29.74,16.36,0,0,,,18,0,0,0,0,2,0,0,0,0,0,0,388,379,0,1,6,11,1729.74,84.39,0,0.0,885.26,0,0.0,2068.38,4,0,0.0,882.39,0.0,0,0.0,0,0.0,0,100.0,1,0.0,0,1.72,24.31,48.62,1.21,25.86,5,63.52,24,44,1,33.99871966,-118.44753919,2,1,33.996357638437765,-118.44289036280249,detection_avg,0.613911661387568,129,2342,221,17.57,1.41,9.57,29.93,1.31,1.99,1.25,10.65,135,pct_below_poverty,lausd_school_site_count,-0.006813231929406371
X-45,21,US,272,BlockApportionment:US.BlockGroups;PointsLayer:US.BlockPoints,2.191,2.576,1,281,3741,144,38,14.41,2.78,225,21,US,272,BlockApportionment:US.BlockGroups;PointsLayer:US.BlockPoints,2.191,2.576,1,6.75,1.25,14.44,36.31,0.0,2.41,3.59,3.49,169,168,0.6475,17.47,29.74,16.36,0,0,,,0,0,0,0,1,0,0,0,0,0,0,0,709,772,0,0,0,6,594.26,350.5,6,594.26,350.5,0,0.0,1499.29,14,2,1182.01,346.05,0.0,0,0.0,0,0.0,0,100.0,1,0.0,0,1.78,11.37,76.55,0.18,11.9,5,83.05,24,45,1,33.99045416,-118.44781515,0,1,33.98857214002916,-118.44288272365992,detection_avg,0.6012549076197965,281,3741,38,6.75,1.25,14.44,36.31,0.0,2.41,2.78,3.49,168,2023 Pop w/Income Below Poverty Level (ACS 5-Yr): Percent,college_count,0.00937796743933696
X-46,45,US,246,BlockApportionment:US.BlockGroups;PointsLayer:US.BlockPoints,2.191,2.576,1,157,2785,56,12,11.02,4.01,243,45,US,246,BlockApportionment:US.BlockGroups;PointsLayer:US.BlockPoints,2.191,2.576,1,12.11,0.62,5.67,28.7,0.0,2.03,1.94,4.44,188,180,0.6475,17.47,29.74,16.36,0,0,,,30,1,0,1,0,0,0,1,1,0,0,0,287,323,0,0,0,30,2572.83,127.75,30,2572.83,127.75,0,0.0,734.93,23,4,2576.97,129.11,23.24,1,0.0,0,4.6,1,78.3,1,0.0,0,1.42,9.95,76.55,4.62,8.88,5,83.16,24,46,0,,,0,0,33.980786641620554,-118.4428750845174,reconstructed,0.6076629050045183,157,2785,12,12.11,0.62,5.67,28.7,0.0,2.03,4.01,4.44,180,esri_market_idx_14068_forecast,la_geohub_fire_hazard_area_pct,-0.010870664362698854
X-47,20,US,221,BlockApportionment:US.BlockGroups;PointsLayer:US.BlockPoints,2.191,2.576,1,253,384,96,24,9.11,1.34,253,20,US,221,BlockApportionment:US.BlockGroups;PointsLayer:US.BlockPoints,2.191,2.576,1,11.67,0.0,0.0,16.82,0.0,0.0,3.67,1.98,232,227,0.6475,17.47,29.74,16.36,0,0,,,0,0,0,0,0,0,0,1,1,0,0,0,10,11,0,0,0,0,0.0,646.59,0,0.0,646.59,1,210.95,225.82,2,0,0.0,689.72,20.02,1,0.37,1,9.72,1,81.13,1,0.0,0,3.1,47.41,36.03,10.52,6.03,3,54.29,24,47,0,,,0,0,33.97300114321195,-118.44286744537489,reconstructed,0.5274651279866944,253,384,24,11.67,0.0,0.0,16.82,0.0,0.0,1.34,1.98,227,2023 Pop w/Income Below Poverty Level (ACS 5-Yr): Percent,adult_recreation_count,-0.04373983785643578
X-48,48,US,199,BlockApportionment:US.BlockGroups;PointsLayer:US.BlockPoints,2.191,2.576,1,0,0,0,0,0.0,0.0,0,48,US,199,BlockApportionment:US.BlockGroups;PointsLayer:US.BlockPoints,2.191,2.576,1,0.0,0.0,0.0,0.0,0.0,0.0,0.0,0.0,0,0,0.6475,17.47,29.74,16.36,0,0,,,0,0,0,0,0,0,0,0,0,0,0,0,3,4,0,0,0,8,1069.34,182.89,0,0.0,1281.22,21,3191.42,128.58,0,0,0.0,1277.34,84.64,1,13.24,1,68.83,1,97.42,1,0.0,0,2.48,48.94,13.65,11.35,26.06,3,38.81,24,48,0,,,0,0,33.96521564480335,-118.44285980623232,reconstructed,0.513926120781977,0,0,0,0.0,0.0,0.0,0.0,0.0,0.0,0.0,0.0,0,esri_market_idx_14068_forecast,la_geohub_fire_hazard_area_pct,-0.03479956420396832
X-49,26,US,177,BlockApportionment:US.BlockGroups;PointsLayer:US.BlockPoints,2.191,2.576,1,107,2857,84,105,13.69,1.95,154,26,US,177,BlockApportionment:US.BlockGroups;PointsLayer:US.BlockPoints,2.191,2.576,1,16.33,6.03,5.2,35.38,0.08,1.29,2.1,3.73,159,155,0.6475,17.47,29.74,16.36,0,0,,,9,0,0,0,0,0,0,0,0,0,0,0,418,408,0,0,0,8,682.76,313.58,0,0.0,1675.63,6,224.5,410.52,11,0,0.0,1675.97,6.42,1,0.0,0,6.53,1,100.0,1,0.0,0,2.41,32.24,41.38,1.9,24.48,5,58.24,24,49,0,,,0,0,33.95743014639474,-118.4428521670898,reconstructed,0.5931364908107278,107,2857,105,16.33,6.03,5.2,35.38,0.08,1.29,1.95,3.73,155,2023 Pop w/Income Below Poverty Level (ACS 5-Yr): Percent,police_station_count,0.004711016810902417
X-5,14,US,1415,BlockApportionment:US.BlockGroups;PointsLayer:US.BlockPoints,2.191,2.576,1,117,2804,129,86,91.01,2.62,111,14,US,1415,BlockApportionment:US.BlockGroups;PointsLayer:US.BlockPoints,2.191,2.576,1,46.05,3.19,8.87,23.48,7.99,5.4,2.3,22.3,102,111,0.6475,17.47,29.74,16.36,0,0,,,12,0,0,0,0,0,1,0,0,0,0,1,172,169,0,0,0,0,0.0,870.58,0,0.0,1355.46,0,0.0,833.09,2,0,0.0,1357.54,0.0,0,0.0,0,0.0,0,100.0,1,0.0,0,3.79,24.48,50.0,3.62,21.9,5,63.86,24,5,0,,,1,0,34.299992076373364,-118.44318828936127,reconstructed,0.581044880684129,117,2804,86,46.05,3.19,8.87,23.48,7.99,5.4,2.62,22.3,111,total_population,police_station_count,-0.002622696620883198
X-50,6,US,157,BlockApportionment:US.BlockGroups;PointsLayer:US.BlockPoints,2.191,2.576,1,185,484,131,117,17.98,4.1,175,6,US,157,BlockApportionment:US.BlockGroups;PointsLayer:US.BlockPoints,2.191,2.576,1,21.3,0.0,3.1,28.17,0.0,0.0,3.47,0.0,176,171,0.6475,17.47,29.74,16.36,0,0,,,0,0,0,0,0,0,0,0,0,0,0,0,113,135,0,0,0,6,683.0,279.66,0,0.0,2227.31,0,0.0,1231.53,2,0,0.0,2227.34,0.0,0,0.0,0,2.68,1,100.0,1,0.0,0,0.35,30.85,23.05,0.89,45.21,4,46.03,24,50,0,,,0,0,33.94964464798614,-118.44284452794729,reconstructed,0.5694752826040234,185,484,117,21.3,0.0,3.1,28.17,0.0,0.0,4.1,0.0,171,total_population,police_station_count,0.006180759853197662
X-6,4,US,1405,BlockApportionment:US.BlockGroups;PointsLayer:US.BlockPoints,2.191,2.576,1,50,2752,66,81,87.57,1.2,108,4,US,1405,BlockApportionment:US.BlockGroups;PointsLayer:US.BlockPoints,2.191,2.576,1,21.11,4.58,4.51,23.19,11.26,8.21,1.02,27.23,108,114,0.6475,17.47,29.74,16.36,0,0,,,16,0,0,0,0,0,0,0,0,0,0,0,107,87,0,0,0,0,0.0,679.07,0,0.0,1815.29,0,0.0,731.42,2,0,0.0,1818.58,0.0,0,0.0,0,0.0,0,100.0,1,0.0,0,3.89,26.86,47.7,5.3,20.14,5,62.22,24,6,0,,,0,0,34.292206577964755,-118.44318065021876,reconstructed,0.546035876418215,50,2752,81,21.11,4.58,4.51,23.19,11.26,8.21,1.2,27.23,114,2023 Pop w/Income Below Poverty Level (ACS 5-Yr): Percent,police_station_count,0.004976423149129675
X-7,38,US,1389,BlockApportionment:US.BlockGroups;PointsLayer:US.BlockPoints,2.191,2.576,1,77,2602,84,162,91.66,1.04,63,38,US,1389,BlockApportionment:US.BlockGroups;PointsLayer:US.BlockPoints,2.191,2.576,1,35.12,13.03,19.14,38.72,6.87,5.21,0.85,28.15,85,89,0.6475,17.47,29.74,16.36,0,0,,,88,0,0,1,1,2,0,0,0,0,0,0,78,95,0,0,1,22,1297.7,100.93,0,0.0,1285.67,0,0.0,827.44,47,0,0.0,1371.15,0.0,0,0.0,0,0.0,0,100.0,1,0.0,0,1.03,11.7,69.71,2.24,16.35,5,78.49,24,7,0,,,2,0,34.284421079556154,-118.4431730110762,reconstructed,0.6026930384038555,77,2602,162,35.12,13.03,19.14,38.72,6.87,5.21,1.04,28.15,89,2023 Pop w/Income Below Poverty Level (ACS 5-Yr): Percent,college_count,-0.010537195194497483
X-8,20,US,1371,BlockApportionment:US.BlockGroups;PointsLayer:US.BlockPoints,2.191,2.576,1,108,2828,110,98,94.2,2.7,74,20,US,1371,BlockApportionment:US.BlockGroups;PointsLayer:US.BlockPoints,2.191,2.576,1,21.79,2.52,8.74,33.69,4.24,1.42,3.17,18.05,72,76,0.6475,17.47,29.74,16.36,0,0,,,28,1,0,0,0,1,1,0,1,0,0,0,99,84,0,0,2,31,1767.04,43.21,0,0.0,802.84,0,0.0,765.44,12,0,0.0,830.85,0.0,0,0.0,0,0.0,0,100.0,1,0.0,0,0.88,16.05,64.37,3.0,16.58,5,74.8,24,8,0,,,2,0,34.276635581147545,-118.44316537193367,reconstructed,0.6111640708714932,108,2828,98,21.79,2.52,8.74,33.69,4.24,1.42,2.7,18.05,76,2023 Pop 35-64: No Health Insurance (ACS 5-Yr): Percent,hospital_count,-0.008569757153600312
X-9,47,US,1348,BlockApportionment:US.BlockGroups;PointsLayer:US.BlockPoints,2.191,2.576,1,128,2468,125,162,91.73,0.89,86,47,US,1348,BlockApportionment:US.BlockGroups;PointsLayer:US.BlockPoints,2.191,2.576,1,30.32,7.24,11.18,41.38,6.03,4.71,3.68,25.27,80,85,0.6475,17.47,29.74,16.36,0,0,,,12,0,0,0,0,2,0,0,0,0,0,0,96,89,0,0,3,50,5439.8,142.07,40,4578.06,319.24,6,1019.37,391.14,2,4,1686.96,332.48,0.0,0,0.0,0,0.0,0,100.0,1,0.0,0,2.61,20.56,47.74,2.26,29.44,5,62.64,24,9,0,,,2,0,34.26885008273894,-118.44315773279116,reconstructed,0.6215238548947983,128,2468,162,30.32,7.24,11.18,41.38,6.03,4.71,0.89,25.27,85,pct_below_poverty,lausd_school_site_count,-0.0032544672053863005
Y-1,47,US,1448,BlockApportionment:US.BlockGroups;PointsLayer:US.BlockPoints,2.191,2.576,1,34,693,53,162,66.09,9.48,176,47,US,1448,BlockApportionment:US.BlockGroups;PointsLayer:US.BlockPoints,2.191,2.576,1,35.85,4.15,7.02,16.67,12.75,2.64,9.36,19.42,130,130,0.6475,17.47,29.74,16.36,0,0,,,0,0,0,0,0,0,0,0,0,0,0,0,29,28,0,0,0,0,0.0,1343.21,0,0.0,1343.21,22,3126.67,16.48,0,0,0.0,1346.04,0.0,0,0.0,0,0.0,0,95.32,1,0.0,0,8.92,47.68,16.47,0.0,35.85,4,38.85,25,1,0,,,0,0,34.33112725592566,-118.43511110213414,reconstructed,0.5470005392540325,34,693,162,35.85,4.15,7.02,16.67,12.75,2.64,9.48,19.42,130,2023 Pop w/Income Below Poverty Level (ACS 5-Yr): Percent,la_geohub_fire_hazard_area_pct,0.03403431440502922
Y-10,20,US,1321,BlockApportionment:US.BlockGroups;PointsLayer:US.BlockPoints,2.191,2.576,1,117,2432,140,155,94.2,1.47,101,20,US,1321,BlockApportionment:US.BlockGroups;PointsLayer:US.BlockPoints,2.191,2.576,1,24.89,3.62,18.63,33.85,10.28,7.44,1.37,17.05,108,107,0.6475,17.47,29.74,16.36,0,0,,,30,0,0,0,0,0,1,0,0,0,0,0,262,250,0,0,0,61,5877.81,143.58,25,3898.64,143.58,0,0.0,822.75,7,2,1572.23,191.78,0.0,0,0.0,0,0.0,0,100.0,1,0.0,0,3.43,17.5,64.15,4.12,14.24,5,73.88,25,10,0,,,1,0,34.261057770248215,-118.43504234985134,reconstructed,0.6530357914670085,117,2432,155,24.89,3.62,18.63,33.85,10.28,7.44,1.47,17.05,107,2023 Pop 35-64: No Health Insurance (ACS 5-Yr): Percent,affordable_housing_count,-0.004435752111070283
Y-11,41,US,1292,BlockApportionment:US.BlockGroups;PointsLayer:US.BlockPoints,2.191,2.576,1,113,3039,133,121,90.36,3.61,132,41,US,1292,BlockApportionment:US.BlockGroups;PointsLayer:US.BlockPoints,2.191,2.576,1,33.23,5.32,24.57,45.25,15.46,9.62,1.9,26.81,106,110,0.6475,17.47,29.74,16.36,0,0,,,15,0,0,0,0,0,0,0,0,0,0,1,183,180,0,0,1,20,2972.88,351.11,14,2813.68,351.11,1,715.6,259.48,0,2,1162.09,357.14,0.0,0,0.0,0,0.0,0,100.0,1,0.0,0,2.3,18.02,63.25,1.94,16.78,5,73.58,25,11,0,,,0,0,34.25327227183961,-118.4350347107088,reconstructed,0.6123954286525609,113,3039,121,33.23,5.32,24.57,45.25,15.46,9.62,3.61,26.81,110,2023 Pop w/Income Below Poverty Level (ACS 5-Yr): Percent,police_station_count,-0.007350063252603214
Y-12,13,US,1264,BlockApportionment:US.BlockGroups;PointsLayer:US.BlockPoints,2.191,2.576,1,56,2832,73,188,85.91,1.1,127,13,US,1264,BlockApportionment:US.BlockGroups;PointsLayer:US.BlockPoints,2.191,2.576,1,47.98,2.75,14.37,33.1,9.82,6.5,1.48,24.43,100,103,0.6475,17.47,29.74,16.36,0,0,,,0,0,0,0,0,0,0,0,0,0,0,0,179,191,0,0,0,0,0.0,659.21,0,0.0,909.88,3,686.16,309.23,0,0,0.0,927.67,0.0,0,0.0,0,0.0,0,100.0,1,0.0,0,1.94,23.99,51.15,3.35,21.52,5,65.22,25,12,0,,,0,0,34.245486773431004,-118.43502707156628,reconstructed,0.5536533755475112,56,2832,188,47.98,2.75,14.37,33.1,9.82,6.5,1.1,24.43,103,2023 Pop 35-64: No Health Insurance (ACS 5-Yr): Percent,police_station_count,0.0031896741878392463
Y-13,37,US,1238,BlockApportionment:US.BlockGroups;PointsLayer:US.BlockPoints,2.191,2.576,1,85,2558,92,57,81.0,3.72,135,37,US,1238,BlockApportionment:US.BlockGroups;PointsLayer:US.BlockPoints,2.191,2.576,1,45.11,4.89,13.91,55.26,10.67,4.71,3.93,19.0,114,117,0.6475,17.47,29.74,16.36,0,0,,,12,0,1,0,0,0,0,0,0,0,0,0,203,176,0,0,0,17,1354.33,8.82,0,0.0,1401.52,0,0.0,877.96,1,0,0.0,1497.89,0.0,0,0.0,0,0.0,0,100.0,1,0.0,0,1.37,22.34,47.08,6.36,24.23,5,62.54,25,13,0,,,0,0,34.2377012750224,-118.43501943242374,reconstructed,0.565300322532718,85,2558,57,45.11,4.89,13.91,55.26,10.67,4.71,3.72,19.0,117,total_population,police_station_count,-0.002703064358233751
Y-14,4,US,1205,BlockApportionment:US.BlockGroups;PointsLayer:US.BlockPoints,2.191,2.576,1,70,3109,89,129,71.47,0.77,123,4,US,1205,BlockApportionment:US.BlockGroups;PointsLayer:US.BlockPoints,2.191,2.576,1,34.34,1.58,9.53,15.02,10.54,4.69,1.15,22.28,111,115,0.6475,17.47,29.74,16.36,0,0,,,45,0,0,0,0,1,0,0,0,0,0,0,341,285,0,0,2,15,1121.24,21.78,0,0.0,2055.64,0,0.0,994.05,2,0,0.0,2068.46,0.0,0,0.0,0,0.0,0,100.0,1,0.0,0,2.12,14.69,54.87,7.43,23.01,5,67.77,25,14,1,34.22764763,-118.43428336,1,1,34.229915776613794,-118.4350117932812,detection_avg,0.5566265255702163,70,3109,129,34.34,1.58,9.53,15.02,10.54,4.69,0.77,22.28,115,total_population,police_station_count,-0.002496854608173573
Y-15,22,US,1173,BlockApportionment:US.BlockGroups;PointsLayer:US.BlockPoints,2.191,2.576,1,118,2582,101,150,60.53,1.23,88,22,US,1173,BlockApportionment:US.BlockGroups;PointsLayer:US.BlockPoints,2.191,2.576,1,34.95,8.32,14.63,10.34,5.37,4.23,1.39,23.19,84,86,0.6475,17.47,29.74,16.36,0,0,,,51,0,0,0,0,0,1,0,0,0,0,0,261,231,0,0,0,20,1540.41,157.83,0,0.0,2126.41,12,258.2,280.16,29,0,0.0,2239.87,0.09,1,0.0,0,0.0,0,100.0,1,0.0,0,0.86,17.9,52.32,4.3,25.47,5,66.37,25,15,1,34.22412642,-118.43321123,1,1,34.22213027820519,-118.43500415413868,detection_avg,0.6252559493242542,118,2582,150,34.95,8.32,14.63,10.34,5.37,4.23,1.23,23.19,86,recreation_center_count,osm_amenity_count,0.0033509161952063045
Y-16,38,US,1139,BlockApportionment:US.BlockGroups;PointsLayer:US.BlockPoints,2.191,2.576,1,72,1609,70,226,56.43,0.67,90,38,US,1139,BlockApportionment:US.BlockGroups;PointsLayer:US.BlockPoints,2.191,2.576,1,29.0,21.17,21.22,59.33,8.92,9.2,0.78,33.79,79,81,0.6475,17.47,29.74,16.36,0,0,,,9,0,0,0,0,0,0,0,0,0,0,0,227,260,0,0,2,3,492.21,357.17,0,0.0,2356.55,6,1718.62,316.43,0,0,0.0,2428.69,1.51,1,0.0,0,0.0,0,100.0,1,0.0,0,1.42,14.69,62.83,4.42,18.05,5,73.55,25,16,0,,,0,0,34.21434477979658,-118.43499651499614,reconstructed,0.5904623545700594,72,1609,226,29.0,21.17,21.22,59.33,8.92,9.2,0.67,33.79,81,2023 Pop 35-64: No Health Insurance (ACS 5-Yr): Percent,affordable_housing_count,-0.004337515581367739
Y-17,3,US,1104,BlockApportionment:US.BlockGroups;PointsLayer:US.BlockPoints,2.191,2.576,1,83,4374,88,160,55.05,2.02,75,3,US,1104,BlockApportionment:US.BlockGroups;PointsLayer:US.BlockPoints,2.191,2.576,1,28.37,7.29,20.6,46.51,1.62,3.42,2.72,18.14,58,57,0.6475,17.47,29.74,16.36,0,0,,,12,0,0,0,0,0,0,0,0,0,0,0,329,326,0,0,0,22,1192.46,324.29,0,0.0,2617.57,0,0.0,524.71,1,0,0.0,2618.67,0.0,0,0.0,0,0.0,0,100.0,1,0.0,0,4.47,23.2,56.7,3.09,17.01,5,68.35,25,17,0,,,0,0,34.20655928138798,-118.4349888758536,reconstructed,0.5865909956245382,83,4374,160,28.37,7.29,20.6,46.51,1.62,3.42,2.02,18.14,57,2023 Pop w/Income Below Poverty Level (ACS 5-Yr): Percent,fire_station_count,0.003393740786734069
Y-18,18,US,1069,BlockApportionment:US.BlockGroups;PointsLayer:US.BlockPoints,2.191,2.576,1,54,4214,90,190,53.35,1.62,89,18,US,1069,BlockApportionment:US.BlockGroups;PointsLayer:US.BlockPoints,2.191,2.576,1,33.98,5.33,21.86,44.99,6.37,4.7,1.82,26.41,85,88,0.6475,17.47,29.74,16.36,0,0,,,12,0,0,0,0,0,0,0,0,0,0,0,363,351,0,0,0,11,606.47,323.95,0,0.0,2837.56,0,0.0,837.0,3,0,0.0,2838.74,0.0,0,0.0,0,0.0,0,100.0,1,0.0,0,7.07,24.38,54.42,6.01,15.19,5,65.97,25,18,0,,,0,0,34.19877378297937,-118.43498123671108,reconstructed,0.5639583628216779,54,4214,190,33.98,5.33,21.86,44.99,6.37,4.7,1.62,26.41,88,2023 Pop w/Income Below Poverty Level (ACS 5-Yr): Percent,police_station_count,-0.004442162978961301
Y-19,35,US,1036,BlockApportionment:US.BlockGroups;PointsLayer:US.BlockPoints,2.191,2.576,1,72,3085,94,110,45.9,0.34,96,35,US,1036,BlockApportionment:US.BlockGroups;PointsLayer:US.BlockPoints,2.191,2.576,1,13.84,11.23,11.62,33.96,5.33,5.45,0.35,12.77,104,110,0.6475,17.47,29.74,16.36,0,0,,,18,0,0,0,0,0,1,0,0,0,0,1,431,449,0,0,0,21,1298.03,264.25,0,0.0,2908.88,1,47.32,485.48,1,0,0.0,3009.96,0.0,0,0.0,0,0.0,0,100.0,1,0.0,0,3.81,22.53,55.46,5.89,16.12,5,67.68,25,19,0,,,1,0,34.19098828457077,-118.43497359756854,reconstructed,0.5777399812833913,72,3085,110,13.84,11.23,11.62,33.96,5.33,5.45,0.34,12.77,110,total_population,police_station_count,-0.0025074920360005424
Y-2,44,US,1445,BlockApportionment:US.BlockGroups;PointsLayer:US.BlockPoints,2.191,2.576,1,57,1431,68,86,74.84,5.14,170,44,US,1445,BlockApportionment:US.BlockGroups;PointsLayer:US.BlockPoints,2.191,2.576,1,39.33,4.49,5.41,25.37,7.61,1.78,6.08,23.5,137,137,0.6475,17.47,29.74,16.36,0,0,,,0,0,0,0,0,0,0,0,0,0,0,0,81,83,0,0,0,0,0.0,694.68,0,0.0,694.68,0,0.0,560.82,0,0,0.0,721.29,0.0,0,0.0,0,0.0,0,100.0,1,0.0,0,5.82,33.51,40.56,1.94,23.99,5,56.65,25,2,0,,,0,0,34.323341757517056,-118.4351034629916,reconstructed,0.5243560886706995,57,1431,86,39.33,4.49,5.41,25.37,7.61,1.78,5.14,23.5,137,2023 Pop w/Income Below Poverty Level (ACS 5-Yr): Percent,police_station_count,0.004607857368168413
Y-20,3,US,1004,BlockApportionment:US.BlockGroups;PointsLayer:US.BlockPoints,2.191,2.576,1,123,4736,125,138,48.84,0.87,76,3,US,1004,BlockApportionment:US.BlockGroups;PointsLayer:US.BlockPoints,2.191,2.576,1,22.23,6.92,17.89,37.04,1.85,6.87,1.38,21.37,75,77,0.6475,17.47,29.74,16.36,0,0,,,18,0,0,0,0,0,0,0,0,0,0,1,482,515,0,0,0,9,603.41,324.59,0,0.0,2817.88,1,45.01,486.15,1,0,0.0,2831.67,0.0,0,0.0,0,0.0,0,100.0,1,0.0,0,3.33,20.7,57.89,4.04,17.37,5,69.52,25,20,0,,,0,0,34.18320278616216,-118.434965958426,reconstructed,0.6402837989877515,123,4736,138,22.23,6.92,17.89,37.04,1.85,6.87,0.87,21.37,77,2023 Pop 35-64: No Health Insurance (ACS 5-Yr): Percent,affordable_housing_count,-0.0038077087162524175
Y-21,20,US,971,BlockApportionment:US.BlockGroups;PointsLayer:US.BlockPoints,2.191,2.576,1,91,2446,96,102,24.16,2.41,133,20,US,971,BlockApportionment:US.BlockGroups;PointsLayer:US.BlockPoints,2.191,2.576,1,13.03,5.7,16.86,53.11,0.75,3.87,2.8,4.41,124,127,0.6475,17.47,29.74,16.36,0,0,,,14,0,0,0,0,0,0,0,0,0,0,1,374,371,0,0,0,28,1431.48,148.32,0,0.0,1956.5,1,42.7,486.82,2,0,0.0,1966.86,0.0,0,0.0,0,0.0,0,100.0,1,0.0,0,2.83,24.03,47.0,7.95,21.02,5,62.05,25,21,0,,,0,0,34.17541728775356,-118.43495831928348,reconstructed,0.5846478697050377,91,2446,102,13.03,5.7,16.86,53.11,0.75,3.87,2.41,4.41,127,total_population,police_station_count,-0.0027281204813875424
Y-22,33,US,934,BlockApportionment:US.BlockGroups;PointsLayer:US.BlockPoints,2.191,2.576,1,98,1811,98,167,17.61,2.47,171,33,US,934,BlockApportionment:US.BlockGroups;PointsLayer:US.BlockPoints,2.191,2.576,1,16.55,2.44,6.62,31.21,3.81,4.49,2.53,5.63,153,155,0.6475,17.47,29.74,16.36,0,0,,,15,0,0,0,0,1,0,0,0,0,0,2,216,210,0,0,1,6,604.12,325.61,0,0.0,1093.56,1,40.39,487.49,0,0,0.0,1102.07,0.0,0,0.0,0,0.0,0,100.0,1,0.0,0,2.41,29.04,40.89,5.33,24.74,5,57.9,25,22,0,,,1,0,34.16763178934495,-118.43495068014094,reconstructed,0.5697672667676766,98,1811,167,16.55,2.44,6.62,31.21,3.81,4.49,2.47,5.63,155,pct_below_poverty,lausd_school_site_count,0.007550568234359879
Y-23,40,US,891,BlockApportionment:US.BlockGroups;PointsLayer:US.BlockPoints,2.191,2.576,1,110,1229,100,169,19.28,1.95,166,40,US,891,BlockApportionment:US.BlockGroups;PointsLayer:US.BlockPoints,2.191,2.576,1,13.9,2.69,7.48,28.77,3.18,6.67,1.64,10.34,151,151,0.6475,17.47,29.74,16.36,0,0,,,18,0,0,0,0,0,1,0,0,0,0,2,616,621,0,0,0,35,2909.31,237.99,14,2094.08,237.99,2,654.08,291.82,9,2,1423.79,237.28,0.0,0,0.0,0,0.0,0,100.0,1,0.0,0,2.12,21.42,54.87,4.25,19.47,5,67.77,25,23,0,,,1,0,34.15984629093635,-118.4349430409984,reconstructed,0.6077763463841779,110,1229,169,13.9,2.69,7.48,28.77,3.18,6.67,1.95,10.34,151,2023 Pop 35-64: No Health Insurance (ACS 5-Yr): Percent,affordable_housing_count,-0.0034927692576517903
Y-24,2,US,853,BlockApportionment:US.BlockGroups;PointsLayer:US.BlockPoints,2.191,2.576,1,165,3807,118,210,17.23,1.67,133,2,US,853,BlockApportionment:US.BlockGroups;PointsLayer:US.BlockPoints,2.191,2.576,1,14.53,4.19,5.57,28.25,1.3,2.31,1.72,10.61,130,130,0.6475,17.47,29.74,16.36,0,0,,,27,0,0,0,0,0,0,0,0,0,0,0,1109,1129,0,0,0,26,1366.81,159.83,0,0.0,600.18,0,0.0,559.92,10,0,0.0,605.83,0.0,0,0.0,0,0.0,0,100.0,1,0.0,0,2.23,22.34,56.87,3.61,17.18,5,69.14,25,24,0,,,0,0,34.15206079252774,-118.43493540185588,reconstructed,0.6162808690231455,165,3807,210,14.53,4.19,5.57,28.25,1.3,2.31,1.67,10.61,130,2023 Pop w/Income Below Poverty Level (ACS 5-Yr): Percent,police_station_count,0.00452327083388347
Y-3,35,US,1436,BlockApportionment:US.BlockGroups;PointsLayer:US.BlockPoints,2.191,2.576,1,57,2488,65,69,86.17,0.12,82,35,US,1436,BlockApportionment:US.BlockGroups;PointsLayer:US.BlockPoints,2.191,2.576,1,34.57,1.93,30.88,30.78,11.74,5.32,1.17,28.8,76,76,0.6475,17.47,29.74,16.36,0,0,,,19,0,0,0,0,0,0,0,0,0,0,0,238,253,0,0,0,18,3039.9,82.99,12,2260.09,82.99,0,0.0,540.57,3,2,1771.57,86.36,0.0,0,0.0,0,0.0,0,100.0,1,0.0,0,4.11,26.54,46.06,3.77,23.63,5,61.01,25,3,0,,,0,0,34.31555625910845,-118.43509582384908,reconstructed,0.5919753865724489,57,2488,69,34.57,1.93,30.88,30.78,11.74,5.32,0.12,28.8,76,2023 Pop w/Income Below Poverty Level (ACS 5-Yr): Percent,police_station_count,-0.01065159624472096
Y-36,19,US,570,BlockApportionment:US.BlockGroups;PointsLayer:US.BlockPoints,2.191,2.576,1,104,3844,72,93,7.26,2.05,158,19,US,570,BlockApportionment:US.BlockGroups;PointsLayer:US.BlockPoints,2.191,2.576,1,20.45,0.88,13.88,36.1,1.04,0.71,2.8,11.8,154,154,0.6475,17.47,29.74,16.36,0,0,,,0,0,0,0,0,0,1,0,0,0,0,0,346,368,0,0,2,0,0.0,487.55,0,0.0,1398.68,0,0.0,951.72,0,0,0.0,1440.66,0.0,0,0.0,0,0.0,0,100.0,1,0.0,0,4.99,25.82,55.59,1.03,17.56,5,67.42,25,36,0,,,1,0,34.058634811624486,-118.43484373214548,reconstructed,0.5659150920896716,104,3844,93,20.45,0.88,13.88,36.1,1.04,0.71,2.05,11.8,154,pct_below_poverty,lausd_school_site_count,-0.003865088876681626
Y-37,33,US,534,BlockApportionment:US.BlockGroups;PointsLayer:US.BlockPoints,2.191,2.576,1,132,3917,103,143,8.37,3.35,135,33,US,534,BlockApportionment:US.BlockGroups;PointsLayer:US.BlockPoints,2.191,2.576,1,21.17,1.08,10.36,34.91,0.69,0.0,2.91,4.85,131,134,0.6475,17.47,29.74,16.36,0,0,,,18,0,0,0,0,0,0,0,0,0,0,0,825,875,0,0,0,30,1884.68,160.08,0,0.0,984.75,0,0.0,602.62,33,0,0.0,1001.56,0.0,0,0.0,0,0.0,0,100.0,1,0.0,0,3.19,23.4,58.69,1.95,15.96,5,70.13,25,37,1,34.049735486,-118.436659864,0,1,34.05084931321588,-118.43483609300291,detection_avg,0.6137420753770856,132,3917,143,21.17,1.08,10.36,34.91,0.69,0.0,3.35,4.85,134,2023 Pop 35-64: No Health Insurance (ACS 5-Yr): Percent,affordable_housing_count,0.004766418319138193
Y-38,47,US,498,BlockApportionment:US.BlockGroups;PointsLayer:US.BlockPoints,2.191,2.576,1,188,2831,128,26,11.8,4.34,151,47,US,498,BlockApportionment:US.BlockGroups;PointsLayer:US.BlockPoints,2.191,2.576,1,15.72,1.87,4.96,20.43,0.34,0.0,3.99,8.04,151,154,0.6475,17.47,29.74,16.36,0,0,,,3,0,0,0,0,0,0,0,0,0,0,1,880,928,0,0,0,43,1337.51,103.73,0,0.0,466.99,1,929.3,99.23,13,0,0.0,506.47,0.0,0,0.0,0,0.0,0,100.0,1,0.0,0,2.93,28.57,47.16,1.03,23.24,5,62.13,25,38,1,34.03790436,-118.43703857,0,1,34.04306381480728,-118.4348284538604,detection_avg,0.6007993434017396,188,2831,26,15.72,1.87,4.96,20.43,0.34,0.0,4.34,8.04,154,2023 Pop w/Income Below Poverty Level (ACS 5-Yr): Percent,police_station_count,0.004816918716613407
Y-39,11,US,462,BlockApportionment:US.BlockGroups;PointsLayer:US.BlockPoints,2.191,2.576,1,126,2940,118,50,24.46,2.33,131,11,US,462,BlockApportionment:US.BlockGroups;PointsLayer:US.BlockPoints,2.191,2.576,1,23.47,11.89,11.38,35.49,0.87,5.58,1.78,6.76,121,123,0.6475,17.47,29.74,16.36,0,0,,,12,0,0,0,0,1,0,0,0,0,0,0,309,328,0,0,2,67,9514.7,47.82,58,8999.73,47.82,1,227.87,433.17,2,4,3376.97,58.8,0.0,0,0.0,0,0.0,0,100.0,1,0.0,0,1.42,20.39,55.14,0.89,23.58,5,68.17,25,39,1,34.033429721666664,-118.43423219333332,1,1,34.03527831639867,-118.43482081471788,detection_avg,0.6282154525902681,126,2940,50,23.47,11.89,11.38,35.49,0.87,5.58,2.33,6.76,123,pct_below_poverty,lausd_school_site_count,-0.0029816434443389423
Y-4,25,US,1426,BlockApportionment:US.BlockGroups;PointsLayer:US.BlockPoints,2.191,2.576,1,53,5342,46,136,83.98,3.93,76,25,US,1426,BlockApportionment:US.BlockGroups;PointsLayer:US.BlockPoints,2.191,2.576,1,37.12,7.41,17.55,38.26,9.23,4.51,3.11,23.64,79,82,0.6475,17.47,29.74,16.36,0,0,,,7,0,0,0,0,2,0,0,0,0,0,0,288,285,0,0,1,5,356.21,404.3,0,0.0,503.15,1,892.41,5.94,3,0,0.0,527.28,0.0,0,0.0,0,0.0,0,100.0,1,0.0,0,1.23,14.29,62.43,5.64,17.64,5,73.33,25,4,0,,,2,0,34.307770760699846,-118.43508818470654,reconstructed,0.5751846937886026,53,5342,136,37.12,7.41,17.55,38.26,9.23,4.51,3.93,23.64,82,pct_below_poverty,lausd_school_site_count,-0.005608636445632069
Y-40,26,US,427,BlockApportionment:US.BlockGroups;PointsLayer:US.BlockPoints,2.191,2.576,1,81,2240,93,100,16.65,1.78,171,26,US,427,BlockApportionment:US.BlockGroups;PointsLayer:US.BlockPoints,2.191,2.576,1,17.53,0.31,5.52,10.37,0.0,0.69,1.51,11.48,164,160,0.6475,17.47,29.74,16.36,0,0,,,0,0,0,0,0,0,0,0,0,0,0,0,284,299,0,0,3,10,651.86,408.7,10,651.86,408.7,0,0.0,462.96,8,1,131.95,438.76,0.0,0,0.0,0,0.0,0,100.0,1,0.0,0,1.9,29.36,41.28,4.15,25.22,5,58.33,25,40,0,,,0,0,34.027492817990066,-118.43481317557531,reconstructed,0.5466754305487019,81,2240,100,17.53,0.31,5.52,10.37,0.0,0.69,1.78,11.48,160,2023 Pop w/Income Below Poverty Level (ACS 5-Yr): Percent,police_station_count,0.004550232169250129
Y-41,42,US,393,BlockApportionment:US.BlockGroups;PointsLayer:US.BlockPoints,2.191,2.576,1,65,2101,68,48,14.99,3.55,172,42,US,393,BlockApportionment:US.BlockGroups;PointsLayer:US.BlockPoints,2.191,2.576,1,24.29,1.88,8.19,24.86,0.0,1.27,2.86,6.83,172,176,0.6475,17.47,29.74,16.36,0,0,,,0,0,0,0,0,1,0,0,0,0,0,0,256,251,0,0,1,0,0.0,910.22,0,0.0,910.22,1,917.18,61.01,3,0,0.0,914.23,0.0,0,0.0,0,0.0,0,100.0,1,0.0,0,4.8,32.15,36.23,4.44,27.18,5,53.92,25,41,0,,,1,0,34.019707319581464,-118.4348055364328,reconstructed,0.5263859966607612,65,2101,48,24.29,1.88,8.19,24.86,0.0,1.27,3.55,6.83,176,pct_below_poverty,lausd_school_site_count,0.007085117781924965
Y-42,8,US,359,BlockApportionment:US.BlockGroups;PointsLayer:US.BlockPoints,2.191,2.576,1,84,2087,79,143,20.41,4.11,147,8,US,359,BlockApportionment:US.BlockGroups;PointsLayer:US.BlockPoints,2.191,2.576,1,17.4,3.09,4.83,22.22,0.24,3.38,2.85,10.24,164,163,0.6475,17.47,29.74,16.36,0,0,,,0,0,0,0,0,0,0,0,0,0,0,0,245,260,0,0,0,0,0.0,619.07,0,0.0,1385.95,0,0.0,873.11,0,0,0.0,1389.73,0.0,0,0.0,0,0.0,0,100.0,1,0.0,0,4.96,29.96,43.09,2.48,24.47,5,58.68,25,42,0,,,0,0,34.011921821172855,-118.43479789729028,reconstructed,0.5282116422785479,84,2087,143,17.4,3.09,4.83,22.22,0.24,3.38,4.11,10.24,163,2023 Pop w/Income Below Poverty Level (ACS 5-Yr): Percent,police_station_count,0.004868484142426926
Y-43,29,US,330,BlockApportionment:US.BlockGroups;PointsLayer:US.BlockPoints,2.191,2.576,1,91,5162,106,93,35.3,1.34,111,29,US,330,BlockApportionment:US.BlockGroups;PointsLayer:US.BlockPoints,2.191,2.576,1,15.31,4.97,6.55,26.68,3.61,6.27,1.82,10.03,133,135,0.6475,17.47,29.74,16.36,0,0,,,15,0,0,0,0,0,0,0,0,0,0,0,654,651,0,0,4,18,1729.86,101.52,0,0.0,1730.46,0,0.0,1204.52,11,0,0.0,1726.72,0.0,0,0.0,0,0.0,0,100.0,1,0.0,0,3.28,20.55,65.11,2.07,12.26,5,74.59,25,43,1,34.00093189,-118.43666013,0,1,34.00413632276425,-118.43479025814771,detection_avg,0.6173331895524112,91,5162,93,15.31,4.97,6.55,26.68,3.61,6.27,1.34,10.03,135,2023 Pop w/Income Below Poverty Level (ACS 5-Yr): Percent,police_station_count,0.003915991808335387
Y-44,2,US,303,BlockApportionment:US.BlockGroups;PointsLayer:US.BlockPoints,2.191,2.576,1,173,3228,167,150,30.48,2.89,124,2,US,303,BlockApportionment:US.BlockGroups;PointsLayer:US.BlockPoints,2.191,2.576,1,18.28,3.84,6.83,28.79,1.54,4.04,2.64,8.43,149,150,0.6475,17.47,29.74,16.36,0,0,,,0,0,0,0,0,0,0,0,0,0,0,0,274,310,0,0,0,0,0.0,841.96,0,0.0,1184.01,0,0.0,1607.65,8,0,0.0,1184.53,0.0,0,0.0,0,0.0,0,100.0,1,0.0,0,4.26,22.34,59.4,2.48,15.78,5,70.3,25,44,0,,,0,0,33.996350824355645,-118.4347826190052,reconstructed,0.5908441304005491,173,3228,150,18.28,3.84,6.83,28.79,1.54,4.04,2.89,8.43,150,2023 Pop w/Income Below Poverty Level (ACS 5-Yr): Percent,police_station_count,0.0037219320483795034
Y-45,22,US,273,BlockApportionment:US.BlockGroups;PointsLayer:US.BlockPoints,2.191,2.576,1,140,2453,73,55,15.0,6.26,163,22,US,273,BlockApportionment:US.BlockGroups;PointsLayer:US.BlockPoints,2.191,2.576,1,29.83,0.36,15.78,29.15,0.66,0.65,3.39,7.62,162,161,0.6475,17.47,29.74,16.36,0,0,,,12,0,0,0,0,0,0,0,1,0,0,1,336,417,0,0,1,6,887.42,341.17,6,887.42,341.17,0,0.0,826.54,5,2,828.36,341.1,0.0,0,0.0,0,0.0,0,100.0,1,0.0,0,3.1,25.52,51.72,2.59,20.17,5,65.27,25,45,1,33.98550677,-118.43730037,0,1,33.98856532594704,-118.43477497986268,detection_avg,0.5904147214476483,140,2453,55,29.83,0.36,15.78,29.15,0.66,0.65,6.26,7.62,161,2023 Pop w/Income Below Poverty Level (ACS 5-Yr): Percent,adult_recreation_count,0.006173693232254388
Y-46,46,US,247,BlockApportionment:US.BlockGroups;PointsLayer:US.BlockPoints,2.191,2.576,1,179,2165,73,62,10.58,2.12,183,46,US,247,BlockApportionment:US.BlockGroups;PointsLayer:US.BlockPoints,2.191,2.576,1,2.26,0.0,2.37,22.17,0.0,4.54,1.32,0.55,172,169,0.6475,17.47,29.74,16.36,0,0,,,0,0,0,0,0,0,0,0,0,0,0,0,137,179,0,0,0,42,2961.07,118.67,33,2310.72,118.67,4,965.58,2.84,9,3,2166.97,110.31,2.77,1,2.71,1,0.0,0,100.0,1,0.0,0,2.48,46.99,35.28,0.89,16.84,5,53.95,25,46,0,,,0,0,33.980779827538434,-118.43476734072011,reconstructed,0.6017028110608,179,2165,62,2.26,0.0,2.37,22.17,0.0,4.54,2.12,0.55,169,pct_below_poverty,la_geohub_100yr_flood_intersects,-0.007875463248976283
Y-47,21,US,222,BlockApportionment:US.BlockGroups;PointsLayer:US.BlockPoints,2.191,2.576,1,131,36,85,0,13.89,6.9,253,21,US,222,BlockApportionment:US.BlockGroups;PointsLayer:US.BlockPoints,2.191,2.576,1,11.11,0.0,5.13,0.0,0.0,0.0,6.9,3.57,358,459,0.6475,17.47,29.74,16.36,0,0,,,0,0,0,0,0,0,0,0,0,0,0,0,0,0,0,0,0,16,1691.77,84.59,10,733.28,418.6,5,1189.08,75.2,0,2,919.05,413.12,89.56,1,11.81,1,77.7,1,100.0,1,0.0,0,1.55,63.9,8.12,7.77,20.21,3,35.22,25,47,0,,,0,0,33.97299432912983,-118.4347597015776,reconstructed,0.5453322867992575,131,36,0,11.11,0.0,5.13,0.0,0.0,0.0,6.9,3.57,459,total_population,police_station_count,0.01413652226354804
Y-48,49,US,200,BlockApportionment:US.BlockGroups;PointsLayer:US.BlockPoints,2.191,2.576,1,108,1356,83,145,14.68,3.61,217,49,US,200,BlockApportionment:US.BlockGroups;PointsLayer:US.BlockPoints,2.191,2.576,1,13.14,2.83,5.85,21.74,0.0,1.02,3.97,4.33,239,235,0.6475,17.47,29.74,16.36,0,0,,,6,0,0,0,0,0,1,0,0,0,0,0,147,172,0,0,0,0,0.0,679.71,0,0.0,811.02,3,484.93,320.83,0,0,0.0,811.55,12.71,1,0.0,0,12.81,1,100.0,1,0.0,0,2.3,36.52,35.11,1.42,26.95,5,53.89,25,48,0,,,1,0,33.965208830721224,-118.43475206243508,reconstructed,0.5492606943451713,108,1356,145,13.14,2.83,5.85,21.74,0.0,1.02,3.61,4.33,235,esri_market_idx_14068_forecast,la_geohub_fire_hazard_area_pct,0.006294125404802941
Y-49,27,US,178,BlockApportionment:US.BlockGroups;PointsLayer:US.BlockPoints,2.191,2.576,1,150,4137,96,86,15.52,2.25,146,27,US,178,BlockApportionment:US.BlockGroups;PointsLayer:US.BlockPoints,2.191,2.576,1,9.74,2.56,3.89,19.97,0.0,3.42,2.17,10.59,131,128,0.6475,17.47,29.74,16.36,0,0,,,3,0,0,0,0,0,1,0,0,0,0,0,355,349,0,0,4,0,0.0,1142.33,0,0.0,1423.12,0,0.0,1004.57,0,0,0.0,1422.85,0.0,0,0.0,0,0.0,0,100.0,1,0.0,0,0.89,24.47,40.78,3.72,31.03,5,58.28,25,49,0,,,1,0,33.95742333231262,-118.43474442329251,reconstructed,0.5756361756257538,150,4137,86,9.74,2.56,3.89,19.97,0.0,3.42,2.25,10.59,128,pct_below_poverty,lausd_school_site_count,0.007689594359985088
Y-5,15,US,1416,BlockApportionment:US.BlockGroups;PointsLayer:US.BlockPoints,2.191,2.576,1,43,3598,60,81,89.58,4.34,137,15,US,1416,BlockApportionment:US.BlockGroups;PointsLayer:US.BlockPoints,2.191,2.576,1,30.51,4.23,7.32,35.86,7.41,4.34,2.82,26.01,119,124,0.6475,17.47,29.74,16.36,0,0,,,13,0,0,0,0,0,0,0,0,0,0,0,62,59,0,0,0,0,0.0,845.41,0,0.0,1117.63,0,0.0,608.36,3,0,0.0,1122.83,0.0,0,0.0,0,0.0,0,100.0,1,0.0,0,2.12,22.4,43.92,2.82,30.86,5,60.11,25,5,0,,,0,0,34.29998526229124,-118.435080545564,reconstructed,0.5356654518848764,43,3598,81,30.51,4.23,7.32,35.86,7.41,4.34,4.34,26.01,124,total_crime_est,police_station_count,0.0046025555945421555
Y-6,5,US,1406,BlockApportionment:US.BlockGroups;PointsLayer:US.BlockPoints,2.191,2.576,1,60,2903,72,43,91.18,1.76,115,5,US,1406,BlockApportionment:US.BlockGroups;PointsLayer:US.BlockPoints,2.191,2.576,1,31.57,3.32,8.98,54.95,10.17,3.45,1.88,24.3,106,114,0.6475,17.47,29.74,16.36,0,0,,,22,0,0,0,0,1,1,0,0,0,0,1,88,72,0,0,1,8,831.4,196.76,0,0.0,1680.93,0,0.0,877.36,9,0,0.0,1705.13,0.0,0,0.0,0,0.0,0,100.0,1,0.0,0,1.37,21.1,47.17,5.49,26.24,5,62.61,25,6,0,,,2,0,34.292199763882635,-118.43507290642148,reconstructed,0.5597800743907877,60,2903,43,31.57,3.32,8.98,54.95,10.17,3.45,1.76,24.3,114,pct_below_poverty,lausd_school_site_count,0.006705482127646979
Y-7,39,US,1390,BlockApportionment:US.BlockGroups;PointsLayer:US.BlockPoints,2.191,2.576,1,120,1405,93,174,90.75,1.72,51,39,US,1390,BlockApportionment:US.BlockGroups;PointsLayer:US.BlockPoints,2.191,2.576,1,47.36,3.96,13.57,37.93,2.87,4.24,1.66,15.3,62,64,0.6475,17.47,29.74,16.36,0,0,,,23,0,0,0,0,1,0,1,1,0,0,0,53,46,0,0,2,20,1136.47,361.56,0,0.0,1138.34,1,10.17,472.77,8,0,0.0,1189.43,0.0,0,0.0,0,0.0,0,100.0,1,0.0,0,1.77,21.2,55.65,2.12,21.02,5,68.42,25,7,0,,,1,0,34.28441426547403,-118.43506526727894,reconstructed,0.5838930820772507,120,1405,174,47.36,3.96,13.57,37.93,2.87,4.24,1.72,15.3,64,recreation_center_count,osm_amenity_count,-0.017889980450963322
Y-8,21,US,1372,BlockApportionment:US.BlockGroups;PointsLayer:US.BlockPoints,2.191,2.576,1,166,1367,135,117,94.81,0.18,118,21,US,1372,BlockApportionment:US.BlockGroups;PointsLayer:US.BlockPoints,2.191,2.576,1,52.72,7.67,9.07,52.5,10.94,9.36,2.12,28.58,105,111,0.6475,17.47,29.74,16.36,0,0,,,24,0,0,0,0,0,0,0,0,0,0,0,179,177,0,0,0,10,902.78,241.46,0,0.0,466.82,3,982.54,97.75,1,0,0.0,543.88,0.0,0,0.0,0,0.0,0,100.0,1,0.0,0,1.38,14.8,62.99,2.24,19.97,5,73.68,25,8,0,,,0,0,34.276628767065425,-118.4350576281364,reconstructed,0.575253147918345,166,1367,117,52.72,7.67,9.07,52.5,10.94,9.36,0.18,28.58,111,2023 Pop 35-64: No Health Insurance (ACS 5-Yr): Percent,affordable_housing_count,-0.004252530337273842
Y-9,48,US,1349,BlockApportionment:US.BlockGroups;PointsLayer:US.BlockPoints,2.191,2.576,1,140,2572,149,98,95.92,1.56,97,48,US,1349,BlockApportionment:US.BlockGroups;PointsLayer:US.BlockPoints,2.191,2.576,1,40.0,6.12,18.19,33.84,11.92,8.06,1.43,24.11,90,93,0.6475,17.47,29.74,16.36,0,0,,,6,0,0,0,0,0,0,0,0,0,0,0,138,138,0,0,3,35,3351.62,132.88,26,3010.48,132.88,5,106.05,110.81,6,4,1693.47,137.45,0.0,0,0.0,0,0.0,0,100.0,1,0.0,0,4.06,23.67,54.06,3.71,18.55,5,66.62,25,9,1,34.2679126325,-118.437132065,0,1,34.26884326865682,-118.43504998899388,detection_avg,0.6591845453956949,140,2572,98,40.0,6.12,18.19,33.84,11.92,8.06,1.56,24.11,93,pct_below_poverty,lausd_school_site_count,0.009756178675146181
Z-10,21,US,1322,BlockApportionment:US.BlockGroups;PointsLayer:US.BlockPoints,2.191,2.576,1,142,4413,146,148,94.4,2.0,101,21,US,1322,BlockApportionment:US.BlockGroups;PointsLayer:US.BlockPoints,2.191,2.576,1,37.08,5.48,18.05,43.22,14.07,5.09,1.93,21.11,89,94,0.6475,17.47,29.74,16.36,0,0,,,18,0,0,1,0,0,0,0,1,0,0,0,302,292,0,0,0,18,881.59,30.53,0,0.0,869.61,0,0.0,972.7,2,0,0.0,899.63,0.0,0,0.0,0,0.0,0,100.0,1,0.0,0,0.69,16.84,58.59,2.92,21.65,5,70.81,26,10,0,,,0,0,34.261050956166095,-118.42693460605408,reconstructed,0.6340620007811987,142,4413,148,37.08,5.48,18.05,43.22,14.07,5.09,2.0,21.11,94,2023 Pop w/Income Below Poverty Level (ACS 5-Yr): Percent,adult_recreation_count,0.006109426833236571
Z-11,42,US,1293,BlockApportionment:US.BlockGroups;PointsLayer:US.BlockPoints,2.191,2.576,1,141,3857,150,148,94.56,0.89,111,42,US,1293,BlockApportionment:US.BlockGroups;PointsLayer:US.BlockPoints,2.191,2.576,1,37.83,7.94,31.38,42.79,17.1,4.92,0.65,20.41,96,101,0.6475,17.47,29.74,16.36,0,0,,,12,0,0,0,0,0,0,0,0,0,0,0,217,222,0,0,0,19,1092.0,122.88,3,210.25,419.74,0,0.0,1107.88,0,1,8.41,469.91,0.0,0,0.0,0,0.0,0,100.0,1,0.0,0,1.06,22.26,48.41,3.89,25.44,5,63.57,26,11,0,,,0,0,34.253265457757486,-118.42692696691154,reconstructed,0.6317203983917632,141,3857,148,37.83,7.94,31.38,42.79,17.1,4.92,0.89,20.41,101,2023 Pop w/Income Below Poverty Level (ACS 5-Yr): Percent,police_station_count,-0.010440621156075825
Z-12,14,US,1265,BlockApportionment:US.BlockGroups;PointsLayer:US.BlockPoints,2.191,2.576,1,120,3033,121,157,86.28,1.83,116,14,US,1265,BlockApportionment:US.BlockGroups;PointsLayer:US.BlockPoints,2.191,2.576,1,37.75,2.28,13.04,32.84,7.38,6.96,1.08,24.67,95,98,0.6475,17.47,29.74,16.36,0,0,,,6,0,0,0,0,0,0,0,0,0,0,0,145,131,0,0,4,37,4863.06,76.6,31,4712.31,76.6,0,0.0,539.16,0,2,1824.58,79.79,0.0,0,0.0,0,0.0,0,100.0,1,0.0,0,1.03,15.86,57.76,3.97,22.41,5,70.12,26,12,1,34.2472881,-118.42242224,0,1,34.245479959348884,-118.426919327769,detection_avg,0.6323508778041262,120,3033,157,37.75,2.28,13.04,32.84,7.38,6.96,1.83,24.67,98,2023 Pop 35-64: No Health Insurance (ACS 5-Yr): Percent,affordable_housing_count,-0.003933726562966345
Z-13,38,US,1239,BlockApportionment:US.BlockGroups;PointsLayer:US.BlockPoints,2.191,2.576,1,81,2636,107,138,79.29,1.18,126,38,US,1239,BlockApportionment:US.BlockGroups;PointsLayer:US.BlockPoints,2.191,2.576,1,24.77,2.57,6.77,31.64,8.74,4.82,1.23,19.31,99,102,0.6475,17.47,29.74,16.36,0,0,,,24,0,0,0,0,0,0,0,0,0,0,0,176,180,0,0,0,11,881.72,158.35,0,0.0,578.25,1,913.52,29.71,2,0,0.0,650.59,0.0,0,0.0,0,0.0,0,100.0,1,0.0,0,2.12,21.2,53.89,3.36,21.55,5,67.09,26,13,0,,,0,0,34.23769446094028,-118.42691168862648,reconstructed,0.5747416215258475,81,2636,138,24.77,2.57,6.77,31.64,8.74,4.82,1.18,19.31,102,2023 Pop w/Income Below Poverty Level (ACS 5-Yr): Percent,police_station_count,0.00376405432944951
Z-14,5,US,1206,BlockApportionment:US.BlockGroups;PointsLayer:US.BlockPoints,2.191,2.576,1,66,2334,99,74,73.22,2.32,120,5,US,1206,BlockApportionment:US.BlockGroups;PointsLayer:US.BlockPoints,2.191,2.576,1,26.51,2.79,11.08,21.83,10.93,7.41,2.53,24.97,102,106,0.6475,17.47,29.74,16.36,0,0,,,18,0,0,0,0,1,0,0,0,0,0,0,135,137,0,0,2,0,0.0,810.02,0,0.0,1195.86,0,0.0,599.51,0,0,0.0,1220.32,0.0,0,0.0,0,0.0,0,100.0,1,0.0,0,2.76,19.66,56.38,5.0,18.97,5,68.64,26,14,0,,,1,0,34.229908962531674,-118.42690404948394,reconstructed,0.5543269256329205,66,2334,74,26.51,2.79,11.08,21.83,10.93,7.41,2.32,24.97,106,2023 Pop 35-64: No Health Insurance (ACS 5-Yr): Percent,affordable_housing_count,-0.004412740078164322
Z-15,23,US,1174,BlockApportionment:US.BlockGroups;PointsLayer:US.BlockPoints,2.191,2.576,1,79,2429,101,74,55.99,0.75,140,23,US,1174,BlockApportionment:US.BlockGroups;PointsLayer:US.BlockPoints,2.191,2.576,1,29.71,2.76,3.74,0.0,7.77,3.68,2.11,19.12,126,128,0.6475,17.47,29.74,16.36,0,0,,,24,0,0,0,0,0,0,0,0,0,0,1,240,220,0,0,0,10,682.37,274.18,0,0.0,1386.25,1,230.08,427.12,3,0,0.0,1438.07,1.57,1,1.54,1,0.0,0,100.0,1,0.0,0,5.49,22.83,59.12,3.54,14.51,5,69.74,26,15,0,,,0,0,34.222123464123065,-118.4268964103414,reconstructed,0.5635717656998602,79,2429,74,29.71,2.76,3.74,0.0,7.77,3.68,0.75,19.12,128,2023 Pop w/Income Below Poverty Level (ACS 5-Yr): Percent,police_station_count,0.005108643478241722
Z-16,39,US,1140,BlockApportionment:US.BlockGroups;PointsLayer:US.BlockPoints,2.191,2.576,1,126,3860,105,162,44.9,1.47,86,39,US,1140,BlockApportionment:US.BlockGroups;PointsLayer:US.BlockPoints,2.191,2.576,1,34.01,5.63,11.19,42.96,7.29,1.82,1.82,24.18,81,82,0.6475,17.47,29.74,16.36,0,0,,,12,1,0,0,0,0,0,0,0,0,0,1,264,263,0,0,0,5,366.35,391.01,0,0.0,1495.49,3,1036.49,226.6,1,0,0.0,1603.31,6.63,1,6.62,1,0.0,0,100.0,1,0.0,0,2.83,13.63,68.32,6.37,11.68,5,76.97,26,16,0,,,0,0,34.21433796571446,-118.42688877119888,reconstructed,0.6025846472567129,126,3860,162,34.01,5.63,11.19,42.96,7.29,1.82,1.47,24.18,82,pct_below_poverty,la_geohub_100yr_flood_intersects,0.011336458180267186
Z-17,4,US,1105,BlockApportionment:US.BlockGroups;PointsLayer:US.BlockPoints,2.191,2.576,1,93,3039,77,105,55.41,3.01,70,4,US,1105,BlockApportionment:US.BlockGroups;PointsLayer:US.BlockPoints,2.191,2.576,1,29.01,6.0,13.49,40.08,6.66,3.34,3.3,22.77,59,60,0.6475,17.47,29.74,16.36,0,0,,,15,0,0,0,0,0,0,0,0,0,0,1,420,417,0,0,0,7,571.91,394.27,0,0.0,1793.06,6,1717.57,25.62,0,0,0.0,1793.28,8.43,1,7.95,1,0.0,0,100.0,1,0.0,0,1.03,7.75,76.76,2.41,13.08,5,83.42,26,17,1,34.208580605,-118.42890253,0,1,34.206552467305855,-118.42688113205634,detection_avg,0.5929033755955839,93,3039,105,29.01,6.0,13.49,40.08,6.66,3.34,3.01,22.77,60,pct_below_poverty,la_geohub_100yr_flood_intersects,0.005096213583966216
Z-18,19,US,1070,BlockApportionment:US.BlockGroups;PointsLayer:US.BlockPoints,2.191,2.576,1,97,3026,100,100,54.1,3.02,75,19,US,1070,BlockApportionment:US.BlockGroups;PointsLayer:US.BlockPoints,2.191,2.576,1,32.11,5.25,17.11,37.78,3.17,5.21,1.98,24.26,76,81,0.6475,17.47,29.74,16.36,0,0,,,27,0,0,0,0,0,0,0,0,0,0,1,421,439,0,0,0,21,1195.39,50.75,0,0.0,1992.19,2,1049.59,1.1,5,0,0.0,1993.11,8.37,1,8.37,1,0.0,0,100.0,1,0.0,0,1.24,12.01,67.14,5.3,15.55,5,76.63,26,18,0,,,0,0,34.19876696889725,-118.4268734929138,reconstructed,0.6057075570568026,97,3026,100,32.11,5.25,17.11,37.78,3.17,5.21,3.02,24.26,81,pct_below_poverty,la_geohub_100yr_flood_intersects,-0.009451397846659083
Z-19,36,US,1037,BlockApportionment:US.BlockGroups;PointsLayer:US.BlockPoints,2.191,2.576,1,95,3752,112,193,48.53,2.28,67,36,US,1037,BlockApportionment:US.BlockGroups;PointsLayer:US.BlockPoints,2.191,2.576,1,42.07,5.09,22.5,38.21,7.22,7.25,1.21,28.83,76,82,0.6475,17.47,29.74,16.36,0,0,,,18,0,0,0,0,1,0,0,0,0,0,0,302,317,0,0,4,3,259.68,424.21,0,0.0,2217.52,1,551.43,385.77,1,0,0.0,2218.6,3.23,1,3.24,1,0.0,0,100.0,1,0.0,0,0.86,18.1,51.9,3.97,26.03,5,66.07,26,19,0,,,1,0,34.19098147048865,-118.42686585377128,reconstructed,0.6003193847351932,95,3752,193,42.07,5.09,22.5,38.21,7.22,7.25,2.28,28.83,82,pct_below_poverty,la_geohub_100yr_flood_intersects,-0.029628819483192043
Z-20,4,US,1005,BlockApportionment:US.BlockGroups;PointsLayer:US.BlockPoints,2.191,2.576,1,106,3809,112,183,46.36,1.21,86,4,US,1005,BlockApportionment:US.BlockGroups;PointsLayer:US.BlockPoints,2.191,2.576,1,25.89,7.29,23.5,38.92,3.7,5.52,1.27,18.14,101,108,0.6475,17.47,29.74,16.36,0,0,,,9,0,0,0,0,1,1,0,0,0,0,0,559,548,0,0,2,19,1063.85,168.2,0,0.0,2154.8,0,0.0,809.27,2,0,0.0,2312.97,0.0,0,0.0,0,0.0,0,100.0,1,0.0,0,1.94,16.96,56.71,5.12,21.2,5,69.11,26,20,0,,,2,0,34.18319597208004,-118.42685821462874,reconstructed,0.6160210341955396,106,3809,183,25.89,7.29,23.5,38.92,3.7,5.52,1.21,18.14,108,2023 Pop w/Income Below Poverty Level (ACS 5-Yr): Percent,police_station_count,-0.006180562796830329
Z-21,21,US,972,BlockApportionment:US.BlockGroups;PointsLayer:US.BlockPoints,2.191,2.576,1,75,2008,113,43,28.54,1.79,99,21,US,972,BlockApportionment:US.BlockGroups;PointsLayer:US.BlockPoints,2.191,2.576,1,10.52,5.19,14.21,48.64,4.17,2.83,1.06,11.26,102,105,0.6475,17.47,29.74,16.36,0,0,,,24,0,0,0,0,0,0,0,0,0,0,0,223,199,0,0,0,1,261.41,423.66,0,0.0,2321.18,0,0.0,570.24,8,0,0.0,2321.11,0.0,0,0.0,0,0.0,0,100.0,1,0.0,0,2.93,27.93,42.59,6.03,23.45,5,58.93,26,21,0,,,0,0,34.17541047367144,-118.4268505754862,reconstructed,0.5559636196369914,75,2008,43,10.52,5.19,14.21,48.64,4.17,2.83,1.79,11.26,105,total_population,police_station_count,-0.002668880782112015
Z-22,34,US,935,BlockApportionment:US.BlockGroups;PointsLayer:US.BlockPoints,2.191,2.576,1,99,1786,118,74,18.53,2.52,144,34,US,935,BlockApportionment:US.BlockGroups;PointsLayer:US.BlockPoints,2.191,2.576,1,14.02,5.5,12.63,29.89,0.93,0.9,2.63,13.04,125,127,0.6475,17.47,29.74,16.36,0,0,,,7,0,0,0,0,0,0,0,0,0,0,1,277,272,0,0,0,20,929.79,284.35,0,0.0,1472.43,0,0.0,921.81,0,0,0.0,1472.75,0.0,0,0.0,0,0.0,0,100.0,1,0.0,0,4.25,24.25,49.91,8.5,17.35,5,63.66,26,22,0,,,0,0,34.16762497526283,-118.42684293634366,reconstructed,0.5762213885458033,99,1786,74,14.02,5.5,12.63,29.89,0.93,0.9,2.52,13.04,127,total_population,police_station_count,-0.002457825127195546
Z-23,41,US,892,BlockApportionment:US.BlockGroups;PointsLayer:US.BlockPoints,2.191,2.576,1,113,2380,119,81,21.09,6.18,102,41,US,892,BlockApportionment:US.BlockGroups;PointsLayer:US.BlockPoints,2.191,2.576,1,19.67,2.42,2.99,28.63,1.55,0.72,7.41,14.69,102,103,0.6475,17.47,29.74,16.36,0,0,,,9,0,0,0,0,0,0,0,0,0,0,1,204,215,0,0,4,4,259.39,423.69,0,0.0,635.85,0,0.0,935.99,0,0,0.0,635.91,0.0,0,0.0,0,0.0,0,100.0,1,0.0,0,5.5,25.35,53.01,3.72,17.91,5,65.46,26,23,0,,,0,0,34.15983947685423,-118.42683529720114,reconstructed,0.5731255179739414,113,2380,81,19.67,2.42,2.99,28.63,1.55,0.72,6.18,14.69,103,pct_below_poverty,lausd_school_site_count,0.009602425218787427
Z-24,3,US,854,BlockApportionment:US.BlockGroups;PointsLayer:US.BlockPoints,2.191,2.576,1,121,3886,118,176,16.13,1.06,109,3,US,854,BlockApportionment:US.BlockGroups;PointsLayer:US.BlockPoints,2.191,2.576,1,12.52,8.88,7.38,38.54,0.29,0.36,1.8,6.9,135,136,0.6475,17.47,29.74,16.36,0,0,,,9,0,0,0,0,0,0,0,0,0,0,0,514,534,0,0,0,16,2327.16,184.04,9,2021.52,184.04,1,875.43,257.09,0,2,1482.18,183.99,0.0,0,0.0,0,0.0,0,100.0,1,0.0,0,6.9,28.45,52.59,2.59,16.38,5,64.74,26,24,1,34.15176682,-118.42868357,0,1,34.15205397844562,-118.4268276580586,detection_avg,0.6033573181732339,121,3886,176,12.52,8.88,7.38,38.54,0.29,0.36,1.06,6.9,136,2023 Pop w/Income Below Poverty Level (ACS 5-Yr): Percent,police_station_count,0.003325916465931961
Z-25,30,US,831,BlockApportionment:US.BlockGroups;PointsLayer:US.BlockPoints,2.191,2.576,1,169,2184,116,133,14.38,2.63,164,30,US,831,BlockApportionment:US.BlockGroups;PointsLayer:US.BlockPoints,2.191,2.576,1,18.4,1.04,4.84,29.38,0.19,0.49,3.14,7.04,189,190,0.6475,17.47,29.74,16.36,0,0,,,15,0,0,0,0,1,0,0,0,0,0,0,808,824,0,0,1,21,888.81,117.89,0,0.0,1042.28,0,0.0,517.78,6,0,0.0,1042.76,0.0,0,0.0,0,0.0,0,100.0,1,0.0,0,5.31,26.55,53.63,4.78,15.04,5,65.95,26,25,0,,,1,0,34.14426848003702,-118.42682001891606,reconstructed,0.6046618661523586,169,2184,133,18.4,1.04,4.84,29.38,0.19,0.49,2.63,7.04,190,pct_below_poverty,lausd_school_site_count,0.008188617662609789
Z-3,36,US,1437,BlockApportionment:US.BlockGroups;PointsLayer:US.BlockPoints,2.191,2.576,1,66,2580,90,124,83.99,3.25,135,36,US,1437,BlockApportionment:US.BlockGroups;PointsLayer:US.BlockPoints,2.191,2.576,1,32.75,0.78,11.88,28.57,4.95,4.2,3.97,22.56,116,119,0.6475,17.47,29.74,16.36,0,0,,,4,0,0,0,0,0,1,0,0,0,0,0,123,108,0,0,4,0,0.0,905.65,0,0.0,905.65,0,0.0,617.78,1,0,0.0,910.57,0.0,0,0.0,0,0.0,0,100.0,1,0.0,0,0.52,22.2,44.92,4.48,28.4,5,61.29,26,3,0,,,1,0,34.31554944502633,-118.4269880800518,reconstructed,0.5331181438661688,66,2580,124,32.75,0.78,11.88,28.57,4.95,4.2,3.25,22.56,119,pct_below_poverty,lausd_school_site_count,-0.0038086991169872446
Z-36,20,US,571,BlockApportionment:US.BlockGroups;PointsLayer:US.BlockPoints,2.191,2.576,1,106,2852,58,183,8.31,1.64,110,20,US,571,BlockApportionment:US.BlockGroups;PointsLayer:US.BlockPoints,2.191,2.576,1,18.53,0.0,9.8,33.81,0.59,2.0,1.23,9.05,161,157,0.6475,17.47,29.74,16.36,0,0,,,6,0,0,0,0,1,0,0,0,0,0,0,391,454,0,0,0,14,799.87,393.17,0,0.0,2176.6,0,0.0,1112.36,3,0,0.0,2293.19,0.0,0,0.0,0,0.0,0,100.0,1,0.0,0,2.84,33.87,40.25,1.24,24.65,5,57.32,26,36,0,,,1,0,34.05862799754237,-118.4267359883482,reconstructed,0.5624470513970409,106,2852,183,18.53,0.0,9.8,33.81,0.59,2.0,1.64,9.05,157,total_population,police_station_count,-0.0026043702154745
Z-37,34,US,535,BlockApportionment:US.BlockGroups;PointsLayer:US.BlockPoints,2.191,2.576,1,116,4369,94,90,7.97,2.05,148,34,US,535,BlockApportionment:US.BlockGroups;PointsLayer:US.BlockPoints,2.191,2.576,1,18.97,1.27,9.94,36.32,2.65,0.49,1.59,11.84,151,153,0.6475,17.47,29.74,16.36,0,0,,,12,0,0,0,0,0,1,0,0,0,0,0,690,731,0,0,0,17,1527.57,259.22,0,0.0,1849.2,0,0.0,1462.96,2,0,0.0,1862.05,0.17,1,0.0,0,0.0,0,100.0,1,0.0,0,2.93,30.86,46.38,0.69,22.07,5,61.59,26,37,0,,,1,0,34.05084249913376,-118.42672834920566,reconstructed,0.5852608888684525,116,4369,90,18.97,1.27,9.94,36.32,2.65,0.49,2.05,11.84,153,2023 Pop 35-64: No Health Insurance (ACS 5-Yr): Percent,affordable_housing_count,0.0019960571059506535
Z-38,48,US,499,BlockApportionment:US.BlockGroups;PointsLayer:US.BlockPoints,2.191,2.576,1,121,1968,83,81,9.2,2.53,253,48,US,499,BlockApportionment:US.BlockGroups;PointsLayer:US.BlockPoints,2.191,2.576,1,19.64,5.7,1.35,30.97,2.42,0.12,1.88,3.85,228,233,0.6475,17.47,29.74,16.36,0,0,,,0,0,0,0,0,0,0,0,1,0,0,1,414,377,0,0,1,41,1362.09,189.67,0,0.0,1317.37,0,0.0,893.85,9,0,0.0,1371.05,18.34,1,0.0,0,0.88,1,100.0,1,0.0,0,3.02,33.04,37.12,1.42,28.42,5,55.08,26,38,1,34.04295365,-118.42289735,0,1,34.04305700072516,-118.42672071006312,detection_avg,0.5924481399383958,121,1968,81,19.64,5.7,1.35,30.97,2.42,0.12,2.53,3.85,233,2023 Pop w/Income Below Poverty Level (ACS 5-Yr): Percent,adult_recreation_count,-0.03397028931283578
Z-39,12,US,463,BlockApportionment:US.BlockGroups;PointsLayer:US.BlockPoints,2.191,2.576,1,107,1726,85,102,14.31,8.86,194,12,US,463,BlockApportionment:US.BlockGroups;PointsLayer:US.BlockPoints,2.191,2.576,1,14.24,0.8,2.86,13.46,2.83,1.12,7.62,1.97,197,185,0.6475,17.47,29.74,16.36,0,0,,,0,0,0,0,0,0,0,0,0,0,0,1,340,308,0,0,0,12,403.54,381.14,0,0.0,551.19,4,745.54,209.31,9,0,0.0,577.34,51.57,1,0.0,0,0.0,0,100.0,1,0.0,0,4.8,31.79,41.21,3.2,23.8,5,57.41,26,39,0,,,0,0,34.03527150231655,-118.4267130709206,reconstructed,0.5711589119371151,107,1726,102,14.24,0.8,2.86,13.46,2.83,1.12,8.86,1.97,185,2023 Pop w/Income Below Poverty Level (ACS 5-Yr): Percent,police_station_count,0.004993150506750118
Z-4,26,US,1427,BlockApportionment:US.BlockGroups;PointsLayer:US.BlockPoints,2.191,2.576,1,70,1993,67,160,75.82,1.97,136,26,US,1427,BlockApportionment:US.BlockGroups;PointsLayer:US.BlockPoints,2.191,2.576,1,21.27,2.19,9.33,40.0,2.32,5.53,2.75,24.65,123,127,0.6475,17.47,29.74,16.36,0,0,,,6,0,0,0,0,0,1,0,0,0,0,1,162,157,0,0,0,14,2933.38,255.19,10,2668.75,255.19,2,21.99,225.33,4,2,1337.12,291.62,0.0,0,0.0,0,0.0,0,100.0,1,0.0,0,2.12,25.09,43.82,3.36,27.74,5,60.04,26,4,1,34.308432578571434,-118.42930979857144,1,1,34.307763946617726,-118.42698044090928,detection_avg,0.5466604389470495,70,1993,160,21.27,2.19,9.33,40.0,2.32,5.53,1.97,24.65,127,total_population,police_station_count,-0.0026597635007326887
Z-40,27,US,428,BlockApportionment:US.BlockGroups;PointsLayer:US.BlockPoints,2.191,2.576,1,112,2444,96,95,16.41,3.73,163,27,US,428,BlockApportionment:US.BlockGroups;PointsLayer:US.BlockPoints,2.191,2.576,1,8.56,0.45,8.43,23.93,0.49,0.91,3.27,4.5,135,134,0.6475,17.47,29.74,16.36,0,0,,,0,0,0,0,0,1,0,0,0,0,0,0,317,333,0,0,1,52,5154.16,267.43,52,5154.16,267.43,1,946.98,45.54,8,4,2285.72,266.79,2.98,1,0.0,0,0.0,0,100.0,1,0.0,0,7.59,30.0,52.41,2.76,14.83,5,64.41,26,40,1,34.03059583,-118.43037512,1,1,34.027486003907946,-118.42670543177806,detection_avg,0.6003404998687857,112,2444,95,8.56,0.45,8.43,23.93,0.49,0.91,3.73,4.5,134,pct_below_poverty,lausd_school_site_count,0.006984344089311403
Z-41,43,US,394,BlockApportionment:US.BlockGroups;PointsLayer:US.BlockPoints,2.191,2.576,1,80,5843,27,48,16.84,1.56,121,43,US,394,BlockApportionment:US.BlockGroups;PointsLayer:US.BlockPoints,2.191,2.576,1,14.93,2.51,15.52,26.76,0.23,0.75,2.07,4.12,125,127,0.6475,17.47,29.74,16.36,0,0,,,0,0,0,0,0,0,1,1,0,0,0,0,396,421,0,0,0,9,3066.29,47.09,9,3066.29,47.09,7,822.31,203.52,5,2,1859.27,51.04,0.0,0,0.0,0,0.0,0,100.0,1,0.0,0,5.13,27.61,53.63,3.36,15.4,5,66.0,26,41,1,34.01884066,-118.42545753,1,1,34.01970050549934,-118.42669779263552,detection_avg,0.5991494184945455,80,5843,48,14.93,2.51,15.52,26.76,0.23,0.75,1.56,4.12,127,recreation_center_count,osm_amenity_count,-0.004341135321827376
Z-42,9,US,360,BlockApportionment:US.BlockGroups;PointsLayer:US.BlockPoints,2.191,2.576,1,70,1703,96,95,20.14,5.45,125,9,US,360,BlockApportionment:US.BlockGroups;PointsLayer:US.BlockPoints,2.191,2.576,1,14.89,3.41,7.32,30.5,1.93,0.83,4.42,6.69,147,147,0.6475,17.47,29.74,16.36,0,0,,,0,0,0,0,0,0,0,0,0,0,0,0,236,224,0,0,0,0,0.0,522.56,0,0.0,522.56,3,1333.21,48.33,2,0,0.0,526.55,0.0,0,0.0,0,0.0,0,100.0,1,0.0,0,6.9,30.86,40.52,2.07,26.55,5,56.29,26,42,0,,,0,0,34.011915007090735,-118.426690153493,reconstructed,0.5181961925531552,70,1703,95,14.89,3.41,7.32,30.5,1.93,0.83,5.45,6.69,147,2023 Pop w/Income Below Poverty Level (ACS 5-Yr): Percent,police_station_count,0.0033697735540587546
Z-43,30,US,331,BlockApportionment:US.BlockGroups;PointsLayer:US.BlockPoints,2.191,2.576,1,102,3822,101,100,34.33,0.66,116,30,US,331,BlockApportionment:US.BlockGroups;PointsLayer:US.BlockPoints,2.191,2.576,1,22.14,2.21,10.72,19.68,4.13,5.41,1.16,12.93,118,119,0.6475,17.47,29.74,16.36,0,0,,,15,0,1,1,0,0,1,0,0,0,0,3,500,523,0,0,0,17,1734.36,144.75,0,0.0,871.4,2,591.29,340.66,7,0,0.0,1004.42,0.0,0,0.0,0,0.0,0,100.0,1,0.0,0,2.49,27.0,46.36,1.6,25.04,5,61.7,26,43,1,34.00538632,-118.43088631,1,1,34.00412950868213,-118.42668251435046,detection_avg,0.6201379519670467,102,3822,100,22.14,2.21,10.72,19.68,4.13,5.41,0.66,12.93,119,2023 Pop w/Income Below Poverty Level (ACS 5-Yr): Percent,fire_station_count,0.005766790440018874
Z-44,3,US,304,BlockApportionment:US.BlockGroups;PointsLayer:US.BlockPoints,2.191,2.576,1,140,3513,145,131,43.52,1.52,109,3,US,304,BlockApportionment:US.BlockGroups;PointsLayer:US.BlockPoints,2.191,2.576,1,13.56,4.99,6.21,25.3,2.88,6.86,2.55,11.34,117,119,0.6475,17.47,29.74,16.36,0,0,,,0,0,0,0,0,1,2,0,0,0,0,0,338,339,0,0,0,0,0.0,861.26,0,0.0,1399.17,0,0.0,805.16,15,0,0.0,1479.0,0.0,0,0.0,0,0.0,0,100.0,1,0.0,0,1.55,19.83,55.69,1.21,23.28,5,68.52,26,44,1,33.99467077,-118.42668708,3,1,33.996344010273525,-118.42667487520792,detection_avg,0.6145777937901099,140,3513,131,13.56,4.99,6.21,25.3,2.88,6.86,1.52,11.34,119,2023 Pop w/Income Below Poverty Level (ACS 5-Yr): Percent,police_station_count,0.004141360202000325
Z-45,23,US,274,BlockApportionment:US.BlockGroups;PointsLayer:US.BlockPoints,2.191,2.576,1,89,3150,105,212,31.43,2.13,120,23,US,274,BlockApportionment:US.BlockGroups;PointsLayer:US.BlockPoints,2.191,2.576,1,21.36,3.55,12.77,20.44,1.19,1.28,1.55,15.47,120,122,0.6475,17.47,29.74,16.36,0,0,,,12,0,0,0,0,1,0,0,0,0,0,0,328,309,0,0,0,0,0.0,846.38,0,0.0,874.9,0,0.0,962.32,2,0,0.0,958.99,0.0,0,0.0,0,0.0,0,100.0,1,0.0,0,2.3,23.23,43.44,2.3,31.03,5,59.72,26,45,1,33.9895746,-118.42488028666666,1,1,33.98855851186492,-118.4266672360654,detection_avg,0.559096124926598,89,3150,212,21.36,3.55,12.77,20.44,1.19,1.28,2.13,15.47,122,total_population,police_station_count,-0.002478406242365117
Z-46,47,US,248,BlockApportionment:US.BlockGroups;PointsLayer:US.BlockPoints,2.191,2.576,1,121,1157,64,67,19.36,2.49,117,47,US,248,BlockApportionment:US.BlockGroups;PointsLayer:US.BlockPoints,2.191,2.576,1,6.99,5.82,9.49,25.73,0.0,1.57,2.29,8.41,113,109,0.6475,17.47,29.74,16.36,0,0,,,0,0,0,0,0,0,0,0,0,0,0,0,136,136,0,0,1,34,3641.47,89.23,25,3126.96,89.23,3,1386.46,214.32,1,4,1770.52,134.85,11.61,1,11.57,1,0.0,0,100.0,1,0.0,0,0.36,25.22,49.73,2.49,22.56,5,64.7,26,46,0,,,0,0,33.980773013456314,-118.42665959692286,reconstructed,0.6034110841290998,121,1157,67,6.99,5.82,9.49,25.73,0.0,1.57,2.49,8.41,109,pct_below_poverty,la_geohub_100yr_flood_intersects,0.013374828210931305
Z-47,22,US,223,BlockApportionment:US.BlockGroups;PointsLayer:US.BlockPoints,2.191,2.576,1,238,4363,82,81,12.54,0.86,180,22,US,223,BlockApportionment:US.BlockGroups;PointsLayer:US.BlockPoints,2.191,2.576,1,12.0,0.86,11.64,22.24,0.03,0.16,0.93,4.92,157,153,0.6475,17.47,29.74,16.36,0,0,,,2,0,0,0,0,0,0,0,0,0,0,0,355,386,0,0,0,19,1932.51,86.99,1,92.06,426.57,1,567.14,342.0,5,1,114.0,426.16,44.64,1,8.91,1,35.66,1,100.0,1,0.0,0,0.86,18.28,58.1,3.45,20.17,5,70.41,26,47,0,,,0,0,33.972987515047706,-118.42665195778032,reconstructed,0.6017088173863369,238,4363,81,12.0,0.86,11.64,22.24,0.03,0.16,0.86,4.92,153,pct_below_poverty,la_geohub_100yr_flood_intersects,0.010398899786624336
Z-48,0,US,201,BlockApportionment:US.BlockGroups;PointsLayer:US.BlockPoints,2.191,2.576,1,168,2290,50,45,12.84,2.28,223,0,US,201,BlockApportionment:US.BlockGroups;PointsLayer:US.BlockPoints,2.191,2.576,1,6.8,9.38,13.59,39.21,0.07,0.21,2.26,1.83,181,177,0.6475,17.47,29.74,16.36,0,0,,,0,0,0,0,0,0,0,0,0,0,0,0,142,153,0,0,1,16,1900.98,32.93,16,1900.98,32.93,6,636.77,87.93,5,2,1914.44,32.93,35.82,1,0.0,0,35.93,1,100.0,1,0.0,0,9.59,42.27,37.3,4.44,15.99,5,53.23,26,48,0,,,0,0,33.965202016639104,-118.4266443186378,reconstructed,0.597057771994112,168,2290,45,6.8,9.38,13.59,39.21,0.07,0.21,2.28,1.83,177,2023 Pop 35-64: No Health Insurance (ACS 5-Yr): Percent,affordable_housing_count,0.0034018897473595167
Z-49,28,US,179,BlockApportionment:US.BlockGroups;PointsLayer:US.BlockPoints,2.191,2.576,1,128,3370,83,86,17.8,2.04,150,28,US,179,BlockApportionment:US.BlockGroups;PointsLayer:US.BlockPoints,2.191,2.576,1,12.83,0.5,10.14,28.24,0.44,0.96,2.49,7.16,130,130,0.6475,17.47,29.74,16.36,0,0,,,9,0,0,0,0,2,1,0,0,0,0,0,178,168,0,0,5,0,0.0,594.88,0,0.0,594.88,0,0.0,759.96,2,0,0.0,587.56,0.0,0,0.0,0,0.0,0,100.0,1,0.0,0,3.62,25.17,59.31,1.21,14.31,5,70.43,26,49,0,,,3,0,33.957416518230495,-118.42663667949526,reconstructed,0.5783719190438034,128,3370,86,12.83,0.5,10.14,28.24,0.44,0.96,2.04,7.16,130,pct_below_poverty,lausd_school_site_count,-0.008768525570811581
Z-5,16,US,1417,BlockApportionment:US.BlockGroups;PointsLayer:US.BlockPoints,2.191,2.576,1,52,3286,59,88,80.25,2.13,134,16,US,1417,BlockApportionment:US.BlockGroups;PointsLayer:US.BlockPoints,2.191,2.576,1,29.47,7.22,17.81,42.79,4.37,2.81,1.77,20.61,115,116,0.6475,17.47,29.74,16.36,0,0,,,6,0,0,0,0,1,0,0,0,0,0,0,110,106,0,0,2,13,2469.84,163.46,10,1628.78,274.77,1,744.48,234.13,0,2,1370.84,282.19,0.0,0,0.0,0,0.0,0,100.0,1,0.0,0,2.58,23.06,49.23,4.65,23.06,5,63.69,26,5,0,,,1,0,34.29997844820912,-118.42697280176674,reconstructed,0.5783540740734338,52,3286,88,29.47,7.22,17.81,42.79,4.37,2.81,2.13,20.61,116,pct_below_poverty,lausd_school_site_count,-0.004890252660246898
Z-50,7,US,158,BlockApportionment:US.BlockGroups;PointsLayer:US.BlockPoints,2.191,2.576,1,196,219,112,17,17.81,1.74,192,7,US,158,BlockApportionment:US.BlockGroups;PointsLayer:US.BlockPoints,2.191,2.576,1,5.19,0.0,8.26,15.38,0.63,1.83,2.27,14.47,145,144,0.6475,17.47,29.74,16.36,0,0,,,0,0,0,0,0,0,0,0,0,0,0,0,11,12,0,0,0,0,0.0,1115.88,0,0.0,1115.88,0,0.0,870.12,0,0,0.0,1114.1,0.0,0,0.0,0,0.0,0,100.0,1,0.0,0,3.55,48.85,24.51,0.71,25.93,3,46.09,26,50,0,,,0,0,33.949631019821894,-118.42662904035272,reconstructed,0.5358109091285334,196,219,17,5.19,0.0,8.26,15.38,0.63,1.83,1.74,14.47,144,total_population,police_station_count,0.010514571569789992
Z-6,6,US,1407,BlockApportionment:US.BlockGroups;PointsLayer:US.BlockPoints,2.191,2.576,1,70,2784,78,81,92.71,0.95,126,6,US,1407,BlockApportionment:US.BlockGroups;PointsLayer:US.BlockPoints,2.191,2.576,1,23.25,0.53,12.99,37.5,4.48,7.06,1.03,29.65,120,125,0.6475,17.47,29.74,16.36,0,0,,,8,0,0,0,0,1,0,0,0,0,0,0,87,83,0,0,0,14,959.15,25.95,0,0.0,825.82,1,629.09,337.21,7,0,0.0,857.33,0.0,0,0.0,0,0.0,0,100.0,1,0.0,0,1.77,21.55,55.65,5.12,17.67,5,68.42,26,6,0,,,1,0,34.29219294980052,-118.4269651626242,reconstructed,0.577026463308096,70,2784,81,23.25,0.53,12.99,37.5,4.48,7.06,0.95,29.65,125,2023 Pop 35-64: No Health Insurance (ACS 5-Yr): Percent,affordable_housing_count,-0.004062007356395384
Z-7,40,US,1391,BlockApportionment:US.BlockGroups;PointsLayer:US.BlockPoints,2.191,2.576,1,141,1624,114,145,90.76,1.53,145,40,US,1391,BlockApportionment:US.BlockGroups;PointsLayer:US.BlockPoints,2.191,2.576,1,42.54,1.38,10.94,32.61,3.98,1.94,1.19,27.15,124,128,0.6475,17.47,29.74,16.36,0,0,,,18,0,0,0,0,0,0,0,0,0,0,1,97,95,0,0,0,0,0.0,622.83,0,0.0,961.29,1,944.07,13.57,2,0,0.0,984.37,0.0,0,0.0,0,0.0,0,100.0,1,0.0,0,0.86,10.48,72.68,2.23,14.6,5,80.62,26,7,0,,,0,0,34.28440745139191,-118.42695752348168,reconstructed,0.5645439856266574,141,1624,145,42.54,1.38,10.94,32.61,3.98,1.94,1.53,27.15,128,total_crime_est,police_station_count,-0.0021877021617576716
Z-8,22,US,1373,BlockApportionment:US.BlockGroups;PointsLayer:US.BlockPoints,2.191,2.576,1,189,1903,151,176,94.01,1.79,108,22,US,1373,BlockApportionment:US.BlockGroups;PointsLayer:US.BlockPoints,2.191,2.576,1,49.87,2.1,18.34,9.86,12.11,3.61,1.39,24.96,97,97,0.6475,17.47,29.74,16.36,0,0,,,0,0,0,0,0,0,0,0,0,0,0,0,154,144,0,0,4,13,1317.78,355.81,13,1317.78,355.81,6,865.76,310.03,2,2,1067.54,354.08,0.0,0,0.0,0,0.0,0,100.0,1,0.0,0,1.06,11.99,70.9,1.94,15.17,5,79.31,26,8,0,,,0,0,34.276621952983305,-118.42694988433914,reconstructed,0.5854653417245534,189,1903,176,49.87,2.1,18.34,9.86,12.11,3.61,1.79,24.96,97,pct_below_poverty,lausd_school_site_count,0.01024713368838442
Z-9,49,US,1350,BlockApportionment:US.BlockGroups;PointsLayer:US.BlockPoints,2.191,2.576,1,177,1807,158,133,94.69,2.63,99,49,US,1350,BlockApportionment:US.BlockGroups;PointsLayer:US.BlockPoints,2.191,2.576,1,29.47,4.05,17.68,21.72,13.89,3.53,2.04,22.7,97,100,0.6475,17.47,29.74,16.36,0,0,,,30,0,0,0,0,0,0,0,0,0,0,0,180,169,0,0,0,39,4040.46,36.53,26,3127.7,84.75,0,0.0,902.4,4,2,1480.07,247.76,0.0,0,0.0,0,0.0,0,100.0,1,0.0,0,0.53,12.9,67.84,3.18,16.08,5,77.33,26,9,0,,,0,0,34.268836454574696,-118.4269422451966,reconstructed,0.6305084325053674,177,1807,133,29.47,4.05,17.68,21.72,13.89,3.53,2.63,22.7,100,2023 Pop w/Income Below Poverty Level (ACS 5-Yr): Percent,fire_station_count,0.0025097919252070446
