{"type": "FeatureCollection", "features": [{"type": "Feature", "properties": {"OBJECTID": 90, "GRID_ID": "Y-47", "has_data": true}, "geometry": {"type": "Polygon", "coordinates": [[[-118.283294633931, 33.7057047227698], [-118.287966478873, 33.6989574378444], [-118.297293222039, 33.6989648756322], [-118.301949580924, 33.7057196016603], [-118.297278462719, 33.7124674060594], [-118.287950260689, 33.7124599649572], [-118.283294633931, 33.7057047227698]]]}}, {"type": "Feature", "properties": {"OBJECTID": 97, "GRID_ID": "Z-47", "has_data": true}, "geometry": {"type": "Polygon", "coordinates": [[[-118.269293853036, 33.7124429784982], [-118.273967161333, 33.7056962326091], [-118.283294633931, 33.7057047227698], [-118.287950260689, 33.7124599649572], [-118.283277680027, 33.7192072330102], [-118.273948746768, 33.7191987374598], [-118.269293853036, 33.7124429784982]]]}}, {"type": "Feature", "properties": {"OBJECTID": 103, "GRID_ID": "X-46", "has_data": true}, "geometry": {"type": "Polygon", "coordinates": [[[-118.297263693518, 33.7259699078615], [-118.301935546544, 33.7192221192748], [-118.311264478905, 33.7192285099893], [-118.315923020696, 33.7259826935152], [-118.311251896203, 33.7327310010059], [-118.301921503182, 33.7327246068143], [-118.297263693518, 33.7259699078615]]]}}, {"type": "Feature", "properties": {"OBJECTID": 106, "GRID_ID": "Y-46", "has_data": true}, "geometry": {"type": "Polygon", "coordinates": [[[-118.283277680027, 33.7192072330102], [-118.287950260689, 33.7124599649572], [-118.297278462719, 33.7124674060594], [-118.301935546544, 33.7192221192748], [-118.297263693518, 33.7259699078615], [-118.287934030827, 33.7259624626996], [-118.283277680027, 33.7192072330102]]]}}, {"type": "Feature", "properties": {"OBJECTID": 108, "GRID_ID": "Z-46", "has_data": true}, "geometry": {"type": "Polygon", "coordinates": [[[-118.269274702751, 33.7259454677051], [-118.273948746768, 33.7191987374598], [-118.283277680027, 33.7192072330102], [-118.287934030827, 33.7259624626996], [-118.283260714445, 33.7327097131795], [-118.273930320525, 33.732701213736], [-118.269274702751, 33.7259454677051]]]}}, {"type": "Feature", "properties": {"OBJECTID": 113, "GRID_ID": "W-45", "has_data": true}, "geometry": {"type": "Polygon", "coordinates": [[[-118.311251896203, 33.7327310010059], [-118.315923020696, 33.7259826935152], [-118.325252682488, 33.7259880340074], [-118.329912683143, 33.7327416848854], [-118.325242288082, 33.7394905141333], [-118.315911163832, 33.7394851707463], [-118.311251896203, 33.7327310010059]]]}}, {"type": "Feature", "properties": {"OBJECTID": 115, "GRID_ID": "X-45", "has_data": true}, "geometry": {"type": "Polygon", "coordinates": [[[-118.297248914435, 33.7394723788873], [-118.301921503182, 33.7327246068143], [-118.311251896203, 33.7327310010059], [-118.315911163832, 33.7394851707463], [-118.311239305416, 33.7462334635298], [-118.301907449937, 33.7462270658628], [-118.297248914435, 33.7394723788873]]]}}, {"type": "Feature", "properties": {"OBJECTID": 117, "GRID_ID": "Y-45", "has_data": true}, "geometry": {"type": "Polygon", "coordinates": [[[-118.283260714445, 33.7327097131795], [-118.287934030827, 33.7259624626996], [-118.297263693518, 33.7259699078615], [-118.301921503182, 33.7327246068143], [-118.297248914435, 33.7394723788873], [-118.287917790185, 33.7394649304148], [-118.283260714445, 33.7327097131795]]]}}, {"type": "Feature", "properties": {"OBJECTID": 120, "GRID_ID": "Z-45", "has_data": true}, "geometry": {"type": "Polygon", "coordinates": [[[-118.269255539889, 33.7394479268893], [-118.273930320525, 33.732701213736], [-118.283260714445, 33.7327097131795], [-118.287917790185, 33.7394649304148], [-118.283243737184, 33.7462121648617], [-118.273911881706, 33.7462036607803], [-118.269255539889, 33.7394479268893]]]}}, {"type": "Feature", "properties": {"OBJECTID": 125, "GRID_ID": "W-44", "has_data": true}, "geometry": {"type": "Polygon", "coordinates": [[[-118.311239305416, 33.7462334635298], [-118.315911163832, 33.7394851707463], [-118.325242288082, 33.7394905141333], [-118.329903016372, 33.7462441524504], [-118.325231886489, 33.752992965809], [-118.315899300681, 33.7529876202756], [-118.311239305416, 33.7462334635298]]]}}, {"type": "Feature", "properties": {"OBJECTID": 126, "GRID_ID": "X-44", "has_data": true}, "geometry": {"type": "Polygon", "coordinates": [[[-118.297234126368, 33.7529748214676], [-118.301907449937, 33.7462270658628], [-118.311239305416, 33.7462334635298], [-118.315899300681, 33.7529876202756], [-118.311226705645, 33.7597358954089], [-118.30189338771, 33.7597294942684], [-118.297234126368, 33.7529748214676]]]}}, {"type": "Feature", "properties": {"OBJECTID": 128, "GRID_ID": "Y-44", "has_data": true}, "geometry": {"type": "Polygon", "coordinates": [[[-118.283243737184, 33.7462121648617], [-118.287917790185, 33.7394649304148], [-118.297248914435, 33.7394723788873], [-118.301907449937, 33.7462270658628], [-118.297234126368, 33.7529748214676], [-118.287901538763, 33.7529673689395], [-118.283243737184, 33.7462121648617]]]}}, {"type": "Feature", "properties": {"OBJECTID": 130, "GRID_ID": "Z-44", "has_data": true}, "geometry": {"type": "Polygon", "coordinates": [[[-118.269236363553, 33.7529503568873], [-118.273911881706, 33.7462036607803], [-118.283243737184, 33.7462121648617], [-118.287901538763, 33.7529673689395], [-118.283226749144, 33.7597145859049], [-118.27389343031, 33.7597060771879], [-118.269236363553, 33.7529503568873]]]}}, {"type": "Feature", "properties": {"OBJECTID": 133, "GRID_ID": "Y-43", "has_data": true}, "geometry": {"type": "Polygon", "coordinates": [[[-118.283226749144, 33.7597145859049], [-118.287901538763, 33.7529673689395], [-118.297234126368, 33.7529748214676], [-118.30189338771, 33.7597294942684], [-118.297219327522, 33.7664772334501], [-118.287885276562, 33.7664697768684], [-118.283226749144, 33.7597145859049]]]}}, {"type": "Feature", "properties": {"OBJECTID": 136, "GRID_ID": "Z-43", "has_data": true}, "geometry": {"type": "Polygon", "coordinates": [[[-118.26921717464, 33.7664527562942], [-118.27389343031, 33.7597060771879], [-118.283226749144, 33.7597145859049], [-118.287885276562, 33.7664697768684], [-118.283209750324, 33.7732169778911], [-118.273874967236, 33.7732084652876], [-118.26921717464, 33.7664527562942]]]}}, {"type": "Feature", "properties": {"OBJECTID": 138, "GRID_ID": "AB-43", "has_data": true}, "geometry": {"type": "Polygon", "coordinates": [[[-118.241215019961, 33.7664219561554], [-118.245893470215, 33.7596763388681], [-118.255226790845, 33.7596869536697], [-118.259883122781, 33.7664431923011], [-118.255205400162, 33.773189332088], [-118.245870615277, 33.7731787114916], [-118.241215019961, 33.7664219561554]]]}}, {"type": "Feature", "properties": {"OBJECTID": 139, "GRID_ID": "X-42", "has_data": true}, "geometry": {"type": "Polygon", "coordinates": [[[-118.297204518795, 33.779979617163], [-118.301879315601, 33.7732318943598], [-118.31121409779, 33.7732382989722], [-118.315875548326, 33.7799924283649], [-118.311201481851, 33.7867406713198], [-118.301865234509, 33.7867342639839], [-118.297204518795, 33.779979617163]]]}}, {"type": "Feature", "properties": {"OBJECTID": 141, "GRID_ID": "Y-42", "has_data": true}, "geometry": {"type": "Polygon", "coordinates": [[[-118.283209750324, 33.7732169778911], [-118.287885276562, 33.7664697768684], [-118.297219327522, 33.7664772334501], [-118.301879315601, 33.7732318943598], [-118.297204518795, 33.779979617163], [-118.287869004479, 33.7799721565298], [-118.283209750324, 33.7732169778911]]]}}, {"type": "Feature", "properties": {"OBJECTID": 152, "GRID_ID": "Z-42", "has_data": true}, "geometry": {"type": "Polygon", "coordinates": [[[-118.269197973151, 33.7799551274378], [-118.273874967236, 33.7732084652876], [-118.283209750324, 33.7732169778911], [-118.287869004479, 33.7799721565298], [-118.283192738927, 33.7867193401606], [-118.273856491585, 33.7867108229262], [-118.269197973151, 33.7799551274378]]]}}, {"type": "Feature", "properties": {"OBJECTID": 155, "GRID_ID": "AA-42", "has_data": true}, "geometry": {"type": "Polygon", "coordinates": [[[-118.255205400162, 33.773189332088], [-118.259883122781, 33.7664431923011], [-118.26921717464, 33.7664527562942], [-118.273874967236, 33.7732084652876], [-118.269197973151, 33.7799551274378], [-118.259862457038, 33.779945558232], [-118.255205400162, 33.773189332088]]]}}, {"type": "Feature", "properties": {"OBJECTID": 175, "GRID_ID": "AB-42", "has_data": true}, "geometry": {"type": "Polygon", "coordinates": [[[-118.241191424812, 33.7799243112464], [-118.245870615277, 33.7731787114916], [-118.255205400162, 33.773189332088], [-118.259862457038, 33.779945558232], [-118.255183995105, 33.7866916800503], [-118.245847745967, 33.786681053662], [-118.241191424812, 33.7799243112464]]]}}, {"type": "Feature", "properties": {"OBJECTID": 181, "GRID_ID": "AC-42", "has_data": true}, "geometry": {"type": "Polygon", "coordinates": [[[-118.227201048204, 33.7731553615571], [-118.231880967203, 33.7664102840022], [-118.241215019961, 33.7664219561554], [-118.245870615277, 33.7731787114916], [-118.241191424812, 33.7799243112464], [-118.2318559078, 33.7799126334659], [-118.227201048204, 33.7731553615571]]]}}, {"type": "Feature", "properties": {"OBJECTID": 184, "GRID_ID": "X-41", "has_data": true}, "geometry": {"type": "Polygon", "coordinates": [[[-118.297189700186, 33.7934819697062], [-118.301865234509, 33.7867342639839], [-118.311201481851, 33.7867406713198], [-118.31586366092, 33.7934947878468], [-118.311188856928, 33.8002430155247], [-118.301851144434, 33.8002366047205], [-118.297189700186, 33.7934819697062]]]}}, {"type": "Feature", "properties": {"OBJECTID": 188, "GRID_ID": "Y-41", "has_data": true}, "geometry": {"type": "Polygon", "coordinates": [[[-118.283192738927, 33.7867193401606], [-118.287869004479, 33.7799721565298], [-118.297204518795, 33.779979617163], [-118.301865234509, 33.7867342639839], [-118.297189700186, 33.7934819697062], [-118.287852720717, 33.79347450577], [-118.283192738927, 33.7867193401606]]]}}, {"type": "Feature", "properties": {"OBJECTID": 197, "GRID_ID": "Z-41", "has_data": true}, "geometry": {"type": "Polygon", "coordinates": [[[-118.269178759085, 33.7934574681649], [-118.273856491585, 33.7867108229262], [-118.283192738927, 33.7867193401606], [-118.287852720717, 33.79347450577], [-118.283175717649, 33.8002216727999], [-118.273838004257, 33.8002131516834], [-118.269178759085, 33.7934574681649]]]}}, {"type": "Feature", "properties": {"OBJECTID": 200, "GRID_ID": "AA-41", "has_data": true}, "geometry": {"type": "Polygon", "coordinates": [[[-118.255183995105, 33.7866916800503], [-118.259862457038, 33.779945558232], [-118.269197973151, 33.7799551274378], [-118.273856491585, 33.7867108229262], [-118.269178759085, 33.7934574681649], [-118.259841776921, 33.793447893749], [-118.255183995105, 33.7866916800503]]]}}, {"type": "Feature", "properties": {"OBJECTID": 202, "GRID_ID": "AB-41", "has_data": true}, "geometry": {"type": "Polygon", "coordinates": [[[-118.241167814391, 33.793426635929], [-118.245847745967, 33.786681053662], [-118.255183995105, 33.7866916800503], [-118.259841776921, 33.793447893749], [-118.255162575676, 33.8001939991363], [-118.245824860487, 33.8001833677055], [-118.241167814391, 33.793426635929]]]}}, {"type": "Feature", "properties": {"OBJECTID": 205, "GRID_ID": "AC-41", "has_data": true}, "geometry": {"type": "Polygon", "coordinates": [[[-118.22717524769, 33.7866576917294], [-118.2318559078, 33.7799126334659], [-118.241191424812, 33.7799243112464], [-118.245847745967, 33.786681053662], [-118.241167814391, 33.793426635929], [-118.231830832227, 33.7934149525243], [-118.22717524769, 33.7866576917294]]]}}, {"type": "Feature", "properties": {"OBJECTID": 210, "GRID_ID": "Y-40", "has_data": true}, "geometry": {"type": "Polygon", "coordinates": [[[-118.283175717649, 33.8002216727999], [-118.287852720717, 33.79347450577], [-118.297189700186, 33.7934819697062], [-118.301851144434, 33.8002366047205], [-118.297174871696, 33.8069842934057], [-118.287836426176, 33.806976825422], [-118.283175717649, 33.8002216727999]]]}}, {"type": "Feature", "properties": {"OBJECTID": 214, "GRID_ID": "Z-40", "has_data": true}, "geometry": {"type": "Polygon", "coordinates": [[[-118.269159531545, 33.8069597785617], [-118.273838004257, 33.8002131516834], [-118.283175717649, 33.8002216727999], [-118.287836426176, 33.806976825422], [-118.283158683795, 33.8137239758945], [-118.273819503454, 33.8137154501516], [-118.269159531545, 33.8069597785617]]]}}, {"type": "Feature", "properties": {"OBJECTID": 217, "GRID_ID": "AA-40", "has_data": true}, "geometry": {"type": "Polygon", "coordinates": [[[-118.255162575676, 33.8001939991363], [-118.259841776921, 33.793447893749], [-118.269178759085, 33.7934574681649], [-118.273838004257, 33.8002131516834], [-118.269159531545, 33.8069597785617], [-118.259821083331, 33.8069501996848], [-118.255162575676, 33.8001939991363]]]}}, {"type": "Feature", "properties": {"OBJECTID": 241, "GRID_ID": "AC-40", "has_data": true}, "geometry": {"type": "Polygon", "coordinates": [[[-118.227149431007, 33.8001599937812], [-118.231830832227, 33.7934149525243], [-118.241167814391, 33.793426635929], [-118.245824860487, 33.8001833677055], [-118.241144188699, 33.806928931036], [-118.231805739586, 33.8069172412638], [-118.227149431007, 33.8001599937812]]]}}, {"type": "Feature", "properties": {"OBJECTID": 250, "GRID_ID": "Y-39", "has_data": true}, "geometry": {"type": "Polygon", "coordinates": [[[-118.283158683795, 33.8137239758945], [-118.287836426176, 33.806976825422], [-118.297174871696, 33.8069842934057], [-118.301837044477, 33.8137389151617], [-118.297160034222, 33.8204865875998], [-118.287820119957, 33.8204791163168], [-118.283158683795, 33.8137239758945]]]}}, {"type": "Feature", "properties": {"OBJECTID": 275, "GRID_ID": "Z-39", "has_data": true}, "geometry": {"type": "Polygon", "coordinates": [[[-118.269140291428, 33.8204620609525], [-118.273819503454, 33.8137154501516], [-118.283158683795, 33.8137239758945], [-118.287820119957, 33.8204791163168], [-118.283141639161, 33.8272262495289], [-118.273800990972, 33.8272177199081], [-118.269140291428, 33.8204620609525]]]}}, {"type": "Feature", "properties": {"OBJECTID": 285, "GRID_ID": "Y-38", "has_data": true}, "geometry": {"type": "Polygon", "coordinates": [[[-118.283141639161, 33.8272262495289], [-118.287820119957, 33.8204791163168], [-118.297160034222, 33.8204865875998], [-118.301822935537, 33.8272411961388], [-118.297145185969, 33.8339888516262], [-118.287803803857, 33.8339813762997], [-118.283141639161, 33.8272262495289]]]}}, {"type": "Feature", "properties": {"OBJECTID": 304, "GRID_ID": "Z-38", "has_data": true}, "geometry": {"type": "Polygon", "coordinates": [[[-118.269121038735, 33.8339643124358], [-118.273800990972, 33.8272177199081], [-118.283141639161, 33.8272262495289], [-118.287803803857, 33.8339813762997], [-118.283124582848, 33.8407284930404], [-118.273782465914, 33.8407199587979], [-118.269121038735, 33.8339643124358]]]}}, {"type": "Feature", "properties": {"OBJECTID": 311, "GRID_ID": "Y-37", "has_data": true}, "geometry": {"type": "Polygon", "coordinates": [[[-118.283124582848, 33.8407284930404], [-118.287803803857, 33.8339813762997], [-118.297145185969, 33.8339888516262], [-118.301808816716, 33.8407434477353], [-118.297130327834, 33.8474910870606], [-118.287787476977, 33.8474836076927], [-118.283124582848, 33.8407284930404]]]}}, {"type": "Feature", "properties": {"OBJECTID": 315, "GRID_ID": "Z-37", "has_data": true}, "geometry": {"type": "Polygon", "coordinates": [[[-118.269101772567, 33.8474665353335], [-118.273782465914, 33.8407199587979], [-118.283124582848, 33.8407284930404], [-118.287787476977, 33.8474836076927], [-118.283107515756, 33.8542307072581], [-118.273763929179, 33.8542221691421], [-118.269101772567, 33.8474665353335]]]}}, {"type": "Feature", "properties": {"OBJECTID": 318, "GRID_ID": "Y-36", "has_data": true}, "geometry": {"type": "Polygon", "coordinates": [[[-118.283107515756, 33.8542307072581], [-118.287787476977, 33.8474836076927], [-118.297130327834, 33.8474910870606], [-118.301794688911, 33.8542456700339], [-118.297115459818, 33.860993291747], [-118.287771138418, 33.8609858090856], [-118.283107515756, 33.8542307072581]]]}}, {"type": "Feature", "properties": {"OBJECTID": 322, "GRID_ID": "Z-36", "has_data": true}, "geometry": {"type": "Polygon", "coordinates": [[[-118.269082494721, 33.8609687274898], [-118.273763929179, 33.8542221691421], [-118.283107515756, 33.8542307072581], [-118.287771138418, 33.8609858090856], [-118.283090436986, 33.8677328915177], [-118.273745379866, 33.8677243487845], [-118.269082494721, 33.8609687274898]]]}}, {"type": "Feature", "properties": {"OBJECTID": 325, "GRID_ID": "Y-35", "has_data": true}, "geometry": {"type": "Polygon", "coordinates": [[[-118.283090436986, 33.8677328915177], [-118.287771138418, 33.8609858090856], [-118.297115459818, 33.860993291747], [-118.301780551225, 33.8677478616244], [-118.29710058192, 33.8744954680047], [-118.287754789978, 33.8744879813058], [-118.283090436986, 33.8677328915177]]]}}, {"type": "Feature", "properties": {"OBJECTID": 326, "GRID_ID": "Z-35", "has_data": true}, "geometry": {"type": "Polygon", "coordinates": [[[-118.2690632034, 33.874470891224], [-118.273745379866, 33.8677243487845], [-118.283090436986, 33.8677328915177], [-118.287754789978, 33.8744879813058], [-118.283073346538, 33.8812350473919], [-118.273726817978, 33.8812265000439], [-118.2690632034, 33.874470891224]]]}}, {"type": "Feature", "properties": {"OBJECTID": 330, "GRID_ID": "Y-34", "has_data": true}, "geometry": {"type": "Polygon", "coordinates": [[[-118.283073346538, 33.8812350473919], [-118.287754789978, 33.8744879813058], [-118.29710058192, 33.8744954680047], [-118.301766404556, 33.8812500240798], [-118.297085695039, 33.8879976136765], [-118.28773842986, 33.8879901229422], [-118.283073346538, 33.8812350473919]]]}}, {"type": "Feature", "properties": {"OBJECTID": 334, "GRID_ID": "Z-34", "has_data": true}, "geometry": {"type": "Polygon", "coordinates": [[[-118.269043898605, 33.8879730243787], [-118.273726817978, 33.8812265000439], [-118.283073346538, 33.8812350473919], [-118.28773842986, 33.8879901229422], [-118.283056244411, 33.8947371719775], [-118.273708243512, 33.8947286207626], [-118.269043898605, 33.8879730243787]]]}}, {"type": "Feature", "properties": {"OBJECTID": 339, "GRID_ID": "Y-33", "has_data": true}, "geometry": {"type": "Polygon", "coordinates": [[[-118.283056244411, 33.8947371719775], [-118.28773842986, 33.8879901229422], [-118.297085695039, 33.8879976136765], [-118.301752248006, 33.8947521567342], [-118.297070797378, 33.9014997303335], [-118.287722058963, 33.901492235566], [-118.283056244411, 33.8947371719775]]]}}, {"type": "Feature", "properties": {"OBJECTID": 344, "GRID_ID": "Z-33", "has_data": true}, "geometry": {"type": "Polygon", "coordinates": [[[-118.269024582131, 33.9014751285254], [-118.273708243512, 33.8947286207626], [-118.283056244411, 33.8947371719775], [-118.287722058963, 33.901492235566], [-118.283039131505, 33.9082392668454], [-118.273689656471, 33.9082307110203], [-118.269024582131, 33.9014751285254]]]}}, {"type": "Feature", "properties": {"OBJECTID": 351, "GRID_ID": "Y-32", "has_data": true}, "geometry": {"type": "Polygon", "coordinates": [[[-118.283039131505, 33.9082392668454], [-118.287722058963, 33.901492235566], [-118.297070797378, 33.9014997303335], [-118.301738082472, 33.9082542596669], [-118.297055889836, 33.9150018165633], [-118.287705677285, 33.9149943177644], [-118.283039131505, 33.9082392668454]]]}}, {"type": "Feature", "properties": {"OBJECTID": 354, "GRID_ID": "Z-32", "has_data": true}, "geometry": {"type": "Polygon", "coordinates": [[[-118.269005252183, 33.9149772022512], [-118.273689656471, 33.9082307110203], [-118.283039131505, 33.9082392668454], [-118.287705677285, 33.9149943177644], [-118.283022006921, 33.9217413335647], [-118.273671057751, 33.9217327731318], [-118.269005252183, 33.9149772022512]]]}}, {"type": "Feature", "properties": {"OBJECTID": 360, "GRID_ID": "AB-32", "has_data": true}, "geometry": {"type": "Polygon", "coordinates": [[[-118.240954611835, 33.9149462289708], [-118.245641227775, 33.9082008058849], [-118.254990704606, 33.9082114805403], [-118.259655037835, 33.9149675840455], [-118.254969156717, 33.9217135330263], [-118.245618204852, 33.9217028526078], [-118.240954611835, 33.9149462289708]]]}}, {"type": "Feature", "properties": {"OBJECTID": 368, "GRID_ID": "X-31", "has_data": true}, "geometry": {"type": "Polygon", "coordinates": [[[-118.297040972413, 33.9285038739346], [-118.301723907057, 33.9217563337013], [-118.311074856226, 33.9217627734054], [-118.315744346684, 33.9285167567942], [-118.31106214776, 33.9352648205791], [-118.301709722658, 33.935258377424], [-118.297040972413, 33.9285038739346]]]}}, {"type": "Feature", "properties": {"OBJECTID": 390, "GRID_ID": "Y-31", "has_data": true}, "geometry": {"type": "Polygon", "coordinates": [[[-118.283022006921, 33.9217413335647], [-118.287705677285, 33.9149943177644], [-118.297055889836, 33.9150018165633], [-118.301723907057, 33.9217563337013], [-118.297040972413, 33.9285038739346], [-118.287689284828, 33.9284963718519], [-118.283022006921, 33.9217413335647]]]}}, {"type": "Feature", "properties": {"OBJECTID": 393, "GRID_ID": "Z-31", "has_data": true}, "geometry": {"type": "Polygon", "coordinates": [[[-118.26898590876, 33.9284792471252], [-118.273671057751, 33.9217327731318], [-118.283022006921, 33.9217413335647], [-118.287689284828, 33.9284963718519], [-118.283004871557, 33.9352433692308], [-118.273652446455, 33.9352348049376], [-118.26898590876, 33.9284792471252]]]}}, {"type": "Feature", "properties": {"OBJECTID": 400, "GRID_ID": "AA-31", "has_data": true}, "geometry": {"type": "Polygon", "coordinates": [[[-118.254969156717, 33.9217135330263], [-118.259655037835, 33.9149675840455], [-118.269005252183, 33.9149772022512], [-118.273671057751, 33.9217327731318], [-118.26898590876, 33.9284792471252], [-118.259634220277, 33.9284696244807], [-118.254969156717, 33.9217135330263]]]}}, {"type": "Feature", "properties": {"OBJECTID": 404, "GRID_ID": "AB-31", "has_data": true}, "geometry": {"type": "Polygon", "coordinates": [[[-118.240930844209, 33.9284482586283], [-118.245618204852, 33.9217028526078], [-118.254969156717, 33.9217135330263], [-118.259634220277, 33.9284696244807], [-118.254947593557, 33.9352155544665], [-118.245595166659, 33.9352048690332], [-118.240930844209, 33.9284482586283]]]}}, {"type": "Feature", "properties": {"OBJECTID": 417, "GRID_ID": "AC-31", "has_data": true}, "geometry": {"type": "Polygon", "coordinates": [[[-118.22691630292, 33.9216793717837], [-118.231604397487, 33.9149344921015], [-118.240954611835, 33.9149462289708], [-118.245618204852, 33.9217028526078], [-118.240930844209, 33.9284482586283], [-118.231579154827, 33.9284365146745], [-118.22691630292, 33.9216793717837]]]}}, {"type": "Feature", "properties": {"OBJECTID": 426, "GRID_ID": "AD-31", "has_data": true}, "geometry": {"type": "Polygon", "coordinates": [[[-118.212875776064, 33.9284109076918], [-118.217565351055, 33.9216665713774], [-118.22691630292, 33.9216793717837], [-118.231579154827, 33.9284365146745], [-118.22689031376, 33.9351813762797], [-118.217537885964, 33.9351685697041], [-118.212875776064, 33.9284109076918]]]}}, {"type": "Feature", "properties": {"OBJECTID": 431, "GRID_ID": "X-30", "has_data": true}, "geometry": {"type": "Polygon", "coordinates": [[[-118.297026045108, 33.9420059002882], [-118.301709722658, 33.935258377424], [-118.31106214776, 33.9352648205791], [-118.315732371243, 33.9420187907933], [-118.311049430311, 33.9487668382611], [-118.301695528379, 33.9487603916568], [-118.297026045108, 33.9420059002882]]]}}, {"type": "Feature", "properties": {"OBJECTID": 437, "GRID_ID": "Y-30", "has_data": true}, "geometry": {"type": "Polygon", "coordinates": [[[-118.283004871557, 33.9352433692308], [-118.287689284828, 33.9284963718519], [-118.297040972413, 33.9285038739346], [-118.301709722658, 33.935258377424], [-118.297026045108, 33.9420059002882], [-118.287672881591, 33.9419983949235], [-118.283004871557, 33.9352433692308]]]}}, {"type": "Feature", "properties": {"OBJECTID": 467, "GRID_ID": "Z-30", "has_data": true}, "geometry": {"type": "Polygon", "coordinates": [[[-118.268966553659, 33.9419812617332], [-118.273652446455, 33.9352348049376], [-118.283004871557, 33.9352433692308], [-118.287672881591, 33.9419983949235], [-118.282987724515, 33.9487453769016], [-118.273633822583, 33.9487368080051], [-118.268966553659, 33.9419812617332]]]}}, {"type": "Feature", "properties": {"OBJECTID": 474, "GRID_ID": "AA-30", "has_data": true}, "geometry": {"type": "Polygon", "coordinates": [[[-118.254947593557, 33.9352155544665], [-118.259634220277, 33.9284696244807], [-118.26898590876, 33.9284792471252], [-118.273652446455, 33.9352348049376], [-118.268966553659, 33.9419812617332], [-118.259613388345, 33.9419716339072], [-118.254947593557, 33.9352155544665]]]}}, {"type": "Feature", "properties": {"OBJECTID": 491, "GRID_ID": "AB-30", "has_data": true}, "geometry": {"type": "Polygon", "coordinates": [[[-118.240907060413, 33.9419502572828], [-118.245595166659, 33.9352048690332], [-118.254947593557, 33.9352155544665], [-118.259613388345, 33.9419716339072], [-118.254926016922, 33.9487175479187], [-118.245572113193, 33.9487068567282], [-118.240907060413, 33.9419502572828]]]}}, {"type": "Feature", "properties": {"OBJECTID": 500, "GRID_ID": "AC-30", "has_data": true}, "geometry": {"type": "Polygon", "coordinates": [[[-118.22689031376, 33.9351813762797], [-118.231579154827, 33.9284365146745], [-118.240930844209, 33.9284482586283], [-118.245595166659, 33.9352048690332], [-118.240907060413, 33.9419502572828], [-118.231553894202, 33.9419385077385], [-118.22689031376, 33.9351813762797]]]}}, {"type": "Feature", "properties": {"OBJECTID": 531, "GRID_ID": "N-29", "has_data": true}, "geometry": {"type": "Polygon", "coordinates": [[[-118.437330705942, 33.955535629322], [-118.442004046579, 33.9487828098313], [-118.451357947612, 33.9487786449874], [-118.456039985738, 33.9555272980597], [-118.451367385313, 33.9622806388304], [-118.442012006551, 33.9622848052487], [-118.437330705942, 33.955535629322]]]}}, {"type": "Feature", "properties": {"OBJECTID": 548, "GRID_ID": "O-29", "has_data": true}, "geometry": {"type": "Polygon", "coordinates": [[[-118.423296243613, 33.9487890172293], [-118.427970324462, 33.9420367206429], [-118.437323486182, 33.9420336174429], [-118.442004046579, 33.9487828098313], [-118.437330705942, 33.955535629322], [-118.427976066493, 33.9555387342651], [-118.423296243613, 33.9487890172293]]]}}, {"type": "Feature", "properties": {"OBJECTID": 553, "GRID_ID": "P-29", "has_data": true}, "geometry": {"type": "Polygon", "coordinates": [[[-118.409266786697, 33.9555428205399], [-118.413942343478, 33.9487910605287], [-118.423296243613, 33.9487890172293], [-118.427976066493, 33.9555387342651], [-118.423301249026, 33.9622910161322], [-118.413945870264, 33.9622930598524], [-118.409266786697, 33.9555428205399]]]}}, {"type": "Feature", "properties": {"OBJECTID": 567, "GRID_ID": "Q-29", "has_data": true}, "geometry": {"type": "Polygon", "coordinates": [[[-118.395234540512, 33.9487930233481], [-118.399910836606, 33.9420417860725], [-118.409263998326, 33.9420408045849], [-118.413942343478, 33.9487910605287], [-118.409266786697, 33.9555428205399], [-118.399912147248, 33.9555438018716], [-118.395234540512, 33.9487930233481]]]}}, {"type": "Feature", "properties": {"OBJECTID": 573, "GRID_ID": "R-29", "has_data": true}, "geometry": {"type": "Polygon", "coordinates": [[[-118.381202867452, 33.9555436424146], [-118.385880640377, 33.9487929436132], [-118.395234540512, 33.9487930233481], [-118.399912147248, 33.9555438018716], [-118.395235112739, 33.9622950238505], [-118.385879734875, 33.9622949441283], [-118.381202867452, 33.9555436424146]]]}}, {"type": "Feature", "properties": {"OBJECTID": 577, "GRID_ID": "S-29", "has_data": true}, "geometry": {"type": "Polygon", "coordinates": [[[-118.367172837411, 33.9487906618544], [-118.371851348751, 33.9420404856201], [-118.381204510471, 33.94204162659], [-118.385880640377, 33.9487929436132], [-118.381202867452, 33.9555436424146], [-118.371848228003, 33.9555425016256], [-118.367172837411, 33.9487906618544]]]}}, {"type": "Feature", "properties": {"OBJECTID": 579, "GRID_ID": "W-29", "has_data": true}, "geometry": {"type": "Polygon", "coordinates": [[[-118.311049430311, 33.9487668382611], [-118.315732371243, 33.9420187907933], [-118.32508553476, 33.9420241744436], [-118.329757233276, 33.9487776091789], [-118.325075028064, 33.9555261818597], [-118.315720388615, 33.9555207953378], [-118.311049430311, 33.9487668382611]]]}}, {"type": "Feature", "properties": {"OBJECTID": 581, "GRID_ID": "X-29", "has_data": true}, "geometry": {"type": "Polygon", "coordinates": [[[-118.297011107023, 33.9555078986811], [-118.301695528379, 33.9487603916568], [-118.311049430311, 33.9487668382611], [-118.315720388615, 33.9555207953378], [-118.311036703878, 33.9622688257818], [-118.301681325116, 33.9622623764751], [-118.297011107023, 33.9555078986811]]]}}, {"type": "Feature", "properties": {"OBJECTID": 584, "GRID_ID": "Y-29", "has_data": true}, "geometry": {"type": "Polygon", "coordinates": [[[-118.282987724515, 33.9487453769016], [-118.287672881591, 33.9419983949235], [-118.297026045108, 33.9420059002882], [-118.301695528379, 33.9487603916568], [-118.297011107023, 33.9555078986811], [-118.287656466676, 33.9555003892911], [-118.282987724515, 33.9487453769016]]]}}, {"type": "Feature", "properties": {"OBJECTID": 586, "GRID_ID": "Z-29", "has_data": true}, "geometry": {"type": "Polygon", "coordinates": [[[-118.268947185083, 33.9554832468967], [-118.273633822583, 33.9487368080051], [-118.282987724515, 33.9487453769016], [-118.287656466676, 33.9555003892911], [-118.282970565794, 33.9622473529262], [-118.273615186134, 33.9622387801739], [-118.268947185083, 33.9554832468967]]]}}, {"type": "Feature", "properties": {"OBJECTID": 591, "GRID_ID": "AA-29", "has_data": true}, "geometry": {"type": "Polygon", "coordinates": [[[-118.254926016922, 33.9487175479187], [-118.259613388345, 33.9419716339072], [-118.268966553659, 33.9419812617332], [-118.273633822583, 33.9487368080051], [-118.268947185083, 33.9554832468967], [-118.259592542939, 33.9554736146369], [-118.254926016922, 33.9487175479187]]]}}, {"type": "Feature", "properties": {"OBJECTID": 597, "GRID_ID": "AB-29", "has_data": true}, "geometry": {"type": "Polygon", "coordinates": [[[-118.240883260448, 33.955452227246], [-118.245572113193, 33.9487068567282], [-118.254926016922, 33.9487175479187], [-118.259592542939, 33.9554736146369], [-118.254904425016, 33.9622195104774], [-118.245549044457, 33.9622088135326], [-118.240883260448, 33.955452227246]]]}}, {"type": "Feature", "properties": {"OBJECTID": 599, "GRID_ID": "AC-29", "has_data": true}, "geometry": {"type": "Polygon", "coordinates": [[[-118.226864306634, 33.9486833520515], [-118.231553894202, 33.9419385077385], [-118.240907060413, 33.9419502572828], [-118.245572113193, 33.9487068567282], [-118.240883260448, 33.955452227246], [-118.231528617406, 33.9554404713692], [-118.226864306634, 33.9486833520515]]]}}, {"type": "Feature", "properties": {"OBJECTID": 601, "GRID_ID": "M-28", "has_data": true}, "geometry": {"type": "Polygon", "coordinates": [[[-118.451367385313, 33.9622806388304], [-118.456039985738, 33.9555272980597], [-118.465394626085, 33.9555220702499], [-118.470078143736, 33.9622701810601], [-118.465406283523, 33.9690240452122], [-118.456050166345, 33.9690292751724], [-118.451367385313, 33.9622806388304]]]}}, {"type": "Feature", "properties": {"OBJECTID": 603, "GRID_ID": "N-28", "has_data": true}, "geometry": {"type": "Polygon", "coordinates": [[[-118.437337929295, 33.9690376110726], [-118.442012006551, 33.9622848052487], [-118.451367385313, 33.9622806388304], [-118.456050166345, 33.9690292751724], [-118.451376829301, 33.9757826033286], [-118.44201997281, 33.9757867720653], [-118.437337929295, 33.9690376110726]]]}}, {"type": "Feature", "properties": {"OBJECTID": 605, "GRID_ID": "O-28", "has_data": true}, "geometry": {"type": "Polygon", "coordinates": [[[-118.423301249026, 33.9622910161322], [-118.427976066493, 33.9555387342651], [-118.437330705942, 33.955535629322], [-118.442012006551, 33.9622848052487], [-118.437337929295, 33.9690376110726], [-118.427981812118, 33.9690407170128], [-118.423301249026, 33.9622910161322]]]}}, {"type": "Feature", "properties": {"OBJECTID": 606, "GRID_ID": "P-28", "has_data": true}, "geometry": {"type": "Polygon", "coordinates": [[[-118.409269575966, 33.9690448056191], [-118.413945870264, 33.9622930598524], [-118.423301249026, 33.9622910161322], [-118.427981812118, 33.9690407170128], [-118.423306257134, 33.9757929864324], [-118.413949400643, 33.9757950305733], [-118.409269575966, 33.9690448056191]]]}}, {"type": "Feature", "properties": {"OBJECTID": 609, "GRID_ID": "Q-28", "has_data": true}, "geometry": {"type": "Polygon", "coordinates": [[[-118.395235112739, 33.9622950238505], [-118.399912147248, 33.9555438018716], [-118.409266786697, 33.9555428205399], [-118.413945870264, 33.9622930598524], [-118.409269575966, 33.9690448056191], [-118.399913458789, 33.9690457882852], [-118.395235112739, 33.9622950238505]]]}}, {"type": "Feature", "properties": {"OBJECTID": 611, "GRID_ID": "R-28", "has_data": true}, "geometry": {"type": "Polygon", "coordinates": [[[-118.381201222637, 33.9690456281084], [-118.385879734875, 33.9622949441283], [-118.395235112739, 33.9622950238505], [-118.399913458789, 33.9690457882852], [-118.395235685864, 33.9757969957494], [-118.385878829373, 33.9757969160398], [-118.381201222637, 33.9690456281084]]]}}, {"type": "Feature", "properties": {"OBJECTID": 614, "GRID_ID": "S-28", "has_data": true}, "geometry": {"type": "Polygon", "coordinates": [[[-118.36716897735, 33.9622926612413], [-118.371848228003, 33.9555425016256], [-118.381202867452, 33.9555436424146], [-118.385879734875, 33.9622949441283], [-118.381201222637, 33.9690456281084], [-118.371845105459, 33.9690444867555], [-118.36716897735, 33.9622926612413]]]}}, {"type": "Feature", "properties": {"OBJECTID": 616, "GRID_ID": "T-28", "has_data": true}, "geometry": {"type": "Polygon", "coordinates": [[[-118.353132869308, 33.9690400792856], [-118.357813598588, 33.9622904580766], [-118.36716897735, 33.9622926612413], [-118.371845105459, 33.9690444867555], [-118.367165114595, 33.9757946320254], [-118.357808257205, 33.9757924277205], [-118.353132869308, 33.9690400792856]]]}}, {"type": "Feature", "properties": {"OBJECTID": 621, "GRID_ID": "V-28", "has_data": true}, "geometry": {"type": "Polygon", "coordinates": [[[-118.32506451508, 33.9690281584045], [-118.329747462301, 33.9622796024413], [-118.339102841063, 33.9622839290492], [-118.34377675213, 33.9690368139135], [-118.339094542427, 33.9757858952599], [-118.329737685037, 33.9757815663591], [-118.32506451508, 33.9690281584045]]]}}, {"type": "Feature", "properties": {"OBJECTID": 623, "GRID_ID": "W-28", "has_data": true}, "geometry": {"type": "Polygon", "coordinates": [[[-118.311036703878, 33.9622688257818], [-118.315720388615, 33.9555207953378], [-118.325075028064, 33.9555261818597], [-118.329747462301, 33.9622796024413], [-118.32506451508, 33.9690281584045], [-118.315708397005, 33.9690227690125], [-118.311036703878, 33.9622688257818]]]}}, {"type": "Feature", "properties": {"OBJECTID": 625, "GRID_ID": "X-28", "has_data": true}, "geometry": {"type": "Polygon", "coordinates": [[[-118.296996159955, 33.9690098662075], [-118.301681325116, 33.9622623764751], [-118.311036703878, 33.9622688257818], [-118.315708397005, 33.9690227690125], [-118.311023969361, 33.975770784706], [-118.301667111971, 33.9757643312083], [-118.296996159955, 33.9690098662075]]]}}, {"type": "Feature", "properties": {"OBJECTID": 627, "GRID_ID": "Y-28", "has_data": true}, "geometry": {"type": "Polygon", "coordinates": [[[-118.282970565794, 33.9622473529262], [-118.287656466676, 33.9555003892911], [-118.297011107023, 33.9555078986811], [-118.301681325116, 33.9622623764751], [-118.296996159955, 33.9690098662075], [-118.287640041879, 33.9690023527943], [-118.282970565794, 33.9622473529262]]]}}, {"type": "Feature", "properties": {"OBJECTID": 636, "GRID_ID": "Z-28", "has_data": true}, "geometry": {"type": "Polygon", "coordinates": [[[-118.268927803032, 33.9689852019454], [-118.273615186134, 33.9622387801739], [-118.282970565794, 33.9622473529262], [-118.287640041879, 33.9690023527943], [-118.282953395396, 33.9757493011051], [-118.273596537108, 33.9757407230092], [-118.268927803032, 33.9689852019454]]]}}, {"type": "Feature", "properties": {"OBJECTID": 649, "GRID_ID": "AA-28", "has_data": true}, "geometry": {"type": "Polygon", "coordinates": [[[-118.254904425016, 33.9622195104774], [-118.259592542939, 33.9554736146369], [-118.268947185083, 33.9554832468967], [-118.273615186134, 33.9622387801739], [-118.268927803032, 33.9689852019454], [-118.25957168316, 33.9689755645094], [-118.254904425016, 33.9622195104774]]]}}, {"type": "Feature", "properties": {"OBJECTID": 657, "GRID_ID": "AB-28", "has_data": true}, "geometry": {"type": "Polygon", "coordinates": [[[-118.240859444313, 33.9689541663577], [-118.245549044457, 33.9622088135326], [-118.254904425016, 33.9622195104774], [-118.25957168316, 33.9689755645094], [-118.254882819635, 33.9757214437076], [-118.245525959551, 33.9757107417565], [-118.240859444313, 33.9689541663577]]]}}, {"type": "Feature", "properties": {"OBJECTID": 659, "GRID_ID": "L-27", "has_data": true}, "geometry": {"type": "Polygon", "coordinates": [[[-118.465417949943, 33.9825259908688], [-118.470090544978, 33.975772140514], [-118.479447402368, 33.9757658471807], [-118.484133145145, 33.9825134007322], [-118.479461292119, 33.9892677724068], [-118.470102954306, 33.9892740692096], [-118.465417949943, 33.9825259908688]]]}}, {"type": "Feature", "properties": {"OBJECTID": 667, "GRID_ID": "M-27", "has_data": true}, "geometry": {"type": "Polygon", "coordinates": [[[-118.451376829301, 33.9757826033286], [-118.456050166345, 33.9690292751724], [-118.465406283523, 33.9690240452122], [-118.470090544978, 33.975772140514], [-118.465417949943, 33.9825259908688], [-118.45606035324, 33.9825312237229], [-118.451376829301, 33.9757826033286]]]}}, {"type": "Feature", "properties": {"OBJECTID": 671, "GRID_ID": "N-27", "has_data": true}, "geometry": {"type": "Polygon", "coordinates": [[[-118.437345158038, 33.9825395642585], [-118.44201997281, 33.9757867720653], [-118.451376829301, 33.9757826033286], [-118.45606035324, 33.9825312237229], [-118.451386279578, 33.9892845370659], [-118.442027943562, 33.9892887088645], [-118.437345158038, 33.9825395642585]]]}}, {"type": "Feature", "properties": {"OBJECTID": 672, "GRID_ID": "O-27", "has_data": true}, "geometry": {"type": "Polygon", "coordinates": [[[-118.423306257134, 33.9757929864324], [-118.427981812118, 33.9690407170128], [-118.437337929295, 33.9690376110726], [-118.44201997281, 33.9757867720653], [-118.437345158038, 33.9825395642585], [-118.427987561335, 33.9825426719402], [-118.423306257134, 33.9757929864324]]]}}, {"type": "Feature", "properties": {"OBJECTID": 673, "GRID_ID": "P-27", "has_data": true}, "geometry": {"type": "Polygon", "coordinates": [[[-118.40927236793, 33.9825467621319], [-118.413949400643, 33.9757950305733], [-118.423306257134, 33.9757929864324], [-118.427987561335, 33.9825426719402], [-118.423311268835, 33.989294925224], [-118.413952932818, 33.9892969712746], [-118.40927236793, 33.9825467621319]]]}}, {"type": "Feature", "properties": {"OBJECTID": 674, "GRID_ID": "Q-27", "has_data": true}, "geometry": {"type": "Polygon", "coordinates": [[[-118.395235685864, 33.9757969957494], [-118.399913458789, 33.9690457882852], [-118.409269575966, 33.9690448056191], [-118.413949400643, 33.9757950305733], [-118.40927236793, 33.9825467621319], [-118.399914771227, 33.982547744642], [-118.395235685864, 33.9757969957494]]]}}, {"type": "Feature", "properties": {"OBJECTID": 675, "GRID_ID": "R-27", "has_data": true}, "geometry": {"type": "Polygon", "coordinates": [[[-118.381199576923, 33.9825475852354], [-118.385878829373, 33.9757969160398], [-118.395235685864, 33.9757969957494], [-118.399914771227, 33.982547744642], [-118.395236258989, 33.9892989368834], [-118.385877922973, 33.9892988571865], [-118.381199576923, 33.9825475852354]]]}}, {"type": "Feature", "properties": {"OBJECTID": 677, "GRID_ID": "S-27", "has_data": true}, "geometry": {"type": "Polygon", "coordinates": [[[-118.367165114595, 33.9757946320254], [-118.371845105459, 33.9690444867555], [-118.381201222637, 33.9690456281084], [-118.385878829373, 33.9757969160398], [-118.381199576923, 33.9825475852354], [-118.371841980221, 33.982546443319], [-118.367165114595, 33.9757946320254]]]}}, {"type": "Feature", "properties": {"OBJECTID": 682, "GRID_ID": "T-27", "has_data": true}, "geometry": {"type": "Polygon", "coordinates": [[[-118.353126786815, 33.9825420335694], [-118.357808257205, 33.9757924277205], [-118.367165114595, 33.9757946320254], [-118.371841980221, 33.982546443319], [-118.367161249144, 33.9892965720452], [-118.357802912229, 33.9892943666007], [-118.353126786815, 33.9825420335694]]]}}, {"type": "Feature", "properties": {"OBJECTID": 683, "GRID_ID": "V-27", "has_data": true}, "geometry": {"type": "Polygon", "coordinates": [[[-118.32505399491, 33.9825301071324], [-118.329737685037, 33.9757815663591], [-118.339094542427, 33.9757858952599], [-118.343769190112, 33.9825387664811], [-118.3390862384, 33.9892878307087], [-118.329727901486, 33.989283500261], [-118.32505399491, 33.9825301071324]]]}}, {"type": "Feature", "properties": {"OBJECTID": 684, "GRID_ID": "W-27", "has_data": true}, "geometry": {"type": "Polygon", "coordinates": [[[-118.311023969361, 33.975770784706], [-118.315708397005, 33.9690227690125], [-118.32506451508, 33.9690281584045], [-118.329737685037, 33.9757815663591], [-118.32505399491, 33.9825301071324], [-118.315696398207, 33.9825247148717], [-118.311023969361, 33.975770784706]]]}}, {"type": "Feature", "properties": {"OBJECTID": 686, "GRID_ID": "X-27", "has_data": true}, "geometry": {"type": "Polygon", "coordinates": [[[-118.296981203005, 33.9825118051769], [-118.301667111971, 33.9757643312083], [-118.311023969361, 33.975770784706], [-118.315696398207, 33.9825247148717], [-118.311011226758, 33.989272712872], [-118.301652889844, 33.9892662566753], [-118.296981203005, 33.9825118051769]]]}}, {"type": "Feature", "properties": {"OBJECTID": 690, "GRID_ID": "Y-27", "has_data": true}, "geometry": {"type": "Polygon", "coordinates": [[[-118.282953395396, 33.9757493011051], [-118.287640041879, 33.9690023527943], [-118.296996159955, 33.9690098662075], [-118.301667111971, 33.9757643312083], [-118.296981203005, 33.9825118051769], [-118.287623605404, 33.9825042877426], [-118.282953395396, 33.9757493011051]]]}}, {"type": "Feature", "properties": {"OBJECTID": 693, "GRID_ID": "Z-27", "has_data": true}, "geometry": {"type": "Polygon", "coordinates": [[[-118.268908409304, 33.9824871284437], [-118.273596537108, 33.9757407230092], [-118.282953395396, 33.9757493011051], [-118.287623605404, 33.9825042877426], [-118.282936214218, 33.9892512177869], [-118.273577876405, 33.9892426358397], [-118.268908409304, 33.9824871284437]]]}}, {"type": "Feature", "properties": {"OBJECTID": 703, "GRID_ID": "AA-27", "has_data": true}, "geometry": {"type": "Polygon", "coordinates": [[[-118.254882819635, 33.9757214437076], [-118.25957168316, 33.9689755645094], [-118.268927803032, 33.9689852019454], [-118.273596537108, 33.9757407230092], [-118.268908409304, 33.9824871284437], [-118.259550809906, 33.9824774865789], [-118.254882819635, 33.9757214437076]]]}}, {"type": "Feature", "properties": {"OBJECTID": 720, "GRID_ID": "AB-27", "has_data": true}, "geometry": {"type": "Polygon", "coordinates": [[[-118.240835612907, 33.9824560769273], [-118.245525959551, 33.9757107417565], [-118.254882819635, 33.9757214437076], [-118.259550809906, 33.9824774865789], [-118.254861199881, 33.9892233469381], [-118.245502860272, 33.9892126392385], [-118.240835612907, 33.9824560769273]]]}}, {"type": "Feature", "properties": {"OBJECTID": 721, "GRID_ID": "K-26", "has_data": true}, "geometry": {"type": "Polygon", "coordinates": [[[-118.479461292119, 33.9892677724068], [-118.484133145145, 33.9825134007322], [-118.493490742746, 33.9825060427045], [-118.498177967744, 33.9892530537961], [-118.493506856726, 33.9960079481468], [-118.484147778701, 33.9960153094741], [-118.479461292119, 33.9892677724068]]]}}, {"type": "Feature", "properties": {"OBJECTID": 722, "GRID_ID": "L-26", "has_data": true}, "geometry": {"type": "Polygon", "coordinates": [[[-118.46542962355, 33.9960279065477], [-118.470102954306, 33.9892740692096], [-118.479461292119, 33.9892677724068], [-118.484147778701, 33.9960153094741], [-118.479475189954, 34.0027696691839], [-118.470115372616, 34.0027759694542], [-118.46542962355, 33.9960279065477]]]}}, {"type": "Feature", "properties": {"OBJECTID": 737, "GRID_ID": "M-26", "has_data": true}, "geometry": {"type": "Polygon", "coordinates": [[[-118.451386279578, 33.9892845370659], [-118.45606035324, 33.9825312237229], [-118.465417949943, 33.9825259908688], [-118.470102954306, 33.9892740692096], [-118.46542962355, 33.9960279065477], [-118.456070546424, 33.9960331415495], [-118.451386279578, 33.9892845370659]]]}}, {"type": "Feature", "properties": {"OBJECTID": 744, "GRID_ID": "N-26", "has_data": true}, "geometry": {"type": "Polygon", "coordinates": [[[-118.437352392171, 33.9960414867182], [-118.442027943562, 33.9892887088645], [-118.451386279578, 33.9892845370659], [-118.456070546424, 33.9960331415495], [-118.451395737042, 34.0027864423494], [-118.442035919703, 34.0027906157193], [-118.437352392171, 33.9960414867182]]]}}, {"type": "Feature", "properties": {"OBJECTID": 748, "GRID_ID": "O-26", "has_data": true}, "geometry": {"type": "Polygon", "coordinates": [[[-118.423311268835, 33.989294925224], [-118.427987561335, 33.9825426719402], [-118.437345158038, 33.9825395642585], [-118.442027943562, 33.9892887088645], [-118.437352392171, 33.9960414867182], [-118.427993315045, 33.9960445953958], [-118.423311268835, 33.989294925224]]]}}, {"type": "Feature", "properties": {"OBJECTID": 750, "GRID_ID": "P-26", "has_data": true}, "geometry": {"type": "Polygon", "coordinates": [[[-118.409275160792, 33.9960486879168], [-118.413952932818, 33.9892969712746], [-118.423311268835, 33.989294925224], [-118.427993315045, 33.9960445953958], [-118.423316284129, 34.0027968363039], [-118.413956467689, 34.0027988827741], [-118.409275160792, 33.9960486879168]]]}}, {"type": "Feature", "properties": {"OBJECTID": 755, "GRID_ID": "Q-26", "has_data": true}, "geometry": {"type": "Polygon", "coordinates": [[[-118.395236258989, 33.9892989368834], [-118.399914771227, 33.982547744642], [-118.40927236793, 33.9825467621319], [-118.413952932818, 33.9892969712746], [-118.409275160792, 33.9960486879168], [-118.399916084564, 33.9960496710155], [-118.395236258989, 33.9892989368834]]]}}, {"type": "Feature", "properties": {"OBJECTID": 760, "GRID_ID": "R-26", "has_data": true}, "geometry": {"type": "Polygon", "coordinates": [[[-118.381197930311, 33.9960495116343], [-118.385877922973, 33.9892988571865], [-118.395236258989, 33.9892989368834], [-118.399916084564, 33.9960496710155], [-118.395236832114, 34.00280084956], [-118.385877015675, 34.0028007698757], [-118.381197930311, 33.9960495116343]]]}}, {"type": "Feature", "properties": {"OBJECTID": 761, "GRID_ID": "S-26", "has_data": true}, "geometry": {"type": "Polygon", "coordinates": [[[-118.367161249144, 33.9892965720452], [-118.371841980221, 33.982546443319], [-118.381199576923, 33.9825475852354], [-118.385877922973, 33.9892988571865], [-118.381197930311, 33.9960495116343], [-118.371838854083, 33.9960483691544], [-118.367161249144, 33.9892965720452]]]}}, {"type": "Feature", "properties": {"OBJECTID": 762, "GRID_ID": "V-26", "has_data": true}, "geometry": {"type": "Polygon", "coordinates": [[[-118.325043468452, 33.9960320243917], [-118.329727901486, 33.989283500261], [-118.3390862384, 33.9892878307087], [-118.343761622704, 33.9960406883229], [-118.339077928086, 34.002789737703], [-118.329718111646, 34.0027854049647], [-118.325043468452, 33.9960320243917]]]}}, {"type": "Feature", "properties": {"OBJECTID": 763, "GRID_ID": "W-26", "has_data": true}, "geometry": {"type": "Polygon", "coordinates": [[[-118.311011226758, 33.989272712872], [-118.315696398207, 33.9825247148717], [-118.32505399491, 33.9825301071324], [-118.329727901486, 33.989283500261], [-118.325043468452, 33.9960320243917], [-118.315684391325, 33.9960266292638], [-118.311011226758, 33.989272712872]]]}}, {"type": "Feature", "properties": {"OBJECTID": 766, "GRID_ID": "X-26", "has_data": true}, "geometry": {"type": "Polygon", "coordinates": [[[-118.296966236174, 33.9960137134276], [-118.301652889844, 33.9892662566753], [-118.311011226758, 33.989272712872], [-118.315684391325, 33.9960266292638], [-118.310998475173, 34.0027746118428], [-118.301638657835, 34.0027681522038], [-118.296966236174, 33.9960137134276]]]}}, {"type": "Feature", "properties": {"OBJECTID": 773, "GRID_ID": "Y-26", "has_data": true}, "geometry": {"type": "Polygon", "coordinates": [[[-118.282936214218, 33.9892512177869], [-118.287623605404, 33.9825042877426], [-118.296981203005, 33.9825118051769], [-118.301652889844, 33.9892662566753], [-118.296966236174, 33.9960137134276], [-118.28760715815, 33.9960061919741], [-118.282936214218, 33.9892512177869]]]}}, {"type": "Feature", "properties": {"OBJECTID": 779, "GRID_ID": "Z-26", "has_data": true}, "geometry": {"type": "Polygon", "coordinates": [[[-118.2688890021, 33.9959890242299], [-118.273577876405, 33.9892426358397], [-118.282936214218, 33.9892512177869], [-118.28760715815, 33.9960061919741], [-118.282919021362, 34.0027531067687], [-118.273559203125, 34.0027445202275], [-118.2688890021, 33.9959890242299]]]}}, {"type": "Feature", "properties": {"OBJECTID": 791, "GRID_ID": "AA-26", "has_data": true}, "geometry": {"type": "Polygon", "coordinates": [[[-118.254861199881, 33.9892233469381], [-118.259550809906, 33.9824774865789], [-118.268908409304, 33.9824871284437], [-118.273577876405, 33.9892426358397], [-118.2688890021, 33.9959890242299], [-118.259529922279, 33.9959793771938], [-118.254861199881, 33.9892233469381]]]}}, {"type": "Feature", "properties": {"OBJECTID": 797, "GRID_ID": "AB-26", "has_data": true}, "geometry": {"type": "Polygon", "coordinates": [[[-118.240811765331, 33.995957956793], [-118.245502860272, 33.9892126392385], [-118.254861199881, 33.9892233469381], [-118.259529922279, 33.9959793771938], [-118.254839564856, 34.0027252209864], [-118.245479744823, 34.0027145082859], [-118.240811765331, 33.995957956793]]]}}, {"type": "Feature", "properties": {"OBJECTID": 803, "GRID_ID": "AC-26", "has_data": true}, "geometry": {"type": "Polygon", "coordinates": [[[-118.226786182849, 33.9891890988298], [-118.23147801351, 33.9824443098849], [-118.240835612907, 33.9824560769273], [-118.245502860272, 33.9892126392385], [-118.240811765331, 33.995957956793], [-118.23145268551, 33.9959461834276], [-118.226786182849, 33.9891890988298]]]}}, {"type": "Feature", "properties": {"OBJECTID": 804, "GRID_ID": "AD-26", "has_data": true}, "geometry": {"type": "Polygon", "coordinates": [[[-118.212734526766, 33.9959205111101], [-118.217427842341, 33.9891762661201], [-118.226786182849, 33.9891890988298], [-118.23145268551, 33.9959461834276], [-118.226760106553, 34.0026909559791], [-118.217400285622, 34.0026781163722], [-118.212734526766, 33.9959205111101]]]}}, {"type": "Feature", "properties": {"OBJECTID": 805, "GRID_ID": "K-25", "has_data": true}, "geometry": {"type": "Polygon", "coordinates": [[[-118.479475189954, 34.0027696691839], [-118.484147778701, 33.9960153094741], [-118.493506856726, 33.9960079481468], [-118.498194826427, 34.0027549424861], [-118.493522980587, 34.0095098236892], [-118.484162422139, 34.009517189059], [-118.479475189954, 34.0027696691839]]]}}, {"type": "Feature", "properties": {"OBJECTID": 806, "GRID_ID": "L-25", "has_data": true}, "geometry": {"type": "Polygon", "coordinates": [[[-118.465441305242, 34.0095297923215], [-118.470115372616, 34.0027759694542], [-118.479475189954, 34.0027696691839], [-118.484162422139, 34.009517189059], [-118.479489097672, 34.0162715353492], [-118.470127799011, 34.0162778383409], [-118.465441305242, 34.0095297923215]]]}}, {"type": "Feature", "properties": {"OBJECTID": 807, "GRID_ID": "M-25", "has_data": true}, "geometry": {"type": "Polygon", "coordinates": [[[-118.451395737042, 34.0027864423494], [-118.456070546424, 33.9960331415495], [-118.46542962355, 33.9960279065477], [-118.470115372616, 34.0027759694542], [-118.465441305242, 34.0095297923215], [-118.456080746794, 34.0095350302145], [-118.451395737042, 34.0027864423494]]]}}, {"type": "Feature", "properties": {"OBJECTID": 815, "GRID_ID": "N-25", "has_data": true}, "geometry": {"type": "Polygon", "coordinates": [[[-118.437359629897, 34.0095433792693], [-118.442035919703, 34.0027906157193], [-118.451395737042, 34.0027864423494], [-118.456080746794, 34.0095350302145], [-118.451405199895, 34.016288317017], [-118.442043901235, 34.0162924927016], [-118.437359629897, 34.0095433792693]]]}}, {"type": "Feature", "properties": {"OBJECTID": 816, "GRID_ID": "O-25", "has_data": true}, "geometry": {"type": "Polygon", "coordinates": [[[-118.423316284129, 34.0027968363039], [-118.427993315045, 33.9960445953958], [-118.437352392171, 33.9960414867182], [-118.442035919703, 34.0027906157193], [-118.437359629897, 34.0095433792693], [-118.427999072348, 34.0095464896866], [-118.423316284129, 34.0027968363039]]]}}, {"type": "Feature", "properties": {"OBJECTID": 819, "GRID_ID": "P-25", "has_data": true}, "geometry": {"type": "Polygon", "coordinates": [[[-118.409277956349, 34.0095505845357], [-118.413956467689, 34.0027988827741], [-118.423316284129, 34.0027968363039], [-118.427999072348, 34.0095464896866], [-118.423321303016, 34.0162987160201], [-118.413960004356, 34.0163007636541], [-118.409277956349, 34.0095505845357]]]}}, {"type": "Feature", "properties": {"OBJECTID": 822, "GRID_ID": "Q-25", "has_data": true}, "geometry": {"type": "Polygon", "coordinates": [[[-118.395236832114, 34.00280084956], [-118.399916084564, 33.9960496710155], [-118.409275160792, 33.9960486879168], [-118.413956467689, 34.0027988827741], [-118.409277956349, 34.0095505845357], [-118.399917398799, 34.0095515682228], [-118.395236832114, 34.00280084956]]]}}, {"type": "Feature", "properties": {"OBJECTID": 824, "GRID_ID": "R-25", "has_data": true}, "geometry": {"type": "Polygon", "coordinates": [[[-118.381196282801, 34.0095514081223], [-118.385877015675, 34.0028007698757], [-118.395236832114, 34.00280084956], [-118.399917398799, 34.0095515682228], [-118.395237406138, 34.0163027316165], [-118.385876108376, 34.016302651945], [-118.381196282801, 34.0095514081223]]]}}, {"type": "Feature", "properties": {"OBJECTID": 825, "GRID_ID": "T-25", "has_data": true}, "geometry": {"type": "Polygon", "coordinates": [[[-118.353114608355, 34.009545850774], [-118.35779756366, 34.0027962770247], [-118.367157380998, 34.0027984836081], [-118.371835725251, 34.0095502650794], [-118.367153510158, 34.0163003645516], [-118.357792211498, 34.0162981568299], [-118.353114608355, 34.009545850774]]]}}, {"type": "Feature", "properties": {"OBJECTID": 826, "GRID_ID": "U-25", "has_data": true}, "geometry": {"type": "Polygon", "coordinates": [[[-118.339077928086, 34.002789737703], [-118.343761622704, 33.9960406883229], [-118.353120699831, 33.9960439571264], [-118.35779756366, 34.0027962770247], [-118.353114608355, 34.009545850774], [-118.343754050805, 34.0095425802561], [-118.339077928086, 34.002789737703]]]}}, {"type": "Feature", "properties": {"OBJECTID": 827, "GRID_ID": "V-25", "has_data": true}, "geometry": {"type": "Polygon", "coordinates": [[[-118.325032933908, 34.0095339117449], [-118.329718111646, 34.0027854049647], [-118.339077928086, 34.002789737703], [-118.343754050805, 34.0095425802561], [-118.339069613279, 34.0162916140804], [-118.329708314619, 34.0162872790525], [-118.325032933908, 34.0095339117449]]]}}, {"type": "Feature", "properties": {"OBJECTID": 829, "GRID_ID": "W-25", "has_data": true}, "geometry": {"type": "Polygon", "coordinates": [[[-118.310998475173, 34.0027746118428], [-118.315684391325, 33.9960266292638], [-118.325043468452, 33.9960320243917], [-118.329718111646, 34.0027854049647], [-118.325032933908, 34.0095339117449], [-118.315672376358, 34.009528514496], [-118.310998475173, 34.0027746118428]]]}}, {"type": "Feature", "properties": {"OBJECTID": 830, "GRID_ID": "X-25", "has_data": true}, "geometry": {"type": "Polygon", "coordinates": [[[-118.296951258564, 34.0095155917769], [-118.301638657835, 34.0027681522038], [-118.310998475173, 34.0027746118428], [-118.315672376358, 34.009528514496], [-118.310985715502, 34.0162764809453], [-118.301624416842, 34.0162700178657], [-118.296951258564, 34.0095155917769]]]}}, {"type": "Feature", "properties": {"OBJECTID": 832, "GRID_ID": "Y-25", "has_data": true}, "geometry": {"type": "Polygon", "coordinates": [[[-118.282919021362, 34.0027531067687], [-118.28760715815, 33.9960061919741], [-118.296966236174, 33.9960137134276], [-118.301638657835, 34.0027681522038], [-118.296951258564, 34.0095155917769], [-118.287590700115, 34.0095080670511], [-118.282919021362, 34.0027531067687]]]}}, {"type": "Feature", "properties": {"OBJECTID": 837, "GRID_ID": "Z-25", "has_data": true}, "geometry": {"type": "Polygon", "coordinates": [[[-118.268869581422, 34.0094908901212], [-118.273559203125, 34.0027445202275], [-118.282919021362, 34.0027531067687], [-118.287590700115, 34.0095080670511], [-118.282901816827, 34.0162549643985], [-118.273540517269, 34.0162463740104], [-118.268869581422, 34.0094908901212]]]}}, {"type": "Feature", "properties": {"OBJECTID": 873, "GRID_ID": "AA-25", "has_data": true}, "geometry": {"type": "Polygon", "coordinates": [[[-118.254839564856, 34.0027252209864], [-118.259529922279, 33.9959793771938], [-118.2688890021, 33.9959890242299], [-118.273559203125, 34.0027445202275], [-118.268869581422, 34.0094908901212], [-118.259509021177, 34.0094812379168], [-118.254839564856, 34.0027252209864]]]}}, {"type": "Feature", "properties": {"OBJECTID": 886, "GRID_ID": "AB-25", "has_data": true}, "geometry": {"type": "Polygon", "coordinates": [[[-118.240787902484, 34.0094598067723], [-118.245479744823, 34.0027145082859], [-118.254839564856, 34.0027252209864], [-118.259509021177, 34.0094812379168], [-118.254817916356, 34.0162270651796], [-118.245456614102, 34.0162163467364], [-118.240787902484, 34.0094598067723]]]}}, {"type": "Feature", "properties": {"OBJECTID": 899, "GRID_ID": "AC-25", "has_data": true}, "geometry": {"type": "Polygon", "coordinates": [[[-118.226760106553, 34.0026909559791], [-118.23145268551, 33.9959461834276], [-118.240811765331, 33.995957956793], [-118.245479744823, 34.0027145082859], [-118.240787902484, 34.0094598067723], [-118.231427341341, 34.0094480278318], [-118.226760106553, 34.0026909559791]]]}}, {"type": "Feature", "properties": {"OBJECTID": 911, "GRID_ID": "AD-25", "has_data": true}, "geometry": {"type": "Polygon", "coordinates": [[[-118.212706220851, 34.0094223424679], [-118.217400285622, 34.0026781163722], [-118.226760106553, 34.0026909559791], [-118.231427341341, 34.0094480278318], [-118.226734013189, 34.0161927825377], [-118.217372710936, 34.0161799360371], [-118.212706220851, 34.0094223424679]]]}}, {"type": "Feature", "properties": {"OBJECTID": 912, "GRID_ID": "AE-25", "has_data": true}, "geometry": {"type": "Polygon", "coordinates": [[[-118.198680645556, 34.0026503109944], [-118.203375446046, 33.9959066121573], [-118.212734526766, 33.9959205111101], [-118.217400285622, 34.0026781163722], [-118.212706220851, 34.0094223424679], [-118.20334565881, 34.0094084360439], [-118.198680645556, 34.0026503109944]]]}}, {"type": "Feature", "properties": {"OBJECTID": 913, "GRID_ID": "AF-25", "has_data": true}, "geometry": {"type": "Polygon", "coordinates": [[[-118.184624536523, 34.0093784964547], [-118.189320823726, 34.0026353452229], [-118.198680645556, 34.0026503109944], [-118.20334565881, 34.0094084360439], [-118.198650107327, 34.0161521164653], [-118.189288804176, 34.0161371433934], [-118.184624536523, 34.0093784964547]]]}}, {"type": "Feature", "properties": {"OBJECTID": 914, "GRID_ID": "M-24", "has_data": true}, "geometry": {"type": "Polygon", "coordinates": [[[-118.451405199895, 34.016288317017], [-118.456080746794, 34.0095350302145], [-118.465441305242, 34.0095297923215], [-118.470127799011, 34.0162778383409], [-118.465452994121, 34.0230316490062], [-118.456090954351, 34.0230368897888], [-118.451405199895, 34.016288317017]]]}}, {"type": "Feature", "properties": {"OBJECTID": 915, "GRID_ID": "N-24", "has_data": true}, "geometry": {"type": "Polygon", "coordinates": [[[-118.437366873014, 34.0230452427276], [-118.442043901235, 34.0162924927016], [-118.451405199895, 34.016288317017], [-118.456090954351, 34.0230368897888], [-118.451414669036, 34.0297901633731], [-118.442051888156, 34.0297943406269], [-118.437366873014, 34.0230452427276]]]}}, {"type": "Feature", "properties": {"OBJECTID": 916, "GRID_ID": "O-24", "has_data": true}, "geometry": {"type": "Polygon", "coordinates": [[[-118.423321303016, 34.0162987160201], [-118.427999072348, 34.0095464896866], [-118.437359629897, 34.0095433792693], [-118.442043901235, 34.0162924927016], [-118.437366873014, 34.0230452427276], [-118.428004834142, 34.0230483548839], [-118.423321303016, 34.0162987160201]]]}}, {"type": "Feature", "properties": {"OBJECTID": 917, "GRID_ID": "P-24", "has_data": true}, "geometry": {"type": "Polygon", "coordinates": [[[-118.409280753703, 34.0230524520599], [-118.413960004356, 34.0163007636541], [-118.423321303016, 34.0162987160201], [-118.428004834142, 34.0230483548839], [-118.423326324599, 34.0298005674223], [-118.413963543718, 34.0298026162196], [-118.409280753703, 34.0230524520599]]]}}, {"type": "Feature", "properties": {"OBJECTID": 918, "GRID_ID": "Q-24", "has_data": true}, "geometry": {"type": "Polygon", "coordinates": [[[-118.395237406138, 34.0163027316165], [-118.399917398799, 34.0095515682228], [-118.409277956349, 34.0095505845357], [-118.413960004356, 34.0163007636541], [-118.409280753703, 34.0230524520599], [-118.399918713933, 34.0230534363351], [-118.395237406138, 34.0163027316165]]]}}, {"type": "Feature", "properties": {"OBJECTID": 920, "GRID_ID": "R-24", "has_data": true}, "geometry": {"type": "Polygon", "coordinates": [[[-118.381194633494, 34.0230532762601], [-118.385876108376, 34.016302651945], [-118.395237406138, 34.0163027316165], [-118.399918713933, 34.0230534363351], [-118.39523798106, 34.0298045853579], [-118.385875200179, 34.0298045049545], [-118.381194633494, 34.0230532762601]]]}}, {"type": "Feature", "properties": {"OBJECTID": 925, "GRID_ID": "S-24", "has_data": true}, "geometry": {"type": "Polygon", "coordinates": [[[-118.367153510158, 34.0163003645516], [-118.371835725251, 34.0095502650794], [-118.381196282801, 34.0095514081223], [-118.385876108376, 34.016302651945], [-118.381194633494, 34.0230532762601], [-118.371832593724, 34.0230521319099], [-118.367153510158, 34.0163003645516]]]}}, {"type": "Feature", "properties": {"OBJECTID": 926, "GRID_ID": "T-24", "has_data": true}, "geometry": {"type": "Polygon", "coordinates": [[[-118.353108513286, 34.0230477160729], [-118.357792211498, 34.0162981568299], [-118.367153510158, 34.0163003645516], [-118.371832593724, 34.0230521319099], [-118.367149636622, 34.0298022164361], [-118.357786855742, 34.0298000075766], [-118.353108513286, 34.0230477160729]]]}}, {"type": "Feature", "properties": {"OBJECTID": 927, "GRID_ID": "U-24", "has_data": true}, "geometry": {"type": "Polygon", "coordinates": [[[-118.339069613279, 34.0162916140804], [-118.343754050805, 34.0095425802561], [-118.353114608355, 34.009545850774], [-118.357792211498, 34.0162981568299], [-118.353108513286, 34.0230477160729], [-118.343746473515, 34.0230444438415], [-118.339069613279, 34.0162916140804]]]}}, {"type": "Feature", "properties": {"OBJECTID": 928, "GRID_ID": "V-24", "has_data": true}, "geometry": {"type": "Polygon", "coordinates": [[[-118.325022393077, 34.0230357707526], [-118.329708314619, 34.0162872790525], [-118.339069613279, 34.0162916140804], [-118.343746473515, 34.0230444438415], [-118.339061292185, 34.029793461401], [-118.329698511305, 34.0297891240848], [-118.325022393077, 34.0230357707526]]]}}, {"type": "Feature", "properties": {"OBJECTID": 930, "GRID_ID": "W-24", "has_data": true}, "geometry": {"type": "Polygon", "coordinates": [[[-118.310985715502, 34.0162764809453], [-118.315672376358, 34.009528514496], [-118.325032933908, 34.0095339117449], [-118.329708314619, 34.0162872790525], [-118.325022393077, 34.0230357707526], [-118.315660353307, 34.0230303706393], [-118.310985715502, 34.0162764809453]]]}}, {"type": "Feature", "properties": {"OBJECTID": 932, "GRID_ID": "X-24", "has_data": true}, "geometry": {"type": "Polygon", "coordinates": [[[-118.296936271071, 34.0230174417855], [-118.301624416842, 34.0162700178657], [-118.310985715502, 34.0162764809453], [-118.315660353307, 34.0230303706393], [-118.310972946849, 34.029778320995], [-118.301610165969, 34.0297718544768], [-118.296936271071, 34.0230174417855]]]}}, {"type": "Feature", "properties": {"OBJECTID": 935, "GRID_ID": "Y-24", "has_data": true}, "geometry": {"type": "Polygon", "coordinates": [[[-118.282901816827, 34.0162549643985], [-118.287590700115, 34.0095080670511], [-118.296951258564, 34.0095155917769], [-118.301624416842, 34.0162700178657], [-118.296936271071, 34.0230174417855], [-118.287574231301, 34.0230099130446], [-118.282901816827, 34.0162549643985]]]}}, {"type": "Feature", "properties": {"OBJECTID": 936, "GRID_ID": "Z-24", "has_data": true}, "geometry": {"type": "Polygon", "coordinates": [[[-118.268850148168, 34.0229927276785], [-118.273540517269, 34.0162463740104], [-118.282901816827, 34.0162549643985], [-118.287574231301, 34.0230099130446], [-118.282884600615, 34.0297567929814], [-118.273521818836, 34.029748198004], [-118.268850148168, 34.0229927276785]]]}}, {"type": "Feature", "properties": {"OBJECTID": 962, "GRID_ID": "AA-24", "has_data": true}, "geometry": {"type": "Polygon", "coordinates": [[[-118.254817916356, 34.0162270651796], [-118.259509021177, 34.0094812379168], [-118.268869581422, 34.0094908901212], [-118.273540517269, 34.0162463740104], [-118.268850148168, 34.0229927276785], [-118.259488105703, 34.0229830703082], [-118.254817916356, 34.0162270651796]]]}}, {"type": "Feature", "properties": {"OBJECTID": 989, "GRID_ID": "AB-24", "has_data": true}, "geometry": {"type": "Polygon", "coordinates": [[[-118.240764023467, 34.0229616284259], [-118.245456614102, 34.0162163467364], [-118.254817916356, 34.0162270651796], [-118.259488105703, 34.0229830703082], [-118.254796252584, 34.0297288795886], [-118.245433469009, 34.0297181561502], [-118.240764023467, 34.0229616284259]]]}}, {"type": "Feature", "properties": {"OBJECTID": 1052, "GRID_ID": "AC-24", "has_data": true}, "geometry": {"type": "Polygon", "coordinates": [[[-118.226734013189, 34.0161927825377], [-118.231427341341, 34.0094480278318], [-118.240787902484, 34.0094598067723], [-118.245456614102, 34.0162163467364], [-118.240764023467, 34.0229616284259], [-118.231401980104, 34.0229498431687], [-118.226734013189, 34.0161927825377]]]}}, {"type": "Feature", "properties": {"OBJECTID": 1076, "GRID_ID": "AD-24", "has_data": true}, "geometry": {"type": "Polygon", "coordinates": [[[-118.212677896072, 34.0229241447653], [-118.217372710936, 34.0161799360371], [-118.226734013189, 34.0161927825377], [-118.231401980104, 34.0229498431687], [-118.226707901859, 34.0296945800659], [-118.217345117385, 34.0296817274196], [-118.212677896072, 34.0229241447653]]]}}, {"type": "Feature", "properties": {"OBJECTID": 1078, "GRID_ID": "AE-24", "has_data": true}, "geometry": {"type": "Polygon", "coordinates": [[[-118.198650107327, 34.0161521164653], [-118.20334565881, 34.0094084360439], [-118.212706220851, 34.0094223424679], [-118.217372710936, 34.0161799360371], [-118.212677896072, 34.0229241447653], [-118.20331585181, 34.0229102316184], [-118.198650107327, 34.0161521164653]]]}}, {"type": "Feature", "properties": {"OBJECTID": 1089, "GRID_ID": "AF-24", "has_data": true}, "geometry": {"type": "Polygon", "coordinates": [[[-118.184591765083, 34.0228802766882], [-118.189288804176, 34.0161371433934], [-118.198650107327, 34.0161521164653], [-118.20331585181, 34.0229102316184], [-118.198619549336, 34.0296538936612], [-118.189256763066, 34.0296389125484], [-118.184591765083, 34.0228802766882]]]}}, {"type": "Feature", "properties": {"OBJECTID": 1093, "GRID_ID": "AG-24", "has_data": true}, "geometry": {"type": "Polygon", "coordinates": [[[-118.170566198771, 34.0161050676975], [-118.175263973583, 34.0093624632888], [-118.184624536523, 34.0093784964547], [-118.189288804176, 34.0161371433934], [-118.184591765083, 34.0228802766882], [-118.175229720822, 34.022864234904], [-118.170566198771, 34.0161050676975]]]}}, {"type": "Feature", "properties": {"OBJECTID": 1094, "GRID_ID": "M-23", "has_data": true}, "geometry": {"type": "Polygon", "coordinates": [[[-118.451414669036, 34.0297901633731], [-118.456090954351, 34.0230368897888], [-118.465452994121, 34.0230316490062], [-118.470140233492, 34.0297796789192], [-118.465464691084, 34.0365334751831], [-118.456101168195, 34.0365387188539], [-118.451414669036, 34.0297901633731]]]}}, {"type": "Feature", "properties": {"OBJECTID": 1095, "GRID_ID": "N-23", "has_data": true}, "geometry": {"type": "Polygon", "coordinates": [[[-118.43737412152, 34.0365470756746], [-118.442051888156, 34.0297943406269], [-118.451414669036, 34.0297901633731], [-118.456101168195, 34.0365387188539], [-118.451424144466, 34.0432919785098], [-118.442059880467, 34.0432961580763], [-118.43737412152, 34.0365470756746]]]}}, {"type": "Feature", "properties": {"OBJECTID": 1102, "GRID_ID": "O-23", "has_data": true}, "geometry": {"type": "Polygon", "coordinates": [[[-118.423326324599, 34.0298005674223], [-118.428004834142, 34.0230483548839], [-118.437366873014, 34.0230452427276], [-118.442051888156, 34.0297943406269], [-118.43737412152, 34.0365470756746], [-118.428010598631, 34.0365501903134], [-118.423326324599, 34.0298005674223]]]}}, {"type": "Feature", "properties": {"OBJECTID": 1109, "GRID_ID": "P-23", "has_data": true}, "geometry": {"type": "Polygon", "coordinates": [[[-118.409283551955, 34.0365542883262], [-118.413963543718, 34.0298026162196], [-118.423326324599, 34.0298005674223], [-118.428010598631, 34.0365501903134], [-118.423331349774, 34.0433023876025], [-118.413967085776, 34.0433044375623], [-118.409283551955, 34.0365542883262]]]}}, {"type": "Feature", "properties": {"OBJECTID": 1112, "GRID_ID": "Q-23", "has_data": true}, "geometry": {"type": "Polygon", "coordinates": [[[-118.39523798106, 34.0298045853579], [-118.399918713933, 34.0230534363351], [-118.409280753703, 34.0230524520599], [-118.413963543718, 34.0298026162196], [-118.409283551955, 34.0365542883262], [-118.399920029965, 34.0365552731892], [-118.39523798106, 34.0298045853579]]]}}, {"type": "Feature", "properties": {"OBJECTID": 1116, "GRID_ID": "R-23", "has_data": true}, "geometry": {"type": "Polygon", "coordinates": [[[-118.381192983289, 34.0365551131397], [-118.385875200179, 34.0298045049545], [-118.39523798106, 34.0298045853579], [-118.399920029965, 34.0365552731892], [-118.395238555083, 34.0433064078759], [-118.385874291084, 34.0433063274853], [-118.381192983289, 34.0365551131397]]]}}, {"type": "Feature", "properties": {"OBJECTID": 1128, "GRID_ID": "S-23", "has_data": true}, "geometry": {"type": "Polygon", "coordinates": [[[-118.367149636622, 34.0298022164361], [-118.371832593724, 34.0230521319099], [-118.381194633494, 34.0230532762601], [-118.385875200179, 34.0298045049545], [-118.381192983289, 34.0365551131397], [-118.371829461299, 34.0365539689716], [-118.367149636622, 34.0298022164361]]]}}, {"type": "Feature", "properties": {"OBJECTID": 1129, "GRID_ID": "T-23", "has_data": true}, "geometry": {"type": "Polygon", "coordinates": [[[-118.353102414623, 34.0365495501152], [-118.357786855742, 34.0298000075766], [-118.367149636622, 34.0298022164361], [-118.371829461299, 34.0365539689716], [-118.36714576129, 34.0433040378425], [-118.357781496393, 34.0433018278458], [-118.353102414623, 34.0365495501152]]]}}, {"type": "Feature", "properties": {"OBJECTID": 1134, "GRID_ID": "U-23", "has_data": true}, "geometry": {"type": "Polygon", "coordinates": [[[-118.339061292185, 34.029793461401], [-118.343746473515, 34.0230444438415], [-118.353108513286, 34.0230477160729], [-118.357786855742, 34.0298000075766], [-118.353102414623, 34.0365495501152], [-118.343738891734, 34.0365462769156], [-118.339061292185, 34.029793461401]]]}}, {"type": "Feature", "properties": {"OBJECTID": 1135, "GRID_ID": "V-23", "has_data": true}, "geometry": {"type": "Polygon", "coordinates": [[[-118.325011845059, 34.0365375992514], [-118.329698511305, 34.0297891240848], [-118.339061292185, 34.029793461401], [-118.343738891734, 34.0365462769156], [-118.3390529657, 34.0432952789903], [-118.329688701702, 34.043290939387], [-118.325011845059, 34.0365375992514]]]}}, {"type": "Feature", "properties": {"OBJECTID": 1139, "GRID_ID": "W-23", "has_data": true}, "geometry": {"type": "Polygon", "coordinates": [[[-118.310972946849, 34.029778320995], [-118.315660353307, 34.0230303706393], [-118.325022393077, 34.0230357707526], [-118.329698511305, 34.0297891240848], [-118.325011845059, 34.0365375992514], [-118.31564832217, 34.0365321962753], [-118.310972946849, 34.029778320995]]]}}, {"type": "Feature", "properties": {"OBJECTID": 1140, "GRID_ID": "X-23", "has_data": true}, "geometry": {"type": "Polygon", "coordinates": [[[-118.296921274596, 34.0365192605456], [-118.301610165969, 34.0297718544768], [-118.310972946849, 34.029778320995], [-118.31564832217, 34.0365321962753], [-118.310960170111, 34.0432801298286], [-118.301595905214, 34.0432736606177], [-118.296921274596, 34.0365192605456]]]}}, {"type": "Feature", "properties": {"OBJECTID": 1149, "GRID_ID": "Y-23", "has_data": true}, "geometry": {"type": "Polygon", "coordinates": [[[-118.282884600615, 34.0297567929814], [-118.287574231301, 34.0230099130446], [-118.296936271071, 34.0230174417855], [-118.301610165969, 34.0297718544768], [-118.296921274596, 34.0365192605456], [-118.287557750809, 34.0365117285361], [-118.282884600615, 34.0297567929814]]]}}, {"type": "Feature", "properties": {"OBJECTID": 1150, "GRID_ID": "Z-23", "has_data": true}, "geometry": {"type": "Polygon", "coordinates": [[[-118.268830702337, 34.0364945339938], [-118.273521818836, 34.029748198004], [-118.282884600615, 34.0297567929814], [-118.287557750809, 34.0365117285361], [-118.282867373623, 34.0432585918428], [-118.273503107827, 34.0432499922785], [-118.268830702337, 34.0364945339938]]]}}, {"type": "Feature", "properties": {"OBJECTID": 1175, "GRID_ID": "AA-23", "has_data": true}, "geometry": {"type": "Polygon", "coordinates": [[[-118.254796252584, 34.0297288795886], [-118.259488105703, 34.0229830703082], [-118.268850148168, 34.0229927276785], [-118.273521818836, 34.029748198004], [-118.268830702337, 34.0364945339938], [-118.259467176753, 34.0364848722048], [-118.254796252584, 34.0297288795886]]]}}, {"type": "Feature", "properties": {"OBJECTID": 1214, "GRID_ID": "AB-23", "has_data": true}, "geometry": {"type": "Polygon", "coordinates": [[[-118.240740128281, 34.0364634195902], [-118.245433469009, 34.0297181561502], [-118.254796252584, 34.0297288795886], [-118.259467176753, 34.0364848722048], [-118.25477457444, 34.0432306642837], [-118.245410307746, 34.0432199351083], [-118.240740128281, 34.0364634195902]]]}}, {"type": "Feature", "properties": {"OBJECTID": 1284, "GRID_ID": "AC-23", "has_data": true}, "geometry": {"type": "Polygon", "coordinates": [[[-118.226707901859, 34.0296945800659], [-118.231401980104, 34.0229498431687], [-118.240764023467, 34.0229616284259], [-118.245433469009, 34.0297181561502], [-118.240740128281, 34.0364634195902], [-118.231376601799, 34.0364516280196], [-118.226707901859, 34.0296945800659]]]}}, {"type": "Feature", "properties": {"OBJECTID": 1328, "GRID_ID": "AD-23", "has_data": true}, "geometry": {"type": "Polygon", "coordinates": [[[-118.21264955153, 34.0364259165835], [-118.217345117385, 34.0296817274196], [-118.226707901859, 34.0296945800659], [-118.231376601799, 34.0364516280196], [-118.22668177346, 34.0431963464004], [-118.217317505868, 34.0431834876116], [-118.21264955153, 34.0364259165835]]]}}, {"type": "Feature", "properties": {"OBJECTID": 1333, "GRID_ID": "AE-23", "has_data": true}, "geometry": {"type": "Polygon", "coordinates": [[[-118.198619549336, 34.0296538936612], [-118.20331585181, 34.0229102316184], [-118.212677896072, 34.0229241447653], [-118.217345117385, 34.0296817274196], [-118.21264955153, 34.0364259165835], [-118.203286025048, 34.036411995973], [-118.198619549336, 34.0296538936612]]]}}, {"type": "Feature", "properties": {"OBJECTID": 1338, "GRID_ID": "AF-23", "has_data": true}, "geometry": {"type": "Polygon", "coordinates": [[[-118.184558972084, 34.0363820264541], [-118.189256763066, 34.0296389125484], [-118.198619549336, 34.0296538936612], [-118.203286025048, 34.036411995973], [-118.198588970684, 34.0431556396741], [-118.189224701295, 34.043140651269], [-118.184558972084, 34.0363820264541]]]}}, {"type": "Feature", "properties": {"OBJECTID": 1339, "GRID_ID": "L-22", "has_data": true}, "geometry": {"type": "Polygon", "coordinates": [[[-118.465476396132, 34.0500352731551], [-118.470152676057, 34.0432814890253], [-118.479516940954, 34.0432751798514], [-118.48420641174, 34.0500226506016], [-118.479530876519, 34.0567769575826], [-118.470165126706, 34.0567832702174], [-118.465476396132, 34.0500352731551]]]}}, {"type": "Feature", "properties": {"OBJECTID": 1340, "GRID_ID": "M-22", "has_data": true}, "geometry": {"type": "Polygon", "coordinates": [[[-118.451424144466, 34.0432919785098], [-118.456101168195, 34.0365387188539], [-118.465464691084, 34.0365334751831], [-118.470152676057, 34.0432814890253], [-118.465476396132, 34.0500352731551], [-118.456111389227, 34.0500405189684], [-118.451424144466, 34.0432919785098]]]}}, {"type": "Feature", "properties": {"OBJECTID": 1344, "GRID_ID": "N-22", "has_data": true}, "geometry": {"type": "Polygon", "coordinates": [[[-118.437381374517, 34.050048880413], [-118.442059880467, 34.0432961580763], [-118.451424144466, 34.0432919785098], [-118.456111389227, 34.0500405189684], [-118.451433627082, 34.0567937647297], [-118.44206787727, 34.0567979466076], [-118.437381374517, 34.050048880413]]]}}, {"type": "Feature", "properties": {"OBJECTID": 1363, "GRID_ID": "O-22", "has_data": true}, "geometry": {"type": "Polygon", "coordinates": [[[-118.423331349774, 34.0433023876025], [-118.428010598631, 34.0365501903134], [-118.43737412152, 34.0365470756746], [-118.442059880467, 34.0432961580763], [-118.437381374517, 34.050048880413], [-118.428016367612, 34.0500519960446], [-118.423331349774, 34.0433023876025]]]}}, {"type": "Feature", "properties": {"OBJECTID": 1367, "GRID_ID": "P-22", "has_data": true}, "geometry": {"type": "Polygon", "coordinates": [[[-118.409286352902, 34.0500560963822], [-118.413967085776, 34.0433044375623], [-118.423331349774, 34.0433023876025], [-118.428016367612, 34.0500519960446], [-118.423336378543, 34.0568041796072], [-118.413970629629, 34.0568062307291], [-118.409286352902, 34.0500560963822]]]}}, {"type": "Feature", "properties": {"OBJECTID": 1368, "GRID_ID": "Q-22", "has_data": true}, "geometry": {"type": "Polygon", "coordinates": [[[-118.395238555083, 34.0433064078759], [-118.399920029965, 34.0365552731892], [-118.409283551955, 34.0365542883262], [-118.413967085776, 34.0433044375623], [-118.409286352902, 34.0500560963822], [-118.399921346895, 34.0500570818328], [-118.395238555083, 34.0433064078759]]]}}, {"type": "Feature", "properties": {"OBJECTID": 1369, "GRID_ID": "R-22", "has_data": true}, "geometry": {"type": "Polygon", "coordinates": [[[-118.381191332186, 34.0500569218087], [-118.385874291084, 34.0433063274853], [-118.395238555083, 34.0433064078759], [-118.399921346895, 34.0500570818328], [-118.395239130005, 34.0568082014733], [-118.385873381091, 34.0568081210955], [-118.381191332186, 34.0500569218087]]]}}, {"type": "Feature", "properties": {"OBJECTID": 1370, "GRID_ID": "S-22", "has_data": true}, "geometry": {"type": "Polygon", "coordinates": [[[-118.36714576129, 34.0433040378425], [-118.371829461299, 34.0365539689716], [-118.381192983289, 34.0365551131397], [-118.385874291084, 34.0433063274853], [-118.381191332186, 34.0500569218087], [-118.371826326178, 34.0500557770784], [-118.36714576129, 34.0433040378425]]]}}, {"type": "Feature", "properties": {"OBJECTID": 1372, "GRID_ID": "T-22", "has_data": true}, "geometry": {"type": "Polygon", "coordinates": [[[-118.353096311469, 34.0500513559482], [-118.357781496393, 34.0433018278458], [-118.36714576129, 34.0433040378425], [-118.371826326178, 34.0500557770784], [-118.367141882365, 34.0568058303287], [-118.357776133451, 34.0568036199397], [-118.353096311469, 34.0500513559482]]]}}, {"type": "Feature", "properties": {"OBJECTID": 1376, "GRID_ID": "U-22", "has_data": true}, "geometry": {"type": "Polygon", "coordinates": [[[-118.3390529657, 34.0432952789903], [-118.343738891734, 34.0365462769156], [-118.353102414623, 34.0365495501152], [-118.357781496393, 34.0433018278458], [-118.353096311469, 34.0500513559482], [-118.343731304564, 34.0500480802926], [-118.3390529657, 34.0432952789903]]]}}, {"type": "Feature", "properties": {"OBJECTID": 1378, "GRID_ID": "V-22", "has_data": true}, "geometry": {"type": "Polygon", "coordinates": [[[-118.325001289854, 34.0500393987997], [-118.329688701702, 34.043290939387], [-118.3390529657, 34.0432952789903], [-118.343731304564, 34.0500480802926], [-118.339044633826, 34.0567970669173], [-118.329678884912, 34.0567927250281], [-118.325001289854, 34.0500393987997]]]}}, {"type": "Feature", "properties": {"OBJECTID": 1379, "GRID_ID": "W-22", "has_data": true}, "geometry": {"type": "Polygon", "coordinates": [[[-118.310960170111, 34.0432801298286], [-118.31564832217, 34.0365321962753], [-118.325011845059, 34.0365375992514], [-118.329688701702, 34.043290939387], [-118.325001289854, 34.0500393987997], [-118.315636282949, 34.0500339929623], [-118.310960170111, 34.0432801298286]]]}}, {"type": "Feature", "properties": {"OBJECTID": 1382, "GRID_ID": "X-22", "has_data": true}, "geometry": {"type": "Polygon", "coordinates": [[[-118.296906267341, 34.0500210511046], [-118.301595905214, 34.0432736606177], [-118.310960170111, 34.0432801298286], [-118.315636282949, 34.0500339929623], [-118.310947385288, 34.0567819104929], [-118.301581635475, 34.0567754378467], [-118.296906267341, 34.0500210511046]]]}}, {"type": "Feature", "properties": {"OBJECTID": 1393, "GRID_ID": "Y-22", "has_data": true}, "geometry": {"type": "Polygon", "coordinates": [[[-118.282867373623, 34.0432585918428], [-118.287557750809, 34.0365117285361], [-118.296921274596, 34.0365192605456], [-118.301595905214, 34.0432736606177], [-118.296906267341, 34.0500210511046], [-118.287541259537, 34.0500135143398], [-118.282867373623, 34.0432585918428]]]}}, {"type": "Feature", "properties": {"OBJECTID": 1408, "GRID_ID": "Z-22", "has_data": true}, "geometry": {"type": "Polygon", "coordinates": [[[-118.268811243031, 34.0499963113702], [-118.273503107827, 34.0432499922785], [-118.282867373623, 34.0432585918428], [-118.287541259537, 34.0500135143398], [-118.282850134952, 34.0567603610519], [-118.273484384242, 34.0567517576472], [-118.268811243031, 34.0499963113702]]]}}, {"type": "Feature", "properties": {"OBJECTID": 1462, "GRID_ID": "AA-22", "has_data": true}, "geometry": {"type": "Polygon", "coordinates": [[[-118.25477457444, 34.0432306642837], [-118.259467176753, 34.0364848722048], [-118.268830702337, 34.0364945339938], [-118.273503107827, 34.0432499922785], [-118.268811243031, 34.0499963113702], [-118.259446234329, 34.049986645165], [-118.25477457444, 34.0432306642837]]]}}, {"type": "Feature", "properties": {"OBJECTID": 1495, "GRID_ID": "AB-22", "has_data": true}, "geometry": {"type": "Polygon", "coordinates": [[[-118.240716216924, 34.0499651810796], [-118.245410307746, 34.0432199351083], [-118.25477457444, 34.0432306642837], [-118.259446234329, 34.049986645165], [-118.254752882821, 34.0567324193337], [-118.245387130313, 34.0567216844245], [-118.240716216924, 34.0499651810796]]]}}, {"type": "Feature", "properties": {"OBJECTID": 1512, "GRID_ID": "AC-22", "has_data": true}, "geometry": {"type": "Polygon", "coordinates": [[[-118.22668177346, 34.0431963464004], [-118.231376601799, 34.0364516280196], [-118.240740128281, 34.0364634195902], [-118.245410307746, 34.0432199351083], [-118.240716216924, 34.0499651810796], [-118.231351207324, 34.0499533839431], [-118.22668177346, 34.0431963464004]]]}}, {"type": "Feature", "properties": {"OBJECTID": 1601, "GRID_ID": "AD-22", "has_data": true}, "geometry": {"type": "Polygon", "coordinates": [[[-118.212621189021, 34.0499276594813], [-118.217317505868, 34.0431834876116], [-118.22668177346, 34.0431963464004], [-118.231351207324, 34.0499533839431], [-118.226655627994, 34.0566980845879], [-118.217289875487, 34.0566852189159], [-118.212621189021, 34.0499276594813]]]}}, {"type": "Feature", "properties": {"OBJECTID": 1609, "GRID_ID": "AE-22", "has_data": true}, "geometry": {"type": "Polygon", "coordinates": [[[-118.198588970684, 34.0431556396741], [-118.203286025048, 34.036411995973], [-118.21264955153, 34.0364259165835], [-118.217317505868, 34.0431834876116], [-118.212621189021, 34.0499276594813], [-118.203256177624, 34.0499137321553], [-118.198588970684, 34.0431556396741]]]}}, {"type": "Feature", "properties": {"OBJECTID": 1618, "GRID_ID": "AF-22", "has_data": true}, "geometry": {"type": "Polygon", "coordinates": [[[-118.184526157525, 34.0498837473112], [-118.189224701295, 34.043140651269], [-118.198588970684, 34.0431556396741], [-118.203256177624, 34.0499137321553], [-118.198558371371, 34.0566573575509], [-118.189192617965, 34.056642361113], [-118.184526157525, 34.0498837473112]]]}}, {"type": "Feature", "properties": {"OBJECTID": 1624, "GRID_ID": "AG-22", "has_data": true}, "geometry": {"type": "Polygon", "coordinates": [[[-118.170496164315, 34.0431085433512], [-118.175195444704, 34.0363659768005], [-118.184558972084, 34.0363820264541], [-118.189224701295, 34.043140651269], [-118.184526157525, 34.0498837473112], [-118.175161146128, 34.0498676890482], [-118.170496164315, 34.0431085433512]]]}}, {"type": "Feature", "properties": {"OBJECTID": 1625, "GRID_ID": "M-21", "has_data": true}, "geometry": {"type": "Polygon", "coordinates": [[[-118.451433627082, 34.0567937647297], [-118.456111389227, 34.0500405189684], [-118.465476396132, 34.0500352731551], [-118.470165126706, 34.0567832702174], [-118.465488108367, 34.0635370400134], [-118.456121616546, 34.0635422887121], [-118.451433627082, 34.0567937647297]]]}}, {"type": "Feature", "properties": {"OBJECTID": 1626, "GRID_ID": "N-21", "has_data": true}, "geometry": {"type": "Polygon", "coordinates": [[[-118.437388632006, 34.0635506540342], [-118.44206787727, 34.0567979466076], [-118.451433627082, 34.0567937647297], [-118.456121616546, 34.0635422887121], [-118.451443115088, 34.0702955206123], [-118.442075880361, 34.0702997048004], [-118.437388632006, 34.0635506540342]]]}}, {"type": "Feature", "properties": {"OBJECTID": 1627, "GRID_ID": "O-21", "has_data": true}, "geometry": {"type": "Polygon", "coordinates": [[[-118.423336378543, 34.0568041796072], [-118.428016367612, 34.0500519960446], [-118.437381374517, 34.050048880413], [-118.44206787727, 34.0567979466076], [-118.437388632006, 34.0635506540342], [-118.428022140186, 34.063553771402], [-118.423336378543, 34.0568041796072]]]}}, {"type": "Feature", "properties": {"OBJECTID": 1629, "GRID_ID": "P-21", "has_data": true}, "geometry": {"type": "Polygon", "coordinates": [[[-118.409289155646, 34.0635578740633], [-118.413970629629, 34.0568062307291], [-118.423336378543, 34.0568041796072], [-118.428022140186, 34.063553771402], [-118.423341410007, 34.0703059405276], [-118.413974176178, 34.0703079928111], [-118.409289155646, 34.0635578740633]]]}}, {"type": "Feature", "properties": {"OBJECTID": 1630, "GRID_ID": "Q-21", "has_data": true}, "geometry": {"type": "Polygon", "coordinates": [[[-118.395239130005, 34.0568082014733], [-118.399921346895, 34.0500570818328], [-118.409286352902, 34.0500560963822], [-118.413970629629, 34.0568062307291], [-118.409289155646, 34.0635578740633], [-118.399922664724, 34.063558860101], [-118.395239130005, 34.0568082014733]]]}}, {"type": "Feature", "properties": {"OBJECTID": 1631, "GRID_ID": "R-21", "has_data": true}, "geometry": {"type": "Polygon", "coordinates": [[[-118.381189680184, 34.0635587001025], [-118.385873381091, 34.0568081210955], [-118.395239130005, 34.0568082014733], [-118.399922664724, 34.063558860101], [-118.395239705825, 34.0703099647294], [-118.385872471098, 34.0703098843644], [-118.381189680184, 34.0635587001025]]]}}, {"type": "Feature", "properties": {"OBJECTID": 1632, "GRID_ID": "S-21", "has_data": true}, "geometry": {"type": "Polygon", "coordinates": [[[-118.367141882365, 34.0568058303287], [-118.371826326178, 34.0500557770784], [-118.381191332186, 34.0500569218087], [-118.385873381091, 34.0568081210955], [-118.381189680184, 34.0635587001025], [-118.371823188363, 34.0635575540661], [-118.367141882365, 34.0568058303287]]]}}, {"type": "Feature", "properties": {"OBJECTID": 1633, "GRID_ID": "T-21", "has_data": true}, "geometry": {"type": "Polygon", "coordinates": [[[-118.353090203823, 34.0635531314076], [-118.357776133451, 34.0568036199397], [-118.367141882365, 34.0568058303287], [-118.371823188363, 34.0635575540661], [-118.367138001643, 34.0703075924744], [-118.357770766915, 34.0703053802051], [-118.353090203823, 34.0635531314076]]]}}, {"type": "Feature", "properties": {"OBJECTID": 1637, "GRID_ID": "U-21", "has_data": true}, "geometry": {"type": "Polygon", "coordinates": [[[-118.339044633826, 34.0567970669173], [-118.343731304564, 34.0500480802926], [-118.353096311469, 34.0500513559482], [-118.357776133451, 34.0568036199397], [-118.353090203823, 34.0635531314076], [-118.343723712901, 34.0635498540412], [-118.339044633826, 34.0567970669173]]]}}, {"type": "Feature", "properties": {"OBJECTID": 1638, "GRID_ID": "V-21", "has_data": true}, "geometry": {"type": "Polygon", "coordinates": [[[-118.324990727463, 34.0635411679776], [-118.329678884912, 34.0567927250281], [-118.339044633826, 34.0567970669173], [-118.343723712901, 34.0635498540412], [-118.339036296562, 34.0702988245062], [-118.329669061835, 34.0702944803322], [-118.324990727463, 34.0635411679776]]]}}, {"type": "Feature", "properties": {"OBJECTID": 1639, "GRID_ID": "W-21", "has_data": true}, "geometry": {"type": "Polygon", "coordinates": [[[-118.310947385288, 34.0567819104929], [-118.315636282949, 34.0500339929623], [-118.325001289854, 34.0500393987997], [-118.329678884912, 34.0567927250281], [-118.324990727463, 34.0635411679776], [-118.315624235642, 34.0635357592803], [-118.310947385288, 34.0567819104929]]]}}, {"type": "Feature", "properties": {"OBJECTID": 1646, "GRID_ID": "X-21", "has_data": true}, "geometry": {"type": "Polygon", "coordinates": [[[-118.296891250204, 34.0635228105538], [-118.301581635475, 34.0567754378467], [-118.310947385288, 34.0567819104929], [-118.315624235642, 34.0635357592803], [-118.310934591481, 34.0702836600787], [-118.301567355856, 34.070277183999], [-118.296891250204, 34.0635228105538]]]}}, {"type": "Feature", "properties": {"OBJECTID": 1660, "GRID_ID": "Y-21", "has_data": true}, "geometry": {"type": "Polygon", "coordinates": [[[-118.282850134952, 34.0567603610519], [-118.287541259537, 34.0500135143398], [-118.296906267341, 34.0500210511046], [-118.301581635475, 34.0567754378467], [-118.296891250204, 34.0635228105538], [-118.287524757485, 34.0635152705243], [-118.282850134952, 34.0567603610519]]]}}, {"type": "Feature", "properties": {"OBJECTID": 1705, "GRID_ID": "Z-21", "has_data": true}, "geometry": {"type": "Polygon", "coordinates": [[[-118.268791771149, 34.0634980591321], [-118.273484384242, 34.0567517576472], [-118.282850134952, 34.0567603610519], [-118.287524757485, 34.0635152705243], [-118.282832884604, 34.0702620999326], [-118.273465648978, 34.0702534919456], [-118.268791771149, 34.0634980591321]]]}}, {"type": "Feature", "properties": {"OBJECTID": 1755, "GRID_ID": "AA-21", "has_data": true}, "geometry": {"type": "Polygon", "coordinates": [[[-118.254752882821, 34.0567324193337], [-118.259446234329, 34.049986645165], [-118.268811243031, 34.0499963113702], [-118.273484384242, 34.0567517576472], [-118.268791771149, 34.0634980591321], [-118.259425276633, 34.0634883870246], [-118.254752882821, 34.0567324193337]]]}}, {"type": "Feature", "properties": {"OBJECTID": 1800, "GRID_ID": "AB-21", "has_data": true}, "geometry": {"type": "Polygon", "coordinates": [[[-118.240692290297, 34.0634669129626], [-118.245387130313, 34.0567216844245], [-118.254752882821, 34.0567324193337], [-118.259425276633, 34.0634883870246], [-118.25473117593, 34.070234144063], [-118.245363938508, 34.0702234041669], [-118.240692290297, 34.0634669129626]]]}}, {"type": "Feature", "properties": {"OBJECTID": 1805, "GRID_ID": "AC-21", "has_data": true}, "geometry": {"type": "Polygon", "coordinates": [[[-118.226655627994, 34.0566980845879], [-118.231351207324, 34.0499533839431], [-118.240716216924, 34.0499651810796], [-118.245387130313, 34.0567216844245], [-118.240692290297, 34.0634669129626], [-118.231325794883, 34.0634551095192], [-118.226655627994, 34.0566980845879]]]}}, {"type": "Feature", "properties": {"OBJECTID": 1815, "GRID_ID": "AD-21", "has_data": true}, "geometry": {"type": "Polygon", "coordinates": [[[-118.21259280675, 34.0634293720384], [-118.217289875487, 34.0566852189159], [-118.226655627994, 34.0566980845879], [-118.231325794883, 34.0634551095192], [-118.22662946546, 34.0701997924636], [-118.217262227139, 34.0701869199118], [-118.21259280675, 34.0634293720384]]]}}, {"type": "Feature", "properties": {"OBJECTID": 1822, "GRID_ID": "AE-21", "has_data": true}, "geometry": {"type": "Polygon", "coordinates": [[[-118.198558371371, 34.0566573575509], [-118.203256177624, 34.0499137321553], [-118.212621189021, 34.0499276594813], [-118.217289875487, 34.0566852189159], [-118.21259280675, 34.0634293720384], [-118.203226311336, 34.0634154372564], [-118.198558371371, 34.0566573575509]]]}}, {"type": "Feature", "properties": {"OBJECTID": 1824, "GRID_ID": "AF-21", "has_data": true}, "geometry": {"type": "Polygon", "coordinates": [[[-118.184493320508, 34.0633854370952], [-118.189192617965, 34.056642361113], [-118.198558371371, 34.0566573575509], [-118.203226311336, 34.0634154372564], [-118.198527752294, 34.0701590443825], [-118.189160513075, 34.0701440399161], [-118.184493320508, 34.0633854370952]]]}}, {"type": "Feature", "properties": {"OBJECTID": 1826, "GRID_ID": "AG-21", "has_data": true}, "geometry": {"type": "Polygon", "coordinates": [[[-118.170461111154, 34.0566102367249], [-118.175161146128, 34.0498676890482], [-118.184526157525, 34.0498837473112], [-118.189192617965, 34.056642361113], [-118.184493320508, 34.0633854370952], [-118.175126824196, 34.0633693709712], [-118.170461111154, 34.0566102367249]]]}}, {"type": "Feature", "properties": {"OBJECTID": 1827, "GRID_ID": "AH-21", "has_data": true}, "geometry": {"type": "Polygon", "coordinates": [[[-118.156393830673, 34.0633351081229], [-118.16109535685, 34.056593109518], [-118.170461111154, 34.0566102367249], [-118.175126824196, 34.0633693709712], [-118.170426035535, 34.0701118998103], [-118.161058795418, 34.0700947641702], [-118.156393830673, 34.0633351081229]]]}}, {"type": "Feature", "properties": {"OBJECTID": 1828, "GRID_ID": "Q-20", "has_data": true}, "geometry": {"type": "Polygon", "coordinates": [[[-118.395239705825, 34.0703099647294], [-118.399922664724, 34.063558860101], [-118.409289155646, 34.0635578740633], [-118.413974176178, 34.0703079928111], [-118.409291960186, 34.0770596229256], [-118.399923982552, 34.0770606088062], [-118.395239705825, 34.0703099647294]]]}}, {"type": "Feature", "properties": {"OBJECTID": 1829, "GRID_ID": "R-20", "has_data": true}, "geometry": {"type": "Polygon", "coordinates": [[[-118.381188027284, 34.0770604488331], [-118.385872471098, 34.0703098843644], [-118.395239705825, 34.0703099647294], [-118.399923982552, 34.0770606088062], [-118.395240281645, 34.083811698456], [-118.385871561104, 34.0838116181038], [-118.381188027284, 34.0770604488331]]]}}, {"type": "Feature", "properties": {"OBJECTID": 1832, "GRID_ID": "S-20", "has_data": true}, "geometry": {"type": "Polygon", "coordinates": [[[-118.367138001643, 34.0703075924744], [-118.371823188363, 34.0635575540661], [-118.381189680184, 34.0635587001025], [-118.385872471098, 34.0703098843644], [-118.381188027284, 34.0770604488331], [-118.37182004965, 34.0770593022354], [-118.367138001643, 34.0703075924744]]]}}, {"type": "Feature", "properties": {"OBJECTID": 1836, "GRID_ID": "T-20", "has_data": true}, "geometry": {"type": "Polygon", "coordinates": [[[-118.353084092585, 34.0770548773054], [-118.357770766915, 34.0703053802051], [-118.367138001643, 34.0703075924744], [-118.37182004965, 34.0770593022354], [-118.367134118226, 34.0838093250911], [-118.357765396786, 34.0838071116865], [-118.353084092585, 34.0770548773054]]]}}, {"type": "Feature", "properties": {"OBJECTID": 1845, "GRID_ID": "U-20", "has_data": true}, "geometry": {"type": "Polygon", "coordinates": [[[-118.339036296562, 34.0702988245062], [-118.343723712901, 34.0635498540412], [-118.353090203823, 34.0635531314076], [-118.357770766915, 34.0703053802051], [-118.353084092585, 34.0770548773054], [-118.34371611495, 34.0770515982291], [-118.339036296562, 34.0702988245062]]]}}, {"type": "Feature", "properties": {"OBJECTID": 1846, "GRID_ID": "V-20", "has_data": true}, "geometry": {"type": "Polygon", "coordinates": [[[-118.324980158784, 34.0770429083412], [-118.329669061835, 34.0702944803322], [-118.339036296562, 34.0702988245062], [-118.34371611495, 34.0770515982291], [-118.339027953908, 34.0838005525685], [-118.329659232469, 34.0837962061109], [-118.324980158784, 34.0770429083412]]]}}, {"type": "Feature", "properties": {"OBJECTID": 1847, "GRID_ID": "W-20", "has_data": true}, "geometry": {"type": "Polygon", "coordinates": [[[-118.310934591481, 34.0702836600787], [-118.315624235642, 34.0635357592803], [-118.324990727463, 34.0635411679776], [-118.329669061835, 34.0702944803322], [-118.324980158784, 34.0770429083412], [-118.315612180251, 34.0770374967855], [-118.310934591481, 34.0702836600787]]]}}, {"type": "Feature", "properties": {"OBJECTID": 1848, "GRID_ID": "X-20", "has_data": true}, "geometry": {"type": "Polygon", "coordinates": [[[-118.296876223186, 34.0770245411938], [-118.301567355856, 34.070277183999], [-118.310934591481, 34.0702836600787], [-118.315612180251, 34.0770374967855], [-118.310921788692, 34.0837853801422], [-118.301553067253, 34.0837789013746], [-118.296876223186, 34.0770245411938]]]}}, {"type": "Feature", "properties": {"OBJECTID": 1856, "GRID_ID": "Y-20", "has_data": true}, "geometry": {"type": "Polygon", "coordinates": [[[-118.282832884604, 34.0702620999326], [-118.287524757485, 34.0635152705243], [-118.296891250204, 34.0635228105538], [-118.301567355856, 34.070277183999], [-118.296876223186, 34.0770245411938], [-118.287508244654, 34.0770169979015], [-118.282832884604, 34.0702620999326]]]}}, {"type": "Feature", "properties": {"OBJECTID": 1892, "GRID_ID": "Z-20", "has_data": true}, "geometry": {"type": "Polygon", "coordinates": [[[-118.268772285792, 34.0769997773469], [-118.273465648978, 34.0702534919456], [-118.282832884604, 34.0702620999326], [-118.287508244654, 34.0770169979015], [-118.282815622578, 34.0837638092966], [-118.27344690024, 34.0837551974737], [-118.268772285792, 34.0769997773469]]]}}, {"type": "Feature", "properties": {"OBJECTID": 1906, "GRID_ID": "AA-20", "has_data": true}, "geometry": {"type": "Polygon", "coordinates": [[[-118.25473117593, 34.070234144063], [-118.259425276633, 34.0634883870246], [-118.268791771149, 34.0634980591321], [-118.273465648978, 34.0702534919456], [-118.268772285792, 34.0769997773469], [-118.259404306361, 34.0769901008283], [-118.25473117593, 34.070234144063]]]}}, {"type": "Feature", "properties": {"OBJECTID": 1924, "GRID_ID": "AB-20", "has_data": true}, "geometry": {"type": "Polygon", "coordinates": [[[-118.2406683475, 34.0769686153071], [-118.245363938508, 34.0702234041669], [-118.25473117593, 34.070234144063], [-118.259404306361, 34.0769901008283], [-118.254709454667, 34.083735839283], [-118.245340730532, 34.0837250936588], [-118.2406683475, 34.0769686153071]]]}}, {"type": "Feature", "properties": {"OBJECTID": 1925, "GRID_ID": "AC-20", "has_data": true}, "geometry": {"type": "Polygon", "coordinates": [[[-118.22662946546, 34.0701997924636], [-118.231325794883, 34.0634551095192], [-118.240692290297, 34.0634669129626], [-118.245363938508, 34.0702234041669], [-118.2406683475, 34.0769686153071], [-118.231300366272, 34.076956806304], [-118.22662946546, 34.0701997924636]]]}}, {"type": "Feature", "properties": {"OBJECTID": 1927, "GRID_ID": "AD-20", "has_data": true}, "geometry": {"type": "Polygon", "coordinates": [[[-118.212564406512, 34.0769310558112], [-118.217262227139, 34.0701869199118], [-118.22662946546, 34.0701997924636], [-118.231300366272, 34.076956806304], [-118.226603284959, 34.083701470095], [-118.217234559926, 34.083688591411], [-118.212564406512, 34.0769310558112]]]}}, {"type": "Feature", "properties": {"OBJECTID": 1942, "GRID_ID": "AE-20", "has_data": true}, "geometry": {"type": "Polygon", "coordinates": [[[-118.198527752294, 34.0701590443825], [-118.203226311336, 34.0634154372564], [-118.21259280675, 34.0634293720384], [-118.217262227139, 34.0701869199118], [-118.212564406512, 34.0769310558112], [-118.203196424386, 34.0769171143209], [-118.198527752294, 34.0701590443825]]]}}, {"type": "Feature", "properties": {"OBJECTID": 1950, "GRID_ID": "AF-20", "has_data": true}, "geometry": {"type": "Polygon", "coordinates": [[[-118.184460461932, 34.0768870981067], [-118.189160513075, 34.0701440399161], [-118.198527752294, 34.0701590443825], [-118.203196424386, 34.0769171143209], [-118.198497112556, 34.0836607009808], [-118.189128386626, 34.083645689234], [-118.184460461932, 34.0768870981067]]]}}, {"type": "Feature", "properties": {"OBJECTID": 1951, "GRID_ID": "AG-20", "has_data": true}, "geometry": {"type": "Polygon", "coordinates": [[[-118.170426035535, 34.0701118998103], [-118.175126824196, 34.0633693709712], [-118.184493320508, 34.0633854370952], [-118.189160513075, 34.0701440399161], [-118.184460461932, 34.0768870981067], [-118.175092479806, 34.0768710241261], [-118.170426035535, 34.0701118998103]]]}}, {"type": "Feature", "properties": {"OBJECTID": 1952, "GRID_ID": "AH-20", "has_data": true}, "geometry": {"type": "Polygon", "coordinates": [[[-118.156356513758, 34.0768367436717], [-118.161058795418, 34.0700947641702], [-118.170426035535, 34.0701118998103], [-118.175092479806, 34.0768710241261], [-118.170390936561, 34.0836135334191], [-118.161022209732, 34.0835963886063], [-118.156356513758, 34.0768367436717]]]}}, {"type": "Feature", "properties": {"OBJECTID": 1958, "GRID_ID": "AI-20", "has_data": true}, "geometry": {"type": "Polygon", "coordinates": [[[-118.142324315183, 34.0700583594807], [-118.147027333462, 34.0633169106535], [-118.156393830673, 34.0633351081229], [-118.161058795418, 34.0700947641702], [-118.156356513758, 34.0768367436717], [-118.146988531632, 34.0768185371971], [-118.142324315183, 34.0700583594807]]]}}, {"type": "Feature", "properties": {"OBJECTID": 1959, "GRID_ID": "S-19", "has_data": true}, "geometry": {"type": "Polygon", "coordinates": [[[-118.367134118226, 34.0838093250911], [-118.37182004965, 34.0770593022354], [-118.381188027284, 34.0770604488331], [-118.385871561104, 34.0838116181038], [-118.381186372587, 34.0905621673235], [-118.371816908241, 34.0905610201647], [-118.367134118226, 34.0838093250911]]]}}, {"type": "Feature", "properties": {"OBJECTID": 1962, "GRID_ID": "T-19", "has_data": true}, "geometry": {"type": "Polygon", "coordinates": [[[-118.353077977752, 34.0905565929644], [-118.357765396786, 34.0838071116865], [-118.367134118226, 34.0838093250911], [-118.371816908241, 34.0905610201647], [-118.367130232114, 34.0973110282451], [-118.357760023064, 34.0973088137058], [-118.353077977752, 34.0905565929644]]]}}, {"type": "Feature", "properties": {"OBJECTID": 1963, "GRID_ID": "U-19", "has_data": true}, "geometry": {"type": "Polygon", "coordinates": [[[-118.339027953908, 34.0838005525685], [-118.34371611495, 34.0770515982291], [-118.353084092585, 34.0770548773054], [-118.357765396786, 34.0838071116865], [-118.353077977752, 34.0905565929644], [-118.343708513406, 34.090553312179], [-118.339027953908, 34.0838005525685]]]}}, {"type": "Feature", "properties": {"OBJECTID": 1968, "GRID_ID": "V-19", "has_data": true}, "geometry": {"type": "Polygon", "coordinates": [[[-118.32496958202, 34.0905446177251], [-118.329659232469, 34.0837962061109], [-118.339027953908, 34.0838005525685], [-118.343708513406, 34.090553312179], [-118.339019604966, 34.0973022511705], [-118.329649396815, 34.0972979031744], [-118.32496958202, 34.0905446177251]]]}}, {"type": "Feature", "properties": {"OBJECTID": 1972, "GRID_ID": "W-19", "has_data": true}, "geometry": {"type": "Polygon", "coordinates": [[[-118.310921788692, 34.0837853801422], [-118.315612180251, 34.0770374967855], [-118.324980158784, 34.0770429083412], [-118.329659232469, 34.0837962061109], [-118.32496958202, 34.0905446177251], [-118.315600117674, 34.0905392033125], [-118.310921788692, 34.0837853801422]]]}}, {"type": "Feature", "properties": {"OBJECTID": 1973, "GRID_ID": "X-19", "has_data": true}, "geometry": {"type": "Polygon", "coordinates": [[[-118.296861186287, 34.090526241603], [-118.301553067253, 34.0837789013746], [-118.310921788692, 34.0837853801422], [-118.315600117674, 34.0905392033125], [-118.310908977818, 34.0972870714933], [-118.301538768768, 34.0972805892957], [-118.296861186287, 34.090526241603]]]}}, {"type": "Feature", "properties": {"OBJECTID": 1989, "GRID_ID": "Y-19", "has_data": true}, "geometry": {"type": "Polygon", "coordinates": [[[-118.282815622578, 34.0837638092966], [-118.287508244654, 34.0770169979015], [-118.296876223186, 34.0770245411938], [-118.301553067253, 34.0837789013746], [-118.296861186287, 34.090526241603], [-118.287491721042, 34.0905186943058], [-118.282815622578, 34.0837638092966]]]}}, {"type": "Feature", "properties": {"OBJECTID": 2013, "GRID_ID": "Z-19", "has_data": true}, "geometry": {"type": "Polygon", "coordinates": [[[-118.268752787859, 34.0905014645937], [-118.27344690024, 34.0837551974737], [-118.282815622578, 34.0837638092966], [-118.287491721042, 34.0905186943058], [-118.282798348873, 34.097265489954], [-118.273428139824, 34.0972568735534], [-118.268752787859, 34.0905014645937]]]}}, {"type": "Feature", "properties": {"OBJECTID": 2024, "GRID_ID": "AA-19", "has_data": true}, "geometry": {"type": "Polygon", "coordinates": [[[-118.254709454667, 34.083735839283], [-118.259404306361, 34.0769901008283], [-118.268772285792, 34.0769997773469], [-118.27344690024, 34.0837551974737], [-118.268752787859, 34.0905014645937], [-118.259383320818, 34.0904917836663], [-118.254709454667, 34.083735839283]]]}}, {"type": "Feature", "properties": {"OBJECTID": 2026, "GRID_ID": "AB-19", "has_data": true}, "geometry": {"type": "Polygon", "coordinates": [[[-118.240644388533, 34.0904702874358], [-118.245340730532, 34.0837250936588], [-118.254709454667, 34.083735839283], [-118.259383320818, 34.0904917836663], [-118.25468771903, 34.0972375058039], [-118.245317508184, 34.0972267544545], [-118.240644388533, 34.0904702874358]]]}}, {"type": "Feature", "properties": {"OBJECTID": 2027, "GRID_ID": "AC-19", "has_data": true}, "geometry": {"type": "Polygon", "coordinates": [[[-118.226603284959, 34.083701470095], [-118.231300366272, 34.076956806304], [-118.2406683475, 34.0769686153071], [-118.245340730532, 34.0837250936588], [-118.240644388533, 34.0904702874358], [-118.231274920593, 34.0904584721321], [-118.226603284959, 34.083701470095]]]}}, {"type": "Feature", "properties": {"OBJECTID": 2028, "GRID_ID": "AD-19", "has_data": true}, "geometry": {"type": "Polygon", "coordinates": [[[-118.212535986512, 34.0904327086341], [-118.217234559926, 34.083688591411], [-118.226603284959, 34.083701470095], [-118.231274920593, 34.0904584721321], [-118.226577086492, 34.0972031190366], [-118.217206874748, 34.0971902334797], [-118.212535986512, 34.0904327086341]]]}}, {"type": "Feature", "properties": {"OBJECTID": 2034, "GRID_ID": "AE-19", "has_data": true}, "geometry": {"type": "Polygon", "coordinates": [[[-118.198497112556, 34.0836607009808], [-118.203196424386, 34.0769171143209], [-118.212564406512, 34.0769310558112], [-118.217234559926, 34.083688591411], [-118.212535986512, 34.0904327086341], [-118.203166517674, 34.0904187596953], [-118.198497112556, 34.0836607009808]]]}}, {"type": "Feature", "properties": {"OBJECTID": 2046, "GRID_ID": "AF-19", "has_data": true}, "geometry": {"type": "Polygon", "coordinates": [[[-118.184427581796, 34.0903887289242], [-118.189128386626, 34.083645689234], [-118.198497112556, 34.0836607009808], [-118.203166517674, 34.0904187596953], [-118.198466452157, 34.0971623296442], [-118.189096238617, 34.097147309877], [-118.184427581796, 34.0903887289242]]]}}, {"type": "Feature", "properties": {"OBJECTID": 2047, "GRID_ID": "AG-19", "has_data": true}, "geometry": {"type": "Polygon", "coordinates": [[[-118.170390936561, 34.0836135334191], [-118.175092479806, 34.0768710241261], [-118.184460461932, 34.0768870981067], [-118.189128386626, 34.083645689234], [-118.184427581796, 34.0903887289242], [-118.17505811206, 34.0903726470912], [-118.170390936561, 34.0836135334191]]]}}, {"type": "Feature", "properties": {"OBJECTID": 2049, "GRID_ID": "AH-19", "has_data": true}, "geometry": {"type": "Polygon", "coordinates": [[[-118.156319172588, 34.09033834904], [-118.161022209732, 34.0835963886063], [-118.170390936561, 34.0836135334191], [-118.17505811206, 34.0903726470912], [-118.17035581423, 34.0971151376176], [-118.16098559979, 34.0970979843806], [-118.156319172588, 34.09033834904]]]}}, {"type": "Feature", "properties": {"OBJECTID": 2054, "GRID_ID": "AI-19", "has_data": true}, "geometry": {"type": "Polygon", "coordinates": [[[-118.142284756972, 34.0835599659114], [-118.146988531632, 34.0768185371971], [-118.156356513758, 34.0768367436717], [-118.161022209732, 34.0835963886063], [-118.156319172588, 34.09033834904], [-118.146949702852, 34.0903201328211], [-118.142284756972, 34.0835599659114]]]}}, {"type": "Feature", "properties": {"OBJECTID": 2055, "GRID_ID": "S-18", "has_data": true}, "geometry": {"type": "Polygon", "coordinates": [[[-118.367130232114, 34.0973110282451], [-118.371816908241, 34.0905610201647], [-118.381186372587, 34.0905621673235], [-118.385870649314, 34.0973133223799], [-118.381184716992, 34.1040638571274], [-118.371813764137, 34.1040627094077], [-118.367130232114, 34.0973110282451]]]}}, {"type": "Feature", "properties": {"OBJECTID": 2056, "GRID_ID": "T-18", "has_data": true}, "geometry": {"type": "Polygon", "coordinates": [[[-118.353071858429, 34.1040582799384], [-118.357760023064, 34.0973088137058], [-118.367130232114, 34.0973110282451], [-118.371813764137, 34.1040627094077], [-118.367126343307, 34.110812701258], [-118.357754645749, 34.1108104855845], [-118.353071858429, 34.1040582799384]]]}}, {"type": "Feature", "properties": {"OBJECTID": 2057, "GRID_ID": "U-18", "has_data": true}, "geometry": {"type": "Polygon", "coordinates": [[[-118.339019604966, 34.0973022511705], [-118.343708513406, 34.090553312179], [-118.353077977752, 34.0905565929644], [-118.357760023064, 34.0973088137058], [-118.353071858429, 34.1040582799384], [-118.343700905574, 34.1040549974448], [-118.339019604966, 34.0973022511705]]]}}, {"type": "Feature", "properties": {"OBJECTID": 2063, "GRID_ID": "V-18", "has_data": true}, "geometry": {"type": "Polygon", "coordinates": [[[-118.324958998967, 34.1040462984273], [-118.329649396815, 34.0972979031744], [-118.339019604966, 34.0973022511705], [-118.343700905574, 34.1040549974448], [-118.339011250634, 34.1108039196336], [-118.329639553974, 34.1107995693563], [-118.324958998967, 34.1040462984273]]]}}, {"type": "Feature", "properties": {"OBJECTID": 2078, "GRID_ID": "W-18", "has_data": true}, "geometry": {"type": "Polygon", "coordinates": [[[-118.310908977818, 34.0972870714933], [-118.315600117674, 34.0905392033125], [-118.32496958202, 34.0905446177251], [-118.329649396815, 34.0972979031744], [-118.324958998967, 34.1040462984273], [-118.315588046113, 34.104040881903], [-118.310908977818, 34.0972870714933]]]}}, {"type": "Feature", "properties": {"OBJECTID": 2095, "GRID_ID": "X-18", "has_data": true}, "geometry": {"type": "Polygon", "coordinates": [[[-118.296846138607, 34.1040279133352], [-118.301538768768, 34.0972805892957], [-118.310908977818, 34.0972870714933], [-118.315588046113, 34.104040881903], [-118.31089615796, 34.1107887327096], [-118.301524461301, 34.1107822463399], [-118.296846138607, 34.1040279133352]]]}}, {"type": "Feature", "properties": {"OBJECTID": 2125, "GRID_ID": "Y-18", "has_data": true}, "geometry": {"type": "Polygon", "coordinates": [[[-118.282798348873, 34.097265489954], [-118.287491721042, 34.0905186943058], [-118.296861186287, 34.090526241603], [-118.301538768768, 34.0972805892957], [-118.296846138607, 34.1040279133352], [-118.287475185753, 34.1040203612914], [-118.282798348873, 34.097265489954]]]}}, {"type": "Feature", "properties": {"OBJECTID": 2138, "GRID_ID": "Z-18", "has_data": true}, "geometry": {"type": "Polygon", "coordinates": [[[-118.268733277349, 34.1040031239142], [-118.273428139824, 34.0972568735534], [-118.282798348873, 34.097265489954], [-118.287475185753, 34.1040203612914], [-118.282781064389, 34.1107671397385], [-118.273409366831, 34.1107585187626], [-118.268733277349, 34.1040031239142]]]}}, {"type": "Feature", "properties": {"OBJECTID": 2139, "GRID_ID": "AA-18", "has_data": true}, "geometry": {"type": "Polygon", "coordinates": [[[-118.25468771903, 34.0972375058039], [-118.259383320818, 34.0904917836663], [-118.268752787859, 34.0905014645937], [-118.273428139824, 34.0972568735534], [-118.268733277349, 34.1040031239142], [-118.259362322698, 34.1039934378367], [-118.25468771903, 34.0972375058039]]]}}, {"type": "Feature", "properties": {"OBJECTID": 2140, "GRID_ID": "AB-18", "has_data": true}, "geometry": {"type": "Polygon", "coordinates": [[[-118.240620413396, 34.1039719301586], [-118.245317508184, 34.0972267544545], [-118.25468771903, 34.0972375058039], [-118.259362322698, 34.1039934378367], [-118.25466596902, 34.1107391414593], [-118.245294269666, 34.1107283851315], [-118.240620413396, 34.1039719301586]]]}}, {"type": "Feature", "properties": {"OBJECTID": 2141, "GRID_ID": "AC-18", "has_data": true}, "geometry": {"type": "Polygon", "coordinates": [[[-118.226577086492, 34.0972031190366], [-118.231274920593, 34.0904584721321], [-118.240644388533, 34.0904702874358], [-118.245317508184, 34.0972267544545], [-118.240620413396, 34.1039719301586], [-118.231249457847, 34.1039601093014], [-118.226577086492, 34.0972031190366]]]}}, {"type": "Feature", "properties": {"OBJECTID": 2142, "GRID_ID": "AD-18", "has_data": true}, "geometry": {"type": "Polygon", "coordinates": [[[-118.212507547646, 34.1039343328052], [-118.217206874748, 34.0971902334797], [-118.226577086492, 34.0972031190366], [-118.231249457847, 34.1039601093014], [-118.226550870957, 34.1107047371219], [-118.217179170704, 34.1106918454397], [-118.212507547646, 34.1039343328052]]]}}, {"type": "Feature", "properties": {"OBJECTID": 2143, "GRID_ID": "AE-18", "has_data": true}, "geometry": {"type": "Polygon", "coordinates": [[[-118.198466452157, 34.0971623296442], [-118.203166517674, 34.0904187596953], [-118.212535986512, 34.0904327086341], [-118.217206874748, 34.0971902334797], [-118.212507547646, 34.1039343328052], [-118.203136591199, 34.1039203771656], [-118.198466452157, 34.0971623296442]]]}}, {"type": "Feature", "properties": {"OBJECTID": 2145, "GRID_ID": "AF-18", "has_data": true}, "geometry": {"type": "Polygon", "coordinates": [[[-118.184394679202, 34.1038903311016], [-118.189096238617, 34.097147309877], [-118.198466452157, 34.0971623296442], [-118.203136591199, 34.1039203771656], [-118.198435771097, 34.1106639267185], [-118.189064069946, 34.1106489004226], [-118.184394679202, 34.1038903311016]]]}}, {"type": "Feature", "properties": {"OBJECTID": 2150, "GRID_ID": "AG-18", "has_data": true}, "geometry": {"type": "Polygon", "coordinates": [[[-118.17035581423, 34.0971151376176], [-118.17505811206, 34.0903726470912], [-118.184427581796, 34.0903887289242], [-118.189096238617, 34.097147309877], [-118.184394679202, 34.1038903311016], [-118.175023721856, 34.1038742406764], [-118.17035581423, 34.0971151376176]]]}}, {"type": "Feature", "properties": {"OBJECTID": 187, "GRID_ID": "AI-18", "has_data": true}, "geometry": {"type": "Polygon", "coordinates": [[[-118.14224517181, 34.097061542946], [-118.146949702852, 34.0903201328211], [-118.156319172588, 34.09033834904], [-118.16098559979, 34.0970979843806], [-118.156281807164, 34.1038399250378], [-118.146910848919, 34.1038216998234], [-118.14224517181, 34.097061542946]]]}}, {"type": "Feature", "properties": {"OBJECTID": 199, "GRID_ID": "U-17", "has_data": true}, "geometry": {"type": "Polygon", "coordinates": [[[-118.339011250634, 34.1108039196336], [-118.343700905574, 34.1040549974448], [-118.353071858429, 34.1040582799384], [-118.357754645749, 34.1108104855845], [-118.353065734613, 34.1175599360606], [-118.343693293251, 34.1175566518599], [-118.339011250634, 34.1108039196336]]]}}, {"type": "Feature", "properties": {"OBJECTID": 204, "GRID_ID": "V-17", "has_data": true}, "geometry": {"type": "Polygon", "coordinates": [[[-118.324948408728, 34.1175479482811], [-118.329639553974, 34.1107995693563], [-118.339011250634, 34.1108039196336], [-118.343693293251, 34.1175566518599], [-118.339002890912, 34.1243055595101], [-118.329629704845, 34.124301206209], [-118.324948408728, 34.1175479482811]]]}}, {"type": "Feature", "properties": {"OBJECTID": 211, "GRID_ID": "W-17", "has_data": true}, "geometry": {"type": "Polygon", "coordinates": [[[-118.31089615796, 34.1107887327096], [-118.315588046113, 34.104040881903], [-118.324958998967, 34.1040462984273], [-118.329639553974, 34.1107995693563], [-118.324948408728, 34.1175479482811], [-118.315575967365, 34.1175425289027], [-118.31089615796, 34.1107887327096]]]}}, {"type": "Feature", "properties": {"OBJECTID": 213, "GRID_ID": "X-17", "has_data": true}, "geometry": {"type": "Polygon", "coordinates": [[[-118.296831081945, 34.117529554224], [-118.301524461301, 34.1107822463399], [-118.31089615796, 34.1107887327096], [-118.315575967365, 34.1175425289027], [-118.310883330018, 34.1242903645994], [-118.301510143053, 34.124283875547], [-118.296831081945, 34.117529554224]]]}}, {"type": "Feature", "properties": {"OBJECTID": 216, "GRID_ID": "Y-17", "has_data": true}, "geometry": {"type": "Polygon", "coordinates": [[[-118.282781064389, 34.1107671397385], [-118.287475185753, 34.1040203612914], [-118.296846138607, 34.1040279133352], [-118.301524461301, 34.1107822463399], [-118.296831081945, 34.117529554224], [-118.287458639684, 34.1175219989231], [-118.282781064389, 34.1107671397385]]]}}, {"type": "Feature", "properties": {"OBJECTID": 218, "GRID_ID": "Z-17", "has_data": true}, "geometry": {"type": "Polygon", "coordinates": [[[-118.268713753365, 34.1175047516541], [-118.273409366831, 34.1107585187626], [-118.282781064389, 34.1107671397385], [-118.287458639684, 34.1175219989231], [-118.282763768226, 34.1242687609462], [-118.273390580363, 34.1242601353973], [-118.268713753365, 34.1175047516541]]]}}, {"type": "Feature", "properties": {"OBJECTID": 222, "GRID_ID": "AA-17", "has_data": true}, "geometry": {"type": "Polygon", "coordinates": [[[-118.25466596902, 34.1107391414593], [-118.259362322698, 34.1039934378367], [-118.268733277349, 34.1040031239142], [-118.273409366831, 34.1107585187626], [-118.268713753365, 34.1175047516541], [-118.259341309307, 34.1174950611728], [-118.25466596902, 34.1107391414593]]]}}, {"type": "Feature", "properties": {"OBJECTID": 228, "GRID_ID": "AB-17", "has_data": true}, "geometry": {"type": "Polygon", "coordinates": [[[-118.240596422988, 34.1174735427969], [-118.245294269666, 34.1107283851315], [-118.25466596902, 34.1107391414593], [-118.259341309307, 34.1174950611728], [-118.254644204638, 34.1242407478017], [-118.245271014978, 34.1242299864982], [-118.240596422988, 34.1174735427969]]]}}, {"type": "Feature", "properties": {"OBJECTID": 232, "GRID_ID": "AC-17", "has_data": true}, "geometry": {"type": "Polygon", "coordinates": [[[-118.226550870957, 34.1107047371219], [-118.231249457847, 34.1039601093014], [-118.240620413396, 34.1039719301586], [-118.245294269666, 34.1107283851315], [-118.240596422988, 34.1174735427969], [-118.231223978032, 34.1174617156455], [-118.226550870957, 34.1107047371219]]]}}, {"type": "Feature", "properties": {"OBJECTID": 234, "GRID_ID": "AD-17", "has_data": true}, "geometry": {"type": "Polygon", "coordinates": [[[-118.212479090815, 34.1174359261579], [-118.217179170704, 34.1106918454397], [-118.226550870957, 34.1107047371219], [-118.231223978032, 34.1174617156455], [-118.226524638354, 34.1242063259035], [-118.217151448695, 34.1241934280991], [-118.212479090815, 34.1174359261579]]]}}, {"type": "Feature", "properties": {"OBJECTID": 236, "GRID_ID": "AE-17", "has_data": true}, "geometry": {"type": "Polygon", "coordinates": [[[-118.198435771097, 34.1106639267185], [-118.203136591199, 34.1039203771656], [-118.212507547646, 34.1039343328052], [-118.217179170704, 34.1106918454397], [-118.212479090815, 34.1174359261579], [-118.20310664496, 34.1174219630774], [-118.198435771097, 34.1106639267185]]]}}, {"type": "Feature", "properties": {"OBJECTID": 237, "GRID_ID": "AF-17", "has_data": true}, "geometry": {"type": "Polygon", "coordinates": [[[-118.184361755048, 34.1173919017285], [-118.189064069946, 34.1106489004226], [-118.198435771097, 34.1106639267185], [-118.20310664496, 34.1174219630774], [-118.198405070274, 34.1241654952437], [-118.189031879716, 34.1241504609355], [-118.184361755048, 34.1173919017285]]]}}, {"type": "Feature", "properties": {"OBJECTID": 239, "GRID_ID": "AG-17", "has_data": true}, "geometry": {"type": "Polygon", "coordinates": [[[-118.170320668542, 34.1106167109834], [-118.175023721856, 34.1038742406764], [-118.184394679202, 34.1038903311016], [-118.189064069946, 34.1106489004226], [-118.184361755048, 34.1173919017285], [-118.174989309194, 34.1173758034594], [-118.170320668542, 34.1106167109834]]]}}, {"type": "Feature", "properties": {"OBJECTID": 240, "GRID_ID": "R-16", "has_data": true}, "geometry": {"type": "Polygon", "coordinates": [[[-118.381181402209, 34.1310671457275], [-118.385868824836, 34.1243166420589], [-118.3952420118, 34.1243167223726], [-118.399929266443, 34.1310673063421], [-118.395242588519, 34.1378183364037], [-118.385867912147, 34.1378182561028], [-118.381181402209, 34.1310671457275]]]}}, {"type": "Feature", "properties": {"OBJECTID": 242, "GRID_ID": "T-16", "has_data": true}, "geometry": {"type": "Polygon", "coordinates": [[[-118.353059607205, 34.1310615628831], [-118.357749264841, 34.1243121288746], [-118.367122451805, 34.1243143449381], [-118.371807471439, 34.1310659976306], [-118.367118557608, 34.1378159586053], [-118.357743881237, 34.1378137406652], [-118.353059607205, 34.1310615628831]]]}}, {"type": "Feature", "properties": {"OBJECTID": 244, "GRID_ID": "Z-16", "has_data": true}, "geometry": {"type": "Polygon", "coordinates": [[[-118.268694216804, 34.1310063515961], [-118.273390580363, 34.1242601353973], [-118.282763768226, 34.1242687609462], [-118.287442082835, 34.1310236065214], [-118.282746460386, 34.1377703506659], [-118.273371782218, 34.13776172129], [-118.268694216804, 34.1310063515961]]]}}, {"type": "Feature", "properties": {"OBJECTID": 245, "GRID_ID": "AA-16", "has_data": true}, "geometry": {"type": "Polygon", "coordinates": [[[-118.254644204638, 34.1242407478017], [-118.259341309307, 34.1174950611728], [-118.268713753365, 34.1175047516541], [-118.273390580363, 34.1242601353973], [-118.268694216804, 34.1310063515961], [-118.259320282441, 34.1309966552264], [-118.254644204638, 34.1242407478017]]]}}, {"type": "Feature", "properties": {"OBJECTID": 247, "GRID_ID": "AB-16", "has_data": true}, "geometry": {"type": "Polygon", "coordinates": [[[-118.24057241641, 34.1309751261583], [-118.245271014978, 34.1242299864982], [-118.254644204638, 34.1242407478017], [-118.259320282441, 34.1309966552264], [-118.254622424984, 34.137742324151], [-118.245247745917, 34.137731557131], [-118.24057241641, 34.1309751261583]]]}}, {"type": "Feature", "properties": {"OBJECTID": 248, "GRID_ID": "AC-16", "has_data": true}, "geometry": {"type": "Polygon", "coordinates": [[[-118.226524638354, 34.1242063259035], [-118.231223978032, 34.1174617156455], [-118.240596422988, 34.1174735427969], [-118.245271014978, 34.1242299864982], [-118.24057241641, 34.1309751261583], [-118.231198482048, 34.1309632934595], [-118.226524638354, 34.1242063259035]]]}}, {"type": "Feature", "properties": {"OBJECTID": 249, "GRID_ID": "AD-16", "has_data": true}, "geometry": {"type": "Polygon", "coordinates": [[[-118.21245061422, 34.1309374909874], [-118.217151448695, 34.1241934280991], [-118.226524638354, 34.1242063259035], [-118.231198482048, 34.1309632934595], [-118.226498387785, 34.1377078847012], [-118.21712370782, 34.1376949800345], [-118.21245061422, 34.1309374909874]]]}}, {"type": "Feature", "properties": {"OBJECTID": 251, "GRID_ID": "AE-16", "has_data": true}, "geometry": {"type": "Polygon", "coordinates": [[[-118.198405070274, 34.1241654952437], [-118.20310664496, 34.1174219630774], [-118.212479090815, 34.1174359261579], [-118.217151448695, 34.1241934280991], [-118.21245061422, 34.1309374909874], [-118.203076678959, 34.1309235204699], [-118.198405070274, 34.1241654952437]]]}}, {"type": "Feature", "properties": {"OBJECTID": 252, "GRID_ID": "AG-16", "has_data": true}, "geometry": {"type": "Polygon", "coordinates": [[[-118.170285499499, 34.1241182558128], [-118.174989309194, 34.1173758034594], [-118.184361755048, 34.1173919017285], [-118.189031879716, 34.1241504609355], [-118.184328809335, 34.1308934445879], [-118.174954873176, 34.1308773377355], [-118.170285499499, 34.1241182558128]]]}}, {"type": "Feature", "properties": {"OBJECTID": 253, "GRID_ID": "N-15", "has_data": true}, "geometry": {"type": "Polygon", "coordinates": [[[-118.437432279349, 34.1445606750574], [-118.442115974867, 34.1378080511986], [-118.451490651238, 34.1378038562205], [-118.45618312599, 34.1445522842846], [-118.451500177871, 34.1513054344376], [-118.442124009398, 34.1513096317189], [-118.437432279349, 34.1445606750574]]]}}, {"type": "Feature", "properties": {"OBJECTID": 254, "GRID_ID": "P-15", "has_data": true}, "geometry": {"type": "Polygon", "coordinates": [[[-118.409306011634, 34.1445679171725], [-118.413991943058, 34.1378163593662], [-118.423366620327, 34.1378143027714], [-118.428056857376, 34.144563802081], [-118.423371671554, 34.1513158860098], [-118.41399550398, 34.1513179445062], [-118.409306011634, 34.1445679171725]]]}}, {"type": "Feature", "properties": {"OBJECTID": 257, "GRID_ID": "Q-15", "has_data": true}, "geometry": {"type": "Polygon", "coordinates": [[[-118.395242588519, 34.1378183364037], [-118.399929266443, 34.1310673063421], [-118.409303197212, 34.1310663181162], [-118.413991943058, 34.1378163593662], [-118.409306011634, 34.1445679171725], [-118.399930589661, 34.144568905984], [-118.395242588519, 34.1378183364037]]]}}, {"type": "Feature", "properties": {"OBJECTID": 258, "GRID_ID": "R-15", "has_data": true}, "geometry": {"type": "Polygon", "coordinates": [[[-118.381179743919, 34.144568745395], [-118.385867912147, 34.1378182561028], [-118.395242588519, 34.1378183364037], [-118.399930589661, 34.144568905984], [-118.395243166135, 34.1513199227145], [-118.385866998561, 34.1513198424265], [-118.381179743919, 34.144568745395]]]}}, {"type": "Feature", "properties": {"OBJECTID": 261, "GRID_ID": "S-15", "has_data": true}, "geometry": {"type": "Polygon", "coordinates": [[[-118.367118557608, 34.1378159586053], [-118.371807471439, 34.1310659976306], [-118.381181402209, 34.1310671457275], [-118.385867912147, 34.1378182561028], [-118.381179743919, 34.144568745395], [-118.371804321047, 34.1445675959946], [-118.367118557608, 34.1378159586053]]]}}, {"type": "Feature", "properties": {"OBJECTID": 262, "GRID_ID": "T-15", "has_data": true}, "geometry": {"type": "Polygon", "coordinates": [[[-118.353053475305, 34.1445631597253], [-118.357743881237, 34.1378137406652], [-118.367118557608, 34.1378159586053], [-118.371804321047, 34.1445675959946], [-118.367114660717, 34.1513175430659], [-118.357738493142, 34.1513153239934], [-118.353053475305, 34.1445631597253]]]}}, {"type": "Feature", "properties": {"OBJECTID": 265, "GRID_ID": "U-15", "has_data": true}, "geometry": {"type": "Polygon", "coordinates": [[[-118.3389945258, 34.1378071678888], [-118.343685675537, 34.1310582777196], [-118.353059607205, 34.1310615628831], [-118.357743881237, 34.1378137406652], [-118.353053475305, 34.1445631597253], [-118.343678053332, 34.1445598728561], [-118.3389945258, 34.1378071678888]]]}}, {"type": "Feature", "properties": {"OBJECTID": 266, "GRID_ID": "Z-15", "has_data": true}, "geometry": {"type": "Polygon", "coordinates": [[[-118.268674666768, 34.1445079200854], [-118.273371782218, 34.13776172129], [-118.282746460386, 34.1377703506659], [-118.287425514308, 34.1445251841495], [-118.282729140867, 34.1512719126782], [-118.273352971496, 34.1512632779907], [-118.268674666768, 34.1445079200854]]]}}, {"type": "Feature", "properties": {"OBJECTID": 267, "GRID_ID": "AA-15", "has_data": true}, "geometry": {"type": "Polygon", "coordinates": [[[-118.254622424984, 34.137742324151], [-118.259320282441, 34.1309966552264], [-118.268694216804, 34.1310063515961], [-118.273371782218, 34.13776172129], [-118.268674666768, 34.1445079200854], [-118.259299242101, 34.1444982193169], [-118.254622424984, 34.137742324151]]]}}, {"type": "Feature", "properties": {"OBJECTID": 268, "GRID_ID": "AB-15", "has_data": true}, "geometry": {"type": "Polygon", "coordinates": [[[-118.240548393663, 34.1444766795624], [-118.245247745917, 34.137731557131], [-118.254622424984, 34.137742324151], [-118.259299242101, 34.1444982193169], [-118.254600631855, 34.1512438713134], [-118.245224460687, 34.1512330985798], [-118.240548393663, 34.1444766795624]]]}}, {"type": "Feature", "properties": {"OBJECTID": 269, "GRID_ID": "AC-15", "has_data": true}, "geometry": {"type": "Polygon", "coordinates": [[[-118.226498387785, 34.1377078847012], [-118.231198482048, 34.1309632934595], [-118.24057241641, 34.1309751261583], [-118.245247745917, 34.137731557131], [-118.240548393663, 34.1444766795624], [-118.231172968097, 34.1444648405759], [-118.226498387785, 34.1377078847012]]]}}, {"type": "Feature", "properties": {"OBJECTID": 270, "GRID_ID": "AD-15", "has_data": true}, "geometry": {"type": "Polygon", "coordinates": [[[-118.212422118761, 34.1444390243827], [-118.21712370782, 34.1376949800345], [-118.226498387785, 34.1377078847012], [-118.231172968097, 34.1444648405759], [-118.226472120148, 34.1512094150647], [-118.21709594898, 34.1511965035392], [-118.212422118761, 34.1444390243827]]]}}, {"type": "Feature", "properties": {"OBJECTID": 271, "GRID_ID": "AE-15", "has_data": true}, "geometry": {"type": "Polygon", "coordinates": [[[-118.19837434879, 34.1376670337957], [-118.203076678959, 34.1309235204699], [-118.21245061422, 34.1309374909874], [-118.21712370782, 34.1376949800345], [-118.212422118761, 34.1444390243827], [-118.203046692297, 34.1444250479189], [-118.19837434879, 34.1376670337957]]]}}, {"type": "Feature", "properties": {"OBJECTID": 272, "GRID_ID": "D-14", "has_data": true}, "geometry": {"type": "Polygon", "coordinates": [[[-118.578093309942, 34.1579297575007], [-118.582766557154, 34.1511718342534], [-118.592142730118, 34.1511569452535], [-118.596847145278, 34.1578999722175], [-118.592174648159, 34.164658417725], [-118.582796983991, 34.1646733147505], [-118.578093309942, 34.1579297575007]]]}}, {"type": "Feature", "properties": {"OBJECTID": 273, "GRID_ID": "G-14", "has_data": true}, "geometry": {"type": "Polygon", "coordinates": [[[-118.535885704009, 34.1512355875119], [-118.540561939018, 34.1444792475011], [-118.549937363686, 34.1444675691041], [-118.55463804365, 34.1512122251501], [-118.549962558735, 34.157969088866], [-118.540585641067, 34.1579807728299], [-118.535885704009, 34.1512355875119]]]}}, {"type": "Feature", "properties": {"OBJECTID": 274, "GRID_ID": "H-14", "has_data": true}, "geometry": {"type": "Polygon", "coordinates": [[[-118.521831809324, 34.158002002881], [-118.526509532842, 34.1512461996689], [-118.535885704009, 34.1512355875119], [-118.540585641067, 34.1579807728299], [-118.535908667643, 34.1647371001837], [-118.526531004373, 34.1647477173336], [-118.521831809324, 34.158002002881]]]}}, {"type": "Feature", "properties": {"OBJECTID": 276, "GRID_ID": "J-14", "has_data": true}, "geometry": {"type": "Polygon", "coordinates": [[[-118.493701061711, 34.1580284995532], [-118.498381023829, 34.1512737593044], [-118.507757194099, 34.1512652851932], [-118.512454893453, 34.1580115482254], [-118.507775680529, 34.1647668124425], [-118.498398018158, 34.1647752904019], [-118.493701061711, 34.1580284995532]]]}}, {"type": "Feature", "properties": {"OBJECTID": 277, "GRID_ID": "L-14", "has_data": true}, "geometry": {"type": "Polygon", "coordinates": [[[-118.465570315893, 34.158048579632], [-118.470252515716, 34.1512949025761], [-118.479628685087, 34.1512885679956], [-118.484324146738, 34.158035905537], [-118.479642694314, 34.1647901071316], [-118.470265033739, 34.1647964451589], [-118.465570315893, 34.158048579632]]]}}, {"type": "Feature", "properties": {"OBJECTID": 278, "GRID_ID": "M-14", "has_data": true}, "geometry": {"type": "Polygon", "coordinates": [[[-118.451500177871, 34.1513054344376], [-118.45618312599, 34.1445522842846], [-118.465558548862, 34.1445470197917], [-118.470252515716, 34.1512949025761], [-118.465570315893, 34.158048579632], [-118.45619340092, 34.1580538462569], [-118.451500177871, 34.1513054344376]]]}}, {"type": "Feature", "properties": {"OBJECTID": 282, "GRID_ID": "N-14", "has_data": true}, "geometry": {"type": "Polygon", "coordinates": [[[-118.437439570975, 34.1580622416353], [-118.442124009398, 34.1513096317189], [-118.451500177871, 34.1513054344376], [-118.45619340092, 34.1580538462569], [-118.451509710793, 34.1648069827695], [-118.44213204932, 34.1648111816097], [-118.437439570975, 34.1580622416353]]]}}, {"type": "Feature", "properties": {"OBJECTID": 286, "GRID_ID": "O-14", "has_data": true}, "geometry": {"type": "Polygon", "coordinates": [[[-118.423371671554, 34.1513158860098], [-118.428056857376, 34.144563802081], [-118.437432279349, 34.1445606750574], [-118.442124009398, 34.1513096317189], [-118.437439570975, 34.1580622416353], [-118.4280626569, 34.1580653703891], [-118.423371671554, 34.1513158860098]]]}}, {"type": "Feature", "properties": {"OBJECTID": 287, "GRID_ID": "P-14", "has_data": true}, "geometry": {"type": "Polygon", "coordinates": [[[-118.409308826954, 34.1580694877962], [-118.41399550398, 34.1513179445062], [-118.423371671554, 34.1513158860098], [-118.4280626569, 34.1580653703891], [-118.423376727273, 34.1648174393603], [-118.413999066698, 34.1648194982709], [-118.409308826954, 34.1580694877962]]]}}, {"type": "Feature", "properties": {"OBJECTID": 289, "GRID_ID": "Q-14", "has_data": true}, "geometry": {"type": "Polygon", "coordinates": [[[-118.395243166135, 34.1513199227145], [-118.399930589661, 34.144568905984], [-118.409306011634, 34.1445679171725], [-118.41399550398, 34.1513179445062], [-118.409308826954, 34.1580694877962], [-118.399931912879, 34.158070477193], [-118.395243166135, 34.1513199227145]]]}}, {"type": "Feature", "properties": {"OBJECTID": 290, "GRID_ID": "R-14", "has_data": true}, "geometry": {"type": "Polygon", "coordinates": [[[-118.381178083832, 34.1580703158864], [-118.385866998561, 34.1513198424265], [-118.395243166135, 34.1513199227145], [-118.399931912879, 34.158070477193], [-118.39524374465, 34.1648214776495], [-118.385866084076, 34.1648213973743], [-118.381178083832, 34.1580703158864]]]}}, {"type": "Feature", "properties": {"OBJECTID": 291, "GRID_ID": "S-14", "has_data": true}, "geometry": {"type": "Polygon", "coordinates": [[[-118.367114660717, 34.1513175430659], [-118.371804321047, 34.1445675959946], [-118.381179743919, 34.144568745395], [-118.385866998561, 34.1513198424265], [-118.381178083832, 34.1580703158864], [-118.371801169757, 34.1580691666697], [-118.367114660717, 34.1513175430659]]]}}, {"type": "Feature", "properties": {"OBJECTID": 301, "GRID_ID": "T-14", "has_data": true}, "geometry": {"type": "Polygon", "coordinates": [[[-118.353047339811, 34.158064728136], [-118.357738493142, 34.1513153239934], [-118.367114660717, 34.1513175430659], [-118.371801169757, 34.1580691666697], [-118.367110762028, 34.1648190968948], [-118.357733101454, 34.1648168766905], [-118.353047339811, 34.158064728136]]]}}, {"type": "Feature", "properties": {"OBJECTID": 303, "GRID_ID": "U-14", "has_data": true}, "geometry": {"type": "Polygon", "coordinates": [[[-118.338986155298, 34.1513087485503], [-118.343678053332, 34.1445598728561], [-118.353053475305, 34.1445631597253], [-118.357738493142, 34.1513153239934], [-118.353047339811, 34.158064728136], [-118.343670425737, 34.1580614388189], [-118.338986155298, 34.1513087485503]]]}}, {"type": "Feature", "properties": {"OBJECTID": 305, "GRID_ID": "V-14", "has_data": true}, "geometry": {"type": "Polygon", "coordinates": [[[-118.324916595791, 34.1580527223138], [-118.329609986825, 34.1513043906928], [-118.338986155298, 34.1513087485503], [-118.343670425737, 34.1580614388189], [-118.338977778508, 34.164810297839], [-118.329600117933, 34.1648059384483], [-118.324916595791, 34.1580527223138]]]}}, {"type": "Feature", "properties": {"OBJECTID": 306, "GRID_ID": "W-14", "has_data": true}, "geometry": {"type": "Polygon", "coordinates": [[[-118.310857648981, 34.1512935384222], [-118.315551784718, 34.1445457350799], [-118.324927206691, 34.1445511601619], [-118.329609986825, 34.1513043906928], [-118.324916595791, 34.1580527223138], [-118.315539680818, 34.1580472943823], [-118.310857648981, 34.1512935384222]]]}}, {"type": "Feature", "properties": {"OBJECTID": 307, "GRID_ID": "X-14", "has_data": true}, "geometry": {"type": "Polygon", "coordinates": [[[-118.296785849974, 34.1580342999037], [-118.301481479609, 34.1512870425221], [-118.310857648981, 34.1512935384222], [-118.315539680818, 34.1580472943823], [-118.310844794987, 34.1647950797367], [-118.301467134413, 34.1647885811586], [-118.296785849974, 34.1580342999037]]]}}, {"type": "Feature", "properties": {"OBJECTID": 309, "GRID_ID": "Y-14", "has_data": true}, "geometry": {"type": "Polygon", "coordinates": [[[-118.282729140867, 34.1512719126782], [-118.287425514308, 34.1445251841495], [-118.296800937179, 34.1445327474456], [-118.301481479609, 34.1512870425221], [-118.296785849974, 34.1580342999037], [-118.287408935001, 34.1580267326131], [-118.282729140867, 34.1512719126782]]]}}, {"type": "Feature", "properties": {"OBJECTID": 310, "GRID_ID": "Z-14", "has_data": true}, "geometry": {"type": "Polygon", "coordinates": [[[-118.268655103258, 34.1580094601582], [-118.273352971496, 34.1512632779907], [-118.282729140867, 34.1512719126782], [-118.287408935001, 34.1580267326131], [-118.282711810568, 34.1647734433277], [-118.273334148197, 34.1647648048176], [-118.268655103258, 34.1580094601582]]]}}, {"type": "Feature", "properties": {"OBJECTID": 312, "GRID_ID": "AA-14", "has_data": true}, "geometry": {"type": "Polygon", "coordinates": [[[-118.254600631855, 34.1512438713134], [-118.259299242101, 34.1444982193169], [-118.268674666768, 34.1445079200854], [-118.273352971496, 34.1512632779907], [-118.268655103258, 34.1580094601582], [-118.259278186489, 34.1579997542501], [-118.254600631855, 34.1512438713134]]]}}, {"type": "Feature", "properties": {"OBJECTID": 314, "GRID_ID": "AB-14", "has_data": true}, "geometry": {"type": "Polygon", "coordinates": [[[-118.240524354746, 34.1579782030716], [-118.245224460687, 34.1512330985798], [-118.254600631855, 34.1512438713134], [-118.259278186489, 34.1579997542501], [-118.254578823455, 34.1647453878639], [-118.245201160185, 34.164734610163], [-118.240524354746, 34.1579782030716]]]}}, {"type": "Feature", "properties": {"OBJECTID": 316, "GRID_ID": "AC-14", "has_data": true}, "geometry": {"type": "Polygon", "coordinates": [[[-118.226472120148, 34.1512094150647], [-118.231172968097, 34.1444648405759], [-118.240548393663, 34.1444766795624], [-118.245224460687, 34.1512330985798], [-118.240524354746, 34.1579782030716], [-118.231147437977, 34.1579663585439], [-118.226472120148, 34.1512094150647]]]}}, {"type": "Feature", "properties": {"OBJECTID": 319, "GRID_ID": "B-13", "has_data": true}, "geometry": {"type": "Polygon", "coordinates": [[[-118.606258232164, 34.1713854558271], [-118.610929978291, 34.1646264852187], [-118.620307643357, 34.1646094489937], [-118.625015056195, 34.1713513742104], [-118.620344062856, 34.1781108683008], [-118.610964904789, 34.1781279129483], [-118.606258232164, 34.1713854558271]]]}}, {"type": "Feature", "properties": {"OBJECTID": 321, "GRID_ID": "C-13", "has_data": true}, "geometry": {"type": "Polygon", "coordinates": [[[-118.592174648159, 34.164658417725], [-118.596847145278, 34.1578999722175], [-118.606224063844, 34.1578840095195], [-118.610929978291, 34.1646264852187], [-118.606258232164, 34.1713854558271], [-118.596879820598, 34.1714014256344], [-118.592174648159, 34.164658417725]]]}}, {"type": "Feature", "properties": {"OBJECTID": 324, "GRID_ID": "D-13", "has_data": true}, "geometry": {"type": "Polygon", "coordinates": [[[-118.57812300016, 34.1714312269648], [-118.582796983991, 34.1646733147505], [-118.592174648159, 34.164658417725], [-118.596879820598, 34.1714014256344], [-118.592206588657, 34.1781598618986], [-118.582827430591, 34.1781747662025], [-118.57812300016, 34.1714312269648]]]}}, {"type": "Feature", "properties": {"OBJECTID": 327, "GRID_ID": "E-13", "has_data": true}, "geometry": {"type": "Polygon", "coordinates": [[[-118.564041656553, 34.1647009681184], [-118.568716391376, 34.1579435808301], [-118.578093309942, 34.1579297575007], [-118.582796983991, 34.1646733147505], [-118.57812300016, 34.1714312269648], [-118.568744588594, 34.1714450570023], [-118.564041656553, 34.1647009681184]]]}}, {"type": "Feature", "properties": {"OBJECTID": 329, "GRID_ID": "F-13", "has_data": true}, "geometry": {"type": "Polygon", "coordinates": [[[-118.549987769953, 34.1714705773101], [-118.554663993284, 34.1647137252047], [-118.564041656553, 34.1647009681184], [-118.568744588594, 34.1714450570023], [-118.564069117153, 34.1782024337262], [-118.554689959087, 34.1782151969468], [-118.549987769953, 34.1714705773101]]]}}, {"type": "Feature", "properties": {"OBJECTID": 332, "GRID_ID": "G-13", "has_data": true}, "geometry": {"type": "Polygon", "coordinates": [[[-118.535908667643, 34.1647371001837], [-118.540585641067, 34.1579807728299], [-118.549962558735, 34.157969088866], [-118.554663993284, 34.1647137252047], [-118.549987769953, 34.1714705773101], [-118.540609359285, 34.171482267581], [-118.535908667643, 34.1647371001837]]]}}, {"type": "Feature", "properties": {"OBJECTID": 335, "GRID_ID": "H-13", "has_data": true}, "geometry": {"type": "Polygon", "coordinates": [[[-118.521852542441, 34.1715035083584], [-118.526531004373, 34.1647477173336], [-118.535908667643, 34.1647371001837], [-118.540609359285, 34.171482267581], [-118.535931647446, 34.1782385837933], [-118.526552491177, 34.1782492066767], [-118.521852542441, 34.1715035083584]]]}}, {"type": "Feature", "properties": {"OBJECTID": 340, "GRID_ID": "I-13", "has_data": true}, "geometry": {"type": "Polygon", "coordinates": [[[-118.507775680529, 34.1647668124425], [-118.512454893453, 34.1580115482254], [-118.521831809324, 34.158002002881], [-118.526531004373, 34.1647477173336], [-118.521852542441, 34.1715035083584], [-118.512474132672, 34.1715130581222], [-118.507775680529, 34.1647668124425]]]}}, {"type": "Feature", "properties": {"OBJECTID": 341, "GRID_ID": "J-13", "has_data": true}, "geometry": {"type": "Polygon", "coordinates": [[[-118.493717314929, 34.1715300186308], [-118.498398018158, 34.1647752904019], [-118.507775680529, 34.1647668124425], [-118.512474132672, 34.1715130581222], [-118.507794180434, 34.178268311365], [-118.498415024165, 34.1782767939136], [-118.493717314929, 34.1715300186308]]]}}, {"type": "Feature", "properties": {"OBJECTID": 343, "GRID_ID": "K-13", "has_data": true}, "geometry": {"type": "Polygon", "coordinates": [[[-118.479642694314, 34.1647901071316], [-118.484324146738, 34.158035905537], [-118.493701061711, 34.1580284995532], [-118.498398018158, 34.1647752904019], [-118.493717314929, 34.1715300186308], [-118.484338907854, 34.1715374286329], [-118.479642694314, 34.1647901071316]]]}}, {"type": "Feature", "properties": {"OBJECTID": 350, "GRID_ID": "L-13", "has_data": true}, "geometry": {"type": "Polygon", "coordinates": [[[-118.46558209101, 34.1715501081333], [-118.470265033739, 34.1647964451589], [-118.479642694314, 34.1647901071316], [-118.484338907854, 34.1715374286329], [-118.479656713422, 34.1782916171912], [-118.470277558949, 34.1782979586638], [-118.46558209101, 34.1715501081333]]]}}, {"type": "Feature", "properties": {"OBJECTID": 352, "GRID_ID": "M-13", "has_data": true}, "geometry": {"type": "Polygon", "coordinates": [[[-118.451509710793, 34.1648069827695], [-118.45619340092, 34.1580538462569], [-118.465570315893, 34.158048579632], [-118.470265033739, 34.1647964451589], [-118.46558209101, 34.1715501081333], [-118.456203683037, 34.1715553783753], [-118.451509710793, 34.1648069827695]]]}}, {"type": "Feature", "properties": {"OBJECTID": 355, "GRID_ID": "N-13", "has_data": true}, "geometry": {"type": "Polygon", "coordinates": [[[-118.43744686799, 34.1715637776137], [-118.44213204932, 34.1648111816097], [-118.451509710793, 34.1648069827695], [-118.456203683037, 34.1715553783753], [-118.451519249105, 34.1783085012773], [-118.44214009553, 34.1783127024185], [-118.43744686799, 34.1715637776137]]]}}, {"type": "Feature", "properties": {"OBJECTID": 359, "GRID_ID": "O-13", "has_data": true}, "geometry": {"type": "Polygon", "coordinates": [[[-118.423376727273, 34.1648174393603], [-118.4280626569, 34.1580653703891], [-118.437439570975, 34.1580622416353], [-118.44213204932, 34.1648111816097], [-118.43744686799, 34.1715637776137], [-118.428068460017, 34.1715669080969], [-118.423376727273, 34.1648174393603]]]}}, {"type": "Feature", "properties": {"OBJECTID": 361, "GRID_ID": "P-13", "has_data": true}, "geometry": {"type": "Polygon", "coordinates": [[[-118.409311644969, 34.1715710270752], [-118.413999066698, 34.1648194982709], [-118.423376727273, 34.1648174393603], [-118.428068460017, 34.1715669080969], [-118.423381785686, 34.1783189636271], [-118.414002632111, 34.1783210236947], [-118.409311644969, 34.1715710270752]]]}}, {"type": "Feature", "properties": {"OBJECTID": 363, "GRID_ID": "Q-13", "has_data": true}, "geometry": {"type": "Polygon", "coordinates": [[[-118.39524374465, 34.1648214776495], [-118.399931912879, 34.158070477193], [-118.409308826954, 34.1580694877962], [-118.413999066698, 34.1648194982709], [-118.409311644969, 34.1715710270752], [-118.399933237895, 34.171572017057], [-118.39524374465, 34.1648214776495]]]}}, {"type": "Feature", "properties": {"OBJECTID": 365, "GRID_ID": "R-13", "has_data": true}, "geometry": {"type": "Polygon", "coordinates": [[[-118.381176422847, 34.1715718565194], [-118.385866084076, 34.1648213973743], [-118.39524374465, 34.1648214776495], [-118.399933237895, 34.171572017057], [-118.395244323166, 34.1783230034999], [-118.385865169591, 34.1783229232375], [-118.381176422847, 34.1715718565194]]]}}, {"type": "Feature", "properties": {"OBJECTID": 369, "GRID_ID": "S-13", "has_data": true}, "geometry": {"type": "Polygon", "coordinates": [[[-118.367110762028, 34.1648190968948], [-118.371801169757, 34.1580691666697], [-118.381178083832, 34.1580703158864], [-118.385866084076, 34.1648213973743], [-118.381176422847, 34.1715718565194], [-118.371798015772, 34.171570706], [-118.367110762028, 34.1648190968948]]]}}, {"type": "Feature", "properties": {"OBJECTID": 391, "GRID_ID": "T-13", "has_data": true}, "geometry": {"type": "Polygon", "coordinates": [[[-118.353041199826, 34.1715662652033], [-118.357733101454, 34.1648168766905], [-118.367110762028, 34.1648190968948], [-118.371798015772, 34.171570706], [-118.367106859747, 34.1783206216396], [-118.357727706172, 34.1783184010473], [-118.353041199826, 34.1715662652033]]]}}, {"type": "Feature", "properties": {"OBJECTID": 397, "GRID_ID": "U-13", "has_data": true}, "geometry": {"type": "Polygon", "coordinates": [[[-118.338977778508, 34.164810297839], [-118.343670425737, 34.1580614388189], [-118.353047339811, 34.158064728136], [-118.357733101454, 34.1648168766905], [-118.353041199826, 34.1715662652033], [-118.343662792752, 34.1715629741825], [-118.338977778508, 34.164810297839]]]}}, {"type": "Feature", "properties": {"OBJECTID": 399, "GRID_ID": "V-13", "has_data": true}, "geometry": {"type": "Polygon", "coordinates": [[[-118.324905976806, 34.1715542531255], [-118.329600117933, 34.1648059384483], [-118.338977778508, 34.164810297839], [-118.343662792752, 34.1715629741825], [-118.338969397226, 34.178311818046], [-118.329590242753, 34.1783074563799], [-118.324905976806, 34.1715542531255]]]}}, {"type": "Feature", "properties": {"OBJECTID": 401, "GRID_ID": "W-13", "has_data": true}, "geometry": {"type": "Polygon", "coordinates": [[[-118.310844794987, 34.1647950797367], [-118.315539680818, 34.1580472943823], [-118.324916595791, 34.1580527223138], [-118.329600117933, 34.1648059384483], [-118.324905976806, 34.1715542531255], [-118.315527569731, 34.171548823089], [-118.310844794987, 34.1647950797367]]]}}, {"type": "Feature", "properties": {"OBJECTID": 403, "GRID_ID": "Y-13", "has_data": true}, "geometry": {"type": "Polygon", "coordinates": [[[-118.282711810568, 34.1647734433277], [-118.287408935001, 34.1580267326131], [-118.296785849974, 34.1580342999037], [-118.301467134413, 34.1647885811586], [-118.296770752887, 34.1715358217699], [-118.287392344914, 34.1715282504868], [-118.282711810568, 34.1647734433277]]]}}, {"type": "Feature", "properties": {"OBJECTID": 405, "GRID_ID": "B-12", "has_data": true}, "geometry": {"type": "Polygon", "coordinates": [[[-118.60629242384, 34.1848868716437], [-118.610964904789, 34.1781279129483], [-118.620344062856, 34.1781108683008], [-118.625052235668, 34.1848527731867], [-118.620380507507, 34.1916122564105], [-118.610999854644, 34.1916293094758], [-118.60629242384, 34.1848868716437]]]}}, {"type": "Feature", "properties": {"OBJECTID": 408, "GRID_ID": "C-12", "has_data": true}, "geometry": {"type": "Polygon", "coordinates": [[[-118.592206588657, 34.1781598618986], [-118.596879820598, 34.1714014256344], [-118.606258232164, 34.1713854558271], [-118.610964904789, 34.1781279129483], [-118.60629242384, 34.1848868716437], [-118.596912518376, 34.1849028500425], [-118.592206588657, 34.1781598618986]]]}}, {"type": "Feature", "properties": {"OBJECTID": 409, "GRID_ID": "D-12", "has_data": true}, "geometry": {"type": "Polygon", "coordinates": [[[-118.578152709243, 34.1849326659257], [-118.582827430591, 34.1781747662025], [-118.592206588657, 34.1781598618986], [-118.596912518376, 34.1849028500425], [-118.592238549816, 34.1916612748617], [-118.582857896954, 34.1916761864399], [-118.578152709243, 34.1849326659257]]]}}, {"type": "Feature", "properties": {"OBJECTID": 418, "GRID_ID": "E-12", "has_data": true}, "geometry": {"type": "Polygon", "coordinates": [[[-118.564069117153, 34.1782024337262], [-118.568744588594, 34.1714450570023], [-118.57812300016, 34.1714312269648], [-118.582827430591, 34.1781747662025], [-118.578152709243, 34.1849326659257], [-118.568772804677, 34.1849465034108], [-118.564069117153, 34.1782024337262]]]}}, {"type": "Feature", "properties": {"OBJECTID": 421, "GRID_ID": "F-12", "has_data": true}, "geometry": {"type": "Polygon", "coordinates": [[[-118.55001299824, 34.1849720367269], [-118.554689959087, 34.1782151969468], [-118.564069117153, 34.1782024337262], [-118.568772804677, 34.1849465034108], [-118.564096594821, 34.191703868112], [-118.554715942857, 34.1917166382065], [-118.55001299824, 34.1849720367269]]]}}, {"type": "Feature", "properties": {"OBJECTID": 422, "GRID_ID": "G-12", "has_data": true}, "geometry": {"type": "Polygon", "coordinates": [[[-118.535931647446, 34.1782385837933], [-118.540609359285, 34.171482267581], [-118.549987769953, 34.1714705773101], [-118.554689959087, 34.1782151969468], [-118.55001299824, 34.1849720367269], [-118.540633093673, 34.1849837325585], [-118.535931647446, 34.1782385837933]]]}}, {"type": "Feature", "properties": {"OBJECTID": 425, "GRID_ID": "H-12", "has_data": true}, "geometry": {"type": "Polygon", "coordinates": [[[-118.521873289033, 34.1850049840565], [-118.526552491177, 34.1782492066767], [-118.535931647446, 34.1782385837933], [-118.540633093673, 34.1849837325585], [-118.535954642521, 34.1917400361712], [-118.526573991455, 34.191750664785], [-118.521873289033, 34.1850049840565]]]}}, {"type": "Feature", "properties": {"OBJECTID": 427, "GRID_ID": "I-12", "has_data": true}, "geometry": {"type": "Polygon", "coordinates": [[[-118.507794180434, 34.178268311365], [-118.512474132672, 34.1715130581222], [-118.521852542441, 34.1715035083584], [-118.526552491177, 34.1782492066767], [-118.521873289033, 34.1850049840565], [-118.512493385365, 34.1850145389803], [-118.507794180434, 34.178268311365]]]}}, {"type": "Feature", "properties": {"OBJECTID": 428, "GRID_ID": "J-12", "has_data": true}, "geometry": {"type": "Polygon", "coordinates": [[[-118.493733579826, 34.1850315071787], [-118.498415024165, 34.1782767939136], [-118.507794180434, 34.178268311365], [-118.512493385365, 34.1850145389803], [-118.507812692017, 34.1917697790477], [-118.498432041849, 34.1917782654401], [-118.493733579826, 34.1850315071787]]]}}, {"type": "Feature", "properties": {"OBJECTID": 430, "GRID_ID": "K-12", "has_data": true}, "geometry": {"type": "Polygon", "coordinates": [[[-118.479656713422, 34.1782916171912], [-118.484338907854, 34.1715374286329], [-118.493717314929, 34.1715300186308], [-118.498415024165, 34.1782767939136], [-118.493733579826, 34.1850315071787], [-118.484353677954, 34.185038921197], [-118.479656713422, 34.1782916171912]]]}}, {"type": "Feature", "properties": {"OBJECTID": 432, "GRID_ID": "L-12", "has_data": true}, "geometry": {"type": "Polygon", "coordinates": [[[-118.465593874212, 34.185051607586], [-118.470277558949, 34.1782979586638], [-118.479656713422, 34.1782916171912], [-118.484353677954, 34.185038921197], [-118.479670742412, 34.1917930967481], [-118.470290093142, 34.1917994416641], [-118.465593874212, 34.185051607586]]]}}, {"type": "Feature", "properties": {"OBJECTID": 436, "GRID_ID": "M-12", "has_data": true}, "geometry": {"type": "Polygon", "coordinates": [[[-118.451519249105, 34.1783085012773], [-118.456203683037, 34.1715553783753], [-118.46558209101, 34.1715501081333], [-118.470277558949, 34.1782979586638], [-118.465593874212, 34.185051607586], [-118.45621397234, 34.1850568799572], [-118.451519249105, 34.1783085012773]]]}}, {"type": "Feature", "properties": {"OBJECTID": 449, "GRID_ID": "N-12", "has_data": true}, "geometry": {"type": "Polygon", "coordinates": [[[-118.437454168598, 34.1850652837966], [-118.44214009553, 34.1783127024185], [-118.451519249105, 34.1783085012773], [-118.45621397234, 34.1850568799572], [-118.451528794603, 34.1918099892778], [-118.442148146232, 34.1918141927188], [-118.437454168598, 34.1850652837966]]]}}, {"type": "Feature", "properties": {"OBJECTID": 469, "GRID_ID": "O-12", "has_data": true}, "geometry": {"type": "Polygon", "coordinates": [[[-118.423381785686, 34.1783189636271], [-118.428068460017, 34.1715669080969], [-118.43744686799, 34.1715637776137], [-118.44214009553, 34.1783127024185], [-118.437454168598, 34.1850652837966], [-118.428074267625, 34.1850684152651], [-118.423381785686, 34.1783189636271]]]}}, {"type": "Feature", "properties": {"OBJECTID": 472, "GRID_ID": "P-12", "has_data": true}, "geometry": {"type": "Polygon", "coordinates": [[[-118.409314464781, 34.1850725373], [-118.414002632111, 34.1783210236947], [-118.423381785686, 34.1783189636271], [-118.428074267625, 34.1850684152651], [-118.423386848591, 34.1918204573837], [-118.41400620022, 34.1918225186077], [-118.409314464781, 34.1850725373]]]}}, {"type": "Feature", "properties": {"OBJECTID": 473, "GRID_ID": "Q-12", "has_data": true}, "geometry": {"type": "Polygon", "coordinates": [[[-118.395244323166, 34.1783230034999], [-118.399933237895, 34.171572017057], [-118.409311644969, 34.1715710270752], [-118.414002632111, 34.1783210236947], [-118.409314464781, 34.1850725373], [-118.399934563808, 34.1850735271233], [-118.395244323166, 34.1783230034999]]]}}, {"type": "Feature", "properties": {"OBJECTID": 475, "GRID_ID": "R-12", "has_data": true}, "geometry": {"type": "Polygon", "coordinates": [[[-118.381174760065, 34.1850733666114], [-118.385865169591, 34.1783229232375], [-118.395244323166, 34.1783230034999], [-118.399934563808, 34.1850735271233], [-118.395244901681, 34.1918244995821], [-118.385864253309, 34.1918244185896], [-118.381174760065, 34.1850733666114]]]}}, {"type": "Feature", "properties": {"OBJECTID": 481, "GRID_ID": "S-12", "has_data": true}, "geometry": {"type": "Polygon", "coordinates": [[[-118.367106859747, 34.1783206216396], [-118.371798015772, 34.171570706], [-118.381176422847, 34.1715718565194], [-118.385865169591, 34.1783229232375], [-118.381174760065, 34.1850733666114], [-118.371794859092, 34.185072215533], [-118.367106859747, 34.1783206216396]]]}}, {"type": "Feature", "properties": {"OBJECTID": 489, "GRID_ID": "T-12", "has_data": true}, "geometry": {"type": "Polygon", "coordinates": [[[-118.353035056248, 34.1850677724744], [-118.357727706172, 34.1783184010473], [-118.367106859747, 34.1783206216396], [-118.371794859092, 34.185072215533], [-118.367102955668, 34.191822116617], [-118.357722307297, 34.1918198941509], [-118.353035056248, 34.1850677724744]]]}}, {"type": "Feature", "properties": {"OBJECTID": 492, "GRID_ID": "U-12", "has_data": true}, "geometry": {"type": "Polygon", "coordinates": [[[-118.338969397226, 34.178311818046], [-118.343662792752, 34.1715629741825], [-118.353041199826, 34.1715662652033], [-118.357727706172, 34.1783184010473], [-118.353035056248, 34.1850677724744], [-118.343655155275, 34.1850644804939], [-118.338969397226, 34.178311818046]]]}}, {"type": "Feature", "properties": {"OBJECTID": 494, "GRID_ID": "B-11", "has_data": true}, "geometry": {"type": "Polygon", "coordinates": [[[-118.606326637974, 34.1983882585152], [-118.610999854644, 34.1916293094758], [-118.620380507507, 34.1916122564105], [-118.625089439395, 34.1983541432268], [-118.620416975514, 34.205113615611], [-118.611034827854, 34.2051306778328], [-118.606326637974, 34.1983882585152]]]}}, {"type": "Feature", "properties": {"OBJECTID": 495, "GRID_ID": "C-11", "has_data": true}, "geometry": {"type": "Polygon", "coordinates": [[[-118.592238549816, 34.1916612748617], [-118.596912518376, 34.1849028500425], [-118.60629242384, 34.1848868716437], [-118.610999854644, 34.1916293094758], [-118.606326637974, 34.1983882585152], [-118.596945237713, 34.198404245501], [-118.592238549816, 34.1916612748617]]]}}, {"type": "Feature", "properties": {"OBJECTID": 496, "GRID_ID": "D-11", "has_data": true}, "geometry": {"type": "Polygon", "coordinates": [[[-118.578182438988, 34.1984340759291], [-118.582857896954, 34.1916761864399], [-118.592238549816, 34.1916612748617], [-118.596945237713, 34.198404245501], [-118.592270531637, 34.2051626589024], [-118.582888383978, 34.2051775784941], [-118.578182438988, 34.1984340759291]]]}}, {"type": "Feature", "properties": {"OBJECTID": 499, "GRID_ID": "E-11", "has_data": true}, "geometry": {"type": "Polygon", "coordinates": [[[-118.564096594821, 34.191703868112], [-118.568772804677, 34.1849465034108], [-118.578152709243, 34.1849326659257], [-118.582857896954, 34.1916761864399], [-118.578182438988, 34.1984340759291], [-118.568801039625, 34.1984479201151], [-118.564096594821, 34.191703868112]]]}}, {"type": "Feature", "properties": {"OBJECTID": 501, "GRID_ID": "F-11", "has_data": true}, "geometry": {"type": "Polygon", "coordinates": [[[-118.550038242696, 34.1984734671756], [-118.554715942857, 34.1917166382065], [-118.564096594821, 34.191703868112], [-118.568801039625, 34.1984479201151], [-118.564124091354, 34.2052052743071], [-118.554741943694, 34.2052180505292], [-118.550038242696, 34.1984734671756]]]}}, {"type": "Feature", "properties": {"OBJECTID": 502, "GRID_ID": "G-11", "has_data": true}, "geometry": {"type": "Polygon", "coordinates": [[[-118.535954642521, 34.1917400361712], [-118.540633093673, 34.1849837325585], [-118.55001299824, 34.1849720367269], [-118.554715942857, 34.1917166382065], [-118.550038242696, 34.1984734671756], [-118.540656844231, 34.1984851685648], [-118.535954642521, 34.1917400361712]]]}}, {"type": "Feature", "properties": {"OBJECTID": 503, "GRID_ID": "H-11", "has_data": true}, "geometry": {"type": "Polygon", "coordinates": [[[-118.521894049099, 34.1985064307777], [-118.526573991455, 34.191750664785], [-118.535954642521, 34.1917400361712], [-118.540656844231, 34.1984851685648], [-118.535977652867, 34.205241460349], [-118.526595506106, 34.2052520939473], [-118.521894049099, 34.1985064307777]]]}}, {"type": "Feature", "properties": {"OBJECTID": 516, "GRID_ID": "I-11", "has_data": true}, "geometry": {"type": "Polygon", "coordinates": [[[-118.507812692017, 34.1917697790477], [-118.512493385365, 34.1850145389803], [-118.521873289033, 34.1850049840565], [-118.526573991455, 34.191750664785], [-118.521894049099, 34.1985064307777], [-118.512512650634, 34.1985159901158], [-118.507812692017, 34.1917697790477]]]}}, {"type": "Feature", "properties": {"OBJECTID": 517, "GRID_ID": "J-11", "has_data": true}, "geometry": {"type": "Polygon", "coordinates": [[[-118.493749855502, 34.1985329674858], [-118.498432041849, 34.1917782654401], [-118.507812692017, 34.1917697790477], [-118.512512650634, 34.1985159901158], [-118.507831216177, 34.2052712185221], [-118.498449070314, 34.2052797094991], [-118.493749855502, 34.1985329674858]]]}}, {"type": "Feature", "properties": {"OBJECTID": 518, "GRID_ID": "K-11", "has_data": true}, "geometry": {"type": "Polygon", "coordinates": [[[-118.479670742412, 34.1917930967481], [-118.484353677954, 34.185038921197], [-118.493733579826, 34.1850315071787], [-118.498432041849, 34.1917782654401], [-118.493749855502, 34.1985329674858], [-118.484368458834, 34.1985403855182], [-118.479670742412, 34.1917930967481]]]}}, {"type": "Feature", "properties": {"OBJECTID": 523, "GRID_ID": "L-11", "has_data": true}, "geometry": {"type": "Polygon", "coordinates": [[[-118.4656056646, 34.1985530780492], [-118.470290093142, 34.1917994416641], [-118.479670742412, 34.1917930967481], [-118.484368458834, 34.1985403855182], [-118.479684780385, 34.2052945480904], [-118.47030263542, 34.2053008957051], [-118.4656056646, 34.1985530780492]]]}}, {"type": "Feature", "properties": {"OBJECTID": 527, "GRID_ID": "M-11", "has_data": true}, "geometry": {"type": "Polygon", "coordinates": [[[-118.451528794603, 34.1918099892778], [-118.45621397234, 34.1850568799572], [-118.465593874212, 34.185051607586], [-118.470290093142, 34.1917994416641], [-118.4656056646, 34.1985530780492], [-118.45622426883, 34.1985583532914], [-118.451528794603, 34.1918099892778]]]}}, {"type": "Feature", "properties": {"OBJECTID": 533, "GRID_ID": "N-11", "has_data": true}, "geometry": {"type": "Polygon", "coordinates": [[[-118.437461475494, 34.1985667617294], [-118.442148146232, 34.1918141927188], [-118.451528794603, 34.1918099892778], [-118.45622426883, 34.1985583532914], [-118.45153834639, 34.2053114490592], [-118.442156202323, 34.205315654056], [-118.437461475494, 34.1985667617294]]]}}, {"type": "Feature", "properties": {"OBJECTID": 535, "GRID_ID": "O-11", "has_data": true}, "geometry": {"type": "Polygon", "coordinates": [[[-118.423386848591, 34.1918204573837], [-118.428074267625, 34.1850684152651], [-118.437454168598, 34.1850652837966], [-118.442148146232, 34.1918141927188], [-118.437461475494, 34.1985667617294], [-118.428080078827, 34.1985698941826], [-118.423386848591, 34.1918204573837]]]}}, {"type": "Feature", "properties": {"OBJECTID": 537, "GRID_ID": "P-11", "has_data": true}, "geometry": {"type": "Polygon", "coordinates": [[[-118.409317286389, 34.1985740177866], [-118.41400620022, 34.1918225186077], [-118.423386848591, 34.1918204573837], [-118.428080078827, 34.1985698941826], [-118.423391913293, 34.2053219214324], [-118.414009770125, 34.2053239838122], [-118.409317286389, 34.1985740177866]]]}}, {"type": "Feature", "properties": {"OBJECTID": 542, "GRID_ID": "Q-11", "has_data": true}, "geometry": {"type": "Polygon", "coordinates": [[[-118.395244901681, 34.1918244995821], [-118.399934563808, 34.1850735271233], [-118.409314464781, 34.1850725373], [-118.41400620022, 34.1918225186077], [-118.409317286389, 34.1985740177866], [-118.399935889721, 34.1985750089375], [-118.395244901681, 34.1918244995821]]]}}, {"type": "Feature", "properties": {"OBJECTID": 549, "GRID_ID": "R-11", "has_data": true}, "geometry": {"type": "Polygon", "coordinates": [[[-118.381173097284, 34.1985748477083], [-118.385864253309, 34.1918244185896], [-118.395244901681, 34.1918244995821], [-118.399935889721, 34.1985750089375], [-118.395245481094, 34.2053259659553], [-118.385863337926, 34.2053258857186], [-118.381173097284, 34.1985748477083]]]}}, {"type": "Feature", "properties": {"OBJECTID": 551, "GRID_ID": "S-11", "has_data": true}, "geometry": {"type": "Polygon", "coordinates": [[[-118.367102955668, 34.191822116617], [-118.371794859092, 34.185072215533], [-118.381174760065, 34.1850733666114], [-118.385864253309, 34.1918244185896], [-118.381173097284, 34.1985748477083], [-118.371791701514, 34.1985736960712], [-118.367102955668, 34.191822116617]]]}}, {"type": "Feature", "properties": {"OBJECTID": 552, "GRID_ID": "T-11", "has_data": true}, "geometry": {"type": "Polygon", "coordinates": [[[-118.353028908178, 34.1985692507518], [-118.357722307297, 34.1918198941509], [-118.367102955668, 34.191822116617], [-118.371791701514, 34.1985736960712], [-118.367099048895, 34.2053235818859], [-118.357716904829, 34.2053213582898], [-118.353028908178, 34.1985692507518]]]}}, {"type": "Feature", "properties": {"OBJECTID": 554, "GRID_ID": "U-11", "has_data": true}, "geometry": {"type": "Polygon", "coordinates": [[[-118.338961009656, 34.1918133084878], [-118.343655155275, 34.1850644804939], [-118.353035056248, 34.1850677724744], [-118.357722307297, 34.1918198941509], [-118.353028908178, 34.1985692507518], [-118.343647512409, 34.1985659570694], [-118.338961009656, 34.1918133084878]]]}}, {"type": "Feature", "properties": {"OBJECTID": 555, "GRID_ID": "A-10", "has_data": true}, "geometry": {"type": "Polygon", "coordinates": [[[-118.620416975514, 34.205113615611], [-118.625089439395, 34.1983541432268], [-118.634470839656, 34.1983360141804], [-118.639181273528, 34.2050773485345], [-118.634509564232, 34.2118373441315], [-118.625126667377, 34.2118554821604], [-118.620416975514, 34.205113615611]]]}}, {"type": "Feature", "properties": {"OBJECTID": 557, "GRID_ID": "B-10", "has_data": true}, "geometry": {"type": "Polygon", "coordinates": [[[-118.606360874567, 34.211889615014], [-118.611034827854, 34.2051306778328], [-118.620416975514, 34.205113615611], [-118.625126667377, 34.2118554821604], [-118.620453468674, 34.2186149444747], [-118.611069824421, 34.2186320151053], [-118.606360874567, 34.211889615014]]]}}, {"type": "Feature", "properties": {"OBJECTID": 559, "GRID_ID": "C-10", "has_data": true}, "geometry": {"type": "Polygon", "coordinates": [[[-118.592270531637, 34.2051626589024], [-118.596945237713, 34.198404245501], [-118.606326637974, 34.1983882585152], [-118.611034827854, 34.2051306778328], [-118.606360874567, 34.211889615014], [-118.59697797861, 34.2119056098396], [-118.592270531637, 34.2051626589024]]]}}, {"type": "Feature", "properties": {"OBJECTID": 568, "GRID_ID": "D-10", "has_data": true}, "geometry": {"type": "Polygon", "coordinates": [[[-118.578212188495, 34.2119354555475], [-118.582888383978, 34.2051775784941], [-118.592270531637, 34.2051626589024], [-118.59697797861, 34.2119056098396], [-118.592302535916, 34.2186640125932], [-118.582918891663, 34.2186789394514], [-118.578212188495, 34.2119354555475]]]}}, {"type": "Feature", "properties": {"OBJECTID": 570, "GRID_ID": "E-10", "has_data": true}, "geometry": {"type": "Polygon", "coordinates": [[[-118.564124091354, 34.2052052743071], [-118.568801039625, 34.1984479201151], [-118.578182438988, 34.1984340759291], [-118.582888383978, 34.2051775784941], [-118.578212188495, 34.2119354555475], [-118.568829292539, 34.2119493071736], [-118.564124091354, 34.2052052743071]]]}}, {"type": "Feature", "properties": {"OBJECTID": 572, "GRID_ID": "F-10", "has_data": true}, "geometry": {"type": "Polygon", "coordinates": [[[-118.55006350422, 34.2119748664857], [-118.554741943694, 34.2052180505292], [-118.564124091354, 34.2052052743071], [-118.568829292539, 34.2119493071736], [-118.564151605853, 34.2187066493978], [-118.554767962498, 34.218719431744], [-118.55006350422, 34.2119748664857]]]}}, {"type": "Feature", "properties": {"OBJECTID": 574, "GRID_ID": "G-10", "has_data": true}, "geometry": {"type": "Polygon", "coordinates": [[[-118.535977652867, 34.205241460349], [-118.540656844231, 34.1984851685648], [-118.550038242696, 34.1984734671756], [-118.554741943694, 34.2052180505292], [-118.55006350422, 34.2119748664857], [-118.54068061006, 34.2119865741724], [-118.535977652867, 34.205241460349]]]}}, {"type": "Feature", "properties": {"OBJECTID": 576, "GRID_ID": "H-10", "has_data": true}, "geometry": {"type": "Polygon", "coordinates": [[[-118.52191482264, 34.2120078470944], [-118.526595506106, 34.2052520939473], [-118.535977652867, 34.205241460349], [-118.54068061006, 34.2119865741724], [-118.536000678484, 34.2187428534126], [-118.52661703513, 34.2187534927355], [-118.52191482264, 34.2120078470944]]]}}, {"type": "Feature", "properties": {"OBJECTID": 1, "GRID_ID": "I-10", "has_data": true}, "geometry": {"type": "Polygon", "coordinates": [[[-118.507831216177, 34.2052712185221], [-118.512512650634, 34.1985159901158], [-118.521894049099, 34.1985064307777], [-118.526595506106, 34.2052520939473], [-118.52191482264, 34.2120078470944], [-118.51253192848, 34.2120174115874], [-118.507831216177, 34.2052712185221]]]}}, {"type": "Feature", "properties": {"OBJECTID": 2, "GRID_ID": "J-10", "has_data": true}, "geometry": {"type": "Polygon", "coordinates": [[[-118.493766141958, 34.2120343973814], [-118.498449070314, 34.2052797094991], [-118.507831216177, 34.2052712185221], [-118.51253192848, 34.2120174115874], [-118.507849752913, 34.2187726268743], [-118.498466110456, 34.2187811216907], [-118.493766141958, 34.2120343973814]]]}}, {"type": "Feature", "properties": {"OBJECTID": 3, "GRID_ID": "K-10", "has_data": true}, "geometry": {"type": "Polygon", "coordinates": [[[-118.479684780385, 34.2052945480904], [-118.484368458834, 34.1985403855182], [-118.493749855502, 34.1985329674858], [-118.498449070314, 34.2052797094991], [-118.493766141958, 34.2120343973814], [-118.484383249595, 34.2120418186828], [-118.479684780385, 34.2052945480904]]]}}, {"type": "Feature", "properties": {"OBJECTID": 4, "GRID_ID": "L-10", "has_data": true}, "geometry": {"type": "Polygon", "coordinates": [[[-118.465617463073, 34.2120545173526], [-118.47030263542, 34.2053008957051], [-118.479684780385, 34.2052945480904], [-118.484383249595, 34.2120418186828], [-118.479698827341, 34.2187959683043], [-118.470315186681, 34.2188023193589], [-118.465617463073, 34.2120545173526]]]}}, {"type": "Feature", "properties": {"OBJECTID": 6, "GRID_ID": "M-10", "has_data": true}, "geometry": {"type": "Polygon", "coordinates": [[[-118.45153834639, 34.2053114490592], [-118.45622426883, 34.1985583532914], [-118.4656056646, 34.1985530780492], [-118.47030263542, 34.2053008957051], [-118.465617463073, 34.2120545173526], [-118.456234571608, 34.2120597954642], [-118.45153834639, 34.2053114490592]]]}}, {"type": "Feature", "properties": {"OBJECTID": 8, "GRID_ID": "N-10", "has_data": true}, "geometry": {"type": "Polygon", "coordinates": [[[-118.437468785984, 34.2120682077557], [-118.442156202323, 34.205315654056], [-118.45153834639, 34.2053114490592], [-118.456234571608, 34.2120597954642], [-118.451547904464, 34.2188128777077], [-118.442164263805, 34.218817085002], [-118.437468785984, 34.2120682077557]]]}}, {"type": "Feature", "properties": {"OBJECTID": 13, "GRID_ID": "O-10", "has_data": true}, "geometry": {"type": "Polygon", "coordinates": [[[-118.423391913293, 34.2053219214324], [-118.428080078827, 34.1985698941826], [-118.437461475494, 34.1985667617294], [-118.442156202323, 34.205315654056], [-118.437468785984, 34.2120682077557], [-118.42808589452, 34.2120713426786], [-118.423391913293, 34.2053219214324]]]}}, {"type": "Feature", "properties": {"OBJECTID": 15, "GRID_ID": "P-10", "has_data": true}, "geometry": {"type": "Polygon", "coordinates": [[[-118.409320108896, 34.2120754685937], [-118.414009770125, 34.2053239838122], [-118.423391913293, 34.2053219214324], [-118.42808589452, 34.2120713426786], [-118.423396982486, 34.2188233558313], [-118.414013342725, 34.2188254193663], [-118.409320108896, 34.2120754685937]]]}}, {"type": "Feature", "properties": {"OBJECTID": 16, "GRID_ID": "Q-10", "has_data": true}, "geometry": {"type": "Polygon", "coordinates": [[[-118.395245481094, 34.2053259659553], [-118.399935889721, 34.1985750089375], [-118.409317286389, 34.1985740177866], [-118.414009770125, 34.2053239838122], [-118.409320108896, 34.2120754685937], [-118.399937217431, 34.2120764595858], [-118.395245481094, 34.2053259659553]]]}}, {"type": "Feature", "properties": {"OBJECTID": 17, "GRID_ID": "R-10", "has_data": true}, "geometry": {"type": "Polygon", "coordinates": [[[-118.381171432706, 34.2120762983824], [-118.385863337926, 34.2053258857186], [-118.395245481094, 34.2053259659553], [-118.399937217431, 34.2120764595858], [-118.395246060507, 34.2188274019346], [-118.385862420746, 34.2188273217108], [-118.381171432706, 34.2120762983824]]]}}, {"type": "Feature", "properties": {"OBJECTID": 29, "GRID_ID": "S-10", "has_data": true}, "geometry": {"type": "Polygon", "coordinates": [[[-118.367099048895, 34.2053235818859], [-118.371791701514, 34.1985736960712], [-118.381173097284, 34.1985748477083], [-118.385863337926, 34.2053258857186], [-118.381171432706, 34.2120762983824], [-118.371788541241, 34.2120751461869], [-118.367099048895, 34.2053235818859]]]}}, {"type": "Feature", "properties": {"OBJECTID": 30, "GRID_ID": "T-10", "has_data": true}, "geometry": {"type": "Polygon", "coordinates": [[[-118.353022756515, 34.212070698608], [-118.357716904829, 34.2053213582898], [-118.367099048895, 34.2053235818859], [-118.371788541241, 34.2120751461869], [-118.367095139427, 34.2188250167616], [-118.357711498768, 34.218822792036], [-118.353022756515, 34.212070698608]]]}}, {"type": "Feature", "properties": {"OBJECTID": 31, "GRID_ID": "U-10", "has_data": true}, "geometry": {"type": "Polygon", "coordinates": [[[-118.338952616697, 34.2053147692236], [-118.343647512409, 34.1985659570694], [-118.353028908178, 34.1985692507518], [-118.357716904829, 34.2053213582898], [-118.353022756515, 34.212070698608], [-118.343639864152, 34.2120674032245], [-118.338952616697, 34.2053147692236]]]}}, {"type": "Feature", "properties": {"OBJECTID": 32, "GRID_ID": "A-9", "has_data": true}, "geometry": {"type": "Polygon", "coordinates": [[[-118.620453468674, 34.2186149444747], [-118.625126667377, 34.2118554821604], [-118.634509564232, 34.2118373441315], [-118.639220758976, 34.2185786594382], [-118.634548314858, 34.2253386452677], [-118.62516392141, 34.2253567922741], [-118.620453468674, 34.2186149444747]]]}}, {"type": "Feature", "properties": {"OBJECTID": 33, "GRID_ID": "B-9", "has_data": true}, "geometry": {"type": "Polygon", "coordinates": [[[-118.606395134515, 34.2253909426836], [-118.611069824421, 34.2186320151053], [-118.620453468674, 34.2186149444747], [-118.62516392141, 34.2253567922741], [-118.620489986089, 34.2321162445445], [-118.611104844344, 34.2321333235794], [-118.606395134515, 34.2253909426836]]]}}, {"type": "Feature", "properties": {"OBJECTID": 34, "GRID_ID": "C-9", "has_data": true}, "geometry": {"type": "Polygon", "coordinates": [[[-118.592302535916, 34.2186640125932], [-118.59697797861, 34.2119056098396], [-118.606360874567, 34.211889615014], [-118.611069824421, 34.2186320151053], [-118.606395134515, 34.2253909426836], [-118.597010741067, 34.2254069453447], [-118.592302535916, 34.2186640125932]]]}}, {"type": "Feature", "properties": {"OBJECTID": 40, "GRID_ID": "D-9", "has_data": true}, "geometry": {"type": "Polygon", "coordinates": [[[-118.578241957765, 34.2254368063245], [-118.582918891663, 34.2186789394514], [-118.592302535916, 34.2186640125932], [-118.597010741067, 34.2254069453447], [-118.592334560856, 34.2321653374768], [-118.582949419111, 34.2321802715975], [-118.578241957765, 34.2254368063245]]]}}, {"type": "Feature", "properties": {"OBJECTID": 41, "GRID_ID": "E-9", "has_data": true}, "geometry": {"type": "Polygon", "coordinates": [[[-118.564151605853, 34.2187066493978], [-118.568829292539, 34.2119493071736], [-118.578212188495, 34.2119354555475], [-118.582918891663, 34.2186789394514], [-118.578241957765, 34.2254368063245], [-118.568857565216, 34.225450664644], [-118.564151605853, 34.2187066493978]]]}}, {"type": "Feature", "properties": {"OBJECTID": 42, "GRID_ID": "F-9", "has_data": true}, "geometry": {"type": "Polygon", "coordinates": [[[-118.550088782812, 34.2254762369437], [-118.554767962498, 34.218719431744], [-118.564151605853, 34.2187066493978], [-118.568857565216, 34.225450664644], [-118.564179138318, 34.2322079949272], [-118.554793997472, 34.232220784137], [-118.550088782812, 34.2254762369437]]]}}, {"type": "Feature", "properties": {"OBJECTID": 43, "GRID_ID": "G-9", "has_data": true}, "geometry": {"type": "Polygon", "coordinates": [[[-118.536000678484, 34.2187428534126], [-118.54068061006, 34.2119865741724], [-118.55006350422, 34.2119748664857], [-118.554767962498, 34.218719431744], [-118.550088782812, 34.2254762369437], [-118.540704391161, 34.2254879509247], [-118.536000678484, 34.2187428534126]]]}}, {"type": "Feature", "properties": {"OBJECTID": 44, "GRID_ID": "H-9", "has_data": true}, "geometry": {"type": "Polygon", "coordinates": [[[-118.521935610554, 34.2255092338075], [-118.52661703513, 34.2187534927355], [-118.536000678484, 34.2187428534126], [-118.540704391161, 34.2254879509247], [-118.536023719373, 34.2322442183907], [-118.526638578527, 34.2322548626925], [-118.521935610554, 34.2255092338075]]]}}, {"type": "Feature", "properties": {"OBJECTID": 46, "GRID_ID": "I-9", "has_data": true}, "geometry": {"type": "Polygon", "coordinates": [[[-118.507849752913, 34.2187726268743], [-118.51253192848, 34.2120174115874], [-118.52191482264, 34.2120078470944], [-118.52661703513, 34.2187534927355], [-118.521935610554, 34.2255092338075], [-118.512551219801, 34.2255188034526], [-118.507849752913, 34.2187726268743]]]}}, {"type": "Feature", "properties": {"OBJECTID": 47, "GRID_ID": "J-9", "has_data": true}, "geometry": {"type": "Polygon", "coordinates": [[[-118.493782439194, 34.225535797666], [-118.498466110456, 34.2187811216907], [-118.507849752913, 34.2187726268743], [-118.512551219801, 34.2255188034526], [-118.507868301327, 34.2322740063903], [-118.498483161379, 34.2322825057867], [-118.493782439194, 34.225535797666]]]}}, {"type": "Feature", "properties": {"OBJECTID": 48, "GRID_ID": "K-9", "has_data": true}, "geometry": {"type": "Polygon", "coordinates": [[[-118.479698827341, 34.2187959683043], [-118.484383249595, 34.2120418186828], [-118.493766141958, 34.2120343973814], [-118.498466110456, 34.2187811216907], [-118.493782439194, 34.225535797666], [-118.484398049339, 34.2255432229775], [-118.479698827341, 34.2187959683043]]]}}, {"type": "Feature", "properties": {"OBJECTID": 49, "GRID_ID": "L-9", "has_data": true}, "geometry": {"type": "Polygon", "coordinates": [[[-118.465629269631, 34.2255559285255], [-118.470315186681, 34.2188023193589], [-118.479698827341, 34.2187959683043], [-118.484398049339, 34.2255432229775], [-118.479712884178, 34.2322973596755], [-118.470327746027, 34.2323037134257], [-118.465629269631, 34.2255559285255]]]}}, {"type": "Feature", "properties": {"OBJECTID": 53, "GRID_ID": "M-9", "has_data": true}, "geometry": {"type": "Polygon", "coordinates": [[[-118.451547904464, 34.2188128777077], [-118.456234571608, 34.2120597954642], [-118.465617463073, 34.2120545173526], [-118.470315186681, 34.2188023193589], [-118.465629269631, 34.2255559285255], [-118.456244880674, 34.2255612087623], [-118.451547904464, 34.2188128777077]]]}}, {"type": "Feature", "properties": {"OBJECTID": 54, "GRID_ID": "N-9", "has_data": true}, "geometry": {"type": "Polygon", "coordinates": [[[-118.437476101864, 34.2255696256478], [-118.442164263805, 34.218817085002], [-118.451547904464, 34.2188128777077], [-118.456244880674, 34.2255612087623], [-118.451557468827, 34.2323142775091], [-118.442172331574, 34.2323184870999], [-118.437476101864, 34.2255696256478]]]}}, {"type": "Feature", "properties": {"OBJECTID": 67, "GRID_ID": "O-9", "has_data": true}, "geometry": {"type": "Polygon", "coordinates": [[[-118.423396982486, 34.2188233558313], [-118.42808589452, 34.2120713426786], [-118.437468785984, 34.2120682077557], [-118.442164263805, 34.218817085002], [-118.437476101864, 34.2255696256478], [-118.428091712908, 34.2255727622967], [-118.423396982486, 34.2188233558313]]]}}, {"type": "Feature", "properties": {"OBJECTID": 68, "GRID_ID": "P-9", "has_data": true}, "geometry": {"type": "Polygon", "coordinates": [[[-118.409322934097, 34.2255768897788], [-118.414013342725, 34.2188254193663], [-118.423396982486, 34.2188233558313], [-118.428091712908, 34.2255727622967], [-118.423402054374, 34.2323247606375], [-118.414016917121, 34.2323268253271], [-118.409322934097, 34.2255768897788]]]}}, {"type": "Feature", "properties": {"OBJECTID": 69, "GRID_ID": "Q-9", "has_data": true}, "geometry": {"type": "Polygon", "coordinates": [[[-118.395246060507, 34.2188274019346], [-118.399937217431, 34.2120764595858], [-118.409320108896, 34.2120754685937], [-118.414013342725, 34.2188254193663], [-118.409322934097, 34.2255768897788], [-118.39993854604, 34.2255778813549], [-118.395246060507, 34.2188274019346]]]}}, {"type": "Feature", "properties": {"OBJECTID": 73, "GRID_ID": "R-9", "has_data": true}, "geometry": {"type": "Polygon", "coordinates": [[[-118.381169767229, 34.2255777201773], [-118.385862420746, 34.2188273217108], [-118.395246060507, 34.2188274019346], [-118.39993854604, 34.2255778813549], [-118.395246640819, 34.2323288090631], [-118.385861503566, 34.2323287288521], [-118.381169767229, 34.2255777201773]]]}}, {"type": "Feature", "properties": {"OBJECTID": 79, "GRID_ID": "S-9", "has_data": true}, "geometry": {"type": "Polygon", "coordinates": [[[-118.367095139427, 34.2188250167616], [-118.371788541241, 34.2120751461869], [-118.381171432706, 34.2120762983824], [-118.385862420746, 34.2188273217108], [-118.381169767229, 34.2255777201773], [-118.371785378273, 34.2255765674237], [-118.367095139427, 34.2188250167616]]]}}, {"type": "Feature", "properties": {"OBJECTID": 88, "GRID_ID": "T-9", "has_data": true}, "geometry": {"type": "Polygon", "coordinates": [[[-118.353016600361, 34.2255721175865], [-118.357711498768, 34.218822792036], [-118.367095139427, 34.2188250167616], [-118.371785378273, 34.2255765674237], [-118.367091227264, 34.2323264227869], [-118.357706090011, 34.2323241969326], [-118.353016600361, 34.2255721175865]]]}}, {"type": "Feature", "properties": {"OBJECTID": 92, "GRID_ID": "U-9", "has_data": true}, "geometry": {"type": "Polygon", "coordinates": [[[-118.338944217449, 34.2188161995686], [-118.343639864152, 34.2120674032245], [-118.353022756515, 34.212070698608], [-118.357711498768, 34.218822792036], [-118.353016600361, 34.2255721175865], [-118.343632211405, 34.2255688205028], [-118.338944217449, 34.2188161995686]]]}}, {"type": "Feature", "properties": {"OBJECTID": 93, "GRID_ID": "B-8", "has_data": true}, "geometry": {"type": "Polygon", "coordinates": [[[-118.606429416921, 34.2388922393524], [-118.611104844344, 34.2321333235794], [-118.620489986089, 34.2321162445445], [-118.625201199698, 34.2388580721389], [-118.62052652686, 34.2456175136484], [-118.611139887624, 34.2456346010831], [-118.606429416921, 34.2388922393524]]]}}, {"type": "Feature", "properties": {"OBJECTID": 94, "GRID_ID": "C-8", "has_data": true}, "geometry": {"type": "Polygon", "coordinates": [[[-118.592334560856, 34.2321653374768], [-118.597010741067, 34.2254069453447], [-118.606395134515, 34.2253909426836], [-118.611104844344, 34.2321333235794], [-118.606429416921, 34.2388922393524], [-118.597043525982, 34.2389082505875], [-118.592334560856, 34.2321653374768]]]}}, {"type": "Feature", "properties": {"OBJECTID": 98, "GRID_ID": "D-8", "has_data": true}, "geometry": {"type": "Polygon", "coordinates": [[[-118.578271746798, 34.2389381260884], [-118.582949419111, 34.2321802715975], [-118.592334560856, 34.2321653374768], [-118.597043525982, 34.2389082505875], [-118.592366607355, 34.2456666313814], [-118.582979967221, 34.2456815727606], [-118.578271746798, 34.2389381260884]]]}}, {"type": "Feature", "properties": {"OBJECTID": 104, "GRID_ID": "E-8", "has_data": true}, "geometry": {"type": "Polygon", "coordinates": [[[-118.564179138318, 34.2322079949272], [-118.568857565216, 34.225450664644], [-118.578241957765, 34.2254368063245], [-118.582949419111, 34.2321802715975], [-118.578271746798, 34.2389381260884], [-118.568885855859, 34.2389519918403], [-118.564179138318, 34.2322079949272]]]}}, {"type": "Feature", "properties": {"OBJECTID": 107, "GRID_ID": "F-8", "has_data": true}, "geometry": {"type": "Polygon", "coordinates": [[[-118.550114078472, 34.2389775771208], [-118.554793997472, 34.232220784137], [-118.564179138318, 34.2322079949272], [-118.568885855859, 34.2389519918403], [-118.564206689648, 34.2457093109515], [-118.554820050412, 34.2457221062787], [-118.550114078472, 34.2389775771208]]]}}, {"type": "Feature", "properties": {"OBJECTID": 111, "GRID_ID": "G-8", "has_data": true}, "geometry": {"type": "Polygon", "coordinates": [[[-118.536023719373, 34.2322442183907], [-118.540704391161, 34.2254879509247], [-118.550088782812, 34.2254762369437], [-118.554793997472, 34.232220784137], [-118.550114078472, 34.2389775771208], [-118.540728188431, 34.2389892966501], [-118.536023719373, 34.2322442183907]]]}}, {"type": "Feature", "properties": {"OBJECTID": 114, "GRID_ID": "H-8", "has_data": true}, "geometry": {"type": "Polygon", "coordinates": [[[-118.521956412841, 34.2390105909734], [-118.526638578527, 34.2322548626925], [-118.536023719373, 34.2322442183907], [-118.540728188431, 34.2389892966501], [-118.536046775533, 34.2457455516259], [-118.526660136297, 34.2457562016466], [-118.521956412841, 34.2390105909734]]]}}, {"type": "Feature", "properties": {"OBJECTID": 116, "GRID_ID": "I-8", "has_data": true}, "geometry": {"type": "Polygon", "coordinates": [[[-118.507868301327, 34.2322740063903], [-118.512551219801, 34.2255188034526], [-118.521935610554, 34.2255092338075], [-118.526638578527, 34.2322548626925], [-118.521956412841, 34.2390105909734], [-118.512570523698, 34.2390201650254], [-118.507868301327, 34.2322740063903]]]}}, {"type": "Feature", "properties": {"OBJECTID": 119, "GRID_ID": "J-8", "has_data": true}, "geometry": {"type": "Polygon", "coordinates": [[[-118.49379874721, 34.2390371676538], [-118.498483161379, 34.2322825057867], [-118.507868301327, 34.2322740063903], [-118.512570523698, 34.2390201650254], [-118.507886862317, 34.2457753548982], [-118.498500223979, 34.2457838588721], [-118.49379874721, 34.2390371676538]]]}}, {"type": "Feature", "properties": {"OBJECTID": 122, "GRID_ID": "K-8", "has_data": true}, "geometry": {"type": "Polygon", "coordinates": [[[-118.479712884178, 34.2322973596755], [-118.484398049339, 34.2255432229775], [-118.493782439194, 34.225535797666], [-118.498483161379, 34.2322825057867], [-118.49379874721, 34.2390371676538], [-118.484412859864, 34.2390445969733], [-118.479712884178, 34.2322973596755]]]}}, {"type": "Feature", "properties": {"OBJECTID": 127, "GRID_ID": "L-8", "has_data": true}, "geometry": {"type": "Polygon", "coordinates": [[[-118.465641084273, 34.2390573086533], [-118.470327746027, 34.2323037134257], [-118.479712884178, 34.2322973596755], [-118.484412859864, 34.2390445969733], [-118.479726949999, 34.2457987200324], [-118.470340313458, 34.2458050772191], [-118.465641084273, 34.2390573086533]]]}}, {"type": "Feature", "properties": {"OBJECTID": 129, "GRID_ID": "M-8", "has_data": true}, "geometry": {"type": "Polygon", "coordinates": [[[-118.451557468827, 34.2323142775091], [-118.456244880674, 34.2255612087623], [-118.465629269631, 34.2255559285255], [-118.470327746027, 34.2323037134257], [-118.465641084273, 34.2390573086533], [-118.456255197825, 34.2390625917567], [-118.451557468827, 34.2323142775091]]]}}, {"type": "Feature", "properties": {"OBJECTID": 131, "GRID_ID": "N-8", "has_data": true}, "geometry": {"type": "Polygon", "coordinates": [[[-118.437483423134, 34.2390710132338], [-118.442172331574, 34.2323184870999], [-118.451557468827, 34.2323142775091], [-118.456255197825, 34.2390625917567], [-118.451567039478, 34.2458156470341], [-118.442180403835, 34.2458198581775], [-118.437483423134, 34.2390710132338]]]}}, {"type": "Feature", "properties": {"OBJECTID": 134, "GRID_ID": "O-8", "has_data": true}, "geometry": {"type": "Polygon", "coordinates": [[[-118.423402054374, 34.2323247606375], [-118.428091712908, 34.2255727622967], [-118.437476101864, 34.2255696256478], [-118.442172331574, 34.2323184870999], [-118.437483423134, 34.2390710132338], [-118.428097535787, 34.2390741508651], [-118.423402054374, 34.2323247606375]]]}}, {"type": "Feature", "properties": {"OBJECTID": 135, "GRID_ID": "P-8", "has_data": true}, "geometry": {"type": "Polygon", "coordinates": [[[-118.409325761994, 34.2390782806559], [-118.414016917121, 34.2323268253271], [-118.423402054374, 34.2323247606375], [-118.428097535787, 34.2390741508651], [-118.423407130753, 34.2458261351645], [-118.414020494213, 34.2458282010083], [-118.409325761994, 34.2390782806559]]]}}, {"type": "Feature", "properties": {"OBJECTID": 137, "GRID_ID": "Q-8", "has_data": true}, "geometry": {"type": "Polygon", "coordinates": [[[-118.395246640819, 34.2323288090631], [-118.39993854604, 34.2255778813549], [-118.409322934097, 34.2255768897788], [-118.414016917121, 34.2323268253271], [-118.409325761994, 34.2390782806559], [-118.399939874648, 34.2390792728158], [-118.395246640819, 34.2323288090631]]]}}, {"type": "Feature", "properties": {"OBJECTID": 140, "GRID_ID": "R-8", "has_data": true}, "geometry": {"type": "Polygon", "coordinates": [[[-118.381168100854, 34.239079111664], [-118.385861503566, 34.2323287288521], [-118.395246640819, 34.2323288090631], [-118.399939874648, 34.2390792728158], [-118.395247221131, 34.2458301859112], [-118.385860585488, 34.2458301049706], [-118.381168100854, 34.239079111664]]]}}, {"type": "Feature", "properties": {"OBJECTID": 142, "GRID_ID": "S-8", "has_data": true}, "geometry": {"type": "Polygon", "coordinates": [[[-118.367091227264, 34.2323264227869], [-118.371785378273, 34.2255765674237], [-118.381169767229, 34.2255777201773], [-118.385861503566, 34.2323287288521], [-118.381168100854, 34.239079111664], [-118.371782214406, 34.2390779583526], [-118.367091227264, 34.2323264227869]]]}}, {"type": "Feature", "properties": {"OBJECTID": 153, "GRID_ID": "T-8", "has_data": true}, "geometry": {"type": "Polygon", "coordinates": [[[-118.353010439714, 34.2390735062582], [-118.357706090011, 34.2323241969326], [-118.367091227264, 34.2323264227869], [-118.371782214406, 34.2390779583526], [-118.367087312406, 34.24582779779], [-118.357700676763, 34.2458255715501], [-118.353010439714, 34.2390735062582]]]}}, {"type": "Feature", "properties": {"OBJECTID": 174, "GRID_ID": "Z-8", "has_data": true}, "geometry": {"type": "Polygon", "coordinates": [[[-118.268537451804, 34.2390180707945], [-118.273239843957, 34.2322719929453], [-118.282624983006, 34.2322806535066], [-118.287309228292, 34.2390353957269], [-118.282607582639, 34.2457820054039], [-118.2732209452, 34.2457733410334], [-118.268537451804, 34.2390180707945]]]}}, {"type": "Feature", "properties": {"OBJECTID": 176, "GRID_ID": "C-7", "has_data": true}, "geometry": {"type": "Polygon", "coordinates": [[[-118.592366607355, 34.2456666313814], [-118.597043525982, 34.2389082505875], [-118.606429416921, 34.2388922393524], [-118.611139887624, 34.2456346010831], [-118.606463722684, 34.2523935073044], [-118.597076332456, 34.2524095263665], [-118.592366607355, 34.2456666313814]]]}}, {"type": "Feature", "properties": {"OBJECTID": 182, "GRID_ID": "D-7", "has_data": true}, "geometry": {"type": "Polygon", "coordinates": [[[-118.578301555594, 34.2524394171232], [-118.582979967221, 34.2456815727606], [-118.592366607355, 34.2456666313814], [-118.597076332456, 34.2524095263665], [-118.592398674516, 34.2591678951053], [-118.583010535093, 34.2591828444816], [-118.578301555594, 34.2524394171232]]]}}, {"type": "Feature", "properties": {"OBJECTID": 183, "GRID_ID": "E-7", "has_data": true}, "geometry": {"type": "Polygon", "coordinates": [[[-118.564206689648, 34.2457093109515], [-118.568885855859, 34.2389519918403], [-118.578271746798, 34.2389381260884], [-118.582979967221, 34.2456815727606], [-118.578301555594, 34.2524394171232], [-118.568914166265, 34.2524532895612], [-118.564206689648, 34.2457093109515]]]}}, {"type": "Feature", "properties": {"OBJECTID": 186, "GRID_ID": "I-7", "has_data": true}, "geometry": {"type": "Polygon", "coordinates": [[[-118.507886862317, 34.2457753548982], [-118.512570523698, 34.2390201650254], [-118.521956412841, 34.2390105909734], [-118.526660136297, 34.2457562016466], [-118.521977227704, 34.2525119186482], [-118.512589840172, 34.2525214971045], [-118.507886862317, 34.2457753548982]]]}}, {"type": "Feature", "properties": {"OBJECTID": 189, "GRID_ID": "J-7", "has_data": true}, "geometry": {"type": "Polygon", "coordinates": [[[-118.493815066005, 34.2525385088858], [-118.498500223979, 34.2457838588721], [-118.507886862317, 34.2457753548982], [-118.512589840172, 34.2525214971045], [-118.507905435884, 34.2592766739386], [-118.498517298258, 34.2592851817454], [-118.493815066005, 34.2525385088858]]]}}, {"type": "Feature", "properties": {"OBJECTID": 198, "GRID_ID": "K-7", "has_data": true}, "geometry": {"type": "Polygon", "coordinates": [[[-118.479726949999, 34.2457987200324], [-118.484412859864, 34.2390445969733], [-118.49379874721, 34.2390371676538], [-118.498500223979, 34.2457838588721], [-118.493815066005, 34.2525385088858], [-118.484427680269, 34.2525459414687], [-118.479726949999, 34.2457987200324]]]}}, {"type": "Feature", "properties": {"OBJECTID": 203, "GRID_ID": "L-7", "has_data": true}, "geometry": {"type": "Polygon", "coordinates": [[[-118.465652907001, 34.2525586600198], [-118.470340313458, 34.2458050772191], [-118.479726949999, 34.2457987200324], [-118.484427680269, 34.2525459414687], [-118.479741024803, 34.2593000509157], [-118.470352888974, 34.2593064115371], [-118.465652907001, 34.2525586600198]]]}}, {"type": "Feature", "properties": {"OBJECTID": 209, "GRID_ID": "M-7", "has_data": true}, "geometry": {"type": "Polygon", "coordinates": [[[-118.451567039478, 34.2458156470341], [-118.456255197825, 34.2390625917567], [-118.465641084273, 34.2390573086533], [-118.470340313458, 34.2458050772191], [-118.465652907001, 34.2525586600198], [-118.456265521265, 34.2525639459884], [-118.451567039478, 34.2458156470341]]]}}, {"type": "Feature", "properties": {"OBJECTID": 212, "GRID_ID": "N-7", "has_data": true}, "geometry": {"type": "Polygon", "coordinates": [[[-118.437490747996, 34.2525723713123], [-118.442180403835, 34.2458198581775], [-118.451567039478, 34.2458156470341], [-118.456265521265, 34.2525639459884], [-118.451576616417, 34.2593169863383], [-118.442188481486, 34.259321199776], [-118.437490747996, 34.2525723713123]]]}}, {"type": "Feature", "properties": {"OBJECTID": 215, "GRID_ID": "O-7", "has_data": true}, "geometry": {"type": "Polygon", "coordinates": [[[-118.423407130753, 34.2458261351645], [-118.428097535787, 34.2390741508651], [-118.437483423134, 34.2390710132338], [-118.442180403835, 34.2458198581775], [-118.437490747996, 34.2525723713123], [-118.428103363159, 34.2525755106678], [-118.423407130753, 34.2458261351645]]]}}, {"type": "Feature", "properties": {"OBJECTID": 219, "GRID_ID": "P-7", "has_data": true}, "geometry": {"type": "Polygon", "coordinates": [[[-118.409328590789, 34.2525796427663], [-118.414020494213, 34.2458282010083], [-118.423407130753, 34.2458261351645], [-118.428103363159, 34.2525755106678], [-118.42341220893, 34.2593274802106], [-118.414024073999, 34.2593295464653], [-118.409328590789, 34.2525796427663]]]}}, {"type": "Feature", "properties": {"OBJECTID": 224, "GRID_ID": "Q-7", "has_data": true}, "geometry": {"type": "Polygon", "coordinates": [[[-118.395247221131, 34.2458301859112], [-118.399939874648, 34.2390792728158], [-118.409325761994, 34.2390782806559], [-118.414020494213, 34.2458282010083], [-118.409328590789, 34.2525796427663], [-118.399941205053, 34.2525806355095], [-118.395247221131, 34.2458301859112]]]}}, {"type": "Feature", "properties": {"OBJECTID": 235, "GRID_ID": "R-7", "has_data": true}, "geometry": {"type": "Polygon", "coordinates": [[[-118.381166432683, 34.2525804736411], [-118.385860585488, 34.2458301049706], [-118.395247221131, 34.2458301859112], [-118.399941205053, 34.2525806355095], [-118.395247802341, 34.2593315325347], [-118.385859666511, 34.259331451607], [-118.381166432683, 34.2525804736411]]]}}, {"type": "Feature", "properties": {"OBJECTID": 238, "GRID_ID": "S-7", "has_data": true}, "geometry": {"type": "Polygon", "coordinates": [[[-118.367087312406, 34.24582779779], [-118.371782214406, 34.2390779583526], [-118.381168100854, 34.239079111664], [-118.385860585488, 34.2458301049706], [-118.381166432683, 34.2525804736411], [-118.371779047845, 34.2525793197721], [-118.367087312406, 34.24582779779]]]}}, {"type": "Feature", "properties": {"OBJECTID": 243, "GRID_ID": "V-7", "has_data": true}, "geometry": {"type": "Polygon", "coordinates": [[[-118.324842117369, 34.2525628173647], [-118.329540767141, 34.2458145992606], [-118.338927403682, 34.2458189722854], [-118.343616889739, 34.2525715649405], [-118.338918988264, 34.2593203132835], [-118.329530852435, 34.2593159379905], [-118.324842117369, 34.2525628173647]]]}}, {"type": "Feature", "properties": {"OBJECTID": 246, "GRID_ID": "X-7", "has_data": true}, "geometry": {"type": "Polygon", "coordinates": [[[-118.296679958365, 34.252544329467], [-118.301380856619, 34.2457971888422], [-118.31076749316, 34.2458037079104], [-118.315454731633, 34.2525573702702], [-118.310754579878, 34.2593050409632], [-118.301366444049, 34.2592985192287], [-118.296679958365, 34.252544329467]]]}}, {"type": "Feature", "properties": {"OBJECTID": 255, "GRID_ID": "Y-7", "has_data": true}, "geometry": {"type": "Polygon", "coordinates": [[[-118.282607582639, 34.2457820054039], [-118.287309228292, 34.2390353957269], [-118.296695115638, 34.2390429854556], [-118.301380856619, 34.2457971888422], [-118.296679958365, 34.252544329467], [-118.28729257173, 34.2525367357581], [-118.282607582639, 34.2457820054039]]]}}, {"type": "Feature", "properties": {"OBJECTID": 280, "GRID_ID": "Z-7", "has_data": true}, "geometry": {"type": "Polygon", "coordinates": [[[-118.268517797564, 34.252519402467], [-118.2732209452, 34.2457733410334], [-118.282607582639, 34.2457820054039], [-118.28729257173, 34.2525367357581], [-118.282590170594, 34.2592833278321], [-118.273202033867, 34.2592746589121], [-118.268517797564, 34.252519402467]]]}}, {"type": "Feature", "properties": {"OBJECTID": 288, "GRID_ID": "AA-7", "has_data": true}, "geometry": {"type": "Polygon", "coordinates": [[[-118.254447670321, 34.245753864761], [-118.259151562661, 34.2390083355904], [-118.268537451804, 34.2390180707945], [-118.2732209452, 34.2457733410334], [-118.268517797564, 34.252519402467], [-118.259130410031, 34.2525096621419], [-118.254447670321, 34.245753864761]]]}}, {"type": "Feature", "properties": {"OBJECTID": 308, "GRID_ID": "C-6", "has_data": true}, "geometry": {"type": "Polygon", "coordinates": [[[-118.592398674516, 34.2591678951053], [-118.597076332456, 34.2524095263665], [-118.606463722684, 34.2523935073044], [-118.611174953361, 34.2591358491572], [-118.606498050904, 34.2658947443669], [-118.59710916049, 34.2659107712517], [-118.592398674516, 34.2591678951053]]]}}, {"type": "Feature", "properties": {"OBJECTID": 313, "GRID_ID": "D-6", "has_data": true}, "geometry": {"type": "Polygon", "coordinates": [[[-118.578331384153, 34.2659406779986], [-118.583010535093, 34.2591828444816], [-118.592398674516, 34.2591678951053], [-118.59710916049, 34.2659107712517], [-118.592430764134, 34.2726691301879], [-118.583041124526, 34.2726840875572], [-118.578331384153, 34.2659406779986]]]}}, {"type": "Feature", "properties": {"OBJECTID": 317, "GRID_ID": "E-6", "has_data": true}, "geometry": {"type": "Polygon", "coordinates": [[[-118.564234259842, 34.259210596041], [-118.568914166265, 34.2524532895612], [-118.578301555594, 34.2524394171232], [-118.583010535093, 34.2591828444816], [-118.578331384153, 34.2659406779986], [-118.568942494638, 34.265954557119], [-118.564234259842, 34.259210596041]]]}}, {"type": "Feature", "properties": {"OBJECTID": 320, "GRID_ID": "J-6", "has_data": true}, "geometry": {"type": "Polygon", "coordinates": [[[-118.49383139558, 34.2660398191893], [-118.498517298258, 34.2592851817454], [-118.507905435884, 34.2592766739386], [-118.51260917012, 34.2660227990021], [-118.507924021129, 34.2727779643085], [-118.498534383316, 34.2727864766883], [-118.49383139558, 34.2660398191893]]]}}, {"type": "Feature", "properties": {"OBJECTID": 323, "GRID_ID": "K-6", "has_data": true}, "geometry": {"type": "Polygon", "coordinates": [[[-118.479741024803, 34.2593000509157], [-118.484427680269, 34.2525459414687], [-118.493815066005, 34.2525385088858], [-118.498517298258, 34.2592851817454], [-118.49383139558, 34.2660398191893], [-118.484442509658, 34.2660472557761], [-118.479741024803, 34.2593000509157]]]}}, {"type": "Feature", "properties": {"OBJECTID": 328, "GRID_ID": "L-6", "has_data": true}, "geometry": {"type": "Polygon", "coordinates": [[[-118.465664736915, 34.2660599804525], [-118.470352888974, 34.2593064115371], [-118.479741024803, 34.2593000509157], [-118.484442509658, 34.2660472557761], [-118.479755109488, 34.2728013523797], [-118.470365473473, 34.2728077164341], [-118.465664736915, 34.2660599804525]]]}}, {"type": "Feature", "properties": {"OBJECTID": 331, "GRID_ID": "M-6", "has_data": true}, "geometry": {"type": "Polygon", "coordinates": [[[-118.451576616417, 34.2593169863383], [-118.456265521265, 34.2525639459884], [-118.465652907001, 34.2525586600198], [-118.470352888974, 34.2593064115371], [-118.465664736915, 34.2660599804525], [-118.456275850992, 34.2660652692847], [-118.451576616417, 34.2593169863383]]]}}, {"type": "Feature", "properties": {"OBJECTID": 333, "GRID_ID": "N-6", "has_data": true}, "geometry": {"type": "Polygon", "coordinates": [[[-118.437498079147, 34.2660736984532], [-118.442188481486, 34.259321199776], [-118.451576616417, 34.2593169863383], [-118.456275850992, 34.2660652692847], [-118.451586200543, 34.2728182962188], [-118.442196564527, 34.2728225119494], [-118.437498079147, 34.2660736984532]]]}}, {"type": "Feature", "properties": {"OBJECTID": 342, "GRID_ID": "O-6", "has_data": true}, "geometry": {"type": "Polygon", "coordinates": [[[-118.42341220893, 34.2593274802106], [-118.428103363159, 34.2525755106678], [-118.437490747996, 34.2525723713123], [-118.442188481486, 34.259321199776], [-118.437498079147, 34.2660736984532], [-118.428109193225, 34.266076839532], [-118.42341220893, 34.2593274802106]]]}}, {"type": "Feature", "properties": {"OBJECTID": 345, "GRID_ID": "P-6", "has_data": true}, "geometry": {"type": "Polygon", "coordinates": [[[-118.40933142138, 34.266080973937], [-118.414024073999, 34.2593295464653], [-118.42341220893, 34.2593274802106], [-118.428109193225, 34.266076839532], [-118.423417291598, 34.2728287958298], [-118.414027655582, 34.2728308632375], [-118.40933142138, 34.266080973937]]]}}, {"type": "Feature", "properties": {"OBJECTID": 356, "GRID_ID": "Q-6", "has_data": true}, "geometry": {"type": "Polygon", "coordinates": [[[-118.395247802341, 34.2593315325347], [-118.399941205053, 34.2525806355095], [-118.409328590789, 34.2525796427663], [-118.414024073999, 34.2593295464653], [-118.40933142138, 34.266080973937], [-118.399942536356, 34.2660819665208], [-118.395247802341, 34.2593315325347]]]}}, {"type": "Feature", "properties": {"OBJECTID": 362, "GRID_ID": "R-6", "has_data": true}, "geometry": {"type": "Polygon", "coordinates": [[[-118.381164764511, 34.2660818054208], [-118.385859666511, 34.259331451607], [-118.395247802341, 34.2593315325347], [-118.399942536356, 34.2660819665208], [-118.395248383551, 34.2728328504728], [-118.385858747535, 34.2728327695581], [-118.381164764511, 34.2660818054208]]]}}, {"type": "Feature", "properties": {"OBJECTID": 364, "GRID_ID": "S-6", "has_data": true}, "geometry": {"type": "Polygon", "coordinates": [[[-118.367083394853, 34.2593291433117], [-118.371779047845, 34.2525793197721], [-118.381166432683, 34.2525804736411], [-118.385859666511, 34.259331451607], [-118.381164764511, 34.2660818054208], [-118.371775878589, 34.2660806509947], [-118.367083394853, 34.2593291433117]]]}}, {"type": "Feature", "properties": {"OBJECTID": 389, "GRID_ID": "T-6", "has_data": true}, "geometry": {"type": "Polygon", "coordinates": [[[-118.352998106744, 34.2660761943897], [-118.357695259922, 34.2593269159441], [-118.367083394853, 34.2593291433117], [-118.371775878589, 34.2660806509947], [-118.367079475504, 34.2728304601487], [-118.357689839488, 34.2728282309115], [-118.352998106744, 34.2660761943897]]]}}, {"type": "Feature", "properties": {"OBJECTID": 398, "GRID_ID": "U-6", "has_data": true}, "geometry": {"type": "Polygon", "coordinates": [[[-118.338918988264, 34.2593203132835], [-118.343616889739, 34.2525715649405], [-118.353004275475, 34.2525748654219], [-118.357695259922, 34.2593269159441], [-118.352998106744, 34.2660761943897], [-118.34360922172, 34.2660728922108], [-118.338918988264, 34.2593203132835]]]}}, {"type": "Feature", "properties": {"OBJECTID": 402, "GRID_ID": "V-6", "has_data": true}, "geometry": {"type": "Polygon", "coordinates": [[[-118.324831448977, 34.2660641400998], [-118.329530852435, 34.2593159379905], [-118.338918988264, 34.2593203132835], [-118.34360922172, 34.2660728922108], [-118.338910566558, 34.2728216248569], [-118.329520930543, 34.2728172480392], [-118.324831448977, 34.2660641400998]]]}}, {"type": "Feature", "properties": {"OBJECTID": 406, "GRID_ID": "W-6", "has_data": true}, "geometry": {"type": "Polygon", "coordinates": [[[-118.310754579878, 34.2593050409632], [-118.315454731633, 34.2525573702702], [-118.324842117369, 34.2525628173647], [-118.329530852435, 34.2593159379905], [-118.324831448977, 34.2660641400998], [-118.315442563054, 34.2660586901674], [-118.310754579878, 34.2593050409632]]]}}, {"type": "Feature", "properties": {"OBJECTID": 419, "GRID_ID": "X-6", "has_data": true}, "geometry": {"type": "Polygon", "coordinates": [[[-118.296664790311, 34.2660456432907], [-118.301366444049, 34.2592985192287], [-118.310754579878, 34.2593050409632], [-118.315442563054, 34.2660586901674], [-118.310741657613, 34.2728063453378], [-118.301352021597, 34.2727998201962], [-118.296664790311, 34.2660456432907]]]}}, {"type": "Feature", "properties": {"OBJECTID": 424, "GRID_ID": "Y-6", "has_data": true}, "geometry": {"type": "Polygon", "coordinates": [[[-118.282590170594, 34.2592833278321], [-118.28729257173, 34.2525367357581], [-118.296679958365, 34.252544329467], [-118.301366444049, 34.2592985192287], [-118.296664790311, 34.2660456432907], [-118.287275904389, 34.2660380456037], [-118.282590170594, 34.2592833278321]]]}}, {"type": "Feature", "properties": {"OBJECTID": 429, "GRID_ID": "L-5", "has_data": true}, "geometry": {"type": "Polygon", "coordinates": [[[-118.465676574913, 34.2795612722324], [-118.470365473473, 34.2728077164341], [-118.479755109488, 34.2728013523797], [-118.484457349826, 34.2795485406919], [-118.479769204055, 34.2863026237354], [-118.470378066056, 34.286308991221], [-118.465676574913, 34.2795612722324]]]}}, {"type": "Feature", "properties": {"OBJECTID": 435, "GRID_ID": "M-5", "has_data": true}, "geometry": {"type": "Polygon", "coordinates": [[[-118.451586200543, 34.2728182962188], [-118.456275850992, 34.2660652692847], [-118.465664736915, 34.2660599804525], [-118.470365473473, 34.2728077164341], [-118.465676574913, 34.2795612722324], [-118.456286187906, 34.2795665631846], [-118.451586200543, 34.2728182962188]]]}}, {"type": "Feature", "properties": {"OBJECTID": 448, "GRID_ID": "N-5", "has_data": true}, "geometry": {"type": "Polygon", "coordinates": [[[-118.437505413892, 34.2795749969378], [-118.442196564527, 34.2728225119494], [-118.451586200543, 34.2728182962188], [-118.456286187906, 34.2795665631846], [-118.451595790059, 34.2863195759865], [-118.442204652958, 34.2863237940089], [-118.437505413892, 34.2795749969378]]]}}, {"type": "Feature", "properties": {"OBJECTID": 470, "GRID_ID": "O-5", "has_data": true}, "geometry": {"type": "Polygon", "coordinates": [[[-118.423417291598, 34.2728287958298], [-118.428109193225, 34.266076839532], [-118.437498079147, 34.2660736984532], [-118.442196564527, 34.2728225119494], [-118.437505413892, 34.2795749969378], [-118.428115027783, 34.2795781397392], [-118.423417291598, 34.2728287958298]]]}}, {"type": "Feature", "properties": {"OBJECTID": 480, "GRID_ID": "P-5", "has_data": true}, "geometry": {"type": "Polygon", "coordinates": [[[-118.409334253768, 34.2795822757071], [-118.414027655582, 34.2728308632375], [-118.423417291598, 34.2728287958298], [-118.428115027783, 34.2795781397392], [-118.423422377859, 34.2863300805912], [-118.41403123986, 34.2863321491512], [-118.409334253768, 34.2795822757071]]]}}, {"type": "Feature", "properties": {"OBJECTID": 493, "GRID_ID": "Q-5", "has_data": true}, "geometry": {"type": "Polygon", "coordinates": [[[-118.395248383551, 34.2728328504728], [-118.399942536356, 34.2660819665208], [-118.40933142138, 34.266080973937], [-118.414027655582, 34.2728308632375], [-118.409334253768, 34.2795822757071], [-118.399943867659, 34.2795832696161], [-118.395248383551, 34.2728328504728]]]}}, {"type": "Feature", "properties": {"OBJECTID": 519, "GRID_ID": "R-5", "has_data": true}, "geometry": {"type": "Polygon", "coordinates": [[[-118.381163094543, 34.279583108542], [-118.385858747535, 34.2728327695581], [-118.395248383551, 34.2728328504728], [-118.399943867659, 34.2795832696161], [-118.395248964761, 34.2863341375518], [-118.38585782766, 34.2863340566501], [-118.381163094543, 34.279583108542]]]}}, {"type": "Feature", "properties": {"OBJECTID": 536, "GRID_ID": "S-5", "has_data": true}, "geometry": {"type": "Polygon", "coordinates": [[[-118.367079475504, 34.2728304601487], [-118.371775878589, 34.2660806509947], [-118.381164764511, 34.2660818054208], [-118.385858747535, 34.2728327695581], [-118.381163094543, 34.279583108542], [-118.371772707536, 34.2795819535589], [-118.367079475504, 34.2728304601487]]]}}, {"type": "Feature", "properties": {"OBJECTID": 550, "GRID_ID": "T-5", "has_data": true}, "geometry": {"type": "Polygon", "coordinates": [[[-118.35299193442, 34.2795774947004], [-118.357689839488, 34.2728282309115], [-118.367079475504, 34.2728304601487], [-118.371772707536, 34.2795819535589], [-118.367075552561, 34.2863317461272], [-118.35768441546, 34.2863295157636], [-118.35299193442, 34.2795774947004]]]}}, {"type": "Feature", "properties": {"OBJECTID": 556, "GRID_ID": "U-5", "has_data": true}, "geometry": {"type": "Polygon", "coordinates": [[[-118.338910566558, 34.2728216248569], [-118.34360922172, 34.2660728922108], [-118.352998106744, 34.2660761943897], [-118.357689839488, 34.2728282309115], [-118.35299193442, 34.2795774947004], [-118.343601547412, 34.2795741908249], [-118.338910566558, 34.2728216248569]]]}}, {"type": "Feature", "properties": {"OBJECTID": 569, "GRID_ID": "W-5", "has_data": true}, "geometry": {"type": "Polygon", "coordinates": [[[-118.310741657613, 34.2728063453378], [-118.315442563054, 34.2660586901674], [-118.324831448977, 34.2660641400998], [-118.329520930543, 34.2728172480392], [-118.324820773398, 34.2795654341809], [-118.315430387289, 34.2795599814123], [-118.310741657613, 34.2728063453378]]]}}, {"type": "Feature", "properties": {"OBJECTID": 575, "GRID_ID": "X-5", "has_data": true}, "geometry": {"type": "Polygon", "coordinates": [[[-118.296649612376, 34.2795469277232], [-118.301352021597, 34.2727998201962], [-118.310741657613, 34.2728063453378], [-118.315430387289, 34.2795599814123], [-118.310728726364, 34.2863076196027], [-118.301337589264, 34.2863010910558], [-118.296649612376, 34.2795469277232]]]}}, {"type": "Feature", "properties": {"OBJECTID": 578, "GRID_ID": "Y-5", "has_data": true}, "geometry": {"type": "Polygon", "coordinates": [[[-118.282572746871, 34.2727846215878], [-118.287275904389, 34.2660380456037], [-118.296664790311, 34.2660456432907], [-118.301352021597, 34.2727998201962], [-118.296649612376, 34.2795469277232], [-118.287259225369, 34.2795393260602], [-118.282572746871, 34.2727846215878]]]}}, {"type": "Feature", "properties": {"OBJECTID": 580, "GRID_ID": "M-4", "has_data": true}, "geometry": {"type": "Polygon", "coordinates": [[[-118.451595790059, 34.2863195759865], [-118.456286187906, 34.2795665631846], [-118.465676574913, 34.2795612722324], [-118.470378066056, 34.286308991221], [-118.465688420997, 34.2930625331859], [-118.456296532007, 34.2930678269988], [-118.451595790059, 34.2863195759865]]]}}, {"type": "Feature", "properties": {"OBJECTID": 583, "GRID_ID": "N-4", "has_data": true}, "geometry": {"type": "Polygon", "coordinates": [[[-118.437512754924, 34.2930762653345], [-118.442204652958, 34.2863237940089], [-118.451595790059, 34.2863195759865], [-118.456296532007, 34.2930678269988], [-118.451605386761, 34.2998208271784], [-118.442212746779, 34.2998250474913], [-118.437512754924, 34.2930762653345]]]}}, {"type": "Feature", "properties": {"OBJECTID": 585, "GRID_ID": "O-4", "has_data": true}, "geometry": {"type": "Polygon", "coordinates": [[[-118.423422377859, 34.2863300805912], [-118.428115027783, 34.2795781397392], [-118.437505413892, 34.2795749969378], [-118.442204652958, 34.2863237940089], [-118.437512754924, 34.2930762653345], [-118.428120865934, 34.2930794091152], [-118.423422377859, 34.2863300805912]]]}}, {"type": "Feature", "properties": {"OBJECTID": 590, "GRID_ID": "P-4", "has_data": true}, "geometry": {"type": "Polygon", "coordinates": [[[-118.409337088851, 34.2930835473874], [-118.41403123986, 34.2863321491512], [-118.423422377859, 34.2863300805912], [-118.428120865934, 34.2930794091152], [-118.423427466815, 34.2998313367739], [-118.414034826833, 34.2998334064859], [-118.409337088851, 34.2930835473874]]]}}, {"type": "Feature", "properties": {"OBJECTID": 595, "GRID_ID": "Q-4", "has_data": true}, "geometry": {"type": "Polygon", "coordinates": [[[-118.395248964761, 34.2863341375518], [-118.399943867659, 34.2795832696161], [-118.409334253768, 34.2795822757071], [-118.41403123986, 34.2863321491512], [-118.409337088851, 34.2930835473874], [-118.399945200759, 34.2930845418788], [-118.395248964761, 34.2863341375518]]]}}, {"type": "Feature", "properties": {"OBJECTID": 598, "GRID_ID": "R-4", "has_data": true}, "geometry": {"type": "Polygon", "coordinates": [[[-118.381161422778, 34.2930843800885], [-118.38585782766, 34.2863340566501], [-118.395248964761, 34.2863341375518], [-118.399945200759, 34.2930845418788], [-118.395249546869, 34.299835395309], [-118.385856907785, 34.2998353144203], [-118.381161422778, 34.2930843800885]]]}}, {"type": "Feature", "properties": {"OBJECTID": 600, "GRID_ID": "S-4", "has_data": true}, "geometry": {"type": "Polygon", "coordinates": [[[-118.367075552561, 34.2863317461272], [-118.371772707536, 34.2795819535589], [-118.381163094543, 34.279583108542], [-118.38585782766, 34.2863340566501], [-118.381161422778, 34.2930843800885], [-118.371769534686, 34.2930832245487], [-118.367075552561, 34.2863317461272]]]}}, {"type": "Feature", "properties": {"OBJECTID": 602, "GRID_ID": "W-4", "has_data": true}, "geometry": {"type": "Polygon", "coordinates": [[[-118.310728726364, 34.2863076196027], [-118.315430387289, 34.2795599814123], [-118.324820773398, 34.2795654341809], [-118.329511002362, 34.286318527233], [-118.324810091531, 34.2930666974344], [-118.31541820254, 34.2930612418309], [-118.310728726364, 34.2863076196027]]]}}, {"type": "Feature", "properties": {"OBJECTID": 604, "GRID_ID": "L-3", "has_data": true}, "geometry": {"type": "Polygon", "coordinates": [[[-118.465700274267, 34.3065637655914], [-118.470390667623, 34.2998102366927], [-118.479783307605, 34.2998038665199], [-118.484487058909, 34.3065510210753], [-118.479797420138, 34.3133050778161], [-118.470403276376, 34.3133114514168], [-118.465700274267, 34.3065637655914]]]}}, {"type": "Feature", "properties": {"OBJECTID": 607, "GRID_ID": "M-3", "has_data": true}, "geometry": {"type": "Polygon", "coordinates": [[[-118.451605386761, 34.2998208271784], [-118.456296532007, 34.2930678269988], [-118.465688420997, 34.2930625331859], [-118.470390667623, 34.2998102366927], [-118.465700274267, 34.3065637655914], [-118.456306883294, 34.3065690622636], [-118.451605386761, 34.2998208271784]]]}}, {"type": "Feature", "properties": {"OBJECTID": 610, "GRID_ID": "N-3", "has_data": true}, "geometry": {"type": "Polygon", "coordinates": [[[-118.43752009955, 34.3065775044373], [-118.442212746779, 34.2998250474913], [-118.451605386761, 34.2998208271784], [-118.456306883294, 34.3065690622636], [-118.451614988853, 34.3133220476196], [-118.442220845989, 34.31332626948], [-118.43752009955, 34.3065775044373]]]}}, {"type": "Feature", "properties": {"OBJECTID": 612, "GRID_ID": "O-3", "has_data": true}, "geometry": {"type": "Polygon", "coordinates": [[[-118.423427466815, 34.2998313367739], [-118.428120865934, 34.2930794091152], [-118.437512754924, 34.2930762653345], [-118.442212746779, 34.2998250474913], [-118.43752009955, 34.3065775044373], [-118.428126708576, 34.3065806499389], [-118.423427466815, 34.2998313367739]]]}}, {"type": "Feature", "properties": {"OBJECTID": 613, "GRID_ID": "P-3", "has_data": true}, "geometry": {"type": "Polygon", "coordinates": [[[-118.409339924833, 34.306584790514], [-118.414034826833, 34.2998334064859], [-118.423427466815, 34.2998313367739], [-118.428126708576, 34.3065806499389], [-118.423432559364, 34.3133325622033], [-118.414038416501, 34.3133346330664], [-118.409339924833, 34.306584790514]]]}}, {"type": "Feature", "properties": {"OBJECTID": 615, "GRID_ID": "Q-3", "has_data": true}, "geometry": {"type": "Polygon", "coordinates": [[[-118.395249546869, 34.299835395309], [-118.399945200759, 34.2930845418788], [-118.409337088851, 34.2930835473874], [-118.414034826833, 34.2998334064859], [-118.409339924833, 34.306584790514], [-118.399946533859, 34.3065857848457], [-118.395249546869, 34.299835395309]]]}}, {"type": "Feature", "properties": {"OBJECTID": 617, "GRID_ID": "K-2", "has_data": true}, "geometry": {"type": "Polygon", "coordinates": [[[-118.479797420138, 34.3133050778161], [-118.484487058909, 34.3065510210753], [-118.493880450781, 34.3065435739732], [-118.49858570856, 34.3132901788735], [-118.493896823476, 34.3200447648061], [-118.484501927824, 34.3200522159041], [-118.479797420138, 34.3133050778161]]]}}, {"type": "Feature", "properties": {"OBJECTID": 622, "GRID_ID": "L-2", "has_data": true}, "geometry": {"type": "Polygon", "coordinates": [[[-118.465712136521, 34.3200649665319], [-118.470403276376, 34.3133114514168], [-118.479797420138, 34.3133050778161], [-118.484501927824, 34.3200522159041], [-118.479811542553, 34.3268062606433], [-118.470415894113, 34.3268126376699], [-118.465712136521, 34.3200649665319]]]}}, {"type": "Feature", "properties": {"OBJECTID": 624, "GRID_ID": "M-2", "has_data": true}, "geometry": {"type": "Polygon", "coordinates": [[[-118.451614988853, 34.3133220476196], [-118.456306883294, 34.3065690622636], [-118.465700274267, 34.3065637655914], [-118.470403276376, 34.3133114514168], [-118.465712136521, 34.3200649665319], [-118.456317240869, 34.320070266062], [-118.451614988853, 34.3133220476196]]]}}, {"type": "Feature", "properties": {"OBJECTID": 626, "GRID_ID": "N-2", "has_data": true}, "geometry": {"type": "Polygon", "coordinates": [[[-118.437527449566, 34.3200787128134], [-118.442220845989, 34.31332626948], [-118.451614988853, 34.3133220476196], [-118.456317240869, 34.320070266062], [-118.451624598132, 34.326823238845], [-118.44222895059, 34.3268274629938], [-118.437527449566, 34.3200787128134]]]}}, {"type": "Feature", "properties": {"OBJECTID": 628, "GRID_ID": "O-2", "has_data": true}, "geometry": {"type": "Polygon", "coordinates": [[[-118.423432559364, 34.3133325622033], [-118.428126708576, 34.3065806499389], [-118.43752009955, 34.3065775044373], [-118.442220845989, 34.31332626948], [-118.437527449566, 34.3200787128134], [-118.428132554812, 34.3200818600349], [-118.423432559364, 34.3133325622033]]]}}, {"type": "Feature", "properties": {"OBJECTID": 635, "GRID_ID": "K-1", "has_data": true}, "geometry": {"type": "Polygon", "coordinates": [[[-118.479811542553, 34.3268062606433], [-118.484501927824, 34.3200522159041], [-118.493896823476, 34.3200447648061], [-118.498602839433, 34.3267913537111], [-118.493913207848, 34.3335459271979], [-118.484516807518, 34.3335533822896], [-118.479811542553, 34.3268062606433]]]}}, {"type": "Feature", "properties": {"OBJECTID": 648, "GRID_ID": "L-1", "has_data": true}, "geometry": {"type": "Polygon", "coordinates": [[[-118.46572400596, 34.3335661390257], [-118.470415894113, 34.3268126376699], [-118.479811542553, 34.3268062606433], [-118.484516807518, 34.3335533822896], [-118.479825673951, 34.3403074120835], [-118.470428520833, 34.3403137925343], [-118.46572400596, 34.3335661390257]]]}}, {"type": "Feature", "properties": {"OBJECTID": 656, "GRID_ID": "M-1", "has_data": true}, "geometry": {"type": "Polygon", "coordinates": [[[-118.451624598132, 34.326823238845], [-118.456317240869, 34.320070266062], [-118.465712136521, 34.3200649665319], [-118.470415894113, 34.3268126376699], [-118.46572400596, 34.3335661390257], [-118.456327605631, 34.3335714414122], [-118.451624598132, 34.326823238845]]]}}, {"type": "Feature", "properties": {"OBJECTID": 658, "GRID_ID": "N-1", "has_data": true}, "geometry": {"type": "Polygon", "coordinates": [[[-118.437534804971, 34.3335798919972], [-118.44222895059, 34.3268274629938], [-118.451624598132, 34.326823238845], [-118.456327605631, 34.3335714414122], [-118.451634213698, 34.3403243986789], [-118.44223706058, 34.3403286251149], [-118.437534804971, 34.3335798919972]]]}}, {"type": "Feature", "properties": {"OBJECTID": 666, "GRID_ID": "O-1", "has_data": true}, "geometry": {"type": "Polygon", "coordinates": [[[-118.423437654609, 34.3268337591561], [-118.428132554812, 34.3200818600349], [-118.437527449566, 34.3200787128134], [-118.44222895059, 34.3268274629938], [-118.437534804971, 34.3335798919972], [-118.428138404641, 34.3335830409377], [-118.423437654609, 34.3268337591561]]]}}]}