OBJECTID,JOIN_FID,ID,sourceCountry,ENRICH_FID,aggregationMethod,populationToPolygonSizeRating,apportionmentConfidence,HasData,burglary_crime_est,total_crime_est,total_population,unemployment_rate_idx,pct_hispanic,median_income_idx,pct_veterans,ID_1,sourceCountry_1,ENRICH_FID_1,aggregationMethod_1,populationToPolygonSizeRating_1,apportionmentConfidence_1,HasData_1,esri_market_idx_14068,esri_market_idx_14068_forecast,pct_hs_grad,pct_veterans_2,pct_no_health_insurance,pct_no_schooling,pct_severe_rent_burden,pct_below_poverty,pct_public_assistance,pct_household_disability,source_run,latitude,longitude,address,heading,filename,tent_prediction_count,max_conf,classes_seen,hex_area_sqkm,climate_t2m_2024_c,climate_tmax_2024_c,climate_ppt_2024_mm,tent_ref_point_count,tent_ref_prediction_sum,tent_ref_max_conf,tent_ref_mean_conf,transit_stops_count,hospital_count,fire_station_count,library_count,college_count,public_school_count,private_school_count,recreation_center_count,adult_recreation_count,cool_zone_count,affordable_housing_count,sud_treatment_count,business_sites_count,gas_station_count,police_station_count,food_access_count,lausd_school_site_count,osm_major_road_segments_count,osm_major_road_length_m,nearest_osm_major_road_m,freeway_segments_count,freeway_length_m,nearest_freeway_m,river_drainage_segments_count,river_drainage_length_m,nearest_river_drainage_m,osm_amenity_count,caltrans_highway_segments_count,caltrans_highway_length_m,nearest_caltrans_highway_m,fema_flood_hazard_area_pct,fema_flood_hazard_intersects,la_geohub_100yr_flood_area_pct,la_geohub_100yr_flood_intersects,la_geohub_500yr_flood_area_pct,la_geohub_500yr_flood_intersects,la_geohub_fire_hazard_area_pct,la_geohub_fire_hazard_intersects,heat_exposure_area_pct,heat_exposure_intersects,tree_canopy_proxy_pct,vegetation_proxy_pct,impervious_proxy_pct,water_proxy_pct,bare_ground_proxy_pct,dominant_landcover_class,heat_exposure_proxy_score,Join_Count,GRID_ID,colnum,row,school_count,tent_present,centroid_lat,centroid_lon,centroid_source,baseline_risk,top_interaction_a,top_interaction_b,top_interaction_val
1,-1,0,US,1,BlockApportionment:US.BlockGroups;PointsLayer:US.BlockPoints,2.191,2.576,1,85,44,1580,43,31.77,137,9.34,0,US,1,BlockApportionment:US.BlockGroups;PointsLayer:US.BlockPoints,2.191,2.576,1,124,129,19.08,9.05,3.69,1.04,18.18,7.27,1.5,20.75,,,,,,,,,,1.295,17.47,29.74,16.36,0,0,,,0,0,0,0,0,0,0,0,1,0,0,0,105,115,0,0,4,0,0.0,1145.84,0,0.0,3886.45,1,38.07,642.38,8,0,0.0,1945.87,0.0,0,0.0,0,0.43,1,74.16,1,0.0,0,2.18,39.19,31.0,1.09,28.71,5,51.05,0,AD-58,30,58,0,0,33.70921760595591,-118.29687892534298,reconstructed,0.6124652498818658,total_crime_est,nearest_osm_major_road_m,-0.10976868601390632
2,1522,1,US,2,BlockApportionment:US.BlockGroups;PointsLayer:US.BlockPoints,2.191,2.576,1,84,35,1620,93,34.01,120,4.81,1,US,2,BlockApportionment:US.BlockGroups;PointsLayer:US.BlockPoints,2.191,2.576,1,118,121,14.58,4.88,3.17,0.12,26.89,3.98,0.3,19.18,api_test_workflow_v8_remaining_location_deduped_30pct_after10_2026-05-22,33.70622287,-118.28897388,"540 W PASEO DEL MAR, 90731",90.0,33.7062228729_-118.288973882_90.jpg,1.0,0.852,tent,1.295,17.47,29.74,16.36,0,0,,,0,0,0,0,0,0,0,0,0,0,0,0,56,59,0,0,0,0,0.0,1857.47,0,0.0,4513.51,0,0.0,744.97,5,0,0.0,3146.57,0.0,0,0.0,0,1.08,1,31.66,1,0.0,0,1.07,29.61,34.33,3.43,32.62,5,53.71,0,AE-58,31,58,0,0,33.709140604264604,-118.28549270695233,detection_avg,0.5822524356199048,total_crime_est,nearest_osm_major_road_m,-0.09353469704518601
3,1524,1,US,2,BlockApportionment:US.BlockGroups;PointsLayer:US.BlockPoints,2.191,2.576,1,84,35,1620,93,34.01,120,4.81,1,US,2,BlockApportionment:US.BlockGroups;PointsLayer:US.BlockPoints,2.191,2.576,1,118,121,14.58,4.88,3.17,0.12,26.89,3.98,0.3,19.18,api_test_workflow_v8_remaining_location_deduped_30pct_after10_2026-05-22,33.70622287,-118.28897388,"540 W PASEO DEL MAR, 90731",270.0,33.7062228729_-118.288973882_270.jpg,1.0,0.8591,tent,1.295,17.47,29.74,16.36,0,0,,,0,0,0,0,0,0,0,0,0,0,0,0,56,59,0,0,0,0,0.0,1857.47,0,0.0,4513.51,0,0.0,744.97,5,0,0.0,3146.57,0.0,0,0.0,0,1.08,1,31.66,1,0.0,0,1.07,29.61,34.33,3.43,32.62,5,53.71,0,AE-58,31,58,0,0,33.709140604264604,-118.28549270695233,detection_avg,0.5822524356199048,total_crime_est,nearest_osm_major_road_m,-0.09353469704518601
4,-1,2,US,3,BlockApportionment:US.BlockGroups;PointsLayer:US.BlockPoints,2.191,2.576,1,105,62,8403,69,47.41,105,4.13,2,US,3,BlockApportionment:US.BlockGroups;PointsLayer:US.BlockPoints,2.191,2.576,1,91,92,23.73,4.67,4.2,1.35,26.81,10.76,4.16,20.34,,,,,,,,,,1.295,17.47,29.74,16.36,0,0,,,0,0,0,0,0,1,0,0,0,0,0,1,488,465,0,0,4,18,1650.76,76.58,0,0.0,2675.78,0,0.0,1321.62,1,0,0.0,1347.75,0.0,0,0.0,0,0.0,0,100.0,1,0.0,0,1.41,16.99,67.25,0.97,14.79,5,76.65,0,AD-57,30,57,1,0,33.72020613537503,-118.2968792849208,reconstructed,0.5750613810451,total_crime_est,nearest_osm_major_road_m,0.05639832103624755
5,-1,3,US,4,BlockApportionment:US.BlockGroups;PointsLayer:US.BlockPoints,2.191,2.576,1,72,37,3175,64,35.78,116,9.34,3,US,4,BlockApportionment:US.BlockGroups;PointsLayer:US.BlockPoints,2.191,2.576,1,100,103,18.9,7.42,3.74,0.95,18.47,9.86,0.92,18.95,,,,,,,,,,1.295,17.47,29.74,16.36,0,0,,,0,0,0,0,0,0,0,0,1,0,0,0,157,158,0,0,1,0,0.0,825.79,0,0.0,3306.46,0,0.0,694.37,0,0,0.0,2536.2,0.0,0,0.0,0,4.34,1,85.14,1,0.0,0,1.32,20.53,44.85,13.57,21.06,5,61.0,0,AE-57,31,57,0,0,33.72012913368373,-118.28549306653017,reconstructed,0.5779039498380012,water_proxy_pct,bare_ground_proxy_pct,-0.06812257383485844
6,-1,4,US,5,BlockApportionment:US.BlockGroups;PointsLayer:US.BlockPoints,2.191,2.576,1,55,80,164,0,42.07,63,7.81,4,US,5,BlockApportionment:US.BlockGroups;PointsLayer:US.BlockPoints,2.191,2.576,1,158,144,11.48,4.62,0.0,0.0,0.0,0.0,0.0,0.0,,,,,,,,,,1.295,17.47,29.74,16.36,0,0,,,0,0,1,0,0,0,0,0,0,0,0,0,31,33,0,0,0,0,0.0,1684.93,0,0.0,3015.01,0,0.0,1305.32,3,0,0.0,3017.19,27.61,1,0.0,0,31.16,1,64.53,1,0.0,0,0.7,5.61,46.4,40.88,7.11,5,62.27,0,AF-57,32,57,0,0,33.720052131992425,-118.27410684813952,reconstructed,0.5796772383538042,pct_hs_grad,nearest_osm_major_road_m,0.03381170472303007
7,-1,5,US,6,BlockApportionment:US.BlockGroups;PointsLayer:US.BlockPoints,2.191,2.576,1,58,27,1500,57,22.8,225,5.31,5,US,6,BlockApportionment:US.BlockGroups;PointsLayer:US.BlockPoints,2.191,2.576,1,182,183,15.15,2.82,1.9,0.78,47.06,7.15,0.16,18.11,,,,,,,,,,1.295,17.47,29.74,16.36,0,0,,,0,0,0,0,0,0,0,2,1,0,0,0,48,51,0,0,0,8,1835.98,307.64,0,0.0,2930.57,1,330.48,504.84,2,2,1837.82,307.95,0.0,0,0.0,0,0.81,1,100.0,1,0.0,0,7.23,55.29,22.75,1.32,20.63,3,43.76,0,AB-56,28,56,0,0,33.73134866817675,-118.31965208127994,reconstructed,0.5684833504596509,total_crime_est,nearest_osm_major_road_m,-0.02596524867385122
8,-1,6,US,7,BlockApportionment:US.BlockGroups;PointsLayer:US.BlockPoints,2.191,2.576,1,73,48,3790,64,33.35,172,6.87,6,US,7,BlockApportionment:US.BlockGroups;PointsLayer:US.BlockPoints,2.191,2.576,1,141,142,21.8,8.44,0.31,1.18,25.31,6.36,0.9,20.06,,,,,,,,,,1.295,17.47,29.74,16.36,0,0,,,0,0,0,0,0,0,0,0,0,0,0,0,239,241,0,0,0,15,1585.92,258.46,0,0.0,2525.54,0,0.0,633.83,6,2,1978.58,258.36,0.0,0,0.0,0,0.0,0,100.0,1,0.0,0,2.64,27.05,48.72,1.15,23.08,5,63.31,1,AC-56,29,56,0,1,33.73127166648545,-118.3082658628893,reconstructed,0.5664358169396495,pct_veterans,public_school_count,0.019195656439356102
9,664,7,US,8,BlockApportionment:US.BlockGroups;PointsLayer:US.BlockPoints,2.191,2.576,1,110,88,7784,155,59.08,94,3.07,7,US,8,BlockApportionment:US.BlockGroups;PointsLayer:US.BlockPoints,2.191,2.576,1,87,89,19.67,3.13,8.85,2.69,38.85,15.16,7.08,20.84,api_test_workflow_v2_remaining_model6_2026-05-08,33.73320591,-118.29608552,"865 W 12TH ST, 90731",0.0,33.7332059136_-118.296085521_0.jpg,1.0,0.8994,tent,1.295,17.47,29.74,16.36,0,0,,,12,0,0,1,0,2,2,0,1,0,0,0,612,586,0,0,8,13,925.7,438.61,0,0.0,1484.63,3,326.0,405.86,4,0,0.0,1456.69,0.33,1,0.0,0,0.0,0,100.0,1,0.0,0,3.26,17.53,68.72,1.41,12.33,5,77.13,1,AD-56,30,56,4,1,33.731194664794145,-118.29687964449865,detection_avg,0.5916662880769047,pct_veterans,public_school_count,0.017895664895167286
10,1581,7,US,8,BlockApportionment:US.BlockGroups;PointsLayer:US.BlockPoints,2.191,2.576,1,110,88,7784,155,59.08,94,3.07,7,US,8,BlockApportionment:US.BlockGroups;PointsLayer:US.BlockPoints,2.191,2.576,1,87,89,19.67,3.13,8.85,2.69,38.85,15.16,7.08,20.84,api_test_workflow_v8_remaining_location_deduped_30pct_after10_2026-05-22,33.7334595,-118.29448328,"1186 S CABRILLO AVE, 90731",270.0,33.733459505_-118.294483284_270.jpg,1.0,0.873,tent,1.295,17.47,29.74,16.36,0,0,,,12,0,0,1,0,2,2,0,1,0,0,0,612,586,0,0,8,13,925.7,438.61,0,0.0,1484.63,3,326.0,405.86,4,0,0.0,1456.69,0.33,1,0.0,0,0.0,0,100.0,1,0.0,0,3.26,17.53,68.72,1.41,12.33,5,77.13,0,AD-56,30,56,4,0,33.731194664794145,-118.29687964449865,detection_avg,0.5916662880769047,pct_veterans,public_school_count,0.017895664895167286
11,849,8,US,9,BlockApportionment:US.BlockGroups;PointsLayer:US.BlockPoints,2.191,2.576,1,114,96,7988,136,67.41,77,2.95,8,US,9,BlockApportionment:US.BlockGroups;PointsLayer:US.BlockPoints,2.191,2.576,1,82,85,22.35,3.03,7.49,1.63,31.34,20.29,10.24,24.92,api_test_workflow_v2_10pct_model6_2026-05-06_live,33.72937487,-118.27971855,"1600 S HARBOR BLVD, 90731",270.0,33.7293748714_-118.27971855_270.jpg,1.0,0.6501,tent,1.295,17.47,29.74,16.36,0,0,,,33,0,1,0,0,2,0,0,0,0,0,1,600,562,0,0,1,6,287.39,622.78,0,0.0,2117.19,0,0.0,1391.77,6,0,0.0,2177.6,0.0,0,0.0,0,1.27,1,100.0,1,0.0,0,0.35,14.45,61.5,1.67,22.38,5,72.94,0,AE-56,31,56,2,0,33.73111766310284,-118.285493426108,detection_avg,0.5973878284535282,pct_no_schooling,osm_amenity_count,0.019485476256086258
12,1236,9,US,10,BlockApportionment:US.BlockGroups;PointsLayer:US.BlockPoints,2.191,2.576,1,121,83,284,257,67.25,49,3.85,9,US,10,BlockApportionment:US.BlockGroups;PointsLayer:US.BlockPoints,2.191,2.576,1,49,49,15.28,3.86,8.05,3.7,36.94,34.46,7.69,28.46,api_test_workflow_v8_remaining_location_deduped_30pct_after10_2026-05-22,33.72984604,-118.27788594,"1500 S HARBOR BLVD, 90731",0.0,33.729846039_-118.277885937_0.jpg,1.0,0.7871,tent,1.295,17.47,29.74,16.36,0,0,,,0,0,0,0,0,0,0,0,0,0,0,1,73,60,0,0,0,0,0.0,1679.96,0,0.0,1811.67,2,836.6,464.5,0,0,0.0,1812.74,44.31,1,0.0,0,30.56,1,29.3,1,0.0,0,0.88,6.78,42.56,41.59,9.07,5,59.53,0,AF-56,32,56,0,0,33.73104066141154,-118.27410720771734,detection_avg,0.5945029974122217,pct_public_assistance,la_geohub_500yr_flood_area_pct,-0.03409408913822674
13,1237,9,US,10,BlockApportionment:US.BlockGroups;PointsLayer:US.BlockPoints,2.191,2.576,1,121,83,284,257,67.25,49,3.85,9,US,10,BlockApportionment:US.BlockGroups;PointsLayer:US.BlockPoints,2.191,2.576,1,49,49,15.28,3.86,8.05,3.7,36.94,34.46,7.69,28.46,api_test_workflow_v8_remaining_location_deduped_30pct_after10_2026-05-22,33.72984604,-118.27788594,"1500 S HARBOR BLVD, 90731",90.0,33.729846039_-118.277885937_90.jpg,1.0,0.8228,tent,1.295,17.47,29.74,16.36,0,0,,,0,0,0,0,0,0,0,0,0,0,0,1,73,60,0,0,0,0,0.0,1679.96,0,0.0,1811.67,2,836.6,464.5,0,0,0.0,1812.74,44.31,1,0.0,0,30.56,1,29.3,1,0.0,0,0.88,6.78,42.56,41.59,9.07,5,59.53,0,AF-56,32,56,0,0,33.73104066141154,-118.27410720771734,detection_avg,0.5945029974122217,pct_public_assistance,la_geohub_500yr_flood_area_pct,-0.03409408913822674
14,1269,10,US,11,BlockApportionment:US.BlockGroups;PointsLayer:US.BlockPoints,2.191,2.576,1,59,29,2896,88,27.07,177,5.72,10,US,11,BlockApportionment:US.BlockGroups;PointsLayer:US.BlockPoints,2.191,2.576,1,155,156,22.01,4.45,3.53,3.59,38.12,7.66,0.63,21.66,api_test_workflow_v8_remaining_location_deduped_30pct_after10_2026-05-22,33.7427847,-118.3170269,"1848 W 1ST ST, 90732",0.0,33.7427846987_-118.317026903_0.jpg,1.0,0.6383,tent,1.295,17.47,29.74,16.36,0,0,,,0,0,0,0,0,0,0,0,0,0,0,0,91,92,0,0,0,0,0.0,794.82,0,0.0,2565.39,5,1287.47,8.46,0,0,0.0,792.65,0.0,0,0.0,0,0.0,0,100.0,1,0.0,0,19.37,47.71,33.63,1.41,17.25,5,47.73,0,AB-55,28,55,0,0,33.74233719759587,-118.31965244085778,detection_avg,0.5490501839541874,total_crime_est,nearest_osm_major_road_m,0.0459897523596759
15,-1,11,US,12,BlockApportionment:US.BlockGroups;PointsLayer:US.BlockPoints,2.191,2.576,1,84,62,3988,95,41.35,160,4.29,11,US,12,BlockApportionment:US.BlockGroups;PointsLayer:US.BlockPoints,2.191,2.576,1,132,132,16.79,4.8,1.67,1.44,20.06,11.93,1.29,19.11,,,,,,,,,,1.295,17.47,29.74,16.36,0,0,,,15,1,0,0,0,0,0,0,1,0,0,1,295,276,0,0,2,15,1965.74,267.32,0,0.0,1707.96,10,1077.23,291.09,4,2,1964.76,267.17,0.0,0,0.0,0,0.0,0,100.0,1,0.0,0,3.52,25.64,47.22,1.41,25.73,5,62.0,0,AC-55,29,55,0,0,33.74226019590457,-118.30826622246713,reconstructed,0.5921778807986094,pct_veterans,public_school_count,-0.017644084707975603
16,-1,12,US,13,BlockApportionment:US.BlockGroups;PointsLayer:US.BlockPoints,2.191,2.576,1,126,106,6257,164,68.34,95,4.1,12,US,13,BlockApportionment:US.BlockGroups;PointsLayer:US.BlockPoints,2.191,2.576,1,91,92,21.25,3.45,9.24,3.5,30.82,15.79,3.76,21.68,,,,,,,,,,1.295,17.47,29.74,16.36,0,0,,,0,0,0,0,0,1,1,1,2,0,0,0,296,304,0,0,4,31,1636.1,437.54,7,315.68,487.3,3,822.5,504.28,12,5,293.69,508.87,0.0,0,0.0,0,0.0,0,100.0,1,0.0,0,4.41,23.1,58.99,2.38,15.52,5,69.97,0,AD-55,30,55,2,0,33.74218319421327,-118.29688000407648,reconstructed,0.6028939392780787,total_population,osm_amenity_count,-0.026649750913375986
17,1630,13,US,14,BlockApportionment:US.BlockGroups;PointsLayer:US.BlockPoints,2.191,2.576,1,126,146,9480,110,62.0,66,3.9,13,US,14,BlockApportionment:US.BlockGroups;PointsLayer:US.BlockPoints,2.191,2.576,1,78,79,24.92,3.15,8.82,2.31,24.91,29.34,11.03,29.96,api_test_workflow_v8_remaining_location_deduped_30pct_after10_2026-05-22,33.7424697,-118.28156752,"200 W 2ND ST, 90731",0.0,33.7424696993_-118.281567523_0.jpg,1.0,0.8542,tent,1.295,17.47,29.74,16.36,0,0,,,66,0,0,0,0,2,0,0,4,0,1,8,981,936,0,0,1,10,303.19,619.44,0,0.0,1010.61,1,315.93,434.42,31,0,0.0,1059.43,0.84,1,0.0,0,0.95,1,99.57,1,0.0,0,0.35,9.07,72.27,1.5,17.17,5,80.48,0,AE-55,31,55,2,0,33.742106192521966,-118.28549378568584,detection_avg,0.62677685388455,pct_public_assistance,osm_amenity_count,-0.1322084946981505
18,1631,13,US,14,BlockApportionment:US.BlockGroups;PointsLayer:US.BlockPoints,2.191,2.576,1,126,146,9480,110,62.0,66,3.9,13,US,14,BlockApportionment:US.BlockGroups;PointsLayer:US.BlockPoints,2.191,2.576,1,78,79,24.92,3.15,8.82,2.31,24.91,29.34,11.03,29.96,api_test_workflow_v8_remaining_location_deduped_30pct_after10_2026-05-22,33.7424697,-118.28156752,"200 W 2ND ST, 90731",270.0,33.7424696993_-118.281567523_270.jpg,1.0,0.7633,tent,1.295,17.47,29.74,16.36,0,0,,,66,0,0,0,0,2,0,0,4,0,1,8,981,936,0,0,1,10,303.19,619.44,0,0.0,1010.61,1,315.93,434.42,31,0,0.0,1059.43,0.84,1,0.0,0,0.95,1,99.57,1,0.0,0,0.35,9.07,72.27,1.5,17.17,5,80.48,0,AE-55,31,55,2,0,33.742106192521966,-118.28549378568584,detection_avg,0.62677685388455,pct_public_assistance,osm_amenity_count,-0.1322084946981505
19,-1,14,US,15,BlockApportionment:US.BlockGroups;PointsLayer:US.BlockPoints,2.191,2.576,1,147,136,288,71,71.88,45,3.17,14,US,15,BlockApportionment:US.BlockGroups;PointsLayer:US.BlockPoints,2.191,2.576,1,52,51,21.15,2.53,13.32,4.3,22.06,21.55,30.88,17.65,,,,,,,,,,1.295,17.47,29.74,16.36,0,0,,,3,0,1,0,0,0,0,0,0,0,0,0,56,47,0,0,0,3,660.68,608.21,3,660.68,608.21,1,419.54,307.35,3,2,658.66,608.85,37.58,1,0.0,0,22.02,1,30.95,1,0.0,0,0.09,2.73,63.41,28.76,5.1,5,74.36,1,AF-55,32,55,0,1,33.742029190830664,-118.27410756729518,reconstructed,0.5609145090642024,pct_household_disability,fema_flood_hazard_area_pct,0.0418341425802058
20,-1,15,US,16,BlockApportionment:US.BlockGroups;PointsLayer:US.BlockPoints,2.191,2.576,1,101,46,2097,43,20.41,253,4.21,15,US,16,BlockApportionment:US.BlockGroups;PointsLayer:US.BlockPoints,2.191,2.576,1,219,217,10.99,3.83,1.39,0.0,28.81,5.55,0.0,18.69,,,,,,,,,,1.295,17.47,29.74,16.36,0,0,,,0,0,0,0,0,0,0,0,0,0,0,0,17,13,0,0,0,0,0.0,780.49,0,0.0,2504.2,0,0.0,1170.66,0,0,0.0,776.56,0.0,0,0.0,0,0.0,0,100.0,1,0.0,0,23.44,51.19,29.69,1.15,17.97,5,43.75,0,AB-54,28,54,0,0,33.75332572701499,-118.3196528004356,reconstructed,0.583616402545922,total_crime_est,nearest_osm_major_road_m,0.04996913863627987
21,-1,16,US,17,BlockApportionment:US.BlockGroups;PointsLayer:US.BlockPoints,2.191,2.576,1,97,63,3588,90,39.21,161,5.1,16,US,17,BlockApportionment:US.BlockGroups;PointsLayer:US.BlockPoints,2.191,2.576,1,142,142,19.18,4.25,3.32,1.59,28.37,2.8,2.28,20.75,,,,,,,,,,1.295,17.47,29.74,16.36,0,0,,,12,0,0,0,0,1,1,1,0,0,0,0,212,227,0,0,4,32,2470.94,63.37,0,0.0,1469.18,1,181.82,643.68,12,2,2471.05,63.46,0.0,0,0.0,0,0.0,0,100.0,1,0.0,0,5.19,37.98,37.54,0.95,23.53,5,54.72,0,AC-54,29,54,2,0,33.75324872532369,-118.30826658204496,reconstructed,0.6192986638784531,total_crime_est,nearest_osm_major_road_m,0.05727787221632564
22,1617,17,US,18,BlockApportionment:US.BlockGroups;PointsLayer:US.BlockPoints,2.191,2.576,1,74,93,3016,157,44.36,129,1.95,17,US,18,BlockApportionment:US.BlockGroups;PointsLayer:US.BlockPoints,2.191,2.576,1,105,107,18.22,1.34,7.0,3.43,25.23,5.41,7.35,32.06,api_test_workflow_v8_remaining_location_deduped_30pct_after10_2026-05-22,33.75551178,-118.29370788,"761 W BASIN ST, 90731",90.0,33.7555117762_-118.29370788_90.jpg,2.0,0.8339,tent,1.295,17.47,29.74,16.36,0,0,,,9,0,1,0,0,0,0,1,0,0,0,0,242,197,0,0,0,33,3154.06,445.58,18,1968.35,460.86,2,539.81,519.26,1,3,980.42,543.96,0.0,0,0.0,0,0.06,1,100.0,1,0.0,0,5.56,31.48,47.62,2.2,18.69,5,61.67,0,AD-54,30,54,0,0,33.753171723632384,-118.29688036365432,detection_avg,0.6031933608195366,recreation_center_count,business_sites_count,0.020329258171403238
23,32,18,US,19,BlockApportionment:US.BlockGroups;PointsLayer:US.BlockPoints,2.191,2.576,1,129,105,3876,224,81.71,68,4.83,18,US,19,BlockApportionment:US.BlockGroups;PointsLayer:US.BlockPoints,2.191,2.576,1,59,60,36.78,4.95,7.31,2.27,33.58,15.77,5.17,22.11,api_test_workflow_v2_10pct_model6_2026-05-06_live,33.74795095,-118.28158103,"604 N PALOS VERDES ST, 90731",0.0,33.7479509512_-118.281581028_0.jpg,1.0,0.8274,tent,1.295,17.47,29.74,16.36,0,0,,,27,0,0,0,1,1,0,0,0,0,0,0,182,158,0,0,4,43,6522.84,112.05,43,6522.84,112.05,0,0.0,702.7,2,8,4240.71,117.22,2.01,1,0.0,0,11.99,1,89.88,1,0.0,0,1.47,18.83,59.41,4.06,17.7,5,71.15,0,AE-54,31,54,1,0,33.75309472194108,-118.28549414526366,detection_avg,0.5926840944188272,pct_hs_grad,nearest_osm_major_road_m,0.0637838864028475
24,1733,18,US,19,BlockApportionment:US.BlockGroups;PointsLayer:US.BlockPoints,2.191,2.576,1,129,105,3876,224,81.71,68,4.83,18,US,19,BlockApportionment:US.BlockGroups;PointsLayer:US.BlockPoints,2.191,2.576,1,59,60,36.78,4.95,7.31,2.27,33.58,15.77,5.17,22.11,api_test_workflow_v8_remaining_location_deduped_final_after10_30_2026-05-23,33.74862994,-118.29220536,"630 N GAFFEY PL, 90731",270.0,33.7486299433_-118.292205362_270.jpg,1.0,0.8704,tent,1.295,17.47,29.74,16.36,0,0,,,27,0,0,0,1,1,0,0,0,0,0,0,182,158,0,0,4,43,6522.84,112.05,43,6522.84,112.05,0,0.0,702.7,2,8,4240.71,117.22,2.01,1,0.0,0,11.99,1,89.88,1,0.0,0,1.47,18.83,59.41,4.06,17.7,5,71.15,0,AE-54,31,54,1,0,33.75309472194108,-118.28549414526366,detection_avg,0.5926840944188272,pct_hs_grad,nearest_osm_major_road_m,0.0637838864028475
25,-1,19,US,20,BlockApportionment:US.BlockGroups;PointsLayer:US.BlockPoints,2.191,2.576,1,0,0,0,0,0.0,0,0.0,19,US,20,BlockApportionment:US.BlockGroups;PointsLayer:US.BlockPoints,2.191,2.576,1,0,0,0.0,0.0,0.0,0.0,0.0,0.0,0.0,0.0,,,,,,,,,,1.295,17.47,29.74,16.36,0,0,,,0,0,0,0,0,0,0,0,0,0,0,0,0,0,0,0,0,2,891.36,586.78,2,891.36,586.78,0,0.0,697.07,0,2,892.0,587.05,53.16,1,0.0,0,15.42,1,45.46,1,0.0,0,0.0,1.58,53.08,42.69,2.64,5,67.16,0,AF-54,32,54,0,0,33.75301772024978,-118.274107926873,reconstructed,0.6006950403394168,total_crime_est,nearest_osm_major_road_m,-0.030277519915640694
26,-1,20,US,21,BlockApportionment:US.BlockGroups;PointsLayer:US.BlockPoints,2.191,2.576,1,65,132,1188,129,33.16,176,4.29,20,US,21,BlockApportionment:US.BlockGroups;PointsLayer:US.BlockPoints,2.191,2.576,1,126,126,10.58,4.28,0.19,3.66,87.8,2.84,3.89,39.72,,,,,,,,,,1.295,17.47,29.74,16.36,0,0,,,6,0,0,0,0,1,0,0,0,0,0,0,103,98,0,0,5,5,1190.38,297.58,0,0.0,1049.45,8,1213.91,201.67,0,0,0.0,1053.35,0.0,0,0.0,0,0.0,0,70.17,1,0.0,0,3.08,35.48,34.6,1.23,28.7,5,53.3,0,AD-53,30,53,1,0,33.76416025305151,-118.29688072323214,reconstructed,0.5512336825958498,pct_public_assistance,osm_amenity_count,-0.01666479716745634
27,-1,21,US,22,BlockApportionment:US.BlockGroups;PointsLayer:US.BlockPoints,2.191,2.576,1,0,0,0,0,0.0,0,0.0,21,US,22,BlockApportionment:US.BlockGroups;PointsLayer:US.BlockPoints,2.191,2.576,1,0,0,0.0,0.0,0.0,0.0,0.0,0.0,0.0,0.0,,,,,,,,,,1.295,17.47,29.74,16.36,0,0,,,0,0,0,0,0,0,0,0,0,0,0,0,6,4,1,0,0,9,3261.38,102.5,8,3130.94,102.5,1,288.64,621.56,0,4,2620.31,103.0,1.53,1,0.0,0,2.63,1,98.37,1,0.0,0,2.91,17.27,71.45,0.88,10.4,5,79.14,0,AE-53,31,53,0,0,33.7640832513602,-118.28549450484148,reconstructed,0.6032374557442011,total_crime_est,nearest_osm_major_road_m,0.11739873496437685
28,-1,22,US,23,BlockApportionment:US.BlockGroups;PointsLayer:US.BlockPoints,2.191,2.576,1,124,91,8,0,87.5,0,0.0,22,US,23,BlockApportionment:US.BlockGroups;PointsLayer:US.BlockPoints,2.191,2.576,1,0,0,38.46,0.0,4.17,7.69,0.0,17.39,0.0,0.0,,,,,,,,,,1.295,17.47,29.74,16.36,0,0,,,0,0,0,0,0,0,0,0,0,0,0,0,4,3,0,0,0,11,1552.09,467.86,2,246.68,497.94,0,0.0,1512.91,0,0,0.0,696.57,28.75,1,0.0,0,5.63,1,69.99,1,0.0,0,0.0,1.94,68.84,23.5,5.72,5,78.19,6,AF-53,32,53,0,1,33.764006249668896,-118.27410828645084,reconstructed,0.5595004651967075,pct_hs_grad,nearest_osm_major_road_m,-0.06189895262806547
29,-1,23,US,24,BlockApportionment:US.BlockGroups;PointsLayer:US.BlockPoints,2.191,2.576,1,162,195,50,1057,28.0,17,0.0,23,US,24,BlockApportionment:US.BlockGroups;PointsLayer:US.BlockPoints,2.191,2.576,1,58,52,16.67,0.0,0.0,0.0,100.0,100.0,0.0,50.0,,,,,,,,,,1.295,17.47,29.74,16.36,0,0,,,0,0,1,0,0,0,0,0,0,0,0,0,9,9,0,0,0,1,7.9,703.33,0,0.0,1077.57,1,1205.7,164.12,2,0,0.0,1088.84,47.15,1,0.0,0,0.0,0,46.69,1,0.0,0,0.26,4.84,53.87,28.35,12.94,5,67.63,0,AH-53,34,53,0,0,33.76385224628629,-118.25133584966952,reconstructed,0.5636065898962167,pct_household_disability,fema_flood_hazard_area_pct,0.06120202021484558
30,-1,24,US,25,BlockApportionment:US.BlockGroups;PointsLayer:US.BlockPoints,2.191,2.576,1,79,112,1680,221,38.21,135,3.8,24,US,25,BlockApportionment:US.BlockGroups;PointsLayer:US.BlockPoints,2.191,2.576,1,112,113,17.94,3.13,4.93,0.94,16.91,11.84,1.24,18.81,,,,,,,,,,1.295,17.47,29.74,16.36,0,0,,,3,0,0,0,0,0,0,0,0,0,0,0,24,25,0,0,0,8,1452.91,94.07,0,0.0,1361.46,0,0.0,776.51,1,0,0.0,1119.33,4.4,1,0.0,0,0.78,1,62.48,1,0.0,0,3.26,37.8,30.13,2.47,29.6,5,50.11,0,AD-52,30,52,0,0,33.77514878247062,-118.29688108280996,reconstructed,0.5698810102221231,water_proxy_pct,bare_ground_proxy_pct,0.03813859676772466
31,-1,25,US,26,BlockApportionment:US.BlockGroups;PointsLayer:US.BlockPoints,2.191,2.576,1,119,155,108,105,77.78,44,1.45,25,US,26,BlockApportionment:US.BlockGroups;PointsLayer:US.BlockPoints,2.191,2.576,1,56,57,24.62,1.33,4.46,4.62,38.89,35.14,5.0,25.0,,,,,,,,,,1.295,17.47,29.74,16.36,0,0,,,0,0,0,0,0,0,0,0,0,0,0,0,13,16,0,0,0,28,3696.97,427.74,27,3659.82,427.74,0,0.0,890.08,0,2,1913.72,498.44,0.0,0,0.0,0,0.83,1,100.0,1,0.0,0,0.09,1.67,82.66,0.97,14.7,5,87.84,0,AE-52,31,52,0,0,33.77507178077932,-118.28549486441932,reconstructed,0.5636191554455813,pct_no_schooling,osm_amenity_count,-0.015572280183128912
32,-1,26,US,27,BlockApportionment:US.BlockGroups;PointsLayer:US.BlockPoints,2.191,2.576,1,116,103,11607,102,90.85,65,1.16,26,US,27,BlockApportionment:US.BlockGroups;PointsLayer:US.BlockPoints,2.191,2.576,1,68,70,28.08,1.42,6.25,5.82,36.18,25.31,5.64,22.0,,,,,,,,,,1.295,17.47,29.74,16.36,0,0,,,36,0,0,0,0,1,1,0,0,0,0,0,409,410,0,0,3,17,1718.04,496.0,17,1718.04,496.0,0,0.0,793.76,2,2,1104.73,539.92,0.0,0,0.0,0,0.0,0,100.0,1,0.0,0,0.79,14.98,62.47,1.23,21.32,5,73.49,2,AF-52,32,52,2,1,33.77499477908802,-118.27410864602868,reconstructed,0.5933623575905583,recreation_center_count,business_sites_count,-0.00978166989174586
33,159,27,US,28,BlockApportionment:US.BlockGroups;PointsLayer:US.BlockPoints,2.191,2.576,1,125,149,1412,64,89.09,81,3.22,27,US,28,BlockApportionment:US.BlockGroups;PointsLayer:US.BlockPoints,2.191,2.576,1,69,71,30.44,3.43,7.67,1.56,41.52,20.25,2.72,18.2,api_test_workflow_v2_remaining_model6_2026-05-08,33.77420989,-118.25900579,"320 E D ST, 90744",0.0,33.7742098882_-118.259005789_0.jpg,1.0,0.9212,tent,1.295,17.47,29.74,16.36,0,0,,,0,0,0,0,0,1,0,1,1,0,0,1,232,216,0,0,4,18,1400.6,66.58,0,0.0,1251.59,0,0.0,1050.71,2,0,0.0,1574.75,0.1,1,0.0,0,0.0,0,100.0,1,0.0,0,0.26,7.67,79.03,1.41,11.89,5,85.24,0,AG-52,33,52,1,0,33.77491777739672,-118.262722427638,detection_avg,0.567388466904835,recreation_center_count,business_sites_count,0.019969758936540398
34,160,27,US,28,BlockApportionment:US.BlockGroups;PointsLayer:US.BlockPoints,2.191,2.576,1,125,149,1412,64,89.09,81,3.22,27,US,28,BlockApportionment:US.BlockGroups;PointsLayer:US.BlockPoints,2.191,2.576,1,69,71,30.44,3.43,7.67,1.56,41.52,20.25,2.72,18.2,api_test_workflow_v2_remaining_model6_2026-05-08,33.77420989,-118.25900579,"320 E D ST, 90744",90.0,33.7742098882_-118.259005789_90.jpg,2.0,0.9005,tent,1.295,17.47,29.74,16.36,0,0,,,0,0,0,0,0,1,0,1,1,0,0,1,232,216,0,0,4,18,1400.6,66.58,0,0.0,1251.59,0,0.0,1050.71,2,0,0.0,1574.75,0.1,1,0.0,0,0.0,0,100.0,1,0.0,0,0.26,7.67,79.03,1.41,11.89,5,85.24,1,AG-52,33,52,1,1,33.77491777739672,-118.262722427638,detection_avg,0.567388466904835,recreation_center_count,business_sites_count,0.019969758936540398
35,161,27,US,28,BlockApportionment:US.BlockGroups;PointsLayer:US.BlockPoints,2.191,2.576,1,125,149,1412,64,89.09,81,3.22,27,US,28,BlockApportionment:US.BlockGroups;PointsLayer:US.BlockPoints,2.191,2.576,1,69,71,30.44,3.43,7.67,1.56,41.52,20.25,2.72,18.2,api_test_workflow_v2_remaining_model6_2026-05-08,33.77420989,-118.25900579,"320 E D ST, 90744",270.0,33.7742098882_-118.259005789_270.jpg,2.0,0.8533,tent,1.295,17.47,29.74,16.36,0,0,,,0,0,0,0,0,1,0,1,1,0,0,1,232,216,0,0,4,18,1400.6,66.58,0,0.0,1251.59,0,0.0,1050.71,2,0,0.0,1574.75,0.1,1,0.0,0,0.0,0,100.0,1,0.0,0,0.26,7.67,79.03,1.41,11.89,5,85.24,2,AG-52,33,52,1,1,33.77491777739672,-118.262722427638,detection_avg,0.567388466904835,recreation_center_count,business_sites_count,0.019969758936540398
36,214,27,US,28,BlockApportionment:US.BlockGroups;PointsLayer:US.BlockPoints,2.191,2.576,1,125,149,1412,64,89.09,81,3.22,27,US,28,BlockApportionment:US.BlockGroups;PointsLayer:US.BlockPoints,2.191,2.576,1,69,71,30.44,3.43,7.67,1.56,41.52,20.25,2.72,18.2,api_test_workflow_v2_30pct_model6_2026-05-08,33.77431047,-118.26060778,"402 N BROAD AVE, 90744",0.0,33.7743104695_-118.260607776_0.jpg,1.0,0.6938,tent,1.295,17.47,29.74,16.36,0,0,,,0,0,0,0,0,1,0,1,1,0,0,1,232,216,0,0,4,18,1400.6,66.58,0,0.0,1251.59,0,0.0,1050.71,2,0,0.0,1574.75,0.1,1,0.0,0,0.0,0,100.0,1,0.0,0,0.26,7.67,79.03,1.41,11.89,5,85.24,0,AG-52,33,52,1,0,33.77491777739672,-118.262722427638,detection_avg,0.567388466904835,recreation_center_count,business_sites_count,0.019969758936540398
37,483,27,US,28,BlockApportionment:US.BlockGroups;PointsLayer:US.BlockPoints,2.191,2.576,1,125,149,1412,64,89.09,81,3.22,27,US,28,BlockApportionment:US.BlockGroups;PointsLayer:US.BlockPoints,2.191,2.576,1,69,71,30.44,3.43,7.67,1.56,41.52,20.25,2.72,18.2,api_test_workflow_v2_20pct_model6_2026-05-07,33.77314083,-118.25787981,"300 N QUAY AVE, 90744",270.0,33.7731408315_-118.257879811_270.jpg,2.0,0.795,tent,1.295,17.47,29.74,16.36,0,0,,,0,0,0,0,0,1,0,1,1,0,0,1,232,216,0,0,4,18,1400.6,66.58,0,0.0,1251.59,0,0.0,1050.71,2,0,0.0,1574.75,0.1,1,0.0,0,0.0,0,100.0,1,0.0,0,0.26,7.67,79.03,1.41,11.89,5,85.24,1,AG-52,33,52,1,1,33.77491777739672,-118.262722427638,detection_avg,0.567388466904835,recreation_center_count,business_sites_count,0.019969758936540398
38,1317,27,US,28,BlockApportionment:US.BlockGroups;PointsLayer:US.BlockPoints,2.191,2.576,1,125,149,1412,64,89.09,81,3.22,27,US,28,BlockApportionment:US.BlockGroups;PointsLayer:US.BlockPoints,2.191,2.576,1,69,71,30.44,3.43,7.67,1.56,41.52,20.25,2.72,18.2,api_test_workflow_v2_remaining_model6_2026-05-08,33.77417421,-118.25924437,"302 E D ST, 90744",0.0,33.7741742083_-118.259244368_0.jpg,1.0,0.8396,tent,1.295,17.47,29.74,16.36,0,0,,,0,0,0,0,0,1,0,1,1,0,0,1,232,216,0,0,4,18,1400.6,66.58,0,0.0,1251.59,0,0.0,1050.71,2,0,0.0,1574.75,0.1,1,0.0,0,0.0,0,100.0,1,0.0,0,0.26,7.67,79.03,1.41,11.89,5,85.24,0,AG-52,33,52,1,0,33.77491777739672,-118.262722427638,detection_avg,0.567388466904835,recreation_center_count,business_sites_count,0.019969758936540398
39,1487,27,US,28,BlockApportionment:US.BlockGroups;PointsLayer:US.BlockPoints,2.191,2.576,1,125,149,1412,64,89.09,81,3.22,27,US,28,BlockApportionment:US.BlockGroups;PointsLayer:US.BlockPoints,2.191,2.576,1,69,71,30.44,3.43,7.67,1.56,41.52,20.25,2.72,18.2,api_test_workflow_v8_remaining_location_deduped_10pct_2026-05-22,33.77423658,-118.25891991,"336 E D ST, 90744",0.0,33.774236576_-118.258919912_0.jpg,3.0,0.9341,tent,1.295,17.47,29.74,16.36,0,0,,,0,0,0,0,0,1,0,1,1,0,0,1,232,216,0,0,4,18,1400.6,66.58,0,0.0,1251.59,0,0.0,1050.71,2,0,0.0,1574.75,0.1,1,0.0,0,0.0,0,100.0,1,0.0,0,0.26,7.67,79.03,1.41,11.89,5,85.24,0,AG-52,33,52,1,0,33.77491777739672,-118.262722427638,detection_avg,0.567388466904835,recreation_center_count,business_sites_count,0.019969758936540398
40,1489,27,US,28,BlockApportionment:US.BlockGroups;PointsLayer:US.BlockPoints,2.191,2.576,1,125,149,1412,64,89.09,81,3.22,27,US,28,BlockApportionment:US.BlockGroups;PointsLayer:US.BlockPoints,2.191,2.576,1,69,71,30.44,3.43,7.67,1.56,41.52,20.25,2.72,18.2,api_test_workflow_v8_remaining_location_deduped_10pct_2026-05-22,33.77423658,-118.25891991,"336 E D ST, 90744",90.0,33.774236576_-118.258919912_90.jpg,2.0,0.9095,tent,1.295,17.47,29.74,16.36,0,0,,,0,0,0,0,0,1,0,1,1,0,0,1,232,216,0,0,4,18,1400.6,66.58,0,0.0,1251.59,0,0.0,1050.71,2,0,0.0,1574.75,0.1,1,0.0,0,0.0,0,100.0,1,0.0,0,0.26,7.67,79.03,1.41,11.89,5,85.24,0,AG-52,33,52,1,0,33.77491777739672,-118.262722427638,detection_avg,0.567388466904835,recreation_center_count,business_sites_count,0.019969758936540398
41,1492,27,US,28,BlockApportionment:US.BlockGroups;PointsLayer:US.BlockPoints,2.191,2.576,1,125,149,1412,64,89.09,81,3.22,27,US,28,BlockApportionment:US.BlockGroups;PointsLayer:US.BlockPoints,2.191,2.576,1,69,71,30.44,3.43,7.67,1.56,41.52,20.25,2.72,18.2,api_test_workflow_v8_remaining_location_deduped_10pct_2026-05-22,33.77423658,-118.25891991,"336 E D ST, 90744",270.0,33.774236576_-118.258919912_270.jpg,1.0,0.7926,tent,1.295,17.47,29.74,16.36,0,0,,,0,0,0,0,0,1,0,1,1,0,0,1,232,216,0,0,4,18,1400.6,66.58,0,0.0,1251.59,0,0.0,1050.71,2,0,0.0,1574.75,0.1,1,0.0,0,0.0,0,100.0,1,0.0,0,0.26,7.67,79.03,1.41,11.89,5,85.24,0,AG-52,33,52,1,0,33.77491777739672,-118.262722427638,detection_avg,0.567388466904835,recreation_center_count,business_sites_count,0.019969758936540398
42,1713,27,US,28,BlockApportionment:US.BlockGroups;PointsLayer:US.BlockPoints,2.191,2.576,1,125,149,1412,64,89.09,81,3.22,27,US,28,BlockApportionment:US.BlockGroups;PointsLayer:US.BlockPoints,2.191,2.576,1,69,71,30.44,3.43,7.67,1.56,41.52,20.25,2.72,18.2,api_test_workflow_v8_remaining_location_deduped_final_after10_30_2026-05-23,33.77563421,-118.26082707,"E ST AT BROAD AVE, 90744",90.0,33.7756342132_-118.260827068_90.jpg,4.0,0.8362,tent,1.295,17.47,29.74,16.36,0,0,,,0,0,0,0,0,1,0,1,1,0,0,1,232,216,0,0,4,18,1400.6,66.58,0,0.0,1251.59,0,0.0,1050.71,2,0,0.0,1574.75,0.1,1,0.0,0,0.0,0,100.0,1,0.0,0,0.26,7.67,79.03,1.41,11.89,5,85.24,0,AG-52,33,52,1,0,33.77491777739672,-118.262722427638,detection_avg,0.567388466904835,recreation_center_count,business_sites_count,0.019969758936540398
43,1714,27,US,28,BlockApportionment:US.BlockGroups;PointsLayer:US.BlockPoints,2.191,2.576,1,125,149,1412,64,89.09,81,3.22,27,US,28,BlockApportionment:US.BlockGroups;PointsLayer:US.BlockPoints,2.191,2.576,1,69,71,30.44,3.43,7.67,1.56,41.52,20.25,2.72,18.2,api_test_workflow_v8_remaining_location_deduped_final_after10_30_2026-05-23,33.77563421,-118.26082707,"E ST AT BROAD AVE, 90744",180.0,33.7756342132_-118.260827068_180.jpg,1.0,0.8012,tent,1.295,17.47,29.74,16.36,0,0,,,0,0,0,0,0,1,0,1,1,0,0,1,232,216,0,0,4,18,1400.6,66.58,0,0.0,1251.59,0,0.0,1050.71,2,0,0.0,1574.75,0.1,1,0.0,0,0.0,0,100.0,1,0.0,0,0.26,7.67,79.03,1.41,11.89,5,85.24,0,AG-52,33,52,1,0,33.77491777739672,-118.262722427638,detection_avg,0.567388466904835,recreation_center_count,business_sites_count,0.019969758936540398
44,1758,27,US,28,BlockApportionment:US.BlockGroups;PointsLayer:US.BlockPoints,2.191,2.576,1,125,149,1412,64,89.09,81,3.22,27,US,28,BlockApportionment:US.BlockGroups;PointsLayer:US.BlockPoints,2.191,2.576,1,69,71,30.44,3.43,7.67,1.56,41.52,20.25,2.72,18.2,api_test_workflow_v8_remaining_location_deduped_30pct_after10_2026-05-22,33.77420095,-118.25906475,"304 E D ST, 90744",0.0,33.7742009541_-118.259064746_0.jpg,1.0,0.9528,tent,1.295,17.47,29.74,16.36,0,0,,,0,0,0,0,0,1,0,1,1,0,0,1,232,216,0,0,4,18,1400.6,66.58,0,0.0,1251.59,0,0.0,1050.71,2,0,0.0,1574.75,0.1,1,0.0,0,0.0,0,100.0,1,0.0,0,0.26,7.67,79.03,1.41,11.89,5,85.24,0,AG-52,33,52,1,0,33.77491777739672,-118.262722427638,detection_avg,0.567388466904835,recreation_center_count,business_sites_count,0.019969758936540398
45,1759,27,US,28,BlockApportionment:US.BlockGroups;PointsLayer:US.BlockPoints,2.191,2.576,1,125,149,1412,64,89.09,81,3.22,27,US,28,BlockApportionment:US.BlockGroups;PointsLayer:US.BlockPoints,2.191,2.576,1,69,71,30.44,3.43,7.67,1.56,41.52,20.25,2.72,18.2,api_test_workflow_v8_remaining_location_deduped_30pct_after10_2026-05-22,33.77420095,-118.25906475,"304 E D ST, 90744",90.0,33.7742009541_-118.259064746_90.jpg,2.0,0.8061,tent,1.295,17.47,29.74,16.36,0,0,,,0,0,0,0,0,1,0,1,1,0,0,1,232,216,0,0,4,18,1400.6,66.58,0,0.0,1251.59,0,0.0,1050.71,2,0,0.0,1574.75,0.1,1,0.0,0,0.0,0,100.0,1,0.0,0,0.26,7.67,79.03,1.41,11.89,5,85.24,0,AG-52,33,52,1,0,33.77491777739672,-118.262722427638,detection_avg,0.567388466904835,recreation_center_count,business_sites_count,0.019969758936540398
46,1760,27,US,28,BlockApportionment:US.BlockGroups;PointsLayer:US.BlockPoints,2.191,2.576,1,125,149,1412,64,89.09,81,3.22,27,US,28,BlockApportionment:US.BlockGroups;PointsLayer:US.BlockPoints,2.191,2.576,1,69,71,30.44,3.43,7.67,1.56,41.52,20.25,2.72,18.2,api_test_workflow_v8_remaining_location_deduped_30pct_after10_2026-05-22,33.77420095,-118.25906475,"304 E D ST, 90744",270.0,33.7742009541_-118.259064746_270.jpg,1.0,0.9042,tent,1.295,17.47,29.74,16.36,0,0,,,0,0,0,0,0,1,0,1,1,0,0,1,232,216,0,0,4,18,1400.6,66.58,0,0.0,1251.59,0,0.0,1050.71,2,0,0.0,1574.75,0.1,1,0.0,0,0.0,0,100.0,1,0.0,0,0.26,7.67,79.03,1.41,11.89,5,85.24,0,AG-52,33,52,1,0,33.77491777739672,-118.262722427638,detection_avg,0.567388466904835,recreation_center_count,business_sites_count,0.019969758936540398
47,1831,27,US,28,BlockApportionment:US.BlockGroups;PointsLayer:US.BlockPoints,2.191,2.576,1,125,149,1412,64,89.09,81,3.22,27,US,28,BlockApportionment:US.BlockGroups;PointsLayer:US.BlockPoints,2.191,2.576,1,69,71,30.44,3.43,7.67,1.56,41.52,20.25,2.72,18.2,api_test_workflow_v8_remaining_location_deduped_final_after10_30_2026-05-23,33.77430619,-118.25941567,"LAKME AVE AT D ST, 90744",0.0,33.7743061868_-118.25941567_0.jpg,1.0,0.9193,tent,1.295,17.47,29.74,16.36,0,0,,,0,0,0,0,0,1,0,1,1,0,0,1,232,216,0,0,4,18,1400.6,66.58,0,0.0,1251.59,0,0.0,1050.71,2,0,0.0,1574.75,0.1,1,0.0,0,0.0,0,100.0,1,0.0,0,0.26,7.67,79.03,1.41,11.89,5,85.24,0,AG-52,33,52,1,0,33.77491777739672,-118.262722427638,detection_avg,0.567388466904835,recreation_center_count,business_sites_count,0.019969758936540398
48,1832,27,US,28,BlockApportionment:US.BlockGroups;PointsLayer:US.BlockPoints,2.191,2.576,1,125,149,1412,64,89.09,81,3.22,27,US,28,BlockApportionment:US.BlockGroups;PointsLayer:US.BlockPoints,2.191,2.576,1,69,71,30.44,3.43,7.67,1.56,41.52,20.25,2.72,18.2,api_test_workflow_v8_remaining_location_deduped_final_after10_30_2026-05-23,33.77430619,-118.25941567,"LAKME AVE AT D ST, 90744",90.0,33.7743061868_-118.25941567_90.jpg,1.0,0.6809,tent,1.295,17.47,29.74,16.36,0,0,,,0,0,0,0,0,1,0,1,1,0,0,1,232,216,0,0,4,18,1400.6,66.58,0,0.0,1251.59,0,0.0,1050.71,2,0,0.0,1574.75,0.1,1,0.0,0,0.0,0,100.0,1,0.0,0,0.26,7.67,79.03,1.41,11.89,5,85.24,0,AG-52,33,52,1,0,33.77491777739672,-118.262722427638,detection_avg,0.567388466904835,recreation_center_count,business_sites_count,0.019969758936540398
49,-1,28,US,29,BlockApportionment:US.BlockGroups;PointsLayer:US.BlockPoints,2.191,2.576,1,154,205,678,119,90.27,69,1.48,28,US,29,BlockApportionment:US.BlockGroups;PointsLayer:US.BlockPoints,2.191,2.576,1,68,75,23.69,2.12,12.7,3.14,37.8,32.33,5.58,29.18,,,,,,,,,,1.295,17.47,29.74,16.36,0,0,,,18,0,0,0,0,0,0,1,1,0,0,0,189,174,0,0,0,7,1286.12,234.3,0,0.0,973.37,1,524.89,519.69,0,0,0.0,1066.18,7.03,1,0.0,0,0.0,0,93.55,1,0.0,0,0.09,4.14,80.02,3.7,12.15,5,85.99,0,AH-52,34,52,0,0,33.774840775705414,-118.25133620924736,reconstructed,0.5463195518510306,recreation_center_count,business_sites_count,0.018516501656732052
50,-1,29,US,30,BlockApportionment:US.BlockGroups;PointsLayer:US.BlockPoints,2.191,2.576,1,162,195,124,1036,28.23,17,0.0,29,US,30,BlockApportionment:US.BlockGroups;PointsLayer:US.BlockPoints,2.191,2.576,1,56,51,17.65,0.0,0.0,0.0,100.0,100.0,0.0,66.67,,,,,,,,,,1.295,17.47,29.74,16.36,0,0,,,0,0,0,0,0,0,0,0,0,0,0,0,0,0,0,0,0,22,4132.34,32.33,15,3872.85,32.33,2,498.29,552.21,1,4,2884.04,25.21,11.48,1,0.0,0,0.0,0,89.57,1,0.0,0,0.53,6.06,66.78,5.71,21.44,5,76.59,0,AI-52,35,52,0,0,33.774763774014104,-118.23994999085672,reconstructed,0.5598856872200023,pct_veterans,public_school_count,-0.02799988729635321
51,-1,30,US,31,BlockApportionment:US.BlockGroups;PointsLayer:US.BlockPoints,2.191,2.576,1,121,121,3817,76,43.57,111,3.61,30,US,31,BlockApportionment:US.BlockGroups;PointsLayer:US.BlockPoints,2.191,2.576,1,107,111,15.53,4.06,3.17,1.16,13.97,17.54,4.96,18.2,,,,,,,,,,1.295,17.47,29.74,16.36,0,0,,,12,0,0,0,0,0,0,0,0,0,1,0,179,170,0,0,0,47,3926.41,129.67,0,0.0,730.69,0,0.0,1159.4,4,2,2577.14,130.6,0.0,0,0.0,0,0.0,0,95.8,1,0.0,0,7.04,31.57,46.09,2.02,20.32,5,60.15,0,AC-51,29,51,0,0,33.78621431358104,-118.30826766077844,reconstructed,0.6127446769278201,transit_stops_count,food_access_count,-0.014843220276517528
52,495,31,US,32,BlockApportionment:US.BlockGroups;PointsLayer:US.BlockPoints,2.191,2.576,1,85,75,5201,117,51.24,86,2.17,31,US,32,BlockApportionment:US.BlockGroups;PointsLayer:US.BlockPoints,2.191,2.576,1,78,80,20.4,2.03,7.26,3.31,15.45,18.86,5.92,16.5,api_test_workflow_v2_20pct_model6_2026-05-07,33.78807607,-118.30147616,"1402 W 259TH ST, 90710",180.0,33.7880760667_-118.301476165_180.jpg,1.0,0.8226,tent,1.295,17.47,29.74,16.36,0,0,,,51,1,0,0,0,0,0,0,0,0,0,0,343,321,0,0,0,36,2021.4,174.45,19,1205.2,174.45,3,152.95,370.1,6,2,2412.08,168.27,15.99,1,0.0,0,3.84,1,100.0,1,0.0,0,1.98,19.07,58.15,6.38,16.39,5,70.11,0,AD-51,30,51,0,0,33.78613731188974,-118.2968814423878,detection_avg,0.5644664630023929,water_proxy_pct,bare_ground_proxy_pct,-0.025962287715773913
53,496,31,US,32,BlockApportionment:US.BlockGroups;PointsLayer:US.BlockPoints,2.191,2.576,1,85,75,5201,117,51.24,86,2.17,31,US,32,BlockApportionment:US.BlockGroups;PointsLayer:US.BlockPoints,2.191,2.576,1,78,80,20.4,2.03,7.26,3.31,15.45,18.86,5.92,16.5,api_test_workflow_v2_20pct_model6_2026-05-07,33.78807607,-118.30147616,"1402 W 259TH ST, 90710",270.0,33.7880760667_-118.301476165_270.jpg,1.0,0.7026,tent,1.295,17.47,29.74,16.36,0,0,,,51,1,0,0,0,0,0,0,0,0,0,0,343,321,0,0,0,36,2021.4,174.45,19,1205.2,174.45,3,152.95,370.1,6,2,2412.08,168.27,15.99,1,0.0,0,3.84,1,100.0,1,0.0,0,1.98,19.07,58.15,6.38,16.39,5,70.11,0,AD-51,30,51,0,0,33.78613731188974,-118.2968814423878,detection_avg,0.5644664630023929,water_proxy_pct,bare_ground_proxy_pct,-0.025962287715773913
54,-1,32,US,33,BlockApportionment:US.BlockGroups;PointsLayer:US.BlockPoints,2.191,2.576,1,103,142,1481,129,56.92,79,2.57,32,US,33,BlockApportionment:US.BlockGroups;PointsLayer:US.BlockPoints,2.191,2.576,1,82,81,20.92,2.12,5.92,3.12,20.47,18.2,6.9,11.95,,,,,,,,,,1.295,17.47,29.74,16.36,0,0,,,30,0,0,0,1,1,0,0,0,0,0,0,42,42,0,0,1,16,2887.31,437.99,16,2887.31,437.99,1,948.26,207.9,0,2,1877.66,439.27,18.61,1,0.0,0,4.55,1,100.0,1,0.0,0,9.77,46.39,33.45,4.67,15.49,5,50.48,0,AE-51,31,51,1,0,33.78606031019844,-118.28549522399716,reconstructed,0.5869245106504267,pct_household_disability,fema_flood_hazard_area_pct,-0.02360132341883475
55,80,33,US,34,BlockApportionment:US.BlockGroups;PointsLayer:US.BlockPoints,2.191,2.576,1,100,96,7897,121,89.44,87,2.45,33,US,34,BlockApportionment:US.BlockGroups;PointsLayer:US.BlockPoints,2.191,2.576,1,83,86,19.98,1.81,5.3,6.38,30.9,14.73,8.02,23.66,api_test_workflow_v2_20pct_model6_2026-05-07,33.79137711,-118.26899219,"1411 N RAVENNA AVE, 90744",0.0,33.791377106_-118.268992193_0.jpg,1.0,0.8261,tent,1.295,17.47,29.74,16.36,0,0,,,3,0,0,0,0,1,1,0,0,0,0,0,384,342,0,0,2,22,1552.46,243.68,20,1510.08,243.68,0,0.0,1016.77,1,4,2403.45,238.09,0.0,0,0.0,0,0.76,1,100.0,1,0.0,0,1.23,18.06,60.26,1.06,20.62,5,71.81,0,AF-51,32,51,2,0,33.785983308507134,-118.27410900560648,detection_avg,0.6089800093891357,private_school_count,nearest_osm_major_road_m,-0.010832869223747455
56,33,34,US,35,BlockApportionment:US.BlockGroups;PointsLayer:US.BlockPoints,2.191,2.576,1,137,151,8843,205,91.89,59,1.16,34,US,35,BlockApportionment:US.BlockGroups;PointsLayer:US.BlockPoints,2.191,2.576,1,62,66,22.98,0.76,10.91,6.07,37.87,28.64,4.08,21.51,api_test_workflow_v2_10pct_model6_2026-05-06_live,33.77921781,-118.26748771,"728 N LAGOON AVE, 90744",270.0,33.7792178061_-118.267487709_270.jpg,1.0,0.6676,tent,1.295,17.47,29.74,16.36,0,0,,,42,0,1,0,0,1,0,0,0,0,0,0,602,602,0,0,1,0,0.0,922.35,0,0.0,922.35,0,0.0,897.23,4,0,0.0,915.68,0.0,0,0.0,0,0.0,0,100.0,1,0.0,0,3.08,15.51,69.87,1.06,13.57,5,77.98,0,AG-51,33,51,1,0,33.78590630681583,-118.26272278721584,detection_avg,0.5508717139051146,total_crime_est,nearest_osm_major_road_m,-0.07383170259083129
57,567,34,US,35,BlockApportionment:US.BlockGroups;PointsLayer:US.BlockPoints,2.191,2.576,1,137,151,8843,205,91.89,59,1.16,34,US,35,BlockApportionment:US.BlockGroups;PointsLayer:US.BlockPoints,2.191,2.576,1,62,66,22.98,0.76,10.91,6.07,37.87,28.64,4.08,21.51,api_test_workflow_v2_20pct_model6_2026-05-07_batch2,33.77991981,-118.26678487,"401 W ANAHEIM ST, 90744",0.0,33.7799198082_-118.26678487_0.jpg,1.0,0.6671,tent,1.295,17.47,29.74,16.36,0,0,,,42,0,1,0,0,1,0,0,0,0,0,0,602,602,0,0,1,0,0.0,922.35,0,0.0,922.35,0,0.0,897.23,4,0,0.0,915.68,0.0,0,0.0,0,0.0,0,100.0,1,0.0,0,3.08,15.51,69.87,1.06,13.57,5,77.98,0,AG-51,33,51,1,0,33.78590630681583,-118.26272278721584,detection_avg,0.5508717139051146,total_crime_est,nearest_osm_major_road_m,-0.07383170259083129
58,1790,34,US,35,BlockApportionment:US.BlockGroups;PointsLayer:US.BlockPoints,2.191,2.576,1,137,151,8843,205,91.89,59,1.16,34,US,35,BlockApportionment:US.BlockGroups;PointsLayer:US.BlockPoints,2.191,2.576,1,62,66,22.98,0.76,10.91,6.07,37.87,28.64,4.08,21.51,api_test_workflow_v8_remaining_location_deduped_30pct_after10_2026-05-22,33.78179657,-118.26377525,"922 N MARINE AVE, 90744",90.0,33.7817965749_-118.263775251_90.jpg,1.0,0.7853,tent,1.295,17.47,29.74,16.36,0,0,,,42,0,1,0,0,1,0,0,0,0,0,0,602,602,0,0,1,0,0.0,922.35,0,0.0,922.35,0,0.0,897.23,4,0,0.0,915.68,0.0,0,0.0,0,0.0,0,100.0,1,0.0,0,3.08,15.51,69.87,1.06,13.57,5,77.98,0,AG-51,33,51,1,0,33.78590630681583,-118.26272278721584,detection_avg,0.5508717139051146,total_crime_est,nearest_osm_major_road_m,-0.07383170259083129
59,1834,34,US,35,BlockApportionment:US.BlockGroups;PointsLayer:US.BlockPoints,2.191,2.576,1,137,151,8843,205,91.89,59,1.16,34,US,35,BlockApportionment:US.BlockGroups;PointsLayer:US.BlockPoints,2.191,2.576,1,62,66,22.98,0.76,10.91,6.07,37.87,28.64,4.08,21.51,api_test_workflow_v8_remaining_location_deduped_final_after10_30_2026-05-23,33.77970868,-118.26337399,"140 W ANAHEIM ST, 90744",270.0,33.7797086794_-118.263373995_270.jpg,1.0,0.7725,tent,1.295,17.47,29.74,16.36,0,0,,,42,0,1,0,0,1,0,0,0,0,0,0,602,602,0,0,1,0,0.0,922.35,0,0.0,922.35,0,0.0,897.23,4,0,0.0,915.68,0.0,0,0.0,0,0.0,0,100.0,1,0.0,0,3.08,15.51,69.87,1.06,13.57,5,77.98,0,AG-51,33,51,1,0,33.78590630681583,-118.26272278721584,detection_avg,0.5508717139051146,total_crime_est,nearest_osm_major_road_m,-0.07383170259083129
60,-1,35,US,36,BlockApportionment:US.BlockGroups;PointsLayer:US.BlockPoints,2.191,2.576,1,135,145,6132,131,92.35,95,2.78,35,US,36,BlockApportionment:US.BlockGroups;PointsLayer:US.BlockPoints,2.191,2.576,1,82,85,26.77,1.39,8.11,6.29,32.56,8.5,1.59,25.12,,,,,,,,,,1.295,17.47,29.74,16.36,0,0,,,0,0,0,0,0,0,0,0,1,0,0,0,255,222,0,1,2,18,1042.55,282.3,18,1042.55,282.3,1,113.62,583.33,2,2,2084.99,277.88,0.0,0,0.0,0,0.0,0,100.0,1,0.0,0,2.29,18.06,62.73,1.06,18.15,5,73.22,0,AH-51,34,51,0,0,33.78582930512453,-118.2513365688252,reconstructed,0.5695883467111473,transit_stops_count,food_access_count,0.02508205821000508
61,988,36,US,37,BlockApportionment:US.BlockGroups;PointsLayer:US.BlockPoints,2.191,2.576,1,112,130,707,81,90.38,97,1.38,36,US,37,BlockApportionment:US.BlockGroups;PointsLayer:US.BlockPoints,2.191,2.576,1,85,87,32.64,1.32,6.11,1.61,22.76,11.88,3.06,29.08,api_test_workflow_v2_20pct_model6_2026-05-07_batch2,33.78366847,-118.23920272,"939 N VREELAND AVE, 90744",0.0,33.7836684679_-118.239202724_0.jpg,1.0,0.9069,tent,1.295,17.47,29.74,16.36,0,0,,,15,0,0,0,0,0,0,0,0,0,0,0,193,177,0,0,0,28,2451.85,188.88,0,0.0,708.24,3,1165.0,250.31,2,0,0.0,717.39,5.05,1,0.0,0,0.0,0,99.94,1,0.0,0,0.18,4.58,71.92,2.9,20.6,5,80.29,0,AI-51,35,51,0,0,33.78575230343323,-118.23995035043454,detection_avg,0.5613452201672248,pct_hs_grad,nearest_osm_major_road_m,0.03974813177724612
62,1447,36,US,37,BlockApportionment:US.BlockGroups;PointsLayer:US.BlockPoints,2.191,2.576,1,112,130,707,81,90.38,97,1.38,36,US,37,BlockApportionment:US.BlockGroups;PointsLayer:US.BlockPoints,2.191,2.576,1,85,87,32.64,1.32,6.11,1.61,22.76,11.88,3.06,29.08,api_test_workflow_v8_remaining_location_deduped_30pct_after10_2026-05-22,33.78382846,-118.23908694,"VREELAND AVE AT OPP ST, 90744",90.0,33.7838284638_-118.239086944_90.jpg,1.0,0.9057,tent,1.295,17.47,29.74,16.36,0,0,,,15,0,0,0,0,0,0,0,0,0,0,0,193,177,0,0,0,28,2451.85,188.88,0,0.0,708.24,3,1165.0,250.31,2,0,0.0,717.39,5.05,1,0.0,0,0.0,0,99.94,1,0.0,0,0.18,4.58,71.92,2.9,20.6,5,80.29,0,AI-51,35,51,0,0,33.78575230343323,-118.23995035043454,detection_avg,0.5613452201672248,pct_hs_grad,nearest_osm_major_road_m,0.03974813177724612
63,1860,36,US,37,BlockApportionment:US.BlockGroups;PointsLayer:US.BlockPoints,2.191,2.576,1,112,130,707,81,90.38,97,1.38,36,US,37,BlockApportionment:US.BlockGroups;PointsLayer:US.BlockPoints,2.191,2.576,1,85,87,32.64,1.32,6.11,1.61,22.76,11.88,3.06,29.08,api_test_workflow_v8_remaining_location_deduped_final_after10_30_2026-05-23,33.78394574,-118.24348481,"1018 N ALAMEDA ST, 90744",180.0,33.7839457364_-118.243484806_180.jpg,1.0,0.8528,tent,1.295,17.47,29.74,16.36,0,0,,,15,0,0,0,0,0,0,0,0,0,0,0,193,177,0,0,0,28,2451.85,188.88,0,0.0,708.24,3,1165.0,250.31,2,0,0.0,717.39,5.05,1,0.0,0,0.0,0,99.94,1,0.0,0,0.18,4.58,71.92,2.9,20.6,5,80.29,0,AI-51,35,51,0,0,33.78575230343323,-118.23995035043454,detection_avg,0.5613452201672248,pct_hs_grad,nearest_osm_major_road_m,0.03974813177724612
64,-1,37,US,38,BlockApportionment:US.BlockGroups;PointsLayer:US.BlockPoints,2.191,2.576,1,162,195,4,0,25.0,9,0.0,37,US,38,BlockApportionment:US.BlockGroups;PointsLayer:US.BlockPoints,2.191,2.576,1,0,0,0.0,0.0,0.0,0.0,0.0,100.0,0.0,0.0,,,,,,,,,,1.295,17.47,29.74,16.36,0,0,,,0,0,0,0,0,0,0,0,0,0,0,0,21,18,0,0,0,90,8456.95,216.24,90,8456.95,216.24,1,981.68,367.17,0,4,4512.23,235.35,4.56,1,0.0,0,0.0,0,100.0,1,0.0,0,0.44,6.16,72.12,2.37,19.35,5,80.35,0,AJ-51,36,51,0,0,33.785675301741925,-118.22856413204389,reconstructed,0.5729011062614385,pct_veterans,public_school_count,-0.02799988729635321
65,-1,38,US,39,BlockApportionment:US.BlockGroups;PointsLayer:US.BlockPoints,2.191,2.576,1,102,84,7048,117,58.7,94,3.52,38,US,39,BlockApportionment:US.BlockGroups;PointsLayer:US.BlockPoints,2.191,2.576,1,92,97,16.19,2.99,6.24,4.32,17.74,12.92,0.8,22.92,,,,,,,,,,1.295,17.47,29.74,16.36,0,0,,,24,0,0,0,0,1,3,0,0,0,0,0,239,245,0,0,3,59,3291.23,72.48,14,845.8,491.87,0,0.0,1493.74,17,4,4132.88,71.79,0.0,0,0.0,0,0.0,0,100.0,1,0.0,0,2.11,16.8,69.66,0.88,12.66,5,78.13,0,AC-50,29,50,4,0,33.797202843000164,-118.30826802035628,reconstructed,0.6262393721081827,private_school_count,nearest_osm_major_road_m,-0.03606817990345184
66,-1,39,US,40,BlockApportionment:US.BlockGroups;PointsLayer:US.BlockPoints,2.191,2.576,1,76,66,7680,164,40.07,93,4.05,39,US,40,BlockApportionment:US.BlockGroups;PointsLayer:US.BlockPoints,2.191,2.576,1,99,101,18.1,3.84,3.69,2.96,31.81,9.87,1.67,27.49,,,,,,,,,,1.295,17.47,29.74,16.36,0,0,,,3,0,1,0,0,1,0,1,0,0,0,0,304,288,0,0,3,37,2328.45,42.55,0,0.0,768.61,0,0.0,751.35,0,0,0.0,764.1,0.0,0,0.0,0,0.0,0,100.0,1,0.0,0,0.35,9.24,72.62,0.7,17.43,5,80.73,0,AD-50,30,50,1,0,33.79712584130886,-118.29688180196564,reconstructed,0.5884035676582668,total_crime_est,nearest_osm_major_road_m,0.05433003428533058
67,1013,40,US,41,BlockApportionment:US.BlockGroups;PointsLayer:US.BlockPoints,2.191,2.576,1,100,76,3138,157,52.74,101,1.76,40,US,41,BlockApportionment:US.BlockGroups;PointsLayer:US.BlockPoints,2.191,2.576,1,89,93,23.96,2.0,3.19,2.7,23.2,16.19,10.31,18.58,api_test_workflow_v8_remaining_location_deduped_10pct_2026-05-22,33.79566839,-118.29069845,"25200 S VERMONT AVE, 90710",90.0,33.7956683896_-118.290698452_90.jpg,1.0,0.7515,tent,1.295,17.47,29.74,16.36,0,0,,,30,0,0,0,0,0,1,0,1,0,0,0,160,161,0,1,0,78,5765.47,124.93,58,4806.02,124.93,6,2428.58,52.94,2,4,4729.85,128.82,7.03,1,0.0,0,2.61,1,100.0,1,0.0,0,6.6,24.38,55.19,3.17,17.25,5,66.65,0,AE-50,31,50,1,0,33.79704883961756,-118.28549558357498,detection_avg,0.5812134164072126,burglary_crime_est,food_access_count,0.04304242985722197
68,-1,41,US,42,BlockApportionment:US.BlockGroups;PointsLayer:US.BlockPoints,2.191,2.576,1,105,95,4232,200,75.38,135,3.29,41,US,42,BlockApportionment:US.BlockGroups;PointsLayer:US.BlockPoints,2.191,2.576,1,112,112,23.61,2.53,5.87,10.62,24.48,4.87,1.54,27.85,,,,,,,,,,1.295,17.47,29.74,16.36,0,0,,,0,0,0,0,0,0,0,0,0,0,0,0,93,86,0,1,1,0,0.0,944.16,0,0.0,976.35,0,0.0,1119.34,0,0,0.0,969.47,0.0,0,0.0,0,0.0,0,100.0,1,0.0,0,0.95,17.27,63.64,0.26,18.83,5,74.26,0,AF-50,32,50,0,0,33.79697183792626,-118.27410936518432,reconstructed,0.5713422283680746,burglary_crime_est,food_access_count,0.03253862292305893
69,-1,42,US,43,BlockApportionment:US.BlockGroups;PointsLayer:US.BlockPoints,2.191,2.576,1,107,103,4967,198,89.35,99,2.73,42,US,43,BlockApportionment:US.BlockGroups;PointsLayer:US.BlockPoints,2.191,2.576,1,87,94,22.05,1.95,5.46,6.57,42.63,16.54,4.33,24.27,,,,,,,,,,1.295,17.47,29.74,16.36,0,0,,,30,0,0,1,0,4,0,0,0,0,0,1,278,251,0,0,9,19,1075.78,296.3,19,1075.78,296.3,1,28.32,598.49,6,2,2152.3,290.19,0.01,1,0.0,0,0.0,0,100.0,1,0.0,0,2.29,16.55,63.73,0.97,18.75,5,73.92,0,AG-50,33,50,4,0,33.79689483623495,-118.26272314679368,reconstructed,0.5784686453205464,pct_veterans,public_school_count,0.02085103396881271
70,-1,43,US,44,BlockApportionment:US.BlockGroups;PointsLayer:US.BlockPoints,2.191,2.576,1,143,190,128,193,89.84,95,0.0,43,US,44,BlockApportionment:US.BlockGroups;PointsLayer:US.BlockPoints,2.191,2.576,1,74,82,29.03,0.0,3.45,3.23,44.44,32.76,6.9,24.14,,,,,,,,,,1.295,17.47,29.74,16.36,0,0,,,0,0,0,0,0,0,0,0,0,0,0,0,12,12,0,0,0,0,0.0,916.3,0,0.0,916.3,0,0.0,1097.19,0,0,0.0,910.98,1.9,1,0.0,0,0.0,0,100.0,1,0.0,0,0.26,3.71,77.37,2.94,15.98,5,84.08,1,AH-50,34,50,0,1,33.796817834543646,-118.25133692840302,reconstructed,0.5767422572675656,pct_hs_grad,nearest_osm_major_road_m,-0.0759215233573956
71,1452,44,US,45,BlockApportionment:US.BlockGroups;PointsLayer:US.BlockPoints,2.191,2.576,1,138,179,1015,169,88.28,96,0.29,44,US,45,BlockApportionment:US.BlockGroups;PointsLayer:US.BlockPoints,2.191,2.576,1,79,82,31.41,0.15,3.7,2.89,37.65,28.85,5.67,25.1,api_test_workflow_v8_remaining_location_deduped_30pct_after10_2026-05-22,33.79040809,-118.24119818,"MAURETANIA ST AT ALAMEDA ST, 90744",90.0,33.7904080908_-118.241198177_90.jpg,1.0,0.8371,tent,1.295,17.47,29.74,16.36,0,0,,,0,0,0,0,0,0,0,0,0,0,0,0,92,84,0,0,0,36,3452.57,4.52,27,2093.16,51.4,0,0.0,855.77,0,2,2192.28,272.66,3.61,1,0.0,0,0.0,0,100.0,1,0.0,0,0.79,4.85,81.59,0.35,13.22,5,86.88,0,AI-50,35,50,0,0,33.79674083285234,-118.23995071001238,detection_avg,0.5502039042729413,total_crime_est,nearest_osm_major_road_m,0.025781899329632037
72,1670,44,US,45,BlockApportionment:US.BlockGroups;PointsLayer:US.BlockPoints,2.191,2.576,1,138,179,1015,169,88.28,96,0.29,44,US,45,BlockApportionment:US.BlockGroups;PointsLayer:US.BlockPoints,2.191,2.576,1,79,82,31.41,0.15,3.7,2.89,37.65,28.85,5.67,25.1,api_test_workflow_v8_remaining_location_deduped_30pct_after10_2026-05-22,33.79172826,-118.24355445,"1320 N COIL AVE, 90744",0.0,33.791728261_-118.243554453_0.jpg,2.0,0.89,tent,1.295,17.47,29.74,16.36,0,0,,,0,0,0,0,0,0,0,0,0,0,0,0,92,84,0,0,0,36,3452.57,4.52,27,2093.16,51.4,0,0.0,855.77,0,2,2192.28,272.66,3.61,1,0.0,0,0.0,0,100.0,1,0.0,0,0.79,4.85,81.59,0.35,13.22,5,86.88,0,AI-50,35,50,0,0,33.79674083285234,-118.23995071001238,detection_avg,0.5502039042729413,total_crime_est,nearest_osm_major_road_m,0.025781899329632037
73,-1,45,US,46,BlockApportionment:US.BlockGroups;PointsLayer:US.BlockPoints,2.191,2.576,1,85,103,4194,102,25.87,144,4.99,45,US,46,BlockApportionment:US.BlockGroups;PointsLayer:US.BlockPoints,2.191,2.576,1,121,123,18.41,4.33,1.3,1.88,35.48,3.06,3.51,18.43,,,,,,,,,,1.295,17.47,29.74,16.36,0,0,,,3,0,0,0,0,0,0,0,0,0,0,0,145,144,0,0,0,61,4147.47,122.45,0,0.0,755.97,1,788.04,292.45,7,0,0.0,874.87,1.71,1,0.0,0,1.71,1,100.0,1,0.0,0,0.79,12.33,63.61,0.88,23.17,5,74.29,1,AD-49,30,49,0,1,33.80811437072798,-118.29688216154346,reconstructed,0.588847788806736,pct_no_schooling,osm_amenity_count,0.02188799566489256
74,-1,46,US,47,BlockApportionment:US.BlockGroups;PointsLayer:US.BlockPoints,2.191,2.576,1,84,115,309,79,22.01,158,5.93,46,US,47,BlockApportionment:US.BlockGroups;PointsLayer:US.BlockPoints,2.191,2.576,1,130,133,23.95,6.37,1.01,2.1,0.0,1.69,3.33,28.89,,,,,,,,,,1.295,17.47,29.74,16.36,0,0,,,6,0,0,0,0,0,0,0,0,0,0,0,37,47,0,0,0,86,8501.4,251.54,33,4406.7,251.54,6,2344.93,174.05,0,2,2495.74,259.32,0.0,0,0.0,0,0.0,0,100.0,1,0.0,0,1.93,13.98,67.19,1.67,17.15,5,76.45,0,AE-49,31,49,0,0,33.80803736903668,-118.2854959431528,reconstructed,0.565830326221719,pct_public_assistance,osm_amenity_count,-0.018182901696553497
75,-1,47,US,48,BlockApportionment:US.BlockGroups;PointsLayer:US.BlockPoints,2.191,2.576,1,93,96,4711,93,55.95,139,5.06,47,US,48,BlockApportionment:US.BlockGroups;PointsLayer:US.BlockPoints,2.191,2.576,1,110,112,22.57,3.83,5.07,4.19,39.06,8.28,4.34,36.23,,,,,,,,,,1.295,17.47,29.74,16.36,0,0,,,0,0,0,0,0,1,0,0,0,0,0,0,23,15,0,1,2,46,4013.19,131.6,0,0.0,1118.34,0,0.0,1082.56,6,0,0.0,1217.14,0.0,0,0.0,0,0.0,0,100.0,1,0.0,0,1.41,15.58,65.67,1.14,17.61,5,75.55,0,AF-49,32,49,1,0,33.80796036734537,-118.27410972476216,reconstructed,0.5765083148628098,burglary_crime_est,food_access_count,0.05632107212272623
76,-1,48,US,49,BlockApportionment:US.BlockGroups;PointsLayer:US.BlockPoints,2.191,2.576,1,89,94,7625,155,47.03,98,3.5,48,US,49,BlockApportionment:US.BlockGroups;PointsLayer:US.BlockPoints,2.191,2.576,1,84,84,22.2,3.92,6.69,3.05,29.98,11.58,4.92,20.28,,,,,,,,,,1.295,17.47,29.74,16.36,0,0,,,0,0,0,0,0,1,0,2,1,0,0,0,188,176,0,0,2,24,1738.83,160.75,0,0.0,871.11,0,0.0,787.11,0,0,0.0,879.65,0.0,0,0.0,0,0.0,0,100.0,1,0.0,0,2.02,14.44,69.72,0.97,14.88,5,78.2,1,AD-48,30,48,1,1,33.8191029001471,-118.29688252112128,reconstructed,0.5719437966012457,recreation_center_count,business_sites_count,0.028176942195448373
77,-1,49,US,50,BlockApportionment:US.BlockGroups;PointsLayer:US.BlockPoints,2.191,2.576,1,90,96,6555,67,37.07,130,4.42,49,US,50,BlockApportionment:US.BlockGroups;PointsLayer:US.BlockPoints,2.191,2.576,1,106,107,18.31,4.19,3.88,3.75,27.25,9.05,2.53,19.07,,,,,,,,,,1.295,17.47,29.74,16.36,0,0,,,9,0,0,0,0,0,0,0,0,0,0,0,43,38,0,1,2,50,6828.84,6.95,11,2840.76,156.14,3,559.72,159.28,0,2,2445.58,149.93,0.0,0,0.0,0,0.0,0,100.0,1,0.0,0,0.7,11.7,67.55,0.79,19.96,5,77.07,1,AE-48,31,48,0,1,33.81902589845579,-118.28549630273064,reconstructed,0.5910232509845702,burglary_crime_est,food_access_count,0.06096044216363389
78,-1,0,US,51,BlockApportionment:US.BlockGroups;PointsLayer:US.BlockPoints,2.191,2.576,1,93,85,7153,114,40.04,146,2.9,0,US,51,BlockApportionment:US.BlockGroups;PointsLayer:US.BlockPoints,2.191,2.576,1,118,119,18.29,2.01,4.78,5.41,27.46,9.62,4.47,32.92,,,,,,,,,,1.295,17.47,29.74,16.36,0,0,,,0,0,1,0,0,5,0,0,0,0,0,0,42,40,0,0,7,23,2518.35,136.58,0,0.0,1216.91,0,0.0,1382.01,2,0,0.0,1215.05,0.0,0,0.0,0,0.0,0,100.0,1,0.0,0,2.29,18.22,63.82,0.53,17.43,5,73.99,0,AF-48,32,48,5,0,33.81894889676449,-118.27411008434,reconstructed,0.5820770542710646,pct_veterans,public_school_count,0.023040765734767977
79,-1,1,US,52,BlockApportionment:US.BlockGroups;PointsLayer:US.BlockPoints,2.191,2.576,1,48,52,5897,174,30.08,116,5.82,1,US,52,BlockApportionment:US.BlockGroups;PointsLayer:US.BlockPoints,2.191,2.576,1,94,96,19.91,5.09,4.35,3.21,19.71,8.5,3.42,25.87,,,,,,,,,,1.295,17.47,29.74,16.36,0,0,,,9,0,0,0,0,1,0,0,0,0,0,0,74,64,0,1,3,73,8258.81,40.67,26,4423.0,127.95,0,0.0,987.8,5,2,2445.37,157.5,0.0,0,0.0,0,0.0,0,100.0,1,0.0,0,0.79,15.93,63.38,0.7,19.98,5,74.13,0,AE-47,31,47,1,0,33.830014427874914,-118.28549666230847,reconstructed,0.5875834404259186,total_crime_est,nearest_osm_major_road_m,0.08905280406907368
80,-1,2,US,53,BlockApportionment:US.BlockGroups;PointsLayer:US.BlockPoints,2.191,2.576,1,105,101,5921,133,36.29,132,4.03,2,US,53,BlockApportionment:US.BlockGroups;PointsLayer:US.BlockPoints,2.191,2.576,1,107,110,20.69,3.81,6.06,3.89,23.71,14.62,3.44,30.71,,,,,,,,,,1.295,17.47,29.74,16.36,0,0,,,0,0,0,1,0,1,2,0,0,0,0,0,27,33,0,0,1,46,2194.32,365.67,0,0.0,1105.17,0,0.0,754.1,22,0,0.0,1216.75,0.0,0,0.0,0,0.0,0,100.0,1,0.0,0,1.32,15.51,70.04,0.44,14.01,5,78.63,0,AF-47,32,47,3,0,33.82993742618361,-118.27411044391782,reconstructed,0.5971452495541836,private_school_count,nearest_osm_major_road_m,0.02092443193902292
81,-1,3,US,54,BlockApportionment:US.BlockGroups;PointsLayer:US.BlockPoints,2.191,2.576,1,221,238,3835,110,38.12,129,6.75,3,US,54,BlockApportionment:US.BlockGroups;PointsLayer:US.BlockPoints,2.191,2.576,1,99,98,19.82,6.58,3.56,0.58,27.57,18.35,7.62,17.62,,,,,,,,,,1.295,17.47,29.74,16.36,0,0,,,9,0,0,0,0,0,0,0,0,0,0,0,34,35,0,0,1,93,9002.5,43.98,15,3055.98,130.47,3,781.25,545.41,3,2,2475.19,129.58,0.0,0,0.0,0,0.0,0,100.0,1,0.0,0,1.21,13.2,66.78,1.04,18.98,5,76.38,0,AE-46,31,46,0,0,33.84100295729403,-118.2854970218863,reconstructed,0.5978763803754977,burglary_crime_est,food_access_count,0.022014979866691833
82,-1,4,US,55,BlockApportionment:US.BlockGroups;PointsLayer:US.BlockPoints,2.191,2.576,1,152,153,1814,83,49.39,116,4.31,4,US,55,BlockApportionment:US.BlockGroups;PointsLayer:US.BlockPoints,2.191,2.576,1,113,117,20.91,5.99,1.97,1.94,10.53,5.82,1.23,27.38,,,,,,,,,,1.295,17.47,29.74,16.36,0,0,,,0,0,0,0,0,0,0,0,0,0,0,0,27,23,0,0,0,50,7604.41,298.48,16,4420.36,430.36,3,2088.63,233.8,0,2,1931.03,438.77,5.32,1,0.0,0,0.59,1,100.0,1,0.0,0,1.14,20.16,40.85,1.58,37.41,5,58.25,1,AF-46,32,46,0,1,33.84092595560273,-118.27411080349565,reconstructed,0.561870247993044,water_proxy_pct,bare_ground_proxy_pct,0.049871449383694685
83,-1,5,US,56,BlockApportionment:US.BlockGroups;PointsLayer:US.BlockPoints,2.191,2.576,1,188,234,95,260,63.16,99,1.87,5,US,56,BlockApportionment:US.BlockGroups;PointsLayer:US.BlockPoints,2.191,2.576,1,82,80,35.87,2.11,5.66,1.09,38.46,9.43,0.0,9.38,,,,,,,,,,1.295,17.47,29.74,16.36,0,0,,,6,0,0,0,2,0,0,0,0,0,0,0,87,113,0,0,0,138,11860.89,37.18,52,4769.71,37.18,3,842.84,469.47,0,3,2564.73,42.0,0.58,1,0.0,0,0.0,0,100.0,1,0.0,0,0.18,15.32,65.23,0.97,18.49,5,75.61,0,AE-45,31,45,0,0,33.85199148671315,-118.28549738146414,reconstructed,0.5723069094801555,pct_hs_grad,nearest_osm_major_road_m,0.043274828432345765
84,-1,6,US,57,BlockApportionment:US.BlockGroups;PointsLayer:US.BlockPoints,2.191,2.576,1,175,270,328,79,40.24,110,3.9,6,US,57,BlockApportionment:US.BlockGroups;PointsLayer:US.BlockPoints,2.191,2.576,1,87,88,10.62,3.68,6.13,6.88,100.0,1.89,0.0,40.68,,,,,,,,,,1.295,17.47,29.74,16.36,0,0,,,0,0,0,0,0,0,0,0,0,0,0,0,2,2,0,0,0,62,5993.89,406.76,32,4248.68,475.75,3,2512.55,104.44,0,2,1761.98,474.6,27.15,1,0.0,0,21.14,1,100.0,1,0.0,0,3.87,44.77,30.43,2.2,22.6,3,50.14,1,AF-45,32,45,0,1,33.85191448502185,-118.27411116307348,reconstructed,0.5801846797555373,pct_public_assistance,la_geohub_500yr_flood_area_pct,0.032003910894903266
85,-1,7,US,58,BlockApportionment:US.BlockGroups;PointsLayer:US.BlockPoints,2.191,2.576,1,166,248,32,0,31.25,214,7.14,7,US,58,BlockApportionment:US.BlockGroups;PointsLayer:US.BlockPoints,2.191,2.576,1,172,173,12.5,5.56,5.77,0.0,0.0,13.46,0.0,25.0,,,,,,,,,,1.295,17.47,29.74,16.36,0,0,,,12,0,0,0,0,0,0,0,0,0,0,0,115,128,0,0,0,186,19304.01,4.9,120,14592.19,4.9,1,1234.46,217.97,1,4,4877.78,48.39,11.48,1,0.0,0,6.73,1,100.0,1,0.0,0,1.94,13.91,65.76,3.43,16.9,5,75.45,12,AE-44,31,44,0,1,33.86298001613227,-118.28549774104197,reconstructed,0.5908650943769755,pct_public_assistance,la_geohub_100yr_flood_area_pct,0.02257254168916257
86,-1,8,US,59,BlockApportionment:US.BlockGroups;PointsLayer:US.BlockPoints,2.191,2.576,1,151,192,3497,138,57.28,117,5.44,8,US,59,BlockApportionment:US.BlockGroups;PointsLayer:US.BlockPoints,2.191,2.576,1,97,102,19.89,4.9,3.36,5.17,32.2,9.56,6.6,30.92,,,,,,,,,,1.295,17.47,29.74,16.36,0,0,,,9,0,0,0,0,0,0,0,0,0,0,0,50,41,0,0,0,26,1850.84,126.66,0,0.0,661.43,2,832.62,109.06,2,0,0.0,779.67,7.5,1,0.0,0,6.42,1,100.0,1,0.0,0,0.79,11.09,73.94,0.7,14.26,5,81.52,0,AF-44,32,44,0,0,33.86290301444097,-118.27411152265132,reconstructed,0.6019398908765111,transit_stops_count,food_access_count,-0.013466199884635599
87,-1,9,US,60,BlockApportionment:US.BlockGroups;PointsLayer:US.BlockPoints,2.191,2.576,1,123,133,1141,57,48.9,127,8.66,9,US,60,BlockApportionment:US.BlockGroups;PointsLayer:US.BlockPoints,2.191,2.576,1,91,89,15.34,8.91,2.05,1.12,21.94,17.16,5.67,30.3,,,,,,,,,,1.295,17.47,29.74,16.36,0,0,,,47,0,1,0,0,0,0,1,1,0,0,0,114,111,0,0,2,133,17042.09,14.33,88,13425.14,14.33,3,1688.81,378.58,7,6,4653.33,39.16,10.59,1,0.0,0,7.01,1,100.0,1,0.0,0,2.64,15.47,70.3,3.08,11.16,5,78.42,0,AE-43,31,43,0,0,33.873968545551385,-118.2854981006198,reconstructed,0.6054430208591065,adult_recreation_count,nearest_freeway_m,0.03213804851446012
88,-1,10,US,61,BlockApportionment:US.BlockGroups;PointsLayer:US.BlockPoints,2.191,2.576,1,175,246,1192,200,37.5,101,4.5,10,US,61,BlockApportionment:US.BlockGroups;PointsLayer:US.BlockPoints,2.191,2.576,1,101,112,16.7,4.49,3.74,2.04,0.0,8.74,12.39,33.72,,,,,,,,,,1.295,17.47,29.74,16.36,0,0,,,6,0,0,0,0,1,0,0,0,0,0,0,73,69,0,0,3,73,6289.24,138.57,39,4004.49,324.48,3,525.66,493.26,2,2,1852.71,421.47,0.0,0,0.0,0,0.0,0,100.0,1,0.0,0,0.6,10.45,73.4,0.6,15.54,5,81.2,0,AF-43,32,43,1,0,33.87389154386008,-118.27411188222916,reconstructed,0.5806352208055958,total_crime_est,nearest_osm_major_road_m,-0.019374646261064374
89,-1,11,US,62,BlockApportionment:US.BlockGroups;PointsLayer:US.BlockPoints,2.191,2.576,1,116,126,5124,117,66.28,77,3.26,11,US,62,BlockApportionment:US.BlockGroups;PointsLayer:US.BlockPoints,2.191,2.576,1,73,74,22.73,3.75,8.32,3.32,24.27,17.95,4.9,34.05,,,,,,,,,,1.295,17.47,29.74,16.36,0,0,,,0,0,0,0,0,2,1,0,0,0,0,0,236,240,0,0,2,65,7920.66,17.29,42,5783.89,17.29,3,291.04,437.93,3,2,2450.55,30.03,0.61,1,0.0,0,0.61,1,100.0,1,0.0,0,3.43,17.57,67.75,0.7,13.97,5,76.4,0,AE-42,31,42,3,0,33.88495707497051,-118.28549846019764,reconstructed,0.5549543263373676,private_school_count,nearest_osm_major_road_m,0.0427326544319959
90,-1,12,US,63,BlockApportionment:US.BlockGroups;PointsLayer:US.BlockPoints,2.191,2.576,1,159,337,1311,152,55.99,100,3.36,12,US,63,BlockApportionment:US.BlockGroups;PointsLayer:US.BlockPoints,2.191,2.576,1,94,104,16.11,6.49,4.46,3.09,46.5,13.04,2.07,33.68,,,,,,,,,,1.295,17.47,29.74,16.36,0,0,,,0,0,0,0,0,0,0,0,0,0,0,0,63,47,0,0,0,22,1778.94,184.86,0,0.0,1044.86,0,0.0,1331.76,0,0,0.0,1052.34,0.0,0,0.0,0,0.0,0,100.0,1,0.0,0,0.26,4.67,85.04,0.97,9.33,5,89.45,0,AF-42,32,42,0,0,33.884880073279206,-118.27411224180698,reconstructed,0.5851520726683426,total_crime_est,nearest_osm_major_road_m,-0.01613070398495632
91,-1,13,US,64,BlockApportionment:US.BlockGroups;PointsLayer:US.BlockPoints,2.191,2.576,1,114,186,2708,107,62.52,97,3.06,13,US,64,BlockApportionment:US.BlockGroups;PointsLayer:US.BlockPoints,2.191,2.576,1,97,101,21.34,2.41,3.39,1.75,17.28,7.72,2.74,31.22,,,,,,,,,,1.295,17.47,29.74,16.36,0,0,,,0,0,0,0,1,0,0,1,0,0,0,0,155,163,0,1,0,87,9900.67,2.9,38,6308.11,2.9,0,0.0,1579.88,1,2,2459.96,10.02,0.0,0,0.0,0,0.0,0,100.0,1,0.0,0,1.5,13.28,73.79,0.79,12.14,5,81.2,0,AE-41,31,41,0,0,33.895945604389624,-118.28549881977546,reconstructed,0.5824617440537058,transit_stops_count,food_access_count,0.02508205821000508
92,-1,14,US,65,BlockApportionment:US.BlockGroups;PointsLayer:US.BlockPoints,2.191,2.576,1,212,311,315,212,32.7,130,4.12,14,US,65,BlockApportionment:US.BlockGroups;PointsLayer:US.BlockPoints,2.191,2.576,1,82,79,16.0,4.1,5.8,0.5,56.0,19.86,1.92,22.12,,,,,,,,,,1.295,17.47,29.74,16.36,0,0,,,30,0,1,0,0,0,1,0,0,0,0,0,54,43,0,0,0,31,3230.62,43.26,0,0.0,1060.52,0,0.0,2473.83,0,0,0.0,1146.52,0.0,0,0.0,0,0.0,0,100.0,1,0.0,0,0.09,5.1,84.97,0.35,9.58,5,89.45,0,AF-41,32,41,1,0,33.89586860269832,-118.2741126013848,reconstructed,0.6104045385504303,private_school_count,nearest_osm_major_road_m,0.03437034978319198
93,-1,15,US,66,BlockApportionment:US.BlockGroups;PointsLayer:US.BlockPoints,2.191,2.576,1,164,215,4088,69,64.97,103,1.82,15,US,66,BlockApportionment:US.BlockGroups;PointsLayer:US.BlockPoints,2.191,2.576,1,83,81,16.58,2.16,5.99,4.29,17.59,14.88,2.77,30.69,,,,,,,,,,1.295,17.47,29.74,16.36,0,0,,,0,0,0,0,0,0,0,0,0,0,0,0,119,93,0,0,2,15,2126.54,461.58,0,0.0,933.51,0,0.0,1160.76,0,0,0.0,941.57,0.0,0,0.0,0,0.0,0,100.0,1,0.0,0,0.7,13.19,70.62,0.62,15.57,5,79.22,0,AD-40,30,40,0,0,33.90701113550005,-118.29688539774394,reconstructed,0.618003832225847,pct_public_assistance,osm_amenity_count,-0.018052847364698234
94,-1,16,US,67,BlockApportionment:US.BlockGroups;PointsLayer:US.BlockPoints,2.191,2.576,1,120,154,2308,129,64.38,106,1.53,16,US,67,BlockApportionment:US.BlockGroups;PointsLayer:US.BlockPoints,2.191,2.576,1,94,97,20.9,2.4,2.78,3.92,25.11,9.98,1.46,47.29,,,,,,,,,,1.295,17.47,29.74,16.36,0,0,,,23,0,0,0,0,1,0,0,0,0,0,0,174,171,0,0,0,75,11488.26,62.61,27,6964.06,62.61,0,0.0,2292.45,1,2,2445.49,97.36,0.0,0,0.0,0,0.0,0,100.0,1,0.0,0,0.7,14.86,63.68,1.06,20.4,5,74.37,0,AE-40,31,40,1,0,33.90693413380875,-118.2854991793533,reconstructed,0.586504838534579,adult_recreation_count,freeway_segments_count,0.010798026416660594
95,-1,17,US,68,BlockApportionment:US.BlockGroups;PointsLayer:US.BlockPoints,2.191,2.576,1,255,372,2437,145,44.19,98,4.39,17,US,68,BlockApportionment:US.BlockGroups;PointsLayer:US.BlockPoints,2.191,2.576,1,83,84,22.89,4.59,5.48,4.01,20.78,25.77,5.29,39.61,,,,,,,,,,1.295,17.47,29.74,16.36,0,0,,,21,0,0,0,0,1,0,1,0,0,0,0,77,78,0,2,0,13,1438.08,7.03,0,0.0,1148.8,0,0.0,1742.15,0,0,0.0,1155.73,0.0,0,0.0,0,0.0,0,100.0,1,0.0,0,0.26,12.83,66.08,0.62,20.47,5,76.18,1,AF-40,32,40,1,1,33.906857132117445,-118.27411296096264,reconstructed,0.5907089836657643,total_crime_est,nearest_osm_major_road_m,0.036283692844553496
96,-1,18,US,69,BlockApportionment:US.BlockGroups;PointsLayer:US.BlockPoints,2.191,2.576,1,240,236,5051,164,51.61,106,4.43,18,US,69,BlockApportionment:US.BlockGroups;PointsLayer:US.BlockPoints,2.191,2.576,1,100,98,19.64,3.51,3.56,2.31,31.15,8.33,2.0,35.93,,,,,,,,,,1.295,17.47,29.74,16.36,0,0,,,15,0,0,0,0,0,1,0,0,0,0,0,138,133,0,1,2,42,3260.59,468.04,0,0.0,788.41,0,0.0,1676.45,3,0,0.0,785.97,0.0,0,0.0,0,0.0,0,100.0,1,0.0,0,2.02,19.77,57.82,0.62,21.79,5,69.87,0,AD-39,30,39,1,0,33.917999664919165,-118.29688575732176,reconstructed,0.6130135744642421,burglary_crime_est,food_access_count,0.08157221534507732
97,234,19,US,70,BlockApportionment:US.BlockGroups;PointsLayer:US.BlockPoints,2.191,2.576,1,186,234,4269,245,57.3,85,2.87,19,US,70,BlockApportionment:US.BlockGroups;PointsLayer:US.BlockPoints,2.191,2.576,1,79,82,23.51,2.69,9.15,3.14,27.11,18.11,8.68,39.31,api_test_workflow_v2_30pct_model6_2026-05-08,33.91526368,-118.29081637,"840 W 129TH ST, 90247",90.0,33.9152636809_-118.290816373_90.jpg,1.0,0.818,tent,1.295,17.47,29.74,16.36,0,0,,,0,0,0,0,0,0,0,0,0,0,0,0,256,221,0,1,0,71,10207.82,12.28,26,6493.6,12.28,0,0.0,2312.0,0,2,2646.21,67.74,0.0,0,0.0,0,0.0,0,100.0,1,0.0,0,0.86,13.72,64.62,0.43,21.23,5,74.98,0,AE-39,31,39,0,0,33.91792266322786,-118.28549953893112,detection_avg,0.5615811189913937,transit_stops_count,food_access_count,0.02508205821000508
98,1191,19,US,70,BlockApportionment:US.BlockGroups;PointsLayer:US.BlockPoints,2.191,2.576,1,186,234,4269,245,57.3,85,2.87,19,US,70,BlockApportionment:US.BlockGroups;PointsLayer:US.BlockPoints,2.191,2.576,1,79,82,23.51,2.69,9.15,3.14,27.11,18.11,8.68,39.31,api_test_workflow_v8_remaining_location_deduped_final_after10_30_2026-05-23,33.91929325,-118.28297862,"12430 S FIGUEROA ST, 90061",180.0,33.9192932518_-118.282978622_180.jpg,1.0,0.6061,tent,1.295,17.47,29.74,16.36,0,0,,,0,0,0,0,0,0,0,0,0,0,0,0,256,221,0,1,0,71,10207.82,12.28,26,6493.6,12.28,0,0.0,2312.0,0,2,2646.21,67.74,0.0,0,0.0,0,0.0,0,100.0,1,0.0,0,0.86,13.72,64.62,0.43,21.23,5,74.98,0,AE-39,31,39,0,0,33.91792266322786,-118.28549953893112,detection_avg,0.5615811189913937,transit_stops_count,food_access_count,0.02508205821000508
99,-1,20,US,71,BlockApportionment:US.BlockGroups;PointsLayer:US.BlockPoints,2.191,2.576,1,225,231,6707,119,70.82,85,2.12,20,US,71,BlockApportionment:US.BlockGroups;PointsLayer:US.BlockPoints,2.191,2.576,1,96,101,21.75,2.07,4.88,12.21,34.25,13.41,9.1,45.14,,,,,,,,,,1.295,17.47,29.74,16.36,0,0,,,27,0,0,2,0,0,0,0,0,0,0,1,196,190,0,0,4,13,1129.79,471.9,0,0.0,695.25,0,0.0,1256.69,2,0,0.0,716.9,0.0,0,0.0,0,0.0,0,100.0,1,0.0,0,2.37,20.47,59.67,1.32,18.54,5,71.06,0,AF-39,32,39,0,0,33.91784566153656,-118.27411332054048,reconstructed,0.5857282629483337,burglary_crime_est,food_access_count,0.020776403869936403
100,-1,21,US,72,BlockApportionment:US.BlockGroups;PointsLayer:US.BlockPoints,2.191,2.576,1,214,211,4191,60,55.17,107,2.06,21,US,72,BlockApportionment:US.BlockGroups;PointsLayer:US.BlockPoints,2.191,2.576,1,91,93,17.82,1.11,3.15,6.58,37.22,12.67,10.78,33.97,,,,,,,,,,1.295,17.47,29.74,16.36,0,0,,,11,0,0,0,0,3,1,0,0,0,0,0,102,96,0,2,3,19,1483.71,133.01,0,0.0,1346.59,1,19.79,627.21,6,0,0.0,1348.22,0.0,0,0.0,0,0.0,0,100.0,1,0.0,0,0.7,22.39,48.69,2.61,26.31,5,63.87,1,AG-39,33,39,4,1,33.91776865984526,-118.26272710214982,reconstructed,0.6203119460991544,burglary_crime_est,food_access_count,-0.03144260138017614
101,337,22,US,73,BlockApportionment:US.BlockGroups;PointsLayer:US.BlockPoints,2.191,2.576,1,248,218,4407,193,61.52,96,2.35,22,US,73,BlockApportionment:US.BlockGroups;PointsLayer:US.BlockPoints,2.191,2.576,1,87,89,28.99,2.17,4.45,6.97,34.66,11.47,6.42,28.19,api_test_workflow_v2_5pct_2026-04-25,33.92482392,-118.25401251,"1200 E 119TH ST, 90059",0.0,33.9248239155_-118.254012511_0.jpg,1.0,0.7386,tent,1.295,17.47,29.74,16.36,0,0,,,30,0,0,0,0,1,0,0,0,0,0,0,109,77,0,0,0,24,1346.28,303.97,0,0.0,812.49,1,1254.0,19.01,1,0,0.0,842.93,0.0,0,0.0,0,0.0,0,100.0,1,0.0,0,2.37,26.8,55.36,0.97,16.87,5,68.04,0,AH-39,34,39,1,0,33.91769165815396,-118.25134088375916,detection_avg,0.5915111736908595,total_crime_est,nearest_osm_major_road_m,-0.011147854494930854
102,-1,23,US,74,BlockApportionment:US.BlockGroups;PointsLayer:US.BlockPoints,2.191,2.576,1,201,203,6926,169,73.46,96,1.68,23,US,74,BlockApportionment:US.BlockGroups;PointsLayer:US.BlockPoints,2.191,2.576,1,82,82,21.75,1.62,4.75,9.92,33.54,13.16,11.71,31.75,,,,,,,,,,1.295,17.47,29.74,16.36,0,0,,,25,0,0,0,0,0,1,0,0,0,0,0,32,34,0,1,0,0,0.0,1305.5,0,0.0,1319.68,0,0.0,877.52,0,0,0.0,1445.22,0.0,0,0.0,0,0.0,0,100.0,1,0.0,0,0.62,21.81,49.87,1.67,26.65,5,64.72,1,AI-39,35,39,1,1,33.91761465646265,-118.23995466536851,reconstructed,0.6059612914965576,private_school_count,nearest_osm_major_road_m,-0.08042752379820163
103,-1,24,US,75,BlockApportionment:US.BlockGroups;PointsLayer:US.BlockPoints,2.191,2.576,1,256,231,4012,190,78.34,59,0.71,24,US,75,BlockApportionment:US.BlockGroups;PointsLayer:US.BlockPoints,2.191,2.576,1,58,61,21.5,0.15,6.85,11.41,26.73,17.73,10.1,32.84,,,,,,,,,,1.295,17.47,29.74,16.36,0,0,,,5,0,0,0,0,0,0,0,0,0,0,2,38,42,0,0,0,10,1102.41,362.28,0,0.0,866.91,0,0.0,2046.11,0,0,0.0,864.86,1.87,1,0.0,0,1.83,1,100.0,1,0.0,0,2.55,17.87,65.93,1.58,14.61,5,75.39,3,AJ-39,36,39,0,1,33.91753765477135,-118.22856844697786,reconstructed,0.5977250148765846,pct_no_schooling,osm_amenity_count,0.023860913895180212
104,187,25,US,76,BlockApportionment:US.BlockGroups;PointsLayer:US.BlockPoints,2.191,2.576,1,244,216,7964,229,61.16,68,2.54,25,US,76,BlockApportionment:US.BlockGroups;PointsLayer:US.BlockPoints,2.191,2.576,1,66,67,25.49,1.03,7.29,4.78,38.75,25.52,10.65,40.67,api_test_workflow_v2_remaining_model6_2026-05-08,33.93479009,-118.29137398,"11036 S VERMONT AVE, 90044",270.0,33.9347900926_-118.291373976_270.jpg,1.0,0.7832,tent,1.295,17.47,29.74,16.36,0,0,,,65,0,0,0,0,1,2,0,0,0,0,0,210,189,0,1,3,78,7222.45,78.14,15,3310.06,336.71,0,0.0,2282.0,4,2,1901.11,350.55,0.0,0,0.0,0,0.0,0,100.0,1,0.0,0,1.93,18.07,66.84,0.96,14.12,5,76.21,0,AD-38,30,38,3,0,33.92898819433829,-118.2968861168996,detection_avg,0.5859927433453359,burglary_crime_est,food_access_count,0.09281989322797982
105,108,26,US,77,BlockApportionment:US.BlockGroups;PointsLayer:US.BlockPoints,2.191,2.576,1,175,166,5932,229,57.97,74,1.87,26,US,77,BlockApportionment:US.BlockGroups;PointsLayer:US.BlockPoints,2.191,2.576,1,77,79,21.02,1.58,7.36,5.79,31.81,24.98,6.48,42.24,api_test_workflow_v2_remaining_model6_2026-05-08,33.92713685,-118.27893135,"316 W 117TH ST, 90061",90.0,33.9271368526_-118.278931351_90.jpg,1.0,0.641,tent,1.295,17.47,29.74,16.36,0,0,,,103,0,0,0,0,0,0,1,0,0,0,0,225,218,0,0,0,125,20109.83,219.5,76,16705.98,219.5,0,0.0,1768.34,3,4,4372.57,260.07,0.0,0,0.0,0,0.0,0,100.0,1,0.0,0,0.53,16.71,60.51,0.62,22.16,5,72.2,1,AE-38,31,38,0,1,33.928911192646986,-118.28549989850896,detection_avg,0.5692659926201172,recreation_center_count,business_sites_count,0.019719148269026855
106,1767,27,US,78,BlockApportionment:US.BlockGroups;PointsLayer:US.BlockPoints,2.191,2.576,1,196,191,7190,121,74.56,61,1.97,27,US,78,BlockApportionment:US.BlockGroups;PointsLayer:US.BlockPoints,2.191,2.576,1,68,74,22.39,1.53,6.01,8.12,41.83,24.6,8.26,40.87,api_test_workflow_v8_remaining_location_deduped_30pct_after10_2026-05-22,33.93286045,-118.27335695,"106 E 112TH ST, 90061",0.0,33.9328604477_-118.273356946_0.jpg,1.0,0.6557,tent,1.295,17.47,29.74,16.36,0,0,,,54,0,0,0,0,2,0,0,0,0,0,2,330,280,0,1,6,94,12202.94,74.96,71,10222.18,343.09,0,0.0,786.79,0,4,2657.86,366.94,0.0,0,0.0,0,0.0,0,100.0,1,0.0,0,1.41,16.29,67.43,1.06,15.23,5,76.78,0,AF-38,32,38,2,0,33.92883419095568,-118.2741136801183,detection_avg,0.5807356490090888,burglary_crime_est,food_access_count,-0.017888898742325514
107,-1,28,US,79,BlockApportionment:US.BlockGroups;PointsLayer:US.BlockPoints,2.191,2.576,1,195,177,7080,186,66.96,92,2.59,28,US,79,BlockApportionment:US.BlockGroups;PointsLayer:US.BlockPoints,2.191,2.576,1,78,77,26.96,2.21,8.66,6.85,46.82,19.72,9.73,37.56,,,,,,,,,,1.295,17.47,29.74,16.36,0,0,,,39,0,0,0,0,3,0,0,0,0,0,0,238,237,0,1,3,32,3907.98,123.85,19,3032.46,123.85,1,49.28,611.95,3,2,2448.78,125.48,0.0,0,0.0,0,0.0,0,100.0,1,0.0,0,0.7,25.89,48.48,1.3,24.33,5,63.73,1,AG-38,33,38,3,1,33.928757189264374,-118.26272746172764,reconstructed,0.5979094670006171,burglary_crime_est,food_access_count,-0.018157983173382453
108,-1,29,US,80,BlockApportionment:US.BlockGroups;PointsLayer:US.BlockPoints,2.191,2.576,1,231,205,7769,243,72.12,40,0.98,29,US,80,BlockApportionment:US.BlockGroups;PointsLayer:US.BlockPoints,2.191,2.576,1,48,48,19.55,0.57,4.28,3.6,38.0,41.67,12.2,38.83,,,,,,,,,,1.295,17.47,29.74,16.36,0,0,,,54,0,0,0,1,2,1,2,1,0,1,0,298,285,0,2,6,77,5685.97,245.67,30,3153.04,321.41,3,1228.88,360.43,0,2,1969.72,331.93,1.09,1,1.09,1,0.0,0,100.0,1,0.0,0,1.93,19.86,62.57,1.49,16.08,5,73.22,0,AH-38,34,38,3,0,33.92868018757307,-118.251341243337,reconstructed,0.5810079207234347,recreation_center_count,business_sites_count,0.03377935134048094
109,-1,30,US,81,BlockApportionment:US.BlockGroups;PointsLayer:US.BlockPoints,2.191,2.576,1,269,267,5558,305,69.85,56,1.71,30,US,81,BlockApportionment:US.BlockGroups;PointsLayer:US.BlockPoints,2.191,2.576,1,55,55,20.41,1.11,5.44,9.74,46.3,27.68,18.63,38.27,,,,,,,,,,1.295,17.47,29.74,16.36,0,0,,,131,1,1,1,1,0,0,0,0,0,0,3,143,127,0,3,1,48,6653.18,96.96,23,3663.84,96.96,0,0.0,1149.53,9,2,2261.51,225.54,0.0,0,0.0,0,0.0,0,100.0,1,0.0,0,1.29,16.29,59.14,2.07,22.5,5,71.01,0,AI-38,35,38,0,0,33.92860318588177,-118.23995502494634,reconstructed,0.6059948314497255,pct_public_assistance,la_geohub_500yr_flood_area_pct,0.04093833995952702
110,113,31,US,82,BlockApportionment:US.BlockGroups;PointsLayer:US.BlockPoints,2.191,2.576,1,158,176,8306,183,80.29,59,1.62,31,US,82,BlockApportionment:US.BlockGroups;PointsLayer:US.BlockPoints,2.191,2.576,1,57,56,24.42,1.51,10.68,10.65,26.56,22.62,12.43,30.36,api_test_workflow_v2_remaining_model6_2026-05-08,33.93121379,-118.23084139,"MONA BLVD AT 114TH ST, 90059",180.0,33.931213788_-118.230841389_180.jpg,1.0,0.7492,tent,1.295,17.47,29.74,16.36,0,0,,,18,0,0,0,0,0,0,1,0,0,1,1,168,145,0,1,1,52,5153.84,197.12,12,2545.9,268.12,0,0.0,2317.42,1,2,2139.1,270.35,0.0,0,0.0,0,0.0,0,100.0,1,0.0,0,1.32,14.84,68.13,1.49,15.54,5,77.29,0,AJ-38,36,38,0,0,33.92852618419047,-118.2285688065557,detection_avg,0.6294315479844629,recreation_center_count,business_sites_count,0.01794919053367866
111,-1,32,US,83,BlockApportionment:US.BlockGroups;PointsLayer:US.BlockPoints,2.191,2.576,1,219,192,5386,224,32.88,114,3.26,32,US,83,BlockApportionment:US.BlockGroups;PointsLayer:US.BlockPoints,2.191,2.576,1,92,90,22.37,4.12,3.28,3.24,34.09,18.31,5.61,40.33,,,,,,,,,,1.295,17.47,29.74,16.36,0,0,,,21,0,0,0,0,3,0,0,0,0,0,1,185,166,0,1,6,17,1292.89,66.73,0,0.0,1215.33,0,0.0,2204.64,2,0,0.0,1217.22,0.0,0,0.0,0,0.0,0,100.0,1,0.0,0,0.35,15.2,54.22,0.62,29.96,5,67.85,0,AC-37,29,37,3,0,33.940053725448706,-118.30827269486808,reconstructed,0.612403853538851,pct_veterans,public_school_count,0.030235713240205336
112,458,33,US,84,BlockApportionment:US.BlockGroups;PointsLayer:US.BlockPoints,2.191,2.576,1,260,215,10959,174,61.75,49,4.17,33,US,84,BlockApportionment:US.BlockGroups;PointsLayer:US.BlockPoints,2.191,2.576,1,55,57,26.23,4.91,7.44,3.9,49.81,25.21,12.58,46.33,api_test_workflow_v2_20pct_model6_2026-05-07,33.94160405,-118.29144164,"10422 S VERMONT AVE, 90044",0.0,33.9416040492_-118.291441644_0.jpg,1.0,0.7431,tent,1.295,17.47,29.74,16.36,0,0,,,59,0,1,1,0,0,1,0,0,0,0,0,251,220,0,2,1,16,1793.5,457.56,0,0.0,1524.1,0,0.0,2186.18,2,0,0.0,1550.11,0.0,0,0.0,0,0.0,0,100.0,1,0.0,0,1.05,13.8,68.98,0.79,16.43,5,77.97,0,AD-37,30,37,1,0,33.939976723757404,-118.29688647647744,detection_avg,0.6020382913020464,burglary_crime_est,food_access_count,0.023453075606721902
113,21,34,US,85,BlockApportionment:US.BlockGroups;PointsLayer:US.BlockPoints,2.191,2.576,1,190,182,7220,117,61.83,72,2.53,34,US,85,BlockApportionment:US.BlockGroups;PointsLayer:US.BlockPoints,2.191,2.576,1,68,69,29.0,2.31,7.55,6.95,48.06,22.52,6.92,43.51,api_test_workflow_v2_10pct_model6_2026-05-06_live,33.93407153,-118.28131178,"421 W 111TH PL, 90061",90.0,33.9340715254_-118.28131178_90.jpg,3.0,0.8617,tent,1.295,17.47,29.74,16.36,0,0,,,18,0,0,0,0,1,2,0,0,0,0,0,378,322,0,2,1,50,7131.62,462.51,40,5779.33,462.51,0,0.0,1097.19,3,2,1501.8,482.77,0.0,0,0.0,0,0.0,0,100.0,1,0.0,0,1.05,16.08,58.96,1.05,23.9,5,70.96,1,AE-37,31,37,3,1,33.9398997220661,-118.28550025808678,detection_avg,0.5699062295293809,burglary_crime_est,food_access_count,-0.017607328574781613
114,26,34,US,85,BlockApportionment:US.BlockGroups;PointsLayer:US.BlockPoints,2.191,2.576,1,190,182,7220,117,61.83,72,2.53,34,US,85,BlockApportionment:US.BlockGroups;PointsLayer:US.BlockPoints,2.191,2.576,1,68,69,29.0,2.31,7.55,6.95,48.06,22.52,6.92,43.51,api_test_workflow_v2_10pct_model6_2026-05-06_live,33.93893501,-118.29098061,"844 W 107TH ST, 90044",90.0,33.9389350129_-118.290980609_90.jpg,1.0,0.8652,tent,1.295,17.47,29.74,16.36,0,0,,,18,0,0,0,0,1,2,0,0,0,0,0,378,322,0,2,1,50,7131.62,462.51,40,5779.33,462.51,0,0.0,1097.19,3,2,1501.8,482.77,0.0,0,0.0,0,0.0,0,100.0,1,0.0,0,1.05,16.08,58.96,1.05,23.9,5,70.96,0,AE-37,31,37,3,0,33.9398997220661,-118.28550025808678,detection_avg,0.5699062295293809,burglary_crime_est,food_access_count,-0.017607328574781613
115,312,34,US,85,BlockApportionment:US.BlockGroups;PointsLayer:US.BlockPoints,2.191,2.576,1,190,182,7220,117,61.83,72,2.53,34,US,85,BlockApportionment:US.BlockGroups;PointsLayer:US.BlockPoints,2.191,2.576,1,68,69,29.0,2.31,7.55,6.95,48.06,22.52,6.92,43.51,api_test_workflow_v2_5pct_2026-04-25,33.93602056,-118.29138844,"10962 S VERMONT AVE, 90044",270.0,33.9360205635_-118.291388445_270.jpg,1.0,0.6852,tent,1.295,17.47,29.74,16.36,0,0,,,18,0,0,0,0,1,2,0,0,0,0,0,378,322,0,2,1,50,7131.62,462.51,40,5779.33,462.51,0,0.0,1097.19,3,2,1501.8,482.77,0.0,0,0.0,0,0.0,0,100.0,1,0.0,0,1.05,16.08,58.96,1.05,23.9,5,70.96,0,AE-37,31,37,3,0,33.9398997220661,-118.28550025808678,detection_avg,0.5699062295293809,burglary_crime_est,food_access_count,-0.017607328574781613
116,319,34,US,85,BlockApportionment:US.BlockGroups;PointsLayer:US.BlockPoints,2.191,2.576,1,190,182,7220,117,61.83,72,2.53,34,US,85,BlockApportionment:US.BlockGroups;PointsLayer:US.BlockPoints,2.191,2.576,1,68,69,29.0,2.31,7.55,6.95,48.06,22.52,6.92,43.51,api_test_workflow_v2_5pct_2026-04-25,33.93567575,-118.29111278,"848 W 110TH ST, 90044",90.0,33.9356757528_-118.291112783_90.jpg,1.0,0.7184,tent,1.295,17.47,29.74,16.36,0,0,,,18,0,0,0,0,1,2,0,0,0,0,0,378,322,0,2,1,50,7131.62,462.51,40,5779.33,462.51,0,0.0,1097.19,3,2,1501.8,482.77,0.0,0,0.0,0,0.0,0,100.0,1,0.0,0,1.05,16.08,58.96,1.05,23.9,5,70.96,0,AE-37,31,37,3,0,33.9398997220661,-118.28550025808678,detection_avg,0.5699062295293809,burglary_crime_est,food_access_count,-0.017607328574781613
117,320,34,US,85,BlockApportionment:US.BlockGroups;PointsLayer:US.BlockPoints,2.191,2.576,1,190,182,7220,117,61.83,72,2.53,34,US,85,BlockApportionment:US.BlockGroups;PointsLayer:US.BlockPoints,2.191,2.576,1,68,69,29.0,2.31,7.55,6.95,48.06,22.52,6.92,43.51,api_test_workflow_v2_5pct_2026-04-25,33.93567575,-118.29111278,"848 W 110TH ST, 90044",270.0,33.9356757528_-118.291112783_270.jpg,1.0,0.8292,tent,1.295,17.47,29.74,16.36,0,0,,,18,0,0,0,0,1,2,0,0,0,0,0,378,322,0,2,1,50,7131.62,462.51,40,5779.33,462.51,0,0.0,1097.19,3,2,1501.8,482.77,0.0,0,0.0,0,0.0,0,100.0,1,0.0,0,1.05,16.08,58.96,1.05,23.9,5,70.96,0,AE-37,31,37,3,0,33.9398997220661,-118.28550025808678,detection_avg,0.5699062295293809,burglary_crime_est,food_access_count,-0.017607328574781613
118,639,34,US,85,BlockApportionment:US.BlockGroups;PointsLayer:US.BlockPoints,2.191,2.576,1,190,182,7220,117,61.83,72,2.53,34,US,85,BlockApportionment:US.BlockGroups;PointsLayer:US.BlockPoints,2.191,2.576,1,68,69,29.0,2.31,7.55,6.95,48.06,22.52,6.92,43.51,api_test_workflow_v2_remaining_model6_2026-05-08,33.94083445,-118.28545032,"613 W 105TH ST, 90044",0.0,33.9408344471_-118.285450319_0.jpg,1.0,0.898,tent,1.295,17.47,29.74,16.36,0,0,,,18,0,0,0,0,1,2,0,0,0,0,0,378,322,0,2,1,50,7131.62,462.51,40,5779.33,462.51,0,0.0,1097.19,3,2,1501.8,482.77,0.0,0,0.0,0,0.0,0,100.0,1,0.0,0,1.05,16.08,58.96,1.05,23.9,5,70.96,0,AE-37,31,37,3,0,33.9398997220661,-118.28550025808678,detection_avg,0.5699062295293809,burglary_crime_est,food_access_count,-0.017607328574781613
119,658,34,US,85,BlockApportionment:US.BlockGroups;PointsLayer:US.BlockPoints,2.191,2.576,1,190,182,7220,117,61.83,72,2.53,34,US,85,BlockApportionment:US.BlockGroups;PointsLayer:US.BlockPoints,2.191,2.576,1,68,69,29.0,2.31,7.55,6.95,48.06,22.52,6.92,43.51,api_test_workflow_v2_remaining_model6_2026-05-08,33.93619478,-118.29153934,"10960 S VERMONT AVE, 90044",270.0,33.9361947841_-118.291539343_270.jpg,1.0,0.8646,tent,1.295,17.47,29.74,16.36,0,0,,,18,0,0,0,0,1,2,0,0,0,0,0,378,322,0,2,1,50,7131.62,462.51,40,5779.33,462.51,0,0.0,1097.19,3,2,1501.8,482.77,0.0,0,0.0,0,0.0,0,100.0,1,0.0,0,1.05,16.08,58.96,1.05,23.9,5,70.96,2,AE-37,31,37,3,1,33.9398997220661,-118.28550025808678,detection_avg,0.5699062295293809,burglary_crime_est,food_access_count,-0.017607328574781613
120,667,34,US,85,BlockApportionment:US.BlockGroups;PointsLayer:US.BlockPoints,2.191,2.576,1,190,182,7220,117,61.83,72,2.53,34,US,85,BlockApportionment:US.BlockGroups;PointsLayer:US.BlockPoints,2.191,2.576,1,68,69,29.0,2.31,7.55,6.95,48.06,22.52,6.92,43.51,api_test_workflow_v2_remaining_model6_2026-05-08,33.93598273,-118.29138902,"10964 S VERMONT AVE, 90044",270.0,33.9359827306_-118.291389017_270.jpg,1.0,0.8584,tent,1.295,17.47,29.74,16.36,0,0,,,18,0,0,0,0,1,2,0,0,0,0,0,378,322,0,2,1,50,7131.62,462.51,40,5779.33,462.51,0,0.0,1097.19,3,2,1501.8,482.77,0.0,0,0.0,0,0.0,0,100.0,1,0.0,0,1.05,16.08,58.96,1.05,23.9,5,70.96,0,AE-37,31,37,3,0,33.9398997220661,-118.28550025808678,detection_avg,0.5699062295293809,burglary_crime_est,food_access_count,-0.017607328574781613
121,714,34,US,85,BlockApportionment:US.BlockGroups;PointsLayer:US.BlockPoints,2.191,2.576,1,190,182,7220,117,61.83,72,2.53,34,US,85,BlockApportionment:US.BlockGroups;PointsLayer:US.BlockPoints,2.191,2.576,1,68,69,29.0,2.31,7.55,6.95,48.06,22.52,6.92,43.51,api_test_workflow_v2_30pct_model6_2026-05-08,33.93639049,-118.2790632,"314 W 109TH PL, 90061",270.0,33.9363904868_-118.279063195_270.jpg,1.0,0.8518,tent,1.295,17.47,29.74,16.36,0,0,,,18,0,0,0,0,1,2,0,0,0,0,0,378,322,0,2,1,50,7131.62,462.51,40,5779.33,462.51,0,0.0,1097.19,3,2,1501.8,482.77,0.0,0,0.0,0,0.0,0,100.0,1,0.0,0,1.05,16.08,58.96,1.05,23.9,5,70.96,0,AE-37,31,37,3,0,33.9398997220661,-118.28550025808678,detection_avg,0.5699062295293809,burglary_crime_est,food_access_count,-0.017607328574781613
122,756,34,US,85,BlockApportionment:US.BlockGroups;PointsLayer:US.BlockPoints,2.191,2.576,1,190,182,7220,117,61.83,72,2.53,34,US,85,BlockApportionment:US.BlockGroups;PointsLayer:US.BlockPoints,2.191,2.576,1,68,69,29.0,2.31,7.55,6.95,48.06,22.52,6.92,43.51,api_test_workflow_v2_30pct_model6_2026-05-08,33.93616395,-118.29139148,"10956 S VERMONT AVE, 90044",270.0,33.9361639478_-118.291391477_270.jpg,1.0,0.8356,tent,1.295,17.47,29.74,16.36,0,0,,,18,0,0,0,0,1,2,0,0,0,0,0,378,322,0,2,1,50,7131.62,462.51,40,5779.33,462.51,0,0.0,1097.19,3,2,1501.8,482.77,0.0,0,0.0,0,0.0,0,100.0,1,0.0,0,1.05,16.08,58.96,1.05,23.9,5,70.96,0,AE-37,31,37,3,0,33.9398997220661,-118.28550025808678,detection_avg,0.5699062295293809,burglary_crime_est,food_access_count,-0.017607328574781613
123,835,34,US,85,BlockApportionment:US.BlockGroups;PointsLayer:US.BlockPoints,2.191,2.576,1,190,182,7220,117,61.83,72,2.53,34,US,85,BlockApportionment:US.BlockGroups;PointsLayer:US.BlockPoints,2.191,2.576,1,68,69,29.0,2.31,7.55,6.95,48.06,22.52,6.92,43.51,api_test_workflow_v2_10pct_model6_2026-05-06_live,33.93914266,-118.29161411,"899 W 107TH ST, 90044",270.0,33.9391426568_-118.291614111_270.jpg,1.0,0.7327,tent,1.295,17.47,29.74,16.36,0,0,,,18,0,0,0,0,1,2,0,0,0,0,0,378,322,0,2,1,50,7131.62,462.51,40,5779.33,462.51,0,0.0,1097.19,3,2,1501.8,482.77,0.0,0,0.0,0,0.0,0,100.0,1,0.0,0,1.05,16.08,58.96,1.05,23.9,5,70.96,3,AE-37,31,37,3,1,33.9398997220661,-118.28550025808678,detection_avg,0.5699062295293809,burglary_crime_est,food_access_count,-0.017607328574781613
124,1393,34,US,85,BlockApportionment:US.BlockGroups;PointsLayer:US.BlockPoints,2.191,2.576,1,190,182,7220,117,61.83,72,2.53,34,US,85,BlockApportionment:US.BlockGroups;PointsLayer:US.BlockPoints,2.191,2.576,1,68,69,29.0,2.31,7.55,6.95,48.06,22.52,6.92,43.51,api_test_workflow_v2_remaining_model6_2026-05-08,33.93834167,-118.2909854,"845 W 108TH ST, 90044",270.0,33.9383416652_-118.290985397_270.jpg,1.0,0.7563,tent,1.295,17.47,29.74,16.36,0,0,,,18,0,0,0,0,1,2,0,0,0,0,0,378,322,0,2,1,50,7131.62,462.51,40,5779.33,462.51,0,0.0,1097.19,3,2,1501.8,482.77,0.0,0,0.0,0,0.0,0,100.0,1,0.0,0,1.05,16.08,58.96,1.05,23.9,5,70.96,0,AE-37,31,37,3,0,33.9398997220661,-118.28550025808678,detection_avg,0.5699062295293809,burglary_crime_est,food_access_count,-0.017607328574781613
125,1837,34,US,85,BlockApportionment:US.BlockGroups;PointsLayer:US.BlockPoints,2.191,2.576,1,190,182,7220,117,61.83,72,2.53,34,US,85,BlockApportionment:US.BlockGroups;PointsLayer:US.BlockPoints,2.191,2.576,1,68,69,29.0,2.31,7.55,6.95,48.06,22.52,6.92,43.51,api_test_workflow_v8_remaining_location_deduped_final_after10_30_2026-05-23,33.93196068,-118.28263477,"113TH ST AT FIGUEROA ST, 90044",270.0,33.9319606764_-118.282634771_270.jpg,1.0,0.7184,tent,1.295,17.47,29.74,16.36,0,0,,,18,0,0,0,0,1,2,0,0,0,0,0,378,322,0,2,1,50,7131.62,462.51,40,5779.33,462.51,0,0.0,1097.19,3,2,1501.8,482.77,0.0,0,0.0,0,0.0,0,100.0,1,0.0,0,1.05,16.08,58.96,1.05,23.9,5,70.96,0,AE-37,31,37,3,0,33.9398997220661,-118.28550025808678,detection_avg,0.5699062295293809,burglary_crime_est,food_access_count,-0.017607328574781613
126,-1,35,US,86,BlockApportionment:US.BlockGroups;PointsLayer:US.BlockPoints,2.191,2.576,1,207,183,9519,155,71.14,78,0.67,35,US,86,BlockApportionment:US.BlockGroups;PointsLayer:US.BlockPoints,2.191,2.576,1,75,75,28.66,0.94,9.83,5.84,34.67,25.4,9.7,26.81,,,,,,,,,,1.295,17.47,29.74,16.36,0,0,,,51,0,1,0,0,3,0,0,0,0,0,0,429,372,1,2,5,20,2524.48,533.81,20,2524.48,533.81,1,429.95,437.0,1,2,1118.03,538.63,0.37,1,0.37,1,0.0,0,100.0,1,0.0,0,2.29,15.66,68.25,0.88,15.22,5,77.09,0,AF-37,32,37,3,0,33.9398227203748,-118.27411403969612,reconstructed,0.6088526386532533,burglary_crime_est,food_access_count,-0.0311482598585048
127,-1,36,US,87,BlockApportionment:US.BlockGroups;PointsLayer:US.BlockPoints,2.191,2.576,1,199,182,7407,171,75.39,70,1.49,36,US,87,BlockApportionment:US.BlockGroups;PointsLayer:US.BlockPoints,2.191,2.576,1,79,82,23.32,1.65,4.1,6.22,46.15,28.64,13.86,36.2,,,,,,,,,,1.295,17.47,29.74,16.36,0,0,,,22,0,0,0,0,2,0,0,0,0,0,0,320,287,0,0,3,0,0.0,684.11,0,0.0,1055.82,3,1351.77,60.27,4,0,0.0,1059.23,1.55,1,1.55,1,0.0,0,100.0,1,0.0,0,0.79,18.03,54.35,0.97,26.65,5,67.81,0,AG-37,33,37,2,0,33.9397457186835,-118.26272782130548,reconstructed,0.6151069828877931,pct_public_assistance,la_geohub_100yr_flood_area_pct,-0.10095521123145365
128,-1,37,US,88,BlockApportionment:US.BlockGroups;PointsLayer:US.BlockPoints,2.191,2.576,1,232,207,6652,188,73.29,60,1.55,37,US,88,BlockApportionment:US.BlockGroups;PointsLayer:US.BlockPoints,2.191,2.576,1,67,70,19.42,2.43,5.77,9.7,34.52,22.25,6.38,43.78,,,,,,,,,,1.295,17.47,29.74,16.36,0,0,,,66,0,0,1,0,2,1,0,0,0,1,0,289,268,0,3,2,31,1222.88,285.79,0,0.0,1542.87,0,0.0,756.91,10,0,0.0,1544.26,0.0,0,0.0,0,0.0,0,100.0,1,0.0,0,2.72,20.7,54.91,2.54,21.84,5,67.62,0,AH-37,34,37,3,0,33.939668716992195,-118.25134160291483,reconstructed,0.6152483010796961,burglary_crime_est,food_access_count,0.04701220325437268
129,-1,38,US,89,BlockApportionment:US.BlockGroups;PointsLayer:US.BlockPoints,2.191,2.576,1,245,242,9636,195,79.27,69,1.06,38,US,89,BlockApportionment:US.BlockGroups;PointsLayer:US.BlockPoints,2.191,2.576,1,62,62,29.22,1.17,7.71,8.35,30.78,21.23,6.79,35.02,,,,,,,,,,1.295,17.47,29.74,16.36,0,0,,,6,0,0,0,0,4,0,0,0,0,0,0,313,256,0,0,6,0,0.0,769.18,0,0.0,955.08,0,0.0,1426.25,2,0,0.0,956.35,0.0,0,0.0,0,0.0,0,100.0,1,0.0,0,0.79,14.86,59.89,2.29,22.96,5,71.69,0,AI-37,35,37,4,0,33.93959171530089,-118.23995538452418,reconstructed,0.6025819090990138,total_crime_est,nearest_osm_major_road_m,0.06714067230868692
130,-1,39,US,90,BlockApportionment:US.BlockGroups;PointsLayer:US.BlockPoints,2.191,2.576,1,204,208,4603,312,81.97,70,1.11,39,US,90,BlockApportionment:US.BlockGroups;PointsLayer:US.BlockPoints,2.191,2.576,1,61,59,20.76,0.51,8.21,5.1,23.21,18.27,12.3,32.04,,,,,,,,,,1.295,17.47,29.74,16.36,0,0,,,18,0,0,0,0,5,1,0,0,0,0,0,122,117,0,1,9,9,1239.68,33.01,0,0.0,1460.44,0,0.0,2591.48,4,0,0.0,1461.78,0.0,0,0.0,0,0.0,0,100.0,1,0.0,0,0.79,11.96,73.7,1.32,13.02,5,81.35,1,AJ-37,36,37,6,1,33.93951471360958,-118.22856916613352,reconstructed,0.6325459769409848,private_school_count,nearest_osm_major_road_m,0.037659906244220095
131,-1,40,US,91,BlockApportionment:US.BlockGroups;PointsLayer:US.BlockPoints,2.191,2.576,0,0,0,0,0,0.0,0,0.0,40,US,91,BlockApportionment:US.BlockGroups;PointsLayer:US.BlockPoints,2.191,2.576,0,0,0,0.0,0.0,0.0,0.0,0.0,0.0,0.0,0.0,,,,,,,,,,1.295,17.47,29.74,16.36,0,0,,,0,0,0,0,0,0,0,0,0,0,0,0,0,0,0,0,0,0,0.0,880.38,0,0.0,3131.69,0,0.0,807.65,0,0,0.0,3131.09,2.07,1,0.0,0,0.24,1,0.04,1,0.0,0,0.0,2.33,11.63,20.93,65.12,4,38.14,0,P-36,16,36,0,0,33.952043276854766,-118.45629389352436,reconstructed,0.5828824018764589,pct_hs_grad,nearest_osm_major_road_m,-0.0469504774957505
132,-1,41,US,92,BlockApportionment:US.BlockGroups;PointsLayer:US.BlockPoints,2.191,2.576,1,114,175,403,83,16.38,200,3.44,41,US,92,BlockApportionment:US.BlockGroups;PointsLayer:US.BlockPoints,2.191,2.576,1,188,182,0.47,3.03,0.63,0.0,20.88,2.52,1.52,19.7,,,,,,,,,,1.295,17.47,29.74,16.36,0,0,,,0,0,0,0,0,0,0,0,0,0,0,0,36,45,0,0,0,13,1277.18,118.05,0,0.0,2662.92,0,0.0,1547.96,2,0,0.0,2662.94,0.0,0,0.0,0,7.96,1,56.6,1,0.0,0,0.14,27.41,17.36,3.44,51.79,4,42.11,0,Q-36,17,36,0,0,33.951966275163464,-118.44490767513372,reconstructed,0.5878616694045667,pct_hs_grad,dominant_landcover_class,0.01209984790028052
133,-1,42,US,93,BlockApportionment:US.BlockGroups;PointsLayer:US.BlockPoints,2.191,2.576,1,84,134,6912,76,16.26,141,2.29,42,US,93,BlockApportionment:US.BlockGroups;PointsLayer:US.BlockPoints,2.191,2.576,1,125,123,8.22,2.2,2.46,0.0,24.37,5.7,1.91,12.12,,,,,,,,,,1.295,17.47,29.74,16.36,0,0,,,3,0,0,0,0,0,1,0,0,0,0,0,552,574,0,0,5,0,0.0,1101.92,0,0.0,1520.91,0,0.0,1155.7,1,0,0.0,1512.73,0.0,0,0.0,0,0.0,0,100.0,1,0.0,0,1.14,31.58,36.32,2.72,29.39,5,55.08,0,R-36,18,36,1,0,33.95188927347216,-118.43352145674308,reconstructed,0.6147390287997787,private_school_count,nearest_osm_major_road_m,-0.05032678172272906
134,-1,43,US,94,BlockApportionment:US.BlockGroups;PointsLayer:US.BlockPoints,2.191,2.576,1,0,0,0,0,0.0,0,0.0,43,US,94,BlockApportionment:US.BlockGroups;PointsLayer:US.BlockPoints,2.191,2.576,1,0,0,0.0,0.0,0.0,0.0,0.0,0.0,0.0,0.0,,,,,,,,,,1.295,17.47,29.74,16.36,0,0,,,0,0,0,0,0,0,0,0,0,0,0,0,0,0,0,0,0,0,0.0,1075.3,0,0.0,1075.3,0,0.0,665.8,0,0,0.0,1073.66,0.0,0,0.0,0,0.0,0,100.0,1,0.0,0,1.5,24.36,56.82,0.18,18.65,5,69.32,1,S-36,19,36,0,1,33.95181227178085,-118.42213523835242,reconstructed,0.5358371528185701,total_crime_est,nearest_osm_major_road_m,-0.16167333582949733
135,820,44,US,95,BlockApportionment:US.BlockGroups;PointsLayer:US.BlockPoints,2.191,2.576,1,108,199,726,114,16.39,120,3.27,44,US,95,BlockApportionment:US.BlockGroups;PointsLayer:US.BlockPoints,2.191,2.576,1,98,97,8.47,1.78,0.15,0.21,37.4,25.6,5.47,6.22,api_test_workflow_v2_5pct_fresh_2026-04-28,33.95437774,-118.41331187,"9386 S LINCOLN BLVD, 90045",0.0,33.954377736_-118.413311872_0.jpg,1.0,0.6593,tent,1.295,17.47,29.74,16.36,0,0,,,0,0,0,0,1,0,0,1,0,0,0,0,35,38,0,0,0,28,3496.94,27.52,28,3496.94,27.52,3,1393.68,61.87,0,2,2650.29,27.03,0.0,0,0.0,0,0.0,0,100.0,1,0.0,0,1.49,45.52,30.49,0.7,23.29,3,50.9,0,T-36,20,36,0,0,33.95173527008955,-118.41074901996176,detection_avg,0.5660846155892638,recreation_center_count,business_sites_count,0.019746342374071923
136,-1,45,US,96,BlockApportionment:US.BlockGroups;PointsLayer:US.BlockPoints,2.191,2.576,1,0,0,0,0,0.0,0,0.0,45,US,96,BlockApportionment:US.BlockGroups;PointsLayer:US.BlockPoints,2.191,2.576,1,0,0,0.0,0.0,0.0,0.0,0.0,0.0,0.0,0.0,,,,,,,,,,1.295,17.47,29.74,16.36,0,0,,,23,0,0,0,0,0,0,0,0,0,0,0,155,155,0,0,0,114,11504.76,213.3,46,5223.17,213.3,1,194.6,561.11,28,4,3578.66,336.32,0.0,0,0.0,0,0.0,0,100.0,1,0.0,0,0.26,9.66,79.02,0.35,10.97,5,85.24,2,U-36,21,36,0,1,33.95165826839825,-118.39936280157112,reconstructed,0.6193155589003915,pct_public_assistance,osm_amenity_count,-0.04469349756995865
137,-1,46,US,97,BlockApportionment:US.BlockGroups;PointsLayer:US.BlockPoints,2.191,2.576,1,132,256,2379,12,32.49,100,4.22,46,US,97,BlockApportionment:US.BlockGroups;PointsLayer:US.BlockPoints,2.191,2.576,1,101,101,9.1,5.14,5.63,0.8,30.43,13.26,2.43,27.22,,,,,,,,,,1.295,17.47,29.74,16.36,0,0,,,20,0,0,0,0,0,0,0,0,0,0,0,198,218,0,0,0,1,1.9,667.62,0,0.0,728.15,0,0.0,1190.92,1,0,0.0,751.27,0.0,0,0.0,0,0.0,0,100.0,1,0.0,0,0.79,10.46,69.77,0.97,18.8,5,78.6,3,V-36,22,36,0,1,33.951581266706945,-118.38797658318047,reconstructed,0.6028094758258669,total_crime_est,nearest_osm_major_road_m,0.04855334509286012
138,-1,47,US,98,BlockApportionment:US.BlockGroups;PointsLayer:US.BlockPoints,2.191,2.576,1,124,122,3664,138,19.1,109,5.85,47,US,98,BlockApportionment:US.BlockGroups;PointsLayer:US.BlockPoints,2.191,2.576,1,103,104,15.61,6.32,1.65,3.16,33.44,8.83,1.79,38.44,,,,,,,,,,1.295,17.47,29.74,16.36,0,0,,,9,0,0,0,0,0,1,0,0,0,0,0,143,131,0,1,0,3,286.82,623.66,0,0.0,3073.17,0,0.0,1767.66,0,0,0.0,3120.01,0.0,0,0.0,0,0.0,0,100.0,1,0.0,0,1.38,25.6,48.45,0.69,25.26,5,63.5,4,AB-36,28,36,1,1,33.95111925655913,-118.31965927283656,reconstructed,0.5988785871338458,pct_hs_grad,nearest_osm_major_road_m,-0.027881687744741694
139,1529,48,US,99,BlockApportionment:US.BlockGroups;PointsLayer:US.BlockPoints,2.191,2.576,1,201,186,4564,181,32.14,102,4.17,48,US,99,BlockApportionment:US.BlockGroups;PointsLayer:US.BlockPoints,2.191,2.576,1,84,83,26.65,3.5,2.89,3.29,50.78,14.34,7.96,42.72,api_test_workflow_v8_remaining_location_deduped_10pct_2026-05-22,33.95290645,-118.30803482,"9155 S HOBART BLVD, 90047",90.0,33.9529064529_-118.308034825_90.jpg,1.0,0.6301,tent,1.295,17.47,29.74,16.36,0,0,,,27,0,0,0,1,1,1,0,1,0,0,0,361,320,0,1,3,28,1686.4,62.09,0,0.0,2397.26,0,0.0,2785.67,2,0,0.0,2397.51,0.0,0,0.0,0,0.0,0,100.0,1,0.0,0,0.7,19.93,55.14,0.79,24.14,5,68.39,7,AC-36,29,36,2,1,33.95104225486783,-118.30827305444592,detection_avg,0.5993690755779828,private_school_count,nearest_osm_major_road_m,0.028413598358971913
140,198,49,US,100,BlockApportionment:US.BlockGroups;PointsLayer:US.BlockPoints,2.191,2.576,1,251,205,10669,198,62.24,68,3.24,49,US,100,BlockApportionment:US.BlockGroups;PointsLayer:US.BlockPoints,2.191,2.576,1,75,80,27.08,2.58,7.69,2.96,38.33,19.29,5.02,31.47,api_test_workflow_v2_remaining_model6_2026-05-08,33.95187401,-118.2916545,"VERMONT AVE AT 93RD ST, 90044",0.0,33.9518740113_-118.291654504_0.jpg,1.0,0.7682,tent,1.295,17.47,29.74,16.36,0,0,,,34,0,0,0,0,1,0,0,0,0,0,0,327,303,0,0,2,7,1737.77,459.21,0,0.0,1469.54,0,0.0,2709.54,1,0,0.0,1479.8,0.0,0,0.0,0,0.0,0,100.0,1,0.0,0,1.47,12.09,69.78,0.95,17.18,5,78.4,1,AD-36,30,36,1,1,33.95096525317652,-118.29688683605526,detection_avg,0.5908976813264379,recreation_center_count,business_sites_count,-0.010870995979575974
141,1074,0,US,101,BlockApportionment:US.BlockGroups;PointsLayer:US.BlockPoints,2.191,2.576,1,184,150,9208,188,71.24,71,0.44,0,US,101,BlockApportionment:US.BlockGroups;PointsLayer:US.BlockPoints,2.191,2.576,1,65,65,26.39,0.78,5.46,7.14,42.52,25.78,7.17,34.49,api_test_workflow_v8_remaining_location_deduped_30pct_after10_2026-05-22,33.951895,-118.28076821,"FLOWER ST AT 93RD ST, 90003",0.0,33.9518950031_-118.280768206_0.jpg,1.0,0.7683,tent,1.295,17.47,29.74,16.36,0,0,,,31,0,0,1,0,1,0,1,1,0,0,0,443,407,0,0,6,36,4528.7,510.59,30,3597.76,510.59,0,0.0,1506.95,2,2,1433.94,521.4,0.0,0,0.0,0,0.0,0,100.0,1,0.0,0,1.32,14.69,65.7,0.97,18.65,5,75.59,4,AE-36,31,36,1,1,33.95088825148522,-118.2855006176646,detection_avg,0.6167254627584703,recreation_center_count,business_sites_count,0.02077051030803275
142,577,1,US,102,BlockApportionment:US.BlockGroups;PointsLayer:US.BlockPoints,2.191,2.576,1,193,177,10814,207,74.88,67,1.85,1,US,102,BlockApportionment:US.BlockGroups;PointsLayer:US.BlockPoints,2.191,2.576,1,61,60,26.55,1.97,8.11,6.61,45.48,32.39,11.02,40.09,api_test_workflow_v2_20pct_model6_2026-05-07_batch2,33.95367029,-118.26872895,"320 E 91ST ST, 90003",180.0,33.9536702885_-118.268728946_180.jpg,1.0,0.6014,tent,1.295,17.47,29.74,16.36,0,0,,,36,0,0,0,0,5,1,0,0,0,0,0,513,467,0,0,8,14,1498.21,591.05,14,1498.21,591.05,0,0.0,1659.29,1,2,696.71,595.86,0.46,1,0.0,0,0.45,1,100.0,1,0.0,0,1.73,15.62,64.71,1.29,18.38,5,74.78,0,AF-36,32,36,6,0,33.950811249793915,-118.27411439927396,detection_avg,0.619787092232111,pct_veterans,public_school_count,0.02288418961524433
143,277,2,US,103,BlockApportionment:US.BlockGroups;PointsLayer:US.BlockPoints,2.191,2.576,1,190,149,8064,193,75.09,90,1.26,2,US,103,BlockApportionment:US.BlockGroups;PointsLayer:US.BlockPoints,2.191,2.576,1,79,81,26.57,1.29,8.22,5.21,44.23,15.0,7.53,35.56,api_test_workflow_v2_30pct_model6_2026-05-08,33.94886704,-118.26535783,"9611 S AVALON BLVD, 90003",180.0,33.9488670425_-118.265357827_180.jpg,1.0,0.6768,tent,1.295,17.47,29.74,16.36,0,0,,,47,0,0,0,0,1,0,0,0,0,0,0,338,281,0,0,2,0,0.0,760.83,0,0.0,1537.13,0,0.0,1100.87,5,0,0.0,1561.0,0.0,0,0.0,0,0.0,0,100.0,1,0.0,0,1.14,18.89,56.85,1.05,23.2,5,69.45,0,AG-36,33,36,1,0,33.95073424810261,-118.26272818088331,detection_avg,0.6100835838199488,total_crime_est,nearest_osm_major_road_m,-0.054878934306031885
144,733,2,US,103,BlockApportionment:US.BlockGroups;PointsLayer:US.BlockPoints,2.191,2.576,1,190,149,8064,193,75.09,90,1.26,2,US,103,BlockApportionment:US.BlockGroups;PointsLayer:US.BlockPoints,2.191,2.576,1,79,81,26.57,1.29,8.22,5.21,44.23,15.0,7.53,35.56,api_test_workflow_v2_30pct_model6_2026-05-08,33.95069981,-118.26501356,"9410 S AVALON BLVD, 90003",270.0,33.9506998108_-118.265013562_270.jpg,1.0,0.8066,tent,1.295,17.47,29.74,16.36,0,0,,,47,0,0,0,0,1,0,0,0,0,0,0,338,281,0,0,2,0,0.0,760.83,0,0.0,1537.13,0,0.0,1100.87,5,0,0.0,1561.0,0.0,0,0.0,0,0.0,0,100.0,1,0.0,0,1.14,18.89,56.85,1.05,23.2,5,69.45,0,AG-36,33,36,1,0,33.95073424810261,-118.26272818088331,detection_avg,0.6100835838199488,total_crime_est,nearest_osm_major_road_m,-0.054878934306031885
145,1348,2,US,103,BlockApportionment:US.BlockGroups;PointsLayer:US.BlockPoints,2.191,2.576,1,190,149,8064,193,75.09,90,1.26,2,US,103,BlockApportionment:US.BlockGroups;PointsLayer:US.BlockPoints,2.191,2.576,1,79,81,26.57,1.29,8.22,5.21,44.23,15.0,7.53,35.56,api_test_workflow_v2_remaining_model6_2026-05-08,33.94822694,-118.26443096,"620 E 97TH ST, 90002",270.0,33.9482269383_-118.264430964_270.jpg,1.0,0.651,tent,1.295,17.47,29.74,16.36,0,0,,,47,0,0,0,0,1,0,0,0,0,0,0,338,281,0,0,2,0,0.0,760.83,0,0.0,1537.13,0,0.0,1100.87,5,0,0.0,1561.0,0.0,0,0.0,0,0.0,0,100.0,1,0.0,0,1.14,18.89,56.85,1.05,23.2,5,69.45,1,AG-36,33,36,1,1,33.95073424810261,-118.26272818088331,detection_avg,0.6100835838199488,total_crime_est,nearest_osm_major_road_m,-0.054878934306031885
146,-1,3,US,104,BlockApportionment:US.BlockGroups;PointsLayer:US.BlockPoints,2.191,2.576,1,230,180,11374,214,82.01,74,0.25,3,US,104,BlockApportionment:US.BlockGroups;PointsLayer:US.BlockPoints,2.191,2.576,1,68,68,23.53,0.22,6.15,8.15,35.05,18.86,10.9,29.57,,,,,,,,,,1.295,17.47,29.74,16.36,0,0,,,42,0,0,0,0,2,0,0,0,0,0,0,296,235,0,0,5,20,1197.13,422.2,0,0.0,2670.87,0,0.0,1864.22,2,0,0.0,2681.47,0.0,0,0.0,0,0.0,0,100.0,1,0.0,0,2.63,19.58,61.28,0.79,18.35,5,72.11,1,AH-36,34,36,2,1,33.95065724641131,-118.25134196249266,reconstructed,0.6263350963091383,burglary_crime_est,food_access_count,0.018681450006892045
147,850,4,US,105,BlockApportionment:US.BlockGroups;PointsLayer:US.BlockPoints,2.191,2.576,1,202,193,10254,267,76.1,54,0.37,4,US,105,BlockApportionment:US.BlockGroups;PointsLayer:US.BlockPoints,2.191,2.576,1,64,67,21.89,0.31,4.32,8.87,29.09,26.68,16.48,43.25,api_test_workflow_v2_10pct_model6_2026-05-06_live,33.94624912,-118.23958499,"9910 S BANDERA ST, 90002",90.0,33.9462491233_-118.23958499_90.jpg,1.0,0.913,tent,1.295,17.47,29.74,16.36,0,0,,,30,0,1,0,0,2,0,1,0,0,0,1,316,283,0,1,5,0,0.0,954.41,0,0.0,2175.12,0,0.0,1937.22,4,0,0.0,2176.03,0.0,0,0.0,0,0.0,0,100.0,1,0.0,0,0.88,12.23,65.7,2.37,19.7,5,75.73,2,AI-36,35,36,2,1,33.95058024472001,-118.239955744102,detection_avg,0.631156055151981,pct_public_assistance,la_geohub_500yr_flood_area_pct,0.05036846384006959
148,-1,5,US,106,BlockApportionment:US.BlockGroups;PointsLayer:US.BlockPoints,2.191,2.576,1,63,120,859,90,9.66,217,2.5,5,US,106,BlockApportionment:US.BlockGroups;PointsLayer:US.BlockPoints,2.191,2.576,1,202,196,7.5,2.22,3.1,4.32,24.22,10.05,1.48,12.22,,,,,,,,,,1.295,17.47,29.74,16.36,0,0,,,12,0,0,0,0,0,0,0,0,0,0,0,224,263,0,0,0,0,0.0,1045.0,0,0.0,2373.74,4,1450.36,277.51,2,0,0.0,2408.64,39.4,1,1.28,1,22.8,1,44.09,1,0.0,0,1.09,8.72,22.4,39.47,29.42,6,45.35,1,P-35,16,35,0,1,33.96303180627388,-118.4562942531022,reconstructed,0.5750241345038251,pct_household_disability,fema_flood_hazard_area_pct,0.027568064359227897
149,322,6,US,107,BlockApportionment:US.BlockGroups;PointsLayer:US.BlockPoints,2.191,2.576,1,91,133,3381,110,12.98,214,1.67,6,US,107,BlockApportionment:US.BlockGroups;PointsLayer:US.BlockPoints,2.191,2.576,1,193,186,3.27,2.29,1.49,0.1,24.63,5.04,6.25,17.15,api_test_workflow_v2_5pct_2026-04-25,33.95882834,-118.44823317,"200 E CULVER BLVD, 90293",270.0,33.958828337_-118.448233169_270.jpg,1.0,0.6118,tent,1.295,17.47,29.74,16.36,0,0,,,15,0,0,0,0,0,0,0,0,0,0,0,530,527,0,0,0,14,1549.55,137.96,0,0.0,1910.64,16,2512.8,329.53,21,0,0.0,1909.65,23.36,1,0.01,1,32.17,1,99.45,1,0.0,0,2.2,34.77,38.29,1.67,25.26,5,56.14,0,Q-35,17,35,0,0,33.96295480458258,-118.44490803471156,detection_avg,0.6033001526415755,pct_public_assistance,la_geohub_500yr_flood_area_pct,-0.028443297672570533
150,1720,6,US,107,BlockApportionment:US.BlockGroups;PointsLayer:US.BlockPoints,2.191,2.576,1,91,133,3381,110,12.98,214,1.67,6,US,107,BlockApportionment:US.BlockGroups;PointsLayer:US.BlockPoints,2.191,2.576,1,193,186,3.27,2.29,1.49,0.1,24.63,5.04,6.25,17.15,api_test_workflow_v8_remaining_location_deduped_final_after10_30_2026-05-23,33.95397134,-118.44701724,"REDLANDS ST AT VISTA DEL MAR LANE, 90293",180.0,33.9539713444_-118.447017239_180.jpg,1.0,0.947,tent,1.295,17.47,29.74,16.36,0,0,,,15,0,0,0,0,0,0,0,0,0,0,0,530,527,0,0,0,14,1549.55,137.96,0,0.0,1910.64,16,2512.8,329.53,21,0,0.0,1909.65,23.36,1,0.01,1,32.17,1,99.45,1,0.0,0,2.2,34.77,38.29,1.67,25.26,5,56.14,0,Q-35,17,35,0,0,33.96295480458258,-118.44490803471156,detection_avg,0.6033001526415755,pct_public_assistance,la_geohub_500yr_flood_area_pct,-0.028443297672570533
151,-1,7,US,108,BlockApportionment:US.BlockGroups;PointsLayer:US.BlockPoints,2.191,2.576,1,86,111,1828,133,14.06,253,4.34,7,US,108,BlockApportionment:US.BlockGroups;PointsLayer:US.BlockPoints,2.191,2.576,1,277,271,4.35,4.75,1.1,0.0,20.39,4.99,3.18,12.57,,,,,,,,,,1.295,17.47,29.74,16.36,0,0,,,6,0,0,0,0,0,1,0,0,0,0,0,165,161,0,0,0,8,948.59,535.1,0,0.0,689.55,10,1626.56,137.77,0,0,0.0,688.38,39.92,1,0.0,0,40.0,1,100.0,1,0.0,0,3.78,51.01,24.32,1.4,23.27,3,45.89,0,R-35,18,35,1,0,33.96287780289128,-118.4335218163209,reconstructed,0.5988914662297852,pct_household_disability,fema_flood_hazard_area_pct,0.02990199867875714
152,-1,8,US,109,BlockApportionment:US.BlockGroups;PointsLayer:US.BlockPoints,2.191,2.576,1,96,149,4220,100,16.82,147,2.3,8,US,109,BlockApportionment:US.BlockGroups;PointsLayer:US.BlockPoints,2.191,2.576,1,134,133,10.92,1.98,0.64,0.59,35.51,15.2,2.72,8.2,,,,,,,,,,1.295,17.47,29.74,16.36,0,0,,,15,0,0,1,0,3,1,0,1,0,0,0,423,420,0,0,6,22,1527.84,302.17,22,1527.84,302.17,0,0.0,816.52,24,2,2112.6,294.44,0.0,0,0.0,0,0.0,0,100.0,1,0.0,0,3.87,26.19,52.9,0.7,20.21,5,65.87,1,S-35,19,35,4,1,33.962800801199975,-118.42213559793026,reconstructed,0.6332638614406106,pct_household_disability,fema_flood_hazard_area_pct,0.01743540696705646
153,-1,9,US,110,BlockApportionment:US.BlockGroups;PointsLayer:US.BlockPoints,2.191,2.576,1,66,54,3745,60,15.51,246,3.02,9,US,110,BlockApportionment:US.BlockGroups;PointsLayer:US.BlockPoints,2.191,2.576,1,187,186,7.01,2.86,0.0,0.54,31.12,11.71,1.71,24.19,,,,,,,,,,1.295,17.47,29.74,16.36,0,0,,,3,0,0,0,0,1,0,0,0,0,0,0,327,320,0,0,0,0,0.0,879.97,0,0.0,879.97,0,0.0,1015.72,2,0,0.0,910.07,0.0,0,0.0,0,0.0,0,100.0,1,0.0,0,1.32,25.72,42.67,1.05,30.55,5,59.47,1,T-35,20,35,1,1,33.96272379950867,-118.4107493795396,reconstructed,0.5805285564944924,total_crime_est,nearest_osm_major_road_m,0.060819345313543084
154,-1,10,US,111,BlockApportionment:US.BlockGroups;PointsLayer:US.BlockPoints,2.191,2.576,1,107,139,3037,14,20.94,158,4.26,10,US,111,BlockApportionment:US.BlockGroups;PointsLayer:US.BlockPoints,2.191,2.576,1,144,144,2.83,4.5,0.37,0.67,41.15,9.81,0.65,17.45,,,,,,,,,,1.295,17.47,29.74,16.36,0,0,,,39,0,1,0,0,1,1,0,0,0,0,0,899,884,0,0,3,50,2847.55,338.8,0,0.0,664.8,0,0.0,734.73,28,0,0.0,664.19,0.0,0,0.0,0,0.0,0,100.0,1,0.0,0,1.76,17.68,67.19,0.62,14.51,5,76.5,1,U-35,21,35,2,1,33.96264679781737,-118.39936316114895,reconstructed,0.632492743164594,pct_public_assistance,osm_amenity_count,-0.031922196885659136
155,-1,11,US,112,BlockApportionment:US.BlockGroups;PointsLayer:US.BlockPoints,2.191,2.576,1,72,66,3761,110,23.4,201,1.98,11,US,112,BlockApportionment:US.BlockGroups;PointsLayer:US.BlockPoints,2.191,2.576,1,160,160,11.68,2.36,0.52,0.21,16.08,4.44,4.26,19.82,,,,,,,,,,1.295,17.47,29.74,16.36,0,0,,,33,0,0,0,0,0,2,0,0,0,0,0,477,444,0,1,1,20,1402.65,543.74,0,0.0,1118.78,0,0.0,1244.12,3,0,0.0,1179.0,0.0,0,0.0,0,0.0,0,100.0,1,0.0,0,1.06,21.37,50.92,1.85,25.86,5,65.33,4,V-35,22,35,2,1,33.96256979612607,-118.3879769427583,reconstructed,0.5922751528103304,burglary_crime_est,food_access_count,0.06591907681984684
156,1337,12,US,113,BlockApportionment:US.BlockGroups;PointsLayer:US.BlockPoints,2.191,2.576,1,99,144,2011,90,33.37,107,21.32,12,US,113,BlockApportionment:US.BlockGroups;PointsLayer:US.BlockPoints,2.191,2.576,1,104,102,15.35,19.39,2.8,1.67,25.38,17.24,2.85,23.8,api_test_workflow_v2_remaining_model6_2026-05-08,33.96303769,-118.37891131,"8333 S OSAGE AVE, 90045",180.0,33.9630376896_-118.378911312_180.jpg,1.0,0.6039,tent,1.295,17.47,29.74,16.36,0,0,,,33,0,0,0,1,0,1,0,0,0,0,0,298,306,0,0,0,30,1911.41,64.46,2,131.11,646.6,0,0.0,1112.41,14,1,18.77,700.44,0.0,0,0.0,0,0.0,0,100.0,1,0.0,0,0.96,9.74,81.4,0.79,8.07,5,86.69,1,W-35,23,35,1,1,33.962492794434766,-118.37659072436766,detection_avg,0.5780348441397382,private_school_count,nearest_osm_major_road_m,0.02767489503563411
157,-1,13,US,114,BlockApportionment:US.BlockGroups;PointsLayer:US.BlockPoints,2.191,2.576,1,99,145,6291,169,48.5,73,14.69,13,US,114,BlockApportionment:US.BlockGroups;PointsLayer:US.BlockPoints,2.191,2.576,1,76,77,19.59,12.13,3.61,2.96,27.26,19.06,3.68,20.22,,,,,,,,,,1.295,17.47,29.74,16.36,0,0,,,12,0,0,0,0,1,1,0,0,0,0,1,131,114,0,1,0,89,9607.12,349.83,32,6087.38,381.48,1,47.38,567.55,4,2,1868.21,410.43,0.0,0,0.0,0,0.0,0,100.0,1,0.0,0,1.06,14.95,63.85,0.79,20.4,5,74.38,3,X-35,24,35,2,1,33.96241579274346,-118.365204505977,reconstructed,0.5987009569751693,burglary_crime_est,food_access_count,0.045085429098607056
158,-1,14,US,115,BlockApportionment:US.BlockGroups;PointsLayer:US.BlockPoints,2.191,2.576,1,112,89,3992,86,16.41,137,6.84,14,US,115,BlockApportionment:US.BlockGroups;PointsLayer:US.BlockPoints,2.191,2.576,1,110,109,21.08,5.98,2.89,0.55,28.16,8.95,3.27,22.95,,,,,,,,,,1.295,17.47,29.74,16.36,0,0,,,16,0,0,0,0,2,1,0,0,0,0,2,177,168,0,1,0,18,1374.68,530.22,0,0.0,3508.6,0,0.0,2352.28,3,0,0.0,3587.36,1.5,1,0.0,0,0.12,1,100.0,1,0.0,0,0.44,16.71,57.61,1.32,24.36,5,70.19,5,AB-35,28,35,3,1,33.96210778597825,-118.3196596324144,reconstructed,0.5913299784411468,pct_veterans,public_school_count,-0.021115030926434134
159,1591,15,US,116,BlockApportionment:US.BlockGroups;PointsLayer:US.BlockPoints,2.191,2.576,1,170,170,4955,117,30.64,80,4.5,15,US,116,BlockApportionment:US.BlockGroups;PointsLayer:US.BlockPoints,2.191,2.576,1,88,88,20.59,3.2,2.92,1.28,43.77,17.55,5.84,49.37,api_test_workflow_v8_remaining_location_deduped_30pct_after10_2026-05-22,33.95973995,-118.31145262,"8701 S ST ANDREWS PL, 90047",180.0,33.9597399533_-118.311452616_180.jpg,1.0,0.8548,tent,1.295,17.47,29.74,16.36,0,0,,,36,0,0,0,0,1,1,2,0,0,0,0,559,544,0,3,3,42,2545.81,66.38,0,0.0,2431.72,0,0.0,2959.19,3,0,0.0,2529.76,7.33,1,0.0,0,0.71,1,100.0,1,0.0,0,1.23,12.29,69.53,2.63,15.54,5,78.3,1,AC-35,29,35,2,1,33.962030784286945,-118.30827341402374,detection_avg,0.6352169859992237,private_school_count,nearest_osm_major_road_m,0.027078626723896118
160,-1,16,US,117,BlockApportionment:US.BlockGroups;PointsLayer:US.BlockPoints,2.191,2.576,1,176,152,6758,140,39.06,64,4.81,16,US,117,BlockApportionment:US.BlockGroups;PointsLayer:US.BlockPoints,2.191,2.576,1,70,70,25.0,6.04,3.17,2.8,33.76,24.09,2.45,47.83,,,,,,,,,,1.295,17.47,29.74,16.36,0,0,,,37,0,0,0,0,1,0,0,0,0,0,0,502,447,0,0,2,34,2379.46,469.68,0,0.0,1426.89,0,0.0,3590.85,4,0,0.0,1469.27,10.55,1,0.0,0,1.33,1,100.0,1,0.0,0,0.62,11.51,68.89,1.14,18.45,5,78.04,0,AD-35,30,35,1,0,33.96195378259564,-118.29688719563308,reconstructed,0.6068473791218977,pct_household_disability,fema_flood_hazard_area_pct,0.017265765602320734
161,1471,17,US,118,BlockApportionment:US.BlockGroups;PointsLayer:US.BlockPoints,2.191,2.576,1,180,177,8273,252,71.64,47,0.92,17,US,118,BlockApportionment:US.BlockGroups;PointsLayer:US.BlockPoints,2.191,2.576,1,52,53,26.23,0.96,7.06,5.89,40.03,34.95,12.52,40.2,api_test_workflow_v8_remaining_location_deduped_10pct_2026-05-22,33.95887831,-118.27848658,"8667 S BROADWAY, 90003",90.0,33.9588783063_-118.278486578_90.jpg,1.0,0.6769,tent,1.295,17.47,29.74,16.36,0,0,,,64,0,0,0,1,4,2,1,0,0,0,1,530,499,0,3,6,111,9370.14,83.27,53,6086.83,320.79,0,0.0,2515.62,8,2,1962.66,411.66,0.0,0,0.0,0,0.0,0,100.0,1,0.0,0,0.97,11.68,74.01,0.79,13.52,5,81.52,0,AE-35,31,35,6,0,33.96187678090434,-118.28550097724244,detection_avg,0.6317529345956426,private_school_count,nearest_osm_major_road_m,-0.027667613840775696
162,1477,17,US,118,BlockApportionment:US.BlockGroups;PointsLayer:US.BlockPoints,2.191,2.576,1,180,177,8273,252,71.64,47,0.92,17,US,118,BlockApportionment:US.BlockGroups;PointsLayer:US.BlockPoints,2.191,2.576,1,52,53,26.23,0.96,7.06,5.89,40.03,34.95,12.52,40.2,api_test_workflow_v8_remaining_location_deduped_10pct_2026-05-22,33.96394844,-118.28254371,"8300 S FIGUEROA ST, 90003",180.0,33.9639484421_-118.282543714_180.jpg,1.0,0.644,tent,1.295,17.47,29.74,16.36,0,0,,,64,0,0,0,1,4,2,1,0,0,0,1,530,499,0,3,6,111,9370.14,83.27,53,6086.83,320.79,0,0.0,2515.62,8,2,1962.66,411.66,0.0,0,0.0,0,0.0,0,100.0,1,0.0,0,0.97,11.68,74.01,0.79,13.52,5,81.52,6,AE-35,31,35,6,1,33.96187678090434,-118.28550097724244,detection_avg,0.6317529345956426,private_school_count,nearest_osm_major_road_m,-0.027667613840775696
163,1557,17,US,118,BlockApportionment:US.BlockGroups;PointsLayer:US.BlockPoints,2.191,2.576,1,180,177,8273,252,71.64,47,0.92,17,US,118,BlockApportionment:US.BlockGroups;PointsLayer:US.BlockPoints,2.191,2.576,1,52,53,26.23,0.96,7.06,5.89,40.03,34.95,12.52,40.2,api_test_workflow_v8_remaining_location_deduped_10pct_2026-05-22,33.96251039,-118.28252784,"8426 S FIGUEROA ST, 90003",0.0,33.9625103946_-118.282527843_0.jpg,1.0,0.8374,tent,1.295,17.47,29.74,16.36,0,0,,,64,0,0,0,1,4,2,1,0,0,0,1,530,499,0,3,6,111,9370.14,83.27,53,6086.83,320.79,0,0.0,2515.62,8,2,1962.66,411.66,0.0,0,0.0,0,0.0,0,100.0,1,0.0,0,0.97,11.68,74.01,0.79,13.52,5,81.52,2,AE-35,31,35,6,1,33.96187678090434,-118.28550097724244,detection_avg,0.6317529345956426,private_school_count,nearest_osm_major_road_m,-0.027667613840775696
164,1658,17,US,118,BlockApportionment:US.BlockGroups;PointsLayer:US.BlockPoints,2.191,2.576,1,180,177,8273,252,71.64,47,0.92,17,US,118,BlockApportionment:US.BlockGroups;PointsLayer:US.BlockPoints,2.191,2.576,1,52,53,26.23,0.96,7.06,5.89,40.03,34.95,12.52,40.2,api_test_workflow_v8_remaining_location_deduped_30pct_after10_2026-05-22,33.95735867,-118.28023932,"88TH ST AT GRAND AVE, 90003",0.0,33.9573586719_-118.280239321_0.jpg,1.0,0.8472,tent,1.295,17.47,29.74,16.36,0,0,,,64,0,0,0,1,4,2,1,0,0,0,1,530,499,0,3,6,111,9370.14,83.27,53,6086.83,320.79,0,0.0,2515.62,8,2,1962.66,411.66,0.0,0,0.0,0,0.0,0,100.0,1,0.0,0,0.97,11.68,74.01,0.79,13.52,5,81.52,7,AE-35,31,35,6,1,33.96187678090434,-118.28550097724244,detection_avg,0.6317529345956426,private_school_count,nearest_osm_major_road_m,-0.027667613840775696
165,1858,17,US,118,BlockApportionment:US.BlockGroups;PointsLayer:US.BlockPoints,2.191,2.576,1,180,177,8273,252,71.64,47,0.92,17,US,118,BlockApportionment:US.BlockGroups;PointsLayer:US.BlockPoints,2.191,2.576,1,52,53,26.23,0.96,7.06,5.89,40.03,34.95,12.52,40.2,api_test_workflow_v8_remaining_location_deduped_final_after10_30_2026-05-23,33.96001576,-118.29149367,"VERMONT AVE AT MANCHESTER AVE, 90044",180.0,33.9600157617_-118.291493672_180.jpg,1.0,0.7745,tent,1.295,17.47,29.74,16.36,0,0,,,64,0,0,0,1,4,2,1,0,0,0,1,530,499,0,3,6,111,9370.14,83.27,53,6086.83,320.79,0,0.0,2515.62,8,2,1962.66,411.66,0.0,0,0.0,0,0.0,0,100.0,1,0.0,0,0.97,11.68,74.01,0.79,13.52,5,81.52,0,AE-35,31,35,6,0,33.96187678090434,-118.28550097724244,detection_avg,0.6317529345956426,private_school_count,nearest_osm_major_road_m,-0.027667613840775696
166,102,18,US,119,BlockApportionment:US.BlockGroups;PointsLayer:US.BlockPoints,2.191,2.576,1,190,157,12338,171,77.22,56,1.04,18,US,119,BlockApportionment:US.BlockGroups;PointsLayer:US.BlockPoints,2.191,2.576,1,59,61,20.76,0.81,8.36,6.94,36.18,31.47,10.0,37.65,api_test_workflow_v2_30pct_model6_2026-05-08,33.96278601,-118.2738029,"8400 S MAIN ST, 90003",180.0,33.9627860075_-118.273802898_180.jpg,1.0,0.8364,tent,1.295,17.47,29.74,16.36,0,0,,,51,0,0,0,0,0,0,0,0,0,0,1,660,576,0,0,0,29,2563.13,514.25,14,937.4,617.47,0,0.0,2882.0,6,2,463.42,629.53,5.71,1,0.0,0,5.7,1,100.0,1,0.0,0,0.96,12.01,68.54,1.4,18.05,5,77.69,0,AF-35,32,35,0,0,33.96179977921304,-118.2741147588518,detection_avg,0.6367492009032242,transit_stops_count,food_access_count,0.017988927449202156
167,892,18,US,119,BlockApportionment:US.BlockGroups;PointsLayer:US.BlockPoints,2.191,2.576,1,190,157,12338,171,77.22,56,1.04,18,US,119,BlockApportionment:US.BlockGroups;PointsLayer:US.BlockPoints,2.191,2.576,1,59,61,20.76,0.81,8.36,6.94,36.18,31.47,10.0,37.65,api_test_workflow_v2_10pct_model6_2026-05-06_live,33.96294082,-118.26901951,"315 E 84TH ST, 90003",270.0,33.9629408228_-118.269019509_270.jpg,1.0,0.8155,tent,1.295,17.47,29.74,16.36,0,0,,,51,0,0,0,0,0,0,0,0,0,0,1,660,576,0,0,0,29,2563.13,514.25,14,937.4,617.47,0,0.0,2882.0,6,2,463.42,629.53,5.71,1,0.0,0,5.7,1,100.0,1,0.0,0,0.96,12.01,68.54,1.4,18.05,5,77.69,4,AF-35,32,35,0,1,33.96179977921304,-118.2741147588518,detection_avg,0.6367492009032242,transit_stops_count,food_access_count,0.017988927449202156
168,1047,18,US,119,BlockApportionment:US.BlockGroups;PointsLayer:US.BlockPoints,2.191,2.576,1,190,157,12338,171,77.22,56,1.04,18,US,119,BlockApportionment:US.BlockGroups;PointsLayer:US.BlockPoints,2.191,2.576,1,59,61,20.76,0.81,8.36,6.94,36.18,31.47,10.0,37.65,api_test_workflow_v8_remaining_location_deduped_10pct_2026-05-22,33.96291803,-118.26947934,"301 E 84TH ST, 90003",180.0,33.9629180307_-118.269479342_180.jpg,1.0,0.666,tent,1.295,17.47,29.74,16.36,0,0,,,51,0,0,0,0,0,0,0,0,0,0,1,660,576,0,0,0,29,2563.13,514.25,14,937.4,617.47,0,0.0,2882.0,6,2,463.42,629.53,5.71,1,0.0,0,5.7,1,100.0,1,0.0,0,0.96,12.01,68.54,1.4,18.05,5,77.69,3,AF-35,32,35,0,1,33.96179977921304,-118.2741147588518,detection_avg,0.6367492009032242,transit_stops_count,food_access_count,0.017988927449202156
169,1106,18,US,119,BlockApportionment:US.BlockGroups;PointsLayer:US.BlockPoints,2.191,2.576,1,190,157,12338,171,77.22,56,1.04,18,US,119,BlockApportionment:US.BlockGroups;PointsLayer:US.BlockPoints,2.191,2.576,1,59,61,20.76,0.81,8.36,6.94,36.18,31.47,10.0,37.65,api_test_workflow_v8_remaining_location_deduped_30pct_after10_2026-05-22,33.96152247,-118.27832545,"85TH ST AT BROADWAY, 90003",90.0,33.9615224674_-118.278325452_90.jpg,1.0,0.6408,tent,1.295,17.47,29.74,16.36,0,0,,,51,0,0,0,0,0,0,0,0,0,0,1,660,576,0,0,0,29,2563.13,514.25,14,937.4,617.47,0,0.0,2882.0,6,2,463.42,629.53,5.71,1,0.0,0,5.7,1,100.0,1,0.0,0,0.96,12.01,68.54,1.4,18.05,5,77.69,1,AF-35,32,35,0,1,33.96179977921304,-118.2741147588518,detection_avg,0.6367492009032242,transit_stops_count,food_access_count,0.017988927449202156
170,1819,18,US,119,BlockApportionment:US.BlockGroups;PointsLayer:US.BlockPoints,2.191,2.576,1,190,157,12338,171,77.22,56,1.04,18,US,119,BlockApportionment:US.BlockGroups;PointsLayer:US.BlockPoints,2.191,2.576,1,59,61,20.76,0.81,8.36,6.94,36.18,31.47,10.0,37.65,api_test_workflow_v8_remaining_location_deduped_final_after10_30_2026-05-23,33.96270862,-118.2689057,"316 E 84TH ST, 90003",270.0,33.9627086181_-118.268905699_270.jpg,1.0,0.9002,tent,1.295,17.47,29.74,16.36,0,0,,,51,0,0,0,0,0,0,0,0,0,0,1,660,576,0,0,0,29,2563.13,514.25,14,937.4,617.47,0,0.0,2882.0,6,2,463.42,629.53,5.71,1,0.0,0,5.7,1,100.0,1,0.0,0,0.96,12.01,68.54,1.4,18.05,5,77.69,0,AF-35,32,35,0,0,33.96179977921304,-118.2741147588518,detection_avg,0.6367492009032242,transit_stops_count,food_access_count,0.017988927449202156
171,1835,18,US,119,BlockApportionment:US.BlockGroups;PointsLayer:US.BlockPoints,2.191,2.576,1,190,157,12338,171,77.22,56,1.04,18,US,119,BlockApportionment:US.BlockGroups;PointsLayer:US.BlockPoints,2.191,2.576,1,59,61,20.76,0.81,8.36,6.94,36.18,31.47,10.0,37.65,api_test_workflow_v8_remaining_location_deduped_final_after10_30_2026-05-23,33.96258703,-118.26937795,"8406 S SAN PEDRO ST, 90003",0.0,33.9625870319_-118.269377951_0.jpg,1.0,0.6134,tent,1.295,17.47,29.74,16.36,0,0,,,51,0,0,0,0,0,0,0,0,0,0,1,660,576,0,0,0,29,2563.13,514.25,14,937.4,617.47,0,0.0,2882.0,6,2,463.42,629.53,5.71,1,0.0,0,5.7,1,100.0,1,0.0,0,0.96,12.01,68.54,1.4,18.05,5,77.69,0,AF-35,32,35,0,0,33.96179977921304,-118.2741147588518,detection_avg,0.6367492009032242,transit_stops_count,food_access_count,0.017988927449202156
172,1136,19,US,120,BlockApportionment:US.BlockGroups;PointsLayer:US.BlockPoints,2.191,2.576,1,182,161,9012,219,77.77,69,0.89,19,US,120,BlockApportionment:US.BlockGroups;PointsLayer:US.BlockPoints,2.191,2.576,1,63,62,20.59,0.71,8.38,6.69,44.19,26.21,9.18,42.66,api_test_workflow_v8_remaining_location_deduped_30pct_after10_2026-05-22,33.96272976,-118.2670705,"406 E 84TH ST, 90003",0.0,33.9627297611_-118.267070502_0.jpg,1.0,0.7784,tent,1.295,17.47,29.74,16.36,0,0,,,49,0,0,0,0,1,0,2,0,0,1,0,507,438,0,1,4,41,2331.02,99.57,0,0.0,1568.67,0,0.0,2296.61,7,0,0.0,1686.92,0.67,1,0.0,0,0.69,1,100.0,1,0.0,0,0.7,12.76,66.81,1.32,19.1,5,76.56,0,AG-35,33,35,1,0,33.961722777521736,-118.26272854046114,detection_avg,0.6236590531936363,recreation_center_count,business_sites_count,0.016614307801242196
173,1178,19,US,120,BlockApportionment:US.BlockGroups;PointsLayer:US.BlockPoints,2.191,2.576,1,182,161,9012,219,77.77,69,0.89,19,US,120,BlockApportionment:US.BlockGroups;PointsLayer:US.BlockPoints,2.191,2.576,1,63,62,20.59,0.71,8.38,6.69,44.19,26.21,9.18,42.66,api_test_workflow_v8_remaining_location_deduped_final_after10_30_2026-05-23,33.95661973,-118.25823823,"911 E 88TH PL, 90002",270.0,33.9566197253_-118.258238235_270.jpg,1.0,0.8714,tent,1.295,17.47,29.74,16.36,0,0,,,49,0,0,0,0,1,0,2,0,0,1,0,507,438,0,1,4,41,2331.02,99.57,0,0.0,1568.67,0,0.0,2296.61,7,0,0.0,1686.92,0.67,1,0.0,0,0.69,1,100.0,1,0.0,0,0.7,12.76,66.81,1.32,19.1,5,76.56,0,AG-35,33,35,1,0,33.961722777521736,-118.26272854046114,detection_avg,0.6236590531936363,recreation_center_count,business_sites_count,0.016614307801242196
174,1555,19,US,120,BlockApportionment:US.BlockGroups;PointsLayer:US.BlockPoints,2.191,2.576,1,182,161,9012,219,77.77,69,0.89,19,US,120,BlockApportionment:US.BlockGroups;PointsLayer:US.BlockPoints,2.191,2.576,1,63,62,20.59,0.71,8.38,6.69,44.19,26.21,9.18,42.66,api_test_workflow_v8_remaining_location_deduped_10pct_2026-05-22,33.95981901,-118.26650604,"8614 S METTLER ST, 90003",0.0,33.9598190071_-118.266506037_0.jpg,1.0,0.6542,tent,1.295,17.47,29.74,16.36,0,0,,,49,0,0,0,0,1,0,2,0,0,1,0,507,438,0,1,4,41,2331.02,99.57,0,0.0,1568.67,0,0.0,2296.61,7,0,0.0,1686.92,0.67,1,0.0,0,0.69,1,100.0,1,0.0,0,0.7,12.76,66.81,1.32,19.1,5,76.56,1,AG-35,33,35,1,1,33.961722777521736,-118.26272854046114,detection_avg,0.6236590531936363,recreation_center_count,business_sites_count,0.016614307801242196
175,1649,19,US,120,BlockApportionment:US.BlockGroups;PointsLayer:US.BlockPoints,2.191,2.576,1,182,161,9012,219,77.77,69,0.89,19,US,120,BlockApportionment:US.BlockGroups;PointsLayer:US.BlockPoints,2.191,2.576,1,63,62,20.59,0.71,8.38,6.69,44.19,26.21,9.18,42.66,api_test_workflow_v8_remaining_location_deduped_final_after10_30_2026-05-23,33.96061792,-118.267517,"8511 S TOWNE AVE, 90003",270.0,33.9606179153_-118.267517002_270.jpg,1.0,0.7532,tent,1.295,17.47,29.74,16.36,0,0,,,49,0,0,0,0,1,0,2,0,0,1,0,507,438,0,1,4,41,2331.02,99.57,0,0.0,1568.67,0,0.0,2296.61,7,0,0.0,1686.92,0.67,1,0.0,0,0.69,1,100.0,1,0.0,0,0.7,12.76,66.81,1.32,19.1,5,76.56,4,AG-35,33,35,1,1,33.961722777521736,-118.26272854046114,detection_avg,0.6236590531936363,recreation_center_count,business_sites_count,0.016614307801242196
176,-1,20,US,121,BlockApportionment:US.BlockGroups;PointsLayer:US.BlockPoints,2.191,2.576,1,216,177,9024,221,87.29,72,1.95,20,US,121,BlockApportionment:US.BlockGroups;PointsLayer:US.BlockPoints,2.191,2.576,1,69,70,20.29,1.41,13.84,6.73,31.26,15.23,4.67,27.38,,,,,,,,,,1.295,17.47,29.74,16.36,0,0,,,48,0,1,1,0,1,1,0,1,0,0,1,235,203,0,1,9,30,2067.26,498.53,0,0.0,2667.37,0,0.0,3052.45,4,0,0.0,2747.62,0.0,0,0.0,0,0.0,0,100.0,1,0.0,0,1.03,15.91,66.47,0.43,17.2,5,76.22,1,AH-35,34,35,2,1,33.961645775830426,-118.25134232207049,reconstructed,0.6231702403542053,transit_stops_count,food_access_count,0.017194576066378323
177,-1,21,US,122,BlockApportionment:US.BlockGroups;PointsLayer:US.BlockPoints,2.191,2.576,1,207,184,8642,90,91.08,76,0.57,21,US,122,BlockApportionment:US.BlockGroups;PointsLayer:US.BlockPoints,2.191,2.576,1,72,73,20.49,0.75,6.75,6.41,38.77,29.97,13.09,32.14,,,,,,,,,,1.295,17.47,29.74,16.36,0,0,,,27,0,0,1,0,2,0,1,0,0,0,0,167,132,0,0,5,30,1423.75,102.56,0,0.0,3389.34,0,0.0,2870.18,5,0,0.0,3395.72,0.0,0,0.0,0,0.0,0,100.0,1,0.0,0,1.32,13.88,66.87,1.41,17.84,5,76.41,4,AI-35,35,35,2,1,33.961568774139124,-118.23995610367984,reconstructed,0.6294331611743352,burglary_crime_est,food_access_count,0.02219276701191568
178,116,22,US,123,BlockApportionment:US.BlockGroups;PointsLayer:US.BlockPoints,2.191,2.576,1,87,203,9704,119,10.88,187,1.6,22,US,123,BlockApportionment:US.BlockGroups;PointsLayer:US.BlockPoints,2.191,2.576,1,154,150,4.64,1.06,1.98,1.18,26.38,3.38,1.33,11.55,api_test_workflow_v2_remaining_model6_2026-05-08,33.97861316,-118.46194896,"3516 S VIA DOLCE, 90292",180.0,33.9786131649_-118.461948957_180.jpg,1.0,0.6095,tent,1.295,17.47,29.74,16.36,0,0,,,24,0,0,0,0,0,0,0,0,0,0,0,409,490,0,0,0,0,0.0,1634.47,0,0.0,1634.47,3,1078.71,322.54,6,0,0.0,1651.8,30.48,1,0.0,0,46.71,1,71.82,1,0.0,0,0.26,6.85,70.39,8.61,14.15,5,79.19,7,P-34,16,34,0,1,33.974020335693005,-118.45629461268004,detection_avg,0.6773998682669258,water_proxy_pct,bare_ground_proxy_pct,-0.03416972580083364
179,325,22,US,123,BlockApportionment:US.BlockGroups;PointsLayer:US.BlockPoints,2.191,2.576,1,87,203,9704,119,10.88,187,1.6,22,US,123,BlockApportionment:US.BlockGroups;PointsLayer:US.BlockPoints,2.191,2.576,1,154,150,4.64,1.06,1.98,1.18,26.38,3.38,1.33,11.55,api_test_workflow_v2_5pct_2026-04-25,33.97855481,-118.4619428,"3526 S VIA DOLCE, 90292",0.0,33.9785548122_-118.461942796_0.jpg,1.0,0.8452,tent,1.295,17.47,29.74,16.36,0,0,,,24,0,0,0,0,0,0,0,0,0,0,0,409,490,0,0,0,0,0.0,1634.47,0,0.0,1634.47,3,1078.71,322.54,6,0,0.0,1651.8,30.48,1,0.0,0,46.71,1,71.82,1,0.0,0,0.26,6.85,70.39,8.61,14.15,5,79.19,2,P-34,16,34,0,1,33.974020335693005,-118.45629461268004,detection_avg,0.6773998682669258,water_proxy_pct,bare_ground_proxy_pct,-0.03416972580083364
180,326,22,US,123,BlockApportionment:US.BlockGroups;PointsLayer:US.BlockPoints,2.191,2.576,1,87,203,9704,119,10.88,187,1.6,22,US,123,BlockApportionment:US.BlockGroups;PointsLayer:US.BlockPoints,2.191,2.576,1,154,150,4.64,1.06,1.98,1.18,26.38,3.38,1.33,11.55,api_test_workflow_v2_5pct_2026-04-25,33.97855481,-118.4619428,"3526 S VIA DOLCE, 90292",270.0,33.9785548122_-118.461942796_270.jpg,1.0,0.7318,tent,1.295,17.47,29.74,16.36,0,0,,,24,0,0,0,0,0,0,0,0,0,0,0,409,490,0,0,0,0,0.0,1634.47,0,0.0,1634.47,3,1078.71,322.54,6,0,0.0,1651.8,30.48,1,0.0,0,46.71,1,71.82,1,0.0,0,0.26,6.85,70.39,8.61,14.15,5,79.19,2,P-34,16,34,0,1,33.974020335693005,-118.45629461268004,detection_avg,0.6773998682669258,water_proxy_pct,bare_ground_proxy_pct,-0.03416972580083364
181,-1,23,US,124,BlockApportionment:US.BlockGroups;PointsLayer:US.BlockPoints,2.191,2.576,1,73,183,1529,126,11.71,167,1.49,23,US,124,BlockApportionment:US.BlockGroups;PointsLayer:US.BlockPoints,2.191,2.576,1,122,120,4.94,2.82,0.0,0.0,26.88,0.0,0.0,7.26,,,,,,,,,,1.295,17.47,29.74,16.36,0,0,,,0,0,0,0,0,0,0,1,1,0,0,0,50,44,0,0,0,1,106.77,627.46,0,0.0,1175.18,8,1712.78,270.85,2,0,0.0,1235.07,61.63,1,9.4,1,23.19,1,69.32,1,0.0,0,1.93,32.48,21.77,31.96,13.78,6,44.66,0,Q-34,17,34,0,0,33.9739433340017,-118.4449083942894,reconstructed,0.5753411157360188,pct_household_disability,fema_flood_hazard_area_pct,-0.053951691137857846
182,-1,24,US,125,BlockApportionment:US.BlockGroups;PointsLayer:US.BlockPoints,2.191,2.576,1,88,229,4716,98,12.72,167,1.15,24,US,125,BlockApportionment:US.BlockGroups;PointsLayer:US.BlockPoints,2.191,2.576,1,153,151,3.64,0.89,2.33,0.0,22.77,10.71,0.42,8.71,,,,,,,,,,1.295,17.47,29.74,16.36,0,0,,,1,0,0,0,0,0,0,0,0,0,0,0,201,239,0,0,0,50,4206.47,94.32,37,2492.35,97.96,7,2516.82,190.4,10,2,2652.58,93.69,26.8,1,9.52,1,17.26,1,100.0,1,0.0,0,1.76,48.9,29.24,4.83,17.03,3,49.94,0,R-34,18,34,0,0,33.97386633231039,-118.43352217589874,reconstructed,0.5978932272177246,pct_household_disability,fema_flood_hazard_area_pct,-0.02367944180179121
183,-1,25,US,126,BlockApportionment:US.BlockGroups;PointsLayer:US.BlockPoints,2.191,2.576,1,48,143,8627,86,15.17,228,1.02,25,US,126,BlockApportionment:US.BlockGroups;PointsLayer:US.BlockPoints,2.191,2.576,1,184,177,2.44,1.13,0.24,0.26,26.03,7.68,4.81,8.69,,,,,,,,,,1.295,17.47,29.74,16.36,0,0,,,1,0,0,0,1,1,0,0,0,0,0,0,469,546,0,0,1,33,3546.86,484.1,15,1934.92,511.2,7,1343.97,4.37,13,2,1926.19,512.06,45.17,1,0.0,0,45.22,1,100.0,1,0.0,0,6.95,29.64,48.9,3.34,18.12,5,62.14,0,S-34,19,34,1,0,33.97378933061909,-118.42213595750808,reconstructed,0.5819835557283406,pct_household_disability,fema_flood_hazard_area_pct,0.024551682914478862
184,-1,26,US,127,BlockApportionment:US.BlockGroups;PointsLayer:US.BlockPoints,2.191,2.576,1,75,220,5812,67,12.34,253,3.53,26,US,127,BlockApportionment:US.BlockGroups;PointsLayer:US.BlockPoints,2.191,2.576,1,204,197,3.78,4.34,1.07,0.39,19.13,4.63,2.35,10.09,,,,,,,,,,1.295,17.47,29.74,16.36,0,0,,,5,0,0,0,0,0,0,0,0,0,0,0,359,452,0,0,3,20,1997.6,429.38,0,0.0,931.48,10,1441.1,11.66,12,0,0.0,931.21,39.2,1,0.0,0,39.21,1,100.0,1,0.0,0,2.72,26.25,50.31,1.67,21.77,5,64.4,0,T-34,20,34,0,0,33.97371232892779,-118.41074973911743,reconstructed,0.5914566819096303,total_population,osm_amenity_count,-0.02613563236276772
185,-1,27,US,128,BlockApportionment:US.BlockGroups;PointsLayer:US.BlockPoints,2.191,2.576,1,82,83,3524,86,16.12,216,3.22,27,US,128,BlockApportionment:US.BlockGroups;PointsLayer:US.BlockPoints,2.191,2.576,1,198,195,5.04,2.13,0.54,0.0,42.02,5.62,0.54,18.96,,,,,,,,,,1.295,17.47,29.74,16.36,0,0,,,0,0,0,0,0,3,1,1,1,0,0,0,338,305,0,0,3,21,1255.41,422.33,0,0.0,1083.35,0,0.0,817.37,1,0,0.0,1199.46,0.0,0,0.0,0,0.0,0,100.0,1,0.0,0,4.83,26.19,49.91,3.25,20.65,5,63.49,0,U-34,21,34,4,0,33.97363532723649,-118.3993635207268,reconstructed,0.5671059326705585,pct_veterans,public_school_count,0.029452919563155152
186,-1,28,US,129,BlockApportionment:US.BlockGroups;PointsLayer:US.BlockPoints,2.191,2.576,1,57,127,6053,176,14.82,150,3.05,28,US,129,BlockApportionment:US.BlockGroups;PointsLayer:US.BlockPoints,2.191,2.576,1,138,138,7.78,3.69,1.8,0.0,33.92,7.51,9.53,13.27,,,,,,,,,,1.295,17.47,29.74,16.36,0,0,,,11,0,0,0,0,0,1,0,0,0,0,1,415,432,0,0,0,67,9202.72,81.42,35,6969.98,81.42,3,1247.92,169.9,9,2,2470.65,117.6,0.0,0,0.0,0,0.0,0,100.0,1,0.0,0,1.58,23.64,50.97,0.35,25.04,5,65.2,1,V-34,22,34,1,1,33.973558325545184,-118.38797730233614,reconstructed,0.6078734726890013,water_proxy_pct,bare_ground_proxy_pct,-0.02259222173663172
187,275,29,US,130,BlockApportionment:US.BlockGroups;PointsLayer:US.BlockPoints,2.191,2.576,1,92,112,6488,186,19.05,147,1.64,29,US,130,BlockApportionment:US.BlockGroups;PointsLayer:US.BlockPoints,2.191,2.576,1,136,136,6.0,1.71,0.89,0.02,19.17,8.27,5.69,13.7,api_test_workflow_v2_30pct_model6_2026-05-08,33.97343092,-118.37645468,"7133 S LA TIJERA BLVD, 90045",0.0,33.9734309187_-118.376454683_0.jpg,1.0,0.7047,tent,1.295,17.47,29.74,16.36,0,0,,,24,0,0,0,0,0,1,0,0,0,0,0,472,449,0,0,1,35,6507.54,67.63,30,6227.12,67.63,1,1234.67,154.5,3,2,2483.67,84.25,0.0,0,0.0,0,0.0,0,100.0,1,0.0,0,2.99,26.34,49.96,1.93,21.77,5,64.08,1,W-34,23,34,1,1,33.97348132385388,-118.37659108394548,detection_avg,0.6309674141700984,private_school_count,nearest_osm_major_road_m,0.026691519016932376
188,1001,29,US,130,BlockApportionment:US.BlockGroups;PointsLayer:US.BlockPoints,2.191,2.576,1,92,112,6488,186,19.05,147,1.64,29,US,130,BlockApportionment:US.BlockGroups;PointsLayer:US.BlockPoints,2.191,2.576,1,136,136,6.0,1.71,0.89,0.02,19.17,8.27,5.69,13.7,api_test_workflow_v8_remaining_location_deduped_10pct_2026-05-22,33.97375631,-118.37742348,"THORNBURN ST AT FLIGHT AVE, 90045",180.0,33.9737563088_-118.377423475_180.jpg,1.0,0.7273,tent,1.295,17.47,29.74,16.36,0,0,,,24,0,0,0,0,0,1,0,0,0,0,0,472,449,0,0,1,35,6507.54,67.63,30,6227.12,67.63,1,1234.67,154.5,3,2,2483.67,84.25,0.0,0,0.0,0,0.0,0,100.0,1,0.0,0,2.99,26.34,49.96,1.93,21.77,5,64.08,2,W-34,23,34,1,1,33.97348132385388,-118.37659108394548,detection_avg,0.6309674141700984,private_school_count,nearest_osm_major_road_m,0.026691519016932376
189,1057,29,US,130,BlockApportionment:US.BlockGroups;PointsLayer:US.BlockPoints,2.191,2.576,1,92,112,6488,186,19.05,147,1.64,29,US,130,BlockApportionment:US.BlockGroups;PointsLayer:US.BlockPoints,2.191,2.576,1,136,136,6.0,1.71,0.89,0.02,19.17,8.27,5.69,13.7,api_test_workflow_v8_remaining_location_deduped_30pct_after10_2026-05-22,33.9735146,-118.3773111,"5550 W THORNBURN ST, 90045",270.0,33.9735145988_-118.3773111_270.jpg,1.0,0.8716,tent,1.295,17.47,29.74,16.36,0,0,,,24,0,0,0,0,0,1,0,0,0,0,0,472,449,0,0,1,35,6507.54,67.63,30,6227.12,67.63,1,1234.67,154.5,3,2,2483.67,84.25,0.0,0,0.0,0,0.0,0,100.0,1,0.0,0,2.99,26.34,49.96,1.93,21.77,5,64.08,0,W-34,23,34,1,0,33.97348132385388,-118.37659108394548,detection_avg,0.6309674141700984,private_school_count,nearest_osm_major_road_m,0.026691519016932376
190,1290,29,US,130,BlockApportionment:US.BlockGroups;PointsLayer:US.BlockPoints,2.191,2.576,1,92,112,6488,186,19.05,147,1.64,29,US,130,BlockApportionment:US.BlockGroups;PointsLayer:US.BlockPoints,2.191,2.576,1,136,136,6.0,1.71,0.89,0.02,19.17,8.27,5.69,13.7,api_test_workflow_v8_remaining_location_deduped_30pct_after10_2026-05-22,33.97340466,-118.37605619,"7122 S LA TIJERA BLVD, 90045",270.0,33.9734046558_-118.376056186_270.jpg,2.0,0.8433,tent,1.295,17.47,29.74,16.36,0,0,,,24,0,0,0,0,0,1,0,0,0,0,0,472,449,0,0,1,35,6507.54,67.63,30,6227.12,67.63,1,1234.67,154.5,3,2,2483.67,84.25,0.0,0,0.0,0,0.0,0,100.0,1,0.0,0,2.99,26.34,49.96,1.93,21.77,5,64.08,0,W-34,23,34,1,0,33.97348132385388,-118.37659108394548,detection_avg,0.6309674141700984,private_school_count,nearest_osm_major_road_m,0.026691519016932376
191,-1,30,US,131,BlockApportionment:US.BlockGroups;PointsLayer:US.BlockPoints,2.191,2.576,1,91,97,10500,169,36.02,85,5.34,30,US,131,BlockApportionment:US.BlockGroups;PointsLayer:US.BlockPoints,2.191,2.576,1,80,80,14.07,4.31,6.52,2.98,29.88,16.51,4.5,35.68,,,,,,,,,,1.295,17.47,29.74,16.36,0,0,,,16,0,0,0,1,2,1,0,0,0,0,0,321,329,0,0,0,22,1334.95,427.56,0,0.0,992.38,0,0.0,959.77,16,0,0.0,991.03,0.0,0,0.0,0,0.0,0,100.0,1,0.0,0,0.79,13.97,60.37,1.67,23.99,5,72.02,0,X-34,24,34,3,0,33.97340432216258,-118.36520486555484,reconstructed,0.6232850873016875,total_population,osm_amenity_count,0.01913715503849072
192,-1,31,US,132,BlockApportionment:US.BlockGroups;PointsLayer:US.BlockPoints,2.191,2.576,1,104,94,5682,102,73.76,95,1.89,31,US,132,BlockApportionment:US.BlockGroups;PointsLayer:US.BlockPoints,2.191,2.576,1,80,80,17.9,1.22,5.97,7.42,29.33,9.43,11.26,20.93,,,,,,,,,,1.295,17.47,29.74,16.36,0,0,,,29,0,0,0,0,1,0,1,1,0,0,0,80,70,0,0,0,20,1820.32,374.29,0,0.0,2704.76,0,0.0,2731.97,0,0,0.0,2788.36,0.0,0,0.0,0,0.0,0,100.0,1,0.0,0,1.23,27.9,41.99,1.5,28.61,5,59.02,0,Z-34,26,34,1,0,33.973250318779975,-118.34243242877352,reconstructed,0.6461438692246839,water_proxy_pct,bare_ground_proxy_pct,0.019766059501317094
193,-1,32,US,133,BlockApportionment:US.BlockGroups;PointsLayer:US.BlockPoints,2.191,2.576,1,131,115,4587,181,27.01,71,6.4,32,US,133,BlockApportionment:US.BlockGroups;PointsLayer:US.BlockPoints,2.191,2.576,1,75,78,24.97,5.35,2.39,1.43,35.62,18.87,6.15,28.47,,,,,,,,,,1.295,17.47,29.74,16.36,0,0,,,48,0,0,0,0,0,0,0,0,0,0,0,324,292,0,1,0,55,2152.93,32.6,0,0.0,3571.42,0,0.0,2281.14,1,0,0.0,3639.5,8.0,1,0.0,0,0.8,1,100.0,1,0.0,0,2.81,26.95,53.12,0.53,19.4,5,66.34,0,AA-34,27,34,0,0,33.97317331708867,-118.33104621038288,reconstructed,0.5976182674787669,transit_stops_count,food_access_count,0.017194576066378323
194,881,33,US,134,BlockApportionment:US.BlockGroups;PointsLayer:US.BlockPoints,2.191,2.576,1,186,181,6190,117,40.03,90,4.1,33,US,134,BlockApportionment:US.BlockGroups;PointsLayer:US.BlockPoints,2.191,2.576,1,78,79,25.13,4.74,2.33,3.95,53.87,17.3,6.86,32.22,api_test_workflow_v2_10pct_model6_2026-05-06_live,33.97175418,-118.31747884,"2152 W 75TH ST, 90047",0.0,33.9717541782_-118.317478843_0.jpg,1.0,0.659,tent,1.295,17.47,29.74,16.36,0,0,,,31,0,0,1,0,3,2,0,0,0,0,0,459,408,0,1,5,27,1249.51,139.53,0,0.0,3556.6,0,0.0,3292.54,1,0,0.0,3586.79,64.57,1,0.0,0,7.18,1,100.0,1,0.0,0,0.18,16.26,56.15,0.88,26.71,5,69.25,0,AB-34,28,34,5,0,33.97309631539736,-118.31965999199222,detection_avg,0.60221429585699,pct_veterans,public_school_count,0.036723475314186016
195,1113,33,US,134,BlockApportionment:US.BlockGroups;PointsLayer:US.BlockPoints,2.191,2.576,1,186,181,6190,117,40.03,90,4.1,33,US,134,BlockApportionment:US.BlockGroups;PointsLayer:US.BlockPoints,2.191,2.576,1,78,79,25.13,4.74,2.33,3.95,53.87,17.3,6.86,32.22,api_test_workflow_v8_remaining_location_deduped_30pct_after10_2026-05-22,33.97175378,-118.31731394,"2146 W 75TH ST, 90047",0.0,33.971753783_-118.317313936_0.jpg,1.0,0.7431,tent,1.295,17.47,29.74,16.36,0,0,,,31,0,0,1,0,3,2,0,0,0,0,0,459,408,0,1,5,27,1249.51,139.53,0,0.0,3556.6,0,0.0,3292.54,1,0,0.0,3586.79,64.57,1,0.0,0,7.18,1,100.0,1,0.0,0,0.18,16.26,56.15,0.88,26.71,5,69.25,0,AB-34,28,34,5,0,33.97309631539736,-118.31965999199222,detection_avg,0.60221429585699,pct_veterans,public_school_count,0.036723475314186016
196,-1,34,US,135,BlockApportionment:US.BlockGroups;PointsLayer:US.BlockPoints,2.191,2.576,1,178,163,6043,176,35.07,79,3.83,34,US,135,BlockApportionment:US.BlockGroups;PointsLayer:US.BlockPoints,2.191,2.576,1,80,80,17.29,4.1,4.9,5.51,45.98,18.06,9.81,36.86,,,,,,,,,,1.295,17.47,29.74,16.36,0,0,,,30,0,0,0,0,0,1,0,0,0,0,0,469,430,0,3,0,28,2089.07,65.97,0,0.0,2494.05,0,0.0,3558.93,2,0,0.0,2528.02,64.18,1,0.0,0,5.19,1,100.0,1,0.0,0,0.7,19.04,60.88,0.61,19.47,5,72.41,0,AC-34,29,34,1,0,33.97301931370606,-118.30827377360158,reconstructed,0.6469192691163919,transit_stops_count,food_access_count,-0.030910263737381632
197,675,35,US,136,BlockApportionment:US.BlockGroups;PointsLayer:US.BlockPoints,2.191,2.576,1,177,159,7676,148,68.75,94,1.03,35,US,136,BlockApportionment:US.BlockGroups;PointsLayer:US.BlockPoints,2.191,2.576,1,80,85,29.54,0.67,8.28,6.42,44.14,20.53,8.46,28.21,api_test_workflow_v2_remaining_model6_2026-05-08,33.97932845,-118.29201831,"6569 S VERMONT AVE, 90044",0.0,33.9793284495_-118.292018309_0.jpg,1.0,0.7848,tent,1.295,17.47,29.74,16.36,0,0,,,56,0,0,0,0,1,1,0,0,0,0,1,496,455,0,1,1,49,2839.07,134.78,0,0.0,1439.27,0,0.0,4630.05,3,0,0.0,1468.73,37.55,1,0.0,0,5.6,1,100.0,1,0.0,0,0.44,13.36,59.93,1.14,25.57,5,71.82,1,AD-34,30,34,2,1,33.97294231201476,-118.29688755521092,detection_avg,0.649363157911779,pct_household_disability,fema_flood_hazard_area_pct,0.014331598211354563
198,842,35,US,136,BlockApportionment:US.BlockGroups;PointsLayer:US.BlockPoints,2.191,2.576,1,177,159,7676,148,68.75,94,1.03,35,US,136,BlockApportionment:US.BlockGroups;PointsLayer:US.BlockPoints,2.191,2.576,1,80,85,29.54,0.67,8.28,6.42,44.14,20.53,8.46,28.21,api_test_workflow_v2_10pct_model6_2026-05-06_live,33.97257923,-118.30049919,"7403 S NORMANDIE AVE, 90044",180.0,33.9725792321_-118.30049919_180.jpg,1.0,0.6876,tent,1.295,17.47,29.74,16.36,0,0,,,56,0,0,0,0,1,1,0,0,0,0,1,496,455,0,1,1,49,2839.07,134.78,0,0.0,1439.27,0,0.0,4630.05,3,0,0.0,1468.73,37.55,1,0.0,0,5.6,1,100.0,1,0.0,0,0.44,13.36,59.93,1.14,25.57,5,71.82,2,AD-34,30,34,2,1,33.97294231201476,-118.29688755521092,detection_avg,0.649363157911779,pct_household_disability,fema_flood_hazard_area_pct,0.014331598211354563
199,314,36,US,137,BlockApportionment:US.BlockGroups;PointsLayer:US.BlockPoints,2.191,2.576,1,182,153,13200,88,75.08,58,1.46,36,US,137,BlockApportionment:US.BlockGroups;PointsLayer:US.BlockPoints,2.191,2.576,1,60,61,26.74,1.2,9.32,5.12,33.7,30.55,9.14,28.25,api_test_workflow_v2_5pct_2026-04-25,33.973745,-118.28329496,"533 W 73RD ST, 90044",90.0,33.9737450039_-118.283294961_90.jpg,2.0,0.7916,tent,1.295,17.47,29.74,16.36,0,0,,,36,0,1,0,0,0,0,0,0,0,0,1,665,608,0,0,4,80,6831.96,376.75,50,5108.93,376.75,0,0.0,3657.36,7,2,1984.52,409.95,1.83,1,0.0,0,0.0,0,100.0,1,0.0,0,0.97,9.84,79.26,0.35,10.54,5,85.19,13,AE-34,31,34,0,1,33.972865310323456,-118.28550133682027,detection_avg,0.6718358627932518,pct_no_schooling,osm_amenity_count,0.008445510227441748
200,350,36,US,137,BlockApportionment:US.BlockGroups;PointsLayer:US.BlockPoints,2.191,2.576,1,182,153,13200,88,75.08,58,1.46,36,US,137,BlockApportionment:US.BlockGroups;PointsLayer:US.BlockPoints,2.191,2.576,1,60,61,26.74,1.2,9.32,5.12,33.7,30.55,9.14,28.25,api_test_workflow_v2_5pct_2026-04-25,33.97382994,-118.28327268,"7225 S FIGUEROA ST, 90003",90.0,33.9738299354_-118.283272683_90.jpg,2.0,0.7916,tent,1.295,17.47,29.74,16.36,0,0,,,36,0,1,0,0,0,0,0,0,0,0,1,665,608,0,0,4,80,6831.96,376.75,50,5108.93,376.75,0,0.0,3657.36,7,2,1984.52,409.95,1.83,1,0.0,0,0.0,0,100.0,1,0.0,0,0.97,9.84,79.26,0.35,10.54,5,85.19,6,AE-34,31,34,0,1,33.972865310323456,-118.28550133682027,detection_avg,0.6718358627932518,pct_no_schooling,osm_amenity_count,0.008445510227441748
201,594,36,US,137,BlockApportionment:US.BlockGroups;PointsLayer:US.BlockPoints,2.191,2.576,1,182,153,13200,88,75.08,58,1.46,36,US,137,BlockApportionment:US.BlockGroups;PointsLayer:US.BlockPoints,2.191,2.576,1,60,61,26.74,1.2,9.32,5.12,33.7,30.55,9.14,28.25,api_test_workflow_v2_30pct_model6_2026-05-08,33.97346119,-118.28298544,"7301 S FIGUEROA ST, 90003",270.0,33.9734611922_-118.28298544_270.jpg,1.0,0.8355,tent,1.295,17.47,29.74,16.36,0,0,,,36,0,1,0,0,0,0,0,0,0,0,1,665,608,0,0,4,80,6831.96,376.75,50,5108.93,376.75,0,0.0,3657.36,7,2,1984.52,409.95,1.83,1,0.0,0,0.0,0,100.0,1,0.0,0,0.97,9.84,79.26,0.35,10.54,5,85.19,1,AE-34,31,34,0,1,33.972865310323456,-118.28550133682027,detection_avg,0.6718358627932518,pct_no_schooling,osm_amenity_count,0.008445510227441748
202,1651,36,US,137,BlockApportionment:US.BlockGroups;PointsLayer:US.BlockPoints,2.191,2.576,1,182,153,13200,88,75.08,58,1.46,36,US,137,BlockApportionment:US.BlockGroups;PointsLayer:US.BlockPoints,2.191,2.576,1,60,61,26.74,1.2,9.32,5.12,33.7,30.55,9.14,28.25,api_test_workflow_v8_remaining_location_deduped_30pct_after10_2026-05-22,33.96963357,-118.28821574,"830 W 77TH ST, 90044",0.0,33.9696335656_-118.288215741_0.jpg,1.0,0.6902,tent,1.295,17.47,29.74,16.36,0,0,,,36,0,1,0,0,0,0,0,0,0,0,1,665,608,0,0,4,80,6831.96,376.75,50,5108.93,376.75,0,0.0,3657.36,7,2,1984.52,409.95,1.83,1,0.0,0,0.0,0,100.0,1,0.0,0,0.97,9.84,79.26,0.35,10.54,5,85.19,9,AE-34,31,34,0,1,33.972865310323456,-118.28550133682027,detection_avg,0.6718358627932518,pct_no_schooling,osm_amenity_count,0.008445510227441748
203,1703,36,US,137,BlockApportionment:US.BlockGroups;PointsLayer:US.BlockPoints,2.191,2.576,1,182,153,13200,88,75.08,58,1.46,36,US,137,BlockApportionment:US.BlockGroups;PointsLayer:US.BlockPoints,2.191,2.576,1,60,61,26.74,1.2,9.32,5.12,33.7,30.55,9.14,28.25,api_test_workflow_v8_remaining_location_deduped_final_after10_30_2026-05-23,33.9728342,-118.28189317,"443 1/2 W 74TH ST, 90003",180.0,33.9728341997_-118.281893167_180.jpg,2.0,0.773,tent,1.295,17.47,29.74,16.36,0,0,,,36,0,1,0,0,0,0,0,0,0,0,1,665,608,0,0,4,80,6831.96,376.75,50,5108.93,376.75,0,0.0,3657.36,7,2,1984.52,409.95,1.83,1,0.0,0,0.0,0,100.0,1,0.0,0,0.97,9.84,79.26,0.35,10.54,5,85.19,0,AE-34,31,34,0,0,33.972865310323456,-118.28550133682027,detection_avg,0.6718358627932518,pct_no_schooling,osm_amenity_count,0.008445510227441748
204,1892,36,US,137,BlockApportionment:US.BlockGroups;PointsLayer:US.BlockPoints,2.191,2.576,1,182,153,13200,88,75.08,58,1.46,36,US,137,BlockApportionment:US.BlockGroups;PointsLayer:US.BlockPoints,2.191,2.576,1,60,61,26.74,1.2,9.32,5.12,33.7,30.55,9.14,28.25,api_test_workflow_v8_remaining_location_deduped_final_after10_30_2026-05-23,33.96661172,-118.28548221,"636 W 80TH ST, 90044",0.0,33.9666117203_-118.285482211_0.jpg,1.0,0.7426,tent,1.295,17.47,29.74,16.36,0,0,,,36,0,1,0,0,0,0,0,0,0,0,1,665,608,0,0,4,80,6831.96,376.75,50,5108.93,376.75,0,0.0,3657.36,7,2,1984.52,409.95,1.83,1,0.0,0,0.0,0,100.0,1,0.0,0,0.97,9.84,79.26,0.35,10.54,5,85.19,0,AE-34,31,34,0,0,33.972865310323456,-118.28550133682027,detection_avg,0.6718358627932518,pct_no_schooling,osm_amenity_count,0.008445510227441748
205,455,37,US,138,BlockApportionment:US.BlockGroups;PointsLayer:US.BlockPoints,2.191,2.576,1,158,130,10953,117,83.18,69,1.06,37,US,138,BlockApportionment:US.BlockGroups;PointsLayer:US.BlockPoints,2.191,2.576,1,65,66,25.27,1.14,11.7,5.5,26.15,23.17,8.15,27.62,api_test_workflow_v2_20pct_model6_2026-05-07,33.9723697,-118.27413311,"7411 S MAIN ST, 90003",0.0,33.972369697_-118.274133106_0.jpg,1.0,0.6926,tent,1.295,17.47,29.74,16.36,0,0,,,45,0,1,1,0,0,0,0,0,0,0,0,662,547,1,3,5,24,2587.4,120.48,13,1315.88,594.76,0,0.0,4104.78,4,2,459.47,630.06,6.94,1,0.0,0,6.94,1,100.0,1,0.0,0,0.35,11.84,68.25,0.88,19.04,5,77.67,0,AF-34,32,34,0,0,33.972788308632154,-118.27411511842962,detection_avg,0.5383462235215175,transit_stops_count,food_access_count,-0.022994983506341944
206,515,37,US,138,BlockApportionment:US.BlockGroups;PointsLayer:US.BlockPoints,2.191,2.576,1,158,130,10953,117,83.18,69,1.06,37,US,138,BlockApportionment:US.BlockGroups;PointsLayer:US.BlockPoints,2.191,2.576,1,65,66,25.27,1.14,11.7,5.5,26.15,23.17,8.15,27.62,api_test_workflow_v2_20pct_model6_2026-05-07_batch2,33.97292393,-118.27853789,"7329 S BROADWAY, 90003",90.0,33.972923926_-118.278537885_90.jpg,1.0,0.729,tent,1.295,17.47,29.74,16.36,0,0,,,45,0,1,1,0,0,0,0,0,0,0,0,662,547,1,3,5,24,2587.4,120.48,13,1315.88,594.76,0,0.0,4104.78,4,2,459.47,630.06,6.94,1,0.0,0,6.94,1,100.0,1,0.0,0,0.35,11.84,68.25,0.88,19.04,5,77.67,0,AF-34,32,34,0,0,33.972788308632154,-118.27411511842962,detection_avg,0.5383462235215175,transit_stops_count,food_access_count,-0.022994983506341944
207,626,37,US,138,BlockApportionment:US.BlockGroups;PointsLayer:US.BlockPoints,2.191,2.576,1,158,130,10953,117,83.18,69,1.06,37,US,138,BlockApportionment:US.BlockGroups;PointsLayer:US.BlockPoints,2.191,2.576,1,65,66,25.27,1.14,11.7,5.5,26.15,23.17,8.15,27.62,api_test_workflow_v2_remaining_model6_2026-05-08,33.97248876,-118.27379709,"7414 S MAIN ST, 90003",270.0,33.9724887554_-118.273797092_270.jpg,1.0,0.8594,tent,1.295,17.47,29.74,16.36,0,0,,,45,0,1,1,0,0,0,0,0,0,0,0,662,547,1,3,5,24,2587.4,120.48,13,1315.88,594.76,0,0.0,4104.78,4,2,459.47,630.06,6.94,1,0.0,0,6.94,1,100.0,1,0.0,0,0.35,11.84,68.25,0.88,19.04,5,77.67,0,AF-34,32,34,0,0,33.972788308632154,-118.27411511842962,detection_avg,0.5383462235215175,transit_stops_count,food_access_count,-0.022994983506341944
208,868,37,US,138,BlockApportionment:US.BlockGroups;PointsLayer:US.BlockPoints,2.191,2.576,1,158,130,10953,117,83.18,69,1.06,37,US,138,BlockApportionment:US.BlockGroups;PointsLayer:US.BlockPoints,2.191,2.576,1,65,66,25.27,1.14,11.7,5.5,26.15,23.17,8.15,27.62,api_test_workflow_v2_10pct_model6_2026-05-06_live,33.97250158,-118.27413795,"7409 S MAIN ST, 90003",270.0,33.9725015793_-118.274137953_270.jpg,1.0,0.8594,tent,1.295,17.47,29.74,16.36,0,0,,,45,0,1,1,0,0,0,0,0,0,0,0,662,547,1,3,5,24,2587.4,120.48,13,1315.88,594.76,0,0.0,4104.78,4,2,459.47,630.06,6.94,1,0.0,0,6.94,1,100.0,1,0.0,0,0.35,11.84,68.25,0.88,19.04,5,77.67,0,AF-34,32,34,0,0,33.972788308632154,-118.27411511842962,detection_avg,0.5383462235215175,transit_stops_count,food_access_count,-0.022994983506341944
209,1166,37,US,138,BlockApportionment:US.BlockGroups;PointsLayer:US.BlockPoints,2.191,2.576,1,158,130,10953,117,83.18,69,1.06,37,US,138,BlockApportionment:US.BlockGroups;PointsLayer:US.BlockPoints,2.191,2.576,1,65,66,25.27,1.14,11.7,5.5,26.15,23.17,8.15,27.62,api_test_workflow_v8_remaining_location_deduped_final_after10_30_2026-05-23,33.97910363,-118.27613611,"199 W 67TH ST, 90003",90.0,33.9791036337_-118.276136108_90.jpg,1.0,0.8989,tent,1.295,17.47,29.74,16.36,0,0,,,45,0,1,1,0,0,0,0,0,0,0,0,662,547,1,3,5,24,2587.4,120.48,13,1315.88,594.76,0,0.0,4104.78,4,2,459.47,630.06,6.94,1,0.0,0,6.94,1,100.0,1,0.0,0,0.35,11.84,68.25,0.88,19.04,5,77.67,0,AF-34,32,34,0,0,33.972788308632154,-118.27411511842962,detection_avg,0.5383462235215175,transit_stops_count,food_access_count,-0.022994983506341944
210,1672,37,US,138,BlockApportionment:US.BlockGroups;PointsLayer:US.BlockPoints,2.191,2.576,1,158,130,10953,117,83.18,69,1.06,37,US,138,BlockApportionment:US.BlockGroups;PointsLayer:US.BlockPoints,2.191,2.576,1,65,66,25.27,1.14,11.7,5.5,26.15,23.17,8.15,27.62,api_test_workflow_v8_remaining_location_deduped_30pct_after10_2026-05-22,33.97723513,-118.27904387,"314 W 69TH ST, 90003",180.0,33.9772351287_-118.279043873_180.jpg,1.0,0.813,tent,1.295,17.47,29.74,16.36,0,0,,,45,0,1,1,0,0,0,0,0,0,0,0,662,547,1,3,5,24,2587.4,120.48,13,1315.88,594.76,0,0.0,4104.78,4,2,459.47,630.06,6.94,1,0.0,0,6.94,1,100.0,1,0.0,0,0.35,11.84,68.25,0.88,19.04,5,77.67,0,AF-34,32,34,0,0,33.972788308632154,-118.27411511842962,detection_avg,0.5383462235215175,transit_stops_count,food_access_count,-0.022994983506341944
211,605,38,US,139,BlockApportionment:US.BlockGroups;PointsLayer:US.BlockPoints,2.191,2.576,1,172,136,9496,150,79.09,76,1.68,38,US,139,BlockApportionment:US.BlockGroups;PointsLayer:US.BlockPoints,2.191,2.576,1,69,70,23.1,1.19,8.68,7.55,29.14,20.32,10.3,37.12,api_test_workflow_v2_remaining_model6_2026-05-08,33.97524826,-118.26502148,"7106 S AVALON BLVD, 90003",0.0,33.9752482629_-118.265021483_0.jpg,1.0,0.8773,tent,1.295,17.47,29.74,16.36,0,0,,,44,0,0,0,0,3,0,0,0,0,0,0,479,414,0,4,4,14,1348.65,496.12,0,0.0,1646.83,0,0.0,3511.05,5,0,0.0,1689.1,0.49,1,0.0,0,0.5,1,100.0,1,0.0,0,1.41,15.91,67.14,0.7,16.26,5,76.57,2,AG-34,33,34,3,1,33.97271130694085,-118.26272890003898,detection_avg,0.5846335226296099,transit_stops_count,food_access_count,-0.01574883632185866
212,606,38,US,139,BlockApportionment:US.BlockGroups;PointsLayer:US.BlockPoints,2.191,2.576,1,172,136,9496,150,79.09,76,1.68,38,US,139,BlockApportionment:US.BlockGroups;PointsLayer:US.BlockPoints,2.191,2.576,1,69,70,23.1,1.19,8.68,7.55,29.14,20.32,10.3,37.12,api_test_workflow_v2_remaining_model6_2026-05-08,33.97524826,-118.26502148,"7106 S AVALON BLVD, 90003",270.0,33.9752482629_-118.265021483_270.jpg,2.0,0.7665,tent,1.295,17.47,29.74,16.36,0,0,,,44,0,0,0,0,3,0,0,0,0,0,0,479,414,0,4,4,14,1348.65,496.12,0,0.0,1646.83,0,0.0,3511.05,5,0,0.0,1689.1,0.49,1,0.0,0,0.5,1,100.0,1,0.0,0,1.41,15.91,67.14,0.7,16.26,5,76.57,2,AG-34,33,34,3,1,33.97271130694085,-118.26272890003898,detection_avg,0.5846335226296099,transit_stops_count,food_access_count,-0.01574883632185866
213,693,38,US,139,BlockApportionment:US.BlockGroups;PointsLayer:US.BlockPoints,2.191,2.576,1,172,136,9496,150,79.09,76,1.68,38,US,139,BlockApportionment:US.BlockGroups;PointsLayer:US.BlockPoints,2.191,2.576,1,69,70,23.1,1.19,8.68,7.55,29.14,20.32,10.3,37.12,api_test_workflow_v2_remaining_model6_2026-05-08,33.9745514,-118.26024102,"812 E FLORENCE AVE, 90001",270.0,33.974551399_-118.260241016_270.jpg,1.0,0.6511,tent,1.295,17.47,29.74,16.36,0,0,,,44,0,0,0,0,3,0,0,0,0,0,0,479,414,0,4,4,14,1348.65,496.12,0,0.0,1646.83,0,0.0,3511.05,5,0,0.0,1689.1,0.49,1,0.0,0,0.5,1,100.0,1,0.0,0,1.41,15.91,67.14,0.7,16.26,5,76.57,0,AG-34,33,34,3,0,33.97271130694085,-118.26272890003898,detection_avg,0.5846335226296099,transit_stops_count,food_access_count,-0.01574883632185866
214,732,38,US,139,BlockApportionment:US.BlockGroups;PointsLayer:US.BlockPoints,2.191,2.576,1,172,136,9496,150,79.09,76,1.68,38,US,139,BlockApportionment:US.BlockGroups;PointsLayer:US.BlockPoints,2.191,2.576,1,69,70,23.1,1.19,8.68,7.55,29.14,20.32,10.3,37.12,api_test_workflow_v2_30pct_model6_2026-05-08,33.97412732,-118.26502529,"7218 S AVALON BLVD, 90003",90.0,33.9741273225_-118.265025294_90.jpg,1.0,0.745,tent,1.295,17.47,29.74,16.36,0,0,,,44,0,0,0,0,3,0,0,0,0,0,0,479,414,0,4,4,14,1348.65,496.12,0,0.0,1646.83,0,0.0,3511.05,5,0,0.0,1689.1,0.49,1,0.0,0,0.5,1,100.0,1,0.0,0,1.41,15.91,67.14,0.7,16.26,5,76.57,0,AG-34,33,34,3,0,33.97271130694085,-118.26272890003898,detection_avg,0.5846335226296099,transit_stops_count,food_access_count,-0.01574883632185866
215,959,38,US,139,BlockApportionment:US.BlockGroups;PointsLayer:US.BlockPoints,2.191,2.576,1,172,136,9496,150,79.09,76,1.68,38,US,139,BlockApportionment:US.BlockGroups;PointsLayer:US.BlockPoints,2.191,2.576,1,69,70,23.1,1.19,8.68,7.55,29.14,20.32,10.3,37.12,api_test_workflow_v2_20pct_model6_2026-05-07_batch2,33.97397765,-118.26021091,"815 E 73RD ST, 90001",180.0,33.973977651_-118.260210907_180.jpg,1.0,0.8321,tent,1.295,17.47,29.74,16.36,0,0,,,44,0,0,0,0,3,0,0,0,0,0,0,479,414,0,4,4,14,1348.65,496.12,0,0.0,1646.83,0,0.0,3511.05,5,0,0.0,1689.1,0.49,1,0.0,0,0.5,1,100.0,1,0.0,0,1.41,15.91,67.14,0.7,16.26,5,76.57,0,AG-34,33,34,3,0,33.97271130694085,-118.26272890003898,detection_avg,0.5846335226296099,transit_stops_count,food_access_count,-0.01574883632185866
216,1094,38,US,139,BlockApportionment:US.BlockGroups;PointsLayer:US.BlockPoints,2.191,2.576,1,172,136,9496,150,79.09,76,1.68,38,US,139,BlockApportionment:US.BlockGroups;PointsLayer:US.BlockPoints,2.191,2.576,1,69,70,23.1,1.19,8.68,7.55,29.14,20.32,10.3,37.12,api_test_workflow_v8_remaining_location_deduped_30pct_after10_2026-05-22,33.97559722,-118.26538934,"7019 S AVALON BLVD, 90003",270.0,33.9755972174_-118.265389342_270.jpg,2.0,0.9083,tent,1.295,17.47,29.74,16.36,0,0,,,44,0,0,0,0,3,0,0,0,0,0,0,479,414,0,4,4,14,1348.65,496.12,0,0.0,1646.83,0,0.0,3511.05,5,0,0.0,1689.1,0.49,1,0.0,0,0.5,1,100.0,1,0.0,0,1.41,15.91,67.14,0.7,16.26,5,76.57,0,AG-34,33,34,3,0,33.97271130694085,-118.26272890003898,detection_avg,0.5846335226296099,transit_stops_count,food_access_count,-0.01574883632185866
217,1405,38,US,139,BlockApportionment:US.BlockGroups;PointsLayer:US.BlockPoints,2.191,2.576,1,172,136,9496,150,79.09,76,1.68,38,US,139,BlockApportionment:US.BlockGroups;PointsLayer:US.BlockPoints,2.191,2.576,1,69,70,23.1,1.19,8.68,7.55,29.14,20.32,10.3,37.12,api_test_workflow_v2_remaining_model6_2026-05-08,33.97529934,-118.2655603,"7101 S AVALON BLVD, 90003",90.0,33.9752993404_-118.265560301_90.jpg,1.0,0.9163,tent,1.295,17.47,29.74,16.36,0,0,,,44,0,0,0,0,3,0,0,0,0,0,0,479,414,0,4,4,14,1348.65,496.12,0,0.0,1646.83,0,0.0,3511.05,5,0,0.0,1689.1,0.49,1,0.0,0,0.5,1,100.0,1,0.0,0,1.41,15.91,67.14,0.7,16.26,5,76.57,0,AG-34,33,34,3,0,33.97271130694085,-118.26272890003898,detection_avg,0.5846335226296099,transit_stops_count,food_access_count,-0.01574883632185866
218,1406,38,US,139,BlockApportionment:US.BlockGroups;PointsLayer:US.BlockPoints,2.191,2.576,1,172,136,9496,150,79.09,76,1.68,38,US,139,BlockApportionment:US.BlockGroups;PointsLayer:US.BlockPoints,2.191,2.576,1,69,70,23.1,1.19,8.68,7.55,29.14,20.32,10.3,37.12,api_test_workflow_v2_remaining_model6_2026-05-08,33.97529934,-118.2655603,"7101 S AVALON BLVD, 90003",180.0,33.9752993404_-118.265560301_180.jpg,1.0,0.7987,tent,1.295,17.47,29.74,16.36,0,0,,,44,0,0,0,0,3,0,0,0,0,0,0,479,414,0,4,4,14,1348.65,496.12,0,0.0,1646.83,0,0.0,3511.05,5,0,0.0,1689.1,0.49,1,0.0,0,0.5,1,100.0,1,0.0,0,1.41,15.91,67.14,0.7,16.26,5,76.57,0,AG-34,33,34,3,0,33.97271130694085,-118.26272890003898,detection_avg,0.5846335226296099,transit_stops_count,food_access_count,-0.01574883632185866
219,1470,38,US,139,BlockApportionment:US.BlockGroups;PointsLayer:US.BlockPoints,2.191,2.576,1,172,136,9496,150,79.09,76,1.68,38,US,139,BlockApportionment:US.BlockGroups;PointsLayer:US.BlockPoints,2.191,2.576,1,69,70,23.1,1.19,8.68,7.55,29.14,20.32,10.3,37.12,api_test_workflow_v8_remaining_location_deduped_30pct_after10_2026-05-22,33.97545269,-118.26520947,"71ST ST AT AVALON BLVD, 90003",90.0,33.9754526857_-118.265209474_90.jpg,1.0,0.8635,tent,1.295,17.47,29.74,16.36,0,0,,,44,0,0,0,0,3,0,0,0,0,0,0,479,414,0,4,4,14,1348.65,496.12,0,0.0,1646.83,0,0.0,3511.05,5,0,0.0,1689.1,0.49,1,0.0,0,0.5,1,100.0,1,0.0,0,1.41,15.91,67.14,0.7,16.26,5,76.57,0,AG-34,33,34,3,0,33.97271130694085,-118.26272890003898,detection_avg,0.5846335226296099,transit_stops_count,food_access_count,-0.01574883632185866
220,1896,38,US,139,BlockApportionment:US.BlockGroups;PointsLayer:US.BlockPoints,2.191,2.576,1,172,136,9496,150,79.09,76,1.68,38,US,139,BlockApportionment:US.BlockGroups;PointsLayer:US.BlockPoints,2.191,2.576,1,69,70,23.1,1.19,8.68,7.55,29.14,20.32,10.3,37.12,api_test_workflow_v8_remaining_location_deduped_final_after10_30_2026-05-23,33.97306736,-118.26572664,"555 E 74TH ST, 90003",0.0,33.9730673578_-118.265726638_0.jpg,1.0,0.6635,tent,1.295,17.47,29.74,16.36,0,0,,,44,0,0,0,0,3,0,0,0,0,0,0,479,414,0,4,4,14,1348.65,496.12,0,0.0,1646.83,0,0.0,3511.05,5,0,0.0,1689.1,0.49,1,0.0,0,0.5,1,100.0,1,0.0,0,1.41,15.91,67.14,0.7,16.26,5,76.57,0,AG-34,33,34,3,0,33.97271130694085,-118.26272890003898,detection_avg,0.5846335226296099,transit_stops_count,food_access_count,-0.01574883632185866
221,913,39,US,140,BlockApportionment:US.BlockGroups;PointsLayer:US.BlockPoints,2.191,2.576,1,214,190,10849,200,93.09,63,1.07,39,US,140,BlockApportionment:US.BlockGroups;PointsLayer:US.BlockPoints,2.191,2.576,1,61,63,21.88,0.95,6.02,7.34,28.3,30.23,7.27,33.22,api_test_workflow_v2_20pct_model6_2026-05-07,33.97459448,-118.2577081,"922 E FLORENCE AVE, 90001",180.0,33.9745944812_-118.257708099_180.jpg,1.0,0.6863,tent,1.295,17.47,29.74,16.36,0,0,,,110,0,0,0,0,2,1,1,0,0,0,0,252,235,0,2,6,49,1984.23,112.96,0,0.0,2708.08,0,0.0,4259.72,5,0,0.0,2748.13,0.0,0,0.0,0,0.0,0,100.0,1,0.0,0,0.61,11.76,73.05,1.23,13.96,5,80.95,1,AH-34,34,34,3,1,33.97263430524955,-118.25134268164832,detection_avg,0.6225986915881234,transit_stops_count,food_access_count,0.07157123946150033
222,207,40,US,141,BlockApportionment:US.BlockGroups;PointsLayer:US.BlockPoints,2.191,2.576,1,136,219,1226,21,15.33,108,1.62,40,US,141,BlockApportionment:US.BlockGroups;PointsLayer:US.BlockPoints,2.191,2.576,1,163,159,20.67,3.99,1.84,1.43,22.64,21.15,2.82,19.87,api_test_workflow_v2_30pct_model6_2026-05-08,33.98883475,-118.4755116,"1216 S OCEAN FRONT WALK, 90291",270.0,33.988834746_-118.475511599_270.jpg,1.0,0.715,tent,1.295,17.47,29.74,16.36,0,0,,,0,0,0,0,0,0,0,0,0,0,0,0,240,243,0,0,0,0,0.0,1961.93,0,0.0,1961.93,2,477.89,345.55,19,0,0.0,1956.07,0.0,0,0.0,0,13.09,1,23.89,1,0.0,0,0.0,5.67,38.46,0.0,55.87,4,56.92,0,N-33,14,33,0,0,33.985162868494726,-118.47906740903916,detection_avg,0.6815706813961829,pct_hs_grad,dominant_landcover_class,0.015419793721636028
223,238,40,US,141,BlockApportionment:US.BlockGroups;PointsLayer:US.BlockPoints,2.191,2.576,1,136,219,1226,21,15.33,108,1.62,40,US,141,BlockApportionment:US.BlockGroups;PointsLayer:US.BlockPoints,2.191,2.576,1,163,159,20.67,3.99,1.84,1.43,22.64,21.15,2.82,19.87,api_test_workflow_v2_30pct_model6_2026-05-08,33.98823988,-118.47527581,"1309 S OCEAN FRONT WALK, 90291",0.0,33.9882398788_-118.475275811_0.jpg,1.0,0.7543,tent,1.295,17.47,29.74,16.36,0,0,,,0,0,0,0,0,0,0,0,0,0,0,0,240,243,0,0,0,0,0.0,1961.93,0,0.0,1961.93,2,477.89,345.55,19,0,0.0,1956.07,0.0,0,0.0,0,13.09,1,23.89,1,0.0,0,0.0,5.67,38.46,0.0,55.87,4,56.92,4,N-33,14,33,0,1,33.985162868494726,-118.47906740903916,detection_avg,0.6815706813961829,pct_hs_grad,dominant_landcover_class,0.015419793721636028
224,526,40,US,141,BlockApportionment:US.BlockGroups;PointsLayer:US.BlockPoints,2.191,2.576,1,136,219,1226,21,15.33,108,1.62,40,US,141,BlockApportionment:US.BlockGroups;PointsLayer:US.BlockPoints,2.191,2.576,1,163,159,20.67,3.99,1.84,1.43,22.64,21.15,2.82,19.87,api_test_workflow_v2_20pct_model6_2026-05-07_batch2,33.98967984,-118.47599228,"1017 S OCEAN FRONT WALK, 90291",0.0,33.9896798354_-118.475992282_0.jpg,1.0,0.7244,tent,1.295,17.47,29.74,16.36,0,0,,,0,0,0,0,0,0,0,0,0,0,0,0,240,243,0,0,0,0,0.0,1961.93,0,0.0,1961.93,2,477.89,345.55,19,0,0.0,1956.07,0.0,0,0.0,0,13.09,1,23.89,1,0.0,0,0.0,5.67,38.46,0.0,55.87,4,56.92,14,N-33,14,33,0,1,33.985162868494726,-118.47906740903916,detection_avg,0.6815706813961829,pct_hs_grad,dominant_landcover_class,0.015419793721636028
225,709,40,US,141,BlockApportionment:US.BlockGroups;PointsLayer:US.BlockPoints,2.191,2.576,1,136,219,1226,21,15.33,108,1.62,40,US,141,BlockApportionment:US.BlockGroups;PointsLayer:US.BlockPoints,2.191,2.576,1,163,159,20.67,3.99,1.84,1.43,22.64,21.15,2.82,19.87,api_test_workflow_v2_30pct_model6_2026-05-08,33.99138196,-118.47751123,"723 S OCEAN FRONT WALK, 90291",270.0,33.9913819635_-118.477511229_270.jpg,1.0,0.9031,tent,1.295,17.47,29.74,16.36,0,0,,,0,0,0,0,0,0,0,0,0,0,0,0,240,243,0,0,0,0,0.0,1961.93,0,0.0,1961.93,2,477.89,345.55,19,0,0.0,1956.07,0.0,0,0.0,0,13.09,1,23.89,1,0.0,0,0.0,5.67,38.46,0.0,55.87,4,56.92,16,N-33,14,33,0,1,33.985162868494726,-118.47906740903916,detection_avg,0.6815706813961829,pct_hs_grad,dominant_landcover_class,0.015419793721636028
226,1036,40,US,141,BlockApportionment:US.BlockGroups;PointsLayer:US.BlockPoints,2.191,2.576,1,136,219,1226,21,15.33,108,1.62,40,US,141,BlockApportionment:US.BlockGroups;PointsLayer:US.BlockPoints,2.191,2.576,1,163,159,20.67,3.99,1.84,1.43,22.64,21.15,2.82,19.87,api_test_workflow_v8_remaining_location_deduped_10pct_2026-05-22,33.99117218,-118.47756551,"800 S OCEAN FRONT WALK, 90291",180.0,33.9911721763_-118.477565513_180.jpg,1.0,0.8929,tent,1.295,17.47,29.74,16.36,0,0,,,0,0,0,0,0,0,0,0,0,0,0,0,240,243,0,0,0,0,0.0,1961.93,0,0.0,1961.93,2,477.89,345.55,19,0,0.0,1956.07,0.0,0,0.0,0,13.09,1,23.89,1,0.0,0,0.0,5.67,38.46,0.0,55.87,4,56.92,7,N-33,14,33,0,1,33.985162868494726,-118.47906740903916,detection_avg,0.6815706813961829,pct_hs_grad,dominant_landcover_class,0.015419793721636028
227,1097,40,US,141,BlockApportionment:US.BlockGroups;PointsLayer:US.BlockPoints,2.191,2.576,1,136,219,1226,21,15.33,108,1.62,40,US,141,BlockApportionment:US.BlockGroups;PointsLayer:US.BlockPoints,2.191,2.576,1,163,159,20.67,3.99,1.84,1.43,22.64,21.15,2.82,19.87,api_test_workflow_v8_remaining_location_deduped_30pct_after10_2026-05-22,33.99158433,-118.47821214,"723 S OCEAN FRONT WALK, 90291",0.0,33.9915843339_-118.478212137_0.jpg,2.0,0.8214,tent,1.295,17.47,29.74,16.36,0,0,,,0,0,0,0,0,0,0,0,0,0,0,0,240,243,0,0,0,0,0.0,1961.93,0,0.0,1961.93,2,477.89,345.55,19,0,0.0,1956.07,0.0,0,0.0,0,13.09,1,23.89,1,0.0,0,0.0,5.67,38.46,0.0,55.87,4,56.92,7,N-33,14,33,0,1,33.985162868494726,-118.47906740903916,detection_avg,0.6815706813961829,pct_hs_grad,dominant_landcover_class,0.015419793721636028
228,1179,40,US,141,BlockApportionment:US.BlockGroups;PointsLayer:US.BlockPoints,2.191,2.576,1,136,219,1226,21,15.33,108,1.62,40,US,141,BlockApportionment:US.BlockGroups;PointsLayer:US.BlockPoints,2.191,2.576,1,163,159,20.67,3.99,1.84,1.43,22.64,21.15,2.82,19.87,api_test_workflow_v8_remaining_location_deduped_final_after10_30_2026-05-23,33.98825999,-118.47529321,"1305 S OCEAN FRONT WALK, 90291",0.0,33.9882599875_-118.475293212_0.jpg,1.0,0.6875,tent,1.295,17.47,29.74,16.36,0,0,,,0,0,0,0,0,0,0,0,0,0,0,0,240,243,0,0,0,0,0.0,1961.93,0,0.0,1961.93,2,477.89,345.55,19,0,0.0,1956.07,0.0,0,0.0,0,13.09,1,23.89,1,0.0,0,0.0,5.67,38.46,0.0,55.87,4,56.92,2,N-33,14,33,0,1,33.985162868494726,-118.47906740903916,detection_avg,0.6815706813961829,pct_hs_grad,dominant_landcover_class,0.015419793721636028
229,1690,40,US,141,BlockApportionment:US.BlockGroups;PointsLayer:US.BlockPoints,2.191,2.576,1,136,219,1226,21,15.33,108,1.62,40,US,141,BlockApportionment:US.BlockGroups;PointsLayer:US.BlockPoints,2.191,2.576,1,163,159,20.67,3.99,1.84,1.43,22.64,21.15,2.82,19.87,api_test_workflow_v8_remaining_location_deduped_final_after10_30_2026-05-23,33.98794916,-118.4745928,"HORIZON AVE AT OCEAN FRONT WALK, 90291",180.0,33.9879491633_-118.474592802_180.jpg,3.0,0.92,tent,1.295,17.47,29.74,16.36,0,0,,,0,0,0,0,0,0,0,0,0,0,0,0,240,243,0,0,0,0,0.0,1961.93,0,0.0,1961.93,2,477.89,345.55,19,0,0.0,1956.07,0.0,0,0.0,0,13.09,1,23.89,1,0.0,0,0.0,5.67,38.46,0.0,55.87,4,56.92,0,N-33,14,33,0,0,33.985162868494726,-118.47906740903916,detection_avg,0.6815706813961829,pct_hs_grad,dominant_landcover_class,0.015419793721636028
230,1691,40,US,141,BlockApportionment:US.BlockGroups;PointsLayer:US.BlockPoints,2.191,2.576,1,136,219,1226,21,15.33,108,1.62,40,US,141,BlockApportionment:US.BlockGroups;PointsLayer:US.BlockPoints,2.191,2.576,1,163,159,20.67,3.99,1.84,1.43,22.64,21.15,2.82,19.87,api_test_workflow_v8_remaining_location_deduped_final_after10_30_2026-05-23,33.98794916,-118.4745928,"HORIZON AVE AT OCEAN FRONT WALK, 90291",270.0,33.9879491633_-118.474592802_270.jpg,1.0,0.8859,tent,1.295,17.47,29.74,16.36,0,0,,,0,0,0,0,0,0,0,0,0,0,0,0,240,243,0,0,0,0,0.0,1961.93,0,0.0,1961.93,2,477.89,345.55,19,0,0.0,1956.07,0.0,0,0.0,0,13.09,1,23.89,1,0.0,0,0.0,5.67,38.46,0.0,55.87,4,56.92,7,N-33,14,33,0,1,33.985162868494726,-118.47906740903916,detection_avg,0.6815706813961829,pct_hs_grad,dominant_landcover_class,0.015419793721636028
231,1138,41,US,142,BlockApportionment:US.BlockGroups;PointsLayer:US.BlockPoints,2.191,2.576,1,94,179,5839,183,12.38,193,2.72,41,US,142,BlockApportionment:US.BlockGroups;PointsLayer:US.BlockPoints,2.191,2.576,1,171,167,7.32,2.17,3.26,0.47,27.68,9.53,3.34,15.06,api_test_workflow_v8_remaining_location_deduped_final_after10_30_2026-05-23,33.98661347,-118.47138858,"MILDRED AVE AT PACIFIC AVE, 90291",270.0,33.9866134682_-118.471388584_270.jpg,1.0,0.628,tent,1.295,17.47,29.74,16.36,0,0,,,9,0,0,0,0,1,0,1,0,0,0,0,695,781,0,0,1,0,0.0,1960.0,0,0.0,1960.0,7,2792.7,214.8,27,0,0.0,1954.02,0.33,1,0.0,0,55.03,1,62.6,1,0.0,0,1.34,12.28,58.88,0.8,28.04,5,70.81,0,O-33,15,33,1,0,33.98508586680342,-118.46768119064852,detection_avg,0.6627221172905405,pct_no_schooling,osm_amenity_count,0.021262415445844663
232,1711,41,US,142,BlockApportionment:US.BlockGroups;PointsLayer:US.BlockPoints,2.191,2.576,1,94,179,5839,183,12.38,193,2.72,41,US,142,BlockApportionment:US.BlockGroups;PointsLayer:US.BlockPoints,2.191,2.576,1,171,167,7.32,2.17,3.26,0.47,27.68,9.53,3.34,15.06,api_test_workflow_v8_remaining_location_deduped_final_after10_30_2026-05-23,33.9860806,-118.46601588,"475 CARROLL CANAL WK, 90291",90.0,33.986080601_-118.466015878_90.jpg,1.0,0.6207,tent,1.295,17.47,29.74,16.36,0,0,,,9,0,0,0,0,1,0,1,0,0,0,0,695,781,0,0,1,0,0.0,1960.0,0,0.0,1960.0,7,2792.7,214.8,27,0,0.0,1954.02,0.33,1,0.0,0,55.03,1,62.6,1,0.0,0,1.34,12.28,58.88,0.8,28.04,5,70.81,0,O-33,15,33,1,0,33.98508586680342,-118.46768119064852,detection_avg,0.6627221172905405,pct_no_schooling,osm_amenity_count,0.021262415445844663
233,1712,41,US,142,BlockApportionment:US.BlockGroups;PointsLayer:US.BlockPoints,2.191,2.576,1,94,179,5839,183,12.38,193,2.72,41,US,142,BlockApportionment:US.BlockGroups;PointsLayer:US.BlockPoints,2.191,2.576,1,171,167,7.32,2.17,3.26,0.47,27.68,9.53,3.34,15.06,api_test_workflow_v8_remaining_location_deduped_final_after10_30_2026-05-23,33.9860806,-118.46601588,"475 CARROLL CANAL WK, 90291",180.0,33.986080601_-118.466015878_180.jpg,1.0,0.6033,tent,1.295,17.47,29.74,16.36,0,0,,,9,0,0,0,0,1,0,1,0,0,0,0,695,781,0,0,1,0,0.0,1960.0,0,0.0,1960.0,7,2792.7,214.8,27,0,0.0,1954.02,0.33,1,0.0,0,55.03,1,62.6,1,0.0,0,1.34,12.28,58.88,0.8,28.04,5,70.81,1,O-33,15,33,1,1,33.98508586680342,-118.46768119064852,detection_avg,0.6627221172905405,pct_no_schooling,osm_amenity_count,0.021262415445844663
234,1784,41,US,142,BlockApportionment:US.BlockGroups;PointsLayer:US.BlockPoints,2.191,2.576,1,94,179,5839,183,12.38,193,2.72,41,US,142,BlockApportionment:US.BlockGroups;PointsLayer:US.BlockPoints,2.191,2.576,1,171,167,7.32,2.17,3.26,0.47,27.68,9.53,3.34,15.06,api_test_workflow_v8_remaining_location_deduped_30pct_after10_2026-05-22,33.98584776,-118.46854924,"308 E NORTH VENICE BLVD, 90291",270.0,33.9858477619_-118.468549241_270.jpg,1.0,0.8091,tent,1.295,17.47,29.74,16.36,0,0,,,9,0,0,0,0,1,0,1,0,0,0,0,695,781,0,0,1,0,0.0,1960.0,0,0.0,1960.0,7,2792.7,214.8,27,0,0.0,1954.02,0.33,1,0.0,0,55.03,1,62.6,1,0.0,0,1.34,12.28,58.88,0.8,28.04,5,70.81,2,O-33,15,33,1,1,33.98508586680342,-118.46768119064852,detection_avg,0.6627221172905405,pct_no_schooling,osm_amenity_count,0.021262415445844663
235,1785,41,US,142,BlockApportionment:US.BlockGroups;PointsLayer:US.BlockPoints,2.191,2.576,1,94,179,5839,183,12.38,193,2.72,41,US,142,BlockApportionment:US.BlockGroups;PointsLayer:US.BlockPoints,2.191,2.576,1,171,167,7.32,2.17,3.26,0.47,27.68,9.53,3.34,15.06,api_test_workflow_v8_remaining_location_deduped_30pct_after10_2026-05-22,33.98027412,-118.46532082,"3005 S STRONG'S DR, 90291",270.0,33.9802741214_-118.465320824_270.jpg,1.0,0.8373,tent,1.295,17.47,29.74,16.36,0,0,,,9,0,0,0,0,1,0,1,0,0,0,0,695,781,0,0,1,0,0.0,1960.0,0,0.0,1960.0,7,2792.7,214.8,27,0,0.0,1954.02,0.33,1,0.0,0,55.03,1,62.6,1,0.0,0,1.34,12.28,58.88,0.8,28.04,5,70.81,5,O-33,15,33,1,1,33.98508586680342,-118.46768119064852,detection_avg,0.6627221172905405,pct_no_schooling,osm_amenity_count,0.021262415445844663
236,-1,42,US,143,BlockApportionment:US.BlockGroups;PointsLayer:US.BlockPoints,2.191,2.576,1,123,221,6103,67,12.91,203,2.93,42,US,143,BlockApportionment:US.BlockGroups;PointsLayer:US.BlockPoints,2.191,2.576,1,180,177,4.01,2.89,1.77,0.0,28.46,8.9,2.35,15.94,,,,,,,,,,1.295,17.47,29.74,16.36,0,0,,,33,0,1,0,0,1,0,0,0,0,0,2,914,926,0,2,1,0,0.0,901.25,0,0.0,901.25,0,0.0,660.98,15,0,0.0,892.25,7.01,1,0.0,0,45.41,1,94.87,1,0.0,0,3.68,20.44,60.18,2.11,17.28,5,71.02,0,P-33,16,33,1,0,33.98500886511212,-118.45629497225788,reconstructed,0.667746930249353,total_crime_est,nearest_osm_major_road_m,0.0419255038520136
237,-1,43,US,144,BlockApportionment:US.BlockGroups;PointsLayer:US.BlockPoints,2.191,2.576,1,69,172,3255,12,11.49,233,3.71,43,US,144,BlockApportionment:US.BlockGroups;PointsLayer:US.BlockPoints,2.191,2.576,1,183,177,1.75,2.08,1.44,0.0,40.43,7.71,0.45,8.56,,,,,,,,,,1.295,17.47,29.74,16.36,0,0,,,24,1,1,1,0,0,0,2,2,0,0,0,364,405,0,0,0,28,2267.74,423.89,28,2267.74,423.89,0,0.0,759.19,24,4,2334.01,430.86,43.63,1,0.0,0,10.44,1,57.83,1,0.0,0,1.5,9.76,63.5,17.85,8.88,5,74.0,1,Q-33,17,33,0,1,33.98493186342082,-118.44490875386722,reconstructed,0.6184325493251294,recreation_center_count,business_sites_count,0.03262317209117998
238,941,44,US,145,BlockApportionment:US.BlockGroups;PointsLayer:US.BlockPoints,2.191,2.576,1,97,166,4867,69,18.16,150,4.6,44,US,145,BlockApportionment:US.BlockGroups;PointsLayer:US.BlockPoints,2.191,2.576,1,153,151,9.08,2.89,1.54,0.58,32.13,15.54,0.94,24.37,api_test_workflow_v2_20pct_model6_2026-05-07_batch2,33.98550677,-118.43730037,"MINDANAO WAY AT GLENCOE AVE, 90292",270.0,33.9855067701_-118.437300373_270.jpg,1.0,0.6616,tent,1.295,17.47,29.74,16.36,0,0,,,18,0,0,0,0,0,0,0,1,0,0,1,679,781,0,0,1,14,2342.09,400.72,14,2342.09,400.72,0,0.0,868.58,15,2,1872.96,400.64,0.0,0,0.0,0,0.0,0,100.0,1,0.0,0,3.34,25.13,51.85,2.02,21.0,5,65.29,3,R-33,18,33,0,1,33.98485486172952,-118.43352253547656,detection_avg,0.6513783678390083,adult_recreation_count,freeway_segments_count,0.021302900264953004
239,620,45,US,146,BlockApportionment:US.BlockGroups;PointsLayer:US.BlockPoints,2.191,2.576,1,74,187,2498,86,16.41,164,2.89,45,US,146,BlockApportionment:US.BlockGroups;PointsLayer:US.BlockPoints,2.191,2.576,1,152,148,4.99,3.04,1.01,0.1,19.82,5.55,4.02,7.76,api_test_workflow_v2_remaining_model6_2026-05-08,33.98677367,-118.424917,"12701 W CULVER BLVD, 90066",270.0,33.9867736743_-118.424917001_270.jpg,1.0,0.8654,tent,1.295,17.47,29.74,16.36,0,0,,,3,0,0,0,0,1,1,0,0,0,0,1,264,298,0,0,3,44,5351.49,61.35,26,4098.67,61.35,3,2643.3,1.08,2,4,2702.19,63.37,13.13,1,11.66,1,1.44,1,100.0,1,0.0,0,1.98,19.97,59.55,2.93,17.56,5,71.09,5,S-33,19,33,2,1,33.984777860038214,-118.42213631708591,detection_avg,0.6304085549330432,pct_household_disability,fema_flood_hazard_area_pct,-0.036790496270827054
240,126,46,US,147,BlockApportionment:US.BlockGroups;PointsLayer:US.BlockPoints,2.191,2.576,1,102,113,5463,112,47.25,86,2.63,46,US,147,BlockApportionment:US.BlockGroups;PointsLayer:US.BlockPoints,2.191,2.576,1,112,115,13.64,2.99,3.31,4.36,24.84,15.05,6.61,18.23,api_test_workflow_v2_remaining_model6_2026-05-08,33.98623355,-118.41083279,"12057 W ALBERTA DR, 90230",0.0,33.9862335499_-118.410832794_0.jpg,1.0,0.8696,tent,1.295,17.47,29.74,16.36,0,0,,,15,0,0,0,0,0,0,0,0,0,0,1,361,367,0,0,2,41,5173.86,3.24,32,4618.09,3.24,3,2592.37,46.67,3,4,2559.43,10.06,8.59,1,8.33,1,0.25,1,100.0,1,0.0,0,2.55,21.35,51.58,1.58,25.48,5,65.34,0,T-33,20,33,0,0,33.98470085834691,-118.41075009869527,detection_avg,0.618257146360404,transit_stops_count,food_access_count,-0.014692772374155073
241,1241,46,US,147,BlockApportionment:US.BlockGroups;PointsLayer:US.BlockPoints,2.191,2.576,1,102,113,5463,112,47.25,86,2.63,46,US,147,BlockApportionment:US.BlockGroups;PointsLayer:US.BlockPoints,2.191,2.576,1,112,115,13.64,2.99,3.31,4.36,24.84,15.05,6.61,18.23,api_test_workflow_v8_remaining_location_deduped_30pct_after10_2026-05-22,33.9873725,-118.40954922,"5299 S INGLEWOOD BLVD, 90230",90.0,33.9873725041_-118.409549222_90.jpg,1.0,0.9092,tent,1.295,17.47,29.74,16.36,0,0,,,15,0,0,0,0,0,0,0,0,0,0,1,361,367,0,0,2,41,5173.86,3.24,32,4618.09,3.24,3,2592.37,46.67,3,4,2559.43,10.06,8.59,1,8.33,1,0.25,1,100.0,1,0.0,0,2.55,21.35,51.58,1.58,25.48,5,65.34,5,T-33,20,33,0,1,33.98470085834691,-118.41075009869527,detection_avg,0.618257146360404,transit_stops_count,food_access_count,-0.014692772374155073
242,1416,46,US,147,BlockApportionment:US.BlockGroups;PointsLayer:US.BlockPoints,2.191,2.576,1,102,113,5463,112,47.25,86,2.63,46,US,147,BlockApportionment:US.BlockGroups;PointsLayer:US.BlockPoints,2.191,2.576,1,112,115,13.64,2.99,3.31,4.36,24.84,15.05,6.61,18.23,api_test_workflow_v2_remaining_model6_2026-05-08,33.98746198,-118.40933594,"5300 S INGLEWOOD BLVD, 90230",90.0,33.9874619759_-118.409335944_90.jpg,1.0,0.8623,tent,1.295,17.47,29.74,16.36,0,0,,,15,0,0,0,0,0,0,0,0,0,0,1,361,367,0,0,2,41,5173.86,3.24,32,4618.09,3.24,3,2592.37,46.67,3,4,2559.43,10.06,8.59,1,8.33,1,0.25,1,100.0,1,0.0,0,2.55,21.35,51.58,1.58,25.48,5,65.34,0,T-33,20,33,0,0,33.98470085834691,-118.41075009869527,detection_avg,0.618257146360404,transit_stops_count,food_access_count,-0.014692772374155073
243,1637,46,US,147,BlockApportionment:US.BlockGroups;PointsLayer:US.BlockPoints,2.191,2.576,1,102,113,5463,112,47.25,86,2.63,46,US,147,BlockApportionment:US.BlockGroups;PointsLayer:US.BlockPoints,2.191,2.576,1,112,115,13.64,2.99,3.31,4.36,24.84,15.05,6.61,18.23,api_test_workflow_v8_remaining_location_deduped_30pct_after10_2026-05-22,33.98954705,-118.41287984,"12029 W CULVER DR, 90230",270.0,33.9895470548_-118.412879839_270.jpg,1.0,0.8275,tent,1.295,17.47,29.74,16.36,0,0,,,15,0,0,0,0,0,0,0,0,0,0,1,361,367,0,0,2,41,5173.86,3.24,32,4618.09,3.24,3,2592.37,46.67,3,4,2559.43,10.06,8.59,1,8.33,1,0.25,1,100.0,1,0.0,0,2.55,21.35,51.58,1.58,25.48,5,65.34,1,T-33,20,33,0,1,33.98470085834691,-118.41075009869527,detection_avg,0.618257146360404,transit_stops_count,food_access_count,-0.014692772374155073
244,1369,47,US,148,BlockApportionment:US.BlockGroups;PointsLayer:US.BlockPoints,2.191,2.576,1,92,146,1303,79,23.79,182,6.04,47,US,148,BlockApportionment:US.BlockGroups;PointsLayer:US.BlockPoints,2.191,2.576,1,161,162,11.31,5.94,0.08,1.21,45.03,9.82,2.52,14.92,api_test_workflow_v2_remaining_model6_2026-05-08,33.98366664,-118.39866386,"5752 S MESMER AVE, 90230",180.0,33.9836666419_-118.398663863_180.jpg,1.0,0.8659,tent,1.295,17.47,29.74,16.36,0,0,,,17,0,0,0,0,0,0,0,0,0,0,1,330,337,0,0,0,76,7506.91,437.58,39,5016.39,437.58,4,1596.01,197.41,7,2,1778.93,441.26,20.6,1,0.85,1,19.78,1,100.0,1,0.0,0,4.22,27.39,53.49,1.38,17.74,5,66.18,0,U-33,21,33,0,0,33.98462385665561,-118.39936388030462,detection_avg,0.5674958911688474,pct_no_schooling,osm_amenity_count,0.016591683491403525
245,1692,47,US,148,BlockApportionment:US.BlockGroups;PointsLayer:US.BlockPoints,2.191,2.576,1,92,146,1303,79,23.79,182,6.04,47,US,148,BlockApportionment:US.BlockGroups;PointsLayer:US.BlockPoints,2.191,2.576,1,161,162,11.31,5.94,0.08,1.21,45.03,9.82,2.52,14.92,api_test_workflow_v8_remaining_location_deduped_final_after10_30_2026-05-23,33.98372462,-118.39872195,"5750 S MESMER AVE, 90230",180.0,33.9837246245_-118.398721951_180.jpg,1.0,0.8751,tent,1.295,17.47,29.74,16.36,0,0,,,17,0,0,0,0,0,0,0,0,0,0,1,330,337,0,0,0,76,7506.91,437.58,39,5016.39,437.58,4,1596.01,197.41,7,2,1778.93,441.26,20.6,1,0.85,1,19.78,1,100.0,1,0.0,0,4.22,27.39,53.49,1.38,17.74,5,66.18,0,U-33,21,33,0,0,33.98462385665561,-118.39936388030462,detection_avg,0.5674958911688474,pct_no_schooling,osm_amenity_count,0.016591683491403525
246,-1,48,US,149,BlockApportionment:US.BlockGroups;PointsLayer:US.BlockPoints,2.191,2.576,1,78,226,3245,121,15.78,162,8.16,48,US,149,BlockApportionment:US.BlockGroups;PointsLayer:US.BlockPoints,2.191,2.576,1,144,142,10.21,8.24,0.0,0.0,18.3,7.36,3.59,21.16,,,,,,,,,,1.295,17.47,29.74,16.36,0,0,,,48,0,1,0,1,0,1,0,0,0,0,0,139,138,0,0,0,56,3739.49,190.62,19,1941.68,190.62,0,0.0,703.27,18,4,1275.15,189.15,1.34,1,0.0,0,1.34,1,100.0,1,0.0,0,2.37,27.37,53.16,1.05,18.42,5,66.5,1,V-33,22,33,1,1,33.9845468549643,-118.38797766191396,reconstructed,0.6209500116502346,pct_no_schooling,osm_amenity_count,-0.022086162323225342
247,1614,49,US,150,BlockApportionment:US.BlockGroups;PointsLayer:US.BlockPoints,2.191,2.576,1,86,112,3880,124,9.3,188,7.29,49,US,150,BlockApportionment:US.BlockGroups;PointsLayer:US.BlockPoints,2.191,2.576,1,167,163,6.41,7.02,2.38,0.65,8.28,11.0,1.77,9.94,api_test_workflow_v8_remaining_location_deduped_30pct_after10_2026-05-22,33.97589107,-118.3735769,"6925 S LA TIJERA BLVD, 90045",270.0,33.975891066_-118.3735769_270.jpg,1.0,0.7601,tent,1.295,17.47,29.74,16.36,0,0,,,10,0,0,0,0,1,0,1,0,0,0,0,220,225,0,0,0,6,660.52,603.38,0,0.0,878.76,0,0.0,864.84,6,0,0.0,915.0,0.0,0,0.0,0,0.0,0,100.0,1,0.0,0,2.16,21.92,58.24,2.07,17.77,5,70.12,1,W-33,23,33,1,1,33.984469853273,-118.37659144352332,detection_avg,0.6191513249512386,pct_veterans,public_school_count,-0.02254157476386632
248,-1,0,US,151,BlockApportionment:US.BlockGroups;PointsLayer:US.BlockPoints,2.191,2.576,1,138,104,2506,131,11.89,131,6.52,0,US,151,BlockApportionment:US.BlockGroups;PointsLayer:US.BlockPoints,2.191,2.576,1,130,131,6.05,5.74,0.06,2.84,21.03,7.08,2.91,21.51,,,,,,,,,,1.295,17.47,29.74,16.36,0,0,,,52,0,1,0,0,0,0,0,0,0,0,0,247,229,0,0,0,62,5389.57,73.4,0,0.0,1982.29,0,0.0,1955.69,3,0,0.0,2011.38,2.27,1,0.0,0,0.0,0,100.0,1,0.0,0,1.76,25.13,48.33,1.23,25.31,5,63.3,0,X-33,24,33,0,0,33.984392851581696,-118.36520522513268,reconstructed,0.6143044375030094,transit_stops_count,food_access_count,0.01826176649788058
249,228,1,US,152,BlockApportionment:US.BlockGroups;PointsLayer:US.BlockPoints,2.191,2.576,1,173,168,10790,236,51.64,48,3.98,1,US,152,BlockApportionment:US.BlockGroups;PointsLayer:US.BlockPoints,2.191,2.576,1,60,61,28.39,4.06,2.67,3.11,40.31,24.89,9.54,33.45,api_test_workflow_v2_30pct_model6_2026-05-08,33.97716286,-118.33258016,"6739 S VICTORIA AVE, 90043",270.0,33.9771628571_-118.332580161_270.jpg,2.0,0.7,tent,1.295,17.47,29.74,16.36,0,0,,,52,0,0,0,0,1,0,0,0,0,0,0,692,672,0,0,5,23,1459.25,30.4,0,0.0,3917.49,0,0.0,3458.96,2,0,0.0,3999.44,25.76,1,0.0,0,5.31,1,100.0,1,0.0,0,0.79,12.82,75.07,0.88,11.24,5,82.31,13,AA-33,27,33,1,1,33.98416184650779,-118.3310465699607,detection_avg,0.6166970524641333,total_crime_est,nearest_osm_major_road_m,0.02025222075113611
250,429,10,US,359,BlockApportionment:US.BlockGroups;PointsLayer:US.BlockPoints,2.191,2.576,1,113,168,4229,110,15.44,126,1.84,2,US,411,BlockApportionment:US.BlockGroups;PointsLayer:US.BlockPoints,2.191,2.576,1,140,140,8.47,1.77,1.67,0.88,28.97,13.7,3.26,15.85,api_test_workflow_v2_20pct_model6_2026-05-07,34.08546086,-118.33882437,"805 N HIGHLAND AVE, 90038",270.0,34.0854608643_-118.338824367_270.jpg,1.0,0.7915,tent,1.295,17.47,29.74,16.36,0,0,,,42,0,0,0,1,1,3,0,0,0,0,0,1208,1237,0,0,4,44,2276.78,134.51,0,0.0,2535.08,0,0.0,1066.63,33,2,963.24,507.38,0.0,0,0.0,0,0.0,0,100.0,1,0.0,0,2.46,13.62,71.35,3.08,11.95,5,79.21,11,Z-24,26,24,4,1,34.08313561297116,-118.34243602455184,detection_avg,0.7035557891954095,pct_no_schooling,osm_amenity_count,0.034645452526850855
251,609,10,US,359,BlockApportionment:US.BlockGroups;PointsLayer:US.BlockPoints,2.191,2.576,1,113,168,4229,110,15.44,126,1.84,2,US,411,BlockApportionment:US.BlockGroups;PointsLayer:US.BlockPoints,2.191,2.576,1,140,140,8.47,1.77,1.67,0.88,28.97,13.7,3.26,15.85,api_test_workflow_v2_remaining_model6_2026-05-08,34.08324514,-118.34456067,"7100 W MELROSE AVE, 90046",90.0,34.0832451422_-118.344560668_90.jpg,2.0,0.8157,tent,1.295,17.47,29.74,16.36,0,0,,,42,0,0,0,1,1,3,0,0,0,0,0,1208,1237,0,0,4,44,2276.78,134.51,0,0.0,2535.08,0,0.0,1066.63,33,2,963.24,507.38,0.0,0,0.0,0,0.0,0,100.0,1,0.0,0,2.46,13.62,71.35,3.08,11.95,5,79.21,27,Z-24,26,24,4,1,34.08313561297116,-118.34243602455184,detection_avg,0.7035557891954095,pct_no_schooling,osm_amenity_count,0.034645452526850855
252,632,10,US,359,BlockApportionment:US.BlockGroups;PointsLayer:US.BlockPoints,2.191,2.576,1,113,168,4229,110,15.44,126,1.84,2,US,411,BlockApportionment:US.BlockGroups;PointsLayer:US.BlockPoints,2.191,2.576,1,140,140,8.47,1.77,1.67,0.88,28.97,13.7,3.26,15.85,api_test_workflow_v2_remaining_model6_2026-05-08,34.08324664,-118.34463807,"7110 W MELROSE AVE, 90046",90.0,34.0832466384_-118.344638067_90.jpg,2.0,0.8157,tent,1.295,17.47,29.74,16.36,0,0,,,42,0,0,0,1,1,3,0,0,0,0,0,1208,1237,0,0,4,44,2276.78,134.51,0,0.0,2535.08,0,0.0,1066.63,33,2,963.24,507.38,0.0,0,0.0,0,0.0,0,100.0,1,0.0,0,2.46,13.62,71.35,3.08,11.95,5,79.21,41,Z-24,26,24,4,1,34.08313561297116,-118.34243602455184,detection_avg,0.7035557891954095,pct_no_schooling,osm_amenity_count,0.034645452526850855
253,951,10,US,359,BlockApportionment:US.BlockGroups;PointsLayer:US.BlockPoints,2.191,2.576,1,113,168,4229,110,15.44,126,1.84,2,US,411,BlockApportionment:US.BlockGroups;PointsLayer:US.BlockPoints,2.191,2.576,1,140,140,8.47,1.77,1.67,0.88,28.97,13.7,3.26,15.85,api_test_workflow_v2_20pct_model6_2026-05-07_batch2,34.08410277,-118.34766472,"717 N ALTA VISTA BLVD, 90046",180.0,34.0841027676_-118.347664721_180.jpg,1.0,0.941,tent,1.295,17.47,29.74,16.36,0,0,,,42,0,0,0,1,1,3,0,0,0,0,0,1208,1237,0,0,4,44,2276.78,134.51,0,0.0,2535.08,0,0.0,1066.63,33,2,963.24,507.38,0.0,0,0.0,0,0.0,0,100.0,1,0.0,0,2.46,13.62,71.35,3.08,11.95,5,79.21,1,Z-24,26,24,4,1,34.08313561297116,-118.34243602455184,detection_avg,0.7035557891954095,pct_no_schooling,osm_amenity_count,0.034645452526850855
254,576,2,US,153,BlockApportionment:US.BlockGroups;PointsLayer:US.BlockPoints,2.191,2.576,1,188,185,6342,214,52.74,85,4.99,3,US,153,BlockApportionment:US.BlockGroups;PointsLayer:US.BlockPoints,2.191,2.576,1,81,83,30.02,4.2,3.61,4.32,50.77,18.35,9.19,27.15,api_test_workflow_v2_20pct_model6_2026-05-07_batch2,33.99048887,-118.31698699,"5714 S VAN NESS AVE, 90062",270.0,33.9904888708_-118.31698699_270.jpg,1.0,0.788,tent,1.295,17.47,29.74,16.36,0,0,,,47,0,0,0,0,1,3,1,0,0,0,0,437,428,0,1,1,34,1126.35,248.71,0,0.0,3507.06,0,0.0,4374.82,1,0,0.0,3614.21,58.31,1,0.0,0,15.02,1,100.0,1,0.0,0,0.35,12.2,64.53,1.05,22.21,5,75.07,3,AB-33,28,33,4,1,33.984084844816486,-118.31966035157006,detection_avg,0.6123056572929195,pct_public_assistance,la_geohub_500yr_flood_area_pct,-0.03309222943994378
255,1485,2,US,153,BlockApportionment:US.BlockGroups;PointsLayer:US.BlockPoints,2.191,2.576,1,188,185,6342,214,52.74,85,4.99,3,US,153,BlockApportionment:US.BlockGroups;PointsLayer:US.BlockPoints,2.191,2.576,1,81,83,30.02,4.2,3.61,4.32,50.77,18.35,9.19,27.15,api_test_workflow_v8_remaining_location_deduped_10pct_2026-05-22,33.98520027,-118.31346978,"60TH ST AT GRAMERCY PL, 90047",270.0,33.9852002684_-118.313469782_270.jpg,1.0,0.8847,tent,1.295,17.47,29.74,16.36,0,0,,,47,0,0,0,0,1,3,1,0,0,0,0,437,428,0,1,1,34,1126.35,248.71,0,0.0,3507.06,0,0.0,4374.82,1,0,0.0,3614.21,58.31,1,0.0,0,15.02,1,100.0,1,0.0,0,0.35,12.2,64.53,1.05,22.21,5,75.07,1,AB-33,28,33,4,1,33.984084844816486,-118.31966035157006,detection_avg,0.6123056572929195,pct_public_assistance,la_geohub_500yr_flood_area_pct,-0.03309222943994378
256,1792,2,US,153,BlockApportionment:US.BlockGroups;PointsLayer:US.BlockPoints,2.191,2.576,1,188,185,6342,214,52.74,85,4.99,3,US,153,BlockApportionment:US.BlockGroups;PointsLayer:US.BlockPoints,2.191,2.576,1,81,83,30.02,4.2,3.61,4.32,50.77,18.35,9.19,27.15,api_test_workflow_v8_remaining_location_deduped_30pct_after10_2026-05-22,33.99048327,-118.31734705,"5715 S VAN NESS AVE, 90062",270.0,33.990483266_-118.317347051_270.jpg,1.0,0.8575,tent,1.295,17.47,29.74,16.36,0,0,,,47,0,0,0,0,1,3,1,0,0,0,0,437,428,0,1,1,34,1126.35,248.71,0,0.0,3507.06,0,0.0,4374.82,1,0,0.0,3614.21,58.31,1,0.0,0,15.02,1,100.0,1,0.0,0,0.35,12.2,64.53,1.05,22.21,5,75.07,0,AB-33,28,33,4,0,33.984084844816486,-118.31966035157006,detection_avg,0.6123056572929195,pct_public_assistance,la_geohub_500yr_flood_area_pct,-0.03309222943994378
257,976,3,US,154,BlockApportionment:US.BlockGroups;PointsLayer:US.BlockPoints,2.191,2.576,1,168,157,6278,136,58.86,89,2.35,4,US,154,BlockApportionment:US.BlockGroups;PointsLayer:US.BlockPoints,2.191,2.576,1,78,77,31.63,2.16,3.16,6.31,38.77,13.69,9.86,34.86,api_test_workflow_v2_20pct_model6_2026-05-07_batch2,33.98195905,-118.31124249,"1969 W GAGE AVE, 90047",180.0,33.9819590507_-118.311242494_180.jpg,1.0,0.8154,tent,1.295,17.47,29.74,16.36,0,0,,,54,0,0,0,0,0,0,2,0,0,0,0,461,410,0,2,3,14,1222.85,63.86,0,0.0,2504.81,0,0.0,4412.35,1,0,0.0,2530.14,43.46,1,0.0,0,17.58,1,100.0,1,0.0,0,1.67,15.99,68.45,1.14,14.41,5,77.41,0,AC-33,29,33,0,0,33.984007843125184,-118.3082741331794,detection_avg,0.6065535984115511,pct_public_assistance,la_geohub_500yr_flood_area_pct,-0.056637573383811146
258,1513,3,US,154,BlockApportionment:US.BlockGroups;PointsLayer:US.BlockPoints,2.191,2.576,1,168,157,6278,136,58.86,89,2.35,4,US,154,BlockApportionment:US.BlockGroups;PointsLayer:US.BlockPoints,2.191,2.576,1,78,77,31.63,2.16,3.16,6.31,38.77,13.69,9.86,34.86,api_test_workflow_v8_remaining_location_deduped_10pct_2026-05-22,33.98175194,-118.31120501,"1900 W GAGE AVE, 90047",0.0,33.9817519436_-118.311205008_0.jpg,2.0,0.8445,tent,1.295,17.47,29.74,16.36,0,0,,,54,0,0,0,0,0,0,2,0,0,0,0,461,410,0,2,3,14,1222.85,63.86,0,0.0,2504.81,0,0.0,4412.35,1,0,0.0,2530.14,43.46,1,0.0,0,17.58,1,100.0,1,0.0,0,1.67,15.99,68.45,1.14,14.41,5,77.41,0,AC-33,29,33,0,0,33.984007843125184,-118.3082741331794,detection_avg,0.6065535984115511,pct_public_assistance,la_geohub_500yr_flood_area_pct,-0.056637573383811146
259,1705,3,US,154,BlockApportionment:US.BlockGroups;PointsLayer:US.BlockPoints,2.191,2.576,1,168,157,6278,136,58.86,89,2.35,4,US,154,BlockApportionment:US.BlockGroups;PointsLayer:US.BlockPoints,2.191,2.576,1,78,77,31.63,2.16,3.16,6.31,38.77,13.69,9.86,34.86,api_test_workflow_v8_remaining_location_deduped_final_after10_30_2026-05-23,33.98336768,-118.31151905,"62ND ST AT ST ANDREWS PL, 90047",90.0,33.9833676793_-118.311519047_90.jpg,1.0,0.8773,tent,1.295,17.47,29.74,16.36,0,0,,,54,0,0,0,0,0,0,2,0,0,0,0,461,410,0,2,3,14,1222.85,63.86,0,0.0,2504.81,0,0.0,4412.35,1,0,0.0,2530.14,43.46,1,0.0,0,17.58,1,100.0,1,0.0,0,1.67,15.99,68.45,1.14,14.41,5,77.41,3,AC-33,29,33,0,1,33.984007843125184,-118.3082741331794,detection_avg,0.6065535984115511,pct_public_assistance,la_geohub_500yr_flood_area_pct,-0.056637573383811146
260,54,4,US,155,BlockApportionment:US.BlockGroups;PointsLayer:US.BlockPoints,2.191,2.576,1,186,169,9110,164,76.66,76,0.72,5,US,155,BlockApportionment:US.BlockGroups;PointsLayer:US.BlockPoints,2.191,2.576,1,75,79,28.59,0.59,8.33,12.29,35.05,23.55,10.42,33.98,api_test_workflow_v2_10pct_model6_2026-05-06_live,33.98151137,-118.29634413,"1219 W 64TH ST, 90044",270.0,33.9815113709_-118.296344128_270.jpg,1.0,0.8262,tent,1.295,17.47,29.74,16.36,0,0,,,61,0,0,1,0,2,1,0,0,0,0,0,614,572,0,1,4,27,1864.5,253.64,0,0.0,1396.32,0,0.0,5575.62,5,0,0.0,1496.17,73.57,1,0.0,0,6.29,1,100.0,1,0.0,0,0.7,13.17,66.11,2.72,18.0,5,76.07,1,AD-33,30,33,3,1,33.98393084143388,-118.29688791478875,detection_avg,0.5887111051696905,pct_no_schooling,osm_amenity_count,-0.03580478819253423
261,103,4,US,155,BlockApportionment:US.BlockGroups;PointsLayer:US.BlockPoints,2.191,2.576,1,186,169,9110,164,76.66,76,0.72,5,US,155,BlockApportionment:US.BlockGroups;PointsLayer:US.BlockPoints,2.191,2.576,1,75,79,28.59,0.59,8.33,12.29,35.05,23.55,10.42,33.98,api_test_workflow_v2_30pct_model6_2026-05-08,33.99038684,-118.30006938,"5720 S NORMANDIE AVE, 90037",180.0,33.9903868387_-118.300069378_180.jpg,1.0,0.8928,tent,1.295,17.47,29.74,16.36,0,0,,,61,0,0,1,0,2,1,0,0,0,0,0,614,572,0,1,4,27,1864.5,253.64,0,0.0,1396.32,0,0.0,5575.62,5,0,0.0,1496.17,73.57,1,0.0,0,6.29,1,100.0,1,0.0,0,0.7,13.17,66.11,2.72,18.0,5,76.07,0,AD-33,30,33,3,0,33.98393084143388,-118.29688791478875,detection_avg,0.5887111051696905,pct_no_schooling,osm_amenity_count,-0.03580478819253423
262,301,4,US,155,BlockApportionment:US.BlockGroups;PointsLayer:US.BlockPoints,2.191,2.576,1,186,169,9110,164,76.66,76,0.72,5,US,155,BlockApportionment:US.BlockGroups;PointsLayer:US.BlockPoints,2.191,2.576,1,75,79,28.59,0.59,8.33,12.29,35.05,23.55,10.42,33.98,api_test_workflow_v2_5pct_2026-04-25,33.98998016,-118.29168821,"5717 S VERMONT AVE, 90037",90.0,33.9899801558_-118.29168821_90.jpg,2.0,0.6092,tent,1.295,17.47,29.74,16.36,0,0,,,61,0,0,1,0,2,1,0,0,0,0,0,614,572,0,1,4,27,1864.5,253.64,0,0.0,1396.32,0,0.0,5575.62,5,0,0.0,1496.17,73.57,1,0.0,0,6.29,1,100.0,1,0.0,0,0.7,13.17,66.11,2.72,18.0,5,76.07,0,AD-33,30,33,3,0,33.98393084143388,-118.29688791478875,detection_avg,0.5887111051696905,pct_no_schooling,osm_amenity_count,-0.03580478819253423
263,1408,4,US,155,BlockApportionment:US.BlockGroups;PointsLayer:US.BlockPoints,2.191,2.576,1,186,169,9110,164,76.66,76,0.72,5,US,155,BlockApportionment:US.BlockGroups;PointsLayer:US.BlockPoints,2.191,2.576,1,75,79,28.59,0.59,8.33,12.29,35.05,23.55,10.42,33.98,api_test_workflow_v2_remaining_model6_2026-05-08,33.99037216,-118.30039925,"5701 S NORMANDIE AVE, 90037",180.0,33.9903721564_-118.300399249_180.jpg,1.0,0.8928,tent,1.295,17.47,29.74,16.36,0,0,,,61,0,0,1,0,2,1,0,0,0,0,0,614,572,0,1,4,27,1864.5,253.64,0,0.0,1396.32,0,0.0,5575.62,5,0,0.0,1496.17,73.57,1,0.0,0,6.29,1,100.0,1,0.0,0,0.7,13.17,66.11,2.72,18.0,5,76.07,0,AD-33,30,33,3,0,33.98393084143388,-118.29688791478875,detection_avg,0.5887111051696905,pct_no_schooling,osm_amenity_count,-0.03580478819253423
264,1502,4,US,155,BlockApportionment:US.BlockGroups;PointsLayer:US.BlockPoints,2.191,2.576,1,186,169,9110,164,76.66,76,0.72,5,US,155,BlockApportionment:US.BlockGroups;PointsLayer:US.BlockPoints,2.191,2.576,1,75,79,28.59,0.59,8.33,12.29,35.05,23.55,10.42,33.98,api_test_workflow_v8_remaining_location_deduped_30pct_after10_2026-05-22,33.98956317,-118.29198367,"1016 W 58TH ST, 90037",90.0,33.98956317_-118.291983672_90.jpg,1.0,0.6506,tent,1.295,17.47,29.74,16.36,0,0,,,61,0,0,1,0,2,1,0,0,0,0,0,614,572,0,1,4,27,1864.5,253.64,0,0.0,1396.32,0,0.0,5575.62,5,0,0.0,1496.17,73.57,1,0.0,0,6.29,1,100.0,1,0.0,0,0.7,13.17,66.11,2.72,18.0,5,76.07,0,AD-33,30,33,3,0,33.98393084143388,-118.29688791478875,detection_avg,0.5887111051696905,pct_no_schooling,osm_amenity_count,-0.03580478819253423
265,-1,11,US,463,BlockApportionment:US.BlockGroups;PointsLayer:US.BlockPoints,2.191,2.576,1,92,103,11894,164,21.52,100,2.45,6,US,412,BlockApportionment:US.BlockGroups;PointsLayer:US.BlockPoints,2.191,2.576,1,95,96,22.02,2.15,2.91,3.92,33.78,18.58,4.05,25.72,,,,,,,,,,1.295,17.47,29.74,16.36,0,0,,,84,0,1,1,0,0,1,1,0,0,0,1,207,234,0,0,0,29,1216.73,457.64,1,0.42,637.11,0,0.0,1368.36,22,0,0.0,653.01,0.0,0,0.0,0,0.0,0,100.0,1,0.0,0,0.35,11.76,68.39,1.84,18.0,5,77.77,1,AG-18,33,18,1,1,34.14852777764675,-118.26273465328428,reconstructed,0.6086548530287107,recreation_center_count,business_sites_count,0.01909259839419065
266,907,5,US,156,BlockApportionment:US.BlockGroups;PointsLayer:US.BlockPoints,2.191,2.576,1,172,165,10949,100,78.26,59,1.35,7,US,156,BlockApportionment:US.BlockGroups;PointsLayer:US.BlockPoints,2.191,2.576,1,64,66,22.23,0.96,9.09,7.75,32.46,26.49,6.46,37.66,api_test_workflow_v2_20pct_model6_2026-05-07,33.9854657,-118.28296192,"5967 S FIGUEROA ST, 90003",270.0,33.9854657016_-118.282961918_270.jpg,1.0,0.8404,tent,1.295,17.47,29.74,16.36,0,0,,,45,0,0,1,0,4,0,1,1,0,0,0,582,525,0,0,6,50,6007.55,389.79,35,5268.24,389.79,0,0.0,4838.88,1,2,1893.19,414.35,20.33,1,0.0,0,1.59,1,100.0,1,0.0,0,2.11,13.27,75.66,1.23,9.84,5,82.33,0,AE-33,31,33,4,0,33.98385383974258,-118.2855016963981,detection_avg,0.634176594051366,adult_recreation_count,nearest_freeway_m,-0.016392187237007146
267,303,12,US,360,BlockApportionment:US.BlockGroups;PointsLayer:US.BlockPoints,2.191,2.576,1,92,157,4092,179,14.39,137,1.49,8,US,413,BlockApportionment:US.BlockGroups;PointsLayer:US.BlockPoints,2.191,2.576,1,139,140,8.84,1.0,3.9,1.57,38.3,13.14,3.35,11.38,api_test_workflow_v2_5pct_2026-04-25,34.08517571,-118.33379302,"6360 W WARING AVE, 90038",90.0,34.0851757123_-118.333793017_90.jpg,1.0,0.6955,tent,1.295,17.47,29.74,16.36,0,0,,,29,0,0,1,0,0,2,0,0,0,0,0,685,722,0,0,0,0,0.0,1128.52,0,0.0,2381.24,3,1082.64,126.1,8,0,0.0,1128.04,31.31,1,0.0,0,29.98,1,100.0,1,0.0,0,5.09,39.51,39.95,1.93,18.61,5,56.44,0,AA-24,27,24,2,0,34.08305861127986,-118.3310498061612,detection_avg,0.6262424560905059,private_school_count,nearest_osm_major_road_m,0.06870822863231543
268,417,6,US,157,BlockApportionment:US.BlockGroups;PointsLayer:US.BlockPoints,2.191,2.576,1,189,179,9980,107,85.46,67,1.06,9,US,157,BlockApportionment:US.BlockGroups;PointsLayer:US.BlockPoints,2.191,2.576,1,75,76,24.27,1.07,10.52,10.06,30.62,18.94,9.95,30.51,api_test_workflow_v2_20pct_model6_2026-05-07,33.98304373,-118.26973833,"6207 S SAN PEDRO ST, 90003",0.0,33.9830437277_-118.26973833_0.jpg,1.0,0.893,tent,1.295,17.47,29.74,16.36,0,0,,,88,0,0,0,0,3,1,0,0,0,0,1,618,578,0,3,5,57,3215.89,264.48,27,2109.63,537.53,0,0.0,5327.57,8,2,650.64,602.32,8.4,1,0.0,0,8.4,1,100.0,1,0.0,0,0.26,8.33,76.4,1.14,14.12,5,83.4,0,AF-33,32,33,4,0,33.98377683805127,-118.27411547800746,detection_avg,0.6832743672160904,transit_stops_count,food_access_count,0.043790098061416635
269,869,6,US,157,BlockApportionment:US.BlockGroups;PointsLayer:US.BlockPoints,2.191,2.576,1,189,179,9980,107,85.46,67,1.06,9,US,157,BlockApportionment:US.BlockGroups;PointsLayer:US.BlockPoints,2.191,2.576,1,75,76,24.27,1.07,10.52,10.06,30.62,18.94,9.95,30.51,api_test_workflow_v2_10pct_model6_2026-05-06_live,33.98885501,-118.26946447,"5830 S SAN PEDRO ST, 90003",90.0,33.9888550066_-118.269464468_90.jpg,1.0,0.9427,tent,1.295,17.47,29.74,16.36,0,0,,,88,0,0,0,0,3,1,0,0,0,0,1,618,578,0,3,5,57,3215.89,264.48,27,2109.63,537.53,0,0.0,5327.57,8,2,650.64,602.32,8.4,1,0.0,0,8.4,1,100.0,1,0.0,0,0.26,8.33,76.4,1.14,14.12,5,83.4,3,AF-33,32,33,4,1,33.98377683805127,-118.27411547800746,detection_avg,0.6832743672160904,transit_stops_count,food_access_count,0.043790098061416635
270,979,6,US,157,BlockApportionment:US.BlockGroups;PointsLayer:US.BlockPoints,2.191,2.576,1,189,179,9980,107,85.46,67,1.06,9,US,157,BlockApportionment:US.BlockGroups;PointsLayer:US.BlockPoints,2.191,2.576,1,75,76,24.27,1.07,10.52,10.06,30.62,18.94,9.95,30.51,api_test_workflow_v2_20pct_model6_2026-05-07_batch2,33.98889627,-118.27273065,"5830 S WOODLAWN AVE, 90003",270.0,33.9888962687_-118.27273065_270.jpg,1.0,0.6916,tent,1.295,17.47,29.74,16.36,0,0,,,88,0,0,0,0,3,1,0,0,0,0,1,618,578,0,3,5,57,3215.89,264.48,27,2109.63,537.53,0,0.0,5327.57,8,2,650.64,602.32,8.4,1,0.0,0,8.4,1,100.0,1,0.0,0,0.26,8.33,76.4,1.14,14.12,5,83.4,1,AF-33,32,33,4,1,33.98377683805127,-118.27411547800746,detection_avg,0.6832743672160904,transit_stops_count,food_access_count,0.043790098061416635
271,1533,6,US,157,BlockApportionment:US.BlockGroups;PointsLayer:US.BlockPoints,2.191,2.576,1,189,179,9980,107,85.46,67,1.06,9,US,157,BlockApportionment:US.BlockGroups;PointsLayer:US.BlockPoints,2.191,2.576,1,75,76,24.27,1.07,10.52,10.06,30.62,18.94,9.95,30.51,api_test_workflow_v8_remaining_location_deduped_10pct_2026-05-22,33.9832081,-118.26970898,"6213 S SAN PEDRO ST, 90003",180.0,33.9832081012_-118.269708981_180.jpg,1.0,0.8435,tent,1.295,17.47,29.74,16.36,0,0,,,88,0,0,0,0,3,1,0,0,0,0,1,618,578,0,3,5,57,3215.89,264.48,27,2109.63,537.53,0,0.0,5327.57,8,2,650.64,602.32,8.4,1,0.0,0,8.4,1,100.0,1,0.0,0,0.26,8.33,76.4,1.14,14.12,5,83.4,0,AF-33,32,33,4,0,33.98377683805127,-118.27411547800746,detection_avg,0.6832743672160904,transit_stops_count,food_access_count,0.043790098061416635
272,1534,6,US,157,BlockApportionment:US.BlockGroups;PointsLayer:US.BlockPoints,2.191,2.576,1,189,179,9980,107,85.46,67,1.06,9,US,157,BlockApportionment:US.BlockGroups;PointsLayer:US.BlockPoints,2.191,2.576,1,75,76,24.27,1.07,10.52,10.06,30.62,18.94,9.95,30.51,api_test_workflow_v8_remaining_location_deduped_10pct_2026-05-22,33.9832081,-118.26970898,"6213 S SAN PEDRO ST, 90003",270.0,33.9832081012_-118.269708981_270.jpg,1.0,0.7411,tent,1.295,17.47,29.74,16.36,0,0,,,88,0,0,0,0,3,1,0,0,0,0,1,618,578,0,3,5,57,3215.89,264.48,27,2109.63,537.53,0,0.0,5327.57,8,2,650.64,602.32,8.4,1,0.0,0,8.4,1,100.0,1,0.0,0,0.26,8.33,76.4,1.14,14.12,5,83.4,7,AF-33,32,33,4,1,33.98377683805127,-118.27411547800746,detection_avg,0.6832743672160904,transit_stops_count,food_access_count,0.043790098061416635
273,1644,6,US,157,BlockApportionment:US.BlockGroups;PointsLayer:US.BlockPoints,2.191,2.576,1,189,179,9980,107,85.46,67,1.06,9,US,157,BlockApportionment:US.BlockGroups;PointsLayer:US.BlockPoints,2.191,2.576,1,75,76,24.27,1.07,10.52,10.06,30.62,18.94,9.95,30.51,api_test_workflow_v8_remaining_location_deduped_30pct_after10_2026-05-22,33.98799797,-118.27068568,"5863 S LOS ANGELES ST, 90003",180.0,33.9879979661_-118.270685681_180.jpg,1.0,0.8802,tent,1.295,17.47,29.74,16.36,0,0,,,88,0,0,0,0,3,1,0,0,0,0,1,618,578,0,3,5,57,3215.89,264.48,27,2109.63,537.53,0,0.0,5327.57,8,2,650.64,602.32,8.4,1,0.0,0,8.4,1,100.0,1,0.0,0,0.26,8.33,76.4,1.14,14.12,5,83.4,7,AF-33,32,33,4,1,33.98377683805127,-118.27411547800746,detection_avg,0.6832743672160904,transit_stops_count,food_access_count,0.043790098061416635
274,1878,6,US,157,BlockApportionment:US.BlockGroups;PointsLayer:US.BlockPoints,2.191,2.576,1,189,179,9980,107,85.46,67,1.06,9,US,157,BlockApportionment:US.BlockGroups;PointsLayer:US.BlockPoints,2.191,2.576,1,75,76,24.27,1.07,10.52,10.06,30.62,18.94,9.95,30.51,api_test_workflow_v8_remaining_location_deduped_final_after10_30_2026-05-23,33.98501853,-118.27479046,"120 W 60TH ST, 90003",180.0,33.9850185296_-118.274790459_180.jpg,1.0,0.7856,tent,1.295,17.47,29.74,16.36,0,0,,,88,0,0,0,0,3,1,0,0,0,0,1,618,578,0,3,5,57,3215.89,264.48,27,2109.63,537.53,0,0.0,5327.57,8,2,650.64,602.32,8.4,1,0.0,0,8.4,1,100.0,1,0.0,0,0.26,8.33,76.4,1.14,14.12,5,83.4,22,AF-33,32,33,4,1,33.98377683805127,-118.27411547800746,detection_avg,0.6832743672160904,transit_stops_count,food_access_count,0.043790098061416635
275,1903,6,US,157,BlockApportionment:US.BlockGroups;PointsLayer:US.BlockPoints,2.191,2.576,1,189,179,9980,107,85.46,67,1.06,9,US,157,BlockApportionment:US.BlockGroups;PointsLayer:US.BlockPoints,2.191,2.576,1,75,76,24.27,1.07,10.52,10.06,30.62,18.94,9.95,30.51,api_test_workflow_v8_remaining_location_deduped_final_after10_30_2026-05-23,33.98313309,-118.26972548,"6203 S SAN PEDRO ST, 90003",270.0,33.9831330897_-118.269725481_270.jpg,1.0,0.6306,tent,1.295,17.47,29.74,16.36,0,0,,,88,0,0,0,0,3,1,0,0,0,0,1,618,578,0,3,5,57,3215.89,264.48,27,2109.63,537.53,0,0.0,5327.57,8,2,650.64,602.32,8.4,1,0.0,0,8.4,1,100.0,1,0.0,0,0.26,8.33,76.4,1.14,14.12,5,83.4,8,AF-33,32,33,4,1,33.98377683805127,-118.27411547800746,detection_avg,0.6832743672160904,transit_stops_count,food_access_count,0.043790098061416635
276,-1,13,US,464,BlockApportionment:US.BlockGroups;PointsLayer:US.BlockPoints,2.191,2.576,1,78,107,10975,143,15.19,97,1.52,10,US,414,BlockApportionment:US.BlockGroups;PointsLayer:US.BlockPoints,2.191,2.576,1,89,90,20.1,1.34,4.01,1.99,36.44,20.33,3.59,22.61,,,,,,,,,,1.295,17.47,29.74,16.36,0,0,,,27,0,0,0,1,2,0,1,1,0,0,1,253,299,0,1,0,49,6571.47,395.36,16,4489.09,457.71,0,0.0,612.81,38,2,1745.76,456.86,0.0,0,0.0,0,0.0,0,100.0,1,0.0,0,2.63,13.66,74.87,0.96,10.51,5,81.62,24,AH-18,34,18,2,1,34.148450775955446,-118.2513484348936,reconstructed,0.6146741650275067,burglary_crime_est,food_access_count,0.06925981306729365
277,218,7,US,158,BlockApportionment:US.BlockGroups;PointsLayer:US.BlockPoints,2.191,2.576,1,183,190,3620,250,87.1,75,0.25,11,US,158,BlockApportionment:US.BlockGroups;PointsLayer:US.BlockPoints,2.191,2.576,1,72,75,28.64,0.76,9.72,7.39,29.17,26.65,11.9,34.73,api_test_workflow_v2_30pct_model6_2026-05-08,33.97617786,-118.26521032,"70TH ST AT AVALON BLVD, 90003",270.0,33.9761778648_-118.265210325_270.jpg,1.0,0.8395,tent,1.295,17.47,29.74,16.36,0,0,,,52,0,0,0,0,0,0,0,0,0,0,0,565,500,0,0,3,16,784.97,460.81,0,0.0,1641.85,0,0.0,4729.8,1,0,0.0,1677.04,0.31,1,0.0,0,0.32,1,100.0,1,0.0,0,0.18,3.96,91.46,0.18,4.4,5,93.97,19,AG-33,33,33,0,1,33.98369983635997,-118.2627292596168,detection_avg,0.7021792536776896,water_proxy_pct,bare_ground_proxy_pct,0.036404856386867225
278,247,7,US,158,BlockApportionment:US.BlockGroups;PointsLayer:US.BlockPoints,2.191,2.576,1,183,190,3620,250,87.1,75,0.25,11,US,158,BlockApportionment:US.BlockGroups;PointsLayer:US.BlockPoints,2.191,2.576,1,72,75,28.64,0.76,9.72,7.39,29.17,26.65,11.9,34.73,api_test_workflow_v2_30pct_model6_2026-05-08,33.98040359,-118.26540925,"6501 S AVALON BLVD, 90003",270.0,33.9804035904_-118.265409253_270.jpg,1.0,0.8788,tent,1.295,17.47,29.74,16.36,0,0,,,52,0,0,0,0,0,0,0,0,0,0,0,565,500,0,0,3,16,784.97,460.81,0,0.0,1641.85,0,0.0,4729.8,1,0,0.0,1677.04,0.31,1,0.0,0,0.32,1,100.0,1,0.0,0,0.18,3.96,91.46,0.18,4.4,5,93.97,1,AG-33,33,33,0,1,33.98369983635997,-118.2627292596168,detection_avg,0.7021792536776896,water_proxy_pct,bare_ground_proxy_pct,0.036404856386867225
279,846,7,US,158,BlockApportionment:US.BlockGroups;PointsLayer:US.BlockPoints,2.191,2.576,1,183,190,3620,250,87.1,75,0.25,11,US,158,BlockApportionment:US.BlockGroups;PointsLayer:US.BlockPoints,2.191,2.576,1,72,75,28.64,0.76,9.72,7.39,29.17,26.65,11.9,34.73,api_test_workflow_v2_10pct_model6_2026-05-06_live,33.98014522,-118.26542379,"6515 S AVALON BLVD, 90003",0.0,33.980145216_-118.265423786_0.jpg,1.0,0.8789,tent,1.295,17.47,29.74,16.36,0,0,,,52,0,0,0,0,0,0,0,0,0,0,0,565,500,0,0,3,16,784.97,460.81,0,0.0,1641.85,0,0.0,4729.8,1,0,0.0,1677.04,0.31,1,0.0,0,0.32,1,100.0,1,0.0,0,0.18,3.96,91.46,0.18,4.4,5,93.97,3,AG-33,33,33,0,1,33.98369983635997,-118.2627292596168,detection_avg,0.7021792536776896,water_proxy_pct,bare_ground_proxy_pct,0.036404856386867225
280,857,7,US,158,BlockApportionment:US.BlockGroups;PointsLayer:US.BlockPoints,2.191,2.576,1,183,190,3620,250,87.1,75,0.25,11,US,158,BlockApportionment:US.BlockGroups;PointsLayer:US.BlockPoints,2.191,2.576,1,72,75,28.64,0.76,9.72,7.39,29.17,26.65,11.9,34.73,api_test_workflow_v2_10pct_model6_2026-05-06_live,33.97632267,-118.26538765,"6921 S AVALON BLVD, 90003",270.0,33.976322667_-118.265387649_270.jpg,1.0,0.6986,tent,1.295,17.47,29.74,16.36,0,0,,,52,0,0,0,0,0,0,0,0,0,0,0,565,500,0,0,3,16,784.97,460.81,0,0.0,1641.85,0,0.0,4729.8,1,0,0.0,1677.04,0.31,1,0.0,0,0.32,1,100.0,1,0.0,0,0.18,3.96,91.46,0.18,4.4,5,93.97,3,AG-33,33,33,0,1,33.98369983635997,-118.2627292596168,detection_avg,0.7021792536776896,water_proxy_pct,bare_ground_proxy_pct,0.036404856386867225
281,925,7,US,158,BlockApportionment:US.BlockGroups;PointsLayer:US.BlockPoints,2.191,2.576,1,183,190,3620,250,87.1,75,0.25,11,US,158,BlockApportionment:US.BlockGroups;PointsLayer:US.BlockPoints,2.191,2.576,1,72,75,28.64,0.76,9.72,7.39,29.17,26.65,11.9,34.73,api_test_workflow_v2_20pct_model6_2026-05-07_batch2,33.97598994,-118.26544272,"7007 S AVALON BLVD, 90003",270.0,33.9759899372_-118.265442722_270.jpg,1.0,0.6986,tent,1.295,17.47,29.74,16.36,0,0,,,52,0,0,0,0,0,0,0,0,0,0,0,565,500,0,0,3,16,784.97,460.81,0,0.0,1641.85,0,0.0,4729.8,1,0,0.0,1677.04,0.31,1,0.0,0,0.32,1,100.0,1,0.0,0,0.18,3.96,91.46,0.18,4.4,5,93.97,0,AG-33,33,33,0,0,33.98369983635997,-118.2627292596168,detection_avg,0.7021792536776896,water_proxy_pct,bare_ground_proxy_pct,0.036404856386867225
282,1016,7,US,158,BlockApportionment:US.BlockGroups;PointsLayer:US.BlockPoints,2.191,2.576,1,183,190,3620,250,87.1,75,0.25,11,US,158,BlockApportionment:US.BlockGroups;PointsLayer:US.BlockPoints,2.191,2.576,1,72,75,28.64,0.76,9.72,7.39,29.17,26.65,11.9,34.73,api_test_workflow_v8_remaining_location_deduped_10pct_2026-05-22,33.97607274,-118.26509477,"7012 S AVALON BLVD, 90003",0.0,33.9760727357_-118.265094768_0.jpg,2.0,0.791,tent,1.295,17.47,29.74,16.36,0,0,,,52,0,0,0,0,0,0,0,0,0,0,0,565,500,0,0,3,16,784.97,460.81,0,0.0,1641.85,0,0.0,4729.8,1,0,0.0,1677.04,0.31,1,0.0,0,0.32,1,100.0,1,0.0,0,0.18,3.96,91.46,0.18,4.4,5,93.97,1,AG-33,33,33,0,1,33.98369983635997,-118.2627292596168,detection_avg,0.7021792536776896,water_proxy_pct,bare_ground_proxy_pct,0.036404856386867225
283,1823,7,US,158,BlockApportionment:US.BlockGroups;PointsLayer:US.BlockPoints,2.191,2.576,1,183,190,3620,250,87.1,75,0.25,11,US,158,BlockApportionment:US.BlockGroups;PointsLayer:US.BlockPoints,2.191,2.576,1,72,75,28.64,0.76,9.72,7.39,29.17,26.65,11.9,34.73,api_test_workflow_v8_remaining_location_deduped_final_after10_30_2026-05-23,33.98415141,-118.26585751,"514 E 61ST ST, 90003",270.0,33.9841514067_-118.265857509_270.jpg,1.0,0.7071,tent,1.295,17.47,29.74,16.36,0,0,,,52,0,0,0,0,0,0,0,0,0,0,0,565,500,0,0,3,16,784.97,460.81,0,0.0,1641.85,0,0.0,4729.8,1,0,0.0,1677.04,0.31,1,0.0,0,0.32,1,100.0,1,0.0,0,0.18,3.96,91.46,0.18,4.4,5,93.97,1,AG-33,33,33,0,1,33.98369983635997,-118.2627292596168,detection_avg,0.7021792536776896,water_proxy_pct,bare_ground_proxy_pct,0.036404856386867225
284,-1,14,US,361,BlockApportionment:US.BlockGroups;PointsLayer:US.BlockPoints,2.191,2.576,1,127,171,6039,129,55.64,68,1.66,12,US,415,BlockApportionment:US.BlockGroups;PointsLayer:US.BlockPoints,2.191,2.576,1,85,83,15.37,1.35,8.97,5.36,35.0,16.0,6.86,19.44,,,,,,,,,,1.295,17.47,29.74,16.36,0,0,,,39,0,0,0,0,1,0,0,0,0,0,0,954,964,0,1,2,16,812.88,518.87,0,0.0,1166.94,0,0.0,1282.49,12,2,1624.35,519.45,25.6,1,0.0,0,21.42,1,100.0,1,0.0,0,2.81,23.77,61.4,1.05,13.77,5,72.14,6,AB-24,28,24,1,1,34.08298160958855,-118.31966358777052,reconstructed,0.615713783536218,total_population,osm_amenity_count,-0.026638643510163706
285,265,8,US,159,BlockApportionment:US.BlockGroups;PointsLayer:US.BlockPoints,2.191,2.576,1,209,194,8415,157,92.28,71,0.68,13,US,159,BlockApportionment:US.BlockGroups;PointsLayer:US.BlockPoints,2.191,2.576,1,66,67,17.72,0.55,9.9,11.73,33.75,25.65,7.13,38.86,api_test_workflow_v2_30pct_model6_2026-05-08,33.98612718,-118.25648004,"59TH PL AT CENTRAL AVE, 90001",180.0,33.9861271779_-118.256480043_180.jpg,1.0,0.6728,tent,1.295,17.47,29.74,16.36,0,0,,,78,0,0,0,0,6,0,0,0,0,0,1,295,260,0,2,6,33,1780.74,281.64,0,0.0,2632.29,0,0.0,3906.22,9,0,0.0,2720.37,0.89,1,0.0,0,0.89,1,100.0,1,0.0,0,0.61,14.12,68.25,1.4,16.23,5,77.59,5,AH-33,34,33,6,1,33.983622834668665,-118.25134304122616,detection_avg,0.6299692457839713,pct_veterans,public_school_count,-0.052807095660965545
286,1278,8,US,159,BlockApportionment:US.BlockGroups;PointsLayer:US.BlockPoints,2.191,2.576,1,209,194,8415,157,92.28,71,0.68,13,US,159,BlockApportionment:US.BlockGroups;PointsLayer:US.BlockPoints,2.191,2.576,1,66,67,17.72,0.55,9.9,11.73,33.75,25.65,7.13,38.86,api_test_workflow_v8_remaining_location_deduped_30pct_after10_2026-05-22,33.99122271,-118.25383895,"1213 E 57TH ST, 90011",180.0,33.9912227146_-118.253838951_180.jpg,1.0,0.8754,tent,1.295,17.47,29.74,16.36,0,0,,,78,0,0,0,0,6,0,0,0,0,0,1,295,260,0,2,6,33,1780.74,281.64,0,0.0,2632.29,0,0.0,3906.22,9,0,0.0,2720.37,0.89,1,0.0,0,0.89,1,100.0,1,0.0,0,0.61,14.12,68.25,1.4,16.23,5,77.59,0,AH-33,34,33,6,0,33.983622834668665,-118.25134304122616,detection_avg,0.6299692457839713,pct_veterans,public_school_count,-0.052807095660965545
287,-1,15,US,465,BlockApportionment:US.BlockGroups;PointsLayer:US.BlockPoints,2.191,2.576,1,79,80,12808,176,18.58,86,2.01,14,US,416,BlockApportionment:US.BlockGroups;PointsLayer:US.BlockPoints,2.191,2.576,1,72,72,24.0,1.99,3.63,3.93,39.51,18.69,7.33,29.34,,,,,,,,,,1.295,17.47,29.74,16.36,0,0,,,32,0,1,0,0,2,3,0,0,0,0,0,250,265,0,0,0,39,2094.82,442.82,16,1185.41,614.55,0,0.0,1406.27,24,2,457.31,625.49,0.0,0,0.0,0,0.0,0,100.0,1,0.0,0,1.23,15.26,69.21,1.93,13.6,5,78.08,0,AI-18,35,18,5,0,34.148373774264144,-118.23996221650296,reconstructed,0.6063836347128138,total_population,osm_amenity_count,-0.04411172575874684
288,-1,9,US,160,BlockApportionment:US.BlockGroups;PointsLayer:US.BlockPoints,2.191,2.576,1,228,212,6919,212,95.74,73,1.0,15,US,160,BlockApportionment:US.BlockGroups;PointsLayer:US.BlockPoints,2.191,2.576,1,69,72,20.62,0.77,10.6,7.54,33.33,21.82,6.46,37.11,,,,,,,,,,1.295,17.47,29.74,16.36,0,0,,,30,0,0,0,0,6,0,0,0,0,0,0,121,99,0,0,6,12,1216.42,257.86,0,0.0,3755.67,0,0.0,3669.2,2,0,0.0,3789.26,0.0,0,0.0,0,0.0,0,100.0,1,0.0,0,1.58,10.81,79.7,0.7,8.79,5,85.32,0,AI-33,35,33,6,0,33.98354583297736,-118.2399568228355,reconstructed,0.5989099752329905,burglary_crime_est,food_access_count,0.01958177839446154
289,148,16,US,362,BlockApportionment:US.BlockGroups;PointsLayer:US.BlockPoints,2.191,2.576,1,111,101,13717,152,53.52,81,0.96,16,US,417,BlockApportionment:US.BlockGroups;PointsLayer:US.BlockPoints,2.191,2.576,1,83,85,15.34,0.88,8.86,5.02,33.95,19.38,3.56,16.81,api_test_workflow_v2_remaining_model6_2026-05-08,34.07676222,-118.30707145,"315 N SERRANO AVE, 90004",180.0,34.0767622216_-118.307071453_180.jpg,1.0,0.6748,tent,1.295,17.47,29.74,16.36,0,0,,,54,0,1,0,1,1,1,0,0,0,0,0,1653,1640,0,0,2,24,1223.0,89.88,0,0.0,778.3,0,0.0,1899.52,15,0,0.0,808.3,1.44,1,0.0,0,1.44,1,100.0,1,0.0,0,2.02,14.47,72.46,0.79,12.28,5,80.12,0,AC-24,29,24,2,0,34.08290460789725,-118.3082773693799,detection_avg,0.6444320910125169,private_school_count,nearest_osm_major_road_m,0.019969117640515923
290,970,16,US,362,BlockApportionment:US.BlockGroups;PointsLayer:US.BlockPoints,2.191,2.576,1,111,101,13717,152,53.52,81,0.96,16,US,417,BlockApportionment:US.BlockGroups;PointsLayer:US.BlockPoints,2.191,2.576,1,83,85,15.34,0.88,8.86,5.02,33.95,19.38,3.56,16.81,api_test_workflow_v2_20pct_model6_2026-05-07_batch2,34.08042735,-118.30980643,"4911 W MAPLEWOOD AVE, 90004",270.0,34.0804273469_-118.309806429_270.jpg,2.0,0.8548,tent,1.295,17.47,29.74,16.36,0,0,,,54,0,1,0,1,1,1,0,0,0,0,0,1653,1640,0,0,2,24,1223.0,89.88,0,0.0,778.3,0,0.0,1899.52,15,0,0.0,808.3,1.44,1,0.0,0,1.44,1,100.0,1,0.0,0,2.02,14.47,72.46,0.79,12.28,5,80.12,0,AC-24,29,24,2,0,34.08290460789725,-118.3082773693799,detection_avg,0.6444320910125169,private_school_count,nearest_osm_major_road_m,0.019969117640515923
291,1257,16,US,362,BlockApportionment:US.BlockGroups;PointsLayer:US.BlockPoints,2.191,2.576,1,111,101,13717,152,53.52,81,0.96,16,US,417,BlockApportionment:US.BlockGroups;PointsLayer:US.BlockPoints,2.191,2.576,1,83,85,15.34,0.88,8.86,5.02,33.95,19.38,3.56,16.81,api_test_workflow_v8_remaining_location_deduped_30pct_after10_2026-05-22,34.07683652,-118.30679844,"316 N SERRANO AVE, 90004",90.0,34.0768365214_-118.306798445_90.jpg,1.0,0.6893,tent,1.295,17.47,29.74,16.36,0,0,,,54,0,1,0,1,1,1,0,0,0,0,0,1653,1640,0,0,2,24,1223.0,89.88,0,0.0,778.3,0,0.0,1899.52,15,0,0.0,808.3,1.44,1,0.0,0,1.44,1,100.0,1,0.0,0,2.02,14.47,72.46,0.79,12.28,5,80.12,2,AC-24,29,24,2,1,34.08290460789725,-118.3082773693799,detection_avg,0.6444320910125169,private_school_count,nearest_osm_major_road_m,0.019969117640515923
292,1465,16,US,362,BlockApportionment:US.BlockGroups;PointsLayer:US.BlockPoints,2.191,2.576,1,111,101,13717,152,53.52,81,0.96,16,US,417,BlockApportionment:US.BlockGroups;PointsLayer:US.BlockPoints,2.191,2.576,1,83,85,15.34,0.88,8.86,5.02,33.95,19.38,3.56,16.81,api_test_workflow_v2_remaining_model6_2026-05-08,34.07672523,-118.30679797,"312 N SERRANO AVE, 90004",180.0,34.076725235_-118.306797975_180.jpg,1.0,0.6748,tent,1.295,17.47,29.74,16.36,0,0,,,54,0,1,0,1,1,1,0,0,0,0,0,1653,1640,0,0,2,24,1223.0,89.88,0,0.0,778.3,0,0.0,1899.52,15,0,0.0,808.3,1.44,1,0.0,0,1.44,1,100.0,1,0.0,0,2.02,14.47,72.46,0.79,12.28,5,80.12,1,AC-24,29,24,2,1,34.08290460789725,-118.3082773693799,detection_avg,0.6444320910125169,private_school_count,nearest_osm_major_road_m,0.019969117640515923
293,1668,16,US,362,BlockApportionment:US.BlockGroups;PointsLayer:US.BlockPoints,2.191,2.576,1,111,101,13717,152,53.52,81,0.96,16,US,417,BlockApportionment:US.BlockGroups;PointsLayer:US.BlockPoints,2.191,2.576,1,83,85,15.34,0.88,8.86,5.02,33.95,19.38,3.56,16.81,api_test_workflow_v8_remaining_location_deduped_30pct_after10_2026-05-22,34.07767389,-118.30789185,"400 N OXFORD AVE, 90004",270.0,34.0776738926_-118.307891846_270.jpg,1.0,0.7481,tent,1.295,17.47,29.74,16.36,0,0,,,54,0,1,0,1,1,1,0,0,0,0,0,1653,1640,0,0,2,24,1223.0,89.88,0,0.0,778.3,0,0.0,1899.52,15,0,0.0,808.3,1.44,1,0.0,0,1.44,1,100.0,1,0.0,0,2.02,14.47,72.46,0.79,12.28,5,80.12,1,AC-24,29,24,2,1,34.08290460789725,-118.3082773693799,detection_avg,0.6444320910125169,private_school_count,nearest_osm_major_road_m,0.019969117640515923
294,-1,10,US,161,BlockApportionment:US.BlockGroups;PointsLayer:US.BlockPoints,2.191,2.576,1,147,189,7709,131,95.24,66,0.89,17,US,161,BlockApportionment:US.BlockGroups;PointsLayer:US.BlockPoints,2.191,2.576,1,64,65,18.67,0.81,10.96,11.16,32.13,20.6,6.88,32.03,,,,,,,,,,1.295,17.47,29.74,16.36,0,0,,,93,1,1,0,1,6,1,0,0,0,0,0,59,51,0,0,4,66,2322.61,261.37,0,0.0,4080.37,0,0.0,2602.62,19,0,0.0,4289.41,0.0,0,0.0,0,0.0,0,100.0,1,0.0,0,0.44,6.41,83.85,0.35,9.39,5,88.56,0,AJ-33,36,33,7,0,33.98346883128606,-118.22857060444484,reconstructed,0.61690846710081,pct_no_schooling,osm_amenity_count,0.038258130555237434
295,175,11,US,162,BlockApportionment:US.BlockGroups;PointsLayer:US.BlockPoints,2.191,2.576,1,152,191,6696,136,14.23,134,1.09,18,US,162,BlockApportionment:US.BlockGroups;PointsLayer:US.BlockPoints,2.191,2.576,1,131,129,6.17,1.09,3.77,0.42,27.16,12.87,3.31,12.62,api_test_workflow_v2_remaining_model6_2026-05-08,33.99651116,-118.4770134,"ROSE AVE AT HAMPTON DR, 90291",90.0,33.9965111574_-118.477013401_90.jpg,2.0,0.7733,tent,1.295,17.47,29.74,16.36,0,0,,,9,0,0,1,0,0,0,0,0,0,0,2,540,540,0,2,0,0,0.0,986.84,0,0.0,986.84,0,0.0,1263.35,25,0,0.0,1036.15,0.0,0,0.0,0,15.03,1,89.28,1,0.0,0,3.26,18.51,58.39,1.53,21.57,5,69.9,7,N-32,14,32,0,1,33.99615139791385,-118.479067768617,detection_avg,0.7054513101673395,nearest_osm_major_road_m,osm_amenity_count,-0.0239457648381079
296,308,11,US,162,BlockApportionment:US.BlockGroups;PointsLayer:US.BlockPoints,2.191,2.576,1,152,191,6696,136,14.23,134,1.09,18,US,162,BlockApportionment:US.BlockGroups;PointsLayer:US.BlockPoints,2.191,2.576,1,131,129,6.17,1.09,3.77,0.42,27.16,12.87,3.31,12.62,api_test_workflow_v2_5pct_2026-04-25,33.99619975,-118.47514265,"334 S 3RD AVE, 90291",0.0,33.9961997491_-118.475142648_0.jpg,1.0,0.7588,tent,1.295,17.47,29.74,16.36,0,0,,,9,0,0,1,0,0,0,0,0,0,0,2,540,540,0,2,0,0,0.0,986.84,0,0.0,986.84,0,0.0,1263.35,25,0,0.0,1036.15,0.0,0,0.0,0,15.03,1,89.28,1,0.0,0,3.26,18.51,58.39,1.53,21.57,5,69.9,8,N-32,14,32,0,1,33.99615139791385,-118.479067768617,detection_avg,0.7054513101673395,nearest_osm_major_road_m,osm_amenity_count,-0.0239457648381079
297,309,11,US,162,BlockApportionment:US.BlockGroups;PointsLayer:US.BlockPoints,2.191,2.576,1,152,191,6696,136,14.23,134,1.09,18,US,162,BlockApportionment:US.BlockGroups;PointsLayer:US.BlockPoints,2.191,2.576,1,131,129,6.17,1.09,3.77,0.42,27.16,12.87,3.31,12.62,api_test_workflow_v2_5pct_2026-04-25,33.99619975,-118.47514265,"334 S 3RD AVE, 90291",90.0,33.9961997491_-118.475142648_90.jpg,1.0,0.7746,tent,1.295,17.47,29.74,16.36,0,0,,,9,0,0,1,0,0,0,0,0,0,0,2,540,540,0,2,0,0,0.0,986.84,0,0.0,986.84,0,0.0,1263.35,25,0,0.0,1036.15,0.0,0,0.0,0,15.03,1,89.28,1,0.0,0,3.26,18.51,58.39,1.53,21.57,5,69.9,18,N-32,14,32,0,1,33.99615139791385,-118.479067768617,detection_avg,0.7054513101673395,nearest_osm_major_road_m,osm_amenity_count,-0.0239457648381079
298,419,11,US,162,BlockApportionment:US.BlockGroups;PointsLayer:US.BlockPoints,2.191,2.576,1,152,191,6696,136,14.23,134,1.09,18,US,162,BlockApportionment:US.BlockGroups;PointsLayer:US.BlockPoints,2.191,2.576,1,131,129,6.17,1.09,3.77,0.42,27.16,12.87,3.31,12.62,api_test_workflow_v2_20pct_model6_2026-05-07,33.99611441,-118.47543821,"335 S 3RD AVE, 90291",0.0,33.9961144132_-118.47543821_0.jpg,1.0,0.7077,tent,1.295,17.47,29.74,16.36,0,0,,,9,0,0,1,0,0,0,0,0,0,0,2,540,540,0,2,0,0,0.0,986.84,0,0.0,986.84,0,0.0,1263.35,25,0,0.0,1036.15,0.0,0,0.0,0,15.03,1,89.28,1,0.0,0,3.26,18.51,58.39,1.53,21.57,5,69.9,7,N-32,14,32,0,1,33.99615139791385,-118.479067768617,detection_avg,0.7054513101673395,nearest_osm_major_road_m,osm_amenity_count,-0.0239457648381079
299,984,11,US,162,BlockApportionment:US.BlockGroups;PointsLayer:US.BlockPoints,2.191,2.576,1,152,191,6696,136,14.23,134,1.09,18,US,162,BlockApportionment:US.BlockGroups;PointsLayer:US.BlockPoints,2.191,2.576,1,131,129,6.17,1.09,3.77,0.42,27.16,12.87,3.31,12.62,api_test_workflow_v2_20pct_model6_2026-05-07_batch2,33.99458729,-118.47586781,"202 E SUNSET AVE, 90291",90.0,33.9945872948_-118.475867807_90.jpg,2.0,0.8447,tent,1.295,17.47,29.74,16.36,0,0,,,9,0,0,1,0,0,0,0,0,0,0,2,540,540,0,2,0,0,0.0,986.84,0,0.0,986.84,0,0.0,1263.35,25,0,0.0,1036.15,0.0,0,0.0,0,15.03,1,89.28,1,0.0,0,3.26,18.51,58.39,1.53,21.57,5,69.9,38,N-32,14,32,0,1,33.99615139791385,-118.479067768617,detection_avg,0.7054513101673395,nearest_osm_major_road_m,osm_amenity_count,-0.0239457648381079
300,985,11,US,162,BlockApportionment:US.BlockGroups;PointsLayer:US.BlockPoints,2.191,2.576,1,152,191,6696,136,14.23,134,1.09,18,US,162,BlockApportionment:US.BlockGroups;PointsLayer:US.BlockPoints,2.191,2.576,1,131,129,6.17,1.09,3.77,0.42,27.16,12.87,3.31,12.62,api_test_workflow_v2_20pct_model6_2026-05-07_batch2,33.99458729,-118.47586781,"202 E SUNSET AVE, 90291",180.0,33.9945872948_-118.475867807_180.jpg,3.0,0.8529,tent,1.295,17.47,29.74,16.36,0,0,,,9,0,0,1,0,0,0,0,0,0,0,2,540,540,0,2,0,0,0.0,986.84,0,0.0,986.84,0,0.0,1263.35,25,0,0.0,1036.15,0.0,0,0.0,0,15.03,1,89.28,1,0.0,0,3.26,18.51,58.39,1.53,21.57,5,69.9,11,N-32,14,32,0,1,33.99615139791385,-118.479067768617,detection_avg,0.7054513101673395,nearest_osm_major_road_m,osm_amenity_count,-0.0239457648381079
301,1263,11,US,162,BlockApportionment:US.BlockGroups;PointsLayer:US.BlockPoints,2.191,2.576,1,152,191,6696,136,14.23,134,1.09,18,US,162,BlockApportionment:US.BlockGroups;PointsLayer:US.BlockPoints,2.191,2.576,1,131,129,6.17,1.09,3.77,0.42,27.16,12.87,3.31,12.62,api_test_workflow_v8_remaining_location_deduped_30pct_after10_2026-05-22,33.99900852,-118.47341825,"251 S DIMMICK AVE, 90291",180.0,33.9990085199_-118.473418246_180.jpg,3.0,0.6233,tent,1.295,17.47,29.74,16.36,0,0,,,9,0,0,1,0,0,0,0,0,0,0,2,540,540,0,2,0,0,0.0,986.84,0,0.0,986.84,0,0.0,1263.35,25,0,0.0,1036.15,0.0,0,0.0,0,15.03,1,89.28,1,0.0,0,3.26,18.51,58.39,1.53,21.57,5,69.9,0,N-32,14,32,0,0,33.99615139791385,-118.479067768617,detection_avg,0.7054513101673395,nearest_osm_major_road_m,osm_amenity_count,-0.0239457648381079
302,1288,11,US,162,BlockApportionment:US.BlockGroups;PointsLayer:US.BlockPoints,2.191,2.576,1,152,191,6696,136,14.23,134,1.09,18,US,162,BlockApportionment:US.BlockGroups;PointsLayer:US.BlockPoints,2.191,2.576,1,131,129,6.17,1.09,3.77,0.42,27.16,12.87,3.31,12.62,api_test_workflow_v8_remaining_location_deduped_30pct_after10_2026-05-22,33.99442879,-118.47633289,"MAIN ST AT SUNSET AVE, 90291",90.0,33.994428792_-118.476332889_90.jpg,1.0,0.8288,tent,1.295,17.47,29.74,16.36,0,0,,,9,0,0,1,0,0,0,0,0,0,0,2,540,540,0,2,0,0,0.0,986.84,0,0.0,986.84,0,0.0,1263.35,25,0,0.0,1036.15,0.0,0,0.0,0,15.03,1,89.28,1,0.0,0,3.26,18.51,58.39,1.53,21.57,5,69.9,31,N-32,14,32,0,1,33.99615139791385,-118.479067768617,detection_avg,0.7054513101673395,nearest_osm_major_road_m,osm_amenity_count,-0.0239457648381079
303,-1,17,US,466,BlockApportionment:US.BlockGroups;PointsLayer:US.BlockPoints,2.191,2.576,1,89,84,2634,129,21.83,114,3.58,19,US,418,BlockApportionment:US.BlockGroups;PointsLayer:US.BlockPoints,2.191,2.576,1,114,117,9.96,4.86,4.17,1.88,24.04,10.19,8.43,21.8,,,,,,,,,,1.295,17.47,29.74,16.36,0,0,,,0,1,0,0,0,1,1,0,0,0,0,0,70,69,0,2,0,109,14961.19,201.27,109,14961.19,201.27,0,0.0,1359.98,5,4,4338.59,261.19,0.0,0,0.0,0,0.0,0,100.0,1,0.0,0,6.57,30.41,44.61,3.16,21.82,5,59.26,1,AJ-18,36,18,2,1,34.14829677257284,-118.22857599811232,reconstructed,0.566746056259992,burglary_crime_est,food_access_count,0.054622487542831374
304,285,12,US,163,BlockApportionment:US.BlockGroups;PointsLayer:US.BlockPoints,2.191,2.576,1,136,197,6527,129,21.94,151,2.88,20,US,163,BlockApportionment:US.BlockGroups;PointsLayer:US.BlockPoints,2.191,2.576,1,143,143,7.24,3.1,2.26,0.94,21.54,11.66,1.95,10.56,api_test_workflow_v2_30pct_model6_2026-05-08,33.99217268,-118.47571696,"808 S PACIFIC AVE, 90291",90.0,33.9921726812_-118.47571696_90.jpg,1.0,0.8506,tent,1.295,17.47,29.74,16.36,0,0,,,18,0,0,1,0,0,0,1,0,0,0,0,1331,1388,0,2,3,0,0.0,903.0,0,0.0,903.0,4,932.53,225.36,22,0,0.0,895.84,0.0,0,0.0,0,39.35,1,100.0,1,0.0,0,2.16,25.26,50.6,1.9,22.24,5,64.77,3,O-32,15,32,0,1,33.99607439622255,-118.46768155022636,detection_avg,0.6636539362473405,recreation_center_count,business_sites_count,-0.02652761977375583
305,1073,12,US,163,BlockApportionment:US.BlockGroups;PointsLayer:US.BlockPoints,2.191,2.576,1,136,197,6527,129,21.94,151,2.88,20,US,163,BlockApportionment:US.BlockGroups;PointsLayer:US.BlockPoints,2.191,2.576,1,143,143,7.24,3.1,2.26,0.94,21.54,11.66,1.95,10.56,api_test_workflow_v8_remaining_location_deduped_30pct_after10_2026-05-22,33.98699041,-118.46705909,"501 E VENICE BLVD, 90291",0.0,33.9869904088_-118.467059088_0.jpg,1.0,0.727,tent,1.295,17.47,29.74,16.36,0,0,,,18,0,0,1,0,0,0,1,0,0,0,0,1331,1388,0,2,3,0,0.0,903.0,0,0.0,903.0,4,932.53,225.36,22,0,0.0,895.84,0.0,0,0.0,0,39.35,1,100.0,1,0.0,0,2.16,25.26,50.6,1.9,22.24,5,64.77,2,O-32,15,32,0,1,33.99607439622255,-118.46768155022636,detection_avg,0.6636539362473405,recreation_center_count,business_sites_count,-0.02652761977375583
306,1301,12,US,163,BlockApportionment:US.BlockGroups;PointsLayer:US.BlockPoints,2.191,2.576,1,136,197,6527,129,21.94,151,2.88,20,US,163,BlockApportionment:US.BlockGroups;PointsLayer:US.BlockPoints,2.191,2.576,1,143,143,7.24,3.1,2.26,0.94,21.54,11.66,1.95,10.56,api_test_workflow_v8_remaining_location_deduped_30pct_after10_2026-05-22,33.98969568,-118.46628108,"532 E ALTAIR PL, 90291",0.0,33.9896956773_-118.466281076_0.jpg,1.0,0.6769,tent,1.295,17.47,29.74,16.36,0,0,,,18,0,0,1,0,0,0,1,0,0,0,0,1331,1388,0,2,3,0,0.0,903.0,0,0.0,903.0,4,932.53,225.36,22,0,0.0,895.84,0.0,0,0.0,0,39.35,1,100.0,1,0.0,0,2.16,25.26,50.6,1.9,22.24,5,64.77,2,O-32,15,32,0,1,33.99607439622255,-118.46768155022636,detection_avg,0.6636539362473405,recreation_center_count,business_sites_count,-0.02652761977375583
307,1413,12,US,163,BlockApportionment:US.BlockGroups;PointsLayer:US.BlockPoints,2.191,2.576,1,136,197,6527,129,21.94,151,2.88,20,US,163,BlockApportionment:US.BlockGroups;PointsLayer:US.BlockPoints,2.191,2.576,1,143,143,7.24,3.1,2.26,0.94,21.54,11.66,1.95,10.56,api_test_workflow_v2_remaining_model6_2026-05-08,33.99405045,-118.46566581,"657 E SAN JUAN AVE, 90291",90.0,33.9940504512_-118.465665811_90.jpg,1.0,0.6454,tent,1.295,17.47,29.74,16.36,0,0,,,18,0,0,1,0,0,0,1,0,0,0,0,1331,1388,0,2,3,0,0.0,903.0,0,0.0,903.0,4,932.53,225.36,22,0,0.0,895.84,0.0,0,0.0,0,39.35,1,100.0,1,0.0,0,2.16,25.26,50.6,1.9,22.24,5,64.77,0,O-32,15,32,0,0,33.99607439622255,-118.46768155022636,detection_avg,0.6636539362473405,recreation_center_count,business_sites_count,-0.02652761977375583
308,1609,12,US,163,BlockApportionment:US.BlockGroups;PointsLayer:US.BlockPoints,2.191,2.576,1,136,197,6527,129,21.94,151,2.88,20,US,163,BlockApportionment:US.BlockGroups;PointsLayer:US.BlockPoints,2.191,2.576,1,143,143,7.24,3.1,2.26,0.94,21.54,11.66,1.95,10.56,api_test_workflow_v8_remaining_location_deduped_30pct_after10_2026-05-22,33.99260933,-118.47607312,"712 S PACIFIC AVE, 90291",270.0,33.9926093342_-118.476073125_270.jpg,1.0,0.6568,tent,1.295,17.47,29.74,16.36,0,0,,,18,0,0,1,0,0,0,1,0,0,0,0,1331,1388,0,2,3,0,0.0,903.0,0,0.0,903.0,4,932.53,225.36,22,0,0.0,895.84,0.0,0,0.0,0,39.35,1,100.0,1,0.0,0,2.16,25.26,50.6,1.9,22.24,5,64.77,0,O-32,15,32,0,0,33.99607439622255,-118.46768155022636,detection_avg,0.6636539362473405,recreation_center_count,business_sites_count,-0.02652761977375583
309,1689,12,US,163,BlockApportionment:US.BlockGroups;PointsLayer:US.BlockPoints,2.191,2.576,1,136,197,6527,129,21.94,151,2.88,20,US,163,BlockApportionment:US.BlockGroups;PointsLayer:US.BlockPoints,2.191,2.576,1,143,143,7.24,3.1,2.26,0.94,21.54,11.66,1.95,10.56,api_test_workflow_v8_remaining_location_deduped_final_after10_30_2026-05-23,33.99353298,-118.46620877,"628 E SAN JUAN AVE, 90291",270.0,33.9935329803_-118.466208766_270.jpg,1.0,0.6241,tent,1.295,17.47,29.74,16.36,0,0,,,18,0,0,1,0,0,0,1,0,0,0,0,1331,1388,0,2,3,0,0.0,903.0,0,0.0,903.0,4,932.53,225.36,22,0,0.0,895.84,0.0,0,0.0,0,39.35,1,100.0,1,0.0,0,2.16,25.26,50.6,1.9,22.24,5,64.77,2,O-32,15,32,0,1,33.99607439622255,-118.46768155022636,detection_avg,0.6636539362473405,recreation_center_count,business_sites_count,-0.02652761977375583
310,1867,12,US,163,BlockApportionment:US.BlockGroups;PointsLayer:US.BlockPoints,2.191,2.576,1,136,197,6527,129,21.94,151,2.88,20,US,163,BlockApportionment:US.BlockGroups;PointsLayer:US.BlockPoints,2.191,2.576,1,143,143,7.24,3.1,2.26,0.94,21.54,11.66,1.95,10.56,api_test_workflow_v8_remaining_location_deduped_final_after10_30_2026-05-23,33.98689259,-118.46702419,"NORTH VENICE BLVD AT VENICE BLVD, 90291",0.0,33.9868925876_-118.467024194_0.jpg,1.0,0.727,tent,1.295,17.47,29.74,16.36,0,0,,,18,0,0,1,0,0,0,1,0,0,0,0,1331,1388,0,2,3,0,0.0,903.0,0,0.0,903.0,4,932.53,225.36,22,0,0.0,895.84,0.0,0,0.0,0,39.35,1,100.0,1,0.0,0,2.16,25.26,50.6,1.9,22.24,5,64.77,0,O-32,15,32,0,0,33.99607439622255,-118.46768155022636,detection_avg,0.6636539362473405,recreation_center_count,business_sites_count,-0.02652761977375583
311,236,13,US,164,BlockApportionment:US.BlockGroups;PointsLayer:US.BlockPoints,2.191,2.576,1,130,153,5448,86,18.7,195,1.86,21,US,164,BlockApportionment:US.BlockGroups;PointsLayer:US.BlockPoints,2.191,2.576,1,174,171,6.08,1.78,2.51,1.73,22.95,4.49,1.84,11.95,api_test_workflow_v2_30pct_model6_2026-05-08,33.99722444,-118.45978924,"1501 S LINCOLN BLVD, 90291",270.0,33.9972244402_-118.459789243_270.jpg,1.0,0.647,tent,1.295,17.47,29.74,16.36,0,0,,,6,0,0,0,0,2,1,0,1,0,0,0,716,774,0,0,4,46,1368.01,157.94,43,1222.95,157.94,0,0.0,1069.23,8,2,2445.73,153.38,0.0,0,0.0,0,0.0,0,100.0,1,0.0,0,5.0,27.83,51.62,1.76,18.79,5,64.63,1,P-32,16,32,3,1,33.99599739453124,-118.4562953318357,detection_avg,0.6033500900955345,pct_no_schooling,osm_amenity_count,0.02158214877597213
312,385,13,US,164,BlockApportionment:US.BlockGroups;PointsLayer:US.BlockPoints,2.191,2.576,1,130,153,5448,86,18.7,195,1.86,21,US,164,BlockApportionment:US.BlockGroups;PointsLayer:US.BlockPoints,2.191,2.576,1,174,171,6.08,1.78,2.51,1.73,22.95,4.49,1.84,11.95,api_test_workflow_v2_5pct_fresh_2026-04-28,34.00087227,-118.45202642,"2017 S LOUELLA AVE, 90291",0.0,34.0008722711_-118.45202642_0.jpg,1.0,0.6262,tent,1.295,17.47,29.74,16.36,0,0,,,6,0,0,0,0,2,1,0,1,0,0,0,716,774,0,0,4,46,1368.01,157.94,43,1222.95,157.94,0,0.0,1069.23,8,2,2445.73,153.38,0.0,0,0.0,0,0.0,0,100.0,1,0.0,0,5.0,27.83,51.62,1.76,18.79,5,64.63,0,P-32,16,32,3,0,33.99599739453124,-118.4562953318357,detection_avg,0.6033500900955345,pct_no_schooling,osm_amenity_count,0.02158214877597213
313,446,13,US,164,BlockApportionment:US.BlockGroups;PointsLayer:US.BlockPoints,2.191,2.576,1,130,153,5448,86,18.7,195,1.86,21,US,164,BlockApportionment:US.BlockGroups;PointsLayer:US.BlockPoints,2.191,2.576,1,174,171,6.08,1.78,2.51,1.73,22.95,4.49,1.84,11.95,api_test_workflow_v2_20pct_model6_2026-05-07,33.99714365,-118.45960806,"1509 S LINCOLN BLVD, 90291",0.0,33.9971436462_-118.459608061_0.jpg,1.0,0.6044,tent,1.295,17.47,29.74,16.36,0,0,,,6,0,0,0,0,2,1,0,1,0,0,0,716,774,0,0,4,46,1368.01,157.94,43,1222.95,157.94,0,0.0,1069.23,8,2,2445.73,153.38,0.0,0,0.0,0,0.0,0,100.0,1,0.0,0,5.0,27.83,51.62,1.76,18.79,5,64.63,0,P-32,16,32,3,0,33.99599739453124,-118.4562953318357,detection_avg,0.6033500900955345,pct_no_schooling,osm_amenity_count,0.02158214877597213
314,489,13,US,164,BlockApportionment:US.BlockGroups;PointsLayer:US.BlockPoints,2.191,2.576,1,130,153,5448,86,18.7,195,1.86,21,US,164,BlockApportionment:US.BlockGroups;PointsLayer:US.BlockPoints,2.191,2.576,1,174,171,6.08,1.78,2.51,1.73,22.95,4.49,1.84,11.95,api_test_workflow_v2_20pct_model6_2026-05-07,33.99743411,-118.46004622,"1501 S LINCOLN BLVD, 90291",270.0,33.9974341087_-118.460046219_270.jpg,1.0,0.7104,tent,1.295,17.47,29.74,16.36,0,0,,,6,0,0,0,0,2,1,0,1,0,0,0,716,774,0,0,4,46,1368.01,157.94,43,1222.95,157.94,0,0.0,1069.23,8,2,2445.73,153.38,0.0,0,0.0,0,0.0,0,100.0,1,0.0,0,5.0,27.83,51.62,1.76,18.79,5,64.63,0,P-32,16,32,3,0,33.99599739453124,-118.4562953318357,detection_avg,0.6033500900955345,pct_no_schooling,osm_amenity_count,0.02158214877597213
315,519,13,US,164,BlockApportionment:US.BlockGroups;PointsLayer:US.BlockPoints,2.191,2.576,1,130,153,5448,86,18.7,195,1.86,21,US,164,BlockApportionment:US.BlockGroups;PointsLayer:US.BlockPoints,2.191,2.576,1,174,171,6.08,1.78,2.51,1.73,22.95,4.49,1.84,11.95,api_test_workflow_v2_20pct_model6_2026-05-07_batch2,33.99768328,-118.46072463,"1407 S LINCOLN BLVD, 90291",180.0,33.9976832828_-118.460724632_180.jpg,1.0,0.7032,tent,1.295,17.47,29.74,16.36,0,0,,,6,0,0,0,0,2,1,0,1,0,0,0,716,774,0,0,4,46,1368.01,157.94,43,1222.95,157.94,0,0.0,1069.23,8,2,2445.73,153.38,0.0,0,0.0,0,0.0,0,100.0,1,0.0,0,5.0,27.83,51.62,1.76,18.79,5,64.63,0,P-32,16,32,3,0,33.99599739453124,-118.4562953318357,detection_avg,0.6033500900955345,pct_no_schooling,osm_amenity_count,0.02158214877597213
316,659,13,US,164,BlockApportionment:US.BlockGroups;PointsLayer:US.BlockPoints,2.191,2.576,1,130,153,5448,86,18.7,195,1.86,21,US,164,BlockApportionment:US.BlockGroups;PointsLayer:US.BlockPoints,2.191,2.576,1,174,171,6.08,1.78,2.51,1.73,22.95,4.49,1.84,11.95,api_test_workflow_v2_remaining_model6_2026-05-08,33.99826248,-118.4574067,"1055 E NOWITA PL, 90291",0.0,33.9982624836_-118.457406697_0.jpg,1.0,0.8233,tent,1.295,17.47,29.74,16.36,0,0,,,6,0,0,0,0,2,1,0,1,0,0,0,716,774,0,0,4,46,1368.01,157.94,43,1222.95,157.94,0,0.0,1069.23,8,2,2445.73,153.38,0.0,0,0.0,0,0.0,0,100.0,1,0.0,0,5.0,27.83,51.62,1.76,18.79,5,64.63,3,P-32,16,32,3,1,33.99599739453124,-118.4562953318357,detection_avg,0.6033500900955345,pct_no_schooling,osm_amenity_count,0.02158214877597213
317,826,13,US,164,BlockApportionment:US.BlockGroups;PointsLayer:US.BlockPoints,2.191,2.576,1,130,153,5448,86,18.7,195,1.86,21,US,164,BlockApportionment:US.BlockGroups;PointsLayer:US.BlockPoints,2.191,2.576,1,174,171,6.08,1.78,2.51,1.73,22.95,4.49,1.84,11.95,api_test_workflow_v2_5pct_fresh_2026-04-28,33.99716015,-118.45964466,"1507 S LINCOLN BLVD, 90291",0.0,33.9971601549_-118.459644658_0.jpg,1.0,0.6013,tent,1.295,17.47,29.74,16.36,0,0,,,6,0,0,0,0,2,1,0,1,0,0,0,716,774,0,0,4,46,1368.01,157.94,43,1222.95,157.94,0,0.0,1069.23,8,2,2445.73,153.38,0.0,0,0.0,0,0.0,0,100.0,1,0.0,0,5.0,27.83,51.62,1.76,18.79,5,64.63,1,P-32,16,32,3,1,33.99599739453124,-118.4562953318357,detection_avg,0.6033500900955345,pct_no_schooling,osm_amenity_count,0.02158214877597213
318,1877,13,US,164,BlockApportionment:US.BlockGroups;PointsLayer:US.BlockPoints,2.191,2.576,1,130,153,5448,86,18.7,195,1.86,21,US,164,BlockApportionment:US.BlockGroups;PointsLayer:US.BlockPoints,2.191,2.576,1,174,171,6.08,1.78,2.51,1.73,22.95,4.49,1.84,11.95,api_test_workflow_v8_remaining_location_deduped_final_after10_30_2026-05-23,33.99801156,-118.46060717,"1400 S LINCOLN BLVD, 90291",270.0,33.9980115637_-118.460607172_270.jpg,1.0,0.6664,tent,1.295,17.47,29.74,16.36,0,0,,,6,0,0,0,0,2,1,0,1,0,0,0,716,774,0,0,4,46,1368.01,157.94,43,1222.95,157.94,0,0.0,1069.23,8,2,2445.73,153.38,0.0,0,0.0,0,0.0,0,100.0,1,0.0,0,5.0,27.83,51.62,1.76,18.79,5,64.63,0,P-32,16,32,3,0,33.99599739453124,-118.4562953318357,detection_avg,0.6033500900955345,pct_no_schooling,osm_amenity_count,0.02158214877597213
319,89,18,US,363,BlockApportionment:US.BlockGroups;PointsLayer:US.BlockPoints,2.191,2.576,1,127,118,9990,152,62.59,76,0.98,22,US,419,BlockApportionment:US.BlockGroups;PointsLayer:US.BlockPoints,2.191,2.576,1,77,79,16.39,0.82,7.02,6.23,28.83,22.15,8.46,24.3,api_test_workflow_v2_20pct_model6_2026-05-07,34.0902074,-118.29518625,"1027 N HELIOTROPE DR, 90029",180.0,34.0902073959_-118.295186249_180.jpg,1.0,0.6366,tent,1.295,17.47,29.74,16.36,0,0,,,88,0,0,1,1,0,1,0,1,0,0,4,1078,990,0,2,0,66,5682.27,295.47,33,3884.19,295.47,0,0.0,1827.7,24,2,2387.01,320.07,28.54,1,0.0,0,0.0,0,100.0,1,0.0,0,1.32,15.35,62.19,1.14,21.32,5,73.14,0,AD-24,30,24,1,0,34.082827606205946,-118.29689115098924,detection_avg,0.6853919484883415,pct_household_disability,fema_flood_hazard_area_pct,0.020453572096501872
320,459,18,US,363,BlockApportionment:US.BlockGroups;PointsLayer:US.BlockPoints,2.191,2.576,1,127,118,9990,152,62.59,76,0.98,22,US,419,BlockApportionment:US.BlockGroups;PointsLayer:US.BlockPoints,2.191,2.576,1,77,79,16.39,0.82,7.02,6.23,28.83,22.15,8.46,24.3,api_test_workflow_v2_20pct_model6_2026-05-07,34.0897894,-118.29484741,"1012 N HELIOTROPE DR, 90029",0.0,34.0897893996_-118.294847409_0.jpg,1.0,0.8618,tent,1.295,17.47,29.74,16.36,0,0,,,88,0,0,1,1,0,1,0,1,0,0,4,1078,990,0,2,0,66,5682.27,295.47,33,3884.19,295.47,0,0.0,1827.7,24,2,2387.01,320.07,28.54,1,0.0,0,0.0,0,100.0,1,0.0,0,1.32,15.35,62.19,1.14,21.32,5,73.14,0,AD-24,30,24,1,0,34.082827606205946,-118.29689115098924,detection_avg,0.6853919484883415,pct_household_disability,fema_flood_hazard_area_pct,0.020453572096501872
321,542,18,US,363,BlockApportionment:US.BlockGroups;PointsLayer:US.BlockPoints,2.191,2.576,1,127,118,9990,152,62.59,76,0.98,22,US,419,BlockApportionment:US.BlockGroups;PointsLayer:US.BlockPoints,2.191,2.576,1,77,79,16.39,0.82,7.02,6.23,28.83,22.15,8.46,24.3,api_test_workflow_v2_20pct_model6_2026-05-07_batch2,34.08335954,-118.29648496,"672 N KENMORE AVE, 90004",180.0,34.0833595412_-118.29648496_180.jpg,1.0,0.8025,tent,1.295,17.47,29.74,16.36,0,0,,,88,0,0,1,1,0,1,0,1,0,0,4,1078,990,0,2,0,66,5682.27,295.47,33,3884.19,295.47,0,0.0,1827.7,24,2,2387.01,320.07,28.54,1,0.0,0,0.0,0,100.0,1,0.0,0,1.32,15.35,62.19,1.14,21.32,5,73.14,9,AD-24,30,24,1,1,34.082827606205946,-118.29689115098924,detection_avg,0.6853919484883415,pct_household_disability,fema_flood_hazard_area_pct,0.020453572096501872
322,710,18,US,363,BlockApportionment:US.BlockGroups;PointsLayer:US.BlockPoints,2.191,2.576,1,127,118,9990,152,62.59,76,0.98,22,US,419,BlockApportionment:US.BlockGroups;PointsLayer:US.BlockPoints,2.191,2.576,1,77,79,16.39,0.82,7.02,6.23,28.83,22.15,8.46,24.3,api_test_workflow_v2_30pct_model6_2026-05-08,34.0904797,-118.29484272,"1036 N HELIOTROPE DR, 90029",0.0,34.0904796982_-118.294842718_0.jpg,2.0,0.8631,tent,1.295,17.47,29.74,16.36,0,0,,,88,0,0,1,1,0,1,0,1,0,0,4,1078,990,0,2,0,66,5682.27,295.47,33,3884.19,295.47,0,0.0,1827.7,24,2,2387.01,320.07,28.54,1,0.0,0,0.0,0,100.0,1,0.0,0,1.32,15.35,62.19,1.14,21.32,5,73.14,17,AD-24,30,24,1,1,34.082827606205946,-118.29689115098924,detection_avg,0.6853919484883415,pct_household_disability,fema_flood_hazard_area_pct,0.020453572096501872
323,963,18,US,363,BlockApportionment:US.BlockGroups;PointsLayer:US.BlockPoints,2.191,2.576,1,127,118,9990,152,62.59,76,0.98,22,US,419,BlockApportionment:US.BlockGroups;PointsLayer:US.BlockPoints,2.191,2.576,1,77,79,16.39,0.82,7.02,6.23,28.83,22.15,8.46,24.3,api_test_workflow_v2_20pct_model6_2026-05-07_batch2,34.08992445,-118.29517836,"1017 N HELIOTROPE DR, 90029",270.0,34.0899244465_-118.295178363_270.jpg,1.0,0.6485,tent,1.295,17.47,29.74,16.36,0,0,,,88,0,0,1,1,0,1,0,1,0,0,4,1078,990,0,2,0,66,5682.27,295.47,33,3884.19,295.47,0,0.0,1827.7,24,2,2387.01,320.07,28.54,1,0.0,0,0.0,0,100.0,1,0.0,0,1.32,15.35,62.19,1.14,21.32,5,73.14,23,AD-24,30,24,1,1,34.082827606205946,-118.29689115098924,detection_avg,0.6853919484883415,pct_household_disability,fema_flood_hazard_area_pct,0.020453572096501872
324,1035,18,US,363,BlockApportionment:US.BlockGroups;PointsLayer:US.BlockPoints,2.191,2.576,1,127,118,9990,152,62.59,76,0.98,22,US,419,BlockApportionment:US.BlockGroups;PointsLayer:US.BlockPoints,2.191,2.576,1,77,79,16.39,0.82,7.02,6.23,28.83,22.15,8.46,24.3,api_test_workflow_v8_remaining_location_deduped_10pct_2026-05-22,34.08578496,-118.29789132,"ALEXANDRIA AVE AT MONROE ST, 90029",270.0,34.0857849611_-118.297891316_270.jpg,1.0,0.8326,tent,1.295,17.47,29.74,16.36,0,0,,,88,0,0,1,1,0,1,0,1,0,0,4,1078,990,0,2,0,66,5682.27,295.47,33,3884.19,295.47,0,0.0,1827.7,24,2,2387.01,320.07,28.54,1,0.0,0,0.0,0,100.0,1,0.0,0,1.32,15.35,62.19,1.14,21.32,5,73.14,22,AD-24,30,24,1,1,34.082827606205946,-118.29689115098924,detection_avg,0.6853919484883415,pct_household_disability,fema_flood_hazard_area_pct,0.020453572096501872
325,1647,18,US,363,BlockApportionment:US.BlockGroups;PointsLayer:US.BlockPoints,2.191,2.576,1,127,118,9990,152,62.59,76,0.98,22,US,419,BlockApportionment:US.BlockGroups;PointsLayer:US.BlockPoints,2.191,2.576,1,77,79,16.39,0.82,7.02,6.23,28.83,22.15,8.46,24.3,api_test_workflow_v8_remaining_location_deduped_30pct_after10_2026-05-22,34.08425051,-118.30061845,"725 N NORMANDIE AVE, 90029",270.0,34.0842505115_-118.300618449_270.jpg,1.0,0.8333,tent,1.295,17.47,29.74,16.36,0,0,,,88,0,0,1,1,0,1,0,1,0,0,4,1078,990,0,2,0,66,5682.27,295.47,33,3884.19,295.47,0,0.0,1827.7,24,2,2387.01,320.07,28.54,1,0.0,0,0.0,0,100.0,1,0.0,0,1.32,15.35,62.19,1.14,21.32,5,73.14,12,AD-24,30,24,1,1,34.082827606205946,-118.29689115098924,detection_avg,0.6853919484883415,pct_household_disability,fema_flood_hazard_area_pct,0.020453572096501872
326,1765,18,US,363,BlockApportionment:US.BlockGroups;PointsLayer:US.BlockPoints,2.191,2.576,1,127,118,9990,152,62.59,76,0.98,22,US,419,BlockApportionment:US.BlockGroups;PointsLayer:US.BlockPoints,2.191,2.576,1,77,79,16.39,0.82,7.02,6.23,28.83,22.15,8.46,24.3,api_test_workflow_v8_remaining_location_deduped_30pct_after10_2026-05-22,34.09074784,-118.29504638,"4850 W SANTA MONICA BLVD, 90029",180.0,34.0907478412_-118.295046378_180.jpg,1.0,0.8227,tent,1.295,17.47,29.74,16.36,0,0,,,88,0,0,1,1,0,1,0,1,0,0,4,1078,990,0,2,0,66,5682.27,295.47,33,3884.19,295.47,0,0.0,1827.7,24,2,2387.01,320.07,28.54,1,0.0,0,0.0,0,100.0,1,0.0,0,1.32,15.35,62.19,1.14,21.32,5,73.14,3,AD-24,30,24,1,1,34.082827606205946,-118.29689115098924,detection_avg,0.6853919484883415,pct_household_disability,fema_flood_hazard_area_pct,0.020453572096501872
327,1215,14,US,165,BlockApportionment:US.BlockGroups;PointsLayer:US.BlockPoints,2.191,2.576,1,128,222,6148,64,17.03,178,2.21,23,US,165,BlockApportionment:US.BlockGroups;PointsLayer:US.BlockPoints,2.191,2.576,1,153,152,4.49,2.82,2.89,0.33,35.51,12.66,2.55,8.14,api_test_workflow_v8_remaining_location_deduped_30pct_after10_2026-05-22,33.99045416,-118.44781515,"WASHINGTON BLVD AT LINCOLN BLVD, 90292",270.0,33.9904541592_-118.447815154_270.jpg,1.0,0.823,tent,1.295,17.47,29.74,16.36,0,0,,,9,0,0,0,1,0,1,0,0,0,0,2,1052,1100,0,1,3,34,2673.39,273.16,20,1087.71,273.16,0,0.0,1835.67,14,2,2171.89,270.24,0.0,0,0.0,0,2.25,1,100.0,1,0.0,0,1.29,19.12,60.9,0.86,19.12,5,72.24,6,Q-32,17,32,1,1,33.995920392839935,-118.44490911344504,detection_avg,0.6398353738483874,total_population,osm_amenity_count,-0.026304646726478524
328,1049,15,US,166,BlockApportionment:US.BlockGroups;PointsLayer:US.BlockPoints,2.191,2.576,1,139,128,8395,129,35.16,116,1.48,24,US,166,BlockApportionment:US.BlockGroups;PointsLayer:US.BlockPoints,2.191,2.576,1,136,138,9.93,2.37,5.86,2.26,26.89,6.88,4.81,13.99,api_test_workflow_v8_remaining_location_deduped_10pct_2026-05-22,34.00093189,-118.43666013,"12615 W PACIFIC AVE, 90066",0.0,34.0009318874_-118.436660132_0.jpg,1.0,0.8175,tent,1.295,17.47,29.74,16.36,0,0,,,6,0,0,0,0,1,0,0,0,0,0,0,847,926,0,0,5,9,1340.84,505.34,0,0.0,1482.45,0,0.0,1421.31,15,0,0.0,1477.66,0.0,0,0.0,0,0.0,0,100.0,1,0.0,0,2.55,18.09,64.62,1.84,15.45,5,74.47,1,R-32,18,32,1,1,33.99584339114863,-118.4335228950544,detection_avg,0.6134653993881972,nearest_osm_major_road_m,osm_amenity_count,0.014936708664872442
329,-1,19,US,467,BlockApportionment:US.BlockGroups;PointsLayer:US.BlockPoints,2.191,2.576,1,95,82,1667,112,22.02,167,3.28,25,US,420,BlockApportionment:US.BlockGroups;PointsLayer:US.BlockPoints,2.191,2.576,1,150,152,11.46,3.11,2.42,1.58,39.69,4.51,2.72,22.31,,,,,,,,,,1.295,17.47,29.74,16.36,0,0,,,0,0,0,0,0,0,0,0,0,0,0,0,150,151,0,0,0,13,6840.57,168.03,13,6840.57,168.03,0,0.0,1475.73,0,2,2568.78,174.51,0.0,0,0.0,0,0.0,0,100.0,1,0.0,0,22.39,58.65,21.6,2.46,17.3,5,38.4,3,AK-18,37,18,0,1,34.14821977088154,-118.21718977972166,reconstructed,0.5778249874166338,pct_public_assistance,osm_amenity_count,-0.017954102060273352
330,394,16,US,167,BlockApportionment:US.BlockGroups;PointsLayer:US.BlockPoints,2.191,2.576,1,119,99,6906,202,37.69,117,2.19,26,US,167,BlockApportionment:US.BlockGroups;PointsLayer:US.BlockPoints,2.191,2.576,1,124,127,11.96,1.24,2.19,2.84,15.28,7.67,4.32,17.2,api_test_workflow_v2_5pct_fresh_2026-04-28,33.99737586,-118.42003088,"11924 W LOUISE AVE, 90066",0.0,33.9973758631_-118.420030878_0.jpg,1.0,0.7536,tent,1.295,17.47,29.74,16.36,0,0,,,24,0,0,0,0,4,1,0,0,0,0,0,719,714,1,1,7,0,0.0,1005.72,0,0.0,1005.72,0,0.0,906.39,21,0,0.0,1122.99,0.0,0,0.0,0,0.0,0,100.0,1,0.0,0,2.11,22.48,51.27,2.19,24.06,5,65.26,1,S-32,19,32,5,1,33.99576638945733,-118.42213667666375,detection_avg,0.6575791146335753,private_school_count,nearest_osm_major_road_m,-0.026918530832209697
331,428,16,US,167,BlockApportionment:US.BlockGroups;PointsLayer:US.BlockPoints,2.191,2.576,1,119,99,6906,202,37.69,117,2.19,26,US,167,BlockApportionment:US.BlockGroups;PointsLayer:US.BlockPoints,2.191,2.576,1,124,127,11.96,1.24,2.19,2.84,15.28,7.67,4.32,17.2,api_test_workflow_v2_20pct_model6_2026-05-07,33.99502905,-118.41836591,"4471 S INGLEWOOD BLVD, 90066",270.0,33.9950290495_-118.418365913_270.jpg,1.0,0.8113,tent,1.295,17.47,29.74,16.36,0,0,,,24,0,0,0,0,4,1,0,0,0,0,0,719,714,1,1,7,0,0.0,1005.72,0,0.0,1005.72,0,0.0,906.39,21,0,0.0,1122.99,0.0,0,0.0,0,0.0,0,100.0,1,0.0,0,2.11,22.48,51.27,2.19,24.06,5,65.26,1,S-32,19,32,5,1,33.99576638945733,-118.42213667666375,detection_avg,0.6575791146335753,private_school_count,nearest_osm_major_road_m,-0.026918530832209697
332,894,16,US,167,BlockApportionment:US.BlockGroups;PointsLayer:US.BlockPoints,2.191,2.576,1,119,99,6906,202,37.69,117,2.19,26,US,167,BlockApportionment:US.BlockGroups;PointsLayer:US.BlockPoints,2.191,2.576,1,124,127,11.96,1.24,2.19,2.84,15.28,7.67,4.32,17.2,api_test_workflow_v2_10pct_model6_2026-05-06_live,33.98921366,-118.42683252,"12600 W GREENE AVE, 90066",0.0,33.9892136578_-118.426832525_0.jpg,1.0,0.7053,tent,1.295,17.47,29.74,16.36,0,0,,,24,0,0,0,0,4,1,0,0,0,0,0,719,714,1,1,7,0,0.0,1005.72,0,0.0,1005.72,0,0.0,906.39,21,0,0.0,1122.99,0.0,0,0.0,0,0.0,0,100.0,1,0.0,0,2.11,22.48,51.27,2.19,24.06,5,65.26,0,S-32,19,32,5,0,33.99576638945733,-118.42213667666375,detection_avg,0.6575791146335753,private_school_count,nearest_osm_major_road_m,-0.026918530832209697
333,1184,16,US,167,BlockApportionment:US.BlockGroups;PointsLayer:US.BlockPoints,2.191,2.576,1,119,99,6906,202,37.69,117,2.19,26,US,167,BlockApportionment:US.BlockGroups;PointsLayer:US.BlockPoints,2.191,2.576,1,124,127,11.96,1.24,2.19,2.84,15.28,7.67,4.32,17.2,api_test_workflow_v8_remaining_location_deduped_final_after10_30_2026-05-23,33.99467077,-118.42668708,"12449 W LOUISE AVE, 90066",270.0,33.99467077_-118.426687076_270.jpg,1.0,0.7871,tent,1.295,17.47,29.74,16.36,0,0,,,24,0,0,0,0,4,1,0,0,0,0,0,719,714,1,1,7,0,0.0,1005.72,0,0.0,1005.72,0,0.0,906.39,21,0,0.0,1122.99,0.0,0,0.0,0,0.0,0,100.0,1,0.0,0,2.11,22.48,51.27,2.19,24.06,5,65.26,0,S-32,19,32,5,0,33.99576638945733,-118.42213667666375,detection_avg,0.6575791146335753,private_school_count,nearest_osm_major_road_m,-0.026918530832209697
334,1372,16,US,167,BlockApportionment:US.BlockGroups;PointsLayer:US.BlockPoints,2.191,2.576,1,119,99,6906,202,37.69,117,2.19,26,US,167,BlockApportionment:US.BlockGroups;PointsLayer:US.BlockPoints,2.191,2.576,1,124,127,11.96,1.24,2.19,2.84,15.28,7.67,4.32,17.2,api_test_workflow_v2_remaining_model6_2026-05-08,33.99273647,-118.42289134,"4500 S CENTINELA AVE, 90066",180.0,33.9927364674_-118.422891335_180.jpg,1.0,0.6139,tent,1.295,17.47,29.74,16.36,0,0,,,24,0,0,0,0,4,1,0,0,0,0,0,719,714,1,1,7,0,0.0,1005.72,0,0.0,1005.72,0,0.0,906.39,21,0,0.0,1122.99,0.0,0,0.0,0,0.0,0,100.0,1,0.0,0,2.11,22.48,51.27,2.19,24.06,5,65.26,2,S-32,19,32,5,1,33.99576638945733,-118.42213667666375,detection_avg,0.6575791146335753,private_school_count,nearest_osm_major_road_m,-0.026918530832209697
335,994,17,US,168,BlockApportionment:US.BlockGroups;PointsLayer:US.BlockPoints,2.191,2.576,1,132,98,7651,93,53.35,111,2.4,27,US,168,BlockApportionment:US.BlockGroups;PointsLayer:US.BlockPoints,2.191,2.576,1,117,119,15.78,3.28,4.65,3.38,18.76,16.02,3.17,16.14,api_test_workflow_v2_20pct_model6_2026-05-07_batch2,33.99672283,-118.41736138,"4460 S KENSINGTON ROAD, 90066",270.0,33.9967228251_-118.417361379_270.jpg,1.0,0.6905,tent,1.295,17.47,29.74,16.36,0,0,,,0,0,0,0,0,1,0,1,1,0,1,3,548,592,0,0,4,41,4854.32,292.85,41,4854.32,292.85,2,1260.02,198.71,8,2,2064.96,318.98,1.14,1,1.13,1,0.0,0,100.0,1,0.0,0,2.99,23.71,55.93,1.14,19.23,5,68.25,1,T-32,20,32,1,1,33.99568938776603,-118.4107504582731,detection_avg,0.6351974347153395,pct_public_assistance,la_geohub_100yr_flood_area_pct,0.026131905344443
336,1357,17,US,168,BlockApportionment:US.BlockGroups;PointsLayer:US.BlockPoints,2.191,2.576,1,132,98,7651,93,53.35,111,2.4,27,US,168,BlockApportionment:US.BlockGroups;PointsLayer:US.BlockPoints,2.191,2.576,1,117,119,15.78,3.28,4.65,3.38,18.76,16.02,3.17,16.14,api_test_workflow_v2_remaining_model6_2026-05-08,34.00013862,-118.40896281,"BRADDOCK DR AT SAN DIEGO FRWY, 90230",90.0,34.0001386209_-118.408962812_90.jpg,1.0,0.795,tent,1.295,17.47,29.74,16.36,0,0,,,0,0,0,0,0,1,0,1,1,0,1,3,548,592,0,0,4,41,4854.32,292.85,41,4854.32,292.85,2,1260.02,198.71,8,2,2064.96,318.98,1.14,1,1.13,1,0.0,0,100.0,1,0.0,0,2.99,23.71,55.93,1.14,19.23,5,68.25,3,T-32,20,32,1,1,33.99568938776603,-118.4107504582731,detection_avg,0.6351974347153395,pct_public_assistance,la_geohub_100yr_flood_area_pct,0.026131905344443
337,1358,17,US,168,BlockApportionment:US.BlockGroups;PointsLayer:US.BlockPoints,2.191,2.576,1,132,98,7651,93,53.35,111,2.4,27,US,168,BlockApportionment:US.BlockGroups;PointsLayer:US.BlockPoints,2.191,2.576,1,117,119,15.78,3.28,4.65,3.38,18.76,16.02,3.17,16.14,api_test_workflow_v2_remaining_model6_2026-05-08,34.00013862,-118.40896281,"BRADDOCK DR AT SAN DIEGO FRWY, 90230",270.0,34.0001386209_-118.408962812_270.jpg,2.0,0.8229,tent,1.295,17.47,29.74,16.36,0,0,,,0,0,0,0,0,1,0,1,1,0,1,3,548,592,0,0,4,41,4854.32,292.85,41,4854.32,292.85,2,1260.02,198.71,8,2,2064.96,318.98,1.14,1,1.13,1,0.0,0,100.0,1,0.0,0,2.99,23.71,55.93,1.14,19.23,5,68.25,0,T-32,20,32,1,0,33.99568938776603,-118.4107504582731,detection_avg,0.6351974347153395,pct_public_assistance,la_geohub_100yr_flood_area_pct,0.026131905344443
338,302,20,US,364,BlockApportionment:US.BlockGroups;PointsLayer:US.BlockPoints,2.191,2.576,1,125,130,8741,133,50.45,92,1.95,28,US,421,BlockApportionment:US.BlockGroups;PointsLayer:US.BlockPoints,2.191,2.576,1,87,87,11.78,1.9,6.34,4.94,22.85,14.72,8.55,25.29,api_test_workflow_v2_5pct_2026-04-25,34.07760507,-118.2886588,"3766 W OAKWOOD AVE, 90004",0.0,34.0776050666_-118.2886588_0.jpg,1.0,0.8522,tent,1.295,17.47,29.74,16.36,0,0,,,63,0,1,0,1,4,1,0,1,0,0,2,1117,1114,0,1,7,60,4990.11,265.87,42,4184.62,265.87,0,0.0,1209.21,17,2,2427.71,265.82,3.86,1,0.0,0,1.82,1,100.0,1,0.0,0,4.39,23.22,57.18,2.24,17.37,5,68.71,0,AE-24,31,24,5,0,34.082750604514644,-118.28550493259858,detection_avg,0.6364262981008005,adult_recreation_count,freeway_segments_count,-0.01707709856341084
339,677,20,US,364,BlockApportionment:US.BlockGroups;PointsLayer:US.BlockPoints,2.191,2.576,1,125,130,8741,133,50.45,92,1.95,28,US,421,BlockApportionment:US.BlockGroups;PointsLayer:US.BlockPoints,2.191,2.576,1,87,87,11.78,1.9,6.34,4.94,22.85,14.72,8.55,25.29,api_test_workflow_v2_remaining_model6_2026-05-08,34.07760882,-118.28746469,"3716 W OAKWOOD AVE, 90004",0.0,34.0776088171_-118.287464691_0.jpg,1.0,0.8564,tent,1.295,17.47,29.74,16.36,0,0,,,63,0,1,0,1,4,1,0,1,0,0,2,1117,1114,0,1,7,60,4990.11,265.87,42,4184.62,265.87,0,0.0,1209.21,17,2,2427.71,265.82,3.86,1,0.0,0,1.82,1,100.0,1,0.0,0,4.39,23.22,57.18,2.24,17.37,5,68.71,0,AE-24,31,24,5,0,34.082750604514644,-118.28550493259858,detection_avg,0.6364262981008005,adult_recreation_count,freeway_segments_count,-0.01707709856341084
340,678,20,US,364,BlockApportionment:US.BlockGroups;PointsLayer:US.BlockPoints,2.191,2.576,1,125,130,8741,133,50.45,92,1.95,28,US,421,BlockApportionment:US.BlockGroups;PointsLayer:US.BlockPoints,2.191,2.576,1,87,87,11.78,1.9,6.34,4.94,22.85,14.72,8.55,25.29,api_test_workflow_v2_remaining_model6_2026-05-08,34.07760882,-118.28746469,"3716 W OAKWOOD AVE, 90004",90.0,34.0776088171_-118.287464691_90.jpg,2.0,0.7718,tent,1.295,17.47,29.74,16.36,0,0,,,63,0,1,0,1,4,1,0,1,0,0,2,1117,1114,0,1,7,60,4990.11,265.87,42,4184.62,265.87,0,0.0,1209.21,17,2,2427.71,265.82,3.86,1,0.0,0,1.82,1,100.0,1,0.0,0,4.39,23.22,57.18,2.24,17.37,5,68.71,0,AE-24,31,24,5,0,34.082750604514644,-118.28550493259858,detection_avg,0.6364262981008005,adult_recreation_count,freeway_segments_count,-0.01707709856341084
341,680,20,US,364,BlockApportionment:US.BlockGroups;PointsLayer:US.BlockPoints,2.191,2.576,1,125,130,8741,133,50.45,92,1.95,28,US,421,BlockApportionment:US.BlockGroups;PointsLayer:US.BlockPoints,2.191,2.576,1,87,87,11.78,1.9,6.34,4.94,22.85,14.72,8.55,25.29,api_test_workflow_v2_remaining_model6_2026-05-08,34.07702517,-118.2821952,"SILVER LAKE BLVD AT HOLLYWOOD FRWY, 90026",270.0,34.0770251665_-118.282195198_270.jpg,1.0,0.7109,tent,1.295,17.47,29.74,16.36,0,0,,,63,0,1,0,1,4,1,0,1,0,0,2,1117,1114,0,1,7,60,4990.11,265.87,42,4184.62,265.87,0,0.0,1209.21,17,2,2427.71,265.82,3.86,1,0.0,0,1.82,1,100.0,1,0.0,0,4.39,23.22,57.18,2.24,17.37,5,68.71,0,AE-24,31,24,5,0,34.082750604514644,-118.28550493259858,detection_avg,0.6364262981008005,adult_recreation_count,freeway_segments_count,-0.01707709856341084
342,822,20,US,364,BlockApportionment:US.BlockGroups;PointsLayer:US.BlockPoints,2.191,2.576,1,125,130,8741,133,50.45,92,1.95,28,US,421,BlockApportionment:US.BlockGroups;PointsLayer:US.BlockPoints,2.191,2.576,1,87,87,11.78,1.9,6.34,4.94,22.85,14.72,8.55,25.29,api_test_workflow_v2_5pct_fresh_2026-04-28,34.07780863,-118.27983544,"520 N SILVER LAKE BLVD, 90026",90.0,34.0778086339_-118.279835437_90.jpg,1.0,0.6024,tent,1.295,17.47,29.74,16.36,0,0,,,63,0,1,0,1,4,1,0,1,0,0,2,1117,1114,0,1,7,60,4990.11,265.87,42,4184.62,265.87,0,0.0,1209.21,17,2,2427.71,265.82,3.86,1,0.0,0,1.82,1,100.0,1,0.0,0,4.39,23.22,57.18,2.24,17.37,5,68.71,16,AE-24,31,24,5,1,34.082750604514644,-118.28550493259858,detection_avg,0.6364262981008005,adult_recreation_count,freeway_segments_count,-0.01707709856341084
343,1219,20,US,364,BlockApportionment:US.BlockGroups;PointsLayer:US.BlockPoints,2.191,2.576,1,125,130,8741,133,50.45,92,1.95,28,US,421,BlockApportionment:US.BlockGroups;PointsLayer:US.BlockPoints,2.191,2.576,1,87,87,11.78,1.9,6.34,4.94,22.85,14.72,8.55,25.29,api_test_workflow_v8_remaining_location_deduped_30pct_after10_2026-05-22,34.07571889,-118.289275,"240 N MADISON AVE, 90004",180.0,34.0757188935_-118.289274998_180.jpg,1.0,0.8942,tent,1.295,17.47,29.74,16.36,0,0,,,63,0,1,0,1,4,1,0,1,0,0,2,1117,1114,0,1,7,60,4990.11,265.87,42,4184.62,265.87,0,0.0,1209.21,17,2,2427.71,265.82,3.86,1,0.0,0,1.82,1,100.0,1,0.0,0,4.39,23.22,57.18,2.24,17.37,5,68.71,12,AE-24,31,24,5,1,34.082750604514644,-118.28550493259858,detection_avg,0.6364262981008005,adult_recreation_count,freeway_segments_count,-0.01707709856341084
344,1220,20,US,364,BlockApportionment:US.BlockGroups;PointsLayer:US.BlockPoints,2.191,2.576,1,125,130,8741,133,50.45,92,1.95,28,US,421,BlockApportionment:US.BlockGroups;PointsLayer:US.BlockPoints,2.191,2.576,1,87,87,11.78,1.9,6.34,4.94,22.85,14.72,8.55,25.29,api_test_workflow_v8_remaining_location_deduped_30pct_after10_2026-05-22,34.07571889,-118.289275,"240 N MADISON AVE, 90004",270.0,34.0757188935_-118.289274998_270.jpg,3.0,0.9225,tent,1.295,17.47,29.74,16.36,0,0,,,63,0,1,0,1,4,1,0,1,0,0,2,1117,1114,0,1,7,60,4990.11,265.87,42,4184.62,265.87,0,0.0,1209.21,17,2,2427.71,265.82,3.86,1,0.0,0,1.82,1,100.0,1,0.0,0,4.39,23.22,57.18,2.24,17.37,5,68.71,3,AE-24,31,24,5,1,34.082750604514644,-118.28550493259858,detection_avg,0.6364262981008005,adult_recreation_count,freeway_segments_count,-0.01707709856341084
345,1336,20,US,364,BlockApportionment:US.BlockGroups;PointsLayer:US.BlockPoints,2.191,2.576,1,125,130,8741,133,50.45,92,1.95,28,US,421,BlockApportionment:US.BlockGroups;PointsLayer:US.BlockPoints,2.191,2.576,1,87,87,11.78,1.9,6.34,4.94,22.85,14.72,8.55,25.29,api_test_workflow_v2_remaining_model6_2026-05-08,34.08165542,-118.284659,"3800 W CLINTON ST, 90004",270.0,34.0816554198_-118.284658998_270.jpg,1.0,0.6726,tent,1.295,17.47,29.74,16.36,0,0,,,63,0,1,0,1,4,1,0,1,0,0,2,1117,1114,0,1,7,60,4990.11,265.87,42,4184.62,265.87,0,0.0,1209.21,17,2,2427.71,265.82,3.86,1,0.0,0,1.82,1,100.0,1,0.0,0,4.39,23.22,57.18,2.24,17.37,5,68.71,3,AE-24,31,24,5,1,34.082750604514644,-118.28550493259858,detection_avg,0.6364262981008005,adult_recreation_count,freeway_segments_count,-0.01707709856341084
346,1391,20,US,364,BlockApportionment:US.BlockGroups;PointsLayer:US.BlockPoints,2.191,2.576,1,125,130,8741,133,50.45,92,1.95,28,US,421,BlockApportionment:US.BlockGroups;PointsLayer:US.BlockPoints,2.191,2.576,1,87,87,11.78,1.9,6.34,4.94,22.85,14.72,8.55,25.29,api_test_workflow_v2_remaining_model6_2026-05-08,34.07719539,-118.28178032,"SILVER LAKE BLVD AT HOLLYWOOD FRWY, 90026",90.0,34.0771953894_-118.281780317_90.jpg,1.0,0.8424,tent,1.295,17.47,29.74,16.36,0,0,,,63,0,1,0,1,4,1,0,1,0,0,2,1117,1114,0,1,7,60,4990.11,265.87,42,4184.62,265.87,0,0.0,1209.21,17,2,2427.71,265.82,3.86,1,0.0,0,1.82,1,100.0,1,0.0,0,4.39,23.22,57.18,2.24,17.37,5,68.71,0,AE-24,31,24,5,0,34.082750604514644,-118.28550493259858,detection_avg,0.6364262981008005,adult_recreation_count,freeway_segments_count,-0.01707709856341084
347,1392,20,US,364,BlockApportionment:US.BlockGroups;PointsLayer:US.BlockPoints,2.191,2.576,1,125,130,8741,133,50.45,92,1.95,28,US,421,BlockApportionment:US.BlockGroups;PointsLayer:US.BlockPoints,2.191,2.576,1,87,87,11.78,1.9,6.34,4.94,22.85,14.72,8.55,25.29,api_test_workflow_v2_remaining_model6_2026-05-08,34.07719539,-118.28178032,"SILVER LAKE BLVD AT HOLLYWOOD FRWY, 90026",180.0,34.0771953894_-118.281780317_180.jpg,1.0,0.8881,tent,1.295,17.47,29.74,16.36,0,0,,,63,0,1,0,1,4,1,0,1,0,0,2,1117,1114,0,1,7,60,4990.11,265.87,42,4184.62,265.87,0,0.0,1209.21,17,2,2427.71,265.82,3.86,1,0.0,0,1.82,1,100.0,1,0.0,0,4.39,23.22,57.18,2.24,17.37,5,68.71,0,AE-24,31,24,5,0,34.082750604514644,-118.28550493259858,detection_avg,0.6364262981008005,adult_recreation_count,freeway_segments_count,-0.01707709856341084
348,1443,20,US,364,BlockApportionment:US.BlockGroups;PointsLayer:US.BlockPoints,2.191,2.576,1,125,130,8741,133,50.45,92,1.95,28,US,421,BlockApportionment:US.BlockGroups;PointsLayer:US.BlockPoints,2.191,2.576,1,87,87,11.78,1.9,6.34,4.94,22.85,14.72,8.55,25.29,api_test_workflow_v8_remaining_location_deduped_30pct_after10_2026-05-22,34.08166918,-118.2845256,"3800 W CLINTON ST, 90004",180.0,34.0816691801_-118.284525596_180.jpg,1.0,0.7096,tent,1.295,17.47,29.74,16.36,0,0,,,63,0,1,0,1,4,1,0,1,0,0,2,1117,1114,0,1,7,60,4990.11,265.87,42,4184.62,265.87,0,0.0,1209.21,17,2,2427.71,265.82,3.86,1,0.0,0,1.82,1,100.0,1,0.0,0,4.39,23.22,57.18,2.24,17.37,5,68.71,4,AE-24,31,24,5,1,34.082750604514644,-118.28550493259858,detection_avg,0.6364262981008005,adult_recreation_count,freeway_segments_count,-0.01707709856341084
349,1453,20,US,364,BlockApportionment:US.BlockGroups;PointsLayer:US.BlockPoints,2.191,2.576,1,125,130,8741,133,50.45,92,1.95,28,US,421,BlockApportionment:US.BlockGroups;PointsLayer:US.BlockPoints,2.191,2.576,1,87,87,11.78,1.9,6.34,4.94,22.85,14.72,8.55,25.29,api_test_workflow_v8_remaining_location_deduped_30pct_after10_2026-05-22,34.0761746,-118.28822879,"3660 W BEVERLY BLVD, 90004",0.0,34.0761745986_-118.288228785_0.jpg,1.0,0.6725,tent,1.295,17.47,29.74,16.36,0,0,,,63,0,1,0,1,4,1,0,1,0,0,2,1117,1114,0,1,7,60,4990.11,265.87,42,4184.62,265.87,0,0.0,1209.21,17,2,2427.71,265.82,3.86,1,0.0,0,1.82,1,100.0,1,0.0,0,4.39,23.22,57.18,2.24,17.37,5,68.71,4,AE-24,31,24,5,1,34.082750604514644,-118.28550493259858,detection_avg,0.6364262981008005,adult_recreation_count,freeway_segments_count,-0.01707709856341084
350,1592,20,US,364,BlockApportionment:US.BlockGroups;PointsLayer:US.BlockPoints,2.191,2.576,1,125,130,8741,133,50.45,92,1.95,28,US,421,BlockApportionment:US.BlockGroups;PointsLayer:US.BlockPoints,2.191,2.576,1,87,87,11.78,1.9,6.34,4.94,22.85,14.72,8.55,25.29,api_test_workflow_v8_remaining_location_deduped_final_after10_30_2026-05-23,34.0776082,-118.28856743,"3750 W OAKWOOD AVE, 90004",0.0,34.0776082023_-118.288567432_0.jpg,2.0,0.8458,tent,1.295,17.47,29.74,16.36,0,0,,,63,0,1,0,1,4,1,0,1,0,0,2,1117,1114,0,1,7,60,4990.11,265.87,42,4184.62,265.87,0,0.0,1209.21,17,2,2427.71,265.82,3.86,1,0.0,0,1.82,1,100.0,1,0.0,0,4.39,23.22,57.18,2.24,17.37,5,68.71,3,AE-24,31,24,5,1,34.082750604514644,-118.28550493259858,detection_avg,0.6364262981008005,adult_recreation_count,freeway_segments_count,-0.01707709856341084
351,1594,20,US,364,BlockApportionment:US.BlockGroups;PointsLayer:US.BlockPoints,2.191,2.576,1,125,130,8741,133,50.45,92,1.95,28,US,421,BlockApportionment:US.BlockGroups;PointsLayer:US.BlockPoints,2.191,2.576,1,87,87,11.78,1.9,6.34,4.94,22.85,14.72,8.55,25.29,api_test_workflow_v8_remaining_location_deduped_final_after10_30_2026-05-23,34.0776082,-118.28856743,"3750 W OAKWOOD AVE, 90004",90.0,34.0776082023_-118.288567432_90.jpg,1.0,0.898,tent,1.295,17.47,29.74,16.36,0,0,,,63,0,1,0,1,4,1,0,1,0,0,2,1117,1114,0,1,7,60,4990.11,265.87,42,4184.62,265.87,0,0.0,1209.21,17,2,2427.71,265.82,3.86,1,0.0,0,1.82,1,100.0,1,0.0,0,4.39,23.22,57.18,2.24,17.37,5,68.71,0,AE-24,31,24,5,0,34.082750604514644,-118.28550493259858,detection_avg,0.6364262981008005,adult_recreation_count,freeway_segments_count,-0.01707709856341084
352,1654,20,US,364,BlockApportionment:US.BlockGroups;PointsLayer:US.BlockPoints,2.191,2.576,1,125,130,8741,133,50.45,92,1.95,28,US,421,BlockApportionment:US.BlockGroups;PointsLayer:US.BlockPoints,2.191,2.576,1,87,87,11.78,1.9,6.34,4.94,22.85,14.72,8.55,25.29,api_test_workflow_v8_remaining_location_deduped_30pct_after10_2026-05-22,34.07761217,-118.28761255,"3722 W OAKWOOD AVE, 90004",90.0,34.0776121671_-118.287612553_90.jpg,1.0,0.6996,tent,1.295,17.47,29.74,16.36,0,0,,,63,0,1,0,1,4,1,0,1,0,0,2,1117,1114,0,1,7,60,4990.11,265.87,42,4184.62,265.87,0,0.0,1209.21,17,2,2427.71,265.82,3.86,1,0.0,0,1.82,1,100.0,1,0.0,0,4.39,23.22,57.18,2.24,17.37,5,68.71,0,AE-24,31,24,5,0,34.082750604514644,-118.28550493259858,detection_avg,0.6364262981008005,adult_recreation_count,freeway_segments_count,-0.01707709856341084
353,1688,20,US,364,BlockApportionment:US.BlockGroups;PointsLayer:US.BlockPoints,2.191,2.576,1,125,130,8741,133,50.45,92,1.95,28,US,421,BlockApportionment:US.BlockGroups;PointsLayer:US.BlockPoints,2.191,2.576,1,87,87,11.78,1.9,6.34,4.94,22.85,14.72,8.55,25.29,api_test_workflow_v8_remaining_location_deduped_final_after10_30_2026-05-23,34.07969536,-118.28873229,"3870 W MIDDLEBURY ST, 90004",0.0,34.0796953633_-118.28873229_0.jpg,1.0,0.8124,tent,1.295,17.47,29.74,16.36,0,0,,,63,0,1,0,1,4,1,0,1,0,0,2,1117,1114,0,1,7,60,4990.11,265.87,42,4184.62,265.87,0,0.0,1209.21,17,2,2427.71,265.82,3.86,1,0.0,0,1.82,1,100.0,1,0.0,0,4.39,23.22,57.18,2.24,17.37,5,68.71,2,AE-24,31,24,5,1,34.082750604514644,-118.28550493259858,detection_avg,0.6364262981008005,adult_recreation_count,freeway_segments_count,-0.01707709856341084
354,1702,20,US,364,BlockApportionment:US.BlockGroups;PointsLayer:US.BlockPoints,2.191,2.576,1,125,130,8741,133,50.45,92,1.95,28,US,421,BlockApportionment:US.BlockGroups;PointsLayer:US.BlockPoints,2.191,2.576,1,87,87,11.78,1.9,6.34,4.94,22.85,14.72,8.55,25.29,api_test_workflow_v8_remaining_location_deduped_final_after10_30_2026-05-23,34.0779075,-118.28006417,"511 N SILVER LAKE BLVD, 90026",90.0,34.0779075038_-118.280064172_90.jpg,1.0,0.7283,tent,1.295,17.47,29.74,16.36,0,0,,,63,0,1,0,1,4,1,0,1,0,0,2,1117,1114,0,1,7,60,4990.11,265.87,42,4184.62,265.87,0,0.0,1209.21,17,2,2427.71,265.82,3.86,1,0.0,0,1.82,1,100.0,1,0.0,0,4.39,23.22,57.18,2.24,17.37,5,68.71,0,AE-24,31,24,5,0,34.082750604514644,-118.28550493259858,detection_avg,0.6364262981008005,adult_recreation_count,freeway_segments_count,-0.01707709856341084
355,1710,20,US,364,BlockApportionment:US.BlockGroups;PointsLayer:US.BlockPoints,2.191,2.576,1,125,130,8741,133,50.45,92,1.95,28,US,421,BlockApportionment:US.BlockGroups;PointsLayer:US.BlockPoints,2.191,2.576,1,87,87,11.78,1.9,6.34,4.94,22.85,14.72,8.55,25.29,api_test_workflow_v8_remaining_location_deduped_final_after10_30_2026-05-23,34.07775626,-118.2801164,"SILVER LAKE BLVD AT LONDON ST, 90026",90.0,34.077756258_-118.280116404_90.jpg,1.0,0.7779,tent,1.295,17.47,29.74,16.36,0,0,,,63,0,1,0,1,4,1,0,1,0,0,2,1117,1114,0,1,7,60,4990.11,265.87,42,4184.62,265.87,0,0.0,1209.21,17,2,2427.71,265.82,3.86,1,0.0,0,1.82,1,100.0,1,0.0,0,4.39,23.22,57.18,2.24,17.37,5,68.71,0,AE-24,31,24,5,0,34.082750604514644,-118.28550493259858,detection_avg,0.6364262981008005,adult_recreation_count,freeway_segments_count,-0.01707709856341084
356,130,18,US,169,BlockApportionment:US.BlockGroups;PointsLayer:US.BlockPoints,2.191,2.576,1,144,82,2685,10,20.52,216,5.88,29,US,169,BlockApportionment:US.BlockGroups;PointsLayer:US.BlockPoints,2.191,2.576,1,199,195,6.49,5.24,0.14,0.45,7.32,1.84,1.79,13.22,api_test_workflow_v2_remaining_model6_2026-05-08,33.9874069,-118.4033822,"11807 S BEATRICE ST, 90230",0.0,33.9874069022_-118.403382195_0.jpg,1.0,0.7482,tent,1.295,17.47,29.74,16.36,0,0,,,13,0,0,0,0,1,1,0,2,0,0,0,94,111,0,0,0,184,13983.64,182.13,108,10910.63,182.13,4,1153.12,479.69,18,4,3994.0,207.46,2.97,1,2.98,1,0.0,0,100.0,1,0.0,0,2.02,22.58,54.75,2.02,20.65,5,67.72,3,U-32,21,32,2,1,33.995612386074725,-118.39936423988244,detection_avg,0.610367875257942,pct_public_assistance,la_geohub_100yr_flood_area_pct,0.02679225759245094
357,-1,19,US,170,BlockApportionment:US.BlockGroups;PointsLayer:US.BlockPoints,2.191,2.576,1,138,155,2890,40,21.63,177,2.28,30,US,170,BlockApportionment:US.BlockGroups;PointsLayer:US.BlockPoints,2.191,2.576,1,159,159,15.54,2.23,0.09,0.95,29.23,8.1,6.65,19.94,,,,,,,,,,1.295,17.47,29.74,16.36,0,0,,,0,0,0,0,0,1,0,0,2,0,0,0,61,51,0,0,0,4,257.78,644.88,0,0.0,1011.16,3,519.93,473.08,7,0,0.0,1011.33,0.0,0,0.0,0,0.0,0,100.0,1,0.0,0,5.89,37.08,46.4,1.41,15.11,5,60.71,0,V-32,22,32,1,0,33.99553538438342,-118.3879780214918,reconstructed,0.5876931903360222,pct_hs_grad,nearest_osm_major_road_m,-0.02969507541766599
358,-1,21,US,468,BlockApportionment:US.BlockGroups;PointsLayer:US.BlockPoints,2.191,2.576,1,101,97,3258,93,13.51,201,2.9,31,US,422,BlockApportionment:US.BlockGroups;PointsLayer:US.BlockPoints,2.191,2.576,1,161,160,10.56,4.63,2.56,0.09,18.38,5.75,2.45,16.69,,,,,,,,,,1.295,17.47,29.74,16.36,0,0,,,3,0,0,0,0,0,0,0,0,0,0,0,423,403,0,0,1,2,1237.85,79.99,0,0.0,1322.59,0,0.0,709.17,7,2,2475.66,80.39,0.0,0,0.0,0,0.0,0,100.0,1,0.0,0,6.93,39.04,34.3,3.16,23.51,5,51.93,2,C-17,3,17,0,1,34.16182635780496,-118.60432156458164,reconstructed,0.6084650501265314,pct_public_assistance,osm_amenity_count,0.01386319317048767
359,-1,20,US,171,BlockApportionment:US.BlockGroups;PointsLayer:US.BlockPoints,2.191,2.576,1,103,188,2209,81,8.56,200,4.67,32,US,171,BlockApportionment:US.BlockGroups;PointsLayer:US.BlockPoints,2.191,2.576,1,182,179,6.92,3.9,0.46,0.87,28.0,6.74,0.12,12.89,,,,,,,,,,1.295,17.47,29.74,16.36,0,0,,,18,1,0,0,0,0,0,0,0,0,0,0,108,98,0,0,0,18,989.52,398.85,0,0.0,1201.94,0,0.0,1308.7,1,0,0.0,1202.97,0.0,0,0.0,0,0.0,0,100.0,1,0.0,0,4.31,37.7,39.37,0.62,22.32,5,56.27,4,W-32,23,32,0,1,33.99545838269212,-118.37659180310116,reconstructed,0.5976533447642359,pct_public_assistance,la_geohub_100yr_flood_area_pct,0.020111895982487908
360,1304,22,US,365,BlockApportionment:US.BlockGroups;PointsLayer:US.BlockPoints,2.191,2.576,1,133,148,7028,202,28.41,147,1.97,33,US,423,BlockApportionment:US.BlockGroups;PointsLayer:US.BlockPoints,2.191,2.576,1,133,132,9.69,1.84,1.82,2.13,18.71,8.99,5.76,11.09,api_test_workflow_v2_remaining_model6_2026-05-08,34.08794381,-118.27628893,"3424 W SUNSET BLVD, 90026",90.0,34.0879438115_-118.276288935_90.jpg,7.0,0.7745,tent,1.295,17.47,29.74,16.36,0,0,,,54,0,0,0,0,1,1,0,0,0,0,0,1369,1441,0,0,2,30,1371.89,120.91,0,0.0,1139.81,0,0.0,2289.1,33,0,0.0,1146.98,0.0,0,0.0,0,0.0,0,100.0,1,0.0,0,3.95,35.03,38.28,2.99,23.71,5,55.61,1,AF-24,32,24,2,1,34.08267360282334,-118.27411871420792,detection_avg,0.632704004272426,total_population,osm_amenity_count,-0.03753483158334863
361,-1,21,US,172,BlockApportionment:US.BlockGroups;PointsLayer:US.BlockPoints,2.191,2.576,1,169,116,3375,162,8.27,153,8.66,34,US,172,BlockApportionment:US.BlockGroups;PointsLayer:US.BlockPoints,2.191,2.576,1,122,121,5.74,5.84,3.02,0.08,27.24,4.5,1.61,25.0,,,,,,,,,,1.295,17.47,29.74,16.36,0,0,,,0,0,1,1,0,0,2,0,0,0,0,0,204,170,0,1,0,0,0.0,991.92,0,0.0,3970.32,0,0.0,2702.95,0,0,0.0,4060.77,0.0,0,0.0,0,0.0,0,100.0,1,0.0,0,3.43,27.79,46.79,1.58,23.83,5,61.72,0,Z-32,26,32,2,0,33.99522737761821,-118.3424331479292,reconstructed,0.6032516437978482,transit_stops_count,food_access_count,0.02508205821000508
362,-1,23,US,469,BlockApportionment:US.BlockGroups;PointsLayer:US.BlockPoints,2.191,2.576,1,122,162,2813,76,14.5,148,1.36,35,US,424,BlockApportionment:US.BlockGroups;PointsLayer:US.BlockPoints,2.191,2.576,1,150,148,18.51,2.0,2.72,0.38,29.79,2.72,0.86,18.69,,,,,,,,,,1.295,17.47,29.74,16.36,0,0,,,24,0,0,0,0,0,0,0,0,0,0,3,841,899,0,0,0,16,1232.62,466.43,2,266.75,643.21,0,0.0,746.5,17,1,124.47,645.91,0.0,0,0.0,0,0.0,0,100.0,1,0.0,0,6.32,36.52,38.45,3.16,21.86,5,55.02,3,D-17,4,17,0,1,34.16174935611366,-118.59293534619098,reconstructed,0.6297671931552439,pct_no_schooling,osm_amenity_count,-0.01232703631470021
363,-1,22,US,173,BlockApportionment:US.BlockGroups;PointsLayer:US.BlockPoints,2.191,2.576,1,167,172,4456,171,29.78,108,5.57,36,US,173,BlockApportionment:US.BlockGroups;PointsLayer:US.BlockPoints,2.191,2.576,1,99,102,18.88,4.86,2.35,3.21,40.49,11.06,3.62,40.53,,,,,,,,,,1.295,17.47,29.74,16.36,0,0,,,53,0,0,0,0,3,2,0,0,0,0,1,510,476,0,1,7,65,3427.79,19.97,0,0.0,4551.96,0,0.0,3917.25,5,0,0.0,4602.34,16.38,1,0.0,0,2.72,1,100.0,1,0.0,0,1.03,19.26,61.13,0.6,19.0,5,72.48,5,AA-32,27,32,5,1,33.995150375926904,-118.33104692953854,reconstructed,0.616784120131035,private_school_count,nearest_osm_major_road_m,-0.05246644897050549
364,297,23,US,174,BlockApportionment:US.BlockGroups;PointsLayer:US.BlockPoints,2.191,2.576,1,191,173,6651,264,51.93,82,2.95,37,US,174,BlockApportionment:US.BlockGroups;PointsLayer:US.BlockPoints,2.191,2.576,1,79,83,22.44,2.28,2.45,3.24,44.87,23.82,6.77,38.12,api_test_workflow_v2_30pct_model6_2026-05-08,33.99809062,-118.31322252,"1853 W 50TH ST, 90062",180.0,33.9980906212_-118.313222519_180.jpg,1.0,0.7815,tent,1.295,17.47,29.74,16.36,0,0,,,6,0,0,1,0,2,0,0,0,0,0,0,479,435,0,1,3,0,0.0,973.98,0,0.0,3569.34,0,0.0,4735.0,0,0,0.0,3589.53,61.77,1,0.0,0,14.52,1,100.0,1,0.0,0,1.58,21.18,55.62,0.7,22.5,5,68.46,8,AB-32,28,32,2,1,33.9950733742356,-118.31966071114788,detection_avg,0.5909602191748342,total_crime_est,nearest_osm_major_road_m,-0.05663571572093862
365,830,24,US,366,BlockApportionment:US.BlockGroups;PointsLayer:US.BlockPoints,2.191,2.576,1,143,129,6740,124,50.52,96,0.71,38,US,425,BlockApportionment:US.BlockGroups;PointsLayer:US.BlockPoints,2.191,2.576,1,98,98,9.87,0.87,7.41,5.09,29.21,12.73,6.85,13.48,api_test_workflow_v2_10pct_model6_2026-05-06_live,34.08509404,-118.26059804,"1641 N ALLESANDRO ST, 90026",90.0,34.085094036_-118.260598043_90.jpg,1.0,0.7338,tent,1.295,17.47,29.74,16.36,0,0,,,81,0,1,1,0,4,0,0,1,0,0,0,1108,1078,0,2,9,75,4669.38,49.22,0,0.0,986.27,0,0.0,2676.03,31,2,2683.24,47.9,0.05,1,0.05,1,0.0,0,100.0,1,0.0,0,4.9,24.57,57.73,2.58,15.12,5,68.94,1,AG-24,33,24,4,1,34.08259660113204,-118.26273249581727,detection_avg,0.6652817828634771,pct_public_assistance,osm_amenity_count,0.04028389936463663
366,863,24,US,366,BlockApportionment:US.BlockGroups;PointsLayer:US.BlockPoints,2.191,2.576,1,143,129,6740,124,50.52,96,0.71,38,US,425,BlockApportionment:US.BlockGroups;PointsLayer:US.BlockPoints,2.191,2.576,1,98,98,9.87,0.87,7.41,5.09,29.21,12.73,6.85,13.48,api_test_workflow_v2_10pct_model6_2026-05-06_live,34.07857913,-118.26116856,"1927 W RESERVOIR ST, 90026",180.0,34.0785791305_-118.261168559_180.jpg,1.0,0.8725,tent,1.295,17.47,29.74,16.36,0,0,,,81,0,1,1,0,4,0,0,1,0,0,0,1108,1078,0,2,9,75,4669.38,49.22,0,0.0,986.27,0,0.0,2676.03,31,2,2683.24,47.9,0.05,1,0.05,1,0.0,0,100.0,1,0.0,0,4.9,24.57,57.73,2.58,15.12,5,68.94,2,AG-24,33,24,4,1,34.08259660113204,-118.26273249581727,detection_avg,0.6652817828634771,pct_public_assistance,osm_amenity_count,0.04028389936463663
367,619,24,US,175,BlockApportionment:US.BlockGroups;PointsLayer:US.BlockPoints,2.191,2.576,1,195,197,7862,148,68.75,81,1.44,39,US,175,BlockApportionment:US.BlockGroups;PointsLayer:US.BlockPoints,2.191,2.576,1,77,78,16.27,1.71,6.13,7.85,38.23,16.91,7.92,40.15,api_test_workflow_v2_remaining_model6_2026-05-08,33.98967875,-118.31005935,"5740 S MANHATTAN PL, 90062",90.0,33.9896787521_-118.310059349_90.jpg,1.0,0.8636,tent,1.295,17.47,29.74,16.36,0,0,,,33,0,1,0,0,2,0,0,0,0,0,0,647,604,0,5,2,34,2219.92,62.89,0,0.0,2478.73,0,0.0,5409.46,11,0,0.0,2558.75,72.32,1,0.0,0,12.78,1,100.0,1,0.0,0,1.55,16.21,65.43,0.86,17.5,5,75.34,0,AC-32,29,32,2,0,33.9949963725443,-118.30827449275723,detection_avg,0.663548526316583,burglary_crime_est,food_access_count,0.038874118971161144
368,662,24,US,175,BlockApportionment:US.BlockGroups;PointsLayer:US.BlockPoints,2.191,2.576,1,195,197,7862,148,68.75,81,1.44,39,US,175,BlockApportionment:US.BlockGroups;PointsLayer:US.BlockPoints,2.191,2.576,1,77,78,16.27,1.71,6.13,7.85,38.23,16.91,7.92,40.15,api_test_workflow_v2_remaining_model6_2026-05-08,33.98970348,-118.31005936,"5738 S MANHATTAN PL, 90062",90.0,33.9897034836_-118.310059363_90.jpg,1.0,0.8636,tent,1.295,17.47,29.74,16.36,0,0,,,33,0,1,0,0,2,0,0,0,0,0,0,647,604,0,5,2,34,2219.92,62.89,0,0.0,2478.73,0,0.0,5409.46,11,0,0.0,2558.75,72.32,1,0.0,0,12.78,1,100.0,1,0.0,0,1.55,16.21,65.43,0.86,17.5,5,75.34,0,AC-32,29,32,2,0,33.9949963725443,-118.30827449275723,detection_avg,0.663548526316583,burglary_crime_est,food_access_count,0.038874118971161144
369,1096,24,US,175,BlockApportionment:US.BlockGroups;PointsLayer:US.BlockPoints,2.191,2.576,1,195,197,7862,148,68.75,81,1.44,39,US,175,BlockApportionment:US.BlockGroups;PointsLayer:US.BlockPoints,2.191,2.576,1,77,78,16.27,1.71,6.13,7.85,38.23,16.91,7.92,40.15,api_test_workflow_v8_remaining_location_deduped_30pct_after10_2026-05-22,33.99126502,-118.31510862,"5607 S WILTON PL, 90062",90.0,33.9912650165_-118.315108621_90.jpg,1.0,0.6185,tent,1.295,17.47,29.74,16.36,0,0,,,33,0,1,0,0,2,0,0,0,0,0,0,647,604,0,5,2,34,2219.92,62.89,0,0.0,2478.73,0,0.0,5409.46,11,0,0.0,2558.75,72.32,1,0.0,0,12.78,1,100.0,1,0.0,0,1.55,16.21,65.43,0.86,17.5,5,75.34,1,AC-32,29,32,2,1,33.9949963725443,-118.30827449275723,detection_avg,0.663548526316583,burglary_crime_est,food_access_count,0.038874118971161144
370,1325,24,US,175,BlockApportionment:US.BlockGroups;PointsLayer:US.BlockPoints,2.191,2.576,1,195,197,7862,148,68.75,81,1.44,39,US,175,BlockApportionment:US.BlockGroups;PointsLayer:US.BlockPoints,2.191,2.576,1,77,78,16.27,1.71,6.13,7.85,38.23,16.91,7.92,40.15,api_test_workflow_v2_remaining_model6_2026-05-08,33.99245364,-118.30621907,"1645 W 55TH ST, 90062",0.0,33.9924536413_-118.306219067_0.jpg,1.0,0.7719,tent,1.295,17.47,29.74,16.36,0,0,,,33,0,1,0,0,2,0,0,0,0,0,0,647,604,0,5,2,34,2219.92,62.89,0,0.0,2478.73,0,0.0,5409.46,11,0,0.0,2558.75,72.32,1,0.0,0,12.78,1,100.0,1,0.0,0,1.55,16.21,65.43,0.86,17.5,5,75.34,10,AC-32,29,32,2,1,33.9949963725443,-118.30827449275723,detection_avg,0.663548526316583,burglary_crime_est,food_access_count,0.038874118971161144
371,1382,24,US,175,BlockApportionment:US.BlockGroups;PointsLayer:US.BlockPoints,2.191,2.576,1,195,197,7862,148,68.75,81,1.44,39,US,175,BlockApportionment:US.BlockGroups;PointsLayer:US.BlockPoints,2.191,2.576,1,77,78,16.27,1.71,6.13,7.85,38.23,16.91,7.92,40.15,api_test_workflow_v2_remaining_model6_2026-05-08,33.98970934,-118.3089771,"WESTERN AVE AT 58TH ST, 90062",0.0,33.9897093407_-118.308977099_0.jpg,1.0,0.8239,tent,1.295,17.47,29.74,16.36,0,0,,,33,0,1,0,0,2,0,0,0,0,0,0,647,604,0,5,2,34,2219.92,62.89,0,0.0,2478.73,0,0.0,5409.46,11,0,0.0,2558.75,72.32,1,0.0,0,12.78,1,100.0,1,0.0,0,1.55,16.21,65.43,0.86,17.5,5,75.34,0,AC-32,29,32,2,0,33.9949963725443,-118.30827449275723,detection_avg,0.663548526316583,burglary_crime_est,food_access_count,0.038874118971161144
372,1440,24,US,175,BlockApportionment:US.BlockGroups;PointsLayer:US.BlockPoints,2.191,2.576,1,195,197,7862,148,68.75,81,1.44,39,US,175,BlockApportionment:US.BlockGroups;PointsLayer:US.BlockPoints,2.191,2.576,1,77,78,16.27,1.71,6.13,7.85,38.23,16.91,7.92,40.15,api_test_workflow_v8_remaining_location_deduped_30pct_after10_2026-05-22,33.99068961,-118.30777133,"1727 W 57TH ST, 90062",270.0,33.9906896093_-118.307771327_270.jpg,1.0,0.8089,tent,1.295,17.47,29.74,16.36,0,0,,,33,0,1,0,0,2,0,0,0,0,0,0,647,604,0,5,2,34,2219.92,62.89,0,0.0,2478.73,0,0.0,5409.46,11,0,0.0,2558.75,72.32,1,0.0,0,12.78,1,100.0,1,0.0,0,1.55,16.21,65.43,0.86,17.5,5,75.34,0,AC-32,29,32,2,0,33.9949963725443,-118.30827449275723,detection_avg,0.663548526316583,burglary_crime_est,food_access_count,0.038874118971161144
373,630,25,US,176,BlockApportionment:US.BlockGroups;PointsLayer:US.BlockPoints,2.191,2.576,1,199,195,8607,121,72.06,85,1.08,40,US,176,BlockApportionment:US.BlockGroups;PointsLayer:US.BlockPoints,2.191,2.576,1,91,93,24.22,1.27,7.14,9.0,24.21,18.43,11.16,32.26,api_test_workflow_v2_remaining_model6_2026-05-08,33.9940261,-118.30073437,"1412 W 53RD ST, 90062",90.0,33.9940261036_-118.300734366_90.jpg,1.0,0.7487,tent,1.295,17.47,29.74,16.36,0,0,,,39,0,0,1,0,3,0,0,1,0,0,0,619,526,0,1,6,1,761.17,486.29,0,0.0,1451.66,0,0.0,6509.71,1,0,0.0,1477.05,83.18,1,0.0,0,6.18,1,100.0,1,0.0,0,0.44,14.64,61.7,1.23,22.44,5,73.06,2,AD-32,30,32,3,1,33.994919370853,-118.2968882743666,detection_avg,0.6622471733141011,pct_household_disability,fema_flood_hazard_area_pct,-0.026821014544867062
374,1616,25,US,176,BlockApportionment:US.BlockGroups;PointsLayer:US.BlockPoints,2.191,2.576,1,199,195,8607,121,72.06,85,1.08,40,US,176,BlockApportionment:US.BlockGroups;PointsLayer:US.BlockPoints,2.191,2.576,1,91,93,24.22,1.27,7.14,9.0,24.21,18.43,11.16,32.26,api_test_workflow_v8_remaining_location_deduped_30pct_after10_2026-05-22,34.00113385,-118.29388862,"4649 S KANSAS AVE, 90037",180.0,34.0011338545_-118.293888616_180.jpg,1.0,0.8477,tent,1.295,17.47,29.74,16.36,0,0,,,39,0,0,1,0,3,0,0,1,0,0,0,619,526,0,1,6,1,761.17,486.29,0,0.0,1451.66,0,0.0,6509.71,1,0,0.0,1477.05,83.18,1,0.0,0,6.18,1,100.0,1,0.0,0,0.44,14.64,61.7,1.23,22.44,5,73.06,2,AD-32,30,32,3,1,33.994919370853,-118.2968882743666,detection_avg,0.6622471733141011,pct_household_disability,fema_flood_hazard_area_pct,-0.026821014544867062
375,1842,25,US,176,BlockApportionment:US.BlockGroups;PointsLayer:US.BlockPoints,2.191,2.576,1,199,195,8607,121,72.06,85,1.08,40,US,176,BlockApportionment:US.BlockGroups;PointsLayer:US.BlockPoints,2.191,2.576,1,91,93,24.22,1.27,7.14,9.0,24.21,18.43,11.16,32.26,api_test_workflow_v8_remaining_location_deduped_final_after10_30_2026-05-23,33.99854609,-118.29348463,"1050 W 49TH ST, 90037",90.0,33.9985460889_-118.293484627_90.jpg,1.0,0.7023,tent,1.295,17.47,29.74,16.36,0,0,,,39,0,0,1,0,3,0,0,1,0,0,0,619,526,0,1,6,1,761.17,486.29,0,0.0,1451.66,0,0.0,6509.71,1,0,0.0,1477.05,83.18,1,0.0,0,6.18,1,100.0,1,0.0,0,0.44,14.64,61.7,1.23,22.44,5,73.06,0,AD-32,30,32,3,0,33.994919370853,-118.2968882743666,detection_avg,0.6622471733141011,pct_household_disability,fema_flood_hazard_area_pct,-0.026821014544867062
376,-1,25,US,470,BlockApportionment:US.BlockGroups;PointsLayer:US.BlockPoints,2.191,2.576,1,78,119,1488,131,11.9,148,3.0,41,US,426,BlockApportionment:US.BlockGroups;PointsLayer:US.BlockPoints,2.191,2.576,1,130,133,6.84,1.88,0.21,1.67,50.0,16.99,2.75,22.51,,,,,,,,,,1.295,17.47,29.74,16.36,0,0,,,0,0,0,0,0,0,0,0,0,0,0,1,163,149,0,0,0,0,0.0,747.46,0,0.0,863.07,5,1286.56,178.32,0,0,0.0,858.67,1.76,1,0.0,0,1.76,1,100.0,1,0.0,0,8.33,44.91,27.02,2.72,25.35,5,46.42,0,F-17,6,17,0,0,34.161595352731055,-118.57016290940967,reconstructed,0.5511752569891054,pct_public_assistance,osm_amenity_count,-0.018015104974199694
377,73,26,US,177,BlockApportionment:US.BlockGroups;PointsLayer:US.BlockPoints,2.191,2.576,1,184,177,9256,100,77.28,79,1.15,42,US,177,BlockApportionment:US.BlockGroups;PointsLayer:US.BlockPoints,2.191,2.576,1,79,81,24.44,0.88,8.18,11.51,34.25,20.95,9.47,33.74,api_test_workflow_v2_20pct_model6_2026-05-07,33.98716832,-118.28397802,"5901 S DENVER AVE, 90044",0.0,33.9871683199_-118.283978019_0.jpg,1.0,0.8483,tent,1.295,17.47,29.74,16.36,0,0,,,44,0,0,0,0,1,1,0,1,0,0,0,625,540,0,1,4,57,5995.17,353.0,30,4518.91,423.87,0,0.0,6036.88,6,2,1825.62,440.86,35.68,1,0.0,0,3.68,1,100.0,1,0.0,0,1.47,10.69,78.45,0.6,10.26,5,84.47,1,AE-32,31,32,2,1,33.994842369161695,-118.28550205597594,detection_avg,0.6228008527349859,pct_no_schooling,osm_amenity_count,-0.02638323411919614
378,442,26,US,177,BlockApportionment:US.BlockGroups;PointsLayer:US.BlockPoints,2.191,2.576,1,184,177,9256,100,77.28,79,1.15,42,US,177,BlockApportionment:US.BlockGroups;PointsLayer:US.BlockPoints,2.191,2.576,1,79,81,24.44,0.88,8.18,11.51,34.25,20.95,9.47,33.74,api_test_workflow_v2_20pct_model6_2026-05-07,33.98910253,-118.28929384,"MENLO AVE AT SLAUSON AVE, 90044",180.0,33.9891025257_-118.289293838_180.jpg,1.0,0.6911,tent,1.295,17.47,29.74,16.36,0,0,,,44,0,0,0,0,1,1,0,1,0,0,0,625,540,0,1,4,57,5995.17,353.0,30,4518.91,423.87,0,0.0,6036.88,6,2,1825.62,440.86,35.68,1,0.0,0,3.68,1,100.0,1,0.0,0,1.47,10.69,78.45,0.6,10.26,5,84.47,0,AE-32,31,32,2,0,33.994842369161695,-118.28550205597594,detection_avg,0.6228008527349859,pct_no_schooling,osm_amenity_count,-0.02638323411919614
379,827,26,US,177,BlockApportionment:US.BlockGroups;PointsLayer:US.BlockPoints,2.191,2.576,1,184,177,9256,100,77.28,79,1.15,42,US,177,BlockApportionment:US.BlockGroups;PointsLayer:US.BlockPoints,2.191,2.576,1,79,81,24.44,0.88,8.18,11.51,34.25,20.95,9.47,33.74,api_test_workflow_v2_5pct_fresh_2026-04-28,33.99435913,-118.2913778,"5230 S VERMONT AVE, 90037",180.0,33.9943591275_-118.291377802_180.jpg,2.0,0.7784,tent,1.295,17.47,29.74,16.36,0,0,,,44,0,0,0,0,1,1,0,1,0,0,0,625,540,0,1,4,57,5995.17,353.0,30,4518.91,423.87,0,0.0,6036.88,6,2,1825.62,440.86,35.68,1,0.0,0,3.68,1,100.0,1,0.0,0,1.47,10.69,78.45,0.6,10.26,5,84.47,7,AE-32,31,32,2,1,33.994842369161695,-118.28550205597594,detection_avg,0.6228008527349859,pct_no_schooling,osm_amenity_count,-0.02638323411919614
380,1404,26,US,177,BlockApportionment:US.BlockGroups;PointsLayer:US.BlockPoints,2.191,2.576,1,184,177,9256,100,77.28,79,1.15,42,US,177,BlockApportionment:US.BlockGroups;PointsLayer:US.BlockPoints,2.191,2.576,1,79,81,24.44,0.88,8.18,11.51,34.25,20.95,9.47,33.74,api_test_workflow_v2_remaining_model6_2026-05-08,33.99437846,-118.2825144,"5270 S FIGUEROA ST, 90037",0.0,33.9943784621_-118.282514396_0.jpg,1.0,0.9077,tent,1.295,17.47,29.74,16.36,0,0,,,44,0,0,0,0,1,1,0,1,0,0,0,625,540,0,1,4,57,5995.17,353.0,30,4518.91,423.87,0,0.0,6036.88,6,2,1825.62,440.86,35.68,1,0.0,0,3.68,1,100.0,1,0.0,0,1.47,10.69,78.45,0.6,10.26,5,84.47,1,AE-32,31,32,2,1,33.994842369161695,-118.28550205597594,detection_avg,0.6228008527349859,pct_no_schooling,osm_amenity_count,-0.02638323411919614
381,1806,26,US,177,BlockApportionment:US.BlockGroups;PointsLayer:US.BlockPoints,2.191,2.576,1,184,177,9256,100,77.28,79,1.15,42,US,177,BlockApportionment:US.BlockGroups;PointsLayer:US.BlockPoints,2.191,2.576,1,79,81,24.44,0.88,8.18,11.51,34.25,20.95,9.47,33.74,api_test_workflow_v8_remaining_location_deduped_30pct_after10_2026-05-22,33.98734912,-118.28384555,"DENVER AVE AT 59TH ST, 90044",180.0,33.9873491154_-118.283845554_180.jpg,1.0,0.9011,tent,1.295,17.47,29.74,16.36,0,0,,,44,0,0,0,0,1,1,0,1,0,0,0,625,540,0,1,4,57,5995.17,353.0,30,4518.91,423.87,0,0.0,6036.88,6,2,1825.62,440.86,35.68,1,0.0,0,3.68,1,100.0,1,0.0,0,1.47,10.69,78.45,0.6,10.26,5,84.47,10,AE-32,31,32,2,1,33.994842369161695,-118.28550205597594,detection_avg,0.6228008527349859,pct_no_schooling,osm_amenity_count,-0.02638323411919614
382,28,27,US,178,BlockApportionment:US.BlockGroups;PointsLayer:US.BlockPoints,2.191,2.576,1,165,141,13877,138,84.86,68,1.47,43,US,178,BlockApportionment:US.BlockGroups;PointsLayer:US.BlockPoints,2.191,2.576,1,69,68,20.1,0.91,10.62,6.97,32.08,26.06,8.43,35.05,api_test_workflow_v2_10pct_model6_2026-05-06_live,33.99636926,-118.27982242,"342 W 51ST ST, 90037",0.0,33.9963692633_-118.279822424_0.jpg,1.0,0.6768,tent,1.295,17.47,29.74,16.36,0,0,,,60,0,0,1,0,6,0,0,0,0,0,1,700,653,0,3,4,7,1423.31,585.31,7,1423.31,585.31,0,0.0,5094.19,2,2,524.92,624.48,46.39,1,0.0,0,5.66,1,100.0,1,0.0,0,0.53,13.26,68.39,1.32,17.03,5,77.71,9,AF-32,32,32,6,1,33.99476536747039,-118.27411583758528,detection_avg,0.6354201354916491,pct_veterans,public_school_count,0.015720787633099965
383,29,27,US,178,BlockApportionment:US.BlockGroups;PointsLayer:US.BlockPoints,2.191,2.576,1,165,141,13877,138,84.86,68,1.47,43,US,178,BlockApportionment:US.BlockGroups;PointsLayer:US.BlockPoints,2.191,2.576,1,69,68,20.1,0.91,10.62,6.97,32.08,26.06,8.43,35.05,api_test_workflow_v2_10pct_model6_2026-05-06_live,33.99636926,-118.27982242,"342 W 51ST ST, 90037",270.0,33.9963692633_-118.279822424_270.jpg,1.0,0.8584,tent,1.295,17.47,29.74,16.36,0,0,,,60,0,0,1,0,6,0,0,0,0,0,1,700,653,0,3,4,7,1423.31,585.31,7,1423.31,585.31,0,0.0,5094.19,2,2,524.92,624.48,46.39,1,0.0,0,5.66,1,100.0,1,0.0,0,0.53,13.26,68.39,1.32,17.03,5,77.71,5,AF-32,32,32,6,1,33.99476536747039,-118.27411583758528,detection_avg,0.6354201354916491,pct_veterans,public_school_count,0.015720787633099965
384,44,27,US,178,BlockApportionment:US.BlockGroups;PointsLayer:US.BlockPoints,2.191,2.576,1,165,141,13877,138,84.86,68,1.47,43,US,178,BlockApportionment:US.BlockGroups;PointsLayer:US.BlockPoints,2.191,2.576,1,69,68,20.1,0.91,10.62,6.97,32.08,26.06,8.43,35.05,api_test_workflow_v2_10pct_model6_2026-05-06_live,33.99657578,-118.2799513,"393 W 51ST ST, 90037",0.0,33.9965757757_-118.279951295_0.jpg,1.0,0.7773,tent,1.295,17.47,29.74,16.36,0,0,,,60,0,0,1,0,6,0,0,0,0,0,1,700,653,0,3,4,7,1423.31,585.31,7,1423.31,585.31,0,0.0,5094.19,2,2,524.92,624.48,46.39,1,0.0,0,5.66,1,100.0,1,0.0,0,0.53,13.26,68.39,1.32,17.03,5,77.71,11,AF-32,32,32,6,1,33.99476536747039,-118.27411583758528,detection_avg,0.6354201354916491,pct_veterans,public_school_count,0.015720787633099965
385,45,27,US,178,BlockApportionment:US.BlockGroups;PointsLayer:US.BlockPoints,2.191,2.576,1,165,141,13877,138,84.86,68,1.47,43,US,178,BlockApportionment:US.BlockGroups;PointsLayer:US.BlockPoints,2.191,2.576,1,69,68,20.1,0.91,10.62,6.97,32.08,26.06,8.43,35.05,api_test_workflow_v2_10pct_model6_2026-05-06_live,33.99657578,-118.2799513,"393 W 51ST ST, 90037",90.0,33.9965757757_-118.279951295_90.jpg,1.0,0.7375,tent,1.295,17.47,29.74,16.36,0,0,,,60,0,0,1,0,6,0,0,0,0,0,1,700,653,0,3,4,7,1423.31,585.31,7,1423.31,585.31,0,0.0,5094.19,2,2,524.92,624.48,46.39,1,0.0,0,5.66,1,100.0,1,0.0,0,0.53,13.26,68.39,1.32,17.03,5,77.71,0,AF-32,32,32,6,0,33.99476536747039,-118.27411583758528,detection_avg,0.6354201354916491,pct_veterans,public_school_count,0.015720787633099965
386,572,27,US,178,BlockApportionment:US.BlockGroups;PointsLayer:US.BlockPoints,2.191,2.576,1,165,141,13877,138,84.86,68,1.47,43,US,178,BlockApportionment:US.BlockGroups;PointsLayer:US.BlockPoints,2.191,2.576,1,69,68,20.1,0.91,10.62,6.97,32.08,26.06,8.43,35.05,api_test_workflow_v2_20pct_model6_2026-05-07_batch2,34.00300765,-118.27372126,"105 E 45TH ST, 90011",180.0,34.0030076484_-118.273721257_180.jpg,2.0,0.9029,tent,1.295,17.47,29.74,16.36,0,0,,,60,0,0,1,0,6,0,0,0,0,0,1,700,653,0,3,4,7,1423.31,585.31,7,1423.31,585.31,0,0.0,5094.19,2,2,524.92,624.48,46.39,1,0.0,0,5.66,1,100.0,1,0.0,0,0.53,13.26,68.39,1.32,17.03,5,77.71,0,AF-32,32,32,6,0,33.99476536747039,-118.27411583758528,detection_avg,0.6354201354916491,pct_veterans,public_school_count,0.015720787633099965
387,573,27,US,178,BlockApportionment:US.BlockGroups;PointsLayer:US.BlockPoints,2.191,2.576,1,165,141,13877,138,84.86,68,1.47,43,US,178,BlockApportionment:US.BlockGroups;PointsLayer:US.BlockPoints,2.191,2.576,1,69,68,20.1,0.91,10.62,6.97,32.08,26.06,8.43,35.05,api_test_workflow_v2_20pct_model6_2026-05-07_batch2,34.00300765,-118.27372126,"105 E 45TH ST, 90011",270.0,34.0030076484_-118.273721257_270.jpg,1.0,0.6438,tent,1.295,17.47,29.74,16.36,0,0,,,60,0,0,1,0,6,0,0,0,0,0,1,700,653,0,3,4,7,1423.31,585.31,7,1423.31,585.31,0,0.0,5094.19,2,2,524.92,624.48,46.39,1,0.0,0,5.66,1,100.0,1,0.0,0,0.53,13.26,68.39,1.32,17.03,5,77.71,0,AF-32,32,32,6,0,33.99476536747039,-118.27411583758528,detection_avg,0.6354201354916491,pct_veterans,public_school_count,0.015720787633099965
388,952,27,US,178,BlockApportionment:US.BlockGroups;PointsLayer:US.BlockPoints,2.191,2.576,1,165,141,13877,138,84.86,68,1.47,43,US,178,BlockApportionment:US.BlockGroups;PointsLayer:US.BlockPoints,2.191,2.576,1,69,68,20.1,0.91,10.62,6.97,32.08,26.06,8.43,35.05,api_test_workflow_v2_20pct_model6_2026-05-07_batch2,33.99658911,-118.27979223,"341 W 51ST ST, 90037",270.0,33.9965891064_-118.279792226_270.jpg,1.0,0.6305,tent,1.295,17.47,29.74,16.36,0,0,,,60,0,0,1,0,6,0,0,0,0,0,1,700,653,0,3,4,7,1423.31,585.31,7,1423.31,585.31,0,0.0,5094.19,2,2,524.92,624.48,46.39,1,0.0,0,5.66,1,100.0,1,0.0,0,0.53,13.26,68.39,1.32,17.03,5,77.71,0,AF-32,32,32,6,0,33.99476536747039,-118.27411583758528,detection_avg,0.6354201354916491,pct_veterans,public_school_count,0.015720787633099965
389,1271,27,US,178,BlockApportionment:US.BlockGroups;PointsLayer:US.BlockPoints,2.191,2.576,1,165,141,13877,138,84.86,68,1.47,43,US,178,BlockApportionment:US.BlockGroups;PointsLayer:US.BlockPoints,2.191,2.576,1,69,68,20.1,0.91,10.62,6.97,32.08,26.06,8.43,35.05,api_test_workflow_v8_remaining_location_deduped_30pct_after10_2026-05-22,33.99907506,-118.27417655,"102 W 48TH ST, 90037",0.0,33.9990750609_-118.274176553_0.jpg,1.0,0.6323,tent,1.295,17.47,29.74,16.36,0,0,,,60,0,0,1,0,6,0,0,0,0,0,1,700,653,0,3,4,7,1423.31,585.31,7,1423.31,585.31,0,0.0,5094.19,2,2,524.92,624.48,46.39,1,0.0,0,5.66,1,100.0,1,0.0,0,0.53,13.26,68.39,1.32,17.03,5,77.71,0,AF-32,32,32,6,0,33.99476536747039,-118.27411583758528,detection_avg,0.6354201354916491,pct_veterans,public_school_count,0.015720787633099965
390,1478,27,US,178,BlockApportionment:US.BlockGroups;PointsLayer:US.BlockPoints,2.191,2.576,1,165,141,13877,138,84.86,68,1.47,43,US,178,BlockApportionment:US.BlockGroups;PointsLayer:US.BlockPoints,2.191,2.576,1,69,68,20.1,0.91,10.62,6.97,32.08,26.06,8.43,35.05,api_test_workflow_v8_remaining_location_deduped_30pct_after10_2026-05-22,34.00300651,-118.27356507,"113 E 45TH ST, 90011",180.0,34.0030065057_-118.273565066_180.jpg,4.0,0.8974,tent,1.295,17.47,29.74,16.36,0,0,,,60,0,0,1,0,6,0,0,0,0,0,1,700,653,0,3,4,7,1423.31,585.31,7,1423.31,585.31,0,0.0,5094.19,2,2,524.92,624.48,46.39,1,0.0,0,5.66,1,100.0,1,0.0,0,0.53,13.26,68.39,1.32,17.03,5,77.71,5,AF-32,32,32,6,1,33.99476536747039,-118.27411583758528,detection_avg,0.6354201354916491,pct_veterans,public_school_count,0.015720787633099965
391,1480,27,US,178,BlockApportionment:US.BlockGroups;PointsLayer:US.BlockPoints,2.191,2.576,1,165,141,13877,138,84.86,68,1.47,43,US,178,BlockApportionment:US.BlockGroups;PointsLayer:US.BlockPoints,2.191,2.576,1,69,68,20.1,0.91,10.62,6.97,32.08,26.06,8.43,35.05,api_test_workflow_v8_remaining_location_deduped_30pct_after10_2026-05-22,34.00300651,-118.27356507,"113 E 45TH ST, 90011",270.0,34.0030065057_-118.273565066_270.jpg,1.0,0.8465,tent,1.295,17.47,29.74,16.36,0,0,,,60,0,0,1,0,6,0,0,0,0,0,1,700,653,0,3,4,7,1423.31,585.31,7,1423.31,585.31,0,0.0,5094.19,2,2,524.92,624.48,46.39,1,0.0,0,5.66,1,100.0,1,0.0,0,0.53,13.26,68.39,1.32,17.03,5,77.71,1,AF-32,32,32,6,1,33.99476536747039,-118.27411583758528,detection_avg,0.6354201354916491,pct_veterans,public_school_count,0.015720787633099965
392,1530,27,US,178,BlockApportionment:US.BlockGroups;PointsLayer:US.BlockPoints,2.191,2.576,1,165,141,13877,138,84.86,68,1.47,43,US,178,BlockApportionment:US.BlockGroups;PointsLayer:US.BlockPoints,2.191,2.576,1,69,68,20.1,0.91,10.62,6.97,32.08,26.06,8.43,35.05,api_test_workflow_v8_remaining_location_deduped_10pct_2026-05-22,34.002121,-118.27364394,"4524 S SAN PEDRO PL, 90011",270.0,34.0021209955_-118.273643939_270.jpg,1.0,0.839,tent,1.295,17.47,29.74,16.36,0,0,,,60,0,0,1,0,6,0,0,0,0,0,1,700,653,0,3,4,7,1423.31,585.31,7,1423.31,585.31,0,0.0,5094.19,2,2,524.92,624.48,46.39,1,0.0,0,5.66,1,100.0,1,0.0,0,0.53,13.26,68.39,1.32,17.03,5,77.71,1,AF-32,32,32,6,1,33.99476536747039,-118.27411583758528,detection_avg,0.6354201354916491,pct_veterans,public_school_count,0.015720787633099965
393,1536,27,US,178,BlockApportionment:US.BlockGroups;PointsLayer:US.BlockPoints,2.191,2.576,1,165,141,13877,138,84.86,68,1.47,43,US,178,BlockApportionment:US.BlockGroups;PointsLayer:US.BlockPoints,2.191,2.576,1,69,68,20.1,0.91,10.62,6.97,32.08,26.06,8.43,35.05,api_test_workflow_v8_remaining_location_deduped_10pct_2026-05-22,34.0024767,-118.2739007,"4546 S MAIN ST, 90037",180.0,34.002476703_-118.273900701_180.jpg,1.0,0.6544,tent,1.295,17.47,29.74,16.36,0,0,,,60,0,0,1,0,6,0,0,0,0,0,1,700,653,0,3,4,7,1423.31,585.31,7,1423.31,585.31,0,0.0,5094.19,2,2,524.92,624.48,46.39,1,0.0,0,5.66,1,100.0,1,0.0,0,0.53,13.26,68.39,1.32,17.03,5,77.71,0,AF-32,32,32,6,0,33.99476536747039,-118.27411583758528,detection_avg,0.6354201354916491,pct_veterans,public_school_count,0.015720787633099965
394,1583,27,US,178,BlockApportionment:US.BlockGroups;PointsLayer:US.BlockPoints,2.191,2.576,1,165,141,13877,138,84.86,68,1.47,43,US,178,BlockApportionment:US.BlockGroups;PointsLayer:US.BlockPoints,2.191,2.576,1,69,68,20.1,0.91,10.62,6.97,32.08,26.06,8.43,35.05,api_test_workflow_v8_remaining_location_deduped_30pct_after10_2026-05-22,34.00003224,-118.27836815,"47TH PL AT BROADWAY, 90037",90.0,34.0000322359_-118.27836815_90.jpg,2.0,0.8256,tent,1.295,17.47,29.74,16.36,0,0,,,60,0,0,1,0,6,0,0,0,0,0,1,700,653,0,3,4,7,1423.31,585.31,7,1423.31,585.31,0,0.0,5094.19,2,2,524.92,624.48,46.39,1,0.0,0,5.66,1,100.0,1,0.0,0,0.53,13.26,68.39,1.32,17.03,5,77.71,0,AF-32,32,32,6,0,33.99476536747039,-118.27411583758528,detection_avg,0.6354201354916491,pct_veterans,public_school_count,0.015720787633099965
395,1859,27,US,178,BlockApportionment:US.BlockGroups;PointsLayer:US.BlockPoints,2.191,2.576,1,165,141,13877,138,84.86,68,1.47,43,US,178,BlockApportionment:US.BlockGroups;PointsLayer:US.BlockPoints,2.191,2.576,1,69,68,20.1,0.91,10.62,6.97,32.08,26.06,8.43,35.05,api_test_workflow_v8_remaining_location_deduped_final_after10_30_2026-05-23,34.00258163,-118.2742501,"4507 S MAIN ST, 90037",180.0,34.002581629_-118.274250099_180.jpg,1.0,0.641,tent,1.295,17.47,29.74,16.36,0,0,,,60,0,0,1,0,6,0,0,0,0,0,1,700,653,0,3,4,7,1423.31,585.31,7,1423.31,585.31,0,0.0,5094.19,2,2,524.92,624.48,46.39,1,0.0,0,5.66,1,100.0,1,0.0,0,0.53,13.26,68.39,1.32,17.03,5,77.71,4,AF-32,32,32,6,1,33.99476536747039,-118.27411583758528,detection_avg,0.6354201354916491,pct_veterans,public_school_count,0.015720787633099965
396,-1,26,US,367,BlockApportionment:US.BlockGroups;PointsLayer:US.BlockPoints,2.191,2.576,1,140,135,4817,162,44.09,135,1.2,44,US,427,BlockApportionment:US.BlockGroups;PointsLayer:US.BlockPoints,2.191,2.576,1,122,124,8.24,1.44,5.86,1.86,34.45,8.25,6.5,19.08,,,,,,,,,,1.295,17.47,29.74,16.36,0,0,,,0,0,0,0,0,1,1,0,0,0,0,1,666,657,0,0,1,0,0.0,827.38,0,0.0,872.75,0,0.0,1477.79,3,0,0.0,825.88,0.0,0,0.0,0,0.0,0,100.0,1,0.0,0,10.8,52.59,23.53,3.69,20.19,3,43.23,0,AH-24,34,24,2,0,34.08251959944074,-118.25134627742663,reconstructed,0.6144855242330053,total_crime_est,nearest_osm_major_road_m,-0.05408140301934316
397,84,28,US,179,BlockApportionment:US.BlockGroups;PointsLayer:US.BlockPoints,2.191,2.576,1,170,164,7546,183,87.89,69,0.62,45,US,179,BlockApportionment:US.BlockGroups;PointsLayer:US.BlockPoints,2.191,2.576,1,69,71,17.5,0.28,8.5,5.13,40.75,27.57,8.96,31.76,api_test_workflow_v2_20pct_model6_2026-05-07,33.99256274,-118.26473536,"603 E 55TH ST, 90011",270.0,33.9925627395_-118.264735358_270.jpg,1.0,0.8287,tent,1.295,17.47,29.74,16.36,0,0,,,48,0,0,0,0,1,0,0,0,0,0,0,715,600,0,1,8,18,1559.77,337.91,0,0.0,1605.77,0,0.0,4396.23,1,0,0.0,1663.98,0.01,1,0.0,0,0.02,1,100.0,1,0.0,0,0.62,11.78,77.77,0.53,9.93,5,84.25,0,AG-32,33,32,1,0,33.99468836577909,-118.26272961919464,detection_avg,0.6483505803293979,transit_stops_count,food_access_count,0.017194576066378323
398,425,28,US,179,BlockApportionment:US.BlockGroups;PointsLayer:US.BlockPoints,2.191,2.576,1,170,164,7546,183,87.89,69,0.62,45,US,179,BlockApportionment:US.BlockGroups;PointsLayer:US.BlockPoints,2.191,2.576,1,69,71,17.5,0.28,8.5,5.13,40.75,27.57,8.96,31.76,api_test_workflow_v2_20pct_model6_2026-05-07,33.99238867,-118.25666166,"5501 S CENTRAL AVE, 90011",270.0,33.992388666_-118.256661655_270.jpg,1.0,0.6958,tent,1.295,17.47,29.74,16.36,0,0,,,48,0,0,0,0,1,0,0,0,0,0,0,715,600,0,1,8,18,1559.77,337.91,0,0.0,1605.77,0,0.0,4396.23,1,0,0.0,1663.98,0.01,1,0.0,0,0.02,1,100.0,1,0.0,0,0.62,11.78,77.77,0.53,9.93,5,84.25,2,AG-32,33,32,1,1,33.99468836577909,-118.26272961919464,detection_avg,0.6483505803293979,transit_stops_count,food_access_count,0.017194576066378323
399,1114,28,US,179,BlockApportionment:US.BlockGroups;PointsLayer:US.BlockPoints,2.191,2.576,1,170,164,7546,183,87.89,69,0.62,45,US,179,BlockApportionment:US.BlockGroups;PointsLayer:US.BlockPoints,2.191,2.576,1,69,71,17.5,0.28,8.5,5.13,40.75,27.57,8.96,31.76,api_test_workflow_v8_remaining_location_deduped_30pct_after10_2026-05-22,33.98912778,-118.2674365,"5820 S TOWNE AVE, 90003",90.0,33.9891277803_-118.267436497_90.jpg,1.0,0.8446,tent,1.295,17.47,29.74,16.36,0,0,,,48,0,0,0,0,1,0,0,0,0,0,0,715,600,0,1,8,18,1559.77,337.91,0,0.0,1605.77,0,0.0,4396.23,1,0,0.0,1663.98,0.01,1,0.0,0,0.02,1,100.0,1,0.0,0,0.62,11.78,77.77,0.53,9.93,5,84.25,3,AG-32,33,32,1,1,33.99468836577909,-118.26272961919464,detection_avg,0.6483505803293979,transit_stops_count,food_access_count,0.017194576066378323
400,502,29,US,180,BlockApportionment:US.BlockGroups;PointsLayer:US.BlockPoints,2.191,2.576,1,162,141,14680,162,89.28,75,1.57,46,US,180,BlockApportionment:US.BlockGroups;PointsLayer:US.BlockPoints,2.191,2.576,1,71,71,17.95,1.31,10.78,9.78,33.55,23.99,10.12,29.89,api_test_workflow_v2_20pct_model6_2026-05-07_batch2,33.99811218,-118.25604487,"1119 E 50TH ST, 90011",0.0,33.9981121784_-118.256044874_0.jpg,1.0,0.9093,tent,1.295,17.47,29.74,16.36,0,0,,,69,0,1,0,0,3,1,1,0,0,0,0,567,506,0,1,6,5,678.86,508.92,0,0.0,2694.17,0,0.0,3173.41,2,0,0.0,2736.97,1.84,1,0.0,0,1.84,1,100.0,1,0.0,0,0.18,10.62,69.53,1.58,18.26,5,78.62,2,AH-32,34,32,4,1,33.99461136408779,-118.251343400804,detection_avg,0.6106511142898653,total_population,osm_amenity_count,-0.023085740984793778
401,649,29,US,180,BlockApportionment:US.BlockGroups;PointsLayer:US.BlockPoints,2.191,2.576,1,162,141,14680,162,89.28,75,1.57,46,US,180,BlockApportionment:US.BlockGroups;PointsLayer:US.BlockPoints,2.191,2.576,1,71,71,17.95,1.31,10.78,9.78,33.55,23.99,10.12,29.89,api_test_workflow_v2_remaining_model6_2026-05-08,34.00120989,-118.25018607,"1387 E 47TH ST, 90011",0.0,34.0012098854_-118.250186066_0.jpg,1.0,0.7948,tent,1.295,17.47,29.74,16.36,0,0,,,69,0,1,0,0,3,1,1,0,0,0,0,567,506,0,1,6,5,678.86,508.92,0,0.0,2694.17,0,0.0,3173.41,2,0,0.0,2736.97,1.84,1,0.0,0,1.84,1,100.0,1,0.0,0,0.18,10.62,69.53,1.58,18.26,5,78.62,11,AH-32,34,32,4,1,33.99461136408779,-118.251343400804,detection_avg,0.6106511142898653,total_population,osm_amenity_count,-0.023085740984793778
402,1635,29,US,180,BlockApportionment:US.BlockGroups;PointsLayer:US.BlockPoints,2.191,2.576,1,162,141,14680,162,89.28,75,1.57,46,US,180,BlockApportionment:US.BlockGroups;PointsLayer:US.BlockPoints,2.191,2.576,1,71,71,17.95,1.31,10.78,9.78,33.55,23.99,10.12,29.89,api_test_workflow_v8_remaining_location_deduped_30pct_after10_2026-05-22,34.00120992,-118.25009957,"1389 E 47TH ST, 90011",0.0,34.0012099197_-118.25009957_0.jpg,1.0,0.7123,tent,1.295,17.47,29.74,16.36,0,0,,,69,0,1,0,0,3,1,1,0,0,0,0,567,506,0,1,6,5,678.86,508.92,0,0.0,2694.17,0,0.0,3173.41,2,0,0.0,2736.97,1.84,1,0.0,0,1.84,1,100.0,1,0.0,0,0.18,10.62,69.53,1.58,18.26,5,78.62,0,AH-32,34,32,4,0,33.99461136408779,-118.251343400804,detection_avg,0.6106511142898653,total_population,osm_amenity_count,-0.023085740984793778
403,237,27,US,471,BlockApportionment:US.BlockGroups;PointsLayer:US.BlockPoints,2.191,2.576,1,79,107,1631,133,6.5,233,3.48,47,US,428,BlockApportionment:US.BlockGroups;PointsLayer:US.BlockPoints,2.191,2.576,1,206,212,11.5,3.45,1.42,0.08,40.0,10.74,2.34,29.64,api_test_workflow_v2_30pct_model6_2026-05-08,34.16337577,-118.54426145,"5213 N CREBS AVE, 91356",180.0,34.1633757717_-118.544261452_180.jpg,1.0,0.8579,tent,1.295,17.47,29.74,16.36,0,0,,,0,0,0,0,0,0,0,0,0,0,0,0,206,183,0,0,1,0,0.0,1042.29,0,0.0,1048.08,2,1802.49,2.48,0,0,0.0,1135.15,0.0,0,0.0,0,0.0,0,100.0,1,0.0,0,8.77,44.74,27.28,3.6,24.39,5,46.46,0,H-17,8,17,0,0,34.16144134934844,-118.54739047262838,detection_avg,0.5697957035803619,pct_hs_grad,nearest_osm_major_road_m,0.020632902670596913
404,1183,30,US,181,BlockApportionment:US.BlockGroups;PointsLayer:US.BlockPoints,2.191,2.576,1,226,269,3940,288,82.72,35,2.19,48,US,181,BlockApportionment:US.BlockGroups;PointsLayer:US.BlockPoints,2.191,2.576,1,46,47,23.74,1.79,7.63,7.14,31.5,29.58,8.0,41.04,api_test_workflow_v8_remaining_location_deduped_final_after10_30_2026-05-23,33.99122531,-118.24009817,"BANDERA ST AT 57TH ST, 90058",270.0,33.9912253077_-118.240098173_270.jpg,1.0,0.8603,tent,1.295,17.47,29.74,16.36,0,0,,,18,0,0,0,0,1,0,1,0,0,0,0,274,256,0,0,2,29,2426.76,117.98,0,0.0,3330.13,0,0.0,2724.6,2,0,0.0,3486.77,0.0,0,0.0,0,0.0,0,100.0,1,0.0,0,0.7,6.86,83.47,1.32,8.36,5,88.22,0,AI-32,35,32,1,0,33.994534362396486,-118.23995718241332,detection_avg,0.5855791578098642,recreation_center_count,business_sites_count,0.021433869231012107
405,1612,30,US,181,BlockApportionment:US.BlockGroups;PointsLayer:US.BlockPoints,2.191,2.576,1,226,269,3940,288,82.72,35,2.19,48,US,181,BlockApportionment:US.BlockGroups;PointsLayer:US.BlockPoints,2.191,2.576,1,46,47,23.74,1.79,7.63,7.14,31.5,29.58,8.0,41.04,api_test_workflow_v8_remaining_location_deduped_final_after10_30_2026-05-23,33.99662716,-118.2435238,"51ST ST AT LONG BEACH AVE WEST, 90011",270.0,33.9966271602_-118.243523797_270.jpg,1.0,0.7446,tent,1.295,17.47,29.74,16.36,0,0,,,18,0,0,0,0,1,0,1,0,0,0,0,274,256,0,0,2,29,2426.76,117.98,0,0.0,3330.13,0,0.0,2724.6,2,0,0.0,3486.77,0.0,0,0.0,0,0.0,0,100.0,1,0.0,0,0.7,6.86,83.47,1.32,8.36,5,88.22,0,AI-32,35,32,1,0,33.994534362396486,-118.23995718241332,detection_avg,0.5855791578098642,recreation_center_count,business_sites_count,0.021433869231012107
406,-1,28,US,368,BlockApportionment:US.BlockGroups;PointsLayer:US.BlockPoints,2.191,2.576,1,156,227,215,110,30.7,116,0.0,49,US,429,BlockApportionment:US.BlockGroups;PointsLayer:US.BlockPoints,2.191,2.576,1,97,105,7.65,1.09,2.99,7.65,23.19,17.91,12.99,27.27,,,,,,,,,,1.295,17.47,29.74,16.36,0,0,,,0,0,0,0,0,0,0,0,1,0,0,0,28,31,0,0,0,0,0.0,792.36,0,0.0,792.36,0,0.0,1100.88,9,0,0.0,864.45,0.0,0,0.0,0,0.0,0,100.0,1,0.0,0,16.13,56.18,26.03,2.28,15.51,5,43.38,3,AI-24,35,24,0,1,34.082442597749434,-118.23996005903598,reconstructed,0.6151964187862644,total_crime_est,nearest_osm_major_road_m,0.05155458390285345
407,-1,31,US,182,BlockApportionment:US.BlockGroups;PointsLayer:US.BlockPoints,2.191,2.576,1,198,373,467,171,94.0,51,0.0,0,US,182,BlockApportionment:US.BlockGroups;PointsLayer:US.BlockPoints,2.191,2.576,1,48,48,24.22,0.0,4.04,0.0,19.3,0.26,25.0,24.14,,,,,,,,,,1.295,17.47,29.74,16.36,0,0,,,36,0,0,0,0,0,0,0,0,0,0,0,47,42,0,0,0,26,1304.25,255.18,0,0.0,2916.35,0,0.0,1571.04,0,0,0.0,3134.79,0.0,0,0.0,0,0.0,0,100.0,1,0.0,0,0.0,0.79,95.87,0.79,2.55,5,97.11,1,AJ-32,36,32,0,1,33.99445736070518,-118.22857096402268,reconstructed,0.6321434864787788,pct_veterans,public_school_count,-0.02799988729635321
408,-1,29,US,472,BlockApportionment:US.BlockGroups;PointsLayer:US.BlockPoints,2.191,2.576,1,76,92,1081,205,5.46,223,3.7,1,US,430,BlockApportionment:US.BlockGroups;PointsLayer:US.BlockPoints,2.191,2.576,1,203,213,14.46,3.38,1.37,0.11,0.0,5.93,1.61,25.2,,,,,,,,,,1.295,17.47,29.74,16.36,0,0,,,0,0,0,0,0,0,0,0,0,0,0,1,139,140,0,0,0,0,0.0,1181.53,0,0.0,1624.75,13,1128.22,198.8,0,0,0.0,1655.92,0.0,0,0.0,0,0.0,0,100.0,1,0.0,0,7.44,48.07,28.2,2.89,20.84,5,47.51,0,I-17,9,17,0,0,34.16136434765714,-118.53600425423772,reconstructed,0.5431371006316799,total_crime_est,nearest_osm_major_road_m,0.03230847807487374
409,-1,32,US,183,BlockApportionment:US.BlockGroups;PointsLayer:US.BlockPoints,2.191,2.576,1,271,300,2391,326,15.39,122,0.99,2,US,183,BlockApportionment:US.BlockGroups;PointsLayer:US.BlockPoints,2.191,2.576,1,145,145,2.18,1.22,1.41,1.16,25.44,14.66,2.32,25.19,,,,,,,,,,1.295,17.47,29.74,16.36,0,0,,,0,0,0,0,0,0,0,0,0,0,0,0,60,70,0,0,0,0,0.0,926.49,0,0.0,926.49,2,594.74,268.1,23,0,0.0,926.49,0.0,0,0.0,0,6.72,1,48.96,1,0.0,0,0.61,12.12,49.49,1.21,37.17,5,64.46,0,M-31,13,31,0,0,34.00721692902427,-118.4904543465855,reconstructed,0.6268556961681211,water_proxy_pct,bare_ground_proxy_pct,0.040916129477017824
410,861,30,US,369,BlockApportionment:US.BlockGroups;PointsLayer:US.BlockPoints,2.191,2.576,1,127,162,2553,148,70.27,77,1.22,3,US,431,BlockApportionment:US.BlockGroups;PointsLayer:US.BlockPoints,2.191,2.576,1,83,86,21.24,0.9,7.49,8.75,30.46,15.83,4.93,26.51,api_test_workflow_v2_10pct_model6_2026-05-06_live,34.08706299,-118.22481398,"624 W AVENUE 27, 90065",0.0,34.0870629863_-118.224813984_0.jpg,2.0,0.6685,tent,1.295,17.47,29.74,16.36,0,0,,,26,0,0,0,0,0,1,1,0,0,0,0,314,277,0,0,0,77,10000.85,157.62,60,8652.77,157.62,2,1524.13,18.45,5,4,3311.44,256.92,6.24,1,6.24,1,0.0,0,100.0,1,0.0,0,5.1,24.08,53.6,5.1,17.22,5,65.99,0,AJ-24,36,24,1,0,34.08236559605813,-118.22857384064532,detection_avg,0.5565884436638346,recreation_center_count,business_sites_count,0.022518253370872064
411,1182,30,US,369,BlockApportionment:US.BlockGroups;PointsLayer:US.BlockPoints,2.191,2.576,1,127,162,2553,148,70.27,77,1.22,3,US,431,BlockApportionment:US.BlockGroups;PointsLayer:US.BlockPoints,2.191,2.576,1,83,86,21.24,0.9,7.49,8.75,30.46,15.83,4.93,26.51,api_test_workflow_v8_remaining_location_deduped_final_after10_30_2026-05-23,34.08750437,-118.22531405,"2615 N MCCLURE ST, 90065",90.0,34.087504372_-118.225314051_90.jpg,1.0,0.8742,tent,1.295,17.47,29.74,16.36,0,0,,,26,0,0,0,0,0,1,1,0,0,0,0,314,277,0,0,0,77,10000.85,157.62,60,8652.77,157.62,2,1524.13,18.45,5,4,3311.44,256.92,6.24,1,6.24,1,0.0,0,100.0,1,0.0,0,5.1,24.08,53.6,5.1,17.22,5,65.99,0,AJ-24,36,24,1,0,34.08236559605813,-118.22857384064532,detection_avg,0.5565884436638346,recreation_center_count,business_sites_count,0.022518253370872064
412,1494,30,US,369,BlockApportionment:US.BlockGroups;PointsLayer:US.BlockPoints,2.191,2.576,1,127,162,2553,148,70.27,77,1.22,3,US,431,BlockApportionment:US.BlockGroups;PointsLayer:US.BlockPoints,2.191,2.576,1,83,86,21.24,0.9,7.49,8.75,30.46,15.83,4.93,26.51,api_test_workflow_v8_remaining_location_deduped_30pct_after10_2026-05-22,34.08390933,-118.22377179,"2310 N HURON ST, 90065",270.0,34.0839093325_-118.223771788_270.jpg,2.0,0.8761,tent,1.295,17.47,29.74,16.36,0,0,,,26,0,0,0,0,0,1,1,0,0,0,0,314,277,0,0,0,77,10000.85,157.62,60,8652.77,157.62,2,1524.13,18.45,5,4,3311.44,256.92,6.24,1,6.24,1,0.0,0,100.0,1,0.0,0,5.1,24.08,53.6,5.1,17.22,5,65.99,0,AJ-24,36,24,1,0,34.08236559605813,-118.22857384064532,detection_avg,0.5565884436638346,recreation_center_count,business_sites_count,0.022518253370872064
413,-1,33,US,184,BlockApportionment:US.BlockGroups;PointsLayer:US.BlockPoints,2.191,2.576,1,219,179,7665,136,16.73,136,2.89,4,US,184,BlockApportionment:US.BlockGroups;PointsLayer:US.BlockPoints,2.191,2.576,1,141,142,6.72,2.63,3.64,1.2,22.69,9.55,3.35,13.08,,,,,,,,,,1.295,17.47,29.74,16.36,0,0,,,0,0,1,0,0,0,0,0,0,0,0,2,168,190,0,0,0,18,1261.66,91.65,18,1261.66,91.65,0,0.0,905.48,18,0,0.0,767.3,0.0,0,0.0,0,0.0,0,100.0,1,0.0,0,6.15,30.76,49.74,1.05,18.45,5,62.97,0,N-31,14,31,0,0,34.007139927332965,-118.47906812819484,reconstructed,0.6075886906994226,burglary_crime_est,food_access_count,0.022458218938280317
414,39,31,US,473,BlockApportionment:US.BlockGroups;PointsLayer:US.BlockPoints,2.191,2.576,1,64,104,9356,162,14.14,85,1.16,5,US,432,BlockApportionment:US.BlockGroups;PointsLayer:US.BlockPoints,2.191,2.576,1,90,92,12.73,0.78,2.38,1.62,41.69,10.15,2.8,24.53,api_test_workflow_v2_10pct_model6_2026-05-06_live,34.16253852,-118.52252386,"17900 W SANTA RITA ST, 91316",180.0,34.1625385164_-118.522523864_180.jpg,1.0,0.8243,tent,1.295,17.47,29.74,16.36,0,0,,,68,0,0,1,0,1,2,0,0,0,0,1,1041,1060,0,0,2,27,1232.86,202.63,0,0.0,878.35,5,822.25,382.2,21,0,0.0,877.14,0.0,0,0.0,0,0.0,0,100.0,1,0.0,0,2.19,16.68,62.25,3.95,17.12,5,72.92,0,J-17,10,17,3,0,34.16128734596584,-118.52461803584708,detection_avg,0.6002142382206218,total_population,osm_amenity_count,0.026715229229332005
415,1528,34,US,185,BlockApportionment:US.BlockGroups;PointsLayer:US.BlockPoints,2.191,2.576,1,134,129,5034,124,25.71,179,3.8,6,US,185,BlockApportionment:US.BlockGroups;PointsLayer:US.BlockPoints,2.191,2.576,1,166,167,7.57,3.09,1.84,1.07,21.41,6.43,4.18,15.95,api_test_workflow_v8_remaining_location_deduped_10pct_2026-05-22,33.99901604,-118.4702723,"641 E FLOWER AVE, 90291",90.0,33.9990160391_-118.470272303_90.jpg,1.0,0.6357,tent,1.295,17.47,29.74,16.36,0,0,,,0,0,0,0,0,0,0,0,0,0,0,0,500,495,0,2,0,41,1232.68,155.69,41,1232.68,155.69,1,134.09,494.52,27,2,1449.39,150.99,0.0,0,0.0,0,0.0,0,100.0,1,0.0,0,3.25,33.89,43.28,1.05,21.77,5,59.32,0,O-31,15,31,0,0,34.00706292564166,-118.46768190980418,detection_avg,0.6242937664210043,transit_stops_count,food_access_count,-0.039028013552778226
416,-1,32,US,474,BlockApportionment:US.BlockGroups;PointsLayer:US.BlockPoints,2.191,2.576,1,54,105,1105,102,9.5,169,0.23,7,US,433,BlockApportionment:US.BlockGroups;PointsLayer:US.BlockPoints,2.191,2.576,1,170,178,13.89,0.22,2.55,0.23,17.12,3.49,1.14,10.68,,,,,,,,,,1.295,17.47,29.74,16.36,0,0,,,17,0,0,0,0,0,0,0,0,0,0,4,782,751,0,0,0,22,1006.11,426.3,0,0.0,1480.88,0,0.0,757.24,22,0,0.0,1486.21,0.0,0,0.0,0,0.0,0,100.0,1,0.0,0,7.48,42.04,33.07,1.74,23.15,5,50.9,1,K-17,11,17,0,1,34.16121034427454,-118.51323181745644,reconstructed,0.6433443383822953,burglary_crime_est,food_access_count,-0.018190270443029028
417,1,35,US,186,BlockApportionment:US.BlockGroups;PointsLayer:US.BlockPoints,2.191,2.576,1,172,169,2396,67,17.78,211,2.68,8,US,186,BlockApportionment:US.BlockGroups;PointsLayer:US.BlockPoints,2.191,2.576,1,189,187,7.57,2.37,0.86,0.28,17.07,8.02,1.47,11.34,api_test_workflow_v2_10pct_model6_2026-05-06_live,34.00545703,-118.45672371,"1500 S GLYNDON AVE, 90291",0.0,34.0054570289_-118.456723713_0.jpg,1.0,0.6825,tent,1.295,17.47,29.74,16.36,0,0,,,0,0,1,0,0,0,0,2,0,0,0,0,195,202,0,0,0,0,0.0,1214.95,0,0.0,1214.95,0,0.0,726.14,3,0,0.0,1211.5,0.0,0,0.0,0,0.0,0,100.0,1,0.0,0,6.94,40.77,35.5,1.23,22.5,5,52.77,0,P-31,16,31,0,0,34.00698592395036,-118.45629569141352,detection_avg,0.6039240601374389,recreation_center_count,business_sites_count,0.028764010254877067
418,778,36,US,187,BlockApportionment:US.BlockGroups;PointsLayer:US.BlockPoints,2.191,2.576,1,93,88,4359,119,21.17,166,1.67,9,US,187,BlockApportionment:US.BlockGroups;PointsLayer:US.BlockPoints,2.191,2.576,1,166,167,8.03,1.25,1.3,0.42,39.12,3.47,1.08,18.21,api_test_workflow_v2_30pct_model6_2026-05-08,33.99871966,-118.44753919,"WALGROVE AVE AT LUCILLE AVE, 90066",90.0,33.9987196581_-118.447539187_90.jpg,1.0,0.6774,tent,1.295,17.47,29.74,16.36,0,0,,,12,0,0,0,0,2,0,0,0,0,0,0,591,558,0,1,4,8,1027.07,550.67,0,0.0,1215.76,0,0.0,1708.54,4,0,0.0,1212.24,0.0,0,0.0,0,0.0,0,100.0,1,0.0,0,2.72,32.34,37.79,3.08,26.8,5,55.64,1,Q-31,17,31,2,1,34.00690892225906,-118.44490947302288,detection_avg,0.6371623300464573,burglary_crime_est,food_access_count,0.05632107212272623
419,1901,36,US,187,BlockApportionment:US.BlockGroups;PointsLayer:US.BlockPoints,2.191,2.576,1,93,88,4359,119,21.17,166,1.67,9,US,187,BlockApportionment:US.BlockGroups;PointsLayer:US.BlockPoints,2.191,2.576,1,166,167,8.03,1.25,1.3,0.42,39.12,3.47,1.08,18.21,api_test_workflow_v8_remaining_location_deduped_final_after10_30_2026-05-23,33.99856833,-118.44894327,"2233 S GLENCOE AVE, 90291",180.0,33.9985683304_-118.44894327_180.jpg,1.0,0.9078,tent,1.295,17.47,29.74,16.36,0,0,,,12,0,0,0,0,2,0,0,0,0,0,0,591,558,0,1,4,8,1027.07,550.67,0,0.0,1215.76,0,0.0,1708.54,4,0,0.0,1212.24,0.0,0,0.0,0,0.0,0,100.0,1,0.0,0,2.72,32.34,37.79,3.08,26.8,5,55.64,0,Q-31,17,31,2,0,34.00690892225906,-118.44490947302288,detection_avg,0.6371623300464573,burglary_crime_est,food_access_count,0.05632107212272623
420,-1,33,US,475,BlockApportionment:US.BlockGroups;PointsLayer:US.BlockPoints,2.191,2.576,1,45,111,3065,298,10.96,168,1.49,10,US,434,BlockApportionment:US.BlockGroups;PointsLayer:US.BlockPoints,2.191,2.576,1,188,188,11.61,2.29,1.01,1.26,29.59,10.04,0.33,18.56,,,,,,,,,,1.295,17.47,29.74,16.36,0,0,,,33,0,1,0,0,1,1,1,0,0,0,4,785,799,0,1,1,36,2047.04,207.1,0,0.0,752.48,4,170.71,547.1,22,0,0.0,765.54,0.0,0,0.0,0,0.0,0,99.67,1,0.0,0,5.71,28.91,48.51,3.25,19.33,5,62.24,3,L-17,12,17,2,1,34.161133342583234,-118.50184559906576,reconstructed,0.605358848694905,recreation_center_count,business_sites_count,-0.028287237823171475
421,1331,37,US,188,BlockApportionment:US.BlockGroups;PointsLayer:US.BlockPoints,2.191,2.576,1,84,88,4975,140,24.94,125,3.47,11,US,188,BlockApportionment:US.BlockGroups;PointsLayer:US.BlockPoints,2.191,2.576,1,149,149,11.12,2.72,3.95,1.89,22.73,6.4,2.62,18.45,api_test_workflow_v2_remaining_model6_2026-05-08,34.00538632,-118.43088631,"12125 W VENICE BLVD, 90066",0.0,34.0053863191_-118.430886307_0.jpg,2.0,0.6476,tent,1.295,17.47,29.74,16.36,0,0,,,18,0,0,1,0,0,1,0,0,0,0,3,741,749,0,0,0,19,1265.23,523.7,0,0.0,1411.4,0,0.0,894.94,14,0,0.0,1415.59,0.0,0,0.0,0,0.0,0,100.0,1,0.0,0,4.65,27.26,46.36,3.16,23.23,5,61.06,0,R-31,18,31,1,0,34.006831920567755,-118.43352325463223,detection_avg,0.6333335925031409,total_population,osm_amenity_count,-0.021030747940050207
422,1332,37,US,188,BlockApportionment:US.BlockGroups;PointsLayer:US.BlockPoints,2.191,2.576,1,84,88,4975,140,24.94,125,3.47,11,US,188,BlockApportionment:US.BlockGroups;PointsLayer:US.BlockPoints,2.191,2.576,1,149,149,11.12,2.72,3.95,1.89,22.73,6.4,2.62,18.45,api_test_workflow_v2_remaining_model6_2026-05-08,34.00538632,-118.43088631,"12125 W VENICE BLVD, 90066",180.0,34.0053863191_-118.430886307_180.jpg,2.0,0.8281,tent,1.295,17.47,29.74,16.36,0,0,,,18,0,0,1,0,0,1,0,0,0,0,3,741,749,0,0,0,19,1265.23,523.7,0,0.0,1411.4,0,0.0,894.94,14,0,0.0,1415.59,0.0,0,0.0,0,0.0,0,100.0,1,0.0,0,4.65,27.26,46.36,3.16,23.23,5,61.06,0,R-31,18,31,1,0,34.006831920567755,-118.43352325463223,detection_avg,0.6333335925031409,total_population,osm_amenity_count,-0.021030747940050207
423,-1,38,US,189,BlockApportionment:US.BlockGroups;PointsLayer:US.BlockPoints,2.191,2.576,1,136,115,7278,74,36.91,130,1.04,12,US,189,BlockApportionment:US.BlockGroups;PointsLayer:US.BlockPoints,2.191,2.576,1,132,132,10.35,1.11,5.97,3.59,19.64,6.46,3.59,19.42,,,,,,,,,,1.295,17.47,29.74,16.36,0,0,,,6,0,1,0,0,1,1,0,0,0,0,0,722,766,0,0,0,8,947.47,562.94,0,0.0,809.07,1,1183.14,199.64,9,0,0.0,870.05,0.0,0,0.0,0,0.0,0,100.0,1,0.0,0,2.73,31.31,40.99,1.76,25.95,5,57.87,0,S-31,19,31,2,0,34.00675491887645,-118.42213703624158,reconstructed,0.6340101633908529,pct_no_schooling,osm_amenity_count,0.017004558170855694
424,-1,34,US,476,BlockApportionment:US.BlockGroups;PointsLayer:US.BlockPoints,2.191,2.576,1,95,220,1859,148,8.61,242,2.43,13,US,435,BlockApportionment:US.BlockGroups;PointsLayer:US.BlockPoints,2.191,2.576,1,177,174,9.02,2.21,2.06,0.34,16.06,6.39,2.5,23.13,,,,,,,,,,1.295,17.47,29.74,16.36,0,0,,,18,1,0,0,0,0,1,0,0,0,0,0,1847,1874,0,0,0,16,1296.41,23.25,0,0.0,797.6,8,2680.88,175.79,14,0,0.0,824.99,0.0,0,0.0,0,0.0,0,97.05,1,0.0,0,5.32,32.1,43.35,3.35,21.2,5,58.75,5,M-17,13,17,1,1,34.16105634089193,-118.49045938067512,reconstructed,0.6182486052680147,private_school_count,nearest_osm_major_road_m,0.04080782397519755
425,-1,39,US,190,BlockApportionment:US.BlockGroups;PointsLayer:US.BlockPoints,2.191,2.576,1,244,183,5214,95,32.95,138,1.34,14,US,190,BlockApportionment:US.BlockGroups;PointsLayer:US.BlockPoints,2.191,2.576,1,138,140,9.5,1.24,1.61,2.1,32.7,8.74,2.2,14.74,,,,,,,,,,1.295,17.47,29.74,16.36,0,0,,,0,0,1,0,0,1,1,0,1,0,0,1,244,214,0,0,0,56,5452.27,325.17,53,5180.78,325.17,0,0.0,640.07,35,2,2041.13,330.98,0.0,0,0.0,0,0.0,0,100.0,1,0.0,0,3.6,21.86,60.76,2.19,15.19,5,71.45,1,T-31,20,31,2,1,34.006677917185144,-118.41075081785092,reconstructed,0.6389657631358047,total_population,osm_amenity_count,-0.07183477737441582
426,-1,40,US,191,BlockApportionment:US.BlockGroups;PointsLayer:US.BlockPoints,2.191,2.576,1,140,134,4139,98,18.58,183,2.26,15,US,191,BlockApportionment:US.BlockGroups;PointsLayer:US.BlockPoints,2.191,2.576,1,173,174,7.81,2.02,2.64,3.11,22.6,1.3,2.86,21.93,,,,,,,,,,1.295,17.47,29.74,16.36,0,0,,,0,0,0,1,0,4,0,1,3,0,0,1,201,230,0,0,0,24,1360.74,515.59,0,0.0,876.56,16,2753.48,26.12,14,0,0.0,880.53,0.0,0,0.0,0,0.0,0,100.0,1,0.0,0,1.76,21.33,49.34,2.63,26.69,5,64.01,0,U-31,21,31,4,0,34.00660091549384,-118.39936459946028,reconstructed,0.6213560106191213,water_proxy_pct,bare_ground_proxy_pct,0.021509028371158957
427,95,35,US,370,BlockApportionment:US.BlockGroups;PointsLayer:US.BlockPoints,2.191,2.576,1,144,172,7374,176,64.96,80,1.12,16,US,436,BlockApportionment:US.BlockGroups;PointsLayer:US.BlockPoints,2.191,2.576,1,82,89,21.69,0.95,8.72,11.56,32.4,25.02,5.08,28.32,api_test_workflow_v2_20pct_model6_2026-05-07,34.07800761,-118.22196384,"316 W AVENUE 21, 90031",0.0,34.0780076115_-118.22196384_0.jpg,1.0,0.664,tent,1.295,17.47,29.74,16.36,0,0,,,37,0,1,1,0,3,0,0,0,0,0,0,631,655,0,2,3,65,10147.5,196.61,51,8972.95,364.2,1,878.02,519.04,5,4,3167.31,377.76,0.0,0,0.0,0,0.0,0,100.0,1,0.0,0,2.02,15.25,65.21,2.19,17.35,5,75.04,0,AK-24,37,24,3,0,34.08228859436683,-118.21718762225468,detection_avg,0.5829435954893786,transit_stops_count,food_access_count,0.028089713623282133
428,105,35,US,370,BlockApportionment:US.BlockGroups;PointsLayer:US.BlockPoints,2.191,2.576,1,144,172,7374,176,64.96,80,1.12,16,US,436,BlockApportionment:US.BlockGroups;PointsLayer:US.BlockPoints,2.191,2.576,1,82,89,21.69,0.95,8.72,11.56,32.4,25.02,5.08,28.32,api_test_workflow_v2_30pct_model6_2026-05-08,34.0782465,-118.2221058,"326 N AVENUE 21, 90031",90.0,34.078246497_-118.2221058_90.jpg,2.0,0.9209,tent,1.295,17.47,29.74,16.36,0,0,,,37,0,1,1,0,3,0,0,0,0,0,0,631,655,0,2,3,65,10147.5,196.61,51,8972.95,364.2,1,878.02,519.04,5,4,3167.31,377.76,0.0,0,0.0,0,0.0,0,100.0,1,0.0,0,2.02,15.25,65.21,2.19,17.35,5,75.04,0,AK-24,37,24,3,0,34.08228859436683,-118.21718762225468,detection_avg,0.5829435954893786,transit_stops_count,food_access_count,0.028089713623282133
429,182,35,US,370,BlockApportionment:US.BlockGroups;PointsLayer:US.BlockPoints,2.191,2.576,1,144,172,7374,176,64.96,80,1.12,16,US,436,BlockApportionment:US.BlockGroups;PointsLayer:US.BlockPoints,2.191,2.576,1,82,89,21.69,0.95,8.72,11.56,32.4,25.02,5.08,28.32,api_test_workflow_v2_remaining_model6_2026-05-08,34.07516621,-118.21689236,"126 S AVENUE 24, 90031",0.0,34.0751662063_-118.216892361_0.jpg,2.0,0.8627,tent,1.295,17.47,29.74,16.36,0,0,,,37,0,1,1,0,3,0,0,0,0,0,0,631,655,0,2,3,65,10147.5,196.61,51,8972.95,364.2,1,878.02,519.04,5,4,3167.31,377.76,0.0,0,0.0,0,0.0,0,100.0,1,0.0,0,2.02,15.25,65.21,2.19,17.35,5,75.04,0,AK-24,37,24,3,0,34.08228859436683,-118.21718762225468,detection_avg,0.5829435954893786,transit_stops_count,food_access_count,0.028089713623282133
430,183,35,US,370,BlockApportionment:US.BlockGroups;PointsLayer:US.BlockPoints,2.191,2.576,1,144,172,7374,176,64.96,80,1.12,16,US,436,BlockApportionment:US.BlockGroups;PointsLayer:US.BlockPoints,2.191,2.576,1,82,89,21.69,0.95,8.72,11.56,32.4,25.02,5.08,28.32,api_test_workflow_v2_remaining_model6_2026-05-08,34.07516621,-118.21689236,"126 S AVENUE 24, 90031",90.0,34.0751662063_-118.216892361_90.jpg,1.0,0.7271,tent,1.295,17.47,29.74,16.36,0,0,,,37,0,1,1,0,3,0,0,0,0,0,0,631,655,0,2,3,65,10147.5,196.61,51,8972.95,364.2,1,878.02,519.04,5,4,3167.31,377.76,0.0,0,0.0,0,0.0,0,100.0,1,0.0,0,2.02,15.25,65.21,2.19,17.35,5,75.04,0,AK-24,37,24,3,0,34.08228859436683,-118.21718762225468,detection_avg,0.5829435954893786,transit_stops_count,food_access_count,0.028089713623282133
431,358,35,US,370,BlockApportionment:US.BlockGroups;PointsLayer:US.BlockPoints,2.191,2.576,1,144,172,7374,176,64.96,80,1.12,16,US,436,BlockApportionment:US.BlockGroups;PointsLayer:US.BlockPoints,2.191,2.576,1,82,89,21.69,0.95,8.72,11.56,32.4,25.02,5.08,28.32,api_test_workflow_v2_5pct_fresh_2026-04-28,34.07829192,-118.22243418,"333 N AVENUE 21, 90031",0.0,34.0782919237_-118.222434175_0.jpg,1.0,0.6176,tent,1.295,17.47,29.74,16.36,0,0,,,37,0,1,1,0,3,0,0,0,0,0,0,631,655,0,2,3,65,10147.5,196.61,51,8972.95,364.2,1,878.02,519.04,5,4,3167.31,377.76,0.0,0,0.0,0,0.0,0,100.0,1,0.0,0,2.02,15.25,65.21,2.19,17.35,5,75.04,0,AK-24,37,24,3,0,34.08228859436683,-118.21718762225468,detection_avg,0.5829435954893786,transit_stops_count,food_access_count,0.028089713623282133
432,359,35,US,370,BlockApportionment:US.BlockGroups;PointsLayer:US.BlockPoints,2.191,2.576,1,144,172,7374,176,64.96,80,1.12,16,US,436,BlockApportionment:US.BlockGroups;PointsLayer:US.BlockPoints,2.191,2.576,1,82,89,21.69,0.95,8.72,11.56,32.4,25.02,5.08,28.32,api_test_workflow_v2_5pct_fresh_2026-04-28,34.07829192,-118.22243418,"333 N AVENUE 21, 90031",180.0,34.0782919237_-118.222434175_180.jpg,1.0,0.7276,tent,1.295,17.47,29.74,16.36,0,0,,,37,0,1,1,0,3,0,0,0,0,0,0,631,655,0,2,3,65,10147.5,196.61,51,8972.95,364.2,1,878.02,519.04,5,4,3167.31,377.76,0.0,0,0.0,0,0.0,0,100.0,1,0.0,0,2.02,15.25,65.21,2.19,17.35,5,75.04,1,AK-24,37,24,3,1,34.08228859436683,-118.21718762225468,detection_avg,0.5829435954893786,transit_stops_count,food_access_count,0.028089713623282133
433,363,35,US,370,BlockApportionment:US.BlockGroups;PointsLayer:US.BlockPoints,2.191,2.576,1,144,172,7374,176,64.96,80,1.12,16,US,436,BlockApportionment:US.BlockGroups;PointsLayer:US.BlockPoints,2.191,2.576,1,82,89,21.69,0.95,8.72,11.56,32.4,25.02,5.08,28.32,api_test_workflow_v2_5pct_fresh_2026-04-28,34.08225089,-118.21975572,"2620 N LACY ST, 90031",270.0,34.0822508864_-118.219755718_270.jpg,1.0,0.8157,tent,1.295,17.47,29.74,16.36,0,0,,,37,0,1,1,0,3,0,0,0,0,0,0,631,655,0,2,3,65,10147.5,196.61,51,8972.95,364.2,1,878.02,519.04,5,4,3167.31,377.76,0.0,0,0.0,0,0.0,0,100.0,1,0.0,0,2.02,15.25,65.21,2.19,17.35,5,75.04,0,AK-24,37,24,3,0,34.08228859436683,-118.21718762225468,detection_avg,0.5829435954893786,transit_stops_count,food_access_count,0.028089713623282133
434,393,35,US,370,BlockApportionment:US.BlockGroups;PointsLayer:US.BlockPoints,2.191,2.576,1,144,172,7374,176,64.96,80,1.12,16,US,436,BlockApportionment:US.BlockGroups;PointsLayer:US.BlockPoints,2.191,2.576,1,82,89,21.69,0.95,8.72,11.56,32.4,25.02,5.08,28.32,api_test_workflow_v2_5pct_fresh_2026-04-28,34.08356615,-118.21276536,"3314 N SMITH ST, 90031",0.0,34.0835661463_-118.212765356_0.jpg,1.0,0.7104,tent,1.295,17.47,29.74,16.36,0,0,,,37,0,1,1,0,3,0,0,0,0,0,0,631,655,0,2,3,65,10147.5,196.61,51,8972.95,364.2,1,878.02,519.04,5,4,3167.31,377.76,0.0,0,0.0,0,0.0,0,100.0,1,0.0,0,2.02,15.25,65.21,2.19,17.35,5,75.04,0,AK-24,37,24,3,0,34.08228859436683,-118.21718762225468,detection_avg,0.5829435954893786,transit_stops_count,food_access_count,0.028089713623282133
435,917,35,US,370,BlockApportionment:US.BlockGroups;PointsLayer:US.BlockPoints,2.191,2.576,1,144,172,7374,176,64.96,80,1.12,16,US,436,BlockApportionment:US.BlockGroups;PointsLayer:US.BlockPoints,2.191,2.576,1,82,89,21.69,0.95,8.72,11.56,32.4,25.02,5.08,28.32,api_test_workflow_v2_20pct_model6_2026-05-07_batch2,34.07817848,-118.22207476,"322 N AVENUE 21, 90031",0.0,34.0781784815_-118.222074756_0.jpg,1.0,0.8887,tent,1.295,17.47,29.74,16.36,0,0,,,37,0,1,1,0,3,0,0,0,0,0,0,631,655,0,2,3,65,10147.5,196.61,51,8972.95,364.2,1,878.02,519.04,5,4,3167.31,377.76,0.0,0,0.0,0,0.0,0,100.0,1,0.0,0,2.02,15.25,65.21,2.19,17.35,5,75.04,0,AK-24,37,24,3,0,34.08228859436683,-118.21718762225468,detection_avg,0.5829435954893786,transit_stops_count,food_access_count,0.028089713623282133
436,918,35,US,370,BlockApportionment:US.BlockGroups;PointsLayer:US.BlockPoints,2.191,2.576,1,144,172,7374,176,64.96,80,1.12,16,US,436,BlockApportionment:US.BlockGroups;PointsLayer:US.BlockPoints,2.191,2.576,1,82,89,21.69,0.95,8.72,11.56,32.4,25.02,5.08,28.32,api_test_workflow_v2_20pct_model6_2026-05-07_batch2,34.07817848,-118.22207476,"322 N AVENUE 21, 90031",90.0,34.0781784815_-118.222074756_90.jpg,1.0,0.6645,tent,1.295,17.47,29.74,16.36,0,0,,,37,0,1,1,0,3,0,0,0,0,0,0,631,655,0,2,3,65,10147.5,196.61,51,8972.95,364.2,1,878.02,519.04,5,4,3167.31,377.76,0.0,0,0.0,0,0.0,0,100.0,1,0.0,0,2.02,15.25,65.21,2.19,17.35,5,75.04,0,AK-24,37,24,3,0,34.08228859436683,-118.21718762225468,detection_avg,0.5829435954893786,transit_stops_count,food_access_count,0.028089713623282133
437,1488,35,US,370,BlockApportionment:US.BlockGroups;PointsLayer:US.BlockPoints,2.191,2.576,1,144,172,7374,176,64.96,80,1.12,16,US,436,BlockApportionment:US.BlockGroups;PointsLayer:US.BlockPoints,2.191,2.576,1,82,89,21.69,0.95,8.72,11.56,32.4,25.02,5.08,28.32,api_test_workflow_v8_remaining_location_deduped_30pct_after10_2026-05-22,34.08026823,-118.21754388,"2630 N HUMBOLDT ST, 90031",270.0,34.0802682306_-118.217543884_270.jpg,1.0,0.9014,tent,1.295,17.47,29.74,16.36,0,0,,,37,0,1,1,0,3,0,0,0,0,0,0,631,655,0,2,3,65,10147.5,196.61,51,8972.95,364.2,1,878.02,519.04,5,4,3167.31,377.76,0.0,0,0.0,0,0.0,0,100.0,1,0.0,0,2.02,15.25,65.21,2.19,17.35,5,75.04,1,AK-24,37,24,3,1,34.08228859436683,-118.21718762225468,detection_avg,0.5829435954893786,transit_stops_count,food_access_count,0.028089713623282133
438,1849,35,US,370,BlockApportionment:US.BlockGroups;PointsLayer:US.BlockPoints,2.191,2.576,1,144,172,7374,176,64.96,80,1.12,16,US,436,BlockApportionment:US.BlockGroups;PointsLayer:US.BlockPoints,2.191,2.576,1,82,89,21.69,0.95,8.72,11.56,32.4,25.02,5.08,28.32,api_test_workflow_v8_remaining_location_deduped_final_after10_30_2026-05-23,34.08018415,-118.21767423,"2626 N HUMBOLDT ST, 90031",270.0,34.0801841507_-118.217674234_270.jpg,1.0,0.9526,tent,1.295,17.47,29.74,16.36,0,0,,,37,0,1,1,0,3,0,0,0,0,0,0,631,655,0,2,3,65,10147.5,196.61,51,8972.95,364.2,1,878.02,519.04,5,4,3167.31,377.76,0.0,0,0.0,0,0.0,0,100.0,1,0.0,0,2.02,15.25,65.21,2.19,17.35,5,75.04,1,AK-24,37,24,3,1,34.08228859436683,-118.21718762225468,detection_avg,0.5829435954893786,transit_stops_count,food_access_count,0.028089713623282133
439,-1,41,US,192,BlockApportionment:US.BlockGroups;PointsLayer:US.BlockPoints,2.191,2.576,1,65,167,3282,167,16.79,132,4.26,17,US,192,BlockApportionment:US.BlockGroups;PointsLayer:US.BlockPoints,2.191,2.576,1,125,126,8.59,3.9,0.37,0.49,33.1,7.71,3.31,11.47,,,,,,,,,,1.295,17.47,29.74,16.36,0,0,,,0,0,0,0,1,0,1,0,0,0,0,2,75,64,0,0,0,30,2095.02,214.6,0,0.0,2092.81,6,2205.12,89.13,1,0,0.0,2101.27,0.0,0,0.0,0,0.0,0,100.0,1,0.0,0,5.8,33.07,40.28,2.2,24.45,5,56.46,0,V-31,22,31,1,0,34.00652391380254,-118.38797838106964,reconstructed,0.5864009685017559,pct_veterans,public_school_count,-0.01748765385639889
440,1442,42,US,193,BlockApportionment:US.BlockGroups;PointsLayer:US.BlockPoints,2.191,2.576,1,145,125,6486,174,18.1,76,3.41,18,US,193,BlockApportionment:US.BlockGroups;PointsLayer:US.BlockPoints,2.191,2.576,1,84,82,23.09,4.28,3.7,1.5,46.45,21.38,5.93,21.35,api_test_workflow_v8_remaining_location_deduped_30pct_after10_2026-05-22,34.00740861,-118.34285582,"3842 W DON FELIPE DR, 90008",180.0,34.007408612_-118.34285582_180.jpg,1.0,0.8284,tent,1.295,17.47,29.74,16.36,0,0,,,42,0,0,0,0,0,0,1,1,0,0,1,550,539,0,2,2,14,934.69,564.46,0,0.0,2778.3,0,0.0,2508.11,5,0,0.0,2839.18,13.06,1,0.0,0,1.04,1,100.0,1,0.0,0,3.42,20.9,59.35,1.4,18.35,5,70.52,0,Z-31,26,31,0,0,34.00621590703733,-118.34243350750702,detection_avg,0.5765815240268188,transit_stops_count,food_access_count,0.022737353301014483
441,1147,43,US,194,BlockApportionment:US.BlockGroups;PointsLayer:US.BlockPoints,2.191,2.576,1,163,144,5702,231,18.48,84,5.13,19,US,194,BlockApportionment:US.BlockGroups;PointsLayer:US.BlockPoints,2.191,2.576,1,86,88,15.27,6.45,0.87,1.07,42.63,15.24,3.55,27.19,api_test_workflow_v8_remaining_location_deduped_final_after10_30_2026-05-23,34.0046622,-118.33014176,"4366 S LEIMERT BLVD, 90008",90.0,34.0046621951_-118.330141765_90.jpg,1.0,0.8062,tent,1.295,17.47,29.74,16.36,0,0,,,95,0,0,0,1,0,0,0,0,0,0,0,777,756,0,1,1,43,3765.41,28.42,0,0.0,3450.9,0,0.0,3587.72,12,0,0.0,3508.27,32.77,1,0.0,0,6.31,1,100.0,1,0.0,0,2.72,20.37,55.84,1.23,22.56,5,68.27,0,AA-31,27,31,0,0,34.00613890534603,-118.33104728911636,detection_avg,0.5753838525978828,total_population,osm_amenity_count,-0.025712027084693626
442,1294,43,US,194,BlockApportionment:US.BlockGroups;PointsLayer:US.BlockPoints,2.191,2.576,1,163,144,5702,231,18.48,84,5.13,19,US,194,BlockApportionment:US.BlockGroups;PointsLayer:US.BlockPoints,2.191,2.576,1,86,88,15.27,6.45,0.87,1.07,42.63,15.24,3.55,27.19,api_test_workflow_v8_remaining_location_deduped_30pct_after10_2026-05-22,34.00573617,-118.32998024,"3313 W 43RD ST, 90008",90.0,34.0057361687_-118.329980236_90.jpg,1.0,0.8166,tent,1.295,17.47,29.74,16.36,0,0,,,95,0,0,0,1,0,0,0,0,0,0,0,777,756,0,1,1,43,3765.41,28.42,0,0.0,3450.9,0,0.0,3587.72,12,0,0.0,3508.27,32.77,1,0.0,0,6.31,1,100.0,1,0.0,0,2.72,20.37,55.84,1.23,22.56,5,68.27,0,AA-31,27,31,0,0,34.00613890534603,-118.33104728911636,detection_avg,0.5753838525978828,total_population,osm_amenity_count,-0.025712027084693626
443,-1,36,US,477,BlockApportionment:US.BlockGroups;PointsLayer:US.BlockPoints,2.191,2.576,1,118,225,2002,95,10.19,178,2.29,20,US,437,BlockApportionment:US.BlockGroups;PointsLayer:US.BlockPoints,2.191,2.576,1,177,176,13.93,1.43,8.45,0.0,55.0,6.23,3.27,25.41,,,,,,,,,,1.295,17.47,29.74,16.36,0,0,,,0,0,0,0,0,0,0,0,0,0,0,0,225,226,0,0,0,15,4263.43,222.77,13,3123.81,222.77,4,3575.28,258.76,0,5,2419.51,221.7,1.52,1,0.0,0,0.0,0,96.62,1,0.0,0,7.02,35.18,33.77,2.89,28.16,5,51.53,0,N-17,14,17,0,0,34.16097933920063,-118.47907316228448,reconstructed,0.5883269987850344,water_proxy_pct,bare_ground_proxy_pct,0.02907611375178316
444,-1,44,US,195,BlockApportionment:US.BlockGroups;PointsLayer:US.BlockPoints,2.191,2.576,1,156,138,6491,119,39.96,75,4.17,21,US,195,BlockApportionment:US.BlockGroups;PointsLayer:US.BlockPoints,2.191,2.576,1,77,78,19.12,3.48,6.67,4.19,29.88,16.3,4.48,24.9,,,,,,,,,,1.295,17.47,29.74,16.36,0,0,,,53,0,0,0,0,3,1,0,1,0,0,0,625,570,0,2,5,39,2467.76,211.0,0,0.0,2993.28,0,0.0,4593.21,3,0,0.0,2998.78,67.47,1,0.0,0,14.98,1,100.0,1,0.0,0,2.89,19.39,62.72,1.75,16.14,5,73.04,0,AB-31,28,31,4,0,34.006061903654725,-118.31966107072572,reconstructed,0.622755716810469,pct_veterans,public_school_count,0.036673602875489576
445,1531,45,US,196,BlockApportionment:US.BlockGroups;PointsLayer:US.BlockPoints,2.191,2.576,1,177,164,7542,140,64.43,89,1.86,22,US,196,BlockApportionment:US.BlockGroups;PointsLayer:US.BlockPoints,2.191,2.576,1,84,86,21.43,1.65,8.67,7.27,39.13,18.45,9.54,35.15,api_test_workflow_v8_remaining_location_deduped_10pct_2026-05-22,34.00648494,-118.31256828,"1835 W 42ND PL, 90062",180.0,34.0064849449_-118.312568281_180.jpg,1.0,0.6803,tent,1.295,17.47,29.74,16.36,0,0,,,42,0,0,0,0,2,2,0,0,0,0,1,567,511,0,1,5,12,1222.92,62.68,0,0.0,2464.83,0,0.0,5637.63,2,0,0.0,2503.79,68.22,1,0.0,0,13.49,1,100.0,1,0.0,0,0.62,14.15,65.55,1.05,19.24,5,75.7,1,AC-31,29,31,4,1,34.00598490196342,-118.30827485233507,detection_avg,0.6286224177507973,pct_public_assistance,la_geohub_500yr_flood_area_pct,-0.04532194542553496
446,1262,37,US,371,BlockApportionment:US.BlockGroups;PointsLayer:US.BlockPoints,2.191,2.576,1,143,130,4657,221,71.35,118,1.65,23,US,438,BlockApportionment:US.BlockGroups;PointsLayer:US.BlockPoints,2.191,2.576,1,111,117,19.26,1.45,8.85,8.92,28.43,21.12,7.29,25.22,api_test_workflow_v8_remaining_location_deduped_30pct_after10_2026-05-22,34.08295913,-118.20822032,"491 E FENN ST, 90031",90.0,34.0829591269_-118.208220317_90.jpg,2.0,0.7636,tent,1.295,17.47,29.74,16.36,0,0,,,28,0,0,0,0,1,0,0,0,0,0,0,279,274,0,0,2,3,1520.14,465.56,3,1520.14,465.56,1,818.0,443.53,0,2,1519.06,466.94,0.0,0,0.0,0,0.0,0,100.0,1,0.0,0,10.1,48.38,29.59,2.9,19.14,5,47.68,1,AL-24,38,24,1,1,34.08221159267553,-118.20580140386404,detection_avg,0.5822218281421518,total_crime_est,nearest_osm_major_road_m,0.015256954207870297
447,602,46,US,197,BlockApportionment:US.BlockGroups;PointsLayer:US.BlockPoints,2.191,2.576,1,169,156,10367,162,74.41,72,0.94,24,US,197,BlockApportionment:US.BlockGroups;PointsLayer:US.BlockPoints,2.191,2.576,1,70,71,20.06,1.32,8.29,6.91,29.11,23.86,12.11,31.91,api_test_workflow_v2_remaining_model6_2026-05-08,34.00537209,-118.29301828,"1040 W 43RD ST, 90037",90.0,34.0053720927_-118.293018283_90.jpg,1.0,0.6681,tent,1.295,17.47,29.74,16.36,0,0,,,62,0,0,0,0,2,1,0,0,0,0,1,733,642,0,3,4,34,2098.91,219.21,0,0.0,1411.12,0,0.0,5811.49,7,0,0.0,1447.19,77.97,1,0.0,0,4.78,1,100.0,1,0.0,0,1.67,12.65,72.67,0.62,14.06,5,80.37,0,AD-31,30,31,3,0,34.00590790027211,-118.29688863394442,detection_avg,0.6316652007134227,pct_household_disability,fema_flood_hazard_area_pct,-0.026991994583875762
448,762,47,US,198,BlockApportionment:US.BlockGroups;PointsLayer:US.BlockPoints,2.191,2.576,1,161,149,12834,190,81.72,60,1.06,25,US,198,BlockApportionment:US.BlockGroups;PointsLayer:US.BlockPoints,2.191,2.576,1,56,58,17.96,1.03,10.29,9.91,34.27,26.85,7.3,36.59,api_test_workflow_v2_30pct_model6_2026-05-08,34.00344731,-118.29177503,"4403 S VERMONT AVE, 90037",0.0,34.0034473071_-118.291775032_0.jpg,1.0,0.7511,tent,1.295,17.47,29.74,16.36,0,0,,,60,0,1,0,0,2,0,0,0,0,0,0,800,735,0,0,8,35,5963.73,346.82,28,5509.54,346.82,0,0.0,5927.59,3,2,2069.74,385.79,76.67,1,0.0,0,7.14,1,100.0,1,0.0,0,1.85,10.91,73.53,1.41,14.16,5,80.92,2,AE-31,31,31,2,1,34.00583089858081,-118.28550241555376,detection_avg,0.6293776282656219,transit_stops_count,food_access_count,0.018458966302309913
449,950,47,US,198,BlockApportionment:US.BlockGroups;PointsLayer:US.BlockPoints,2.191,2.576,1,161,149,12834,190,81.72,60,1.06,25,US,198,BlockApportionment:US.BlockGroups;PointsLayer:US.BlockPoints,2.191,2.576,1,56,58,17.96,1.03,10.29,9.91,34.27,26.85,7.3,36.59,api_test_workflow_v2_20pct_model6_2026-05-07_batch2,34.00264954,-118.28036327,"356 1/2 W 45TH ST, 90037",270.0,34.0026495399_-118.280363271_270.jpg,1.0,0.6899,tent,1.295,17.47,29.74,16.36,0,0,,,60,0,1,0,0,2,0,0,0,0,0,0,800,735,0,0,8,35,5963.73,346.82,28,5509.54,346.82,0,0.0,5927.59,3,2,2069.74,385.79,76.67,1,0.0,0,7.14,1,100.0,1,0.0,0,1.85,10.91,73.53,1.41,14.16,5,80.92,0,AE-31,31,31,2,0,34.00583089858081,-118.28550241555376,detection_avg,0.6293776282656219,transit_stops_count,food_access_count,0.018458966302309913
450,1065,47,US,198,BlockApportionment:US.BlockGroups;PointsLayer:US.BlockPoints,2.191,2.576,1,161,149,12834,190,81.72,60,1.06,25,US,198,BlockApportionment:US.BlockGroups;PointsLayer:US.BlockPoints,2.191,2.576,1,56,58,17.96,1.03,10.29,9.91,34.27,26.85,7.3,36.59,api_test_workflow_v8_remaining_location_deduped_30pct_after10_2026-05-22,34.00157075,-118.28887038,"4600 S ORCHARD AVE, 90037",90.0,34.0015707517_-118.28887038_90.jpg,1.0,0.7315,tent,1.295,17.47,29.74,16.36,0,0,,,60,0,1,0,0,2,0,0,0,0,0,0,800,735,0,0,8,35,5963.73,346.82,28,5509.54,346.82,0,0.0,5927.59,3,2,2069.74,385.79,76.67,1,0.0,0,7.14,1,100.0,1,0.0,0,1.85,10.91,73.53,1.41,14.16,5,80.92,1,AE-31,31,31,2,1,34.00583089858081,-118.28550241555376,detection_avg,0.6293776282656219,transit_stops_count,food_access_count,0.018458966302309913
451,1249,47,US,198,BlockApportionment:US.BlockGroups;PointsLayer:US.BlockPoints,2.191,2.576,1,161,149,12834,190,81.72,60,1.06,25,US,198,BlockApportionment:US.BlockGroups;PointsLayer:US.BlockPoints,2.191,2.576,1,56,58,17.96,1.03,10.29,9.91,34.27,26.85,7.3,36.59,api_test_workflow_v8_remaining_location_deduped_30pct_after10_2026-05-22,34.00376143,-118.28113934,"VERNON AVE AT HARBOR FRWY, 90037",90.0,34.0037614265_-118.281139344_90.jpg,1.0,0.8588,tent,1.295,17.47,29.74,16.36,0,0,,,60,0,1,0,0,2,0,0,0,0,0,0,800,735,0,0,8,35,5963.73,346.82,28,5509.54,346.82,0,0.0,5927.59,3,2,2069.74,385.79,76.67,1,0.0,0,7.14,1,100.0,1,0.0,0,1.85,10.91,73.53,1.41,14.16,5,80.92,0,AE-31,31,31,2,0,34.00583089858081,-118.28550241555376,detection_avg,0.6293776282656219,transit_stops_count,food_access_count,0.018458966302309913
452,1250,47,US,198,BlockApportionment:US.BlockGroups;PointsLayer:US.BlockPoints,2.191,2.576,1,161,149,12834,190,81.72,60,1.06,25,US,198,BlockApportionment:US.BlockGroups;PointsLayer:US.BlockPoints,2.191,2.576,1,56,58,17.96,1.03,10.29,9.91,34.27,26.85,7.3,36.59,api_test_workflow_v8_remaining_location_deduped_30pct_after10_2026-05-22,34.00376143,-118.28113934,"VERNON AVE AT HARBOR FRWY, 90037",270.0,34.0037614265_-118.281139344_270.jpg,1.0,0.7446,tent,1.295,17.47,29.74,16.36,0,0,,,60,0,1,0,0,2,0,0,0,0,0,0,800,735,0,0,8,35,5963.73,346.82,28,5509.54,346.82,0,0.0,5927.59,3,2,2069.74,385.79,76.67,1,0.0,0,7.14,1,100.0,1,0.0,0,1.85,10.91,73.53,1.41,14.16,5,80.92,0,AE-31,31,31,2,0,34.00583089858081,-118.28550241555376,detection_avg,0.6293776282656219,transit_stops_count,food_access_count,0.018458966302309913
453,1454,47,US,198,BlockApportionment:US.BlockGroups;PointsLayer:US.BlockPoints,2.191,2.576,1,161,149,12834,190,81.72,60,1.06,25,US,198,BlockApportionment:US.BlockGroups;PointsLayer:US.BlockPoints,2.191,2.576,1,56,58,17.96,1.03,10.29,9.91,34.27,26.85,7.3,36.59,api_test_workflow_v8_remaining_location_deduped_30pct_after10_2026-05-22,34.00375777,-118.28159007,"VERNON AVE AT FLOWER ST, 90037",0.0,34.003757771_-118.281590065_0.jpg,1.0,0.8597,tent,1.295,17.47,29.74,16.36,0,0,,,60,0,1,0,0,2,0,0,0,0,0,0,800,735,0,0,8,35,5963.73,346.82,28,5509.54,346.82,0,0.0,5927.59,3,2,2069.74,385.79,76.67,1,0.0,0,7.14,1,100.0,1,0.0,0,1.85,10.91,73.53,1.41,14.16,5,80.92,1,AE-31,31,31,2,1,34.00583089858081,-118.28550241555376,detection_avg,0.6293776282656219,transit_stops_count,food_access_count,0.018458966302309913
454,1456,47,US,198,BlockApportionment:US.BlockGroups;PointsLayer:US.BlockPoints,2.191,2.576,1,161,149,12834,190,81.72,60,1.06,25,US,198,BlockApportionment:US.BlockGroups;PointsLayer:US.BlockPoints,2.191,2.576,1,56,58,17.96,1.03,10.29,9.91,34.27,26.85,7.3,36.59,api_test_workflow_v8_remaining_location_deduped_30pct_after10_2026-05-22,34.00375777,-118.28159007,"VERNON AVE AT FLOWER ST, 90037",180.0,34.003757771_-118.281590065_180.jpg,1.0,0.8024,tent,1.295,17.47,29.74,16.36,0,0,,,60,0,1,0,0,2,0,0,0,0,0,0,800,735,0,0,8,35,5963.73,346.82,28,5509.54,346.82,0,0.0,5927.59,3,2,2069.74,385.79,76.67,1,0.0,0,7.14,1,100.0,1,0.0,0,1.85,10.91,73.53,1.41,14.16,5,80.92,1,AE-31,31,31,2,1,34.00583089858081,-118.28550241555376,detection_avg,0.6293776282656219,transit_stops_count,food_access_count,0.018458966302309913
455,1697,47,US,198,BlockApportionment:US.BlockGroups;PointsLayer:US.BlockPoints,2.191,2.576,1,161,149,12834,190,81.72,60,1.06,25,US,198,BlockApportionment:US.BlockGroups;PointsLayer:US.BlockPoints,2.191,2.576,1,56,58,17.96,1.03,10.29,9.91,34.27,26.85,7.3,36.59,api_test_workflow_v8_remaining_location_deduped_final_after10_30_2026-05-23,34.00285918,-118.28052779,"45TH ST AT GRAND AVE, 90037",180.0,34.0028591819_-118.280527791_180.jpg,2.0,0.7213,tent,1.295,17.47,29.74,16.36,0,0,,,60,0,1,0,0,2,0,0,0,0,0,0,800,735,0,0,8,35,5963.73,346.82,28,5509.54,346.82,0,0.0,5927.59,3,2,2069.74,385.79,76.67,1,0.0,0,7.14,1,100.0,1,0.0,0,1.85,10.91,73.53,1.41,14.16,5,80.92,0,AE-31,31,31,2,0,34.00583089858081,-118.28550241555376,detection_avg,0.6293776282656219,transit_stops_count,food_access_count,0.018458966302309913
456,1233,38,US,478,BlockApportionment:US.BlockGroups;PointsLayer:US.BlockPoints,2.191,2.576,1,121,197,3282,69,16.03,133,2.64,26,US,439,BlockApportionment:US.BlockGroups;PointsLayer:US.BlockPoints,2.191,2.576,1,149,153,12.22,2.12,2.44,0.36,34.4,9.57,6.52,18.22,api_test_workflow_v8_remaining_location_deduped_30pct_after10_2026-05-22,34.16105661,-118.46518689,"15252 W VALLEYHEART DR, 91403",180.0,34.1610566052_-118.46518689_180.jpg,1.0,0.7078,tent,1.295,17.47,29.74,16.36,0,0,,,48,0,1,0,0,2,0,0,0,0,0,2,1677,1794,0,0,2,153,15770.35,19.91,98,13539.91,19.91,2,639.67,497.29,13,6,4617.5,23.26,0.0,0,0.68,1,0.0,0,100.0,1,0.0,0,3.26,19.24,62.97,2.49,15.29,5,73.1,4,O-17,15,17,2,1,34.16090233750933,-118.46768694389382,detection_avg,0.6056493654081883,pct_public_assistance,la_geohub_100yr_flood_area_pct,0.02934607764638613
457,10,48,US,199,BlockApportionment:US.BlockGroups;PointsLayer:US.BlockPoints,2.191,2.576,1,160,166,12324,205,88.15,68,0.67,27,US,199,BlockApportionment:US.BlockGroups;PointsLayer:US.BlockPoints,2.191,2.576,1,72,75,19.28,0.71,11.76,11.99,31.88,25.06,7.68,25.95,api_test_workflow_v2_10pct_model6_2026-05-06_live,34.01036178,-118.27858845,"4023 S BROADWAY, 90037",270.0,34.0103617807_-118.278588446_270.jpg,1.0,0.7842,tent,1.295,17.47,29.74,16.36,0,0,,,63,0,0,0,0,2,0,0,0,0,0,0,822,751,0,2,5,35,2417.51,251.07,11,1126.43,577.58,0,0.0,4769.75,1,2,298.91,655.04,63.52,1,0.0,0,8.89,1,100.0,1,0.0,0,0.97,9.04,75.68,0.61,14.66,5,82.68,0,AF-31,32,31,2,0,34.00575389688951,-118.27411619716312,detection_avg,0.5478278949010473,transit_stops_count,food_access_count,-0.01913673395481723
458,43,48,US,199,BlockApportionment:US.BlockGroups;PointsLayer:US.BlockPoints,2.191,2.576,1,160,166,12324,205,88.15,68,0.67,27,US,199,BlockApportionment:US.BlockGroups;PointsLayer:US.BlockPoints,2.191,2.576,1,72,75,19.28,0.71,11.76,11.99,31.88,25.06,7.68,25.95,api_test_workflow_v2_10pct_model6_2026-05-06_live,34.01201847,-118.27711243,"3901 S BROADWAY PL, 90037",180.0,34.0120184695_-118.277112434_180.jpg,1.0,0.8287,tent,1.295,17.47,29.74,16.36,0,0,,,63,0,0,0,0,2,0,0,0,0,0,0,822,751,0,2,5,35,2417.51,251.07,11,1126.43,577.58,0,0.0,4769.75,1,2,298.91,655.04,63.52,1,0.0,0,8.89,1,100.0,1,0.0,0,0.97,9.04,75.68,0.61,14.66,5,82.68,0,AF-31,32,31,2,0,34.00575389688951,-118.27411619716312,detection_avg,0.5478278949010473,transit_stops_count,food_access_count,-0.01913673395481723
459,162,48,US,199,BlockApportionment:US.BlockGroups;PointsLayer:US.BlockPoints,2.191,2.576,1,160,166,12324,205,88.15,68,0.67,27,US,199,BlockApportionment:US.BlockGroups;PointsLayer:US.BlockPoints,2.191,2.576,1,72,75,19.28,0.71,11.76,11.99,31.88,25.06,7.68,25.95,api_test_workflow_v2_remaining_model6_2026-05-08,34.00448631,-118.2721105,"4360 S SAN PEDRO PL, 90011",180.0,34.0044863077_-118.272110495_180.jpg,2.0,0.8285,tent,1.295,17.47,29.74,16.36,0,0,,,63,0,0,0,0,2,0,0,0,0,0,0,822,751,0,2,5,35,2417.51,251.07,11,1126.43,577.58,0,0.0,4769.75,1,2,298.91,655.04,63.52,1,0.0,0,8.89,1,100.0,1,0.0,0,0.97,9.04,75.68,0.61,14.66,5,82.68,0,AF-31,32,31,2,0,34.00575389688951,-118.27411619716312,detection_avg,0.5478278949010473,transit_stops_count,food_access_count,-0.01913673395481723
460,166,48,US,199,BlockApportionment:US.BlockGroups;PointsLayer:US.BlockPoints,2.191,2.576,1,160,166,12324,205,88.15,68,0.67,27,US,199,BlockApportionment:US.BlockGroups;PointsLayer:US.BlockPoints,2.191,2.576,1,72,75,19.28,0.71,11.76,11.99,31.88,25.06,7.68,25.95,api_test_workflow_v2_remaining_model6_2026-05-08,34.01062493,-118.27798487,"4017 S BROADWAY PL, 90037",270.0,34.0106249298_-118.277984873_270.jpg,1.0,0.7281,tent,1.295,17.47,29.74,16.36,0,0,,,63,0,0,0,0,2,0,0,0,0,0,0,822,751,0,2,5,35,2417.51,251.07,11,1126.43,577.58,0,0.0,4769.75,1,2,298.91,655.04,63.52,1,0.0,0,8.89,1,100.0,1,0.0,0,0.97,9.04,75.68,0.61,14.66,5,82.68,0,AF-31,32,31,2,0,34.00575389688951,-118.27411619716312,detection_avg,0.5478278949010473,transit_stops_count,food_access_count,-0.01913673395481723
461,347,48,US,199,BlockApportionment:US.BlockGroups;PointsLayer:US.BlockPoints,2.191,2.576,1,160,166,12324,205,88.15,68,0.67,27,US,199,BlockApportionment:US.BlockGroups;PointsLayer:US.BlockPoints,2.191,2.576,1,72,75,19.28,0.71,11.76,11.99,31.88,25.06,7.68,25.95,api_test_workflow_v2_5pct_2026-04-25,34.00548398,-118.27890035,"308 W 43RD ST, 90037",180.0,34.005483977_-118.278900347_180.jpg,1.0,0.6543,tent,1.295,17.47,29.74,16.36,0,0,,,63,0,0,0,0,2,0,0,0,0,0,0,822,751,0,2,5,35,2417.51,251.07,11,1126.43,577.58,0,0.0,4769.75,1,2,298.91,655.04,63.52,1,0.0,0,8.89,1,100.0,1,0.0,0,0.97,9.04,75.68,0.61,14.66,5,82.68,0,AF-31,32,31,2,0,34.00575389688951,-118.27411619716312,detection_avg,0.5478278949010473,transit_stops_count,food_access_count,-0.01913673395481723
462,413,48,US,199,BlockApportionment:US.BlockGroups;PointsLayer:US.BlockPoints,2.191,2.576,1,160,166,12324,205,88.15,68,0.67,27,US,199,BlockApportionment:US.BlockGroups;PointsLayer:US.BlockPoints,2.191,2.576,1,72,75,19.28,0.71,11.76,11.99,31.88,25.06,7.68,25.95,api_test_workflow_v2_20pct_model6_2026-05-07,34.00430845,-118.27214999,"4360 S SAN PEDRO PL, 90011",90.0,34.0043084525_-118.272149986_90.jpg,3.0,0.8347,tent,1.295,17.47,29.74,16.36,0,0,,,63,0,0,0,0,2,0,0,0,0,0,0,822,751,0,2,5,35,2417.51,251.07,11,1126.43,577.58,0,0.0,4769.75,1,2,298.91,655.04,63.52,1,0.0,0,8.89,1,100.0,1,0.0,0,0.97,9.04,75.68,0.61,14.66,5,82.68,0,AF-31,32,31,2,0,34.00575389688951,-118.27411619716312,detection_avg,0.5478278949010473,transit_stops_count,food_access_count,-0.01913673395481723
463,592,48,US,199,BlockApportionment:US.BlockGroups;PointsLayer:US.BlockPoints,2.191,2.576,1,160,166,12324,205,88.15,68,0.67,27,US,199,BlockApportionment:US.BlockGroups;PointsLayer:US.BlockPoints,2.191,2.576,1,72,75,19.28,0.71,11.76,11.99,31.88,25.06,7.68,25.95,api_test_workflow_v2_30pct_model6_2026-05-08,34.0105748,-118.27804138,"4021 S BROADWAY PL, 90037",270.0,34.0105748001_-118.278041375_270.jpg,1.0,0.8053,tent,1.295,17.47,29.74,16.36,0,0,,,63,0,0,0,0,2,0,0,0,0,0,0,822,751,0,2,5,35,2417.51,251.07,11,1126.43,577.58,0,0.0,4769.75,1,2,298.91,655.04,63.52,1,0.0,0,8.89,1,100.0,1,0.0,0,0.97,9.04,75.68,0.61,14.66,5,82.68,0,AF-31,32,31,2,0,34.00575389688951,-118.27411619716312,detection_avg,0.5478278949010473,transit_stops_count,food_access_count,-0.01913673395481723
464,758,48,US,199,BlockApportionment:US.BlockGroups;PointsLayer:US.BlockPoints,2.191,2.576,1,160,166,12324,205,88.15,68,0.67,27,US,199,BlockApportionment:US.BlockGroups;PointsLayer:US.BlockPoints,2.191,2.576,1,72,75,19.28,0.71,11.76,11.99,31.88,25.06,7.68,25.95,api_test_workflow_v2_30pct_model6_2026-05-08,34.01097927,-118.2715032,"200 E MARTIN LUTHER KING, JR BLVD, 90011",270.0,34.0109792711_-118.271503196_270.jpg,2.0,0.7086,tent,1.295,17.47,29.74,16.36,0,0,,,63,0,0,0,0,2,0,0,0,0,0,0,822,751,0,2,5,35,2417.51,251.07,11,1126.43,577.58,0,0.0,4769.75,1,2,298.91,655.04,63.52,1,0.0,0,8.89,1,100.0,1,0.0,0,0.97,9.04,75.68,0.61,14.66,5,82.68,0,AF-31,32,31,2,0,34.00575389688951,-118.27411619716312,detection_avg,0.5478278949010473,transit_stops_count,food_access_count,-0.01913673395481723
465,776,48,US,199,BlockApportionment:US.BlockGroups;PointsLayer:US.BlockPoints,2.191,2.576,1,160,166,12324,205,88.15,68,0.67,27,US,199,BlockApportionment:US.BlockGroups;PointsLayer:US.BlockPoints,2.191,2.576,1,72,75,19.28,0.71,11.76,11.99,31.88,25.06,7.68,25.95,api_test_workflow_v2_30pct_model6_2026-05-08,34.0117326,-118.27728735,"3925 S BROADWAY PL, 90037",0.0,34.0117325984_-118.277287345_0.jpg,1.0,0.6545,tent,1.295,17.47,29.74,16.36,0,0,,,63,0,0,0,0,2,0,0,0,0,0,0,822,751,0,2,5,35,2417.51,251.07,11,1126.43,577.58,0,0.0,4769.75,1,2,298.91,655.04,63.52,1,0.0,0,8.89,1,100.0,1,0.0,0,0.97,9.04,75.68,0.61,14.66,5,82.68,0,AF-31,32,31,2,0,34.00575389688951,-118.27411619716312,detection_avg,0.5478278949010473,transit_stops_count,food_access_count,-0.01913673395481723
466,912,48,US,199,BlockApportionment:US.BlockGroups;PointsLayer:US.BlockPoints,2.191,2.576,1,160,166,12324,205,88.15,68,0.67,27,US,199,BlockApportionment:US.BlockGroups;PointsLayer:US.BlockPoints,2.191,2.576,1,72,75,19.28,0.71,11.76,11.99,31.88,25.06,7.68,25.95,api_test_workflow_v2_20pct_model6_2026-05-07,34.01049723,-118.27819061,"4030 S BROADWAY, 90037",180.0,34.0104972266_-118.278190614_180.jpg,1.0,0.6292,tent,1.295,17.47,29.74,16.36,0,0,,,63,0,0,0,0,2,0,0,0,0,0,0,822,751,0,2,5,35,2417.51,251.07,11,1126.43,577.58,0,0.0,4769.75,1,2,298.91,655.04,63.52,1,0.0,0,8.89,1,100.0,1,0.0,0,0.97,9.04,75.68,0.61,14.66,5,82.68,0,AF-31,32,31,2,0,34.00575389688951,-118.27411619716312,detection_avg,0.5478278949010473,transit_stops_count,food_access_count,-0.01913673395481723
467,1128,48,US,199,BlockApportionment:US.BlockGroups;PointsLayer:US.BlockPoints,2.191,2.576,1,160,166,12324,205,88.15,68,0.67,27,US,199,BlockApportionment:US.BlockGroups;PointsLayer:US.BlockPoints,2.191,2.576,1,72,75,19.28,0.71,11.76,11.99,31.88,25.06,7.68,25.95,api_test_workflow_v8_remaining_location_deduped_30pct_after10_2026-05-22,34.00783633,-118.27027827,"4159 S SAN PEDRO PL, 90011",270.0,34.0078363349_-118.270278266_270.jpg,1.0,0.7383,tent,1.295,17.47,29.74,16.36,0,0,,,63,0,0,0,0,2,0,0,0,0,0,0,822,751,0,2,5,35,2417.51,251.07,11,1126.43,577.58,0,0.0,4769.75,1,2,298.91,655.04,63.52,1,0.0,0,8.89,1,100.0,1,0.0,0,0.97,9.04,75.68,0.61,14.66,5,82.68,0,AF-31,32,31,2,0,34.00575389688951,-118.27411619716312,detection_avg,0.5478278949010473,transit_stops_count,food_access_count,-0.01913673395481723
468,1143,48,US,199,BlockApportionment:US.BlockGroups;PointsLayer:US.BlockPoints,2.191,2.576,1,160,166,12324,205,88.15,68,0.67,27,US,199,BlockApportionment:US.BlockGroups;PointsLayer:US.BlockPoints,2.191,2.576,1,72,75,19.28,0.71,11.76,11.99,31.88,25.06,7.68,25.95,api_test_workflow_v8_remaining_location_deduped_30pct_after10_2026-05-22,34.0075041,-118.27053998,"4177 S SAN PEDRO PL, 90011",270.0,34.0075040964_-118.270539976_270.jpg,1.0,0.7881,tent,1.295,17.47,29.74,16.36,0,0,,,63,0,0,0,0,2,0,0,0,0,0,0,822,751,0,2,5,35,2417.51,251.07,11,1126.43,577.58,0,0.0,4769.75,1,2,298.91,655.04,63.52,1,0.0,0,8.89,1,100.0,1,0.0,0,0.97,9.04,75.68,0.61,14.66,5,82.68,0,AF-31,32,31,2,0,34.00575389688951,-118.27411619716312,detection_avg,0.5478278949010473,transit_stops_count,food_access_count,-0.01913673395481723
469,1151,48,US,199,BlockApportionment:US.BlockGroups;PointsLayer:US.BlockPoints,2.191,2.576,1,160,166,12324,205,88.15,68,0.67,27,US,199,BlockApportionment:US.BlockGroups;PointsLayer:US.BlockPoints,2.191,2.576,1,72,75,19.28,0.71,11.76,11.99,31.88,25.06,7.68,25.95,api_test_workflow_v8_remaining_location_deduped_final_after10_30_2026-05-23,34.01206548,-118.27683897,"39TH ST AT BROADWAY PL, 90037",270.0,34.0120654756_-118.27683897_270.jpg,2.0,0.8837,tent,1.295,17.47,29.74,16.36,0,0,,,63,0,0,0,0,2,0,0,0,0,0,0,822,751,0,2,5,35,2417.51,251.07,11,1126.43,577.58,0,0.0,4769.75,1,2,298.91,655.04,63.52,1,0.0,0,8.89,1,100.0,1,0.0,0,0.97,9.04,75.68,0.61,14.66,5,82.68,0,AF-31,32,31,2,0,34.00575389688951,-118.27411619716312,detection_avg,0.5478278949010473,transit_stops_count,food_access_count,-0.01913673395481723
470,1356,48,US,199,BlockApportionment:US.BlockGroups;PointsLayer:US.BlockPoints,2.191,2.576,1,160,166,12324,205,88.15,68,0.67,27,US,199,BlockApportionment:US.BlockGroups;PointsLayer:US.BlockPoints,2.191,2.576,1,72,75,19.28,0.71,11.76,11.99,31.88,25.06,7.68,25.95,api_test_workflow_v2_remaining_model6_2026-05-08,34.01087075,-118.27153598,"4002 S WALL ST, 90011",270.0,34.0108707515_-118.271535976_270.jpg,2.0,0.7086,tent,1.295,17.47,29.74,16.36,0,0,,,63,0,0,0,0,2,0,0,0,0,0,0,822,751,0,2,5,35,2417.51,251.07,11,1126.43,577.58,0,0.0,4769.75,1,2,298.91,655.04,63.52,1,0.0,0,8.89,1,100.0,1,0.0,0,0.97,9.04,75.68,0.61,14.66,5,82.68,0,AF-31,32,31,2,0,34.00575389688951,-118.27411619716312,detection_avg,0.5478278949010473,transit_stops_count,food_access_count,-0.01913673395481723
471,1384,48,US,199,BlockApportionment:US.BlockGroups;PointsLayer:US.BlockPoints,2.191,2.576,1,160,166,12324,205,88.15,68,0.67,27,US,199,BlockApportionment:US.BlockGroups;PointsLayer:US.BlockPoints,2.191,2.576,1,72,75,19.28,0.71,11.76,11.99,31.88,25.06,7.68,25.95,api_test_workflow_v2_remaining_model6_2026-05-08,34.009225,-118.28049066,"41ST ST AT GRAND AVE, 90037",0.0,34.0092249994_-118.280490659_0.jpg,1.0,0.8753,tent,1.295,17.47,29.74,16.36,0,0,,,63,0,0,0,0,2,0,0,0,0,0,0,822,751,0,2,5,35,2417.51,251.07,11,1126.43,577.58,0,0.0,4769.75,1,2,298.91,655.04,63.52,1,0.0,0,8.89,1,100.0,1,0.0,0,0.97,9.04,75.68,0.61,14.66,5,82.68,1,AF-31,32,31,2,1,34.00575389688951,-118.27411619716312,detection_avg,0.5478278949010473,transit_stops_count,food_access_count,-0.01913673395481723
472,1385,48,US,199,BlockApportionment:US.BlockGroups;PointsLayer:US.BlockPoints,2.191,2.576,1,160,166,12324,205,88.15,68,0.67,27,US,199,BlockApportionment:US.BlockGroups;PointsLayer:US.BlockPoints,2.191,2.576,1,72,75,19.28,0.71,11.76,11.99,31.88,25.06,7.68,25.95,api_test_workflow_v2_remaining_model6_2026-05-08,34.009225,-118.28049066,"41ST ST AT GRAND AVE, 90037",180.0,34.0092249994_-118.280490659_180.jpg,2.0,0.8506,tent,1.295,17.47,29.74,16.36,0,0,,,63,0,0,0,0,2,0,0,0,0,0,0,822,751,0,2,5,35,2417.51,251.07,11,1126.43,577.58,0,0.0,4769.75,1,2,298.91,655.04,63.52,1,0.0,0,8.89,1,100.0,1,0.0,0,0.97,9.04,75.68,0.61,14.66,5,82.68,0,AF-31,32,31,2,0,34.00575389688951,-118.27411619716312,detection_avg,0.5478278949010473,transit_stops_count,food_access_count,-0.01913673395481723
473,1554,48,US,199,BlockApportionment:US.BlockGroups;PointsLayer:US.BlockPoints,2.191,2.576,1,160,166,12324,205,88.15,68,0.67,27,US,199,BlockApportionment:US.BlockGroups;PointsLayer:US.BlockPoints,2.191,2.576,1,72,75,19.28,0.71,11.76,11.99,31.88,25.06,7.68,25.95,api_test_workflow_v8_remaining_location_deduped_10pct_2026-05-22,34.00911625,-118.28025465,"378 W 41ST ST, 90037",270.0,34.0091162504_-118.280254651_270.jpg,1.0,0.7089,tent,1.295,17.47,29.74,16.36,0,0,,,63,0,0,0,0,2,0,0,0,0,0,0,822,751,0,2,5,35,2417.51,251.07,11,1126.43,577.58,0,0.0,4769.75,1,2,298.91,655.04,63.52,1,0.0,0,8.89,1,100.0,1,0.0,0,0.97,9.04,75.68,0.61,14.66,5,82.68,1,AF-31,32,31,2,1,34.00575389688951,-118.27411619716312,detection_avg,0.5478278949010473,transit_stops_count,food_access_count,-0.01913673395481723
474,1642,48,US,199,BlockApportionment:US.BlockGroups;PointsLayer:US.BlockPoints,2.191,2.576,1,160,166,12324,205,88.15,68,0.67,27,US,199,BlockApportionment:US.BlockGroups;PointsLayer:US.BlockPoints,2.191,2.576,1,72,75,19.28,0.71,11.76,11.99,31.88,25.06,7.68,25.95,api_test_workflow_v8_remaining_location_deduped_30pct_after10_2026-05-22,34.0038175,-118.27402086,"VERNON AVE AT MAIN ST, 90037",180.0,34.0038174963_-118.274020865_180.jpg,1.0,0.6675,tent,1.295,17.47,29.74,16.36,0,0,,,63,0,0,0,0,2,0,0,0,0,0,0,822,751,0,2,5,35,2417.51,251.07,11,1126.43,577.58,0,0.0,4769.75,1,2,298.91,655.04,63.52,1,0.0,0,8.89,1,100.0,1,0.0,0,0.97,9.04,75.68,0.61,14.66,5,82.68,0,AF-31,32,31,2,0,34.00575389688951,-118.27411619716312,detection_avg,0.5478278949010473,transit_stops_count,food_access_count,-0.01913673395481723
475,1645,48,US,199,BlockApportionment:US.BlockGroups;PointsLayer:US.BlockPoints,2.191,2.576,1,160,166,12324,205,88.15,68,0.67,27,US,199,BlockApportionment:US.BlockGroups;PointsLayer:US.BlockPoints,2.191,2.576,1,72,75,19.28,0.71,11.76,11.99,31.88,25.06,7.68,25.95,api_test_workflow_v8_remaining_location_deduped_30pct_after10_2026-05-22,34.0038175,-118.27402086,"VERNON AVE AT MAIN ST, 90037",270.0,34.0038174963_-118.274020865_270.jpg,1.0,0.8527,tent,1.295,17.47,29.74,16.36,0,0,,,63,0,0,0,0,2,0,0,0,0,0,0,822,751,0,2,5,35,2417.51,251.07,11,1126.43,577.58,0,0.0,4769.75,1,2,298.91,655.04,63.52,1,0.0,0,8.89,1,100.0,1,0.0,0,0.97,9.04,75.68,0.61,14.66,5,82.68,0,AF-31,32,31,2,0,34.00575389688951,-118.27411619716312,detection_avg,0.5478278949010473,transit_stops_count,food_access_count,-0.01913673395481723
476,1797,48,US,199,BlockApportionment:US.BlockGroups;PointsLayer:US.BlockPoints,2.191,2.576,1,160,166,12324,205,88.15,68,0.67,27,US,199,BlockApportionment:US.BlockGroups;PointsLayer:US.BlockPoints,2.191,2.576,1,72,75,19.28,0.71,11.76,11.99,31.88,25.06,7.68,25.95,api_test_workflow_v8_remaining_location_deduped_30pct_after10_2026-05-22,34.01216723,-118.27583851,"179 W 39TH ST, 90037",0.0,34.0121672268_-118.275838507_0.jpg,1.0,0.8409,tent,1.295,17.47,29.74,16.36,0,0,,,63,0,0,0,0,2,0,0,0,0,0,0,822,751,0,2,5,35,2417.51,251.07,11,1126.43,577.58,0,0.0,4769.75,1,2,298.91,655.04,63.52,1,0.0,0,8.89,1,100.0,1,0.0,0,0.97,9.04,75.68,0.61,14.66,5,82.68,0,AF-31,32,31,2,0,34.00575389688951,-118.27411619716312,detection_avg,0.5478278949010473,transit_stops_count,food_access_count,-0.01913673395481723
477,1798,48,US,199,BlockApportionment:US.BlockGroups;PointsLayer:US.BlockPoints,2.191,2.576,1,160,166,12324,205,88.15,68,0.67,27,US,199,BlockApportionment:US.BlockGroups;PointsLayer:US.BlockPoints,2.191,2.576,1,72,75,19.28,0.71,11.76,11.99,31.88,25.06,7.68,25.95,api_test_workflow_v8_remaining_location_deduped_30pct_after10_2026-05-22,34.01216723,-118.27583851,"179 W 39TH ST, 90037",180.0,34.0121672268_-118.275838507_180.jpg,1.0,0.8834,tent,1.295,17.47,29.74,16.36,0,0,,,63,0,0,0,0,2,0,0,0,0,0,0,822,751,0,2,5,35,2417.51,251.07,11,1126.43,577.58,0,0.0,4769.75,1,2,298.91,655.04,63.52,1,0.0,0,8.89,1,100.0,1,0.0,0,0.97,9.04,75.68,0.61,14.66,5,82.68,0,AF-31,32,31,2,0,34.00575389688951,-118.27411619716312,detection_avg,0.5478278949010473,transit_stops_count,food_access_count,-0.01913673395481723
478,1850,48,US,199,BlockApportionment:US.BlockGroups;PointsLayer:US.BlockPoints,2.191,2.576,1,160,166,12324,205,88.15,68,0.67,27,US,199,BlockApportionment:US.BlockGroups;PointsLayer:US.BlockPoints,2.191,2.576,1,72,75,19.28,0.71,11.76,11.99,31.88,25.06,7.68,25.95,api_test_workflow_v8_remaining_location_deduped_final_after10_30_2026-05-23,34.0122216,-118.2765022,"3858 S BROADWAY PL, 90037",180.0,34.0122215998_-118.276502196_180.jpg,1.0,0.6013,tent,1.295,17.47,29.74,16.36,0,0,,,63,0,0,0,0,2,0,0,0,0,0,0,822,751,0,2,5,35,2417.51,251.07,11,1126.43,577.58,0,0.0,4769.75,1,2,298.91,655.04,63.52,1,0.0,0,8.89,1,100.0,1,0.0,0,0.97,9.04,75.68,0.61,14.66,5,82.68,0,AF-31,32,31,2,0,34.00575389688951,-118.27411619716312,detection_avg,0.5478278949010473,transit_stops_count,food_access_count,-0.01913673395481723
479,1851,48,US,199,BlockApportionment:US.BlockGroups;PointsLayer:US.BlockPoints,2.191,2.576,1,160,166,12324,205,88.15,68,0.67,27,US,199,BlockApportionment:US.BlockGroups;PointsLayer:US.BlockPoints,2.191,2.576,1,72,75,19.28,0.71,11.76,11.99,31.88,25.06,7.68,25.95,api_test_workflow_v8_remaining_location_deduped_final_after10_30_2026-05-23,34.0122216,-118.2765022,"3858 S BROADWAY PL, 90037",270.0,34.0122215998_-118.276502196_270.jpg,1.0,0.657,tent,1.295,17.47,29.74,16.36,0,0,,,63,0,0,0,0,2,0,0,0,0,0,0,822,751,0,2,5,35,2417.51,251.07,11,1126.43,577.58,0,0.0,4769.75,1,2,298.91,655.04,63.52,1,0.0,0,8.89,1,100.0,1,0.0,0,0.97,9.04,75.68,0.61,14.66,5,82.68,0,AF-31,32,31,2,0,34.00575389688951,-118.27411619716312,detection_avg,0.5478278949010473,transit_stops_count,food_access_count,-0.01913673395481723
480,1855,48,US,199,BlockApportionment:US.BlockGroups;PointsLayer:US.BlockPoints,2.191,2.576,1,160,166,12324,205,88.15,68,0.67,27,US,199,BlockApportionment:US.BlockGroups;PointsLayer:US.BlockPoints,2.191,2.576,1,72,75,19.28,0.71,11.76,11.99,31.88,25.06,7.68,25.95,api_test_workflow_v8_remaining_location_deduped_final_after10_30_2026-05-23,34.01069891,-118.27857847,"4001 S BROADWAY, 90037",90.0,34.0106989064_-118.278578473_90.jpg,1.0,0.784,tent,1.295,17.47,29.74,16.36,0,0,,,63,0,0,0,0,2,0,0,0,0,0,0,822,751,0,2,5,35,2417.51,251.07,11,1126.43,577.58,0,0.0,4769.75,1,2,298.91,655.04,63.52,1,0.0,0,8.89,1,100.0,1,0.0,0,0.97,9.04,75.68,0.61,14.66,5,82.68,2,AF-31,32,31,2,1,34.00575389688951,-118.27411619716312,detection_avg,0.5478278949010473,transit_stops_count,food_access_count,-0.01913673395481723
481,199,49,US,200,BlockApportionment:US.BlockGroups;PointsLayer:US.BlockPoints,2.191,2.576,1,168,156,12639,164,88.89,65,0.67,28,US,200,BlockApportionment:US.BlockGroups;PointsLayer:US.BlockPoints,2.191,2.576,1,64,65,22.03,0.5,10.07,8.24,41.92,31.2,9.18,26.56,api_test_workflow_v2_remaining_model6_2026-05-08,34.00327355,-118.26506395,"4418 S AVALON BLVD, 90011",90.0,34.0032735508_-118.265063952_90.jpg,1.0,0.9297,tent,1.295,17.47,29.74,16.36,0,0,,,63,0,0,1,0,4,0,1,0,0,0,0,746,617,0,2,9,5,554.37,545.86,0,0.0,1677.27,0,0.0,3890.99,5,0,0.0,1721.07,61.79,1,0.0,0,7.57,1,100.0,1,0.0,0,1.98,15.23,71.86,0.52,12.39,5,79.71,0,AG-31,33,31,4,0,34.00567689519821,-118.26272997877248,detection_avg,0.6145222509414625,recreation_center_count,business_sites_count,-0.021623961277311702
482,200,49,US,200,BlockApportionment:US.BlockGroups;PointsLayer:US.BlockPoints,2.191,2.576,1,168,156,12639,164,88.89,65,0.67,28,US,200,BlockApportionment:US.BlockGroups;PointsLayer:US.BlockPoints,2.191,2.576,1,64,65,22.03,0.5,10.07,8.24,41.92,31.2,9.18,26.56,api_test_workflow_v2_remaining_model6_2026-05-08,34.00327355,-118.26506395,"4418 S AVALON BLVD, 90011",180.0,34.0032735508_-118.265063952_180.jpg,1.0,0.9098,tent,1.295,17.47,29.74,16.36,0,0,,,63,0,0,1,0,4,0,1,0,0,0,0,746,617,0,2,9,5,554.37,545.86,0,0.0,1677.27,0,0.0,3890.99,5,0,0.0,1721.07,61.79,1,0.0,0,7.57,1,100.0,1,0.0,0,1.98,15.23,71.86,0.52,12.39,5,79.71,1,AG-31,33,31,4,1,34.00567689519821,-118.26272997877248,detection_avg,0.6145222509414625,recreation_center_count,business_sites_count,-0.021623961277311702
483,339,49,US,200,BlockApportionment:US.BlockGroups;PointsLayer:US.BlockPoints,2.191,2.576,1,168,156,12639,164,88.89,65,0.67,28,US,200,BlockApportionment:US.BlockGroups;PointsLayer:US.BlockPoints,2.191,2.576,1,64,65,22.03,0.5,10.07,8.24,41.92,31.2,9.18,26.56,api_test_workflow_v2_5pct_2026-04-25,34.00315918,-118.26505115,"4424 S AVALON BLVD, 90011",0.0,34.003159179_-118.265051148_0.jpg,1.0,0.8465,tent,1.295,17.47,29.74,16.36,0,0,,,63,0,0,1,0,4,0,1,0,0,0,0,746,617,0,2,9,5,554.37,545.86,0,0.0,1677.27,0,0.0,3890.99,5,0,0.0,1721.07,61.79,1,0.0,0,7.57,1,100.0,1,0.0,0,1.98,15.23,71.86,0.52,12.39,5,79.71,0,AG-31,33,31,4,0,34.00567689519821,-118.26272997877248,detection_avg,0.6145222509414625,recreation_center_count,business_sites_count,-0.021623961277311702
484,340,49,US,200,BlockApportionment:US.BlockGroups;PointsLayer:US.BlockPoints,2.191,2.576,1,168,156,12639,164,88.89,65,0.67,28,US,200,BlockApportionment:US.BlockGroups;PointsLayer:US.BlockPoints,2.191,2.576,1,64,65,22.03,0.5,10.07,8.24,41.92,31.2,9.18,26.56,api_test_workflow_v2_5pct_2026-04-25,34.00315918,-118.26505115,"4424 S AVALON BLVD, 90011",90.0,34.003159179_-118.265051148_90.jpg,1.0,0.791,tent,1.295,17.47,29.74,16.36,0,0,,,63,0,0,1,0,4,0,1,0,0,0,0,746,617,0,2,9,5,554.37,545.86,0,0.0,1677.27,0,0.0,3890.99,5,0,0.0,1721.07,61.79,1,0.0,0,7.57,1,100.0,1,0.0,0,1.98,15.23,71.86,0.52,12.39,5,79.71,0,AG-31,33,31,4,0,34.00567689519821,-118.26272997877248,detection_avg,0.6145222509414625,recreation_center_count,business_sites_count,-0.021623961277311702
485,654,49,US,200,BlockApportionment:US.BlockGroups;PointsLayer:US.BlockPoints,2.191,2.576,1,168,156,12639,164,88.89,65,0.67,28,US,200,BlockApportionment:US.BlockGroups;PointsLayer:US.BlockPoints,2.191,2.576,1,64,65,22.03,0.5,10.07,8.24,41.92,31.2,9.18,26.56,api_test_workflow_v2_remaining_model6_2026-05-08,34.00314128,-118.25629489,"4424 S CENTRAL AVE, 90011",90.0,34.0031412784_-118.256294886_90.jpg,1.0,0.7874,tent,1.295,17.47,29.74,16.36,0,0,,,63,0,0,1,0,4,0,1,0,0,0,0,746,617,0,2,9,5,554.37,545.86,0,0.0,1677.27,0,0.0,3890.99,5,0,0.0,1721.07,61.79,1,0.0,0,7.57,1,100.0,1,0.0,0,1.98,15.23,71.86,0.52,12.39,5,79.71,0,AG-31,33,31,4,0,34.00567689519821,-118.26272997877248,detection_avg,0.6145222509414625,recreation_center_count,business_sites_count,-0.021623961277311702
486,923,49,US,200,BlockApportionment:US.BlockGroups;PointsLayer:US.BlockPoints,2.191,2.576,1,168,156,12639,164,88.89,65,0.67,28,US,200,BlockApportionment:US.BlockGroups;PointsLayer:US.BlockPoints,2.191,2.576,1,64,65,22.03,0.5,10.07,8.24,41.92,31.2,9.18,26.56,api_test_workflow_v2_20pct_model6_2026-05-07_batch2,34.00574253,-118.25652746,"43RD ST AT CENTRAL AVE, 90011",0.0,34.0057425301_-118.25652746_0.jpg,3.0,0.7739,tent,1.295,17.47,29.74,16.36,0,0,,,63,0,0,1,0,4,0,1,0,0,0,0,746,617,0,2,9,5,554.37,545.86,0,0.0,1677.27,0,0.0,3890.99,5,0,0.0,1721.07,61.79,1,0.0,0,7.57,1,100.0,1,0.0,0,1.98,15.23,71.86,0.52,12.39,5,79.71,5,AG-31,33,31,4,1,34.00567689519821,-118.26272997877248,detection_avg,0.6145222509414625,recreation_center_count,business_sites_count,-0.021623961277311702
487,1582,49,US,200,BlockApportionment:US.BlockGroups;PointsLayer:US.BlockPoints,2.191,2.576,1,168,156,12639,164,88.89,65,0.67,28,US,200,BlockApportionment:US.BlockGroups;PointsLayer:US.BlockPoints,2.191,2.576,1,64,65,22.03,0.5,10.07,8.24,41.92,31.2,9.18,26.56,api_test_workflow_v8_remaining_location_deduped_30pct_after10_2026-05-22,34.00287284,-118.25651765,"CENTRAL AVE AT 45TH ST, 90011",270.0,34.0028728411_-118.256517648_270.jpg,1.0,0.8014,tent,1.295,17.47,29.74,16.36,0,0,,,63,0,0,1,0,4,0,1,0,0,0,0,746,617,0,2,9,5,554.37,545.86,0,0.0,1677.27,0,0.0,3890.99,5,0,0.0,1721.07,61.79,1,0.0,0,7.57,1,100.0,1,0.0,0,1.98,15.23,71.86,0.52,12.39,5,79.71,3,AG-31,33,31,4,1,34.00567689519821,-118.26272997877248,detection_avg,0.6145222509414625,recreation_center_count,business_sites_count,-0.021623961277311702
488,1619,49,US,200,BlockApportionment:US.BlockGroups;PointsLayer:US.BlockPoints,2.191,2.576,1,168,156,12639,164,88.89,65,0.67,28,US,200,BlockApportionment:US.BlockGroups;PointsLayer:US.BlockPoints,2.191,2.576,1,64,65,22.03,0.5,10.07,8.24,41.92,31.2,9.18,26.56,api_test_workflow_v8_remaining_location_deduped_30pct_after10_2026-05-22,34.00387324,-118.26527183,"VERNON AVE AT AVALON BLVD, 90011",90.0,34.0038732434_-118.265271834_90.jpg,1.0,0.6746,tent,1.295,17.47,29.74,16.36,0,0,,,63,0,0,1,0,4,0,1,0,0,0,0,746,617,0,2,9,5,554.37,545.86,0,0.0,1677.27,0,0.0,3890.99,5,0,0.0,1721.07,61.79,1,0.0,0,7.57,1,100.0,1,0.0,0,1.98,15.23,71.86,0.52,12.39,5,79.71,1,AG-31,33,31,4,1,34.00567689519821,-118.26272997877248,detection_avg,0.6145222509414625,recreation_center_count,business_sites_count,-0.021623961277311702
489,1625,49,US,200,BlockApportionment:US.BlockGroups;PointsLayer:US.BlockPoints,2.191,2.576,1,168,156,12639,164,88.89,65,0.67,28,US,200,BlockApportionment:US.BlockGroups;PointsLayer:US.BlockPoints,2.191,2.576,1,64,65,22.03,0.5,10.07,8.24,41.92,31.2,9.18,26.56,api_test_workflow_v8_remaining_location_deduped_30pct_after10_2026-05-22,34.00387324,-118.26527183,"VERNON AVE AT AVALON BLVD, 90011",180.0,34.0038732434_-118.265271834_180.jpg,1.0,0.8124,tent,1.295,17.47,29.74,16.36,0,0,,,63,0,0,1,0,4,0,1,0,0,0,0,746,617,0,2,9,5,554.37,545.86,0,0.0,1677.27,0,0.0,3890.99,5,0,0.0,1721.07,61.79,1,0.0,0,7.57,1,100.0,1,0.0,0,1.98,15.23,71.86,0.52,12.39,5,79.71,0,AG-31,33,31,4,0,34.00567689519821,-118.26272997877248,detection_avg,0.6145222509414625,recreation_center_count,business_sites_count,-0.021623961277311702
490,1628,49,US,200,BlockApportionment:US.BlockGroups;PointsLayer:US.BlockPoints,2.191,2.576,1,168,156,12639,164,88.89,65,0.67,28,US,200,BlockApportionment:US.BlockGroups;PointsLayer:US.BlockPoints,2.191,2.576,1,64,65,22.03,0.5,10.07,8.24,41.92,31.2,9.18,26.56,api_test_workflow_v8_remaining_location_deduped_final_after10_30_2026-05-23,34.00383249,-118.26515623,"4400 S AVALON BLVD, 90011",180.0,34.0038324873_-118.265156232_180.jpg,1.0,0.8668,tent,1.295,17.47,29.74,16.36,0,0,,,63,0,0,1,0,4,0,1,0,0,0,0,746,617,0,2,9,5,554.37,545.86,0,0.0,1677.27,0,0.0,3890.99,5,0,0.0,1721.07,61.79,1,0.0,0,7.57,1,100.0,1,0.0,0,1.98,15.23,71.86,0.52,12.39,5,79.71,0,AG-31,33,31,4,0,34.00567689519821,-118.26272997877248,detection_avg,0.6145222509414625,recreation_center_count,business_sites_count,-0.021623961277311702
491,1638,49,US,200,BlockApportionment:US.BlockGroups;PointsLayer:US.BlockPoints,2.191,2.576,1,168,156,12639,164,88.89,65,0.67,28,US,200,BlockApportionment:US.BlockGroups;PointsLayer:US.BlockPoints,2.191,2.576,1,64,65,22.03,0.5,10.07,8.24,41.92,31.2,9.18,26.56,api_test_workflow_v8_remaining_location_deduped_30pct_after10_2026-05-22,34.00276398,-118.25861025,"978 E 45TH ST, 90011",270.0,34.0027639812_-118.25861025_270.jpg,1.0,0.7233,tent,1.295,17.47,29.74,16.36,0,0,,,63,0,0,1,0,4,0,1,0,0,0,0,746,617,0,2,9,5,554.37,545.86,0,0.0,1677.27,0,0.0,3890.99,5,0,0.0,1721.07,61.79,1,0.0,0,7.57,1,100.0,1,0.0,0,1.98,15.23,71.86,0.52,12.39,5,79.71,0,AG-31,33,31,4,0,34.00567689519821,-118.26272997877248,detection_avg,0.6145222509414625,recreation_center_count,business_sites_count,-0.021623961277311702
492,1852,49,US,200,BlockApportionment:US.BlockGroups;PointsLayer:US.BlockPoints,2.191,2.576,1,168,156,12639,164,88.89,65,0.67,28,US,200,BlockApportionment:US.BlockGroups;PointsLayer:US.BlockPoints,2.191,2.576,1,64,65,22.03,0.5,10.07,8.24,41.92,31.2,9.18,26.56,api_test_workflow_v8_remaining_location_deduped_final_after10_30_2026-05-23,34.00826752,-118.2658293,"495 E 41ST PL, 90011",0.0,34.008267524_-118.265829302_0.jpg,1.0,0.9257,tent,1.295,17.47,29.74,16.36,0,0,,,63,0,0,1,0,4,0,1,0,0,0,0,746,617,0,2,9,5,554.37,545.86,0,0.0,1677.27,0,0.0,3890.99,5,0,0.0,1721.07,61.79,1,0.0,0,7.57,1,100.0,1,0.0,0,1.98,15.23,71.86,0.52,12.39,5,79.71,0,AG-31,33,31,4,0,34.00567689519821,-118.26272997877248,detection_avg,0.6145222509414625,recreation_center_count,business_sites_count,-0.021623961277311702
493,895,0,US,201,BlockApportionment:US.BlockGroups;PointsLayer:US.BlockPoints,2.191,2.576,1,176,149,12503,186,89.94,70,0.53,29,US,201,BlockApportionment:US.BlockGroups;PointsLayer:US.BlockPoints,2.191,2.576,1,65,66,19.23,0.35,8.08,12.36,39.2,28.36,9.57,35.79,api_test_workflow_v2_10pct_model6_2026-05-06_live,34.00516631,-118.25586265,"4322 S CENTRAL AVE, 90011",0.0,34.0051663107_-118.255862653_0.jpg,1.0,0.6139,tent,1.295,17.47,29.74,16.36,0,0,,,67,0,0,0,0,5,0,2,0,0,0,1,561,515,1,0,7,6,714.13,515.95,0,0.0,1727.28,0,0.0,2696.34,3,0,0.0,1747.71,3.15,1,0.0,0,1.13,1,100.0,1,0.0,0,0.7,12.47,69.89,1.58,16.07,5,78.71,0,AH-31,34,31,5,0,34.005599893506904,-118.2513437603818,detection_avg,0.5749633442583935,pct_veterans,public_school_count,-0.03603970063588017
494,1024,0,US,201,BlockApportionment:US.BlockGroups;PointsLayer:US.BlockPoints,2.191,2.576,1,176,149,12503,186,89.94,70,0.53,29,US,201,BlockApportionment:US.BlockGroups;PointsLayer:US.BlockPoints,2.191,2.576,1,65,66,19.23,0.35,8.08,12.36,39.2,28.36,9.57,35.79,api_test_workflow_v8_remaining_location_deduped_10pct_2026-05-22,34.00975328,-118.25635853,"4060 S CENTRAL AVE, 90011",0.0,34.0097532796_-118.256358532_0.jpg,1.0,0.6768,tent,1.295,17.47,29.74,16.36,0,0,,,67,0,0,0,0,5,0,2,0,0,0,1,561,515,1,0,7,6,714.13,515.95,0,0.0,1727.28,0,0.0,2696.34,3,0,0.0,1747.71,3.15,1,0.0,0,1.13,1,100.0,1,0.0,0,0.7,12.47,69.89,1.58,16.07,5,78.71,0,AH-31,34,31,5,0,34.005599893506904,-118.2513437603818,detection_avg,0.5749633442583935,pct_veterans,public_school_count,-0.03603970063588017
495,1761,0,US,201,BlockApportionment:US.BlockGroups;PointsLayer:US.BlockPoints,2.191,2.576,1,176,149,12503,186,89.94,70,0.53,29,US,201,BlockApportionment:US.BlockGroups;PointsLayer:US.BlockPoints,2.191,2.576,1,65,66,19.23,0.35,8.08,12.36,39.2,28.36,9.57,35.79,api_test_workflow_v8_remaining_location_deduped_30pct_after10_2026-05-22,34.00587439,-118.2544787,"1187 E 43RD ST, 90011",90.0,34.0058743881_-118.254478698_90.jpg,1.0,0.7077,tent,1.295,17.47,29.74,16.36,0,0,,,67,0,0,0,0,5,0,2,0,0,0,1,561,515,1,0,7,6,714.13,515.95,0,0.0,1727.28,0,0.0,2696.34,3,0,0.0,1747.71,3.15,1,0.0,0,1.13,1,100.0,1,0.0,0,0.7,12.47,69.89,1.58,16.07,5,78.71,0,AH-31,34,31,5,0,34.005599893506904,-118.2513437603818,detection_avg,0.5749633442583935,pct_veterans,public_school_count,-0.03603970063588017
496,-1,39,US,479,BlockApportionment:US.BlockGroups;PointsLayer:US.BlockPoints,2.191,2.576,1,104,127,6416,145,18.98,142,2.44,30,US,440,BlockApportionment:US.BlockGroups;PointsLayer:US.BlockPoints,2.191,2.576,1,126,125,11.32,2.71,2.16,1.4,14.46,7.34,3.94,18.99,,,,,,,,,,1.295,17.47,29.74,16.36,0,0,,,27,0,0,0,0,1,0,0,0,0,0,1,678,733,0,0,2,9,1743.18,475.59,9,1743.18,475.59,1,1078.14,332.42,1,2,1571.12,482.53,0.0,0,0.21,1,0.0,0,100.0,1,0.0,0,3.16,23.58,51.01,5.0,20.42,5,64.76,0,P-17,16,17,1,0,34.160825335818025,-118.45630072550316,reconstructed,0.6063120812027498,pct_hs_grad,nearest_osm_major_road_m,-0.0167891610224579
497,611,1,US,202,BlockApportionment:US.BlockGroups;PointsLayer:US.BlockPoints,2.191,2.576,1,185,206,1902,119,91.01,93,1.18,31,US,202,BlockApportionment:US.BlockGroups;PointsLayer:US.BlockPoints,2.191,2.576,1,80,79,13.41,0.42,6.21,13.86,29.8,22.78,7.28,22.45,api_test_workflow_v2_remaining_model6_2026-05-08,33.99811952,-118.2390892,"1865 E 50TH ST, 90058",180.0,33.9981195211_-118.239089203_180.jpg,1.0,0.7539,tent,1.295,17.47,29.74,16.36,0,0,,,39,0,0,0,0,0,0,2,0,0,0,0,642,582,0,0,0,6,1864.6,30.86,0,0.0,2107.3,0,0.0,1950.61,2,0,0.0,2270.23,0.0,0,0.0,0,0.0,0,100.0,1,0.0,0,0.26,3.46,89.27,1.04,6.23,5,92.41,0,AI-31,35,31,0,0,34.0055228918156,-118.23995754199116,detection_avg,0.6569826936196286,pct_no_schooling,osm_amenity_count,-0.018901612361992358
498,612,1,US,202,BlockApportionment:US.BlockGroups;PointsLayer:US.BlockPoints,2.191,2.576,1,185,206,1902,119,91.01,93,1.18,31,US,202,BlockApportionment:US.BlockGroups;PointsLayer:US.BlockPoints,2.191,2.576,1,80,79,13.41,0.42,6.21,13.86,29.8,22.78,7.28,22.45,api_test_workflow_v2_remaining_model6_2026-05-08,33.99811952,-118.2390892,"1865 E 50TH ST, 90058",270.0,33.9981195211_-118.239089203_270.jpg,1.0,0.7393,tent,1.295,17.47,29.74,16.36,0,0,,,39,0,0,0,0,0,0,2,0,0,0,0,642,582,0,0,0,6,1864.6,30.86,0,0.0,2107.3,0,0.0,1950.61,2,0,0.0,2270.23,0.0,0,0.0,0,0.0,0,100.0,1,0.0,0,0.26,3.46,89.27,1.04,6.23,5,92.41,1,AI-31,35,31,0,1,34.0055228918156,-118.23995754199116,detection_avg,0.6569826936196286,pct_no_schooling,osm_amenity_count,-0.018901612361992358
499,665,1,US,202,BlockApportionment:US.BlockGroups;PointsLayer:US.BlockPoints,2.191,2.576,1,185,206,1902,119,91.01,93,1.18,31,US,202,BlockApportionment:US.BlockGroups;PointsLayer:US.BlockPoints,2.191,2.576,1,80,79,13.41,0.42,6.21,13.86,29.8,22.78,7.28,22.45,api_test_workflow_v2_remaining_model6_2026-05-08,34.00712023,-118.23994888,"1857 E 41ST PL, 90058",90.0,34.0071202275_-118.239948877_90.jpg,1.0,0.825,tent,1.295,17.47,29.74,16.36,0,0,,,39,0,0,0,0,0,0,2,0,0,0,0,642,582,0,0,0,6,1864.6,30.86,0,0.0,2107.3,0,0.0,1950.61,2,0,0.0,2270.23,0.0,0,0.0,0,0.0,0,100.0,1,0.0,0,0.26,3.46,89.27,1.04,6.23,5,92.41,0,AI-31,35,31,0,0,34.0055228918156,-118.23995754199116,detection_avg,0.6569826936196286,pct_no_schooling,osm_amenity_count,-0.018901612361992358
500,823,1,US,202,BlockApportionment:US.BlockGroups;PointsLayer:US.BlockPoints,2.191,2.576,1,185,206,1902,119,91.01,93,1.18,31,US,202,BlockApportionment:US.BlockGroups;PointsLayer:US.BlockPoints,2.191,2.576,1,80,79,13.41,0.42,6.21,13.86,29.8,22.78,7.28,22.45,api_test_workflow_v2_5pct_fresh_2026-04-28,34.00010648,-118.24224539,"4815 S STAUNTON AVE, 90058",0.0,34.0001064789_-118.242245392_0.jpg,1.0,0.8265,tent,1.295,17.47,29.74,16.36,0,0,,,39,0,0,0,0,0,0,2,0,0,0,0,642,582,0,0,0,6,1864.6,30.86,0,0.0,2107.3,0,0.0,1950.61,2,0,0.0,2270.23,0.0,0,0.0,0,0.0,0,100.0,1,0.0,0,0.26,3.46,89.27,1.04,6.23,5,92.41,1,AI-31,35,31,0,1,34.0055228918156,-118.23995754199116,detection_avg,0.6569826936196286,pct_no_schooling,osm_amenity_count,-0.018901612361992358
501,824,1,US,202,BlockApportionment:US.BlockGroups;PointsLayer:US.BlockPoints,2.191,2.576,1,185,206,1902,119,91.01,93,1.18,31,US,202,BlockApportionment:US.BlockGroups;PointsLayer:US.BlockPoints,2.191,2.576,1,80,79,13.41,0.42,6.21,13.86,29.8,22.78,7.28,22.45,api_test_workflow_v2_5pct_fresh_2026-04-28,34.00010648,-118.24224539,"4815 S STAUNTON AVE, 90058",90.0,34.0001064789_-118.242245392_90.jpg,1.0,0.7197,tent,1.295,17.47,29.74,16.36,0,0,,,39,0,0,0,0,0,0,2,0,0,0,0,642,582,0,0,0,6,1864.6,30.86,0,0.0,2107.3,0,0.0,1950.61,2,0,0.0,2270.23,0.0,0,0.0,0,0.0,0,100.0,1,0.0,0,0.26,3.46,89.27,1.04,6.23,5,92.41,1,AI-31,35,31,0,1,34.0055228918156,-118.23995754199116,detection_avg,0.6569826936196286,pct_no_schooling,osm_amenity_count,-0.018901612361992358
502,828,1,US,202,BlockApportionment:US.BlockGroups;PointsLayer:US.BlockPoints,2.191,2.576,1,185,206,1902,119,91.01,93,1.18,31,US,202,BlockApportionment:US.BlockGroups;PointsLayer:US.BlockPoints,2.191,2.576,1,80,79,13.41,0.42,6.21,13.86,29.8,22.78,7.28,22.45,api_test_workflow_v2_10pct_model6_2026-05-06_live,34.00016997,-118.2422484,"4809 S STAUNTON AVE, 90058",270.0,34.0001699687_-118.242248395_270.jpg,1.0,0.8887,tent,1.295,17.47,29.74,16.36,0,0,,,39,0,0,0,0,0,0,2,0,0,0,0,642,582,0,0,0,6,1864.6,30.86,0,0.0,2107.3,0,0.0,1950.61,2,0,0.0,2270.23,0.0,0,0.0,0,0.0,0,100.0,1,0.0,0,0.26,3.46,89.27,1.04,6.23,5,92.41,0,AI-31,35,31,0,0,34.0055228918156,-118.23995754199116,detection_avg,0.6569826936196286,pct_no_schooling,osm_amenity_count,-0.018901612361992358
503,851,1,US,202,BlockApportionment:US.BlockGroups;PointsLayer:US.BlockPoints,2.191,2.576,1,185,206,1902,119,91.01,93,1.18,31,US,202,BlockApportionment:US.BlockGroups;PointsLayer:US.BlockPoints,2.191,2.576,1,80,79,13.41,0.42,6.21,13.86,29.8,22.78,7.28,22.45,api_test_workflow_v2_10pct_model6_2026-05-06_live,33.99796239,-118.23886356,"5001 S ALAMEDA ST, 90058",270.0,33.9979623861_-118.23886356_270.jpg,1.0,0.8063,tent,1.295,17.47,29.74,16.36,0,0,,,39,0,0,0,0,0,0,2,0,0,0,0,642,582,0,0,0,6,1864.6,30.86,0,0.0,2107.3,0,0.0,1950.61,2,0,0.0,2270.23,0.0,0,0.0,0,0.0,0,100.0,1,0.0,0,0.26,3.46,89.27,1.04,6.23,5,92.41,1,AI-31,35,31,0,1,34.0055228918156,-118.23995754199116,detection_avg,0.6569826936196286,pct_no_schooling,osm_amenity_count,-0.018901612361992358
504,1103,1,US,202,BlockApportionment:US.BlockGroups;PointsLayer:US.BlockPoints,2.191,2.576,1,185,206,1902,119,91.01,93,1.18,31,US,202,BlockApportionment:US.BlockGroups;PointsLayer:US.BlockPoints,2.191,2.576,1,80,79,13.41,0.42,6.21,13.86,29.8,22.78,7.28,22.45,api_test_workflow_v8_remaining_location_deduped_30pct_after10_2026-05-22,34.00687515,-118.2410143,"1810 E 41ST PL, 90058",90.0,34.0068751492_-118.241014299_90.jpg,1.0,0.7341,tent,1.295,17.47,29.74,16.36,0,0,,,39,0,0,0,0,0,0,2,0,0,0,0,642,582,0,0,0,6,1864.6,30.86,0,0.0,2107.3,0,0.0,1950.61,2,0,0.0,2270.23,0.0,0,0.0,0,0.0,0,100.0,1,0.0,0,0.26,3.46,89.27,1.04,6.23,5,92.41,1,AI-31,35,31,0,1,34.0055228918156,-118.23995754199116,detection_avg,0.6569826936196286,pct_no_schooling,osm_amenity_count,-0.018901612361992358
505,1344,1,US,202,BlockApportionment:US.BlockGroups;PointsLayer:US.BlockPoints,2.191,2.576,1,185,206,1902,119,91.01,93,1.18,31,US,202,BlockApportionment:US.BlockGroups;PointsLayer:US.BlockPoints,2.191,2.576,1,80,79,13.41,0.42,6.21,13.86,29.8,22.78,7.28,22.45,api_test_workflow_v2_remaining_model6_2026-05-08,33.99793777,-118.23890828,"1868 E 50TH ST, 90058",270.0,33.9979377725_-118.238908281_270.jpg,2.0,0.7963,tent,1.295,17.47,29.74,16.36,0,0,,,39,0,0,0,0,0,0,2,0,0,0,0,642,582,0,0,0,6,1864.6,30.86,0,0.0,2107.3,0,0.0,1950.61,2,0,0.0,2270.23,0.0,0,0.0,0,0.0,0,100.0,1,0.0,0,0.26,3.46,89.27,1.04,6.23,5,92.41,0,AI-31,35,31,0,0,34.0055228918156,-118.23995754199116,detection_avg,0.6569826936196286,pct_no_schooling,osm_amenity_count,-0.018901612361992358
506,1380,1,US,202,BlockApportionment:US.BlockGroups;PointsLayer:US.BlockPoints,2.191,2.576,1,185,206,1902,119,91.01,93,1.18,31,US,202,BlockApportionment:US.BlockGroups;PointsLayer:US.BlockPoints,2.191,2.576,1,80,79,13.41,0.42,6.21,13.86,29.8,22.78,7.28,22.45,api_test_workflow_v2_remaining_model6_2026-05-08,34.00177942,-118.23957478,"1871 E 46TH ST, 90058",0.0,34.0017794202_-118.239574776_0.jpg,1.0,0.6142,tent,1.295,17.47,29.74,16.36,0,0,,,39,0,0,0,0,0,0,2,0,0,0,0,642,582,0,0,0,6,1864.6,30.86,0,0.0,2107.3,0,0.0,1950.61,2,0,0.0,2270.23,0.0,0,0.0,0,0.0,0,100.0,1,0.0,0,0.26,3.46,89.27,1.04,6.23,5,92.41,0,AI-31,35,31,0,0,34.0055228918156,-118.23995754199116,detection_avg,0.6569826936196286,pct_no_schooling,osm_amenity_count,-0.018901612361992358
507,1641,1,US,202,BlockApportionment:US.BlockGroups;PointsLayer:US.BlockPoints,2.191,2.576,1,185,206,1902,119,91.01,93,1.18,31,US,202,BlockApportionment:US.BlockGroups;PointsLayer:US.BlockPoints,2.191,2.576,1,80,79,13.41,0.42,6.21,13.86,29.8,22.78,7.28,22.45,api_test_workflow_v8_remaining_location_deduped_final_after10_30_2026-05-23,34.00688947,-118.23982481,"1862 E 41ST PL, 90058",180.0,34.0068894676_-118.23982481_180.jpg,1.0,0.7203,tent,1.295,17.47,29.74,16.36,0,0,,,39,0,0,0,0,0,0,2,0,0,0,0,642,582,0,0,0,6,1864.6,30.86,0,0.0,2107.3,0,0.0,1950.61,2,0,0.0,2270.23,0.0,0,0.0,0,0.0,0,100.0,1,0.0,0,0.26,3.46,89.27,1.04,6.23,5,92.41,1,AI-31,35,31,0,1,34.0055228918156,-118.23995754199116,detection_avg,0.6569826936196286,pct_no_schooling,osm_amenity_count,-0.018901612361992358
508,1863,1,US,202,BlockApportionment:US.BlockGroups;PointsLayer:US.BlockPoints,2.191,2.576,1,185,206,1902,119,91.01,93,1.18,31,US,202,BlockApportionment:US.BlockGroups;PointsLayer:US.BlockPoints,2.191,2.576,1,80,79,13.41,0.42,6.21,13.86,29.8,22.78,7.28,22.45,api_test_workflow_v8_remaining_location_deduped_final_after10_30_2026-05-23,34.0068939,-118.2403552,"1842 E 41ST PL, 90058",90.0,34.0068939028_-118.240355204_90.jpg,1.0,0.831,tent,1.295,17.47,29.74,16.36,0,0,,,39,0,0,0,0,0,0,2,0,0,0,0,642,582,0,0,0,6,1864.6,30.86,0,0.0,2107.3,0,0.0,1950.61,2,0,0.0,2270.23,0.0,0,0.0,0,0.0,0,100.0,1,0.0,0,0.26,3.46,89.27,1.04,6.23,5,92.41,1,AI-31,35,31,0,1,34.0055228918156,-118.23995754199116,detection_avg,0.6569826936196286,pct_no_schooling,osm_amenity_count,-0.018901612361992358
509,-1,2,US,203,BlockApportionment:US.BlockGroups;PointsLayer:US.BlockPoints,2.191,2.576,1,0,0,0,0,0.0,0,0.0,32,US,203,BlockApportionment:US.BlockGroups;PointsLayer:US.BlockPoints,2.191,2.576,1,0,0,0.0,0.0,0.0,0.0,0.0,0.0,0.0,0.0,,,,,,,,,,1.295,17.47,29.74,16.36,0,0,,,54,0,1,0,0,0,0,0,0,0,0,0,38,33,0,0,1,9,797.44,532.15,0,0.0,1830.67,0,0.0,727.96,0,0,0.0,2026.17,0.0,0,0.0,0,0.0,0,100.0,1,0.0,0,0.0,1.41,96.39,0.35,1.85,5,97.47,0,AJ-31,36,31,0,0,34.0054458901243,-118.22857132360052,reconstructed,0.5882188819649674,total_crime_est,nearest_osm_major_road_m,-0.04783577788509508
510,-1,40,US,372,BlockApportionment:US.BlockGroups;PointsLayer:US.BlockPoints,2.191,2.576,1,138,118,3360,176,79.17,115,2.93,33,US,441,BlockApportionment:US.BlockGroups;PointsLayer:US.BlockPoints,2.191,2.576,1,102,106,17.59,2.98,7.75,6.51,20.76,16.5,8.57,26.96,,,,,,,,,,1.295,17.47,29.74,16.36,0,0,,,26,0,0,0,0,1,0,1,0,0,0,1,194,208,0,0,2,27,2569.87,23.48,0,0.0,1675.05,0,0.0,1652.75,0,0,0.0,1675.01,0.0,0,0.0,0,0.0,0,100.0,1,0.0,0,5.01,46.92,25.4,4.75,22.93,3,46.28,1,AM-24,39,24,1,1,34.08213459098422,-118.19441518547336,reconstructed,0.6027684039067549,recreation_center_count,business_sites_count,0.01866968623550352
511,1247,3,US,204,BlockApportionment:US.BlockGroups;PointsLayer:US.BlockPoints,2.191,2.576,1,0,0,0,0,0.0,0,0.0,34,US,204,BlockApportionment:US.BlockGroups;PointsLayer:US.BlockPoints,2.191,2.576,1,0,0,0.0,0.0,0.0,0.0,0.0,0.0,0.0,0.0,api_test_workflow_v8_remaining_location_deduped_30pct_after10_2026-05-22,34.0130353,-118.20618547,"1785 S INDUSTRIAL WAY, 90023",0.0,34.0130353035_-118.206185465_0.jpg,1.0,0.895,tent,1.295,17.47,29.74,16.36,0,0,,,0,0,0,0,0,0,0,0,0,0,0,0,33,27,0,0,0,19,1353.85,521.55,0,0.0,1560.78,1,1127.06,188.05,0,0,0.0,1606.8,0.0,0,0.0,0,0.0,0,100.0,1,0.0,0,0.0,2.19,89.73,1.23,6.85,5,92.81,0,AL-31,38,31,0,0,34.005291886741695,-118.2057988868192,detection_avg,0.557927887850688,total_crime_est,nearest_osm_major_road_m,-0.05053664275163788
512,1248,3,US,204,BlockApportionment:US.BlockGroups;PointsLayer:US.BlockPoints,2.191,2.576,1,0,0,0,0,0.0,0,0.0,34,US,204,BlockApportionment:US.BlockGroups;PointsLayer:US.BlockPoints,2.191,2.576,1,0,0,0.0,0.0,0.0,0.0,0.0,0.0,0.0,0.0,api_test_workflow_v8_remaining_location_deduped_30pct_after10_2026-05-22,34.0130353,-118.20618547,"1785 S INDUSTRIAL WAY, 90023",270.0,34.0130353035_-118.206185465_270.jpg,1.0,0.851,tent,1.295,17.47,29.74,16.36,0,0,,,0,0,0,0,0,0,0,0,0,0,0,0,33,27,0,0,0,19,1353.85,521.55,0,0.0,1560.78,1,1127.06,188.05,0,0,0.0,1606.8,0.0,0,0.0,0,0.0,0,100.0,1,0.0,0,0.0,2.19,89.73,1.23,6.85,5,92.81,0,AL-31,38,31,0,0,34.005291886741695,-118.2057988868192,detection_avg,0.557927887850688,total_crime_est,nearest_osm_major_road_m,-0.05053664275163788
513,-1,4,US,205,BlockApportionment:US.BlockGroups;PointsLayer:US.BlockPoints,2.191,2.576,1,319,569,5,0,80.0,0,0.0,35,US,205,BlockApportionment:US.BlockGroups;PointsLayer:US.BlockPoints,2.191,2.576,1,0,0,25.0,0.0,0.0,0.0,0.0,0.0,0.0,0.0,,,,,,,,,,1.295,17.47,29.74,16.36,0,0,,,18,0,0,0,0,0,0,0,0,0,0,0,24,14,0,0,0,0,0.0,873.94,0,0.0,1489.45,12,1751.91,150.14,0,0,0.0,1671.63,0.0,0,0.0,0,0.0,0,100.0,1,0.0,0,0.0,1.58,88.49,0.18,9.75,5,91.94,0,AM-31,39,31,0,0,34.00521488505039,-118.19441266842855,reconstructed,0.6057896832434273,pct_veterans,public_school_count,-0.02799988729635321
514,788,41,US,480,BlockApportionment:US.BlockGroups;PointsLayer:US.BlockPoints,2.191,2.576,1,101,136,4727,269,17.58,120,3.8,36,US,442,BlockApportionment:US.BlockGroups;PointsLayer:US.BlockPoints,2.191,2.576,1,110,110,14.09,4.34,1.97,0.45,29.09,10.38,7.0,15.09,api_test_workflow_v2_30pct_model6_2026-05-08,34.15463762,-118.44893641,"4561 N VAN NUYS BLVD, 91403",90.0,34.1546376182_-118.448936414_90.jpg,1.0,0.8785,tent,1.295,17.47,29.74,16.36,0,0,,,48,1,0,0,0,0,0,0,0,0,0,2,923,962,0,0,0,57,5234.36,163.28,25,4011.28,163.28,5,2653.4,105.81,15,2,2648.28,180.74,0.0,0,0.0,0,0.0,0,100.0,1,0.0,0,4.21,24.93,55.66,3.6,15.8,5,67.7,0,Q-17,17,17,0,0,34.16074833412672,-118.44491450711251,detection_avg,0.5506305773953865,total_population,osm_amenity_count,-0.017629977759950118
515,1127,41,US,480,BlockApportionment:US.BlockGroups;PointsLayer:US.BlockPoints,2.191,2.576,1,101,136,4727,269,17.58,120,3.8,36,US,442,BlockApportionment:US.BlockGroups;PointsLayer:US.BlockPoints,2.191,2.576,1,110,110,14.09,4.34,1.97,0.45,29.09,10.38,7.0,15.09,api_test_workflow_v8_remaining_location_deduped_30pct_after10_2026-05-22,34.16261364,-118.44895394,"5049 N VAN NUYS BLVD, 91403",0.0,34.1626136429_-118.448953936_0.jpg,1.0,0.8277,tent,1.295,17.47,29.74,16.36,0,0,,,48,1,0,0,0,0,0,0,0,0,0,2,923,962,0,0,0,57,5234.36,163.28,25,4011.28,163.28,5,2653.4,105.81,15,2,2648.28,180.74,0.0,0,0.0,0,0.0,0,100.0,1,0.0,0,4.21,24.93,55.66,3.6,15.8,5,67.7,0,Q-17,17,17,0,0,34.16074833412672,-118.44491450711251,detection_avg,0.5506305773953865,total_population,osm_amenity_count,-0.017629977759950118
516,1305,41,US,480,BlockApportionment:US.BlockGroups;PointsLayer:US.BlockPoints,2.191,2.576,1,101,136,4727,269,17.58,120,3.8,36,US,442,BlockApportionment:US.BlockGroups;PointsLayer:US.BlockPoints,2.191,2.576,1,110,110,14.09,4.34,1.97,0.45,29.09,10.38,7.0,15.09,api_test_workflow_v2_remaining_model6_2026-05-08,34.15460583,-118.44893735,"4559 N VAN NUYS BLVD, 91403",90.0,34.1546058285_-118.448937351_90.jpg,1.0,0.8785,tent,1.295,17.47,29.74,16.36,0,0,,,48,1,0,0,0,0,0,0,0,0,0,2,923,962,0,0,0,57,5234.36,163.28,25,4011.28,163.28,5,2653.4,105.81,15,2,2648.28,180.74,0.0,0,0.0,0,0.0,0,100.0,1,0.0,0,4.21,24.93,55.66,3.6,15.8,5,67.7,0,Q-17,17,17,0,0,34.16074833412672,-118.44491450711251,detection_avg,0.5506305773953865,total_population,osm_amenity_count,-0.017629977759950118
517,-1,5,US,206,BlockApportionment:US.BlockGroups;PointsLayer:US.BlockPoints,2.191,2.576,1,263,258,623,112,99.04,37,4.46,37,US,206,BlockApportionment:US.BlockGroups;PointsLayer:US.BlockPoints,2.191,2.576,1,42,43,15.54,7.74,8.73,16.22,57.41,57.72,0.0,41.25,,,,,,,,,,1.295,17.47,29.74,16.36,0,0,,,0,0,0,0,0,0,0,0,0,0,0,0,13,14,0,0,0,17,1234.89,89.16,0,0.0,821.5,0,0.0,1124.24,0,0,0.0,895.7,0.0,0,0.0,0,0.0,0,100.0,1,0.0,0,0.0,1.23,92.89,0.61,5.27,5,95.02,3,AN-31,40,31,0,1,34.00513788335908,-118.18302645003791,reconstructed,0.5800299994743333,pct_public_assistance,la_geohub_100yr_flood_area_pct,0.02257254168916257
518,-1,6,US,207,BlockApportionment:US.BlockGroups;PointsLayer:US.BlockPoints,2.191,2.576,1,189,142,4283,176,17.67,157,4.03,38,US,207,BlockApportionment:US.BlockGroups;PointsLayer:US.BlockPoints,2.191,2.576,1,162,161,10.41,3.05,1.86,0.76,28.52,12.12,5.93,12.66,,,,,,,,,,1.295,17.47,29.74,16.36,0,0,,,0,0,0,1,1,0,0,0,1,0,0,0,97,111,0,2,0,0,0.0,1039.76,0,0.0,1039.76,0,0.0,929.87,17,0,0.0,1073.37,0.0,0,0.0,0,0.0,0,100.0,1,0.0,0,4.92,31.17,47.59,1.76,19.49,5,61.84,20,O-30,15,30,0,1,34.01805145506078,-118.46768226938202,reconstructed,0.6213865710857479,nearest_osm_major_road_m,osm_amenity_count,0.052374286255808054
519,40,42,US,373,BlockApportionment:US.BlockGroups;PointsLayer:US.BlockPoints,2.191,2.576,1,117,111,7647,124,79.47,88,1.82,39,US,443,BlockApportionment:US.BlockGroups;PointsLayer:US.BlockPoints,2.191,2.576,1,90,95,20.7,1.57,5.49,6.75,30.99,17.45,5.78,29.6,api_test_workflow_v2_10pct_model6_2026-05-06_live,34.08519495,-118.18559914,"4624 N HUNTINGTON DR SOUTH, 90032",270.0,34.0851949503_-118.185599143_270.jpg,1.0,0.7273,tent,1.295,17.47,29.74,16.36,0,0,,,81,0,1,0,0,1,0,0,0,0,0,1,489,477,0,2,2,25,3045.12,23.1,0,0.0,2132.14,0,0.0,1366.65,10,0,0.0,2135.34,0.0,0,0.0,0,0.0,0,100.0,1,0.0,0,5.53,26.49,53.16,3.95,16.4,5,65.55,1,AN-24,40,24,1,1,34.08205758929292,-118.18302896708272,detection_avg,0.6225879031124042,nearest_osm_major_road_m,osm_amenity_count,-0.017157917245415037
520,440,42,US,373,BlockApportionment:US.BlockGroups;PointsLayer:US.BlockPoints,2.191,2.576,1,117,111,7647,124,79.47,88,1.82,39,US,443,BlockApportionment:US.BlockGroups;PointsLayer:US.BlockPoints,2.191,2.576,1,90,95,20.7,1.57,5.49,6.75,30.99,17.45,5.78,29.6,api_test_workflow_v2_20pct_model6_2026-05-07,34.085052,-118.1856319,"4622 E HUNTINGTON DR SOUTH, 90032",270.0,34.0850520015_-118.185631903_270.jpg,1.0,0.7273,tent,1.295,17.47,29.74,16.36,0,0,,,81,0,1,0,0,1,0,0,0,0,0,1,489,477,0,2,2,25,3045.12,23.1,0,0.0,2132.14,0,0.0,1366.65,10,0,0.0,2135.34,0.0,0,0.0,0,0.0,0,100.0,1,0.0,0,5.53,26.49,53.16,3.95,16.4,5,65.55,0,AN-24,40,24,1,0,34.08205758929292,-118.18302896708272,detection_avg,0.6225879031124042,nearest_osm_major_road_m,osm_amenity_count,-0.017157917245415037
521,-1,7,US,208,BlockApportionment:US.BlockGroups;PointsLayer:US.BlockPoints,2.191,2.576,1,196,162,4196,55,19.35,163,1.98,40,US,208,BlockApportionment:US.BlockGroups;PointsLayer:US.BlockPoints,2.191,2.576,1,156,155,4.76,1.99,0.34,0.75,25.12,7.36,1.75,12.0,,,,,,,,,,1.295,17.47,29.74,16.36,0,0,,,0,0,0,0,2,0,1,0,0,0,0,1,131,154,0,1,0,0,0.0,800.52,0,0.0,800.52,0,0.0,1611.6,24,0,0.0,799.83,0.0,0,0.0,0,0.0,0,100.0,1,0.0,0,2.81,29.24,43.99,2.55,24.23,5,59.95,0,P-30,16,30,1,0,34.01797445336948,-118.45629605099136,reconstructed,0.6473125613643173,total_crime_est,nearest_osm_major_road_m,-0.06564842666346572
522,-1,8,US,209,BlockApportionment:US.BlockGroups;PointsLayer:US.BlockPoints,2.191,2.576,1,82,79,2822,48,13.29,192,2.29,41,US,209,BlockApportionment:US.BlockGroups;PointsLayer:US.BlockPoints,2.191,2.576,1,184,187,11.24,1.7,1.06,0.0,47.6,2.23,0.0,20.45,,,,,,,,,,1.295,17.47,29.74,16.36,0,0,,,0,0,0,0,0,0,0,0,0,0,0,0,281,271,0,0,0,0,0.0,1520.89,0,0.0,1520.89,0,0.0,1062.46,2,0,0.0,1549.84,0.0,0,0.0,0,0.0,0,100.0,1,0.0,0,2.64,23.99,51.49,2.37,22.14,5,65.25,0,Q-30,17,30,0,0,34.017897451678174,-118.44490983260071,reconstructed,0.5814509551013475,pct_hs_grad,nearest_osm_major_road_m,0.04451972562716165
523,-1,43,US,481,BlockApportionment:US.BlockGroups;PointsLayer:US.BlockPoints,2.191,2.576,1,103,105,4007,126,19.49,154,2.82,42,US,444,BlockApportionment:US.BlockGroups;PointsLayer:US.BlockPoints,2.191,2.576,1,142,141,8.59,3.24,4.52,3.06,27.52,6.34,1.72,15.7,,,,,,,,,,1.295,17.47,29.74,16.36,0,0,,,27,0,0,0,0,1,0,0,0,0,0,3,615,636,0,0,4,16,1223.06,294.25,0,0.0,823.83,1,648.09,518.87,1,0,0.0,834.04,0.0,0,0.0,0,0.0,0,100.0,1,0.0,0,2.1,26.91,43.56,5.52,24.01,5,59.86,0,R-17,18,17,1,0,34.16067133243541,-118.43352828872187,reconstructed,0.6246970727569044,water_proxy_pct,bare_ground_proxy_pct,-0.01964315316251241
524,-1,9,US,210,BlockApportionment:US.BlockGroups;PointsLayer:US.BlockPoints,2.191,2.576,1,68,68,4573,64,14.08,175,2.05,43,US,210,BlockApportionment:US.BlockGroups;PointsLayer:US.BlockPoints,2.191,2.576,1,169,170,6.43,1.69,1.08,0.03,21.52,7.54,1.63,22.77,,,,,,,,,,1.295,17.47,29.74,16.36,0,0,,,0,0,0,0,0,1,0,1,0,0,0,0,571,555,0,0,1,0,0.0,732.02,0,0.0,732.02,1,1311.09,158.88,10,0,0.0,743.13,0.0,0,0.0,0,0.0,0,100.0,1,0.0,0,4.92,33.3,36.47,4.22,26.01,5,54.05,0,R-30,18,30,1,0,34.01782044998687,-118.43352361421006,reconstructed,0.5848263604212354,total_crime_est,nearest_osm_major_road_m,0.03362490693712228
525,480,10,US,211,BlockApportionment:US.BlockGroups;PointsLayer:US.BlockPoints,2.191,2.576,1,90,70,6573,69,29.56,114,3.51,44,US,211,BlockApportionment:US.BlockGroups;PointsLayer:US.BlockPoints,2.191,2.576,1,112,111,7.34,2.43,4.44,4.76,27.52,11.49,4.45,17.91,api_test_workflow_v2_20pct_model6_2026-05-07,34.01369184,-118.41763575,"3754 S SEPULVEDA BLVD, 90034",0.0,34.0136918439_-118.417635751_0.jpg,1.0,0.6733,tent,1.295,17.47,29.74,16.36,0,0,,,12,0,0,0,0,1,1,0,0,0,0,0,691,653,0,0,2,36,5559.65,190.38,17,3674.58,190.38,7,1633.18,283.72,15,2,2353.52,194.87,0.0,0,0.0,0,0.0,0,100.0,1,0.0,0,3.07,23.35,51.45,1.32,23.88,5,65.09,0,S-30,19,30,2,0,34.01774344829557,-118.42213739581942,detection_avg,0.598834091661605,total_population,osm_amenity_count,-0.022212635697748458
526,880,10,US,211,BlockApportionment:US.BlockGroups;PointsLayer:US.BlockPoints,2.191,2.576,1,90,70,6573,69,29.56,114,3.51,44,US,211,BlockApportionment:US.BlockGroups;PointsLayer:US.BlockPoints,2.191,2.576,1,112,111,7.34,2.43,4.44,4.76,27.52,11.49,4.45,17.91,api_test_workflow_v2_10pct_model6_2026-05-06_live,34.01884066,-118.42545753,"3450 SAWTELLE BLVD, 90066",90.0,34.01884066_-118.425457533_90.jpg,1.0,0.7536,tent,1.295,17.47,29.74,16.36,0,0,,,12,0,0,0,0,1,1,0,0,0,0,0,691,653,0,0,2,36,5559.65,190.38,17,3674.58,190.38,7,1633.18,283.72,15,2,2353.52,194.87,0.0,0,0.0,0,0.0,0,100.0,1,0.0,0,3.07,23.35,51.45,1.32,23.88,5,65.09,0,S-30,19,30,2,0,34.01774344829557,-118.42213739581942,detection_avg,0.598834091661605,total_population,osm_amenity_count,-0.022212635697748458
527,1509,10,US,211,BlockApportionment:US.BlockGroups;PointsLayer:US.BlockPoints,2.191,2.576,1,90,70,6573,69,29.56,114,3.51,44,US,211,BlockApportionment:US.BlockGroups;PointsLayer:US.BlockPoints,2.191,2.576,1,112,111,7.34,2.43,4.44,4.76,27.52,11.49,4.45,17.91,api_test_workflow_v8_remaining_location_deduped_30pct_after10_2026-05-22,34.01253587,-118.41816527,"TULLER AVE AT VENICE BLVD, 90066",180.0,34.0125358723_-118.418165272_180.jpg,1.0,0.7387,tent,1.295,17.47,29.74,16.36,0,0,,,12,0,0,0,0,1,1,0,0,0,0,0,691,653,0,0,2,36,5559.65,190.38,17,3674.58,190.38,7,1633.18,283.72,15,2,2353.52,194.87,0.0,0,0.0,0,0.0,0,100.0,1,0.0,0,3.07,23.35,51.45,1.32,23.88,5,65.09,0,S-30,19,30,2,0,34.01774344829557,-118.42213739581942,detection_avg,0.598834091661605,total_population,osm_amenity_count,-0.022212635697748458
528,1512,10,US,211,BlockApportionment:US.BlockGroups;PointsLayer:US.BlockPoints,2.191,2.576,1,90,70,6573,69,29.56,114,3.51,44,US,211,BlockApportionment:US.BlockGroups;PointsLayer:US.BlockPoints,2.191,2.576,1,112,111,7.34,2.43,4.44,4.76,27.52,11.49,4.45,17.91,api_test_workflow_v8_remaining_location_deduped_30pct_after10_2026-05-22,34.01253587,-118.41816527,"TULLER AVE AT VENICE BLVD, 90066",270.0,34.0125358723_-118.418165272_270.jpg,1.0,0.9196,tent,1.295,17.47,29.74,16.36,0,0,,,12,0,0,0,0,1,1,0,0,0,0,0,691,653,0,0,2,36,5559.65,190.38,17,3674.58,190.38,7,1633.18,283.72,15,2,2353.52,194.87,0.0,0,0.0,0,0.0,0,100.0,1,0.0,0,3.07,23.35,51.45,1.32,23.88,5,65.09,1,S-30,19,30,2,1,34.01774344829557,-118.42213739581942,detection_avg,0.598834091661605,total_population,osm_amenity_count,-0.022212635697748458
529,227,44,US,374,BlockApportionment:US.BlockGroups;PointsLayer:US.BlockPoints,2.191,2.576,1,130,125,6498,162,82.75,98,2.46,45,US,445,BlockApportionment:US.BlockGroups;PointsLayer:US.BlockPoints,2.191,2.576,1,100,108,18.92,1.71,3.95,11.16,16.03,9.54,6.44,33.97,api_test_workflow_v2_30pct_model6_2026-05-08,34.07942285,-118.16453255,"2911 N DORCHESTER AVE, 90032",180.0,34.0794228511_-118.164532552_180.jpg,3.0,0.7529,tent,1.295,17.47,29.74,16.36,0,0,,,0,0,0,0,0,0,1,0,0,0,0,0,419,410,0,1,2,0,0.0,688.96,0,0.0,1021.61,3,602.08,462.65,1,0,0.0,1207.88,0.0,0,0.0,0,0.0,0,100.0,1,0.0,0,3.25,24.74,51.58,2.72,20.96,5,65.13,0,AO-24,41,24,1,0,34.08198058760161,-118.17164274869208,detection_avg,0.5689887015861004,pct_hs_grad,nearest_osm_major_road_m,-0.025895617319467584
530,522,44,US,374,BlockApportionment:US.BlockGroups;PointsLayer:US.BlockPoints,2.191,2.576,1,130,125,6498,162,82.75,98,2.46,45,US,445,BlockApportionment:US.BlockGroups;PointsLayer:US.BlockPoints,2.191,2.576,1,100,108,18.92,1.71,3.95,11.16,16.03,9.54,6.44,33.97,api_test_workflow_v2_20pct_model6_2026-05-07_batch2,34.07866917,-118.16466686,"5516 E ALHAMBRA AVE, 90032",90.0,34.0786691653_-118.164666864_90.jpg,1.0,0.6434,tent,1.295,17.47,29.74,16.36,0,0,,,0,0,0,0,0,0,1,0,0,0,0,0,419,410,0,1,2,0,0.0,688.96,0,0.0,1021.61,3,602.08,462.65,1,0,0.0,1207.88,0.0,0,0.0,0,0.0,0,100.0,1,0.0,0,3.25,24.74,51.58,2.72,20.96,5,65.13,0,AO-24,41,24,1,0,34.08198058760161,-118.17164274869208,detection_avg,0.5689887015861004,pct_hs_grad,nearest_osm_major_road_m,-0.025895617319467584
531,748,11,US,212,BlockApportionment:US.BlockGroups;PointsLayer:US.BlockPoints,2.191,2.576,1,126,130,12167,126,26.68,111,1.09,46,US,212,BlockApportionment:US.BlockGroups;PointsLayer:US.BlockPoints,2.191,2.576,1,102,99,8.1,0.39,3.46,1.97,20.92,11.1,4.07,13.78,api_test_workflow_v2_30pct_model6_2026-05-08,34.02479537,-118.4119223,"3469 S OVERLAND AVE, 90034",90.0,34.0247953675_-118.4119223_90.jpg,1.0,0.725,tent,1.295,17.47,29.74,16.36,0,0,,,12,0,0,0,0,0,2,0,0,0,0,2,1332,1376,0,0,3,29,2365.33,337.03,0,0.0,1001.5,0,0.0,1019.04,36,0,0.0,1004.45,0.0,0,0.0,0,0.0,0,100.0,1,0.0,0,1.32,20.04,59.31,1.32,19.33,5,71.12,0,T-30,20,30,2,0,34.01766644660427,-118.41075117742876,detection_avg,0.6074440639571743,nearest_osm_major_road_m,osm_amenity_count,-0.049913476653751884
532,957,11,US,212,BlockApportionment:US.BlockGroups;PointsLayer:US.BlockPoints,2.191,2.576,1,126,130,12167,126,26.68,111,1.09,46,US,212,BlockApportionment:US.BlockGroups;PointsLayer:US.BlockPoints,2.191,2.576,1,102,99,8.1,0.39,3.46,1.97,20.92,11.1,4.07,13.78,api_test_workflow_v2_20pct_model6_2026-05-07_batch2,34.01808977,-118.40871814,"10757 W VENICE BLVD, 90034",90.0,34.0180897691_-118.408718135_90.jpg,1.0,0.772,tent,1.295,17.47,29.74,16.36,0,0,,,12,0,0,0,0,0,2,0,0,0,0,2,1332,1376,0,0,3,29,2365.33,337.03,0,0.0,1001.5,0,0.0,1019.04,36,0,0.0,1004.45,0.0,0,0.0,0,0.0,0,100.0,1,0.0,0,1.32,20.04,59.31,1.32,19.33,5,71.12,0,T-30,20,30,2,0,34.01766644660427,-118.41075117742876,detection_avg,0.6074440639571743,nearest_osm_major_road_m,osm_amenity_count,-0.049913476653751884
533,-1,12,US,213,BlockApportionment:US.BlockGroups;PointsLayer:US.BlockPoints,2.191,2.576,1,226,219,4756,50,18.69,161,2.45,47,US,213,BlockApportionment:US.BlockGroups;PointsLayer:US.BlockPoints,2.191,2.576,1,163,159,5.31,2.62,0.27,0.65,21.1,2.8,3.23,17.8,,,,,,,,,,1.295,17.47,29.74,16.36,0,0,,,0,0,0,0,0,0,0,1,2,0,0,0,244,256,0,0,0,0,0.0,747.85,0,0.0,1505.25,1,361.69,598.28,12,0,0.0,1550.88,0.0,0,0.0,0,0.0,0,100.0,1,0.0,0,2.19,25.02,48.02,3.86,23.09,5,62.96,0,U-30,21,30,0,0,34.017589444912964,-118.39936495903812,reconstructed,0.6267236645687898,total_crime_est,nearest_osm_major_road_m,0.031971675418580765
534,1355,45,US,482,BlockApportionment:US.BlockGroups;PointsLayer:US.BlockPoints,2.191,2.576,1,102,105,4357,155,16.82,132,3.7,48,US,446,BlockApportionment:US.BlockGroups;PointsLayer:US.BlockPoints,2.191,2.576,1,136,135,6.48,2.87,0.67,1.01,21.91,6.09,4.87,9.79,api_test_workflow_v2_remaining_model6_2026-05-08,34.15625306,-118.41807046,"4750 ETHEL AV, 91423",90.0,34.1562530555_-118.418070456_90.jpg,1.0,0.8264,tent,1.295,17.47,29.74,16.36,0,0,,,18,0,0,0,0,0,1,0,0,0,0,1,660,700,0,0,2,12,2856.53,117.9,12,2856.53,117.9,0,0.0,795.36,2,2,2450.46,118.17,0.0,0,0.0,0,0.0,0,100.0,1,0.0,0,6.58,30.09,48.6,3.33,17.98,5,62.05,1,S-17,19,17,1,1,34.16059433074411,-118.42214207033122,detection_avg,0.6104007925844982,pct_household_disability,fema_flood_hazard_area_pct,0.014937457219664472
535,-1,13,US,214,BlockApportionment:US.BlockGroups;PointsLayer:US.BlockPoints,2.191,2.576,1,332,325,3683,171,20.23,182,3.22,49,US,214,BlockApportionment:US.BlockGroups;PointsLayer:US.BlockPoints,2.191,2.576,1,165,163,9.27,2.93,1.25,1.58,21.64,8.2,4.62,18.75,,,,,,,,,,1.295,17.47,29.74,16.36,0,0,,,0,0,0,0,0,1,0,0,0,0,0,0,97,101,0,0,0,15,1212.51,231.83,0,0.0,985.67,3,1848.25,94.61,4,0,0.0,1156.53,0.0,0,0.0,0,0.0,0,100.0,1,0.0,0,5.88,32.84,48.46,1.14,17.56,5,62.16,7,V-30,22,30,1,1,34.01751244322166,-118.38797874064744,reconstructed,0.5785807951056147,total_crime_est,nearest_osm_major_road_m,-0.03323364513269748
536,-1,46,US,375,BlockApportionment:US.BlockGroups;PointsLayer:US.BlockPoints,2.191,2.576,1,106,91,4524,129,68.83,120,3.54,0,US,447,BlockApportionment:US.BlockGroups;PointsLayer:US.BlockPoints,2.191,2.576,1,97,100,19.53,2.84,2.58,7.71,21.25,8.07,3.06,29.27,,,,,,,,,,1.295,17.47,29.74,16.36,0,0,,,0,0,0,0,0,0,0,0,0,0,0,0,117,106,0,0,0,0,0.0,722.35,0,0.0,1201.33,1,398.02,545.43,1,0,0.0,1434.08,0.0,0,0.0,0,0.0,0,100.0,1,0.0,0,4.72,28.21,51.27,2.79,17.73,5,64.47,3,AP-24,42,24,0,1,34.08190358591031,-118.16025653030142,reconstructed,0.5695549025012838,pct_hs_grad,nearest_osm_major_road_m,-0.025288320173270856
537,-1,14,US,215,BlockApportionment:US.BlockGroups;PointsLayer:US.BlockPoints,2.191,2.576,1,110,198,1060,0,10.57,169,4.28,1,US,215,BlockApportionment:US.BlockGroups;PointsLayer:US.BlockPoints,2.191,2.576,1,186,196,9.52,1.61,0.0,0.0,0.0,8.1,0.0,11.11,,,,,,,,,,1.295,17.47,29.74,16.36,0,0,,,0,0,0,0,0,0,0,0,0,0,0,0,66,67,0,0,0,17,3551.4,258.32,0,0.0,2062.14,0,0.0,803.29,6,0,0.0,2221.23,2.99,1,0.0,0,2.71,1,100.0,1,0.0,0,12.54,60.09,17.28,1.05,21.58,3,38.33,0,W-30,23,30,0,0,34.01743544153036,-118.3765925222568,reconstructed,0.5840671709529512,pct_public_assistance,la_geohub_100yr_flood_area_pct,0.02257254168916257
538,-1,47,US,483,BlockApportionment:US.BlockGroups;PointsLayer:US.BlockPoints,2.191,2.576,1,87,83,4944,119,15.39,131,2.62,2,US,448,BlockApportionment:US.BlockGroups;PointsLayer:US.BlockPoints,2.191,2.576,1,121,119,8.08,2.13,3.02,0.4,36.94,9.37,1.91,14.01,,,,,,,,,,1.295,17.47,29.74,16.36,0,0,,,42,0,0,0,0,0,0,0,0,0,0,1,645,716,0,0,0,0,0.0,698.29,0,0.0,698.29,1,1413.72,97.89,4,0,0.0,714.6,0.0,0,0.0,0,0.0,0,100.0,1,0.0,0,5.0,24.3,50.26,5.0,20.44,5,63.68,0,T-17,20,17,0,0,34.16051732905281,-118.41075585194056,reconstructed,0.5963490600958176,total_crime_est,nearest_osm_major_road_m,0.01962665620627493
539,-1,15,US,216,BlockApportionment:US.BlockGroups;PointsLayer:US.BlockPoints,2.191,2.576,1,104,102,3405,181,22.35,109,4.63,3,US,216,BlockApportionment:US.BlockGroups;PointsLayer:US.BlockPoints,2.191,2.576,1,107,110,14.81,4.66,1.53,1.03,37.54,10.7,2.14,16.32,,,,,,,,,,1.295,17.47,29.74,16.36,0,0,,,11,0,0,0,0,2,0,2,0,0,0,0,331,317,0,0,3,25,1670.53,178.48,0,0.0,1562.22,0,0.0,1143.58,1,0,0.0,1563.72,7.18,1,0.0,0,0.98,1,100.0,1,0.0,0,8.6,32.72,48.68,2.19,16.4,5,61.5,0,X-30,24,30,2,0,34.01735843983905,-118.36520630386616,reconstructed,0.5931913405336683,recreation_center_count,business_sites_count,0.033676043547865395
540,-1,48,US,376,BlockApportionment:US.BlockGroups;PointsLayer:US.BlockPoints,2.191,2.576,1,180,219,8730,138,11.87,136,1.97,4,US,449,BlockApportionment:US.BlockGroups;PointsLayer:US.BlockPoints,2.191,2.576,1,125,124,7.2,3.27,2.88,0.68,30.88,12.06,3.31,12.49,,,,,,,,,,1.295,17.47,29.74,16.36,0,0,,,69,0,0,0,0,0,1,0,0,0,0,2,844,842,0,0,0,41,2697.97,229.07,0,0.0,4378.32,3,113.88,271.0,55,0,0.0,3107.85,17.74,1,0.0,0,0.44,1,100.0,1,0.0,0,4.03,26.56,52.41,1.58,19.46,5,65.48,2,W-23,23,23,1,1,34.094355147464185,-118.37659503930162,reconstructed,0.6367751633759633,total_population,osm_amenity_count,-0.028307630201506215
541,-1,16,US,217,BlockApportionment:US.BlockGroups;PointsLayer:US.BlockPoints,2.191,2.576,1,140,88,9376,193,43.68,54,3.6,5,US,217,BlockApportionment:US.BlockGroups;PointsLayer:US.BlockPoints,2.191,2.576,1,60,60,20.24,3.11,7.65,3.26,33.77,19.52,7.09,28.35,,,,,,,,,,1.295,17.47,29.74,16.36,0,0,,,6,0,0,0,0,2,0,1,1,0,0,0,431,429,0,0,3,10,2377.67,123.47,0,0.0,2089.64,0,0.0,1622.35,1,0,0.0,2165.05,14.03,1,0.0,0,3.92,1,100.0,1,0.0,0,3.25,30.29,48.46,0.61,20.63,5,62.95,1,Y-30,25,30,2,1,34.01728143814775,-118.3538200854755,reconstructed,0.5849824262478865,adult_recreation_count,nearest_freeway_m,-0.028684684487191848
542,-1,49,US,484,BlockApportionment:US.BlockGroups;PointsLayer:US.BlockPoints,2.191,2.576,1,77,87,4585,155,19.56,129,3.41,6,US,450,BlockApportionment:US.BlockGroups;PointsLayer:US.BlockPoints,2.191,2.576,1,133,132,12.18,2.93,1.36,0.6,36.64,12.29,4.09,11.6,,,,,,,,,,1.295,17.47,29.74,16.36,0,0,,,39,0,0,0,0,0,2,0,0,0,0,1,907,959,0,0,0,54,4881.55,244.16,23,3504.58,244.16,1,1098.17,322.57,8,2,2372.5,242.63,0.0,0,0.0,0,0.0,0,100.0,1,0.0,0,2.54,24.01,53.02,4.82,18.14,5,66.35,1,U-17,21,17,2,1,34.160440327361506,-118.39936963354992,reconstructed,0.6025991656415034,private_school_count,nearest_osm_major_road_m,0.015226691679696333
543,-1,17,US,218,BlockApportionment:US.BlockGroups;PointsLayer:US.BlockPoints,2.191,2.576,1,135,109,7152,124,31.32,56,4.05,7,US,218,BlockApportionment:US.BlockGroups;PointsLayer:US.BlockPoints,2.191,2.576,1,73,75,20.75,3.59,2.05,4.41,42.67,20.83,5.51,28.17,,,,,,,,,,1.295,17.47,29.74,16.36,0,0,,,12,0,1,0,0,3,0,0,0,0,0,0,453,441,0,0,8,21,2126.91,397.77,0,0.0,1612.38,0,0.0,2842.3,1,0,0.0,1617.58,66.59,1,0.0,0,8.7,1,100.0,1,0.0,0,3.16,22.41,59.31,1.67,16.61,5,70.57,2,Z-30,26,30,3,1,34.017204436456446,-118.34243386708484,reconstructed,0.5712114379492855,pct_veterans,public_school_count,0.03673218393323686
544,731,0,US,377,BlockApportionment:US.BlockGroups;PointsLayer:US.BlockPoints,2.191,2.576,1,178,208,8066,124,13.34,113,1.19,8,US,451,BlockApportionment:US.BlockGroups;PointsLayer:US.BlockPoints,2.191,2.576,1,124,122,6.35,1.29,2.79,0.04,23.82,7.41,5.28,16.59,api_test_workflow_v2_30pct_model6_2026-05-08,34.09779639,-118.36700208,"8166 W SUNSET BLVD, 90046",90.0,34.0977963857_-118.367002079_90.jpg,1.0,0.66,tent,1.295,17.47,29.74,16.36,0,0,,,51,0,0,0,0,1,1,0,0,0,0,0,1052,1069,0,0,1,0,0.0,631.27,0,0.0,3155.55,0,0.0,1114.52,13,0,0.0,2167.15,0.0,0,0.0,0,0.0,0,100.0,1,0.0,0,8.78,32.66,50.04,1.32,15.98,5,62.39,0,X-23,24,23,2,0,34.09427814577288,-118.36520882091098,detection_avg,0.6484419056197182,private_school_count,nearest_osm_major_road_m,0.02326102849016251
545,-1,18,US,219,BlockApportionment:US.BlockGroups;PointsLayer:US.BlockPoints,2.191,2.576,1,123,99,4147,233,15.34,88,6.62,9,US,219,BlockApportionment:US.BlockGroups;PointsLayer:US.BlockPoints,2.191,2.576,1,89,92,12.25,4.58,1.89,2.72,44.33,10.84,2.29,38.37,,,,,,,,,,1.295,17.47,29.74,16.36,0,0,,,38,0,0,0,0,1,0,0,1,0,0,1,534,501,0,0,4,63,2921.82,364.67,0,0.0,2234.3,0,0.0,3642.91,3,0,0.0,2287.28,63.58,1,0.0,0,19.08,1,100.0,1,0.0,0,0.62,18.19,52.99,1.23,27.59,5,66.91,0,AA-30,27,30,1,0,34.01712743476514,-118.3310476486942,reconstructed,0.6214698602525524,adult_recreation_count,nearest_freeway_m,-0.029763434610571068
546,-1,1,US,485,BlockApportionment:US.BlockGroups;PointsLayer:US.BlockPoints,2.191,2.576,1,116,135,5294,233,20.34,126,1.32,10,US,452,BlockApportionment:US.BlockGroups;PointsLayer:US.BlockPoints,2.191,2.576,1,119,118,11.02,2.28,3.79,2.65,25.74,9.62,2.01,15.25,,,,,,,,,,1.295,17.47,29.74,16.36,0,0,,,18,0,0,0,0,3,1,0,0,0,0,1,597,675,0,0,6,28,4078.89,508.35,28,4078.89,508.35,2,263.91,624.08,5,2,1360.21,554.09,0.0,0,0.0,0,0.0,0,100.0,1,0.0,0,4.56,28.48,49.08,5.0,17.44,5,62.99,1,V-17,22,17,4,1,34.160363325670204,-118.38798341515928,reconstructed,0.5874611093361075,pct_no_schooling,osm_amenity_count,0.017788869328819495
547,-1,2,US,378,BlockApportionment:US.BlockGroups;PointsLayer:US.BlockPoints,2.191,2.576,1,180,178,12593,155,14.47,96,1.64,11,US,453,BlockApportionment:US.BlockGroups;PointsLayer:US.BlockPoints,2.191,2.576,1,101,100,10.71,1.64,2.99,0.72,21.29,11.94,5.96,23.12,,,,,,,,,,1.295,17.47,29.74,16.36,0,0,,,30,0,1,0,0,0,1,2,1,0,0,2,784,831,0,0,0,30,1495.43,91.7,0,0.0,2736.78,0,0.0,1613.67,6,0,0.0,993.39,0.0,0,0.0,0,0.0,0,100.0,1,0.0,0,2.11,27.02,48.95,1.14,22.89,5,63.63,2,Y-23,25,23,1,1,34.09420114408158,-118.35382260252032,reconstructed,0.6506041950037458,recreation_center_count,business_sites_count,-0.052202989951230516
548,1461,19,US,220,BlockApportionment:US.BlockGroups;PointsLayer:US.BlockPoints,2.191,2.576,1,139,102,7374,138,62.14,93,2.87,12,US,220,BlockApportionment:US.BlockGroups;PointsLayer:US.BlockPoints,2.191,2.576,1,88,90,19.62,2.74,4.22,8.48,39.94,22.22,5.41,27.87,api_test_workflow_v8_remaining_location_deduped_30pct_after10_2026-05-22,34.01870851,-118.31902924,"3792 S 2ND AVE, 90018",90.0,34.0187085068_-118.319029243_90.jpg,1.0,0.9122,tent,1.295,17.47,29.74,16.36,0,0,,,4,0,1,0,0,1,2,0,0,0,0,0,520,513,0,0,1,0,0.0,997.87,0,0.0,1788.89,0,0.0,3521.8,1,0,0.0,1792.48,55.0,1,0.0,0,12.53,1,100.0,1,0.0,0,2.02,19.86,62.04,0.97,17.14,5,72.82,0,AB-30,28,30,3,0,34.01705043307384,-118.31966143030355,detection_avg,0.5876701328636175,pct_hs_grad,nearest_osm_major_road_m,-0.03726788996160765
549,1462,19,US,220,BlockApportionment:US.BlockGroups;PointsLayer:US.BlockPoints,2.191,2.576,1,139,102,7374,138,62.14,93,2.87,12,US,220,BlockApportionment:US.BlockGroups;PointsLayer:US.BlockPoints,2.191,2.576,1,88,90,19.62,2.74,4.22,8.48,39.94,22.22,5.41,27.87,api_test_workflow_v8_remaining_location_deduped_30pct_after10_2026-05-22,34.01870851,-118.31902924,"3792 S 2ND AVE, 90018",180.0,34.0187085068_-118.319029243_180.jpg,1.0,0.8608,tent,1.295,17.47,29.74,16.36,0,0,,,4,0,1,0,0,1,2,0,0,0,0,0,520,513,0,0,1,0,0.0,997.87,0,0.0,1788.89,0,0.0,3521.8,1,0,0.0,1792.48,55.0,1,0.0,0,12.53,1,100.0,1,0.0,0,2.02,19.86,62.04,0.97,17.14,5,72.82,0,AB-30,28,30,3,0,34.01705043307384,-118.31966143030355,detection_avg,0.5876701328636175,pct_hs_grad,nearest_osm_major_road_m,-0.03726788996160765
550,79,3,US,486,BlockApportionment:US.BlockGroups;PointsLayer:US.BlockPoints,2.191,2.576,1,105,146,7519,183,23.82,104,1.64,13,US,454,BlockApportionment:US.BlockGroups;PointsLayer:US.BlockPoints,2.191,2.576,1,89,88,9.35,0.98,3.38,1.16,30.15,10.67,4.07,10.42,api_test_workflow_v2_20pct_model6_2026-05-07,34.15688485,-118.370035,"4751 N LANKERSHIM BLVD, 91602",0.0,34.1568848499_-118.370035_0.jpg,1.0,0.6976,tent,1.295,17.47,29.74,16.36,0,0,,,36,0,0,0,0,0,1,0,0,0,0,1,1114,1248,0,0,0,89,11641.93,208.86,65,10864.55,208.86,8,1317.77,175.16,10,10,4474.84,209.53,0.0,0,0.0,0,0.0,0,100.0,1,0.0,0,2.55,23.27,54.96,4.74,17.03,5,67.71,0,W-17,23,17,1,0,34.1602863239789,-118.3765971967686,detection_avg,0.5718458599254539,total_population,osm_amenity_count,-0.016211962849152092
551,405,3,US,486,BlockApportionment:US.BlockGroups;PointsLayer:US.BlockPoints,2.191,2.576,1,105,146,7519,183,23.82,104,1.64,13,US,454,BlockApportionment:US.BlockGroups;PointsLayer:US.BlockPoints,2.191,2.576,1,89,88,9.35,0.98,3.38,1.16,30.15,10.67,4.07,10.42,api_test_workflow_v2_20pct_model6_2026-05-07,34.16095705,-118.37208628,"4936 N LANKERSHIM BLVD, 91601",90.0,34.1609570469_-118.372086281_90.jpg,2.0,0.7779,tent,1.295,17.47,29.74,16.36,0,0,,,36,0,0,0,0,0,1,0,0,0,0,1,1114,1248,0,0,0,89,11641.93,208.86,65,10864.55,208.86,8,1317.77,175.16,10,10,4474.84,209.53,0.0,0,0.0,0,0.0,0,100.0,1,0.0,0,2.55,23.27,54.96,4.74,17.03,5,67.71,0,W-17,23,17,1,0,34.1602863239789,-118.3765971967686,detection_avg,0.5718458599254539,total_population,osm_amenity_count,-0.016211962849152092
552,518,3,US,486,BlockApportionment:US.BlockGroups;PointsLayer:US.BlockPoints,2.191,2.576,1,105,146,7519,183,23.82,104,1.64,13,US,454,BlockApportionment:US.BlockGroups;PointsLayer:US.BlockPoints,2.191,2.576,1,89,88,9.35,0.98,3.38,1.16,30.15,10.67,4.07,10.42,api_test_workflow_v2_20pct_model6_2026-05-07_batch2,34.15719576,-118.37998424,"4750 N KRAFT AVE, 91602",0.0,34.1571957602_-118.379984239_0.jpg,1.0,0.8643,tent,1.295,17.47,29.74,16.36,0,0,,,36,0,0,0,0,0,1,0,0,0,0,1,1114,1248,0,0,0,89,11641.93,208.86,65,10864.55,208.86,8,1317.77,175.16,10,10,4474.84,209.53,0.0,0,0.0,0,0.0,0,100.0,1,0.0,0,2.55,23.27,54.96,4.74,17.03,5,67.71,0,W-17,23,17,1,0,34.1602863239789,-118.3765971967686,detection_avg,0.5718458599254539,total_population,osm_amenity_count,-0.016211962849152092
553,640,3,US,486,BlockApportionment:US.BlockGroups;PointsLayer:US.BlockPoints,2.191,2.576,1,105,146,7519,183,23.82,104,1.64,13,US,454,BlockApportionment:US.BlockGroups;PointsLayer:US.BlockPoints,2.191,2.576,1,89,88,9.35,0.98,3.38,1.16,30.15,10.67,4.07,10.42,api_test_workflow_v2_remaining_model6_2026-05-08,34.1611389,-118.37199151,"11065 W MORRISON ST, 91601",0.0,34.1611388987_-118.371991512_0.jpg,2.0,0.8529,tent,1.295,17.47,29.74,16.36,0,0,,,36,0,0,0,0,0,1,0,0,0,0,1,1114,1248,0,0,0,89,11641.93,208.86,65,10864.55,208.86,8,1317.77,175.16,10,10,4474.84,209.53,0.0,0,0.0,0,0.0,0,100.0,1,0.0,0,2.55,23.27,54.96,4.74,17.03,5,67.71,1,W-17,23,17,1,1,34.1602863239789,-118.3765971967686,detection_avg,0.5718458599254539,total_population,osm_amenity_count,-0.016211962849152092
554,816,3,US,486,BlockApportionment:US.BlockGroups;PointsLayer:US.BlockPoints,2.191,2.576,1,105,146,7519,183,23.82,104,1.64,13,US,454,BlockApportionment:US.BlockGroups;PointsLayer:US.BlockPoints,2.191,2.576,1,89,88,9.35,0.98,3.38,1.16,30.15,10.67,4.07,10.42,api_test_workflow_v2_5pct_fresh_2026-04-28,34.15500107,-118.37886206,"4632 N TUJUNGA AVE, 91602",180.0,34.1550010677_-118.378862056_180.jpg,1.0,0.7451,tent,1.295,17.47,29.74,16.36,0,0,,,36,0,0,0,0,0,1,0,0,0,0,1,1114,1248,0,0,0,89,11641.93,208.86,65,10864.55,208.86,8,1317.77,175.16,10,10,4474.84,209.53,0.0,0,0.0,0,0.0,0,100.0,1,0.0,0,2.55,23.27,54.96,4.74,17.03,5,67.71,0,W-17,23,17,1,0,34.1602863239789,-118.3765971967686,detection_avg,0.5718458599254539,total_population,osm_amenity_count,-0.016211962849152092
555,821,20,US,221,BlockApportionment:US.BlockGroups;PointsLayer:US.BlockPoints,2.191,2.576,1,161,140,9008,88,67.52,90,1.21,14,US,221,BlockApportionment:US.BlockGroups;PointsLayer:US.BlockPoints,2.191,2.576,1,82,85,18.31,0.82,7.59,5.03,29.49,17.03,7.4,40.41,api_test_workflow_v2_5pct_fresh_2026-04-28,34.01729675,-118.30769385,"3802 S HOBART BLVD, 90062",270.0,34.0172967523_-118.30769385_270.jpg,1.0,0.8542,tent,1.295,17.47,29.74,16.36,0,0,,,52,0,0,1,0,1,0,0,0,0,0,0,684,572,1,0,5,32,2178.09,62.36,0,0.0,2461.23,0,0.0,4646.82,8,0,0.0,2507.35,78.43,1,0.0,0,6.7,1,100.0,1,0.0,0,1.32,16.32,58.95,1.49,23.25,5,70.87,1,AC-30,29,30,1,1,34.01697343138254,-118.3082752119129,detection_avg,0.6479477699224195,transit_stops_count,food_access_count,0.01826176649788058
556,1168,20,US,221,BlockApportionment:US.BlockGroups;PointsLayer:US.BlockPoints,2.191,2.576,1,161,140,9008,88,67.52,90,1.21,14,US,221,BlockApportionment:US.BlockGroups;PointsLayer:US.BlockPoints,2.191,2.576,1,82,85,18.31,0.82,7.59,5.03,29.49,17.03,7.4,40.41,api_test_workflow_v8_remaining_location_deduped_final_after10_30_2026-05-23,34.01525002,-118.30470273,"3871 S DENKER AVE, 90062",270.0,34.0152500157_-118.304702728_270.jpg,1.0,0.7591,tent,1.295,17.47,29.74,16.36,0,0,,,52,0,0,1,0,1,0,0,0,0,0,0,684,572,1,0,5,32,2178.09,62.36,0,0.0,2461.23,0,0.0,4646.82,8,0,0.0,2507.35,78.43,1,0.0,0,6.7,1,100.0,1,0.0,0,1.32,16.32,58.95,1.49,23.25,5,70.87,0,AC-30,29,30,1,0,34.01697343138254,-118.3082752119129,detection_avg,0.6479477699224195,transit_stops_count,food_access_count,0.01826176649788058
557,1833,20,US,221,BlockApportionment:US.BlockGroups;PointsLayer:US.BlockPoints,2.191,2.576,1,161,140,9008,88,67.52,90,1.21,14,US,221,BlockApportionment:US.BlockGroups;PointsLayer:US.BlockPoints,2.191,2.576,1,82,85,18.31,0.82,7.59,5.03,29.49,17.03,7.4,40.41,api_test_workflow_v8_remaining_location_deduped_final_after10_30_2026-05-23,34.01652606,-118.30925002,"1613 W 38TH PL, 90062",0.0,34.016526056_-118.309250015_0.jpg,1.0,0.8511,tent,1.295,17.47,29.74,16.36,0,0,,,52,0,0,1,0,1,0,0,0,0,0,0,684,572,1,0,5,32,2178.09,62.36,0,0.0,2461.23,0,0.0,4646.82,8,0,0.0,2507.35,78.43,1,0.0,0,6.7,1,100.0,1,0.0,0,1.32,16.32,58.95,1.49,23.25,5,70.87,5,AC-30,29,30,1,1,34.01697343138254,-118.3082752119129,detection_avg,0.6479477699224195,transit_stops_count,food_access_count,0.01826176649788058
558,5,4,US,379,BlockApportionment:US.BlockGroups;PointsLayer:US.BlockPoints,2.191,2.576,1,161,211,11672,150,21.44,95,1.36,15,US,455,BlockApportionment:US.BlockGroups;PointsLayer:US.BlockPoints,2.191,2.576,1,93,92,6.69,1.25,4.88,3.25,33.31,17.92,5.25,12.9,api_test_workflow_v2_10pct_model6_2026-05-06_live,34.09796483,-118.33760036,"SUNSET BLVD AT MCCADDEN PL, 90028",270.0,34.097964833_-118.337600364_270.jpg,1.0,0.8083,tent,1.295,17.47,29.74,16.36,0,0,,,72,0,0,1,1,1,1,0,0,0,0,1,2262,2322,0,0,3,65,3019.78,96.53,0,0.0,1569.22,0,0.0,1475.07,60,0,0.0,705.01,0.66,1,0.0,0,0.66,1,100.0,1,0.0,0,3.07,14.47,73.77,0.96,10.79,5,80.72,1,Z-23,26,23,2,1,34.09412414239028,-118.34243638412968,detection_avg,0.6500419240965097,private_school_count,nearest_osm_major_road_m,0.018032139214337325
559,18,4,US,379,BlockApportionment:US.BlockGroups;PointsLayer:US.BlockPoints,2.191,2.576,1,161,211,11672,150,21.44,95,1.36,15,US,455,BlockApportionment:US.BlockGroups;PointsLayer:US.BlockPoints,2.191,2.576,1,93,92,6.69,1.25,4.88,3.25,33.31,17.92,5.25,12.9,api_test_workflow_v2_10pct_model6_2026-05-06_live,34.09774593,-118.33763163,"6730 W SUNSET BLVD, 90028",270.0,34.0977459348_-118.337631635_270.jpg,1.0,0.8083,tent,1.295,17.47,29.74,16.36,0,0,,,72,0,0,1,1,1,1,0,0,0,0,1,2262,2322,0,0,3,65,3019.78,96.53,0,0.0,1569.22,0,0.0,1475.07,60,0,0.0,705.01,0.66,1,0.0,0,0.66,1,100.0,1,0.0,0,3.07,14.47,73.77,0.96,10.79,5,80.72,6,Z-23,26,23,2,1,34.09412414239028,-118.34243638412968,detection_avg,0.6500419240965097,private_school_count,nearest_osm_major_road_m,0.018032139214337325
560,163,4,US,379,BlockApportionment:US.BlockGroups;PointsLayer:US.BlockPoints,2.191,2.576,1,161,211,11672,150,21.44,95,1.36,15,US,455,BlockApportionment:US.BlockGroups;PointsLayer:US.BlockPoints,2.191,2.576,1,93,92,6.69,1.25,4.88,3.25,33.31,17.92,5.25,12.9,api_test_workflow_v2_remaining_model6_2026-05-08,34.10153432,-118.3387377,"HOLLYWOOD BLVD AT HIGHLAND AVE, 90028",0.0,34.1015343152_-118.338737697_0.jpg,1.0,0.8946,tent,1.295,17.47,29.74,16.36,0,0,,,72,0,0,1,1,1,1,0,0,0,0,1,2262,2322,0,0,3,65,3019.78,96.53,0,0.0,1569.22,0,0.0,1475.07,60,0,0.0,705.01,0.66,1,0.0,0,0.66,1,100.0,1,0.0,0,3.07,14.47,73.77,0.96,10.79,5,80.72,0,Z-23,26,23,2,0,34.09412414239028,-118.34243638412968,detection_avg,0.6500419240965097,private_school_count,nearest_osm_major_road_m,0.018032139214337325
561,177,4,US,379,BlockApportionment:US.BlockGroups;PointsLayer:US.BlockPoints,2.191,2.576,1,161,211,11672,150,21.44,95,1.36,15,US,455,BlockApportionment:US.BlockGroups;PointsLayer:US.BlockPoints,2.191,2.576,1,93,92,6.69,1.25,4.88,3.25,33.31,17.92,5.25,12.9,api_test_workflow_v2_remaining_model6_2026-05-08,34.09815561,-118.34933687,"7311 W SUNSET BLVD, 90046",90.0,34.0981556058_-118.349336871_90.jpg,1.0,0.7075,tent,1.295,17.47,29.74,16.36,0,0,,,72,0,0,1,1,1,1,0,0,0,0,1,2262,2322,0,0,3,65,3019.78,96.53,0,0.0,1569.22,0,0.0,1475.07,60,0,0.0,705.01,0.66,1,0.0,0,0.66,1,100.0,1,0.0,0,3.07,14.47,73.77,0.96,10.79,5,80.72,0,Z-23,26,23,2,0,34.09412414239028,-118.34243638412968,detection_avg,0.6500419240965097,private_school_count,nearest_osm_major_road_m,0.018032139214337325
562,581,4,US,379,BlockApportionment:US.BlockGroups;PointsLayer:US.BlockPoints,2.191,2.576,1,161,211,11672,150,21.44,95,1.36,15,US,455,BlockApportionment:US.BlockGroups;PointsLayer:US.BlockPoints,2.191,2.576,1,93,92,6.69,1.25,4.88,3.25,33.31,17.92,5.25,12.9,api_test_workflow_v2_20pct_model6_2026-05-07_batch2,34.09815349,-118.34942488,"7315 W SUNSET BLVD, 90046",180.0,34.0981534941_-118.349424879_180.jpg,1.0,0.6521,tent,1.295,17.47,29.74,16.36,0,0,,,72,0,0,1,1,1,1,0,0,0,0,1,2262,2322,0,0,3,65,3019.78,96.53,0,0.0,1569.22,0,0.0,1475.07,60,0,0.0,705.01,0.66,1,0.0,0,0.66,1,100.0,1,0.0,0,3.07,14.47,73.77,0.96,10.79,5,80.72,1,Z-23,26,23,2,1,34.09412414239028,-118.34243638412968,detection_avg,0.6500419240965097,private_school_count,nearest_osm_major_road_m,0.018032139214337325
563,610,4,US,379,BlockApportionment:US.BlockGroups;PointsLayer:US.BlockPoints,2.191,2.576,1,161,211,11672,150,21.44,95,1.36,15,US,455,BlockApportionment:US.BlockGroups;PointsLayer:US.BlockPoints,2.191,2.576,1,93,92,6.69,1.25,4.88,3.25,33.31,17.92,5.25,12.9,api_test_workflow_v2_remaining_model6_2026-05-08,34.09868425,-118.34888094,"1518 N FULLER AVE, 90046",180.0,34.0986842468_-118.348880936_180.jpg,1.0,0.7923,tent,1.295,17.47,29.74,16.36,0,0,,,72,0,0,1,1,1,1,0,0,0,0,1,2262,2322,0,0,3,65,3019.78,96.53,0,0.0,1569.22,0,0.0,1475.07,60,0,0.0,705.01,0.66,1,0.0,0,0.66,1,100.0,1,0.0,0,3.07,14.47,73.77,0.96,10.79,5,80.72,4,Z-23,26,23,2,1,34.09412414239028,-118.34243638412968,detection_avg,0.6500419240965097,private_school_count,nearest_osm_major_road_m,0.018032139214337325
564,1351,4,US,379,BlockApportionment:US.BlockGroups;PointsLayer:US.BlockPoints,2.191,2.576,1,161,211,11672,150,21.44,95,1.36,15,US,455,BlockApportionment:US.BlockGroups;PointsLayer:US.BlockPoints,2.191,2.576,1,93,92,6.69,1.25,4.88,3.25,33.31,17.92,5.25,12.9,api_test_workflow_v2_remaining_model6_2026-05-08,34.09779839,-118.33754832,"6726 W SUNSET BLVD, 90028",270.0,34.09779839_-118.337548322_270.jpg,1.0,0.6125,tent,1.295,17.47,29.74,16.36,0,0,,,72,0,0,1,1,1,1,0,0,0,0,1,2262,2322,0,0,3,65,3019.78,96.53,0,0.0,1569.22,0,0.0,1475.07,60,0,0.0,705.01,0.66,1,0.0,0,0.66,1,100.0,1,0.0,0,3.07,14.47,73.77,0.96,10.79,5,80.72,0,Z-23,26,23,2,0,34.09412414239028,-118.34243638412968,detection_avg,0.6500419240965097,private_school_count,nearest_osm_major_road_m,0.018032139214337325
565,1424,4,US,379,BlockApportionment:US.BlockGroups;PointsLayer:US.BlockPoints,2.191,2.576,1,161,211,11672,150,21.44,95,1.36,15,US,455,BlockApportionment:US.BlockGroups;PointsLayer:US.BlockPoints,2.191,2.576,1,93,92,6.69,1.25,4.88,3.25,33.31,17.92,5.25,12.9,api_test_workflow_v8_remaining_location_deduped_30pct_after10_2026-05-22,34.09432083,-118.34166959,"ORANGE DR AT FOUNTAIN AVE, 90038",180.0,34.094320833_-118.341669586_180.jpg,1.0,0.6749,tent,1.295,17.47,29.74,16.36,0,0,,,72,0,0,1,1,1,1,0,0,0,0,1,2262,2322,0,0,3,65,3019.78,96.53,0,0.0,1569.22,0,0.0,1475.07,60,0,0.0,705.01,0.66,1,0.0,0,0.66,1,100.0,1,0.0,0,3.07,14.47,73.77,0.96,10.79,5,80.72,1,Z-23,26,23,2,1,34.09412414239028,-118.34243638412968,detection_avg,0.6500419240965097,private_school_count,nearest_osm_major_road_m,0.018032139214337325
566,1623,4,US,379,BlockApportionment:US.BlockGroups;PointsLayer:US.BlockPoints,2.191,2.576,1,161,211,11672,150,21.44,95,1.36,15,US,455,BlockApportionment:US.BlockGroups;PointsLayer:US.BlockPoints,2.191,2.576,1,93,92,6.69,1.25,4.88,3.25,33.31,17.92,5.25,12.9,api_test_workflow_v8_remaining_location_deduped_30pct_after10_2026-05-22,34.09410477,-118.34271177,"1256 N SYCAMORE AVE, 90038",270.0,34.0941047659_-118.342711765_270.jpg,1.0,0.8472,tent,1.295,17.47,29.74,16.36,0,0,,,72,0,0,1,1,1,1,0,0,0,0,1,2262,2322,0,0,3,65,3019.78,96.53,0,0.0,1569.22,0,0.0,1475.07,60,0,0.0,705.01,0.66,1,0.0,0,0.66,1,100.0,1,0.0,0,3.07,14.47,73.77,0.96,10.79,5,80.72,0,Z-23,26,23,2,0,34.09412414239028,-118.34243638412968,detection_avg,0.6500419240965097,private_school_count,nearest_osm_major_road_m,0.018032139214337325
567,1099,21,US,222,BlockApportionment:US.BlockGroups;PointsLayer:US.BlockPoints,2.191,2.576,1,160,140,12643,257,57.79,58,1.38,16,US,222,BlockApportionment:US.BlockGroups;PointsLayer:US.BlockPoints,2.191,2.576,1,64,66,18.05,1.36,5.65,4.68,32.81,33.31,11.56,37.05,api_test_workflow_v8_remaining_location_deduped_30pct_after10_2026-05-22,34.01837311,-118.30293586,"HALLDALE AVE AT EXPOSITION BOULEVARD N/R, 90018",90.0,34.0183731098_-118.302935861_90.jpg,1.0,0.7157,tent,1.295,17.47,29.74,16.36,0,0,,,65,0,0,0,0,1,0,0,0,0,0,1,606,628,0,2,3,18,1174.04,475.42,0,0.0,1494.71,0,0.0,5007.87,3,0,0.0,1531.95,67.76,1,0.0,0,10.06,1,100.0,1,0.0,0,1.76,12.65,72.76,0.88,13.71,5,80.4,0,AD-30,30,30,1,0,34.01689642969124,-118.29688899352224,detection_avg,0.6142501214357706,pct_public_assistance,la_geohub_500yr_flood_area_pct,-0.0917389830577653
568,52,5,US,487,BlockApportionment:US.BlockGroups;PointsLayer:US.BlockPoints,2.191,2.576,1,106,129,10140,167,28.17,82,1.65,17,US,456,BlockApportionment:US.BlockGroups;PointsLayer:US.BlockPoints,2.191,2.576,1,84,83,9.7,1.89,2.68,0.76,33.95,17.29,7.6,23.21,api_test_workflow_v2_10pct_model6_2026-05-06_live,34.1650306,-118.36846601,"10915 W MAGNOLIA BLVD, 91601",0.0,34.1650305981_-118.368466006_0.jpg,1.0,0.7209,tent,1.295,17.47,29.74,16.36,0,0,,,18,0,0,0,0,0,1,0,0,0,0,0,1433,1484,0,0,2,0,0.0,670.63,0,0.0,1086.7,0,0.0,1060.32,10,0,0.0,1099.94,0.0,0,0.0,0,0.0,0,100.0,1,0.0,0,3.07,17.97,63.8,3.86,14.37,5,73.74,0,X-17,24,17,1,0,34.1602093222876,-118.36521097837796,detection_avg,0.6408880413744505,private_school_count,nearest_osm_major_road_m,0.02485832759913208
569,176,5,US,487,BlockApportionment:US.BlockGroups;PointsLayer:US.BlockPoints,2.191,2.576,1,106,129,10140,167,28.17,82,1.65,17,US,456,BlockApportionment:US.BlockGroups;PointsLayer:US.BlockPoints,2.191,2.576,1,84,83,9.7,1.89,2.68,0.76,33.95,17.29,7.6,23.21,api_test_workflow_v2_remaining_model6_2026-05-08,34.15997274,-118.3708161,"11002 W HUSTON ST, 91601",180.0,34.1599727446_-118.370816103_180.jpg,1.0,0.7596,tent,1.295,17.47,29.74,16.36,0,0,,,18,0,0,0,0,0,1,0,0,0,0,0,1433,1484,0,0,2,0,0.0,670.63,0,0.0,1086.7,0,0.0,1060.32,10,0,0.0,1099.94,0.0,0,0.0,0,0.0,0,100.0,1,0.0,0,3.07,17.97,63.8,3.86,14.37,5,73.74,1,X-17,24,17,1,1,34.1602093222876,-118.36521097837796,detection_avg,0.6408880413744505,private_school_count,nearest_osm_major_road_m,0.02485832759913208
570,528,5,US,487,BlockApportionment:US.BlockGroups;PointsLayer:US.BlockPoints,2.191,2.576,1,106,129,10140,167,28.17,82,1.65,17,US,456,BlockApportionment:US.BlockGroups;PointsLayer:US.BlockPoints,2.191,2.576,1,84,83,9.7,1.89,2.68,0.76,33.95,17.29,7.6,23.21,api_test_workflow_v2_20pct_model6_2026-05-07_batch2,34.16859771,-118.36489315,"10732 W CHANDLER BLVD, 91601",270.0,34.1685977143_-118.364893154_270.jpg,1.0,0.7334,tent,1.295,17.47,29.74,16.36,0,0,,,18,0,0,0,0,0,1,0,0,0,0,0,1433,1484,0,0,2,0,0.0,670.63,0,0.0,1086.7,0,0.0,1060.32,10,0,0.0,1099.94,0.0,0,0.0,0,0.0,0,100.0,1,0.0,0,3.07,17.97,63.8,3.86,14.37,5,73.74,2,X-17,24,17,1,1,34.1602093222876,-118.36521097837796,detection_avg,0.6408880413744505,private_school_count,nearest_osm_major_road_m,0.02485832759913208
571,20,22,US,223,BlockApportionment:US.BlockGroups;PointsLayer:US.BlockPoints,2.191,2.576,1,149,176,4250,279,69.06,66,2.55,18,US,223,BlockApportionment:US.BlockGroups;PointsLayer:US.BlockPoints,2.191,2.576,1,61,73,19.29,1.95,9.19,6.88,28.97,40.77,7.79,40.23,api_test_workflow_v2_10pct_model6_2026-05-06_live,34.01386757,-118.28104952,"39TH ST AT HARBOR FRWY, 90037",270.0,34.0138675666_-118.281049516_270.jpg,1.0,0.6372,tent,1.295,17.47,29.74,16.36,0,0,,,87,0,0,0,0,1,0,1,0,0,0,2,380,340,0,0,3,119,9759.01,233.01,65,6611.99,356.75,0,0.0,5697.38,18,2,1863.15,390.65,80.65,1,0.0,0,3.72,1,100.0,1,0.0,0,1.14,14.91,70.09,1.75,13.25,5,78.72,2,AE-30,31,30,1,1,34.016819427999934,-118.2855027751316,detection_avg,0.576475023910874,recreation_center_count,business_sites_count,0.02286890446473422
572,117,22,US,223,BlockApportionment:US.BlockGroups;PointsLayer:US.BlockPoints,2.191,2.576,1,149,176,4250,279,69.06,66,2.55,18,US,223,BlockApportionment:US.BlockGroups;PointsLayer:US.BlockPoints,2.191,2.576,1,61,73,19.29,1.95,9.19,6.88,28.97,40.77,7.79,40.23,api_test_workflow_v2_remaining_model6_2026-05-08,34.01439852,-118.27809724,"3800 S HILL ST, 90037",0.0,34.0143985212_-118.278097236_0.jpg,1.0,0.7911,tent,1.295,17.47,29.74,16.36,0,0,,,87,0,0,0,0,1,0,1,0,0,0,2,380,340,0,0,3,119,9759.01,233.01,65,6611.99,356.75,0,0.0,5697.38,18,2,1863.15,390.65,80.65,1,0.0,0,3.72,1,100.0,1,0.0,0,1.14,14.91,70.09,1.75,13.25,5,78.72,0,AE-30,31,30,1,0,34.016819427999934,-118.2855027751316,detection_avg,0.576475023910874,recreation_center_count,business_sites_count,0.02286890446473422
573,118,22,US,223,BlockApportionment:US.BlockGroups;PointsLayer:US.BlockPoints,2.191,2.576,1,149,176,4250,279,69.06,66,2.55,18,US,223,BlockApportionment:US.BlockGroups;PointsLayer:US.BlockPoints,2.191,2.576,1,61,73,19.29,1.95,9.19,6.88,28.97,40.77,7.79,40.23,api_test_workflow_v2_remaining_model6_2026-05-08,34.01439852,-118.27809724,"3800 S HILL ST, 90037",90.0,34.0143985212_-118.278097236_90.jpg,1.0,0.8359,tent,1.295,17.47,29.74,16.36,0,0,,,87,0,0,0,0,1,0,1,0,0,0,2,380,340,0,0,3,119,9759.01,233.01,65,6611.99,356.75,0,0.0,5697.38,18,2,1863.15,390.65,80.65,1,0.0,0,3.72,1,100.0,1,0.0,0,1.14,14.91,70.09,1.75,13.25,5,78.72,0,AE-30,31,30,1,0,34.016819427999934,-118.2855027751316,detection_avg,0.576475023910874,recreation_center_count,business_sites_count,0.02286890446473422
574,119,22,US,223,BlockApportionment:US.BlockGroups;PointsLayer:US.BlockPoints,2.191,2.576,1,149,176,4250,279,69.06,66,2.55,18,US,223,BlockApportionment:US.BlockGroups;PointsLayer:US.BlockPoints,2.191,2.576,1,61,73,19.29,1.95,9.19,6.88,28.97,40.77,7.79,40.23,api_test_workflow_v2_remaining_model6_2026-05-08,34.01439852,-118.27809724,"3800 S HILL ST, 90037",180.0,34.0143985212_-118.278097236_180.jpg,1.0,0.889,tent,1.295,17.47,29.74,16.36,0,0,,,87,0,0,0,0,1,0,1,0,0,0,2,380,340,0,0,3,119,9759.01,233.01,65,6611.99,356.75,0,0.0,5697.38,18,2,1863.15,390.65,80.65,1,0.0,0,3.72,1,100.0,1,0.0,0,1.14,14.91,70.09,1.75,13.25,5,78.72,0,AE-30,31,30,1,0,34.016819427999934,-118.2855027751316,detection_avg,0.576475023910874,recreation_center_count,business_sites_count,0.02286890446473422
575,1076,22,US,223,BlockApportionment:US.BlockGroups;PointsLayer:US.BlockPoints,2.191,2.576,1,149,176,4250,279,69.06,66,2.55,18,US,223,BlockApportionment:US.BlockGroups;PointsLayer:US.BlockPoints,2.191,2.576,1,61,73,19.29,1.95,9.19,6.88,28.97,40.77,7.79,40.23,api_test_workflow_v8_remaining_location_deduped_30pct_after10_2026-05-22,34.01460837,-118.27816877,"HILL ST AT 38TH ST, 90037",0.0,34.0146083734_-118.278168772_0.jpg,1.0,0.7847,tent,1.295,17.47,29.74,16.36,0,0,,,87,0,0,0,0,1,0,1,0,0,0,2,380,340,0,0,3,119,9759.01,233.01,65,6611.99,356.75,0,0.0,5697.38,18,2,1863.15,390.65,80.65,1,0.0,0,3.72,1,100.0,1,0.0,0,1.14,14.91,70.09,1.75,13.25,5,78.72,0,AE-30,31,30,1,0,34.016819427999934,-118.2855027751316,detection_avg,0.576475023910874,recreation_center_count,business_sites_count,0.02286890446473422
576,299,6,US,380,BlockApportionment:US.BlockGroups;PointsLayer:US.BlockPoints,2.191,2.576,1,136,207,10394,138,41.23,85,1.93,19,US,457,BlockApportionment:US.BlockGroups;PointsLayer:US.BlockPoints,2.191,2.576,1,84,82,12.66,1.64,6.37,6.29,29.83,17.46,3.36,16.8,api_test_workflow_v2_30pct_model6_2026-05-08,34.09315067,-118.32754378,"6324 W LA MIRADA AVE, 90038",90.0,34.0931506735_-118.327543783_90.jpg,1.0,0.7465,tent,1.295,17.47,29.74,16.36,0,0,,,27,0,1,0,1,0,5,1,1,0,0,0,1344,1367,1,2,2,28,1381.81,94.39,0,0.0,1503.53,0,0.0,1123.49,16,2,2606.23,94.89,26.84,1,0.0,0,26.75,1,100.0,1,0.0,0,1.14,12.09,74.76,1.49,11.66,5,81.99,3,AA-23,27,23,5,1,34.094047140698976,-118.331050165739,detection_avg,0.6111187006676387,recreation_center_count,business_sites_count,-0.024850365847606914
577,1043,6,US,380,BlockApportionment:US.BlockGroups;PointsLayer:US.BlockPoints,2.191,2.576,1,136,207,10394,138,41.23,85,1.93,19,US,457,BlockApportionment:US.BlockGroups;PointsLayer:US.BlockPoints,2.191,2.576,1,84,82,12.66,1.64,6.37,6.29,29.83,17.46,3.36,16.8,api_test_workflow_v8_remaining_location_deduped_10pct_2026-05-22,34.09132457,-118.3297572,"1122 N COLE AVE, 90038",180.0,34.0913245672_-118.329757199_180.jpg,1.0,0.6994,tent,1.295,17.47,29.74,16.36,0,0,,,27,0,1,0,1,0,5,1,1,0,0,0,1344,1367,1,2,2,28,1381.81,94.39,0,0.0,1503.53,0,0.0,1123.49,16,2,2606.23,94.89,26.84,1,0.0,0,26.75,1,100.0,1,0.0,0,1.14,12.09,74.76,1.49,11.66,5,81.99,0,AA-23,27,23,5,0,34.094047140698976,-118.331050165739,detection_avg,0.6111187006676387,recreation_center_count,business_sites_count,-0.024850365847606914
578,1693,6,US,380,BlockApportionment:US.BlockGroups;PointsLayer:US.BlockPoints,2.191,2.576,1,136,207,10394,138,41.23,85,1.93,19,US,457,BlockApportionment:US.BlockGroups;PointsLayer:US.BlockPoints,2.191,2.576,1,84,82,12.66,1.64,6.37,6.29,29.83,17.46,3.36,16.8,api_test_workflow_v8_remaining_location_deduped_final_after10_30_2026-05-23,34.09263398,-118.3252835,"6223 W LEXINGTON AVE, 90038",0.0,34.0926339755_-118.325283499_0.jpg,1.0,0.8409,tent,1.295,17.47,29.74,16.36,0,0,,,27,0,1,0,1,0,5,1,1,0,0,0,1344,1367,1,2,2,28,1381.81,94.39,0,0.0,1503.53,0,0.0,1123.49,16,2,2606.23,94.89,26.84,1,0.0,0,26.75,1,100.0,1,0.0,0,1.14,12.09,74.76,1.49,11.66,5,81.99,0,AA-23,27,23,5,0,34.094047140698976,-118.331050165739,detection_avg,0.6111187006676387,recreation_center_count,business_sites_count,-0.024850365847606914
579,378,7,US,488,BlockApportionment:US.BlockGroups;PointsLayer:US.BlockPoints,2.191,2.576,1,77,80,4695,174,17.27,133,3.1,20,US,458,BlockApportionment:US.BlockGroups;PointsLayer:US.BlockPoints,2.191,2.576,1,143,143,12.31,3.27,2.4,2.11,27.53,8.99,7.91,13.49,api_test_workflow_v2_5pct_fresh_2026-04-28,34.1536213,-118.35155052,"4544 N TALOFA AVE, 91602",270.0,34.1536212999_-118.351550523_270.jpg,1.0,0.6295,tent,1.295,17.47,29.74,16.36,0,0,,,18,0,0,0,0,0,0,0,0,0,0,0,381,415,0,0,1,24,3520.32,513.71,24,3520.32,513.71,0,0.0,995.75,4,2,1709.19,513.51,0.0,0,0.0,0,0.0,0,100.0,1,0.0,0,5.7,33.25,42.19,4.47,20.09,5,57.82,0,Y-17,25,17,0,0,34.1601323205963,-118.3538247599873,detection_avg,0.611524867139962,pct_hs_grad,nearest_osm_major_road_m,-0.01807097707418628
580,16,23,US,224,BlockApportionment:US.BlockGroups;PointsLayer:US.BlockPoints,2.191,2.576,1,119,157,4000,179,80.97,66,1.34,21,US,224,BlockApportionment:US.BlockGroups;PointsLayer:US.BlockPoints,2.191,2.576,1,64,66,18.97,1.15,10.25,5.33,31.81,25.28,5.16,33.57,api_test_workflow_v2_10pct_model6_2026-05-06_live,34.02402882,-118.27283104,"2809 S OLIVE ST, 90007",0.0,34.024028821_-118.272831038_0.jpg,1.0,0.7782,tent,1.295,17.47,29.74,16.36,0,0,,,98,0,0,0,0,7,0,0,0,0,0,1,858,764,0,1,11,54,5397.55,380.3,39,4779.04,380.3,0,0.0,4542.69,5,2,1862.45,399.96,65.53,1,0.0,0,6.45,1,100.0,1,0.0,0,0.26,6.16,86.19,0.44,7.21,5,90.26,0,AF-30,32,30,7,0,34.01674242630863,-118.27411655674096,detection_avg,0.612557556991769,transit_stops_count,food_access_count,-0.022350208794581692
581,57,23,US,224,BlockApportionment:US.BlockGroups;PointsLayer:US.BlockPoints,2.191,2.576,1,119,157,4000,179,80.97,66,1.34,21,US,224,BlockApportionment:US.BlockGroups;PointsLayer:US.BlockPoints,2.191,2.576,1,64,66,18.97,1.15,10.25,5.33,31.81,25.28,5.16,33.57,api_test_workflow_v2_20pct_model6_2026-05-07,34.01742329,-118.27390305,"100 W 35TH ST, 90007",180.0,34.0174232944_-118.273903051_180.jpg,1.0,0.8917,tent,1.295,17.47,29.74,16.36,0,0,,,98,0,0,0,0,7,0,0,0,0,0,1,858,764,0,1,11,54,5397.55,380.3,39,4779.04,380.3,0,0.0,4542.69,5,2,1862.45,399.96,65.53,1,0.0,0,6.45,1,100.0,1,0.0,0,0.26,6.16,86.19,0.44,7.21,5,90.26,0,AF-30,32,30,7,0,34.01674242630863,-118.27411655674096,detection_avg,0.612557556991769,transit_stops_count,food_access_count,-0.022350208794581692
582,120,23,US,224,BlockApportionment:US.BlockGroups;PointsLayer:US.BlockPoints,2.191,2.576,1,119,157,4000,179,80.97,66,1.34,21,US,224,BlockApportionment:US.BlockGroups;PointsLayer:US.BlockPoints,2.191,2.576,1,64,66,18.97,1.15,10.25,5.33,31.81,25.28,5.16,33.57,api_test_workflow_v2_remaining_model6_2026-05-08,34.02159218,-118.27351209,"3130 S HILL ST, 90007",90.0,34.0215921785_-118.273512092_90.jpg,1.0,0.7828,tent,1.295,17.47,29.74,16.36,0,0,,,98,0,0,0,0,7,0,0,0,0,0,1,858,764,0,1,11,54,5397.55,380.3,39,4779.04,380.3,0,0.0,4542.69,5,2,1862.45,399.96,65.53,1,0.0,0,6.45,1,100.0,1,0.0,0,0.26,6.16,86.19,0.44,7.21,5,90.26,4,AF-30,32,30,7,1,34.01674242630863,-118.27411655674096,detection_avg,0.612557556991769,transit_stops_count,food_access_count,-0.022350208794581692
583,131,23,US,224,BlockApportionment:US.BlockGroups;PointsLayer:US.BlockPoints,2.191,2.576,1,119,157,4000,179,80.97,66,1.34,21,US,224,BlockApportionment:US.BlockGroups;PointsLayer:US.BlockPoints,2.191,2.576,1,64,66,18.97,1.15,10.25,5.33,31.81,25.28,5.16,33.57,api_test_workflow_v2_remaining_model6_2026-05-08,34.02115719,-118.27129564,"3027 S MAIN ST, 90007",0.0,34.021157192_-118.271295638_0.jpg,1.0,0.8861,tent,1.295,17.47,29.74,16.36,0,0,,,98,0,0,0,0,7,0,0,0,0,0,1,858,764,0,1,11,54,5397.55,380.3,39,4779.04,380.3,0,0.0,4542.69,5,2,1862.45,399.96,65.53,1,0.0,0,6.45,1,100.0,1,0.0,0,0.26,6.16,86.19,0.44,7.21,5,90.26,0,AF-30,32,30,7,0,34.01674242630863,-118.27411655674096,detection_avg,0.612557556991769,transit_stops_count,food_access_count,-0.022350208794581692
584,132,23,US,224,BlockApportionment:US.BlockGroups;PointsLayer:US.BlockPoints,2.191,2.576,1,119,157,4000,179,80.97,66,1.34,21,US,224,BlockApportionment:US.BlockGroups;PointsLayer:US.BlockPoints,2.191,2.576,1,64,66,18.97,1.15,10.25,5.33,31.81,25.28,5.16,33.57,api_test_workflow_v2_remaining_model6_2026-05-08,34.02115719,-118.27129564,"3027 S MAIN ST, 90007",180.0,34.021157192_-118.271295638_180.jpg,1.0,0.8204,tent,1.295,17.47,29.74,16.36,0,0,,,98,0,0,0,0,7,0,0,0,0,0,1,858,764,0,1,11,54,5397.55,380.3,39,4779.04,380.3,0,0.0,4542.69,5,2,1862.45,399.96,65.53,1,0.0,0,6.45,1,100.0,1,0.0,0,0.26,6.16,86.19,0.44,7.21,5,90.26,3,AF-30,32,30,7,1,34.01674242630863,-118.27411655674096,detection_avg,0.612557556991769,transit_stops_count,food_access_count,-0.022350208794581692
585,304,23,US,224,BlockApportionment:US.BlockGroups;PointsLayer:US.BlockPoints,2.191,2.576,1,119,157,4000,179,80.97,66,1.34,21,US,224,BlockApportionment:US.BlockGroups;PointsLayer:US.BlockPoints,2.191,2.576,1,64,66,18.97,1.15,10.25,5.33,31.81,25.28,5.16,33.57,api_test_workflow_v2_5pct_2026-04-25,34.01919332,-118.27116929,"125 E 33RD ST, 90011",270.0,34.0191933226_-118.271169292_270.jpg,1.0,0.807,tent,1.295,17.47,29.74,16.36,0,0,,,98,0,0,0,0,7,0,0,0,0,0,1,858,764,0,1,11,54,5397.55,380.3,39,4779.04,380.3,0,0.0,4542.69,5,2,1862.45,399.96,65.53,1,0.0,0,6.45,1,100.0,1,0.0,0,0.26,6.16,86.19,0.44,7.21,5,90.26,1,AF-30,32,30,7,1,34.01674242630863,-118.27411655674096,detection_avg,0.612557556991769,transit_stops_count,food_access_count,-0.022350208794581692
586,450,23,US,224,BlockApportionment:US.BlockGroups;PointsLayer:US.BlockPoints,2.191,2.576,1,119,157,4000,179,80.97,66,1.34,21,US,224,BlockApportionment:US.BlockGroups;PointsLayer:US.BlockPoints,2.191,2.576,1,64,66,18.97,1.15,10.25,5.33,31.81,25.28,5.16,33.57,api_test_workflow_v2_20pct_model6_2026-05-07,34.01901714,-118.27131016,"130 E 33RD ST, 90011",270.0,34.0190171408_-118.271310162_270.jpg,1.0,0.8865,tent,1.295,17.47,29.74,16.36,0,0,,,98,0,0,0,0,7,0,0,0,0,0,1,858,764,0,1,11,54,5397.55,380.3,39,4779.04,380.3,0,0.0,4542.69,5,2,1862.45,399.96,65.53,1,0.0,0,6.45,1,100.0,1,0.0,0,0.26,6.16,86.19,0.44,7.21,5,90.26,4,AF-30,32,30,7,1,34.01674242630863,-118.27411655674096,detection_avg,0.612557556991769,transit_stops_count,food_access_count,-0.022350208794581692
587,472,23,US,224,BlockApportionment:US.BlockGroups;PointsLayer:US.BlockPoints,2.191,2.576,1,119,157,4000,179,80.97,66,1.34,21,US,224,BlockApportionment:US.BlockGroups;PointsLayer:US.BlockPoints,2.191,2.576,1,64,66,18.97,1.15,10.25,5.33,31.81,25.28,5.16,33.57,api_test_workflow_v2_20pct_model6_2026-05-07,34.01732147,-118.27423632,"3510 S BROADWAY PL, 90007",270.0,34.0173214673_-118.274236323_270.jpg,1.0,0.8075,tent,1.295,17.47,29.74,16.36,0,0,,,98,0,0,0,0,7,0,0,0,0,0,1,858,764,0,1,11,54,5397.55,380.3,39,4779.04,380.3,0,0.0,4542.69,5,2,1862.45,399.96,65.53,1,0.0,0,6.45,1,100.0,1,0.0,0,0.26,6.16,86.19,0.44,7.21,5,90.26,0,AF-30,32,30,7,0,34.01674242630863,-118.27411655674096,detection_avg,0.612557556991769,transit_stops_count,food_access_count,-0.022350208794581692
588,671,23,US,224,BlockApportionment:US.BlockGroups;PointsLayer:US.BlockPoints,2.191,2.576,1,119,157,4000,179,80.97,66,1.34,21,US,224,BlockApportionment:US.BlockGroups;PointsLayer:US.BlockPoints,2.191,2.576,1,64,66,18.97,1.15,10.25,5.33,31.81,25.28,5.16,33.57,api_test_workflow_v2_remaining_model6_2026-05-08,34.01693107,-118.2745093,"118 W 36TH ST, 90007",180.0,34.0169310722_-118.274509299_180.jpg,1.0,0.7786,tent,1.295,17.47,29.74,16.36,0,0,,,98,0,0,0,0,7,0,0,0,0,0,1,858,764,0,1,11,54,5397.55,380.3,39,4779.04,380.3,0,0.0,4542.69,5,2,1862.45,399.96,65.53,1,0.0,0,6.45,1,100.0,1,0.0,0,0.26,6.16,86.19,0.44,7.21,5,90.26,1,AF-30,32,30,7,1,34.01674242630863,-118.27411655674096,detection_avg,0.612557556991769,transit_stops_count,food_access_count,-0.022350208794581692
589,769,23,US,224,BlockApportionment:US.BlockGroups;PointsLayer:US.BlockPoints,2.191,2.576,1,119,157,4000,179,80.97,66,1.34,21,US,224,BlockApportionment:US.BlockGroups;PointsLayer:US.BlockPoints,2.191,2.576,1,64,66,18.97,1.15,10.25,5.33,31.81,25.28,5.16,33.57,api_test_workflow_v2_30pct_model6_2026-05-08,34.02191255,-118.27692208,"3300 S HOPE ST, 90007",0.0,34.0219125464_-118.276922084_0.jpg,1.0,0.8358,tent,1.295,17.47,29.74,16.36,0,0,,,98,0,0,0,0,7,0,0,0,0,0,1,858,764,0,1,11,54,5397.55,380.3,39,4779.04,380.3,0,0.0,4542.69,5,2,1862.45,399.96,65.53,1,0.0,0,6.45,1,100.0,1,0.0,0,0.26,6.16,86.19,0.44,7.21,5,90.26,2,AF-30,32,30,7,1,34.01674242630863,-118.27411655674096,detection_avg,0.612557556991769,transit_stops_count,food_access_count,-0.022350208794581692
590,770,23,US,224,BlockApportionment:US.BlockGroups;PointsLayer:US.BlockPoints,2.191,2.576,1,119,157,4000,179,80.97,66,1.34,21,US,224,BlockApportionment:US.BlockGroups;PointsLayer:US.BlockPoints,2.191,2.576,1,64,66,18.97,1.15,10.25,5.33,31.81,25.28,5.16,33.57,api_test_workflow_v2_30pct_model6_2026-05-08,34.02191255,-118.27692208,"3300 S HOPE ST, 90007",270.0,34.0219125464_-118.276922084_270.jpg,3.0,0.8736,tent,1.295,17.47,29.74,16.36,0,0,,,98,0,0,0,0,7,0,0,0,0,0,1,858,764,0,1,11,54,5397.55,380.3,39,4779.04,380.3,0,0.0,4542.69,5,2,1862.45,399.96,65.53,1,0.0,0,6.45,1,100.0,1,0.0,0,0.26,6.16,86.19,0.44,7.21,5,90.26,0,AF-30,32,30,7,0,34.01674242630863,-118.27411655674096,detection_avg,0.612557556991769,transit_stops_count,food_access_count,-0.022350208794581692
591,936,23,US,224,BlockApportionment:US.BlockGroups;PointsLayer:US.BlockPoints,2.191,2.576,1,119,157,4000,179,80.97,66,1.34,21,US,224,BlockApportionment:US.BlockGroups;PointsLayer:US.BlockPoints,2.191,2.576,1,64,66,18.97,1.15,10.25,5.33,31.81,25.28,5.16,33.57,api_test_workflow_v2_20pct_model6_2026-05-07_batch2,34.02357899,-118.27449387,"301 W 30TH ST, 90007",0.0,34.0235789871_-118.274493872_0.jpg,2.0,0.8494,tent,1.295,17.47,29.74,16.36,0,0,,,98,0,0,0,0,7,0,0,0,0,0,1,858,764,0,1,11,54,5397.55,380.3,39,4779.04,380.3,0,0.0,4542.69,5,2,1862.45,399.96,65.53,1,0.0,0,6.45,1,100.0,1,0.0,0,0.26,6.16,86.19,0.44,7.21,5,90.26,0,AF-30,32,30,7,0,34.01674242630863,-118.27411655674096,detection_avg,0.612557556991769,transit_stops_count,food_access_count,-0.022350208794581692
592,1132,23,US,224,BlockApportionment:US.BlockGroups;PointsLayer:US.BlockPoints,2.191,2.576,1,119,157,4000,179,80.97,66,1.34,21,US,224,BlockApportionment:US.BlockGroups;PointsLayer:US.BlockPoints,2.191,2.576,1,64,66,18.97,1.15,10.25,5.33,31.81,25.28,5.16,33.57,api_test_workflow_v8_remaining_location_deduped_30pct_after10_2026-05-22,34.02321598,-118.27367075,"237 W 30TH ST, 90007",0.0,34.0232159765_-118.273670745_0.jpg,1.0,0.9316,tent,1.295,17.47,29.74,16.36,0,0,,,98,0,0,0,0,7,0,0,0,0,0,1,858,764,0,1,11,54,5397.55,380.3,39,4779.04,380.3,0,0.0,4542.69,5,2,1862.45,399.96,65.53,1,0.0,0,6.45,1,100.0,1,0.0,0,0.26,6.16,86.19,0.44,7.21,5,90.26,0,AF-30,32,30,7,0,34.01674242630863,-118.27411655674096,detection_avg,0.612557556991769,transit_stops_count,food_access_count,-0.022350208794581692
593,1261,23,US,224,BlockApportionment:US.BlockGroups;PointsLayer:US.BlockPoints,2.191,2.576,1,119,157,4000,179,80.97,66,1.34,21,US,224,BlockApportionment:US.BlockGroups;PointsLayer:US.BlockPoints,2.191,2.576,1,64,66,18.97,1.15,10.25,5.33,31.81,25.28,5.16,33.57,api_test_workflow_v8_remaining_location_deduped_30pct_after10_2026-05-22,34.02176381,-118.27689908,"338 1/2 W 33RD ST, 90007",270.0,34.0217638118_-118.276899077_270.jpg,3.0,0.8599,tent,1.295,17.47,29.74,16.36,0,0,,,98,0,0,0,0,7,0,0,0,0,0,1,858,764,0,1,11,54,5397.55,380.3,39,4779.04,380.3,0,0.0,4542.69,5,2,1862.45,399.96,65.53,1,0.0,0,6.45,1,100.0,1,0.0,0,0.26,6.16,86.19,0.44,7.21,5,90.26,0,AF-30,32,30,7,0,34.01674242630863,-118.27411655674096,detection_avg,0.612557556991769,transit_stops_count,food_access_count,-0.022350208794581692
594,1310,23,US,224,BlockApportionment:US.BlockGroups;PointsLayer:US.BlockPoints,2.191,2.576,1,119,157,4000,179,80.97,66,1.34,21,US,224,BlockApportionment:US.BlockGroups;PointsLayer:US.BlockPoints,2.191,2.576,1,64,66,18.97,1.15,10.25,5.33,31.81,25.28,5.16,33.57,api_test_workflow_v2_remaining_model6_2026-05-08,34.01778035,-118.27111641,"150 E JEFFERSON BLVD, 90011",0.0,34.0177803508_-118.271116412_0.jpg,1.0,0.8317,tent,1.295,17.47,29.74,16.36,0,0,,,98,0,0,0,0,7,0,0,0,0,0,1,858,764,0,1,11,54,5397.55,380.3,39,4779.04,380.3,0,0.0,4542.69,5,2,1862.45,399.96,65.53,1,0.0,0,6.45,1,100.0,1,0.0,0,0.26,6.16,86.19,0.44,7.21,5,90.26,1,AF-30,32,30,7,1,34.01674242630863,-118.27411655674096,detection_avg,0.612557556991769,transit_stops_count,food_access_count,-0.022350208794581692
595,1323,23,US,224,BlockApportionment:US.BlockGroups;PointsLayer:US.BlockPoints,2.191,2.576,1,119,157,4000,179,80.97,66,1.34,21,US,224,BlockApportionment:US.BlockGroups;PointsLayer:US.BlockPoints,2.191,2.576,1,64,66,18.97,1.15,10.25,5.33,31.81,25.28,5.16,33.57,api_test_workflow_v2_remaining_model6_2026-05-08,34.02164239,-118.2759895,"313 W 33RD ST, 90007",270.0,34.0216423916_-118.275989501_270.jpg,2.0,0.8355,tent,1.295,17.47,29.74,16.36,0,0,,,98,0,0,0,0,7,0,0,0,0,0,1,858,764,0,1,11,54,5397.55,380.3,39,4779.04,380.3,0,0.0,4542.69,5,2,1862.45,399.96,65.53,1,0.0,0,6.45,1,100.0,1,0.0,0,0.26,6.16,86.19,0.44,7.21,5,90.26,0,AF-30,32,30,7,0,34.01674242630863,-118.27411655674096,detection_avg,0.612557556991769,transit_stops_count,food_access_count,-0.022350208794581692
596,1436,23,US,224,BlockApportionment:US.BlockGroups;PointsLayer:US.BlockPoints,2.191,2.576,1,119,157,4000,179,80.97,66,1.34,21,US,224,BlockApportionment:US.BlockGroups;PointsLayer:US.BlockPoints,2.191,2.576,1,64,66,18.97,1.15,10.25,5.33,31.81,25.28,5.16,33.57,api_test_workflow_v8_remaining_location_deduped_30pct_after10_2026-05-22,34.02132202,-118.27252284,"3115 S BROADWAY, 90007",90.0,34.0213220188_-118.272522842_90.jpg,1.0,0.9054,tent,1.295,17.47,29.74,16.36,0,0,,,98,0,0,0,0,7,0,0,0,0,0,1,858,764,0,1,11,54,5397.55,380.3,39,4779.04,380.3,0,0.0,4542.69,5,2,1862.45,399.96,65.53,1,0.0,0,6.45,1,100.0,1,0.0,0,0.26,6.16,86.19,0.44,7.21,5,90.26,4,AF-30,32,30,7,1,34.01674242630863,-118.27411655674096,detection_avg,0.612557556991769,transit_stops_count,food_access_count,-0.022350208794581692
597,1460,23,US,224,BlockApportionment:US.BlockGroups;PointsLayer:US.BlockPoints,2.191,2.576,1,119,157,4000,179,80.97,66,1.34,21,US,224,BlockApportionment:US.BlockGroups;PointsLayer:US.BlockPoints,2.191,2.576,1,64,66,18.97,1.15,10.25,5.33,31.81,25.28,5.16,33.57,api_test_workflow_v8_remaining_location_deduped_30pct_after10_2026-05-22,34.02086969,-118.27112133,"100 E 31ST ST, 90011",0.0,34.0208696949_-118.271121334_0.jpg,1.0,0.6709,tent,1.295,17.47,29.74,16.36,0,0,,,98,0,0,0,0,7,0,0,0,0,0,1,858,764,0,1,11,54,5397.55,380.3,39,4779.04,380.3,0,0.0,4542.69,5,2,1862.45,399.96,65.53,1,0.0,0,6.45,1,100.0,1,0.0,0,0.26,6.16,86.19,0.44,7.21,5,90.26,1,AF-30,32,30,7,1,34.01674242630863,-118.27411655674096,detection_avg,0.612557556991769,transit_stops_count,food_access_count,-0.022350208794581692
598,1505,23,US,224,BlockApportionment:US.BlockGroups;PointsLayer:US.BlockPoints,2.191,2.576,1,119,157,4000,179,80.97,66,1.34,21,US,224,BlockApportionment:US.BlockGroups;PointsLayer:US.BlockPoints,2.191,2.576,1,64,66,18.97,1.15,10.25,5.33,31.81,25.28,5.16,33.57,api_test_workflow_v8_remaining_location_deduped_30pct_after10_2026-05-22,34.02180249,-118.27372408,"3101 S HILL ST, 90007",180.0,34.0218024856_-118.273724076_180.jpg,1.0,0.8161,tent,1.295,17.47,29.74,16.36,0,0,,,98,0,0,0,0,7,0,0,0,0,0,1,858,764,0,1,11,54,5397.55,380.3,39,4779.04,380.3,0,0.0,4542.69,5,2,1862.45,399.96,65.53,1,0.0,0,6.45,1,100.0,1,0.0,0,0.26,6.16,86.19,0.44,7.21,5,90.26,0,AF-30,32,30,7,0,34.01674242630863,-118.27411655674096,detection_avg,0.612557556991769,transit_stops_count,food_access_count,-0.022350208794581692
599,1538,23,US,224,BlockApportionment:US.BlockGroups;PointsLayer:US.BlockPoints,2.191,2.576,1,119,157,4000,179,80.97,66,1.34,21,US,224,BlockApportionment:US.BlockGroups;PointsLayer:US.BlockPoints,2.191,2.576,1,64,66,18.97,1.15,10.25,5.33,31.81,25.28,5.16,33.57,api_test_workflow_v8_remaining_location_deduped_10pct_2026-05-22,34.02125114,-118.27406265,"3131 S HILL ST, 90007",0.0,34.0212511387_-118.274062651_0.jpg,1.0,0.7635,tent,1.295,17.47,29.74,16.36,0,0,,,98,0,0,0,0,7,0,0,0,0,0,1,858,764,0,1,11,54,5397.55,380.3,39,4779.04,380.3,0,0.0,4542.69,5,2,1862.45,399.96,65.53,1,0.0,0,6.45,1,100.0,1,0.0,0,0.26,6.16,86.19,0.44,7.21,5,90.26,0,AF-30,32,30,7,0,34.01674242630863,-118.27411655674096,detection_avg,0.612557556991769,transit_stops_count,food_access_count,-0.022350208794581692
600,1639,23,US,224,BlockApportionment:US.BlockGroups;PointsLayer:US.BlockPoints,2.191,2.576,1,119,157,4000,179,80.97,66,1.34,21,US,224,BlockApportionment:US.BlockGroups;PointsLayer:US.BlockPoints,2.191,2.576,1,64,66,18.97,1.15,10.25,5.33,31.81,25.28,5.16,33.57,api_test_workflow_v8_remaining_location_deduped_final_after10_30_2026-05-23,34.01914518,-118.27157062,"120 E 33RD ST, 90011",180.0,34.019145177_-118.271570621_180.jpg,1.0,0.8742,tent,1.295,17.47,29.74,16.36,0,0,,,98,0,0,0,0,7,0,0,0,0,0,1,858,764,0,1,11,54,5397.55,380.3,39,4779.04,380.3,0,0.0,4542.69,5,2,1862.45,399.96,65.53,1,0.0,0,6.45,1,100.0,1,0.0,0,0.26,6.16,86.19,0.44,7.21,5,90.26,0,AF-30,32,30,7,0,34.01674242630863,-118.27411655674096,detection_avg,0.612557556991769,transit_stops_count,food_access_count,-0.022350208794581692
601,1640,23,US,224,BlockApportionment:US.BlockGroups;PointsLayer:US.BlockPoints,2.191,2.576,1,119,157,4000,179,80.97,66,1.34,21,US,224,BlockApportionment:US.BlockGroups;PointsLayer:US.BlockPoints,2.191,2.576,1,64,66,18.97,1.15,10.25,5.33,31.81,25.28,5.16,33.57,api_test_workflow_v8_remaining_location_deduped_final_after10_30_2026-05-23,34.01914518,-118.27157062,"120 E 33RD ST, 90011",270.0,34.019145177_-118.271570621_270.jpg,1.0,0.8656,tent,1.295,17.47,29.74,16.36,0,0,,,98,0,0,0,0,7,0,0,0,0,0,1,858,764,0,1,11,54,5397.55,380.3,39,4779.04,380.3,0,0.0,4542.69,5,2,1862.45,399.96,65.53,1,0.0,0,6.45,1,100.0,1,0.0,0,0.26,6.16,86.19,0.44,7.21,5,90.26,0,AF-30,32,30,7,0,34.01674242630863,-118.27411655674096,detection_avg,0.612557556991769,transit_stops_count,food_access_count,-0.022350208794581692
602,1680,23,US,224,BlockApportionment:US.BlockGroups;PointsLayer:US.BlockPoints,2.191,2.576,1,119,157,4000,179,80.97,66,1.34,21,US,224,BlockApportionment:US.BlockGroups;PointsLayer:US.BlockPoints,2.191,2.576,1,64,66,18.97,1.15,10.25,5.33,31.81,25.28,5.16,33.57,api_test_workflow_v8_remaining_location_deduped_final_after10_30_2026-05-23,34.02430368,-118.27045703,"27TH ST AT BROADWAY, 90007",270.0,34.024303685_-118.270457028_270.jpg,1.0,0.8099,tent,1.295,17.47,29.74,16.36,0,0,,,98,0,0,0,0,7,0,0,0,0,0,1,858,764,0,1,11,54,5397.55,380.3,39,4779.04,380.3,0,0.0,4542.69,5,2,1862.45,399.96,65.53,1,0.0,0,6.45,1,100.0,1,0.0,0,0.26,6.16,86.19,0.44,7.21,5,90.26,0,AF-30,32,30,7,0,34.01674242630863,-118.27411655674096,detection_avg,0.612557556991769,transit_stops_count,food_access_count,-0.022350208794581692
603,1737,23,US,224,BlockApportionment:US.BlockGroups;PointsLayer:US.BlockPoints,2.191,2.576,1,119,157,4000,179,80.97,66,1.34,21,US,224,BlockApportionment:US.BlockGroups;PointsLayer:US.BlockPoints,2.191,2.576,1,64,66,18.97,1.15,10.25,5.33,31.81,25.28,5.16,33.57,api_test_workflow_v8_remaining_location_deduped_final_after10_30_2026-05-23,34.02122268,-118.27158388,"105 W 31ST ST, 90007",90.0,34.0212226833_-118.271583878_90.jpg,2.0,0.8833,tent,1.295,17.47,29.74,16.36,0,0,,,98,0,0,0,0,7,0,0,0,0,0,1,858,764,0,1,11,54,5397.55,380.3,39,4779.04,380.3,0,0.0,4542.69,5,2,1862.45,399.96,65.53,1,0.0,0,6.45,1,100.0,1,0.0,0,0.26,6.16,86.19,0.44,7.21,5,90.26,0,AF-30,32,30,7,0,34.01674242630863,-118.27411655674096,detection_avg,0.612557556991769,transit_stops_count,food_access_count,-0.022350208794581692
604,1764,23,US,224,BlockApportionment:US.BlockGroups;PointsLayer:US.BlockPoints,2.191,2.576,1,119,157,4000,179,80.97,66,1.34,21,US,224,BlockApportionment:US.BlockGroups;PointsLayer:US.BlockPoints,2.191,2.576,1,64,66,18.97,1.15,10.25,5.33,31.81,25.28,5.16,33.57,api_test_workflow_v8_remaining_location_deduped_30pct_after10_2026-05-22,34.01758342,-118.27311739,"3500 S MAIN ST, 90007",270.0,34.0175834241_-118.273117393_270.jpg,2.0,0.8749,tent,1.295,17.47,29.74,16.36,0,0,,,98,0,0,0,0,7,0,0,0,0,0,1,858,764,0,1,11,54,5397.55,380.3,39,4779.04,380.3,0,0.0,4542.69,5,2,1862.45,399.96,65.53,1,0.0,0,6.45,1,100.0,1,0.0,0,0.26,6.16,86.19,0.44,7.21,5,90.26,0,AF-30,32,30,7,0,34.01674242630863,-118.27411655674096,detection_avg,0.612557556991769,transit_stops_count,food_access_count,-0.022350208794581692
605,157,8,US,381,BlockApportionment:US.BlockGroups;PointsLayer:US.BlockPoints,2.191,2.576,1,133,194,11188,155,44.93,73,2.41,22,US,459,BlockApportionment:US.BlockGroups;PointsLayer:US.BlockPoints,2.191,2.576,1,77,75,19.17,2.21,7.74,6.7,27.81,18.35,4.69,18.14,api_test_workflow_v2_remaining_model6_2026-05-08,34.10184127,-118.31751396,"5871 W HOLLYWOOD BLVD, 90028",180.0,34.1018412739_-118.317513961_180.jpg,2.0,0.8414,tent,1.295,17.47,29.74,16.36,0,0,,,46,1,1,0,0,3,0,0,1,0,0,2,1210,1313,0,3,8,59,5055.37,104.43,27,3763.82,428.97,0,0.0,1715.44,24,2,1701.97,465.01,7.46,1,0.0,0,7.49,1,100.0,1,0.0,0,2.37,13.53,72.93,1.32,12.21,5,80.34,0,AB-23,28,23,3,0,34.09397013900767,-118.31966394734836,detection_avg,0.6446263910988629,transit_stops_count,food_access_count,-0.02246276635601861
606,165,8,US,381,BlockApportionment:US.BlockGroups;PointsLayer:US.BlockPoints,2.191,2.576,1,133,194,11188,155,44.93,73,2.41,22,US,459,BlockApportionment:US.BlockGroups;PointsLayer:US.BlockPoints,2.191,2.576,1,77,75,19.17,2.21,7.74,6.7,27.81,18.35,4.69,18.14,api_test_workflow_v2_remaining_model6_2026-05-08,34.09903848,-118.31341905,"1528 N WILTON PL, 90028",180.0,34.0990384847_-118.313419045_180.jpg,2.0,0.8978,tent,1.295,17.47,29.74,16.36,0,0,,,46,1,1,0,0,3,0,0,1,0,0,2,1210,1313,0,3,8,59,5055.37,104.43,27,3763.82,428.97,0,0.0,1715.44,24,2,1701.97,465.01,7.46,1,0.0,0,7.49,1,100.0,1,0.0,0,2.37,13.53,72.93,1.32,12.21,5,80.34,0,AB-23,28,23,3,0,34.09397013900767,-118.31966394734836,detection_avg,0.6446263910988629,transit_stops_count,food_access_count,-0.02246276635601861
607,331,8,US,381,BlockApportionment:US.BlockGroups;PointsLayer:US.BlockPoints,2.191,2.576,1,133,194,11188,155,44.93,73,2.41,22,US,459,BlockApportionment:US.BlockGroups;PointsLayer:US.BlockPoints,2.191,2.576,1,77,75,19.17,2.21,7.74,6.7,27.81,18.35,4.69,18.14,api_test_workflow_v2_5pct_2026-04-25,34.10184012,-118.31780966,"5873 W HOLLYWOOD BLVD, 90028",90.0,34.101840122_-118.317809656_90.jpg,1.0,0.6633,tent,1.295,17.47,29.74,16.36,0,0,,,46,1,1,0,0,3,0,0,1,0,0,2,1210,1313,0,3,8,59,5055.37,104.43,27,3763.82,428.97,0,0.0,1715.44,24,2,1701.97,465.01,7.46,1,0.0,0,7.49,1,100.0,1,0.0,0,2.37,13.53,72.93,1.32,12.21,5,80.34,0,AB-23,28,23,3,0,34.09397013900767,-118.31966394734836,detection_avg,0.6446263910988629,transit_stops_count,food_access_count,-0.02246276635601861
608,332,8,US,381,BlockApportionment:US.BlockGroups;PointsLayer:US.BlockPoints,2.191,2.576,1,133,194,11188,155,44.93,73,2.41,22,US,459,BlockApportionment:US.BlockGroups;PointsLayer:US.BlockPoints,2.191,2.576,1,77,75,19.17,2.21,7.74,6.7,27.81,18.35,4.69,18.14,api_test_workflow_v2_5pct_2026-04-25,34.10184012,-118.31780966,"5873 W HOLLYWOOD BLVD, 90028",180.0,34.101840122_-118.317809656_180.jpg,1.0,0.6238,tent,1.295,17.47,29.74,16.36,0,0,,,46,1,1,0,0,3,0,0,1,0,0,2,1210,1313,0,3,8,59,5055.37,104.43,27,3763.82,428.97,0,0.0,1715.44,24,2,1701.97,465.01,7.46,1,0.0,0,7.49,1,100.0,1,0.0,0,2.37,13.53,72.93,1.32,12.21,5,80.34,0,AB-23,28,23,3,0,34.09397013900767,-118.31966394734836,detection_avg,0.6446263910988629,transit_stops_count,food_access_count,-0.02246276635601861
609,681,8,US,381,BlockApportionment:US.BlockGroups;PointsLayer:US.BlockPoints,2.191,2.576,1,133,194,11188,155,44.93,73,2.41,22,US,459,BlockApportionment:US.BlockGroups;PointsLayer:US.BlockPoints,2.191,2.576,1,77,75,19.17,2.21,7.74,6.7,27.81,18.35,4.69,18.14,api_test_workflow_v2_remaining_model6_2026-05-08,34.09713453,-118.32501265,"6235 W LELAND WAY, 90028",90.0,34.0971345272_-118.325012645_90.jpg,1.0,0.8516,tent,1.295,17.47,29.74,16.36,0,0,,,46,1,1,0,0,3,0,0,1,0,0,2,1210,1313,0,3,8,59,5055.37,104.43,27,3763.82,428.97,0,0.0,1715.44,24,2,1701.97,465.01,7.46,1,0.0,0,7.49,1,100.0,1,0.0,0,2.37,13.53,72.93,1.32,12.21,5,80.34,1,AB-23,28,23,3,1,34.09397013900767,-118.31966394734836,detection_avg,0.6446263910988629,transit_stops_count,food_access_count,-0.02246276635601861
610,682,8,US,381,BlockApportionment:US.BlockGroups;PointsLayer:US.BlockPoints,2.191,2.576,1,133,194,11188,155,44.93,73,2.41,22,US,459,BlockApportionment:US.BlockGroups;PointsLayer:US.BlockPoints,2.191,2.576,1,77,75,19.17,2.21,7.74,6.7,27.81,18.35,4.69,18.14,api_test_workflow_v2_remaining_model6_2026-05-08,34.09713453,-118.32501265,"6235 W LELAND WAY, 90028",180.0,34.0971345272_-118.325012645_180.jpg,1.0,0.901,tent,1.295,17.47,29.74,16.36,0,0,,,46,1,1,0,0,3,0,0,1,0,0,2,1210,1313,0,3,8,59,5055.37,104.43,27,3763.82,428.97,0,0.0,1715.44,24,2,1701.97,465.01,7.46,1,0.0,0,7.49,1,100.0,1,0.0,0,2.37,13.53,72.93,1.32,12.21,5,80.34,0,AB-23,28,23,3,0,34.09397013900767,-118.31966394734836,detection_avg,0.6446263910988629,transit_stops_count,food_access_count,-0.02246276635601861
611,683,8,US,381,BlockApportionment:US.BlockGroups;PointsLayer:US.BlockPoints,2.191,2.576,1,133,194,11188,155,44.93,73,2.41,22,US,459,BlockApportionment:US.BlockGroups;PointsLayer:US.BlockPoints,2.191,2.576,1,77,75,19.17,2.21,7.74,6.7,27.81,18.35,4.69,18.14,api_test_workflow_v2_remaining_model6_2026-05-08,34.09713453,-118.32501265,"6235 W LELAND WAY, 90028",270.0,34.0971345272_-118.325012645_270.jpg,1.0,0.9019,tent,1.295,17.47,29.74,16.36,0,0,,,46,1,1,0,0,3,0,0,1,0,0,2,1210,1313,0,3,8,59,5055.37,104.43,27,3763.82,428.97,0,0.0,1715.44,24,2,1701.97,465.01,7.46,1,0.0,0,7.49,1,100.0,1,0.0,0,2.37,13.53,72.93,1.32,12.21,5,80.34,0,AB-23,28,23,3,0,34.09397013900767,-118.31966394734836,detection_avg,0.6446263910988629,transit_stops_count,food_access_count,-0.02246276635601861
612,888,8,US,381,BlockApportionment:US.BlockGroups;PointsLayer:US.BlockPoints,2.191,2.576,1,133,194,11188,155,44.93,73,2.41,22,US,459,BlockApportionment:US.BlockGroups;PointsLayer:US.BlockPoints,2.191,2.576,1,77,75,19.17,2.21,7.74,6.7,27.81,18.35,4.69,18.14,api_test_workflow_v2_10pct_model6_2026-05-06_live,34.10180533,-118.32205795,"6051 W HOLLYWOOD BLVD, 90028",180.0,34.1018053284_-118.322057947_180.jpg,2.0,0.8612,tent,1.295,17.47,29.74,16.36,0,0,,,46,1,1,0,0,3,0,0,1,0,0,2,1210,1313,0,3,8,59,5055.37,104.43,27,3763.82,428.97,0,0.0,1715.44,24,2,1701.97,465.01,7.46,1,0.0,0,7.49,1,100.0,1,0.0,0,2.37,13.53,72.93,1.32,12.21,5,80.34,2,AB-23,28,23,3,1,34.09397013900767,-118.31966394734836,detection_avg,0.6446263910988629,transit_stops_count,food_access_count,-0.02246276635601861
613,953,8,US,381,BlockApportionment:US.BlockGroups;PointsLayer:US.BlockPoints,2.191,2.576,1,133,194,11188,155,44.93,73,2.41,22,US,459,BlockApportionment:US.BlockGroups;PointsLayer:US.BlockPoints,2.191,2.576,1,77,75,19.17,2.21,7.74,6.7,27.81,18.35,4.69,18.14,api_test_workflow_v2_20pct_model6_2026-05-07_batch2,34.09404406,-118.32136696,"1255 N BEACHWOOD DR, 90038",90.0,34.0940440576_-118.32136696_90.jpg,1.0,0.8847,tent,1.295,17.47,29.74,16.36,0,0,,,46,1,1,0,0,3,0,0,1,0,0,2,1210,1313,0,3,8,59,5055.37,104.43,27,3763.82,428.97,0,0.0,1715.44,24,2,1701.97,465.01,7.46,1,0.0,0,7.49,1,100.0,1,0.0,0,2.37,13.53,72.93,1.32,12.21,5,80.34,2,AB-23,28,23,3,1,34.09397013900767,-118.31966394734836,detection_avg,0.6446263910988629,transit_stops_count,food_access_count,-0.02246276635601861
614,1421,8,US,381,BlockApportionment:US.BlockGroups;PointsLayer:US.BlockPoints,2.191,2.576,1,133,194,11188,155,44.93,73,2.41,22,US,459,BlockApportionment:US.BlockGroups;PointsLayer:US.BlockPoints,2.191,2.576,1,77,75,19.17,2.21,7.74,6.7,27.81,18.35,4.69,18.14,api_test_workflow_v2_remaining_model6_2026-05-08,34.10147578,-118.3215342,"6044 W HOLLYWOOD BLVD, 90028",0.0,34.101475778_-118.321534196_0.jpg,1.0,0.6858,tent,1.295,17.47,29.74,16.36,0,0,,,46,1,1,0,0,3,0,0,1,0,0,2,1210,1313,0,3,8,59,5055.37,104.43,27,3763.82,428.97,0,0.0,1715.44,24,2,1701.97,465.01,7.46,1,0.0,0,7.49,1,100.0,1,0.0,0,2.37,13.53,72.93,1.32,12.21,5,80.34,8,AB-23,28,23,3,1,34.09397013900767,-118.31966394734836,detection_avg,0.6446263910988629,transit_stops_count,food_access_count,-0.02246276635601861
615,1683,8,US,381,BlockApportionment:US.BlockGroups;PointsLayer:US.BlockPoints,2.191,2.576,1,133,194,11188,155,44.93,73,2.41,22,US,459,BlockApportionment:US.BlockGroups;PointsLayer:US.BlockPoints,2.191,2.576,1,77,75,19.17,2.21,7.74,6.7,27.81,18.35,4.69,18.14,api_test_workflow_v8_remaining_location_deduped_final_after10_30_2026-05-23,34.10185258,-118.3192988,"5939 W HOLLYWOOD BLVD, 90028",180.0,34.101852582_-118.319298796_180.jpg,1.0,0.7108,tent,1.295,17.47,29.74,16.36,0,0,,,46,1,1,0,0,3,0,0,1,0,0,2,1210,1313,0,3,8,59,5055.37,104.43,27,3763.82,428.97,0,0.0,1715.44,24,2,1701.97,465.01,7.46,1,0.0,0,7.49,1,100.0,1,0.0,0,2.37,13.53,72.93,1.32,12.21,5,80.34,1,AB-23,28,23,3,1,34.09397013900767,-118.31966394734836,detection_avg,0.6446263910988629,transit_stops_count,food_access_count,-0.02246276635601861
616,1788,8,US,381,BlockApportionment:US.BlockGroups;PointsLayer:US.BlockPoints,2.191,2.576,1,133,194,11188,155,44.93,73,2.41,22,US,459,BlockApportionment:US.BlockGroups;PointsLayer:US.BlockPoints,2.191,2.576,1,77,75,19.17,2.21,7.74,6.7,27.81,18.35,4.69,18.14,api_test_workflow_v8_remaining_location_deduped_30pct_after10_2026-05-22,34.10185234,-118.3193646,"5941 W HOLLYWOOD BLVD, 90028",180.0,34.1018523377_-118.3193646_180.jpg,1.0,0.7108,tent,1.295,17.47,29.74,16.36,0,0,,,46,1,1,0,0,3,0,0,1,0,0,2,1210,1313,0,3,8,59,5055.37,104.43,27,3763.82,428.97,0,0.0,1715.44,24,2,1701.97,465.01,7.46,1,0.0,0,7.49,1,100.0,1,0.0,0,2.37,13.53,72.93,1.32,12.21,5,80.34,6,AB-23,28,23,3,1,34.09397013900767,-118.31966394734836,detection_avg,0.6446263910988629,transit_stops_count,food_access_count,-0.02246276635601861
617,68,24,US,225,BlockApportionment:US.BlockGroups;PointsLayer:US.BlockPoints,2.191,2.576,1,146,158,9983,171,91.71,71,0.44,23,US,225,BlockApportionment:US.BlockGroups;PointsLayer:US.BlockPoints,2.191,2.576,1,73,76,16.89,0.39,8.06,12.98,29.39,26.79,14.94,26.88,api_test_workflow_v2_20pct_model6_2026-05-07,34.01414814,-118.26542151,"3511 AVALON BLVD, 90011",270.0,34.0141481377_-118.265421513_270.jpg,2.0,0.7686,tent,1.295,17.47,29.74,16.36,0,0,,,52,0,1,0,0,2,0,0,1,0,0,0,751,661,0,2,11,21,1481.47,365.09,0,0.0,1586.55,0,0.0,3616.51,2,0,0.0,1621.9,61.69,1,0.0,0,5.54,1,100.0,1,0.0,0,0.53,10.8,74.28,1.49,13.43,5,81.84,0,AG-30,33,30,2,0,34.01666542461733,-118.2627303383503,detection_avg,0.6408510942687647,pct_public_assistance,osm_amenity_count,0.014369000865013516
618,127,24,US,225,BlockApportionment:US.BlockGroups;PointsLayer:US.BlockPoints,2.191,2.576,1,146,158,9983,171,91.71,71,0.44,23,US,225,BlockApportionment:US.BlockGroups;PointsLayer:US.BlockPoints,2.191,2.576,1,73,76,16.89,0.39,8.06,12.98,29.39,26.79,14.94,26.88,api_test_workflow_v2_remaining_model6_2026-05-08,34.0195266,-118.2635349,"665 E 29TH ST, 90011",90.0,34.0195266025_-118.263534901_90.jpg,1.0,0.8353,tent,1.295,17.47,29.74,16.36,0,0,,,52,0,1,0,0,2,0,0,1,0,0,0,751,661,0,2,11,21,1481.47,365.09,0,0.0,1586.55,0,0.0,3616.51,2,0,0.0,1621.9,61.69,1,0.0,0,5.54,1,100.0,1,0.0,0,0.53,10.8,74.28,1.49,13.43,5,81.84,0,AG-30,33,30,2,0,34.01666542461733,-118.2627303383503,detection_avg,0.6408510942687647,pct_public_assistance,osm_amenity_count,0.014369000865013516
619,216,24,US,225,BlockApportionment:US.BlockGroups;PointsLayer:US.BlockPoints,2.191,2.576,1,146,158,9983,171,91.71,71,0.44,23,US,225,BlockApportionment:US.BlockGroups;PointsLayer:US.BlockPoints,2.191,2.576,1,73,76,16.89,0.39,8.06,12.98,29.39,26.79,14.94,26.88,api_test_workflow_v2_30pct_model6_2026-05-08,34.01911241,-118.26319291,"656 E 29TH ST, 90011",180.0,34.0191124114_-118.263192912_180.jpg,2.0,0.9283,tent,1.295,17.47,29.74,16.36,0,0,,,52,0,1,0,0,2,0,0,1,0,0,0,751,661,0,2,11,21,1481.47,365.09,0,0.0,1586.55,0,0.0,3616.51,2,0,0.0,1621.9,61.69,1,0.0,0,5.54,1,100.0,1,0.0,0,0.53,10.8,74.28,1.49,13.43,5,81.84,0,AG-30,33,30,2,0,34.01666542461733,-118.2627303383503,detection_avg,0.6408510942687647,pct_public_assistance,osm_amenity_count,0.014369000865013516
620,217,24,US,225,BlockApportionment:US.BlockGroups;PointsLayer:US.BlockPoints,2.191,2.576,1,146,158,9983,171,91.71,71,0.44,23,US,225,BlockApportionment:US.BlockGroups;PointsLayer:US.BlockPoints,2.191,2.576,1,73,76,16.89,0.39,8.06,12.98,29.39,26.79,14.94,26.88,api_test_workflow_v2_30pct_model6_2026-05-08,34.01911241,-118.26319291,"656 E 29TH ST, 90011",270.0,34.0191124114_-118.263192912_270.jpg,5.0,0.8166,tent,1.295,17.47,29.74,16.36,0,0,,,52,0,1,0,0,2,0,0,1,0,0,0,751,661,0,2,11,21,1481.47,365.09,0,0.0,1586.55,0,0.0,3616.51,2,0,0.0,1621.9,61.69,1,0.0,0,5.54,1,100.0,1,0.0,0,0.53,10.8,74.28,1.49,13.43,5,81.84,1,AG-30,33,30,2,1,34.01666542461733,-118.2627303383503,detection_avg,0.6408510942687647,pct_public_assistance,osm_amenity_count,0.014369000865013516
621,223,24,US,225,BlockApportionment:US.BlockGroups;PointsLayer:US.BlockPoints,2.191,2.576,1,146,158,9983,171,91.71,71,0.44,23,US,225,BlockApportionment:US.BlockGroups;PointsLayer:US.BlockPoints,2.191,2.576,1,73,76,16.89,0.39,8.06,12.98,29.39,26.79,14.94,26.88,api_test_workflow_v2_30pct_model6_2026-05-08,34.01896316,-118.26437817,"629 E 30TH ST, 90011",90.0,34.0189631593_-118.26437817_90.jpg,1.0,0.77,tent,1.295,17.47,29.74,16.36,0,0,,,52,0,1,0,0,2,0,0,1,0,0,0,751,661,0,2,11,21,1481.47,365.09,0,0.0,1586.55,0,0.0,3616.51,2,0,0.0,1621.9,61.69,1,0.0,0,5.54,1,100.0,1,0.0,0,0.53,10.8,74.28,1.49,13.43,5,81.84,2,AG-30,33,30,2,1,34.01666542461733,-118.2627303383503,detection_avg,0.6408510942687647,pct_public_assistance,osm_amenity_count,0.014369000865013516
622,224,24,US,225,BlockApportionment:US.BlockGroups;PointsLayer:US.BlockPoints,2.191,2.576,1,146,158,9983,171,91.71,71,0.44,23,US,225,BlockApportionment:US.BlockGroups;PointsLayer:US.BlockPoints,2.191,2.576,1,73,76,16.89,0.39,8.06,12.98,29.39,26.79,14.94,26.88,api_test_workflow_v2_30pct_model6_2026-05-08,34.01896316,-118.26437817,"629 E 30TH ST, 90011",180.0,34.0189631593_-118.26437817_180.jpg,2.0,0.8441,tent,1.295,17.47,29.74,16.36,0,0,,,52,0,1,0,0,2,0,0,1,0,0,0,751,661,0,2,11,21,1481.47,365.09,0,0.0,1586.55,0,0.0,3616.51,2,0,0.0,1621.9,61.69,1,0.0,0,5.54,1,100.0,1,0.0,0,0.53,10.8,74.28,1.49,13.43,5,81.84,0,AG-30,33,30,2,0,34.01666542461733,-118.2627303383503,detection_avg,0.6408510942687647,pct_public_assistance,osm_amenity_count,0.014369000865013516
623,468,24,US,225,BlockApportionment:US.BlockGroups;PointsLayer:US.BlockPoints,2.191,2.576,1,146,158,9983,171,91.71,71,0.44,23,US,225,BlockApportionment:US.BlockGroups;PointsLayer:US.BlockPoints,2.191,2.576,1,73,76,16.89,0.39,8.06,12.98,29.39,26.79,14.94,26.88,api_test_workflow_v2_20pct_model6_2026-05-07,34.01450355,-118.26509561,"3430 S AVALON BLVD, 90011",270.0,34.0145035462_-118.265095614_270.jpg,1.0,0.7172,tent,1.295,17.47,29.74,16.36,0,0,,,52,0,1,0,0,2,0,0,1,0,0,0,751,661,0,2,11,21,1481.47,365.09,0,0.0,1586.55,0,0.0,3616.51,2,0,0.0,1621.9,61.69,1,0.0,0,5.54,1,100.0,1,0.0,0,0.53,10.8,74.28,1.49,13.43,5,81.84,1,AG-30,33,30,2,1,34.01666542461733,-118.2627303383503,detection_avg,0.6408510942687647,pct_public_assistance,osm_amenity_count,0.014369000865013516
624,484,24,US,225,BlockApportionment:US.BlockGroups;PointsLayer:US.BlockPoints,2.191,2.576,1,146,158,9983,171,91.71,71,0.44,23,US,225,BlockApportionment:US.BlockGroups;PointsLayer:US.BlockPoints,2.191,2.576,1,73,76,16.89,0.39,8.06,12.98,29.39,26.79,14.94,26.88,api_test_workflow_v2_20pct_model6_2026-05-07,34.01916554,-118.26329044,"654 E 29TH ST, 90011",180.0,34.0191655427_-118.263290441_180.jpg,3.0,0.8445,tent,1.295,17.47,29.74,16.36,0,0,,,52,0,1,0,0,2,0,0,1,0,0,0,751,661,0,2,11,21,1481.47,365.09,0,0.0,1586.55,0,0.0,3616.51,2,0,0.0,1621.9,61.69,1,0.0,0,5.54,1,100.0,1,0.0,0,0.53,10.8,74.28,1.49,13.43,5,81.84,1,AG-30,33,30,2,1,34.01666542461733,-118.2627303383503,detection_avg,0.6408510942687647,pct_public_assistance,osm_amenity_count,0.014369000865013516
625,485,24,US,225,BlockApportionment:US.BlockGroups;PointsLayer:US.BlockPoints,2.191,2.576,1,146,158,9983,171,91.71,71,0.44,23,US,225,BlockApportionment:US.BlockGroups;PointsLayer:US.BlockPoints,2.191,2.576,1,73,76,16.89,0.39,8.06,12.98,29.39,26.79,14.94,26.88,api_test_workflow_v2_20pct_model6_2026-05-07,34.01916554,-118.26329044,"654 E 29TH ST, 90011",270.0,34.0191655427_-118.263290441_270.jpg,4.0,0.845,tent,1.295,17.47,29.74,16.36,0,0,,,52,0,1,0,0,2,0,0,1,0,0,0,751,661,0,2,11,21,1481.47,365.09,0,0.0,1586.55,0,0.0,3616.51,2,0,0.0,1621.9,61.69,1,0.0,0,5.54,1,100.0,1,0.0,0,0.53,10.8,74.28,1.49,13.43,5,81.84,1,AG-30,33,30,2,1,34.01666542461733,-118.2627303383503,detection_avg,0.6408510942687647,pct_public_assistance,osm_amenity_count,0.014369000865013516
626,554,24,US,225,BlockApportionment:US.BlockGroups;PointsLayer:US.BlockPoints,2.191,2.576,1,146,158,9983,171,91.71,71,0.44,23,US,225,BlockApportionment:US.BlockGroups;PointsLayer:US.BlockPoints,2.191,2.576,1,73,76,16.89,0.39,8.06,12.98,29.39,26.79,14.94,26.88,api_test_workflow_v2_20pct_model6_2026-05-07_batch2,34.0150031,-118.26510555,"3400 S AVALON BLVD, 90011",180.0,34.0150030956_-118.265105549_180.jpg,1.0,0.7387,tent,1.295,17.47,29.74,16.36,0,0,,,52,0,1,0,0,2,0,0,1,0,0,0,751,661,0,2,11,21,1481.47,365.09,0,0.0,1586.55,0,0.0,3616.51,2,0,0.0,1621.9,61.69,1,0.0,0,5.54,1,100.0,1,0.0,0,0.53,10.8,74.28,1.49,13.43,5,81.84,0,AG-30,33,30,2,0,34.01666542461733,-118.2627303383503,detection_avg,0.6408510942687647,pct_public_assistance,osm_amenity_count,0.014369000865013516
627,637,24,US,225,BlockApportionment:US.BlockGroups;PointsLayer:US.BlockPoints,2.191,2.576,1,146,158,9983,171,91.71,71,0.44,23,US,225,BlockApportionment:US.BlockGroups;PointsLayer:US.BlockPoints,2.191,2.576,1,73,76,16.89,0.39,8.06,12.98,29.39,26.79,14.94,26.88,api_test_workflow_v2_remaining_model6_2026-05-08,34.01444353,-118.26812776,"500 E 36TH ST, 90011",90.0,34.0144435289_-118.268127761_90.jpg,1.0,0.6504,tent,1.295,17.47,29.74,16.36,0,0,,,52,0,1,0,0,2,0,0,1,0,0,0,751,661,0,2,11,21,1481.47,365.09,0,0.0,1586.55,0,0.0,3616.51,2,0,0.0,1621.9,61.69,1,0.0,0,5.54,1,100.0,1,0.0,0,0.53,10.8,74.28,1.49,13.43,5,81.84,0,AG-30,33,30,2,0,34.01666542461733,-118.2627303383503,detection_avg,0.6408510942687647,pct_public_assistance,osm_amenity_count,0.014369000865013516
628,703,24,US,225,BlockApportionment:US.BlockGroups;PointsLayer:US.BlockPoints,2.191,2.576,1,146,158,9983,171,91.71,71,0.44,23,US,225,BlockApportionment:US.BlockGroups;PointsLayer:US.BlockPoints,2.191,2.576,1,73,76,16.89,0.39,8.06,12.98,29.39,26.79,14.94,26.88,api_test_workflow_v2_30pct_model6_2026-05-08,34.01867933,-118.26427815,"656 E 30TH ST, 90011",90.0,34.0186793345_-118.264278152_90.jpg,1.0,0.8126,tent,1.295,17.47,29.74,16.36,0,0,,,52,0,1,0,0,2,0,0,1,0,0,0,751,661,0,2,11,21,1481.47,365.09,0,0.0,1586.55,0,0.0,3616.51,2,0,0.0,1621.9,61.69,1,0.0,0,5.54,1,100.0,1,0.0,0,0.53,10.8,74.28,1.49,13.43,5,81.84,0,AG-30,33,30,2,0,34.01666542461733,-118.2627303383503,detection_avg,0.6408510942687647,pct_public_assistance,osm_amenity_count,0.014369000865013516
629,704,24,US,225,BlockApportionment:US.BlockGroups;PointsLayer:US.BlockPoints,2.191,2.576,1,146,158,9983,171,91.71,71,0.44,23,US,225,BlockApportionment:US.BlockGroups;PointsLayer:US.BlockPoints,2.191,2.576,1,73,76,16.89,0.39,8.06,12.98,29.39,26.79,14.94,26.88,api_test_workflow_v2_30pct_model6_2026-05-08,34.01867933,-118.26427815,"656 E 30TH ST, 90011",180.0,34.0186793345_-118.264278152_180.jpg,2.0,0.8783,tent,1.295,17.47,29.74,16.36,0,0,,,52,0,1,0,0,2,0,0,1,0,0,0,751,661,0,2,11,21,1481.47,365.09,0,0.0,1586.55,0,0.0,3616.51,2,0,0.0,1621.9,61.69,1,0.0,0,5.54,1,100.0,1,0.0,0,0.53,10.8,74.28,1.49,13.43,5,81.84,0,AG-30,33,30,2,0,34.01666542461733,-118.2627303383503,detection_avg,0.6408510942687647,pct_public_assistance,osm_amenity_count,0.014369000865013516
630,705,24,US,225,BlockApportionment:US.BlockGroups;PointsLayer:US.BlockPoints,2.191,2.576,1,146,158,9983,171,91.71,71,0.44,23,US,225,BlockApportionment:US.BlockGroups;PointsLayer:US.BlockPoints,2.191,2.576,1,73,76,16.89,0.39,8.06,12.98,29.39,26.79,14.94,26.88,api_test_workflow_v2_30pct_model6_2026-05-08,34.01867933,-118.26427815,"656 E 30TH ST, 90011",270.0,34.0186793345_-118.264278152_270.jpg,1.0,0.8714,tent,1.295,17.47,29.74,16.36,0,0,,,52,0,1,0,0,2,0,0,1,0,0,0,751,661,0,2,11,21,1481.47,365.09,0,0.0,1586.55,0,0.0,3616.51,2,0,0.0,1621.9,61.69,1,0.0,0,5.54,1,100.0,1,0.0,0,0.53,10.8,74.28,1.49,13.43,5,81.84,1,AG-30,33,30,2,1,34.01666542461733,-118.2627303383503,detection_avg,0.6408510942687647,pct_public_assistance,osm_amenity_count,0.014369000865013516
631,943,24,US,225,BlockApportionment:US.BlockGroups;PointsLayer:US.BlockPoints,2.191,2.576,1,146,158,9983,171,91.71,71,0.44,23,US,225,BlockApportionment:US.BlockGroups;PointsLayer:US.BlockPoints,2.191,2.576,1,73,76,16.89,0.39,8.06,12.98,29.39,26.79,14.94,26.88,api_test_workflow_v2_20pct_model6_2026-05-07_batch2,34.01856846,-118.26356123,"655 E 30TH ST, 90011",0.0,34.0185684609_-118.263561235_0.jpg,1.0,0.9061,tent,1.295,17.47,29.74,16.36,0,0,,,52,0,1,0,0,2,0,0,1,0,0,0,751,661,0,2,11,21,1481.47,365.09,0,0.0,1586.55,0,0.0,3616.51,2,0,0.0,1621.9,61.69,1,0.0,0,5.54,1,100.0,1,0.0,0,0.53,10.8,74.28,1.49,13.43,5,81.84,0,AG-30,33,30,2,0,34.01666542461733,-118.2627303383503,detection_avg,0.6408510942687647,pct_public_assistance,osm_amenity_count,0.014369000865013516
632,944,24,US,225,BlockApportionment:US.BlockGroups;PointsLayer:US.BlockPoints,2.191,2.576,1,146,158,9983,171,91.71,71,0.44,23,US,225,BlockApportionment:US.BlockGroups;PointsLayer:US.BlockPoints,2.191,2.576,1,73,76,16.89,0.39,8.06,12.98,29.39,26.79,14.94,26.88,api_test_workflow_v2_20pct_model6_2026-05-07_batch2,34.01856846,-118.26356123,"655 E 30TH ST, 90011",270.0,34.0185684609_-118.263561235_270.jpg,2.0,0.8001,tent,1.295,17.47,29.74,16.36,0,0,,,52,0,1,0,0,2,0,0,1,0,0,0,751,661,0,2,11,21,1481.47,365.09,0,0.0,1586.55,0,0.0,3616.51,2,0,0.0,1621.9,61.69,1,0.0,0,5.54,1,100.0,1,0.0,0,0.53,10.8,74.28,1.49,13.43,5,81.84,9,AG-30,33,30,2,1,34.01666542461733,-118.2627303383503,detection_avg,0.6408510942687647,pct_public_assistance,osm_amenity_count,0.014369000865013516
633,1107,24,US,225,BlockApportionment:US.BlockGroups;PointsLayer:US.BlockPoints,2.191,2.576,1,146,158,9983,171,91.71,71,0.44,23,US,225,BlockApportionment:US.BlockGroups;PointsLayer:US.BlockPoints,2.191,2.576,1,73,76,16.89,0.39,8.06,12.98,29.39,26.79,14.94,26.88,api_test_workflow_v8_remaining_location_deduped_30pct_after10_2026-05-22,34.01952926,-118.26350753,"639 E 29TH ST, 90011",90.0,34.0195292615_-118.263507528_90.jpg,1.0,0.8479,tent,1.295,17.47,29.74,16.36,0,0,,,52,0,1,0,0,2,0,0,1,0,0,0,751,661,0,2,11,21,1481.47,365.09,0,0.0,1586.55,0,0.0,3616.51,2,0,0.0,1621.9,61.69,1,0.0,0,5.54,1,100.0,1,0.0,0,0.53,10.8,74.28,1.49,13.43,5,81.84,2,AG-30,33,30,2,1,34.01666542461733,-118.2627303383503,detection_avg,0.6408510942687647,pct_public_assistance,osm_amenity_count,0.014369000865013516
634,1125,24,US,225,BlockApportionment:US.BlockGroups;PointsLayer:US.BlockPoints,2.191,2.576,1,146,158,9983,171,91.71,71,0.44,23,US,225,BlockApportionment:US.BlockGroups;PointsLayer:US.BlockPoints,2.191,2.576,1,73,76,16.89,0.39,8.06,12.98,29.39,26.79,14.94,26.88,api_test_workflow_v8_remaining_location_deduped_30pct_after10_2026-05-22,34.01462248,-118.26549964,"3421 S AVALON BLVD, 90011",0.0,34.0146224783_-118.265499636_0.jpg,1.0,0.6067,tent,1.295,17.47,29.74,16.36,0,0,,,52,0,1,0,0,2,0,0,1,0,0,0,751,661,0,2,11,21,1481.47,365.09,0,0.0,1586.55,0,0.0,3616.51,2,0,0.0,1621.9,61.69,1,0.0,0,5.54,1,100.0,1,0.0,0,0.53,10.8,74.28,1.49,13.43,5,81.84,0,AG-30,33,30,2,0,34.01666542461733,-118.2627303383503,detection_avg,0.6408510942687647,pct_public_assistance,osm_amenity_count,0.014369000865013516
635,1162,24,US,225,BlockApportionment:US.BlockGroups;PointsLayer:US.BlockPoints,2.191,2.576,1,146,158,9983,171,91.71,71,0.44,23,US,225,BlockApportionment:US.BlockGroups;PointsLayer:US.BlockPoints,2.191,2.576,1,73,76,16.89,0.39,8.06,12.98,29.39,26.79,14.94,26.88,api_test_workflow_v8_remaining_location_deduped_final_after10_30_2026-05-23,34.01921601,-118.26338988,"652 E 29TH ST, 90011",0.0,34.0192160089_-118.263389879_0.jpg,1.0,0.8715,tent,1.295,17.47,29.74,16.36,0,0,,,52,0,1,0,0,2,0,0,1,0,0,0,751,661,0,2,11,21,1481.47,365.09,0,0.0,1586.55,0,0.0,3616.51,2,0,0.0,1621.9,61.69,1,0.0,0,5.54,1,100.0,1,0.0,0,0.53,10.8,74.28,1.49,13.43,5,81.84,0,AG-30,33,30,2,0,34.01666542461733,-118.2627303383503,detection_avg,0.6408510942687647,pct_public_assistance,osm_amenity_count,0.014369000865013516
636,1163,24,US,225,BlockApportionment:US.BlockGroups;PointsLayer:US.BlockPoints,2.191,2.576,1,146,158,9983,171,91.71,71,0.44,23,US,225,BlockApportionment:US.BlockGroups;PointsLayer:US.BlockPoints,2.191,2.576,1,73,76,16.89,0.39,8.06,12.98,29.39,26.79,14.94,26.88,api_test_workflow_v8_remaining_location_deduped_final_after10_30_2026-05-23,34.01921601,-118.26338988,"652 E 29TH ST, 90011",180.0,34.0192160089_-118.263389879_180.jpg,5.0,0.9031,tent,1.295,17.47,29.74,16.36,0,0,,,52,0,1,0,0,2,0,0,1,0,0,0,751,661,0,2,11,21,1481.47,365.09,0,0.0,1586.55,0,0.0,3616.51,2,0,0.0,1621.9,61.69,1,0.0,0,5.54,1,100.0,1,0.0,0,0.53,10.8,74.28,1.49,13.43,5,81.84,1,AG-30,33,30,2,1,34.01666542461733,-118.2627303383503,detection_avg,0.6408510942687647,pct_public_assistance,osm_amenity_count,0.014369000865013516
637,1164,24,US,225,BlockApportionment:US.BlockGroups;PointsLayer:US.BlockPoints,2.191,2.576,1,146,158,9983,171,91.71,71,0.44,23,US,225,BlockApportionment:US.BlockGroups;PointsLayer:US.BlockPoints,2.191,2.576,1,73,76,16.89,0.39,8.06,12.98,29.39,26.79,14.94,26.88,api_test_workflow_v8_remaining_location_deduped_final_after10_30_2026-05-23,34.01921601,-118.26338988,"652 E 29TH ST, 90011",270.0,34.0192160089_-118.263389879_270.jpg,3.0,0.8742,tent,1.295,17.47,29.74,16.36,0,0,,,52,0,1,0,0,2,0,0,1,0,0,0,751,661,0,2,11,21,1481.47,365.09,0,0.0,1586.55,0,0.0,3616.51,2,0,0.0,1621.9,61.69,1,0.0,0,5.54,1,100.0,1,0.0,0,0.53,10.8,74.28,1.49,13.43,5,81.84,3,AG-30,33,30,2,1,34.01666542461733,-118.2627303383503,detection_avg,0.6408510942687647,pct_public_assistance,osm_amenity_count,0.014369000865013516
638,1506,24,US,225,BlockApportionment:US.BlockGroups;PointsLayer:US.BlockPoints,2.191,2.576,1,146,158,9983,171,91.71,71,0.44,23,US,225,BlockApportionment:US.BlockGroups;PointsLayer:US.BlockPoints,2.191,2.576,1,73,76,16.89,0.39,8.06,12.98,29.39,26.79,14.94,26.88,api_test_workflow_v8_remaining_location_deduped_30pct_after10_2026-05-22,34.01933802,-118.26298684,"2825 S SAN PEDRO ST, 90011",180.0,34.0193380155_-118.262986839_180.jpg,2.0,0.9115,tent,1.295,17.47,29.74,16.36,0,0,,,52,0,1,0,0,2,0,0,1,0,0,0,751,661,0,2,11,21,1481.47,365.09,0,0.0,1586.55,0,0.0,3616.51,2,0,0.0,1621.9,61.69,1,0.0,0,5.54,1,100.0,1,0.0,0,0.53,10.8,74.28,1.49,13.43,5,81.84,2,AG-30,33,30,2,1,34.01666542461733,-118.2627303383503,detection_avg,0.6408510942687647,pct_public_assistance,osm_amenity_count,0.014369000865013516
639,1572,24,US,225,BlockApportionment:US.BlockGroups;PointsLayer:US.BlockPoints,2.191,2.576,1,146,158,9983,171,91.71,71,0.44,23,US,225,BlockApportionment:US.BlockGroups;PointsLayer:US.BlockPoints,2.191,2.576,1,73,76,16.89,0.39,8.06,12.98,29.39,26.79,14.94,26.88,api_test_workflow_v8_remaining_location_deduped_30pct_after10_2026-05-22,34.01933802,-118.26298684,"2825 S SAN PEDRO ST, 90011",270.0,34.0193380155_-118.262986839_270.jpg,5.0,0.8333,tent,1.295,17.47,29.74,16.36,0,0,,,52,0,1,0,0,2,0,0,1,0,0,0,751,661,0,2,11,21,1481.47,365.09,0,0.0,1586.55,0,0.0,3616.51,2,0,0.0,1621.9,61.69,1,0.0,0,5.54,1,100.0,1,0.0,0,0.53,10.8,74.28,1.49,13.43,5,81.84,0,AG-30,33,30,2,0,34.01666542461733,-118.2627303383503,detection_avg,0.6408510942687647,pct_public_assistance,osm_amenity_count,0.014369000865013516
640,1734,24,US,225,BlockApportionment:US.BlockGroups;PointsLayer:US.BlockPoints,2.191,2.576,1,146,158,9983,171,91.71,71,0.44,23,US,225,BlockApportionment:US.BlockGroups;PointsLayer:US.BlockPoints,2.191,2.576,1,73,76,16.89,0.39,8.06,12.98,29.39,26.79,14.94,26.88,api_test_workflow_v8_remaining_location_deduped_final_after10_30_2026-05-23,34.01911124,-118.26290714,"29TH ST AT SAN PEDRO ST, 90011",270.0,34.0191112422_-118.26290714_270.jpg,1.0,0.8222,tent,1.295,17.47,29.74,16.36,0,0,,,52,0,1,0,0,2,0,0,1,0,0,0,751,661,0,2,11,21,1481.47,365.09,0,0.0,1586.55,0,0.0,3616.51,2,0,0.0,1621.9,61.69,1,0.0,0,5.54,1,100.0,1,0.0,0,0.53,10.8,74.28,1.49,13.43,5,81.84,1,AG-30,33,30,2,1,34.01666542461733,-118.2627303383503,detection_avg,0.6408510942687647,pct_public_assistance,osm_amenity_count,0.014369000865013516
641,-1,9,US,489,BlockApportionment:US.BlockGroups;PointsLayer:US.BlockPoints,2.191,2.576,1,85,90,4369,117,25.54,158,2.48,24,US,460,BlockApportionment:US.BlockGroups;PointsLayer:US.BlockPoints,2.191,2.576,1,145,142,10.23,1.74,2.23,0.59,23.98,7.93,3.15,19.43,,,,,,,,,,1.295,17.47,29.74,16.36,0,0,,,21,0,1,0,0,3,1,0,0,0,0,0,119,97,0,0,0,0,0.0,990.97,0,0.0,990.97,0,0.0,1154.17,23,0,0.0,1016.25,0.0,0,0.0,0,0.0,0,100.0,1,0.0,0,3.77,28.55,45.62,3.85,21.98,5,60.8,3,Z-17,26,17,4,1,34.160055318904995,-118.34243854159666,reconstructed,0.6606218134184153,total_crime_est,nearest_osm_major_road_m,0.037399457711393747
642,473,10,US,382,BlockApportionment:US.BlockGroups;PointsLayer:US.BlockPoints,2.191,2.576,1,117,117,14035,188,64.36,57,1.39,25,US,461,BlockApportionment:US.BlockGroups;PointsLayer:US.BlockPoints,2.191,2.576,1,60,67,17.72,1.61,7.89,6.14,32.45,22.92,4.79,24.22,api_test_workflow_v2_20pct_model6_2026-05-07,34.08970245,-118.30633411,"1056 N SERRANO AVE, 90029",0.0,34.089702448_-118.306334107_0.jpg,1.0,0.708,tent,1.295,17.47,29.74,16.36,0,0,,,48,0,0,0,1,2,0,1,1,0,0,0,1539,1584,0,0,2,76,6406.23,87.83,21,3849.7,87.83,0,0.0,1876.94,16,4,4244.85,88.52,1.18,1,0.0,0,0.0,0,100.0,1,0.0,0,2.28,13.51,73.51,1.58,11.4,5,80.77,3,AC-23,29,23,2,1,34.09389313731637,-118.30827772895772,detection_avg,0.5544123327945123,adult_recreation_count,nearest_freeway_m,0.017547663613318536
643,492,10,US,382,BlockApportionment:US.BlockGroups;PointsLayer:US.BlockPoints,2.191,2.576,1,117,117,14035,188,64.36,57,1.39,25,US,461,BlockApportionment:US.BlockGroups;PointsLayer:US.BlockPoints,2.191,2.576,1,60,67,17.72,1.61,7.89,6.14,32.45,22.92,4.79,24.22,api_test_workflow_v2_20pct_model6_2026-05-07,34.08941449,-118.312032,"5514 W SIERRA VISTA AVE, 90038",270.0,34.0894144929_-118.312032003_270.jpg,2.0,0.8347,tent,1.295,17.47,29.74,16.36,0,0,,,48,0,0,0,1,2,0,1,1,0,0,0,1539,1584,0,0,2,76,6406.23,87.83,21,3849.7,87.83,0,0.0,1876.94,16,4,4244.85,88.52,1.18,1,0.0,0,0.0,0,100.0,1,0.0,0,2.28,13.51,73.51,1.58,11.4,5,80.77,1,AC-23,29,23,2,1,34.09389313731637,-118.30827772895772,detection_avg,0.5544123327945123,adult_recreation_count,nearest_freeway_m,0.017547663613318536
644,512,10,US,382,BlockApportionment:US.BlockGroups;PointsLayer:US.BlockPoints,2.191,2.576,1,117,117,14035,188,64.36,57,1.39,25,US,461,BlockApportionment:US.BlockGroups;PointsLayer:US.BlockPoints,2.191,2.576,1,60,67,17.72,1.61,7.89,6.14,32.45,22.92,4.79,24.22,api_test_workflow_v2_20pct_model6_2026-05-07_batch2,34.08988507,-118.30654949,"SIERRA VISTA AVE AT SERRANO AVE, 90029",0.0,34.0898850708_-118.306549494_0.jpg,1.0,0.8719,tent,1.295,17.47,29.74,16.36,0,0,,,48,0,0,0,1,2,0,1,1,0,0,0,1539,1584,0,0,2,76,6406.23,87.83,21,3849.7,87.83,0,0.0,1876.94,16,4,4244.85,88.52,1.18,1,0.0,0,0.0,0,100.0,1,0.0,0,2.28,13.51,73.51,1.58,11.4,5,80.77,0,AC-23,29,23,2,0,34.09389313731637,-118.30827772895772,detection_avg,0.5544123327945123,adult_recreation_count,nearest_freeway_m,0.017547663613318536
645,513,10,US,382,BlockApportionment:US.BlockGroups;PointsLayer:US.BlockPoints,2.191,2.576,1,117,117,14035,188,64.36,57,1.39,25,US,461,BlockApportionment:US.BlockGroups;PointsLayer:US.BlockPoints,2.191,2.576,1,60,67,17.72,1.61,7.89,6.14,32.45,22.92,4.79,24.22,api_test_workflow_v2_20pct_model6_2026-05-07_batch2,34.08988507,-118.30654949,"SIERRA VISTA AVE AT SERRANO AVE, 90029",90.0,34.0898850708_-118.306549494_90.jpg,2.0,0.8049,tent,1.295,17.47,29.74,16.36,0,0,,,48,0,0,0,1,2,0,1,1,0,0,0,1539,1584,0,0,2,76,6406.23,87.83,21,3849.7,87.83,0,0.0,1876.94,16,4,4244.85,88.52,1.18,1,0.0,0,0.0,0,100.0,1,0.0,0,2.28,13.51,73.51,1.58,11.4,5,80.77,0,AC-23,29,23,2,0,34.09389313731637,-118.30827772895772,detection_avg,0.5544123327945123,adult_recreation_count,nearest_freeway_m,0.017547663613318536
646,514,10,US,382,BlockApportionment:US.BlockGroups;PointsLayer:US.BlockPoints,2.191,2.576,1,117,117,14035,188,64.36,57,1.39,25,US,461,BlockApportionment:US.BlockGroups;PointsLayer:US.BlockPoints,2.191,2.576,1,60,67,17.72,1.61,7.89,6.14,32.45,22.92,4.79,24.22,api_test_workflow_v2_20pct_model6_2026-05-07_batch2,34.08988507,-118.30654949,"SIERRA VISTA AVE AT SERRANO AVE, 90029",270.0,34.0898850708_-118.306549494_270.jpg,1.0,0.6664,tent,1.295,17.47,29.74,16.36,0,0,,,48,0,0,0,1,2,0,1,1,0,0,0,1539,1584,0,0,2,76,6406.23,87.83,21,3849.7,87.83,0,0.0,1876.94,16,4,4244.85,88.52,1.18,1,0.0,0,0.0,0,100.0,1,0.0,0,2.28,13.51,73.51,1.58,11.4,5,80.77,0,AC-23,29,23,2,0,34.09389313731637,-118.30827772895772,detection_avg,0.5544123327945123,adult_recreation_count,nearest_freeway_m,0.017547663613318536
647,673,10,US,382,BlockApportionment:US.BlockGroups;PointsLayer:US.BlockPoints,2.191,2.576,1,117,117,14035,188,64.36,57,1.39,25,US,461,BlockApportionment:US.BlockGroups;PointsLayer:US.BlockPoints,2.191,2.576,1,60,67,17.72,1.61,7.89,6.14,32.45,22.92,4.79,24.22,api_test_workflow_v2_remaining_model6_2026-05-08,34.08984044,-118.30671539,"1063 N SERRANO AVE, 90029",270.0,34.0898404353_-118.306715388_270.jpg,1.0,0.8655,tent,1.295,17.47,29.74,16.36,0,0,,,48,0,0,0,1,2,0,1,1,0,0,0,1539,1584,0,0,2,76,6406.23,87.83,21,3849.7,87.83,0,0.0,1876.94,16,4,4244.85,88.52,1.18,1,0.0,0,0.0,0,100.0,1,0.0,0,2.28,13.51,73.51,1.58,11.4,5,80.77,0,AC-23,29,23,2,0,34.09389313731637,-118.30827772895772,detection_avg,0.5544123327945123,adult_recreation_count,nearest_freeway_m,0.017547663613318536
648,745,10,US,382,BlockApportionment:US.BlockGroups;PointsLayer:US.BlockPoints,2.191,2.576,1,117,117,14035,188,64.36,57,1.39,25,US,461,BlockApportionment:US.BlockGroups;PointsLayer:US.BlockPoints,2.191,2.576,1,60,67,17.72,1.61,7.89,6.14,32.45,22.92,4.79,24.22,api_test_workflow_v2_30pct_model6_2026-05-08,34.08974838,-118.30658761,"1057 N SERRANO AVE, 90029",0.0,34.0897483763_-118.306587609_0.jpg,2.0,0.8663,tent,1.295,17.47,29.74,16.36,0,0,,,48,0,0,0,1,2,0,1,1,0,0,0,1539,1584,0,0,2,76,6406.23,87.83,21,3849.7,87.83,0,0.0,1876.94,16,4,4244.85,88.52,1.18,1,0.0,0,0.0,0,100.0,1,0.0,0,2.28,13.51,73.51,1.58,11.4,5,80.77,0,AC-23,29,23,2,0,34.09389313731637,-118.30827772895772,detection_avg,0.5544123327945123,adult_recreation_count,nearest_freeway_m,0.017547663613318536
649,867,10,US,382,BlockApportionment:US.BlockGroups;PointsLayer:US.BlockPoints,2.191,2.576,1,117,117,14035,188,64.36,57,1.39,25,US,461,BlockApportionment:US.BlockGroups;PointsLayer:US.BlockPoints,2.191,2.576,1,60,67,17.72,1.61,7.89,6.14,32.45,22.92,4.79,24.22,api_test_workflow_v2_10pct_model6_2026-05-06_live,34.08941582,-118.31236228,"5526 W SIERRA VISTA AVE, 90038",270.0,34.0894158171_-118.31236228_270.jpg,1.0,0.6445,tent,1.295,17.47,29.74,16.36,0,0,,,48,0,0,0,1,2,0,1,1,0,0,0,1539,1584,0,0,2,76,6406.23,87.83,21,3849.7,87.83,0,0.0,1876.94,16,4,4244.85,88.52,1.18,1,0.0,0,0.0,0,100.0,1,0.0,0,2.28,13.51,73.51,1.58,11.4,5,80.77,0,AC-23,29,23,2,0,34.09389313731637,-118.30827772895772,detection_avg,0.5544123327945123,adult_recreation_count,nearest_freeway_m,0.017547663613318536
650,998,10,US,382,BlockApportionment:US.BlockGroups;PointsLayer:US.BlockPoints,2.191,2.576,1,117,117,14035,188,64.36,57,1.39,25,US,461,BlockApportionment:US.BlockGroups;PointsLayer:US.BlockPoints,2.191,2.576,1,60,67,17.72,1.61,7.89,6.14,32.45,22.92,4.79,24.22,api_test_workflow_v2_20pct_model6_2026-05-07_batch2,34.08633136,-118.30865676,"5123 W LEMON GROVE AVE, 90029",0.0,34.0863313579_-118.308656761_0.jpg,2.0,0.8404,tent,1.295,17.47,29.74,16.36,0,0,,,48,0,0,0,1,2,0,1,1,0,0,0,1539,1584,0,0,2,76,6406.23,87.83,21,3849.7,87.83,0,0.0,1876.94,16,4,4244.85,88.52,1.18,1,0.0,0,0.0,0,100.0,1,0.0,0,2.28,13.51,73.51,1.58,11.4,5,80.77,0,AC-23,29,23,2,0,34.09389313731637,-118.30827772895772,detection_avg,0.5544123327945123,adult_recreation_count,nearest_freeway_m,0.017547663613318536
651,1005,10,US,382,BlockApportionment:US.BlockGroups;PointsLayer:US.BlockPoints,2.191,2.576,1,117,117,14035,188,64.36,57,1.39,25,US,461,BlockApportionment:US.BlockGroups;PointsLayer:US.BlockPoints,2.191,2.576,1,60,67,17.72,1.61,7.89,6.14,32.45,22.92,4.79,24.22,api_test_workflow_v8_remaining_location_deduped_10pct_2026-05-22,34.08979266,-118.30659867,"1063 N SERRANO AVE, 90029",0.0,34.0897926617_-118.306598674_0.jpg,1.0,0.9188,tent,1.295,17.47,29.74,16.36,0,0,,,48,0,0,0,1,2,0,1,1,0,0,0,1539,1584,0,0,2,76,6406.23,87.83,21,3849.7,87.83,0,0.0,1876.94,16,4,4244.85,88.52,1.18,1,0.0,0,0.0,0,100.0,1,0.0,0,2.28,13.51,73.51,1.58,11.4,5,80.77,0,AC-23,29,23,2,0,34.09389313731637,-118.30827772895772,detection_avg,0.5544123327945123,adult_recreation_count,nearest_freeway_m,0.017547663613318536
652,1006,10,US,382,BlockApportionment:US.BlockGroups;PointsLayer:US.BlockPoints,2.191,2.576,1,117,117,14035,188,64.36,57,1.39,25,US,461,BlockApportionment:US.BlockGroups;PointsLayer:US.BlockPoints,2.191,2.576,1,60,67,17.72,1.61,7.89,6.14,32.45,22.92,4.79,24.22,api_test_workflow_v8_remaining_location_deduped_10pct_2026-05-22,34.08979266,-118.30659867,"1063 N SERRANO AVE, 90029",90.0,34.0897926617_-118.306598674_90.jpg,1.0,0.9021,tent,1.295,17.47,29.74,16.36,0,0,,,48,0,0,0,1,2,0,1,1,0,0,0,1539,1584,0,0,2,76,6406.23,87.83,21,3849.7,87.83,0,0.0,1876.94,16,4,4244.85,88.52,1.18,1,0.0,0,0.0,0,100.0,1,0.0,0,2.28,13.51,73.51,1.58,11.4,5,80.77,1,AC-23,29,23,2,1,34.09389313731637,-118.30827772895772,detection_avg,0.5544123327945123,adult_recreation_count,nearest_freeway_m,0.017547663613318536
653,1270,10,US,382,BlockApportionment:US.BlockGroups;PointsLayer:US.BlockPoints,2.191,2.576,1,117,117,14035,188,64.36,57,1.39,25,US,461,BlockApportionment:US.BlockGroups;PointsLayer:US.BlockPoints,2.191,2.576,1,60,67,17.72,1.61,7.89,6.14,32.45,22.92,4.79,24.22,api_test_workflow_v8_remaining_location_deduped_30pct_after10_2026-05-22,34.08885951,-118.30631433,"1010 N SERRANO AVE, 90029",180.0,34.0888595143_-118.306314327_180.jpg,1.0,0.7558,tent,1.295,17.47,29.74,16.36,0,0,,,48,0,0,0,1,2,0,1,1,0,0,0,1539,1584,0,0,2,76,6406.23,87.83,21,3849.7,87.83,0,0.0,1876.94,16,4,4244.85,88.52,1.18,1,0.0,0,0.0,0,100.0,1,0.0,0,2.28,13.51,73.51,1.58,11.4,5,80.77,0,AC-23,29,23,2,0,34.09389313731637,-118.30827772895772,detection_avg,0.5544123327945123,adult_recreation_count,nearest_freeway_m,0.017547663613318536
654,1291,10,US,382,BlockApportionment:US.BlockGroups;PointsLayer:US.BlockPoints,2.191,2.576,1,117,117,14035,188,64.36,57,1.39,25,US,461,BlockApportionment:US.BlockGroups;PointsLayer:US.BlockPoints,2.191,2.576,1,60,67,17.72,1.61,7.89,6.14,32.45,22.92,4.79,24.22,api_test_workflow_v8_remaining_location_deduped_30pct_after10_2026-05-22,34.08962741,-118.3065839,"1053 N SERRANO AVE, 90029",0.0,34.0896274093_-118.306583903_0.jpg,1.0,0.6185,tent,1.295,17.47,29.74,16.36,0,0,,,48,0,0,0,1,2,0,1,1,0,0,0,1539,1584,0,0,2,76,6406.23,87.83,21,3849.7,87.83,0,0.0,1876.94,16,4,4244.85,88.52,1.18,1,0.0,0,0.0,0,100.0,1,0.0,0,2.28,13.51,73.51,1.58,11.4,5,80.77,0,AC-23,29,23,2,0,34.09389313731637,-118.30827772895772,detection_avg,0.5544123327945123,adult_recreation_count,nearest_freeway_m,0.017547663613318536
655,1632,10,US,382,BlockApportionment:US.BlockGroups;PointsLayer:US.BlockPoints,2.191,2.576,1,117,117,14035,188,64.36,57,1.39,25,US,461,BlockApportionment:US.BlockGroups;PointsLayer:US.BlockPoints,2.191,2.576,1,60,67,17.72,1.61,7.89,6.14,32.45,22.92,4.79,24.22,api_test_workflow_v8_remaining_location_deduped_30pct_after10_2026-05-22,34.08982855,-118.30671376,"1061 N SERRANO AVE, 90029",270.0,34.0898285451_-118.306713756_270.jpg,1.0,0.874,tent,1.295,17.47,29.74,16.36,0,0,,,48,0,0,0,1,2,0,1,1,0,0,0,1539,1584,0,0,2,76,6406.23,87.83,21,3849.7,87.83,0,0.0,1876.94,16,4,4244.85,88.52,1.18,1,0.0,0,0.0,0,100.0,1,0.0,0,2.28,13.51,73.51,1.58,11.4,5,80.77,0,AC-23,29,23,2,0,34.09389313731637,-118.30827772895772,detection_avg,0.5544123327945123,adult_recreation_count,nearest_freeway_m,0.017547663613318536
656,1679,10,US,382,BlockApportionment:US.BlockGroups;PointsLayer:US.BlockPoints,2.191,2.576,1,117,117,14035,188,64.36,57,1.39,25,US,461,BlockApportionment:US.BlockGroups;PointsLayer:US.BlockPoints,2.191,2.576,1,60,67,17.72,1.61,7.89,6.14,32.45,22.92,4.79,24.22,api_test_workflow_v8_remaining_location_deduped_final_after10_30_2026-05-23,34.09189096,-118.30964007,"5503 W VIRGINIA AVE, 90038",90.0,34.0918909572_-118.309640068_90.jpg,1.0,0.7,tent,1.295,17.47,29.74,16.36,0,0,,,48,0,0,0,1,2,0,1,1,0,0,0,1539,1584,0,0,2,76,6406.23,87.83,21,3849.7,87.83,0,0.0,1876.94,16,4,4244.85,88.52,1.18,1,0.0,0,0.0,0,100.0,1,0.0,0,2.28,13.51,73.51,1.58,11.4,5,80.77,0,AC-23,29,23,2,0,34.09389313731637,-118.30827772895772,detection_avg,0.5544123327945123,adult_recreation_count,nearest_freeway_m,0.017547663613318536
657,1749,10,US,382,BlockApportionment:US.BlockGroups;PointsLayer:US.BlockPoints,2.191,2.576,1,117,117,14035,188,64.36,57,1.39,25,US,461,BlockApportionment:US.BlockGroups;PointsLayer:US.BlockPoints,2.191,2.576,1,60,67,17.72,1.61,7.89,6.14,32.45,22.92,4.79,24.22,api_test_workflow_v8_remaining_location_deduped_30pct_after10_2026-05-22,34.08764966,-118.30932124,"935 N WESTERN AVE, 90029",90.0,34.0876496602_-118.309321241_90.jpg,1.0,0.804,tent,1.295,17.47,29.74,16.36,0,0,,,48,0,0,0,1,2,0,1,1,0,0,0,1539,1584,0,0,2,76,6406.23,87.83,21,3849.7,87.83,0,0.0,1876.94,16,4,4244.85,88.52,1.18,1,0.0,0,0.0,0,100.0,1,0.0,0,2.28,13.51,73.51,1.58,11.4,5,80.77,0,AC-23,29,23,2,0,34.09389313731637,-118.30827772895772,detection_avg,0.5544123327945123,adult_recreation_count,nearest_freeway_m,0.017547663613318536
658,188,25,US,226,BlockApportionment:US.BlockGroups;PointsLayer:US.BlockPoints,2.191,2.576,1,145,156,9516,210,88.22,60,0.94,26,US,226,BlockApportionment:US.BlockGroups;PointsLayer:US.BlockPoints,2.191,2.576,1,60,63,17.65,0.94,9.5,9.82,27.66,25.11,7.28,37.07,api_test_workflow_v2_remaining_model6_2026-05-08,34.01695449,-118.24586309,"2216 S COMPTON AVE, 90011",0.0,34.0169544933_-118.245863091_0.jpg,1.0,0.8532,tent,1.295,17.47,29.74,16.36,0,0,,,48,0,0,0,0,3,0,1,0,0,0,1,752,694,0,1,4,31,3593.34,282.39,5,657.66,593.8,0,0.0,2462.1,5,2,409.31,635.62,15.07,1,0.0,0,1.76,1,100.0,1,0.0,0,0.97,8.52,79.81,1.93,9.75,5,85.58,0,AH-30,34,30,3,0,34.01658842292602,-118.25134411995964,detection_avg,0.5762647546291868,recreation_center_count,business_sites_count,-0.022674164180863807
659,317,25,US,226,BlockApportionment:US.BlockGroups;PointsLayer:US.BlockPoints,2.191,2.576,1,145,156,9516,210,88.22,60,0.94,26,US,226,BlockApportionment:US.BlockGroups;PointsLayer:US.BlockPoints,2.191,2.576,1,60,63,17.65,0.94,9.5,9.82,27.66,25.11,7.28,37.07,api_test_workflow_v2_5pct_2026-04-25,34.02076643,-118.2455865,"1918 S TARLETON ST, 90011",0.0,34.0207664332_-118.245586497_0.jpg,1.0,0.8477,tent,1.295,17.47,29.74,16.36,0,0,,,48,0,0,0,0,3,0,1,0,0,0,1,752,694,0,1,4,31,3593.34,282.39,5,657.66,593.8,0,0.0,2462.1,5,2,409.31,635.62,15.07,1,0.0,0,1.76,1,100.0,1,0.0,0,0.97,8.52,79.81,1.93,9.75,5,85.58,1,AH-30,34,30,3,1,34.01658842292602,-118.25134411995964,detection_avg,0.5762647546291868,recreation_center_count,business_sites_count,-0.022674164180863807
660,318,25,US,226,BlockApportionment:US.BlockGroups;PointsLayer:US.BlockPoints,2.191,2.576,1,145,156,9516,210,88.22,60,0.94,26,US,226,BlockApportionment:US.BlockGroups;PointsLayer:US.BlockPoints,2.191,2.576,1,60,63,17.65,0.94,9.5,9.82,27.66,25.11,7.28,37.07,api_test_workflow_v2_5pct_2026-04-25,34.02076643,-118.2455865,"1918 S TARLETON ST, 90011",90.0,34.0207664332_-118.245586497_90.jpg,1.0,0.773,tent,1.295,17.47,29.74,16.36,0,0,,,48,0,0,0,0,3,0,1,0,0,0,1,752,694,0,1,4,31,3593.34,282.39,5,657.66,593.8,0,0.0,2462.1,5,2,409.31,635.62,15.07,1,0.0,0,1.76,1,100.0,1,0.0,0,0.97,8.52,79.81,1.93,9.75,5,85.58,0,AH-30,34,30,3,0,34.01658842292602,-118.25134411995964,detection_avg,0.5762647546291868,recreation_center_count,business_sites_count,-0.022674164180863807
661,490,25,US,226,BlockApportionment:US.BlockGroups;PointsLayer:US.BlockPoints,2.191,2.576,1,145,156,9516,210,88.22,60,0.94,26,US,226,BlockApportionment:US.BlockGroups;PointsLayer:US.BlockPoints,2.191,2.576,1,60,63,17.65,0.94,9.5,9.82,27.66,25.11,7.28,37.07,api_test_workflow_v2_20pct_model6_2026-05-07,34.01833678,-118.24461698,"2078 S COMPTON AVE, 90011",90.0,34.0183367772_-118.244616977_90.jpg,2.0,0.8852,tent,1.295,17.47,29.74,16.36,0,0,,,48,0,0,0,0,3,0,1,0,0,0,1,752,694,0,1,4,31,3593.34,282.39,5,657.66,593.8,0,0.0,2462.1,5,2,409.31,635.62,15.07,1,0.0,0,1.76,1,100.0,1,0.0,0,0.97,8.52,79.81,1.93,9.75,5,85.58,4,AH-30,34,30,3,1,34.01658842292602,-118.25134411995964,detection_avg,0.5762647546291868,recreation_center_count,business_sites_count,-0.022674164180863807
662,505,25,US,226,BlockApportionment:US.BlockGroups;PointsLayer:US.BlockPoints,2.191,2.576,1,145,156,9516,210,88.22,60,0.94,26,US,226,BlockApportionment:US.BlockGroups;PointsLayer:US.BlockPoints,2.191,2.576,1,60,63,17.65,0.94,9.5,9.82,27.66,25.11,7.28,37.07,api_test_workflow_v2_20pct_model6_2026-05-07_batch2,34.01845554,-118.24484371,"2015 S COMPTON AVE, 90011",90.0,34.0184555379_-118.244843713_90.jpg,2.0,0.8852,tent,1.295,17.47,29.74,16.36,0,0,,,48,0,0,0,0,3,0,1,0,0,0,1,752,694,0,1,4,31,3593.34,282.39,5,657.66,593.8,0,0.0,2462.1,5,2,409.31,635.62,15.07,1,0.0,0,1.76,1,100.0,1,0.0,0,0.97,8.52,79.81,1.93,9.75,5,85.58,1,AH-30,34,30,3,1,34.01658842292602,-118.25134411995964,detection_avg,0.5762647546291868,recreation_center_count,business_sites_count,-0.022674164180863807
663,723,25,US,226,BlockApportionment:US.BlockGroups;PointsLayer:US.BlockPoints,2.191,2.576,1,145,156,9516,210,88.22,60,0.94,26,US,226,BlockApportionment:US.BlockGroups;PointsLayer:US.BlockPoints,2.191,2.576,1,60,63,17.65,0.94,9.5,9.82,27.66,25.11,7.28,37.07,api_test_workflow_v2_30pct_model6_2026-05-08,34.01860412,-118.24470737,"2013 S COMPTON AVE, 90011",90.0,34.0186041239_-118.24470737_90.jpg,1.0,0.8237,tent,1.295,17.47,29.74,16.36,0,0,,,48,0,0,0,0,3,0,1,0,0,0,1,752,694,0,1,4,31,3593.34,282.39,5,657.66,593.8,0,0.0,2462.1,5,2,409.31,635.62,15.07,1,0.0,0,1.76,1,100.0,1,0.0,0,0.97,8.52,79.81,1.93,9.75,5,85.58,0,AH-30,34,30,3,0,34.01658842292602,-118.25134411995964,detection_avg,0.5762647546291868,recreation_center_count,business_sites_count,-0.022674164180863807
664,752,25,US,226,BlockApportionment:US.BlockGroups;PointsLayer:US.BlockPoints,2.191,2.576,1,145,156,9516,210,88.22,60,0.94,26,US,226,BlockApportionment:US.BlockGroups;PointsLayer:US.BlockPoints,2.191,2.576,1,60,63,17.65,0.94,9.5,9.82,27.66,25.11,7.28,37.07,api_test_workflow_v2_30pct_model6_2026-05-08,34.02019766,-118.24679719,"2002 S HOOPER AVE, 90011",0.0,34.0201976626_-118.24679719_0.jpg,4.0,0.6773,tent,1.295,17.47,29.74,16.36,0,0,,,48,0,0,0,0,3,0,1,0,0,0,1,752,694,0,1,4,31,3593.34,282.39,5,657.66,593.8,0,0.0,2462.1,5,2,409.31,635.62,15.07,1,0.0,0,1.76,1,100.0,1,0.0,0,0.97,8.52,79.81,1.93,9.75,5,85.58,0,AH-30,34,30,3,0,34.01658842292602,-118.25134411995964,detection_avg,0.5762647546291868,recreation_center_count,business_sites_count,-0.022674164180863807
665,1058,25,US,226,BlockApportionment:US.BlockGroups;PointsLayer:US.BlockPoints,2.191,2.576,1,145,156,9516,210,88.22,60,0.94,26,US,226,BlockApportionment:US.BlockGroups;PointsLayer:US.BlockPoints,2.191,2.576,1,60,63,17.65,0.94,9.5,9.82,27.66,25.11,7.28,37.07,api_test_workflow_v8_remaining_location_deduped_30pct_after10_2026-05-22,34.02033957,-118.24700022,"2007 S HOOPER AVE, 90011",0.0,34.0203395672_-118.247000222_0.jpg,5.0,0.775,tent,1.295,17.47,29.74,16.36,0,0,,,48,0,0,0,0,3,0,1,0,0,0,1,752,694,0,1,4,31,3593.34,282.39,5,657.66,593.8,0,0.0,2462.1,5,2,409.31,635.62,15.07,1,0.0,0,1.76,1,100.0,1,0.0,0,0.97,8.52,79.81,1.93,9.75,5,85.58,0,AH-30,34,30,3,0,34.01658842292602,-118.25134411995964,detection_avg,0.5762647546291868,recreation_center_count,business_sites_count,-0.022674164180863807
666,1063,25,US,226,BlockApportionment:US.BlockGroups;PointsLayer:US.BlockPoints,2.191,2.576,1,145,156,9516,210,88.22,60,0.94,26,US,226,BlockApportionment:US.BlockGroups;PointsLayer:US.BlockPoints,2.191,2.576,1,60,63,17.65,0.94,9.5,9.82,27.66,25.11,7.28,37.07,api_test_workflow_v8_remaining_location_deduped_30pct_after10_2026-05-22,34.01513743,-118.25440499,"1155 E 29TH ST, 90011",0.0,34.0151374284_-118.254404993_0.jpg,1.0,0.7905,tent,1.295,17.47,29.74,16.36,0,0,,,48,0,0,0,0,3,0,1,0,0,0,1,752,694,0,1,4,31,3593.34,282.39,5,657.66,593.8,0,0.0,2462.1,5,2,409.31,635.62,15.07,1,0.0,0,1.76,1,100.0,1,0.0,0,0.97,8.52,79.81,1.93,9.75,5,85.58,0,AH-30,34,30,3,0,34.01658842292602,-118.25134411995964,detection_avg,0.5762647546291868,recreation_center_count,business_sites_count,-0.022674164180863807
667,1205,25,US,226,BlockApportionment:US.BlockGroups;PointsLayer:US.BlockPoints,2.191,2.576,1,145,156,9516,210,88.22,60,0.94,26,US,226,BlockApportionment:US.BlockGroups;PointsLayer:US.BlockPoints,2.191,2.576,1,60,63,17.65,0.94,9.5,9.82,27.66,25.11,7.28,37.07,api_test_workflow_v8_remaining_location_deduped_30pct_after10_2026-05-22,34.02115868,-118.24557038,"1911 S TARLETON ST, 90011",90.0,34.0211586781_-118.245570382_90.jpg,1.0,0.9168,tent,1.295,17.47,29.74,16.36,0,0,,,48,0,0,0,0,3,0,1,0,0,0,1,752,694,0,1,4,31,3593.34,282.39,5,657.66,593.8,0,0.0,2462.1,5,2,409.31,635.62,15.07,1,0.0,0,1.76,1,100.0,1,0.0,0,0.97,8.52,79.81,1.93,9.75,5,85.58,0,AH-30,34,30,3,0,34.01658842292602,-118.25134411995964,detection_avg,0.5762647546291868,recreation_center_count,business_sites_count,-0.022674164180863807
668,1493,25,US,226,BlockApportionment:US.BlockGroups;PointsLayer:US.BlockPoints,2.191,2.576,1,145,156,9516,210,88.22,60,0.94,26,US,226,BlockApportionment:US.BlockGroups;PointsLayer:US.BlockPoints,2.191,2.576,1,60,63,17.65,0.94,9.5,9.82,27.66,25.11,7.28,37.07,api_test_workflow_v8_remaining_location_deduped_30pct_after10_2026-05-22,34.0152079,-118.25476828,"1147 E 29TH ST, 90011",180.0,34.0152079015_-118.254768282_180.jpg,1.0,0.6616,tent,1.295,17.47,29.74,16.36,0,0,,,48,0,0,0,0,3,0,1,0,0,0,1,752,694,0,1,4,31,3593.34,282.39,5,657.66,593.8,0,0.0,2462.1,5,2,409.31,635.62,15.07,1,0.0,0,1.76,1,100.0,1,0.0,0,0.97,8.52,79.81,1.93,9.75,5,85.58,0,AH-30,34,30,3,0,34.01658842292602,-118.25134411995964,detection_avg,0.5762647546291868,recreation_center_count,business_sites_count,-0.022674164180863807
669,1561,25,US,226,BlockApportionment:US.BlockGroups;PointsLayer:US.BlockPoints,2.191,2.576,1,145,156,9516,210,88.22,60,0.94,26,US,226,BlockApportionment:US.BlockGroups;PointsLayer:US.BlockPoints,2.191,2.576,1,60,63,17.65,0.94,9.5,9.82,27.66,25.11,7.28,37.07,api_test_workflow_v8_remaining_location_deduped_10pct_2026-05-22,34.02112867,-118.24531271,"1916 S TARLETON ST, 90011",90.0,34.0211286712_-118.245312713_90.jpg,1.0,0.8765,tent,1.295,17.47,29.74,16.36,0,0,,,48,0,0,0,0,3,0,1,0,0,0,1,752,694,0,1,4,31,3593.34,282.39,5,657.66,593.8,0,0.0,2462.1,5,2,409.31,635.62,15.07,1,0.0,0,1.76,1,100.0,1,0.0,0,0.97,8.52,79.81,1.93,9.75,5,85.58,0,AH-30,34,30,3,0,34.01658842292602,-118.25134411995964,detection_avg,0.5762647546291868,recreation_center_count,business_sites_count,-0.022674164180863807
670,1562,25,US,226,BlockApportionment:US.BlockGroups;PointsLayer:US.BlockPoints,2.191,2.576,1,145,156,9516,210,88.22,60,0.94,26,US,226,BlockApportionment:US.BlockGroups;PointsLayer:US.BlockPoints,2.191,2.576,1,60,63,17.65,0.94,9.5,9.82,27.66,25.11,7.28,37.07,api_test_workflow_v8_remaining_location_deduped_10pct_2026-05-22,34.02112867,-118.24531271,"1916 S TARLETON ST, 90011",180.0,34.0211286712_-118.245312713_180.jpg,2.0,0.8808,tent,1.295,17.47,29.74,16.36,0,0,,,48,0,0,0,0,3,0,1,0,0,0,1,752,694,0,1,4,31,3593.34,282.39,5,657.66,593.8,0,0.0,2462.1,5,2,409.31,635.62,15.07,1,0.0,0,1.76,1,100.0,1,0.0,0,0.97,8.52,79.81,1.93,9.75,5,85.58,0,AH-30,34,30,3,0,34.01658842292602,-118.25134411995964,detection_avg,0.5762647546291868,recreation_center_count,business_sites_count,-0.022674164180863807
671,1898,25,US,226,BlockApportionment:US.BlockGroups;PointsLayer:US.BlockPoints,2.191,2.576,1,145,156,9516,210,88.22,60,0.94,26,US,226,BlockApportionment:US.BlockGroups;PointsLayer:US.BlockPoints,2.191,2.576,1,60,63,17.65,0.94,9.5,9.82,27.66,25.11,7.28,37.07,api_test_workflow_v8_remaining_location_deduped_final_after10_30_2026-05-23,34.01825788,-118.24499412,"2101 S COMPTON AVE, 90011",90.0,34.0182578799_-118.24499412_90.jpg,1.0,0.7181,tent,1.295,17.47,29.74,16.36,0,0,,,48,0,0,0,0,3,0,1,0,0,0,1,752,694,0,1,4,31,3593.34,282.39,5,657.66,593.8,0,0.0,2462.1,5,2,409.31,635.62,15.07,1,0.0,0,1.76,1,100.0,1,0.0,0,0.97,8.52,79.81,1.93,9.75,5,85.58,0,AH-30,34,30,3,0,34.01658842292602,-118.25134411995964,detection_avg,0.5762647546291868,recreation_center_count,business_sites_count,-0.022674164180863807
672,-1,11,US,490,BlockApportionment:US.BlockGroups;PointsLayer:US.BlockPoints,2.191,2.576,1,103,139,2368,140,23.18,146,0.63,27,US,462,BlockApportionment:US.BlockGroups;PointsLayer:US.BlockPoints,2.191,2.576,1,141,141,13.59,1.29,0.86,0.34,30.73,8.16,1.73,29.02,,,,,,,,,,1.295,17.47,29.74,16.36,0,0,,,42,1,0,0,0,0,1,0,0,0,0,0,132,130,0,0,0,32,3730.04,522.09,32,3730.04,522.09,3,722.87,243.78,33,2,1685.32,534.71,0.04,1,0.0,0,0.0,0,100.0,1,0.0,0,2.61,21.91,56.26,2.52,19.3,5,68.6,0,AA-17,27,17,1,0,34.159978317213685,-118.331052323206,reconstructed,0.6170656293675947,total_population,osm_amenity_count,0.05447981758741569
673,272,12,US,383,BlockApportionment:US.BlockGroups;PointsLayer:US.BlockPoints,2.191,2.576,1,104,135,10522,176,37.78,59,2.12,28,US,463,BlockApportionment:US.BlockGroups;PointsLayer:US.BlockPoints,2.191,2.576,1,66,67,19.57,2.88,5.22,4.27,33.54,28.59,8.12,21.39,api_test_workflow_v2_30pct_model6_2026-05-08,34.09767968,-118.29933271,"1440 N MARIPOSA AVE, 90027",270.0,34.0976796821_-118.299332712_270.jpg,1.0,0.8757,tent,1.295,17.47,29.74,16.36,0,0,,,136,3,0,0,0,1,3,0,0,0,0,1,1464,1474,0,1,3,38,1831.03,117.12,0,0.0,1106.53,0,0.0,1584.13,37,0,0.0,1116.31,14.36,1,0.0,0,12.47,1,100.0,1,0.0,0,1.76,12.83,74.34,0.62,12.21,5,81.51,0,AD-23,30,23,4,0,34.09381613562507,-118.29689151056706,detection_avg,0.6430837995320328,burglary_crime_est,food_access_count,0.03465364836370994
674,296,12,US,383,BlockApportionment:US.BlockGroups;PointsLayer:US.BlockPoints,2.191,2.576,1,104,135,10522,176,37.78,59,2.12,28,US,463,BlockApportionment:US.BlockGroups;PointsLayer:US.BlockPoints,2.191,2.576,1,66,67,19.57,2.88,5.22,4.27,33.54,28.59,8.12,21.39,api_test_workflow_v2_30pct_model6_2026-05-08,34.09634916,-118.2986824,"1337 N ALEXANDRIA AVE, 90027",90.0,34.0963491637_-118.298682401_90.jpg,1.0,0.6881,tent,1.295,17.47,29.74,16.36,0,0,,,136,3,0,0,0,1,3,0,0,0,0,1,1464,1474,0,1,3,38,1831.03,117.12,0,0.0,1106.53,0,0.0,1584.13,37,0,0.0,1116.31,14.36,1,0.0,0,12.47,1,100.0,1,0.0,0,1.76,12.83,74.34,0.62,12.21,5,81.51,0,AD-23,30,23,4,0,34.09381613562507,-118.29689151056706,detection_avg,0.6430837995320328,burglary_crime_est,food_access_count,0.03465364836370994
675,559,12,US,383,BlockApportionment:US.BlockGroups;PointsLayer:US.BlockPoints,2.191,2.576,1,104,135,10522,176,37.78,59,2.12,28,US,463,BlockApportionment:US.BlockGroups;PointsLayer:US.BlockPoints,2.191,2.576,1,66,67,19.57,2.88,5.22,4.27,33.54,28.59,8.12,21.39,api_test_workflow_v2_20pct_model6_2026-05-07_batch2,34.09780556,-118.29934132,"1444 N MARIPOSA AVE, 90027",180.0,34.0978055583_-118.299341319_180.jpg,1.0,0.8836,tent,1.295,17.47,29.74,16.36,0,0,,,136,3,0,0,0,1,3,0,0,0,0,1,1464,1474,0,1,3,38,1831.03,117.12,0,0.0,1106.53,0,0.0,1584.13,37,0,0.0,1116.31,14.36,1,0.0,0,12.47,1,100.0,1,0.0,0,1.76,12.83,74.34,0.62,12.21,5,81.51,1,AD-23,30,23,4,1,34.09381613562507,-118.29689151056706,detection_avg,0.6430837995320328,burglary_crime_est,food_access_count,0.03465364836370994
676,893,12,US,383,BlockApportionment:US.BlockGroups;PointsLayer:US.BlockPoints,2.191,2.576,1,104,135,10522,176,37.78,59,2.12,28,US,463,BlockApportionment:US.BlockGroups;PointsLayer:US.BlockPoints,2.191,2.576,1,66,67,19.57,2.88,5.22,4.27,33.54,28.59,8.12,21.39,api_test_workflow_v2_10pct_model6_2026-05-06_live,34.09773968,-118.29934271,"1442 N MARIPOSA AVE, 90027",180.0,34.0977396818_-118.299342712_180.jpg,1.0,0.8836,tent,1.295,17.47,29.74,16.36,0,0,,,136,3,0,0,0,1,3,0,0,0,0,1,1464,1474,0,1,3,38,1831.03,117.12,0,0.0,1106.53,0,0.0,1584.13,37,0,0.0,1116.31,14.36,1,0.0,0,12.47,1,100.0,1,0.0,0,1.76,12.83,74.34,0.62,12.21,5,81.51,0,AD-23,30,23,4,0,34.09381613562507,-118.29689151056706,detection_avg,0.6430837995320328,burglary_crime_est,food_access_count,0.03465364836370994
677,1148,12,US,383,BlockApportionment:US.BlockGroups;PointsLayer:US.BlockPoints,2.191,2.576,1,104,135,10522,176,37.78,59,2.12,28,US,463,BlockApportionment:US.BlockGroups;PointsLayer:US.BlockPoints,2.191,2.576,1,66,67,19.57,2.88,5.22,4.27,33.54,28.59,8.12,21.39,api_test_workflow_v8_remaining_location_deduped_final_after10_30_2026-05-23,34.09827694,-118.30075479,"5103 W SUNSET BLVD, 90027",180.0,34.0982769355_-118.300754788_180.jpg,1.0,0.7257,tent,1.295,17.47,29.74,16.36,0,0,,,136,3,0,0,0,1,3,0,0,0,0,1,1464,1474,0,1,3,38,1831.03,117.12,0,0.0,1106.53,0,0.0,1584.13,37,0,0.0,1116.31,14.36,1,0.0,0,12.47,1,100.0,1,0.0,0,1.76,12.83,74.34,0.62,12.21,5,81.51,2,AD-23,30,23,4,1,34.09381613562507,-118.29689151056706,detection_avg,0.6430837995320328,burglary_crime_est,food_access_count,0.03465364836370994
678,1334,12,US,383,BlockApportionment:US.BlockGroups;PointsLayer:US.BlockPoints,2.191,2.576,1,104,135,10522,176,37.78,59,2.12,28,US,463,BlockApportionment:US.BlockGroups;PointsLayer:US.BlockPoints,2.191,2.576,1,66,67,19.57,2.88,5.22,4.27,33.54,28.59,8.12,21.39,api_test_workflow_v2_remaining_model6_2026-05-08,34.09551902,-118.29748765,"1301 N KENMORE AVE, 90027",180.0,34.0955190244_-118.297487648_180.jpg,1.0,0.7235,tent,1.295,17.47,29.74,16.36,0,0,,,136,3,0,0,0,1,3,0,0,0,0,1,1464,1474,0,1,3,38,1831.03,117.12,0,0.0,1106.53,0,0.0,1584.13,37,0,0.0,1116.31,14.36,1,0.0,0,12.47,1,100.0,1,0.0,0,1.76,12.83,74.34,0.62,12.21,5,81.51,1,AD-23,30,23,4,1,34.09381613562507,-118.29689151056706,detection_avg,0.6430837995320328,burglary_crime_est,food_access_count,0.03465364836370994
679,1656,12,US,383,BlockApportionment:US.BlockGroups;PointsLayer:US.BlockPoints,2.191,2.576,1,104,135,10522,176,37.78,59,2.12,28,US,463,BlockApportionment:US.BlockGroups;PointsLayer:US.BlockPoints,2.191,2.576,1,66,67,19.57,2.88,5.22,4.27,33.54,28.59,8.12,21.39,api_test_workflow_v8_remaining_location_deduped_30pct_after10_2026-05-22,34.0966944,-118.29930944,"1402 N MARIPOSA AVE, 90027",270.0,34.0966943971_-118.299309441_270.jpg,1.0,0.9405,tent,1.295,17.47,29.74,16.36,0,0,,,136,3,0,0,0,1,3,0,0,0,0,1,1464,1474,0,1,3,38,1831.03,117.12,0,0.0,1106.53,0,0.0,1584.13,37,0,0.0,1116.31,14.36,1,0.0,0,12.47,1,100.0,1,0.0,0,1.76,12.83,74.34,0.62,12.21,5,81.51,1,AD-23,30,23,4,1,34.09381613562507,-118.29689151056706,detection_avg,0.6430837995320328,burglary_crime_est,food_access_count,0.03465364836370994
680,1813,12,US,383,BlockApportionment:US.BlockGroups;PointsLayer:US.BlockPoints,2.191,2.576,1,104,135,10522,176,37.78,59,2.12,28,US,463,BlockApportionment:US.BlockGroups;PointsLayer:US.BlockPoints,2.191,2.576,1,66,67,19.57,2.88,5.22,4.27,33.54,28.59,8.12,21.39,api_test_workflow_v8_remaining_location_deduped_final_after10_30_2026-05-23,34.09181473,-118.29488526,"1132 N HELIOTROPE DR, 90029",90.0,34.0918147341_-118.294885258_90.jpg,1.0,0.6457,tent,1.295,17.47,29.74,16.36,0,0,,,136,3,0,0,0,1,3,0,0,0,0,1,1464,1474,0,1,3,38,1831.03,117.12,0,0.0,1106.53,0,0.0,1584.13,37,0,0.0,1116.31,14.36,1,0.0,0,12.47,1,100.0,1,0.0,0,1.76,12.83,74.34,0.62,12.21,5,81.51,0,AD-23,30,23,4,0,34.09381613562507,-118.29689151056706,detection_avg,0.6430837995320328,burglary_crime_est,food_access_count,0.03465364836370994
681,2,26,US,227,BlockApportionment:US.BlockGroups;PointsLayer:US.BlockPoints,2.191,2.576,1,189,277,998,167,85.67,89,0.25,29,US,227,BlockApportionment:US.BlockGroups;PointsLayer:US.BlockPoints,2.191,2.576,1,97,105,20.43,0.32,2.76,16.57,22.16,28.08,10.68,16.01,api_test_workflow_v2_10pct_model6_2026-05-06_live,34.01447241,-118.24389337,"1620 E 25TH ST, 90011",90.0,34.0144724053_-118.243893365_90.jpg,1.0,0.8296,tent,1.295,17.47,29.74,16.36,0,0,,,0,0,0,0,0,2,0,0,0,0,0,1,364,318,0,0,2,19,2002.65,12.12,0,0.0,884.46,0,0.0,1534.51,0,0,0.0,1063.21,0.0,0,0.0,0,0.0,0,100.0,1,0.0,0,0.09,3.67,88.38,0.7,7.25,5,91.84,0,AI-30,35,30,2,0,34.01651142123472,-118.239957901569,detection_avg,0.6035329388313396,pct_no_schooling,osm_amenity_count,0.019070441933766936
682,3,26,US,227,BlockApportionment:US.BlockGroups;PointsLayer:US.BlockPoints,2.191,2.576,1,189,277,998,167,85.67,89,0.25,29,US,227,BlockApportionment:US.BlockGroups;PointsLayer:US.BlockPoints,2.191,2.576,1,97,105,20.43,0.32,2.76,16.57,22.16,28.08,10.68,16.01,api_test_workflow_v2_10pct_model6_2026-05-06_live,34.01447241,-118.24389337,"1620 E 25TH ST, 90011",180.0,34.0144724053_-118.243893365_180.jpg,1.0,0.9111,tent,1.295,17.47,29.74,16.36,0,0,,,0,0,0,0,0,2,0,0,0,0,0,1,364,318,0,0,2,19,2002.65,12.12,0,0.0,884.46,0,0.0,1534.51,0,0,0.0,1063.21,0.0,0,0.0,0,0.0,0,100.0,1,0.0,0,0.09,3.67,88.38,0.7,7.25,5,91.84,0,AI-30,35,30,2,0,34.01651142123472,-118.239957901569,detection_avg,0.6035329388313396,pct_no_schooling,osm_amenity_count,0.019070441933766936
683,122,26,US,227,BlockApportionment:US.BlockGroups;PointsLayer:US.BlockPoints,2.191,2.576,1,189,277,998,167,85.67,89,0.25,29,US,227,BlockApportionment:US.BlockGroups;PointsLayer:US.BlockPoints,2.191,2.576,1,97,105,20.43,0.32,2.76,16.57,22.16,28.08,10.68,16.01,api_test_workflow_v2_remaining_model6_2026-05-08,34.01521756,-118.24457812,"1567 E 25TH ST, 90011",180.0,34.0152175638_-118.244578123_180.jpg,1.0,0.8478,tent,1.295,17.47,29.74,16.36,0,0,,,0,0,0,0,0,2,0,0,0,0,0,1,364,318,0,0,2,19,2002.65,12.12,0,0.0,884.46,0,0.0,1534.51,0,0,0.0,1063.21,0.0,0,0.0,0,0.0,0,100.0,1,0.0,0,0.09,3.67,88.38,0.7,7.25,5,91.84,0,AI-30,35,30,2,0,34.01651142123472,-118.239957901569,detection_avg,0.6035329388313396,pct_no_schooling,osm_amenity_count,0.019070441933766936
684,789,26,US,227,BlockApportionment:US.BlockGroups;PointsLayer:US.BlockPoints,2.191,2.576,1,189,277,998,167,85.67,89,0.25,29,US,227,BlockApportionment:US.BlockGroups;PointsLayer:US.BlockPoints,2.191,2.576,1,97,105,20.43,0.32,2.76,16.57,22.16,28.08,10.68,16.01,api_test_workflow_v2_30pct_model6_2026-05-08,34.01876905,-118.24042517,"1944 S MCGARRY ST, 90058",180.0,34.0187690517_-118.240425174_180.jpg,1.0,0.6639,tent,1.295,17.47,29.74,16.36,0,0,,,0,0,0,0,0,2,0,0,0,0,0,1,364,318,0,0,2,19,2002.65,12.12,0,0.0,884.46,0,0.0,1534.51,0,0,0.0,1063.21,0.0,0,0.0,0,0.0,0,100.0,1,0.0,0,0.09,3.67,88.38,0.7,7.25,5,91.84,2,AI-30,35,30,2,1,34.01651142123472,-118.239957901569,detection_avg,0.6035329388313396,pct_no_schooling,osm_amenity_count,0.019070441933766936
685,800,26,US,227,BlockApportionment:US.BlockGroups;PointsLayer:US.BlockPoints,2.191,2.576,1,189,277,998,167,85.67,89,0.25,29,US,227,BlockApportionment:US.BlockGroups;PointsLayer:US.BlockPoints,2.191,2.576,1,97,105,20.43,0.32,2.76,16.57,22.16,28.08,10.68,16.01,api_test_workflow_v2_30pct_model6_2026-05-08,34.01703447,-118.24413166,"1661 E 22ND ST, 90011",270.0,34.0170344711_-118.244131663_270.jpg,1.0,0.7982,tent,1.295,17.47,29.74,16.36,0,0,,,0,0,0,0,0,2,0,0,0,0,0,1,364,318,0,0,2,19,2002.65,12.12,0,0.0,884.46,0,0.0,1534.51,0,0,0.0,1063.21,0.0,0,0.0,0,0.0,0,100.0,1,0.0,0,0.09,3.67,88.38,0.7,7.25,5,91.84,0,AI-30,35,30,2,0,34.01651142123472,-118.239957901569,detection_avg,0.6035329388313396,pct_no_schooling,osm_amenity_count,0.019070441933766936
686,1226,26,US,227,BlockApportionment:US.BlockGroups;PointsLayer:US.BlockPoints,2.191,2.576,1,189,277,998,167,85.67,89,0.25,29,US,227,BlockApportionment:US.BlockGroups;PointsLayer:US.BlockPoints,2.191,2.576,1,97,105,20.43,0.32,2.76,16.57,22.16,28.08,10.68,16.01,api_test_workflow_v8_remaining_location_deduped_30pct_after10_2026-05-22,34.0145011,-118.24484017,"1571 E ADAMS BLVD, 90011",0.0,34.0145011013_-118.244840171_0.jpg,1.0,0.894,tent,1.295,17.47,29.74,16.36,0,0,,,0,0,0,0,0,2,0,0,0,0,0,1,364,318,0,0,2,19,2002.65,12.12,0,0.0,884.46,0,0.0,1534.51,0,0,0.0,1063.21,0.0,0,0.0,0,0.0,0,100.0,1,0.0,0,0.09,3.67,88.38,0.7,7.25,5,91.84,1,AI-30,35,30,2,1,34.01651142123472,-118.239957901569,detection_avg,0.6035329388313396,pct_no_schooling,osm_amenity_count,0.019070441933766936
687,1371,26,US,227,BlockApportionment:US.BlockGroups;PointsLayer:US.BlockPoints,2.191,2.576,1,189,277,998,167,85.67,89,0.25,29,US,227,BlockApportionment:US.BlockGroups;PointsLayer:US.BlockPoints,2.191,2.576,1,97,105,20.43,0.32,2.76,16.57,22.16,28.08,10.68,16.01,api_test_workflow_v2_remaining_model6_2026-05-08,34.01517174,-118.24294155,"24TH ST AT LONG BEACH AVE EAST, 90058",180.0,34.0151717366_-118.242941547_180.jpg,1.0,0.9187,tent,1.295,17.47,29.74,16.36,0,0,,,0,0,0,0,0,2,0,0,0,0,0,1,364,318,0,0,2,19,2002.65,12.12,0,0.0,884.46,0,0.0,1534.51,0,0,0.0,1063.21,0.0,0,0.0,0,0.0,0,100.0,1,0.0,0,0.09,3.67,88.38,0.7,7.25,5,91.84,0,AI-30,35,30,2,0,34.01651142123472,-118.239957901569,detection_avg,0.6035329388313396,pct_no_schooling,osm_amenity_count,0.019070441933766936
688,1431,26,US,227,BlockApportionment:US.BlockGroups;PointsLayer:US.BlockPoints,2.191,2.576,1,189,277,998,167,85.67,89,0.25,29,US,227,BlockApportionment:US.BlockGroups;PointsLayer:US.BlockPoints,2.191,2.576,1,97,105,20.43,0.32,2.76,16.57,22.16,28.08,10.68,16.01,api_test_workflow_v2_remaining_model6_2026-05-08,34.01435036,-118.24471907,"ADAMS BLVD AT NEVIN AVE, 90011",0.0,34.0143503607_-118.244719069_0.jpg,2.0,0.8491,tent,1.295,17.47,29.74,16.36,0,0,,,0,0,0,0,0,2,0,0,0,0,0,1,364,318,0,0,2,19,2002.65,12.12,0,0.0,884.46,0,0.0,1534.51,0,0,0.0,1063.21,0.0,0,0.0,0,0.0,0,100.0,1,0.0,0,0.09,3.67,88.38,0.7,7.25,5,91.84,1,AI-30,35,30,2,1,34.01651142123472,-118.239957901569,detection_avg,0.6035329388313396,pct_no_schooling,osm_amenity_count,0.019070441933766936
689,1472,26,US,227,BlockApportionment:US.BlockGroups;PointsLayer:US.BlockPoints,2.191,2.576,1,189,277,998,167,85.67,89,0.25,29,US,227,BlockApportionment:US.BlockGroups;PointsLayer:US.BlockPoints,2.191,2.576,1,97,105,20.43,0.32,2.76,16.57,22.16,28.08,10.68,16.01,api_test_workflow_v8_remaining_location_deduped_30pct_after10_2026-05-22,34.01593616,-118.2458237,"1525 E 24TH ST, 90011",180.0,34.0159361608_-118.245823699_180.jpg,1.0,0.7718,tent,1.295,17.47,29.74,16.36,0,0,,,0,0,0,0,0,2,0,0,0,0,0,1,364,318,0,0,2,19,2002.65,12.12,0,0.0,884.46,0,0.0,1534.51,0,0,0.0,1063.21,0.0,0,0.0,0,0.0,0,100.0,1,0.0,0,0.09,3.67,88.38,0.7,7.25,5,91.84,0,AI-30,35,30,2,0,34.01651142123472,-118.239957901569,detection_avg,0.6035329388313396,pct_no_schooling,osm_amenity_count,0.019070441933766936
690,1486,26,US,227,BlockApportionment:US.BlockGroups;PointsLayer:US.BlockPoints,2.191,2.576,1,189,277,998,167,85.67,89,0.25,29,US,227,BlockApportionment:US.BlockGroups;PointsLayer:US.BlockPoints,2.191,2.576,1,97,105,20.43,0.32,2.76,16.57,22.16,28.08,10.68,16.01,api_test_workflow_v8_remaining_location_deduped_30pct_after10_2026-05-22,34.01506041,-118.24436095,"25TH ST AT NEVIN AVE, 90011",180.0,34.0150604127_-118.244360949_180.jpg,1.0,0.6884,tent,1.295,17.47,29.74,16.36,0,0,,,0,0,0,0,0,2,0,0,0,0,0,1,364,318,0,0,2,19,2002.65,12.12,0,0.0,884.46,0,0.0,1534.51,0,0,0.0,1063.21,0.0,0,0.0,0,0.0,0,100.0,1,0.0,0,0.09,3.67,88.38,0.7,7.25,5,91.84,2,AI-30,35,30,2,1,34.01651142123472,-118.239957901569,detection_avg,0.6035329388313396,pct_no_schooling,osm_amenity_count,0.019070441933766936
691,1622,26,US,227,BlockApportionment:US.BlockGroups;PointsLayer:US.BlockPoints,2.191,2.576,1,189,277,998,167,85.67,89,0.25,29,US,227,BlockApportionment:US.BlockGroups;PointsLayer:US.BlockPoints,2.191,2.576,1,97,105,20.43,0.32,2.76,16.57,22.16,28.08,10.68,16.01,api_test_workflow_v8_remaining_location_deduped_final_after10_30_2026-05-23,34.01341744,-118.24437472,"1622 E ADAMS BLVD, 90011",0.0,34.0134174399_-118.24437472_0.jpg,1.0,0.8577,tent,1.295,17.47,29.74,16.36,0,0,,,0,0,0,0,0,2,0,0,0,0,0,1,364,318,0,0,2,19,2002.65,12.12,0,0.0,884.46,0,0.0,1534.51,0,0,0.0,1063.21,0.0,0,0.0,0,0.0,0,100.0,1,0.0,0,0.09,3.67,88.38,0.7,7.25,5,91.84,1,AI-30,35,30,2,1,34.01651142123472,-118.239957901569,detection_avg,0.6035329388313396,pct_no_schooling,osm_amenity_count,0.019070441933766936
692,1669,26,US,227,BlockApportionment:US.BlockGroups;PointsLayer:US.BlockPoints,2.191,2.576,1,189,277,998,167,85.67,89,0.25,29,US,227,BlockApportionment:US.BlockGroups;PointsLayer:US.BlockPoints,2.191,2.576,1,97,105,20.43,0.32,2.76,16.57,22.16,28.08,10.68,16.01,api_test_workflow_v8_remaining_location_deduped_final_after10_30_2026-05-23,34.01776677,-118.24291073,"21ST ST AT LONG BEACH AVE EAST, 90058",270.0,34.0177667725_-118.242910733_270.jpg,1.0,0.7593,tent,1.295,17.47,29.74,16.36,0,0,,,0,0,0,0,0,2,0,0,0,0,0,1,364,318,0,0,2,19,2002.65,12.12,0,0.0,884.46,0,0.0,1534.51,0,0,0.0,1063.21,0.0,0,0.0,0,0.0,0,100.0,1,0.0,0,0.09,3.67,88.38,0.7,7.25,5,91.84,0,AI-30,35,30,2,0,34.01651142123472,-118.239957901569,detection_avg,0.6035329388313396,pct_no_schooling,osm_amenity_count,0.019070441933766936
693,1786,26,US,227,BlockApportionment:US.BlockGroups;PointsLayer:US.BlockPoints,2.191,2.576,1,189,277,998,167,85.67,89,0.25,29,US,227,BlockApportionment:US.BlockGroups;PointsLayer:US.BlockPoints,2.191,2.576,1,97,105,20.43,0.32,2.76,16.57,22.16,28.08,10.68,16.01,api_test_workflow_v8_remaining_location_deduped_30pct_after10_2026-05-22,34.01356011,-118.24407831,"1629 E ADAMS BLVD, 90011",270.0,34.0135601079_-118.244078314_270.jpg,1.0,0.8089,tent,1.295,17.47,29.74,16.36,0,0,,,0,0,0,0,0,2,0,0,0,0,0,1,364,318,0,0,2,19,2002.65,12.12,0,0.0,884.46,0,0.0,1534.51,0,0,0.0,1063.21,0.0,0,0.0,0,0.0,0,100.0,1,0.0,0,0.09,3.67,88.38,0.7,7.25,5,91.84,0,AI-30,35,30,2,0,34.01651142123472,-118.239957901569,detection_avg,0.6035329388313396,pct_no_schooling,osm_amenity_count,0.019070441933766936
694,1846,26,US,227,BlockApportionment:US.BlockGroups;PointsLayer:US.BlockPoints,2.191,2.576,1,189,277,998,167,85.67,89,0.25,29,US,227,BlockApportionment:US.BlockGroups;PointsLayer:US.BlockPoints,2.191,2.576,1,97,105,20.43,0.32,2.76,16.57,22.16,28.08,10.68,16.01,api_test_workflow_v8_remaining_location_deduped_final_after10_30_2026-05-23,34.0157432,-118.24574191,"1536 E 24TH ST, 90011",270.0,34.0157431959_-118.245741912_270.jpg,1.0,0.872,tent,1.295,17.47,29.74,16.36,0,0,,,0,0,0,0,0,2,0,0,0,0,0,1,364,318,0,0,2,19,2002.65,12.12,0,0.0,884.46,0,0.0,1534.51,0,0,0.0,1063.21,0.0,0,0.0,0,0.0,0,100.0,1,0.0,0,0.09,3.67,88.38,0.7,7.25,5,91.84,0,AI-30,35,30,2,0,34.01651142123472,-118.239957901569,detection_avg,0.6035329388313396,pct_no_schooling,osm_amenity_count,0.019070441933766936
695,1908,26,US,227,BlockApportionment:US.BlockGroups;PointsLayer:US.BlockPoints,2.191,2.576,1,189,277,998,167,85.67,89,0.25,29,US,227,BlockApportionment:US.BlockGroups;PointsLayer:US.BlockPoints,2.191,2.576,1,97,105,20.43,0.32,2.76,16.57,22.16,28.08,10.68,16.01,api_test_workflow_v8_remaining_location_deduped_final_after10_30_2026-05-23,34.01589286,-118.24565448,"1529 E 24TH ST, 90011",270.0,34.0158928567_-118.245654477_270.jpg,1.0,0.872,tent,1.295,17.47,29.74,16.36,0,0,,,0,0,0,0,0,2,0,0,0,0,0,1,364,318,0,0,2,19,2002.65,12.12,0,0.0,884.46,0,0.0,1534.51,0,0,0.0,1063.21,0.0,0,0.0,0,0.0,0,100.0,1,0.0,0,0.09,3.67,88.38,0.7,7.25,5,91.84,0,AI-30,35,30,2,0,34.01651142123472,-118.239957901569,detection_avg,0.6035329388313396,pct_no_schooling,osm_amenity_count,0.019070441933766936
696,-1,13,US,491,BlockApportionment:US.BlockGroups;PointsLayer:US.BlockPoints,2.191,2.576,1,98,103,3427,112,21.1,160,5.11,30,US,464,BlockApportionment:US.BlockGroups;PointsLayer:US.BlockPoints,2.191,2.576,1,141,141,11.46,5.31,0.0,0.0,26.1,6.71,2.15,23.72,,,,,,,,,,1.295,17.47,29.74,16.36,0,0,,,18,0,1,0,0,0,1,0,0,0,0,0,98,87,0,0,0,0,0.0,896.95,0,0.0,898.0,0,0.0,920.01,20,0,0.0,899.27,5.11,1,0.0,0,3.75,1,100.0,1,0.0,0,1.58,21.37,49.3,5.43,23.91,5,64.04,1,AB-17,28,17,1,1,34.15990131552238,-118.31966610481535,reconstructed,0.6150502876660338,water_proxy_pct,bare_ground_proxy_pct,-0.018473497818767337
697,153,14,US,384,BlockApportionment:US.BlockGroups;PointsLayer:US.BlockPoints,2.191,2.576,1,125,140,10926,174,49.84,85,1.08,31,US,465,BlockApportionment:US.BlockGroups;PointsLayer:US.BlockPoints,2.191,2.576,1,93,94,11.77,0.77,3.94,5.46,26.59,18.54,5.66,16.51,api_test_workflow_v2_remaining_model6_2026-05-08,34.08982713,-118.28725572,"4409 W WILLOW BROOK AVE, 90029",0.0,34.0898271319_-118.287255716_0.jpg,1.0,0.697,tent,1.295,17.47,29.74,16.36,0,0,,,94,0,0,1,0,2,1,0,0,0,0,0,1506,1572,0,0,4,57,2927.44,76.95,0,0.0,1312.22,0,0.0,2392.59,38,0,0.0,1384.63,7.0,1,0.0,0,2.25,1,100.0,1,0.0,0,4.03,18.48,68.56,0.61,12.35,5,76.78,0,AE-23,31,23,3,0,34.09373913393377,-118.28550529217642,detection_avg,0.5942554764898001,private_school_count,nearest_osm_major_road_m,0.023834588611678448
698,154,14,US,384,BlockApportionment:US.BlockGroups;PointsLayer:US.BlockPoints,2.191,2.576,1,125,140,10926,174,49.84,85,1.08,31,US,465,BlockApportionment:US.BlockGroups;PointsLayer:US.BlockPoints,2.191,2.576,1,93,94,11.77,0.77,3.94,5.46,26.59,18.54,5.66,16.51,api_test_workflow_v2_remaining_model6_2026-05-08,34.08982713,-118.28725572,"4409 W WILLOW BROOK AVE, 90029",270.0,34.0898271319_-118.287255716_270.jpg,2.0,0.8588,tent,1.295,17.47,29.74,16.36,0,0,,,94,0,0,1,0,2,1,0,0,0,0,0,1506,1572,0,0,4,57,2927.44,76.95,0,0.0,1312.22,0,0.0,2392.59,38,0,0.0,1384.63,7.0,1,0.0,0,2.25,1,100.0,1,0.0,0,4.03,18.48,68.56,0.61,12.35,5,76.78,0,AE-23,31,23,3,0,34.09373913393377,-118.28550529217642,detection_avg,0.5942554764898001,private_school_count,nearest_osm_major_road_m,0.023834588611678448
699,694,14,US,384,BlockApportionment:US.BlockGroups;PointsLayer:US.BlockPoints,2.191,2.576,1,125,140,10926,174,49.84,85,1.08,31,US,465,BlockApportionment:US.BlockGroups;PointsLayer:US.BlockPoints,2.191,2.576,1,93,94,11.77,0.77,3.94,5.46,26.59,18.54,5.66,16.51,api_test_workflow_v2_remaining_model6_2026-05-08,34.09564032,-118.28438428,"4342 W FOUNTAIN AVE, 90029",0.0,34.0956403158_-118.284384278_0.jpg,1.0,0.8092,tent,1.295,17.47,29.74,16.36,0,0,,,94,0,0,1,0,2,1,0,0,0,0,0,1506,1572,0,0,4,57,2927.44,76.95,0,0.0,1312.22,0,0.0,2392.59,38,0,0.0,1384.63,7.0,1,0.0,0,2.25,1,100.0,1,0.0,0,4.03,18.48,68.56,0.61,12.35,5,76.78,1,AE-23,31,23,3,1,34.09373913393377,-118.28550529217642,detection_avg,0.5942554764898001,private_school_count,nearest_osm_major_road_m,0.023834588611678448
700,695,14,US,384,BlockApportionment:US.BlockGroups;PointsLayer:US.BlockPoints,2.191,2.576,1,125,140,10926,174,49.84,85,1.08,31,US,465,BlockApportionment:US.BlockGroups;PointsLayer:US.BlockPoints,2.191,2.576,1,93,94,11.77,0.77,3.94,5.46,26.59,18.54,5.66,16.51,api_test_workflow_v2_remaining_model6_2026-05-08,34.09564032,-118.28438428,"4342 W FOUNTAIN AVE, 90029",90.0,34.0956403158_-118.284384278_90.jpg,1.0,0.8173,tent,1.295,17.47,29.74,16.36,0,0,,,94,0,0,1,0,2,1,0,0,0,0,0,1506,1572,0,0,4,57,2927.44,76.95,0,0.0,1312.22,0,0.0,2392.59,38,0,0.0,1384.63,7.0,1,0.0,0,2.25,1,100.0,1,0.0,0,4.03,18.48,68.56,0.61,12.35,5,76.78,0,AE-23,31,23,3,0,34.09373913393377,-118.28550529217642,detection_avg,0.5942554764898001,private_school_count,nearest_osm_major_road_m,0.023834588611678448
701,707,14,US,384,BlockApportionment:US.BlockGroups;PointsLayer:US.BlockPoints,2.191,2.576,1,125,140,10926,174,49.84,85,1.08,31,US,465,BlockApportionment:US.BlockGroups;PointsLayer:US.BlockPoints,2.191,2.576,1,93,94,11.77,0.77,3.94,5.46,26.59,18.54,5.66,16.51,api_test_workflow_v2_30pct_model6_2026-05-08,34.09370488,-118.28204347,"1157 N MYRA AVE, 90029",90.0,34.0937048815_-118.282043466_90.jpg,3.0,0.8673,tent,1.295,17.47,29.74,16.36,0,0,,,94,0,0,1,0,2,1,0,0,0,0,0,1506,1572,0,0,4,57,2927.44,76.95,0,0.0,1312.22,0,0.0,2392.59,38,0,0.0,1384.63,7.0,1,0.0,0,2.25,1,100.0,1,0.0,0,4.03,18.48,68.56,0.61,12.35,5,76.78,0,AE-23,31,23,3,0,34.09373913393377,-118.28550529217642,detection_avg,0.5942554764898001,private_school_count,nearest_osm_major_road_m,0.023834588611678448
702,708,14,US,384,BlockApportionment:US.BlockGroups;PointsLayer:US.BlockPoints,2.191,2.576,1,125,140,10926,174,49.84,85,1.08,31,US,465,BlockApportionment:US.BlockGroups;PointsLayer:US.BlockPoints,2.191,2.576,1,93,94,11.77,0.77,3.94,5.46,26.59,18.54,5.66,16.51,api_test_workflow_v2_30pct_model6_2026-05-08,34.09370488,-118.28204347,"1157 N MYRA AVE, 90029",180.0,34.0937048815_-118.282043466_180.jpg,1.0,0.8654,tent,1.295,17.47,29.74,16.36,0,0,,,94,0,0,1,0,2,1,0,0,0,0,0,1506,1572,0,0,4,57,2927.44,76.95,0,0.0,1312.22,0,0.0,2392.59,38,0,0.0,1384.63,7.0,1,0.0,0,2.25,1,100.0,1,0.0,0,4.03,18.48,68.56,0.61,12.35,5,76.78,0,AE-23,31,23,3,0,34.09373913393377,-118.28550529217642,detection_avg,0.5942554764898001,private_school_count,nearest_osm_major_road_m,0.023834588611678448
703,878,14,US,384,BlockApportionment:US.BlockGroups;PointsLayer:US.BlockPoints,2.191,2.576,1,125,140,10926,174,49.84,85,1.08,31,US,465,BlockApportionment:US.BlockGroups;PointsLayer:US.BlockPoints,2.191,2.576,1,93,94,11.77,0.77,3.94,5.46,26.59,18.54,5.66,16.51,api_test_workflow_v2_10pct_model6_2026-05-06_live,34.09361719,-118.28183769,"1156 N MYRA AVE, 90029",90.0,34.0936171917_-118.281837686_90.jpg,3.0,0.8673,tent,1.295,17.47,29.74,16.36,0,0,,,94,0,0,1,0,2,1,0,0,0,0,0,1506,1572,0,0,4,57,2927.44,76.95,0,0.0,1312.22,0,0.0,2392.59,38,0,0.0,1384.63,7.0,1,0.0,0,2.25,1,100.0,1,0.0,0,4.03,18.48,68.56,0.61,12.35,5,76.78,1,AE-23,31,23,3,1,34.09373913393377,-118.28550529217642,detection_avg,0.5942554764898001,private_school_count,nearest_osm_major_road_m,0.023834588611678448
704,879,14,US,384,BlockApportionment:US.BlockGroups;PointsLayer:US.BlockPoints,2.191,2.576,1,125,140,10926,174,49.84,85,1.08,31,US,465,BlockApportionment:US.BlockGroups;PointsLayer:US.BlockPoints,2.191,2.576,1,93,94,11.77,0.77,3.94,5.46,26.59,18.54,5.66,16.51,api_test_workflow_v2_10pct_model6_2026-05-06_live,34.09361719,-118.28183769,"1156 N MYRA AVE, 90029",180.0,34.0936171917_-118.281837686_180.jpg,1.0,0.8654,tent,1.295,17.47,29.74,16.36,0,0,,,94,0,0,1,0,2,1,0,0,0,0,0,1506,1572,0,0,4,57,2927.44,76.95,0,0.0,1312.22,0,0.0,2392.59,38,0,0.0,1384.63,7.0,1,0.0,0,2.25,1,100.0,1,0.0,0,4.03,18.48,68.56,0.61,12.35,5,76.78,0,AE-23,31,23,3,0,34.09373913393377,-118.28550529217642,detection_avg,0.5942554764898001,private_school_count,nearest_osm_major_road_m,0.023834588611678448
705,958,14,US,384,BlockApportionment:US.BlockGroups;PointsLayer:US.BlockPoints,2.191,2.576,1,125,140,10926,174,49.84,85,1.08,31,US,465,BlockApportionment:US.BlockGroups;PointsLayer:US.BlockPoints,2.191,2.576,1,93,94,11.77,0.77,3.94,5.46,26.59,18.54,5.66,16.51,api_test_workflow_v2_20pct_model6_2026-05-07_batch2,34.09024012,-118.2867592,"1014 N VIRGIL AVE, 90029",0.0,34.0902401189_-118.286759203_0.jpg,1.0,0.8887,tent,1.295,17.47,29.74,16.36,0,0,,,94,0,0,1,0,2,1,0,0,0,0,0,1506,1572,0,0,4,57,2927.44,76.95,0,0.0,1312.22,0,0.0,2392.59,38,0,0.0,1384.63,7.0,1,0.0,0,2.25,1,100.0,1,0.0,0,4.03,18.48,68.56,0.61,12.35,5,76.78,0,AE-23,31,23,3,0,34.09373913393377,-118.28550529217642,detection_avg,0.5942554764898001,private_school_count,nearest_osm_major_road_m,0.023834588611678448
706,1075,14,US,384,BlockApportionment:US.BlockGroups;PointsLayer:US.BlockPoints,2.191,2.576,1,125,140,10926,174,49.84,85,1.08,31,US,465,BlockApportionment:US.BlockGroups;PointsLayer:US.BlockPoints,2.191,2.576,1,93,94,11.77,0.77,3.94,5.46,26.59,18.54,5.66,16.51,api_test_workflow_v8_remaining_location_deduped_30pct_after10_2026-05-22,34.08981442,-118.28742202,"4419 W WILLOW BROOK AVE, 90029",180.0,34.0898144234_-118.28742202_180.jpg,1.0,0.9071,tent,1.295,17.47,29.74,16.36,0,0,,,94,0,0,1,0,2,1,0,0,0,0,0,1506,1572,0,0,4,57,2927.44,76.95,0,0.0,1312.22,0,0.0,2392.59,38,0,0.0,1384.63,7.0,1,0.0,0,2.25,1,100.0,1,0.0,0,4.03,18.48,68.56,0.61,12.35,5,76.78,3,AE-23,31,23,3,1,34.09373913393377,-118.28550529217642,detection_avg,0.5942554764898001,private_school_count,nearest_osm_major_road_m,0.023834588611678448
707,1089,14,US,384,BlockApportionment:US.BlockGroups;PointsLayer:US.BlockPoints,2.191,2.576,1,125,140,10926,174,49.84,85,1.08,31,US,465,BlockApportionment:US.BlockGroups;PointsLayer:US.BlockPoints,2.191,2.576,1,93,94,11.77,0.77,3.94,5.46,26.59,18.54,5.66,16.51,api_test_workflow_v8_remaining_location_deduped_30pct_after10_2026-05-22,34.09241575,-118.29178225,"VERMONT AVE AT VERMONT PL, 90029",180.0,34.0924157489_-118.291782248_180.jpg,1.0,0.7589,tent,1.295,17.47,29.74,16.36,0,0,,,94,0,0,1,0,2,1,0,0,0,0,0,1506,1572,0,0,4,57,2927.44,76.95,0,0.0,1312.22,0,0.0,2392.59,38,0,0.0,1384.63,7.0,1,0.0,0,2.25,1,100.0,1,0.0,0,4.03,18.48,68.56,0.61,12.35,5,76.78,0,AE-23,31,23,3,0,34.09373913393377,-118.28550529217642,detection_avg,0.5942554764898001,private_school_count,nearest_osm_major_road_m,0.023834588611678448
708,1092,14,US,384,BlockApportionment:US.BlockGroups;PointsLayer:US.BlockPoints,2.191,2.576,1,125,140,10926,174,49.84,85,1.08,31,US,465,BlockApportionment:US.BlockGroups;PointsLayer:US.BlockPoints,2.191,2.576,1,93,94,11.77,0.77,3.94,5.46,26.59,18.54,5.66,16.51,api_test_workflow_v8_remaining_location_deduped_30pct_after10_2026-05-22,34.09353789,-118.28188651,"1154 N MYRA AVE, 90029",0.0,34.0935378865_-118.281886512_0.jpg,1.0,0.825,tent,1.295,17.47,29.74,16.36,0,0,,,94,0,0,1,0,2,1,0,0,0,0,0,1506,1572,0,0,4,57,2927.44,76.95,0,0.0,1312.22,0,0.0,2392.59,38,0,0.0,1384.63,7.0,1,0.0,0,2.25,1,100.0,1,0.0,0,4.03,18.48,68.56,0.61,12.35,5,76.78,0,AE-23,31,23,3,0,34.09373913393377,-118.28550529217642,detection_avg,0.5942554764898001,private_school_count,nearest_osm_major_road_m,0.023834588611678448
709,1093,14,US,384,BlockApportionment:US.BlockGroups;PointsLayer:US.BlockPoints,2.191,2.576,1,125,140,10926,174,49.84,85,1.08,31,US,465,BlockApportionment:US.BlockGroups;PointsLayer:US.BlockPoints,2.191,2.576,1,93,94,11.77,0.77,3.94,5.46,26.59,18.54,5.66,16.51,api_test_workflow_v8_remaining_location_deduped_30pct_after10_2026-05-22,34.09353789,-118.28188651,"1154 N MYRA AVE, 90029",90.0,34.0935378865_-118.281886512_90.jpg,2.0,0.8798,tent,1.295,17.47,29.74,16.36,0,0,,,94,0,0,1,0,2,1,0,0,0,0,0,1506,1572,0,0,4,57,2927.44,76.95,0,0.0,1312.22,0,0.0,2392.59,38,0,0.0,1384.63,7.0,1,0.0,0,2.25,1,100.0,1,0.0,0,4.03,18.48,68.56,0.61,12.35,5,76.78,0,AE-23,31,23,3,0,34.09373913393377,-118.28550529217642,detection_avg,0.5942554764898001,private_school_count,nearest_osm_major_road_m,0.023834588611678448
710,1160,14,US,384,BlockApportionment:US.BlockGroups;PointsLayer:US.BlockPoints,2.191,2.576,1,125,140,10926,174,49.84,85,1.08,31,US,465,BlockApportionment:US.BlockGroups;PointsLayer:US.BlockPoints,2.191,2.576,1,93,94,11.77,0.77,3.94,5.46,26.59,18.54,5.66,16.51,api_test_workflow_v8_remaining_location_deduped_final_after10_30_2026-05-23,34.09086211,-118.28933099,"SANTA MONICA BLVD AT MADISON AVE, 90029",180.0,34.0908621084_-118.289330988_180.jpg,1.0,0.8425,tent,1.295,17.47,29.74,16.36,0,0,,,94,0,0,1,0,2,1,0,0,0,0,0,1506,1572,0,0,4,57,2927.44,76.95,0,0.0,1312.22,0,0.0,2392.59,38,0,0.0,1384.63,7.0,1,0.0,0,2.25,1,100.0,1,0.0,0,4.03,18.48,68.56,0.61,12.35,5,76.78,0,AE-23,31,23,3,0,34.09373913393377,-118.28550529217642,detection_avg,0.5942554764898001,private_school_count,nearest_osm_major_road_m,0.023834588611678448
711,1399,14,US,384,BlockApportionment:US.BlockGroups;PointsLayer:US.BlockPoints,2.191,2.576,1,125,140,10926,174,49.84,85,1.08,31,US,465,BlockApportionment:US.BlockGroups;PointsLayer:US.BlockPoints,2.191,2.576,1,93,94,11.77,0.77,3.94,5.46,26.59,18.54,5.66,16.51,api_test_workflow_v2_remaining_model6_2026-05-08,34.09346421,-118.28182505,"4124 W SUNSET BLVD, 90029",0.0,34.0934642115_-118.281825055_0.jpg,1.0,0.734,tent,1.295,17.47,29.74,16.36,0,0,,,94,0,0,1,0,2,1,0,0,0,0,0,1506,1572,0,0,4,57,2927.44,76.95,0,0.0,1312.22,0,0.0,2392.59,38,0,0.0,1384.63,7.0,1,0.0,0,2.25,1,100.0,1,0.0,0,4.03,18.48,68.56,0.61,12.35,5,76.78,0,AE-23,31,23,3,0,34.09373913393377,-118.28550529217642,detection_avg,0.5942554764898001,private_school_count,nearest_osm_major_road_m,0.023834588611678448
712,1400,14,US,384,BlockApportionment:US.BlockGroups;PointsLayer:US.BlockPoints,2.191,2.576,1,125,140,10926,174,49.84,85,1.08,31,US,465,BlockApportionment:US.BlockGroups;PointsLayer:US.BlockPoints,2.191,2.576,1,93,94,11.77,0.77,3.94,5.46,26.59,18.54,5.66,16.51,api_test_workflow_v2_remaining_model6_2026-05-08,34.09346421,-118.28182505,"4124 W SUNSET BLVD, 90029",90.0,34.0934642115_-118.281825055_90.jpg,2.0,0.8187,tent,1.295,17.47,29.74,16.36,0,0,,,94,0,0,1,0,2,1,0,0,0,0,0,1506,1572,0,0,4,57,2927.44,76.95,0,0.0,1312.22,0,0.0,2392.59,38,0,0.0,1384.63,7.0,1,0.0,0,2.25,1,100.0,1,0.0,0,4.03,18.48,68.56,0.61,12.35,5,76.78,1,AE-23,31,23,3,1,34.09373913393377,-118.28550529217642,detection_avg,0.5942554764898001,private_school_count,nearest_osm_major_road_m,0.023834588611678448
713,1428,14,US,384,BlockApportionment:US.BlockGroups;PointsLayer:US.BlockPoints,2.191,2.576,1,125,140,10926,174,49.84,85,1.08,31,US,465,BlockApportionment:US.BlockGroups;PointsLayer:US.BlockPoints,2.191,2.576,1,93,94,11.77,0.77,3.94,5.46,26.59,18.54,5.66,16.51,api_test_workflow_v8_remaining_location_deduped_30pct_after10_2026-05-22,34.08959372,-118.28726243,"4410 W WILLOW BROOK AVE, 90029",270.0,34.0895937195_-118.287262427_270.jpg,2.0,0.854,tent,1.295,17.47,29.74,16.36,0,0,,,94,0,0,1,0,2,1,0,0,0,0,0,1506,1572,0,0,4,57,2927.44,76.95,0,0.0,1312.22,0,0.0,2392.59,38,0,0.0,1384.63,7.0,1,0.0,0,2.25,1,100.0,1,0.0,0,4.03,18.48,68.56,0.61,12.35,5,76.78,0,AE-23,31,23,3,0,34.09373913393377,-118.28550529217642,detection_avg,0.5942554764898001,private_school_count,nearest_osm_major_road_m,0.023834588611678448
714,1674,14,US,384,BlockApportionment:US.BlockGroups;PointsLayer:US.BlockPoints,2.191,2.576,1,125,140,10926,174,49.84,85,1.08,31,US,465,BlockApportionment:US.BlockGroups;PointsLayer:US.BlockPoints,2.191,2.576,1,93,94,11.77,0.77,3.94,5.46,26.59,18.54,5.66,16.51,api_test_workflow_v8_remaining_location_deduped_30pct_after10_2026-05-22,34.08981324,-118.28714836,"4407 W WILLOW BROOK AVE, 90029",270.0,34.0898132407_-118.287148356_270.jpg,2.0,0.854,tent,1.295,17.47,29.74,16.36,0,0,,,94,0,0,1,0,2,1,0,0,0,0,0,1506,1572,0,0,4,57,2927.44,76.95,0,0.0,1312.22,0,0.0,2392.59,38,0,0.0,1384.63,7.0,1,0.0,0,2.25,1,100.0,1,0.0,0,4.03,18.48,68.56,0.61,12.35,5,76.78,0,AE-23,31,23,3,0,34.09373913393377,-118.28550529217642,detection_avg,0.5942554764898001,private_school_count,nearest_osm_major_road_m,0.023834588611678448
715,1891,14,US,384,BlockApportionment:US.BlockGroups;PointsLayer:US.BlockPoints,2.191,2.576,1,125,140,10926,174,49.84,85,1.08,31,US,465,BlockApportionment:US.BlockGroups;PointsLayer:US.BlockPoints,2.191,2.576,1,93,94,11.77,0.77,3.94,5.46,26.59,18.54,5.66,16.51,api_test_workflow_v8_remaining_location_deduped_final_after10_30_2026-05-23,34.09485428,-118.28106265,"1198 N MYRA AVE, 90029",90.0,34.0948542822_-118.281062653_90.jpg,1.0,0.8556,tent,1.295,17.47,29.74,16.36,0,0,,,94,0,0,1,0,2,1,0,0,0,0,0,1506,1572,0,0,4,57,2927.44,76.95,0,0.0,1312.22,0,0.0,2392.59,38,0,0.0,1384.63,7.0,1,0.0,0,2.25,1,100.0,1,0.0,0,4.03,18.48,68.56,0.61,12.35,5,76.78,2,AE-23,31,23,3,1,34.09373913393377,-118.28550529217642,detection_avg,0.5942554764898001,private_school_count,nearest_osm_major_road_m,0.023834588611678448
716,548,27,US,228,BlockApportionment:US.BlockGroups;PointsLayer:US.BlockPoints,2.191,2.576,1,187,452,44,100,25.0,253,4.17,32,US,228,BlockApportionment:US.BlockGroups;PointsLayer:US.BlockPoints,2.191,2.576,1,323,504,0.0,3.45,0.0,0.0,0.0,6.45,0.0,0.0,api_test_workflow_v2_20pct_model6_2026-05-07_batch2,34.01609192,-118.23055351,"2401 S SANTA FE AVE, 90058",0.0,34.0160919208_-118.230553511_0.jpg,1.0,0.779,tent,1.295,17.47,29.74,16.36,0,0,,,12,0,1,0,0,0,0,0,0,0,0,0,327,304,0,0,0,19,1954.13,126.32,0,0.0,784.48,1,1045.89,381.27,1,0,0.0,935.35,0.0,0,0.0,0,0.0,0,100.0,1,0.0,0,0.09,3.16,84.02,0.53,12.29,5,88.79,3,AJ-30,36,30,0,1,34.016434419543415,-118.22857168317834,detection_avg,0.5984939952221455,pct_public_assistance,la_geohub_100yr_flood_area_pct,0.02257254168916257
717,549,27,US,228,BlockApportionment:US.BlockGroups;PointsLayer:US.BlockPoints,2.191,2.576,1,187,452,44,100,25.0,253,4.17,32,US,228,BlockApportionment:US.BlockGroups;PointsLayer:US.BlockPoints,2.191,2.576,1,323,504,0.0,3.45,0.0,0.0,0.0,6.45,0.0,0.0,api_test_workflow_v2_20pct_model6_2026-05-07_batch2,34.01609192,-118.23055351,"2401 S SANTA FE AVE, 90058",90.0,34.0160919208_-118.230553511_90.jpg,1.0,0.9043,tent,1.295,17.47,29.74,16.36,0,0,,,12,0,1,0,0,0,0,0,0,0,0,0,327,304,0,0,0,19,1954.13,126.32,0,0.0,784.48,1,1045.89,381.27,1,0,0.0,935.35,0.0,0,0.0,0,0.0,0,100.0,1,0.0,0,0.09,3.16,84.02,0.53,12.29,5,88.79,1,AJ-30,36,30,0,1,34.016434419543415,-118.22857168317834,detection_avg,0.5984939952221455,pct_public_assistance,la_geohub_100yr_flood_area_pct,0.02257254168916257
718,1044,27,US,228,BlockApportionment:US.BlockGroups;PointsLayer:US.BlockPoints,2.191,2.576,1,187,452,44,100,25.0,253,4.17,32,US,228,BlockApportionment:US.BlockGroups;PointsLayer:US.BlockPoints,2.191,2.576,1,323,504,0.0,3.45,0.0,0.0,0.0,6.45,0.0,0.0,api_test_workflow_v8_remaining_location_deduped_10pct_2026-05-22,34.01622744,-118.23039589,"24TH ST AT SANTA FE AVE, 90058",0.0,34.0162274393_-118.23039589_0.jpg,2.0,0.8184,tent,1.295,17.47,29.74,16.36,0,0,,,12,0,1,0,0,0,0,0,0,0,0,0,327,304,0,0,0,19,1954.13,126.32,0,0.0,784.48,1,1045.89,381.27,1,0,0.0,935.35,0.0,0,0.0,0,0.0,0,100.0,1,0.0,0,0.09,3.16,84.02,0.53,12.29,5,88.79,0,AJ-30,36,30,0,0,34.016434419543415,-118.22857168317834,detection_avg,0.5984939952221455,pct_public_assistance,la_geohub_100yr_flood_area_pct,0.02257254168916257
719,1045,27,US,228,BlockApportionment:US.BlockGroups;PointsLayer:US.BlockPoints,2.191,2.576,1,187,452,44,100,25.0,253,4.17,32,US,228,BlockApportionment:US.BlockGroups;PointsLayer:US.BlockPoints,2.191,2.576,1,323,504,0.0,3.45,0.0,0.0,0.0,6.45,0.0,0.0,api_test_workflow_v8_remaining_location_deduped_10pct_2026-05-22,34.01622744,-118.23039589,"24TH ST AT SANTA FE AVE, 90058",90.0,34.0162274393_-118.23039589_90.jpg,1.0,0.9268,tent,1.295,17.47,29.74,16.36,0,0,,,12,0,1,0,0,0,0,0,0,0,0,0,327,304,0,0,0,19,1954.13,126.32,0,0.0,784.48,1,1045.89,381.27,1,0,0.0,935.35,0.0,0,0.0,0,0.0,0,100.0,1,0.0,0,0.09,3.16,84.02,0.53,12.29,5,88.79,0,AJ-30,36,30,0,0,34.016434419543415,-118.22857168317834,detection_avg,0.5984939952221455,pct_public_assistance,la_geohub_100yr_flood_area_pct,0.02257254168916257
720,1753,27,US,228,BlockApportionment:US.BlockGroups;PointsLayer:US.BlockPoints,2.191,2.576,1,187,452,44,100,25.0,253,4.17,32,US,228,BlockApportionment:US.BlockGroups;PointsLayer:US.BlockPoints,2.191,2.576,1,323,504,0.0,3.45,0.0,0.0,0.0,6.45,0.0,0.0,api_test_workflow_v8_remaining_location_deduped_30pct_after10_2026-05-22,34.01793507,-118.2306011,"2209 S SANTA FE AVE, 90058",270.0,34.0179350656_-118.230601098_270.jpg,1.0,0.8126,tent,1.295,17.47,29.74,16.36,0,0,,,12,0,1,0,0,0,0,0,0,0,0,0,327,304,0,0,0,19,1954.13,126.32,0,0.0,784.48,1,1045.89,381.27,1,0,0.0,935.35,0.0,0,0.0,0,0.0,0,100.0,1,0.0,0,0.09,3.16,84.02,0.53,12.29,5,88.79,0,AJ-30,36,30,0,0,34.016434419543415,-118.22857168317834,detection_avg,0.5984939952221455,pct_public_assistance,la_geohub_100yr_flood_area_pct,0.02257254168916257
721,1856,27,US,228,BlockApportionment:US.BlockGroups;PointsLayer:US.BlockPoints,2.191,2.576,1,187,452,44,100,25.0,253,4.17,32,US,228,BlockApportionment:US.BlockGroups;PointsLayer:US.BlockPoints,2.191,2.576,1,323,504,0.0,3.45,0.0,0.0,0.0,6.45,0.0,0.0,api_test_workflow_v8_remaining_location_deduped_final_after10_30_2026-05-23,34.01619177,-118.23055772,"2349 S SANTA FE AVE, 90058",0.0,34.0161917658_-118.230557724_0.jpg,2.0,0.8184,tent,1.295,17.47,29.74,16.36,0,0,,,12,0,1,0,0,0,0,0,0,0,0,0,327,304,0,0,0,19,1954.13,126.32,0,0.0,784.48,1,1045.89,381.27,1,0,0.0,935.35,0.0,0,0.0,0,0.0,0,100.0,1,0.0,0,0.09,3.16,84.02,0.53,12.29,5,88.79,0,AJ-30,36,30,0,0,34.016434419543415,-118.22857168317834,detection_avg,0.5984939952221455,pct_public_assistance,la_geohub_100yr_flood_area_pct,0.02257254168916257
722,1857,27,US,228,BlockApportionment:US.BlockGroups;PointsLayer:US.BlockPoints,2.191,2.576,1,187,452,44,100,25.0,253,4.17,32,US,228,BlockApportionment:US.BlockGroups;PointsLayer:US.BlockPoints,2.191,2.576,1,323,504,0.0,3.45,0.0,0.0,0.0,6.45,0.0,0.0,api_test_workflow_v8_remaining_location_deduped_final_after10_30_2026-05-23,34.01619177,-118.23055772,"2349 S SANTA FE AVE, 90058",90.0,34.0161917658_-118.230557724_90.jpg,1.0,0.9268,tent,1.295,17.47,29.74,16.36,0,0,,,12,0,1,0,0,0,0,0,0,0,0,0,327,304,0,0,0,19,1954.13,126.32,0,0.0,784.48,1,1045.89,381.27,1,0,0.0,935.35,0.0,0,0.0,0,0.0,0,100.0,1,0.0,0,0.09,3.16,84.02,0.53,12.29,5,88.79,0,AJ-30,36,30,0,0,34.016434419543415,-118.22857168317834,detection_avg,0.5984939952221455,pct_public_assistance,la_geohub_100yr_flood_area_pct,0.02257254168916257
723,-1,15,US,492,BlockApportionment:US.BlockGroups;PointsLayer:US.BlockPoints,2.191,2.576,1,72,113,1698,240,29.92,100,8.33,33,US,466,BlockApportionment:US.BlockGroups;PointsLayer:US.BlockPoints,2.191,2.576,1,94,94,12.24,5.72,1.85,1.93,41.95,7.69,0.0,10.18,,,,,,,,,,1.295,17.47,29.74,16.36,0,0,,,0,0,0,0,0,0,1,0,0,0,0,0,42,48,0,0,0,21,5514.15,213.55,21,5514.15,213.55,4,2806.88,155.45,7,2,2300.27,212.83,2.32,1,0.0,0,0.0,0,100.0,1,0.0,0,7.82,33.42,34.28,3.95,28.35,5,51.65,0,AC-17,29,17,1,0,34.15982431383108,-118.3082798864247,reconstructed,0.5856322547360922,pct_public_assistance,la_geohub_100yr_flood_area_pct,0.02257254168916257
724,-1,16,US,385,BlockApportionment:US.BlockGroups;PointsLayer:US.BlockPoints,2.191,2.576,1,127,150,4546,150,17.0,200,5.04,34,US,467,BlockApportionment:US.BlockGroups;PointsLayer:US.BlockPoints,2.191,2.576,1,182,176,5.36,4.66,2.98,1.29,19.69,6.25,2.05,13.43,,,,,,,,,,1.295,17.47,29.74,16.36,0,0,,,0,0,0,0,0,0,2,0,0,0,0,0,892,946,0,0,3,0,0.0,798.85,0,0.0,1504.04,0,0.0,1865.32,4,0,0.0,1523.55,5.49,1,0.05,1,1.97,1,100.0,1,0.0,0,8.79,46.92,28.91,3.08,21.09,5,47.6,0,AF-23,32,23,2,0,34.093662132242464,-118.27411907378576,reconstructed,0.5804720280240563,private_school_count,nearest_osm_major_road_m,-0.06888065273819557
725,-1,28,US,229,BlockApportionment:US.BlockGroups;PointsLayer:US.BlockPoints,2.191,2.576,1,0,0,0,0,0.0,0,0.0,35,US,229,BlockApportionment:US.BlockGroups;PointsLayer:US.BlockPoints,2.191,2.576,1,0,0,0.0,0.0,0.0,0.0,0.0,0.0,0.0,0.0,,,,,,,,,,1.295,17.47,29.74,16.36,0,0,,,15,0,0,0,0,0,0,0,0,0,0,0,133,117,0,0,0,14,1581.88,308.46,0,0.0,1489.98,1,987.03,493.25,3,0,0.0,1531.76,0.0,0,0.0,0,0.0,0,100.0,1,0.0,0,0.17,5.08,83.73,0.69,10.5,5,88.56,1,AK-30,37,30,0,1,34.01635741785211,-118.21718546478768,reconstructed,0.5687362291776454,pct_veterans,public_school_count,-0.02799988729635321
726,-1,17,US,493,BlockApportionment:US.BlockGroups;PointsLayer:US.BlockPoints,2.191,2.576,1,89,93,3291,169,40.38,103,2.6,36,US,468,BlockApportionment:US.BlockGroups;PointsLayer:US.BlockPoints,2.191,2.576,1,95,99,16.44,1.52,5.1,4.31,41.01,10.94,2.83,19.87,,,,,,,,,,1.295,17.47,29.74,16.36,0,0,,,0,0,0,0,0,1,0,0,0,0,0,0,120,113,0,0,0,57,8289.66,15.71,57,8289.66,15.71,0,0.0,739.44,5,2,2636.04,108.71,0.0,0,0.0,0,0.0,0,100.0,1,0.0,0,0.53,14.55,63.1,3.33,19.02,5,74.01,0,AD-17,30,17,1,0,34.15974731213978,-118.29689366803406,reconstructed,0.5625865659011196,pct_no_schooling,osm_amenity_count,0.00972214921415183
727,-1,18,US,386,BlockApportionment:US.BlockGroups;PointsLayer:US.BlockPoints,2.191,2.576,1,146,140,3594,114,28.07,161,2.3,37,US,469,BlockApportionment:US.BlockGroups;PointsLayer:US.BlockPoints,2.191,2.576,1,147,146,11.88,1.83,0.97,1.28,20.1,9.29,6.31,13.81,,,,,,,,,,1.295,17.47,29.74,16.36,0,0,,,18,0,0,0,0,1,1,2,0,0,0,0,638,653,0,0,1,24,2131.96,297.03,9,1240.97,297.03,0,0.0,1955.55,4,2,1958.4,321.19,9.66,1,9.68,1,0.0,0,100.0,1,0.0,0,10.26,37.02,33.95,12.98,16.05,5,50.69,0,AG-23,33,23,2,0,34.093585130551155,-118.26273285539511,reconstructed,0.636074562811564,water_proxy_pct,bare_ground_proxy_pct,0.03295503325236105
728,-1,19,US,494,BlockApportionment:US.BlockGroups;PointsLayer:US.BlockPoints,2.191,2.576,1,100,107,423,190,30.26,87,5.95,38,US,470,BlockApportionment:US.BlockGroups;PointsLayer:US.BlockPoints,2.191,2.576,1,93,97,20.25,4.96,4.51,7.79,48.76,13.28,5.45,27.23,,,,,,,,,,1.295,17.47,29.74,16.36,0,0,,,12,0,0,0,0,0,0,0,0,0,0,0,25,19,0,0,0,63,9413.49,240.37,44,8338.61,240.37,3,1201.41,170.15,3,6,4280.02,342.07,0.0,0,0.0,0,0.0,0,100.0,1,0.0,0,3.95,22.85,59.54,2.84,14.78,5,70.49,0,AE-17,31,17,0,0,34.15967031044848,-118.2855074496434,reconstructed,0.5421514097875516,transit_stops_count,food_access_count,-0.014843220276517528
729,1139,20,US,387,BlockApportionment:US.BlockGroups;PointsLayer:US.BlockPoints,2.191,2.576,1,125,128,3619,167,35.76,141,3.37,39,US,471,BlockApportionment:US.BlockGroups;PointsLayer:US.BlockPoints,2.191,2.576,1,136,136,9.18,2.92,2.43,3.17,22.06,8.11,8.21,20.53,api_test_workflow_v8_remaining_location_deduped_final_after10_30_2026-05-23,34.09506935,-118.25284649,"LAKE SHORE AVE AT ALVARADO ST, 90039",0.0,34.0950693545_-118.252846486_0.jpg,1.0,0.7842,tent,1.295,17.47,29.74,16.36,0,0,,,27,0,0,0,0,1,0,1,0,0,0,0,543,566,0,0,3,69,9524.02,160.25,69,9524.02,160.25,0,0.0,832.88,0,4,4186.18,176.29,0.0,0,0.0,0,0.0,0,100.0,1,0.0,0,10.45,48.2,27.13,2.19,22.48,5,45.86,0,AH-23,34,23,1,0,34.09350812885985,-118.25134663700446,detection_avg,0.5896615807781779,adult_recreation_count,freeway_segments_count,-0.013712707950470403
730,-1,21,US,495,BlockApportionment:US.BlockGroups;PointsLayer:US.BlockPoints,2.191,2.576,1,76,96,10578,136,16.18,100,2.07,40,US,472,BlockApportionment:US.BlockGroups;PointsLayer:US.BlockPoints,2.191,2.576,1,96,97,20.43,1.22,4.05,1.61,41.55,18.3,5.5,23.96,,,,,,,,,,1.295,17.47,29.74,16.36,0,0,,,0,0,0,0,0,1,1,0,0,0,0,0,215,222,0,0,0,46,6878.71,115.34,45,6872.18,115.34,6,1358.18,159.19,21,2,2391.07,139.55,0.0,0,0.0,0,0.0,0,100.0,1,0.0,0,2.02,16.32,63.95,1.58,18.16,5,74.16,0,AG-17,33,17,2,0,34.15951630706587,-118.2627350128621,reconstructed,0.5750783537978981,nearest_osm_major_road_m,osm_amenity_count,0.013580908172769432
731,-1,22,US,388,BlockApportionment:US.BlockGroups;PointsLayer:US.BlockPoints,2.191,2.576,1,130,134,2513,62,52.01,106,2.99,41,US,473,BlockApportionment:US.BlockGroups;PointsLayer:US.BlockPoints,2.191,2.576,1,103,101,18.91,1.92,3.37,7.51,18.44,4.59,5.98,36.63,,,,,,,,,,1.295,17.47,29.74,16.36,0,0,,,0,0,0,0,0,1,0,0,0,0,0,0,211,229,0,0,2,27,4208.49,27.18,27,4208.49,27.18,1,852.79,351.58,0,2,2564.05,35.72,6.77,1,6.77,1,0.0,0,100.0,1,0.0,0,13.59,41.01,34.65,5.33,19.0,5,50.18,0,AI-23,35,23,1,0,34.09343112716855,-118.23996041861382,reconstructed,0.5721440687936746,water_proxy_pct,bare_ground_proxy_pct,-0.01819741560297008
732,-1,23,US,496,BlockApportionment:US.BlockGroups;PointsLayer:US.BlockPoints,2.191,2.576,1,64,57,4829,152,19.76,120,1.67,42,US,474,BlockApportionment:US.BlockGroups;PointsLayer:US.BlockPoints,2.191,2.576,1,123,123,24.57,2.87,0.37,2.98,37.49,15.19,2.93,21.61,,,,,,,,,,1.295,17.47,29.74,16.36,0,0,,,21,0,0,0,0,1,0,0,0,0,0,0,62,58,0,0,0,33,5103.12,283.15,33,5103.12,283.15,4,1227.48,296.74,4,2,2085.51,292.43,0.0,0,0.0,0,0.0,0,100.0,1,0.0,0,4.38,29.27,42.86,2.98,24.89,5,58.69,0,AI-17,35,17,1,0,34.15936230368327,-118.2399625760808,reconstructed,0.5716927820940797,burglary_crime_est,food_access_count,-0.013760010320578725
733,-1,24,US,389,BlockApportionment:US.BlockGroups;PointsLayer:US.BlockPoints,2.191,2.576,1,125,129,4851,114,75.32,104,1.33,43,US,475,BlockApportionment:US.BlockGroups;PointsLayer:US.BlockPoints,2.191,2.576,1,107,112,20.61,0.98,3.95,5.32,29.78,14.78,3.57,23.57,,,,,,,,,,1.295,17.47,29.74,16.36,0,0,,,31,0,1,1,0,1,0,0,0,0,0,0,481,514,0,0,1,8,988.02,374.2,0,0.0,1218.98,1,351.78,576.44,4,0,0.0,1221.06,1.83,1,1.83,1,0.0,0,100.0,1,0.0,0,5.79,32.63,44.47,3.16,19.74,5,59.39,1,AJ-23,36,23,1,1,34.09335412547725,-118.22857420022316,reconstructed,0.599206294112276,pct_public_assistance,la_geohub_100yr_flood_area_pct,0.058564908676715724
734,-1,25,US,497,BlockApportionment:US.BlockGroups;PointsLayer:US.BlockPoints,2.191,2.576,1,83,82,2250,81,18.53,161,4.15,44,US,476,BlockApportionment:US.BlockGroups;PointsLayer:US.BlockPoints,2.191,2.576,1,165,168,9.04,3.32,1.13,1.64,36.55,6.98,6.02,24.36,,,,,,,,,,1.295,17.47,29.74,16.36,0,0,,,12,0,0,0,0,0,4,1,0,0,0,0,283,273,0,1,3,0,0.0,720.53,0,0.0,720.53,9,1009.48,474.52,11,0,0.0,753.52,0.0,0,0.0,0,0.0,0,100.0,1,0.0,0,3.33,23.75,46.71,6.75,22.79,5,61.7,3,B-16,2,16,4,1,34.17289188891538,-118.61570814255012,reconstructed,0.591347850423599,burglary_crime_est,food_access_count,0.06806968624877993
735,14,26,US,390,BlockApportionment:US.BlockGroups;PointsLayer:US.BlockPoints,2.191,2.576,1,115,110,5252,136,70.3,104,2.07,45,US,477,BlockApportionment:US.BlockGroups;PointsLayer:US.BlockPoints,2.191,2.576,1,121,127,19.61,2.07,7.34,6.18,29.61,16.16,4.8,27.37,api_test_workflow_v2_10pct_model6_2026-05-06_live,34.08957569,-118.21196494,"3703 N ARROYO SECO AVE, 90065",90.0,34.0895756898_-118.21196494_90.jpg,1.0,0.7637,tent,1.295,17.47,29.74,16.36,0,0,,,34,0,0,0,0,1,0,0,0,0,0,0,493,472,0,0,6,5,715.58,597.24,5,715.58,597.24,1,242.18,624.85,5,2,666.71,596.28,0.0,0,0.0,0,0.0,0,100.0,1,0.0,0,5.83,38.7,38.35,2.78,20.17,5,55.1,0,AK-23,37,23,1,0,34.093277123785946,-118.21718798183252,detection_avg,0.5646787181101983,pct_hs_grad,nearest_osm_major_road_m,-0.010859874203280656
736,19,26,US,390,BlockApportionment:US.BlockGroups;PointsLayer:US.BlockPoints,2.191,2.576,1,115,110,5252,136,70.3,104,2.07,45,US,477,BlockApportionment:US.BlockGroups;PointsLayer:US.BlockPoints,2.191,2.576,1,121,127,19.61,2.07,7.34,6.18,29.61,16.16,4.8,27.37,api_test_workflow_v2_10pct_model6_2026-05-06_live,34.08711834,-118.2123183,"3548 N PASADENA AVE, 90031",0.0,34.0871183389_-118.212318299_0.jpg,1.0,0.6815,tent,1.295,17.47,29.74,16.36,0,0,,,34,0,0,0,0,1,0,0,0,0,0,0,493,472,0,0,6,5,715.58,597.24,5,715.58,597.24,1,242.18,624.85,5,2,666.71,596.28,0.0,0,0.0,0,0.0,0,100.0,1,0.0,0,5.83,38.7,38.35,2.78,20.17,5,55.1,0,AK-23,37,23,1,0,34.093277123785946,-118.21718798183252,detection_avg,0.5646787181101983,pct_hs_grad,nearest_osm_major_road_m,-0.010859874203280656
737,621,26,US,390,BlockApportionment:US.BlockGroups;PointsLayer:US.BlockPoints,2.191,2.576,1,115,110,5252,136,70.3,104,2.07,45,US,477,BlockApportionment:US.BlockGroups;PointsLayer:US.BlockPoints,2.191,2.576,1,121,127,19.61,2.07,7.34,6.18,29.61,16.16,4.8,27.37,api_test_workflow_v2_remaining_model6_2026-05-08,34.09007223,-118.21167238,"3727 N MARMION WAY, 90065",180.0,34.0900722337_-118.211672383_180.jpg,1.0,0.7238,tent,1.295,17.47,29.74,16.36,0,0,,,34,0,0,0,0,1,0,0,0,0,0,0,493,472,0,0,6,5,715.58,597.24,5,715.58,597.24,1,242.18,624.85,5,2,666.71,596.28,0.0,0,0.0,0,0.0,0,100.0,1,0.0,0,5.83,38.7,38.35,2.78,20.17,5,55.1,0,AK-23,37,23,1,0,34.093277123785946,-118.21718798183252,detection_avg,0.5646787181101983,pct_hs_grad,nearest_osm_major_road_m,-0.010859874203280656
738,910,26,US,390,BlockApportionment:US.BlockGroups;PointsLayer:US.BlockPoints,2.191,2.576,1,115,110,5252,136,70.3,104,2.07,45,US,477,BlockApportionment:US.BlockGroups;PointsLayer:US.BlockPoints,2.191,2.576,1,121,127,19.61,2.07,7.34,6.18,29.61,16.16,4.8,27.37,api_test_workflow_v2_20pct_model6_2026-05-07,34.08974964,-118.21150802,"3712 N MARMION WAY, 90065",0.0,34.0897496361_-118.211508016_0.jpg,1.0,0.8347,tent,1.295,17.47,29.74,16.36,0,0,,,34,0,0,0,0,1,0,0,0,0,0,0,493,472,0,0,6,5,715.58,597.24,5,715.58,597.24,1,242.18,624.85,5,2,666.71,596.28,0.0,0,0.0,0,0.0,0,100.0,1,0.0,0,5.83,38.7,38.35,2.78,20.17,5,55.1,0,AK-23,37,23,1,0,34.093277123785946,-118.21718798183252,detection_avg,0.5646787181101983,pct_hs_grad,nearest_osm_major_road_m,-0.010859874203280656
739,911,26,US,390,BlockApportionment:US.BlockGroups;PointsLayer:US.BlockPoints,2.191,2.576,1,115,110,5252,136,70.3,104,2.07,45,US,477,BlockApportionment:US.BlockGroups;PointsLayer:US.BlockPoints,2.191,2.576,1,121,127,19.61,2.07,7.34,6.18,29.61,16.16,4.8,27.37,api_test_workflow_v2_20pct_model6_2026-05-07,34.08974964,-118.21150802,"3712 N MARMION WAY, 90065",270.0,34.0897496361_-118.211508016_270.jpg,1.0,0.8527,tent,1.295,17.47,29.74,16.36,0,0,,,34,0,0,0,0,1,0,0,0,0,0,0,493,472,0,0,6,5,715.58,597.24,5,715.58,597.24,1,242.18,624.85,5,2,666.71,596.28,0.0,0,0.0,0,0.0,0,100.0,1,0.0,0,5.83,38.7,38.35,2.78,20.17,5,55.1,1,AK-23,37,23,1,1,34.093277123785946,-118.21718798183252,detection_avg,0.5646787181101983,pct_hs_grad,nearest_osm_major_road_m,-0.010859874203280656
740,1300,26,US,390,BlockApportionment:US.BlockGroups;PointsLayer:US.BlockPoints,2.191,2.576,1,115,110,5252,136,70.3,104,2.07,45,US,477,BlockApportionment:US.BlockGroups;PointsLayer:US.BlockPoints,2.191,2.576,1,121,127,19.61,2.07,7.34,6.18,29.61,16.16,4.8,27.37,api_test_workflow_v8_remaining_location_deduped_30pct_after10_2026-05-22,34.08719602,-118.21777207,"3350 N FIGUEROA ST, 90065",0.0,34.0871960212_-118.217772066_0.jpg,2.0,0.764,tent,1.295,17.47,29.74,16.36,0,0,,,34,0,0,0,0,1,0,0,0,0,0,0,493,472,0,0,6,5,715.58,597.24,5,715.58,597.24,1,242.18,624.85,5,2,666.71,596.28,0.0,0,0.0,0,0.0,0,100.0,1,0.0,0,5.83,38.7,38.35,2.78,20.17,5,55.1,0,AK-23,37,23,1,0,34.093277123785946,-118.21718798183252,detection_avg,0.5646787181101983,pct_hs_grad,nearest_osm_major_road_m,-0.010859874203280656
741,1438,26,US,390,BlockApportionment:US.BlockGroups;PointsLayer:US.BlockPoints,2.191,2.576,1,115,110,5252,136,70.3,104,2.07,45,US,477,BlockApportionment:US.BlockGroups;PointsLayer:US.BlockPoints,2.191,2.576,1,121,127,19.61,2.07,7.34,6.18,29.61,16.16,4.8,27.37,api_test_workflow_v8_remaining_location_deduped_30pct_after10_2026-05-22,34.08657286,-118.21529195,"3439 N MARMION WAY, 90065",180.0,34.086572861_-118.215291952_180.jpg,1.0,0.6064,tent,1.295,17.47,29.74,16.36,0,0,,,34,0,0,0,0,1,0,0,0,0,0,0,493,472,0,0,6,5,715.58,597.24,5,715.58,597.24,1,242.18,624.85,5,2,666.71,596.28,0.0,0,0.0,0,0.0,0,100.0,1,0.0,0,5.83,38.7,38.35,2.78,20.17,5,55.1,0,AK-23,37,23,1,0,34.093277123785946,-118.21718798183252,detection_avg,0.5646787181101983,pct_hs_grad,nearest_osm_major_road_m,-0.010859874203280656
742,1544,26,US,390,BlockApportionment:US.BlockGroups;PointsLayer:US.BlockPoints,2.191,2.576,1,115,110,5252,136,70.3,104,2.07,45,US,477,BlockApportionment:US.BlockGroups;PointsLayer:US.BlockPoints,2.191,2.576,1,121,127,19.61,2.07,7.34,6.18,29.61,16.16,4.8,27.37,api_test_workflow_v8_remaining_location_deduped_10pct_2026-05-22,34.08974693,-118.21173325,"3719 N MARMION WAY, 90065",0.0,34.0897469254_-118.211733252_0.jpg,1.0,0.8566,tent,1.295,17.47,29.74,16.36,0,0,,,34,0,0,0,0,1,0,0,0,0,0,0,493,472,0,0,6,5,715.58,597.24,5,715.58,597.24,1,242.18,624.85,5,2,666.71,596.28,0.0,0,0.0,0,0.0,0,100.0,1,0.0,0,5.83,38.7,38.35,2.78,20.17,5,55.1,2,AK-23,37,23,1,1,34.093277123785946,-118.21718798183252,detection_avg,0.5646787181101983,pct_hs_grad,nearest_osm_major_road_m,-0.010859874203280656
743,1545,26,US,390,BlockApportionment:US.BlockGroups;PointsLayer:US.BlockPoints,2.191,2.576,1,115,110,5252,136,70.3,104,2.07,45,US,477,BlockApportionment:US.BlockGroups;PointsLayer:US.BlockPoints,2.191,2.576,1,121,127,19.61,2.07,7.34,6.18,29.61,16.16,4.8,27.37,api_test_workflow_v8_remaining_location_deduped_10pct_2026-05-22,34.08974693,-118.21173325,"3719 N MARMION WAY, 90065",180.0,34.0897469254_-118.211733252_180.jpg,1.0,0.7312,tent,1.295,17.47,29.74,16.36,0,0,,,34,0,0,0,0,1,0,0,0,0,0,0,493,472,0,0,6,5,715.58,597.24,5,715.58,597.24,1,242.18,624.85,5,2,666.71,596.28,0.0,0,0.0,0,0.0,0,100.0,1,0.0,0,5.83,38.7,38.35,2.78,20.17,5,55.1,0,AK-23,37,23,1,0,34.093277123785946,-118.21718798183252,detection_avg,0.5646787181101983,pct_hs_grad,nearest_osm_major_road_m,-0.010859874203280656
744,1546,26,US,390,BlockApportionment:US.BlockGroups;PointsLayer:US.BlockPoints,2.191,2.576,1,115,110,5252,136,70.3,104,2.07,45,US,477,BlockApportionment:US.BlockGroups;PointsLayer:US.BlockPoints,2.191,2.576,1,121,127,19.61,2.07,7.34,6.18,29.61,16.16,4.8,27.37,api_test_workflow_v8_remaining_location_deduped_10pct_2026-05-22,34.08974693,-118.21173325,"3719 N MARMION WAY, 90065",270.0,34.0897469254_-118.211733252_270.jpg,1.0,0.887,tent,1.295,17.47,29.74,16.36,0,0,,,34,0,0,0,0,1,0,0,0,0,0,0,493,472,0,0,6,5,715.58,597.24,5,715.58,597.24,1,242.18,624.85,5,2,666.71,596.28,0.0,0,0.0,0,0.0,0,100.0,1,0.0,0,5.83,38.7,38.35,2.78,20.17,5,55.1,0,AK-23,37,23,1,0,34.093277123785946,-118.21718798183252,detection_avg,0.5646787181101983,pct_hs_grad,nearest_osm_major_road_m,-0.010859874203280656
745,1663,26,US,390,BlockApportionment:US.BlockGroups;PointsLayer:US.BlockPoints,2.191,2.576,1,115,110,5252,136,70.3,104,2.07,45,US,477,BlockApportionment:US.BlockGroups;PointsLayer:US.BlockPoints,2.191,2.576,1,121,127,19.61,2.07,7.34,6.18,29.61,16.16,4.8,27.37,api_test_workflow_v8_remaining_location_deduped_30pct_after10_2026-05-22,34.08679353,-118.21539939,"3441 N MARMION WAY, 90065",180.0,34.0867935251_-118.215399394_180.jpg,1.0,0.6064,tent,1.295,17.47,29.74,16.36,0,0,,,34,0,0,0,0,1,0,0,0,0,0,0,493,472,0,0,6,5,715.58,597.24,5,715.58,597.24,1,242.18,624.85,5,2,666.71,596.28,0.0,0,0.0,0,0.0,0,100.0,1,0.0,0,5.83,38.7,38.35,2.78,20.17,5,55.1,0,AK-23,37,23,1,0,34.093277123785946,-118.21718798183252,detection_avg,0.5646787181101983,pct_hs_grad,nearest_osm_major_road_m,-0.010859874203280656
746,1781,26,US,390,BlockApportionment:US.BlockGroups;PointsLayer:US.BlockPoints,2.191,2.576,1,115,110,5252,136,70.3,104,2.07,45,US,477,BlockApportionment:US.BlockGroups;PointsLayer:US.BlockPoints,2.191,2.576,1,121,127,19.61,2.07,7.34,6.18,29.61,16.16,4.8,27.37,api_test_workflow_v8_remaining_location_deduped_30pct_after10_2026-05-22,34.08973162,-118.2117321,"3719 MARMION WY, 90065",0.0,34.0897316245_-118.211732101_0.jpg,1.0,0.8498,tent,1.295,17.47,29.74,16.36,0,0,,,34,0,0,0,0,1,0,0,0,0,0,0,493,472,0,0,6,5,715.58,597.24,5,715.58,597.24,1,242.18,624.85,5,2,666.71,596.28,0.0,0,0.0,0,0.0,0,100.0,1,0.0,0,5.83,38.7,38.35,2.78,20.17,5,55.1,0,AK-23,37,23,1,0,34.093277123785946,-118.21718798183252,detection_avg,0.5646787181101983,pct_hs_grad,nearest_osm_major_road_m,-0.010859874203280656
747,1782,26,US,390,BlockApportionment:US.BlockGroups;PointsLayer:US.BlockPoints,2.191,2.576,1,115,110,5252,136,70.3,104,2.07,45,US,477,BlockApportionment:US.BlockGroups;PointsLayer:US.BlockPoints,2.191,2.576,1,121,127,19.61,2.07,7.34,6.18,29.61,16.16,4.8,27.37,api_test_workflow_v8_remaining_location_deduped_30pct_after10_2026-05-22,34.08973162,-118.2117321,"3719 MARMION WY, 90065",270.0,34.0897316245_-118.211732101_270.jpg,2.0,0.8448,tent,1.295,17.47,29.74,16.36,0,0,,,34,0,0,0,0,1,0,0,0,0,0,0,493,472,0,0,6,5,715.58,597.24,5,715.58,597.24,1,242.18,624.85,5,2,666.71,596.28,0.0,0,0.0,0,0.0,0,100.0,1,0.0,0,5.83,38.7,38.35,2.78,20.17,5,55.1,0,AK-23,37,23,1,0,34.093277123785946,-118.21718798183252,detection_avg,0.5646787181101983,pct_hs_grad,nearest_osm_major_road_m,-0.010859874203280656
748,1875,26,US,390,BlockApportionment:US.BlockGroups;PointsLayer:US.BlockPoints,2.191,2.576,1,115,110,5252,136,70.3,104,2.07,45,US,477,BlockApportionment:US.BlockGroups;PointsLayer:US.BlockPoints,2.191,2.576,1,121,127,19.61,2.07,7.34,6.18,29.61,16.16,4.8,27.37,api_test_workflow_v8_remaining_location_deduped_final_after10_30_2026-05-23,34.09138669,-118.21260577,"325 W AVENUE 38, 90065",90.0,34.0913866872_-118.212605765_90.jpg,1.0,0.8522,tent,1.295,17.47,29.74,16.36,0,0,,,34,0,0,0,0,1,0,0,0,0,0,0,493,472,0,0,6,5,715.58,597.24,5,715.58,597.24,1,242.18,624.85,5,2,666.71,596.28,0.0,0,0.0,0,0.0,0,100.0,1,0.0,0,5.83,38.7,38.35,2.78,20.17,5,55.1,0,AK-23,37,23,1,0,34.093277123785946,-118.21718798183252,detection_avg,0.5646787181101983,pct_hs_grad,nearest_osm_major_road_m,-0.010859874203280656
749,279,27,US,498,BlockApportionment:US.BlockGroups;PointsLayer:US.BlockPoints,2.191,2.576,1,99,138,4094,160,14.75,156,3.72,46,US,478,BlockApportionment:US.BlockGroups;PointsLayer:US.BlockPoints,2.191,2.576,1,126,123,14.28,3.55,1.89,0.55,38.22,8.24,11.81,21.64,api_test_workflow_v2_30pct_model6_2026-05-08,34.16768251,-118.60453623,"21913 W COSTANSO ST, 91364",0.0,34.1676825056_-118.604536232_0.jpg,1.0,0.85,tent,1.295,17.47,29.74,16.36,0,0,,,39,0,0,1,0,0,0,0,0,0,0,3,1121,1186,0,0,0,92,8736.91,5.33,40,5311.47,157.02,3,75.58,461.24,41,4,5244.76,72.63,0.0,0,0.0,0,0.0,0,100.0,1,0.0,0,3.77,24.01,51.53,4.65,19.81,5,64.94,0,C-16,3,16,0,0,34.17281488722408,-118.60432192415946,detection_avg,0.5983204808668845,total_population,osm_amenity_count,-0.05425064094263746
750,124,29,US,230,BlockApportionment:US.BlockGroups;PointsLayer:US.BlockPoints,2.191,2.576,1,162,191,5848,200,94.6,64,1.0,47,US,230,BlockApportionment:US.BlockGroups;PointsLayer:US.BlockPoints,2.191,2.576,1,63,65,22.3,0.94,5.67,8.17,38.72,22.93,6.38,38.83,api_test_workflow_v2_remaining_model6_2026-05-08,34.01808717,-118.20436031,"3459 E PICO BLVD, 90023",90.0,34.0180871659_-118.204360313_90.jpg,1.0,0.9105,tent,1.295,17.47,29.74,16.36,0,0,,,84,0,0,0,0,1,1,1,1,0,3,1,649,636,0,1,3,12,1450.13,522.2,9,1389.5,522.2,0,0.0,1410.88,1,2,1247.26,520.73,0.0,0,0.0,0,0.0,0,100.0,1,0.0,0,0.53,10.28,70.04,1.14,18.54,5,78.87,0,AL-30,38,30,2,0,34.01628041616081,-118.20579924639704,detection_avg,0.5911926606110184,transit_stops_count,food_access_count,-0.02672406598365599
751,156,29,US,230,BlockApportionment:US.BlockGroups;PointsLayer:US.BlockPoints,2.191,2.576,1,162,191,5848,200,94.6,64,1.0,47,US,230,BlockApportionment:US.BlockGroups;PointsLayer:US.BlockPoints,2.191,2.576,1,63,65,22.3,0.94,5.67,8.17,38.72,22.93,6.38,38.83,api_test_workflow_v2_remaining_model6_2026-05-08,34.01826377,-118.20882345,"1456 S CONCORD ST, 90023",180.0,34.0182637723_-118.208823454_180.jpg,1.0,0.7574,tent,1.295,17.47,29.74,16.36,0,0,,,84,0,0,0,0,1,1,1,1,0,3,1,649,636,0,1,3,12,1450.13,522.2,9,1389.5,522.2,0,0.0,1410.88,1,2,1247.26,520.73,0.0,0,0.0,0,0.0,0,100.0,1,0.0,0,0.53,10.28,70.04,1.14,18.54,5,78.87,0,AL-30,38,30,2,0,34.01628041616081,-118.20579924639704,detection_avg,0.5911926606110184,transit_stops_count,food_access_count,-0.02672406598365599
752,402,29,US,230,BlockApportionment:US.BlockGroups;PointsLayer:US.BlockPoints,2.191,2.576,1,162,191,5848,200,94.6,64,1.0,47,US,230,BlockApportionment:US.BlockGroups;PointsLayer:US.BlockPoints,2.191,2.576,1,63,65,22.3,0.94,5.67,8.17,38.72,22.93,6.38,38.83,api_test_workflow_v2_20pct_model6_2026-05-07,34.01592375,-118.20454452,"3447 E 15TH ST, 90023",0.0,34.0159237536_-118.204544517_0.jpg,1.0,0.8744,tent,1.295,17.47,29.74,16.36,0,0,,,84,0,0,0,0,1,1,1,1,0,3,1,649,636,0,1,3,12,1450.13,522.2,9,1389.5,522.2,0,0.0,1410.88,1,2,1247.26,520.73,0.0,0,0.0,0,0.0,0,100.0,1,0.0,0,0.53,10.28,70.04,1.14,18.54,5,78.87,4,AL-30,38,30,2,1,34.01628041616081,-118.20579924639704,detection_avg,0.5911926606110184,transit_stops_count,food_access_count,-0.02672406598365599
753,403,29,US,230,BlockApportionment:US.BlockGroups;PointsLayer:US.BlockPoints,2.191,2.576,1,162,191,5848,200,94.6,64,1.0,47,US,230,BlockApportionment:US.BlockGroups;PointsLayer:US.BlockPoints,2.191,2.576,1,63,65,22.3,0.94,5.67,8.17,38.72,22.93,6.38,38.83,api_test_workflow_v2_20pct_model6_2026-05-07,34.01592375,-118.20454452,"3447 E 15TH ST, 90023",90.0,34.0159237536_-118.204544517_90.jpg,1.0,0.8508,tent,1.295,17.47,29.74,16.36,0,0,,,84,0,0,0,0,1,1,1,1,0,3,1,649,636,0,1,3,12,1450.13,522.2,9,1389.5,522.2,0,0.0,1410.88,1,2,1247.26,520.73,0.0,0,0.0,0,0.0,0,100.0,1,0.0,0,0.53,10.28,70.04,1.14,18.54,5,78.87,0,AL-30,38,30,2,0,34.01628041616081,-118.20579924639704,detection_avg,0.5911926606110184,transit_stops_count,food_access_count,-0.02672406598365599
754,647,29,US,230,BlockApportionment:US.BlockGroups;PointsLayer:US.BlockPoints,2.191,2.576,1,162,191,5848,200,94.6,64,1.0,47,US,230,BlockApportionment:US.BlockGroups;PointsLayer:US.BlockPoints,2.191,2.576,1,63,65,22.3,0.94,5.67,8.17,38.72,22.93,6.38,38.83,api_test_workflow_v2_remaining_model6_2026-05-08,34.01894223,-118.20041187,"3621 E OLYMPIC BLVD, 90023",270.0,34.0189422264_-118.200411866_270.jpg,1.0,0.6214,tent,1.295,17.47,29.74,16.36,0,0,,,84,0,0,0,0,1,1,1,1,0,3,1,649,636,0,1,3,12,1450.13,522.2,9,1389.5,522.2,0,0.0,1410.88,1,2,1247.26,520.73,0.0,0,0.0,0,0.0,0,100.0,1,0.0,0,0.53,10.28,70.04,1.14,18.54,5,78.87,0,AL-30,38,30,2,0,34.01628041616081,-118.20579924639704,detection_avg,0.5911926606110184,transit_stops_count,food_access_count,-0.02672406598365599
755,839,29,US,230,BlockApportionment:US.BlockGroups;PointsLayer:US.BlockPoints,2.191,2.576,1,162,191,5848,200,94.6,64,1.0,47,US,230,BlockApportionment:US.BlockGroups;PointsLayer:US.BlockPoints,2.191,2.576,1,63,65,22.3,0.94,5.67,8.17,38.72,22.93,6.38,38.83,api_test_workflow_v2_10pct_model6_2026-05-06_live,34.01710962,-118.20658018,"3406 E 14TH ST, 90023",90.0,34.0171096198_-118.20658018_90.jpg,1.0,0.8676,tent,1.295,17.47,29.74,16.36,0,0,,,84,0,0,0,0,1,1,1,1,0,3,1,649,636,0,1,3,12,1450.13,522.2,9,1389.5,522.2,0,0.0,1410.88,1,2,1247.26,520.73,0.0,0,0.0,0,0.0,0,100.0,1,0.0,0,0.53,10.28,70.04,1.14,18.54,5,78.87,3,AL-30,38,30,2,1,34.01628041616081,-118.20579924639704,detection_avg,0.5911926606110184,transit_stops_count,food_access_count,-0.02672406598365599
756,964,29,US,230,BlockApportionment:US.BlockGroups;PointsLayer:US.BlockPoints,2.191,2.576,1,162,191,5848,200,94.6,64,1.0,47,US,230,BlockApportionment:US.BlockGroups;PointsLayer:US.BlockPoints,2.191,2.576,1,63,65,22.3,0.94,5.67,8.17,38.72,22.93,6.38,38.83,api_test_workflow_v2_20pct_model6_2026-05-07_batch2,34.01808799,-118.20423102,"3463 E PICO BLVD, 90023",180.0,34.0180879931_-118.204231023_180.jpg,1.0,0.9018,tent,1.295,17.47,29.74,16.36,0,0,,,84,0,0,0,0,1,1,1,1,0,3,1,649,636,0,1,3,12,1450.13,522.2,9,1389.5,522.2,0,0.0,1410.88,1,2,1247.26,520.73,0.0,0,0.0,0,0.0,0,100.0,1,0.0,0,0.53,10.28,70.04,1.14,18.54,5,78.87,1,AL-30,38,30,2,1,34.01628041616081,-118.20579924639704,detection_avg,0.5911926606110184,transit_stops_count,food_access_count,-0.02672406598365599
757,1011,29,US,230,BlockApportionment:US.BlockGroups;PointsLayer:US.BlockPoints,2.191,2.576,1,162,191,5848,200,94.6,64,1.0,47,US,230,BlockApportionment:US.BlockGroups;PointsLayer:US.BlockPoints,2.191,2.576,1,63,65,22.3,0.94,5.67,8.17,38.72,22.93,6.38,38.83,api_test_workflow_v8_remaining_location_deduped_10pct_2026-05-22,34.0159256,-118.2044329,"3457 E 15TH ST, 90023",0.0,34.0159255996_-118.204432897_0.jpg,1.0,0.9419,tent,1.295,17.47,29.74,16.36,0,0,,,84,0,0,0,0,1,1,1,1,0,3,1,649,636,0,1,3,12,1450.13,522.2,9,1389.5,522.2,0,0.0,1410.88,1,2,1247.26,520.73,0.0,0,0.0,0,0.0,0,100.0,1,0.0,0,0.53,10.28,70.04,1.14,18.54,5,78.87,0,AL-30,38,30,2,0,34.01628041616081,-118.20579924639704,detection_avg,0.5911926606110184,transit_stops_count,food_access_count,-0.02672406598365599
758,1012,29,US,230,BlockApportionment:US.BlockGroups;PointsLayer:US.BlockPoints,2.191,2.576,1,162,191,5848,200,94.6,64,1.0,47,US,230,BlockApportionment:US.BlockGroups;PointsLayer:US.BlockPoints,2.191,2.576,1,63,65,22.3,0.94,5.67,8.17,38.72,22.93,6.38,38.83,api_test_workflow_v8_remaining_location_deduped_10pct_2026-05-22,34.0159256,-118.2044329,"3457 E 15TH ST, 90023",90.0,34.0159255996_-118.204432897_90.jpg,2.0,0.9142,tent,1.295,17.47,29.74,16.36,0,0,,,84,0,0,0,0,1,1,1,1,0,3,1,649,636,0,1,3,12,1450.13,522.2,9,1389.5,522.2,0,0.0,1410.88,1,2,1247.26,520.73,0.0,0,0.0,0,0.0,0,100.0,1,0.0,0,0.53,10.28,70.04,1.14,18.54,5,78.87,0,AL-30,38,30,2,0,34.01628041616081,-118.20579924639704,detection_avg,0.5911926606110184,transit_stops_count,food_access_count,-0.02672406598365599
759,1110,29,US,230,BlockApportionment:US.BlockGroups;PointsLayer:US.BlockPoints,2.191,2.576,1,162,191,5848,200,94.6,64,1.0,47,US,230,BlockApportionment:US.BlockGroups;PointsLayer:US.BlockPoints,2.191,2.576,1,63,65,22.3,0.94,5.67,8.17,38.72,22.93,6.38,38.83,api_test_workflow_v8_remaining_location_deduped_30pct_after10_2026-05-22,34.01582942,-118.20402754,"15TH ST AT BOYNE ST, 90023",270.0,34.015829425_-118.204027542_270.jpg,1.0,0.8376,tent,1.295,17.47,29.74,16.36,0,0,,,84,0,0,0,0,1,1,1,1,0,3,1,649,636,0,1,3,12,1450.13,522.2,9,1389.5,522.2,0,0.0,1410.88,1,2,1247.26,520.73,0.0,0,0.0,0,0.0,0,100.0,1,0.0,0,0.53,10.28,70.04,1.14,18.54,5,78.87,0,AL-30,38,30,2,0,34.01628041616081,-118.20579924639704,detection_avg,0.5911926606110184,transit_stops_count,food_access_count,-0.02672406598365599
760,1439,30,US,231,BlockApportionment:US.BlockGroups;PointsLayer:US.BlockPoints,2.191,2.576,1,211,234,2000,71,97.1,69,1.98,48,US,231,BlockApportionment:US.BlockGroups;PointsLayer:US.BlockPoints,2.191,2.576,1,64,63,21.43,2.21,9.09,16.68,30.67,25.48,3.36,43.28,api_test_workflow_v8_remaining_location_deduped_30pct_after10_2026-05-22,34.01642567,-118.19847053,"3650 E UNION PACIFIC AVE, 90023",90.0,34.0164256747_-118.198470529_90.jpg,1.0,0.7831,tent,1.295,17.47,29.74,16.36,0,0,,,33,0,0,0,0,0,0,0,0,0,0,0,138,127,0,0,0,6,1119.33,263.37,0,0.0,660.16,0,0.0,745.9,0,0,0.0,660.57,0.0,0,0.0,0,0.0,0,100.0,1,0.0,0,0.18,2.02,95.34,0.62,2.02,5,96.68,0,AM-30,39,30,0,0,34.01620341446951,-118.1944130280064,detection_avg,0.5620881777883727,burglary_crime_est,food_access_count,0.022868958558965462
761,1653,30,US,231,BlockApportionment:US.BlockGroups;PointsLayer:US.BlockPoints,2.191,2.576,1,211,234,2000,71,97.1,69,1.98,48,US,231,BlockApportionment:US.BlockGroups;PointsLayer:US.BlockPoints,2.191,2.576,1,64,63,21.43,2.21,9.09,16.68,30.67,25.48,3.36,43.28,api_test_workflow_v8_remaining_location_deduped_30pct_after10_2026-05-22,34.01653178,-118.1942649,"UNION PACIFIC AVE AT PRADO ST, 90023",270.0,34.0165317839_-118.194264899_270.jpg,1.0,0.8785,tent,1.295,17.47,29.74,16.36,0,0,,,33,0,0,0,0,0,0,0,0,0,0,0,138,127,0,0,0,6,1119.33,263.37,0,0.0,660.16,0,0.0,745.9,0,0,0.0,660.57,0.0,0,0.0,0,0.0,0,100.0,1,0.0,0,0.18,2.02,95.34,0.62,2.02,5,96.68,0,AM-30,39,30,0,0,34.01620341446951,-118.1944130280064,detection_avg,0.5620881777883727,burglary_crime_est,food_access_count,0.022868958558965462
762,1870,30,US,231,BlockApportionment:US.BlockGroups;PointsLayer:US.BlockPoints,2.191,2.576,1,211,234,2000,71,97.1,69,1.98,48,US,231,BlockApportionment:US.BlockGroups;PointsLayer:US.BlockPoints,2.191,2.576,1,64,63,21.43,2.21,9.09,16.68,30.67,25.48,3.36,43.28,api_test_workflow_v8_remaining_location_deduped_final_after10_30_2026-05-23,34.01652292,-118.19802059,"UNION PACIFIC AVE AT CALADA ST, 90023",270.0,34.0165229176_-118.198020589_270.jpg,1.0,0.8179,tent,1.295,17.47,29.74,16.36,0,0,,,33,0,0,0,0,0,0,0,0,0,0,0,138,127,0,0,0,6,1119.33,263.37,0,0.0,660.16,0,0.0,745.9,0,0,0.0,660.57,0.0,0,0.0,0,0.0,0,100.0,1,0.0,0,0.18,2.02,95.34,0.62,2.02,5,96.68,0,AM-30,39,30,0,0,34.01620341446951,-118.1944130280064,detection_avg,0.5620881777883727,burglary_crime_est,food_access_count,0.022868958558965462
763,219,28,US,391,BlockApportionment:US.BlockGroups;PointsLayer:US.BlockPoints,2.191,2.576,1,132,106,3329,217,65.3,111,0.91,49,US,479,BlockApportionment:US.BlockGroups;PointsLayer:US.BlockPoints,2.191,2.576,1,110,110,15.05,1.65,6.89,7.78,15.46,6.82,2.26,24.44,api_test_workflow_v2_30pct_model6_2026-05-08,34.09625243,-118.20546545,"138 E SYCAMORE PARK DR, 90031",270.0,34.0962524319_-118.205465448_270.jpg,1.0,0.6115,tent,1.295,17.47,29.74,16.36,0,0,,,58,0,0,0,0,2,0,2,0,0,0,0,361,342,0,0,4,16,3085.29,29.78,16,3085.29,29.78,1,1265.68,64.97,13,2,2583.02,29.69,0.0,0,0.0,0,0.0,0,100.0,1,0.0,0,11.76,43.11,35.73,5.44,15.72,5,51.48,1,AL-23,38,23,2,1,34.09320012209464,-118.20580176344184,detection_avg,0.5865047844557302,recreation_center_count,business_sites_count,0.032759313872112616
764,-1,31,US,232,BlockApportionment:US.BlockGroups;PointsLayer:US.BlockPoints,2.191,2.576,1,219,198,8631,114,97.01,71,0.92,0,US,232,BlockApportionment:US.BlockGroups;PointsLayer:US.BlockPoints,2.191,2.576,1,64,63,23.1,0.79,10.39,10.79,21.56,17.94,3.54,33.48,,,,,,,,,,1.295,17.47,29.74,16.36,0,0,,,54,2,0,1,0,2,0,0,0,0,0,0,145,126,0,0,6,36,4486.69,22.53,22,3607.51,22.53,0,0.0,1755.78,27,2,2639.01,24.2,0.0,0,0.0,0,0.0,0,100.0,1,0.0,0,0.26,10.89,71.99,0.79,16.33,5,80.32,0,AN-30,40,30,2,0,34.016126412778206,-118.18302680961574,reconstructed,0.6013512773362585,pct_no_schooling,osm_amenity_count,-0.09307753310182813
765,-1,29,US,499,BlockApportionment:US.BlockGroups;PointsLayer:US.BlockPoints,2.191,2.576,1,64,103,4035,88,18.69,109,3.31,1,US,480,BlockApportionment:US.BlockGroups;PointsLayer:US.BlockPoints,2.191,2.576,1,92,92,11.05,2.07,0.52,1.43,30.72,22.52,5.48,28.66,,,,,,,,,,1.295,17.47,29.74,16.36,0,0,,,45,0,1,0,0,0,0,0,1,0,0,3,720,831,0,0,0,61,6994.75,90.07,19,2351.16,511.04,3,365.96,618.44,12,2,1486.87,535.21,0.0,0,0.0,0,0.0,0,100.0,1,0.0,0,3.68,19.0,59.63,5.52,15.85,5,70.64,0,D-16,4,16,0,0,34.172737885532776,-118.59293570576882,reconstructed,0.5911156295749246,adult_recreation_count,nearest_freeway_m,-0.019653185820198402
766,763,32,US,233,BlockApportionment:US.BlockGroups;PointsLayer:US.BlockPoints,2.191,2.576,1,225,236,2381,67,30.62,131,4.04,2,US,233,BlockApportionment:US.BlockGroups;PointsLayer:US.BlockPoints,2.191,2.576,1,152,150,9.1,3.07,2.92,7.19,28.75,8.05,3.32,32.09,api_test_workflow_v2_30pct_model6_2026-05-08,34.03512472,-118.45385149,"11871 W LA GRANGE AVE, 90025",0.0,34.035124715_-118.453851486_0.jpg,1.0,0.8757,tent,1.295,17.47,29.74,16.36,0,0,,,0,0,0,0,0,0,1,0,0,0,0,1,658,746,0,0,0,38,4732.94,83.46,20,2956.72,334.7,0,0.0,925.29,8,2,1870.49,364.02,0.0,0,0.0,0,0.0,0,100.0,1,0.0,0,2.41,16.95,60.5,1.2,21.34,5,71.63,0,P-29,16,29,1,0,34.0289629827886,-118.4562964105692,detection_avg,0.632982199897642,private_school_count,nearest_osm_major_road_m,0.021872963978171706
767,327,30,US,500,BlockApportionment:US.BlockGroups;PointsLayer:US.BlockPoints,2.191,2.576,1,87,142,3386,190,11.7,152,2.69,3,US,481,BlockApportionment:US.BlockGroups;PointsLayer:US.BlockPoints,2.191,2.576,1,130,132,10.15,1.95,0.69,0.0,37.97,14.51,1.27,16.09,api_test_workflow_v2_5pct_2026-04-25,34.16713836,-118.58396921,"20639 W VENTURA BLVD, 91364",270.0,34.1671383556_-118.583969214_270.jpg,1.0,0.6219,tent,1.295,17.47,29.74,16.36,0,0,,,27,1,0,0,0,0,1,0,0,0,0,1,684,755,0,0,3,55,6457.22,53.78,22,4149.09,53.78,7,1324.59,317.9,15,2,2729.76,53.71,0.0,0,0.0,0,0.0,0,100.0,1,0.0,0,2.97,29.92,44.71,2.71,22.66,5,60.41,0,E-16,5,16,1,0,34.17266088384147,-118.58154948737815,detection_avg,0.5922978702295897,private_school_count,nearest_osm_major_road_m,0.031025032523769466
