OBJECTID,Join_Count,TARGET_FID,GRID_ID,Id,Country code,ENRICH_FID,Aggregation method,Population to polygon size rating for the country,Apportionment confidence for the country,Has data,2024 Total Crime Index,2024 Total Population,2024 Burglary Index,2024 Unemployment Rate: Index,2024 Hispanic Population: Percent,2022 Civilian Pop 18+: Veteran (ACS 5-Yr): Percent,2024 Median Household Income: Index,Id,Country code,ENRICH_FID,Aggregation method,Population to polygon size rating for the country,Apportionment confidence for the country,Has data,2023 HHs w/1+ Persons w/Disability (ACS 5-Yr): Percent,2023 HHs w/Public Assist Income (ACS 5-Yr): Percent,2023 Pop w/Income Below Poverty Level (ACS 5-Yr): Percent,2023 HHs/Gross Rent 50+% of Income (ACS 5-Yr): Percent,2023 Pop 25+: No Schooling (ACS 5-Yr): Percent,2023 Pop 35-64: No Health Insurance (ACS 5-Yr): Percent,2023 Civilian Pop 18+: Veteran (ACS 5-Yr): Percent,2023 Pop 25+: HS Diploma (ACS 5-Yr): Percent,2025 Value of Credit Card Debt: Index,2030 Value of Credit Card Debt: Index
1,0,1,AP-81,0,US,1,BlockApportionment:US.BlockGroups;PointsLayer:US.BlockPoints,2.19100000,2.57600000,1,58.00000000,303.00000000,99.00000000,33,31.68000000,11.48000000,135,0,US,1,BlockApportionment:US.BlockGroups;PointsLayer:US.BlockPoints,2.19100000,2.57600000,1,20.56000000,3.74000000,9.72000000,45.16000000,3.11000000,1.74000000,13.17000000,23.56000000,113,116
2,0,2,AQ-81,1,US,2,BlockApportionment:US.BlockGroups;PointsLayer:US.BlockPoints,2.19100000,2.57600000,1,39.00000000,1316.00000000,94.00000000,112,36.02000000,3.69000000,116,1,US,2,BlockApportionment:US.BlockGroups;PointsLayer:US.BlockPoints,2.19100000,2.57600000,1,19.34000000,0.00000000,3.03000000,21.25000000,0.00000000,2.27000000,4.38000000,13.30000000,129,132
3,0,3,AR-81,2,US,3,BlockApportionment:US.BlockGroups;PointsLayer:US.BlockPoints,2.19100000,2.57600000,1,56.00000000,21.00000000,42.00000000,0,38.10000000,14.29000000,76,2,US,3,BlockApportionment:US.BlockGroups;PointsLayer:US.BlockPoints,2.19100000,2.57600000,1,0.00000000,0.00000000,0.00000000,0.00000000,0.00000000,0.00000000,14.29000000,12.50000000,149,138
4,0,4,AP-80,3,US,4,BlockApportionment:US.BlockGroups;PointsLayer:US.BlockPoints,2.19100000,2.57600000,1,52.00000000,2038.00000000,97.00000000,93,39.65000000,6.20000000,118,3,US,4,BlockApportionment:US.BlockGroups;PointsLayer:US.BlockPoints,2.19100000,2.57600000,1,14.85000000,4.20000000,8.57000000,32.46000000,2.68000000,1.51000000,8.70000000,17.64000000,106,111
5,0,5,AQ-80,4,US,5,BlockApportionment:US.BlockGroups;PointsLayer:US.BlockPoints,2.19100000,2.57600000,1,36.00000000,2417.00000000,75.00000000,31,33.47000000,7.97000000,127,4,US,5,BlockApportionment:US.BlockGroups;PointsLayer:US.BlockPoints,2.19100000,2.57600000,1,20.89000000,0.89000000,11.60000000,24.36000000,0.72000000,5.60000000,6.78000000,20.03000000,107,112
6,0,6,AR-80,5,US,6,BlockApportionment:US.BlockGroups;PointsLayer:US.BlockPoints,2.19100000,2.57600000,1,16.00000000,639.00000000,22.00000000,129,30.67000000,23.83000000,132,5,US,6,BlockApportionment:US.BlockGroups;PointsLayer:US.BlockPoints,2.19100000,2.57600000,1,6.21000000,0.00000000,0.00000000,25.00000000,0.00000000,0.00000000,14.86000000,13.10000000,116,114
7,0,7,AP-79,6,US,7,BlockApportionment:US.BlockGroups;PointsLayer:US.BlockPoints,2.19100000,2.57600000,1,71.00000000,4268.00000000,105.00000000,69,51.05000000,2.28000000,109,6,US,7,BlockApportionment:US.BlockGroups;PointsLayer:US.BlockPoints,2.19100000,2.57600000,1,20.73000000,4.97000000,11.89000000,26.06000000,0.93000000,5.28000000,2.36000000,26.10000000,92,92
8,0,8,AQ-79,7,US,8,BlockApportionment:US.BlockGroups;PointsLayer:US.BlockPoints,2.19100000,2.57600000,1,62.00000000,3823.00000000,101.00000000,83,48.50000000,6.32000000,95,7,US,8,BlockApportionment:US.BlockGroups;PointsLayer:US.BlockPoints,2.19100000,2.57600000,1,21.96000000,2.82000000,12.52000000,22.15000000,1.02000000,3.63000000,6.46000000,21.61000000,81,83
9,0,9,AR-79,8,US,9,BlockApportionment:US.BlockGroups;PointsLayer:US.BlockPoints,2.19100000,2.57600000,1,87.00000000,591.00000000,88.00000000,90,59.73000000,6.27000000,91,8,US,9,BlockApportionment:US.BlockGroups;PointsLayer:US.BlockPoints,2.19100000,2.57600000,1,13.24000000,11.76000000,23.11000000,34.57000000,0.77000000,3.66000000,6.54000000,19.44000000,133,134
10,0,10,AN-78,9,US,10,BlockApportionment:US.BlockGroups;PointsLayer:US.BlockPoints,2.19100000,2.57600000,1,25.00000000,1041.00000000,56.00000000,43,27.38000000,3.46000000,237,9,US,10,BlockApportionment:US.BlockGroups;PointsLayer:US.BlockPoints,2.19100000,2.57600000,1,10.89000000,0.00000000,10.09000000,52.88000000,1.04000000,0.09000000,1.92000000,19.53000000,166,165
11,0,11,AO-78,10,US,11,BlockApportionment:US.BlockGroups;PointsLayer:US.BlockPoints,2.19100000,2.57600000,1,31.00000000,2307.00000000,65.00000000,26,37.75000000,5.47000000,164,10,US,11,BlockApportionment:US.BlockGroups;PointsLayer:US.BlockPoints,2.19100000,2.57600000,1,16.76000000,0.44000000,6.11000000,24.66000000,1.95000000,0.51000000,6.41000000,22.46000000,135,136
12,1,12,AP-78,11,US,12,BlockApportionment:US.BlockGroups;PointsLayer:US.BlockPoints,2.19100000,2.57600000,1,77.00000000,3867.00000000,104.00000000,164,56.58000000,3.05000000,91,11,US,12,BlockApportionment:US.BlockGroups;PointsLayer:US.BlockPoints,2.19100000,2.57600000,1,18.33000000,8.46000000,15.58000000,42.75000000,2.41000000,5.70000000,3.34000000,21.06000000,86,89
13,0,13,AQ-78,12,US,13,BlockApportionment:US.BlockGroups;PointsLayer:US.BlockPoints,2.19100000,2.57600000,1,108.00000000,5821.00000000,118.00000000,136,68.58000000,2.32000000,79,12,US,13,BlockApportionment:US.BlockGroups;PointsLayer:US.BlockPoints,2.19100000,2.57600000,1,26.66000000,10.20000000,18.89000000,31.30000000,2.18000000,9.72000000,2.40000000,21.41000000,79,82
14,1,14,AR-78,13,US,14,BlockApportionment:US.BlockGroups;PointsLayer:US.BlockPoints,2.19100000,2.57600000,1,98.00000000,3433.00000000,117.00000000,181,67.46000000,3.80000000,63,13,US,14,BlockApportionment:US.BlockGroups;PointsLayer:US.BlockPoints,2.19100000,2.57600000,1,29.93000000,10.53000000,28.50000000,30.60000000,2.34000000,7.41000000,3.14000000,23.10000000,69,73
15,0,15,AS-78,14,US,15,BlockApportionment:US.BlockGroups;PointsLayer:US.BlockPoints,2.19100000,2.57600000,0,0.00000000,0.00000000,0.00000000,0,0.00000000,0.00000000,0,14,US,15,BlockApportionment:US.BlockGroups;PointsLayer:US.BlockPoints,2.19100000,2.57600000,0,0.00000000,0.00000000,0.00000000,0.00000000,0.00000000,0.00000000,0.00000000,0.00000000,0,0
16,0,16,AM-77,15,US,16,BlockApportionment:US.BlockGroups;PointsLayer:US.BlockPoints,2.19100000,2.57600000,1,26.00000000,729.00000000,64.00000000,33,20.44000000,6.49000000,253,15,US,16,BlockApportionment:US.BlockGroups;PointsLayer:US.BlockPoints,2.19100000,2.57600000,1,17.28000000,0.00000000,3.49000000,25.00000000,0.62000000,3.37000000,3.74000000,14.55000000,218,214
17,0,17,AN-77,16,US,17,BlockApportionment:US.BlockGroups;PointsLayer:US.BlockPoints,2.19100000,2.57600000,1,26.00000000,2294.00000000,43.00000000,105,29.56000000,4.50000000,153,16,US,17,BlockApportionment:US.BlockGroups;PointsLayer:US.BlockPoints,2.19100000,2.57600000,1,22.62000000,0.39000000,15.45000000,49.63000000,4.10000000,4.20000000,4.99000000,26.18000000,129,132
18,0,18,AO-77,17,US,18,BlockApportionment:US.BlockGroups;PointsLayer:US.BlockPoints,2.19100000,2.57600000,1,66.00000000,2805.00000000,92.00000000,105,43.03000000,4.75000000,151,17,US,18,BlockApportionment:US.BlockGroups;PointsLayer:US.BlockPoints,2.19100000,2.57600000,1,17.63000000,1.88000000,11.63000000,16.64000000,1.25000000,0.52000000,4.70000000,13.50000000,125,124
19,0,19,AP-77,18,US,19,BlockApportionment:US.BlockGroups;PointsLayer:US.BlockPoints,2.19100000,2.57600000,1,114.00000000,3316.00000000,135.00000000,155,66.95000000,4.65000000,87,18,US,19,BlockApportionment:US.BlockGroups;PointsLayer:US.BlockPoints,2.19100000,2.57600000,1,19.97000000,3.82000000,16.75000000,32.52000000,3.23000000,11.24000000,3.31000000,17.99000000,81,81
20,0,20,AQ-77,19,US,20,BlockApportionment:US.BlockGroups;PointsLayer:US.BlockPoints,2.19100000,2.57600000,1,137.00000000,4096.00000000,135.00000000,110,65.41000000,4.93000000,70,19,US,20,BlockApportionment:US.BlockGroups;PointsLayer:US.BlockPoints,2.19100000,2.57600000,1,31.73000000,9.18000000,25.76000000,30.00000000,2.86000000,12.99000000,4.14000000,25.91000000,73,76
21,0,21,AR-77,20,US,21,BlockApportionment:US.BlockGroups;PointsLayer:US.BlockPoints,2.19100000,2.57600000,1,160.00000000,4142.00000000,123.00000000,86,57.29000000,1.71000000,68,20,US,21,BlockApportionment:US.BlockGroups;PointsLayer:US.BlockPoints,2.19100000,2.57600000,1,27.20000000,8.30000000,21.16000000,18.55000000,1.95000000,9.06000000,1.22000000,23.60000000,84,83
22,0,22,AS-77,21,US,22,BlockApportionment:US.BlockGroups;PointsLayer:US.BlockPoints,2.19100000,2.57600000,1,0.00000000,0.00000000,0.00000000,0,0.00000000,0.00000000,0,21,US,22,BlockApportionment:US.BlockGroups;PointsLayer:US.BlockPoints,2.19100000,2.57600000,1,0.00000000,0.00000000,0.00000000,0.00000000,0.00000000,0.00000000,0.00000000,0.00000000,0,0
23,0,23,AM-76,22,US,23,BlockApportionment:US.BlockGroups;PointsLayer:US.BlockPoints,2.19100000,2.57600000,1,27.00000000,745.00000000,67.00000000,19,23.49000000,7.14000000,253,22,US,23,BlockApportionment:US.BlockGroups;PointsLayer:US.BlockPoints,2.19100000,2.57600000,1,20.25000000,0.62000000,0.11000000,18.18000000,2.62000000,2.93000000,3.95000000,15.72000000,210,208
24,0,24,AN-76,23,US,24,BlockApportionment:US.BlockGroups;PointsLayer:US.BlockPoints,2.19100000,2.57600000,1,44.00000000,1765.00000000,106.00000000,140,26.29000000,8.01000000,190,23,US,24,BlockApportionment:US.BlockGroups;PointsLayer:US.BlockPoints,2.19100000,2.57600000,1,14.57000000,0.88000000,0.00000000,20.83000000,2.98000000,2.48000000,5.94000000,23.97000000,173,169
25,0,25,AO-76,24,US,25,BlockApportionment:US.BlockGroups;PointsLayer:US.BlockPoints,2.19100000,2.57600000,1,71.00000000,2036.00000000,96.00000000,107,54.42000000,4.24000000,179,24,US,25,BlockApportionment:US.BlockGroups;PointsLayer:US.BlockPoints,2.19100000,2.57600000,1,21.53000000,2.93000000,2.71000000,24.40000000,0.90000000,4.25000000,5.55000000,16.65000000,145,146
26,0,26,AP-76,25,US,26,BlockApportionment:US.BlockGroups;PointsLayer:US.BlockPoints,2.19100000,2.57600000,1,88.00000000,2600.00000000,114.00000000,121,65.23000000,2.47000000,99,25,US,26,BlockApportionment:US.BlockGroups;PointsLayer:US.BlockPoints,2.19100000,2.57600000,1,21.69000000,3.31000000,12.47000000,27.62000000,4.32000000,9.45000000,2.24000000,27.02000000,91,93
27,0,27,AQ-76,26,US,27,BlockApportionment:US.BlockGroups;PointsLayer:US.BlockPoints,2.19100000,2.57600000,1,122.00000000,4450.00000000,139.00000000,214,78.83000000,3.81000000,62,26,US,27,BlockApportionment:US.BlockGroups;PointsLayer:US.BlockPoints,2.19100000,2.57600000,1,25.60000000,10.05000000,23.37000000,36.71000000,2.33000000,7.36000000,3.52000000,28.62000000,69,72
28,1,28,AR-76,27,US,28,BlockApportionment:US.BlockGroups;PointsLayer:US.BlockPoints,2.19100000,2.57600000,1,93.00000000,1371.00000000,109.00000000,229,81.04000000,6.32000000,62,27,US,28,BlockApportionment:US.BlockGroups;PointsLayer:US.BlockPoints,2.19100000,2.57600000,1,16.55000000,8.19000000,25.62000000,39.86000000,2.40000000,6.98000000,6.27000000,41.68000000,55,56
29,0,29,AS-76,28,US,29,BlockApportionment:US.BlockGroups;PointsLayer:US.BlockPoints,2.19100000,2.57600000,1,80.00000000,11.00000000,55.00000000,0,45.45000000,0.00000000,95,28,US,29,BlockApportionment:US.BlockGroups;PointsLayer:US.BlockPoints,2.19100000,2.57600000,1,0.00000000,0.00000000,0.00000000,0.00000000,0.00000000,0.00000000,0.00000000,0.00000000,473,433
30,0,30,AM-75,29,US,30,BlockApportionment:US.BlockGroups;PointsLayer:US.BlockPoints,2.19100000,2.57600000,1,44.00000000,709.00000000,91.00000000,29,16.93000000,2.23000000,253,29,US,30,BlockApportionment:US.BlockGroups;PointsLayer:US.BlockPoints,2.19100000,2.57600000,1,16.67000000,0.00000000,5.86000000,38.46000000,0.00000000,3.08000000,0.70000000,8.03000000,232,234
31,0,31,AO-75,30,US,31,BlockApportionment:US.BlockGroups;PointsLayer:US.BlockPoints,2.19100000,2.57600000,1,72.00000000,2055.00000000,85.00000000,62,34.60000000,1.84000000,136,30,US,31,BlockApportionment:US.BlockGroups;PointsLayer:US.BlockPoints,2.19100000,2.57600000,1,22.08000000,1.60000000,8.09000000,40.27000000,1.32000000,3.42000000,1.73000000,13.09000000,112,112
32,0,32,AP-75,31,US,32,BlockApportionment:US.BlockGroups;PointsLayer:US.BlockPoints,2.19100000,2.57600000,1,96.00000000,2051.00000000,68.00000000,171,43.39000000,1.87000000,128,31,US,32,BlockApportionment:US.BlockGroups;PointsLayer:US.BlockPoints,2.19100000,2.57600000,1,31.72000000,9.01000000,3.56000000,22.61000000,3.91000000,7.10000000,1.26000000,17.84000000,106,110
33,0,33,AQ-75,32,US,33,BlockApportionment:US.BlockGroups;PointsLayer:US.BlockPoints,2.19100000,2.57600000,1,94.00000000,407.00000000,119.00000000,271,73.22000000,3.95000000,69,32,US,33,BlockApportionment:US.BlockGroups;PointsLayer:US.BlockPoints,2.19100000,2.57600000,1,30.66000000,2.19000000,19.22000000,44.83000000,2.12000000,9.75000000,5.00000000,24.58000000,64,65
34,0,34,AR-75,33,US,34,BlockApportionment:US.BlockGroups;PointsLayer:US.BlockPoints,2.19100000,2.57600000,0,0.00000000,0.00000000,0.00000000,0,0.00000000,0.00000000,0,33,US,34,BlockApportionment:US.BlockGroups;PointsLayer:US.BlockPoints,2.19100000,2.57600000,0,0.00000000,0.00000000,0.00000000,0.00000000,0.00000000,0.00000000,0.00000000,0.00000000,0,0
35,0,35,AP-74,34,US,35,BlockApportionment:US.BlockGroups;PointsLayer:US.BlockPoints,2.19100000,2.57600000,1,136.00000000,1244.00000000,64.00000000,126,33.68000000,3.52000000,189,34,US,35,BlockApportionment:US.BlockGroups;PointsLayer:US.BlockPoints,2.19100000,2.57600000,1,40.20000000,4.17000000,1.74000000,100.00000000,4.01000000,0.00000000,3.73000000,10.39000000,134,135
36,0,36,AQ-74,35,US,36,BlockApportionment:US.BlockGroups;PointsLayer:US.BlockPoints,2.19100000,2.57600000,1,0.00000000,0.00000000,0.00000000,0,0.00000000,0.00000000,0,35,US,36,BlockApportionment:US.BlockGroups;PointsLayer:US.BlockPoints,2.19100000,2.57600000,1,0.00000000,0.00000000,0.00000000,0.00000000,0.00000000,0.00000000,0.00000000,0.00000000,0,0
37,0,37,AR-74,36,US,37,BlockApportionment:US.BlockGroups;PointsLayer:US.BlockPoints,2.19100000,2.57600000,1,0.00000000,0.00000000,0.00000000,0,0.00000000,0.00000000,0,36,US,37,BlockApportionment:US.BlockGroups;PointsLayer:US.BlockPoints,2.19100000,2.57600000,1,0.00000000,0.00000000,0.00000000,0.00000000,0.00000000,0.00000000,0.00000000,0.00000000,0,0
38,0,38,AS-74,37,US,38,BlockApportionment:US.BlockGroups;PointsLayer:US.BlockPoints,2.19100000,2.57600000,1,0.00000000,0.00000000,0.00000000,0,0.00000000,0.00000000,0,37,US,38,BlockApportionment:US.BlockGroups;PointsLayer:US.BlockPoints,2.19100000,2.57600000,1,0.00000000,0.00000000,0.00000000,0.00000000,0.00000000,0.00000000,0.00000000,0.00000000,0,0
39,0,39,AT-74,38,US,39,BlockApportionment:US.BlockGroups;PointsLayer:US.BlockPoints,2.19100000,2.57600000,1,80.00000000,2.00000000,55.00000000,0,50.00000000,0.00000000,0,38,US,39,BlockApportionment:US.BlockGroups;PointsLayer:US.BlockPoints,2.19100000,2.57600000,1,0.00000000,0.00000000,0.00000000,0.00000000,0.00000000,0.00000000,0.00000000,0.00000000,0,0
40,0,40,AP-73,39,US,40,BlockApportionment:US.BlockGroups;PointsLayer:US.BlockPoints,2.19100000,2.57600000,1,179.00000000,9.00000000,109.00000000,0,33.33000000,0.00000000,95,39,US,40,BlockApportionment:US.BlockGroups;PointsLayer:US.BlockPoints,2.19100000,2.57600000,1,0.00000000,0.00000000,22.73000000,25.00000000,0.00000000,4.55000000,0.00000000,18.75000000,122,117
41,0,41,AQ-73,40,US,41,BlockApportionment:US.BlockGroups;PointsLayer:US.BlockPoints,2.19100000,2.57600000,0,0.00000000,0.00000000,0.00000000,0,0.00000000,0.00000000,0,40,US,41,BlockApportionment:US.BlockGroups;PointsLayer:US.BlockPoints,2.19100000,2.57600000,0,0.00000000,0.00000000,0.00000000,0.00000000,0.00000000,0.00000000,0.00000000,0.00000000,0,0
42,0,42,AR-73,41,US,42,BlockApportionment:US.BlockGroups;PointsLayer:US.BlockPoints,2.19100000,2.57600000,1,148.00000000,483.00000000,128.00000000,83,88.82000000,0.97000000,46,41,US,42,BlockApportionment:US.BlockGroups;PointsLayer:US.BlockPoints,2.19100000,2.57600000,1,22.03000000,6.78000000,34.78000000,40.00000000,5.14000000,4.70000000,1.19000000,28.08000000,63,66
43,0,43,AS-73,42,US,43,BlockApportionment:US.BlockGroups;PointsLayer:US.BlockPoints,2.19100000,2.57600000,1,91.00000000,8.00000000,124.00000000,0,87.50000000,0.00000000,0,42,US,43,BlockApportionment:US.BlockGroups;PointsLayer:US.BlockPoints,2.19100000,2.57600000,1,0.00000000,0.00000000,17.39000000,0.00000000,7.69000000,4.17000000,0.00000000,38.46000000,0,0
44,0,44,AT-73,43,US,44,BlockApportionment:US.BlockGroups;PointsLayer:US.BlockPoints,2.19100000,2.57600000,1,139.00000000,846.00000000,121.00000000,67,90.19000000,3.30000000,90,43,US,44,BlockApportionment:US.BlockGroups;PointsLayer:US.BlockPoints,2.19100000,2.57600000,1,15.86000000,3.24000000,19.09000000,41.31000000,1.52000000,7.54000000,3.54000000,31.61000000,75,77
45,0,45,AU-73,44,US,45,BlockApportionment:US.BlockGroups;PointsLayer:US.BlockPoints,2.19100000,2.57600000,1,195.00000000,44.00000000,162.00000000,893,27.27000000,0.00000000,17,44,US,45,BlockApportionment:US.BlockGroups;PointsLayer:US.BlockPoints,2.19100000,2.57600000,1,50.00000000,0.00000000,100.00000000,100.00000000,0.00000000,0.00000000,0.00000000,14.29000000,55,50
46,0,46,AV-73,45,US,46,BlockApportionment:US.BlockGroups;PointsLayer:US.BlockPoints,2.19100000,2.57600000,1,195.00000000,124.00000000,162.00000000,1036,28.23000000,0.00000000,17,45,US,46,BlockApportionment:US.BlockGroups;PointsLayer:US.BlockPoints,2.19100000,2.57600000,1,66.67000000,0.00000000,100.00000000,100.00000000,0.00000000,0.00000000,0.00000000,17.65000000,56,51
47,0,47,AP-72,46,US,47,BlockApportionment:US.BlockGroups;PointsLayer:US.BlockPoints,2.19100000,2.57600000,1,83.00000000,559.00000000,65.00000000,236,40.07000000,4.17000000,143,46,US,47,BlockApportionment:US.BlockGroups;PointsLayer:US.BlockPoints,2.19100000,2.57600000,1,20.23000000,1.16000000,9.47000000,15.22000000,0.84000000,4.37000000,3.32000000,17.55000000,114,115
48,0,48,AQ-72,47,US,48,BlockApportionment:US.BlockGroups;PointsLayer:US.BlockPoints,2.19100000,2.57600000,1,179.00000000,21.00000000,109.00000000,238,33.33000000,0.00000000,0,47,US,48,BlockApportionment:US.BlockGroups;PointsLayer:US.BlockPoints,2.19100000,2.57600000,1,0.00000000,0.00000000,22.22000000,0.00000000,0.00000000,5.56000000,0.00000000,15.38000000,0,0
49,0,49,AR-72,48,US,49,BlockApportionment:US.BlockGroups;PointsLayer:US.BlockPoints,2.19100000,2.57600000,1,98.00000000,1761.00000000,106.00000000,95,90.52000000,2.06000000,77,48,US,49,BlockApportionment:US.BlockGroups;PointsLayer:US.BlockPoints,2.19100000,2.57600000,1,15.68000000,7.33000000,20.38000000,27.64000000,3.30000000,6.28000000,2.14000000,27.17000000,88,89
50,0,50,AS-72,49,US,50,BlockApportionment:US.BlockGroups;PointsLayer:US.BlockPoints,2.19100000,2.57600000,1,110.00000000,6876.00000000,125.00000000,98,90.42000000,0.89000000,66,49,US,50,BlockApportionment:US.BlockGroups;PointsLayer:US.BlockPoints,2.19100000,2.57600000,1,20.91000000,5.25000000,23.86000000,36.70000000,5.65000000,4.86000000,1.12000000,29.62000000,67,70
51,2,51,AT-72,0,US,51,BlockApportionment:US.BlockGroups;PointsLayer:US.BlockPoints,2.19100000,2.57600000,1,142.00000000,4464.00000000,127.00000000,98,91.38000000,1.58000000,50,0,US,51,BlockApportionment:US.BlockGroups;PointsLayer:US.BlockPoints,2.19100000,2.57600000,1,23.64000000,4.13000000,40.52000000,40.86000000,6.36000000,12.74000000,1.53000000,24.10000000,51,55
52,6,52,AU-72,1,US,52,BlockApportionment:US.BlockGroups;PointsLayer:US.BlockPoints,2.19100000,2.57600000,1,207.00000000,257.00000000,153.00000000,64,85.99000000,2.45000000,42,1,US,52,BlockApportionment:US.BlockGroups;PointsLayer:US.BlockPoints,2.19100000,2.57600000,1,35.09000000,0.00000000,31.64000000,42.31000000,2.29000000,9.60000000,1.99000000,22.14000000,38,37
53,0,53,AV-72,2,US,53,BlockApportionment:US.BlockGroups;PointsLayer:US.BlockPoints,2.19100000,2.57600000,1,166.00000000,887.00000000,124.00000000,74,90.30000000,2.61000000,73,2,US,53,BlockApportionment:US.BlockGroups;PointsLayer:US.BlockPoints,2.19100000,2.57600000,1,36.45000000,4.35000000,27.23000000,31.96000000,3.82000000,9.87000000,3.47000000,20.49000000,69,75
54,0,54,AW-72,3,US,54,BlockApportionment:US.BlockGroups;PointsLayer:US.BlockPoints,2.19100000,2.57600000,1,195.00000000,5.00000000,162.00000000,0,20.00000000,0.00000000,9,3,US,54,BlockApportionment:US.BlockGroups;PointsLayer:US.BlockPoints,2.19100000,2.57600000,1,0.00000000,0.00000000,100.00000000,0.00000000,0.00000000,0.00000000,0.00000000,0.00000000,0,0
55,0,55,AX-72,4,US,55,BlockApportionment:US.BlockGroups;PointsLayer:US.BlockPoints,2.19100000,2.57600000,1,0.00000000,0.00000000,0.00000000,0,0.00000000,0.00000000,0,4,US,55,BlockApportionment:US.BlockGroups;PointsLayer:US.BlockPoints,2.19100000,2.57600000,1,0.00000000,0.00000000,0.00000000,0.00000000,0.00000000,0.00000000,0.00000000,0.00000000,0,0
56,0,56,AO-71,5,US,56,BlockApportionment:US.BlockGroups;PointsLayer:US.BlockPoints,2.19100000,2.57600000,1,107.00000000,2883.00000000,107.00000000,152,46.03000000,4.51000000,125,5,US,56,BlockApportionment:US.BlockGroups;PointsLayer:US.BlockPoints,2.19100000,2.57600000,1,18.93000000,2.21000000,8.27000000,14.51000000,1.13000000,3.93000000,3.80000000,18.63000000,103,105
57,2,57,AP-71,6,US,57,BlockApportionment:US.BlockGroups;PointsLayer:US.BlockPoints,2.19100000,2.57600000,1,61.00000000,2030.00000000,60.00000000,81,44.04000000,2.53000000,87,6,US,57,BlockApportionment:US.BlockGroups;PointsLayer:US.BlockPoints,2.19100000,2.57600000,1,18.16000000,5.07000000,14.86000000,14.87000000,3.07000000,6.25000000,2.46000000,17.96000000,75,76
58,0,58,AQ-71,7,US,58,BlockApportionment:US.BlockGroups;PointsLayer:US.BlockPoints,2.19100000,2.57600000,1,179.00000000,841.00000000,109.00000000,150,33.29000000,1.83000000,78,7,US,58,BlockApportionment:US.BlockGroups;PointsLayer:US.BlockPoints,2.19100000,2.57600000,1,10.83000000,5.99000000,23.14000000,18.82000000,2.05000000,6.68000000,1.99000000,18.95000000,81,78
59,0,59,AR-71,8,US,59,BlockApportionment:US.BlockGroups;PointsLayer:US.BlockPoints,2.19100000,2.57600000,1,107.00000000,1771.00000000,102.00000000,133,84.87000000,4.13000000,93,8,US,59,BlockApportionment:US.BlockGroups;PointsLayer:US.BlockPoints,2.19100000,2.57600000,1,17.36000000,11.36000000,5.28000000,33.33000000,4.68000000,3.50000000,1.95000000,21.00000000,94,99
60,0,60,AS-71,9,US,60,BlockApportionment:US.BlockGroups;PointsLayer:US.BlockPoints,2.19100000,2.57600000,1,68.00000000,5773.00000000,86.00000000,119,91.43000000,1.58000000,70,9,US,60,BlockApportionment:US.BlockGroups;PointsLayer:US.BlockPoints,2.19100000,2.57600000,1,23.10000000,10.32000000,26.44000000,32.02000000,5.43000000,6.91000000,1.47000000,22.00000000,69,72
61,0,61,AT-71,10,US,61,BlockApportionment:US.BlockGroups;PointsLayer:US.BlockPoints,2.19100000,2.57600000,1,127.00000000,3948.00000000,122.00000000,200,93.09000000,1.65000000,89,10,US,61,BlockApportionment:US.BlockGroups;PointsLayer:US.BlockPoints,2.19100000,2.57600000,1,16.92000000,3.82000000,15.73000000,38.17000000,5.77000000,6.75000000,1.26000000,28.10000000,89,93
62,0,62,AU-71,11,US,62,BlockApportionment:US.BlockGroups;PointsLayer:US.BlockPoints,2.19100000,2.57600000,1,189.00000000,3597.00000000,166.00000000,340,91.10000000,1.11000000,59,11,US,62,BlockApportionment:US.BlockGroups;PointsLayer:US.BlockPoints,2.19100000,2.57600000,1,22.18000000,3.17000000,23.31000000,36.12000000,7.49000000,11.79000000,0.34000000,18.63000000,60,62
63,0,63,AV-71,12,US,63,BlockApportionment:US.BlockGroups;PointsLayer:US.BlockPoints,2.19100000,2.57600000,1,136.00000000,3604.00000000,125.00000000,102,93.42000000,3.13000000,87,12,US,63,BlockApportionment:US.BlockGroups;PointsLayer:US.BlockPoints,2.19100000,2.57600000,1,21.73000000,1.11000000,4.87000000,26.78000000,4.73000000,5.60000000,1.21000000,31.72000000,78,81
64,1,64,AW-71,13,US,64,BlockApportionment:US.BlockGroups;PointsLayer:US.BlockPoints,2.19100000,2.57600000,1,136.00000000,235.00000000,119.00000000,129,85.96000000,1.07000000,109,13,US,64,BlockApportionment:US.BlockGroups;PointsLayer:US.BlockPoints,2.19100000,2.57600000,1,24.49000000,4.08000000,11.92000000,23.68000000,1.45000000,6.22000000,0.58000000,34.78000000,86,87
65,0,65,AX-71,14,US,65,BlockApportionment:US.BlockGroups;PointsLayer:US.BlockPoints,2.19100000,2.57600000,1,195.00000000,4.00000000,162.00000000,0,25.00000000,0.00000000,9,14,US,65,BlockApportionment:US.BlockGroups;PointsLayer:US.BlockPoints,2.19100000,2.57600000,1,0.00000000,0.00000000,100.00000000,0.00000000,0.00000000,0.00000000,0.00000000,0.00000000,0,0
66,0,66,AO-70,15,US,66,BlockApportionment:US.BlockGroups;PointsLayer:US.BlockPoints,2.19100000,2.57600000,1,92.00000000,3922.00000000,110.00000000,131,66.73000000,2.67000000,85,15,US,66,BlockApportionment:US.BlockGroups;PointsLayer:US.BlockPoints,2.19100000,2.57600000,1,17.57000000,0.68000000,16.15000000,21.78000000,5.83000000,8.81000000,2.22000000,16.24000000,81,84
67,0,67,AP-70,16,US,67,BlockApportionment:US.BlockGroups;PointsLayer:US.BlockPoints,2.19100000,2.57600000,1,81.00000000,4909.00000000,98.00000000,219,58.24000000,1.63000000,75,16,US,67,BlockApportionment:US.BlockGroups;PointsLayer:US.BlockPoints,2.19100000,2.57600000,1,23.67000000,3.90000000,14.72000000,22.45000000,5.15000000,7.92000000,1.60000000,19.21000000,78,81
68,0,68,AQ-70,17,US,68,BlockApportionment:US.BlockGroups;PointsLayer:US.BlockPoints,2.19100000,2.57600000,1,69.00000000,2765.00000000,97.00000000,181,42.42000000,1.65000000,97,17,US,68,BlockApportionment:US.BlockGroups;PointsLayer:US.BlockPoints,2.19100000,2.57600000,1,17.20000000,13.00000000,24.41000000,22.79000000,2.65000000,2.22000000,1.98000000,25.32000000,86,90
69,0,69,AR-70,18,US,69,BlockApportionment:US.BlockGroups;PointsLayer:US.BlockPoints,2.19100000,2.57600000,1,86.00000000,1662.00000000,105.00000000,117,81.53000000,2.55000000,131,18,US,69,BlockApportionment:US.BlockGroups;PointsLayer:US.BlockPoints,2.19100000,2.57600000,1,23.92000000,1.78000000,4.41000000,50.00000000,3.99000000,7.10000000,2.81000000,25.48000000,94,95
70,1,70,AS-70,19,US,70,BlockApportionment:US.BlockGroups;PointsLayer:US.BlockPoints,2.19100000,2.57600000,1,105.00000000,3165.00000000,108.00000000,124,89.32000000,2.43000000,105,19,US,70,BlockApportionment:US.BlockGroups;PointsLayer:US.BlockPoints,2.19100000,2.57600000,1,29.33000000,2.42000000,6.48000000,27.64000000,8.12000000,5.25000000,2.04000000,17.17000000,88,90
71,0,71,AT-70,20,US,71,BlockApportionment:US.BlockGroups;PointsLayer:US.BlockPoints,2.19100000,2.57600000,1,85.00000000,2976.00000000,97.00000000,219,89.25000000,2.87000000,97,20,US,71,BlockApportionment:US.BlockGroups;PointsLayer:US.BlockPoints,2.19100000,2.57600000,1,24.85000000,3.20000000,18.38000000,41.16000000,7.25000000,5.84000000,1.87000000,20.59000000,82,88
72,0,72,AU-70,21,US,72,BlockApportionment:US.BlockGroups;PointsLayer:US.BlockPoints,2.19100000,2.57600000,1,159.00000000,1540.00000000,149.00000000,138,88.70000000,1.52000000,125,21,US,72,BlockApportionment:US.BlockGroups;PointsLayer:US.BlockPoints,2.19100000,2.57600000,1,44.44000000,7.09000000,8.47000000,31.82000000,4.46000000,7.00000000,0.88000000,23.50000000,108,113
73,0,73,AV-70,22,US,73,BlockApportionment:US.BlockGroups;PointsLayer:US.BlockPoints,2.19100000,2.57600000,1,155.00000000,1549.00000000,136.00000000,131,91.03000000,2.45000000,94,22,US,73,BlockApportionment:US.BlockGroups;PointsLayer:US.BlockPoints,2.19100000,2.57600000,1,16.21000000,2.97000000,18.58000000,49.47000000,8.58000000,10.29000000,1.80000000,26.59000000,78,80
74,0,74,AW-70,23,US,74,BlockApportionment:US.BlockGroups;PointsLayer:US.BlockPoints,2.19100000,2.57600000,1,172.00000000,627.00000000,136.00000000,171,87.24000000,0.46000000,97,23,US,74,BlockApportionment:US.BlockGroups;PointsLayer:US.BlockPoints,2.19100000,2.57600000,1,25.00000000,5.41000000,26.33000000,34.65000000,2.47000000,4.01000000,0.25000000,32.10000000,80,83
75,0,75,AX-70,24,US,75,BlockApportionment:US.BlockGroups;PointsLayer:US.BlockPoints,2.19100000,2.57600000,1,0.00000000,0.00000000,0.00000000,0,0.00000000,0.00000000,0,24,US,75,BlockApportionment:US.BlockGroups;PointsLayer:US.BlockPoints,2.19100000,2.57600000,1,0.00000000,0.00000000,0.00000000,0.00000000,0.00000000,0.00000000,0.00000000,0.00000000,0,0
76,0,76,AQ-69,25,US,76,BlockApportionment:US.BlockGroups;PointsLayer:US.BlockPoints,2.19100000,2.57600000,1,61.00000000,729.00000000,73.00000000,155,29.49000000,6.07000000,74,25,US,76,BlockApportionment:US.BlockGroups;PointsLayer:US.BlockPoints,2.19100000,2.57600000,1,37.55000000,2.60000000,12.29000000,52.73000000,1.37000000,2.22000000,5.44000000,20.75000000,91,93
77,0,77,AR-69,26,US,77,BlockApportionment:US.BlockGroups;PointsLayer:US.BlockPoints,2.19100000,2.57600000,1,0.00000000,0.00000000,0.00000000,0,0.00000000,0.00000000,0,26,US,77,BlockApportionment:US.BlockGroups;PointsLayer:US.BlockPoints,2.19100000,2.57600000,1,0.00000000,0.00000000,0.00000000,0.00000000,0.00000000,0.00000000,0.00000000,0.00000000,0,0
78,0,78,AS-69,27,US,78,BlockApportionment:US.BlockGroups;PointsLayer:US.BlockPoints,2.19100000,2.57600000,1,101.00000000,2705.00000000,108.00000000,198,71.02000000,3.32000000,137,27,US,78,BlockApportionment:US.BlockGroups;PointsLayer:US.BlockPoints,2.19100000,2.57600000,1,28.39000000,1.37000000,3.44000000,10.94000000,12.49000000,4.96000000,2.43000000,22.84000000,119,119
79,0,79,AU-69,28,US,79,BlockApportionment:US.BlockGroups;PointsLayer:US.BlockPoints,2.19100000,2.57600000,1,85.00000000,564.00000000,100.00000000,148,87.41000000,1.94000000,83,28,US,79,BlockApportionment:US.BlockGroups;PointsLayer:US.BlockPoints,2.19100000,2.57600000,1,27.27000000,2.60000000,13.95000000,43.75000000,5.92000000,4.89000000,2.39000000,26.76000000,104,112
80,0,80,AW-69,29,US,80,BlockApportionment:US.BlockGroups;PointsLayer:US.BlockPoints,2.19100000,2.57600000,1,190.00000000,8.00000000,143.00000000,0,87.50000000,0.00000000,0,29,US,80,BlockApportionment:US.BlockGroups;PointsLayer:US.BlockPoints,2.19100000,2.57600000,1,0.00000000,0.00000000,30.77000000,0.00000000,0.00000000,0.00000000,0.00000000,28.57000000,0,0
81,0,81,AQ-68,30,US,81,BlockApportionment:US.BlockGroups;PointsLayer:US.BlockPoints,2.19100000,2.57600000,1,96.00000000,697.00000000,70.00000000,43,27.55000000,4.95000000,137,30,US,81,BlockApportionment:US.BlockGroups;PointsLayer:US.BlockPoints,2.19100000,2.57600000,1,18.14000000,1.96000000,4.57000000,21.62000000,2.64000000,1.96000000,5.21000000,19.92000000,115,117
82,0,82,AR-68,31,US,82,BlockApportionment:US.BlockGroups;PointsLayer:US.BlockPoints,2.19100000,2.57600000,1,126.00000000,2458.00000000,130.00000000,71,42.76000000,3.44000000,159,31,US,82,BlockApportionment:US.BlockGroups;PointsLayer:US.BlockPoints,2.19100000,2.57600000,1,25.00000000,6.21000000,7.25000000,83.52000000,5.10000000,3.69000000,3.54000000,22.00000000,126,126
83,0,83,AQ-67,32,US,83,BlockApportionment:US.BlockGroups;PointsLayer:US.BlockPoints,2.19100000,2.57600000,1,92.00000000,2918.00000000,75.00000000,50,35.74000000,4.76000000,118,32,US,83,BlockApportionment:US.BlockGroups;PointsLayer:US.BlockPoints,2.19100000,2.57600000,1,10.47000000,0.00000000,7.48000000,26.09000000,3.57000000,2.81000000,4.49000000,14.18000000,97,97
84,0,84,AR-67,33,US,84,BlockApportionment:US.BlockGroups;PointsLayer:US.BlockPoints,2.19100000,2.57600000,1,80.00000000,4114.00000000,87.00000000,98,36.63000000,3.49000000,147,33,US,84,BlockApportionment:US.BlockGroups;PointsLayer:US.BlockPoints,2.19100000,2.57600000,1,30.93000000,6.48000000,11.33000000,21.74000000,3.54000000,4.66000000,2.56000000,17.31000000,121,123
85,0,85,AQ-66,34,US,85,BlockApportionment:US.BlockGroups;PointsLayer:US.BlockPoints,2.19100000,2.57600000,1,69.00000000,3943.00000000,64.00000000,131,29.14000000,5.18000000,127,34,US,85,BlockApportionment:US.BlockGroups;PointsLayer:US.BlockPoints,2.19100000,2.57600000,1,19.11000000,1.84000000,7.85000000,25.53000000,2.01000000,4.29000000,5.56000000,23.21000000,98,98
86,0,86,AR-66,35,US,86,BlockApportionment:US.BlockGroups;PointsLayer:US.BlockPoints,2.19100000,2.57600000,1,49.00000000,3921.00000000,47.00000000,207,30.58000000,4.49000000,118,35,US,86,BlockApportionment:US.BlockGroups;PointsLayer:US.BlockPoints,2.19100000,2.57600000,1,33.78000000,4.99000000,6.44000000,21.21000000,3.82000000,7.81000000,2.93000000,16.52000000,93,94
87,0,87,AQ-65,36,US,87,BlockApportionment:US.BlockGroups;PointsLayer:US.BlockPoints,2.19100000,2.57600000,1,86.00000000,3931.00000000,79.00000000,131,31.37000000,4.65000000,119,36,US,87,BlockApportionment:US.BlockGroups;PointsLayer:US.BlockPoints,2.19100000,2.57600000,1,22.92000000,2.75000000,8.69000000,23.32000000,1.83000000,1.95000000,4.21000000,16.53000000,98,98
88,0,88,AR-65,37,US,88,BlockApportionment:US.BlockGroups;PointsLayer:US.BlockPoints,2.19100000,2.57600000,1,200.00000000,2261.00000000,200.00000000,45,43.79000000,8.74000000,139,37,US,88,BlockApportionment:US.BlockGroups;PointsLayer:US.BlockPoints,2.19100000,2.57600000,1,26.63000000,12.87000000,18.71000000,21.14000000,0.19000000,3.63000000,9.26000000,17.01000000,99,96
89,0,89,AQ-64,38,US,89,BlockApportionment:US.BlockGroups;PointsLayer:US.BlockPoints,2.19100000,2.57600000,1,191.00000000,1729.00000000,182.00000000,86,31.69000000,4.44000000,137,38,US,89,BlockApportionment:US.BlockGroups;PointsLayer:US.BlockPoints,2.19100000,2.57600000,1,15.49000000,0.17000000,10.19000000,23.85000000,1.27000000,4.84000000,3.08000000,24.37000000,119,120
90,0,90,AR-64,39,US,90,BlockApportionment:US.BlockGroups;PointsLayer:US.BlockPoints,2.19100000,2.57600000,1,266.00000000,583.00000000,242.00000000,69,47.68000000,6.44000000,113,39,US,90,BlockApportionment:US.BlockGroups;PointsLayer:US.BlockPoints,2.19100000,2.57600000,1,26.77000000,0.79000000,10.73000000,8.33000000,2.74000000,1.42000000,6.24000000,27.95000000,120,122
91,0,91,AQ-63,40,US,91,BlockApportionment:US.BlockGroups;PointsLayer:US.BlockPoints,2.19100000,2.57600000,1,184.00000000,891.00000000,163.00000000,212,65.10000000,1.75000000,118,40,US,91,BlockApportionment:US.BlockGroups;PointsLayer:US.BlockPoints,2.19100000,2.57600000,1,7.85000000,0.00000000,8.89000000,32.57000000,1.47000000,4.34000000,2.13000000,38.48000000,89,88
92,0,92,AR-63,41,US,92,BlockApportionment:US.BlockGroups;PointsLayer:US.BlockPoints,2.19100000,2.57600000,1,152.00000000,665.00000000,146.00000000,76,41.95000000,0.00000000,100,41,US,92,BlockApportionment:US.BlockGroups;PointsLayer:US.BlockPoints,2.19100000,2.57600000,1,0.00000000,0.00000000,33.33000000,0.00000000,0.00000000,0.00000000,0.00000000,33.33000000,105,108
93,0,93,AQ-62,42,US,93,BlockApportionment:US.BlockGroups;PointsLayer:US.BlockPoints,2.19100000,2.57600000,1,0.00000000,0.00000000,0.00000000,0,0.00000000,0.00000000,0,42,US,93,BlockApportionment:US.BlockGroups;PointsLayer:US.BlockPoints,2.19100000,2.57600000,1,0.00000000,0.00000000,0.00000000,0.00000000,0.00000000,0.00000000,0.00000000,0.00000000,0,0
94,0,94,AR-62,43,US,94,BlockApportionment:US.BlockGroups;PointsLayer:US.BlockPoints,2.19100000,2.57600000,1,0.00000000,0.00000000,0.00000000,0,0.00000000,0.00000000,0,43,US,94,BlockApportionment:US.BlockGroups;PointsLayer:US.BlockPoints,2.19100000,2.57600000,1,0.00000000,0.00000000,0.00000000,0.00000000,0.00000000,0.00000000,0.00000000,0.00000000,0,0
95,0,95,AS-62,44,US,95,BlockApportionment:US.BlockGroups;PointsLayer:US.BlockPoints,2.19100000,2.57600000,1,270.00000000,45.00000000,175.00000000,114,40.00000000,3.57000000,0,44,US,95,BlockApportionment:US.BlockGroups;PointsLayer:US.BlockPoints,2.19100000,2.57600000,1,0.00000000,0.00000000,2.63000000,0.00000000,6.90000000,5.26000000,3.45000000,10.34000000,0,0
96,0,96,AQ-61,45,US,96,BlockApportionment:US.BlockGroups;PointsLayer:US.BlockPoints,2.19100000,2.57600000,1,195.00000000,284.00000000,128.00000000,79,34.15000000,5.37000000,135,45,US,96,BlockApportionment:US.BlockGroups;PointsLayer:US.BlockPoints,2.19100000,2.57600000,1,19.51000000,0.81000000,8.33000000,23.08000000,4.62000000,6.85000000,4.55000000,18.49000000,102,101
97,0,97,AR-61,46,US,97,BlockApportionment:US.BlockGroups;PointsLayer:US.BlockPoints,2.19100000,2.57600000,1,247.00000000,16.00000000,171.00000000,0,31.25000000,6.25000000,0,46,US,97,BlockApportionment:US.BlockGroups;PointsLayer:US.BlockPoints,2.19100000,2.57600000,1,0.00000000,0.00000000,12.50000000,0.00000000,0.00000000,5.00000000,6.67000000,14.81000000,0,239
98,0,98,AS-61,47,US,98,BlockApportionment:US.BlockGroups;PointsLayer:US.BlockPoints,2.19100000,2.57600000,1,181.00000000,2669.00000000,143.00000000,88,60.40000000,6.27000000,128,47,US,98,BlockApportionment:US.BlockGroups;PointsLayer:US.BlockPoints,2.19100000,2.57600000,1,26.21000000,4.02000000,10.65000000,43.59000000,6.54000000,2.82000000,5.26000000,19.16000000,100,103
99,0,99,AQ-60,48,US,99,BlockApportionment:US.BlockGroups;PointsLayer:US.BlockPoints,2.19100000,2.57600000,1,141.00000000,739.00000000,126.00000000,36,40.46000000,9.99000000,138,48,US,99,BlockApportionment:US.BlockGroups;PointsLayer:US.BlockPoints,2.19100000,2.57600000,1,31.15000000,5.38000000,15.74000000,29.51000000,1.14000000,2.65000000,10.11000000,19.25000000,103,102
100,0,100,AR-60,49,US,100,BlockApportionment:US.BlockGroups;PointsLayer:US.BlockPoints,2.19100000,2.57600000,1,167.00000000,268.00000000,135.00000000,67,60.07000000,10.22000000,68,49,US,100,BlockApportionment:US.BlockGroups;PointsLayer:US.BlockPoints,2.19100000,2.57600000,1,38.46000000,19.23000000,18.39000000,6.45000000,2.31000000,3.14000000,11.70000000,13.29000000,66,66
101,0,101,AS-60,0,US,101,BlockApportionment:US.BlockGroups;PointsLayer:US.BlockPoints,2.19100000,2.57600000,1,248.00000000,1613.00000000,175.00000000,193,37.69000000,4.49000000,102,0,US,101,BlockApportionment:US.BlockGroups;PointsLayer:US.BlockPoints,2.19100000,2.57600000,1,34.05000000,11.74000000,8.45000000,2.63000000,2.22000000,3.79000000,4.44000000,16.38000000,100,110
102,0,102,AQ-59,1,US,102,BlockApportionment:US.BlockGroups;PointsLayer:US.BlockPoints,2.19100000,2.57600000,1,95.00000000,2272.00000000,110.00000000,143,60.48000000,5.74000000,119,1,US,102,BlockApportionment:US.BlockGroups;PointsLayer:US.BlockPoints,2.19100000,2.57600000,1,22.88000000,7.26000000,17.00000000,36.17000000,1.65000000,6.53000000,5.42000000,16.41000000,81,80
103,0,103,AR-59,2,US,103,BlockApportionment:US.BlockGroups;PointsLayer:US.BlockPoints,2.19100000,2.57600000,1,167.00000000,1440.00000000,118.00000000,114,60.07000000,5.77000000,67,2,US,103,BlockApportionment:US.BlockGroups;PointsLayer:US.BlockPoints,2.19100000,2.57600000,1,47.39000000,7.75000000,16.77000000,7.17000000,1.42000000,10.18000000,5.19000000,21.76000000,63,63
104,0,104,AS-59,3,US,104,BlockApportionment:US.BlockGroups;PointsLayer:US.BlockPoints,2.19100000,2.57600000,1,246.00000000,350.00000000,175.00000000,202,37.43000000,4.68000000,101,3,US,104,BlockApportionment:US.BlockGroups;PointsLayer:US.BlockPoints,2.19100000,2.57600000,1,34.26000000,12.04000000,8.66000000,0.00000000,2.09000000,3.66000000,4.49000000,16.72000000,101,111
105,0,105,AQ-58,4,US,105,BlockApportionment:US.BlockGroups;PointsLayer:US.BlockPoints,2.19100000,2.57600000,1,120.00000000,3836.00000000,116.00000000,83,63.61000000,2.10000000,91,4,US,105,BlockApportionment:US.BlockGroups;PointsLayer:US.BlockPoints,2.19100000,2.57600000,1,22.11000000,2.05000000,13.98000000,27.49000000,3.83000000,3.94000000,2.75000000,23.00000000,85,89
106,0,106,AR-58,5,US,106,BlockApportionment:US.BlockGroups;PointsLayer:US.BlockPoints,2.19100000,2.57600000,1,233.00000000,609.00000000,121.00000000,143,57.31000000,2.66000000,69,5,US,106,BlockApportionment:US.BlockGroups;PointsLayer:US.BlockPoints,2.19100000,2.57600000,1,48.74000000,0.42000000,15.04000000,17.39000000,1.50000000,12.58000000,2.09000000,25.05000000,70,73
107,0,107,AS-58,6,US,107,BlockApportionment:US.BlockGroups;PointsLayer:US.BlockPoints,2.19100000,2.57600000,1,337.00000000,813.00000000,159.00000000,150,55.97000000,3.36000000,100,6,US,107,BlockApportionment:US.BlockGroups;PointsLayer:US.BlockPoints,2.19100000,2.57600000,1,33.59000000,2.29000000,13.00000000,47.17000000,3.10000000,4.46000000,6.47000000,16.12000000,94,104
108,0,108,AQ-57,7,US,108,BlockApportionment:US.BlockGroups;PointsLayer:US.BlockPoints,2.19100000,2.57600000,1,147.00000000,1483.00000000,107.00000000,79,57.59000000,3.68000000,95,7,US,108,BlockApportionment:US.BlockGroups;PointsLayer:US.BlockPoints,2.19100000,2.57600000,1,22.22000000,2.78000000,6.02000000,22.30000000,1.69000000,2.35000000,2.56000000,19.36000000,90,93
109,0,109,AR-57,8,US,109,BlockApportionment:US.BlockGroups;PointsLayer:US.BlockPoints,2.19100000,2.57600000,1,301.00000000,464.00000000,145.00000000,167,66.38000000,1.52000000,158,8,US,109,BlockApportionment:US.BlockGroups;PointsLayer:US.BlockPoints,2.19100000,2.57600000,1,49.02000000,3.92000000,8.42000000,0.00000000,1.96000000,2.71000000,1.96000000,27.37000000,139,135
110,0,110,AQ-56,9,US,110,BlockApportionment:US.BlockGroups;PointsLayer:US.BlockPoints,2.19100000,2.57600000,1,140.00000000,2661.00000000,105.00000000,107,65.43000000,1.67000000,89,9,US,110,BlockApportionment:US.BlockGroups;PointsLayer:US.BlockPoints,2.19100000,2.57600000,1,48.41000000,1.69000000,9.76000000,13.20000000,8.04000000,2.22000000,2.68000000,16.23000000,88,89
111,0,111,AR-56,10,US,111,BlockApportionment:US.BlockGroups;PointsLayer:US.BlockPoints,2.19100000,2.57600000,1,294.00000000,106.00000000,142.00000000,157,69.81000000,1.09000000,154,10,US,111,BlockApportionment:US.BlockGroups;PointsLayer:US.BlockPoints,2.19100000,2.57600000,1,47.83000000,4.35000000,6.96000000,0.00000000,2.30000000,1.74000000,1.02000000,29.89000000,138,131
112,0,112,AP-55,11,US,112,BlockApportionment:US.BlockGroups;PointsLayer:US.BlockPoints,2.19100000,2.57600000,1,230.00000000,1928.00000000,175.00000000,90,77.49000000,1.31000000,96,11,US,112,BlockApportionment:US.BlockGroups;PointsLayer:US.BlockPoints,2.19100000,2.57600000,1,36.21000000,1.69000000,17.45000000,23.56000000,5.94000000,8.33000000,1.67000000,15.37000000,75,75
113,0,113,AQ-55,12,US,113,BlockApportionment:US.BlockGroups;PointsLayer:US.BlockPoints,2.19100000,2.57600000,1,213.00000000,1742.00000000,151.00000000,143,64.81000000,1.43000000,97,12,US,113,BlockApportionment:US.BlockGroups;PointsLayer:US.BlockPoints,2.19100000,2.57600000,1,41.95000000,4.21000000,12.95000000,34.70000000,5.60000000,5.45000000,1.77000000,20.90000000,79,82
114,0,114,AR-55,13,US,114,BlockApportionment:US.BlockGroups;PointsLayer:US.BlockPoints,2.19100000,2.57600000,1,996.00000000,108.00000000,418.00000000,0,58.33000000,0.00000000,0,13,US,114,BlockApportionment:US.BlockGroups;PointsLayer:US.BlockPoints,2.19100000,2.57600000,1,0.00000000,0.00000000,8.33000000,0.00000000,0.00000000,8.33000000,0.00000000,25.00000000,0,0
115,0,115,AS-55,14,US,115,BlockApportionment:US.BlockGroups;PointsLayer:US.BlockPoints,2.19100000,2.57600000,1,346.00000000,1301.00000000,243.00000000,167,39.74000000,4.38000000,109,14,US,115,BlockApportionment:US.BlockGroups;PointsLayer:US.BlockPoints,2.19100000,2.57600000,1,34.89000000,4.44000000,25.30000000,25.68000000,2.61000000,5.49000000,4.53000000,21.86000000,82,83
116,0,116,AT-55,15,US,116,BlockApportionment:US.BlockGroups;PointsLayer:US.BlockPoints,2.19100000,2.57600000,1,208.00000000,2867.00000000,207.00000000,83,52.84000000,2.76000000,112,15,US,116,BlockApportionment:US.BlockGroups;PointsLayer:US.BlockPoints,2.19100000,2.57600000,1,33.68000000,8.84000000,14.91000000,40.30000000,6.85000000,3.69000000,1.83000000,16.72000000,91,92
117,0,117,AP-54,16,US,117,BlockApportionment:US.BlockGroups;PointsLayer:US.BlockPoints,2.19100000,2.57600000,1,260.00000000,2076.00000000,275.00000000,150,46.39000000,5.46000000,130,16,US,117,BlockApportionment:US.BlockGroups;PointsLayer:US.BlockPoints,2.19100000,2.57600000,1,29.92000000,0.63000000,4.59000000,20.83000000,4.02000000,3.85000000,4.45000000,18.88000000,120,117
118,1,118,AQ-54,17,US,118,BlockApportionment:US.BlockGroups;PointsLayer:US.BlockPoints,2.19100000,2.57600000,1,239.00000000,3196.00000000,186.00000000,248,59.70000000,2.64000000,90,17,US,118,BlockApportionment:US.BlockGroups;PointsLayer:US.BlockPoints,2.19100000,2.57600000,1,37.91000000,7.68000000,15.06000000,27.19000000,3.16000000,8.28000000,2.20000000,22.65000000,79,81
119,0,119,AR-54,18,US,119,BlockApportionment:US.BlockGroups;PointsLayer:US.BlockPoints,2.19100000,2.57600000,1,244.00000000,2741.00000000,215.00000000,205,60.56000000,3.09000000,77,18,US,119,BlockApportionment:US.BlockGroups;PointsLayer:US.BlockPoints,2.19100000,2.57600000,1,44.59000000,7.17000000,20.71000000,25.19000000,4.30000000,8.82000000,3.27000000,22.20000000,97,103
120,0,120,AS-54,19,US,120,BlockApportionment:US.BlockGroups;PointsLayer:US.BlockPoints,2.19100000,2.57600000,1,304.00000000,2542.00000000,256.00000000,102,63.85000000,3.84000000,76,19,US,120,BlockApportionment:US.BlockGroups;PointsLayer:US.BlockPoints,2.19100000,2.57600000,1,47.51000000,10.12000000,18.96000000,12.16000000,14.45000000,5.47000000,4.01000000,22.92000000,83,86
121,0,121,AT-54,20,US,121,BlockApportionment:US.BlockGroups;PointsLayer:US.BlockPoints,2.19100000,2.57600000,1,230.00000000,2194.00000000,245.00000000,38,70.42000000,0.89000000,99,20,US,121,BlockApportionment:US.BlockGroups;PointsLayer:US.BlockPoints,2.19100000,2.57600000,1,30.23000000,9.30000000,7.65000000,47.30000000,8.42000000,4.55000000,0.62000000,22.60000000,84,88
122,0,122,AU-54,21,US,122,BlockApportionment:US.BlockGroups;PointsLayer:US.BlockPoints,2.19100000,2.57600000,1,233.00000000,1610.00000000,228.00000000,55,49.32000000,1.73000000,108,21,US,122,BlockApportionment:US.BlockGroups;PointsLayer:US.BlockPoints,2.19100000,2.57600000,1,33.81000000,11.11000000,12.09000000,32.50000000,1.42000000,1.43000000,0.52000000,17.91000000,90,88
123,0,123,AV-54,22,US,123,BlockApportionment:US.BlockGroups;PointsLayer:US.BlockPoints,2.19100000,2.57600000,1,209.00000000,2414.00000000,252.00000000,167,56.46000000,2.58000000,91,22,US,123,BlockApportionment:US.BlockGroups;PointsLayer:US.BlockPoints,2.19100000,2.57600000,1,28.81000000,3.76000000,9.21000000,41.21000000,9.84000000,4.26000000,2.40000000,34.61000000,89,93
124,0,124,AX-54,23,US,124,BlockApportionment:US.BlockGroups;PointsLayer:US.BlockPoints,2.19100000,2.57600000,1,231.00000000,3000.00000000,265.00000000,188,70.93000000,1.10000000,55,23,US,124,BlockApportionment:US.BlockGroups;PointsLayer:US.BlockPoints,2.19100000,2.57600000,1,35.58000000,14.83000000,21.79000000,29.14000000,13.30000000,6.85000000,0.19000000,21.51000000,57,57
125,0,125,AP-53,24,US,125,BlockApportionment:US.BlockGroups;PointsLayer:US.BlockPoints,2.19100000,2.57600000,1,194.00000000,3158.00000000,223.00000000,171,59.09000000,3.50000000,59,24,US,125,BlockApportionment:US.BlockGroups;PointsLayer:US.BlockPoints,2.19100000,2.57600000,1,42.11000000,3.22000000,20.07000000,37.17000000,0.69000000,2.14000000,2.21000000,27.73000000,69,72
126,0,126,AQ-53,25,US,126,BlockApportionment:US.BlockGroups;PointsLayer:US.BlockPoints,2.19100000,2.57600000,1,170.00000000,3296.00000000,189.00000000,267,55.37000000,2.12000000,82,25,US,126,BlockApportionment:US.BlockGroups;PointsLayer:US.BlockPoints,2.19100000,2.57600000,1,43.89000000,7.73000000,22.12000000,28.65000000,3.43000000,7.65000000,1.39000000,20.34000000,79,81
127,1,127,AR-53,26,US,127,BlockApportionment:US.BlockGroups;PointsLayer:US.BlockPoints,2.19100000,2.57600000,1,142.00000000,2270.00000000,159.00000000,143,65.68000000,1.27000000,75,26,US,127,BlockApportionment:US.BlockGroups;PointsLayer:US.BlockPoints,2.19100000,2.57600000,1,37.44000000,4.84000000,23.37000000,38.66000000,8.64000000,6.68000000,0.83000000,18.85000000,80,84
128,0,128,AS-53,27,US,128,BlockApportionment:US.BlockGroups;PointsLayer:US.BlockPoints,2.19100000,2.57600000,1,188.00000000,3726.00000000,199.00000000,110,70.96000000,1.74000000,92,27,US,128,BlockApportionment:US.BlockGroups;PointsLayer:US.BlockPoints,2.19100000,2.57600000,1,47.09000000,8.97000000,13.27000000,42.12000000,11.03000000,4.51000000,1.87000000,21.30000000,97,102
129,0,129,AT-53,28,US,129,BlockApportionment:US.BlockGroups;PointsLayer:US.BlockPoints,2.19100000,2.57600000,1,153.00000000,4138.00000000,180.00000000,169,67.06000000,2.43000000,88,28,US,129,BlockApportionment:US.BlockGroups;PointsLayer:US.BlockPoints,2.19100000,2.57600000,1,35.60000000,7.00000000,18.78000000,40.17000000,8.16000000,8.55000000,2.44000000,27.77000000,79,78
130,1,130,AU-53,29,US,130,BlockApportionment:US.BlockGroups;PointsLayer:US.BlockPoints,2.19100000,2.57600000,1,193.00000000,2147.00000000,207.00000000,205,64.83000000,2.88000000,83,29,US,130,BlockApportionment:US.BlockGroups;PointsLayer:US.BlockPoints,2.19100000,2.57600000,1,36.91000000,22.85000000,23.73000000,44.68000000,4.38000000,6.00000000,2.42000000,24.44000000,72,73
131,0,131,AV-53,30,US,131,BlockApportionment:US.BlockGroups;PointsLayer:US.BlockPoints,2.19100000,2.57600000,1,220.00000000,3379.00000000,249.00000000,300,70.85000000,0.83000000,48,30,US,131,BlockApportionment:US.BlockGroups;PointsLayer:US.BlockPoints,2.19100000,2.57600000,1,34.17000000,14.52000000,32.22000000,32.53000000,3.73000000,4.69000000,0.42000000,18.28000000,57,59
132,0,132,AW-53,31,US,132,BlockApportionment:US.BlockGroups;PointsLayer:US.BlockPoints,2.19100000,2.57600000,1,279.00000000,1609.00000000,272.00000000,207,60.85000000,1.53000000,52,31,US,132,BlockApportionment:US.BlockGroups;PointsLayer:US.BlockPoints,2.19100000,2.57600000,1,40.41000000,12.61000000,21.33000000,36.83000000,10.41000000,4.60000000,0.33000000,20.29000000,55,56
133,1,133,AX-53,32,US,133,BlockApportionment:US.BlockGroups;PointsLayer:US.BlockPoints,2.19100000,2.57600000,1,223.00000000,5743.00000000,201.00000000,362,73.95000000,1.71000000,44,32,US,133,BlockApportionment:US.BlockGroups;PointsLayer:US.BlockPoints,2.19100000,2.57600000,1,38.91000000,28.64000000,37.17000000,44.84000000,11.32000000,7.14000000,1.91000000,22.71000000,47,48
134,0,134,AY-53,33,US,134,BlockApportionment:US.BlockGroups;PointsLayer:US.BlockPoints,2.19100000,2.57600000,1,189.00000000,515.00000000,98.00000000,40,70.10000000,0.35000000,81,33,US,134,BlockApportionment:US.BlockGroups;PointsLayer:US.BlockPoints,2.19100000,2.57600000,1,31.21000000,6.38000000,10.73000000,56.41000000,5.08000000,23.16000000,0.22000000,25.13000000,63,63
135,0,135,AO-52,34,US,135,BlockApportionment:US.BlockGroups;PointsLayer:US.BlockPoints,2.19100000,2.57600000,1,222.00000000,2044.00000000,246.00000000,260,41.00000000,4.14000000,93,34,US,135,BlockApportionment:US.BlockGroups;PointsLayer:US.BlockPoints,2.19100000,2.57600000,1,42.20000000,1.65000000,11.17000000,33.66000000,0.90000000,3.91000000,4.79000000,23.28000000,89,88
136,0,136,AP-52,35,US,136,BlockApportionment:US.BlockGroups;PointsLayer:US.BlockPoints,2.19100000,2.57600000,1,232.00000000,5916.00000000,266.00000000,219,61.16000000,3.87000000,61,35,US,136,BlockApportionment:US.BlockGroups;PointsLayer:US.BlockPoints,2.19100000,2.57600000,1,38.26000000,14.17000000,26.60000000,42.43000000,5.18000000,8.01000000,1.51000000,23.86000000,62,64
137,3,137,AQ-52,36,US,137,BlockApportionment:US.BlockGroups;PointsLayer:US.BlockPoints,2.19100000,2.57600000,1,192.00000000,2863.00000000,186.00000000,176,57.42000000,2.13000000,59,36,US,137,BlockApportionment:US.BlockGroups;PointsLayer:US.BlockPoints,2.19100000,2.57600000,1,47.24000000,5.62000000,25.67000000,40.56000000,6.60000000,4.61000000,2.14000000,33.06000000,66,66
138,2,138,AR-52,37,US,138,BlockApportionment:US.BlockGroups;PointsLayer:US.BlockPoints,2.19100000,2.57600000,1,176.00000000,3468.00000000,189.00000000,86,68.97000000,1.24000000,64,37,US,138,BlockApportionment:US.BlockGroups;PointsLayer:US.BlockPoints,2.19100000,2.57600000,1,42.90000000,10.17000000,27.94000000,50.75000000,8.80000000,7.59000000,1.03000000,25.81000000,65,66
139,0,139,AS-52,38,US,139,BlockApportionment:US.BlockGroups;PointsLayer:US.BlockPoints,2.19100000,2.57600000,1,204.00000000,3988.00000000,202.00000000,143,75.93000000,2.17000000,56,38,US,139,BlockApportionment:US.BlockGroups;PointsLayer:US.BlockPoints,2.19100000,2.57600000,1,43.56000000,7.56000000,26.35000000,44.04000000,9.73000000,6.17000000,1.48000000,23.66000000,62,70
140,0,140,AT-52,39,US,140,BlockApportionment:US.BlockGroups;PointsLayer:US.BlockPoints,2.19100000,2.57600000,1,190.00000000,3436.00000000,190.00000000,160,77.21000000,1.38000000,69,39,US,140,BlockApportionment:US.BlockGroups;PointsLayer:US.BlockPoints,2.19100000,2.57600000,1,33.11000000,16.78000000,33.78000000,46.85000000,6.10000000,2.79000000,1.97000000,21.00000000,82,87
141,0,141,AU-52,40,US,141,BlockApportionment:US.BlockGroups;PointsLayer:US.BlockPoints,2.19100000,2.57600000,1,187.00000000,4370.00000000,202.00000000,236,74.12000000,1.61000000,65,40,US,141,BlockApportionment:US.BlockGroups;PointsLayer:US.BlockPoints,2.19100000,2.57600000,1,37.95000000,5.35000000,32.23000000,40.40000000,2.87000000,7.51000000,1.34000000,24.26000000,67,65
142,0,142,AV-52,41,US,142,BlockApportionment:US.BlockGroups;PointsLayer:US.BlockPoints,2.19100000,2.57600000,1,227.00000000,4687.00000000,240.00000000,219,74.44000000,1.59000000,44,41,US,142,BlockApportionment:US.BlockGroups;PointsLayer:US.BlockPoints,2.19100000,2.57600000,1,42.88000000,10.97000000,35.86000000,38.19000000,7.20000000,4.04000000,1.45000000,20.53000000,48,50
143,0,143,AW-52,42,US,143,BlockApportionment:US.BlockGroups;PointsLayer:US.BlockPoints,2.19100000,2.57600000,1,248.00000000,3916.00000000,255.00000000,121,76.10000000,0.88000000,61,42,US,143,BlockApportionment:US.BlockGroups;PointsLayer:US.BlockPoints,2.19100000,2.57600000,1,38.89000000,9.35000000,28.80000000,41.25000000,8.94000000,8.51000000,0.91000000,22.22000000,60,60
144,0,144,AX-52,43,US,144,BlockApportionment:US.BlockGroups;PointsLayer:US.BlockPoints,2.19100000,2.57600000,1,169.00000000,6101.00000000,183.00000000,207,80.68000000,1.75000000,66,43,US,144,BlockApportionment:US.BlockGroups;PointsLayer:US.BlockPoints,2.19100000,2.57600000,1,32.40000000,10.09000000,20.47000000,28.31000000,7.70000000,8.74000000,1.25000000,25.89000000,58,57
145,0,145,AY-52,44,US,145,BlockApportionment:US.BlockGroups;PointsLayer:US.BlockPoints,2.19100000,2.57600000,1,170.00000000,1655.00000000,124.00000000,155,93.11000000,2.11000000,94,44,US,145,BlockApportionment:US.BlockGroups;PointsLayer:US.BlockPoints,2.19100000,2.57600000,1,17.69000000,3.49000000,7.69000000,27.51000000,9.80000000,12.07000000,1.62000000,26.20000000,70,69
146,0,146,AN-51,45,US,146,BlockApportionment:US.BlockGroups;PointsLayer:US.BlockPoints,2.19100000,2.57600000,1,153.00000000,2757.00000000,190.00000000,188,21.84000000,5.48000000,96,45,US,146,BlockApportionment:US.BlockGroups;PointsLayer:US.BlockPoints,2.19100000,2.57600000,1,32.24000000,6.16000000,31.88000000,55.53000000,3.05000000,2.12000000,4.97000000,26.19000000,73,71
147,0,147,AO-51,46,US,147,BlockApportionment:US.BlockGroups;PointsLayer:US.BlockPoints,2.19100000,2.57600000,1,210.00000000,3293.00000000,244.00000000,126,46.07000000,2.98000000,75,46,US,147,BlockApportionment:US.BlockGroups;PointsLayer:US.BlockPoints,2.19100000,2.57600000,1,47.68000000,3.76000000,19.16000000,50.07000000,2.84000000,6.97000000,3.21000000,25.43000000,64,64
148,0,148,AP-51,47,US,148,BlockApportionment:US.BlockGroups;PointsLayer:US.BlockPoints,2.19100000,2.57600000,1,213.00000000,5299.00000000,256.00000000,205,63.90000000,3.08000000,49,47,US,148,BlockApportionment:US.BlockGroups;PointsLayer:US.BlockPoints,2.19100000,2.57600000,1,47.60000000,14.39000000,26.61000000,52.27000000,4.44000000,7.82000000,4.31000000,26.71000000,52,54
149,9,149,AQ-51,48,US,149,BlockApportionment:US.BlockGroups;PointsLayer:US.BlockPoints,2.19100000,2.57600000,1,195.00000000,3371.00000000,215.00000000,198,59.30000000,4.89000000,72,48,US,149,BlockApportionment:US.BlockGroups;PointsLayer:US.BlockPoints,2.19100000,2.57600000,1,38.89000000,10.17000000,19.10000000,49.40000000,4.10000000,8.64000000,4.47000000,23.76000000,73,76
150,0,150,AR-51,49,US,150,BlockApportionment:US.BlockGroups;PointsLayer:US.BlockPoints,2.19100000,2.57600000,1,168.00000000,3617.00000000,196.00000000,171,66.38000000,0.45000000,74,49,US,150,BlockApportionment:US.BlockGroups;PointsLayer:US.BlockPoints,2.19100000,2.57600000,1,29.11000000,9.09000000,29.91000000,35.84000000,6.03000000,7.30000000,0.79000000,27.70000000,65,65
151,0,151,AS-51,0,US,151,BlockApportionment:US.BlockGroups;PointsLayer:US.BlockPoints,2.19100000,2.57600000,1,182.00000000,5197.00000000,204.00000000,136,72.37000000,1.20000000,74,0,US,151,BlockApportionment:US.BlockGroups;PointsLayer:US.BlockPoints,2.19100000,2.57600000,1,28.78000000,10.28000000,25.35000000,34.68000000,3.60000000,7.85000000,1.43000000,27.13000000,67,68
152,0,152,AT-51,1,US,152,BlockApportionment:US.BlockGroups;PointsLayer:US.BlockPoints,2.19100000,2.57600000,1,163.00000000,4077.00000000,199.00000000,131,71.55000000,2.64000000,81,1,US,152,BlockApportionment:US.BlockGroups;PointsLayer:US.BlockPoints,2.19100000,2.57600000,1,38.03000000,13.09000000,18.78000000,40.77000000,6.18000000,3.82000000,1.92000000,30.07000000,82,85
153,0,153,AU-51,2,US,153,BlockApportionment:US.BlockGroups;PointsLayer:US.BlockPoints,2.19100000,2.57600000,1,188.00000000,3069.00000000,218.00000000,131,71.78000000,1.12000000,74,2,US,153,BlockApportionment:US.BlockGroups;PointsLayer:US.BlockPoints,2.19100000,2.57600000,1,43.02000000,7.21000000,20.03000000,52.36000000,10.74000000,7.85000000,2.06000000,20.46000000,84,88
154,0,154,AV-51,3,US,154,BlockApportionment:US.BlockGroups;PointsLayer:US.BlockPoints,2.19100000,2.57600000,1,203.00000000,3014.00000000,230.00000000,250,72.59000000,1.90000000,43,3,US,154,BlockApportionment:US.BlockGroups;PointsLayer:US.BlockPoints,2.19100000,2.57600000,1,46.40000000,3.82000000,19.18000000,25.98000000,8.43000000,3.90000000,2.65000000,18.05000000,62,65
155,0,155,AW-51,4,US,155,BlockApportionment:US.BlockGroups;PointsLayer:US.BlockPoints,2.19100000,2.57600000,1,263.00000000,4254.00000000,267.00000000,193,79.45000000,1.05000000,75,4,US,155,BlockApportionment:US.BlockGroups;PointsLayer:US.BlockPoints,2.19100000,2.57600000,1,33.97000000,6.26000000,16.67000000,26.58000000,8.30000000,8.21000000,1.29000000,32.27000000,66,67
156,0,156,AX-51,5,US,156,BlockApportionment:US.BlockGroups;PointsLayer:US.BlockPoints,2.19100000,2.57600000,1,235.00000000,4569.00000000,228.00000000,376,77.85000000,0.58000000,64,5,US,156,BlockApportionment:US.BlockGroups;PointsLayer:US.BlockPoints,2.19100000,2.57600000,1,34.78000000,16.17000000,25.29000000,23.57000000,4.14000000,6.63000000,0.45000000,21.89000000,55,53
157,0,157,X-50,6,US,157,BlockApportionment:US.BlockGroups;PointsLayer:US.BlockPoints,2.19100000,2.57600000,1,185.00000000,484.00000000,131.00000000,117,17.98000000,4.10000000,175,6,US,157,BlockApportionment:US.BlockGroups;PointsLayer:US.BlockPoints,2.19100000,2.57600000,1,21.30000000,0.00000000,3.10000000,28.17000000,0.00000000,0.00000000,3.47000000,0.00000000,176,171
158,0,158,Z-50,7,US,158,BlockApportionment:US.BlockGroups;PointsLayer:US.BlockPoints,2.19100000,2.57600000,1,196.00000000,219.00000000,112.00000000,17,17.81000000,1.74000000,192,7,US,158,BlockApportionment:US.BlockGroups;PointsLayer:US.BlockPoints,2.19100000,2.57600000,1,5.19000000,0.00000000,8.26000000,15.38000000,0.63000000,1.83000000,2.27000000,14.47000000,145,144
159,0,159,AA-50,8,US,159,BlockApportionment:US.BlockGroups;PointsLayer:US.BlockPoints,2.19100000,2.57600000,0,0.00000000,0.00000000,0.00000000,0,0.00000000,0.00000000,0,8,US,159,BlockApportionment:US.BlockGroups;PointsLayer:US.BlockPoints,2.19100000,2.57600000,0,0.00000000,0.00000000,0.00000000,0.00000000,0.00000000,0.00000000,0.00000000,0.00000000,0,0
160,1,160,AB-50,9,US,160,BlockApportionment:US.BlockGroups;PointsLayer:US.BlockPoints,2.19100000,2.57600000,1,0.00000000,0.00000000,0.00000000,0,0.00000000,0.00000000,0,9,US,160,BlockApportionment:US.BlockGroups;PointsLayer:US.BlockPoints,2.19100000,2.57600000,1,0.00000000,0.00000000,0.00000000,0.00000000,0.00000000,0.00000000,0.00000000,0.00000000,0,0
161,0,161,AC-50,10,US,161,BlockApportionment:US.BlockGroups;PointsLayer:US.BlockPoints,2.19100000,2.57600000,1,0.00000000,0.00000000,0.00000000,0,0.00000000,0.00000000,0,10,US,161,BlockApportionment:US.BlockGroups;PointsLayer:US.BlockPoints,2.19100000,2.57600000,1,0.00000000,0.00000000,0.00000000,0.00000000,0.00000000,0.00000000,0.00000000,0.00000000,0,0
162,0,162,AD-50,11,US,162,BlockApportionment:US.BlockGroups;PointsLayer:US.BlockPoints,2.19100000,2.57600000,1,0.00000000,0.00000000,0.00000000,0,0.00000000,0.00000000,0,11,US,162,BlockApportionment:US.BlockGroups;PointsLayer:US.BlockPoints,2.19100000,2.57600000,1,0.00000000,0.00000000,0.00000000,0.00000000,0.00000000,0.00000000,0.00000000,0.00000000,0,0
163,0,163,AF-50,12,US,163,BlockApportionment:US.BlockGroups;PointsLayer:US.BlockPoints,2.19100000,2.57600000,1,305.00000000,22.00000000,152.00000000,0,36.36000000,12.50000000,63,12,US,163,BlockApportionment:US.BlockGroups;PointsLayer:US.BlockPoints,2.19100000,2.57600000,1,0.00000000,0.00000000,5.88000000,0.00000000,0.00000000,0.00000000,13.33000000,7.14000000,52,53
164,0,164,AN-50,13,US,164,BlockApportionment:US.BlockGroups;PointsLayer:US.BlockPoints,2.19100000,2.57600000,1,165.00000000,2248.00000000,190.00000000,174,25.58000000,5.13000000,97,13,US,164,BlockApportionment:US.BlockGroups;PointsLayer:US.BlockPoints,2.19100000,2.57600000,1,37.11000000,2.44000000,9.70000000,14.10000000,2.55000000,0.59000000,5.38000000,22.70000000,85,84
165,0,165,AO-50,14,US,165,BlockApportionment:US.BlockGroups;PointsLayer:US.BlockPoints,2.19100000,2.57600000,1,199.00000000,3344.00000000,224.00000000,200,46.41000000,3.95000000,97,14,US,165,BlockApportionment:US.BlockGroups;PointsLayer:US.BlockPoints,2.19100000,2.57600000,1,46.63000000,12.59000000,21.82000000,56.53000000,3.63000000,6.60000000,5.55000000,28.65000000,74,75
166,0,166,AP-50,15,US,166,BlockApportionment:US.BlockGroups;PointsLayer:US.BlockPoints,2.19100000,2.57600000,1,216.00000000,6085.00000000,264.00000000,243,63.78000000,2.68000000,68,15,US,166,BlockApportionment:US.BlockGroups;PointsLayer:US.BlockPoints,2.19100000,2.57600000,1,33.04000000,6.59000000,22.65000000,36.89000000,4.33000000,7.51000000,2.30000000,29.05000000,70,75
167,0,167,AQ-50,16,US,167,BlockApportionment:US.BlockGroups;PointsLayer:US.BlockPoints,2.19100000,2.57600000,1,139.00000000,4186.00000000,181.00000000,162,68.54000000,0.26000000,84,16,US,167,BlockApportionment:US.BlockGroups;PointsLayer:US.BlockPoints,2.19100000,2.57600000,1,30.39000000,5.72000000,23.16000000,48.18000000,8.64000000,6.13000000,0.92000000,23.42000000,69,69
168,0,168,AR-50,17,US,168,BlockApportionment:US.BlockGroups;PointsLayer:US.BlockPoints,2.19100000,2.57600000,1,172.00000000,4364.00000000,191.00000000,305,72.30000000,1.56000000,46,17,US,168,BlockApportionment:US.BlockGroups;PointsLayer:US.BlockPoints,2.19100000,2.57600000,1,43.49000000,9.12000000,33.70000000,44.70000000,7.58000000,5.18000000,1.45000000,27.35000000,48,49
169,0,169,AS-50,18,US,169,BlockApportionment:US.BlockGroups;PointsLayer:US.BlockPoints,2.19100000,2.57600000,1,192.00000000,5880.00000000,214.00000000,195,71.34000000,0.56000000,80,18,US,169,BlockApportionment:US.BlockGroups;PointsLayer:US.BlockPoints,2.19100000,2.57600000,1,25.47000000,9.87000000,25.13000000,33.54000000,8.67000000,10.46000000,1.34000000,29.81000000,79,78
170,3,170,AT-50,19,US,170,BlockApportionment:US.BlockGroups;PointsLayer:US.BlockPoints,2.19100000,2.57600000,1,142.00000000,4343.00000000,179.00000000,224,77.94000000,0.46000000,82,19,US,170,BlockApportionment:US.BlockGroups;PointsLayer:US.BlockPoints,2.19100000,2.57600000,1,39.64000000,8.69000000,21.84000000,44.48000000,5.60000000,11.16000000,0.56000000,27.99000000,69,70
171,0,171,AU-50,20,US,171,BlockApportionment:US.BlockGroups;PointsLayer:US.BlockPoints,2.19100000,2.57600000,1,169.00000000,3210.00000000,221.00000000,152,76.04000000,0.36000000,84,20,US,171,BlockApportionment:US.BlockGroups;PointsLayer:US.BlockPoints,2.19100000,2.57600000,1,29.66000000,5.37000000,17.69000000,53.60000000,5.25000000,8.43000000,0.73000000,17.39000000,76,77
172,0,172,AV-50,21,US,172,BlockApportionment:US.BlockGroups;PointsLayer:US.BlockPoints,2.19100000,2.57600000,1,191.00000000,5966.00000000,228.00000000,300,79.08000000,0.35000000,68,21,US,172,BlockApportionment:US.BlockGroups;PointsLayer:US.BlockPoints,2.19100000,2.57600000,1,37.40000000,17.02000000,21.43000000,31.33000000,8.01000000,4.63000000,0.14000000,26.83000000,62,62
173,1,173,AW-50,22,US,173,BlockApportionment:US.BlockGroups;PointsLayer:US.BlockPoints,2.19100000,2.57600000,1,182.00000000,5615.00000000,197.00000000,229,75.49000000,0.35000000,50,22,US,173,BlockApportionment:US.BlockGroups;PointsLayer:US.BlockPoints,2.19100000,2.57600000,1,48.35000000,16.98000000,25.45000000,30.49000000,8.54000000,4.48000000,0.17000000,25.28000000,62,65
174,0,174,AX-50,23,US,174,BlockApportionment:US.BlockGroups;PointsLayer:US.BlockPoints,2.19100000,2.57600000,1,203.00000000,3924.00000000,200.00000000,186,82.77000000,0.50000000,77,23,US,174,BlockApportionment:US.BlockGroups;PointsLayer:US.BlockPoints,2.19100000,2.57600000,1,37.37000000,8.64000000,21.63000000,28.21000000,9.59000000,6.82000000,0.63000000,16.40000000,75,76
175,0,175,V-49,24,US,175,BlockApportionment:US.BlockGroups;PointsLayer:US.BlockPoints,2.19100000,2.57600000,1,0.00000000,0.00000000,0.00000000,0,0.00000000,0.00000000,0,24,US,175,BlockApportionment:US.BlockGroups;PointsLayer:US.BlockPoints,2.19100000,2.57600000,1,0.00000000,0.00000000,0.00000000,0.00000000,0.00000000,0.00000000,0.00000000,0.00000000,0,0
176,1,176,W-49,25,US,176,BlockApportionment:US.BlockGroups;PointsLayer:US.BlockPoints,2.19100000,2.57600000,1,140.00000000,803.00000000,85.00000000,98,12.08000000,1.63000000,245,25,US,176,BlockApportionment:US.BlockGroups;PointsLayer:US.BlockPoints,2.19100000,2.57600000,1,16.76000000,5.59000000,5.17000000,18.31000000,0.14000000,1.06000000,2.67000000,3.03000000,204,195
177,0,177,X-49,26,US,177,BlockApportionment:US.BlockGroups;PointsLayer:US.BlockPoints,2.19100000,2.57600000,1,107.00000000,2857.00000000,84.00000000,105,13.69000000,1.95000000,154,26,US,177,BlockApportionment:US.BlockGroups;PointsLayer:US.BlockPoints,2.19100000,2.57600000,1,16.33000000,6.03000000,5.20000000,35.38000000,0.08000000,1.29000000,2.10000000,3.73000000,159,155
178,0,178,Y-49,27,US,178,BlockApportionment:US.BlockGroups;PointsLayer:US.BlockPoints,2.19100000,2.57600000,1,150.00000000,4137.00000000,96.00000000,86,15.52000000,2.25000000,146,27,US,178,BlockApportionment:US.BlockGroups;PointsLayer:US.BlockPoints,2.19100000,2.57600000,1,9.74000000,2.56000000,3.89000000,19.97000000,0.00000000,3.42000000,2.17000000,10.59000000,131,128
179,0,179,Z-49,28,US,179,BlockApportionment:US.BlockGroups;PointsLayer:US.BlockPoints,2.19100000,2.57600000,1,128.00000000,3370.00000000,83.00000000,86,17.80000000,2.04000000,150,28,US,179,BlockApportionment:US.BlockGroups;PointsLayer:US.BlockPoints,2.19100000,2.57600000,1,12.83000000,0.50000000,10.14000000,28.24000000,0.44000000,0.96000000,2.49000000,7.16000000,130,130
180,0,180,AA-49,29,US,180,BlockApportionment:US.BlockGroups;PointsLayer:US.BlockPoints,2.19100000,2.57600000,1,196.00000000,2202.00000000,105.00000000,119,14.67000000,1.78000000,123,29,US,180,BlockApportionment:US.BlockGroups;PointsLayer:US.BlockPoints,2.19100000,2.57600000,1,4.62000000,5.60000000,24.74000000,36.20000000,0.07000000,0.42000000,0.36000000,11.59000000,101,101
181,0,181,AB-49,30,US,181,BlockApportionment:US.BlockGroups;PointsLayer:US.BlockPoints,2.19100000,2.57600000,1,134.00000000,1649.00000000,109.00000000,57,20.68000000,6.26000000,218,30,US,181,BlockApportionment:US.BlockGroups;PointsLayer:US.BlockPoints,2.19100000,2.57600000,1,18.34000000,1.46000000,8.40000000,39.48000000,0.79000000,0.31000000,5.41000000,5.96000000,172,172
182,0,182,AC-49,31,US,182,BlockApportionment:US.BlockGroups;PointsLayer:US.BlockPoints,2.19100000,2.57600000,1,236.00000000,404.00000000,137.00000000,19,25.25000000,9.83000000,143,31,US,182,BlockApportionment:US.BlockGroups;PointsLayer:US.BlockPoints,2.19100000,2.57600000,1,14.69000000,0.00000000,13.75000000,51.39000000,1.09000000,0.81000000,10.20000000,2.92000000,123,124
183,0,183,AD-49,32,US,183,BlockApportionment:US.BlockGroups;PointsLayer:US.BlockPoints,2.19100000,2.57600000,1,197.00000000,1681.00000000,116.00000000,0,29.45000000,1.47000000,167,32,US,183,BlockApportionment:US.BlockGroups;PointsLayer:US.BlockPoints,2.19100000,2.57600000,1,28.66000000,3.50000000,11.75000000,27.76000000,0.56000000,4.55000000,1.10000000,9.13000000,135,134
184,0,184,AE-49,33,US,184,BlockApportionment:US.BlockGroups;PointsLayer:US.BlockPoints,2.19100000,2.57600000,1,217.00000000,2312.00000000,119.00000000,29,29.93000000,4.95000000,80,33,US,184,BlockApportionment:US.BlockGroups;PointsLayer:US.BlockPoints,2.19100000,2.57600000,1,25.11000000,3.30000000,13.08000000,28.02000000,1.09000000,4.03000000,7.54000000,6.52000000,81,80
185,0,185,AF-49,34,US,185,BlockApportionment:US.BlockGroups;PointsLayer:US.BlockPoints,2.19100000,2.57600000,1,95.00000000,225.00000000,89.00000000,155,34.67000000,24.19000000,194,34,US,185,BlockApportionment:US.BlockGroups;PointsLayer:US.BlockPoints,2.19100000,2.57600000,1,22.73000000,0.00000000,17.40000000,42.11000000,1.82000000,2.17000000,21.07000000,19.64000000,145,150
186,0,186,AG-49,35,US,186,BlockApportionment:US.BlockGroups;PointsLayer:US.BlockPoints,2.19100000,2.57600000,1,145.00000000,1706.00000000,100.00000000,202,76.03000000,28.09000000,77,35,US,186,BlockApportionment:US.BlockGroups;PointsLayer:US.BlockPoints,2.19100000,2.57600000,1,30.33000000,6.33000000,33.77000000,26.61000000,6.60000000,6.17000000,26.58000000,25.75000000,76,78
187,0,187,AN-49,36,US,187,BlockApportionment:US.BlockGroups;PointsLayer:US.BlockPoints,2.19100000,2.57600000,1,130.00000000,2074.00000000,146.00000000,188,23.34000000,4.42000000,95,36,US,187,BlockApportionment:US.BlockGroups;PointsLayer:US.BlockPoints,2.19100000,2.57600000,1,49.94000000,4.98000000,22.40000000,60.34000000,1.10000000,4.10000000,4.04000000,13.49000000,96,98
188,0,188,AO-49,37,US,188,BlockApportionment:US.BlockGroups;PointsLayer:US.BlockPoints,2.19100000,2.57600000,1,203.00000000,2340.00000000,176.00000000,64,29.49000000,9.15000000,119,37,US,188,BlockApportionment:US.BlockGroups;PointsLayer:US.BlockPoints,2.19100000,2.57600000,1,40.50000000,4.10000000,9.52000000,56.12000000,1.06000000,1.86000000,6.16000000,20.73000000,123,123
189,0,189,AP-49,38,US,189,BlockApportionment:US.BlockGroups;PointsLayer:US.BlockPoints,2.19100000,2.57600000,1,181.00000000,4915.00000000,227.00000000,136,56.66000000,3.95000000,60,38,US,189,BlockApportionment:US.BlockGroups;PointsLayer:US.BlockPoints,2.19100000,2.57600000,1,35.39000000,3.53000000,16.70000000,35.19000000,1.48000000,7.54000000,4.67000000,25.00000000,66,70
190,1,190,AQ-49,39,US,190,BlockApportionment:US.BlockGroups;PointsLayer:US.BlockPoints,2.19100000,2.57600000,1,176.00000000,5373.00000000,194.00000000,295,74.22000000,0.35000000,62,39,US,190,BlockApportionment:US.BlockGroups;PointsLayer:US.BlockPoints,2.19100000,2.57600000,1,42.62000000,10.95000000,27.28000000,31.21000000,3.93000000,8.41000000,0.41000000,26.91000000,66,69
191,0,191,AR-49,40,US,191,BlockApportionment:US.BlockGroups;PointsLayer:US.BlockPoints,2.19100000,2.57600000,1,189.00000000,2706.00000000,177.00000000,255,71.88000000,2.16000000,51,40,US,191,BlockApportionment:US.BlockGroups;PointsLayer:US.BlockPoints,2.19100000,2.57600000,1,40.40000000,8.00000000,35.70000000,31.49000000,6.22000000,7.28000000,1.52000000,23.37000000,56,57
192,1,192,AS-49,41,US,192,BlockApportionment:US.BlockGroups;PointsLayer:US.BlockPoints,2.19100000,2.57600000,1,168.00000000,6077.00000000,184.00000000,117,77.87000000,1.16000000,77,41,US,192,BlockApportionment:US.BlockGroups;PointsLayer:US.BlockPoints,2.19100000,2.57600000,1,39.68000000,9.00000000,27.87000000,47.87000000,6.05000000,8.18000000,1.23000000,26.22000000,65,65
193,0,193,AT-49,42,US,193,BlockApportionment:US.BlockGroups;PointsLayer:US.BlockPoints,2.19100000,2.57600000,1,168.00000000,4013.00000000,182.00000000,245,78.62000000,0.46000000,61,42,US,193,BlockApportionment:US.BlockGroups;PointsLayer:US.BlockPoints,2.19100000,2.57600000,1,40.94000000,9.73000000,29.38000000,45.14000000,6.95000000,7.27000000,0.61000000,18.89000000,61,61
194,0,194,AU-49,43,US,194,BlockApportionment:US.BlockGroups;PointsLayer:US.BlockPoints,2.19100000,2.57600000,1,167.00000000,5352.00000000,210.00000000,198,80.62000000,0.55000000,73,43,US,194,BlockApportionment:US.BlockGroups;PointsLayer:US.BlockPoints,2.19100000,2.57600000,1,34.21000000,7.50000000,22.51000000,45.02000000,7.13000000,8.36000000,0.48000000,16.70000000,64,64
195,0,195,AV-49,44,US,195,BlockApportionment:US.BlockGroups;PointsLayer:US.BlockPoints,2.19100000,2.57600000,1,177.00000000,4472.00000000,232.00000000,176,86.65000000,0.34000000,76,44,US,195,BlockApportionment:US.BlockGroups;PointsLayer:US.BlockPoints,2.19100000,2.57600000,1,23.61000000,7.58000000,17.79000000,36.23000000,9.42000000,8.20000000,0.36000000,22.18000000,78,81
196,0,196,AW-49,45,US,196,BlockApportionment:US.BlockGroups;PointsLayer:US.BlockPoints,2.19100000,2.57600000,1,185.00000000,3430.00000000,218.00000000,67,86.30000000,1.51000000,71,45,US,196,BlockApportionment:US.BlockGroups;PointsLayer:US.BlockPoints,2.19100000,2.57600000,1,40.94000000,13.90000000,35.28000000,40.42000000,5.99000000,4.03000000,1.22000000,18.72000000,70,73
197,0,197,V-48,46,US,197,BlockApportionment:US.BlockGroups;PointsLayer:US.BlockPoints,2.19100000,2.57600000,1,115.00000000,866.00000000,61.00000000,95,9.24000000,2.74000000,208,46,US,197,BlockApportionment:US.BlockGroups;PointsLayer:US.BlockPoints,2.19100000,2.57600000,1,10.66000000,0.82000000,11.63000000,28.00000000,5.20000000,3.39000000,2.17000000,8.80000000,200,195
198,0,198,W-48,47,US,198,BlockApportionment:US.BlockGroups;PointsLayer:US.BlockPoints,2.19100000,2.57600000,1,157.00000000,764.00000000,81.00000000,38,13.09000000,2.08000000,253,47,US,198,BlockApportionment:US.BlockGroups;PointsLayer:US.BlockPoints,2.19100000,2.57600000,1,17.13000000,4.42000000,1.46000000,15.31000000,0.00000000,1.93000000,2.21000000,1.62000000,214,205
199,0,199,X-48,48,US,199,BlockApportionment:US.BlockGroups;PointsLayer:US.BlockPoints,2.19100000,2.57600000,1,0.00000000,0.00000000,0.00000000,0,0.00000000,0.00000000,0,48,US,199,BlockApportionment:US.BlockGroups;PointsLayer:US.BlockPoints,2.19100000,2.57600000,1,0.00000000,0.00000000,0.00000000,0.00000000,0.00000000,0.00000000,0.00000000,0.00000000,0,0
200,0,200,Y-48,49,US,200,BlockApportionment:US.BlockGroups;PointsLayer:US.BlockPoints,2.19100000,2.57600000,1,108.00000000,1356.00000000,83.00000000,145,14.68000000,3.61000000,217,49,US,200,BlockApportionment:US.BlockGroups;PointsLayer:US.BlockPoints,2.19100000,2.57600000,1,13.14000000,2.83000000,5.85000000,21.74000000,0.00000000,1.02000000,3.97000000,4.33000000,239,235
201,0,201,Z-48,0,US,201,BlockApportionment:US.BlockGroups;PointsLayer:US.BlockPoints,2.19100000,2.57600000,1,168.00000000,2290.00000000,50.00000000,45,12.84000000,2.28000000,223,0,US,201,BlockApportionment:US.BlockGroups;PointsLayer:US.BlockPoints,2.19100000,2.57600000,1,6.80000000,9.38000000,13.59000000,39.21000000,0.07000000,0.21000000,2.26000000,1.83000000,181,177
202,0,202,AA-48,1,US,202,BlockApportionment:US.BlockGroups;PointsLayer:US.BlockPoints,2.19100000,2.57600000,1,44.00000000,1722.00000000,36.00000000,95,19.63000000,2.92000000,175,1,US,202,BlockApportionment:US.BlockGroups;PointsLayer:US.BlockPoints,2.19100000,2.57600000,1,17.89000000,2.48000000,21.32000000,38.93000000,0.45000000,0.00000000,2.78000000,11.43000000,165,162
203,0,203,AB-48,2,US,203,BlockApportionment:US.BlockGroups;PointsLayer:US.BlockPoints,2.19100000,2.57600000,1,65.00000000,1849.00000000,69.00000000,36,13.85000000,2.49000000,253,2,US,203,BlockApportionment:US.BlockGroups;PointsLayer:US.BlockPoints,2.19100000,2.57600000,1,26.43000000,0.14000000,7.76000000,22.89000000,0.51000000,0.00000000,3.00000000,4.91000000,191,192
204,0,204,AC-48,3,US,204,BlockApportionment:US.BlockGroups;PointsLayer:US.BlockPoints,2.19100000,2.57600000,1,89.00000000,2107.00000000,93.00000000,33,17.04000000,2.23000000,167,3,US,204,BlockApportionment:US.BlockGroups;PointsLayer:US.BlockPoints,2.19100000,2.57600000,1,20.87000000,0.00000000,9.70000000,48.55000000,0.64000000,0.07000000,2.56000000,2.03000000,160,157
205,0,205,AD-48,4,US,205,BlockApportionment:US.BlockGroups;PointsLayer:US.BlockPoints,2.19100000,2.57600000,1,67.00000000,1897.00000000,72.00000000,124,19.61000000,2.74000000,205,4,US,205,BlockApportionment:US.BlockGroups;PointsLayer:US.BlockPoints,2.19100000,2.57600000,1,12.98000000,2.19000000,4.73000000,36.36000000,0.00000000,0.24000000,3.57000000,10.16000000,170,169
206,0,206,AE-48,5,US,206,BlockApportionment:US.BlockGroups;PointsLayer:US.BlockPoints,2.19100000,2.57600000,1,75.00000000,1732.00000000,79.00000000,88,26.04000000,1.48000000,195,5,US,206,BlockApportionment:US.BlockGroups;PointsLayer:US.BlockPoints,2.19100000,2.57600000,1,25.10000000,4.83000000,6.95000000,22.27000000,0.47000000,1.06000000,1.40000000,12.09000000,149,150
207,1,207,AF-48,6,US,207,BlockApportionment:US.BlockGroups;PointsLayer:US.BlockPoints,2.19100000,2.57600000,1,79.00000000,1879.00000000,81.00000000,76,25.17000000,2.38000000,209,6,US,207,BlockApportionment:US.BlockGroups;PointsLayer:US.BlockPoints,2.19100000,2.57600000,1,17.75000000,0.51000000,4.33000000,32.91000000,0.19000000,0.48000000,1.71000000,11.48000000,176,176
208,0,208,AG-48,7,US,208,BlockApportionment:US.BlockGroups;PointsLayer:US.BlockPoints,2.19100000,2.57600000,1,155.00000000,1768.00000000,101.00000000,126,43.33000000,35.35000000,89,7,US,208,BlockApportionment:US.BlockGroups;PointsLayer:US.BlockPoints,2.19100000,2.57600000,1,22.06000000,2.35000000,25.16000000,17.96000000,2.17000000,3.73000000,31.74000000,23.41000000,92,89
209,0,209,AL-48,8,US,209,BlockApportionment:US.BlockGroups;PointsLayer:US.BlockPoints,2.19100000,2.57600000,1,74.00000000,2447.00000000,94.00000000,186,15.45000000,5.94000000,106,8,US,209,BlockApportionment:US.BlockGroups;PointsLayer:US.BlockPoints,2.19100000,2.57600000,1,32.50000000,3.90000000,14.25000000,26.89000000,0.59000000,1.07000000,5.08000000,23.06000000,91,93
210,0,210,AM-48,9,US,210,BlockApportionment:US.BlockGroups;PointsLayer:US.BlockPoints,2.19100000,2.57600000,1,91.00000000,2110.00000000,97.00000000,71,14.41000000,9.77000000,149,9,US,210,BlockApportionment:US.BlockGroups;PointsLayer:US.BlockPoints,2.19100000,2.57600000,1,18.60000000,2.13000000,6.88000000,22.81000000,0.68000000,4.47000000,7.70000000,26.80000000,116,115
211,0,211,AN-48,10,US,211,BlockApportionment:US.BlockGroups;PointsLayer:US.BlockPoints,2.19100000,2.57600000,1,121.00000000,2551.00000000,162.00000000,100,24.89000000,4.69000000,104,10,US,211,BlockApportionment:US.BlockGroups;PointsLayer:US.BlockPoints,2.19100000,2.57600000,1,30.88000000,8.34000000,11.95000000,47.21000000,2.94000000,2.88000000,5.19000000,13.09000000,94,93
212,0,212,AO-48,11,US,212,BlockApportionment:US.BlockGroups;PointsLayer:US.BlockPoints,2.19100000,2.57600000,1,174.00000000,4015.00000000,185.00000000,105,37.19000000,1.41000000,62,11,US,212,BlockApportionment:US.BlockGroups;PointsLayer:US.BlockPoints,2.19100000,2.57600000,1,48.12000000,7.20000000,17.60000000,36.97000000,1.82000000,3.59000000,0.67000000,27.06000000,60,59
213,0,213,AP-48,12,US,213,BlockApportionment:US.BlockGroups;PointsLayer:US.BlockPoints,2.19100000,2.57600000,1,156.00000000,3061.00000000,174.00000000,264,33.32000000,5.11000000,71,12,US,213,BlockApportionment:US.BlockGroups;PointsLayer:US.BlockPoints,2.19100000,2.57600000,1,50.66000000,0.35000000,28.24000000,44.12000000,4.03000000,1.32000000,6.40000000,19.52000000,82,84
214,0,214,AQ-48,13,US,214,BlockApportionment:US.BlockGroups;PointsLayer:US.BlockPoints,2.19100000,2.57600000,1,155.00000000,6279.00000000,181.00000000,93,68.05000000,2.17000000,50,13,US,214,BlockApportionment:US.BlockGroups;PointsLayer:US.BlockPoints,2.19100000,2.57600000,1,36.59000000,11.12000000,34.50000000,42.10000000,5.90000000,6.56000000,2.63000000,30.63000000,51,52
215,0,215,AR-48,14,US,215,BlockApportionment:US.BlockGroups;PointsLayer:US.BlockPoints,2.19100000,2.57600000,1,154.00000000,5677.00000000,193.00000000,119,75.07000000,1.19000000,53,14,US,215,BlockApportionment:US.BlockGroups;PointsLayer:US.BlockPoints,2.19100000,2.57600000,1,30.66000000,11.70000000,29.84000000,34.51000000,5.95000000,9.30000000,0.81000000,22.99000000,56,57
216,2,216,AS-48,15,US,216,BlockApportionment:US.BlockGroups;PointsLayer:US.BlockPoints,2.19100000,2.57600000,1,169.00000000,6800.00000000,195.00000000,167,75.91000000,0.69000000,56,15,US,216,BlockApportionment:US.BlockGroups;PointsLayer:US.BlockPoints,2.19100000,2.57600000,1,40.07000000,10.28000000,30.96000000,40.52000000,5.40000000,7.36000000,0.60000000,19.36000000,62,64
217,0,217,AT-48,16,US,217,BlockApportionment:US.BlockGroups;PointsLayer:US.BlockPoints,2.19100000,2.57600000,1,136.00000000,6163.00000000,173.00000000,160,77.77000000,1.75000000,88,16,US,217,BlockApportionment:US.BlockGroups;PointsLayer:US.BlockPoints,2.19100000,2.57600000,1,35.43000000,9.31000000,20.41000000,31.03000000,7.49000000,9.11000000,1.47000000,23.69000000,74,74
218,0,218,AU-48,17,US,218,BlockApportionment:US.BlockGroups;PointsLayer:US.BlockPoints,2.19100000,2.57600000,1,161.00000000,4049.00000000,198.00000000,164,80.59000000,1.97000000,69,17,US,218,BlockApportionment:US.BlockGroups;PointsLayer:US.BlockPoints,2.19100000,2.57600000,1,35.26000000,5.49000000,17.42000000,37.55000000,6.28000000,10.52000000,1.59000000,26.33000000,67,67
219,0,219,AV-48,18,US,219,BlockApportionment:US.BlockGroups;PointsLayer:US.BlockPoints,2.19100000,2.57600000,1,202.00000000,4246.00000000,226.00000000,195,89.19000000,1.49000000,77,18,US,219,BlockApportionment:US.BlockGroups;PointsLayer:US.BlockPoints,2.19100000,2.57600000,1,23.66000000,2.28000000,13.04000000,24.78000000,6.90000000,17.04000000,1.30000000,17.23000000,71,71
220,0,220,V-47,19,US,220,BlockApportionment:US.BlockGroups;PointsLayer:US.BlockPoints,2.19100000,2.57600000,1,214.00000000,6458.00000000,94.00000000,121,10.68000000,1.14000000,193,19,US,220,BlockApportionment:US.BlockGroups;PointsLayer:US.BlockPoints,2.19100000,2.57600000,1,10.80000000,1.33000000,3.25000000,26.21000000,1.28000000,2.01000000,0.64000000,4.18000000,156,152
221,0,221,X-47,20,US,221,BlockApportionment:US.BlockGroups;PointsLayer:US.BlockPoints,2.19100000,2.57600000,1,253.00000000,384.00000000,96.00000000,24,9.11000000,1.34000000,253,20,US,221,BlockApportionment:US.BlockGroups;PointsLayer:US.BlockPoints,2.19100000,2.57600000,1,11.67000000,0.00000000,0.00000000,16.82000000,0.00000000,0.00000000,3.67000000,1.98000000,232,227
222,0,222,Y-47,21,US,222,BlockApportionment:US.BlockGroups;PointsLayer:US.BlockPoints,2.19100000,2.57600000,1,131.00000000,36.00000000,85.00000000,0,13.89000000,6.90000000,253,21,US,222,BlockApportionment:US.BlockGroups;PointsLayer:US.BlockPoints,2.19100000,2.57600000,1,11.11000000,0.00000000,5.13000000,0.00000000,0.00000000,0.00000000,6.90000000,3.57000000,358,459
223,0,223,Z-47,22,US,223,BlockApportionment:US.BlockGroups;PointsLayer:US.BlockPoints,2.19100000,2.57600000,1,238.00000000,4363.00000000,82.00000000,81,12.54000000,0.86000000,180,22,US,223,BlockApportionment:US.BlockGroups;PointsLayer:US.BlockPoints,2.19100000,2.57600000,1,12.00000000,0.86000000,11.64000000,22.24000000,0.03000000,0.16000000,0.93000000,4.92000000,157,153
224,0,224,AA-47,23,US,224,BlockApportionment:US.BlockGroups;PointsLayer:US.BlockPoints,2.19100000,2.57600000,1,102.00000000,4338.00000000,45.00000000,145,18.72000000,0.88000000,253,23,US,224,BlockApportionment:US.BlockGroups;PointsLayer:US.BlockPoints,2.19100000,2.57600000,1,8.78000000,2.67000000,5.05000000,18.44000000,0.54000000,0.30000000,1.06000000,3.76000000,209,201
225,0,225,AB-47,24,US,225,BlockApportionment:US.BlockGroups;PointsLayer:US.BlockPoints,2.19100000,2.57600000,1,138.00000000,1443.00000000,60.00000000,36,13.51000000,4.47000000,253,24,US,225,BlockApportionment:US.BlockGroups;PointsLayer:US.BlockPoints,2.19100000,2.57600000,1,15.44000000,1.32000000,4.45000000,24.88000000,1.19000000,0.51000000,5.40000000,4.05000000,211,205
226,0,226,AC-47,25,US,226,BlockApportionment:US.BlockGroups;PointsLayer:US.BlockPoints,2.19100000,2.57600000,1,76.00000000,1762.00000000,78.00000000,62,14.64000000,3.90000000,222,25,US,226,BlockApportionment:US.BlockGroups;PointsLayer:US.BlockPoints,2.19100000,2.57600000,1,25.68000000,0.29000000,4.13000000,30.00000000,0.00000000,0.00000000,1.90000000,4.41000000,210,206
227,0,227,AD-47,26,US,227,BlockApportionment:US.BlockGroups;PointsLayer:US.BlockPoints,2.19100000,2.57600000,1,109.00000000,2580.00000000,74.00000000,98,16.28000000,2.30000000,204,26,US,227,BlockApportionment:US.BlockGroups;PointsLayer:US.BlockPoints,2.19100000,2.57600000,1,9.51000000,3.39000000,7.11000000,29.66000000,0.00000000,3.36000000,2.05000000,8.48000000,169,169
228,0,228,AE-47,27,US,228,BlockApportionment:US.BlockGroups;PointsLayer:US.BlockPoints,2.19100000,2.57600000,1,73.00000000,1698.00000000,60.00000000,188,19.91000000,2.10000000,198,27,US,228,BlockApportionment:US.BlockGroups;PointsLayer:US.BlockPoints,2.19100000,2.57600000,1,18.04000000,2.20000000,3.50000000,19.72000000,0.00000000,0.98000000,1.94000000,9.32000000,185,189
229,1,229,AF-47,28,US,229,BlockApportionment:US.BlockGroups;PointsLayer:US.BlockPoints,2.19100000,2.57600000,1,119.00000000,4686.00000000,83.00000000,133,14.53000000,2.76000000,141,28,US,229,BlockApportionment:US.BlockGroups;PointsLayer:US.BlockPoints,2.19100000,2.57600000,1,10.49000000,10.77000000,8.83000000,21.63000000,0.03000000,1.52000000,2.98000000,2.59000000,124,123
230,0,230,AG-47,29,US,230,BlockApportionment:US.BlockGroups;PointsLayer:US.BlockPoints,2.19100000,2.57600000,1,95.00000000,5252.00000000,98.00000000,205,30.92000000,5.01000000,92,29,US,230,BlockApportionment:US.BlockGroups;PointsLayer:US.BlockPoints,2.19100000,2.57600000,1,23.02000000,4.86000000,14.09000000,29.03000000,0.00000000,2.68000000,4.15000000,11.25000000,95,95
231,0,231,AK-47,30,US,231,BlockApportionment:US.BlockGroups;PointsLayer:US.BlockPoints,2.19100000,2.57600000,1,78.00000000,118.00000000,96.00000000,186,16.10000000,8.54000000,126,30,US,231,BlockApportionment:US.BlockGroups;PointsLayer:US.BlockPoints,2.19100000,2.57600000,1,32.26000000,0.00000000,6.10000000,9.09000000,0.00000000,2.44000000,8.57000000,17.91000000,96,101
232,1,232,AL-47,31,US,232,BlockApportionment:US.BlockGroups;PointsLayer:US.BlockPoints,2.19100000,2.57600000,1,164.00000000,3467.00000000,168.00000000,210,41.68000000,6.59000000,47,31,US,232,BlockApportionment:US.BlockGroups;PointsLayer:US.BlockPoints,2.19100000,2.57600000,1,26.64000000,9.69000000,26.67000000,41.29000000,2.45000000,3.01000000,5.34000000,31.09000000,56,59
233,1,233,AM-47,32,US,233,BlockApportionment:US.BlockGroups;PointsLayer:US.BlockPoints,2.19100000,2.57600000,1,123.00000000,2143.00000000,131.00000000,133,23.05000000,7.15000000,133,32,US,233,BlockApportionment:US.BlockGroups;PointsLayer:US.BlockPoints,2.19100000,2.57600000,1,38.76000000,1.58000000,16.46000000,35.33000000,0.35000000,2.41000000,7.85000000,19.42000000,103,102
234,0,234,AN-47,33,US,234,BlockApportionment:US.BlockGroups;PointsLayer:US.BlockPoints,2.19100000,2.57600000,1,181.00000000,2527.00000000,181.00000000,145,39.30000000,3.23000000,69,33,US,234,BlockApportionment:US.BlockGroups;PointsLayer:US.BlockPoints,2.19100000,2.57600000,1,40.29000000,7.58000000,21.46000000,39.78000000,3.99000000,1.51000000,4.34000000,18.61000000,67,67
235,0,235,AO-47,34,US,235,BlockApportionment:US.BlockGroups;PointsLayer:US.BlockPoints,2.19100000,2.57600000,1,158.00000000,2652.00000000,172.00000000,214,35.33000000,4.33000000,98,34,US,235,BlockApportionment:US.BlockGroups;PointsLayer:US.BlockPoints,2.19100000,2.57600000,1,35.20000000,10.82000000,20.53000000,51.71000000,9.63000000,10.20000000,4.29000000,23.18000000,93,95
236,1,236,AP-47,35,US,236,BlockApportionment:US.BlockGroups;PointsLayer:US.BlockPoints,2.19100000,2.57600000,1,164.00000000,3542.00000000,184.00000000,145,68.21000000,1.10000000,99,35,US,236,BlockApportionment:US.BlockGroups;PointsLayer:US.BlockPoints,2.19100000,2.57600000,1,24.80000000,8.33000000,16.65000000,45.28000000,6.09000000,8.04000000,0.32000000,27.89000000,85,89
237,0,237,AQ-47,36,US,237,BlockApportionment:US.BlockGroups;PointsLayer:US.BlockPoints,2.19100000,2.57600000,1,156.00000000,5780.00000000,181.00000000,107,75.52000000,1.45000000,58,36,US,237,BlockApportionment:US.BlockGroups;PointsLayer:US.BlockPoints,2.19100000,2.57600000,1,23.15000000,7.47000000,33.76000000,36.11000000,5.46000000,8.05000000,0.91000000,24.20000000,60,62
238,4,238,AR-47,37,US,238,BlockApportionment:US.BlockGroups;PointsLayer:US.BlockPoints,2.19100000,2.57600000,1,131.00000000,4073.00000000,146.00000000,102,77.71000000,2.53000000,58,37,US,238,BlockApportionment:US.BlockGroups;PointsLayer:US.BlockPoints,2.19100000,2.57600000,1,36.14000000,9.65000000,26.34000000,27.97000000,3.76000000,11.64000000,2.24000000,25.87000000,61,63
239,3,239,AS-47,38,US,239,BlockApportionment:US.BlockGroups;PointsLayer:US.BlockPoints,2.19100000,2.57600000,1,133.00000000,6247.00000000,169.00000000,133,81.22000000,1.38000000,69,38,US,239,BlockApportionment:US.BlockGroups;PointsLayer:US.BlockPoints,2.19100000,2.57600000,1,33.95000000,8.77000000,25.93000000,25.81000000,8.54000000,9.51000000,1.34000000,25.86000000,63,63
240,10,240,AT-47,39,US,240,BlockApportionment:US.BlockGroups;PointsLayer:US.BlockPoints,2.19100000,2.57600000,1,139.00000000,3524.00000000,164.00000000,157,83.43000000,1.71000000,71,39,US,240,BlockApportionment:US.BlockGroups;PointsLayer:US.BlockPoints,2.19100000,2.57600000,1,38.80000000,13.59000000,23.07000000,28.92000000,6.90000000,4.61000000,0.77000000,26.94000000,66,67
241,1,241,AU-47,40,US,241,BlockApportionment:US.BlockGroups;PointsLayer:US.BlockPoints,2.19100000,2.57600000,1,132.00000000,5849.00000000,180.00000000,245,85.76000000,1.68000000,64,40,US,241,BlockApportionment:US.BlockGroups;PointsLayer:US.BlockPoints,2.19100000,2.57600000,1,38.37000000,8.79000000,24.03000000,28.09000000,5.99000000,8.38000000,1.14000000,20.26000000,63,64
242,0,242,AV-47,41,US,242,BlockApportionment:US.BlockGroups;PointsLayer:US.BlockPoints,2.19100000,2.57600000,1,185.00000000,4270.00000000,208.00000000,231,94.71000000,0.93000000,64,41,US,242,BlockApportionment:US.BlockGroups;PointsLayer:US.BlockPoints,2.19100000,2.57600000,1,27.58000000,9.29000000,24.40000000,25.76000000,7.87000000,4.05000000,0.40000000,23.10000000,65,66
243,0,243,T-46,42,US,243,BlockApportionment:US.BlockGroups;PointsLayer:US.BlockPoints,2.19100000,2.57600000,1,233.00000000,80.00000000,122.00000000,129,13.75000000,1.39000000,102,42,US,243,BlockApportionment:US.BlockGroups;PointsLayer:US.BlockPoints,2.19100000,2.57600000,1,13.21000000,1.89000000,17.46000000,15.69000000,0.00000000,0.00000000,3.17000000,14.52000000,109,116
244,3,244,U-46,43,US,244,BlockApportionment:US.BlockGroups;PointsLayer:US.BlockPoints,2.19100000,2.57600000,1,124.00000000,2929.00000000,75.00000000,267,11.92000000,1.06000000,239,43,US,244,BlockApportionment:US.BlockGroups;PointsLayer:US.BlockPoints,2.19100000,2.57600000,1,12.02000000,2.98000000,9.74000000,33.60000000,1.56000000,4.95000000,0.90000000,7.84000000,190,185
245,0,245,V-46,44,US,245,BlockApportionment:US.BlockGroups;PointsLayer:US.BlockPoints,2.19100000,2.57600000,1,244.00000000,3082.00000000,107.00000000,57,10.84000000,3.58000000,165,44,US,245,BlockApportionment:US.BlockGroups;PointsLayer:US.BlockPoints,2.19100000,2.57600000,1,21.58000000,2.79000000,8.96000000,21.83000000,0.00000000,4.66000000,0.83000000,3.14000000,158,156
246,0,246,X-46,45,US,246,BlockApportionment:US.BlockGroups;PointsLayer:US.BlockPoints,2.19100000,2.57600000,1,157.00000000,2785.00000000,56.00000000,12,11.02000000,4.01000000,243,45,US,246,BlockApportionment:US.BlockGroups;PointsLayer:US.BlockPoints,2.19100000,2.57600000,1,12.11000000,0.62000000,5.67000000,28.70000000,0.00000000,2.03000000,1.94000000,4.44000000,188,180
247,0,247,Y-46,46,US,247,BlockApportionment:US.BlockGroups;PointsLayer:US.BlockPoints,2.19100000,2.57600000,1,179.00000000,2165.00000000,73.00000000,62,10.58000000,2.12000000,183,46,US,247,BlockApportionment:US.BlockGroups;PointsLayer:US.BlockPoints,2.19100000,2.57600000,1,2.26000000,0.00000000,2.37000000,22.17000000,0.00000000,4.54000000,1.32000000,0.55000000,172,169
248,0,248,Z-46,47,US,248,BlockApportionment:US.BlockGroups;PointsLayer:US.BlockPoints,2.19100000,2.57600000,1,121.00000000,1157.00000000,64.00000000,67,19.36000000,2.49000000,117,47,US,248,BlockApportionment:US.BlockGroups;PointsLayer:US.BlockPoints,2.19100000,2.57600000,1,6.99000000,5.82000000,9.49000000,25.73000000,0.00000000,1.57000000,2.29000000,8.41000000,113,109
249,0,249,AA-46,48,US,249,BlockApportionment:US.BlockGroups;PointsLayer:US.BlockPoints,2.19100000,2.57600000,1,250.00000000,3308.00000000,80.00000000,79,12.00000000,3.08000000,245,48,US,249,BlockApportionment:US.BlockGroups;PointsLayer:US.BlockPoints,2.19100000,2.57600000,1,8.90000000,2.58000000,4.50000000,18.15000000,0.15000000,1.32000000,3.91000000,3.53000000,202,195
250,1,250,AB-46,49,US,250,BlockApportionment:US.BlockGroups;PointsLayer:US.BlockPoints,2.19100000,2.57600000,1,235.00000000,3378.00000000,90.00000000,81,14.77000000,3.57000000,201,49,US,250,BlockApportionment:US.BlockGroups;PointsLayer:US.BlockPoints,2.19100000,2.57600000,1,10.80000000,2.39000000,4.22000000,20.28000000,0.11000000,1.18000000,4.02000000,6.93000000,180,176
251,0,251,AC-46,0,US,251,BlockApportionment:US.BlockGroups;PointsLayer:US.BlockPoints,2.19100000,2.57600000,1,103.00000000,1168.00000000,81.00000000,52,14.64000000,6.65000000,206,0,US,251,BlockApportionment:US.BlockGroups;PointsLayer:US.BlockPoints,2.19100000,2.57600000,1,10.41000000,1.69000000,10.37000000,42.73000000,0.00000000,0.42000000,7.15000000,11.31000000,182,180
252,1,252,AD-46,1,US,252,BlockApportionment:US.BlockGroups;PointsLayer:US.BlockPoints,2.19100000,2.57600000,1,295.00000000,813.00000000,91.00000000,76,16.48000000,16.62000000,161,1,US,252,BlockApportionment:US.BlockGroups;PointsLayer:US.BlockPoints,2.19100000,2.57600000,1,18.86000000,1.29000000,1.01000000,0.00000000,0.00000000,0.00000000,15.85000000,10.35000000,149,146
253,0,253,AE-46,2,US,253,BlockApportionment:US.BlockGroups;PointsLayer:US.BlockPoints,2.19100000,2.57600000,1,162.00000000,2994.00000000,56.00000000,267,11.69000000,3.93000000,126,2,US,253,BlockApportionment:US.BlockGroups;PointsLayer:US.BlockPoints,2.19100000,2.57600000,1,12.41000000,9.22000000,10.23000000,29.98000000,0.19000000,1.04000000,4.97000000,8.39000000,116,116
254,0,254,AF-46,3,US,254,BlockApportionment:US.BlockGroups;PointsLayer:US.BlockPoints,2.19100000,2.57600000,1,150.00000000,1683.00000000,85.00000000,114,10.34000000,9.36000000,183,3,US,254,BlockApportionment:US.BlockGroups;PointsLayer:US.BlockPoints,2.19100000,2.57600000,1,11.50000000,1.98000000,9.62000000,2.19000000,0.63000000,2.60000000,8.68000000,6.55000000,166,161
255,0,255,AG-46,4,US,255,BlockApportionment:US.BlockGroups;PointsLayer:US.BlockPoints,2.19100000,2.57600000,1,89.00000000,2394.00000000,86.00000000,140,23.39000000,7.65000000,131,4,US,255,BlockApportionment:US.BlockGroups;PointsLayer:US.BlockPoints,2.19100000,2.57600000,1,21.69000000,4.19000000,13.88000000,19.93000000,0.97000000,3.31000000,6.48000000,11.75000000,135,134
256,0,256,AK-46,5,US,256,BlockApportionment:US.BlockGroups;PointsLayer:US.BlockPoints,2.19100000,2.57600000,1,122.00000000,5269.00000000,132.00000000,157,67.79000000,1.60000000,68,5,US,256,BlockApportionment:US.BlockGroups;PointsLayer:US.BlockPoints,2.19100000,2.57600000,1,25.63000000,8.12000000,16.05000000,33.44000000,6.98000000,5.43000000,1.63000000,15.48000000,68,68
257,0,257,AL-46,6,US,257,BlockApportionment:US.BlockGroups;PointsLayer:US.BlockPoints,2.19100000,2.57600000,1,182.00000000,5589.00000000,184.00000000,243,50.08000000,4.83000000,46,6,US,257,BlockApportionment:US.BlockGroups;PointsLayer:US.BlockPoints,2.19100000,2.57600000,1,38.34000000,8.78000000,28.48000000,38.35000000,2.43000000,2.57000000,4.63000000,33.07000000,55,56
258,0,258,AM-46,7,US,258,BlockApportionment:US.BlockGroups;PointsLayer:US.BlockPoints,2.19100000,2.57600000,1,190.00000000,3650.00000000,200.00000000,136,46.16000000,2.94000000,82,7,US,258,BlockApportionment:US.BlockGroups;PointsLayer:US.BlockPoints,2.19100000,2.57600000,1,21.23000000,7.17000000,11.64000000,62.40000000,4.12000000,2.18000000,3.16000000,29.22000000,72,73
259,1,259,AN-46,8,US,259,BlockApportionment:US.BlockGroups;PointsLayer:US.BlockPoints,2.19100000,2.57600000,1,177.00000000,2169.00000000,178.00000000,90,45.41000000,4.65000000,100,8,US,259,BlockApportionment:US.BlockGroups;PointsLayer:US.BlockPoints,2.19100000,2.57600000,1,25.04000000,8.02000000,14.81000000,27.46000000,7.70000000,1.95000000,3.34000000,32.51000000,78,78
260,0,260,AO-46,9,US,260,BlockApportionment:US.BlockGroups;PointsLayer:US.BlockPoints,2.19100000,2.57600000,1,153.00000000,3998.00000000,165.00000000,121,62.46000000,2.00000000,98,9,US,260,BlockApportionment:US.BlockGroups;PointsLayer:US.BlockPoints,2.19100000,2.57600000,1,35.16000000,8.01000000,4.84000000,30.09000000,5.45000000,1.98000000,2.35000000,35.89000000,83,80
261,1,261,AP-46,10,US,261,BlockApportionment:US.BlockGroups;PointsLayer:US.BlockPoints,2.19100000,2.57600000,1,148.00000000,5414.00000000,182.00000000,179,71.74000000,0.84000000,84,10,US,261,BlockApportionment:US.BlockGroups;PointsLayer:US.BlockPoints,2.19100000,2.57600000,1,27.55000000,11.23000000,25.27000000,32.42000000,11.85000000,9.37000000,0.74000000,35.97000000,74,78
262,1,262,AQ-46,11,US,262,BlockApportionment:US.BlockGroups;PointsLayer:US.BlockPoints,2.19100000,2.57600000,1,167.00000000,5602.00000000,174.00000000,69,77.15000000,0.98000000,59,11,US,262,BlockApportionment:US.BlockGroups;PointsLayer:US.BlockPoints,2.19100000,2.57600000,1,34.43000000,5.92000000,29.47000000,32.20000000,10.88000000,8.03000000,0.89000000,22.01000000,64,66
263,1,263,AR-46,12,US,263,BlockApportionment:US.BlockGroups;PointsLayer:US.BlockPoints,2.19100000,2.57600000,1,155.00000000,4503.00000000,165.00000000,140,81.48000000,1.56000000,63,12,US,263,BlockApportionment:US.BlockGroups;PointsLayer:US.BlockPoints,2.19100000,2.57600000,1,35.75000000,7.17000000,26.64000000,30.00000000,7.03000000,13.13000000,0.99000000,22.60000000,68,69
264,0,264,AS-46,13,US,264,BlockApportionment:US.BlockGroups;PointsLayer:US.BlockPoints,2.19100000,2.57600000,1,132.00000000,5720.00000000,159.00000000,110,85.30000000,0.50000000,67,13,US,264,BlockApportionment:US.BlockGroups;PointsLayer:US.BlockPoints,2.19100000,2.57600000,1,22.11000000,5.90000000,22.94000000,28.38000000,4.73000000,12.88000000,0.86000000,22.75000000,67,68
265,2,265,AT-46,14,US,265,BlockApportionment:US.BlockGroups;PointsLayer:US.BlockPoints,2.19100000,2.57600000,1,213.00000000,3020.00000000,193.00000000,298,85.76000000,0.19000000,77,14,US,265,BlockApportionment:US.BlockGroups;PointsLayer:US.BlockPoints,2.19100000,2.57600000,1,35.65000000,11.62000000,25.82000000,28.84000000,6.76000000,10.56000000,0.91000000,27.19000000,72,74
266,0,266,AU-46,15,US,266,BlockApportionment:US.BlockGroups;PointsLayer:US.BlockPoints,2.19100000,2.57600000,1,222.00000000,3803.00000000,237.00000000,121,92.74000000,1.40000000,55,15,US,266,BlockApportionment:US.BlockGroups;PointsLayer:US.BlockPoints,2.19100000,2.57600000,1,37.17000000,7.12000000,40.62000000,37.15000000,8.52000000,7.99000000,1.71000000,22.70000000,53,55
267,0,267,AV-46,16,US,267,BlockApportionment:US.BlockGroups;PointsLayer:US.BlockPoints,2.19100000,2.57600000,1,188.00000000,4817.00000000,211.00000000,164,93.42000000,1.21000000,70,16,US,267,BlockApportionment:US.BlockGroups;PointsLayer:US.BlockPoints,2.19100000,2.57600000,1,38.96000000,9.04000000,22.25000000,24.13000000,7.28000000,10.70000000,0.32000000,23.90000000,66,69
268,5,268,T-45,17,US,268,BlockApportionment:US.BlockGroups;PointsLayer:US.BlockPoints,2.19100000,2.57600000,1,221.00000000,2648.00000000,141.00000000,67,14.39000000,1.32000000,114,17,US,268,BlockApportionment:US.BlockGroups;PointsLayer:US.BlockPoints,2.19100000,2.57600000,1,14.48000000,3.79000000,17.14000000,25.16000000,0.69000000,3.41000000,2.75000000,11.41000000,157,155
269,0,269,U-45,18,US,269,BlockApportionment:US.BlockGroups;PointsLayer:US.BlockPoints,2.19100000,2.57600000,1,195.00000000,3593.00000000,122.00000000,136,12.00000000,3.60000000,172,18,US,269,BlockApportionment:US.BlockGroups;PointsLayer:US.BlockPoints,2.19100000,2.57600000,1,10.05000000,3.95000000,9.76000000,23.83000000,0.27000000,1.03000000,3.71000000,6.42000000,155,151
270,0,270,V-45,19,US,270,BlockApportionment:US.BlockGroups;PointsLayer:US.BlockPoints,2.19100000,2.57600000,1,189.00000000,2785.00000000,136.00000000,93,15.83000000,3.28000000,175,19,US,270,BlockApportionment:US.BlockGroups;PointsLayer:US.BlockPoints,2.19100000,2.57600000,1,16.13000000,2.78000000,9.32000000,43.13000000,0.00000000,1.12000000,2.42000000,6.84000000,163,160
271,0,271,W-45,20,US,271,BlockApportionment:US.BlockGroups;PointsLayer:US.BlockPoints,2.19100000,2.57600000,1,227.00000000,3100.00000000,107.00000000,29,13.48000000,1.22000000,197,20,US,271,BlockApportionment:US.BlockGroups;PointsLayer:US.BlockPoints,2.19100000,2.57600000,1,8.30000000,0.75000000,9.57000000,42.96000000,0.00000000,0.95000000,2.53000000,1.74000000,185,182
272,0,272,X-45,21,US,272,BlockApportionment:US.BlockGroups;PointsLayer:US.BlockPoints,2.19100000,2.57600000,1,281.00000000,3741.00000000,144.00000000,38,14.41000000,2.78000000,225,21,US,272,BlockApportionment:US.BlockGroups;PointsLayer:US.BlockPoints,2.19100000,2.57600000,1,6.75000000,1.25000000,14.44000000,36.31000000,0.00000000,2.41000000,3.59000000,3.49000000,169,168
273,1,273,Y-45,22,US,273,BlockApportionment:US.BlockGroups;PointsLayer:US.BlockPoints,2.19100000,2.57600000,1,140.00000000,2453.00000000,73.00000000,55,15.00000000,6.26000000,163,22,US,273,BlockApportionment:US.BlockGroups;PointsLayer:US.BlockPoints,2.19100000,2.57600000,1,29.83000000,0.36000000,15.78000000,29.15000000,0.66000000,0.65000000,3.39000000,7.62000000,162,161
274,3,274,Z-45,23,US,274,BlockApportionment:US.BlockGroups;PointsLayer:US.BlockPoints,2.19100000,2.57600000,1,89.00000000,3150.00000000,105.00000000,212,31.43000000,2.13000000,120,23,US,274,BlockApportionment:US.BlockGroups;PointsLayer:US.BlockPoints,2.19100000,2.57600000,1,21.36000000,3.55000000,12.77000000,20.44000000,1.19000000,1.28000000,1.55000000,15.47000000,120,122
275,0,275,AA-45,24,US,275,BlockApportionment:US.BlockGroups;PointsLayer:US.BlockPoints,2.19100000,2.57600000,1,87.00000000,2142.00000000,83.00000000,79,28.94000000,3.05000000,109,24,US,275,BlockApportionment:US.BlockGroups;PointsLayer:US.BlockPoints,2.19100000,2.57600000,1,10.90000000,3.77000000,4.33000000,16.50000000,0.84000000,0.52000000,3.16000000,9.36000000,114,116
276,1,276,AB-45,25,US,276,BlockApportionment:US.BlockGroups;PointsLayer:US.BlockPoints,2.19100000,2.57600000,1,80.00000000,4197.00000000,107.00000000,152,65.52000000,1.97000000,47,25,US,276,BlockApportionment:US.BlockGroups;PointsLayer:US.BlockPoints,2.19100000,2.57600000,1,25.85000000,9.23000000,25.23000000,22.46000000,7.90000000,5.60000000,2.43000000,16.01000000,77,80
277,1,277,AC-45,26,US,277,BlockApportionment:US.BlockGroups;PointsLayer:US.BlockPoints,2.19100000,2.57600000,1,187.00000000,1044.00000000,123.00000000,107,38.51000000,5.42000000,182,26,US,277,BlockApportionment:US.BlockGroups;PointsLayer:US.BlockPoints,2.19100000,2.57600000,1,17.96000000,2.95000000,5.15000000,42.20000000,2.73000000,0.00000000,3.49000000,7.15000000,154,153
278,0,278,AD-45,27,US,278,BlockApportionment:US.BlockGroups;PointsLayer:US.BlockPoints,2.19100000,2.57600000,1,107.00000000,1030.00000000,109.00000000,21,19.22000000,4.53000000,214,27,US,278,BlockApportionment:US.BlockGroups;PointsLayer:US.BlockPoints,2.19100000,2.57600000,1,16.67000000,4.69000000,9.05000000,67.86000000,0.00000000,0.00000000,4.20000000,7.53000000,184,179
279,0,279,AE-45,28,US,279,BlockApportionment:US.BlockGroups;PointsLayer:US.BlockPoints,2.19100000,2.57600000,1,210.00000000,1582.00000000,82.00000000,124,14.85000000,7.10000000,167,28,US,279,BlockApportionment:US.BlockGroups;PointsLayer:US.BlockPoints,2.19100000,2.57600000,1,16.98000000,0.40000000,3.29000000,5.54000000,0.00000000,0.00000000,8.00000000,6.53000000,148,146
280,0,280,AF-45,29,US,280,BlockApportionment:US.BlockGroups;PointsLayer:US.BlockPoints,2.19100000,2.57600000,1,154.00000000,1343.00000000,99.00000000,100,8.86000000,4.27000000,196,29,US,280,BlockApportionment:US.BlockGroups;PointsLayer:US.BlockPoints,2.19100000,2.57600000,1,8.59000000,0.00000000,7.83000000,28.03000000,0.51000000,0.24000000,4.25000000,7.48000000,171,169
281,0,281,AG-45,30,US,281,BlockApportionment:US.BlockGroups;PointsLayer:US.BlockPoints,2.19100000,2.57600000,1,81.00000000,1627.00000000,120.00000000,129,9.16000000,5.56000000,149,30,US,281,BlockApportionment:US.BlockGroups;PointsLayer:US.BlockPoints,2.19100000,2.57600000,1,6.93000000,1.51000000,9.01000000,22.15000000,1.68000000,0.00000000,5.56000000,7.79000000,141,143
282,0,282,AK-45,31,US,282,BlockApportionment:US.BlockGroups;PointsLayer:US.BlockPoints,2.19100000,2.57600000,1,121.00000000,3211.00000000,146.00000000,260,34.48000000,3.86000000,105,31,US,282,BlockApportionment:US.BlockGroups;PointsLayer:US.BlockPoints,2.19100000,2.57600000,1,29.79000000,6.94000000,7.16000000,45.20000000,5.82000000,2.37000000,5.29000000,19.25000000,105,108
283,0,283,AL-45,32,US,283,BlockApportionment:US.BlockGroups;PointsLayer:US.BlockPoints,2.19100000,2.57600000,1,182.00000000,2824.00000000,173.00000000,264,38.92000000,5.53000000,94,32,US,283,BlockApportionment:US.BlockGroups;PointsLayer:US.BlockPoints,2.19100000,2.57600000,1,37.03000000,4.64000000,18.62000000,42.38000000,2.49000000,3.21000000,4.22000000,27.80000000,88,90
284,0,284,AM-45,33,US,284,BlockApportionment:US.BlockGroups;PointsLayer:US.BlockPoints,2.19100000,2.57600000,1,170.00000000,3591.00000000,182.00000000,171,52.88000000,4.93000000,99,33,US,284,BlockApportionment:US.BlockGroups;PointsLayer:US.BlockPoints,2.19100000,2.57600000,1,26.00000000,8.26000000,16.98000000,36.96000000,2.74000000,4.14000000,4.53000000,29.21000000,93,95
285,4,285,AN-45,34,US,285,BlockApportionment:US.BlockGroups;PointsLayer:US.BlockPoints,2.19100000,2.57600000,1,213.00000000,3146.00000000,192.00000000,117,58.30000000,2.97000000,74,34,US,285,BlockApportionment:US.BlockGroups;PointsLayer:US.BlockPoints,2.19100000,2.57600000,1,47.51000000,7.36000000,23.17000000,42.86000000,7.08000000,2.81000000,3.93000000,19.25000000,75,77
286,0,286,AO-45,35,US,286,BlockApportionment:US.BlockGroups;PointsLayer:US.BlockPoints,2.19100000,2.57600000,1,175.00000000,4532.00000000,185.00000000,202,72.71000000,1.57000000,67,35,US,286,BlockApportionment:US.BlockGroups;PointsLayer:US.BlockPoints,2.19100000,2.57600000,1,43.10000000,12.35000000,29.09000000,53.39000000,8.42000000,7.16000000,1.17000000,20.43000000,63,64
287,2,287,AP-45,36,US,287,BlockApportionment:US.BlockGroups;PointsLayer:US.BlockPoints,2.19100000,2.57600000,1,174.00000000,4460.00000000,180.00000000,138,79.01000000,0.41000000,78,36,US,287,BlockApportionment:US.BlockGroups;PointsLayer:US.BlockPoints,2.19100000,2.57600000,1,37.21000000,9.49000000,20.64000000,37.11000000,9.55000000,7.80000000,0.37000000,25.93000000,83,86
288,3,288,AQ-45,37,US,288,BlockApportionment:US.BlockGroups;PointsLayer:US.BlockPoints,2.19100000,2.57600000,1,183.00000000,4065.00000000,190.00000000,64,76.46000000,1.36000000,60,37,US,288,BlockApportionment:US.BlockGroups;PointsLayer:US.BlockPoints,2.19100000,2.57600000,1,35.25000000,5.96000000,21.86000000,36.98000000,5.50000000,9.98000000,0.83000000,23.68000000,65,69
289,0,289,AR-45,38,US,289,BlockApportionment:US.BlockGroups;PointsLayer:US.BlockPoints,2.19100000,2.57600000,1,180.00000000,4916.00000000,192.00000000,76,77.79000000,1.61000000,68,38,US,289,BlockApportionment:US.BlockGroups;PointsLayer:US.BlockPoints,2.19100000,2.57600000,1,34.04000000,7.39000000,24.61000000,35.79000000,13.07000000,9.33000000,1.02000000,25.27000000,79,81
290,3,290,AS-45,39,US,290,BlockApportionment:US.BlockGroups;PointsLayer:US.BlockPoints,2.19100000,2.57600000,1,178.00000000,4784.00000000,191.00000000,105,86.81000000,1.14000000,68,39,US,290,BlockApportionment:US.BlockGroups;PointsLayer:US.BlockPoints,2.19100000,2.57600000,1,27.90000000,11.16000000,15.10000000,26.92000000,9.93000000,9.25000000,1.11000000,26.19000000,77,79
291,1,291,AT-45,40,US,291,BlockApportionment:US.BlockGroups;PointsLayer:US.BlockPoints,2.19100000,2.57600000,1,185.00000000,2483.00000000,173.00000000,181,86.91000000,0.66000000,69,40,US,291,BlockApportionment:US.BlockGroups;PointsLayer:US.BlockPoints,2.19100000,2.57600000,1,28.96000000,9.28000000,29.83000000,40.37000000,6.05000000,8.35000000,0.31000000,21.48000000,74,77
292,1,292,AU-45,41,US,292,BlockApportionment:US.BlockGroups;PointsLayer:US.BlockPoints,2.19100000,2.57600000,1,221.00000000,2070.00000000,227.00000000,217,91.64000000,0.51000000,66,41,US,292,BlockApportionment:US.BlockGroups;PointsLayer:US.BlockPoints,2.19100000,2.57600000,1,44.88000000,5.71000000,29.17000000,37.39000000,15.06000000,7.72000000,0.92000000,12.13000000,68,71
293,0,293,AV-45,42,US,293,BlockApportionment:US.BlockGroups;PointsLayer:US.BlockPoints,2.19100000,2.57600000,1,182.00000000,5261.00000000,199.00000000,226,91.62000000,1.22000000,77,42,US,293,BlockApportionment:US.BlockGroups;PointsLayer:US.BlockPoints,2.19100000,2.57600000,1,39.88000000,5.90000000,23.59000000,34.14000000,10.41000000,8.67000000,1.16000000,18.12000000,71,72
294,0,294,AW-45,43,US,294,BlockApportionment:US.BlockGroups;PointsLayer:US.BlockPoints,2.19100000,2.57600000,1,271.00000000,1864.00000000,262.00000000,183,94.21000000,0.13000000,77,43,US,294,BlockApportionment:US.BlockGroups;PointsLayer:US.BlockPoints,2.19100000,2.57600000,1,21.68000000,4.42000000,23.00000000,30.52000000,11.67000000,10.58000000,0.13000000,15.35000000,72,74
295,0,295,AX-45,44,US,295,BlockApportionment:US.BlockGroups;PointsLayer:US.BlockPoints,2.19100000,2.57600000,1,208.00000000,802.00000000,122.00000000,107,93.52000000,1.17000000,90,44,US,295,BlockApportionment:US.BlockGroups;PointsLayer:US.BlockPoints,2.19100000,2.57600000,1,57.45000000,0.71000000,2.13000000,5.00000000,6.89000000,11.48000000,0.00000000,8.54000000,90,94
296,0,296,R-44,45,US,296,BlockApportionment:US.BlockGroups;PointsLayer:US.BlockPoints,2.19100000,2.57600000,0,0.00000000,0.00000000,0.00000000,0,0.00000000,0.00000000,0,45,US,296,BlockApportionment:US.BlockGroups;PointsLayer:US.BlockPoints,2.19100000,2.57600000,0,0.00000000,0.00000000,0.00000000,0.00000000,0.00000000,0.00000000,0.00000000,0.00000000,0,0
297,0,297,S-44,46,US,297,BlockApportionment:US.BlockGroups;PointsLayer:US.BlockPoints,2.19100000,2.57600000,1,210.00000000,915.00000000,120.00000000,60,9.95000000,0.40000000,145,46,US,297,BlockApportionment:US.BlockGroups;PointsLayer:US.BlockPoints,2.19100000,2.57600000,1,6.93000000,3.01000000,9.83000000,37.18000000,0.14000000,2.29000000,0.14000000,3.52000000,121,120
298,6,298,T-44,47,US,298,BlockApportionment:US.BlockGroups;PointsLayer:US.BlockPoints,2.19100000,2.57600000,1,171.00000000,3904.00000000,136.00000000,167,22.69000000,0.78000000,135,47,US,298,BlockApportionment:US.BlockGroups;PointsLayer:US.BlockPoints,2.19100000,2.57600000,1,10.65000000,2.52000000,11.33000000,28.80000000,0.43000000,3.24000000,0.92000000,5.42000000,139,138
299,1,299,U-44,48,US,299,BlockApportionment:US.BlockGroups;PointsLayer:US.BlockPoints,2.19100000,2.57600000,1,177.00000000,3797.00000000,132.00000000,131,28.34000000,4.05000000,162,48,US,299,BlockApportionment:US.BlockGroups;PointsLayer:US.BlockPoints,2.19100000,2.57600000,1,14.96000000,0.66000000,11.84000000,16.01000000,2.04000000,2.24000000,4.73000000,9.71000000,143,144
300,6,300,V-44,49,US,300,BlockApportionment:US.BlockGroups;PointsLayer:US.BlockPoints,2.19100000,2.57600000,1,168.00000000,2986.00000000,142.00000000,90,17.35000000,2.02000000,203,49,US,300,BlockApportionment:US.BlockGroups;PointsLayer:US.BlockPoints,2.19100000,2.57600000,1,10.62000000,1.85000000,4.13000000,17.76000000,1.74000000,1.88000000,1.79000000,4.49000000,174,171
301,0,301,W-44,0,US,301,BlockApportionment:US.BlockGroups;PointsLayer:US.BlockPoints,2.19100000,2.57600000,1,151.00000000,2868.00000000,112.00000000,93,19.14000000,1.85000000,141,0,US,301,BlockApportionment:US.BlockGroups;PointsLayer:US.BlockPoints,2.19100000,2.57600000,1,9.44000000,3.74000000,10.98000000,32.26000000,0.65000000,3.30000000,2.10000000,6.04000000,138,138
302,1,302,X-44,1,US,302,BlockApportionment:US.BlockGroups;PointsLayer:US.BlockPoints,2.19100000,2.57600000,1,129.00000000,2342.00000000,124.00000000,221,27.88000000,1.25000000,130,1,US,302,BlockApportionment:US.BlockGroups;PointsLayer:US.BlockPoints,2.19100000,2.57600000,1,17.57000000,1.41000000,9.57000000,29.93000000,1.31000000,1.99000000,1.63000000,10.65000000,133,135
303,0,303,Y-44,2,US,303,BlockApportionment:US.BlockGroups;PointsLayer:US.BlockPoints,2.19100000,2.57600000,1,173.00000000,3228.00000000,167.00000000,150,30.48000000,2.89000000,124,2,US,303,BlockApportionment:US.BlockGroups;PointsLayer:US.BlockPoints,2.19100000,2.57600000,1,18.28000000,3.84000000,6.83000000,28.79000000,1.54000000,4.04000000,2.64000000,8.43000000,149,150
304,0,304,Z-44,3,US,304,BlockApportionment:US.BlockGroups;PointsLayer:US.BlockPoints,2.19100000,2.57600000,1,140.00000000,3513.00000000,145.00000000,131,43.52000000,1.52000000,109,3,US,304,BlockApportionment:US.BlockGroups;PointsLayer:US.BlockPoints,2.19100000,2.57600000,1,13.56000000,4.99000000,6.21000000,25.30000000,2.88000000,6.86000000,2.55000000,11.34000000,117,119
305,3,305,AA-44,4,US,305,BlockApportionment:US.BlockGroups;PointsLayer:US.BlockPoints,2.19100000,2.57600000,1,109.00000000,4672.00000000,127.00000000,131,43.41000000,2.46000000,128,4,US,305,BlockApportionment:US.BlockGroups;PointsLayer:US.BlockPoints,2.19100000,2.57600000,1,15.72000000,3.66000000,4.65000000,12.54000000,5.34000000,2.90000000,1.77000000,9.71000000,130,133
306,2,306,AB-44,5,US,306,BlockApportionment:US.BlockGroups;PointsLayer:US.BlockPoints,2.19100000,2.57600000,1,86.00000000,3532.00000000,127.00000000,83,58.89000000,1.76000000,112,5,US,306,BlockApportionment:US.BlockGroups;PointsLayer:US.BlockPoints,2.19100000,2.57600000,1,10.98000000,1.87000000,19.73000000,22.21000000,0.70000000,5.45000000,2.84000000,18.99000000,124,127
307,0,307,AC-44,6,US,307,BlockApportionment:US.BlockGroups;PointsLayer:US.BlockPoints,2.19100000,2.57600000,1,92.00000000,1832.00000000,148.00000000,26,19.54000000,4.26000000,213,6,US,307,BlockApportionment:US.BlockGroups;PointsLayer:US.BlockPoints,2.19100000,2.57600000,1,18.81000000,2.29000000,1.57000000,11.97000000,0.78000000,0.26000000,3.43000000,9.50000000,191,186
308,0,308,AD-44,7,US,308,BlockApportionment:US.BlockGroups;PointsLayer:US.BlockPoints,2.19100000,2.57600000,1,173.00000000,1507.00000000,199.00000000,102,26.54000000,3.54000000,193,7,US,308,BlockApportionment:US.BlockGroups;PointsLayer:US.BlockPoints,2.19100000,2.57600000,1,25.28000000,7.38000000,0.38000000,11.37000000,1.80000000,0.99000000,3.00000000,18.47000000,174,175
309,0,309,AE-44,8,US,309,BlockApportionment:US.BlockGroups;PointsLayer:US.BlockPoints,2.19100000,2.57600000,1,119.00000000,1220.00000000,76.00000000,24,15.90000000,0.23000000,204,8,US,309,BlockApportionment:US.BlockGroups;PointsLayer:US.BlockPoints,2.19100000,2.57600000,1,20.14000000,6.47000000,15.50000000,72.30000000,0.36000000,0.00000000,0.24000000,10.06000000,160,156
310,0,310,AL-44,9,US,310,BlockApportionment:US.BlockGroups;PointsLayer:US.BlockPoints,2.19100000,2.57600000,1,158.00000000,1944.00000000,166.00000000,131,27.01000000,3.69000000,132,9,US,310,BlockApportionment:US.BlockGroups;PointsLayer:US.BlockPoints,2.19100000,2.57600000,1,37.25000000,2.35000000,8.12000000,35.36000000,0.94000000,0.67000000,4.60000000,15.58000000,105,99
311,0,311,AM-44,10,US,311,BlockApportionment:US.BlockGroups;PointsLayer:US.BlockPoints,2.19100000,2.57600000,1,183.00000000,3751.00000000,191.00000000,321,48.07000000,2.70000000,82,10,US,311,BlockApportionment:US.BlockGroups;PointsLayer:US.BlockPoints,2.19100000,2.57600000,1,32.95000000,11.24000000,18.70000000,56.91000000,1.76000000,2.39000000,1.93000000,23.80000000,80,85
312,1,312,AN-44,11,US,312,BlockApportionment:US.BlockGroups;PointsLayer:US.BlockPoints,2.19100000,2.57600000,1,202.00000000,3742.00000000,220.00000000,102,63.47000000,2.95000000,78,11,US,312,BlockApportionment:US.BlockGroups;PointsLayer:US.BlockPoints,2.19100000,2.57600000,1,37.73000000,6.33000000,25.47000000,30.91000000,5.99000000,1.79000000,1.51000000,19.61000000,81,86
313,2,313,AO-44,12,US,313,BlockApportionment:US.BlockGroups;PointsLayer:US.BlockPoints,2.19100000,2.57600000,1,179.00000000,4586.00000000,186.00000000,169,73.29000000,1.21000000,97,12,US,313,BlockApportionment:US.BlockGroups;PointsLayer:US.BlockPoints,2.19100000,2.57600000,1,33.06000000,9.96000000,12.50000000,35.09000000,8.77000000,8.00000000,0.95000000,17.32000000,84,85
314,0,314,AP-44,13,US,314,BlockApportionment:US.BlockGroups;PointsLayer:US.BlockPoints,2.19100000,2.57600000,1,200.00000000,4315.00000000,207.00000000,88,70.73000000,1.52000000,81,13,US,314,BlockApportionment:US.BlockGroups;PointsLayer:US.BlockPoints,2.19100000,2.57600000,1,32.48000000,10.54000000,18.81000000,21.52000000,10.51000000,6.61000000,1.88000000,25.83000000,92,93
315,1,315,AQ-44,14,US,315,BlockApportionment:US.BlockGroups;PointsLayer:US.BlockPoints,2.19100000,2.57600000,1,180.00000000,5163.00000000,181.00000000,114,78.00000000,0.66000000,92,14,US,315,BlockApportionment:US.BlockGroups;PointsLayer:US.BlockPoints,2.19100000,2.57600000,1,34.98000000,11.71000000,17.42000000,33.12000000,9.30000000,8.32000000,0.76000000,22.47000000,85,89
316,6,316,AR-44,15,US,316,BlockApportionment:US.BlockGroups;PointsLayer:US.BlockPoints,2.19100000,2.57600000,1,151.00000000,5737.00000000,168.00000000,140,80.58000000,2.19000000,66,15,US,316,BlockApportionment:US.BlockGroups;PointsLayer:US.BlockPoints,2.19100000,2.57600000,1,30.70000000,6.29000000,22.05000000,34.55000000,9.08000000,7.29000000,1.40000000,24.79000000,65,65
317,0,317,AS-44,16,US,317,BlockApportionment:US.BlockGroups;PointsLayer:US.BlockPoints,2.19100000,2.57600000,1,152.00000000,7151.00000000,173.00000000,143,85.64000000,1.16000000,72,16,US,317,BlockApportionment:US.BlockGroups;PointsLayer:US.BlockPoints,2.19100000,2.57600000,1,34.61000000,7.65000000,20.43000000,35.15000000,6.93000000,11.67000000,0.74000000,21.42000000,74,74
318,0,318,AT-44,17,US,318,BlockApportionment:US.BlockGroups;PointsLayer:US.BlockPoints,2.19100000,2.57600000,1,145.00000000,5876.00000000,167.00000000,238,88.46000000,1.25000000,67,17,US,318,BlockApportionment:US.BlockGroups;PointsLayer:US.BlockPoints,2.19100000,2.57600000,1,29.96000000,11.56000000,26.69000000,38.91000000,4.72000000,10.14000000,0.93000000,12.20000000,60,62
319,1,319,AU-44,18,US,319,BlockApportionment:US.BlockGroups;PointsLayer:US.BlockPoints,2.19100000,2.57600000,1,155.00000000,6161.00000000,171.00000000,160,87.73000000,1.73000000,72,18,US,319,BlockApportionment:US.BlockGroups;PointsLayer:US.BlockPoints,2.19100000,2.57600000,1,41.52000000,9.39000000,24.55000000,36.42000000,6.43000000,7.78000000,1.81000000,17.79000000,69,70
320,1,320,AV-44,19,US,320,BlockApportionment:US.BlockGroups;PointsLayer:US.BlockPoints,2.19100000,2.57600000,1,151.00000000,7306.00000000,166.00000000,205,90.42000000,0.76000000,76,19,US,320,BlockApportionment:US.BlockGroups;PointsLayer:US.BlockPoints,2.19100000,2.57600000,1,30.16000000,5.27000000,25.21000000,37.68000000,10.08000000,12.03000000,0.49000000,17.29000000,70,70
321,2,321,AW-44,20,US,321,BlockApportionment:US.BlockGroups;PointsLayer:US.BlockPoints,2.19100000,2.57600000,1,295.00000000,2740.00000000,231.00000000,188,79.71000000,2.94000000,32,20,US,321,BlockApportionment:US.BlockGroups;PointsLayer:US.BlockPoints,2.19100000,2.57600000,1,39.26000000,10.88000000,33.15000000,28.99000000,6.33000000,8.37000000,2.36000000,26.66000000,36,36
322,0,322,AX-44,21,US,322,BlockApportionment:US.BlockGroups;PointsLayer:US.BlockPoints,2.19100000,2.57600000,1,366.00000000,120.00000000,194.00000000,157,94.17000000,0.00000000,50,21,US,322,BlockApportionment:US.BlockGroups;PointsLayer:US.BlockPoints,2.19100000,2.57600000,1,22.22000000,25.00000000,0.00000000,20.00000000,0.00000000,4.17000000,0.00000000,24.07000000,47,49
323,0,323,R-43,22,US,323,BlockApportionment:US.BlockGroups;PointsLayer:US.BlockPoints,2.19100000,2.57600000,1,310.00000000,2460.00000000,269.00000000,362,16.54000000,2.86000000,107,22,US,323,BlockApportionment:US.BlockGroups;PointsLayer:US.BlockPoints,2.19100000,2.57600000,1,27.20000000,2.22000000,18.83000000,25.95000000,0.93000000,2.66000000,3.48000000,3.30000000,138,137
324,0,324,S-43,23,US,324,BlockApportionment:US.BlockGroups;PointsLayer:US.BlockPoints,2.19100000,2.57600000,1,239.00000000,3431.00000000,216.00000000,164,12.45000000,1.58000000,151,23,US,324,BlockApportionment:US.BlockGroups;PointsLayer:US.BlockPoints,2.19100000,2.57600000,1,16.94000000,1.87000000,14.12000000,20.54000000,1.27000000,3.17000000,1.13000000,6.40000000,138,134
325,0,325,T-43,24,US,325,BlockApportionment:US.BlockGroups;PointsLayer:US.BlockPoints,2.19100000,2.57600000,1,140.00000000,4343.00000000,188.00000000,112,17.15000000,4.46000000,138,24,US,325,BlockApportionment:US.BlockGroups;PointsLayer:US.BlockPoints,2.19100000,2.57600000,1,15.12000000,4.78000000,6.50000000,16.67000000,1.24000000,2.73000000,4.47000000,6.43000000,141,141
326,0,326,U-43,25,US,326,BlockApportionment:US.BlockGroups;PointsLayer:US.BlockPoints,2.19100000,2.57600000,1,131.00000000,2496.00000000,117.00000000,112,29.85000000,3.32000000,198,25,US,326,BlockApportionment:US.BlockGroups;PointsLayer:US.BlockPoints,2.19100000,2.57600000,1,13.67000000,1.21000000,7.60000000,17.17000000,1.88000000,0.93000000,1.71000000,6.01000000,178,179
327,1,327,V-43,26,US,327,BlockApportionment:US.BlockGroups;PointsLayer:US.BlockPoints,2.19100000,2.57600000,1,145.00000000,1231.00000000,148.00000000,52,20.23000000,3.41000000,236,26,US,327,BlockApportionment:US.BlockGroups;PointsLayer:US.BlockPoints,2.19100000,2.57600000,1,10.26000000,1.91000000,12.63000000,10.00000000,1.06000000,0.72000000,3.12000000,8.25000000,199,193
328,1,328,W-43,27,US,328,BlockApportionment:US.BlockGroups;PointsLayer:US.BlockPoints,2.19100000,2.57600000,1,105.00000000,2117.00000000,101.00000000,74,19.84000000,1.56000000,171,27,US,328,BlockApportionment:US.BlockGroups;PointsLayer:US.BlockPoints,2.19100000,2.57600000,1,17.54000000,1.20000000,2.64000000,26.21000000,1.00000000,3.21000000,1.12000000,5.98000000,174,172
329,0,329,X-43,28,US,329,BlockApportionment:US.BlockGroups;PointsLayer:US.BlockPoints,2.19100000,2.57600000,1,71.00000000,1911.00000000,85.00000000,110,19.68000000,1.89000000,195,28,US,329,BlockApportionment:US.BlockGroups;PointsLayer:US.BlockPoints,2.19100000,2.57600000,1,22.59000000,2.18000000,2.52000000,31.84000000,0.44000000,1.18000000,1.24000000,6.67000000,181,181
330,0,330,Y-43,29,US,330,BlockApportionment:US.BlockGroups;PointsLayer:US.BlockPoints,2.19100000,2.57600000,1,91.00000000,5162.00000000,106.00000000,93,35.30000000,1.34000000,111,29,US,330,BlockApportionment:US.BlockGroups;PointsLayer:US.BlockPoints,2.19100000,2.57600000,1,15.31000000,4.97000000,6.55000000,26.68000000,3.61000000,6.27000000,1.82000000,10.03000000,133,135
331,2,331,Z-43,30,US,331,BlockApportionment:US.BlockGroups;PointsLayer:US.BlockPoints,2.19100000,2.57600000,1,102.00000000,3822.00000000,101.00000000,100,34.33000000,0.66000000,116,30,US,331,BlockApportionment:US.BlockGroups;PointsLayer:US.BlockPoints,2.19100000,2.57600000,1,22.14000000,2.21000000,10.72000000,19.68000000,4.13000000,5.41000000,1.16000000,12.93000000,118,119
332,0,332,AA-43,31,US,332,BlockApportionment:US.BlockGroups;PointsLayer:US.BlockPoints,2.19100000,2.57600000,1,132.00000000,2923.00000000,177.00000000,83,34.11000000,1.05000000,156,31,US,332,BlockApportionment:US.BlockGroups;PointsLayer:US.BlockPoints,2.19100000,2.57600000,1,10.70000000,5.42000000,2.60000000,18.03000000,1.49000000,5.71000000,1.02000000,9.25000000,155,153
333,0,333,AB-43,32,US,333,BlockApportionment:US.BlockGroups;PointsLayer:US.BlockPoints,2.19100000,2.57600000,1,179.00000000,2170.00000000,237.00000000,107,28.20000000,2.64000000,147,32,US,333,BlockApportionment:US.BlockGroups;PointsLayer:US.BlockPoints,2.19100000,2.57600000,1,16.03000000,2.31000000,2.21000000,25.18000000,1.04000000,2.77000000,2.65000000,9.32000000,150,151
334,0,334,AC-43,33,US,334,BlockApportionment:US.BlockGroups;PointsLayer:US.BlockPoints,2.19100000,2.57600000,1,147.00000000,2027.00000000,159.00000000,102,20.97000000,2.98000000,165,33,US,334,BlockApportionment:US.BlockGroups;PointsLayer:US.BlockPoints,2.19100000,2.57600000,1,23.87000000,4.40000000,1.44000000,20.83000000,1.88000000,2.54000000,3.60000000,10.85000000,163,165
335,0,335,AD-43,34,US,335,BlockApportionment:US.BlockGroups;PointsLayer:US.BlockPoints,2.19100000,2.57600000,1,152.00000000,3606.00000000,79.00000000,152,17.67000000,3.07000000,144,34,US,335,BlockApportionment:US.BlockGroups;PointsLayer:US.BlockPoints,2.19100000,2.57600000,1,13.13000000,3.84000000,5.62000000,34.64000000,1.94000000,1.90000000,2.90000000,6.93000000,137,138
336,0,336,AE-43,35,US,336,BlockApportionment:US.BlockGroups;PointsLayer:US.BlockPoints,2.19100000,2.57600000,1,185.00000000,704.00000000,109.00000000,7,18.75000000,2.99000000,152,35,US,336,BlockApportionment:US.BlockGroups;PointsLayer:US.BlockPoints,2.19100000,2.57600000,1,32.63000000,0.85000000,13.00000000,3.90000000,3.19000000,0.19000000,2.95000000,14.58000000,142,142
337,0,337,AJ-43,36,US,337,BlockApportionment:US.BlockGroups;PointsLayer:US.BlockPoints,2.19100000,2.57600000,1,114.00000000,1635.00000000,152.00000000,45,8.01000000,3.54000000,136,36,US,337,BlockApportionment:US.BlockGroups;PointsLayer:US.BlockPoints,2.19100000,2.57600000,1,23.88000000,2.17000000,2.98000000,29.52000000,0.00000000,0.18000000,2.77000000,12.76000000,128,128
338,0,338,AK-43,37,US,338,BlockApportionment:US.BlockGroups;PointsLayer:US.BlockPoints,2.19100000,2.57600000,1,102.00000000,1897.00000000,154.00000000,376,8.49000000,6.74000000,126,37,US,338,BlockApportionment:US.BlockGroups;PointsLayer:US.BlockPoints,2.19100000,2.57600000,1,28.04000000,1.69000000,3.48000000,41.87000000,0.84000000,4.44000000,3.75000000,5.96000000,108,109
339,0,339,AL-43,38,US,339,BlockApportionment:US.BlockGroups;PointsLayer:US.BlockPoints,2.19100000,2.57600000,1,155.00000000,3348.00000000,168.00000000,240,16.52000000,6.15000000,68,38,US,339,BlockApportionment:US.BlockGroups;PointsLayer:US.BlockPoints,2.19100000,2.57600000,1,26.87000000,5.56000000,19.72000000,45.54000000,1.50000000,0.61000000,7.90000000,16.24000000,74,79
340,0,340,AM-43,39,US,340,BlockApportionment:US.BlockGroups;PointsLayer:US.BlockPoints,2.19100000,2.57600000,1,147.00000000,2745.00000000,165.00000000,286,41.60000000,2.53000000,68,39,US,340,BlockApportionment:US.BlockGroups;PointsLayer:US.BlockPoints,2.19100000,2.57600000,1,36.54000000,5.03000000,25.82000000,39.81000000,2.34000000,3.54000000,3.33000000,27.86000000,67,69
341,0,341,AN-43,40,US,341,BlockApportionment:US.BlockGroups;PointsLayer:US.BlockPoints,2.19100000,2.57600000,1,157.00000000,3433.00000000,177.00000000,202,59.48000000,3.00000000,89,40,US,341,BlockApportionment:US.BlockGroups;PointsLayer:US.BlockPoints,2.19100000,2.57600000,1,33.03000000,10.50000000,21.30000000,40.29000000,7.04000000,13.10000000,1.49000000,22.18000000,81,80
342,0,342,AO-43,41,US,342,BlockApportionment:US.BlockGroups;PointsLayer:US.BlockPoints,2.19100000,2.57600000,1,172.00000000,4062.00000000,177.00000000,152,66.84000000,1.34000000,86,41,US,342,BlockApportionment:US.BlockGroups;PointsLayer:US.BlockPoints,2.19100000,2.57600000,1,37.78000000,10.92000000,12.82000000,36.21000000,7.07000000,5.62000000,1.71000000,20.00000000,86,88
343,1,343,AP-43,42,US,343,BlockApportionment:US.BlockGroups;PointsLayer:US.BlockPoints,2.19100000,2.57600000,1,171.00000000,5311.00000000,186.00000000,133,74.17000000,0.69000000,81,42,US,343,BlockApportionment:US.BlockGroups;PointsLayer:US.BlockPoints,2.19100000,2.57600000,1,33.44000000,12.09000000,22.98000000,24.05000000,9.12000000,8.32000000,0.82000000,21.87000000,76,77
344,1,344,AQ-43,43,US,344,BlockApportionment:US.BlockGroups;PointsLayer:US.BlockPoints,2.19100000,2.57600000,1,166.00000000,6281.00000000,178.00000000,183,81.53000000,0.68000000,63,43,US,344,BlockApportionment:US.BlockGroups;PointsLayer:US.BlockPoints,2.19100000,2.57600000,1,33.37000000,7.77000000,25.08000000,34.09000000,11.17000000,9.85000000,0.70000000,17.37000000,60,61
345,4,345,AR-43,44,US,345,BlockApportionment:US.BlockGroups;PointsLayer:US.BlockPoints,2.19100000,2.57600000,1,129.00000000,5130.00000000,138.00000000,207,84.83000000,0.74000000,55,44,US,345,BlockApportionment:US.BlockGroups;PointsLayer:US.BlockPoints,2.19100000,2.57600000,1,29.24000000,6.23000000,21.14000000,35.90000000,10.82000000,13.77000000,0.91000000,18.77000000,54,54
346,4,346,AS-43,45,US,346,BlockApportionment:US.BlockGroups;PointsLayer:US.BlockPoints,2.19100000,2.57600000,1,143.00000000,6807.00000000,158.00000000,152,86.63000000,1.23000000,68,45,US,346,BlockApportionment:US.BlockGroups;PointsLayer:US.BlockPoints,2.19100000,2.57600000,1,34.15000000,9.43000000,34.22000000,34.84000000,7.55000000,11.67000000,0.86000000,20.84000000,69,71
347,4,347,AT-43,46,US,347,BlockApportionment:US.BlockGroups;PointsLayer:US.BlockPoints,2.19100000,2.57600000,1,158.00000000,7387.00000000,164.00000000,133,90.62000000,0.30000000,66,46,US,347,BlockApportionment:US.BlockGroups;PointsLayer:US.BlockPoints,2.19100000,2.57600000,1,25.52000000,10.78000000,31.56000000,39.08000000,11.35000000,8.40000000,0.14000000,25.15000000,68,68
348,4,348,AU-43,47,US,348,BlockApportionment:US.BlockGroups;PointsLayer:US.BlockPoints,2.19100000,2.57600000,1,132.00000000,6026.00000000,159.00000000,112,86.92000000,0.89000000,71,47,US,348,BlockApportionment:US.BlockGroups;PointsLayer:US.BlockPoints,2.19100000,2.57600000,1,22.21000000,13.55000000,22.04000000,32.65000000,10.31000000,11.78000000,0.56000000,19.23000000,72,72
349,0,349,AV-43,48,US,349,BlockApportionment:US.BlockGroups;PointsLayer:US.BlockPoints,2.19100000,2.57600000,1,147.00000000,6782.00000000,174.00000000,171,90.98000000,0.84000000,83,48,US,349,BlockApportionment:US.BlockGroups;PointsLayer:US.BlockPoints,2.19100000,2.57600000,1,33.75000000,8.72000000,28.86000000,38.81000000,11.65000000,6.60000000,0.46000000,15.61000000,69,70
350,6,350,AW-43,49,US,350,BlockApportionment:US.BlockGroups;PointsLayer:US.BlockPoints,2.19100000,2.57600000,1,265.00000000,483.00000000,202.00000000,95,88.20000000,0.77000000,85,49,US,350,BlockApportionment:US.BlockGroups;PointsLayer:US.BlockPoints,2.19100000,2.57600000,1,16.13000000,12.90000000,23.38000000,23.53000000,16.27000000,3.77000000,0.25000000,18.98000000,83,83
351,0,351,AX-43,0,US,351,BlockApportionment:US.BlockGroups;PointsLayer:US.BlockPoints,2.19100000,2.57600000,1,569.00000000,32.00000000,319.00000000,183,78.12000000,0.00000000,75,0,US,351,BlockApportionment:US.BlockGroups;PointsLayer:US.BlockPoints,2.19100000,2.57600000,1,30.00000000,0.00000000,1.67000000,11.11000000,0.00000000,0.00000000,0.00000000,29.03000000,62,56
352,0,352,BB-43,1,US,352,BlockApportionment:US.BlockGroups;PointsLayer:US.BlockPoints,2.19100000,2.57600000,1,0.00000000,0.00000000,0.00000000,0,0.00000000,0.00000000,0,1,US,352,BlockApportionment:US.BlockGroups;PointsLayer:US.BlockPoints,2.19100000,2.57600000,1,0.00000000,0.00000000,0.00000000,0.00000000,0.00000000,0.00000000,0.00000000,0.00000000,0,0
353,0,353,S-42,2,US,353,BlockApportionment:US.BlockGroups;PointsLayer:US.BlockPoints,2.19100000,2.57600000,1,191.00000000,3279.00000000,231.00000000,174,16.38000000,1.50000000,123,2,US,353,BlockApportionment:US.BlockGroups;PointsLayer:US.BlockPoints,2.19100000,2.57600000,1,15.33000000,5.38000000,11.03000000,29.86000000,0.15000000,6.12000000,1.52000000,8.84000000,137,140
354,0,354,T-42,3,US,354,BlockApportionment:US.BlockGroups;PointsLayer:US.BlockPoints,2.19100000,2.57600000,1,123.00000000,2261.00000000,180.00000000,129,15.48000000,7.21000000,168,3,US,354,BlockApportionment:US.BlockGroups;PointsLayer:US.BlockPoints,2.19100000,2.57600000,1,8.53000000,1.77000000,10.14000000,24.55000000,0.00000000,1.66000000,5.24000000,8.76000000,162,161
355,0,355,U-42,4,US,355,BlockApportionment:US.BlockGroups;PointsLayer:US.BlockPoints,2.19100000,2.57600000,1,124.00000000,1513.00000000,157.00000000,152,12.76000000,4.89000000,178,4,US,355,BlockApportionment:US.BlockGroups;PointsLayer:US.BlockPoints,2.19100000,2.57600000,1,9.55000000,5.34000000,5.31000000,32.65000000,0.00000000,1.77000000,4.23000000,8.63000000,186,188
356,0,356,V-42,5,US,356,BlockApportionment:US.BlockGroups;PointsLayer:US.BlockPoints,2.19100000,2.57600000,1,220.00000000,1892.00000000,233.00000000,140,18.66000000,0.69000000,148,5,US,356,BlockApportionment:US.BlockGroups;PointsLayer:US.BlockPoints,2.19100000,2.57600000,1,9.11000000,2.47000000,2.49000000,22.77000000,0.00000000,1.41000000,0.74000000,4.11000000,156,155
357,0,357,W-42,6,US,357,BlockApportionment:US.BlockGroups;PointsLayer:US.BlockPoints,2.19100000,2.57600000,1,112.00000000,1841.00000000,114.00000000,64,13.47000000,2.69000000,237,6,US,357,BlockApportionment:US.BlockGroups;PointsLayer:US.BlockPoints,2.19100000,2.57600000,1,19.66000000,0.00000000,2.23000000,43.62000000,0.00000000,0.52000000,1.74000000,9.86000000,197,202
358,0,358,X-42,7,US,358,BlockApportionment:US.BlockGroups;PointsLayer:US.BlockPoints,2.19100000,2.57600000,1,68.00000000,1927.00000000,72.00000000,43,13.49000000,2.31000000,179,7,US,358,BlockApportionment:US.BlockGroups;PointsLayer:US.BlockPoints,2.19100000,2.57600000,1,20.43000000,0.00000000,2.54000000,47.25000000,0.00000000,1.24000000,1.77000000,11.67000000,181,183
359,0,359,Y-42,8,US,359,BlockApportionment:US.BlockGroups;PointsLayer:US.BlockPoints,2.19100000,2.57600000,1,84.00000000,2087.00000000,79.00000000,143,20.41000000,4.11000000,147,8,US,359,BlockApportionment:US.BlockGroups;PointsLayer:US.BlockPoints,2.19100000,2.57600000,1,17.40000000,3.09000000,4.83000000,22.22000000,0.24000000,3.38000000,2.85000000,10.24000000,164,163
360,0,360,Z-42,9,US,360,BlockApportionment:US.BlockGroups;PointsLayer:US.BlockPoints,2.19100000,2.57600000,1,70.00000000,1703.00000000,96.00000000,95,20.14000000,5.45000000,125,9,US,360,BlockApportionment:US.BlockGroups;PointsLayer:US.BlockPoints,2.19100000,2.57600000,1,14.89000000,3.41000000,7.32000000,30.50000000,1.93000000,0.83000000,4.42000000,6.69000000,147,147
361,0,361,AA-42,10,US,361,BlockApportionment:US.BlockGroups;PointsLayer:US.BlockPoints,2.19100000,2.57600000,1,99.00000000,2708.00000000,155.00000000,67,37.89000000,3.67000000,140,10,US,361,BlockApportionment:US.BlockGroups;PointsLayer:US.BlockPoints,2.19100000,2.57600000,1,16.03000000,3.10000000,11.26000000,22.67000000,3.45000000,2.15000000,3.49000000,10.04000000,139,138
362,0,362,AB-42,11,US,362,BlockApportionment:US.BlockGroups;PointsLayer:US.BlockPoints,2.19100000,2.57600000,1,194.00000000,3423.00000000,245.00000000,95,32.66000000,0.40000000,135,11,US,362,BlockApportionment:US.BlockGroups;PointsLayer:US.BlockPoints,2.19100000,2.57600000,1,17.69000000,1.38000000,11.01000000,41.53000000,2.43000000,1.57000000,0.61000000,9.17000000,138,142
363,0,363,AC-42,12,US,363,BlockApportionment:US.BlockGroups;PointsLayer:US.BlockPoints,2.19100000,2.57600000,1,144.00000000,1853.00000000,173.00000000,33,18.73000000,2.09000000,174,12,US,363,BlockApportionment:US.BlockGroups;PointsLayer:US.BlockPoints,2.19100000,2.57600000,1,15.21000000,1.94000000,1.33000000,9.46000000,0.47000000,0.44000000,1.82000000,9.20000000,171,169
364,0,364,AD-42,13,US,364,BlockApportionment:US.BlockGroups;PointsLayer:US.BlockPoints,2.19100000,2.57600000,1,161.00000000,2227.00000000,180.00000000,110,16.12000000,2.37000000,174,13,US,364,BlockApportionment:US.BlockGroups;PointsLayer:US.BlockPoints,2.19100000,2.57600000,1,21.90000000,8.17000000,8.26000000,30.83000000,0.13000000,0.00000000,2.15000000,7.25000000,145,143
365,0,365,AE-42,14,US,365,BlockApportionment:US.BlockGroups;PointsLayer:US.BlockPoints,2.19100000,2.57600000,1,170.00000000,1006.00000000,70.00000000,162,14.41000000,4.74000000,135,14,US,365,BlockApportionment:US.BlockGroups;PointsLayer:US.BlockPoints,2.19100000,2.57600000,1,9.36000000,1.69000000,7.88000000,29.76000000,0.59000000,0.00000000,4.29000000,9.07000000,138,141
366,0,366,AH-42,15,US,366,BlockApportionment:US.BlockGroups;PointsLayer:US.BlockPoints,2.19100000,2.57600000,1,107.00000000,652.00000000,79.00000000,117,11.20000000,4.72000000,169,15,US,366,BlockApportionment:US.BlockGroups;PointsLayer:US.BlockPoints,2.19100000,2.57600000,1,14.46000000,0.80000000,5.81000000,40.54000000,1.47000000,0.00000000,5.65000000,4.95000000,142,140
367,0,367,AI-42,16,US,367,BlockApportionment:US.BlockGroups;PointsLayer:US.BlockPoints,2.19100000,2.57600000,1,116.00000000,2047.00000000,142.00000000,105,27.45000000,2.30000000,83,16,US,367,BlockApportionment:US.BlockGroups;PointsLayer:US.BlockPoints,2.19100000,2.57600000,1,17.12000000,3.36000000,17.06000000,38.82000000,2.79000000,3.37000000,2.29000000,21.01000000,93,94
368,0,368,AJ-42,17,US,368,BlockApportionment:US.BlockGroups;PointsLayer:US.BlockPoints,2.19100000,2.57600000,1,100.00000000,7045.00000000,136.00000000,119,29.67000000,2.49000000,49,17,US,368,BlockApportionment:US.BlockGroups;PointsLayer:US.BlockPoints,2.19100000,2.57600000,1,26.88000000,5.96000000,19.83000000,44.99000000,2.74000000,4.56000000,2.57000000,25.04000000,65,64
369,0,369,AK-42,18,US,369,BlockApportionment:US.BlockGroups;PointsLayer:US.BlockPoints,2.19100000,2.57600000,1,147.00000000,2369.00000000,152.00000000,340,14.27000000,5.33000000,103,18,US,369,BlockApportionment:US.BlockGroups;PointsLayer:US.BlockPoints,2.19100000,2.57600000,1,23.70000000,7.16000000,30.08000000,51.18000000,2.35000000,3.98000000,7.20000000,18.00000000,85,87
370,0,370,AL-42,19,US,370,BlockApportionment:US.BlockGroups;PointsLayer:US.BlockPoints,2.19100000,2.57600000,1,84.00000000,2084.00000000,123.00000000,210,13.87000000,4.62000000,93,19,US,370,BlockApportionment:US.BlockGroups;PointsLayer:US.BlockPoints,2.19100000,2.57600000,1,33.14000000,1.29000000,8.88000000,27.49000000,1.74000000,2.42000000,3.89000000,12.72000000,93,96
371,0,371,AM-42,20,US,371,BlockApportionment:US.BlockGroups;PointsLayer:US.BlockPoints,2.19100000,2.57600000,1,135.00000000,3135.00000000,152.00000000,86,30.02000000,5.22000000,73,20,US,371,BlockApportionment:US.BlockGroups;PointsLayer:US.BlockPoints,2.19100000,2.57600000,1,17.85000000,4.13000000,13.40000000,26.35000000,3.15000000,3.23000000,5.28000000,17.25000000,73,74
372,0,372,AN-42,21,US,372,BlockApportionment:US.BlockGroups;PointsLayer:US.BlockPoints,2.19100000,2.57600000,1,132.00000000,4308.00000000,151.00000000,67,64.95000000,1.51000000,81,21,US,372,BlockApportionment:US.BlockGroups;PointsLayer:US.BlockPoints,2.19100000,2.57600000,1,44.35000000,2.76000000,23.58000000,33.50000000,6.35000000,11.06000000,0.59000000,22.44000000,82,84
373,0,373,AO-42,22,US,373,BlockApportionment:US.BlockGroups;PointsLayer:US.BlockPoints,2.19100000,2.57600000,1,124.00000000,3157.00000000,136.00000000,105,63.57000000,0.74000000,101,22,US,373,BlockApportionment:US.BlockGroups;PointsLayer:US.BlockPoints,2.19100000,2.57600000,1,33.50000000,13.76000000,14.29000000,28.95000000,7.54000000,9.15000000,0.84000000,15.22000000,93,98
374,0,374,AP-42,23,US,374,BlockApportionment:US.BlockGroups;PointsLayer:US.BlockPoints,2.19100000,2.57600000,1,152.00000000,7197.00000000,168.00000000,200,72.25000000,0.81000000,60,23,US,374,BlockApportionment:US.BlockGroups;PointsLayer:US.BlockPoints,2.19100000,2.57600000,1,34.28000000,11.31000000,26.48000000,27.17000000,5.26000000,7.57000000,1.31000000,19.93000000,62,63
375,0,375,AQ-42,24,US,375,BlockApportionment:US.BlockGroups;PointsLayer:US.BlockPoints,2.19100000,2.57600000,1,135.00000000,6045.00000000,139.00000000,150,78.59000000,1.31000000,65,24,US,375,BlockApportionment:US.BlockGroups;PointsLayer:US.BlockPoints,2.19100000,2.57600000,1,41.71000000,7.52000000,36.44000000,31.45000000,7.92000000,10.70000000,0.90000000,20.05000000,61,66
376,10,376,AR-42,25,US,376,BlockApportionment:US.BlockGroups;PointsLayer:US.BlockPoints,2.19100000,2.57600000,1,263.00000000,1956.00000000,192.00000000,550,60.12000000,4.41000000,51,25,US,376,BlockApportionment:US.BlockGroups;PointsLayer:US.BlockPoints,2.19100000,2.57600000,1,34.59000000,6.02000000,54.32000000,34.86000000,6.02000000,9.41000000,3.83000000,18.84000000,48,77
377,2,377,AS-42,26,US,377,BlockApportionment:US.BlockGroups;PointsLayer:US.BlockPoints,2.19100000,2.57600000,1,172.00000000,5918.00000000,167.00000000,205,88.63000000,0.26000000,67,26,US,377,BlockApportionment:US.BlockGroups;PointsLayer:US.BlockPoints,2.19100000,2.57600000,1,25.92000000,7.76000000,26.12000000,31.99000000,11.02000000,11.04000000,0.59000000,16.68000000,70,72
378,4,378,AT-42,27,US,378,BlockApportionment:US.BlockGroups;PointsLayer:US.BlockPoints,2.19100000,2.57600000,1,160.00000000,4750.00000000,147.00000000,145,93.28000000,0.44000000,82,27,US,378,BlockApportionment:US.BlockGroups;PointsLayer:US.BlockPoints,2.19100000,2.57600000,1,25.10000000,11.68000000,23.77000000,30.08000000,11.75000000,7.71000000,0.29000000,18.54000000,79,82
379,0,379,AU-42,28,US,379,BlockApportionment:US.BlockGroups;PointsLayer:US.BlockPoints,2.19100000,2.57600000,1,153.00000000,7050.00000000,172.00000000,226,88.48000000,0.47000000,61,28,US,379,BlockApportionment:US.BlockGroups;PointsLayer:US.BlockPoints,2.19100000,2.57600000,1,33.15000000,14.97000000,28.88000000,40.95000000,14.59000000,8.55000000,0.48000000,19.15000000,61,64
380,5,380,AV-42,29,US,380,BlockApportionment:US.BlockGroups;PointsLayer:US.BlockPoints,2.19100000,2.57600000,1,189.00000000,3519.00000000,176.00000000,171,90.45000000,0.27000000,63,29,US,380,BlockApportionment:US.BlockGroups;PointsLayer:US.BlockPoints,2.19100000,2.57600000,1,39.48000000,5.19000000,33.57000000,27.62000000,13.52000000,9.88000000,0.29000000,23.24000000,62,62
381,1,381,AW-42,30,US,381,BlockApportionment:US.BlockGroups;PointsLayer:US.BlockPoints,2.19100000,2.57600000,1,284.00000000,697.00000000,195.00000000,33,91.10000000,0.00000000,122,30,US,381,BlockApportionment:US.BlockGroups;PointsLayer:US.BlockPoints,2.19100000,2.57600000,1,12.22000000,15.84000000,26.71000000,22.69000000,20.77000000,0.00000000,0.00000000,21.31000000,94,96
382,2,382,AX-42,31,US,382,BlockApportionment:US.BlockGroups;PointsLayer:US.BlockPoints,2.19100000,2.57600000,1,452.00000000,74.00000000,187.00000000,62,25.68000000,4.17000000,190,31,US,382,BlockApportionment:US.BlockGroups;PointsLayer:US.BlockPoints,2.19100000,2.57600000,1,7.50000000,0.00000000,6.45000000,37.50000000,0.00000000,0.00000000,3.45000000,0.00000000,162,159
383,0,383,AY-42,32,US,383,BlockApportionment:US.BlockGroups;PointsLayer:US.BlockPoints,2.19100000,2.57600000,1,0.00000000,0.00000000,0.00000000,0,0.00000000,0.00000000,0,32,US,383,BlockApportionment:US.BlockGroups;PointsLayer:US.BlockPoints,2.19100000,2.57600000,1,0.00000000,0.00000000,0.00000000,0.00000000,0.00000000,0.00000000,0.00000000,0.00000000,0,0
384,0,384,AZ-42,33,US,384,BlockApportionment:US.BlockGroups;PointsLayer:US.BlockPoints,2.19100000,2.57600000,1,0.00000000,0.00000000,0.00000000,0,0.00000000,0.00000000,0,33,US,384,BlockApportionment:US.BlockGroups;PointsLayer:US.BlockPoints,2.19100000,2.57600000,1,0.00000000,0.00000000,0.00000000,0.00000000,0.00000000,0.00000000,0.00000000,0.00000000,0,0
385,0,385,BA-42,34,US,385,BlockApportionment:US.BlockGroups;PointsLayer:US.BlockPoints,2.19100000,2.57600000,1,0.00000000,0.00000000,0.00000000,0,0.00000000,0.00000000,0,34,US,385,BlockApportionment:US.BlockGroups;PointsLayer:US.BlockPoints,2.19100000,2.57600000,1,0.00000000,0.00000000,0.00000000,0.00000000,0.00000000,0.00000000,0.00000000,0.00000000,0,0
386,0,386,BB-42,35,US,386,BlockApportionment:US.BlockGroups;PointsLayer:US.BlockPoints,2.19100000,2.57600000,1,253.00000000,45.00000000,165.00000000,0,95.56000000,3.45000000,0,35,US,386,BlockApportionment:US.BlockGroups;PointsLayer:US.BlockPoints,2.19100000,2.57600000,1,0.00000000,0.00000000,25.71000000,0.00000000,12.00000000,5.71000000,3.70000000,24.00000000,0,0
387,0,387,BC-42,36,US,387,BlockApportionment:US.BlockGroups;PointsLayer:US.BlockPoints,2.19100000,2.57600000,1,0.00000000,0.00000000,0.00000000,0,0.00000000,0.00000000,0,36,US,387,BlockApportionment:US.BlockGroups;PointsLayer:US.BlockPoints,2.19100000,2.57600000,1,0.00000000,0.00000000,0.00000000,0.00000000,0.00000000,0.00000000,0.00000000,0.00000000,0,0
388,0,388,BD-42,37,US,388,BlockApportionment:US.BlockGroups;PointsLayer:US.BlockPoints,2.19100000,2.57600000,1,222.00000000,1137.00000000,230.00000000,52,97.98000000,1.42000000,65,37,US,388,BlockApportionment:US.BlockGroups;PointsLayer:US.BlockPoints,2.19100000,2.57600000,1,37.86000000,2.47000000,22.36000000,31.37000000,8.89000000,10.01000000,1.47000000,26.32000000,59,59
389,0,389,U-41,38,US,389,BlockApportionment:US.BlockGroups;PointsLayer:US.BlockPoints,2.19100000,2.57600000,1,161.00000000,2230.00000000,197.00000000,212,21.03000000,1.89000000,133,38,US,389,BlockApportionment:US.BlockGroups;PointsLayer:US.BlockPoints,2.19100000,2.57600000,1,10.99000000,6.78000000,15.07000000,28.24000000,0.92000000,1.38000000,1.02000000,10.87000000,136,135
390,0,390,V-41,39,US,390,BlockApportionment:US.BlockGroups;PointsLayer:US.BlockPoints,2.19100000,2.57600000,1,144.00000000,2886.00000000,186.00000000,52,21.73000000,2.55000000,152,39,US,390,BlockApportionment:US.BlockGroups;PointsLayer:US.BlockPoints,2.19100000,2.57600000,1,14.51000000,1.48000000,9.81000000,28.90000000,0.72000000,0.73000000,2.51000000,6.28000000,146,144
391,0,391,W-41,40,US,391,BlockApportionment:US.BlockGroups;PointsLayer:US.BlockPoints,2.19100000,2.57600000,1,215.00000000,16.00000000,232.00000000,0,18.75000000,1.89000000,253,40,US,391,BlockApportionment:US.BlockGroups;PointsLayer:US.BlockPoints,2.19100000,2.57600000,1,0.00000000,0.00000000,3.08000000,100.00000000,0.00000000,0.00000000,2.04000000,2.27000000,498,495
392,0,392,X-41,41,US,392,BlockApportionment:US.BlockGroups;PointsLayer:US.BlockPoints,2.19100000,2.57600000,1,93.00000000,2020.00000000,109.00000000,31,17.43000000,1.80000000,153,41,US,392,BlockApportionment:US.BlockGroups;PointsLayer:US.BlockPoints,2.19100000,2.57600000,1,18.23000000,2.80000000,12.93000000,23.49000000,1.03000000,0.37000000,1.45000000,6.34000000,141,142
393,0,393,Y-41,42,US,393,BlockApportionment:US.BlockGroups;PointsLayer:US.BlockPoints,2.19100000,2.57600000,1,65.00000000,2101.00000000,68.00000000,48,14.99000000,3.55000000,172,42,US,393,BlockApportionment:US.BlockGroups;PointsLayer:US.BlockPoints,2.19100000,2.57600000,1,24.29000000,1.88000000,8.19000000,24.86000000,0.00000000,1.27000000,2.86000000,6.83000000,172,176
394,1,394,Z-41,43,US,394,BlockApportionment:US.BlockGroups;PointsLayer:US.BlockPoints,2.19100000,2.57600000,1,80.00000000,5843.00000000,27.00000000,48,16.84000000,1.56000000,121,43,US,394,BlockApportionment:US.BlockGroups;PointsLayer:US.BlockPoints,2.19100000,2.57600000,1,14.93000000,2.51000000,15.52000000,26.76000000,0.23000000,0.75000000,2.07000000,4.12000000,125,127
395,1,395,AA-41,44,US,395,BlockApportionment:US.BlockGroups;PointsLayer:US.BlockPoints,2.19100000,2.57600000,1,71.00000000,5079.00000000,81.00000000,81,29.93000000,2.22000000,105,44,US,395,BlockApportionment:US.BlockGroups;PointsLayer:US.BlockPoints,2.19100000,2.57600000,1,21.52000000,5.27000000,12.06000000,27.71000000,6.03000000,6.77000000,0.73000000,8.52000000,98,97
396,2,396,AB-41,45,US,396,BlockApportionment:US.BlockGroups;PointsLayer:US.BlockPoints,2.19100000,2.57600000,1,125.00000000,8025.00000000,115.00000000,133,26.60000000,1.26000000,112,45,US,396,BlockApportionment:US.BlockGroups;PointsLayer:US.BlockPoints,2.19100000,2.57600000,1,11.44000000,4.34000000,12.17000000,18.56000000,1.64000000,3.01000000,0.44000000,7.59000000,98,95
397,0,397,AC-41,46,US,397,BlockApportionment:US.BlockGroups;PointsLayer:US.BlockPoints,2.19100000,2.57600000,1,242.00000000,2900.00000000,228.00000000,81,21.93000000,1.48000000,118,46,US,397,BlockApportionment:US.BlockGroups;PointsLayer:US.BlockPoints,2.19100000,2.57600000,1,17.13000000,3.23000000,7.44000000,27.24000000,1.00000000,1.45000000,1.65000000,5.15000000,127,123
398,0,398,AD-41,47,US,398,BlockApportionment:US.BlockGroups;PointsLayer:US.BlockPoints,2.19100000,2.57600000,1,319.00000000,2452.00000000,325.00000000,155,21.49000000,3.73000000,154,47,US,398,BlockApportionment:US.BlockGroups;PointsLayer:US.BlockPoints,2.19100000,2.57600000,1,11.22000000,4.15000000,8.06000000,19.35000000,0.88000000,1.59000000,3.34000000,5.42000000,160,156
399,0,399,AE-41,48,US,399,BlockApportionment:US.BlockGroups;PointsLayer:US.BlockPoints,2.19100000,2.57600000,1,367.00000000,534.00000000,354.00000000,129,20.22000000,1.71000000,253,48,US,399,BlockApportionment:US.BlockGroups;PointsLayer:US.BlockPoints,2.19100000,2.57600000,1,12.64000000,0.37000000,3.07000000,12.86000000,3.51000000,1.62000000,2.01000000,8.77000000,195,187
400,0,400,AF-41,49,US,400,BlockApportionment:US.BlockGroups;PointsLayer:US.BlockPoints,2.19100000,2.57600000,1,139.00000000,603.00000000,87.00000000,0,14.10000000,7.73000000,149,49,US,400,BlockApportionment:US.BlockGroups;PointsLayer:US.BlockPoints,2.19100000,2.57600000,1,12.55000000,0.00000000,4.79000000,0.00000000,0.00000000,0.00000000,4.00000000,5.03000000,140,142
401,0,401,AH-41,0,US,401,BlockApportionment:US.BlockGroups;PointsLayer:US.BlockPoints,2.19100000,2.57600000,1,78.00000000,1677.00000000,86.00000000,124,20.27000000,3.35000000,135,0,US,401,BlockApportionment:US.BlockGroups;PointsLayer:US.BlockPoints,2.19100000,2.57600000,1,19.37000000,1.64000000,6.88000000,39.08000000,0.97000000,0.11000000,4.47000000,12.28000000,118,117
402,0,402,AI-41,1,US,402,BlockApportionment:US.BlockGroups;PointsLayer:US.BlockPoints,2.19100000,2.57600000,1,89.00000000,6243.00000000,140.00000000,200,45.25000000,4.10000000,53,1,US,402,BlockApportionment:US.BlockGroups;PointsLayer:US.BlockPoints,2.19100000,2.57600000,1,28.68000000,7.15000000,21.89000000,32.15000000,3.37000000,8.43000000,3.62000000,20.22000000,56,56
403,0,403,AJ-41,2,US,403,BlockApportionment:US.BlockGroups;PointsLayer:US.BlockPoints,2.19100000,2.57600000,1,99.00000000,3833.00000000,135.00000000,195,33.42000000,1.48000000,55,2,US,403,BlockApportionment:US.BlockGroups;PointsLayer:US.BlockPoints,2.19100000,2.57600000,1,25.21000000,6.35000000,21.42000000,39.55000000,3.90000000,2.41000000,2.08000000,25.99000000,68,70
404,0,404,AK-41,3,US,404,BlockApportionment:US.BlockGroups;PointsLayer:US.BlockPoints,2.19100000,2.57600000,1,124.00000000,2070.00000000,112.00000000,81,19.28000000,10.10000000,93,3,US,404,BlockApportionment:US.BlockGroups;PointsLayer:US.BlockPoints,2.19100000,2.57600000,1,39.18000000,3.21000000,12.39000000,44.61000000,1.62000000,1.07000000,6.64000000,14.38000000,93,93
405,0,405,AL-41,4,US,405,BlockApportionment:US.BlockGroups;PointsLayer:US.BlockPoints,2.19100000,2.57600000,1,110.00000000,2821.00000000,131.00000000,171,50.55000000,2.23000000,97,4,US,405,BlockApportionment:US.BlockGroups;PointsLayer:US.BlockPoints,2.19100000,2.57600000,1,28.77000000,3.37000000,17.53000000,36.89000000,5.90000000,3.35000000,1.56000000,16.38000000,91,93
406,0,406,AM-41,5,US,406,BlockApportionment:US.BlockGroups;PointsLayer:US.BlockPoints,2.19100000,2.57600000,1,101.00000000,2825.00000000,140.00000000,88,52.50000000,3.38000000,98,5,US,406,BlockApportionment:US.BlockGroups;PointsLayer:US.BlockPoints,2.19100000,2.57600000,1,27.32000000,5.85000000,17.74000000,49.47000000,6.98000000,4.06000000,3.73000000,20.27000000,88,89
407,0,407,AN-41,6,US,407,BlockApportionment:US.BlockGroups;PointsLayer:US.BlockPoints,2.19100000,2.57600000,1,106.00000000,4821.00000000,139.00000000,152,70.67000000,2.69000000,81,6,US,407,BlockApportionment:US.BlockGroups;PointsLayer:US.BlockPoints,2.19100000,2.57600000,1,32.75000000,2.70000000,19.55000000,36.24000000,9.29000000,4.75000000,2.46000000,18.05000000,78,83
408,1,408,AO-41,7,US,408,BlockApportionment:US.BlockGroups;PointsLayer:US.BlockPoints,2.19100000,2.57600000,1,142.00000000,5514.00000000,173.00000000,112,71.25000000,1.69000000,91,7,US,408,BlockApportionment:US.BlockGroups;PointsLayer:US.BlockPoints,2.19100000,2.57600000,1,42.94000000,10.06000000,15.12000000,32.09000000,3.30000000,7.08000000,2.11000000,14.98000000,82,83
409,0,409,AP-41,8,US,409,BlockApportionment:US.BlockGroups;PointsLayer:US.BlockPoints,2.19100000,2.57600000,1,141.00000000,5435.00000000,166.00000000,302,56.23000000,1.80000000,62,8,US,409,BlockApportionment:US.BlockGroups;PointsLayer:US.BlockPoints,2.19100000,2.57600000,1,34.10000000,7.62000000,36.20000000,37.72000000,4.03000000,4.61000000,1.64000000,14.39000000,68,70
410,0,410,AQ-41,9,US,410,BlockApportionment:US.BlockGroups;PointsLayer:US.BlockPoints,2.19100000,2.57600000,1,146.00000000,2449.00000000,130.00000000,326,40.06000000,0.60000000,41,9,US,410,BlockApportionment:US.BlockGroups;PointsLayer:US.BlockPoints,2.19100000,2.57600000,1,44.52000000,19.80000000,36.33000000,27.66000000,6.12000000,4.40000000,0.64000000,20.91000000,58,58
411,3,411,AR-41,10,US,411,BlockApportionment:US.BlockGroups;PointsLayer:US.BlockPoints,2.19100000,2.57600000,1,125.00000000,4458.00000000,79.00000000,429,22.25000000,0.16000000,17,10,US,411,BlockApportionment:US.BlockGroups;PointsLayer:US.BlockPoints,2.19100000,2.57600000,1,16.90000000,2.31000000,71.58000000,48.75000000,7.54000000,0.51000000,0.11000000,5.22000000,25,24
412,8,412,AS-41,11,US,412,BlockApportionment:US.BlockGroups;PointsLayer:US.BlockPoints,2.19100000,2.57600000,1,155.00000000,3318.00000000,135.00000000,162,88.85000000,0.61000000,62,11,US,412,BlockApportionment:US.BlockGroups;PointsLayer:US.BlockPoints,2.19100000,2.57600000,1,26.44000000,6.02000000,20.85000000,34.83000000,7.04000000,11.60000000,0.48000000,20.44000000,69,74
413,12,413,AT-41,12,US,413,BlockApportionment:US.BlockGroups;PointsLayer:US.BlockPoints,2.19100000,2.57600000,1,151.00000000,7315.00000000,124.00000000,148,91.63000000,0.62000000,64,12,US,413,BlockApportionment:US.BlockGroups;PointsLayer:US.BlockPoints,2.19100000,2.57600000,1,34.82000000,8.26000000,31.13000000,33.58000000,10.03000000,8.99000000,0.67000000,17.16000000,60,60
414,0,414,AU-41,13,US,414,BlockApportionment:US.BlockGroups;PointsLayer:US.BlockPoints,2.19100000,2.57600000,1,137.00000000,6098.00000000,127.00000000,195,90.49000000,1.02000000,67,13,US,414,BlockApportionment:US.BlockGroups;PointsLayer:US.BlockPoints,2.19100000,2.57600000,1,34.53000000,11.05000000,22.55000000,22.77000000,11.18000000,7.18000000,1.12000000,14.80000000,70,72
415,3,415,AV-41,14,US,415,BlockApportionment:US.BlockGroups;PointsLayer:US.BlockPoints,2.19100000,2.57600000,1,155.00000000,3556.00000000,159.00000000,202,88.67000000,0.14000000,61,14,US,415,BlockApportionment:US.BlockGroups;PointsLayer:US.BlockPoints,2.19100000,2.57600000,1,36.24000000,9.17000000,33.63000000,33.98000000,11.93000000,13.52000000,0.15000000,16.83000000,54,56
416,7,416,AW-41,15,US,416,BlockApportionment:US.BlockGroups;PointsLayer:US.BlockPoints,2.19100000,2.57600000,1,239.00000000,203.00000000,180.00000000,460,88.67000000,0.65000000,57,15,US,416,BlockApportionment:US.BlockGroups;PointsLayer:US.BlockPoints,2.19100000,2.57600000,1,28.57000000,5.71000000,32.04000000,16.67000000,11.63000000,7.62000000,0.61000000,20.93000000,51,50
417,9,417,AX-41,16,US,417,BlockApportionment:US.BlockGroups;PointsLayer:US.BlockPoints,2.19100000,2.57600000,1,452.00000000,44.00000000,187.00000000,100,25.00000000,4.17000000,253,16,US,417,BlockApportionment:US.BlockGroups;PointsLayer:US.BlockPoints,2.19100000,2.57600000,1,0.00000000,0.00000000,6.45000000,0.00000000,0.00000000,0.00000000,3.45000000,0.00000000,323,504
418,0,418,AY-41,17,US,418,BlockApportionment:US.BlockGroups;PointsLayer:US.BlockPoints,2.19100000,2.57600000,1,0.00000000,0.00000000,0.00000000,0,0.00000000,0.00000000,0,17,US,418,BlockApportionment:US.BlockGroups;PointsLayer:US.BlockPoints,2.19100000,2.57600000,1,0.00000000,0.00000000,0.00000000,0.00000000,0.00000000,0.00000000,0.00000000,0.00000000,0,0
419,2,419,AZ-41,18,US,419,BlockApportionment:US.BlockGroups;PointsLayer:US.BlockPoints,2.19100000,2.57600000,1,219.00000000,2384.00000000,148.00000000,157,96.94000000,0.00000000,68,18,US,419,BlockApportionment:US.BlockGroups;PointsLayer:US.BlockPoints,2.19100000,2.57600000,1,13.61000000,3.28000000,30.45000000,38.36000000,9.75000000,11.84000000,0.00000000,22.05000000,55,54
420,6,420,BA-41,19,US,420,BlockApportionment:US.BlockGroups;PointsLayer:US.BlockPoints,2.19100000,2.57600000,1,211.00000000,1821.00000000,161.00000000,348,93.85000000,0.70000000,38,19,US,420,BlockApportionment:US.BlockGroups;PointsLayer:US.BlockPoints,2.19100000,2.57600000,1,35.59000000,8.08000000,34.62000000,50.00000000,7.23000000,7.05000000,0.39000000,24.43000000,49,53
421,1,421,BB-41,20,US,421,BlockApportionment:US.BlockGroups;PointsLayer:US.BlockPoints,2.19100000,2.57600000,1,177.00000000,3640.00000000,159.00000000,138,95.47000000,1.50000000,96,20,US,421,BlockApportionment:US.BlockGroups;PointsLayer:US.BlockPoints,2.19100000,2.57600000,1,43.68000000,7.58000000,13.10000000,26.18000000,9.92000000,5.79000000,1.73000000,20.75000000,75,76
422,0,422,BC-41,21,US,422,BlockApportionment:US.BlockGroups;PointsLayer:US.BlockPoints,2.19100000,2.57600000,1,229.00000000,2527.00000000,222.00000000,55,97.47000000,1.79000000,65,21,US,422,BlockApportionment:US.BlockGroups;PointsLayer:US.BlockPoints,2.19100000,2.57600000,1,40.60000000,2.66000000,27.37000000,28.50000000,18.30000000,9.54000000,2.00000000,20.27000000,64,61
423,0,423,BD-41,22,US,423,BlockApportionment:US.BlockGroups;PointsLayer:US.BlockPoints,2.19100000,2.57600000,1,194.00000000,5470.00000000,219.00000000,140,96.86000000,0.68000000,74,22,US,423,BlockApportionment:US.BlockGroups;PointsLayer:US.BlockPoints,2.19100000,2.57600000,1,34.28000000,3.92000000,16.76000000,19.24000000,9.55000000,10.36000000,0.50000000,23.66000000,66,65
424,0,424,V-40,23,US,424,BlockApportionment:US.BlockGroups;PointsLayer:US.BlockPoints,2.19100000,2.57600000,1,212.00000000,912.00000000,265.00000000,81,38.82000000,7.52000000,146,23,US,424,BlockApportionment:US.BlockGroups;PointsLayer:US.BlockPoints,2.19100000,2.57600000,1,43.84000000,3.35000000,8.20000000,34.66000000,12.98000000,4.44000000,5.94000000,9.13000000,156,153
425,0,425,W-40,24,US,425,BlockApportionment:US.BlockGroups;PointsLayer:US.BlockPoints,2.19100000,2.57600000,1,169.00000000,2608.00000000,186.00000000,29,20.55000000,2.09000000,190,24,US,425,BlockApportionment:US.BlockGroups;PointsLayer:US.BlockPoints,2.19100000,2.57600000,1,11.13000000,6.17000000,5.41000000,22.15000000,4.88000000,2.87000000,2.19000000,7.87000000,179,175
426,2,426,X-40,25,US,426,BlockApportionment:US.BlockGroups;PointsLayer:US.BlockPoints,2.19100000,2.57600000,1,141.00000000,3121.00000000,139.00000000,50,27.49000000,3.39000000,152,25,US,426,BlockApportionment:US.BlockGroups;PointsLayer:US.BlockPoints,2.19100000,2.57600000,1,15.17000000,3.46000000,7.88000000,17.16000000,0.64000000,1.65000000,3.29000000,11.24000000,146,145
427,0,427,Y-40,26,US,427,BlockApportionment:US.BlockGroups;PointsLayer:US.BlockPoints,2.19100000,2.57600000,1,81.00000000,2240.00000000,93.00000000,100,16.65000000,1.78000000,171,26,US,427,BlockApportionment:US.BlockGroups;PointsLayer:US.BlockPoints,2.19100000,2.57600000,1,17.53000000,0.31000000,5.52000000,10.37000000,0.00000000,0.69000000,1.51000000,11.48000000,164,160
428,1,428,Z-40,27,US,428,BlockApportionment:US.BlockGroups;PointsLayer:US.BlockPoints,2.19100000,2.57600000,1,112.00000000,2444.00000000,96.00000000,95,16.41000000,3.73000000,163,27,US,428,BlockApportionment:US.BlockGroups;PointsLayer:US.BlockPoints,2.19100000,2.57600000,1,8.56000000,0.45000000,8.43000000,23.93000000,0.49000000,0.91000000,3.27000000,4.50000000,135,134
429,0,429,AA-40,28,US,429,BlockApportionment:US.BlockGroups;PointsLayer:US.BlockPoints,2.19100000,2.57600000,1,85.00000000,4512.00000000,89.00000000,62,16.89000000,1.00000000,147,28,US,429,BlockApportionment:US.BlockGroups;PointsLayer:US.BlockPoints,2.19100000,2.57600000,1,15.24000000,1.84000000,7.60000000,18.40000000,0.65000000,0.94000000,1.97000000,6.46000000,124,122
430,1,430,AB-40,29,US,430,BlockApportionment:US.BlockGroups;PointsLayer:US.BlockPoints,2.19100000,2.57600000,1,165.00000000,4883.00000000,141.00000000,71,23.88000000,1.41000000,108,29,US,430,BlockApportionment:US.BlockGroups;PointsLayer:US.BlockPoints,2.19100000,2.57600000,1,18.22000000,3.04000000,7.88000000,14.69000000,0.09000000,4.44000000,1.30000000,7.91000000,100,97
431,0,431,AC-40,30,US,431,BlockApportionment:US.BlockGroups;PointsLayer:US.BlockPoints,2.19100000,2.57600000,1,138.00000000,8802.00000000,130.00000000,48,23.97000000,0.99000000,132,30,US,431,BlockApportionment:US.BlockGroups;PointsLayer:US.BlockPoints,2.19100000,2.57600000,1,10.98000000,3.63000000,5.87000000,16.66000000,2.10000000,2.25000000,0.98000000,4.53000000,116,113
432,5,432,AD-40,31,US,432,BlockApportionment:US.BlockGroups;PointsLayer:US.BlockPoints,2.19100000,2.57600000,1,151.00000000,4573.00000000,141.00000000,48,27.07000000,1.25000000,113,31,US,432,BlockApportionment:US.BlockGroups;PointsLayer:US.BlockPoints,2.19100000,2.57600000,1,9.44000000,4.97000000,8.59000000,17.27000000,3.00000000,0.70000000,0.97000000,7.39000000,108,107
433,0,433,AE-40,32,US,433,BlockApportionment:US.BlockGroups;PointsLayer:US.BlockPoints,2.19100000,2.57600000,1,391.00000000,2023.00000000,369.00000000,117,24.17000000,5.35000000,202,32,US,433,BlockApportionment:US.BlockGroups;PointsLayer:US.BlockPoints,2.19100000,2.57600000,1,18.77000000,0.36000000,6.11000000,28.74000000,1.29000000,3.27000000,5.81000000,7.89000000,174,172
434,1,434,AF-40,33,US,434,BlockApportionment:US.BlockGroups;PointsLayer:US.BlockPoints,2.19100000,2.57600000,1,222.00000000,4385.00000000,225.00000000,86,48.62000000,0.89000000,119,33,US,434,BlockApportionment:US.BlockGroups;PointsLayer:US.BlockPoints,2.19100000,2.57600000,1,19.52000000,5.98000000,17.75000000,37.11000000,0.57000000,8.27000000,1.07000000,8.59000000,128,130
435,1,435,AG-40,34,US,435,BlockApportionment:US.BlockGroups;PointsLayer:US.BlockPoints,2.19100000,2.57600000,1,165.00000000,1901.00000000,150.00000000,167,47.19000000,0.86000000,79,34,US,435,BlockApportionment:US.BlockGroups;PointsLayer:US.BlockPoints,2.19100000,2.57600000,1,16.47000000,0.48000000,15.28000000,31.60000000,2.16000000,1.03000000,2.39000000,20.23000000,102,110
436,0,436,AH-40,35,US,436,BlockApportionment:US.BlockGroups;PointsLayer:US.BlockPoints,2.19100000,2.57600000,1,123.00000000,6418.00000000,132.00000000,105,76.60000000,1.57000000,78,35,US,436,BlockApportionment:US.BlockGroups;PointsLayer:US.BlockPoints,2.19100000,2.57600000,1,15.10000000,3.46000000,11.37000000,14.45000000,5.46000000,9.44000000,2.02000000,19.69000000,84,86
437,0,437,AI-40,36,US,437,BlockApportionment:US.BlockGroups;PointsLayer:US.BlockPoints,2.19100000,2.57600000,1,122.00000000,2629.00000000,139.00000000,98,62.34000000,3.73000000,90,36,US,437,BlockApportionment:US.BlockGroups;PointsLayer:US.BlockPoints,2.19100000,2.57600000,1,34.44000000,2.78000000,18.41000000,15.72000000,4.14000000,5.27000000,3.55000000,31.10000000,96,100
438,1,438,AJ-40,37,US,438,BlockApportionment:US.BlockGroups;PointsLayer:US.BlockPoints,2.19100000,2.57600000,1,150.00000000,3587.00000000,159.00000000,286,58.68000000,4.82000000,58,37,US,438,BlockApportionment:US.BlockGroups;PointsLayer:US.BlockPoints,2.19100000,2.57600000,1,22.77000000,1.77000000,27.29000000,45.29000000,1.24000000,3.51000000,4.80000000,20.83000000,70,72
439,0,439,AK-40,38,US,439,BlockApportionment:US.BlockGroups;PointsLayer:US.BlockPoints,2.19100000,2.57600000,1,173.00000000,2502.00000000,170.00000000,133,45.84000000,1.99000000,89,38,US,439,BlockApportionment:US.BlockGroups;PointsLayer:US.BlockPoints,2.19100000,2.57600000,1,13.84000000,2.58000000,14.83000000,29.85000000,8.23000000,1.42000000,2.22000000,9.89000000,101,105
440,2,440,AL-40,39,US,440,BlockApportionment:US.BlockGroups;PointsLayer:US.BlockPoints,2.19100000,2.57600000,1,109.00000000,5064.00000000,128.00000000,157,60.90000000,2.52000000,74,39,US,440,BlockApportionment:US.BlockGroups;PointsLayer:US.BlockPoints,2.19100000,2.57600000,1,25.41000000,10.15000000,11.90000000,18.27000000,7.23000000,5.76000000,2.24000000,16.91000000,72,72
441,0,441,AM-40,40,US,441,BlockApportionment:US.BlockGroups;PointsLayer:US.BlockPoints,2.19100000,2.57600000,1,114.00000000,4039.00000000,137.00000000,176,65.31000000,3.66000000,90,40,US,441,BlockApportionment:US.BlockGroups;PointsLayer:US.BlockPoints,2.19100000,2.57600000,1,24.87000000,7.59000000,21.08000000,34.89000000,6.68000000,4.13000000,3.04000000,20.91000000,92,92
442,0,442,AN-40,41,US,442,BlockApportionment:US.BlockGroups;PointsLayer:US.BlockPoints,2.19100000,2.57600000,1,131.00000000,5192.00000000,132.00000000,129,54.55000000,1.10000000,78,41,US,442,BlockApportionment:US.BlockGroups;PointsLayer:US.BlockPoints,2.19100000,2.57600000,1,32.39000000,6.37000000,18.25000000,31.65000000,3.62000000,3.51000000,1.39000000,25.17000000,75,74
443,0,443,AO-40,42,US,443,BlockApportionment:US.BlockGroups;PointsLayer:US.BlockPoints,2.19100000,2.57600000,1,134.00000000,4182.00000000,156.00000000,179,67.98000000,2.59000000,102,42,US,443,BlockApportionment:US.BlockGroups;PointsLayer:US.BlockPoints,2.19100000,2.57600000,1,42.49000000,5.96000000,13.12000000,24.78000000,5.46000000,5.13000000,2.38000000,20.34000000,78,78
444,0,444,AP-40,43,US,444,BlockApportionment:US.BlockGroups;PointsLayer:US.BlockPoints,2.19100000,2.57600000,1,125.00000000,5350.00000000,158.00000000,155,71.48000000,2.41000000,66,43,US,444,BlockApportionment:US.BlockGroups;PointsLayer:US.BlockPoints,2.19100000,2.57600000,1,31.99000000,10.29000000,23.69000000,33.96000000,7.71000000,7.31000000,2.30000000,14.03000000,68,72
445,0,445,AQ-40,44,US,445,BlockApportionment:US.BlockGroups;PointsLayer:US.BlockPoints,2.19100000,2.57600000,1,120.00000000,5525.00000000,99.00000000,302,19.95000000,0.42000000,20,44,US,445,BlockApportionment:US.BlockGroups;PointsLayer:US.BlockPoints,2.19100000,2.57600000,1,19.19000000,5.20000000,60.20000000,35.97000000,0.20000000,1.02000000,0.32000000,17.61000000,35,35
446,4,446,AR-40,45,US,446,BlockApportionment:US.BlockGroups;PointsLayer:US.BlockPoints,2.19100000,2.57600000,1,113.00000000,4858.00000000,101.00000000,283,30.94000000,0.20000000,33,45,US,446,BlockApportionment:US.BlockGroups;PointsLayer:US.BlockPoints,2.19100000,2.57600000,1,17.67000000,1.60000000,53.10000000,41.29000000,2.86000000,1.39000000,0.22000000,2.74000000,45,44
447,6,447,AS-40,46,US,447,BlockApportionment:US.BlockGroups;PointsLayer:US.BlockPoints,2.19100000,2.57600000,1,194.00000000,1805.00000000,106.00000000,90,55.12000000,2.07000000,40,46,US,447,BlockApportionment:US.BlockGroups;PointsLayer:US.BlockPoints,2.19100000,2.57600000,1,28.78000000,8.32000000,44.60000000,34.76000000,5.83000000,5.90000000,0.94000000,16.91000000,43,44
448,9,448,AT-40,47,US,448,BlockApportionment:US.BlockGroups;PointsLayer:US.BlockPoints,2.19100000,2.57600000,1,198.00000000,2521.00000000,113.00000000,171,81.28000000,2.93000000,45,47,US,448,BlockApportionment:US.BlockGroups;PointsLayer:US.BlockPoints,2.19100000,2.57600000,1,28.52000000,19.63000000,35.99000000,35.64000000,6.02000000,7.87000000,2.95000000,13.21000000,52,54
449,3,449,AU-40,48,US,449,BlockApportionment:US.BlockGroups;PointsLayer:US.BlockPoints,2.19100000,2.57600000,1,200.00000000,5064.00000000,146.00000000,260,83.18000000,0.54000000,56,48,US,449,BlockApportionment:US.BlockGroups;PointsLayer:US.BlockPoints,2.19100000,2.57600000,1,33.50000000,12.57000000,28.96000000,40.24000000,8.74000000,5.93000000,0.70000000,15.24000000,56,58
450,26,450,AV-40,49,US,450,BlockApportionment:US.BlockGroups;PointsLayer:US.BlockPoints,2.19100000,2.57600000,1,408.00000000,389.00000000,163.00000000,143,40.62000000,7.11000000,18,49,US,450,BlockApportionment:US.BlockGroups;PointsLayer:US.BlockPoints,2.19100000,2.57600000,1,29.85000000,8.96000000,65.65000000,37.88000000,0.00000000,1.30000000,7.57000000,8.94000000,33,32
451,25,451,AW-40,0,US,451,BlockApportionment:US.BlockGroups;PointsLayer:US.BlockPoints,2.19100000,2.57600000,1,418.00000000,264.00000000,173.00000000,117,37.88000000,5.69000000,19,0,US,451,BlockApportionment:US.BlockGroups;PointsLayer:US.BlockPoints,2.19100000,2.57600000,1,28.36000000,7.46000000,50.68000000,38.46000000,0.00000000,0.68000000,6.56000000,6.72000000,45,50
452,1,452,AX-40,1,US,452,BlockApportionment:US.BlockGroups;PointsLayer:US.BlockPoints,2.19100000,2.57600000,1,452.00000000,472.00000000,187.00000000,57,25.85000000,2.70000000,172,1,US,452,BlockApportionment:US.BlockGroups;PointsLayer:US.BlockPoints,2.19100000,2.57600000,1,6.90000000,0.00000000,6.22000000,35.11000000,0.00000000,0.00000000,3.93000000,0.00000000,162,162
453,0,453,AY-40,2,US,453,BlockApportionment:US.BlockGroups;PointsLayer:US.BlockPoints,2.19100000,2.57600000,1,300.00000000,494.00000000,154.00000000,240,71.66000000,1.39000000,67,2,US,453,BlockApportionment:US.BlockGroups;PointsLayer:US.BlockPoints,2.19100000,2.57600000,1,50.00000000,2.58000000,18.18000000,19.68000000,5.59000000,5.19000000,1.12000000,20.72000000,82,87
454,0,454,AZ-40,3,US,454,BlockApportionment:US.BlockGroups;PointsLayer:US.BlockPoints,2.19100000,2.57600000,1,171.00000000,2969.00000000,158.00000000,107,95.22000000,1.08000000,69,3,US,454,BlockApportionment:US.BlockGroups;PointsLayer:US.BlockPoints,2.19100000,2.57600000,1,29.67000000,7.09000000,21.18000000,35.29000000,11.84000000,11.23000000,1.33000000,17.25000000,63,63
455,1,455,BA-40,4,US,455,BlockApportionment:US.BlockGroups;PointsLayer:US.BlockPoints,2.19100000,2.57600000,1,161.00000000,3716.00000000,154.00000000,157,96.10000000,0.65000000,65,4,US,455,BlockApportionment:US.BlockGroups;PointsLayer:US.BlockPoints,2.19100000,2.57600000,1,24.48000000,2.88000000,20.89000000,27.34000000,7.69000000,6.84000000,0.96000000,19.72000000,65,66
456,0,456,BB-40,5,US,456,BlockApportionment:US.BlockGroups;PointsLayer:US.BlockPoints,2.19100000,2.57600000,1,152.00000000,5062.00000000,156.00000000,138,94.49000000,0.31000000,79,5,US,456,BlockApportionment:US.BlockGroups;PointsLayer:US.BlockPoints,2.19100000,2.57600000,1,27.39000000,3.16000000,22.68000000,26.67000000,8.04000000,5.97000000,1.42000000,22.29000000,69,70
457,0,457,BC-40,6,US,457,BlockApportionment:US.BlockGroups;PointsLayer:US.BlockPoints,2.19100000,2.57600000,1,156.00000000,4462.00000000,196.00000000,164,96.17000000,0.84000000,77,6,US,457,BlockApportionment:US.BlockGroups;PointsLayer:US.BlockPoints,2.19100000,2.57600000,1,26.74000000,3.85000000,21.37000000,25.12000000,8.96000000,8.96000000,1.49000000,25.27000000,68,69
458,0,458,U-39,7,US,458,BlockApportionment:US.BlockGroups;PointsLayer:US.BlockPoints,2.19100000,2.57600000,1,213.00000000,3788.00000000,236.00000000,105,22.62000000,4.28000000,122,7,US,458,BlockApportionment:US.BlockGroups;PointsLayer:US.BlockPoints,2.19100000,2.57600000,1,15.00000000,4.06000000,5.15000000,25.63000000,0.49000000,5.03000000,2.40000000,7.70000000,148,153
459,0,459,V-39,8,US,459,BlockApportionment:US.BlockGroups;PointsLayer:US.BlockPoints,2.19100000,2.57600000,1,132.00000000,5047.00000000,141.00000000,112,28.85000000,1.63000000,149,8,US,459,BlockApportionment:US.BlockGroups;PointsLayer:US.BlockPoints,2.19100000,2.57600000,1,12.34000000,2.26000000,9.61000000,31.28000000,2.21000000,4.62000000,1.87000000,11.84000000,133,134
460,1,460,W-39,9,US,460,BlockApportionment:US.BlockGroups;PointsLayer:US.BlockPoints,2.19100000,2.57600000,1,266.00000000,932.00000000,187.00000000,64,28.11000000,0.00000000,82,9,US,460,BlockApportionment:US.BlockGroups;PointsLayer:US.BlockPoints,2.19100000,2.57600000,1,30.20000000,2.85000000,11.32000000,52.60000000,3.70000000,0.98000000,0.13000000,13.01000000,102,109
461,4,461,X-39,10,US,461,BlockApportionment:US.BlockGroups;PointsLayer:US.BlockPoints,2.19100000,2.57600000,1,307.00000000,1132.00000000,184.00000000,38,17.40000000,0.86000000,219,10,US,461,BlockApportionment:US.BlockGroups;PointsLayer:US.BlockPoints,2.19100000,2.57600000,1,15.41000000,1.79000000,7.23000000,26.55000000,1.63000000,1.22000000,0.65000000,6.84000000,184,181
462,4,462,Y-39,11,US,462,BlockApportionment:US.BlockGroups;PointsLayer:US.BlockPoints,2.19100000,2.57600000,1,126.00000000,2940.00000000,118.00000000,50,24.46000000,2.33000000,131,11,US,462,BlockApportionment:US.BlockGroups;PointsLayer:US.BlockPoints,2.19100000,2.57600000,1,23.47000000,11.89000000,11.38000000,35.49000000,0.87000000,5.58000000,1.78000000,6.76000000,121,123
463,0,463,Z-39,12,US,463,BlockApportionment:US.BlockGroups;PointsLayer:US.BlockPoints,2.19100000,2.57600000,1,107.00000000,1726.00000000,85.00000000,102,14.31000000,8.86000000,194,12,US,463,BlockApportionment:US.BlockGroups;PointsLayer:US.BlockPoints,2.19100000,2.57600000,1,14.24000000,0.80000000,2.86000000,13.46000000,2.83000000,1.12000000,7.62000000,1.97000000,197,185
464,0,464,AA-39,13,US,464,BlockApportionment:US.BlockGroups;PointsLayer:US.BlockPoints,2.19100000,2.57600000,1,141.00000000,1477.00000000,111.00000000,148,15.23000000,1.95000000,253,13,US,464,BlockApportionment:US.BlockGroups;PointsLayer:US.BlockPoints,2.19100000,2.57600000,1,20.50000000,2.68000000,6.90000000,15.64000000,1.23000000,2.96000000,2.14000000,6.17000000,236,237
465,0,465,AB-39,14,US,465,BlockApportionment:US.BlockGroups;PointsLayer:US.BlockPoints,2.19100000,2.57600000,1,93.00000000,1390.00000000,57.00000000,74,8.71000000,4.03000000,253,14,US,465,BlockApportionment:US.BlockGroups;PointsLayer:US.BlockPoints,2.19100000,2.57600000,1,12.50000000,7.14000000,1.41000000,17.78000000,0.00000000,0.07000000,3.69000000,3.72000000,248,250
466,0,466,AC-39,15,US,466,BlockApportionment:US.BlockGroups;PointsLayer:US.BlockPoints,2.19100000,2.57600000,1,99.00000000,2391.00000000,91.00000000,36,15.73000000,1.09000000,191,15,US,466,BlockApportionment:US.BlockGroups;PointsLayer:US.BlockPoints,2.19100000,2.57600000,1,18.51000000,1.94000000,6.31000000,16.20000000,0.10000000,2.02000000,1.12000000,5.21000000,219,216
467,0,467,AD-39,16,US,467,BlockApportionment:US.BlockGroups;PointsLayer:US.BlockPoints,2.19100000,2.57600000,1,74.00000000,1763.00000000,79.00000000,129,16.28000000,0.35000000,205,16,US,467,BlockApportionment:US.BlockGroups;PointsLayer:US.BlockPoints,2.19100000,2.57600000,1,24.12000000,1.38000000,4.60000000,6.52000000,0.25000000,0.56000000,1.08000000,6.14000000,175,178
468,3,468,AE-39,17,US,468,BlockApportionment:US.BlockGroups;PointsLayer:US.BlockPoints,2.19100000,2.57600000,1,154.00000000,2170.00000000,145.00000000,114,45.16000000,3.02000000,120,17,US,468,BlockApportionment:US.BlockGroups;PointsLayer:US.BlockPoints,2.19100000,2.57600000,1,13.46000000,2.75000000,13.14000000,15.17000000,1.70000000,2.94000000,2.93000000,10.36000000,125,123
469,0,469,AF-39,18,US,469,BlockApportionment:US.BlockGroups;PointsLayer:US.BlockPoints,2.19100000,2.57600000,1,131.00000000,3820.00000000,131.00000000,79,54.32000000,1.25000000,109,18,US,469,BlockApportionment:US.BlockGroups;PointsLayer:US.BlockPoints,2.19100000,2.57600000,1,23.87000000,6.82000000,11.70000000,31.85000000,3.55000000,5.24000000,1.58000000,15.46000000,107,106
470,0,470,AG-39,19,US,470,BlockApportionment:US.BlockGroups;PointsLayer:US.BlockPoints,2.19100000,2.57600000,1,157.00000000,2423.00000000,157.00000000,88,58.27000000,1.33000000,119,19,US,470,BlockApportionment:US.BlockGroups;PointsLayer:US.BlockPoints,2.19100000,2.57600000,1,24.62000000,3.20000000,20.65000000,36.96000000,4.95000000,5.41000000,0.70000000,15.22000000,109,106
471,4,471,AH-39,20,US,471,BlockApportionment:US.BlockGroups;PointsLayer:US.BlockPoints,2.19100000,2.57600000,1,119.00000000,4091.00000000,124.00000000,157,62.97000000,1.91000000,113,20,US,471,BlockApportionment:US.BlockGroups;PointsLayer:US.BlockPoints,2.19100000,2.57600000,1,25.47000000,3.71000000,14.35000000,27.48000000,5.15000000,5.34000000,1.09000000,22.07000000,97,100
472,0,472,AI-39,21,US,472,BlockApportionment:US.BlockGroups;PointsLayer:US.BlockPoints,2.19100000,2.57600000,1,121.00000000,2809.00000000,137.00000000,93,67.07000000,2.72000000,86,21,US,472,BlockApportionment:US.BlockGroups;PointsLayer:US.BlockPoints,2.19100000,2.57600000,1,26.08000000,2.84000000,10.62000000,15.53000000,3.39000000,7.25000000,2.39000000,20.27000000,91,92
473,0,473,AJ-39,22,US,473,BlockApportionment:US.BlockGroups;PointsLayer:US.BlockPoints,2.19100000,2.57600000,1,108.00000000,4244.00000000,124.00000000,121,59.02000000,0.75000000,79,22,US,473,BlockApportionment:US.BlockGroups;PointsLayer:US.BlockPoints,2.19100000,2.57600000,1,16.92000000,6.51000000,14.03000000,21.74000000,6.07000000,6.84000000,1.12000000,21.88000000,83,87
474,1,474,AK-39,23,US,474,BlockApportionment:US.BlockGroups;PointsLayer:US.BlockPoints,2.19100000,2.57600000,1,152.00000000,2708.00000000,148.00000000,62,52.07000000,2.66000000,80,23,US,474,BlockApportionment:US.BlockGroups;PointsLayer:US.BlockPoints,2.19100000,2.57600000,1,21.33000000,2.85000000,16.10000000,27.09000000,4.35000000,3.85000000,3.27000000,20.45000000,77,78
475,0,475,AL-39,24,US,475,BlockApportionment:US.BlockGroups;PointsLayer:US.BlockPoints,2.19100000,2.57600000,1,110.00000000,3702.00000000,134.00000000,179,55.00000000,1.60000000,72,24,US,475,BlockApportionment:US.BlockGroups;PointsLayer:US.BlockPoints,2.19100000,2.57600000,1,19.79000000,9.89000000,20.51000000,30.66000000,2.74000000,7.07000000,2.34000000,20.35000000,71,73
476,0,476,AM-39,25,US,476,BlockApportionment:US.BlockGroups;PointsLayer:US.BlockPoints,2.19100000,2.57600000,1,106.00000000,2966.00000000,128.00000000,45,52.43000000,0.87000000,72,25,US,476,BlockApportionment:US.BlockGroups;PointsLayer:US.BlockPoints,2.19100000,2.57600000,1,19.15000000,2.07000000,28.62000000,29.80000000,3.11000000,9.55000000,2.38000000,11.53000000,69,70
477,0,477,AN-39,26,US,477,BlockApportionment:US.BlockGroups;PointsLayer:US.BlockPoints,2.19100000,2.57600000,1,124.00000000,2672.00000000,122.00000000,152,49.59000000,2.91000000,55,26,US,477,BlockApportionment:US.BlockGroups;PointsLayer:US.BlockPoints,2.19100000,2.57600000,1,25.54000000,1.91000000,21.57000000,46.26000000,4.44000000,10.73000000,4.08000000,25.64000000,69,70
478,1,478,AO-39,27,US,478,BlockApportionment:US.BlockGroups;PointsLayer:US.BlockPoints,2.19100000,2.57600000,1,134.00000000,5583.00000000,139.00000000,160,67.60000000,2.52000000,59,27,US,478,BlockApportionment:US.BlockGroups;PointsLayer:US.BlockPoints,2.19100000,2.57600000,1,33.39000000,5.29000000,27.92000000,38.86000000,8.46000000,5.52000000,1.57000000,24.49000000,71,71
479,5,479,AP-39,28,US,479,BlockApportionment:US.BlockGroups;PointsLayer:US.BlockPoints,2.19100000,2.57600000,1,130.00000000,3842.00000000,140.00000000,176,80.92000000,0.51000000,76,28,US,479,BlockApportionment:US.BlockGroups;PointsLayer:US.BlockPoints,2.19100000,2.57600000,1,32.00000000,2.28000000,24.67000000,31.45000000,9.15000000,13.88000000,1.45000000,18.13000000,70,72
480,0,480,AQ-39,29,US,480,BlockApportionment:US.BlockGroups;PointsLayer:US.BlockPoints,2.19100000,2.57600000,1,117.00000000,6654.00000000,149.00000000,393,46.98000000,0.39000000,45,29,US,480,BlockApportionment:US.BlockGroups;PointsLayer:US.BlockPoints,2.19100000,2.57600000,1,22.14000000,2.98000000,41.84000000,36.47000000,5.35000000,5.08000000,0.72000000,12.12000000,51,52
481,1,481,AR-39,30,US,481,BlockApportionment:US.BlockGroups;PointsLayer:US.BlockPoints,2.19100000,2.57600000,1,178.00000000,3458.00000000,167.00000000,95,75.85000000,0.00000000,46,30,US,481,BlockApportionment:US.BlockGroups;PointsLayer:US.BlockPoints,2.19100000,2.57600000,1,33.93000000,5.58000000,34.01000000,33.70000000,13.62000000,6.48000000,0.00000000,13.94000000,56,58
482,9,482,AS-39,31,US,482,BlockApportionment:US.BlockGroups;PointsLayer:US.BlockPoints,2.19100000,2.57600000,1,181.00000000,1996.00000000,135.00000000,271,72.24000000,0.61000000,36,31,US,482,BlockApportionment:US.BlockGroups;PointsLayer:US.BlockPoints,2.19100000,2.57600000,1,35.32000000,4.76000000,38.02000000,29.29000000,3.24000000,13.48000000,0.00000000,13.56000000,38,38
483,5,483,AT-39,32,US,483,BlockApportionment:US.BlockGroups;PointsLayer:US.BlockPoints,2.19100000,2.57600000,1,275.00000000,6383.00000000,107.00000000,136,33.68000000,1.11000000,91,32,US,483,BlockApportionment:US.BlockGroups;PointsLayer:US.BlockPoints,2.19100000,2.57600000,1,13.09000000,3.88000000,25.94000000,31.63000000,1.28000000,5.85000000,1.69000000,5.71000000,89,85
484,2,484,AU-39,33,US,484,BlockApportionment:US.BlockGroups;PointsLayer:US.BlockPoints,2.19100000,2.57600000,1,305.00000000,891.00000000,102.00000000,114,39.96000000,0.79000000,43,33,US,484,BlockApportionment:US.BlockGroups;PointsLayer:US.BlockPoints,2.19100000,2.57600000,1,31.03000000,10.34000000,18.21000000,39.29000000,0.69000000,8.88000000,0.78000000,10.85000000,60,54
485,11,485,AV-39,34,US,485,BlockApportionment:US.BlockGroups;PointsLayer:US.BlockPoints,2.19100000,2.57600000,1,356.00000000,1017.00000000,122.00000000,102,37.56000000,2.53000000,26,34,US,485,BlockApportionment:US.BlockGroups;PointsLayer:US.BlockPoints,2.19100000,2.57600000,1,25.20000000,8.14000000,30.47000000,32.86000000,0.00000000,6.46000000,2.56000000,10.60000000,50,48
486,5,486,AW-39,35,US,486,BlockApportionment:US.BlockGroups;PointsLayer:US.BlockPoints,2.19100000,2.57600000,1,352.00000000,484.00000000,142.00000000,174,36.78000000,10.26000000,24,35,US,486,BlockApportionment:US.BlockGroups;PointsLayer:US.BlockPoints,2.19100000,2.57600000,1,28.21000000,8.55000000,62.00000000,34.23000000,2.34000000,5.18000000,7.73000000,17.29000000,125,136
487,0,487,AX-39,36,US,487,BlockApportionment:US.BlockGroups;PointsLayer:US.BlockPoints,2.19100000,2.57600000,1,399.00000000,1703.00000000,153.00000000,52,25.07000000,2.76000000,153,36,US,487,BlockApportionment:US.BlockGroups;PointsLayer:US.BlockPoints,2.19100000,2.57600000,1,7.82000000,0.00000000,4.39000000,29.67000000,0.00000000,4.70000000,3.05000000,8.36000000,161,156
488,0,488,AY-39,37,US,488,BlockApportionment:US.BlockGroups;PointsLayer:US.BlockPoints,2.19100000,2.57600000,1,287.00000000,79.00000000,151.00000000,250,75.95000000,1.56000000,63,37,US,488,BlockApportionment:US.BlockGroups;PointsLayer:US.BlockPoints,2.19100000,2.57600000,1,50.00000000,0.00000000,18.07000000,25.00000000,5.56000000,4.82000000,1.56000000,22.22000000,101,103
489,3,489,AZ-39,38,US,489,BlockApportionment:US.BlockGroups;PointsLayer:US.BlockPoints,2.19100000,2.57600000,1,154.00000000,4566.00000000,132.00000000,226,91.17000000,2.94000000,68,38,US,489,BlockApportionment:US.BlockGroups;PointsLayer:US.BlockPoints,2.19100000,2.57600000,1,34.29000000,10.13000000,22.34000000,41.11000000,9.76000000,5.78000000,3.23000000,22.32000000,69,72
490,1,490,BA-39,39,US,490,BlockApportionment:US.BlockGroups;PointsLayer:US.BlockPoints,2.19100000,2.57600000,1,154.00000000,4706.00000000,152.00000000,162,95.58000000,0.35000000,91,39,US,490,BlockApportionment:US.BlockGroups;PointsLayer:US.BlockPoints,2.19100000,2.57600000,1,24.11000000,3.34000000,19.93000000,22.64000000,6.17000000,6.80000000,0.80000000,25.95000000,80,82
491,0,491,BB-39,40,US,491,BlockApportionment:US.BlockGroups;PointsLayer:US.BlockPoints,2.19100000,2.57600000,1,97.00000000,3881.00000000,134.00000000,157,95.72000000,0.97000000,86,40,US,491,BlockApportionment:US.BlockGroups;PointsLayer:US.BlockPoints,2.19100000,2.57600000,1,34.46000000,3.47000000,22.39000000,25.00000000,8.71000000,9.44000000,0.19000000,23.69000000,68,67
492,0,492,BC-39,41,US,492,BlockApportionment:US.BlockGroups;PointsLayer:US.BlockPoints,2.19100000,2.57600000,1,184.00000000,4044.00000000,198.00000000,88,96.61000000,1.46000000,96,41,US,492,BlockApportionment:US.BlockGroups;PointsLayer:US.BlockPoints,2.19100000,2.57600000,1,26.94000000,3.97000000,15.95000000,19.52000000,7.57000000,11.91000000,1.15000000,20.04000000,78,79
493,0,493,T-38,42,US,493,BlockApportionment:US.BlockGroups;PointsLayer:US.BlockPoints,2.19100000,2.57600000,1,145.00000000,1626.00000000,118.00000000,83,8.12000000,2.56000000,144,42,US,493,BlockApportionment:US.BlockGroups;PointsLayer:US.BlockPoints,2.19100000,2.57600000,1,19.27000000,2.75000000,4.84000000,27.84000000,0.00000000,0.52000000,2.79000000,12.88000000,173,173
494,0,494,U-38,43,US,494,BlockApportionment:US.BlockGroups;PointsLayer:US.BlockPoints,2.19100000,2.57600000,1,174.00000000,5433.00000000,149.00000000,105,15.92000000,1.75000000,142,43,US,494,BlockApportionment:US.BlockGroups;PointsLayer:US.BlockPoints,2.19100000,2.57600000,1,14.97000000,6.93000000,9.68000000,20.58000000,1.11000000,1.26000000,1.61000000,7.77000000,128,127
495,0,495,V-38,44,US,495,BlockApportionment:US.BlockGroups;PointsLayer:US.BlockPoints,2.19100000,2.57600000,1,153.00000000,7412.00000000,128.00000000,102,17.40000000,1.31000000,123,44,US,495,BlockApportionment:US.BlockGroups;PointsLayer:US.BlockPoints,2.19100000,2.57600000,1,10.05000000,3.22000000,16.18000000,28.57000000,1.42000000,3.60000000,1.89000000,5.24000000,112,111
496,0,496,W-38,45,US,496,BlockApportionment:US.BlockGroups;PointsLayer:US.BlockPoints,2.19100000,2.57600000,1,142.00000000,6736.00000000,125.00000000,102,20.25000000,0.44000000,147,45,US,496,BlockApportionment:US.BlockGroups;PointsLayer:US.BlockPoints,2.19100000,2.57600000,1,10.85000000,2.94000000,12.86000000,30.11000000,1.26000000,0.91000000,0.95000000,7.80000000,141,141
497,6,497,X-38,46,US,497,BlockApportionment:US.BlockGroups;PointsLayer:US.BlockPoints,2.19100000,2.57600000,1,230.00000000,3867.00000000,153.00000000,79,13.65000000,0.80000000,136,46,US,497,BlockApportionment:US.BlockGroups;PointsLayer:US.BlockPoints,2.19100000,2.57600000,1,8.88000000,2.80000000,8.06000000,21.42000000,0.53000000,1.25000000,0.59000000,5.54000000,131,129
498,0,498,Y-38,47,US,498,BlockApportionment:US.BlockGroups;PointsLayer:US.BlockPoints,2.19100000,2.57600000,1,188.00000000,2831.00000000,128.00000000,26,11.80000000,4.34000000,151,47,US,498,BlockApportionment:US.BlockGroups;PointsLayer:US.BlockPoints,2.19100000,2.57600000,1,15.72000000,1.87000000,4.96000000,20.43000000,0.34000000,0.00000000,3.99000000,8.04000000,151,154
499,0,499,Z-38,48,US,499,BlockApportionment:US.BlockGroups;PointsLayer:US.BlockPoints,2.19100000,2.57600000,1,121.00000000,1968.00000000,83.00000000,81,9.20000000,2.53000000,253,48,US,499,BlockApportionment:US.BlockGroups;PointsLayer:US.BlockPoints,2.19100000,2.57600000,1,19.64000000,5.70000000,1.35000000,30.97000000,2.42000000,0.12000000,1.88000000,3.85000000,228,233
500,0,500,AA-38,49,US,500,BlockApportionment:US.BlockGroups;PointsLayer:US.BlockPoints,2.19100000,2.57600000,1,86.00000000,1739.00000000,80.00000000,117,10.41000000,2.34000000,253,49,US,500,BlockApportionment:US.BlockGroups;PointsLayer:US.BlockPoints,2.19100000,2.57600000,1,10.88000000,6.74000000,3.28000000,35.37000000,0.00000000,1.47000000,3.58000000,4.04000000,222,223
501,0,501,AB-38,0,US,501,BlockApportionment:US.BlockGroups;PointsLayer:US.BlockPoints,2.19100000,2.57600000,1,96.00000000,111.00000000,56.00000000,86,7.21000000,3.85000000,253,0,US,501,BlockApportionment:US.BlockGroups;PointsLayer:US.BlockPoints,2.19100000,2.57600000,1,8.62000000,0.00000000,0.00000000,0.00000000,0.00000000,0.00000000,3.03000000,0.00000000,263,261
502,0,502,AC-38,1,US,502,BlockApportionment:US.BlockGroups;PointsLayer:US.BlockPoints,2.19100000,2.57600000,1,59.00000000,1155.00000000,37.00000000,26,8.48000000,3.51000000,253,1,US,502,BlockApportionment:US.BlockGroups;PointsLayer:US.BlockPoints,2.19100000,2.57600000,1,31.86000000,3.15000000,0.88000000,0.00000000,0.70000000,0.06000000,4.55000000,10.60000000,216,218
503,0,503,AD-38,2,US,503,BlockApportionment:US.BlockGroups;PointsLayer:US.BlockPoints,2.19100000,2.57600000,1,61.00000000,2064.00000000,36.00000000,112,5.52000000,5.19000000,253,2,US,503,BlockApportionment:US.BlockGroups;PointsLayer:US.BlockPoints,2.19100000,2.57600000,1,19.01000000,0.00000000,0.62000000,0.00000000,0.00000000,0.31000000,6.01000000,4.47000000,282,273
504,0,504,AE-38,3,US,504,BlockApportionment:US.BlockGroups;PointsLayer:US.BlockPoints,2.19100000,2.57600000,1,78.00000000,4321.00000000,90.00000000,136,46.31000000,2.26000000,112,3,US,504,BlockApportionment:US.BlockGroups;PointsLayer:US.BlockPoints,2.19100000,2.57600000,1,15.12000000,1.49000000,15.64000000,26.39000000,0.77000000,3.94000000,2.22000000,12.18000000,124,125
505,0,505,AF-38,4,US,505,BlockApportionment:US.BlockGroups;PointsLayer:US.BlockPoints,2.19100000,2.57600000,1,147.00000000,2780.00000000,139.00000000,164,36.51000000,2.01000000,126,4,US,505,BlockApportionment:US.BlockGroups;PointsLayer:US.BlockPoints,2.19100000,2.57600000,1,13.35000000,5.85000000,5.61000000,13.30000000,5.01000000,2.28000000,2.56000000,14.48000000,121,121
506,0,506,AG-38,5,US,506,BlockApportionment:US.BlockGroups;PointsLayer:US.BlockPoints,2.19100000,2.57600000,1,164.00000000,1773.00000000,122.00000000,110,27.69000000,1.88000000,111,5,US,506,BlockApportionment:US.BlockGroups;PointsLayer:US.BlockPoints,2.19100000,2.57600000,1,14.50000000,4.46000000,7.08000000,17.90000000,1.49000000,2.71000000,2.14000000,11.22000000,120,121
507,0,507,AH-38,6,US,507,BlockApportionment:US.BlockGroups;PointsLayer:US.BlockPoints,2.19100000,2.57600000,1,112.00000000,2903.00000000,116.00000000,193,36.10000000,2.66000000,132,6,US,507,BlockApportionment:US.BlockGroups;PointsLayer:US.BlockPoints,2.19100000,2.57600000,1,17.53000000,6.53000000,13.22000000,26.89000000,4.96000000,2.90000000,2.66000000,17.05000000,115,114
508,0,508,AI-38,7,US,508,BlockApportionment:US.BlockGroups;PointsLayer:US.BlockPoints,2.19100000,2.57600000,1,119.00000000,3949.00000000,137.00000000,136,51.91000000,2.82000000,91,7,US,508,BlockApportionment:US.BlockGroups;PointsLayer:US.BlockPoints,2.19100000,2.57600000,1,25.53000000,9.35000000,14.97000000,35.54000000,3.38000000,4.59000000,3.98000000,22.38000000,87,89
509,1,509,AJ-38,8,US,509,BlockApportionment:US.BlockGroups;PointsLayer:US.BlockPoints,2.19100000,2.57600000,1,119.00000000,4753.00000000,124.00000000,143,62.28000000,1.15000000,75,8,US,509,BlockApportionment:US.BlockGroups;PointsLayer:US.BlockPoints,2.19100000,2.57600000,1,24.28000000,2.86000000,24.51000000,28.46000000,7.73000000,8.69000000,0.65000000,14.68000000,78,80
510,0,510,AK-38,9,US,510,BlockApportionment:US.BlockGroups;PointsLayer:US.BlockPoints,2.19100000,2.57600000,1,89.00000000,4477.00000000,113.00000000,114,56.24000000,1.00000000,85,9,US,510,BlockApportionment:US.BlockGroups;PointsLayer:US.BlockPoints,2.19100000,2.57600000,1,22.26000000,8.03000000,13.87000000,32.04000000,6.01000000,9.68000000,1.16000000,21.17000000,101,102
511,0,511,AL-38,10,US,511,BlockApportionment:US.BlockGroups;PointsLayer:US.BlockPoints,2.19100000,2.57600000,1,115.00000000,3229.00000000,128.00000000,174,45.12000000,4.67000000,90,10,US,511,BlockApportionment:US.BlockGroups;PointsLayer:US.BlockPoints,2.19100000,2.57600000,1,21.77000000,2.98000000,19.35000000,29.33000000,8.37000000,12.32000000,3.86000000,17.08000000,90,92
512,1,512,AM-38,11,US,512,BlockApportionment:US.BlockGroups;PointsLayer:US.BlockPoints,2.19100000,2.57600000,1,122.00000000,5362.00000000,141.00000000,114,67.31000000,2.61000000,65,11,US,512,BlockApportionment:US.BlockGroups;PointsLayer:US.BlockPoints,2.19100000,2.57600000,1,19.16000000,4.95000000,24.45000000,28.26000000,5.16000000,7.13000000,2.04000000,21.66000000,66,68
513,2,513,AN-38,12,US,513,BlockApportionment:US.BlockGroups;PointsLayer:US.BlockPoints,2.19100000,2.57600000,1,132.00000000,6724.00000000,129.00000000,119,62.40000000,0.87000000,64,12,US,513,BlockApportionment:US.BlockGroups;PointsLayer:US.BlockPoints,2.19100000,2.57600000,1,26.99000000,5.64000000,20.26000000,28.33000000,9.01000000,10.22000000,0.59000000,19.53000000,64,67
514,2,514,AO-38,13,US,514,BlockApportionment:US.BlockGroups;PointsLayer:US.BlockPoints,2.19100000,2.57600000,1,151.00000000,4462.00000000,141.00000000,162,68.49000000,1.28000000,72,13,US,514,BlockApportionment:US.BlockGroups;PointsLayer:US.BlockPoints,2.19100000,2.57600000,1,29.13000000,7.53000000,21.19000000,27.88000000,6.45000000,12.30000000,1.98000000,25.74000000,75,79
515,2,515,AP-38,14,US,515,BlockApportionment:US.BlockGroups;PointsLayer:US.BlockPoints,2.19100000,2.57600000,1,171.00000000,4154.00000000,152.00000000,93,75.28000000,1.04000000,70,14,US,515,BlockApportionment:US.BlockGroups;PointsLayer:US.BlockPoints,2.19100000,2.57600000,1,18.30000000,5.01000000,24.04000000,28.82000000,8.72000000,8.51000000,1.49000000,29.26000000,66,68
516,3,516,AQ-38,15,US,516,BlockApportionment:US.BlockGroups;PointsLayer:US.BlockPoints,2.19100000,2.57600000,1,167.00000000,5426.00000000,154.00000000,74,88.24000000,1.29000000,71,15,US,516,BlockApportionment:US.BlockGroups;PointsLayer:US.BlockPoints,2.19100000,2.57600000,1,17.67000000,8.29000000,23.37000000,25.63000000,6.10000000,11.82000000,1.50000000,31.29000000,67,70
517,12,517,AR-38,16,US,517,BlockApportionment:US.BlockGroups;PointsLayer:US.BlockPoints,2.19100000,2.57600000,1,143.00000000,7663.00000000,134.00000000,143,82.93000000,0.57000000,49,16,US,517,BlockApportionment:US.BlockGroups;PointsLayer:US.BlockPoints,2.19100000,2.57600000,1,31.73000000,6.61000000,27.96000000,25.44000000,11.97000000,17.13000000,1.01000000,20.25000000,56,57
518,9,518,AS-38,17,US,518,BlockApportionment:US.BlockGroups;PointsLayer:US.BlockPoints,2.19100000,2.57600000,1,140.00000000,2194.00000000,95.00000000,74,76.94000000,1.30000000,61,17,US,518,BlockApportionment:US.BlockGroups;PointsLayer:US.BlockPoints,2.19100000,2.57600000,1,12.73000000,11.21000000,26.52000000,33.06000000,6.71000000,17.75000000,1.94000000,16.53000000,57,57
519,0,519,AT-38,18,US,519,BlockApportionment:US.BlockGroups;PointsLayer:US.BlockPoints,2.19100000,2.57600000,1,338.00000000,9139.00000000,128.00000000,81,17.00000000,4.80000000,150,18,US,519,BlockApportionment:US.BlockGroups;PointsLayer:US.BlockPoints,2.19100000,2.57600000,1,9.62000000,2.06000000,24.76000000,20.78000000,0.83000000,4.42000000,4.03000000,6.36000000,123,123
520,2,520,AU-38,19,US,520,BlockApportionment:US.BlockGroups;PointsLayer:US.BlockPoints,2.19100000,2.57600000,1,317.00000000,6042.00000000,107.00000000,155,18.95000000,1.02000000,117,19,US,520,BlockApportionment:US.BlockGroups;PointsLayer:US.BlockPoints,2.19100000,2.57600000,1,12.90000000,3.06000000,19.30000000,32.31000000,0.54000000,2.04000000,1.94000000,7.24000000,104,103
521,33,521,AV-38,20,US,521,BlockApportionment:US.BlockGroups;PointsLayer:US.BlockPoints,2.19100000,2.57600000,1,225.00000000,13443.00000000,85.00000000,226,28.18000000,9.37000000,29,20,US,521,BlockApportionment:US.BlockGroups;PointsLayer:US.BlockPoints,2.19100000,2.57600000,1,31.88000000,15.32000000,43.15000000,23.86000000,0.26000000,6.05000000,6.72000000,17.31000000,60,60
522,20,522,AW-38,21,US,522,BlockApportionment:US.BlockGroups;PointsLayer:US.BlockPoints,2.19100000,2.57600000,1,181.00000000,5246.00000000,60.00000000,331,33.66000000,11.85000000,16,21,US,522,BlockApportionment:US.BlockGroups;PointsLayer:US.BlockPoints,2.19100000,2.57600000,1,38.67000000,10.10000000,61.78000000,27.04000000,4.55000000,10.34000000,7.27000000,29.48000000,39,43
523,0,523,AX-38,22,US,523,BlockApportionment:US.BlockGroups;PointsLayer:US.BlockPoints,2.19100000,2.57600000,1,231.00000000,2682.00000000,78.00000000,74,17.86000000,0.74000000,141,22,US,523,BlockApportionment:US.BlockGroups;PointsLayer:US.BlockPoints,2.19100000,2.57600000,1,7.19000000,2.66000000,11.42000000,25.09000000,0.10000000,3.29000000,1.07000000,3.54000000,135,132
524,1,524,AY-38,23,US,524,BlockApportionment:US.BlockGroups;PointsLayer:US.BlockPoints,2.19100000,2.57600000,1,266.00000000,1885.00000000,151.00000000,217,76.07000000,1.28000000,65,23,US,524,BlockApportionment:US.BlockGroups;PointsLayer:US.BlockPoints,2.19100000,2.57600000,1,44.74000000,5.51000000,20.12000000,21.43000000,6.36000000,6.01000000,0.93000000,20.53000000,77,80
525,2,525,AZ-38,24,US,525,BlockApportionment:US.BlockGroups;PointsLayer:US.BlockPoints,2.19100000,2.57600000,1,157.00000000,5077.00000000,143.00000000,126,85.50000000,2.30000000,65,24,US,525,BlockApportionment:US.BlockGroups;PointsLayer:US.BlockPoints,2.19100000,2.57600000,1,31.65000000,7.61000000,29.76000000,33.67000000,5.09000000,11.20000000,2.07000000,13.88000000,59,61
526,2,526,BA-38,25,US,526,BlockApportionment:US.BlockGroups;PointsLayer:US.BlockPoints,2.19100000,2.57600000,1,140.00000000,5630.00000000,144.00000000,229,93.32000000,0.25000000,59,25,US,526,BlockApportionment:US.BlockGroups;PointsLayer:US.BlockPoints,2.19100000,2.57600000,1,33.97000000,4.92000000,27.45000000,31.99000000,9.07000000,8.09000000,0.12000000,24.99000000,55,56
527,0,527,BB-38,26,US,527,BlockApportionment:US.BlockGroups;PointsLayer:US.BlockPoints,2.19100000,2.57600000,1,139.00000000,5006.00000000,150.00000000,133,93.35000000,1.48000000,83,26,US,527,BlockApportionment:US.BlockGroups;PointsLayer:US.BlockPoints,2.19100000,2.57600000,1,27.32000000,6.38000000,18.86000000,27.67000000,7.85000000,9.67000000,0.67000000,22.56000000,77,77
528,0,528,BC-38,27,US,528,BlockApportionment:US.BlockGroups;PointsLayer:US.BlockPoints,2.19100000,2.57600000,1,174.00000000,4819.00000000,199.00000000,186,96.78000000,1.26000000,77,27,US,528,BlockApportionment:US.BlockGroups;PointsLayer:US.BlockPoints,2.19100000,2.57600000,1,34.04000000,2.02000000,18.12000000,32.71000000,7.72000000,9.43000000,0.96000000,25.67000000,76,78
529,0,529,BD-38,28,US,529,BlockApportionment:US.BlockGroups;PointsLayer:US.BlockPoints,2.19100000,2.57600000,1,178.00000000,5019.00000000,203.00000000,105,93.25000000,1.39000000,77,28,US,529,BlockApportionment:US.BlockGroups;PointsLayer:US.BlockPoints,2.19100000,2.57600000,1,23.94000000,3.73000000,18.94000000,14.72000000,7.12000000,10.14000000,1.21000000,18.62000000,81,84
530,1,530,U-37,29,US,530,BlockApportionment:US.BlockGroups;PointsLayer:US.BlockPoints,2.19100000,2.57600000,1,184.00000000,6884.00000000,138.00000000,81,9.01000000,2.50000000,157,29,US,530,BlockApportionment:US.BlockGroups;PointsLayer:US.BlockPoints,2.19100000,2.57600000,1,8.66000000,5.13000000,6.44000000,20.30000000,0.05000000,0.77000000,2.50000000,3.73000000,166,162
531,1,531,V-37,30,US,531,BlockApportionment:US.BlockGroups;PointsLayer:US.BlockPoints,2.19100000,2.57600000,1,194.00000000,2334.00000000,141.00000000,110,12.38000000,3.99000000,156,30,US,531,BlockApportionment:US.BlockGroups;PointsLayer:US.BlockPoints,2.19100000,2.57600000,1,6.62000000,2.04000000,11.69000000,25.39000000,1.66000000,2.80000000,4.59000000,16.17000000,157,153
532,0,532,W-37,31,US,532,BlockApportionment:US.BlockGroups;PointsLayer:US.BlockPoints,2.19100000,2.57600000,1,141.00000000,2769.00000000,132.00000000,252,18.13000000,1.66000000,139,31,US,532,BlockApportionment:US.BlockGroups;PointsLayer:US.BlockPoints,2.19100000,2.57600000,1,6.55000000,2.88000000,15.89000000,20.79000000,1.10000000,1.63000000,1.79000000,3.62000000,117,113
533,2,533,X-37,32,US,533,BlockApportionment:US.BlockGroups;PointsLayer:US.BlockPoints,2.19100000,2.57600000,1,152.00000000,6027.00000000,101.00000000,86,8.30000000,2.01000000,123,32,US,533,BlockApportionment:US.BlockGroups;PointsLayer:US.BlockPoints,2.19100000,2.57600000,1,9.45000000,2.19000000,8.69000000,29.29000000,0.00000000,0.87000000,0.91000000,5.54000000,131,130
534,5,534,Y-37,33,US,534,BlockApportionment:US.BlockGroups;PointsLayer:US.BlockPoints,2.19100000,2.57600000,1,132.00000000,3917.00000000,103.00000000,143,8.37000000,3.35000000,135,33,US,534,BlockApportionment:US.BlockGroups;PointsLayer:US.BlockPoints,2.19100000,2.57600000,1,21.17000000,1.08000000,10.36000000,34.91000000,0.69000000,0.00000000,2.91000000,4.85000000,131,134
535,0,535,Z-37,34,US,535,BlockApportionment:US.BlockGroups;PointsLayer:US.BlockPoints,2.19100000,2.57600000,1,116.00000000,4369.00000000,94.00000000,90,7.97000000,2.05000000,148,34,US,535,BlockApportionment:US.BlockGroups;PointsLayer:US.BlockPoints,2.19100000,2.57600000,1,18.97000000,1.27000000,9.94000000,36.32000000,2.65000000,0.49000000,1.59000000,11.84000000,151,153
536,0,536,AA-37,35,US,536,BlockApportionment:US.BlockGroups;PointsLayer:US.BlockPoints,2.19100000,2.57600000,1,129.00000000,3572.00000000,76.00000000,100,9.15000000,0.00000000,199,35,US,536,BlockApportionment:US.BlockGroups;PointsLayer:US.BlockPoints,2.19100000,2.57600000,1,15.36000000,0.72000000,8.77000000,14.36000000,0.35000000,1.03000000,0.11000000,5.31000000,190,187
537,0,537,AB-37,36,US,537,BlockApportionment:US.BlockGroups;PointsLayer:US.BlockPoints,2.19100000,2.57600000,1,181.00000000,1527.00000000,111.00000000,157,6.02000000,6.06000000,165,36,US,537,BlockApportionment:US.BlockGroups;PointsLayer:US.BlockPoints,2.19100000,2.57600000,1,28.20000000,1.24000000,14.36000000,32.04000000,0.56000000,0.75000000,6.16000000,11.66000000,179,180
538,0,538,AC-37,37,US,538,BlockApportionment:US.BlockGroups;PointsLayer:US.BlockPoints,2.19100000,2.57600000,1,91.00000000,580.00000000,73.00000000,26,5.86000000,3.16000000,253,37,US,538,BlockApportionment:US.BlockGroups;PointsLayer:US.BlockPoints,2.19100000,2.57600000,1,17.14000000,0.00000000,3.49000000,8.51000000,0.52000000,1.50000000,3.50000000,3.66000000,239,230
539,0,539,AD-37,38,US,539,BlockApportionment:US.BlockGroups;PointsLayer:US.BlockPoints,2.19100000,2.57600000,1,130.00000000,4358.00000000,114.00000000,169,6.29000000,1.41000000,170,38,US,539,BlockApportionment:US.BlockGroups;PointsLayer:US.BlockPoints,2.19100000,2.57600000,1,16.18000000,4.15000000,12.94000000,36.87000000,4.75000000,3.45000000,1.15000000,4.67000000,146,147
540,0,540,AE-37,39,US,540,BlockApportionment:US.BlockGroups;PointsLayer:US.BlockPoints,2.19100000,2.57600000,1,99.00000000,2847.00000000,93.00000000,129,11.70000000,1.52000000,174,39,US,540,BlockApportionment:US.BlockGroups;PointsLayer:US.BlockPoints,2.19100000,2.57600000,1,22.98000000,9.29000000,5.06000000,12.33000000,1.00000000,4.96000000,2.32000000,8.84000000,171,172
541,0,541,AF-37,40,US,541,BlockApportionment:US.BlockGroups;PointsLayer:US.BlockPoints,2.19100000,2.57600000,1,129.00000000,5704.00000000,122.00000000,124,15.81000000,0.99000000,128,40,US,541,BlockApportionment:US.BlockGroups;PointsLayer:US.BlockPoints,2.19100000,2.57600000,1,18.37000000,3.64000000,7.84000000,22.76000000,0.76000000,4.33000000,0.87000000,11.51000000,118,120
542,2,542,AG-37,41,US,542,BlockApportionment:US.BlockGroups;PointsLayer:US.BlockPoints,2.19100000,2.57600000,1,151.00000000,3546.00000000,124.00000000,60,24.76000000,3.64000000,134,41,US,542,BlockApportionment:US.BlockGroups;PointsLayer:US.BlockPoints,2.19100000,2.57600000,1,16.47000000,6.38000000,11.45000000,19.67000000,0.72000000,1.16000000,5.11000000,12.68000000,127,128
543,0,543,AH-37,42,US,543,BlockApportionment:US.BlockGroups;PointsLayer:US.BlockPoints,2.19100000,2.57600000,1,139.00000000,3530.00000000,119.00000000,157,21.73000000,1.57000000,129,42,US,543,BlockApportionment:US.BlockGroups;PointsLayer:US.BlockPoints,2.19100000,2.57600000,1,8.06000000,1.40000000,17.66000000,30.61000000,0.36000000,1.74000000,1.15000000,11.18000000,128,131
544,1,544,AI-37,43,US,544,BlockApportionment:US.BlockGroups;PointsLayer:US.BlockPoints,2.19100000,2.57600000,1,141.00000000,4325.00000000,135.00000000,245,39.35000000,2.12000000,126,43,US,544,BlockApportionment:US.BlockGroups;PointsLayer:US.BlockPoints,2.19100000,2.57600000,1,21.04000000,2.28000000,18.72000000,29.03000000,2.95000000,2.37000000,2.07000000,18.31000000,106,107
545,0,545,AJ-37,44,US,545,BlockApportionment:US.BlockGroups;PointsLayer:US.BlockPoints,2.19100000,2.57600000,1,150.00000000,3129.00000000,126.00000000,83,25.73000000,4.86000000,130,44,US,545,BlockApportionment:US.BlockGroups;PointsLayer:US.BlockPoints,2.19100000,2.57600000,1,21.92000000,2.76000000,16.02000000,26.08000000,2.65000000,6.34000000,4.54000000,15.15000000,114,116
546,0,546,AK-37,45,US,546,BlockApportionment:US.BlockGroups;PointsLayer:US.BlockPoints,2.19100000,2.57600000,1,117.00000000,3599.00000000,124.00000000,88,53.96000000,2.84000000,99,45,US,546,BlockApportionment:US.BlockGroups;PointsLayer:US.BlockPoints,2.19100000,2.57600000,1,33.10000000,3.20000000,15.61000000,31.84000000,8.70000000,5.81000000,3.45000000,18.13000000,120,124
547,0,547,AL-37,46,US,547,BlockApportionment:US.BlockGroups;PointsLayer:US.BlockPoints,2.19100000,2.57600000,1,131.00000000,3542.00000000,126.00000000,86,45.34000000,4.31000000,110,46,US,547,BlockApportionment:US.BlockGroups;PointsLayer:US.BlockPoints,2.19100000,2.57600000,1,18.52000000,2.92000000,6.20000000,31.65000000,4.06000000,6.14000000,4.55000000,12.54000000,132,135
548,3,548,AM-37,47,US,548,BlockApportionment:US.BlockGroups;PointsLayer:US.BlockPoints,2.19100000,2.57600000,1,122.00000000,5422.00000000,128.00000000,100,54.02000000,1.44000000,75,47,US,548,BlockApportionment:US.BlockGroups;PointsLayer:US.BlockPoints,2.19100000,2.57600000,1,19.21000000,2.71000000,18.96000000,26.30000000,3.68000000,13.89000000,1.26000000,27.45000000,86,88
549,4,549,AN-37,48,US,549,BlockApportionment:US.BlockGroups;PointsLayer:US.BlockPoints,2.19100000,2.57600000,1,118.00000000,4015.00000000,98.00000000,79,32.90000000,2.62000000,71,48,US,549,BlockApportionment:US.BlockGroups;PointsLayer:US.BlockPoints,2.19100000,2.57600000,1,17.66000000,8.13000000,19.95000000,34.65000000,2.54000000,10.67000000,1.72000000,15.54000000,79,81
550,6,550,AO-37,49,US,550,BlockApportionment:US.BlockGroups;PointsLayer:US.BlockPoints,2.19100000,2.57600000,1,141.00000000,7138.00000000,118.00000000,131,59.33000000,1.01000000,64,49,US,550,BlockApportionment:US.BlockGroups;PointsLayer:US.BlockPoints,2.19100000,2.57600000,1,21.61000000,4.37000000,19.58000000,30.07000000,6.85000000,9.91000000,0.93000000,22.33000000,71,73
551,2,551,AP-37,0,US,551,BlockApportionment:US.BlockGroups;PointsLayer:US.BlockPoints,2.19100000,2.57600000,1,149.00000000,6581.00000000,130.00000000,100,57.67000000,1.21000000,62,0,US,551,BlockApportionment:US.BlockGroups;PointsLayer:US.BlockPoints,2.19100000,2.57600000,1,17.49000000,7.81000000,27.19000000,32.10000000,6.89000000,10.84000000,1.58000000,29.76000000,64,65
552,6,552,AQ-37,1,US,552,BlockApportionment:US.BlockGroups;PointsLayer:US.BlockPoints,2.19100000,2.57600000,1,130.00000000,9459.00000000,128.00000000,121,70.99000000,0.56000000,56,1,US,552,BlockApportionment:US.BlockGroups;PointsLayer:US.BlockPoints,2.19100000,2.57600000,1,19.87000000,5.01000000,26.36000000,33.72000000,9.67000000,16.71000000,0.81000000,22.37000000,60,64
553,13,553,AR-37,2,US,553,BlockApportionment:US.BlockGroups;PointsLayer:US.BlockPoints,2.19100000,2.57600000,1,88.00000000,11019.00000000,71.00000000,164,73.74000000,0.97000000,52,2,US,553,BlockApportionment:US.BlockGroups;PointsLayer:US.BlockPoints,2.19100000,2.57600000,1,27.25000000,6.45000000,23.38000000,33.48000000,9.49000000,15.17000000,1.11000000,20.23000000,52,52
554,13,554,AS-37,3,US,554,BlockApportionment:US.BlockGroups;PointsLayer:US.BlockPoints,2.19100000,2.57600000,1,125.00000000,7066.00000000,101.00000000,140,80.12000000,0.28000000,40,3,US,554,BlockApportionment:US.BlockGroups;PointsLayer:US.BlockPoints,2.19100000,2.57600000,1,28.13000000,11.91000000,35.02000000,37.03000000,7.85000000,13.33000000,0.37000000,21.02000000,48,49
555,28,555,AT-37,4,US,555,BlockApportionment:US.BlockGroups;PointsLayer:US.BlockPoints,2.19100000,2.57600000,1,231.00000000,9756.00000000,116.00000000,107,41.84000000,1.95000000,75,4,US,555,BlockApportionment:US.BlockGroups;PointsLayer:US.BlockPoints,2.19100000,2.57600000,1,16.70000000,6.26000000,34.38000000,36.57000000,2.73000000,7.76000000,1.75000000,12.77000000,76,76
556,1,556,AU-37,5,US,556,BlockApportionment:US.BlockGroups;PointsLayer:US.BlockPoints,2.19100000,2.57600000,1,376.00000000,5240.00000000,137.00000000,114,14.89000000,2.73000000,129,5,US,556,BlockApportionment:US.BlockGroups;PointsLayer:US.BlockPoints,2.19100000,2.57600000,1,18.62000000,2.29000000,21.19000000,24.12000000,0.04000000,3.86000000,2.84000000,6.53000000,107,107
557,0,557,AV-37,6,US,557,BlockApportionment:US.BlockGroups;PointsLayer:US.BlockPoints,2.19100000,2.57600000,1,284.00000000,4781.00000000,79.00000000,124,18.68000000,1.23000000,31,6,US,557,BlockApportionment:US.BlockGroups;PointsLayer:US.BlockPoints,2.19100000,2.57600000,1,31.87000000,4.98000000,36.45000000,17.74000000,2.31000000,3.28000000,1.51000000,8.34000000,79,78
558,9,558,AW-37,7,US,558,BlockApportionment:US.BlockGroups;PointsLayer:US.BlockPoints,2.19100000,2.57600000,1,201.00000000,4662.00000000,63.00000000,160,22.05000000,2.21000000,78,7,US,558,BlockApportionment:US.BlockGroups;PointsLayer:US.BlockPoints,2.19100000,2.57600000,1,21.55000000,3.97000000,20.25000000,26.29000000,0.00000000,1.82000000,2.16000000,10.01000000,93,92
559,0,559,AX-37,8,US,559,BlockApportionment:US.BlockGroups;PointsLayer:US.BlockPoints,2.19100000,2.57600000,1,140.00000000,897.00000000,48.00000000,60,47.27000000,3.32000000,142,8,US,559,BlockApportionment:US.BlockGroups;PointsLayer:US.BlockPoints,2.19100000,2.57600000,1,2.05000000,1.64000000,12.78000000,13.99000000,0.40000000,3.03000000,3.51000000,19.24000000,106,99
560,2,560,AY-37,9,US,560,BlockApportionment:US.BlockGroups;PointsLayer:US.BlockPoints,2.19100000,2.57600000,1,183.00000000,4319.00000000,148.00000000,162,81.52000000,0.54000000,71,9,US,560,BlockApportionment:US.BlockGroups;PointsLayer:US.BlockPoints,2.19100000,2.57600000,1,25.55000000,9.07000000,35.23000000,27.64000000,6.63000000,9.05000000,0.42000000,17.06000000,78,78
561,0,561,AZ-37,10,US,561,BlockApportionment:US.BlockGroups;PointsLayer:US.BlockPoints,2.19100000,2.57600000,1,162.00000000,2645.00000000,149.00000000,119,83.82000000,1.06000000,71,10,US,561,BlockApportionment:US.BlockGroups;PointsLayer:US.BlockPoints,2.19100000,2.57600000,1,40.46000000,0.98000000,24.45000000,20.88000000,6.37000000,9.13000000,0.41000000,16.57000000,77,83
562,3,562,BA-37,11,US,562,BlockApportionment:US.BlockGroups;PointsLayer:US.BlockPoints,2.19100000,2.57600000,1,125.00000000,6663.00000000,139.00000000,148,93.71000000,1.12000000,68,11,US,562,BlockApportionment:US.BlockGroups;PointsLayer:US.BlockPoints,2.19100000,2.57600000,1,40.11000000,9.47000000,28.14000000,29.64000000,9.98000000,8.34000000,0.91000000,19.81000000,63,64
563,0,563,BB-37,12,US,563,BlockApportionment:US.BlockGroups;PointsLayer:US.BlockPoints,2.19100000,2.57600000,1,113.00000000,4951.00000000,142.00000000,119,93.94000000,1.72000000,96,12,US,563,BlockApportionment:US.BlockGroups;PointsLayer:US.BlockPoints,2.19100000,2.57600000,1,33.77000000,5.15000000,24.20000000,25.81000000,7.45000000,10.20000000,0.78000000,19.13000000,80,82
564,2,564,BC-37,13,US,564,BlockApportionment:US.BlockGroups;PointsLayer:US.BlockPoints,2.19100000,2.57600000,1,136.00000000,6004.00000000,176.00000000,107,94.17000000,1.68000000,83,13,US,564,BlockApportionment:US.BlockGroups;PointsLayer:US.BlockPoints,2.19100000,2.57600000,1,24.65000000,4.82000000,21.24000000,15.57000000,7.12000000,8.20000000,1.05000000,23.51000000,82,81
565,0,565,BD-37,14,US,565,BlockApportionment:US.BlockGroups;PointsLayer:US.BlockPoints,2.19100000,2.57600000,1,169.00000000,3070.00000000,184.00000000,155,88.93000000,1.99000000,104,14,US,565,BlockApportionment:US.BlockGroups;PointsLayer:US.BlockPoints,2.19100000,2.57600000,1,31.05000000,3.22000000,11.92000000,36.20000000,9.41000000,9.14000000,2.38000000,24.80000000,98,103
566,0,566,U-36,15,US,566,BlockApportionment:US.BlockGroups;PointsLayer:US.BlockPoints,2.19100000,2.57600000,1,156.00000000,4556.00000000,110.00000000,98,9.72000000,1.92000000,184,15,US,566,BlockApportionment:US.BlockGroups;PointsLayer:US.BlockPoints,2.19100000,2.57600000,1,4.18000000,1.36000000,7.29000000,18.77000000,0.40000000,0.43000000,1.50000000,2.02000000,156,154
567,0,567,V-36,16,US,567,BlockApportionment:US.BlockGroups;PointsLayer:US.BlockPoints,2.19100000,2.57600000,1,54.00000000,423.00000000,45.00000000,48,9.69000000,2.50000000,253,16,US,567,BlockApportionment:US.BlockGroups;PointsLayer:US.BlockPoints,2.19100000,2.57600000,1,20.94000000,0.00000000,1.63000000,57.78000000,0.00000000,0.00000000,4.03000000,5.95000000,285,287
568,0,568,W-36,17,US,568,BlockApportionment:US.BlockGroups;PointsLayer:US.BlockPoints,2.19100000,2.57600000,1,179.00000000,790.00000000,99.00000000,243,16.58000000,15.41000000,81,17,US,568,BlockApportionment:US.BlockGroups;PointsLayer:US.BlockPoints,2.19100000,2.57600000,1,11.58000000,0.00000000,39.10000000,28.77000000,6.28000000,2.42000000,16.55000000,19.91000000,75,73
569,0,569,X-36,18,US,569,BlockApportionment:US.BlockGroups;PointsLayer:US.BlockPoints,2.19100000,2.57600000,1,242.00000000,3304.00000000,120.00000000,136,8.93000000,3.05000000,112,18,US,569,BlockApportionment:US.BlockGroups;PointsLayer:US.BlockPoints,2.19100000,2.57600000,1,10.59000000,4.71000000,23.39000000,37.75000000,0.61000000,0.30000000,2.34000000,6.13000000,154,152
570,0,570,Y-36,19,US,570,BlockApportionment:US.BlockGroups;PointsLayer:US.BlockPoints,2.19100000,2.57600000,1,104.00000000,3844.00000000,72.00000000,93,7.26000000,2.05000000,158,19,US,570,BlockApportionment:US.BlockGroups;PointsLayer:US.BlockPoints,2.19100000,2.57600000,1,20.45000000,0.88000000,13.88000000,36.10000000,1.04000000,0.71000000,2.80000000,11.80000000,154,154
571,0,571,Z-36,20,US,571,BlockApportionment:US.BlockGroups;PointsLayer:US.BlockPoints,2.19100000,2.57600000,1,106.00000000,2852.00000000,58.00000000,183,8.31000000,1.64000000,110,20,US,571,BlockApportionment:US.BlockGroups;PointsLayer:US.BlockPoints,2.19100000,2.57600000,1,18.53000000,0.00000000,9.80000000,33.81000000,0.59000000,2.00000000,1.23000000,9.05000000,161,157
572,1,572,AA-36,21,US,572,BlockApportionment:US.BlockGroups;PointsLayer:US.BlockPoints,2.19100000,2.57600000,1,167.00000000,1553.00000000,88.00000000,57,8.31000000,3.12000000,206,21,US,572,BlockApportionment:US.BlockGroups;PointsLayer:US.BlockPoints,2.19100000,2.57600000,1,22.44000000,1.20000000,5.95000000,19.91000000,0.00000000,0.45000000,4.03000000,5.36000000,264,269
573,0,573,AB-36,22,US,573,BlockApportionment:US.BlockGroups;PointsLayer:US.BlockPoints,2.19100000,2.57600000,1,182.00000000,3711.00000000,200.00000000,126,7.25000000,4.91000000,179,22,US,573,BlockApportionment:US.BlockGroups;PointsLayer:US.BlockPoints,2.19100000,2.57600000,1,21.29000000,3.92000000,8.09000000,25.31000000,0.68000000,0.23000000,4.39000000,5.72000000,176,176
574,0,574,AC-36,23,US,574,BlockApportionment:US.BlockGroups;PointsLayer:US.BlockPoints,2.19100000,2.57600000,1,153.00000000,3227.00000000,169.00000000,38,8.55000000,1.15000000,223,23,US,574,BlockApportionment:US.BlockGroups;PointsLayer:US.BlockPoints,2.19100000,2.57600000,1,16.67000000,2.81000000,4.60000000,20.44000000,1.04000000,0.35000000,2.59000000,1.60000000,222,216
575,0,575,AD-36,24,US,575,BlockApportionment:US.BlockGroups;PointsLayer:US.BlockPoints,2.19100000,2.57600000,1,210.00000000,4166.00000000,308.00000000,167,8.93000000,2.00000000,137,24,US,575,BlockApportionment:US.BlockGroups;PointsLayer:US.BlockPoints,2.19100000,2.57600000,1,19.54000000,4.95000000,6.61000000,32.05000000,0.00000000,2.97000000,1.12000000,8.85000000,152,152
576,0,576,AE-36,25,US,576,BlockApportionment:US.BlockGroups;PointsLayer:US.BlockPoints,2.19100000,2.57600000,1,102.00000000,3602.00000000,115.00000000,105,8.00000000,4.75000000,138,25,US,576,BlockApportionment:US.BlockGroups;PointsLayer:US.BlockPoints,2.19100000,2.57600000,1,18.22000000,5.39000000,8.61000000,28.66000000,1.48000000,3.24000000,4.15000000,8.68000000,133,132
577,0,577,AF-36,26,US,577,BlockApportionment:US.BlockGroups;PointsLayer:US.BlockPoints,2.19100000,2.57600000,1,128.00000000,4381.00000000,140.00000000,186,10.43000000,4.47000000,128,26,US,577,BlockApportionment:US.BlockGroups;PointsLayer:US.BlockPoints,2.19100000,2.57600000,1,19.09000000,3.43000000,8.35000000,25.55000000,0.92000000,4.13000000,2.85000000,5.05000000,128,129
578,0,578,AG-36,27,US,578,BlockApportionment:US.BlockGroups;PointsLayer:US.BlockPoints,2.19100000,2.57600000,1,157.00000000,2896.00000000,103.00000000,124,18.13000000,2.31000000,182,27,US,578,BlockApportionment:US.BlockGroups;PointsLayer:US.BlockPoints,2.19100000,2.57600000,1,13.00000000,7.43000000,7.14000000,24.37000000,1.00000000,5.98000000,1.49000000,6.52000000,172,171
579,3,579,AH-36,28,US,579,BlockApportionment:US.BlockGroups;PointsLayer:US.BlockPoints,2.19100000,2.57600000,1,197.00000000,2899.00000000,99.00000000,90,14.14000000,1.22000000,136,28,US,579,BlockApportionment:US.BlockGroups;PointsLayer:US.BlockPoints,2.19100000,2.57600000,1,20.17000000,4.44000000,15.64000000,30.91000000,0.45000000,6.02000000,1.47000000,16.67000000,139,139
580,0,580,AI-36,29,US,580,BlockApportionment:US.BlockGroups;PointsLayer:US.BlockPoints,2.19100000,2.57600000,1,175.00000000,3351.00000000,112.00000000,105,15.91000000,1.74000000,138,29,US,580,BlockApportionment:US.BlockGroups;PointsLayer:US.BlockPoints,2.19100000,2.57600000,1,4.97000000,2.97000000,9.75000000,32.72000000,1.41000000,1.65000000,1.61000000,8.58000000,124,125
581,1,581,AJ-36,30,US,581,BlockApportionment:US.BlockGroups;PointsLayer:US.BlockPoints,2.19100000,2.57600000,1,175.00000000,4325.00000000,123.00000000,126,13.76000000,1.85000000,118,30,US,581,BlockApportionment:US.BlockGroups;PointsLayer:US.BlockPoints,2.19100000,2.57600000,1,10.30000000,2.24000000,14.60000000,28.80000000,0.84000000,3.83000000,1.04000000,7.16000000,117,114
582,0,582,AK-36,31,US,582,BlockApportionment:US.BlockGroups;PointsLayer:US.BlockPoints,2.19100000,2.57600000,1,116.00000000,1964.00000000,104.00000000,86,17.67000000,4.29000000,166,31,US,582,BlockApportionment:US.BlockGroups;PointsLayer:US.BlockPoints,2.19100000,2.57600000,1,15.03000000,2.33000000,12.67000000,25.58000000,5.41000000,2.64000000,4.18000000,11.24000000,169,170
583,0,583,AL-36,32,US,583,BlockApportionment:US.BlockGroups;PointsLayer:US.BlockPoints,2.19100000,2.57600000,1,80.00000000,1661.00000000,44.00000000,83,13.25000000,2.07000000,183,32,US,583,BlockApportionment:US.BlockGroups;PointsLayer:US.BlockPoints,2.19100000,2.57600000,1,11.38000000,5.12000000,4.65000000,26.91000000,1.91000000,3.20000000,1.32000000,15.08000000,234,237
584,0,584,AM-36,33,US,584,BlockApportionment:US.BlockGroups;PointsLayer:US.BlockPoints,2.19100000,2.57600000,1,125.00000000,3166.00000000,111.00000000,76,24.83000000,1.97000000,103,33,US,584,BlockApportionment:US.BlockGroups;PointsLayer:US.BlockPoints,2.19100000,2.57600000,1,12.81000000,4.72000000,13.58000000,36.46000000,2.12000000,11.69000000,1.96000000,18.92000000,124,130
585,4,585,AN-36,34,US,585,BlockApportionment:US.BlockGroups;PointsLayer:US.BlockPoints,2.19100000,2.57600000,1,133.00000000,7770.00000000,91.00000000,81,33.42000000,1.48000000,72,34,US,585,BlockApportionment:US.BlockGroups;PointsLayer:US.BlockPoints,2.19100000,2.57600000,1,17.84000000,3.93000000,19.61000000,31.92000000,4.98000000,9.05000000,1.54000000,16.63000000,91,92
586,4,586,AO-36,35,US,586,BlockApportionment:US.BlockGroups;PointsLayer:US.BlockPoints,2.19100000,2.57600000,1,133.00000000,11488.00000000,79.00000000,81,41.71000000,1.66000000,67,35,US,586,BlockApportionment:US.BlockGroups;PointsLayer:US.BlockPoints,2.19100000,2.57600000,1,10.58000000,3.70000000,21.27000000,33.20000000,4.92000000,10.80000000,1.42000000,19.60000000,68,68
587,12,587,AP-36,36,US,587,BlockApportionment:US.BlockGroups;PointsLayer:US.BlockPoints,2.19100000,2.57600000,1,157.00000000,11373.00000000,88.00000000,112,50.00000000,1.49000000,57,36,US,587,BlockApportionment:US.BlockGroups;PointsLayer:US.BlockPoints,2.19100000,2.57600000,1,16.09000000,5.50000000,30.52000000,31.27000000,4.95000000,11.92000000,0.84000000,20.58000000,60,61
588,12,588,AQ-36,37,US,588,BlockApportionment:US.BlockGroups;PointsLayer:US.BlockPoints,2.19100000,2.57600000,1,121.00000000,14488.00000000,98.00000000,90,66.92000000,1.01000000,55,37,US,588,BlockApportionment:US.BlockGroups;PointsLayer:US.BlockPoints,2.19100000,2.57600000,1,18.71000000,4.97000000,28.15000000,29.92000000,7.44000000,11.84000000,0.87000000,16.16000000,56,55
589,12,589,AR-36,38,US,589,BlockApportionment:US.BlockGroups;PointsLayer:US.BlockPoints,2.19100000,2.57600000,1,134.00000000,8195.00000000,88.00000000,129,65.04000000,2.09000000,45,38,US,589,BlockApportionment:US.BlockGroups;PointsLayer:US.BlockPoints,2.19100000,2.57600000,1,26.57000000,6.61000000,29.24000000,30.28000000,7.44000000,9.86000000,1.68000000,14.51000000,47,46
590,13,590,AS-36,39,US,590,BlockApportionment:US.BlockGroups;PointsLayer:US.BlockPoints,2.19100000,2.57600000,1,77.00000000,14114.00000000,53.00000000,114,81.54000000,1.25000000,46,39,US,590,BlockApportionment:US.BlockGroups;PointsLayer:US.BlockPoints,2.19100000,2.57600000,1,25.15000000,6.73000000,44.72000000,30.24000000,15.62000000,15.61000000,0.82000000,19.66000000,46,47
591,0,591,AT-36,40,US,591,BlockApportionment:US.BlockGroups;PointsLayer:US.BlockPoints,2.19100000,2.57600000,1,102.00000000,12108.00000000,92.00000000,121,77.78000000,0.59000000,55,40,US,591,BlockApportionment:US.BlockGroups;PointsLayer:US.BlockPoints,2.19100000,2.57600000,1,28.77000000,11.33000000,36.86000000,30.94000000,8.01000000,9.51000000,0.48000000,17.31000000,59,59
592,1,592,AU-36,41,US,592,BlockApportionment:US.BlockGroups;PointsLayer:US.BlockPoints,2.19100000,2.57600000,1,168.00000000,4746.00000000,55.00000000,110,29.67000000,1.37000000,113,41,US,592,BlockApportionment:US.BlockGroups;PointsLayer:US.BlockPoints,2.19100000,2.57600000,1,12.29000000,2.65000000,20.98000000,24.79000000,0.31000000,2.03000000,0.23000000,7.14000000,116,114
593,2,593,AV-36,42,US,593,BlockApportionment:US.BlockGroups;PointsLayer:US.BlockPoints,2.19100000,2.57600000,1,129.00000000,4147.00000000,65.00000000,124,26.96000000,5.38000000,97,42,US,593,BlockApportionment:US.BlockGroups;PointsLayer:US.BlockPoints,2.19100000,2.57600000,1,16.85000000,1.94000000,25.92000000,30.20000000,4.05000000,6.39000000,5.07000000,14.55000000,83,81
594,5,594,AW-36,43,US,594,BlockApportionment:US.BlockGroups;PointsLayer:US.BlockPoints,2.19100000,2.57600000,1,173.00000000,3618.00000000,67.00000000,345,28.25000000,3.07000000,43,43,US,594,BlockApportionment:US.BlockGroups;PointsLayer:US.BlockPoints,2.19100000,2.57600000,1,21.07000000,5.08000000,24.25000000,17.36000000,8.57000000,3.40000000,2.50000000,15.56000000,74,70
595,1,595,AX-36,44,US,595,BlockApportionment:US.BlockGroups;PointsLayer:US.BlockPoints,2.19100000,2.57600000,1,146.00000000,5822.00000000,61.00000000,229,49.73000000,3.53000000,68,44,US,595,BlockApportionment:US.BlockGroups;PointsLayer:US.BlockPoints,2.19100000,2.57600000,1,14.06000000,3.12000000,25.68000000,18.95000000,0.88000000,2.63000000,3.68000000,21.23000000,72,82
596,0,596,AY-36,45,US,596,BlockApportionment:US.BlockGroups;PointsLayer:US.BlockPoints,2.19100000,2.57600000,1,142.00000000,24.00000000,129.00000000,217,83.33000000,0.00000000,63,45,US,596,BlockApportionment:US.BlockGroups;PointsLayer:US.BlockPoints,2.19100000,2.57600000,1,50.00000000,0.00000000,17.19000000,0.00000000,6.12000000,9.38000000,0.00000000,12.24000000,74,85
597,3,597,AZ-36,46,US,597,BlockApportionment:US.BlockGroups;PointsLayer:US.BlockPoints,2.19100000,2.57600000,1,152.00000000,648.00000000,140.00000000,214,72.53000000,0.74000000,59,46,US,597,BlockApportionment:US.BlockGroups;PointsLayer:US.BlockPoints,2.19100000,2.57600000,1,36.62000000,2.82000000,28.28000000,36.22000000,7.38000000,3.45000000,0.62000000,23.22000000,68,75
598,0,598,BA-36,47,US,598,BlockApportionment:US.BlockGroups;PointsLayer:US.BlockPoints,2.19100000,2.57600000,1,138.00000000,1582.00000000,143.00000000,114,80.47000000,0.36000000,65,47,US,598,BlockApportionment:US.BlockGroups;PointsLayer:US.BlockPoints,2.19100000,2.57600000,1,37.74000000,8.75000000,31.22000000,39.63000000,10.46000000,4.69000000,0.18000000,20.57000000,58,60
599,0,599,BB-36,48,US,599,BlockApportionment:US.BlockGroups;PointsLayer:US.BlockPoints,2.19100000,2.57600000,1,165.00000000,3015.00000000,165.00000000,114,85.94000000,1.23000000,85,48,US,599,BlockApportionment:US.BlockGroups;PointsLayer:US.BlockPoints,2.19100000,2.57600000,1,15.79000000,7.48000000,12.24000000,27.13000000,7.28000000,8.21000000,1.55000000,29.16000000,73,73
600,1,600,BC-36,49,US,600,BlockApportionment:US.BlockGroups;PointsLayer:US.BlockPoints,2.19100000,2.57600000,1,201.00000000,3654.00000000,194.00000000,171,92.17000000,1.00000000,58,49,US,600,BlockApportionment:US.BlockGroups;PointsLayer:US.BlockPoints,2.19100000,2.57600000,1,41.75000000,12.78000000,28.57000000,25.73000000,9.63000000,8.39000000,2.28000000,22.55000000,68,69
601,0,601,BD-36,0,US,601,BlockApportionment:US.BlockGroups;PointsLayer:US.BlockPoints,2.19100000,2.57600000,1,217.00000000,1366.00000000,165.00000000,150,87.63000000,1.67000000,100,0,US,601,BlockApportionment:US.BlockGroups;PointsLayer:US.BlockPoints,2.19100000,2.57600000,1,27.66000000,3.99000000,14.81000000,20.69000000,11.07000000,4.70000000,2.37000000,22.03000000,86,88
602,0,602,AA-35,1,US,602,BlockApportionment:US.BlockGroups;PointsLayer:US.BlockPoints,2.19100000,2.57600000,1,139.00000000,241.00000000,79.00000000,119,7.88000000,1.18000000,112,1,US,602,BlockApportionment:US.BlockGroups;PointsLayer:US.BlockPoints,2.19100000,2.57600000,1,16.90000000,0.00000000,5.91000000,33.33000000,0.00000000,2.71000000,1.63000000,6.71000000,166,161
603,0,603,AB-35,2,US,603,BlockApportionment:US.BlockGroups;PointsLayer:US.BlockPoints,2.19100000,2.57600000,1,171.00000000,802.00000000,214.00000000,86,5.61000000,5.37000000,244,2,US,603,BlockApportionment:US.BlockGroups;PointsLayer:US.BlockPoints,2.19100000,2.57600000,1,14.15000000,1.93000000,11.76000000,31.30000000,1.06000000,0.87000000,3.91000000,8.13000000,274,269
604,0,604,AC-35,3,US,604,BlockApportionment:US.BlockGroups;PointsLayer:US.BlockPoints,2.19100000,2.57600000,1,294.00000000,1886.00000000,424.00000000,302,9.38000000,3.19000000,156,3,US,604,BlockApportionment:US.BlockGroups;PointsLayer:US.BlockPoints,2.19100000,2.57600000,1,8.13000000,3.92000000,8.27000000,22.22000000,0.00000000,7.76000000,3.93000000,8.24000000,167,164
605,0,605,AD-35,4,US,605,BlockApportionment:US.BlockGroups;PointsLayer:US.BlockPoints,2.19100000,2.57600000,1,296.00000000,2725.00000000,356.00000000,119,7.63000000,3.94000000,120,4,US,605,BlockApportionment:US.BlockGroups;PointsLayer:US.BlockPoints,2.19100000,2.57600000,1,34.90000000,2.23000000,16.01000000,25.73000000,1.57000000,2.88000000,2.80000000,14.55000000,141,141
606,0,606,AE-35,5,US,606,BlockApportionment:US.BlockGroups;PointsLayer:US.BlockPoints,2.19100000,2.57600000,1,147.00000000,2561.00000000,201.00000000,117,7.42000000,2.51000000,124,5,US,606,BlockApportionment:US.BlockGroups;PointsLayer:US.BlockPoints,2.19100000,2.57600000,1,20.82000000,0.66000000,8.86000000,43.59000000,0.44000000,0.50000000,2.16000000,6.65000000,157,160
607,0,607,AF-35,6,US,607,BlockApportionment:US.BlockGroups;PointsLayer:US.BlockPoints,2.19100000,2.57600000,1,196.00000000,2679.00000000,183.00000000,136,9.22000000,1.75000000,131,6,US,607,BlockApportionment:US.BlockGroups;PointsLayer:US.BlockPoints,2.19100000,2.57600000,1,16.74000000,6.14000000,13.46000000,31.30000000,0.82000000,2.79000000,1.26000000,8.70000000,149,148
608,0,608,AG-35,7,US,608,BlockApportionment:US.BlockGroups;PointsLayer:US.BlockPoints,2.19100000,2.57600000,1,214.00000000,2601.00000000,179.00000000,155,10.38000000,1.68000000,158,7,US,608,BlockApportionment:US.BlockGroups;PointsLayer:US.BlockPoints,2.19100000,2.57600000,1,20.49000000,3.86000000,10.14000000,28.32000000,1.41000000,5.69000000,1.35000000,3.41000000,161,160
609,0,609,AH-35,8,US,609,BlockApportionment:US.BlockGroups;PointsLayer:US.BlockPoints,2.19100000,2.57600000,1,157.00000000,3763.00000000,78.00000000,124,14.16000000,1.59000000,151,8,US,609,BlockApportionment:US.BlockGroups;PointsLayer:US.BlockPoints,2.19100000,2.57600000,1,19.19000000,2.74000000,10.35000000,33.62000000,0.49000000,2.01000000,2.44000000,7.82000000,135,134
610,0,610,AI-35,9,US,610,BlockApportionment:US.BlockGroups;PointsLayer:US.BlockPoints,2.19100000,2.57600000,1,123.00000000,7751.00000000,59.00000000,131,11.78000000,1.02000000,127,9,US,610,BlockApportionment:US.BlockGroups;PointsLayer:US.BlockPoints,2.19100000,2.57600000,1,11.79000000,3.61000000,14.69000000,27.80000000,0.07000000,3.35000000,1.53000000,6.72000000,122,122
611,0,611,AJ-35,10,US,611,BlockApportionment:US.BlockGroups;PointsLayer:US.BlockPoints,2.19100000,2.57600000,1,145.00000000,6203.00000000,90.00000000,157,11.54000000,1.35000000,122,10,US,611,BlockApportionment:US.BlockGroups;PointsLayer:US.BlockPoints,2.19100000,2.57600000,1,15.62000000,3.91000000,16.44000000,28.45000000,0.24000000,3.48000000,1.27000000,6.56000000,117,114
612,0,612,AK-35,11,US,612,BlockApportionment:US.BlockGroups;PointsLayer:US.BlockPoints,2.19100000,2.57600000,1,136.00000000,1713.00000000,72.00000000,238,8.70000000,2.11000000,191,11,US,612,BlockApportionment:US.BlockGroups;PointsLayer:US.BlockPoints,2.19100000,2.57600000,1,16.27000000,6.54000000,9.38000000,36.11000000,0.55000000,5.64000000,1.96000000,8.81000000,231,221
613,0,613,AL-35,12,US,613,BlockApportionment:US.BlockGroups;PointsLayer:US.BlockPoints,2.19100000,2.57600000,1,98.00000000,510.00000000,40.00000000,102,9.61000000,2.79000000,253,12,US,613,BlockApportionment:US.BlockGroups;PointsLayer:US.BlockPoints,2.19100000,2.57600000,1,12.85000000,1.68000000,4.15000000,37.50000000,0.22000000,3.83000000,2.17000000,4.73000000,482,442
614,0,614,AM-35,13,US,614,BlockApportionment:US.BlockGroups;PointsLayer:US.BlockPoints,2.19100000,2.57600000,1,94.00000000,1769.00000000,52.00000000,107,14.41000000,1.27000000,136,13,US,614,BlockApportionment:US.BlockGroups;PointsLayer:US.BlockPoints,2.19100000,2.57600000,1,9.42000000,4.08000000,7.23000000,38.01000000,0.89000000,6.99000000,0.89000000,13.83000000,204,206
615,0,615,AN-35,14,US,615,BlockApportionment:US.BlockGroups;PointsLayer:US.BlockPoints,2.19100000,2.57600000,1,81.00000000,9701.00000000,66.00000000,93,29.74000000,0.84000000,81,14,US,615,BlockApportionment:US.BlockGroups;PointsLayer:US.BlockPoints,2.19100000,2.57600000,1,15.44000000,1.75000000,12.88000000,28.92000000,2.88000000,7.79000000,0.71000000,17.58000000,85,86
616,3,616,AO-35,15,US,616,BlockApportionment:US.BlockGroups;PointsLayer:US.BlockPoints,2.19100000,2.57600000,1,151.00000000,12801.00000000,83.00000000,179,28.89000000,0.87000000,68,15,US,616,BlockApportionment:US.BlockGroups;PointsLayer:US.BlockPoints,2.19100000,2.57600000,1,17.00000000,4.77000000,23.50000000,37.88000000,4.21000000,7.57000000,1.00000000,17.98000000,61,61
617,13,617,AP-35,16,US,617,BlockApportionment:US.BlockGroups;PointsLayer:US.BlockPoints,2.19100000,2.57600000,1,101.00000000,17821.00000000,79.00000000,124,51.88000000,0.79000000,64,16,US,617,BlockApportionment:US.BlockGroups;PointsLayer:US.BlockPoints,2.19100000,2.57600000,1,17.84000000,6.82000000,20.10000000,33.61000000,6.18000000,9.73000000,1.14000000,15.00000000,57,56
618,0,618,AQ-35,17,US,618,BlockApportionment:US.BlockGroups;PointsLayer:US.BlockPoints,2.19100000,2.57600000,1,159.00000000,8124.00000000,81.00000000,88,30.86000000,0.96000000,81,17,US,618,BlockApportionment:US.BlockGroups;PointsLayer:US.BlockPoints,2.19100000,2.57600000,1,16.80000000,2.63000000,17.21000000,29.76000000,2.63000000,6.46000000,1.56000000,9.88000000,79,76
619,11,619,AR-35,18,US,619,BlockApportionment:US.BlockGroups;PointsLayer:US.BlockPoints,2.19100000,2.57600000,1,104.00000000,13369.00000000,84.00000000,140,48.59000000,1.83000000,80,18,US,619,BlockApportionment:US.BlockGroups;PointsLayer:US.BlockPoints,2.19100000,2.57600000,1,22.57000000,7.51000000,17.37000000,26.52000000,4.38000000,10.42000000,1.15000000,15.67000000,73,74
620,16,620,AS-35,19,US,620,BlockApportionment:US.BlockGroups;PointsLayer:US.BlockPoints,2.19100000,2.57600000,1,120.00000000,9701.00000000,87.00000000,155,67.60000000,1.79000000,57,19,US,620,BlockApportionment:US.BlockGroups;PointsLayer:US.BlockPoints,2.19100000,2.57600000,1,31.69000000,8.26000000,27.83000000,31.23000000,11.36000000,10.48000000,1.73000000,19.25000000,55,55
621,4,621,AT-35,20,US,621,BlockApportionment:US.BlockGroups;PointsLayer:US.BlockPoints,2.19100000,2.57600000,1,139.00000000,5316.00000000,142.00000000,105,60.78000000,0.82000000,95,20,US,621,BlockApportionment:US.BlockGroups;PointsLayer:US.BlockPoints,2.19100000,2.57600000,1,22.86000000,3.81000000,15.41000000,23.83000000,6.45000000,6.76000000,1.49000000,11.74000000,84,86
622,4,622,AU-35,21,US,622,BlockApportionment:US.BlockGroups;PointsLayer:US.BlockPoints,2.19100000,2.57600000,1,138.00000000,4806.00000000,101.00000000,136,71.22000000,1.85000000,65,21,US,622,BlockApportionment:US.BlockGroups;PointsLayer:US.BlockPoints,2.19100000,2.57600000,1,13.63000000,6.39000000,29.27000000,32.63000000,9.36000000,8.30000000,2.10000000,9.71000000,82,84
623,0,623,AV-35,22,US,623,BlockApportionment:US.BlockGroups;PointsLayer:US.BlockPoints,2.19100000,2.57600000,1,128.00000000,5988.00000000,114.00000000,102,36.71000000,0.53000000,100,22,US,623,BlockApportionment:US.BlockGroups;PointsLayer:US.BlockPoints,2.19100000,2.57600000,1,17.75000000,3.44000000,20.60000000,31.18000000,4.20000000,6.23000000,1.00000000,15.54000000,96,93
624,0,624,AW-35,23,US,624,BlockApportionment:US.BlockGroups;PointsLayer:US.BlockPoints,2.19100000,2.57600000,1,188.00000000,3091.00000000,110.00000000,217,21.03000000,1.08000000,51,23,US,624,BlockApportionment:US.BlockGroups;PointsLayer:US.BlockPoints,2.19100000,2.57600000,1,21.56000000,4.86000000,25.80000000,35.04000000,6.79000000,4.02000000,0.94000000,20.73000000,66,62
625,1,625,AX-35,24,US,625,BlockApportionment:US.BlockGroups;PointsLayer:US.BlockPoints,2.19100000,2.57600000,1,220.00000000,1268.00000000,153.00000000,179,38.25000000,0.08000000,104,24,US,625,BlockApportionment:US.BlockGroups;PointsLayer:US.BlockPoints,2.19100000,2.57600000,1,25.17000000,11.30000000,20.81000000,23.06000000,8.37000000,2.70000000,0.89000000,9.26000000,88,97
626,0,626,AY-35,25,US,626,BlockApportionment:US.BlockGroups;PointsLayer:US.BlockPoints,2.19100000,2.57600000,1,186.00000000,1407.00000000,143.00000000,319,67.52000000,0.50000000,51,25,US,626,BlockApportionment:US.BlockGroups;PointsLayer:US.BlockPoints,2.19100000,2.57600000,1,16.09000000,2.30000000,28.68000000,26.79000000,13.45000000,3.77000000,0.61000000,15.89000000,66,67
627,0,627,AZ-35,26,US,627,BlockApportionment:US.BlockGroups;PointsLayer:US.BlockPoints,2.19100000,2.57600000,1,150.00000000,3986.00000000,143.00000000,167,71.32000000,0.74000000,61,26,US,627,BlockApportionment:US.BlockGroups;PointsLayer:US.BlockPoints,2.19100000,2.57600000,1,31.60000000,4.55000000,19.42000000,35.34000000,11.10000000,5.73000000,1.23000000,15.85000000,79,82
628,1,628,BA-35,27,US,628,BlockApportionment:US.BlockGroups;PointsLayer:US.BlockPoints,2.19100000,2.57600000,1,138.00000000,1397.00000000,128.00000000,186,72.23000000,1.14000000,74,27,US,628,BlockApportionment:US.BlockGroups;PointsLayer:US.BlockPoints,2.19100000,2.57600000,1,23.38000000,11.27000000,22.80000000,28.24000000,5.57000000,9.84000000,1.52000000,18.01000000,78,85
629,0,629,BB-35,28,US,629,BlockApportionment:US.BlockGroups;PointsLayer:US.BlockPoints,2.19100000,2.57600000,1,134.00000000,1976.00000000,121.00000000,207,71.26000000,1.43000000,55,28,US,629,BlockApportionment:US.BlockGroups;PointsLayer:US.BlockPoints,2.19100000,2.57600000,1,20.29000000,7.95000000,36.18000000,45.44000000,6.21000000,12.54000000,3.14000000,24.23000000,57,59
630,0,630,BC-35,29,US,630,BlockApportionment:US.BlockGroups;PointsLayer:US.BlockPoints,2.19100000,2.57600000,1,182.00000000,1755.00000000,144.00000000,133,80.00000000,2.87000000,95,29,US,630,BlockApportionment:US.BlockGroups;PointsLayer:US.BlockPoints,2.19100000,2.57600000,1,29.67000000,4.32000000,16.43000000,39.67000000,9.38000000,6.30000000,3.17000000,16.17000000,78,81
631,0,631,BD-35,30,US,631,BlockApportionment:US.BlockGroups;PointsLayer:US.BlockPoints,2.19100000,2.57600000,1,123.00000000,1515.00000000,103.00000000,162,73.27000000,2.82000000,95,30,US,631,BlockApportionment:US.BlockGroups;PointsLayer:US.BlockPoints,2.19100000,2.57600000,1,37.73000000,4.46000000,13.72000000,23.57000000,5.29000000,1.89000000,2.82000000,18.66000000,109,114
632,0,632,BE-35,31,US,632,BlockApportionment:US.BlockGroups;PointsLayer:US.BlockPoints,2.19100000,2.57600000,1,139.00000000,1717.00000000,110.00000000,207,74.20000000,2.14000000,105,31,US,632,BlockApportionment:US.BlockGroups;PointsLayer:US.BlockPoints,2.19100000,2.57600000,1,24.34000000,9.15000000,6.19000000,19.23000000,5.53000000,1.02000000,1.99000000,25.42000000,96,100
633,1,633,BF-35,32,US,633,BlockApportionment:US.BlockGroups;PointsLayer:US.BlockPoints,2.19100000,2.57600000,1,140.00000000,1013.00000000,115.00000000,369,61.30000000,1.14000000,109,32,US,633,BlockApportionment:US.BlockGroups;PointsLayer:US.BlockPoints,2.19100000,2.57600000,1,32.43000000,19.82000000,5.57000000,43.33000000,0.32000000,0.16000000,0.45000000,16.72000000,104,110
634,0,634,AC-34,33,US,634,BlockApportionment:US.BlockGroups;PointsLayer:US.BlockPoints,2.19100000,2.57600000,1,191.00000000,670.00000000,217.00000000,43,6.42000000,5.69000000,184,33,US,634,BlockApportionment:US.BlockGroups;PointsLayer:US.BlockPoints,2.19100000,2.57600000,1,47.98000000,0.00000000,11.41000000,29.75000000,0.64000000,0.18000000,3.50000000,17.34000000,235,233
635,0,635,AD-34,34,US,635,BlockApportionment:US.BlockGroups;PointsLayer:US.BlockPoints,2.19100000,2.57600000,1,167.00000000,3660.00000000,240.00000000,155,7.19000000,4.95000000,124,34,US,635,BlockApportionment:US.BlockGroups;PointsLayer:US.BlockPoints,2.19100000,2.57600000,1,15.50000000,3.68000000,13.41000000,38.10000000,0.00000000,3.60000000,4.76000000,4.26000000,151,151
636,2,636,AE-34,35,US,636,BlockApportionment:US.BlockGroups;PointsLayer:US.BlockPoints,2.19100000,2.57600000,1,213.00000000,5804.00000000,214.00000000,171,8.18000000,2.45000000,129,35,US,636,BlockApportionment:US.BlockGroups;PointsLayer:US.BlockPoints,2.19100000,2.57600000,1,17.44000000,3.26000000,13.96000000,41.31000000,4.24000000,4.17000000,1.19000000,9.02000000,125,122
637,3,637,AF-34,36,US,637,BlockApportionment:US.BlockGroups;PointsLayer:US.BlockPoints,2.19100000,2.57600000,1,262.00000000,1883.00000000,165.00000000,124,11.42000000,1.23000000,179,36,US,637,BlockApportionment:US.BlockGroups;PointsLayer:US.BlockPoints,2.19100000,2.57600000,1,9.89000000,2.72000000,9.40000000,31.75000000,2.49000000,2.14000000,1.37000000,8.35000000,180,173
638,3,638,AG-34,37,US,638,BlockApportionment:US.BlockGroups;PointsLayer:US.BlockPoints,2.19100000,2.57600000,1,217.00000000,3158.00000000,122.00000000,136,10.99000000,2.23000000,165,37,US,638,BlockApportionment:US.BlockGroups;PointsLayer:US.BlockPoints,2.19100000,2.57600000,1,13.68000000,4.73000000,15.63000000,25.49000000,1.80000000,0.23000000,1.97000000,5.95000000,160,158
639,0,639,AH-34,38,US,639,BlockApportionment:US.BlockGroups;PointsLayer:US.BlockPoints,2.19100000,2.57600000,1,201.00000000,2863.00000000,133.00000000,193,12.43000000,2.86000000,130,38,US,639,BlockApportionment:US.BlockGroups;PointsLayer:US.BlockPoints,2.19100000,2.57600000,1,13.44000000,2.45000000,9.59000000,25.81000000,0.04000000,3.43000000,2.64000000,5.02000000,130,128
640,0,640,AI-34,39,US,640,BlockApportionment:US.BlockGroups;PointsLayer:US.BlockPoints,2.19100000,2.57600000,1,131.00000000,2777.00000000,59.00000000,140,9.83000000,1.11000000,135,39,US,640,BlockApportionment:US.BlockGroups;PointsLayer:US.BlockPoints,2.19100000,2.57600000,1,10.51000000,1.19000000,7.91000000,34.37000000,0.42000000,3.80000000,2.36000000,8.39000000,136,135
641,0,641,AJ-34,40,US,641,BlockApportionment:US.BlockGroups;PointsLayer:US.BlockPoints,2.19100000,2.57600000,1,119.00000000,3073.00000000,61.00000000,121,4.82000000,0.00000000,190,40,US,641,BlockApportionment:US.BlockGroups;PointsLayer:US.BlockPoints,2.19100000,2.57600000,1,21.67000000,7.68000000,14.36000000,35.83000000,0.46000000,1.05000000,0.04000000,11.70000000,159,156
642,0,642,AK-34,41,US,642,BlockApportionment:US.BlockGroups;PointsLayer:US.BlockPoints,2.19100000,2.57600000,1,117.00000000,1510.00000000,60.00000000,83,7.02000000,1.45000000,236,41,US,642,BlockApportionment:US.BlockGroups;PointsLayer:US.BlockPoints,2.19100000,2.57600000,1,14.42000000,1.66000000,3.92000000,25.52000000,1.48000000,0.72000000,0.52000000,6.11000000,245,237
643,0,643,AL-34,42,US,643,BlockApportionment:US.BlockGroups;PointsLayer:US.BlockPoints,2.19100000,2.57600000,1,116.00000000,1310.00000000,65.00000000,212,7.94000000,3.51000000,123,42,US,643,BlockApportionment:US.BlockGroups;PointsLayer:US.BlockPoints,2.19100000,2.57600000,1,17.79000000,4.03000000,3.75000000,48.94000000,0.22000000,9.56000000,2.58000000,3.27000000,198,192
644,0,644,AM-34,43,US,644,BlockApportionment:US.BlockGroups;PointsLayer:US.BlockPoints,2.19100000,2.57600000,1,92.00000000,1438.00000000,72.00000000,129,10.50000000,2.87000000,253,43,US,644,BlockApportionment:US.BlockGroups;PointsLayer:US.BlockPoints,2.19100000,2.57600000,1,24.09000000,9.01000000,6.10000000,50.00000000,0.48000000,2.48000000,2.46000000,8.33000000,215,218
645,0,645,AN-34,44,US,645,BlockApportionment:US.BlockGroups;PointsLayer:US.BlockPoints,2.19100000,2.57600000,1,122.00000000,4784.00000000,105.00000000,136,32.46000000,1.31000000,95,44,US,645,BlockApportionment:US.BlockGroups;PointsLayer:US.BlockPoints,2.19100000,2.57600000,1,15.42000000,4.25000000,6.84000000,30.84000000,5.65000000,7.15000000,1.24000000,15.47000000,103,105
646,0,646,AO-34,45,US,646,BlockApportionment:US.BlockGroups;PointsLayer:US.BlockPoints,2.19100000,2.57600000,1,133.00000000,5954.00000000,121.00000000,102,43.15000000,1.23000000,73,45,US,646,BlockApportionment:US.BlockGroups;PointsLayer:US.BlockPoints,2.19100000,2.57600000,1,23.46000000,8.52000000,15.87000000,27.05000000,10.96000000,10.72000000,2.32000000,17.01000000,72,74
647,4,647,AP-34,46,US,647,BlockApportionment:US.BlockGroups;PointsLayer:US.BlockPoints,2.19100000,2.57600000,1,100.00000000,8712.00000000,110.00000000,110,62.71000000,0.43000000,69,46,US,647,BlockApportionment:US.BlockGroups;PointsLayer:US.BlockPoints,2.19100000,2.57600000,1,18.73000000,6.82000000,25.13000000,27.98000000,4.21000000,11.08000000,0.45000000,19.79000000,69,70
648,8,648,AQ-34,47,US,648,BlockApportionment:US.BlockGroups;PointsLayer:US.BlockPoints,2.19100000,2.57600000,1,97.00000000,5804.00000000,74.00000000,114,43.83000000,2.20000000,73,47,US,648,BlockApportionment:US.BlockGroups;PointsLayer:US.BlockPoints,2.19100000,2.57600000,1,20.59000000,8.43000000,24.27000000,39.07000000,4.92000000,8.17000000,1.72000000,14.67000000,66,71
649,6,649,AR-34,48,US,649,BlockApportionment:US.BlockGroups;PointsLayer:US.BlockPoints,2.19100000,2.57600000,1,132.00000000,4265.00000000,127.00000000,219,47.13000000,1.42000000,107,48,US,649,BlockApportionment:US.BlockGroups;PointsLayer:US.BlockPoints,2.19100000,2.57600000,1,26.76000000,6.44000000,15.25000000,21.81000000,3.29000000,7.47000000,1.44000000,15.12000000,99,101
650,1,650,AS-34,49,US,650,BlockApportionment:US.BlockGroups;PointsLayer:US.BlockPoints,2.19100000,2.57600000,1,106.00000000,5648.00000000,104.00000000,124,52.76000000,1.59000000,82,49,US,650,BlockApportionment:US.BlockGroups;PointsLayer:US.BlockPoints,2.19100000,2.57600000,1,25.73000000,4.24000000,22.32000000,29.96000000,5.28000000,6.24000000,1.10000000,21.17000000,84,85
651,1,651,AT-34,0,US,651,BlockApportionment:US.BlockGroups;PointsLayer:US.BlockPoints,2.19100000,2.57600000,1,117.00000000,3977.00000000,134.00000000,140,54.69000000,0.94000000,75,0,US,651,BlockApportionment:US.BlockGroups;PointsLayer:US.BlockPoints,2.19100000,2.57600000,1,16.11000000,4.25000000,19.68000000,28.67000000,7.36000000,7.41000000,1.24000000,10.21000000,80,82
652,0,652,AU-34,1,US,652,BlockApportionment:US.BlockGroups;PointsLayer:US.BlockPoints,2.19100000,2.57600000,1,120.00000000,3741.00000000,126.00000000,124,51.64000000,0.63000000,110,1,US,652,BlockApportionment:US.BlockGroups;PointsLayer:US.BlockPoints,2.19100000,2.57600000,1,19.72000000,9.13000000,18.42000000,22.30000000,3.51000000,6.27000000,0.83000000,10.67000000,101,102
653,0,653,AV-34,2,US,653,BlockApportionment:US.BlockGroups;PointsLayer:US.BlockPoints,2.19100000,2.57600000,1,127.00000000,1046.00000000,119.00000000,231,36.81000000,0.37000000,114,2,US,653,BlockApportionment:US.BlockGroups;PointsLayer:US.BlockPoints,2.19100000,2.57600000,1,14.65000000,2.09000000,6.25000000,18.27000000,12.11000000,6.74000000,1.12000000,15.49000000,108,106
654,0,654,AW-34,3,US,654,BlockApportionment:US.BlockGroups;PointsLayer:US.BlockPoints,2.19100000,2.57600000,1,179.00000000,91.00000000,136.00000000,105,28.57000000,1.14000000,47,3,US,654,BlockApportionment:US.BlockGroups;PointsLayer:US.BlockPoints,2.19100000,2.57600000,1,9.09000000,0.00000000,28.09000000,48.15000000,18.18000000,12.36000000,0.00000000,9.09000000,60,58
655,0,655,AX-34,4,US,655,BlockApportionment:US.BlockGroups;PointsLayer:US.BlockPoints,2.19100000,2.57600000,1,227.00000000,1088.00000000,156.00000000,119,30.51000000,0.00000000,116,4,US,655,BlockApportionment:US.BlockGroups;PointsLayer:US.BlockPoints,2.19100000,2.57600000,1,27.11000000,12.89000000,17.67000000,23.94000000,7.87000000,2.73000000,0.89000000,7.65000000,96,104
656,2,656,AY-34,5,US,656,BlockApportionment:US.BlockGroups;PointsLayer:US.BlockPoints,2.19100000,2.57600000,1,181.00000000,1012.00000000,141.00000000,76,65.22000000,1.15000000,54,5,US,656,BlockApportionment:US.BlockGroups;PointsLayer:US.BlockPoints,2.19100000,2.57600000,1,30.00000000,4.29000000,20.45000000,36.75000000,17.50000000,3.12000000,0.81000000,15.79000000,63,68
657,8,657,AZ-34,6,US,657,BlockApportionment:US.BlockGroups;PointsLayer:US.BlockPoints,2.19100000,2.57600000,1,170.00000000,4802.00000000,148.00000000,148,66.83000000,0.96000000,66,6,US,657,BlockApportionment:US.BlockGroups;PointsLayer:US.BlockPoints,2.19100000,2.57600000,1,29.53000000,5.29000000,25.96000000,29.88000000,16.31000000,9.52000000,0.92000000,21.14000000,72,75
658,2,658,BA-34,7,US,658,BlockApportionment:US.BlockGroups;PointsLayer:US.BlockPoints,2.19100000,2.57600000,1,124.00000000,4677.00000000,130.00000000,148,60.40000000,0.88000000,81,7,US,658,BlockApportionment:US.BlockGroups;PointsLayer:US.BlockPoints,2.19100000,2.57600000,1,25.33000000,5.48000000,16.71000000,30.98000000,12.50000000,7.24000000,1.27000000,20.65000000,77,78
659,1,659,BB-34,8,US,659,BlockApportionment:US.BlockGroups;PointsLayer:US.BlockPoints,2.19100000,2.57600000,1,137.00000000,2429.00000000,140.00000000,205,78.30000000,4.36000000,88,8,US,659,BlockApportionment:US.BlockGroups;PointsLayer:US.BlockPoints,2.19100000,2.57600000,1,25.65000000,11.91000000,21.10000000,13.86000000,6.15000000,8.36000000,4.46000000,18.81000000,79,80
660,0,660,BC-34,9,US,660,BlockApportionment:US.BlockGroups;PointsLayer:US.BlockPoints,2.19100000,2.57600000,1,108.00000000,473.00000000,94.00000000,110,72.30000000,3.35000000,98,9,US,660,BlockApportionment:US.BlockGroups;PointsLayer:US.BlockPoints,2.19100000,2.57600000,1,40.18000000,2.74000000,13.90000000,21.82000000,3.39000000,0.50000000,3.31000000,18.78000000,123,130
661,0,661,BD-34,10,US,661,BlockApportionment:US.BlockGroups;PointsLayer:US.BlockPoints,2.19100000,2.57600000,1,104.00000000,1266.00000000,100.00000000,157,78.99000000,2.89000000,95,10,US,661,BlockApportionment:US.BlockGroups;PointsLayer:US.BlockPoints,2.19100000,2.57600000,1,35.58000000,5.81000000,28.75000000,36.42000000,2.80000000,1.79000000,5.51000000,23.36000000,104,110
662,1,662,BE-34,11,US,662,BlockApportionment:US.BlockGroups;PointsLayer:US.BlockPoints,2.19100000,2.57600000,1,122.00000000,2789.00000000,115.00000000,321,75.51000000,1.63000000,87,11,US,662,BlockApportionment:US.BlockGroups;PointsLayer:US.BlockPoints,2.19100000,2.57600000,1,28.15000000,7.55000000,16.37000000,23.91000000,4.15000000,6.40000000,1.42000000,23.19000000,88,96
663,2,663,BF-34,12,US,663,BlockApportionment:US.BlockGroups;PointsLayer:US.BlockPoints,2.19100000,2.57600000,1,140.00000000,1935.00000000,124.00000000,188,72.20000000,3.59000000,92,12,US,663,BlockApportionment:US.BlockGroups;PointsLayer:US.BlockPoints,2.19100000,2.57600000,1,32.01000000,6.23000000,14.35000000,32.14000000,9.34000000,4.56000000,2.86000000,21.49000000,83,87
664,0,664,BG-34,13,US,664,BlockApportionment:US.BlockGroups;PointsLayer:US.BlockPoints,2.19100000,2.57600000,1,70.00000000,2234.00000000,89.00000000,93,54.52000000,2.09000000,137,13,US,664,BlockApportionment:US.BlockGroups;PointsLayer:US.BlockPoints,2.19100000,2.57600000,1,29.82000000,4.03000000,6.80000000,38.91000000,3.74000000,1.78000000,2.36000000,13.08000000,123,125
665,0,665,AE-33,14,US,665,BlockApportionment:US.BlockGroups;PointsLayer:US.BlockPoints,2.19100000,2.57600000,1,240.00000000,1262.00000000,255.00000000,33,11.49000000,4.39000000,186,14,US,665,BlockApportionment:US.BlockGroups;PointsLayer:US.BlockPoints,2.19100000,2.57600000,1,10.25000000,3.68000000,9.73000000,23.77000000,1.08000000,2.59000000,3.73000000,10.41000000,176,172
666,0,666,AF-33,15,US,666,BlockApportionment:US.BlockGroups;PointsLayer:US.BlockPoints,2.19100000,2.57600000,1,238.00000000,2840.00000000,202.00000000,57,12.68000000,3.29000000,126,15,US,666,BlockApportionment:US.BlockGroups;PointsLayer:US.BlockPoints,2.19100000,2.57600000,1,15.92000000,2.51000000,9.95000000,17.78000000,1.86000000,4.09000000,4.62000000,7.99000000,134,132
667,1,667,AG-33,16,US,667,BlockApportionment:US.BlockGroups;PointsLayer:US.BlockPoints,2.19100000,2.57600000,1,198.00000000,2958.00000000,148.00000000,167,11.63000000,0.56000000,125,16,US,667,BlockApportionment:US.BlockGroups;PointsLayer:US.BlockPoints,2.19100000,2.57600000,1,14.83000000,6.64000000,9.85000000,23.01000000,1.67000000,1.32000000,0.95000000,16.59000000,139,137
668,0,668,AH-33,17,US,668,BlockApportionment:US.BlockGroups;PointsLayer:US.BlockPoints,2.19100000,2.57600000,1,183.00000000,2662.00000000,137.00000000,136,14.76000000,0.92000000,134,17,US,668,BlockApportionment:US.BlockGroups;PointsLayer:US.BlockPoints,2.19100000,2.57600000,1,14.64000000,3.69000000,9.36000000,22.08000000,1.77000000,1.85000000,0.83000000,8.50000000,136,136
669,1,669,AI-33,18,US,669,BlockApportionment:US.BlockGroups;PointsLayer:US.BlockPoints,2.19100000,2.57600000,1,201.00000000,3669.00000000,126.00000000,238,11.31000000,1.07000000,154,18,US,669,BlockApportionment:US.BlockGroups;PointsLayer:US.BlockPoints,2.19100000,2.57600000,1,9.65000000,3.09000000,5.37000000,27.89000000,1.05000000,1.38000000,1.02000000,6.05000000,146,144
670,4,670,AJ-33,19,US,670,BlockApportionment:US.BlockGroups;PointsLayer:US.BlockPoints,2.19100000,2.57600000,1,160.00000000,2441.00000000,107.00000000,126,14.46000000,1.60000000,132,19,US,670,BlockApportionment:US.BlockGroups;PointsLayer:US.BlockPoints,2.19100000,2.57600000,1,13.20000000,2.38000000,11.05000000,27.18000000,0.97000000,1.35000000,1.67000000,8.41000000,146,146
671,0,671,AK-33,20,US,671,BlockApportionment:US.BlockGroups;PointsLayer:US.BlockPoints,2.19100000,2.57600000,1,167.00000000,1285.00000000,99.00000000,64,11.83000000,2.02000000,186,20,US,671,BlockApportionment:US.BlockGroups;PointsLayer:US.BlockPoints,2.19100000,2.57600000,1,20.78000000,3.29000000,13.57000000,36.78000000,1.66000000,0.57000000,1.34000000,9.12000000,198,195
672,0,672,AL-33,21,US,672,BlockApportionment:US.BlockGroups;PointsLayer:US.BlockPoints,2.19100000,2.57600000,1,170.00000000,3457.00000000,103.00000000,176,21.75000000,0.64000000,136,21,US,672,BlockApportionment:US.BlockGroups;PointsLayer:US.BlockPoints,2.19100000,2.57600000,1,9.40000000,5.29000000,14.67000000,33.88000000,2.51000000,2.06000000,0.55000000,11.57000000,119,117
673,0,673,AM-33,22,US,673,BlockApportionment:US.BlockGroups;PointsLayer:US.BlockPoints,2.19100000,2.57600000,1,122.00000000,2355.00000000,92.00000000,164,16.86000000,0.41000000,201,22,US,673,BlockApportionment:US.BlockGroups;PointsLayer:US.BlockPoints,2.19100000,2.57600000,1,13.98000000,3.24000000,4.27000000,20.25000000,0.52000000,1.90000000,1.91000000,12.33000000,175,171
674,0,674,AN-33,23,US,674,BlockApportionment:US.BlockGroups;PointsLayer:US.BlockPoints,2.19100000,2.57600000,1,132.00000000,5282.00000000,113.00000000,157,53.01000000,1.57000000,60,23,US,674,BlockApportionment:US.BlockGroups;PointsLayer:US.BlockPoints,2.19100000,2.57600000,1,20.67000000,4.91000000,25.36000000,31.45000000,7.10000000,11.61000000,1.73000000,13.33000000,80,82
675,3,675,AO-33,24,US,675,BlockApportionment:US.BlockGroups;PointsLayer:US.BlockPoints,2.19100000,2.57600000,1,85.00000000,7385.00000000,112.00000000,186,62.98000000,0.87000000,80,24,US,675,BlockApportionment:US.BlockGroups;PointsLayer:US.BlockPoints,2.19100000,2.57600000,1,17.41000000,2.48000000,20.29000000,34.83000000,5.17000000,9.86000000,0.53000000,16.41000000,76,78
676,1,676,AP-33,25,US,676,BlockApportionment:US.BlockGroups;PointsLayer:US.BlockPoints,2.19100000,2.57600000,1,114.00000000,6336.00000000,123.00000000,179,65.33000000,0.90000000,74,25,US,676,BlockApportionment:US.BlockGroups;PointsLayer:US.BlockPoints,2.19100000,2.57600000,1,19.94000000,10.57000000,24.32000000,35.77000000,4.48000000,8.25000000,0.87000000,17.15000000,72,73
677,10,677,AQ-33,26,US,677,BlockApportionment:US.BlockGroups;PointsLayer:US.BlockPoints,2.19100000,2.57600000,1,160.00000000,4111.00000000,134.00000000,69,59.01000000,2.25000000,67,26,US,677,BlockApportionment:US.BlockGroups;PointsLayer:US.BlockPoints,2.19100000,2.57600000,1,27.40000000,11.62000000,21.17000000,28.09000000,5.78000000,7.46000000,1.74000000,14.92000000,61,60
678,0,678,AR-33,27,US,678,BlockApportionment:US.BlockGroups;PointsLayer:US.BlockPoints,2.19100000,2.57600000,1,113.00000000,4390.00000000,119.00000000,181,36.45000000,1.56000000,121,27,US,678,BlockApportionment:US.BlockGroups;PointsLayer:US.BlockPoints,2.19100000,2.57600000,1,16.98000000,4.70000000,10.54000000,20.13000000,2.22000000,4.20000000,2.27000000,9.84000000,111,111
679,0,679,AS-33,28,US,679,BlockApportionment:US.BlockGroups;PointsLayer:US.BlockPoints,2.19100000,2.57600000,1,137.00000000,4371.00000000,139.00000000,102,45.64000000,2.21000000,104,28,US,679,BlockApportionment:US.BlockGroups;PointsLayer:US.BlockPoints,2.19100000,2.57600000,1,18.06000000,6.43000000,14.32000000,20.18000000,3.37000000,3.56000000,1.56000000,11.49000000,101,103
680,1,680,AT-33,29,US,680,BlockApportionment:US.BlockGroups;PointsLayer:US.BlockPoints,2.19100000,2.57600000,1,140.00000000,2572.00000000,155.00000000,93,41.56000000,0.55000000,109,29,US,680,BlockApportionment:US.BlockGroups;PointsLayer:US.BlockPoints,2.19100000,2.57600000,1,8.87000000,6.95000000,12.58000000,25.64000000,1.41000000,5.55000000,0.44000000,15.20000000,108,109
681,0,681,AU-33,30,US,681,BlockApportionment:US.BlockGroups;PointsLayer:US.BlockPoints,2.19100000,2.57600000,1,153.00000000,3687.00000000,150.00000000,126,46.70000000,0.39000000,133,30,US,681,BlockApportionment:US.BlockGroups;PointsLayer:US.BlockPoints,2.19100000,2.57600000,1,19.24000000,5.94000000,6.41000000,31.49000000,3.21000000,4.51000000,1.50000000,7.91000000,119,121
682,0,682,AV-33,31,US,682,BlockApportionment:US.BlockGroups;PointsLayer:US.BlockPoints,2.19100000,2.57600000,1,146.00000000,1219.00000000,137.00000000,143,43.56000000,0.88000000,127,31,US,682,BlockApportionment:US.BlockGroups;PointsLayer:US.BlockPoints,2.19100000,2.57600000,1,19.08000000,6.03000000,10.25000000,38.81000000,0.76000000,8.78000000,1.31000000,4.55000000,111,115
683,0,683,AW-33,32,US,683,BlockApportionment:US.BlockGroups;PointsLayer:US.BlockPoints,2.19100000,2.57600000,1,0.00000000,0.00000000,0.00000000,0,0.00000000,0.00000000,0,32,US,683,BlockApportionment:US.BlockGroups;PointsLayer:US.BlockPoints,2.19100000,2.57600000,1,0.00000000,0.00000000,0.00000000,0.00000000,0.00000000,0.00000000,0.00000000,0.00000000,0,0
684,0,684,AX-33,33,US,684,BlockApportionment:US.BlockGroups;PointsLayer:US.BlockPoints,2.19100000,2.57600000,1,161.00000000,371.00000000,136.00000000,40,50.40000000,1.27000000,93,33,US,684,BlockApportionment:US.BlockGroups;PointsLayer:US.BlockPoints,2.19100000,2.57600000,1,38.10000000,15.87000000,2.72000000,32.47000000,12.06000000,3.31000000,1.65000000,21.98000000,103,106
685,6,685,AY-33,34,US,685,BlockApportionment:US.BlockGroups;PointsLayer:US.BlockPoints,2.19100000,2.57600000,1,213.00000000,1233.00000000,137.00000000,76,53.12000000,0.00000000,114,34,US,685,BlockApportionment:US.BlockGroups;PointsLayer:US.BlockPoints,2.19100000,2.57600000,1,25.57000000,3.50000000,15.63000000,38.78000000,5.83000000,4.27000000,0.00000000,15.16000000,79,93
686,2,686,AZ-33,35,US,686,BlockApportionment:US.BlockGroups;PointsLayer:US.BlockPoints,2.19100000,2.57600000,1,169.00000000,2077.00000000,139.00000000,250,69.33000000,2.57000000,79,35,US,686,BlockApportionment:US.BlockGroups;PointsLayer:US.BlockPoints,2.19100000,2.57600000,1,38.56000000,6.12000000,24.53000000,35.15000000,6.50000000,7.99000000,1.99000000,23.10000000,82,91
687,0,687,BA-33,36,US,687,BlockApportionment:US.BlockGroups;PointsLayer:US.BlockPoints,2.19100000,2.57600000,1,140.00000000,2526.00000000,154.00000000,179,69.68000000,2.40000000,102,36,US,687,BlockApportionment:US.BlockGroups;PointsLayer:US.BlockPoints,2.19100000,2.57600000,1,21.25000000,5.81000000,16.58000000,22.01000000,5.84000000,6.06000000,1.93000000,25.70000000,98,99
688,0,688,BB-33,37,US,688,BlockApportionment:US.BlockGroups;PointsLayer:US.BlockPoints,2.19100000,2.57600000,1,102.00000000,1335.00000000,146.00000000,181,77.75000000,2.70000000,129,37,US,688,BlockApportionment:US.BlockGroups;PointsLayer:US.BlockPoints,2.19100000,2.57600000,1,31.87000000,9.07000000,13.28000000,6.40000000,8.82000000,7.16000000,2.82000000,20.20000000,108,114
689,0,689,BC-33,38,US,689,BlockApportionment:US.BlockGroups;PointsLayer:US.BlockPoints,2.19100000,2.57600000,1,115.00000000,1426.00000000,131.00000000,143,80.22000000,2.46000000,117,38,US,689,BlockApportionment:US.BlockGroups;PointsLayer:US.BlockPoints,2.19100000,2.57600000,1,25.62000000,7.96000000,19.75000000,30.17000000,6.13000000,6.74000000,3.03000000,18.63000000,102,108
690,2,690,BD-33,39,US,690,BlockApportionment:US.BlockGroups;PointsLayer:US.BlockPoints,2.19100000,2.57600000,1,107.00000000,3816.00000000,113.00000000,107,78.25000000,1.27000000,83,39,US,690,BlockApportionment:US.BlockGroups;PointsLayer:US.BlockPoints,2.19100000,2.57600000,1,30.11000000,5.74000000,22.69000000,40.66000000,6.15000000,5.34000000,1.66000000,20.19000000,85,91
691,0,691,BE-33,40,US,691,BlockApportionment:US.BlockGroups;PointsLayer:US.BlockPoints,2.19100000,2.57600000,1,139.00000000,2942.00000000,142.00000000,155,81.68000000,3.12000000,99,40,US,691,BlockApportionment:US.BlockGroups;PointsLayer:US.BlockPoints,2.19100000,2.57600000,1,35.64000000,4.01000000,12.83000000,16.02000000,8.04000000,4.21000000,2.37000000,15.67000000,111,122
692,0,692,BF-33,41,US,692,BlockApportionment:US.BlockGroups;PointsLayer:US.BlockPoints,2.19100000,2.57600000,1,95.00000000,3598.00000000,116.00000000,181,83.66000000,2.12000000,102,41,US,692,BlockApportionment:US.BlockGroups;PointsLayer:US.BlockPoints,2.19100000,2.57600000,1,35.92000000,6.76000000,7.17000000,16.96000000,12.66000000,3.00000000,1.88000000,17.95000000,91,97
693,0,693,BG-33,42,US,693,BlockApportionment:US.BlockGroups;PointsLayer:US.BlockPoints,2.19100000,2.57600000,1,114.00000000,1581.00000000,104.00000000,83,63.57000000,4.48000000,125,42,US,693,BlockApportionment:US.BlockGroups;PointsLayer:US.BlockPoints,2.19100000,2.57600000,1,22.92000000,3.74000000,11.72000000,26.25000000,6.14000000,3.00000000,3.56000000,22.51000000,104,109
694,0,694,BH-33,43,US,694,BlockApportionment:US.BlockGroups;PointsLayer:US.BlockPoints,2.19100000,2.57600000,1,137.00000000,273.00000000,115.00000000,57,56.78000000,4.75000000,132,43,US,694,BlockApportionment:US.BlockGroups;PointsLayer:US.BlockPoints,2.19100000,2.57600000,1,20.22000000,2.25000000,12.69000000,31.25000000,7.89000000,3.58000000,3.74000000,21.80000000,112,118
695,0,695,AF-32,44,US,695,BlockApportionment:US.BlockGroups;PointsLayer:US.BlockPoints,2.19100000,2.57600000,1,231.00000000,3509.00000000,188.00000000,162,11.63000000,1.37000000,139,44,US,695,BlockApportionment:US.BlockGroups;PointsLayer:US.BlockPoints,2.19100000,2.57600000,1,11.50000000,3.76000000,11.96000000,30.99000000,0.60000000,2.89000000,2.88000000,6.21000000,130,128
696,0,696,AG-32,45,US,696,BlockApportionment:US.BlockGroups;PointsLayer:US.BlockPoints,2.19100000,2.57600000,1,164.00000000,4611.00000000,135.00000000,121,11.52000000,1.45000000,130,45,US,696,BlockApportionment:US.BlockGroups;PointsLayer:US.BlockPoints,2.19100000,2.57600000,1,20.31000000,3.10000000,14.86000000,27.03000000,0.94000000,1.48000000,1.78000000,5.93000000,125,123
697,0,697,AH-32,46,US,697,BlockApportionment:US.BlockGroups;PointsLayer:US.BlockPoints,2.19100000,2.57600000,1,184.00000000,5542.00000000,191.00000000,181,14.69000000,1.08000000,81,46,US,697,BlockApportionment:US.BlockGroups;PointsLayer:US.BlockPoints,2.19100000,2.57600000,1,23.39000000,6.43000000,13.02000000,30.66000000,2.52000000,2.64000000,1.08000000,10.31000000,91,90
698,0,698,AI-32,47,US,698,BlockApportionment:US.BlockGroups;PointsLayer:US.BlockPoints,2.19100000,2.57600000,1,200.00000000,4377.00000000,200.00000000,167,15.06000000,1.85000000,88,47,US,698,BlockApportionment:US.BlockGroups;PointsLayer:US.BlockPoints,2.19100000,2.57600000,1,28.75000000,7.09000000,17.47000000,23.38000000,0.93000000,0.90000000,1.85000000,9.60000000,112,112
699,0,699,AJ-32,48,US,699,BlockApportionment:US.BlockGroups;PointsLayer:US.BlockPoints,2.19100000,2.57600000,1,190.00000000,4855.00000000,179.00000000,143,18.39000000,1.14000000,104,48,US,699,BlockApportionment:US.BlockGroups;PointsLayer:US.BlockPoints,2.19100000,2.57600000,1,15.23000000,7.60000000,18.49000000,27.44000000,5.34000000,3.99000000,0.49000000,6.75000000,114,113
700,2,700,AK-32,49,US,700,BlockApportionment:US.BlockGroups;PointsLayer:US.BlockPoints,2.19100000,2.57600000,1,184.00000000,1429.00000000,122.00000000,79,20.36000000,2.58000000,119,49,US,700,BlockApportionment:US.BlockGroups;PointsLayer:US.BlockPoints,2.19100000,2.57600000,1,21.66000000,4.78000000,16.61000000,32.92000000,1.80000000,2.90000000,2.60000000,10.45000000,138,138
701,1,701,AL-32,0,US,701,BlockApportionment:US.BlockGroups;PointsLayer:US.BlockPoints,2.19100000,2.57600000,1,195.00000000,4637.00000000,137.00000000,202,50.66000000,2.40000000,79,0,US,701,BlockApportionment:US.BlockGroups;PointsLayer:US.BlockPoints,2.19100000,2.57600000,1,22.00000000,1.84000000,20.20000000,35.07000000,7.37000000,10.62000000,2.20000000,13.69000000,71,70
702,0,702,AM-32,1,US,702,BlockApportionment:US.BlockGroups;PointsLayer:US.BlockPoints,2.19100000,2.57600000,1,182.00000000,2816.00000000,141.00000000,100,62.46000000,2.03000000,67,1,US,702,BlockApportionment:US.BlockGroups;PointsLayer:US.BlockPoints,2.19100000,2.57600000,1,19.88000000,5.21000000,12.70000000,38.85000000,2.39000000,9.21000000,1.01000000,18.74000000,73,71
703,2,703,AN-32,2,US,703,BlockApportionment:US.BlockGroups;PointsLayer:US.BlockPoints,2.19100000,2.57600000,1,118.00000000,7518.00000000,116.00000000,140,72.45000000,1.66000000,57,2,US,703,BlockApportionment:US.BlockGroups;PointsLayer:US.BlockPoints,2.19100000,2.57600000,1,21.89000000,5.14000000,21.50000000,32.09000000,8.59000000,12.20000000,1.83000000,20.69000000,60,60
704,7,704,AO-32,3,US,704,BlockApportionment:US.BlockGroups;PointsLayer:US.BlockPoints,2.19100000,2.57600000,1,116.00000000,6627.00000000,129.00000000,152,64.16000000,1.07000000,64,3,US,704,BlockApportionment:US.BlockGroups;PointsLayer:US.BlockPoints,2.19100000,2.57600000,1,21.93000000,4.98000000,23.29000000,30.98000000,7.00000000,6.08000000,0.63000000,12.74000000,65,65
705,4,705,AP-32,4,US,705,BlockApportionment:US.BlockGroups;PointsLayer:US.BlockPoints,2.19100000,2.57600000,1,141.00000000,6138.00000000,132.00000000,179,46.77000000,1.67000000,68,4,US,705,BlockApportionment:US.BlockGroups;PointsLayer:US.BlockPoints,2.19100000,2.57600000,1,20.64000000,4.38000000,23.27000000,32.22000000,4.08000000,5.89000000,1.83000000,14.41000000,75,77
706,3,706,AQ-32,5,US,706,BlockApportionment:US.BlockGroups;PointsLayer:US.BlockPoints,2.19100000,2.57600000,1,97.00000000,6214.00000000,107.00000000,136,66.08000000,1.16000000,78,5,US,706,BlockApportionment:US.BlockGroups;PointsLayer:US.BlockPoints,2.19100000,2.57600000,1,22.31000000,5.89000000,20.78000000,22.90000000,7.96000000,4.69000000,0.90000000,14.97000000,79,79
707,6,707,AR-32,6,US,707,BlockApportionment:US.BlockGroups;PointsLayer:US.BlockPoints,2.19100000,2.57600000,1,149.00000000,4356.00000000,133.00000000,276,33.59000000,0.99000000,119,6,US,707,BlockApportionment:US.BlockGroups;PointsLayer:US.BlockPoints,2.19100000,2.57600000,1,16.27000000,6.80000000,12.96000000,26.23000000,3.95000000,3.49000000,0.72000000,8.64000000,122,125
708,1,708,AS-32,7,US,708,BlockApportionment:US.BlockGroups;PointsLayer:US.BlockPoints,2.19100000,2.57600000,1,160.00000000,3263.00000000,132.00000000,200,22.98000000,2.43000000,163,7,US,708,BlockApportionment:US.BlockGroups;PointsLayer:US.BlockPoints,2.19100000,2.57600000,1,8.35000000,5.89000000,5.34000000,15.69000000,2.25000000,1.37000000,2.11000000,7.01000000,152,150
709,0,709,AT-32,8,US,709,BlockApportionment:US.BlockGroups;PointsLayer:US.BlockPoints,2.19100000,2.57600000,1,154.00000000,2184.00000000,153.00000000,129,26.60000000,2.09000000,171,8,US,709,BlockApportionment:US.BlockGroups;PointsLayer:US.BlockPoints,2.19100000,2.57600000,1,10.64000000,5.48000000,7.37000000,17.58000000,1.96000000,0.52000000,1.52000000,11.17000000,154,152
710,0,710,AU-32,9,US,710,BlockApportionment:US.BlockGroups;PointsLayer:US.BlockPoints,2.19100000,2.57600000,1,123.00000000,2332.00000000,143.00000000,131,45.84000000,1.62000000,132,9,US,710,BlockApportionment:US.BlockGroups;PointsLayer:US.BlockPoints,2.19100000,2.57600000,1,18.70000000,9.30000000,9.42000000,32.69000000,1.73000000,4.73000000,1.31000000,8.90000000,119,121
711,0,711,AV-32,10,US,711,BlockApportionment:US.BlockGroups;PointsLayer:US.BlockPoints,2.19100000,2.57600000,1,130.00000000,1895.00000000,134.00000000,224,35.46000000,3.01000000,154,10,US,711,BlockApportionment:US.BlockGroups;PointsLayer:US.BlockPoints,2.19100000,2.57600000,1,20.56000000,7.64000000,6.38000000,26.71000000,3.25000000,3.46000000,2.55000000,9.68000000,138,138
712,0,712,AW-32,11,US,712,BlockApportionment:US.BlockGroups;PointsLayer:US.BlockPoints,2.19100000,2.57600000,1,162.00000000,236.00000000,136.00000000,43,50.42000000,1.32000000,91,11,US,712,BlockApportionment:US.BlockGroups;PointsLayer:US.BlockPoints,2.19100000,2.57600000,1,39.08000000,16.09000000,2.96000000,31.48000000,12.24000000,3.58000000,1.86000000,21.94000000,104,106
713,0,713,AX-32,12,US,713,BlockApportionment:US.BlockGroups;PointsLayer:US.BlockPoints,2.19100000,2.57600000,1,122.00000000,2253.00000000,127.00000000,90,61.21000000,2.00000000,98,12,US,713,BlockApportionment:US.BlockGroups;PointsLayer:US.BlockPoints,2.19100000,2.57600000,1,30.61000000,3.39000000,9.62000000,21.31000000,5.35000000,4.93000000,0.97000000,21.57000000,94,96
714,1,714,AY-32,13,US,714,BlockApportionment:US.BlockGroups;PointsLayer:US.BlockPoints,2.19100000,2.57600000,1,161.00000000,2454.00000000,119.00000000,195,81.13000000,1.91000000,79,13,US,714,BlockApportionment:US.BlockGroups;PointsLayer:US.BlockPoints,2.19100000,2.57600000,1,23.93000000,2.54000000,23.82000000,33.22000000,8.92000000,9.95000000,1.48000000,20.74000000,82,86
715,4,715,AZ-32,14,US,715,BlockApportionment:US.BlockGroups;PointsLayer:US.BlockPoints,2.19100000,2.57600000,1,96.00000000,2834.00000000,111.00000000,93,64.89000000,1.89000000,117,14,US,715,BlockApportionment:US.BlockGroups;PointsLayer:US.BlockPoints,2.19100000,2.57600000,1,24.32000000,6.20000000,11.78000000,28.39000000,3.94000000,5.95000000,2.44000000,20.41000000,135,140
716,1,716,BA-32,15,US,716,BlockApportionment:US.BlockGroups;PointsLayer:US.BlockPoints,2.19100000,2.57600000,1,140.00000000,3059.00000000,139.00000000,255,72.93000000,1.25000000,96,15,US,716,BlockApportionment:US.BlockGroups;PointsLayer:US.BlockPoints,2.19100000,2.57600000,1,25.18000000,6.14000000,26.58000000,34.89000000,10.57000000,10.10000000,0.70000000,19.67000000,100,106
717,0,717,BB-32,16,US,717,BlockApportionment:US.BlockGroups;PointsLayer:US.BlockPoints,2.19100000,2.57600000,1,123.00000000,920.00000000,142.00000000,152,61.09000000,0.82000000,166,16,US,717,BlockApportionment:US.BlockGroups;PointsLayer:US.BlockPoints,2.19100000,2.57600000,1,22.45000000,8.88000000,12.13000000,23.97000000,8.27000000,8.47000000,1.41000000,14.42000000,146,150
718,1,718,BC-32,17,US,718,BlockApportionment:US.BlockGroups;PointsLayer:US.BlockPoints,2.19100000,2.57600000,1,124.00000000,1961.00000000,136.00000000,174,74.60000000,2.05000000,140,17,US,718,BlockApportionment:US.BlockGroups;PointsLayer:US.BlockPoints,2.19100000,2.57600000,1,16.17000000,7.71000000,12.49000000,16.79000000,5.42000000,3.43000000,1.54000000,14.36000000,135,142
719,0,719,BD-32,18,US,719,BlockApportionment:US.BlockGroups;PointsLayer:US.BlockPoints,2.19100000,2.57600000,1,95.00000000,1985.00000000,98.00000000,136,69.52000000,2.24000000,98,18,US,719,BlockApportionment:US.BlockGroups;PointsLayer:US.BlockPoints,2.19100000,2.57600000,1,46.84000000,6.32000000,14.69000000,26.38000000,5.11000000,3.37000000,1.52000000,16.89000000,95,101
720,0,720,BE-32,19,US,720,BlockApportionment:US.BlockGroups;PointsLayer:US.BlockPoints,2.19100000,2.57600000,1,115.00000000,3467.00000000,126.00000000,98,85.23000000,1.52000000,86,19,US,720,BlockApportionment:US.BlockGroups;PointsLayer:US.BlockPoints,2.19100000,2.57600000,1,25.21000000,4.33000000,11.20000000,13.23000000,8.78000000,6.79000000,0.83000000,24.64000000,91,92
721,3,721,BF-32,20,US,721,BlockApportionment:US.BlockGroups;PointsLayer:US.BlockPoints,2.19100000,2.57600000,1,106.00000000,4284.00000000,134.00000000,183,79.34000000,1.57000000,105,20,US,721,BlockApportionment:US.BlockGroups;PointsLayer:US.BlockPoints,2.19100000,2.57600000,1,28.72000000,2.74000000,16.97000000,18.33000000,5.90000000,5.74000000,1.01000000,20.82000000,97,100
722,0,722,BG-32,21,US,722,BlockApportionment:US.BlockGroups;PointsLayer:US.BlockPoints,2.19100000,2.57600000,1,94.00000000,2378.00000000,107.00000000,100,63.79000000,3.62000000,125,21,US,722,BlockApportionment:US.BlockGroups;PointsLayer:US.BlockPoints,2.19100000,2.57600000,1,26.23000000,1.95000000,9.08000000,21.32000000,5.77000000,2.73000000,2.65000000,19.92000000,98,100
723,0,723,BH-32,22,US,723,BlockApportionment:US.BlockGroups;PointsLayer:US.BlockPoints,2.19100000,2.57600000,1,132.00000000,2143.00000000,120.00000000,38,51.84000000,2.18000000,118,22,US,723,BlockApportionment:US.BlockGroups;PointsLayer:US.BlockPoints,2.19100000,2.57600000,1,15.59000000,1.43000000,17.82000000,39.16000000,10.38000000,4.16000000,1.44000000,17.95000000,94,97
724,0,724,AF-31,23,US,724,BlockApportionment:US.BlockGroups;PointsLayer:US.BlockPoints,2.19100000,2.57600000,1,232.00000000,683.00000000,161.00000000,210,8.20000000,2.56000000,253,23,US,724,BlockApportionment:US.BlockGroups;PointsLayer:US.BlockPoints,2.19100000,2.57600000,1,4.20000000,0.00000000,2.34000000,34.62000000,0.00000000,1.09000000,3.57000000,3.96000000,231,220
725,1,725,AG-31,24,US,725,BlockApportionment:US.BlockGroups;PointsLayer:US.BlockPoints,2.19100000,2.57600000,1,200.00000000,4935.00000000,187.00000000,81,12.79000000,0.70000000,132,24,US,725,BlockApportionment:US.BlockGroups;PointsLayer:US.BlockPoints,2.19100000,2.57600000,1,18.81000000,3.76000000,5.26000000,16.16000000,0.20000000,1.74000000,0.81000000,8.73000000,133,131
726,0,726,AH-31,25,US,726,BlockApportionment:US.BlockGroups;PointsLayer:US.BlockPoints,2.19100000,2.57600000,1,223.00000000,3469.00000000,152.00000000,117,14.21000000,2.69000000,107,25,US,726,BlockApportionment:US.BlockGroups;PointsLayer:US.BlockPoints,2.19100000,2.57600000,1,12.24000000,3.19000000,7.60000000,28.00000000,0.00000000,5.68000000,2.60000000,4.24000000,118,118
727,0,727,AI-31,26,US,727,BlockApportionment:US.BlockGroups;PointsLayer:US.BlockPoints,2.19100000,2.57600000,1,160.00000000,6507.00000000,146.00000000,143,13.42000000,2.10000000,102,26,US,727,BlockApportionment:US.BlockGroups;PointsLayer:US.BlockPoints,2.19100000,2.57600000,1,18.37000000,5.34000000,9.08000000,22.80000000,1.13000000,5.15000000,2.09000000,10.60000000,100,100
728,3,728,AJ-31,27,US,728,BlockApportionment:US.BlockGroups;PointsLayer:US.BlockPoints,2.19100000,2.57600000,1,202.00000000,8990.00000000,134.00000000,152,16.87000000,1.93000000,92,27,US,728,BlockApportionment:US.BlockGroups;PointsLayer:US.BlockPoints,2.19100000,2.57600000,1,11.97000000,5.58000000,16.88000000,30.92000000,1.59000000,3.93000000,2.22000000,6.73000000,89,87
729,3,729,AK-31,28,US,729,BlockApportionment:US.BlockGroups;PointsLayer:US.BlockPoints,2.19100000,2.57600000,1,202.00000000,6613.00000000,141.00000000,121,32.01000000,1.17000000,79,28,US,729,BlockApportionment:US.BlockGroups;PointsLayer:US.BlockPoints,2.19100000,2.57600000,1,11.35000000,5.18000000,16.23000000,31.21000000,3.42000000,3.78000000,0.58000000,9.51000000,83,81
730,0,730,AL-31,29,US,730,BlockApportionment:US.BlockGroups;PointsLayer:US.BlockPoints,2.19100000,2.57600000,1,283.00000000,5226.00000000,141.00000000,112,31.17000000,2.87000000,77,29,US,730,BlockApportionment:US.BlockGroups;PointsLayer:US.BlockPoints,2.19100000,2.57600000,1,19.32000000,6.23000000,14.90000000,33.66000000,5.83000000,4.03000000,1.89000000,13.36000000,88,86
731,4,731,AM-31,30,US,731,BlockApportionment:US.BlockGroups;PointsLayer:US.BlockPoints,2.19100000,2.57600000,1,189.00000000,5546.00000000,131.00000000,167,49.42000000,2.31000000,69,30,US,731,BlockApportionment:US.BlockGroups;PointsLayer:US.BlockPoints,2.19100000,2.57600000,1,21.34000000,3.67000000,19.33000000,25.73000000,7.42000000,9.39000000,1.96000000,20.39000000,73,72
732,11,732,AN-31,31,US,732,BlockApportionment:US.BlockGroups;PointsLayer:US.BlockPoints,2.19100000,2.57600000,1,148.00000000,4994.00000000,113.00000000,214,38.59000000,1.97000000,70,31,US,732,BlockApportionment:US.BlockGroups;PointsLayer:US.BlockPoints,2.19100000,2.57600000,1,14.82000000,11.25000000,25.20000000,36.34000000,3.25000000,5.41000000,1.82000000,19.57000000,68,65
733,0,733,AO-31,32,US,733,BlockApportionment:US.BlockGroups;PointsLayer:US.BlockPoints,2.19100000,2.57600000,1,123.00000000,5978.00000000,114.00000000,279,44.18000000,1.64000000,54,32,US,733,BlockApportionment:US.BlockGroups;PointsLayer:US.BlockPoints,2.19100000,2.57600000,1,28.42000000,4.32000000,31.13000000,31.51000000,3.55000000,3.95000000,2.03000000,21.94000000,60,72
734,5,734,AP-31,33,US,734,BlockApportionment:US.BlockGroups;PointsLayer:US.BlockPoints,2.19100000,2.57600000,1,138.00000000,4826.00000000,89.00000000,152,31.72000000,1.97000000,62,33,US,734,BlockApportionment:US.BlockGroups;PointsLayer:US.BlockPoints,2.19100000,2.57600000,1,23.11000000,12.26000000,23.21000000,33.72000000,4.96000000,4.60000000,3.07000000,19.87000000,63,64
735,2,735,AQ-31,34,US,735,BlockApportionment:US.BlockGroups;PointsLayer:US.BlockPoints,2.19100000,2.57600000,1,176.00000000,4022.00000000,135.00000000,140,45.05000000,1.03000000,72,34,US,735,BlockApportionment:US.BlockGroups;PointsLayer:US.BlockPoints,2.19100000,2.57600000,1,17.43000000,5.28000000,20.76000000,32.56000000,5.35000000,3.66000000,0.60000000,12.78000000,83,85
736,0,736,AR-31,35,US,736,BlockApportionment:US.BlockGroups;PointsLayer:US.BlockPoints,2.19100000,2.57600000,1,177.00000000,2689.00000000,146.00000000,219,25.59000000,3.19000000,145,35,US,736,BlockApportionment:US.BlockGroups;PointsLayer:US.BlockPoints,2.19100000,2.57600000,1,20.03000000,8.17000000,11.79000000,24.16000000,2.47000000,2.32000000,2.82000000,8.27000000,133,132
737,0,737,AS-31,36,US,737,BlockApportionment:US.BlockGroups;PointsLayer:US.BlockPoints,2.19100000,2.57600000,1,136.00000000,2011.00000000,122.00000000,117,17.01000000,6.51000000,189,36,US,737,BlockApportionment:US.BlockGroups;PointsLayer:US.BlockPoints,2.19100000,2.57600000,1,12.32000000,0.71000000,6.07000000,4.91000000,1.61000000,4.87000000,5.93000000,5.65000000,183,177
738,0,738,AT-31,37,US,738,BlockApportionment:US.BlockGroups;PointsLayer:US.BlockPoints,2.19100000,2.57600000,1,103.00000000,995.00000000,85.00000000,121,13.27000000,9.03000000,219,37,US,738,BlockApportionment:US.BlockGroups;PointsLayer:US.BlockPoints,2.19100000,2.57600000,1,11.68000000,6.07000000,4.20000000,11.85000000,0.00000000,1.76000000,8.69000000,1.61000000,186,181
739,0,739,AU-31,38,US,739,BlockApportionment:US.BlockGroups;PointsLayer:US.BlockPoints,2.19100000,2.57600000,1,105.00000000,2077.00000000,116.00000000,95,26.10000000,3.36000000,152,38,US,739,BlockApportionment:US.BlockGroups;PointsLayer:US.BlockPoints,2.19100000,2.57600000,1,19.84000000,8.08000000,11.60000000,21.86000000,0.67000000,2.08000000,3.44000000,10.65000000,137,137
740,0,740,AV-31,39,US,740,BlockApportionment:US.BlockGroups;PointsLayer:US.BlockPoints,2.19100000,2.57600000,1,150.00000000,2442.00000000,131.00000000,200,50.45000000,2.19000000,124,39,US,740,BlockApportionment:US.BlockGroups;PointsLayer:US.BlockPoints,2.19100000,2.57600000,1,26.33000000,3.84000000,9.24000000,20.82000000,7.94000000,3.03000000,1.48000000,12.71000000,124,124
741,0,741,AW-31,40,US,741,BlockApportionment:US.BlockGroups;PointsLayer:US.BlockPoints,2.19100000,2.57600000,1,148.00000000,1545.00000000,129.00000000,79,54.24000000,3.30000000,94,40,US,741,BlockApportionment:US.BlockGroups;PointsLayer:US.BlockPoints,2.19100000,2.57600000,1,41.93000000,5.01000000,11.37000000,27.09000000,6.60000000,2.99000000,2.57000000,17.42000000,100,103
742,0,742,AX-31,41,US,742,BlockApportionment:US.BlockGroups;PointsLayer:US.BlockPoints,2.19100000,2.57600000,1,136.00000000,2038.00000000,125.00000000,110,71.44000000,1.65000000,105,41,US,742,BlockApportionment:US.BlockGroups;PointsLayer:US.BlockPoints,2.19100000,2.57600000,1,20.09000000,4.14000000,13.40000000,28.30000000,5.33000000,4.03000000,1.05000000,21.94000000,105,111
743,0,743,AY-31,42,US,743,BlockApportionment:US.BlockGroups;PointsLayer:US.BlockPoints,2.19100000,2.57600000,1,118.00000000,3027.00000000,125.00000000,100,76.64000000,0.77000000,111,42,US,743,BlockApportionment:US.BlockGroups;PointsLayer:US.BlockPoints,2.19100000,2.57600000,1,24.18000000,3.38000000,13.85000000,26.95000000,6.70000000,4.86000000,0.64000000,19.39000000,122,125
744,0,744,AZ-31,43,US,744,BlockApportionment:US.BlockGroups;PointsLayer:US.BlockPoints,2.19100000,2.57600000,1,79.00000000,906.00000000,101.00000000,198,37.20000000,0.87000000,202,43,US,744,BlockApportionment:US.BlockGroups;PointsLayer:US.BlockPoints,2.19100000,2.57600000,1,18.10000000,3.09000000,8.37000000,25.15000000,2.44000000,5.56000000,1.15000000,17.86000000,173,174
745,1,745,BA-31,44,US,745,BlockApportionment:US.BlockGroups;PointsLayer:US.BlockPoints,2.19100000,2.57600000,1,108.00000000,2737.00000000,129.00000000,195,63.65000000,0.95000000,119,44,US,745,BlockApportionment:US.BlockGroups;PointsLayer:US.BlockPoints,2.19100000,2.57600000,1,23.08000000,2.80000000,9.85000000,17.17000000,5.31000000,5.86000000,1.31000000,17.07000000,118,119
746,0,746,BB-31,45,US,746,BlockApportionment:US.BlockGroups;PointsLayer:US.BlockPoints,2.19100000,2.57600000,1,76.00000000,1676.00000000,115.00000000,188,77.98000000,0.25000000,83,45,US,746,BlockApportionment:US.BlockGroups;PointsLayer:US.BlockPoints,2.19100000,2.57600000,1,13.57000000,0.00000000,4.37000000,11.78000000,6.35000000,9.30000000,0.52000000,17.98000000,69,69
747,0,747,BC-31,46,US,747,BlockApportionment:US.BlockGroups;PointsLayer:US.BlockPoints,2.19100000,2.57600000,1,62.00000000,1283.00000000,90.00000000,48,35.54000000,3.05000000,172,46,US,747,BlockApportionment:US.BlockGroups;PointsLayer:US.BlockPoints,2.19100000,2.57600000,1,13.47000000,5.90000000,6.71000000,4.69000000,1.97000000,1.59000000,3.87000000,8.88000000,146,142
748,0,748,BD-31,47,US,748,BlockApportionment:US.BlockGroups;PointsLayer:US.BlockPoints,2.19100000,2.57600000,1,30.00000000,3063.00000000,45.00000000,55,36.21000000,2.30000000,138,47,US,748,BlockApportionment:US.BlockGroups;PointsLayer:US.BlockPoints,2.19100000,2.57600000,1,32.59000000,1.63000000,6.16000000,7.45000000,3.41000000,0.48000000,2.33000000,11.93000000,117,117
749,1,749,BG-31,48,US,749,BlockApportionment:US.BlockGroups;PointsLayer:US.BlockPoints,2.19100000,2.57600000,1,101.00000000,2769.00000000,126.00000000,186,66.59000000,3.65000000,126,48,US,749,BlockApportionment:US.BlockGroups;PointsLayer:US.BlockPoints,2.19100000,2.57600000,1,22.48000000,1.95000000,8.62000000,15.14000000,3.78000000,4.93000000,1.80000000,17.88000000,108,110
750,0,750,AG-30,49,US,750,BlockApportionment:US.BlockGroups;PointsLayer:US.BlockPoints,2.19100000,2.57600000,1,222.00000000,998.00000000,155.00000000,176,9.82000000,0.00000000,218,49,US,750,BlockApportionment:US.BlockGroups;PointsLayer:US.BlockPoints,2.19100000,2.57600000,1,30.47000000,9.93000000,0.86000000,60.65000000,0.79000000,2.29000000,0.11000000,7.34000000,193,191
751,0,751,AI-30,0,US,751,BlockApportionment:US.BlockGroups;PointsLayer:US.BlockPoints,2.19100000,2.57600000,1,143.00000000,2647.00000000,92.00000000,150,15.56000000,3.34000000,110,0,US,751,BlockApportionment:US.BlockGroups;PointsLayer:US.BlockPoints,2.19100000,2.57600000,1,17.07000000,4.88000000,11.10000000,27.93000000,1.57000000,3.87000000,3.51000000,7.00000000,121,122
752,0,752,AJ-30,1,US,752,BlockApportionment:US.BlockGroups;PointsLayer:US.BlockPoints,2.19100000,2.57600000,1,170.00000000,1945.00000000,97.00000000,167,13.83000000,0.73000000,142,1,US,752,BlockApportionment:US.BlockGroups;PointsLayer:US.BlockPoints,2.19100000,2.57600000,1,18.75000000,3.02000000,8.03000000,33.54000000,2.65000000,4.45000000,0.59000000,10.02000000,149,149
753,4,753,AK-30,2,US,753,BlockApportionment:US.BlockGroups;PointsLayer:US.BlockPoints,2.19100000,2.57600000,1,198.00000000,6523.00000000,96.00000000,157,22.05000000,3.23000000,66,2,US,753,BlockApportionment:US.BlockGroups;PointsLayer:US.BlockPoints,2.19100000,2.57600000,1,21.88000000,13.09000000,21.32000000,31.47000000,0.61000000,4.09000000,3.12000000,13.27000000,66,64
754,2,754,AL-30,3,US,754,BlockApportionment:US.BlockGroups;PointsLayer:US.BlockPoints,2.19100000,2.57600000,1,153.00000000,4157.00000000,101.00000000,195,24.59000000,0.54000000,82,3,US,754,BlockApportionment:US.BlockGroups;PointsLayer:US.BlockPoints,2.19100000,2.57600000,1,8.64000000,4.69000000,16.95000000,29.54000000,3.48000000,5.92000000,1.02000000,12.10000000,81,80
755,7,755,AM-30,4,US,755,BlockApportionment:US.BlockGroups;PointsLayer:US.BlockPoints,2.19100000,2.57600000,1,206.00000000,5181.00000000,125.00000000,164,23.14000000,2.99000000,99,4,US,755,BlockApportionment:US.BlockGroups;PointsLayer:US.BlockPoints,2.19100000,2.57600000,1,12.13000000,2.31000000,16.72000000,32.99000000,3.78000000,1.38000000,1.62000000,10.74000000,99,98
756,0,756,AN-30,5,US,756,BlockApportionment:US.BlockGroups;PointsLayer:US.BlockPoints,2.19100000,2.57600000,1,170.00000000,3701.00000000,116.00000000,207,20.94000000,1.28000000,89,5,US,756,BlockApportionment:US.BlockGroups;PointsLayer:US.BlockPoints,2.19100000,2.57600000,1,26.86000000,7.76000000,15.33000000,37.65000000,2.29000000,6.60000000,1.49000000,14.98000000,114,113
757,1,757,AO-30,6,US,757,BlockApportionment:US.BlockGroups;PointsLayer:US.BlockPoints,2.19100000,2.57600000,1,153.00000000,9681.00000000,113.00000000,162,26.78000000,1.51000000,72,6,US,757,BlockApportionment:US.BlockGroups;PointsLayer:US.BlockPoints,2.19100000,2.57600000,1,20.27000000,7.93000000,19.27000000,31.26000000,1.84000000,4.31000000,1.42000000,15.73000000,81,80
758,0,758,AP-30,7,US,758,BlockApportionment:US.BlockGroups;PointsLayer:US.BlockPoints,2.19100000,2.57600000,1,141.00000000,3881.00000000,87.00000000,140,15.67000000,1.10000000,115,7,US,758,BlockApportionment:US.BlockGroups;PointsLayer:US.BlockPoints,2.19100000,2.57600000,1,12.51000000,4.97000000,12.50000000,23.35000000,1.98000000,4.37000000,1.29000000,7.43000000,118,118
759,0,759,AQ-30,8,US,759,BlockApportionment:US.BlockGroups;PointsLayer:US.BlockPoints,2.19100000,2.57600000,1,175.00000000,4218.00000000,120.00000000,181,17.90000000,3.16000000,118,8,US,759,BlockApportionment:US.BlockGroups;PointsLayer:US.BlockPoints,2.19100000,2.57600000,1,16.45000000,8.80000000,10.29000000,24.24000000,0.15000000,2.00000000,3.06000000,9.16000000,103,101
760,0,760,AR-30,9,US,760,BlockApportionment:US.BlockGroups;PointsLayer:US.BlockPoints,2.19100000,2.57600000,1,161.00000000,2431.00000000,114.00000000,95,15.92000000,2.67000000,165,9,US,760,BlockApportionment:US.BlockGroups;PointsLayer:US.BlockPoints,2.19100000,2.57600000,1,12.33000000,1.81000000,8.24000000,16.61000000,0.75000000,1.18000000,2.44000000,8.97000000,146,144
761,0,761,AS-30,10,US,761,BlockApportionment:US.BlockGroups;PointsLayer:US.BlockPoints,2.19100000,2.57600000,1,139.00000000,2794.00000000,106.00000000,119,14.75000000,3.58000000,193,10,US,761,BlockApportionment:US.BlockGroups;PointsLayer:US.BlockPoints,2.19100000,2.57600000,1,9.63000000,1.30000000,4.97000000,22.24000000,0.24000000,0.70000000,3.30000000,3.14000000,168,165
762,0,762,AT-30,11,US,762,BlockApportionment:US.BlockGroups;PointsLayer:US.BlockPoints,2.19100000,2.57600000,1,110.00000000,1824.00000000,89.00000000,195,17.00000000,5.79000000,174,11,US,762,BlockApportionment:US.BlockGroups;PointsLayer:US.BlockPoints,2.19100000,2.57600000,1,10.60000000,4.71000000,7.72000000,22.98000000,0.31000000,2.69000000,5.46000000,4.68000000,155,153
763,1,763,AU-30,12,US,763,BlockApportionment:US.BlockGroups;PointsLayer:US.BlockPoints,2.19100000,2.57600000,1,123.00000000,1380.00000000,101.00000000,205,20.29000000,3.81000000,171,12,US,763,BlockApportionment:US.BlockGroups;PointsLayer:US.BlockPoints,2.19100000,2.57600000,1,12.30000000,2.62000000,6.57000000,17.81000000,0.61000000,2.83000000,3.84000000,9.69000000,156,154
764,0,764,AV-30,13,US,764,BlockApportionment:US.BlockGroups;PointsLayer:US.BlockPoints,2.19100000,2.57600000,1,169.00000000,1447.00000000,139.00000000,221,62.20000000,2.81000000,108,13,US,764,BlockApportionment:US.BlockGroups;PointsLayer:US.BlockPoints,2.19100000,2.57600000,1,10.67000000,8.12000000,7.52000000,20.49000000,2.02000000,4.34000000,1.92000000,16.81000000,113,118
765,1,765,AW-30,14,US,765,BlockApportionment:US.BlockGroups;PointsLayer:US.BlockPoints,2.19100000,2.57600000,1,109.00000000,793.00000000,119.00000000,245,73.14000000,0.85000000,105,14,US,765,BlockApportionment:US.BlockGroups;PointsLayer:US.BlockPoints,2.19100000,2.57600000,1,15.20000000,9.20000000,21.57000000,21.88000000,4.61000000,6.38000000,1.17000000,17.43000000,107,111
766,0,766,AX-30,15,US,766,BlockApportionment:US.BlockGroups;PointsLayer:US.BlockPoints,2.19100000,2.57600000,1,115.00000000,2677.00000000,124.00000000,190,65.22000000,0.85000000,116,15,US,766,BlockApportionment:US.BlockGroups;PointsLayer:US.BlockPoints,2.19100000,2.57600000,1,16.78000000,5.50000000,16.74000000,25.13000000,3.57000000,4.93000000,0.82000000,17.20000000,116,122
767,0,767,AY-30,16,US,767,BlockApportionment:US.BlockGroups;PointsLayer:US.BlockPoints,2.19100000,2.57600000,1,91.00000000,1221.00000000,97.00000000,107,34.23000000,2.26000000,143,16,US,767,BlockApportionment:US.BlockGroups;PointsLayer:US.BlockPoints,2.19100000,2.57600000,1,13.18000000,0.00000000,16.58000000,14.50000000,4.92000000,4.91000000,1.74000000,11.65000000,138,143
768,0,768,AZ-30,17,US,768,BlockApportionment:US.BlockGroups;PointsLayer:US.BlockPoints,2.19100000,2.57600000,1,68.00000000,1060.00000000,95.00000000,126,30.09000000,1.57000000,173,17,US,768,BlockApportionment:US.BlockGroups;PointsLayer:US.BlockPoints,2.19100000,2.57600000,1,15.19000000,2.56000000,7.48000000,22.64000000,0.94000000,4.08000000,1.42000000,12.62000000,141,141
769,0,769,BA-30,18,US,769,BlockApportionment:US.BlockGroups;PointsLayer:US.BlockPoints,2.19100000,2.57600000,1,77.00000000,1714.00000000,112.00000000,267,47.61000000,1.39000000,152,18,US,769,BlockApportionment:US.BlockGroups;PointsLayer:US.BlockPoints,2.19100000,2.57600000,1,30.89000000,1.63000000,5.80000000,13.78000000,5.63000000,4.38000000,2.51000000,14.05000000,140,143
770,0,770,BB-30,19,US,770,BlockApportionment:US.BlockGroups;PointsLayer:US.BlockPoints,2.19100000,2.57600000,1,95.00000000,5288.00000000,116.00000000,200,75.25000000,1.52000000,100,19,US,770,BlockApportionment:US.BlockGroups;PointsLayer:US.BlockPoints,2.19100000,2.57600000,1,23.66000000,3.23000000,18.32000000,28.11000000,4.52000000,5.67000000,1.37000000,17.84000000,94,97
771,0,771,BC-30,20,US,771,BlockApportionment:US.BlockGroups;PointsLayer:US.BlockPoints,2.19100000,2.57600000,1,72.00000000,3037.00000000,108.00000000,107,74.65000000,3.57000000,111,20,US,771,BlockApportionment:US.BlockGroups;PointsLayer:US.BlockPoints,2.19100000,2.57600000,1,19.64000000,6.17000000,10.59000000,15.74000000,5.15000000,3.20000000,5.41000000,18.18000000,110,111
772,0,772,BD-30,21,US,772,BlockApportionment:US.BlockGroups;PointsLayer:US.BlockPoints,2.19100000,2.57600000,1,67.00000000,2135.00000000,91.00000000,138,47.63000000,1.55000000,136,21,US,772,BlockApportionment:US.BlockGroups;PointsLayer:US.BlockPoints,2.19100000,2.57600000,1,25.35000000,1.78000000,5.69000000,23.57000000,6.83000000,4.71000000,1.79000000,15.17000000,133,134
773,0,773,AK-29,22,US,773,BlockApportionment:US.BlockGroups;PointsLayer:US.BlockPoints,2.19100000,2.57600000,1,187.00000000,1042.00000000,109.00000000,183,17.37000000,2.51000000,105,22,US,773,BlockApportionment:US.BlockGroups;PointsLayer:US.BlockPoints,2.19100000,2.57600000,1,12.71000000,4.52000000,8.02000000,21.24000000,0.00000000,1.49000000,1.86000000,11.14000000,111,109
774,0,774,AM-29,23,US,774,BlockApportionment:US.BlockGroups;PointsLayer:US.BlockPoints,2.19100000,2.57600000,1,195.00000000,3214.00000000,129.00000000,200,12.69000000,2.06000000,123,23,US,774,BlockApportionment:US.BlockGroups;PointsLayer:US.BlockPoints,2.19100000,2.57600000,1,12.78000000,3.18000000,9.82000000,32.97000000,0.07000000,1.58000000,1.75000000,7.86000000,146,144
775,0,775,AO-29,24,US,775,BlockApportionment:US.BlockGroups;PointsLayer:US.BlockPoints,2.19100000,2.57600000,1,138.00000000,918.00000000,84.00000000,71,8.82000000,1.66000000,253,24,US,775,BlockApportionment:US.BlockGroups;PointsLayer:US.BlockPoints,2.19100000,2.57600000,1,5.25000000,0.00000000,13.29000000,22.22000000,2.71000000,0.92000000,1.37000000,4.71000000,279,284
776,0,776,AP-29,25,US,776,BlockApportionment:US.BlockGroups;PointsLayer:US.BlockPoints,2.19100000,2.57600000,1,91.00000000,713.00000000,62.00000000,148,8.70000000,4.86000000,253,25,US,776,BlockApportionment:US.BlockGroups;PointsLayer:US.BlockPoints,2.19100000,2.57600000,1,15.92000000,0.00000000,2.25000000,19.23000000,0.85000000,0.00000000,2.01000000,6.97000000,338,339
777,1,777,AQ-29,26,US,777,BlockApportionment:US.BlockGroups;PointsLayer:US.BlockPoints,2.19100000,2.57600000,1,152.00000000,4037.00000000,120.00000000,164,15.51000000,4.00000000,144,26,US,777,BlockApportionment:US.BlockGroups;PointsLayer:US.BlockPoints,2.19100000,2.57600000,1,11.12000000,8.33000000,6.95000000,14.24000000,1.06000000,1.61000000,3.72000000,8.71000000,134,129
778,0,778,AR-29,27,US,778,BlockApportionment:US.BlockGroups;PointsLayer:US.BlockPoints,2.19100000,2.57600000,1,123.00000000,2281.00000000,98.00000000,83,13.68000000,2.22000000,189,27,US,778,BlockApportionment:US.BlockGroups;PointsLayer:US.BlockPoints,2.19100000,2.57600000,1,13.43000000,1.59000000,6.75000000,31.27000000,0.05000000,2.74000000,0.83000000,10.77000000,181,175
779,0,779,AS-29,28,US,779,BlockApportionment:US.BlockGroups;PointsLayer:US.BlockPoints,2.19100000,2.57600000,1,154.00000000,3164.00000000,100.00000000,140,20.61000000,1.61000000,138,28,US,779,BlockApportionment:US.BlockGroups;PointsLayer:US.BlockPoints,2.19100000,2.57600000,1,16.69000000,2.77000000,14.35000000,28.55000000,0.52000000,4.27000000,2.09000000,5.81000000,112,112
780,1,780,AT-29,29,US,780,BlockApportionment:US.BlockGroups;PointsLayer:US.BlockPoints,2.19100000,2.57600000,1,137.00000000,1268.00000000,123.00000000,86,36.20000000,1.57000000,143,29,US,780,BlockApportionment:US.BlockGroups;PointsLayer:US.BlockPoints,2.19100000,2.57600000,1,35.34000000,7.24000000,6.31000000,28.21000000,2.42000000,5.75000000,1.82000000,9.35000000,130,135
781,1,781,AU-29,30,US,781,BlockApportionment:US.BlockGroups;PointsLayer:US.BlockPoints,2.19100000,2.57600000,1,134.00000000,2376.00000000,128.00000000,98,49.24000000,1.11000000,131,30,US,781,BlockApportionment:US.BlockGroups;PointsLayer:US.BlockPoints,2.19100000,2.57600000,1,35.61000000,6.40000000,14.56000000,18.27000000,5.35000000,3.52000000,1.44000000,18.18000000,130,134
782,3,782,AV-29,31,US,782,BlockApportionment:US.BlockGroups;PointsLayer:US.BlockPoints,2.19100000,2.57600000,1,158.00000000,1743.00000000,130.00000000,114,60.93000000,1.58000000,86,31,US,782,BlockApportionment:US.BlockGroups;PointsLayer:US.BlockPoints,2.19100000,2.57600000,1,34.63000000,3.56000000,25.49000000,30.55000000,5.55000000,4.01000000,1.69000000,17.03000000,100,107
783,0,783,AW-29,32,US,783,BlockApportionment:US.BlockGroups;PointsLayer:US.BlockPoints,2.19100000,2.57600000,1,135.00000000,2642.00000000,127.00000000,107,66.96000000,0.96000000,110,32,US,783,BlockApportionment:US.BlockGroups;PointsLayer:US.BlockPoints,2.19100000,2.57600000,1,27.65000000,2.86000000,12.95000000,21.11000000,4.08000000,2.85000000,1.31000000,13.74000000,108,109
784,1,784,AX-29,33,US,784,BlockApportionment:US.BlockGroups;PointsLayer:US.BlockPoints,2.19100000,2.57600000,1,104.00000000,2316.00000000,112.00000000,183,48.96000000,2.02000000,138,33,US,784,BlockApportionment:US.BlockGroups;PointsLayer:US.BlockPoints,2.19100000,2.57600000,1,19.47000000,5.44000000,6.97000000,20.70000000,3.45000000,3.06000000,2.11000000,20.05000000,159,163
785,0,785,AY-29,34,US,785,BlockApportionment:US.BlockGroups;PointsLayer:US.BlockPoints,2.19100000,2.57600000,1,101.00000000,2158.00000000,124.00000000,164,47.36000000,2.44000000,146,34,US,785,BlockApportionment:US.BlockGroups;PointsLayer:US.BlockPoints,2.19100000,2.57600000,1,9.36000000,0.35000000,8.34000000,30.08000000,2.18000000,2.35000000,1.51000000,10.17000000,130,135
786,0,786,AZ-29,35,US,786,BlockApportionment:US.BlockGroups;PointsLayer:US.BlockPoints,2.19100000,2.57600000,1,60.00000000,1801.00000000,96.00000000,50,34.09000000,6.87000000,170,35,US,786,BlockApportionment:US.BlockGroups;PointsLayer:US.BlockPoints,2.19100000,2.57600000,1,21.76000000,3.21000000,7.60000000,16.04000000,3.67000000,1.88000000,4.31000000,14.13000000,138,138
787,0,787,BA-29,36,US,787,BlockApportionment:US.BlockGroups;PointsLayer:US.BlockPoints,2.19100000,2.57600000,1,71.00000000,3105.00000000,104.00000000,140,61.77000000,2.76000000,113,36,US,787,BlockApportionment:US.BlockGroups;PointsLayer:US.BlockPoints,2.19100000,2.57600000,1,25.48000000,2.59000000,7.16000000,19.38000000,3.51000000,4.91000000,2.62000000,14.79000000,116,123
788,0,788,BB-29,37,US,788,BlockApportionment:US.BlockGroups;PointsLayer:US.BlockPoints,2.19100000,2.57600000,1,99.00000000,3591.00000000,124.00000000,164,68.76000000,2.50000000,107,37,US,788,BlockApportionment:US.BlockGroups;PointsLayer:US.BlockPoints,2.19100000,2.57600000,1,21.68000000,6.49000000,12.16000000,34.19000000,4.41000000,5.60000000,2.27000000,19.71000000,102,107
789,5,789,BC-29,38,US,789,BlockApportionment:US.BlockGroups;PointsLayer:US.BlockPoints,2.19100000,2.57600000,1,113.00000000,3986.00000000,127.00000000,207,70.20000000,1.45000000,84,38,US,789,BlockApportionment:US.BlockGroups;PointsLayer:US.BlockPoints,2.19100000,2.57600000,1,23.83000000,7.20000000,17.01000000,27.80000000,3.98000000,8.17000000,1.44000000,19.20000000,79,78
790,1,790,BD-29,39,US,790,BlockApportionment:US.BlockGroups;PointsLayer:US.BlockPoints,2.19100000,2.57600000,1,113.00000000,3315.00000000,133.00000000,160,66.46000000,1.95000000,115,39,US,790,BlockApportionment:US.BlockGroups;PointsLayer:US.BlockPoints,2.19100000,2.57600000,1,23.79000000,4.33000000,8.34000000,17.90000000,5.13000000,4.30000000,2.63000000,16.48000000,118,119
791,0,791,BE-29,40,US,791,BlockApportionment:US.BlockGroups;PointsLayer:US.BlockPoints,2.19100000,2.57600000,1,49.00000000,1916.00000000,90.00000000,143,35.59000000,2.06000000,164,40,US,791,BlockApportionment:US.BlockGroups;PointsLayer:US.BlockPoints,2.19100000,2.57600000,1,14.14000000,2.06000000,4.50000000,16.95000000,2.64000000,3.01000000,3.44000000,13.78000000,150,147
792,0,792,AQ-28,41,US,792,BlockApportionment:US.BlockGroups;PointsLayer:US.BlockPoints,2.19100000,2.57600000,1,101.00000000,283.00000000,72.00000000,162,10.60000000,9.90000000,250,41,US,792,BlockApportionment:US.BlockGroups;PointsLayer:US.BlockPoints,2.19100000,2.57600000,1,12.37000000,15.46000000,2.86000000,13.89000000,0.00000000,0.00000000,10.83000000,11.55000000,207,198
793,0,793,AS-28,42,US,793,BlockApportionment:US.BlockGroups;PointsLayer:US.BlockPoints,2.19100000,2.57600000,1,121.00000000,1198.00000000,97.00000000,98,16.86000000,0.91000000,172,42,US,793,BlockApportionment:US.BlockGroups;PointsLayer:US.BlockPoints,2.19100000,2.57600000,1,14.66000000,2.73000000,8.75000000,26.03000000,0.00000000,3.52000000,0.44000000,7.25000000,156,152
794,0,794,AT-28,43,US,794,BlockApportionment:US.BlockGroups;PointsLayer:US.BlockPoints,2.19100000,2.57600000,1,159.00000000,2558.00000000,133.00000000,119,31.55000000,3.41000000,153,43,US,794,BlockApportionment:US.BlockGroups;PointsLayer:US.BlockPoints,2.19100000,2.57600000,1,13.61000000,9.51000000,6.03000000,17.44000000,1.42000000,2.50000000,3.44000000,11.68000000,140,141
795,0,795,AU-28,44,US,795,BlockApportionment:US.BlockGroups;PointsLayer:US.BlockPoints,2.19100000,2.57600000,1,125.00000000,2759.00000000,111.00000000,50,38.13000000,0.67000000,116,44,US,795,BlockApportionment:US.BlockGroups;PointsLayer:US.BlockPoints,2.19100000,2.57600000,1,36.92000000,5.77000000,5.53000000,22.64000000,1.76000000,3.93000000,1.06000000,17.28000000,105,107
796,0,796,AV-28,45,US,796,BlockApportionment:US.BlockGroups;PointsLayer:US.BlockPoints,2.19100000,2.57600000,1,0.00000000,0.00000000,0.00000000,0,0.00000000,0.00000000,0,45,US,796,BlockApportionment:US.BlockGroups;PointsLayer:US.BlockPoints,2.19100000,2.57600000,1,0.00000000,0.00000000,0.00000000,0.00000000,0.00000000,0.00000000,0.00000000,0.00000000,0,0
797,0,797,AW-28,46,US,797,BlockApportionment:US.BlockGroups;PointsLayer:US.BlockPoints,2.19100000,2.57600000,1,111.00000000,4257.00000000,117.00000000,145,75.48000000,1.10000000,76,46,US,797,BlockApportionment:US.BlockGroups;PointsLayer:US.BlockPoints,2.19100000,2.57600000,1,25.31000000,10.66000000,21.87000000,34.70000000,8.32000000,5.68000000,1.20000000,24.69000000,82,87
798,0,798,AX-28,47,US,798,BlockApportionment:US.BlockGroups;PointsLayer:US.BlockPoints,2.19100000,2.57600000,1,92.00000000,1738.00000000,101.00000000,202,40.45000000,1.78000000,146,47,US,798,BlockApportionment:US.BlockGroups;PointsLayer:US.BlockPoints,2.19100000,2.57600000,1,16.21000000,1.59000000,6.24000000,24.41000000,2.04000000,3.09000000,2.56000000,21.82000000,133,135
799,0,799,AY-28,48,US,799,BlockApportionment:US.BlockGroups;PointsLayer:US.BlockPoints,2.19100000,2.57600000,1,75.00000000,2417.00000000,93.00000000,98,41.79000000,8.41000000,131,48,US,799,BlockApportionment:US.BlockGroups;PointsLayer:US.BlockPoints,2.19100000,2.57600000,1,35.46000000,4.64000000,11.74000000,18.43000000,1.99000000,5.91000000,6.59000000,15.95000000,119,121
800,0,800,AZ-28,49,US,800,BlockApportionment:US.BlockGroups;PointsLayer:US.BlockPoints,2.19100000,2.57600000,1,105.00000000,2970.00000000,115.00000000,174,49.19000000,5.49000000,113,49,US,800,BlockApportionment:US.BlockGroups;PointsLayer:US.BlockPoints,2.19100000,2.57600000,1,31.35000000,12.00000000,11.49000000,22.75000000,7.13000000,3.94000000,4.59000000,13.68000000,118,124
801,0,801,BA-28,0,US,801,BlockApportionment:US.BlockGroups;PointsLayer:US.BlockPoints,2.19100000,2.57600000,1,81.00000000,2684.00000000,110.00000000,129,59.84000000,2.12000000,124,0,US,801,BlockApportionment:US.BlockGroups;PointsLayer:US.BlockPoints,2.19100000,2.57600000,1,26.21000000,4.64000000,12.66000000,23.25000000,4.43000000,3.93000000,2.93000000,17.32000000,127,134
802,0,802,BC-28,1,US,802,BlockApportionment:US.BlockGroups;PointsLayer:US.BlockPoints,2.19100000,2.57600000,1,106.00000000,4165.00000000,123.00000000,95,68.52000000,2.07000000,130,1,US,802,BlockApportionment:US.BlockGroups;PointsLayer:US.BlockPoints,2.19100000,2.57600000,1,23.03000000,5.17000000,10.72000000,21.37000000,3.88000000,4.52000000,2.47000000,21.35000000,109,113
803,0,803,BD-28,2,US,803,BlockApportionment:US.BlockGroups;PointsLayer:US.BlockPoints,2.19100000,2.57600000,1,110.00000000,2379.00000000,132.00000000,62,62.04000000,2.30000000,120,2,US,803,BlockApportionment:US.BlockGroups;PointsLayer:US.BlockPoints,2.19100000,2.57600000,1,13.08000000,4.65000000,20.13000000,36.94000000,1.51000000,7.85000000,2.50000000,16.43000000,129,136
804,0,804,BE-28,3,US,804,BlockApportionment:US.BlockGroups;PointsLayer:US.BlockPoints,2.19100000,2.57600000,1,69.00000000,3693.00000000,118.00000000,150,59.46000000,4.05000000,126,3,US,804,BlockApportionment:US.BlockGroups;PointsLayer:US.BlockPoints,2.19100000,2.57600000,1,21.58000000,5.06000000,9.43000000,18.74000000,1.98000000,2.96000000,4.49000000,16.74000000,118,122
805,0,805,AS-27,4,US,805,BlockApportionment:US.BlockGroups;PointsLayer:US.BlockPoints,2.19100000,2.57600000,1,171.00000000,221.00000000,140.00000000,195,43.44000000,0.00000000,110,4,US,805,BlockApportionment:US.BlockGroups;PointsLayer:US.BlockPoints,2.19100000,2.57600000,1,15.20000000,2.40000000,12.78000000,32.26000000,0.00000000,1.32000000,0.00000000,16.67000000,118,123
806,0,806,AT-27,5,US,806,BlockApportionment:US.BlockGroups;PointsLayer:US.BlockPoints,2.19100000,2.57600000,1,153.00000000,1557.00000000,129.00000000,57,44.64000000,0.78000000,127,5,US,806,BlockApportionment:US.BlockGroups;PointsLayer:US.BlockPoints,2.19100000,2.57600000,1,24.08000000,3.27000000,13.47000000,34.67000000,5.72000000,5.27000000,0.20000000,18.59000000,100,101
807,0,807,AU-27,6,US,807,BlockApportionment:US.BlockGroups;PointsLayer:US.BlockPoints,2.19100000,2.57600000,1,127.00000000,1709.00000000,121.00000000,67,29.55000000,0.89000000,141,6,US,807,BlockApportionment:US.BlockGroups;PointsLayer:US.BlockPoints,2.19100000,2.57600000,1,18.58000000,5.06000000,13.23000000,36.75000000,0.28000000,3.91000000,0.19000000,25.04000000,102,102
808,0,808,AV-27,7,US,808,BlockApportionment:US.BlockGroups;PointsLayer:US.BlockPoints,2.19100000,2.57600000,1,64.00000000,5752.00000000,79.00000000,119,31.71000000,1.59000000,69,7,US,808,BlockApportionment:US.BlockGroups;PointsLayer:US.BlockPoints,2.19100000,2.57600000,1,35.29000000,7.29000000,23.37000000,49.24000000,3.39000000,3.33000000,1.23000000,23.88000000,78,82
809,0,809,AW-27,8,US,809,BlockApportionment:US.BlockGroups;PointsLayer:US.BlockPoints,2.19100000,2.57600000,1,54.00000000,1380.00000000,88.00000000,100,28.48000000,3.68000000,182,8,US,809,BlockApportionment:US.BlockGroups;PointsLayer:US.BlockPoints,2.19100000,2.57600000,1,11.50000000,0.96000000,4.66000000,29.96000000,1.01000000,2.73000000,4.20000000,10.03000000,143,142
810,0,810,AX-27,9,US,810,BlockApportionment:US.BlockGroups;PointsLayer:US.BlockPoints,2.19100000,2.57600000,1,60.00000000,2073.00000000,78.00000000,62,30.44000000,0.81000000,151,9,US,810,BlockApportionment:US.BlockGroups;PointsLayer:US.BlockPoints,2.19100000,2.57600000,1,18.81000000,5.26000000,7.11000000,30.34000000,1.96000000,2.54000000,0.73000000,17.99000000,139,143
811,1,811,AY-27,10,US,811,BlockApportionment:US.BlockGroups;PointsLayer:US.BlockPoints,2.19100000,2.57600000,1,68.00000000,3142.00000000,90.00000000,62,31.32000000,3.11000000,131,10,US,811,BlockApportionment:US.BlockGroups;PointsLayer:US.BlockPoints,2.19100000,2.57600000,1,25.25000000,4.39000000,6.90000000,28.63000000,4.14000000,2.54000000,3.88000000,9.93000000,124,124
812,0,812,AZ-27,11,US,812,BlockApportionment:US.BlockGroups;PointsLayer:US.BlockPoints,2.19100000,2.57600000,1,89.00000000,2654.00000000,101.00000000,71,35.98000000,1.99000000,135,11,US,812,BlockApportionment:US.BlockGroups;PointsLayer:US.BlockPoints,2.19100000,2.57600000,1,23.21000000,6.97000000,7.23000000,17.52000000,2.64000000,2.76000000,1.91000000,9.06000000,127,133
813,0,813,BA-27,12,US,813,BlockApportionment:US.BlockGroups;PointsLayer:US.BlockPoints,2.19100000,2.57600000,1,69.00000000,2222.00000000,79.00000000,133,35.10000000,2.21000000,115,12,US,813,BlockApportionment:US.BlockGroups;PointsLayer:US.BlockPoints,2.19100000,2.57600000,1,29.75000000,2.48000000,8.12000000,12.03000000,2.44000000,1.25000000,2.13000000,18.92000000,122,129
814,0,814,AB-26,13,US,814,BlockApportionment:US.BlockGroups;PointsLayer:US.BlockPoints,2.19100000,2.57600000,1,138.00000000,232.00000000,92.00000000,119,7.33000000,0.62000000,253,13,US,814,BlockApportionment:US.BlockGroups;PointsLayer:US.BlockPoints,2.19100000,2.57600000,1,9.47000000,5.26000000,5.00000000,50.00000000,0.00000000,1.00000000,0.56000000,2.42000000,309,304
815,0,815,AD-26,14,US,815,BlockApportionment:US.BlockGroups;PointsLayer:US.BlockPoints,2.19100000,2.57600000,1,144.00000000,1152.00000000,91.00000000,231,9.98000000,0.78000000,253,14,US,815,BlockApportionment:US.BlockGroups;PointsLayer:US.BlockPoints,2.19100000,2.57600000,1,10.02000000,0.00000000,6.44000000,21.00000000,0.00000000,0.00000000,0.00000000,10.49000000,226,229
816,0,816,AE-26,15,US,816,BlockApportionment:US.BlockGroups;PointsLayer:US.BlockPoints,2.19100000,2.57600000,1,136.00000000,1057.00000000,90.00000000,233,10.03000000,2.86000000,250,15,US,816,BlockApportionment:US.BlockGroups;PointsLayer:US.BlockPoints,2.19100000,2.57600000,1,14.51000000,0.91000000,7.63000000,15.00000000,0.00000000,0.00000000,1.17000000,11.99000000,226,220
817,1,817,AF-26,16,US,817,BlockApportionment:US.BlockGroups;PointsLayer:US.BlockPoints,2.19100000,2.57600000,1,136.00000000,1121.00000000,98.00000000,81,11.69000000,8.85000000,246,16,US,817,BlockApportionment:US.BlockGroups;PointsLayer:US.BlockPoints,2.19100000,2.57600000,1,19.09000000,6.43000000,7.03000000,14.71000000,0.10000000,0.80000000,8.66000000,11.39000000,234,234
818,0,818,AG-26,17,US,818,BlockApportionment:US.BlockGroups;PointsLayer:US.BlockPoints,2.19100000,2.57600000,1,169.00000000,489.00000000,119.00000000,152,7.98000000,0.00000000,253,17,US,818,BlockApportionment:US.BlockGroups;PointsLayer:US.BlockPoints,2.19100000,2.57600000,1,14.69000000,4.27000000,10.80000000,24.56000000,0.00000000,0.00000000,0.00000000,11.46000000,262,253
819,0,819,AH-26,18,US,819,BlockApportionment:US.BlockGroups;PointsLayer:US.BlockPoints,2.19100000,2.57600000,1,178.00000000,662.00000000,112.00000000,157,14.20000000,0.00000000,129,18,US,819,BlockApportionment:US.BlockGroups;PointsLayer:US.BlockPoints,2.19100000,2.57600000,1,12.01000000,5.30000000,9.65000000,24.78000000,0.00000000,3.48000000,0.52000000,4.46000000,128,126
820,0,820,AI-26,19,US,820,BlockApportionment:US.BlockGroups;PointsLayer:US.BlockPoints,2.19100000,2.57600000,1,168.00000000,83.00000000,101.00000000,131,13.25000000,0.00000000,226,19,US,820,BlockApportionment:US.BlockGroups;PointsLayer:US.BlockPoints,2.19100000,2.57600000,1,10.42000000,2.08000000,4.00000000,20.00000000,0.00000000,1.33000000,1.56000000,0.00000000,220,208
821,0,821,AS-26,20,US,821,BlockApportionment:US.BlockGroups;PointsLayer:US.BlockPoints,2.19100000,2.57600000,1,207.00000000,2427.00000000,123.00000000,98,50.14000000,4.05000000,93,20,US,821,BlockApportionment:US.BlockGroups;PointsLayer:US.BlockPoints,2.19100000,2.57600000,1,16.97000000,6.53000000,13.01000000,33.23000000,2.96000000,4.63000000,5.00000000,7.37000000,93,94
822,0,822,AT-26,21,US,822,BlockApportionment:US.BlockGroups;PointsLayer:US.BlockPoints,2.19100000,2.57600000,1,90.00000000,3910.00000000,86.00000000,267,37.72000000,2.00000000,82,21,US,822,BlockApportionment:US.BlockGroups;PointsLayer:US.BlockPoints,2.19100000,2.57600000,1,25.25000000,1.56000000,11.59000000,36.27000000,10.84000000,9.16000000,2.35000000,21.97000000,77,78
823,0,823,AU-26,22,US,823,BlockApportionment:US.BlockGroups;PointsLayer:US.BlockPoints,2.19100000,2.57600000,1,88.00000000,4940.00000000,81.00000000,121,34.47000000,0.85000000,85,22,US,823,BlockApportionment:US.BlockGroups;PointsLayer:US.BlockPoints,2.19100000,2.57600000,1,26.52000000,6.20000000,15.81000000,35.61000000,2.98000000,7.00000000,0.90000000,33.80000000,73,73
824,0,824,AV-26,23,US,824,BlockApportionment:US.BlockGroups;PointsLayer:US.BlockPoints,2.19100000,2.57600000,1,55.00000000,7836.00000000,70.00000000,150,27.05000000,0.92000000,67,23,US,824,BlockApportionment:US.BlockGroups;PointsLayer:US.BlockPoints,2.19100000,2.57600000,1,35.24000000,8.30000000,24.76000000,47.75000000,5.42000000,3.86000000,0.62000000,24.74000000,69,71
825,0,825,AW-26,24,US,825,BlockApportionment:US.BlockGroups;PointsLayer:US.BlockPoints,2.19100000,2.57600000,1,48.00000000,2447.00000000,73.00000000,74,23.09000000,1.73000000,121,24,US,825,BlockApportionment:US.BlockGroups;PointsLayer:US.BlockPoints,2.19100000,2.57600000,1,17.76000000,0.57000000,13.22000000,26.47000000,0.48000000,1.65000000,1.08000000,14.91000000,114,119
826,0,826,AX-26,25,US,826,BlockApportionment:US.BlockGroups;PointsLayer:US.BlockPoints,2.19100000,2.57600000,1,73.00000000,4749.00000000,83.00000000,100,23.96000000,1.21000000,109,25,US,826,BlockApportionment:US.BlockGroups;PointsLayer:US.BlockPoints,2.19100000,2.57600000,1,23.14000000,4.29000000,10.45000000,28.17000000,0.59000000,2.20000000,1.25000000,16.30000000,97,98
827,0,827,AY-26,26,US,827,BlockApportionment:US.BlockGroups;PointsLayer:US.BlockPoints,2.19100000,2.57600000,1,73.00000000,1701.00000000,95.00000000,100,31.57000000,3.13000000,183,26,US,827,BlockApportionment:US.BlockGroups;PointsLayer:US.BlockPoints,2.19100000,2.57600000,1,23.29000000,3.51000000,5.69000000,29.31000000,1.79000000,2.25000000,2.79000000,10.52000000,159,158
828,0,828,AZ-26,27,US,828,BlockApportionment:US.BlockGroups;PointsLayer:US.BlockPoints,2.19100000,2.57600000,1,92.00000000,2821.00000000,111.00000000,83,30.84000000,1.05000000,135,27,US,828,BlockApportionment:US.BlockGroups;PointsLayer:US.BlockPoints,2.19100000,2.57600000,1,19.39000000,1.97000000,5.75000000,11.28000000,1.70000000,1.69000000,1.62000000,14.80000000,126,127
829,1,829,BA-26,28,US,829,BlockApportionment:US.BlockGroups;PointsLayer:US.BlockPoints,2.19100000,2.57600000,1,71.00000000,1781.00000000,89.00000000,231,35.93000000,4.45000000,129,28,US,829,BlockApportionment:US.BlockGroups;PointsLayer:US.BlockPoints,2.19100000,2.57600000,1,19.40000000,8.15000000,6.19000000,15.56000000,0.37000000,2.46000000,3.38000000,17.23000000,127,132
830,0,830,V-25,29,US,830,BlockApportionment:US.BlockGroups;PointsLayer:US.BlockPoints,2.19100000,2.57600000,1,150.00000000,1007.00000000,101.00000000,240,10.72000000,3.55000000,180,29,US,830,BlockApportionment:US.BlockGroups;PointsLayer:US.BlockPoints,2.19100000,2.57600000,1,11.90000000,0.00000000,4.00000000,21.97000000,0.57000000,0.71000000,2.49000000,6.04000000,215,215
831,0,831,Z-25,30,US,831,BlockApportionment:US.BlockGroups;PointsLayer:US.BlockPoints,2.19100000,2.57600000,1,169.00000000,2184.00000000,116.00000000,133,14.38000000,2.63000000,164,30,US,831,BlockApportionment:US.BlockGroups;PointsLayer:US.BlockPoints,2.19100000,2.57600000,1,18.40000000,1.04000000,4.84000000,29.38000000,0.19000000,0.49000000,3.14000000,7.04000000,189,190
832,0,832,AB-25,31,US,832,BlockApportionment:US.BlockGroups;PointsLayer:US.BlockPoints,2.19100000,2.57600000,1,103.00000000,1670.00000000,92.00000000,252,14.13000000,8.02000000,161,31,US,832,BlockApportionment:US.BlockGroups;PointsLayer:US.BlockPoints,2.19100000,2.57600000,1,9.60000000,1.89000000,5.49000000,13.39000000,0.00000000,1.77000000,7.21000000,10.54000000,176,179
833,0,833,AC-25,32,US,833,BlockApportionment:US.BlockGroups;PointsLayer:US.BlockPoints,2.19100000,2.57600000,1,96.00000000,981.00000000,66.00000000,102,10.09000000,2.92000000,253,32,US,833,BlockApportionment:US.BlockGroups;PointsLayer:US.BlockPoints,2.19100000,2.57600000,1,9.35000000,0.28000000,3.00000000,17.44000000,0.99000000,0.00000000,1.08000000,9.44000000,248,247
834,2,834,AD-25,33,US,834,BlockApportionment:US.BlockGroups;PointsLayer:US.BlockPoints,2.19100000,2.57600000,1,122.00000000,2380.00000000,100.00000000,126,12.10000000,2.99000000,150,33,US,834,BlockApportionment:US.BlockGroups;PointsLayer:US.BlockPoints,2.19100000,2.57600000,1,6.17000000,6.59000000,4.99000000,32.32000000,0.00000000,1.14000000,3.61000000,5.80000000,167,165
835,1,835,AE-25,34,US,835,BlockApportionment:US.BlockGroups;PointsLayer:US.BlockPoints,2.19100000,2.57600000,1,112.00000000,1798.00000000,80.00000000,136,11.68000000,15.21000000,189,34,US,835,BlockApportionment:US.BlockGroups;PointsLayer:US.BlockPoints,2.19100000,2.57600000,1,17.02000000,4.53000000,11.70000000,10.65000000,1.04000000,0.25000000,12.72000000,9.13000000,237,233
836,0,836,AF-25,35,US,836,BlockApportionment:US.BlockGroups;PointsLayer:US.BlockPoints,2.19100000,2.57600000,1,141.00000000,2323.00000000,116.00000000,131,15.24000000,1.82000000,173,35,US,836,BlockApportionment:US.BlockGroups;PointsLayer:US.BlockPoints,2.19100000,2.57600000,1,15.07000000,3.19000000,4.96000000,27.42000000,2.58000000,0.51000000,1.56000000,7.67000000,200,197
837,0,837,AG-25,36,US,837,BlockApportionment:US.BlockGroups;PointsLayer:US.BlockPoints,2.19100000,2.57600000,1,176.00000000,5173.00000000,105.00000000,160,15.33000000,0.70000000,124,36,US,837,BlockApportionment:US.BlockGroups;PointsLayer:US.BlockPoints,2.19100000,2.57600000,1,10.20000000,4.62000000,11.68000000,29.27000000,0.26000000,3.99000000,1.24000000,3.44000000,104,103
838,0,838,AH-25,37,US,838,BlockApportionment:US.BlockGroups;PointsLayer:US.BlockPoints,2.19100000,2.57600000,1,142.00000000,1819.00000000,99.00000000,140,17.98000000,3.73000000,135,37,US,838,BlockApportionment:US.BlockGroups;PointsLayer:US.BlockPoints,2.19100000,2.57600000,1,11.62000000,3.67000000,6.92000000,29.06000000,0.27000000,1.50000000,2.95000000,8.99000000,132,133
839,0,839,AI-25,38,US,839,BlockApportionment:US.BlockGroups;PointsLayer:US.BlockPoints,2.19100000,2.57600000,1,183.00000000,245.00000000,104.00000000,136,15.51000000,3.80000000,113,38,US,839,BlockApportionment:US.BlockGroups;PointsLayer:US.BlockPoints,2.19100000,2.57600000,1,35.09000000,0.00000000,0.00000000,33.33000000,0.00000000,0.00000000,4.50000000,18.00000000,149,153
840,0,840,AJ-25,39,US,840,BlockApportionment:US.BlockGroups;PointsLayer:US.BlockPoints,2.19100000,2.57600000,1,243.00000000,1022.00000000,110.00000000,502,15.95000000,1.41000000,76,39,US,840,BlockApportionment:US.BlockGroups;PointsLayer:US.BlockPoints,2.19100000,2.57600000,1,25.13000000,1.77000000,21.74000000,46.37000000,1.54000000,11.44000000,0.36000000,15.41000000,80,81
841,0,841,AR-25,40,US,841,BlockApportionment:US.BlockGroups;PointsLayer:US.BlockPoints,2.19100000,2.57600000,1,0.00000000,0.00000000,0.00000000,0,0.00000000,0.00000000,0,40,US,841,BlockApportionment:US.BlockGroups;PointsLayer:US.BlockPoints,2.19100000,2.57600000,1,0.00000000,0.00000000,0.00000000,0.00000000,0.00000000,0.00000000,0.00000000,0.00000000,0,0
842,0,842,AS-25,41,US,842,BlockApportionment:US.BlockGroups;PointsLayer:US.BlockPoints,2.19100000,2.57600000,1,223.00000000,29.00000000,123.00000000,119,44.83000000,4.55000000,0,41,US,842,BlockApportionment:US.BlockGroups;PointsLayer:US.BlockPoints,2.19100000,2.57600000,1,0.00000000,0.00000000,9.09000000,50.00000000,0.00000000,4.55000000,7.32000000,5.00000000,0,0
843,0,843,AT-25,42,US,843,BlockApportionment:US.BlockGroups;PointsLayer:US.BlockPoints,2.19100000,2.57600000,1,110.00000000,5670.00000000,96.00000000,138,22.72000000,2.64000000,98,42,US,843,BlockApportionment:US.BlockGroups;PointsLayer:US.BlockPoints,2.19100000,2.57600000,1,27.95000000,4.92000000,16.78000000,31.24000000,4.29000000,2.77000000,2.34000000,23.31000000,97,99
844,0,844,AU-25,43,US,844,BlockApportionment:US.BlockGroups;PointsLayer:US.BlockPoints,2.19100000,2.57600000,1,97.00000000,4329.00000000,88.00000000,95,28.46000000,0.89000000,67,43,US,844,BlockApportionment:US.BlockGroups;PointsLayer:US.BlockPoints,2.19100000,2.57600000,1,27.46000000,4.11000000,26.17000000,39.58000000,5.41000000,4.86000000,0.97000000,24.69000000,72,73
845,0,845,AV-25,44,US,845,BlockApportionment:US.BlockGroups;PointsLayer:US.BlockPoints,2.19100000,2.57600000,1,116.00000000,5186.00000000,100.00000000,107,15.41000000,0.76000000,58,44,US,845,BlockApportionment:US.BlockGroups;PointsLayer:US.BlockPoints,2.19100000,2.57600000,1,31.65000000,4.61000000,23.05000000,33.29000000,3.10000000,4.47000000,0.88000000,27.62000000,68,66
846,0,846,AW-25,45,US,846,BlockApportionment:US.BlockGroups;PointsLayer:US.BlockPoints,2.19100000,2.57600000,1,82.00000000,6609.00000000,91.00000000,202,20.71000000,2.08000000,79,45,US,846,BlockApportionment:US.BlockGroups;PointsLayer:US.BlockPoints,2.19100000,2.57600000,1,30.40000000,9.05000000,21.31000000,40.43000000,4.53000000,4.36000000,3.45000000,20.85000000,73,75
847,0,847,AX-25,46,US,847,BlockApportionment:US.BlockGroups;PointsLayer:US.BlockPoints,2.19100000,2.57600000,1,72.00000000,2504.00000000,73.00000000,162,31.19000000,3.44000000,101,46,US,847,BlockApportionment:US.BlockGroups;PointsLayer:US.BlockPoints,2.19100000,2.57600000,1,19.78000000,7.39000000,9.99000000,34.74000000,1.51000000,6.05000000,2.01000000,15.32000000,83,82
848,1,848,AY-25,47,US,848,BlockApportionment:US.BlockGroups;PointsLayer:US.BlockPoints,2.19100000,2.57600000,1,97.00000000,1294.00000000,116.00000000,90,30.29000000,2.91000000,148,47,US,848,BlockApportionment:US.BlockGroups;PointsLayer:US.BlockPoints,2.19100000,2.57600000,1,18.40000000,2.79000000,9.08000000,44.23000000,0.86000000,4.39000000,2.94000000,13.71000000,133,135
849,0,849,AZ-25,48,US,849,BlockApportionment:US.BlockGroups;PointsLayer:US.BlockPoints,2.19100000,2.57600000,1,84.00000000,610.00000000,99.00000000,95,21.80000000,4.07000000,179,48,US,849,BlockApportionment:US.BlockGroups;PointsLayer:US.BlockPoints,2.19100000,2.57600000,1,22.26000000,2.55000000,3.42000000,30.30000000,2.33000000,2.63000000,3.79000000,10.50000000,161,163
850,1,850,V-24,49,US,850,BlockApportionment:US.BlockGroups;PointsLayer:US.BlockPoints,2.19100000,2.57600000,1,152.00000000,4194.00000000,109.00000000,238,17.29000000,2.35000000,125,49,US,850,BlockApportionment:US.BlockGroups;PointsLayer:US.BlockPoints,2.19100000,2.57600000,1,18.65000000,2.25000000,11.19000000,28.84000000,0.28000000,7.34000000,2.38000000,6.29000000,124,125
851,1,851,W-24,0,US,851,BlockApportionment:US.BlockGroups;PointsLayer:US.BlockPoints,2.19100000,2.57600000,1,140.00000000,2967.00000000,99.00000000,88,12.61000000,2.28000000,145,0,US,851,BlockApportionment:US.BlockGroups;PointsLayer:US.BlockPoints,2.19100000,2.57600000,1,15.81000000,1.00000000,10.01000000,32.26000000,0.23000000,4.21000000,1.41000000,9.05000000,177,175
852,0,852,X-24,1,US,852,BlockApportionment:US.BlockGroups;PointsLayer:US.BlockPoints,2.19100000,2.57600000,1,159.00000000,3019.00000000,113.00000000,117,19.81000000,1.78000000,111,1,US,852,BlockApportionment:US.BlockGroups;PointsLayer:US.BlockPoints,2.19100000,2.57600000,1,5.01000000,1.75000000,12.77000000,21.83000000,0.61000000,1.95000000,1.48000000,11.70000000,109,109
853,0,853,Y-24,2,US,853,BlockApportionment:US.BlockGroups;PointsLayer:US.BlockPoints,2.19100000,2.57600000,1,165.00000000,3807.00000000,118.00000000,210,17.23000000,1.67000000,133,2,US,853,BlockApportionment:US.BlockGroups;PointsLayer:US.BlockPoints,2.19100000,2.57600000,1,14.53000000,4.19000000,5.57000000,28.25000000,1.30000000,2.31000000,1.72000000,10.61000000,130,130
854,1,854,Z-24,3,US,854,BlockApportionment:US.BlockGroups;PointsLayer:US.BlockPoints,2.19100000,2.57600000,1,121.00000000,3886.00000000,118.00000000,176,16.13000000,1.06000000,109,3,US,854,BlockApportionment:US.BlockGroups;PointsLayer:US.BlockPoints,2.19100000,2.57600000,1,12.52000000,8.88000000,7.38000000,38.54000000,0.29000000,0.36000000,1.80000000,6.90000000,135,136
855,0,855,AA-24,4,US,855,BlockApportionment:US.BlockGroups;PointsLayer:US.BlockPoints,2.19100000,2.57600000,1,111.00000000,3103.00000000,93.00000000,181,13.41000000,4.86000000,162,4,US,855,BlockApportionment:US.BlockGroups;PointsLayer:US.BlockPoints,2.19100000,2.57600000,1,11.37000000,2.48000000,7.91000000,20.65000000,0.44000000,1.28000000,5.10000000,7.00000000,150,148
856,0,856,AB-24,5,US,856,BlockApportionment:US.BlockGroups;PointsLayer:US.BlockPoints,2.19100000,2.57600000,1,124.00000000,2653.00000000,100.00000000,93,12.36000000,3.35000000,196,5,US,856,BlockApportionment:US.BlockGroups;PointsLayer:US.BlockPoints,2.19100000,2.57600000,1,26.25000000,4.99000000,9.02000000,20.75000000,1.91000000,2.73000000,4.80000000,9.07000000,171,168
857,0,857,AC-24,6,US,857,BlockApportionment:US.BlockGroups;PointsLayer:US.BlockPoints,2.19100000,2.57600000,1,69.00000000,2632.00000000,68.00000000,150,11.36000000,5.24000000,220,6,US,857,BlockApportionment:US.BlockGroups;PointsLayer:US.BlockPoints,2.19100000,2.57600000,1,11.76000000,1.70000000,2.47000000,17.86000000,1.61000000,3.03000000,4.71000000,10.27000000,240,233
858,0,858,AD-24,7,US,858,BlockApportionment:US.BlockGroups;PointsLayer:US.BlockPoints,2.19100000,2.57600000,1,107.00000000,2452.00000000,85.00000000,229,24.55000000,7.12000000,113,7,US,858,BlockApportionment:US.BlockGroups;PointsLayer:US.BlockPoints,2.19100000,2.57600000,1,9.16000000,5.81000000,6.17000000,48.34000000,0.00000000,2.73000000,4.64000000,10.59000000,96,97
859,0,859,AE-24,8,US,859,BlockApportionment:US.BlockGroups;PointsLayer:US.BlockPoints,2.19100000,2.57600000,1,91.00000000,3233.00000000,67.00000000,186,12.87000000,11.45000000,141,8,US,859,BlockApportionment:US.BlockGroups;PointsLayer:US.BlockPoints,2.19100000,2.57600000,1,15.07000000,4.18000000,11.54000000,15.49000000,0.16000000,3.59000000,11.41000000,4.59000000,152,152
860,2,860,AF-24,9,US,860,BlockApportionment:US.BlockGroups;PointsLayer:US.BlockPoints,2.19100000,2.57600000,1,161.00000000,1524.00000000,118.00000000,167,19.69000000,2.06000000,121,9,US,860,BlockApportionment:US.BlockGroups;PointsLayer:US.BlockPoints,2.19100000,2.57600000,1,16.92000000,2.59000000,5.95000000,30.22000000,1.54000000,1.43000000,1.19000000,8.13000000,117,117
861,2,861,AG-24,10,US,861,BlockApportionment:US.BlockGroups;PointsLayer:US.BlockPoints,2.19100000,2.57600000,1,131.00000000,3429.00000000,102.00000000,250,22.89000000,1.29000000,106,10,US,861,BlockApportionment:US.BlockGroups;PointsLayer:US.BlockPoints,2.19100000,2.57600000,1,3.27000000,1.03000000,8.76000000,47.71000000,0.00000000,3.81000000,0.76000000,8.06000000,100,102
862,1,862,AH-24,11,US,862,BlockApportionment:US.BlockGroups;PointsLayer:US.BlockPoints,2.19100000,2.57600000,1,115.00000000,2216.00000000,96.00000000,131,17.60000000,2.53000000,128,11,US,862,BlockApportionment:US.BlockGroups;PointsLayer:US.BlockPoints,2.19100000,2.57600000,1,9.29000000,7.45000000,8.28000000,25.34000000,2.18000000,1.81000000,1.72000000,10.34000000,133,133
863,1,863,AI-24,12,US,863,BlockApportionment:US.BlockGroups;PointsLayer:US.BlockPoints,2.19100000,2.57600000,1,121.00000000,1306.00000000,86.00000000,150,17.00000000,1.80000000,156,12,US,863,BlockApportionment:US.BlockGroups;PointsLayer:US.BlockPoints,2.19100000,2.57600000,1,24.66000000,1.37000000,3.85000000,25.08000000,2.83000000,0.76000000,1.61000000,8.32000000,170,171
864,0,864,AJ-24,13,US,864,BlockApportionment:US.BlockGroups;PointsLayer:US.BlockPoints,2.19100000,2.57600000,1,164.00000000,3385.00000000,89.00000000,143,17.02000000,4.46000000,124,13,US,864,BlockApportionment:US.BlockGroups;PointsLayer:US.BlockPoints,2.19100000,2.57600000,1,16.65000000,2.17000000,8.65000000,26.22000000,0.09000000,1.08000000,3.46000000,8.54000000,100,98
865,0,865,AK-24,14,US,865,BlockApportionment:US.BlockGroups;PointsLayer:US.BlockPoints,2.19100000,2.57600000,1,273.00000000,845.00000000,128.00000000,98,15.74000000,1.20000000,123,14,US,865,BlockApportionment:US.BlockGroups;PointsLayer:US.BlockPoints,2.19100000,2.57600000,1,23.88000000,0.25000000,7.94000000,28.16000000,0.28000000,1.22000000,1.15000000,27.91000000,116,114
866,0,866,AL-24,15,US,866,BlockApportionment:US.BlockGroups;PointsLayer:US.BlockPoints,2.19100000,2.57600000,1,278.00000000,338.00000000,131.00000000,0,15.68000000,1.33000000,166,15,US,866,BlockApportionment:US.BlockGroups;PointsLayer:US.BlockPoints,2.19100000,2.57600000,1,24.12000000,0.00000000,6.16000000,22.45000000,0.00000000,0.00000000,1.14000000,30.03000000,125,122
867,0,867,AN-24,16,US,867,BlockApportionment:US.BlockGroups;PointsLayer:US.BlockPoints,2.19100000,2.57600000,1,124.00000000,658.00000000,57.00000000,314,24.77000000,13.08000000,96,16,US,867,BlockApportionment:US.BlockGroups;PointsLayer:US.BlockPoints,2.19100000,2.57600000,1,3.82000000,0.00000000,5.73000000,58.33000000,0.00000000,0.00000000,8.74000000,11.21000000,96,95
868,0,868,AP-24,17,US,868,BlockApportionment:US.BlockGroups;PointsLayer:US.BlockPoints,2.19100000,2.57600000,1,279.00000000,11.00000000,137.00000000,0,36.36000000,0.00000000,0,17,US,868,BlockApportionment:US.BlockGroups;PointsLayer:US.BlockPoints,2.19100000,2.57600000,1,0.00000000,0.00000000,0.00000000,0.00000000,0.00000000,0.00000000,0.00000000,0.00000000,0,0
869,0,869,AQ-24,18,US,869,BlockApportionment:US.BlockGroups;PointsLayer:US.BlockPoints,2.19100000,2.57600000,1,279.00000000,10.00000000,137.00000000,0,40.00000000,0.00000000,0,18,US,869,BlockApportionment:US.BlockGroups;PointsLayer:US.BlockPoints,2.19100000,2.57600000,1,0.00000000,0.00000000,0.00000000,0.00000000,0.00000000,0.00000000,0.00000000,0.00000000,0,0
870,0,870,AR-24,19,US,870,BlockApportionment:US.BlockGroups;PointsLayer:US.BlockPoints,2.19100000,2.57600000,1,0.00000000,0.00000000,0.00000000,0,0.00000000,0.00000000,0,19,US,870,BlockApportionment:US.BlockGroups;PointsLayer:US.BlockPoints,2.19100000,2.57600000,1,0.00000000,0.00000000,0.00000000,0.00000000,0.00000000,0.00000000,0.00000000,0.00000000,0,0
871,0,871,AS-24,20,US,871,BlockApportionment:US.BlockGroups;PointsLayer:US.BlockPoints,2.19100000,2.57600000,1,79.00000000,2546.00000000,78.00000000,179,17.05000000,0.46000000,89,20,US,871,BlockApportionment:US.BlockGroups;PointsLayer:US.BlockPoints,2.19100000,2.57600000,1,37.39000000,4.19000000,14.79000000,47.50000000,6.41000000,7.56000000,0.70000000,18.15000000,98,101
872,0,872,AT-24,21,US,872,BlockApportionment:US.BlockGroups;PointsLayer:US.BlockPoints,2.19100000,2.57600000,1,91.00000000,6055.00000000,77.00000000,217,16.53000000,0.69000000,102,21,US,872,BlockApportionment:US.BlockGroups;PointsLayer:US.BlockPoints,2.19100000,2.57600000,1,22.12000000,2.86000000,21.90000000,39.00000000,2.73000000,7.66000000,0.53000000,17.76000000,98,100
873,0,873,AU-24,22,US,873,BlockApportionment:US.BlockGroups;PointsLayer:US.BlockPoints,2.19100000,2.57600000,1,109.00000000,6303.00000000,87.00000000,181,15.37000000,1.85000000,93,22,US,873,BlockApportionment:US.BlockGroups;PointsLayer:US.BlockPoints,2.19100000,2.57600000,1,23.56000000,3.90000000,21.70000000,39.45000000,2.00000000,2.76000000,1.34000000,21.15000000,88,88
874,0,874,AV-24,23,US,874,BlockApportionment:US.BlockGroups;PointsLayer:US.BlockPoints,2.19100000,2.57600000,1,98.00000000,5929.00000000,70.00000000,150,15.89000000,1.76000000,106,23,US,874,BlockApportionment:US.BlockGroups;PointsLayer:US.BlockPoints,2.19100000,2.57600000,1,21.04000000,1.95000000,15.93000000,27.95000000,1.72000000,3.96000000,1.80000000,17.64000000,97,98
875,0,875,AW-24,24,US,875,BlockApportionment:US.BlockGroups;PointsLayer:US.BlockPoints,2.19100000,2.57600000,1,69.00000000,8165.00000000,65.00000000,148,17.60000000,1.83000000,94,24,US,875,BlockApportionment:US.BlockGroups;PointsLayer:US.BlockPoints,2.19100000,2.57600000,1,28.72000000,6.82000000,19.41000000,43.68000000,3.59000000,3.61000000,2.07000000,26.40000000,78,78
876,0,876,AX-24,25,US,876,BlockApportionment:US.BlockGroups;PointsLayer:US.BlockPoints,2.19100000,2.57600000,1,80.00000000,1760.00000000,90.00000000,64,19.43000000,4.04000000,128,25,US,876,BlockApportionment:US.BlockGroups;PointsLayer:US.BlockPoints,2.19100000,2.57600000,1,26.63000000,10.14000000,12.49000000,22.48000000,2.87000000,2.68000000,5.70000000,8.94000000,134,139
877,0,877,AY-24,26,US,877,BlockApportionment:US.BlockGroups;PointsLayer:US.BlockPoints,2.19100000,2.57600000,1,103.00000000,524.00000000,99.00000000,174,25.57000000,3.99000000,98,26,US,877,BlockApportionment:US.BlockGroups;PointsLayer:US.BlockPoints,2.19100000,2.57600000,1,12.12000000,6.06000000,6.65000000,10.00000000,0.36000000,8.54000000,6.27000000,5.04000000,97,96
878,0,878,D-23,27,US,878,BlockApportionment:US.BlockGroups;PointsLayer:US.BlockPoints,2.19100000,2.57600000,1,114.00000000,1957.00000000,109.00000000,117,13.80000000,2.77000000,194,27,US,878,BlockApportionment:US.BlockGroups;PointsLayer:US.BlockPoints,2.19100000,2.57600000,1,12.27000000,3.57000000,9.07000000,20.81000000,0.25000000,1.86000000,5.01000000,13.22000000,157,152
879,0,879,F-23,28,US,879,BlockApportionment:US.BlockGroups;PointsLayer:US.BlockPoints,2.19100000,2.57600000,1,158.00000000,1243.00000000,106.00000000,167,14.56000000,1.79000000,144,28,US,879,BlockApportionment:US.BlockGroups;PointsLayer:US.BlockPoints,2.19100000,2.57600000,1,16.36000000,0.20000000,3.77000000,26.09000000,0.38000000,2.31000000,1.52000000,16.95000000,144,142
880,0,880,K-23,29,US,880,BlockApportionment:US.BlockGroups;PointsLayer:US.BlockPoints,2.19100000,2.57600000,1,91.00000000,669.00000000,76.00000000,214,5.38000000,4.10000000,224,29,US,880,BlockApportionment:US.BlockGroups;PointsLayer:US.BlockPoints,2.19100000,2.57600000,1,25.57000000,1.53000000,6.31000000,0.00000000,0.00000000,1.23000000,3.68000000,15.58000000,203,213
881,1,881,L-23,30,US,881,BlockApportionment:US.BlockGroups;PointsLayer:US.BlockPoints,2.19100000,2.57600000,1,101.00000000,862.00000000,82.00000000,167,5.68000000,4.01000000,217,30,US,881,BlockApportionment:US.BlockGroups;PointsLayer:US.BlockPoints,2.19100000,2.57600000,1,26.87000000,1.36000000,5.94000000,0.00000000,0.00000000,0.85000000,3.51000000,15.10000000,193,200
882,0,882,M-23,31,US,882,BlockApportionment:US.BlockGroups;PointsLayer:US.BlockPoints,2.19100000,2.57600000,1,102.00000000,629.00000000,84.00000000,152,8.43000000,2.65000000,165,31,US,882,BlockApportionment:US.BlockGroups;PointsLayer:US.BlockPoints,2.19100000,2.57600000,1,27.18000000,2.43000000,5.84000000,27.27000000,0.60000000,1.65000000,1.27000000,9.04000000,152,158
883,1,883,N-23,32,US,883,BlockApportionment:US.BlockGroups;PointsLayer:US.BlockPoints,2.19100000,2.57600000,1,111.00000000,1851.00000000,85.00000000,152,11.24000000,1.33000000,141,32,US,883,BlockApportionment:US.BlockGroups;PointsLayer:US.BlockPoints,2.19100000,2.57600000,1,23.37000000,3.63000000,5.98000000,45.96000000,0.68000000,3.78000000,0.98000000,13.67000000,142,142
884,0,884,O-23,33,US,884,BlockApportionment:US.BlockGroups;PointsLayer:US.BlockPoints,2.19100000,2.57600000,1,106.00000000,756.00000000,53.00000000,93,10.58000000,0.17000000,158,33,US,884,BlockApportionment:US.BlockGroups;PointsLayer:US.BlockPoints,2.19100000,2.57600000,1,9.69000000,1.04000000,1.93000000,16.10000000,0.17000000,3.59000000,0.16000000,18.26000000,143,144
885,1,885,R-23,34,US,885,BlockApportionment:US.BlockGroups;PointsLayer:US.BlockPoints,2.19100000,2.57600000,1,219.00000000,963.00000000,93.00000000,195,8.62000000,2.40000000,247,34,US,885,BlockApportionment:US.BlockGroups;PointsLayer:US.BlockPoints,2.19100000,2.57600000,1,24.13000000,0.00000000,4.62000000,19.01000000,0.00000000,0.57000000,2.05000000,10.18000000,185,179
886,0,886,T-23,35,US,886,BlockApportionment:US.BlockGroups;PointsLayer:US.BlockPoints,2.19100000,2.57600000,1,214.00000000,1393.00000000,120.00000000,86,11.56000000,2.49000000,157,35,US,886,BlockApportionment:US.BlockGroups;PointsLayer:US.BlockPoints,2.19100000,2.57600000,1,27.06000000,3.25000000,6.43000000,57.33000000,0.10000000,6.64000000,1.51000000,15.85000000,176,174
887,0,887,U-23,36,US,887,BlockApportionment:US.BlockGroups;PointsLayer:US.BlockPoints,2.19100000,2.57600000,1,199.00000000,2181.00000000,125.00000000,69,16.78000000,2.79000000,130,36,US,887,BlockApportionment:US.BlockGroups;PointsLayer:US.BlockPoints,2.19100000,2.57600000,1,16.01000000,7.24000000,9.64000000,31.35000000,0.47000000,2.10000000,2.33000000,11.13000000,146,152
888,0,888,V-23,37,US,888,BlockApportionment:US.BlockGroups;PointsLayer:US.BlockPoints,2.19100000,2.57600000,1,132.00000000,2726.00000000,107.00000000,129,19.19000000,1.75000000,144,37,US,888,BlockApportionment:US.BlockGroups;PointsLayer:US.BlockPoints,2.19100000,2.57600000,1,18.81000000,3.84000000,6.07000000,11.53000000,1.33000000,1.59000000,2.11000000,12.07000000,129,127
889,2,889,W-23,38,US,889,BlockApportionment:US.BlockGroups;PointsLayer:US.BlockPoints,2.19100000,2.57600000,1,150.00000000,3057.00000000,119.00000000,167,15.77000000,3.57000000,134,38,US,889,BlockApportionment:US.BlockGroups;PointsLayer:US.BlockPoints,2.19100000,2.57600000,1,15.12000000,4.60000000,11.69000000,22.39000000,0.45000000,1.17000000,3.46000000,12.37000000,112,112
890,0,890,X-23,39,US,890,BlockApportionment:US.BlockGroups;PointsLayer:US.BlockPoints,2.19100000,2.57600000,1,123.00000000,2923.00000000,85.00000000,317,17.52000000,4.15000000,124,39,US,890,BlockApportionment:US.BlockGroups;PointsLayer:US.BlockPoints,2.19100000,2.57600000,1,17.37000000,7.25000000,9.68000000,28.99000000,0.58000000,3.78000000,4.34000000,12.92000000,115,114
891,0,891,Y-23,40,US,891,BlockApportionment:US.BlockGroups;PointsLayer:US.BlockPoints,2.19100000,2.57600000,1,110.00000000,1229.00000000,100.00000000,169,19.28000000,1.95000000,166,40,US,891,BlockApportionment:US.BlockGroups;PointsLayer:US.BlockPoints,2.19100000,2.57600000,1,13.90000000,2.69000000,7.48000000,28.77000000,3.18000000,6.67000000,1.64000000,10.34000000,151,151
892,0,892,Z-23,41,US,892,BlockApportionment:US.BlockGroups;PointsLayer:US.BlockPoints,2.19100000,2.57600000,1,113.00000000,2380.00000000,119.00000000,81,21.09000000,6.18000000,102,41,US,892,BlockApportionment:US.BlockGroups;PointsLayer:US.BlockPoints,2.19100000,2.57600000,1,19.67000000,2.42000000,2.99000000,28.63000000,1.55000000,0.72000000,7.41000000,14.69000000,102,103
893,1,893,AA-23,42,US,893,BlockApportionment:US.BlockGroups;PointsLayer:US.BlockPoints,2.19100000,2.57600000,1,90.00000000,2646.00000000,85.00000000,274,15.99000000,2.95000000,149,42,US,893,BlockApportionment:US.BlockGroups;PointsLayer:US.BlockPoints,2.19100000,2.57600000,1,2.70000000,2.77000000,10.45000000,27.99000000,0.39000000,0.83000000,0.91000000,3.04000000,137,135
894,0,894,AB-23,43,US,894,BlockApportionment:US.BlockGroups;PointsLayer:US.BlockPoints,2.19100000,2.57600000,1,106.00000000,2658.00000000,104.00000000,71,17.38000000,0.62000000,137,43,US,894,BlockApportionment:US.BlockGroups;PointsLayer:US.BlockPoints,2.19100000,2.57600000,1,12.18000000,2.24000000,8.13000000,31.60000000,0.79000000,4.69000000,0.76000000,5.63000000,120,118
895,0,895,AC-23,44,US,895,BlockApportionment:US.BlockGroups;PointsLayer:US.BlockPoints,2.19100000,2.57600000,1,65.00000000,2091.00000000,64.00000000,131,16.31000000,1.18000000,137,44,US,895,BlockApportionment:US.BlockGroups;PointsLayer:US.BlockPoints,2.19100000,2.57600000,1,13.98000000,3.87000000,20.52000000,25.91000000,0.78000000,1.24000000,1.80000000,14.31000000,146,145
896,0,896,AD-23,45,US,896,BlockApportionment:US.BlockGroups;PointsLayer:US.BlockPoints,2.19100000,2.57600000,1,108.00000000,2351.00000000,94.00000000,121,18.42000000,1.85000000,166,45,US,896,BlockApportionment:US.BlockGroups;PointsLayer:US.BlockPoints,2.19100000,2.57600000,1,16.68000000,0.79000000,5.77000000,23.02000000,1.27000000,1.47000000,2.52000000,9.21000000,162,159
897,0,897,AE-23,46,US,897,BlockApportionment:US.BlockGroups;PointsLayer:US.BlockPoints,2.19100000,2.57600000,1,100.00000000,2461.00000000,116.00000000,210,21.94000000,5.82000000,125,46,US,897,BlockApportionment:US.BlockGroups;PointsLayer:US.BlockPoints,2.19100000,2.57600000,1,23.13000000,2.43000000,6.35000000,20.81000000,1.46000000,5.43000000,2.69000000,13.37000000,119,120
898,1,898,AF-23,47,US,898,BlockApportionment:US.BlockGroups;PointsLayer:US.BlockPoints,2.19100000,2.57600000,1,142.00000000,5190.00000000,94.00000000,171,25.76000000,1.15000000,101,47,US,898,BlockApportionment:US.BlockGroups;PointsLayer:US.BlockPoints,2.19100000,2.57600000,1,10.39000000,5.29000000,13.12000000,31.82000000,1.51000000,4.84000000,0.91000000,8.76000000,80,78
899,5,899,AG-23,48,US,899,BlockApportionment:US.BlockGroups;PointsLayer:US.BlockPoints,2.19100000,2.57600000,1,146.00000000,5351.00000000,112.00000000,243,21.49000000,0.66000000,104,48,US,899,BlockApportionment:US.BlockGroups;PointsLayer:US.BlockPoints,2.19100000,2.57600000,1,15.41000000,4.84000000,16.12000000,26.63000000,0.66000000,1.98000000,0.62000000,8.08000000,95,94
900,0,900,AH-23,49,US,900,BlockApportionment:US.BlockGroups;PointsLayer:US.BlockPoints,2.19100000,2.57600000,1,86.00000000,2616.00000000,100.00000000,131,27.26000000,4.70000000,110,49,US,900,BlockApportionment:US.BlockGroups;PointsLayer:US.BlockPoints,2.19100000,2.57600000,1,19.18000000,8.92000000,7.73000000,29.51000000,2.02000000,4.77000000,4.49000000,14.80000000,124,125
901,0,901,AI-23,0,US,901,BlockApportionment:US.BlockGroups;PointsLayer:US.BlockPoints,2.19100000,2.57600000,1,72.00000000,1964.00000000,79.00000000,160,17.11000000,3.04000000,138,0,US,901,BlockApportionment:US.BlockGroups;PointsLayer:US.BlockPoints,2.19100000,2.57600000,1,12.61000000,8.79000000,9.09000000,27.21000000,2.48000000,2.41000000,3.10000000,13.68000000,149,149
902,0,902,AJ-23,1,US,902,BlockApportionment:US.BlockGroups;PointsLayer:US.BlockPoints,2.19100000,2.57600000,1,99.00000000,2181.00000000,91.00000000,117,24.62000000,2.57000000,158,1,US,902,BlockApportionment:US.BlockGroups;PointsLayer:US.BlockPoints,2.19100000,2.57600000,1,18.31000000,3.81000000,7.27000000,23.55000000,0.99000000,2.82000000,1.64000000,9.36000000,147,145
903,0,903,AK-23,2,US,903,BlockApportionment:US.BlockGroups;PointsLayer:US.BlockPoints,2.19100000,2.57600000,1,160.00000000,2245.00000000,110.00000000,152,22.67000000,0.88000000,136,2,US,903,BlockApportionment:US.BlockGroups;PointsLayer:US.BlockPoints,2.19100000,2.57600000,1,17.77000000,3.03000000,7.32000000,24.36000000,0.30000000,0.87000000,0.89000000,12.21000000,143,143
904,0,904,AL-23,3,US,904,BlockApportionment:US.BlockGroups;PointsLayer:US.BlockPoints,2.19100000,2.57600000,1,124.00000000,2462.00000000,99.00000000,114,23.72000000,1.18000000,143,3,US,904,BlockApportionment:US.BlockGroups;PointsLayer:US.BlockPoints,2.19100000,2.57600000,1,32.05000000,1.40000000,9.99000000,25.10000000,0.30000000,0.65000000,1.95000000,11.57000000,127,128
905,0,905,AM-23,4,US,905,BlockApportionment:US.BlockGroups;PointsLayer:US.BlockPoints,2.19100000,2.57600000,1,94.00000000,878.00000000,89.00000000,121,18.45000000,8.25000000,200,4,US,905,BlockApportionment:US.BlockGroups;PointsLayer:US.BlockPoints,2.19100000,2.57600000,1,33.55000000,0.43000000,4.17000000,35.33000000,0.00000000,0.00000000,7.68000000,12.90000000,152,153
906,0,906,AN-23,5,US,906,BlockApportionment:US.BlockGroups;PointsLayer:US.BlockPoints,2.19100000,2.57600000,1,107.00000000,1570.00000000,82.00000000,148,24.59000000,7.53000000,134,5,US,906,BlockApportionment:US.BlockGroups;PointsLayer:US.BlockPoints,2.19100000,2.57600000,1,12.74000000,1.02000000,6.54000000,14.96000000,1.11000000,0.51000000,7.13000000,11.08000000,123,123
907,0,907,AO-23,6,US,907,BlockApportionment:US.BlockGroups;PointsLayer:US.BlockPoints,2.19100000,2.57600000,1,92.00000000,439.00000000,87.00000000,148,41.69000000,1.69000000,107,6,US,907,BlockApportionment:US.BlockGroups;PointsLayer:US.BlockPoints,2.19100000,2.57600000,1,17.22000000,1.32000000,10.59000000,37.96000000,3.47000000,4.93000000,0.59000000,15.28000000,98,101
908,0,908,AP-23,7,US,908,BlockApportionment:US.BlockGroups;PointsLayer:US.BlockPoints,2.19100000,2.57600000,1,90.00000000,2213.00000000,87.00000000,167,41.21000000,2.69000000,107,7,US,908,BlockApportionment:US.BlockGroups;PointsLayer:US.BlockPoints,2.19100000,2.57600000,1,18.25000000,4.06000000,11.02000000,40.33000000,3.65000000,5.30000000,1.65000000,16.30000000,99,104
909,0,909,AQ-23,8,US,909,BlockApportionment:US.BlockGroups;PointsLayer:US.BlockPoints,2.19100000,2.57600000,1,117.00000000,483.00000000,105.00000000,219,30.64000000,6.98000000,80,8,US,909,BlockApportionment:US.BlockGroups;PointsLayer:US.BlockPoints,2.19100000,2.57600000,1,26.61000000,5.58000000,10.77000000,49.66000000,10.03000000,5.62000000,5.51000000,17.48000000,90,91
910,0,910,AS-23,9,US,910,BlockApportionment:US.BlockGroups;PointsLayer:US.BlockPoints,2.19100000,2.57600000,1,75.00000000,2567.00000000,86.00000000,126,18.58000000,1.80000000,111,9,US,910,BlockApportionment:US.BlockGroups;PointsLayer:US.BlockPoints,2.19100000,2.57600000,1,34.78000000,4.69000000,13.30000000,35.18000000,4.17000000,3.39000000,1.11000000,21.74000000,119,125
911,0,911,AU-23,10,US,911,BlockApportionment:US.BlockGroups;PointsLayer:US.BlockPoints,2.19100000,2.57600000,1,94.00000000,3361.00000000,64.00000000,57,16.42000000,2.60000000,109,10,US,911,BlockApportionment:US.BlockGroups;PointsLayer:US.BlockPoints,2.19100000,2.57600000,1,23.54000000,4.16000000,15.05000000,40.80000000,0.90000000,3.94000000,1.57000000,19.14000000,96,97
912,0,912,AW-23,11,US,912,BlockApportionment:US.BlockGroups;PointsLayer:US.BlockPoints,2.19100000,2.57600000,1,63.00000000,1664.00000000,72.00000000,181,20.91000000,1.65000000,125,11,US,912,BlockApportionment:US.BlockGroups;PointsLayer:US.BlockPoints,2.19100000,2.57600000,1,25.85000000,2.85000000,12.78000000,28.44000000,4.81000000,0.61000000,3.31000000,25.37000000,121,121
913,0,913,C-22,12,US,913,BlockApportionment:US.BlockGroups;PointsLayer:US.BlockPoints,2.19100000,2.57600000,1,87.00000000,1213.00000000,100.00000000,76,14.43000000,1.64000000,199,12,US,913,BlockApportionment:US.BlockGroups;PointsLayer:US.BlockPoints,2.19100000,2.57600000,1,13.52000000,5.13000000,6.91000000,21.68000000,0.88000000,4.35000000,1.60000000,5.73000000,167,168
914,1,914,D-22,13,US,914,BlockApportionment:US.BlockGroups;PointsLayer:US.BlockPoints,2.19100000,2.57600000,1,129.00000000,1779.00000000,104.00000000,167,16.47000000,1.89000000,134,13,US,914,BlockApportionment:US.BlockGroups;PointsLayer:US.BlockPoints,2.19100000,2.57600000,1,10.90000000,7.21000000,14.84000000,39.91000000,0.61000000,3.59000000,3.03000000,8.08000000,100,100
915,0,915,E-22,14,US,915,BlockApportionment:US.BlockGroups;PointsLayer:US.BlockPoints,2.19100000,2.57600000,1,153.00000000,1545.00000000,119.00000000,93,14.05000000,1.52000000,170,14,US,915,BlockApportionment:US.BlockGroups;PointsLayer:US.BlockPoints,2.19100000,2.57600000,1,16.40000000,1.61000000,3.39000000,23.39000000,0.39000000,2.53000000,2.51000000,18.81000000,158,155
916,0,916,F-22,15,US,916,BlockApportionment:US.BlockGroups;PointsLayer:US.BlockPoints,2.19100000,2.57600000,1,188.00000000,131.00000000,109.00000000,119,12.98000000,3.26000000,136,15,US,916,BlockApportionment:US.BlockGroups;PointsLayer:US.BlockPoints,2.19100000,2.57600000,1,13.16000000,0.00000000,6.54000000,8.33000000,1.12000000,2.80000000,3.16000000,23.60000000,123,123
917,1,917,G-22,16,US,917,BlockApportionment:US.BlockGroups;PointsLayer:US.BlockPoints,2.19100000,2.57600000,1,126.00000000,2315.00000000,79.00000000,202,12.70000000,2.55000000,147,16,US,917,BlockApportionment:US.BlockGroups;PointsLayer:US.BlockPoints,2.19100000,2.57600000,1,15.90000000,1.68000000,17.85000000,43.30000000,0.00000000,0.33000000,1.41000000,7.28000000,130,130
918,0,918,H-22,17,US,918,BlockApportionment:US.BlockGroups;PointsLayer:US.BlockPoints,2.19100000,2.57600000,1,144.00000000,674.00000000,85.00000000,162,16.17000000,4.30000000,114,17,US,918,BlockApportionment:US.BlockGroups;PointsLayer:US.BlockPoints,2.19100000,2.57600000,1,13.12000000,1.56000000,11.21000000,38.34000000,5.36000000,0.39000000,2.49000000,7.44000000,105,107
919,0,919,J-22,18,US,919,BlockApportionment:US.BlockGroups;PointsLayer:US.BlockPoints,2.19100000,2.57600000,1,152.00000000,927.00000000,96.00000000,140,8.31000000,3.22000000,221,18,US,919,BlockApportionment:US.BlockGroups;PointsLayer:US.BlockPoints,2.19100000,2.57600000,1,21.59000000,2.22000000,8.63000000,75.00000000,1.77000000,3.86000000,3.99000000,12.90000000,201,210
920,0,920,K-22,19,US,920,BlockApportionment:US.BlockGroups;PointsLayer:US.BlockPoints,2.19100000,2.57600000,1,124.00000000,602.00000000,82.00000000,71,6.64000000,3.50000000,222,19,US,920,BlockApportionment:US.BlockGroups;PointsLayer:US.BlockPoints,2.19100000,2.57600000,1,34.35000000,0.38000000,19.11000000,66.67000000,0.00000000,2.03000000,3.83000000,9.25000000,196,204
921,0,921,L-22,20,US,921,BlockApportionment:US.BlockGroups;PointsLayer:US.BlockPoints,2.19100000,2.57600000,1,217.00000000,2193.00000000,142.00000000,36,26.36000000,3.94000000,99,20,US,921,BlockApportionment:US.BlockGroups;PointsLayer:US.BlockPoints,2.19100000,2.57600000,1,20.85000000,4.91000000,5.89000000,32.86000000,3.05000000,4.23000000,3.31000000,19.93000000,112,116
922,1,922,M-22,21,US,922,BlockApportionment:US.BlockGroups;PointsLayer:US.BlockPoints,2.19100000,2.57600000,1,149.00000000,2201.00000000,106.00000000,121,9.31000000,4.84000000,138,21,US,922,BlockApportionment:US.BlockGroups;PointsLayer:US.BlockPoints,2.19100000,2.57600000,1,34.87000000,3.08000000,7.96000000,32.89000000,0.00000000,0.84000000,1.57000000,12.78000000,125,128
923,0,923,N-22,22,US,923,BlockApportionment:US.BlockGroups;PointsLayer:US.BlockPoints,2.19100000,2.57600000,1,89.00000000,8269.00000000,51.00000000,174,18.39000000,0.76000000,75,22,US,923,BlockApportionment:US.BlockGroups;PointsLayer:US.BlockPoints,2.19100000,2.57600000,1,22.01000000,2.74000000,12.97000000,37.29000000,2.45000000,3.75000000,0.91000000,15.16000000,71,72
924,0,924,O-22,23,US,924,BlockApportionment:US.BlockGroups;PointsLayer:US.BlockPoints,2.19100000,2.57600000,1,94.00000000,2975.00000000,38.00000000,160,12.57000000,1.08000000,102,23,US,924,BlockApportionment:US.BlockGroups;PointsLayer:US.BlockPoints,2.19100000,2.57600000,1,17.10000000,2.45000000,7.49000000,24.04000000,1.00000000,3.70000000,0.87000000,11.77000000,95,96
925,1,925,P-22,24,US,925,BlockApportionment:US.BlockGroups;PointsLayer:US.BlockPoints,2.19100000,2.57600000,1,131.00000000,1673.00000000,61.00000000,131,17.87000000,2.43000000,128,24,US,925,BlockApportionment:US.BlockGroups;PointsLayer:US.BlockPoints,2.19100000,2.57600000,1,26.67000000,1.56000000,5.37000000,24.03000000,0.55000000,1.17000000,1.30000000,10.10000000,139,144
926,0,926,Q-22,25,US,926,BlockApportionment:US.BlockGroups;PointsLayer:US.BlockPoints,2.19100000,2.57600000,1,122.00000000,2071.00000000,58.00000000,269,11.01000000,1.22000000,178,25,US,926,BlockApportionment:US.BlockGroups;PointsLayer:US.BlockPoints,2.19100000,2.57600000,1,21.67000000,0.23000000,8.77000000,26.98000000,1.37000000,0.95000000,1.88000000,10.92000000,188,188
927,0,927,R-22,26,US,927,BlockApportionment:US.BlockGroups;PointsLayer:US.BlockPoints,2.19100000,2.57600000,1,0.00000000,0.00000000,0.00000000,0,0.00000000,0.00000000,0,26,US,927,BlockApportionment:US.BlockGroups;PointsLayer:US.BlockPoints,2.19100000,2.57600000,1,0.00000000,0.00000000,0.00000000,0.00000000,0.00000000,0.00000000,0.00000000,0.00000000,0,0
928,0,928,S-22,27,US,928,BlockApportionment:US.BlockGroups;PointsLayer:US.BlockPoints,2.19100000,2.57600000,1,241.00000000,340.00000000,111.00000000,86,9.12000000,1.13000000,231,27,US,928,BlockApportionment:US.BlockGroups;PointsLayer:US.BlockPoints,2.19100000,2.57600000,1,18.07000000,9.64000000,9.06000000,20.59000000,0.00000000,10.63000000,0.52000000,6.67000000,158,157
929,0,929,T-22,28,US,929,BlockApportionment:US.BlockGroups;PointsLayer:US.BlockPoints,2.19100000,2.57600000,1,0.00000000,0.00000000,0.00000000,0,0.00000000,0.00000000,0,28,US,929,BlockApportionment:US.BlockGroups;PointsLayer:US.BlockPoints,2.19100000,2.57600000,1,0.00000000,0.00000000,0.00000000,0.00000000,0.00000000,0.00000000,0.00000000,0.00000000,0,0
930,1,930,U-22,29,US,930,BlockApportionment:US.BlockGroups;PointsLayer:US.BlockPoints,2.19100000,2.57600000,1,163.00000000,3459.00000000,85.00000000,143,20.38000000,2.22000000,106,29,US,930,BlockApportionment:US.BlockGroups;PointsLayer:US.BlockPoints,2.19100000,2.57600000,1,11.84000000,1.35000000,13.03000000,26.88000000,0.42000000,2.37000000,1.70000000,7.59000000,105,105
931,0,931,V-22,30,US,931,BlockApportionment:US.BlockGroups;PointsLayer:US.BlockPoints,2.19100000,2.57600000,1,80.00000000,2883.00000000,80.00000000,86,25.42000000,3.35000000,147,30,US,931,BlockApportionment:US.BlockGroups;PointsLayer:US.BlockPoints,2.19100000,2.57600000,1,21.83000000,1.80000000,3.70000000,23.38000000,3.33000000,2.37000000,4.05000000,12.96000000,136,134
932,0,932,W-22,31,US,932,BlockApportionment:US.BlockGroups;PointsLayer:US.BlockPoints,2.19100000,2.57600000,1,141.00000000,2845.00000000,103.00000000,229,19.16000000,1.78000000,139,31,US,932,BlockApportionment:US.BlockGroups;PointsLayer:US.BlockPoints,2.19100000,2.57600000,1,28.27000000,3.51000000,7.25000000,23.11000000,0.82000000,2.31000000,1.55000000,8.07000000,121,121
933,0,933,X-22,32,US,933,BlockApportionment:US.BlockGroups;PointsLayer:US.BlockPoints,2.19100000,2.57600000,1,68.00000000,2783.00000000,54.00000000,81,21.45000000,1.67000000,149,32,US,933,BlockApportionment:US.BlockGroups;PointsLayer:US.BlockPoints,2.19100000,2.57600000,1,17.26000000,3.67000000,8.65000000,34.06000000,2.58000000,0.72000000,1.09000000,13.43000000,121,120
934,0,934,Y-22,33,US,934,BlockApportionment:US.BlockGroups;PointsLayer:US.BlockPoints,2.19100000,2.57600000,1,98.00000000,1811.00000000,98.00000000,167,17.61000000,2.47000000,171,33,US,934,BlockApportionment:US.BlockGroups;PointsLayer:US.BlockPoints,2.19100000,2.57600000,1,16.55000000,2.44000000,6.62000000,31.21000000,3.81000000,4.49000000,2.53000000,5.63000000,153,155
935,0,935,Z-22,34,US,935,BlockApportionment:US.BlockGroups;PointsLayer:US.BlockPoints,2.19100000,2.57600000,1,99.00000000,1786.00000000,118.00000000,74,18.53000000,2.52000000,144,34,US,935,BlockApportionment:US.BlockGroups;PointsLayer:US.BlockPoints,2.19100000,2.57600000,1,14.02000000,5.50000000,12.63000000,29.89000000,0.93000000,0.90000000,2.63000000,13.04000000,125,127
936,0,936,AA-22,35,US,936,BlockApportionment:US.BlockGroups;PointsLayer:US.BlockPoints,2.19100000,2.57600000,1,59.00000000,1571.00000000,75.00000000,105,15.34000000,2.71000000,169,35,US,936,BlockApportionment:US.BlockGroups;PointsLayer:US.BlockPoints,2.19100000,2.57600000,1,19.63000000,5.03000000,6.09000000,47.41000000,0.68000000,0.64000000,2.03000000,7.52000000,144,142
937,0,937,AB-22,36,US,937,BlockApportionment:US.BlockGroups;PointsLayer:US.BlockPoints,2.19100000,2.57600000,1,63.00000000,2624.00000000,73.00000000,69,16.96000000,2.28000000,115,36,US,937,BlockApportionment:US.BlockGroups;PointsLayer:US.BlockPoints,2.19100000,2.57600000,1,24.33000000,4.33000000,6.08000000,33.39000000,0.42000000,3.36000000,2.35000000,16.48000000,120,122
938,0,938,AC-22,37,US,938,BlockApportionment:US.BlockGroups;PointsLayer:US.BlockPoints,2.19100000,2.57600000,1,85.00000000,4498.00000000,91.00000000,157,22.39000000,2.57000000,108,37,US,938,BlockApportionment:US.BlockGroups;PointsLayer:US.BlockPoints,2.19100000,2.57600000,1,22.28000000,4.33000000,15.77000000,38.44000000,3.40000000,1.71000000,2.56000000,16.77000000,94,93
939,0,939,AD-22,38,US,939,BlockApportionment:US.BlockGroups;PointsLayer:US.BlockPoints,2.19100000,2.57600000,1,151.00000000,3713.00000000,128.00000000,188,25.15000000,1.95000000,95,38,US,939,BlockApportionment:US.BlockGroups;PointsLayer:US.BlockPoints,2.19100000,2.57600000,1,21.38000000,4.39000000,12.51000000,15.66000000,5.64000000,1.32000000,3.02000000,12.45000000,79,78
940,1,940,AE-22,39,US,940,BlockApportionment:US.BlockGroups;PointsLayer:US.BlockPoints,2.19100000,2.57600000,1,143.00000000,2547.00000000,116.00000000,226,23.09000000,1.26000000,113,39,US,940,BlockApportionment:US.BlockGroups;PointsLayer:US.BlockPoints,2.19100000,2.57600000,1,13.10000000,3.03000000,12.81000000,36.69000000,1.20000000,4.71000000,3.64000000,10.72000000,100,100
941,5,941,AF-22,40,US,941,BlockApportionment:US.BlockGroups;PointsLayer:US.BlockPoints,2.19100000,2.57600000,1,143.00000000,3771.00000000,92.00000000,143,39.96000000,0.44000000,88,40,US,941,BlockApportionment:US.BlockGroups;PointsLayer:US.BlockPoints,2.19100000,2.57600000,1,16.22000000,0.74000000,11.14000000,27.27000000,1.85000000,3.54000000,1.68000000,12.79000000,88,87
942,8,942,AG-22,41,US,942,BlockApportionment:US.BlockGroups;PointsLayer:US.BlockPoints,2.19100000,2.57600000,1,162.00000000,6639.00000000,103.00000000,169,27.23000000,1.20000000,72,41,US,942,BlockApportionment:US.BlockGroups;PointsLayer:US.BlockPoints,2.19100000,2.57600000,1,25.43000000,7.69000000,21.30000000,35.06000000,1.49000000,1.96000000,1.32000000,9.36000000,72,71
943,1,943,AH-22,42,US,943,BlockApportionment:US.BlockGroups;PointsLayer:US.BlockPoints,2.19100000,2.57600000,1,137.00000000,3656.00000000,107.00000000,33,39.33000000,2.34000000,78,42,US,943,BlockApportionment:US.BlockGroups;PointsLayer:US.BlockPoints,2.19100000,2.57600000,1,22.64000000,3.01000000,15.87000000,32.92000000,2.89000000,1.81000000,1.30000000,14.09000000,73,73
944,0,944,AI-22,43,US,944,BlockApportionment:US.BlockGroups;PointsLayer:US.BlockPoints,2.19100000,2.57600000,1,117.00000000,2532.00000000,106.00000000,45,24.68000000,3.31000000,134,43,US,944,BlockApportionment:US.BlockGroups;PointsLayer:US.BlockPoints,2.19100000,2.57600000,1,15.81000000,3.98000000,7.32000000,14.08000000,3.14000000,4.52000000,2.90000000,17.10000000,129,131
945,0,945,AJ-22,44,US,945,BlockApportionment:US.BlockGroups;PointsLayer:US.BlockPoints,2.19100000,2.57600000,1,106.00000000,1762.00000000,95.00000000,62,26.50000000,2.90000000,150,44,US,945,BlockApportionment:US.BlockGroups;PointsLayer:US.BlockPoints,2.19100000,2.57600000,1,17.97000000,3.16000000,7.05000000,21.15000000,0.14000000,2.23000000,2.78000000,11.80000000,126,125
946,0,946,AK-22,45,US,946,BlockApportionment:US.BlockGroups;PointsLayer:US.BlockPoints,2.19100000,2.57600000,1,80.00000000,2359.00000000,77.00000000,93,25.14000000,3.15000000,161,45,US,946,BlockApportionment:US.BlockGroups;PointsLayer:US.BlockPoints,2.19100000,2.57600000,1,18.95000000,1.08000000,7.82000000,17.06000000,0.72000000,2.44000000,2.89000000,8.63000000,137,132
947,0,947,AL-22,46,US,947,BlockApportionment:US.BlockGroups;PointsLayer:US.BlockPoints,2.19100000,2.57600000,1,73.00000000,1928.00000000,73.00000000,43,28.32000000,5.89000000,192,46,US,947,BlockApportionment:US.BlockGroups;PointsLayer:US.BlockPoints,2.19100000,2.57600000,1,27.42000000,6.33000000,4.86000000,23.71000000,3.97000000,1.28000000,7.86000000,13.59000000,161,161
948,0,948,AM-22,47,US,948,BlockApportionment:US.BlockGroups;PointsLayer:US.BlockPoints,2.19100000,2.57600000,1,107.00000000,2001.00000000,101.00000000,143,23.34000000,2.74000000,136,47,US,948,BlockApportionment:US.BlockGroups;PointsLayer:US.BlockPoints,2.19100000,2.57600000,1,17.64000000,4.30000000,8.68000000,26.73000000,0.00000000,0.00000000,3.62000000,9.60000000,123,123
949,0,949,C-21,48,US,949,BlockApportionment:US.BlockGroups;PointsLayer:US.BlockPoints,2.19100000,2.57600000,1,65.00000000,1553.00000000,49.00000000,64,15.58000000,3.12000000,145,48,US,949,BlockApportionment:US.BlockGroups;PointsLayer:US.BlockPoints,2.19100000,2.57600000,1,21.23000000,1.70000000,6.51000000,30.66000000,2.16000000,3.44000000,2.20000000,14.67000000,141,140
950,0,950,D-21,49,US,950,BlockApportionment:US.BlockGroups;PointsLayer:US.BlockPoints,2.19100000,2.57600000,1,153.00000000,3190.00000000,81.00000000,302,15.30000000,3.31000000,132,49,US,950,BlockApportionment:US.BlockGroups;PointsLayer:US.BlockPoints,2.19100000,2.57600000,1,20.46000000,14.77000000,11.48000000,35.23000000,0.28000000,2.79000000,3.87000000,12.19000000,108,109
951,0,951,E-21,0,US,951,BlockApportionment:US.BlockGroups;PointsLayer:US.BlockPoints,2.19100000,2.57600000,1,103.00000000,4035.00000000,64.00000000,88,18.69000000,3.31000000,109,0,US,951,BlockApportionment:US.BlockGroups;PointsLayer:US.BlockPoints,2.19100000,2.57600000,1,28.66000000,5.48000000,22.52000000,30.72000000,1.43000000,0.52000000,2.07000000,11.05000000,92,92
952,0,952,F-21,1,US,952,BlockApportionment:US.BlockGroups;PointsLayer:US.BlockPoints,2.19100000,2.57600000,1,181.00000000,526.00000000,96.00000000,110,11.22000000,3.89000000,161,1,US,952,BlockApportionment:US.BlockGroups;PointsLayer:US.BlockPoints,2.19100000,2.57600000,1,14.29000000,1.79000000,10.93000000,22.58000000,2.01000000,2.13000000,3.74000000,14.43000000,121,124
953,0,953,G-21,2,US,953,BlockApportionment:US.BlockGroups;PointsLayer:US.BlockPoints,2.19100000,2.57600000,1,152.00000000,1756.00000000,98.00000000,90,10.25000000,3.32000000,159,2,US,953,BlockApportionment:US.BlockGroups;PointsLayer:US.BlockPoints,2.19100000,2.57600000,1,24.88000000,0.77000000,10.27000000,9.64000000,0.00000000,0.87000000,3.10000000,16.12000000,124,129
954,1,954,H-21,3,US,954,BlockApportionment:US.BlockGroups;PointsLayer:US.BlockPoints,2.19100000,2.57600000,1,87.00000000,574.00000000,78.00000000,69,13.94000000,4.00000000,198,3,US,954,BlockApportionment:US.BlockGroups;PointsLayer:US.BlockPoints,2.19100000,2.57600000,1,24.89000000,0.00000000,6.55000000,21.28000000,2.19000000,0.31000000,3.43000000,12.06000000,155,161
955,0,955,I-21,4,US,955,BlockApportionment:US.BlockGroups;PointsLayer:US.BlockPoints,2.19100000,2.57600000,1,100.00000000,499.00000000,81.00000000,190,14.43000000,4.66000000,211,4,US,955,BlockApportionment:US.BlockGroups;PointsLayer:US.BlockPoints,2.19100000,2.57600000,1,9.22000000,1.42000000,4.59000000,40.00000000,5.83000000,0.63000000,4.69000000,7.98000000,170,177
956,0,956,J-21,5,US,956,BlockApportionment:US.BlockGroups;PointsLayer:US.BlockPoints,2.19100000,2.57600000,1,115.00000000,1072.00000000,121.00000000,224,12.97000000,4.52000000,211,5,US,956,BlockApportionment:US.BlockGroups;PointsLayer:US.BlockPoints,2.19100000,2.57600000,1,17.11000000,6.84000000,3.40000000,29.23000000,1.20000000,1.29000000,3.05000000,6.01000000,173,173
957,1,957,K-21,6,US,957,BlockApportionment:US.BlockGroups;PointsLayer:US.BlockPoints,2.19100000,2.57600000,1,107.00000000,777.00000000,89.00000000,98,11.97000000,4.63000000,206,6,US,957,BlockApportionment:US.BlockGroups;PointsLayer:US.BlockPoints,2.19100000,2.57600000,1,23.19000000,1.81000000,12.21000000,34.09000000,0.00000000,0.74000000,3.19000000,8.73000000,201,202
958,0,958,L-21,7,US,958,BlockApportionment:US.BlockGroups;PointsLayer:US.BlockPoints,2.19100000,2.57600000,1,75.00000000,5522.00000000,50.00000000,162,31.75000000,3.99000000,103,7,US,958,BlockApportionment:US.BlockGroups;PointsLayer:US.BlockPoints,2.19100000,2.57600000,1,14.18000000,7.93000000,15.80000000,23.01000000,1.29000000,2.93000000,3.54000000,17.53000000,101,100
959,0,959,M-21,8,US,959,BlockApportionment:US.BlockGroups;PointsLayer:US.BlockPoints,2.19100000,2.57600000,1,76.00000000,5445.00000000,54.00000000,152,28.60000000,3.05000000,89,8,US,959,BlockApportionment:US.BlockGroups;PointsLayer:US.BlockPoints,2.19100000,2.57600000,1,30.51000000,2.41000000,10.14000000,35.97000000,0.37000000,3.62000000,2.58000000,16.22000000,108,115
960,0,960,N-21,9,US,960,BlockApportionment:US.BlockGroups;PointsLayer:US.BlockPoints,2.19100000,2.57600000,1,82.00000000,1900.00000000,109.00000000,57,19.37000000,5.53000000,170,9,US,960,BlockApportionment:US.BlockGroups;PointsLayer:US.BlockPoints,2.19100000,2.57600000,1,14.12000000,0.12000000,2.32000000,51.43000000,0.16000000,2.89000000,4.89000000,22.36000000,147,147
961,0,961,O-21,10,US,961,BlockApportionment:US.BlockGroups;PointsLayer:US.BlockPoints,2.19100000,2.57600000,1,82.00000000,2331.00000000,110.00000000,198,25.40000000,3.21000000,138,10,US,961,BlockApportionment:US.BlockGroups;PointsLayer:US.BlockPoints,2.19100000,2.57600000,1,13.36000000,4.89000000,9.64000000,25.25000000,0.79000000,1.76000000,1.68000000,13.33000000,119,120
962,0,962,P-21,11,US,962,BlockApportionment:US.BlockGroups;PointsLayer:US.BlockPoints,2.19100000,2.57600000,1,148.00000000,1301.00000000,101.00000000,55,18.52000000,3.08000000,136,11,US,962,BlockApportionment:US.BlockGroups;PointsLayer:US.BlockPoints,2.19100000,2.57600000,1,20.18000000,0.90000000,6.69000000,25.00000000,0.81000000,0.42000000,1.56000000,6.24000000,129,132
963,0,963,Q-21,12,US,963,BlockApportionment:US.BlockGroups;PointsLayer:US.BlockPoints,2.19100000,2.57600000,1,319.00000000,75.00000000,151.00000000,112,13.33000000,0.00000000,191,12,US,963,BlockApportionment:US.BlockGroups;PointsLayer:US.BlockPoints,2.19100000,2.57600000,1,12.50000000,0.00000000,13.04000000,16.67000000,0.00000000,2.90000000,0.00000000,35.71000000,110,101
964,0,964,R-21,13,US,964,BlockApportionment:US.BlockGroups;PointsLayer:US.BlockPoints,2.19100000,2.57600000,1,319.00000000,24.00000000,151.00000000,169,12.50000000,0.00000000,0,13,US,964,BlockApportionment:US.BlockGroups;PointsLayer:US.BlockPoints,2.19100000,2.57600000,1,0.00000000,0.00000000,13.04000000,0.00000000,0.00000000,4.35000000,0.00000000,35.71000000,0,0
965,0,965,S-21,14,US,965,BlockApportionment:US.BlockGroups;PointsLayer:US.BlockPoints,2.19100000,2.57600000,0,0.00000000,0.00000000,0.00000000,0,0.00000000,0.00000000,0,14,US,965,BlockApportionment:US.BlockGroups;PointsLayer:US.BlockPoints,2.19100000,2.57600000,0,0.00000000,0.00000000,0.00000000,0.00000000,0.00000000,0.00000000,0.00000000,0.00000000,0,0
966,0,966,T-21,15,US,966,BlockApportionment:US.BlockGroups;PointsLayer:US.BlockPoints,2.19100000,2.57600000,1,319.00000000,4.00000000,151.00000000,0,25.00000000,0.00000000,0,15,US,966,BlockApportionment:US.BlockGroups;PointsLayer:US.BlockPoints,2.19100000,2.57600000,1,0.00000000,0.00000000,0.00000000,0.00000000,0.00000000,0.00000000,0.00000000,50.00000000,0,0
967,0,967,U-21,16,US,967,BlockApportionment:US.BlockGroups;PointsLayer:US.BlockPoints,2.19100000,2.57600000,1,168.00000000,2152.00000000,103.00000000,133,28.95000000,3.32000000,153,16,US,967,BlockApportionment:US.BlockGroups;PointsLayer:US.BlockPoints,2.19100000,2.57600000,1,13.08000000,4.44000000,13.84000000,34.27000000,2.67000000,3.60000000,2.22000000,8.13000000,135,135
968,0,968,V-21,17,US,968,BlockApportionment:US.BlockGroups;PointsLayer:US.BlockPoints,2.19100000,2.57600000,1,140.00000000,1672.00000000,104.00000000,33,36.30000000,2.89000000,138,17,US,968,BlockApportionment:US.BlockGroups;PointsLayer:US.BlockPoints,2.19100000,2.57600000,1,14.84000000,3.47000000,4.69000000,23.48000000,0.86000000,2.04000000,1.57000000,9.40000000,121,121
969,0,969,W-21,18,US,969,BlockApportionment:US.BlockGroups;PointsLayer:US.BlockPoints,2.19100000,2.57600000,1,98.00000000,1898.00000000,80.00000000,71,28.19000000,1.92000000,137,18,US,969,BlockApportionment:US.BlockGroups;PointsLayer:US.BlockPoints,2.19100000,2.57600000,1,25.08000000,3.36000000,6.06000000,28.16000000,1.41000000,0.93000000,1.38000000,4.36000000,119,119
970,0,970,X-21,19,US,970,BlockApportionment:US.BlockGroups;PointsLayer:US.BlockPoints,2.19100000,2.57600000,1,137.00000000,2630.00000000,115.00000000,140,43.38000000,0.65000000,95,19,US,970,BlockApportionment:US.BlockGroups;PointsLayer:US.BlockPoints,2.19100000,2.57600000,1,19.60000000,3.33000000,9.40000000,26.13000000,3.34000000,4.59000000,0.95000000,17.76000000,97,100
971,0,971,Y-21,20,US,971,BlockApportionment:US.BlockGroups;PointsLayer:US.BlockPoints,2.19100000,2.57600000,1,91.00000000,2446.00000000,96.00000000,102,24.16000000,2.41000000,133,20,US,971,BlockApportionment:US.BlockGroups;PointsLayer:US.BlockPoints,2.19100000,2.57600000,1,13.03000000,5.70000000,16.86000000,53.11000000,0.75000000,3.87000000,2.80000000,4.41000000,124,127
972,0,972,Z-21,21,US,972,BlockApportionment:US.BlockGroups;PointsLayer:US.BlockPoints,2.19100000,2.57600000,1,75.00000000,2008.00000000,113.00000000,43,28.54000000,1.79000000,99,21,US,972,BlockApportionment:US.BlockGroups;PointsLayer:US.BlockPoints,2.19100000,2.57600000,1,10.52000000,5.19000000,14.21000000,48.64000000,4.17000000,2.83000000,1.06000000,11.26000000,102,105
973,0,973,AA-21,22,US,973,BlockApportionment:US.BlockGroups;PointsLayer:US.BlockPoints,2.19100000,2.57600000,1,101.00000000,558.00000000,104.00000000,98,34.59000000,3.43000000,125,22,US,973,BlockApportionment:US.BlockGroups;PointsLayer:US.BlockPoints,2.19100000,2.57600000,1,17.60000000,8.00000000,17.41000000,22.22000000,3.73000000,3.20000000,1.11000000,17.63000000,100,102
974,0,974,AB-21,23,US,974,BlockApportionment:US.BlockGroups;PointsLayer:US.BlockPoints,2.19100000,2.57600000,1,56.00000000,2483.00000000,83.00000000,183,26.90000000,2.58000000,115,23,US,974,BlockApportionment:US.BlockGroups;PointsLayer:US.BlockPoints,2.19100000,2.57600000,1,23.48000000,7.42000000,12.78000000,15.54000000,3.07000000,2.07000000,1.95000000,19.11000000,103,107
975,0,975,AC-21,24,US,975,BlockApportionment:US.BlockGroups;PointsLayer:US.BlockPoints,2.19100000,2.57600000,1,106.00000000,4540.00000000,100.00000000,162,25.35000000,2.10000000,101,24,US,975,BlockApportionment:US.BlockGroups;PointsLayer:US.BlockPoints,2.19100000,2.57600000,1,20.72000000,9.65000000,16.99000000,33.16000000,4.95000000,3.69000000,1.57000000,17.41000000,103,104
976,1,976,AD-21,25,US,976,BlockApportionment:US.BlockGroups;PointsLayer:US.BlockPoints,2.19100000,2.57600000,1,107.00000000,2009.00000000,105.00000000,257,30.71000000,3.64000000,110,25,US,976,BlockApportionment:US.BlockGroups;PointsLayer:US.BlockPoints,2.19100000,2.57600000,1,19.25000000,5.54000000,19.04000000,34.17000000,3.94000000,4.75000000,2.83000000,14.98000000,96,96
977,2,977,AE-21,26,US,977,BlockApportionment:US.BlockGroups;PointsLayer:US.BlockPoints,2.19100000,2.57600000,1,111.00000000,2865.00000000,112.00000000,138,39.16000000,3.11000000,119,26,US,977,BlockApportionment:US.BlockGroups;PointsLayer:US.BlockPoints,2.19100000,2.57600000,1,11.87000000,3.07000000,17.31000000,26.02000000,2.88000000,3.76000000,3.58000000,11.82000000,103,104
978,0,978,AF-21,27,US,978,BlockApportionment:US.BlockGroups;PointsLayer:US.BlockPoints,2.19100000,2.57600000,1,80.00000000,5753.00000000,94.00000000,148,66.52000000,1.50000000,76,27,US,978,BlockApportionment:US.BlockGroups;PointsLayer:US.BlockPoints,2.19100000,2.57600000,1,14.09000000,8.01000000,17.61000000,33.52000000,2.23000000,4.31000000,2.09000000,13.86000000,82,85
979,7,979,AG-21,28,US,979,BlockApportionment:US.BlockGroups;PointsLayer:US.BlockPoints,2.19100000,2.57600000,1,129.00000000,3313.00000000,124.00000000,169,57.23000000,2.14000000,76,28,US,979,BlockApportionment:US.BlockGroups;PointsLayer:US.BlockPoints,2.19100000,2.57600000,1,30.05000000,5.72000000,22.26000000,37.15000000,6.73000000,2.66000000,2.30000000,15.19000000,78,76
980,1,980,AH-21,29,US,980,BlockApportionment:US.BlockGroups;PointsLayer:US.BlockPoints,2.19100000,2.57600000,1,123.00000000,2559.00000000,117.00000000,40,65.34000000,2.28000000,70,29,US,980,BlockApportionment:US.BlockGroups;PointsLayer:US.BlockPoints,2.19100000,2.57600000,1,24.41000000,4.95000000,14.38000000,41.60000000,6.75000000,4.64000000,0.88000000,22.74000000,80,84
981,0,981,AI-21,30,US,981,BlockApportionment:US.BlockGroups;PointsLayer:US.BlockPoints,2.19100000,2.57600000,1,84.00000000,2137.00000000,100.00000000,100,32.99000000,4.74000000,106,30,US,981,BlockApportionment:US.BlockGroups;PointsLayer:US.BlockPoints,2.19100000,2.57600000,1,26.67000000,5.00000000,1.80000000,22.22000000,0.00000000,0.79000000,4.81000000,20.51000000,94,96
982,0,982,C-20,31,US,982,BlockApportionment:US.BlockGroups;PointsLayer:US.BlockPoints,2.19100000,2.57600000,1,68.00000000,5762.00000000,48.00000000,152,15.93000000,2.51000000,131,31,US,982,BlockApportionment:US.BlockGroups;PointsLayer:US.BlockPoints,2.19100000,2.57600000,1,9.99000000,3.85000000,10.34000000,26.23000000,1.99000000,1.27000000,1.86000000,8.81000000,117,118
983,0,983,D-20,32,US,983,BlockApportionment:US.BlockGroups;PointsLayer:US.BlockPoints,2.19100000,2.57600000,1,142.00000000,2849.00000000,62.00000000,190,11.44000000,0.67000000,104,32,US,983,BlockApportionment:US.BlockGroups;PointsLayer:US.BlockPoints,2.19100000,2.57600000,1,14.85000000,6.97000000,5.25000000,29.76000000,1.69000000,2.86000000,1.06000000,8.43000000,87,86
984,0,984,E-20,33,US,984,BlockApportionment:US.BlockGroups;PointsLayer:US.BlockPoints,2.19100000,2.57600000,1,293.00000000,1668.00000000,117.00000000,355,18.41000000,1.04000000,141,33,US,984,BlockApportionment:US.BlockGroups;PointsLayer:US.BlockPoints,2.19100000,2.57600000,1,13.06000000,8.65000000,12.84000000,27.93000000,0.22000000,3.35000000,0.61000000,29.11000000,118,120
985,0,985,F-20,34,US,985,BlockApportionment:US.BlockGroups;PointsLayer:US.BlockPoints,2.19100000,2.57600000,1,268.00000000,2193.00000000,96.00000000,145,14.46000000,0.88000000,125,34,US,985,BlockApportionment:US.BlockGroups;PointsLayer:US.BlockPoints,2.19100000,2.57600000,1,9.21000000,17.48000000,19.41000000,40.43000000,0.48000000,4.39000000,1.14000000,19.69000000,115,121
986,0,986,G-20,35,US,986,BlockApportionment:US.BlockGroups;PointsLayer:US.BlockPoints,2.19100000,2.57600000,1,174.00000000,1399.00000000,76.00000000,38,17.94000000,5.54000000,179,35,US,986,BlockApportionment:US.BlockGroups;PointsLayer:US.BlockPoints,2.19100000,2.57600000,1,5.93000000,2.78000000,6.83000000,29.68000000,5.89000000,3.30000000,3.46000000,8.78000000,137,133
987,0,987,H-20,36,US,987,BlockApportionment:US.BlockGroups;PointsLayer:US.BlockPoints,2.19100000,2.57600000,1,57.00000000,280.00000000,72.00000000,138,29.64000000,1.33000000,163,36,US,987,BlockApportionment:US.BlockGroups;PointsLayer:US.BlockPoints,2.19100000,2.57600000,1,18.31000000,4.23000000,7.01000000,35.00000000,4.43000000,0.74000000,3.35000000,16.75000000,140,147
988,0,988,I-20,37,US,988,BlockApportionment:US.BlockGroups;PointsLayer:US.BlockPoints,2.19100000,2.57600000,1,67.00000000,909.00000000,75.00000000,198,13.86000000,4.65000000,248,37,US,988,BlockApportionment:US.BlockGroups;PointsLayer:US.BlockPoints,2.19100000,2.57600000,1,6.69000000,0.67000000,4.43000000,44.74000000,5.05000000,0.23000000,5.69000000,7.03000000,185,190
989,0,989,J-20,38,US,989,BlockApportionment:US.BlockGroups;PointsLayer:US.BlockPoints,2.19100000,2.57600000,1,76.00000000,2222.00000000,94.00000000,193,31.95000000,2.76000000,112,38,US,989,BlockApportionment:US.BlockGroups;PointsLayer:US.BlockPoints,2.19100000,2.57600000,1,27.66000000,1.69000000,8.02000000,29.11000000,1.19000000,5.25000000,2.27000000,25.60000000,92,96
990,0,990,K-20,39,US,990,BlockApportionment:US.BlockGroups;PointsLayer:US.BlockPoints,2.19100000,2.57600000,1,91.00000000,1473.00000000,92.00000000,67,26.14000000,3.24000000,154,39,US,990,BlockApportionment:US.BlockGroups;PointsLayer:US.BlockPoints,2.19100000,2.57600000,1,20.50000000,2.09000000,4.87000000,26.35000000,0.00000000,1.31000000,2.67000000,16.95000000,156,157
991,0,991,L-20,40,US,991,BlockApportionment:US.BlockGroups;PointsLayer:US.BlockPoints,2.19100000,2.57600000,1,87.00000000,3003.00000000,81.00000000,76,38.56000000,2.96000000,76,40,US,991,BlockApportionment:US.BlockGroups;PointsLayer:US.BlockPoints,2.19100000,2.57600000,1,26.19000000,8.44000000,15.90000000,36.85000000,1.73000000,2.52000000,1.56000000,23.65000000,90,92
992,1,992,M-20,41,US,992,BlockApportionment:US.BlockGroups;PointsLayer:US.BlockPoints,2.19100000,2.57600000,1,80.00000000,2245.00000000,72.00000000,110,28.42000000,1.04000000,95,41,US,992,BlockApportionment:US.BlockGroups;PointsLayer:US.BlockPoints,2.19100000,2.57600000,1,34.91000000,1.85000000,8.60000000,39.91000000,1.49000000,4.36000000,0.32000000,19.20000000,95,101
993,0,993,N-20,42,US,993,BlockApportionment:US.BlockGroups;PointsLayer:US.BlockPoints,2.19100000,2.57600000,1,88.00000000,1965.00000000,100.00000000,64,29.72000000,5.70000000,152,42,US,993,BlockApportionment:US.BlockGroups;PointsLayer:US.BlockPoints,2.19100000,2.57600000,1,17.14000000,1.59000000,8.64000000,32.43000000,4.70000000,5.71000000,4.62000000,16.95000000,153,157
994,0,994,O-20,43,US,994,BlockApportionment:US.BlockGroups;PointsLayer:US.BlockPoints,2.19100000,2.57600000,1,95.00000000,1261.00000000,117.00000000,160,22.60000000,5.02000000,155,43,US,994,BlockApportionment:US.BlockGroups;PointsLayer:US.BlockPoints,2.19100000,2.57600000,1,19.75000000,4.49000000,9.16000000,27.89000000,3.29000000,0.98000000,3.54000000,6.68000000,153,151
995,0,995,P-20,44,US,995,BlockApportionment:US.BlockGroups;PointsLayer:US.BlockPoints,2.19100000,2.57600000,1,69.00000000,216.00000000,50.00000000,55,47.69000000,1.85000000,139,44,US,995,BlockApportionment:US.BlockGroups;PointsLayer:US.BlockPoints,2.19100000,2.57600000,1,31.65000000,0.00000000,5.69000000,48.48000000,9.15000000,4.13000000,1.64000000,22.56000000,108,107
996,0,996,Q-20,45,US,996,BlockApportionment:US.BlockGroups;PointsLayer:US.BlockPoints,2.19100000,2.57600000,1,319.00000000,4.00000000,151.00000000,0,25.00000000,0.00000000,0,45,US,996,BlockApportionment:US.BlockGroups;PointsLayer:US.BlockPoints,2.19100000,2.57600000,1,0.00000000,0.00000000,0.00000000,0.00000000,0.00000000,0.00000000,0.00000000,50.00000000,0,0
997,0,997,R-20,46,US,997,BlockApportionment:US.BlockGroups;PointsLayer:US.BlockPoints,2.19100000,2.57600000,1,120.00000000,696.00000000,100.00000000,98,54.45000000,2.22000000,108,46,US,997,BlockApportionment:US.BlockGroups;PointsLayer:US.BlockPoints,2.19100000,2.57600000,1,18.97000000,5.47000000,31.06000000,37.87000000,3.46000000,6.24000000,2.93000000,15.44000000,99,104
998,0,998,S-20,47,US,998,BlockApportionment:US.BlockGroups;PointsLayer:US.BlockPoints,2.19100000,2.57600000,0,0.00000000,0.00000000,0.00000000,0,0.00000000,0.00000000,0,47,US,998,BlockApportionment:US.BlockGroups;PointsLayer:US.BlockPoints,2.19100000,2.57600000,0,0.00000000,0.00000000,0.00000000,0.00000000,0.00000000,0.00000000,0.00000000,0.00000000,0,0
999,0,999,T-20,48,US,999,BlockApportionment:US.BlockGroups;PointsLayer:US.BlockPoints,2.19100000,2.57600000,1,112.00000000,861.00000000,128.00000000,93,53.43000000,0.93000000,133,48,US,999,BlockApportionment:US.BlockGroups;PointsLayer:US.BlockPoints,2.19100000,2.57600000,1,31.90000000,1.53000000,28.81000000,24.73000000,5.02000000,4.39000000,1.78000000,14.34000000,110,110
1000,1,1000,U-20,49,US,1000,BlockApportionment:US.BlockGroups;PointsLayer:US.BlockPoints,2.19100000,2.57600000,1,151.00000000,643.00000000,120.00000000,245,51.32000000,1.81000000,129,49,US,1000,BlockApportionment:US.BlockGroups;PointsLayer:US.BlockPoints,2.19100000,2.57600000,1,22.28000000,2.59000000,12.46000000,20.00000000,2.96000000,6.21000000,1.78000000,10.59000000,116,118
1001,0,1001,V-20,0,US,1001,BlockApportionment:US.BlockGroups;PointsLayer:US.BlockPoints,2.19100000,2.57600000,1,115.00000000,6545.00000000,107.00000000,105,73.95000000,1.22000000,70,0,US,1001,BlockApportionment:US.BlockGroups;PointsLayer:US.BlockPoints,2.19100000,2.57600000,1,22.55000000,1.96000000,29.92000000,34.10000000,6.33000000,10.61000000,1.31000000,14.50000000,71,74
1002,9,1002,W-20,1,US,1002,BlockApportionment:US.BlockGroups;PointsLayer:US.BlockPoints,2.19100000,2.57600000,1,115.00000000,2509.00000000,98.00000000,145,73.89000000,1.82000000,56,1,US,1002,BlockApportionment:US.BlockGroups;PointsLayer:US.BlockPoints,2.19100000,2.57600000,1,28.07000000,7.90000000,32.58000000,45.91000000,4.96000000,5.92000000,1.94000000,14.52000000,60,60
1003,1,1003,X-20,2,US,1003,BlockApportionment:US.BlockGroups;PointsLayer:US.BlockPoints,2.19100000,2.57600000,1,154.00000000,6270.00000000,122.00000000,155,69.89000000,0.56000000,68,2,US,1003,BlockApportionment:US.BlockGroups;PointsLayer:US.BlockPoints,2.19100000,2.57600000,1,20.31000000,7.36000000,21.17000000,29.84000000,6.91000000,8.02000000,1.11000000,28.07000000,63,64
1004,0,1004,Y-20,3,US,1004,BlockApportionment:US.BlockGroups;PointsLayer:US.BlockPoints,2.19100000,2.57600000,1,123.00000000,4736.00000000,125.00000000,138,48.84000000,0.87000000,76,3,US,1004,BlockApportionment:US.BlockGroups;PointsLayer:US.BlockPoints,2.19100000,2.57600000,1,22.23000000,6.92000000,17.89000000,37.04000000,1.85000000,6.87000000,1.38000000,21.37000000,75,77
1005,0,1005,Z-20,4,US,1005,BlockApportionment:US.BlockGroups;PointsLayer:US.BlockPoints,2.19100000,2.57600000,1,106.00000000,3809.00000000,112.00000000,183,46.36000000,1.21000000,86,4,US,1005,BlockApportionment:US.BlockGroups;PointsLayer:US.BlockPoints,2.19100000,2.57600000,1,25.89000000,7.29000000,23.50000000,38.92000000,3.70000000,5.52000000,1.27000000,18.14000000,101,108
1006,0,1006,AA-20,5,US,1006,BlockApportionment:US.BlockGroups;PointsLayer:US.BlockPoints,2.19100000,2.57600000,1,99.00000000,3371.00000000,98.00000000,112,34.92000000,2.14000000,92,5,US,1006,BlockApportionment:US.BlockGroups;PointsLayer:US.BlockPoints,2.19100000,2.57600000,1,21.11000000,6.14000000,16.88000000,25.17000000,3.92000000,2.92000000,1.03000000,16.04000000,90,91
1007,0,1007,AB-20,6,US,1007,BlockApportionment:US.BlockGroups;PointsLayer:US.BlockPoints,2.19100000,2.57600000,1,92.00000000,3338.00000000,95.00000000,105,27.89000000,0.83000000,114,6,US,1007,BlockApportionment:US.BlockGroups;PointsLayer:US.BlockPoints,2.19100000,2.57600000,1,25.16000000,1.59000000,9.70000000,30.02000000,4.01000000,2.97000000,0.78000000,17.70000000,106,110
1008,0,1008,AC-20,7,US,1008,BlockApportionment:US.BlockGroups;PointsLayer:US.BlockPoints,2.19100000,2.57600000,1,109.00000000,2724.00000000,115.00000000,140,31.86000000,1.35000000,103,7,US,1008,BlockApportionment:US.BlockGroups;PointsLayer:US.BlockPoints,2.19100000,2.57600000,1,23.25000000,1.23000000,9.52000000,32.06000000,5.85000000,4.29000000,0.62000000,23.38000000,107,110
1009,1,1009,AD-20,8,US,1009,BlockApportionment:US.BlockGroups;PointsLayer:US.BlockPoints,2.19100000,2.57600000,1,127.00000000,2130.00000000,111.00000000,100,46.01000000,0.96000000,103,8,US,1009,BlockApportionment:US.BlockGroups;PointsLayer:US.BlockPoints,2.19100000,2.57600000,1,25.36000000,2.61000000,21.16000000,40.85000000,7.20000000,5.40000000,0.58000000,16.83000000,107,113
1010,1,1010,AE-20,9,US,1010,BlockApportionment:US.BlockGroups;PointsLayer:US.BlockPoints,2.19100000,2.57600000,1,98.00000000,4293.00000000,94.00000000,152,57.70000000,1.41000000,72,9,US,1010,BlockApportionment:US.BlockGroups;PointsLayer:US.BlockPoints,2.19100000,2.57600000,1,21.44000000,4.41000000,21.14000000,36.70000000,4.36000000,5.69000000,0.92000000,19.69000000,77,79
1011,0,1011,AF-20,10,US,1011,BlockApportionment:US.BlockGroups;PointsLayer:US.BlockPoints,2.19100000,2.57600000,1,122.00000000,2309.00000000,115.00000000,126,60.50000000,1.19000000,87,10,US,1011,BlockApportionment:US.BlockGroups;PointsLayer:US.BlockPoints,2.19100000,2.57600000,1,28.06000000,4.13000000,11.60000000,17.14000000,3.30000000,6.05000000,1.29000000,26.47000000,88,92
1012,3,1012,AG-20,11,US,1012,BlockApportionment:US.BlockGroups;PointsLayer:US.BlockPoints,2.19100000,2.57600000,1,121.00000000,3011.00000000,119.00000000,126,58.59000000,3.73000000,98,11,US,1012,BlockApportionment:US.BlockGroups;PointsLayer:US.BlockPoints,2.19100000,2.57600000,1,28.66000000,7.54000000,19.55000000,24.89000000,10.02000000,5.95000000,2.95000000,23.60000000,87,89
1013,0,1013,AH-20,12,US,1013,BlockApportionment:US.BlockGroups;PointsLayer:US.BlockPoints,2.19100000,2.57600000,1,106.00000000,3358.00000000,103.00000000,100,55.39000000,2.57000000,111,12,US,1013,BlockApportionment:US.BlockGroups;PointsLayer:US.BlockPoints,2.19100000,2.57600000,1,19.87000000,5.25000000,15.50000000,32.09000000,4.01000000,4.52000000,2.25000000,21.56000000,92,98
1014,0,1014,AI-20,13,US,1014,BlockApportionment:US.BlockGroups;PointsLayer:US.BlockPoints,2.19100000,2.57600000,1,58.00000000,2212.00000000,73.00000000,102,35.26000000,1.39000000,115,13,US,1014,BlockApportionment:US.BlockGroups;PointsLayer:US.BlockPoints,2.19100000,2.57600000,1,17.77000000,1.05000000,15.80000000,20.11000000,0.25000000,0.86000000,1.35000000,21.42000000,90,94
1015,0,1015,D-19,14,US,1015,BlockApportionment:US.BlockGroups;PointsLayer:US.BlockPoints,2.19100000,2.57600000,1,127.00000000,1489.00000000,77.00000000,169,37.27000000,4.38000000,110,14,US,1015,BlockApportionment:US.BlockGroups;PointsLayer:US.BlockPoints,2.19100000,2.57600000,1,27.60000000,4.27000000,10.70000000,30.43000000,5.96000000,5.52000000,6.76000000,23.23000000,99,102
1016,0,1016,E-19,15,US,1016,BlockApportionment:US.BlockGroups;PointsLayer:US.BlockPoints,2.19100000,2.57600000,1,210.00000000,4642.00000000,77.00000000,95,19.15000000,1.42000000,101,15,US,1016,BlockApportionment:US.BlockGroups;PointsLayer:US.BlockPoints,2.19100000,2.57600000,1,16.89000000,8.61000000,18.63000000,35.48000000,4.36000000,4.35000000,0.44000000,15.77000000,85,85
1017,3,1017,F-19,16,US,1017,BlockApportionment:US.BlockGroups;PointsLayer:US.BlockPoints,2.19100000,2.57600000,1,133.00000000,5424.00000000,58.00000000,236,44.38000000,1.14000000,108,16,US,1017,BlockApportionment:US.BlockGroups;PointsLayer:US.BlockPoints,2.19100000,2.57600000,1,20.33000000,6.51000000,21.55000000,11.93000000,1.81000000,3.96000000,1.08000000,18.72000000,95,89
1018,0,1018,G-19,17,US,1018,BlockApportionment:US.BlockGroups;PointsLayer:US.BlockPoints,2.19100000,2.57600000,1,58.00000000,1298.00000000,70.00000000,179,40.76000000,1.86000000,152,17,US,1018,BlockApportionment:US.BlockGroups;PointsLayer:US.BlockPoints,2.19100000,2.57600000,1,41.04000000,10.45000000,12.40000000,38.83000000,1.94000000,2.07000000,2.25000000,26.96000000,133,138
1019,0,1019,H-19,18,US,1019,BlockApportionment:US.BlockGroups;PointsLayer:US.BlockPoints,2.19100000,2.57600000,1,52.00000000,1770.00000000,76.00000000,133,48.64000000,5.26000000,140,18,US,1019,BlockApportionment:US.BlockGroups;PointsLayer:US.BlockPoints,2.19100000,2.57600000,1,23.62000000,5.52000000,16.37000000,44.77000000,4.51000000,0.95000000,6.16000000,21.19000000,107,108
1020,0,1020,I-19,19,US,1020,BlockApportionment:US.BlockGroups;PointsLayer:US.BlockPoints,2.19100000,2.57600000,1,34.00000000,1652.00000000,64.00000000,117,33.84000000,0.45000000,131,19,US,1020,BlockApportionment:US.BlockGroups;PointsLayer:US.BlockPoints,2.19100000,2.57600000,1,19.71000000,3.89000000,21.06000000,33.07000000,3.90000000,3.83000000,0.42000000,17.26000000,108,114
1021,0,1021,J-19,20,US,1021,BlockApportionment:US.BlockGroups;PointsLayer:US.BlockPoints,2.19100000,2.57600000,1,49.00000000,2519.00000000,56.00000000,145,59.43000000,3.83000000,98,20,US,1021,BlockApportionment:US.BlockGroups;PointsLayer:US.BlockPoints,2.19100000,2.57600000,1,25.60000000,3.23000000,11.79000000,26.67000000,3.61000000,5.66000000,3.99000000,20.76000000,97,104
1022,0,1022,K-19,21,US,1022,BlockApportionment:US.BlockGroups;PointsLayer:US.BlockPoints,2.19100000,2.57600000,1,75.00000000,3912.00000000,73.00000000,219,41.92000000,1.84000000,82,21,US,1022,BlockApportionment:US.BlockGroups;PointsLayer:US.BlockPoints,2.19100000,2.57600000,1,22.31000000,3.72000000,13.24000000,31.65000000,6.10000000,3.92000000,2.76000000,16.50000000,83,87
1023,0,1023,L-19,22,US,1023,BlockApportionment:US.BlockGroups;PointsLayer:US.BlockPoints,2.19100000,2.57600000,1,103.00000000,3935.00000000,98.00000000,217,56.70000000,3.34000000,126,22,US,1023,BlockApportionment:US.BlockGroups;PointsLayer:US.BlockPoints,2.19100000,2.57600000,1,13.14000000,9.15000000,12.91000000,24.77000000,4.47000000,3.89000000,4.17000000,19.02000000,120,131
1024,0,1024,M-19,23,US,1024,BlockApportionment:US.BlockGroups;PointsLayer:US.BlockPoints,2.19100000,2.57600000,1,110.00000000,3160.00000000,91.00000000,100,66.14000000,2.47000000,63,23,US,1024,BlockApportionment:US.BlockGroups;PointsLayer:US.BlockPoints,2.19100000,2.57600000,1,31.81000000,12.06000000,26.85000000,35.79000000,7.08000000,4.22000000,0.95000000,28.09000000,73,76
1025,0,1025,N-19,24,US,1025,BlockApportionment:US.BlockGroups;PointsLayer:US.BlockPoints,2.19100000,2.57600000,1,71.00000000,2166.00000000,84.00000000,160,51.94000000,0.78000000,147,24,US,1025,BlockApportionment:US.BlockGroups;PointsLayer:US.BlockPoints,2.19100000,2.57600000,1,26.10000000,6.02000000,7.48000000,27.32000000,3.80000000,2.20000000,0.88000000,10.37000000,137,137
1026,1,1026,O-19,25,US,1026,BlockApportionment:US.BlockGroups;PointsLayer:US.BlockPoints,2.19100000,2.57600000,1,72.00000000,1875.00000000,83.00000000,40,30.29000000,7.56000000,160,25,US,1026,BlockApportionment:US.BlockGroups;PointsLayer:US.BlockPoints,2.19100000,2.57600000,1,17.27000000,0.39000000,10.84000000,19.20000000,3.47000000,4.59000000,5.59000000,18.49000000,128,130
1027,0,1027,P-19,26,US,1027,BlockApportionment:US.BlockGroups;PointsLayer:US.BlockPoints,2.19100000,2.57600000,1,66.00000000,1470.00000000,69.00000000,62,44.42000000,3.98000000,114,26,US,1027,BlockApportionment:US.BlockGroups;PointsLayer:US.BlockPoints,2.19100000,2.57600000,1,30.02000000,2.97000000,10.16000000,30.71000000,8.13000000,2.12000000,2.99000000,18.97000000,108,111
1028,0,1028,Q-19,27,US,1028,BlockApportionment:US.BlockGroups;PointsLayer:US.BlockPoints,2.19100000,2.57600000,1,94.00000000,1489.00000000,89.00000000,229,42.71000000,2.91000000,117,27,US,1028,BlockApportionment:US.BlockGroups;PointsLayer:US.BlockPoints,2.19100000,2.57600000,1,20.26000000,4.85000000,11.10000000,38.27000000,3.10000000,6.06000000,2.27000000,15.28000000,111,113
1029,0,1029,R-19,28,US,1029,BlockApportionment:US.BlockGroups;PointsLayer:US.BlockPoints,2.19100000,2.57600000,1,102.00000000,2695.00000000,83.00000000,160,53.91000000,4.59000000,79,28,US,1029,BlockApportionment:US.BlockGroups;PointsLayer:US.BlockPoints,2.19100000,2.57600000,1,25.61000000,1.80000000,35.98000000,35.96000000,3.92000000,2.66000000,3.95000000,16.52000000,90,95
1030,0,1030,S-19,29,US,1030,BlockApportionment:US.BlockGroups;PointsLayer:US.BlockPoints,2.19100000,2.57600000,1,115.00000000,4295.00000000,130.00000000,100,72.15000000,2.67000000,79,29,US,1030,BlockApportionment:US.BlockGroups;PointsLayer:US.BlockPoints,2.19100000,2.57600000,1,34.95000000,1.03000000,22.96000000,28.37000000,3.20000000,8.14000000,3.64000000,25.36000000,77,79
1031,4,1031,T-19,30,US,1031,BlockApportionment:US.BlockGroups;PointsLayer:US.BlockPoints,2.19100000,2.57600000,1,78.00000000,4102.00000000,108.00000000,143,65.75000000,0.63000000,88,30,US,1031,BlockApportionment:US.BlockGroups;PointsLayer:US.BlockPoints,2.19100000,2.57600000,1,22.68000000,4.97000000,23.27000000,37.45000000,6.95000000,11.49000000,0.66000000,21.09000000,85,90
1032,0,1032,U-19,31,US,1032,BlockApportionment:US.BlockGroups;PointsLayer:US.BlockPoints,2.19100000,2.57600000,1,86.00000000,3126.00000000,92.00000000,143,56.01000000,2.42000000,83,31,US,1032,BlockApportionment:US.BlockGroups;PointsLayer:US.BlockPoints,2.19100000,2.57600000,1,19.72000000,2.45000000,18.82000000,23.00000000,3.85000000,13.45000000,2.22000000,21.36000000,82,83
1033,1,1033,V-19,32,US,1033,BlockApportionment:US.BlockGroups;PointsLayer:US.BlockPoints,2.19100000,2.57600000,1,129.00000000,4099.00000000,121.00000000,102,67.02000000,2.13000000,87,32,US,1033,BlockApportionment:US.BlockGroups;PointsLayer:US.BlockPoints,2.19100000,2.57600000,1,25.02000000,7.81000000,17.63000000,28.23000000,6.98000000,6.98000000,2.56000000,20.94000000,82,84
1034,5,1034,W-19,33,US,1034,BlockApportionment:US.BlockGroups;PointsLayer:US.BlockPoints,2.19100000,2.57600000,1,130.00000000,2722.00000000,130.00000000,100,72.70000000,1.53000000,78,33,US,1034,BlockApportionment:US.BlockGroups;PointsLayer:US.BlockPoints,2.19100000,2.57600000,1,25.66000000,7.94000000,15.95000000,28.39000000,6.17000000,9.96000000,0.60000000,36.72000000,80,84
1035,0,1035,X-19,34,US,1035,BlockApportionment:US.BlockGroups;PointsLayer:US.BlockPoints,2.19100000,2.57600000,1,91.00000000,5063.00000000,104.00000000,121,66.66000000,0.94000000,77,34,US,1035,BlockApportionment:US.BlockGroups;PointsLayer:US.BlockPoints,2.19100000,2.57600000,1,27.78000000,2.87000000,18.12000000,27.00000000,11.03000000,8.93000000,0.87000000,24.03000000,85,85
1036,0,1036,Y-19,35,US,1036,BlockApportionment:US.BlockGroups;PointsLayer:US.BlockPoints,2.19100000,2.57600000,1,72.00000000,3085.00000000,94.00000000,110,45.90000000,0.34000000,96,35,US,1036,BlockApportionment:US.BlockGroups;PointsLayer:US.BlockPoints,2.19100000,2.57600000,1,13.84000000,11.23000000,11.62000000,33.96000000,5.33000000,5.45000000,0.35000000,12.77000000,104,110
1037,0,1037,Z-19,36,US,1037,BlockApportionment:US.BlockGroups;PointsLayer:US.BlockPoints,2.19100000,2.57600000,1,95.00000000,3752.00000000,112.00000000,193,48.53000000,2.28000000,67,36,US,1037,BlockApportionment:US.BlockGroups;PointsLayer:US.BlockPoints,2.19100000,2.57600000,1,42.07000000,5.09000000,22.50000000,38.21000000,7.22000000,7.25000000,1.21000000,28.83000000,76,82
1038,0,1038,AA-19,37,US,1038,BlockApportionment:US.BlockGroups;PointsLayer:US.BlockPoints,2.19100000,2.57600000,1,121.00000000,1959.00000000,114.00000000,183,50.38000000,2.01000000,85,37,US,1038,BlockApportionment:US.BlockGroups;PointsLayer:US.BlockPoints,2.19100000,2.57600000,1,20.84000000,9.24000000,21.91000000,44.51000000,4.31000000,7.88000000,1.87000000,13.57000000,102,107
1039,0,1039,AB-19,38,US,1039,BlockApportionment:US.BlockGroups;PointsLayer:US.BlockPoints,2.19100000,2.57600000,1,131.00000000,3407.00000000,120.00000000,160,54.71000000,1.21000000,94,38,US,1039,BlockApportionment:US.BlockGroups;PointsLayer:US.BlockPoints,2.19100000,2.57600000,1,27.59000000,6.04000000,17.28000000,38.23000000,5.36000000,5.79000000,1.37000000,26.74000000,91,96
1040,2,1040,AC-19,39,US,1040,BlockApportionment:US.BlockGroups;PointsLayer:US.BlockPoints,2.19100000,2.57600000,1,102.00000000,1851.00000000,96.00000000,64,37.39000000,0.48000000,77,39,US,1040,BlockApportionment:US.BlockGroups;PointsLayer:US.BlockPoints,2.19100000,2.57600000,1,36.87000000,1.42000000,13.84000000,33.41000000,2.92000000,4.02000000,0.34000000,22.51000000,88,92
1041,0,1041,AD-19,40,US,1041,BlockApportionment:US.BlockGroups;PointsLayer:US.BlockPoints,2.19100000,2.57600000,1,117.00000000,6097.00000000,117.00000000,186,67.23000000,3.12000000,78,40,US,1041,BlockApportionment:US.BlockGroups;PointsLayer:US.BlockPoints,2.19100000,2.57600000,1,21.49000000,4.10000000,21.56000000,32.27000000,11.55000000,7.98000000,2.22000000,14.18000000,70,71
1042,0,1042,AE-19,41,US,1042,BlockApportionment:US.BlockGroups;PointsLayer:US.BlockPoints,2.19100000,2.57600000,1,134.00000000,4973.00000000,122.00000000,150,66.72000000,1.59000000,70,41,US,1042,BlockApportionment:US.BlockGroups;PointsLayer:US.BlockPoints,2.19100000,2.57600000,1,21.40000000,5.06000000,23.94000000,40.31000000,6.35000000,8.21000000,1.32000000,22.45000000,74,80
1043,1,1043,AF-19,42,US,1043,BlockApportionment:US.BlockGroups;PointsLayer:US.BlockPoints,2.19100000,2.57600000,1,146.00000000,2820.00000000,123.00000000,269,83.37000000,1.31000000,57,42,US,1043,BlockApportionment:US.BlockGroups;PointsLayer:US.BlockPoints,2.19100000,2.57600000,1,25.90000000,11.15000000,23.60000000,30.75000000,7.54000000,6.11000000,1.56000000,21.95000000,70,71
1044,0,1044,AG-19,43,US,1044,BlockApportionment:US.BlockGroups;PointsLayer:US.BlockPoints,2.19100000,2.57600000,1,118.00000000,3040.00000000,104.00000000,150,67.89000000,1.39000000,88,43,US,1044,BlockApportionment:US.BlockGroups;PointsLayer:US.BlockPoints,2.19100000,2.57600000,1,21.96000000,6.92000000,14.78000000,23.68000000,4.91000000,5.88000000,2.05000000,21.50000000,79,81
1045,0,1045,AH-19,44,US,1045,BlockApportionment:US.BlockGroups;PointsLayer:US.BlockPoints,2.19100000,2.57600000,1,118.00000000,877.00000000,93.00000000,183,52.79000000,1.87000000,108,44,US,1045,BlockApportionment:US.BlockGroups;PointsLayer:US.BlockPoints,2.19100000,2.57600000,1,19.61000000,5.32000000,8.76000000,18.78000000,2.22000000,6.57000000,3.66000000,17.58000000,87,87
1046,0,1046,AI-19,45,US,1046,BlockApportionment:US.BlockGroups;PointsLayer:US.BlockPoints,2.19100000,2.57600000,1,153.00000000,1248.00000000,98.00000000,100,49.60000000,7.11000000,201,45,US,1046,BlockApportionment:US.BlockGroups;PointsLayer:US.BlockPoints,2.19100000,2.57600000,1,23.67000000,3.25000000,3.95000000,4.79000000,0.10000000,0.54000000,4.00000000,13.20000000,136,130
1047,0,1047,B-18,46,US,1047,BlockApportionment:US.BlockGroups;PointsLayer:US.BlockPoints,2.19100000,2.57600000,1,69.00000000,1428.00000000,80.00000000,145,24.51000000,3.98000000,184,46,US,1047,BlockApportionment:US.BlockGroups;PointsLayer:US.BlockPoints,2.19100000,2.57600000,1,14.58000000,5.21000000,5.98000000,20.41000000,3.59000000,2.08000000,3.35000000,23.12000000,146,147
1048,2,1048,D-18,47,US,1048,BlockApportionment:US.BlockGroups;PointsLayer:US.BlockPoints,2.19100000,2.57600000,1,119.00000000,3257.00000000,87.00000000,126,61.62000000,2.21000000,85,47,US,1048,BlockApportionment:US.BlockGroups;PointsLayer:US.BlockPoints,2.19100000,2.57600000,1,18.06000000,4.00000000,14.77000000,30.28000000,3.48000000,10.47000000,2.31000000,25.83000000,78,81
1049,0,1049,E-18,48,US,1049,BlockApportionment:US.BlockGroups;PointsLayer:US.BlockPoints,2.19100000,2.57600000,1,133.00000000,3899.00000000,89.00000000,83,75.63000000,2.70000000,58,48,US,1049,BlockApportionment:US.BlockGroups;PointsLayer:US.BlockPoints,2.19100000,2.57600000,1,24.79000000,1.19000000,23.58000000,35.24000000,9.42000000,10.08000000,2.68000000,23.63000000,54,54
1050,0,1050,F-18,49,US,1050,BlockApportionment:US.BlockGroups;PointsLayer:US.BlockPoints,2.19100000,2.57600000,1,76.00000000,4990.00000000,87.00000000,102,72.38000000,2.03000000,95,49,US,1050,BlockApportionment:US.BlockGroups;PointsLayer:US.BlockPoints,2.19100000,2.57600000,1,23.27000000,6.25000000,17.18000000,38.01000000,8.05000000,7.48000000,2.12000000,23.08000000,84,86
1051,0,1051,G-18,0,US,1051,BlockApportionment:US.BlockGroups;PointsLayer:US.BlockPoints,2.19100000,2.57600000,1,60.00000000,3867.00000000,89.00000000,252,62.19000000,1.63000000,98,0,US,1051,BlockApportionment:US.BlockGroups;PointsLayer:US.BlockPoints,2.19100000,2.57600000,1,26.77000000,2.83000000,15.34000000,31.44000000,4.23000000,7.02000000,0.96000000,20.83000000,85,85
1052,0,1052,H-18,1,US,1052,BlockApportionment:US.BlockGroups;PointsLayer:US.BlockPoints,2.19100000,2.57600000,1,76.00000000,2769.00000000,80.00000000,140,51.64000000,6.68000000,96,1,US,1052,BlockApportionment:US.BlockGroups;PointsLayer:US.BlockPoints,2.19100000,2.57600000,1,19.52000000,4.18000000,18.69000000,37.80000000,3.96000000,4.08000000,6.16000000,23.81000000,79,80
1053,0,1053,I-18,2,US,1053,BlockApportionment:US.BlockGroups;PointsLayer:US.BlockPoints,2.19100000,2.57600000,1,34.00000000,1912.00000000,57.00000000,124,52.62000000,1.30000000,132,2,US,1053,BlockApportionment:US.BlockGroups;PointsLayer:US.BlockPoints,2.19100000,2.57600000,1,31.99000000,7.50000000,29.95000000,44.58000000,5.57000000,4.95000000,1.29000000,22.27000000,107,116
1054,0,1054,J-18,3,US,1054,BlockApportionment:US.BlockGroups;PointsLayer:US.BlockPoints,2.19100000,2.57600000,1,42.00000000,5315.00000000,49.00000000,140,49.56000000,3.08000000,128,3,US,1054,BlockApportionment:US.BlockGroups;PointsLayer:US.BlockPoints,2.19100000,2.57600000,1,27.47000000,3.41000000,16.62000000,38.18000000,4.85000000,6.55000000,4.26000000,19.55000000,112,119
1055,0,1055,K-18,4,US,1055,BlockApportionment:US.BlockGroups;PointsLayer:US.BlockPoints,2.19100000,2.57600000,1,90.00000000,3756.00000000,78.00000000,126,52.08000000,3.51000000,97,4,US,1055,BlockApportionment:US.BlockGroups;PointsLayer:US.BlockPoints,2.19100000,2.57600000,1,27.69000000,6.67000000,9.60000000,32.79000000,11.32000000,7.44000000,5.65000000,18.55000000,98,102
1056,0,1056,L-18,5,US,1056,BlockApportionment:US.BlockGroups;PointsLayer:US.BlockPoints,2.19100000,2.57600000,1,97.00000000,2469.00000000,99.00000000,83,63.10000000,4.55000000,99,5,US,1056,BlockApportionment:US.BlockGroups;PointsLayer:US.BlockPoints,2.19100000,2.57600000,1,29.99000000,6.13000000,15.62000000,44.33000000,6.37000000,8.34000000,6.33000000,18.99000000,98,102
1057,3,1057,M-18,6,US,1057,BlockApportionment:US.BlockGroups;PointsLayer:US.BlockPoints,2.19100000,2.57600000,1,147.00000000,2819.00000000,90.00000000,45,70.66000000,0.24000000,100,6,US,1057,BlockApportionment:US.BlockGroups;PointsLayer:US.BlockPoints,2.19100000,2.57600000,1,22.30000000,3.56000000,15.00000000,24.36000000,5.09000000,7.41000000,0.32000000,19.94000000,85,90
1058,0,1058,N-18,7,US,1058,BlockApportionment:US.BlockGroups;PointsLayer:US.BlockPoints,2.19100000,2.57600000,1,78.00000000,3457.00000000,63.00000000,10,50.59000000,2.25000000,75,7,US,1058,BlockApportionment:US.BlockGroups;PointsLayer:US.BlockPoints,2.19100000,2.57600000,1,28.90000000,2.88000000,17.69000000,25.14000000,3.56000000,3.83000000,0.99000000,16.25000000,77,80
1059,0,1059,O-18,8,US,1059,BlockApportionment:US.BlockGroups;PointsLayer:US.BlockPoints,2.19100000,2.57600000,1,95.00000000,1992.00000000,108.00000000,67,42.37000000,2.70000000,113,8,US,1059,BlockApportionment:US.BlockGroups;PointsLayer:US.BlockPoints,2.19100000,2.57600000,1,28.26000000,5.51000000,10.36000000,16.72000000,6.36000000,1.57000000,2.54000000,14.78000000,115,120
1060,0,1060,P-18,9,US,1060,BlockApportionment:US.BlockGroups;PointsLayer:US.BlockPoints,2.19100000,2.57600000,1,112.00000000,1646.00000000,117.00000000,64,42.41000000,3.07000000,148,9,US,1060,BlockApportionment:US.BlockGroups;PointsLayer:US.BlockPoints,2.19100000,2.57600000,1,21.28000000,2.64000000,3.03000000,50.44000000,0.50000000,4.35000000,3.29000000,16.97000000,122,124
1061,1,1061,Q-18,10,US,1061,BlockApportionment:US.BlockGroups;PointsLayer:US.BlockPoints,2.19100000,2.57600000,1,140.00000000,2124.00000000,108.00000000,110,48.59000000,6.15000000,94,10,US,1061,BlockApportionment:US.BlockGroups;PointsLayer:US.BlockPoints,2.19100000,2.57600000,1,35.30000000,5.58000000,9.75000000,46.82000000,7.56000000,3.45000000,5.69000000,21.72000000,89,95
1062,0,1062,R-18,11,US,1062,BlockApportionment:US.BlockGroups;PointsLayer:US.BlockPoints,2.19100000,2.57600000,1,153.00000000,1037.00000000,117.00000000,131,45.71000000,6.00000000,86,11,US,1062,BlockApportionment:US.BlockGroups;PointsLayer:US.BlockPoints,2.19100000,2.57600000,1,37.25000000,4.88000000,14.41000000,42.80000000,10.85000000,5.71000000,4.31000000,19.05000000,84,90
1063,0,1063,S-18,12,US,1063,BlockApportionment:US.BlockGroups;PointsLayer:US.BlockPoints,2.19100000,2.57600000,1,113.00000000,3163.00000000,113.00000000,181,69.30000000,2.63000000,76,12,US,1063,BlockApportionment:US.BlockGroups;PointsLayer:US.BlockPoints,2.19100000,2.57600000,1,18.63000000,4.64000000,28.66000000,35.67000000,7.55000000,5.30000000,1.88000000,19.90000000,64,64
1064,0,1064,T-18,13,US,1064,BlockApportionment:US.BlockGroups;PointsLayer:US.BlockPoints,2.19100000,2.57600000,1,115.00000000,2972.00000000,105.00000000,102,58.21000000,1.67000000,70,13,US,1064,BlockApportionment:US.BlockGroups;PointsLayer:US.BlockPoints,2.19100000,2.57600000,1,26.97000000,3.24000000,19.24000000,27.48000000,2.82000000,5.91000000,0.94000000,23.19000000,67,67
1065,5,1065,U-18,14,US,1065,BlockApportionment:US.BlockGroups;PointsLayer:US.BlockPoints,2.19100000,2.57600000,1,127.00000000,4547.00000000,84.00000000,100,59.38000000,3.17000000,78,14,US,1065,BlockApportionment:US.BlockGroups;PointsLayer:US.BlockPoints,2.19100000,2.57600000,1,17.84000000,5.38000000,20.26000000,31.64000000,3.73000000,8.15000000,2.47000000,21.47000000,86,90
1066,0,1066,V-18,15,US,1066,BlockApportionment:US.BlockGroups;PointsLayer:US.BlockPoints,2.19100000,2.57600000,1,132.00000000,5606.00000000,98.00000000,198,44.33000000,1.20000000,79,15,US,1066,BlockApportionment:US.BlockGroups;PointsLayer:US.BlockPoints,2.19100000,2.57600000,1,27.48000000,5.11000000,19.76000000,38.46000000,4.02000000,3.10000000,3.35000000,16.21000000,88,94
1067,2,1067,W-18,16,US,1067,BlockApportionment:US.BlockGroups;PointsLayer:US.BlockPoints,2.19100000,2.57600000,1,120.00000000,4815.00000000,93.00000000,124,60.25000000,3.04000000,80,16,US,1067,BlockApportionment:US.BlockGroups;PointsLayer:US.BlockPoints,2.19100000,2.57600000,1,25.59000000,12.83000000,22.87000000,35.15000000,9.01000000,3.96000000,1.66000000,15.82000000,78,76
1068,0,1068,X-18,17,US,1068,BlockApportionment:US.BlockGroups;PointsLayer:US.BlockPoints,2.19100000,2.57600000,1,97.00000000,5732.00000000,81.00000000,188,62.82000000,0.73000000,70,17,US,1068,BlockApportionment:US.BlockGroups;PointsLayer:US.BlockPoints,2.19100000,2.57600000,1,23.40000000,10.53000000,21.85000000,40.84000000,7.27000000,6.02000000,0.63000000,29.43000000,74,77
1069,0,1069,Y-18,18,US,1069,BlockApportionment:US.BlockGroups;PointsLayer:US.BlockPoints,2.19100000,2.57600000,1,54.00000000,4214.00000000,90.00000000,190,53.35000000,1.62000000,89,18,US,1069,BlockApportionment:US.BlockGroups;PointsLayer:US.BlockPoints,2.19100000,2.57600000,1,33.98000000,5.33000000,21.86000000,44.99000000,6.37000000,4.70000000,1.82000000,26.41000000,85,88
1070,0,1070,Z-18,19,US,1070,BlockApportionment:US.BlockGroups;PointsLayer:US.BlockPoints,2.19100000,2.57600000,1,97.00000000,3026.00000000,100.00000000,100,54.10000000,3.02000000,75,19,US,1070,BlockApportionment:US.BlockGroups;PointsLayer:US.BlockPoints,2.19100000,2.57600000,1,32.11000000,5.25000000,17.11000000,37.78000000,3.17000000,5.21000000,1.98000000,24.26000000,76,81
1071,1,1071,AA-18,20,US,1071,BlockApportionment:US.BlockGroups;PointsLayer:US.BlockPoints,2.19100000,2.57600000,1,119.00000000,5640.00000000,103.00000000,157,57.22000000,0.89000000,76,20,US,1071,BlockApportionment:US.BlockGroups;PointsLayer:US.BlockPoints,2.19100000,2.57600000,1,24.95000000,5.37000000,23.56000000,41.30000000,8.40000000,8.62000000,0.54000000,17.69000000,81,87
1072,1,1072,AB-18,21,US,1072,BlockApportionment:US.BlockGroups;PointsLayer:US.BlockPoints,2.19100000,2.57600000,1,148.00000000,2987.00000000,120.00000000,224,60.90000000,0.72000000,80,21,US,1072,BlockApportionment:US.BlockGroups;PointsLayer:US.BlockPoints,2.19100000,2.57600000,1,30.94000000,3.70000000,16.79000000,30.57000000,5.33000000,7.94000000,0.70000000,22.34000000,84,88
1073,2,1073,AC-18,22,US,1073,BlockApportionment:US.BlockGroups;PointsLayer:US.BlockPoints,2.19100000,2.57600000,1,97.00000000,2648.00000000,92.00000000,105,43.50000000,1.10000000,60,22,US,1073,BlockApportionment:US.BlockGroups;PointsLayer:US.BlockPoints,2.19100000,2.57600000,1,37.68000000,3.13000000,13.14000000,39.56000000,4.14000000,3.64000000,0.73000000,21.74000000,67,69
1074,1,1074,AD-18,23,US,1074,BlockApportionment:US.BlockGroups;PointsLayer:US.BlockPoints,2.19100000,2.57600000,1,140.00000000,445.00000000,113.00000000,98,84.94000000,1.32000000,65,23,US,1074,BlockApportionment:US.BlockGroups;PointsLayer:US.BlockPoints,2.19100000,2.57600000,1,17.39000000,3.48000000,16.13000000,38.68000000,11.26000000,3.47000000,0.91000000,19.05000000,55,58
1075,0,1075,AE-18,24,US,1075,BlockApportionment:US.BlockGroups;PointsLayer:US.BlockPoints,2.19100000,2.57600000,1,154.00000000,2017.00000000,121.00000000,150,79.67000000,2.15000000,62,24,US,1075,BlockApportionment:US.BlockGroups;PointsLayer:US.BlockPoints,2.19100000,2.57600000,1,17.73000000,5.69000000,33.73000000,47.63000000,10.12000000,5.69000000,1.71000000,23.52000000,57,61
1076,0,1076,AF-18,25,US,1076,BlockApportionment:US.BlockGroups;PointsLayer:US.BlockPoints,2.19100000,2.57600000,1,130.00000000,1659.00000000,117.00000000,88,84.93000000,2.50000000,72,25,US,1076,BlockApportionment:US.BlockGroups;PointsLayer:US.BlockPoints,2.19100000,2.57600000,1,27.44000000,12.06000000,24.30000000,28.12000000,9.43000000,5.09000000,1.18000000,29.43000000,76,82
1077,0,1077,AG-18,26,US,1077,BlockApportionment:US.BlockGroups;PointsLayer:US.BlockPoints,2.19100000,2.57600000,1,107.00000000,772.00000000,98.00000000,140,67.88000000,0.30000000,91,26,US,1077,BlockApportionment:US.BlockGroups;PointsLayer:US.BlockPoints,2.19100000,2.57600000,1,20.85000000,7.72000000,13.48000000,23.93000000,2.62000000,5.29000000,1.48000000,20.80000000,79,81
1078,0,1078,AH-18,27,US,1078,BlockApportionment:US.BlockGroups;PointsLayer:US.BlockPoints,2.19100000,2.57600000,1,210.00000000,350.00000000,134.00000000,36,80.00000000,2.46000000,106,27,US,1078,BlockApportionment:US.BlockGroups;PointsLayer:US.BlockPoints,2.19100000,2.57600000,1,30.00000000,1.43000000,13.51000000,24.14000000,8.40000000,14.53000000,1.53000000,31.93000000,114,110
1079,0,1079,AI-18,28,US,1079,BlockApportionment:US.BlockGroups;PointsLayer:US.BlockPoints,2.19100000,2.57600000,1,307.00000000,3.00000000,147.00000000,0,0.00000000,0.00000000,0,28,US,1079,BlockApportionment:US.BlockGroups;PointsLayer:US.BlockPoints,2.19100000,2.57600000,1,0.00000000,0.00000000,0.00000000,0.00000000,0.00000000,0.00000000,0.00000000,0.00000000,0,0
1080,0,1080,A-17,29,US,1080,BlockApportionment:US.BlockGroups;PointsLayer:US.BlockPoints,2.19100000,2.57600000,1,60.00000000,1269.00000000,69.00000000,117,20.09000000,3.26000000,198,29,US,1080,BlockApportionment:US.BlockGroups;PointsLayer:US.BlockPoints,2.19100000,2.57600000,1,20.97000000,1.79000000,4.89000000,34.04000000,1.65000000,1.12000000,3.11000000,17.91000000,158,158
1081,1,1081,B-17,30,US,1081,BlockApportionment:US.BlockGroups;PointsLayer:US.BlockPoints,2.19100000,2.57600000,1,57.00000000,1363.00000000,66.00000000,148,26.12000000,3.48000000,177,30,US,1081,BlockApportionment:US.BlockGroups;PointsLayer:US.BlockPoints,2.19100000,2.57600000,1,28.64000000,3.52000000,3.84000000,20.27000000,3.72000000,3.31000000,3.85000000,15.07000000,145,148
1082,0,1082,C-17,31,US,1082,BlockApportionment:US.BlockGroups;PointsLayer:US.BlockPoints,2.19100000,2.57600000,1,80.00000000,2016.00000000,84.00000000,110,35.02000000,1.64000000,139,31,US,1082,BlockApportionment:US.BlockGroups;PointsLayer:US.BlockPoints,2.19100000,2.57600000,1,19.86000000,4.43000000,4.67000000,8.47000000,3.88000000,2.07000000,5.32000000,15.46000000,137,141
1083,0,1083,D-17,32,US,1083,BlockApportionment:US.BlockGroups;PointsLayer:US.BlockPoints,2.19100000,2.57600000,1,80.00000000,3803.00000000,70.00000000,174,52.59000000,4.02000000,80,32,US,1083,BlockApportionment:US.BlockGroups;PointsLayer:US.BlockPoints,2.19100000,2.57600000,1,19.57000000,10.06000000,10.42000000,39.62000000,4.51000000,7.93000000,3.60000000,24.49000000,72,75
1084,2,1084,E-17,33,US,1084,BlockApportionment:US.BlockGroups;PointsLayer:US.BlockPoints,2.19100000,2.57600000,1,101.00000000,4262.00000000,79.00000000,102,84.21000000,1.70000000,66,33,US,1084,BlockApportionment:US.BlockGroups;PointsLayer:US.BlockPoints,2.19100000,2.57600000,1,16.84000000,6.88000000,29.46000000,40.19000000,7.61000000,12.63000000,1.21000000,35.69000000,72,73
1085,1,1085,F-17,34,US,1085,BlockApportionment:US.BlockGroups;PointsLayer:US.BlockPoints,2.19100000,2.57600000,1,55.00000000,2964.00000000,74.00000000,157,64.57000000,3.21000000,119,34,US,1085,BlockApportionment:US.BlockGroups;PointsLayer:US.BlockPoints,2.19100000,2.57600000,1,24.77000000,2.78000000,11.64000000,31.05000000,7.56000000,4.54000000,3.19000000,18.82000000,105,106
1086,0,1086,G-17,35,US,1086,BlockApportionment:US.BlockGroups;PointsLayer:US.BlockPoints,2.19100000,2.57600000,1,60.00000000,3990.00000000,66.00000000,105,62.81000000,3.62000000,81,35,US,1086,BlockApportionment:US.BlockGroups;PointsLayer:US.BlockPoints,2.19100000,2.57600000,1,28.30000000,3.93000000,27.27000000,39.20000000,7.12000000,3.55000000,2.54000000,19.66000000,82,85
1087,0,1087,H-17,36,US,1087,BlockApportionment:US.BlockGroups;PointsLayer:US.BlockPoints,2.19100000,2.57600000,1,54.00000000,5336.00000000,58.00000000,152,56.11000000,2.13000000,97,36,US,1087,BlockApportionment:US.BlockGroups;PointsLayer:US.BlockPoints,2.19100000,2.57600000,1,26.49000000,4.90000000,23.81000000,39.82000000,8.67000000,4.47000000,1.61000000,23.57000000,76,75
1088,0,1088,I-17,37,US,1088,BlockApportionment:US.BlockGroups;PointsLayer:US.BlockPoints,2.19100000,2.57600000,1,59.00000000,2484.00000000,64.00000000,167,51.13000000,2.25000000,141,37,US,1088,BlockApportionment:US.BlockGroups;PointsLayer:US.BlockPoints,2.19100000,2.57600000,1,12.28000000,1.65000000,8.32000000,28.68000000,2.35000000,3.93000000,3.16000000,16.21000000,121,123
1089,0,1089,J-17,38,US,1089,BlockApportionment:US.BlockGroups;PointsLayer:US.BlockPoints,2.19100000,2.57600000,1,38.00000000,2223.00000000,46.00000000,107,52.09000000,1.01000000,118,38,US,1089,BlockApportionment:US.BlockGroups;PointsLayer:US.BlockPoints,2.19100000,2.57600000,1,22.33000000,1.82000000,18.20000000,47.04000000,10.45000000,6.36000000,2.13000000,16.11000000,105,111
1090,0,1090,K-17,39,US,1090,BlockApportionment:US.BlockGroups;PointsLayer:US.BlockPoints,2.19100000,2.57600000,1,43.00000000,3052.00000000,64.00000000,176,57.08000000,5.22000000,81,39,US,1090,BlockApportionment:US.BlockGroups;PointsLayer:US.BlockPoints,2.19100000,2.57600000,1,37.85000000,1.07000000,7.80000000,54.61000000,4.19000000,3.95000000,3.92000000,18.42000000,86,90
1091,0,1091,L-17,40,US,1091,BlockApportionment:US.BlockGroups;PointsLayer:US.BlockPoints,2.19100000,2.57600000,1,54.00000000,3882.00000000,59.00000000,95,61.95000000,2.70000000,82,40,US,1091,BlockApportionment:US.BlockGroups;PointsLayer:US.BlockPoints,2.19100000,2.57600000,1,29.88000000,4.43000000,19.29000000,33.03000000,8.09000000,7.94000000,3.49000000,22.09000000,81,87
1092,0,1092,M-17,41,US,1092,BlockApportionment:US.BlockGroups;PointsLayer:US.BlockPoints,2.19100000,2.57600000,1,98.00000000,3186.00000000,87.00000000,107,62.05000000,2.06000000,73,41,US,1092,BlockApportionment:US.BlockGroups;PointsLayer:US.BlockPoints,2.19100000,2.57600000,1,28.39000000,2.27000000,17.35000000,40.64000000,6.05000000,5.19000000,2.17000000,27.82000000,73,76
1093,0,1093,N-17,42,US,1093,BlockApportionment:US.BlockGroups;PointsLayer:US.BlockPoints,2.19100000,2.57600000,1,94.00000000,2683.00000000,106.00000000,60,55.94000000,1.73000000,127,42,US,1093,BlockApportionment:US.BlockGroups;PointsLayer:US.BlockPoints,2.19100000,2.57600000,1,28.30000000,3.63000000,4.46000000,29.17000000,6.22000000,2.44000000,1.17000000,13.32000000,118,121
1094,0,1094,O-17,43,US,1094,BlockApportionment:US.BlockGroups;PointsLayer:US.BlockPoints,2.19100000,2.57600000,1,78.00000000,2078.00000000,97.00000000,71,53.13000000,3.30000000,179,43,US,1094,BlockApportionment:US.BlockGroups;PointsLayer:US.BlockPoints,2.19100000,2.57600000,1,14.61000000,0.67000000,5.74000000,21.01000000,9.59000000,6.25000000,2.35000000,11.14000000,130,131
1095,0,1095,P-17,44,US,1095,BlockApportionment:US.BlockGroups;PointsLayer:US.BlockPoints,2.19100000,2.57600000,1,64.00000000,1798.00000000,84.00000000,198,45.44000000,3.88000000,135,44,US,1095,BlockApportionment:US.BlockGroups;PointsLayer:US.BlockPoints,2.19100000,2.57600000,1,18.41000000,2.03000000,3.68000000,54.25000000,3.35000000,8.43000000,3.24000000,14.74000000,117,122
1096,0,1096,Q-17,45,US,1096,BlockApportionment:US.BlockGroups;PointsLayer:US.BlockPoints,2.19100000,2.57600000,1,109.00000000,2468.00000000,102.00000000,288,51.13000000,5.04000000,103,45,US,1096,BlockApportionment:US.BlockGroups;PointsLayer:US.BlockPoints,2.19100000,2.57600000,1,35.94000000,8.79000000,8.01000000,56.36000000,12.04000000,1.62000000,4.74000000,20.59000000,98,104
1097,0,1097,R-17,46,US,1097,BlockApportionment:US.BlockGroups;PointsLayer:US.BlockPoints,2.19100000,2.57600000,1,119.00000000,137.00000000,111.00000000,240,51.82000000,5.26000000,100,46,US,1097,BlockApportionment:US.BlockGroups;PointsLayer:US.BlockPoints,2.19100000,2.57600000,1,38.46000000,3.85000000,11.59000000,71.43000000,1.69000000,1.45000000,6.45000000,20.34000000,93,95
1098,0,1098,S-17,47,US,1098,BlockApportionment:US.BlockGroups;PointsLayer:US.BlockPoints,2.19100000,2.57600000,1,173.00000000,2224.00000000,140.00000000,148,66.01000000,2.09000000,90,47,US,1098,BlockApportionment:US.BlockGroups;PointsLayer:US.BlockPoints,2.19100000,2.57600000,1,30.47000000,3.95000000,15.49000000,34.35000000,6.53000000,6.44000000,1.48000000,22.93000000,80,81
1099,0,1099,T-17,48,US,1099,BlockApportionment:US.BlockGroups;PointsLayer:US.BlockPoints,2.19100000,2.57600000,1,169.00000000,3095.00000000,124.00000000,100,75.28000000,2.77000000,86,48,US,1099,BlockApportionment:US.BlockGroups;PointsLayer:US.BlockPoints,2.19100000,2.57600000,1,18.73000000,2.59000000,19.41000000,31.16000000,8.97000000,9.37000000,2.67000000,21.55000000,69,69
1100,0,1100,U-17,49,US,1100,BlockApportionment:US.BlockGroups;PointsLayer:US.BlockPoints,2.19100000,2.57600000,1,105.00000000,3601.00000000,86.00000000,90,51.35000000,2.86000000,102,49,US,1100,BlockApportionment:US.BlockGroups;PointsLayer:US.BlockPoints,2.19100000,2.57600000,1,23.66000000,3.60000000,9.53000000,34.42000000,4.00000000,3.64000000,3.61000000,20.17000000,102,105
1101,0,1101,V-17,0,US,1101,BlockApportionment:US.BlockGroups;PointsLayer:US.BlockPoints,2.19100000,2.57600000,1,124.00000000,1991.00000000,88.00000000,86,64.04000000,1.10000000,89,0,US,1101,BlockApportionment:US.BlockGroups;PointsLayer:US.BlockPoints,2.19100000,2.57600000,1,13.35000000,3.97000000,8.99000000,38.26000000,6.09000000,4.47000000,0.98000000,22.23000000,87,93
1102,2,1102,W-17,1,US,1102,BlockApportionment:US.BlockGroups;PointsLayer:US.BlockPoints,2.19100000,2.57600000,1,85.00000000,4687.00000000,68.00000000,102,67.46000000,0.87000000,77,1,US,1102,BlockApportionment:US.BlockGroups;PointsLayer:US.BlockPoints,2.19100000,2.57600000,1,26.95000000,5.48000000,25.35000000,43.24000000,10.41000000,6.91000000,1.26000000,20.93000000,80,86
1103,0,1103,X-17,2,US,1103,BlockApportionment:US.BlockGroups;PointsLayer:US.BlockPoints,2.19100000,2.57600000,1,128.00000000,983.00000000,108.00000000,114,57.27000000,0.00000000,63,2,US,1103,BlockApportionment:US.BlockGroups;PointsLayer:US.BlockPoints,2.19100000,2.57600000,1,23.60000000,6.19000000,33.25000000,49.38000000,0.36000000,4.58000000,1.69000000,17.72000000,114,114
1104,0,1104,Y-17,3,US,1104,BlockApportionment:US.BlockGroups;PointsLayer:US.BlockPoints,2.19100000,2.57600000,1,83.00000000,4374.00000000,88.00000000,160,55.05000000,2.02000000,75,3,US,1104,BlockApportionment:US.BlockGroups;PointsLayer:US.BlockPoints,2.19100000,2.57600000,1,28.37000000,7.29000000,20.60000000,46.51000000,1.62000000,3.42000000,2.72000000,18.14000000,58,57
1105,1,1105,Z-17,4,US,1105,BlockApportionment:US.BlockGroups;PointsLayer:US.BlockPoints,2.19100000,2.57600000,1,93.00000000,3039.00000000,77.00000000,105,55.41000000,3.01000000,70,4,US,1105,BlockApportionment:US.BlockGroups;PointsLayer:US.BlockPoints,2.19100000,2.57600000,1,29.01000000,6.00000000,13.49000000,40.08000000,6.66000000,3.34000000,3.30000000,22.77000000,59,60
1106,3,1106,AA-17,5,US,1106,BlockApportionment:US.BlockGroups;PointsLayer:US.BlockPoints,2.19100000,2.57600000,1,222.00000000,527.00000000,146.00000000,260,35.29000000,0.36000000,93,5,US,1106,BlockApportionment:US.BlockGroups;PointsLayer:US.BlockPoints,2.19100000,2.57600000,1,47.16000000,5.11000000,17.53000000,54.17000000,2.29000000,5.36000000,0.56000000,24.17000000,84,87
1107,0,1107,AB-17,6,US,1107,BlockApportionment:US.BlockGroups;PointsLayer:US.BlockPoints,2.19100000,2.57600000,1,172.00000000,1113.00000000,144.00000000,212,30.10000000,4.62000000,127,6,US,1107,BlockApportionment:US.BlockGroups;PointsLayer:US.BlockPoints,2.19100000,2.57600000,1,37.55000000,0.79000000,22.61000000,90.00000000,6.27000000,0.85000000,3.61000000,13.76000000,104,108
1108,0,1108,AC-17,7,US,1108,BlockApportionment:US.BlockGroups;PointsLayer:US.BlockPoints,2.19100000,2.57600000,1,96.00000000,1741.00000000,97.00000000,69,23.38000000,2.25000000,90,7,US,1108,BlockApportionment:US.BlockGroups;PointsLayer:US.BlockPoints,2.19100000,2.57600000,1,21.85000000,6.54000000,6.31000000,39.41000000,1.21000000,3.68000000,1.48000000,6.83000000,88,93
1109,1,1109,AD-17,8,US,1109,BlockApportionment:US.BlockGroups;PointsLayer:US.BlockPoints,2.19100000,2.57600000,1,95.00000000,4582.00000000,91.00000000,112,70.58000000,0.44000000,76,8,US,1109,BlockApportionment:US.BlockGroups;PointsLayer:US.BlockPoints,2.19100000,2.57600000,1,24.40000000,5.87000000,14.26000000,31.02000000,8.56000000,8.49000000,0.54000000,17.31000000,83,88
1110,0,1110,AE-17,9,US,1110,BlockApportionment:US.BlockGroups;PointsLayer:US.BlockPoints,2.19100000,2.57600000,1,129.00000000,5231.00000000,96.00000000,71,78.51000000,1.97000000,80,9,US,1110,BlockApportionment:US.BlockGroups;PointsLayer:US.BlockPoints,2.19100000,2.57600000,1,19.90000000,9.26000000,18.64000000,31.10000000,13.20000000,6.68000000,0.61000000,27.06000000,88,91
1111,0,1111,AF-17,10,US,1111,BlockApportionment:US.BlockGroups;PointsLayer:US.BlockPoints,2.19100000,2.57600000,1,114.00000000,3461.00000000,121.00000000,93,81.57000000,0.59000000,75,10,US,1111,BlockApportionment:US.BlockGroups;PointsLayer:US.BlockPoints,2.19100000,2.57600000,1,42.94000000,5.37000000,19.72000000,33.15000000,10.13000000,5.60000000,0.84000000,24.90000000,83,88
1112,0,1112,AG-17,11,US,1112,BlockApportionment:US.BlockGroups;PointsLayer:US.BlockPoints,2.19100000,2.57600000,1,160.00000000,4098.00000000,129.00000000,100,83.31000000,2.91000000,86,11,US,1112,BlockApportionment:US.BlockGroups;PointsLayer:US.BlockPoints,2.19100000,2.57600000,1,32.84000000,7.62000000,13.98000000,37.44000000,7.86000000,12.03000000,2.65000000,25.03000000,91,95
1113,0,1113,AH-17,12,US,1113,BlockApportionment:US.BlockGroups;PointsLayer:US.BlockPoints,2.19100000,2.57600000,1,118.00000000,1115.00000000,112.00000000,190,82.06000000,0.00000000,96,12,US,1113,BlockApportionment:US.BlockGroups;PointsLayer:US.BlockPoints,2.19100000,2.57600000,1,37.36000000,2.93000000,8.68000000,37.30000000,9.20000000,11.03000000,0.65000000,27.96000000,89,97
1114,0,1114,AI-17,13,US,1114,BlockApportionment:US.BlockGroups;PointsLayer:US.BlockPoints,2.19100000,2.57600000,1,190.00000000,14.00000000,121.00000000,0,78.57000000,0.00000000,158,13,US,1114,BlockApportionment:US.BlockGroups;PointsLayer:US.BlockPoints,2.19100000,2.57600000,1,0.00000000,0.00000000,16.67000000,100.00000000,0.00000000,8.33000000,0.00000000,25.00000000,311,161
1115,0,1115,A-16,14,US,1115,BlockApportionment:US.BlockGroups;PointsLayer:US.BlockPoints,2.19100000,2.57600000,1,56.00000000,1928.00000000,54.00000000,76,20.44000000,4.94000000,139,14,US,1115,BlockApportionment:US.BlockGroups;PointsLayer:US.BlockPoints,2.19100000,2.57600000,1,36.56000000,4.09000000,11.05000000,64.34000000,2.11000000,1.59000000,5.64000000,8.36000000,126,128
1116,0,1116,B-16,15,US,1116,BlockApportionment:US.BlockGroups;PointsLayer:US.BlockPoints,2.19100000,2.57600000,1,59.00000000,1812.00000000,67.00000000,69,27.70000000,3.68000000,170,15,US,1116,BlockApportionment:US.BlockGroups;PointsLayer:US.BlockPoints,2.19100000,2.57600000,1,32.11000000,4.67000000,15.36000000,36.36000000,4.20000000,2.79000000,2.06000000,12.48000000,138,141
1117,0,1117,C-16,16,US,1117,BlockApportionment:US.BlockGroups;PointsLayer:US.BlockPoints,2.19100000,2.57600000,1,73.00000000,1516.00000000,69.00000000,95,31.00000000,4.70000000,137,16,US,1117,BlockApportionment:US.BlockGroups;PointsLayer:US.BlockPoints,2.19100000,2.57600000,1,31.23000000,6.32000000,7.83000000,35.65000000,3.74000000,3.03000000,5.05000000,11.54000000,116,118
1118,0,1118,D-16,17,US,1118,BlockApportionment:US.BlockGroups;PointsLayer:US.BlockPoints,2.19100000,2.57600000,1,65.00000000,4288.00000000,71.00000000,121,66.88000000,4.06000000,72,17,US,1118,BlockApportionment:US.BlockGroups;PointsLayer:US.BlockPoints,2.19100000,2.57600000,1,37.46000000,4.28000000,18.04000000,37.66000000,9.19000000,3.86000000,2.92000000,22.28000000,67,69
1119,1,1119,E-16,18,US,1119,BlockApportionment:US.BlockGroups;PointsLayer:US.BlockPoints,2.19100000,2.57600000,1,95.00000000,1760.00000000,72.00000000,100,63.69000000,2.55000000,79,18,US,1119,BlockApportionment:US.BlockGroups;PointsLayer:US.BlockPoints,2.19100000,2.57600000,1,40.06000000,1.85000000,14.85000000,29.10000000,8.08000000,3.89000000,2.99000000,24.31000000,81,84
1120,0,1120,F-16,19,US,1120,BlockApportionment:US.BlockGroups;PointsLayer:US.BlockPoints,2.19100000,2.57600000,1,60.00000000,2328.00000000,67.00000000,107,51.42000000,3.46000000,125,19,US,1120,BlockApportionment:US.BlockGroups;PointsLayer:US.BlockPoints,2.19100000,2.57600000,1,23.81000000,2.59000000,8.95000000,23.14000000,6.41000000,3.61000000,3.77000000,18.62000000,113,116
1121,0,1121,G-16,20,US,1121,BlockApportionment:US.BlockGroups;PointsLayer:US.BlockPoints,2.19100000,2.57600000,1,40.00000000,3066.00000000,72.00000000,93,49.32000000,2.72000000,117,20,US,1121,BlockApportionment:US.BlockGroups;PointsLayer:US.BlockPoints,2.19100000,2.57600000,1,29.05000000,6.76000000,12.91000000,43.57000000,10.74000000,6.29000000,3.19000000,13.58000000,115,119
1122,0,1122,H-16,21,US,1122,BlockApportionment:US.BlockGroups;PointsLayer:US.BlockPoints,2.19100000,2.57600000,1,47.00000000,2943.00000000,70.00000000,167,51.41000000,3.94000000,93,21,US,1122,BlockApportionment:US.BlockGroups;PointsLayer:US.BlockPoints,2.19100000,2.57600000,1,24.11000000,6.29000000,39.96000000,48.22000000,10.10000000,3.46000000,3.67000000,15.00000000,86,92
1123,0,1123,I-16,22,US,1123,BlockApportionment:US.BlockGroups;PointsLayer:US.BlockPoints,2.19100000,2.57600000,1,68.00000000,2587.00000000,78.00000000,171,39.43000000,2.24000000,135,22,US,1123,BlockApportionment:US.BlockGroups;PointsLayer:US.BlockPoints,2.19100000,2.57600000,1,33.90000000,1.82000000,26.82000000,30.86000000,7.93000000,5.61000000,1.49000000,23.54000000,121,126
1124,0,1124,J-16,23,US,1124,BlockApportionment:US.BlockGroups;PointsLayer:US.BlockPoints,2.19100000,2.57600000,1,71.00000000,1993.00000000,90.00000000,324,57.80000000,2.31000000,106,23,US,1124,BlockApportionment:US.BlockGroups;PointsLayer:US.BlockPoints,2.19100000,2.57600000,1,36.61000000,0.00000000,20.18000000,39.02000000,3.44000000,7.13000000,2.65000000,11.38000000,120,126
1125,0,1125,K-16,24,US,1125,BlockApportionment:US.BlockGroups;PointsLayer:US.BlockPoints,2.19100000,2.57600000,1,93.00000000,1424.00000000,98.00000000,90,56.32000000,0.81000000,150,24,US,1125,BlockApportionment:US.BlockGroups;PointsLayer:US.BlockPoints,2.19100000,2.57600000,1,35.05000000,15.11000000,3.76000000,5.41000000,10.92000000,6.62000000,1.03000000,21.09000000,120,124
1126,0,1126,L-16,25,US,1126,BlockApportionment:US.BlockGroups;PointsLayer:US.BlockPoints,2.19100000,2.57600000,1,46.00000000,3292.00000000,34.00000000,105,61.36000000,1.06000000,77,25,US,1126,BlockApportionment:US.BlockGroups;PointsLayer:US.BlockPoints,2.19100000,2.57600000,1,25.56000000,1.36000000,11.20000000,28.13000000,7.32000000,4.10000000,1.46000000,14.86000000,76,77
1127,0,1127,M-16,26,US,1127,BlockApportionment:US.BlockGroups;PointsLayer:US.BlockPoints,2.19100000,2.57600000,1,74.00000000,3651.00000000,62.00000000,126,45.85000000,2.18000000,101,26,US,1127,BlockApportionment:US.BlockGroups;PointsLayer:US.BlockPoints,2.19100000,2.57600000,1,28.16000000,5.04000000,11.53000000,37.21000000,3.22000000,4.50000000,1.87000000,21.46000000,104,114
1128,0,1128,N-16,27,US,1128,BlockApportionment:US.BlockGroups;PointsLayer:US.BlockPoints,2.19100000,2.57600000,1,63.00000000,2829.00000000,86.00000000,76,62.88000000,2.59000000,115,27,US,1128,BlockApportionment:US.BlockGroups;PointsLayer:US.BlockPoints,2.19100000,2.57600000,1,22.01000000,9.35000000,7.61000000,4.39000000,9.56000000,2.19000000,3.45000000,21.31000000,116,126
1129,0,1129,O-16,28,US,1129,BlockApportionment:US.BlockGroups;PointsLayer:US.BlockPoints,2.19100000,2.57600000,1,61.00000000,1689.00000000,79.00000000,50,46.00000000,4.97000000,132,28,US,1129,BlockApportionment:US.BlockGroups;PointsLayer:US.BlockPoints,2.19100000,2.57600000,1,23.64000000,1.40000000,7.18000000,41.57000000,2.13000000,2.63000000,5.30000000,17.39000000,127,124
1130,0,1130,P-16,29,US,1130,BlockApportionment:US.BlockGroups;PointsLayer:US.BlockPoints,2.19100000,2.57600000,1,76.00000000,2041.00000000,81.00000000,114,44.73000000,4.53000000,143,29,US,1130,BlockApportionment:US.BlockGroups;PointsLayer:US.BlockPoints,2.19100000,2.57600000,1,28.46000000,4.00000000,6.14000000,41.38000000,4.45000000,3.15000000,3.95000000,16.21000000,130,129
1131,0,1131,Q-16,30,US,1131,BlockApportionment:US.BlockGroups;PointsLayer:US.BlockPoints,2.19100000,2.57600000,1,96.00000000,1291.00000000,107.00000000,152,62.35000000,8.38000000,101,30,US,1131,BlockApportionment:US.BlockGroups;PointsLayer:US.BlockPoints,2.19100000,2.57600000,1,32.79000000,8.70000000,44.60000000,42.28000000,2.76000000,8.89000000,11.76000000,5.95000000,113,117
1132,0,1132,R-16,31,US,1132,BlockApportionment:US.BlockGroups;PointsLayer:US.BlockPoints,2.19100000,2.57600000,1,273.00000000,9.00000000,193.00000000,0,44.44000000,0.00000000,23,31,US,1132,BlockApportionment:US.BlockGroups;PointsLayer:US.BlockPoints,2.19100000,2.57600000,1,0.00000000,100.00000000,100.00000000,100.00000000,0.00000000,0.00000000,0.00000000,100.00000000,94,85
1133,0,1133,S-16,32,US,1133,BlockApportionment:US.BlockGroups;PointsLayer:US.BlockPoints,2.19100000,2.57600000,1,231.00000000,49.00000000,144.00000000,0,89.80000000,4.44000000,96,32,US,1133,BlockApportionment:US.BlockGroups;PointsLayer:US.BlockPoints,2.19100000,2.57600000,1,5.56000000,5.56000000,3.23000000,11.11000000,0.00000000,0.00000000,7.69000000,4.55000000,61,54
1134,0,1134,T-16,33,US,1134,BlockApportionment:US.BlockGroups;PointsLayer:US.BlockPoints,2.19100000,2.57600000,1,119.00000000,207.00000000,77.00000000,79,74.88000000,1.82000000,65,33,US,1134,BlockApportionment:US.BlockGroups;PointsLayer:US.BlockPoints,2.19100000,2.57600000,1,20.00000000,8.57000000,35.09000000,31.43000000,6.60000000,15.79000000,4.38000000,27.36000000,51,52
1135,0,1135,U-16,34,US,1135,BlockApportionment:US.BlockGroups;PointsLayer:US.BlockPoints,2.19100000,2.57600000,1,110.00000000,916.00000000,87.00000000,198,57.97000000,2.01000000,86,34,US,1135,BlockApportionment:US.BlockGroups;PointsLayer:US.BlockPoints,2.19100000,2.57600000,1,23.10000000,4.69000000,4.25000000,26.09000000,6.99000000,3.46000000,1.51000000,25.26000000,90,95
1136,0,1136,V-16,35,US,1136,BlockApportionment:US.BlockGroups;PointsLayer:US.BlockPoints,2.19100000,2.57600000,1,118.00000000,3290.00000000,105.00000000,307,77.78000000,1.28000000,72,35,US,1136,BlockApportionment:US.BlockGroups;PointsLayer:US.BlockPoints,2.19100000,2.57600000,1,24.86000000,4.97000000,16.55000000,32.11000000,5.67000000,9.54000000,0.76000000,21.44000000,83,88
1137,1,1137,W-16,36,US,1137,BlockApportionment:US.BlockGroups;PointsLayer:US.BlockPoints,2.19100000,2.57600000,1,130.00000000,1923.00000000,104.00000000,226,84.24000000,2.44000000,71,36,US,1137,BlockApportionment:US.BlockGroups;PointsLayer:US.BlockPoints,2.19100000,2.57600000,1,29.57000000,8.55000000,17.98000000,23.58000000,8.48000000,8.70000000,1.60000000,25.09000000,62,64
1138,0,1138,X-16,37,US,1138,BlockApportionment:US.BlockGroups;PointsLayer:US.BlockPoints,2.19100000,2.57600000,1,96.00000000,2263.00000000,89.00000000,238,57.45000000,1.07000000,99,37,US,1138,BlockApportionment:US.BlockGroups;PointsLayer:US.BlockPoints,2.19100000,2.57600000,1,29.55000000,6.26000000,19.91000000,50.49000000,3.29000000,3.42000000,2.42000000,20.36000000,68,69
1139,0,1139,Y-16,38,US,1139,BlockApportionment:US.BlockGroups;PointsLayer:US.BlockPoints,2.19100000,2.57600000,1,72.00000000,1609.00000000,70.00000000,226,56.43000000,0.67000000,90,38,US,1139,BlockApportionment:US.BlockGroups;PointsLayer:US.BlockPoints,2.19100000,2.57600000,1,29.00000000,21.17000000,21.22000000,59.33000000,8.92000000,9.20000000,0.78000000,33.79000000,79,81
1140,0,1140,Z-16,39,US,1140,BlockApportionment:US.BlockGroups;PointsLayer:US.BlockPoints,2.19100000,2.57600000,1,126.00000000,3860.00000000,105.00000000,162,44.90000000,1.47000000,86,39,US,1140,BlockApportionment:US.BlockGroups;PointsLayer:US.BlockPoints,2.19100000,2.57600000,1,34.01000000,5.63000000,11.19000000,42.96000000,7.29000000,1.82000000,1.82000000,24.18000000,81,82
1141,0,1141,AA-16,40,US,1141,BlockApportionment:US.BlockGroups;PointsLayer:US.BlockPoints,2.19100000,2.57600000,1,201.00000000,2272.00000000,147.00000000,195,35.21000000,0.42000000,104,40,US,1141,BlockApportionment:US.BlockGroups;PointsLayer:US.BlockPoints,2.19100000,2.57600000,1,42.10000000,3.74000000,13.63000000,50.88000000,2.19000000,4.00000000,0.46000000,26.98000000,102,106
1142,2,1142,AB-16,41,US,1142,BlockApportionment:US.BlockGroups;PointsLayer:US.BlockPoints,2.19100000,2.57600000,1,124.00000000,2180.00000000,126.00000000,110,42.52000000,2.98000000,119,41,US,1142,BlockApportionment:US.BlockGroups;PointsLayer:US.BlockPoints,2.19100000,2.57600000,1,29.68000000,5.08000000,12.76000000,31.09000000,6.75000000,4.10000000,1.85000000,14.09000000,105,110
1143,1,1143,AC-16,42,US,1143,BlockApportionment:US.BlockGroups;PointsLayer:US.BlockPoints,2.19100000,2.57600000,1,88.00000000,2318.00000000,100.00000000,183,55.05000000,1.42000000,92,42,US,1143,BlockApportionment:US.BlockGroups;PointsLayer:US.BlockPoints,2.19100000,2.57600000,1,27.36000000,5.92000000,12.25000000,47.84000000,6.64000000,1.85000000,2.07000000,19.17000000,87,94
1144,6,1144,AD-16,43,US,1144,BlockApportionment:US.BlockGroups;PointsLayer:US.BlockPoints,2.19100000,2.57600000,1,115.00000000,2740.00000000,112.00000000,262,59.71000000,2.83000000,95,43,US,1144,BlockApportionment:US.BlockGroups;PointsLayer:US.BlockPoints,2.19100000,2.57600000,1,33.25000000,6.41000000,16.88000000,45.74000000,8.09000000,7.51000000,0.93000000,18.69000000,89,91
1145,4,1145,AE-16,44,US,1145,BlockApportionment:US.BlockGroups;PointsLayer:US.BlockPoints,2.19100000,2.57600000,1,136.00000000,4010.00000000,129.00000000,107,72.67000000,1.98000000,79,44,US,1145,BlockApportionment:US.BlockGroups;PointsLayer:US.BlockPoints,2.19100000,2.57600000,1,40.04000000,6.98000000,14.39000000,35.26000000,5.51000000,6.23000000,0.72000000,21.32000000,80,84
1146,1,1146,AF-16,45,US,1146,BlockApportionment:US.BlockGroups;PointsLayer:US.BlockPoints,2.19100000,2.57600000,1,160.00000000,1296.00000000,143.00000000,136,75.39000000,1.36000000,79,45,US,1146,BlockApportionment:US.BlockGroups;PointsLayer:US.BlockPoints,2.19100000,2.57600000,1,41.76000000,4.95000000,21.91000000,38.55000000,7.23000000,7.12000000,1.09000000,24.59000000,72,75
1147,1,1147,AG-16,46,US,1147,BlockApportionment:US.BlockGroups;PointsLayer:US.BlockPoints,2.19100000,2.57600000,1,105.00000000,4200.00000000,109.00000000,121,80.45000000,0.79000000,84,46,US,1147,BlockApportionment:US.BlockGroups;PointsLayer:US.BlockPoints,2.19100000,2.57600000,1,41.18000000,4.47000000,20.24000000,31.68000000,8.44000000,6.37000000,1.32000000,23.12000000,80,86
1148,0,1148,AH-16,47,US,1148,BlockApportionment:US.BlockGroups;PointsLayer:US.BlockPoints,2.19100000,2.57600000,1,166.00000000,1604.00000000,140.00000000,38,80.99000000,0.79000000,89,47,US,1148,BlockApportionment:US.BlockGroups;PointsLayer:US.BlockPoints,2.19100000,2.57600000,1,33.06000000,3.76000000,10.59000000,35.62000000,7.14000000,2.79000000,1.08000000,27.58000000,84,86
1149,0,1149,AI-16,48,US,1149,BlockApportionment:US.BlockGroups;PointsLayer:US.BlockPoints,2.19100000,2.57600000,1,164.00000000,2345.00000000,106.00000000,64,72.67000000,1.90000000,112,48,US,1149,BlockApportionment:US.BlockGroups;PointsLayer:US.BlockPoints,2.19100000,2.57600000,1,21.18000000,3.26000000,11.99000000,42.11000000,5.00000000,4.73000000,2.60000000,24.50000000,113,121
1150,0,1150,AJ-16,49,US,1150,BlockApportionment:US.BlockGroups;PointsLayer:US.BlockPoints,2.19100000,2.57600000,1,76.00000000,694.00000000,70.00000000,238,14.55000000,2.86000000,130,49,US,1150,BlockApportionment:US.BlockGroups;PointsLayer:US.BlockPoints,2.19100000,2.57600000,1,20.87000000,3.54000000,3.31000000,23.33000000,0.15000000,2.48000000,1.93000000,10.66000000,118,123
1151,1,1151,C-15,0,US,1151,BlockApportionment:US.BlockGroups;PointsLayer:US.BlockPoints,2.19100000,2.57600000,1,87.00000000,1448.00000000,81.00000000,124,26.04000000,4.09000000,164,0,US,1151,BlockApportionment:US.BlockGroups;PointsLayer:US.BlockPoints,2.19100000,2.57600000,1,28.75000000,4.76000000,6.56000000,27.52000000,2.47000000,1.92000000,3.89000000,12.30000000,138,138
1152,0,1152,D-15,1,US,1152,BlockApportionment:US.BlockGroups;PointsLayer:US.BlockPoints,2.19100000,2.57600000,1,69.00000000,3398.00000000,88.00000000,31,51.80000000,2.03000000,105,1,US,1152,BlockApportionment:US.BlockGroups;PointsLayer:US.BlockPoints,2.19100000,2.57600000,1,19.92000000,2.27000000,8.58000000,31.72000000,4.61000000,5.52000000,1.77000000,21.96000000,102,104
1153,3,1153,E-15,2,US,1153,BlockApportionment:US.BlockGroups;PointsLayer:US.BlockPoints,2.19100000,2.57600000,1,68.00000000,4064.00000000,37.00000000,152,69.69000000,3.51000000,88,2,US,1153,BlockApportionment:US.BlockGroups;PointsLayer:US.BlockPoints,2.19100000,2.57600000,1,28.03000000,7.88000000,18.63000000,30.40000000,6.88000000,6.88000000,3.16000000,21.68000000,87,91
1154,1,1154,F-15,3,US,1154,BlockApportionment:US.BlockGroups;PointsLayer:US.BlockPoints,2.19100000,2.57600000,1,31.00000000,4864.00000000,45.00000000,43,51.23000000,3.03000000,87,3,US,1154,BlockApportionment:US.BlockGroups;PointsLayer:US.BlockPoints,2.19100000,2.57600000,1,17.35000000,3.63000000,15.48000000,29.03000000,8.88000000,7.21000000,2.52000000,22.79000000,88,93
1155,0,1155,G-15,4,US,1155,BlockApportionment:US.BlockGroups;PointsLayer:US.BlockPoints,2.19100000,2.57600000,1,60.00000000,2423.00000000,64.00000000,167,42.67000000,3.41000000,165,4,US,1155,BlockApportionment:US.BlockGroups;PointsLayer:US.BlockPoints,2.19100000,2.57600000,1,20.15000000,3.32000000,11.63000000,70.50000000,3.35000000,4.67000000,3.23000000,20.02000000,133,133
1156,1,1156,H-15,5,US,1156,BlockApportionment:US.BlockGroups;PointsLayer:US.BlockPoints,2.19100000,2.57600000,1,76.00000000,1333.00000000,78.00000000,238,46.36000000,4.23000000,129,5,US,1156,BlockApportionment:US.BlockGroups;PointsLayer:US.BlockPoints,2.19100000,2.57600000,1,27.25000000,5.54000000,13.72000000,42.40000000,3.29000000,5.84000000,3.60000000,16.55000000,111,112
1157,0,1157,I-15,6,US,1157,BlockApportionment:US.BlockGroups;PointsLayer:US.BlockPoints,2.19100000,2.57600000,1,49.00000000,3410.00000000,65.00000000,162,53.34000000,2.65000000,108,6,US,1157,BlockApportionment:US.BlockGroups;PointsLayer:US.BlockPoints,2.19100000,2.57600000,1,19.55000000,11.71000000,14.91000000,24.53000000,7.87000000,6.98000000,3.14000000,20.03000000,103,107
1158,0,1158,J-15,7,US,1158,BlockApportionment:US.BlockGroups;PointsLayer:US.BlockPoints,2.19100000,2.57600000,1,135.00000000,1578.00000000,100.00000000,55,39.92000000,4.87000000,134,7,US,1158,BlockApportionment:US.BlockGroups;PointsLayer:US.BlockPoints,2.19100000,2.57600000,1,31.57000000,2.02000000,10.73000000,7.53000000,4.92000000,0.87000000,1.70000000,16.24000000,98,100
1159,0,1159,K-15,8,US,1159,BlockApportionment:US.BlockGroups;PointsLayer:US.BlockPoints,2.19100000,2.57600000,1,87.00000000,1520.00000000,76.00000000,112,50.39000000,1.71000000,147,8,US,1159,BlockApportionment:US.BlockGroups;PointsLayer:US.BlockPoints,2.19100000,2.57600000,1,26.89000000,5.11000000,5.40000000,15.84000000,5.63000000,2.60000000,3.41000000,22.35000000,109,110
1160,0,1160,L-15,9,US,1160,BlockApportionment:US.BlockGroups;PointsLayer:US.BlockPoints,2.19100000,2.57600000,1,160.00000000,2210.00000000,127.00000000,198,55.97000000,2.54000000,112,9,US,1160,BlockApportionment:US.BlockGroups;PointsLayer:US.BlockPoints,2.19100000,2.57600000,1,19.42000000,0.58000000,10.08000000,36.52000000,2.45000000,4.12000000,3.02000000,12.93000000,93,94
1161,0,1161,M-15,10,US,1161,BlockApportionment:US.BlockGroups;PointsLayer:US.BlockPoints,2.19100000,2.57600000,1,109.00000000,3400.00000000,84.00000000,52,52.00000000,2.50000000,127,10,US,1161,BlockApportionment:US.BlockGroups;PointsLayer:US.BlockPoints,2.19100000,2.57600000,1,15.94000000,3.24000000,17.94000000,32.66000000,6.21000000,5.50000000,2.57000000,19.60000000,108,113
1162,0,1162,N-15,11,US,1162,BlockApportionment:US.BlockGroups;PointsLayer:US.BlockPoints,2.19100000,2.57600000,1,91.00000000,2319.00000000,92.00000000,62,66.32000000,1.54000000,77,11,US,1162,BlockApportionment:US.BlockGroups;PointsLayer:US.BlockPoints,2.19100000,2.57600000,1,19.73000000,3.48000000,23.12000000,36.36000000,9.52000000,10.20000000,2.63000000,14.47000000,91,98
1163,0,1163,O-15,12,US,1163,BlockApportionment:US.BlockGroups;PointsLayer:US.BlockPoints,2.19100000,2.57600000,1,51.00000000,1828.00000000,63.00000000,100,47.65000000,5.20000000,120,12,US,1163,BlockApportionment:US.BlockGroups;PointsLayer:US.BlockPoints,2.19100000,2.57600000,1,29.33000000,2.83000000,8.60000000,43.82000000,1.13000000,4.07000000,4.46000000,21.19000000,123,126
1164,0,1164,P-15,13,US,1164,BlockApportionment:US.BlockGroups;PointsLayer:US.BlockPoints,2.19100000,2.57600000,1,67.00000000,1816.00000000,66.00000000,133,42.02000000,0.97000000,89,13,US,1164,BlockApportionment:US.BlockGroups;PointsLayer:US.BlockPoints,2.19100000,2.57600000,1,33.24000000,3.35000000,16.86000000,36.78000000,0.85000000,3.59000000,2.89000000,26.85000000,91,97
1165,0,1165,Q-15,14,US,1165,BlockApportionment:US.BlockGroups;PointsLayer:US.BlockPoints,2.19100000,2.57600000,1,117.00000000,657.00000000,102.00000000,136,47.34000000,4.25000000,136,14,US,1165,BlockApportionment:US.BlockGroups;PointsLayer:US.BlockPoints,2.19100000,2.57600000,1,36.70000000,3.67000000,5.23000000,50.00000000,4.63000000,3.16000000,3.19000000,15.16000000,109,110
1166,0,1166,R-15,15,US,1166,BlockApportionment:US.BlockGroups;PointsLayer:US.BlockPoints,2.19100000,2.57600000,1,172.00000000,718.00000000,133.00000000,62,52.92000000,6.20000000,156,15,US,1166,BlockApportionment:US.BlockGroups;PointsLayer:US.BlockPoints,2.19100000,2.57600000,1,42.32000000,6.83000000,1.04000000,0.00000000,3.61000000,1.56000000,4.97000000,18.17000000,131,133
1167,0,1167,S-15,16,US,1167,BlockApportionment:US.BlockGroups;PointsLayer:US.BlockPoints,2.19100000,2.57600000,1,131.00000000,638.00000000,104.00000000,167,44.36000000,1.64000000,147,16,US,1167,BlockApportionment:US.BlockGroups;PointsLayer:US.BlockPoints,2.19100000,2.57600000,1,37.20000000,4.35000000,11.44000000,33.87000000,1.77000000,4.26000000,0.80000000,20.39000000,118,121
1168,0,1168,T-15,17,US,1168,BlockApportionment:US.BlockGroups;PointsLayer:US.BlockPoints,2.19100000,2.57600000,1,112.00000000,2347.00000000,94.00000000,140,62.80000000,0.92000000,93,17,US,1168,BlockApportionment:US.BlockGroups;PointsLayer:US.BlockPoints,2.19100000,2.57600000,1,32.38000000,3.93000000,25.01000000,40.65000000,2.73000000,6.41000000,0.66000000,24.36000000,89,93
1169,0,1169,U-15,18,US,1169,BlockApportionment:US.BlockGroups;PointsLayer:US.BlockPoints,2.19100000,2.57600000,1,84.00000000,7439.00000000,68.00000000,150,75.63000000,0.80000000,67,18,US,1169,BlockApportionment:US.BlockGroups;PointsLayer:US.BlockPoints,2.19100000,2.57600000,1,30.53000000,6.91000000,22.62000000,31.26000000,6.83000000,11.91000000,1.20000000,26.68000000,66,67
1170,0,1170,V-15,19,US,1170,BlockApportionment:US.BlockGroups;PointsLayer:US.BlockPoints,2.19100000,2.57600000,1,56.00000000,8129.00000000,62.00000000,250,74.83000000,1.12000000,67,19,US,1170,BlockApportionment:US.BlockGroups;PointsLayer:US.BlockPoints,2.19100000,2.57600000,1,32.21000000,5.98000000,32.35000000,34.64000000,7.43000000,8.69000000,1.00000000,23.06000000,69,72
1171,7,1171,W-15,20,US,1171,BlockApportionment:US.BlockGroups;PointsLayer:US.BlockPoints,2.19100000,2.57600000,1,99.00000000,4305.00000000,76.00000000,195,73.73000000,1.16000000,49,20,US,1171,BlockApportionment:US.BlockGroups;PointsLayer:US.BlockPoints,2.19100000,2.57600000,1,27.44000000,8.40000000,27.55000000,42.60000000,9.12000000,6.24000000,1.14000000,23.45000000,53,55
1172,0,1172,X-15,21,US,1172,BlockApportionment:US.BlockGroups;PointsLayer:US.BlockPoints,2.19100000,2.57600000,1,69.00000000,3023.00000000,78.00000000,69,59.81000000,2.36000000,96,21,US,1172,BlockApportionment:US.BlockGroups;PointsLayer:US.BlockPoints,2.19100000,2.57600000,1,37.91000000,2.84000000,9.32000000,40.23000000,6.57000000,4.71000000,2.58000000,23.41000000,80,84
1173,1,1173,Y-15,22,US,1173,BlockApportionment:US.BlockGroups;PointsLayer:US.BlockPoints,2.19100000,2.57600000,1,118.00000000,2582.00000000,101.00000000,150,60.53000000,1.23000000,88,22,US,1173,BlockApportionment:US.BlockGroups;PointsLayer:US.BlockPoints,2.19100000,2.57600000,1,34.95000000,8.32000000,14.63000000,10.34000000,5.37000000,4.23000000,1.39000000,23.19000000,84,86
1174,0,1174,Z-15,23,US,1174,BlockApportionment:US.BlockGroups;PointsLayer:US.BlockPoints,2.19100000,2.57600000,1,79.00000000,2429.00000000,101.00000000,74,55.99000000,0.75000000,140,23,US,1174,BlockApportionment:US.BlockGroups;PointsLayer:US.BlockPoints,2.19100000,2.57600000,1,29.71000000,2.76000000,3.74000000,0.00000000,7.77000000,3.68000000,2.11000000,19.12000000,126,128
1175,0,1175,AA-15,24,US,1175,BlockApportionment:US.BlockGroups;PointsLayer:US.BlockPoints,2.19100000,2.57600000,1,144.00000000,1680.00000000,134.00000000,57,40.18000000,1.57000000,129,24,US,1175,BlockApportionment:US.BlockGroups;PointsLayer:US.BlockPoints,2.19100000,2.57600000,1,20.52000000,5.19000000,5.17000000,33.67000000,2.29000000,3.38000000,0.85000000,30.98000000,129,136
1176,0,1176,AB-15,25,US,1176,BlockApportionment:US.BlockGroups;PointsLayer:US.BlockPoints,2.19100000,2.57600000,1,125.00000000,176.00000000,117.00000000,0,46.59000000,2.63000000,122,25,US,1176,BlockApportionment:US.BlockGroups;PointsLayer:US.BlockPoints,2.19100000,2.57600000,1,7.69000000,12.82000000,5.45000000,36.36000000,2.73000000,6.06000000,1.63000000,28.18000000,128,133
1177,0,1177,AC-15,26,US,1177,BlockApportionment:US.BlockGroups;PointsLayer:US.BlockPoints,2.19100000,2.57600000,1,119.00000000,2357.00000000,112.00000000,150,54.43000000,1.59000000,110,26,US,1177,BlockApportionment:US.BlockGroups;PointsLayer:US.BlockPoints,2.19100000,2.57600000,1,36.98000000,11.49000000,12.65000000,34.69000000,2.13000000,2.47000000,2.59000000,21.57000000,103,110
1178,0,1178,AD-15,27,US,1178,BlockApportionment:US.BlockGroups;PointsLayer:US.BlockPoints,2.19100000,2.57600000,1,141.00000000,2337.00000000,123.00000000,119,76.59000000,2.76000000,107,27,US,1178,BlockApportionment:US.BlockGroups;PointsLayer:US.BlockPoints,2.19100000,2.57600000,1,29.72000000,2.50000000,11.12000000,20.38000000,9.56000000,5.91000000,2.87000000,25.26000000,94,100
1179,1,1179,AE-15,28,US,1179,BlockApportionment:US.BlockGroups;PointsLayer:US.BlockPoints,2.19100000,2.57600000,1,208.00000000,678.00000000,174.00000000,171,73.60000000,1.90000000,95,28,US,1179,BlockApportionment:US.BlockGroups;PointsLayer:US.BlockPoints,2.19100000,2.57600000,1,45.06000000,4.72000000,8.44000000,51.15000000,4.96000000,4.69000000,1.32000000,30.97000000,77,79
1180,2,1180,AF-15,29,US,1180,BlockApportionment:US.BlockGroups;PointsLayer:US.BlockPoints,2.19100000,2.57600000,1,233.00000000,229.00000000,170.00000000,24,81.22000000,3.74000000,71,29,US,1180,BlockApportionment:US.BlockGroups;PointsLayer:US.BlockPoints,2.19100000,2.57600000,1,26.32000000,5.26000000,15.24000000,60.00000000,8.47000000,6.98000000,2.82000000,27.51000000,64,69
1181,5,1181,AG-15,30,US,1181,BlockApportionment:US.BlockGroups;PointsLayer:US.BlockPoints,2.19100000,2.57600000,1,176.00000000,2593.00000000,130.00000000,83,78.71000000,2.00000000,58,30,US,1181,BlockApportionment:US.BlockGroups;PointsLayer:US.BlockPoints,2.19100000,2.57600000,1,35.29000000,10.43000000,26.36000000,34.83000000,8.10000000,8.71000000,1.48000000,20.27000000,56,58
1182,1,1182,AH-15,31,US,1182,BlockApportionment:US.BlockGroups;PointsLayer:US.BlockPoints,2.19100000,2.57600000,1,110.00000000,3581.00000000,108.00000000,100,52.47000000,1.99000000,90,31,US,1182,BlockApportionment:US.BlockGroups;PointsLayer:US.BlockPoints,2.19100000,2.57600000,1,32.37000000,8.19000000,12.38000000,36.54000000,3.30000000,7.17000000,1.73000000,19.54000000,82,85
1183,0,1183,AI-15,32,US,1183,BlockApportionment:US.BlockGroups;PointsLayer:US.BlockPoints,2.19100000,2.57600000,1,131.00000000,523.00000000,111.00000000,93,35.76000000,3.79000000,92,32,US,1183,BlockApportionment:US.BlockGroups;PointsLayer:US.BlockPoints,2.19100000,2.57600000,1,32.43000000,9.46000000,10.04000000,53.12000000,4.31000000,2.70000000,3.34000000,22.91000000,77,78
1184,0,1184,D-14,33,US,1184,BlockApportionment:US.BlockGroups;PointsLayer:US.BlockPoints,2.19100000,2.57600000,1,52.00000000,2480.00000000,72.00000000,412,49.60000000,3.22000000,85,33,US,1184,BlockApportionment:US.BlockGroups;PointsLayer:US.BlockPoints,2.19100000,2.57600000,1,27.87000000,4.03000000,14.00000000,41.84000000,3.29000000,7.00000000,3.48000000,18.65000000,96,99
1185,0,1185,E-14,34,US,1185,BlockApportionment:US.BlockGroups;PointsLayer:US.BlockPoints,2.19100000,2.57600000,1,70.00000000,2379.00000000,49.00000000,198,51.11000000,7.72000000,66,34,US,1185,BlockApportionment:US.BlockGroups;PointsLayer:US.BlockPoints,2.19100000,2.57600000,1,41.02000000,3.22000000,11.03000000,30.75000000,4.76000000,4.54000000,7.57000000,18.37000000,75,76
1186,0,1186,F-14,35,US,1186,BlockApportionment:US.BlockGroups;PointsLayer:US.BlockPoints,2.19100000,2.57600000,1,89.00000000,5073.00000000,63.00000000,176,62.84000000,1.98000000,80,35,US,1186,BlockApportionment:US.BlockGroups;PointsLayer:US.BlockPoints,2.19100000,2.57600000,1,20.29000000,3.09000000,10.56000000,32.72000000,3.69000000,7.48000000,1.68000000,20.93000000,73,74
1187,0,1187,G-14,36,US,1187,BlockApportionment:US.BlockGroups;PointsLayer:US.BlockPoints,2.19100000,2.57600000,1,121.00000000,1356.00000000,92.00000000,100,48.16000000,1.65000000,143,36,US,1187,BlockApportionment:US.BlockGroups;PointsLayer:US.BlockPoints,2.19100000,2.57600000,1,30.13000000,6.58000000,14.85000000,15.83000000,0.82000000,3.85000000,2.12000000,18.85000000,115,119
1188,0,1188,H-14,37,US,1188,BlockApportionment:US.BlockGroups;PointsLayer:US.BlockPoints,2.19100000,2.57600000,1,170.00000000,1036.00000000,102.00000000,93,52.80000000,2.06000000,108,37,US,1188,BlockApportionment:US.BlockGroups;PointsLayer:US.BlockPoints,2.19100000,2.57600000,1,31.96000000,0.00000000,13.36000000,33.81000000,2.48000000,7.59000000,2.10000000,19.01000000,112,120
1189,1,1189,I-14,38,US,1189,BlockApportionment:US.BlockGroups;PointsLayer:US.BlockPoints,2.19100000,2.57600000,1,80.00000000,1519.00000000,55.00000000,79,42.86000000,5.47000000,172,38,US,1189,BlockApportionment:US.BlockGroups;PointsLayer:US.BlockPoints,2.19100000,2.57600000,1,30.77000000,1.54000000,3.72000000,57.94000000,6.91000000,2.76000000,3.97000000,18.22000000,134,137
1190,0,1190,J-14,39,US,1190,BlockApportionment:US.BlockGroups;PointsLayer:US.BlockPoints,2.19100000,2.57600000,1,142.00000000,705.00000000,105.00000000,48,39.01000000,5.37000000,132,39,US,1190,BlockApportionment:US.BlockGroups;PointsLayer:US.BlockPoints,2.19100000,2.57600000,1,32.87000000,1.73000000,11.95000000,6.72000000,4.98000000,0.96000000,1.14000000,14.69000000,97,100
1191,1,1191,K-14,40,US,1191,BlockApportionment:US.BlockGroups;PointsLayer:US.BlockPoints,2.19100000,2.57600000,1,187.00000000,3023.00000000,162.00000000,110,83.23000000,1.54000000,71,40,US,1191,BlockApportionment:US.BlockGroups;PointsLayer:US.BlockPoints,2.19100000,2.57600000,1,21.53000000,2.93000000,21.85000000,35.95000000,9.43000000,7.85000000,1.59000000,28.57000000,72,73
1192,0,1192,L-14,41,US,1192,BlockApportionment:US.BlockGroups;PointsLayer:US.BlockPoints,2.19100000,2.57600000,1,99.00000000,1059.00000000,111.00000000,264,40.13000000,2.32000000,120,41,US,1192,BlockApportionment:US.BlockGroups;PointsLayer:US.BlockPoints,2.19100000,2.57600000,1,22.33000000,4.96000000,17.35000000,58.00000000,7.22000000,2.93000000,2.06000000,14.15000000,115,120
1193,2,1193,M-14,42,US,1193,BlockApportionment:US.BlockGroups;PointsLayer:US.BlockPoints,2.19100000,2.57600000,1,102.00000000,2938.00000000,93.00000000,200,57.22000000,1.97000000,84,42,US,1193,BlockApportionment:US.BlockGroups;PointsLayer:US.BlockPoints,2.19100000,2.57600000,1,21.68000000,4.98000000,17.20000000,48.87000000,9.64000000,8.83000000,1.11000000,21.81000000,76,77
1194,0,1194,N-14,43,US,1194,BlockApportionment:US.BlockGroups;PointsLayer:US.BlockPoints,2.19100000,2.57600000,1,61.00000000,598.00000000,84.00000000,352,31.77000000,4.49000000,139,43,US,1194,BlockApportionment:US.BlockGroups;PointsLayer:US.BlockPoints,2.19100000,2.57600000,1,35.83000000,3.75000000,10.78000000,60.32000000,1.28000000,1.56000000,7.38000000,22.20000000,128,132
1195,0,1195,O-14,44,US,1195,BlockApportionment:US.BlockGroups;PointsLayer:US.BlockPoints,2.19100000,2.57600000,1,63.00000000,1554.00000000,80.00000000,69,37.90000000,6.48000000,143,44,US,1195,BlockApportionment:US.BlockGroups;PointsLayer:US.BlockPoints,2.19100000,2.57600000,1,26.59000000,0.19000000,4.36000000,31.89000000,0.81000000,9.67000000,7.21000000,27.36000000,126,131
1196,0,1196,P-14,45,US,1196,BlockApportionment:US.BlockGroups;PointsLayer:US.BlockPoints,2.19100000,2.57600000,1,78.00000000,674.00000000,80.00000000,52,24.48000000,3.41000000,199,45,US,1196,BlockApportionment:US.BlockGroups;PointsLayer:US.BlockPoints,2.19100000,2.57600000,1,15.38000000,0.00000000,6.24000000,100.00000000,4.82000000,3.45000000,3.88000000,14.25000000,155,156
1197,0,1197,Q-14,46,US,1197,BlockApportionment:US.BlockGroups;PointsLayer:US.BlockPoints,2.19100000,2.57600000,1,107.00000000,2652.00000000,73.00000000,117,48.49000000,2.21000000,101,46,US,1197,BlockApportionment:US.BlockGroups;PointsLayer:US.BlockPoints,2.19100000,2.57600000,1,16.93000000,4.66000000,21.07000000,41.28000000,3.37000000,4.00000000,3.12000000,20.78000000,96,101
1198,0,1198,R-14,47,US,1198,BlockApportionment:US.BlockGroups;PointsLayer:US.BlockPoints,2.19100000,2.57600000,1,76.00000000,1732.00000000,79.00000000,83,43.94000000,3.79000000,139,47,US,1198,BlockApportionment:US.BlockGroups;PointsLayer:US.BlockPoints,2.19100000,2.57600000,1,30.80000000,4.00000000,11.80000000,11.76000000,1.28000000,4.91000000,4.36000000,11.94000000,121,125
1199,0,1199,S-14,48,US,1199,BlockApportionment:US.BlockGroups;PointsLayer:US.BlockPoints,2.19100000,2.57600000,1,121.00000000,1772.00000000,97.00000000,114,42.10000000,2.51000000,157,48,US,1199,BlockApportionment:US.BlockGroups;PointsLayer:US.BlockPoints,2.19100000,2.57600000,1,34.23000000,4.19000000,9.42000000,28.44000000,1.81000000,2.79000000,1.80000000,16.49000000,137,139
1200,1,1200,T-14,49,US,1200,BlockApportionment:US.BlockGroups;PointsLayer:US.BlockPoints,2.19100000,2.57600000,1,69.00000000,3844.00000000,63.00000000,102,76.46000000,1.86000000,71,49,US,1200,BlockApportionment:US.BlockGroups;PointsLayer:US.BlockPoints,2.19100000,2.57600000,1,30.56000000,6.67000000,24.93000000,37.87000000,5.27000000,6.89000000,1.15000000,25.21000000,82,82
1201,0,1201,U-14,0,US,1201,BlockApportionment:US.BlockGroups;PointsLayer:US.BlockPoints,2.19100000,2.57600000,1,77.00000000,8065.00000000,70.00000000,226,88.30000000,1.55000000,56,0,US,1201,BlockApportionment:US.BlockGroups;PointsLayer:US.BlockPoints,2.19100000,2.57600000,1,31.69000000,7.83000000,38.87000000,38.51000000,5.90000000,8.82000000,1.20000000,27.58000000,55,56
1202,0,1202,V-14,1,US,1202,BlockApportionment:US.BlockGroups;PointsLayer:US.BlockPoints,2.19100000,2.57600000,1,39.00000000,5992.00000000,36.00000000,117,78.39000000,2.05000000,90,1,US,1202,BlockApportionment:US.BlockGroups;PointsLayer:US.BlockPoints,2.19100000,2.57600000,1,25.56000000,9.41000000,33.27000000,53.15000000,12.18000000,6.16000000,1.77000000,26.37000000,93,97
1203,2,1203,W-14,2,US,1203,BlockApportionment:US.BlockGroups;PointsLayer:US.BlockPoints,2.19100000,2.57600000,1,64.00000000,8801.00000000,73.00000000,202,84.33000000,0.66000000,54,2,US,1203,BlockApportionment:US.BlockGroups;PointsLayer:US.BlockPoints,2.19100000,2.57600000,1,34.41000000,5.00000000,27.03000000,42.61000000,10.11000000,7.53000000,0.93000000,27.56000000,54,56
1204,0,1204,X-14,3,US,1204,BlockApportionment:US.BlockGroups;PointsLayer:US.BlockPoints,2.19100000,2.57600000,1,72.00000000,2787.00000000,69.00000000,114,65.52000000,0.88000000,128,3,US,1204,BlockApportionment:US.BlockGroups;PointsLayer:US.BlockPoints,2.19100000,2.57600000,1,21.07000000,3.87000000,3.12000000,37.95000000,5.85000000,4.69000000,0.31000000,37.87000000,100,103
1205,1,1205,Y-14,4,US,1205,BlockApportionment:US.BlockGroups;PointsLayer:US.BlockPoints,2.19100000,2.57600000,1,70.00000000,3109.00000000,89.00000000,129,71.47000000,0.77000000,123,4,US,1205,BlockApportionment:US.BlockGroups;PointsLayer:US.BlockPoints,2.19100000,2.57600000,1,34.34000000,1.58000000,9.53000000,15.02000000,10.54000000,4.69000000,1.15000000,22.28000000,111,115
1206,0,1206,Z-14,5,US,1206,BlockApportionment:US.BlockGroups;PointsLayer:US.BlockPoints,2.19100000,2.57600000,1,66.00000000,2334.00000000,99.00000000,74,73.22000000,2.32000000,120,5,US,1206,BlockApportionment:US.BlockGroups;PointsLayer:US.BlockPoints,2.19100000,2.57600000,1,26.51000000,2.79000000,11.08000000,21.83000000,10.93000000,7.41000000,2.53000000,24.97000000,102,106
1207,0,1207,AA-14,6,US,1207,BlockApportionment:US.BlockGroups;PointsLayer:US.BlockPoints,2.19100000,2.57600000,1,82.00000000,1745.00000000,111.00000000,62,60.29000000,3.83000000,141,6,US,1207,BlockApportionment:US.BlockGroups;PointsLayer:US.BlockPoints,2.19100000,2.57600000,1,36.97000000,4.27000000,6.64000000,31.82000000,4.12000000,2.86000000,3.78000000,21.32000000,128,132
1208,0,1208,AB-14,7,US,1208,BlockApportionment:US.BlockGroups;PointsLayer:US.BlockPoints,2.19100000,2.57600000,1,117.00000000,1343.00000000,114.00000000,86,74.46000000,1.59000000,121,7,US,1208,BlockApportionment:US.BlockGroups;PointsLayer:US.BlockPoints,2.19100000,2.57600000,1,36.34000000,3.90000000,8.27000000,27.03000000,15.96000000,4.71000000,2.19000000,17.59000000,102,106
1209,0,1209,AC-14,8,US,1209,BlockApportionment:US.BlockGroups;PointsLayer:US.BlockPoints,2.19100000,2.57600000,1,116.00000000,1399.00000000,112.00000000,17,74.48000000,0.29000000,157,8,US,1209,BlockApportionment:US.BlockGroups;PointsLayer:US.BlockPoints,2.19100000,2.57600000,1,38.44000000,25.56000000,3.24000000,9.52000000,9.91000000,11.80000000,0.21000000,32.69000000,129,141
1210,0,1210,AD-14,9,US,1210,BlockApportionment:US.BlockGroups;PointsLayer:US.BlockPoints,2.19100000,2.57600000,1,177.00000000,2905.00000000,145.00000000,64,82.96000000,0.58000000,108,9,US,1210,BlockApportionment:US.BlockGroups;PointsLayer:US.BlockPoints,2.19100000,2.57600000,1,26.88000000,6.94000000,17.57000000,45.10000000,7.27000000,5.49000000,0.43000000,15.78000000,108,116
1211,3,1211,AE-14,10,US,1211,BlockApportionment:US.BlockGroups;PointsLayer:US.BlockPoints,2.19100000,2.57600000,1,200.00000000,802.00000000,164.00000000,105,78.80000000,0.95000000,130,10,US,1211,BlockApportionment:US.BlockGroups;PointsLayer:US.BlockPoints,2.19100000,2.57600000,1,32.57000000,7.80000000,9.00000000,58.73000000,5.92000000,4.46000000,0.88000000,20.39000000,124,132
1212,2,1212,AF-14,11,US,1212,BlockApportionment:US.BlockGroups;PointsLayer:US.BlockPoints,2.19100000,2.57600000,1,234.00000000,63.00000000,139.00000000,140,55.56000000,4.00000000,95,11,US,1212,BlockApportionment:US.BlockGroups;PointsLayer:US.BlockPoints,2.19100000,2.57600000,1,30.77000000,7.69000000,3.57000000,57.14000000,0.00000000,0.00000000,2.38000000,12.20000000,98,107
1213,0,1213,AG-14,12,US,1213,BlockApportionment:US.BlockGroups;PointsLayer:US.BlockPoints,2.19100000,2.57600000,1,177.00000000,2103.00000000,129.00000000,112,66.19000000,0.23000000,93,12,US,1213,BlockApportionment:US.BlockGroups;PointsLayer:US.BlockPoints,2.19100000,2.57600000,1,33.76000000,4.62000000,6.43000000,39.71000000,14.32000000,6.72000000,0.41000000,15.96000000,84,89
1214,0,1214,AH-14,13,US,1214,BlockApportionment:US.BlockGroups;PointsLayer:US.BlockPoints,2.19100000,2.57600000,1,101.00000000,971.00000000,99.00000000,298,27.70000000,8.99000000,134,13,US,1214,BlockApportionment:US.BlockGroups;PointsLayer:US.BlockPoints,2.19100000,2.57600000,1,32.19000000,3.00000000,11.53000000,35.29000000,2.82000000,0.53000000,8.47000000,27.61000000,119,124
1215,0,1215,AI-14,14,US,1215,BlockApportionment:US.BlockGroups;PointsLayer:US.BlockPoints,2.19100000,2.57600000,1,106.00000000,19.00000000,102.00000000,298,26.32000000,12.50000000,190,14,US,1215,BlockApportionment:US.BlockGroups;PointsLayer:US.BlockPoints,2.19100000,2.57600000,1,33.33000000,0.00000000,11.11000000,100.00000000,0.00000000,0.00000000,11.76000000,31.25000000,119,123
1216,0,1216,C-13,15,US,1216,BlockApportionment:US.BlockGroups;PointsLayer:US.BlockPoints,2.19100000,2.57600000,1,98.00000000,394.00000000,66.00000000,67,25.13000000,1.90000000,220,15,US,1216,BlockApportionment:US.BlockGroups;PointsLayer:US.BlockPoints,2.19100000,2.57600000,1,15.66000000,1.20000000,3.86000000,14.71000000,3.94000000,0.00000000,1.19000000,18.47000000,189,181
1217,3,1217,D-13,16,US,1217,BlockApportionment:US.BlockGroups;PointsLayer:US.BlockPoints,2.19100000,2.57600000,1,99.00000000,800.00000000,67.00000000,67,25.25000000,2.00000000,219,16,US,1217,BlockApportionment:US.BlockGroups;PointsLayer:US.BlockPoints,2.19100000,2.57600000,1,15.74000000,1.11000000,3.92000000,15.30000000,3.90000000,0.09000000,1.29000000,18.41000000,188,182
1218,0,1218,E-13,17,US,1218,BlockApportionment:US.BlockGroups;PointsLayer:US.BlockPoints,2.19100000,2.57600000,1,59.00000000,155.00000000,48.00000000,264,46.45000000,9.72000000,58,17,US,1218,BlockApportionment:US.BlockGroups;PointsLayer:US.BlockPoints,2.19100000,2.57600000,1,45.28000000,1.89000000,8.92000000,28.57000000,3.20000000,4.46000000,9.85000000,18.40000000,70,69
1219,1,1219,F-13,18,US,1219,BlockApportionment:US.BlockGroups;PointsLayer:US.BlockPoints,2.19100000,2.57600000,1,174.00000000,34.00000000,88.00000000,0,47.06000000,10.00000000,150,18,US,1219,BlockApportionment:US.BlockGroups;PointsLayer:US.BlockPoints,2.19100000,2.57600000,1,25.00000000,0.00000000,11.43000000,0.00000000,3.23000000,2.86000000,9.09000000,29.03000000,100,115
1220,0,1220,G-13,19,US,1220,BlockApportionment:US.BlockGroups;PointsLayer:US.BlockPoints,2.19100000,2.57600000,1,0.00000000,0.00000000,0.00000000,0,0.00000000,0.00000000,0,19,US,1220,BlockApportionment:US.BlockGroups;PointsLayer:US.BlockPoints,2.19100000,2.57600000,1,0.00000000,0.00000000,0.00000000,0.00000000,0.00000000,0.00000000,0.00000000,0.00000000,0,0
1221,0,1221,H-13,20,US,1221,BlockApportionment:US.BlockGroups;PointsLayer:US.BlockPoints,2.19100000,2.57600000,1,99.00000000,190.00000000,63.00000000,121,36.32000000,3.80000000,146,20,US,1221,BlockApportionment:US.BlockGroups;PointsLayer:US.BlockPoints,2.19100000,2.57600000,1,16.33000000,2.04000000,6.70000000,28.57000000,2.17000000,3.09000000,3.31000000,16.67000000,126,132
1222,0,1222,I-13,21,US,1222,BlockApportionment:US.BlockGroups;PointsLayer:US.BlockPoints,2.19100000,2.57600000,1,196.00000000,772.00000000,102.00000000,81,37.31000000,4.67000000,129,21,US,1222,BlockApportionment:US.BlockGroups;PointsLayer:US.BlockPoints,2.19100000,2.57600000,1,26.09000000,2.17000000,10.83000000,32.00000000,1.09000000,2.50000000,5.50000000,17.39000000,125,126
1223,0,1223,J-13,22,US,1223,BlockApportionment:US.BlockGroups;PointsLayer:US.BlockPoints,2.19100000,2.57600000,1,237.00000000,1867.00000000,126.00000000,157,21.75000000,3.92000000,144,22,US,1223,BlockApportionment:US.BlockGroups;PointsLayer:US.BlockPoints,2.19100000,2.57600000,1,24.87000000,0.72000000,11.18000000,36.07000000,0.26000000,2.12000000,4.43000000,13.37000000,151,152
1224,0,1224,K-13,23,US,1224,BlockApportionment:US.BlockGroups;PointsLayer:US.BlockPoints,2.19100000,2.57600000,1,82.00000000,2189.00000000,78.00000000,50,32.66000000,2.77000000,113,23,US,1224,BlockApportionment:US.BlockGroups;PointsLayer:US.BlockPoints,2.19100000,2.57600000,1,33.96000000,5.56000000,9.23000000,34.56000000,1.50000000,4.81000000,1.86000000,25.34000000,86,86
1225,0,1225,L-13,24,US,1225,BlockApportionment:US.BlockGroups;PointsLayer:US.BlockPoints,2.19100000,2.57600000,1,86.00000000,3018.00000000,105.00000000,114,38.63000000,4.56000000,129,24,US,1225,BlockApportionment:US.BlockGroups;PointsLayer:US.BlockPoints,2.19100000,2.57600000,1,22.33000000,2.67000000,20.55000000,33.37000000,2.33000000,0.82000000,3.50000000,16.77000000,87,86
1226,0,1226,M-13,25,US,1226,BlockApportionment:US.BlockGroups;PointsLayer:US.BlockPoints,2.19100000,2.57600000,1,98.00000000,1275.00000000,111.00000000,171,38.59000000,2.20000000,104,25,US,1226,BlockApportionment:US.BlockGroups;PointsLayer:US.BlockPoints,2.19100000,2.57600000,1,20.61000000,4.48000000,24.23000000,52.77000000,5.69000000,1.03000000,1.83000000,15.52000000,102,106
1227,0,1227,N-13,26,US,1227,BlockApportionment:US.BlockGroups;PointsLayer:US.BlockPoints,2.19100000,2.57600000,1,45.00000000,2277.00000000,36.00000000,343,45.37000000,0.53000000,113,26,US,1227,BlockApportionment:US.BlockGroups;PointsLayer:US.BlockPoints,2.19100000,2.57600000,1,35.85000000,3.77000000,11.90000000,46.15000000,1.14000000,0.15000000,0.94000000,12.59000000,113,115
1228,0,1228,O-13,27,US,1228,BlockApportionment:US.BlockGroups;PointsLayer:US.BlockPoints,2.19100000,2.57600000,1,53.00000000,795.00000000,66.00000000,148,23.02000000,4.23000000,194,27,US,1228,BlockApportionment:US.BlockGroups;PointsLayer:US.BlockPoints,2.19100000,2.57600000,1,32.44000000,2.38000000,9.52000000,36.36000000,2.17000000,1.89000000,4.93000000,10.56000000,148,155
1229,0,1229,P-13,28,US,1229,BlockApportionment:US.BlockGroups;PointsLayer:US.BlockPoints,2.19100000,2.57600000,1,43.00000000,651.00000000,60.00000000,179,22.43000000,4.41000000,191,28,US,1229,BlockApportionment:US.BlockGroups;PointsLayer:US.BlockPoints,2.19100000,2.57600000,1,36.30000000,2.97000000,10.43000000,30.43000000,1.50000000,1.42000000,5.34000000,9.52000000,145,153
1230,0,1230,Q-13,29,US,1230,BlockApportionment:US.BlockGroups;PointsLayer:US.BlockPoints,2.19100000,2.57600000,1,87.00000000,1436.00000000,72.00000000,55,35.52000000,3.60000000,171,29,US,1230,BlockApportionment:US.BlockGroups;PointsLayer:US.BlockPoints,2.19100000,2.57600000,1,20.00000000,2.64000000,7.63000000,26.26000000,2.35000000,3.08000000,4.94000000,13.92000000,143,147
1231,0,1231,R-13,30,US,1231,BlockApportionment:US.BlockGroups;PointsLayer:US.BlockPoints,2.19100000,2.57600000,1,43.00000000,1723.00000000,67.00000000,155,42.66000000,5.28000000,167,30,US,1231,BlockApportionment:US.BlockGroups;PointsLayer:US.BlockPoints,2.19100000,2.57600000,1,24.37000000,9.57000000,6.58000000,0.00000000,1.40000000,5.56000000,5.53000000,20.77000000,119,120
1232,0,1232,S-13,31,US,1232,BlockApportionment:US.BlockGroups;PointsLayer:US.BlockPoints,2.19100000,2.57600000,1,63.00000000,1611.00000000,70.00000000,238,41.96000000,9.04000000,158,31,US,1232,BlockApportionment:US.BlockGroups;PointsLayer:US.BlockPoints,2.19100000,2.57600000,1,31.88000000,6.00000000,8.29000000,17.44000000,4.42000000,3.57000000,9.24000000,16.58000000,118,121
1233,0,1233,T-13,32,US,1233,BlockApportionment:US.BlockGroups;PointsLayer:US.BlockPoints,2.19100000,2.57600000,1,42.00000000,1189.00000000,63.00000000,221,45.25000000,8.23000000,129,32,US,1233,BlockApportionment:US.BlockGroups;PointsLayer:US.BlockPoints,2.19100000,2.57600000,1,32.03000000,7.33000000,16.53000000,43.65000000,6.05000000,3.08000000,8.01000000,13.93000000,105,109
1234,0,1234,U-13,33,US,1234,BlockApportionment:US.BlockGroups;PointsLayer:US.BlockPoints,2.19100000,2.57600000,1,110.00000000,7192.00000000,108.00000000,95,78.93000000,1.27000000,67,33,US,1234,BlockApportionment:US.BlockGroups;PointsLayer:US.BlockPoints,2.19100000,2.57600000,1,27.79000000,7.59000000,21.67000000,44.80000000,9.66000000,6.90000000,1.15000000,17.56000000,68,70
1235,0,1235,V-13,34,US,1235,BlockApportionment:US.BlockGroups;PointsLayer:US.BlockPoints,2.19100000,2.57600000,1,50.00000000,4355.00000000,74.00000000,81,38.44000000,0.79000000,136,34,US,1235,BlockApportionment:US.BlockGroups;PointsLayer:US.BlockPoints,2.19100000,2.57600000,1,25.88000000,5.91000000,7.14000000,35.59000000,6.34000000,5.15000000,1.23000000,16.73000000,102,102
1236,0,1236,W-13,35,US,1236,BlockApportionment:US.BlockGroups;PointsLayer:US.BlockPoints,2.19100000,2.57600000,1,48.00000000,9413.00000000,42.00000000,152,76.36000000,1.00000000,73,35,US,1236,BlockApportionment:US.BlockGroups;PointsLayer:US.BlockPoints,2.19100000,2.57600000,1,29.23000000,4.94000000,24.08000000,36.57000000,10.09000000,8.25000000,1.10000000,26.24000000,69,71
1237,0,1237,X-13,36,US,1237,BlockApportionment:US.BlockGroups;PointsLayer:US.BlockPoints,2.19100000,2.57600000,1,71.00000000,5049.00000000,71.00000000,102,70.65000000,1.46000000,110,36,US,1237,BlockApportionment:US.BlockGroups;PointsLayer:US.BlockPoints,2.19100000,2.57600000,1,38.17000000,4.11000000,9.62000000,45.42000000,8.87000000,5.31000000,2.04000000,19.50000000,98,104
1238,0,1238,Y-13,37,US,1238,BlockApportionment:US.BlockGroups;PointsLayer:US.BlockPoints,2.19100000,2.57600000,1,85.00000000,2558.00000000,92.00000000,57,81.00000000,3.72000000,135,37,US,1238,BlockApportionment:US.BlockGroups;PointsLayer:US.BlockPoints,2.19100000,2.57600000,1,45.11000000,4.89000000,13.91000000,55.26000000,10.67000000,4.71000000,3.93000000,19.00000000,114,117
1239,0,1239,Z-13,38,US,1239,BlockApportionment:US.BlockGroups;PointsLayer:US.BlockPoints,2.19100000,2.57600000,1,81.00000000,2636.00000000,107.00000000,138,79.29000000,1.18000000,126,38,US,1239,BlockApportionment:US.BlockGroups;PointsLayer:US.BlockPoints,2.19100000,2.57600000,1,24.77000000,2.57000000,6.77000000,31.64000000,8.74000000,4.82000000,1.23000000,19.31000000,99,102
1240,0,1240,AA-13,39,US,1240,BlockApportionment:US.BlockGroups;PointsLayer:US.BlockPoints,2.19100000,2.57600000,1,92.00000000,2726.00000000,112.00000000,86,77.99000000,2.49000000,122,39,US,1240,BlockApportionment:US.BlockGroups;PointsLayer:US.BlockPoints,2.19100000,2.57600000,1,28.87000000,2.62000000,10.59000000,35.71000000,10.07000000,5.30000000,2.95000000,21.99000000,102,106
1241,0,1241,AB-13,40,US,1241,BlockApportionment:US.BlockGroups;PointsLayer:US.BlockPoints,2.19100000,2.57600000,1,134.00000000,1052.00000000,138.00000000,88,77.85000000,1.02000000,113,40,US,1241,BlockApportionment:US.BlockGroups;PointsLayer:US.BlockPoints,2.19100000,2.57600000,1,34.58000000,6.10000000,5.86000000,8.93000000,12.07000000,4.46000000,0.86000000,20.25000000,89,88
1242,0,1242,AC-13,41,US,1242,BlockApportionment:US.BlockGroups;PointsLayer:US.BlockPoints,2.19100000,2.57600000,1,171.00000000,1248.00000000,133.00000000,136,74.92000000,1.70000000,82,41,US,1242,BlockApportionment:US.BlockGroups;PointsLayer:US.BlockPoints,2.19100000,2.57600000,1,57.79000000,1.73000000,17.71000000,21.64000000,13.90000000,8.39000000,2.86000000,22.34000000,78,88
1243,0,1243,AD-13,42,US,1243,BlockApportionment:US.BlockGroups;PointsLayer:US.BlockPoints,2.19100000,2.57600000,1,129.00000000,2979.00000000,108.00000000,157,87.98000000,1.18000000,82,42,US,1243,BlockApportionment:US.BlockGroups;PointsLayer:US.BlockPoints,2.19100000,2.57600000,1,28.42000000,0.15000000,9.89000000,25.89000000,12.20000000,7.79000000,1.49000000,22.70000000,63,64
1244,0,1244,AE-13,43,US,1244,BlockApportionment:US.BlockGroups;PointsLayer:US.BlockPoints,2.19100000,2.57600000,1,209.00000000,116.00000000,153.00000000,119,72.41000000,1.83000000,126,43,US,1244,BlockApportionment:US.BlockGroups;PointsLayer:US.BlockPoints,2.19100000,2.57600000,1,25.00000000,6.25000000,7.26000000,75.00000000,4.40000000,3.15000000,1.03000000,15.38000000,142,148
1245,0,1245,AF-13,44,US,1245,BlockApportionment:US.BlockGroups;PointsLayer:US.BlockPoints,2.19100000,2.57600000,1,234.00000000,75.00000000,139.00000000,174,54.67000000,4.17000000,0,44,US,1245,BlockApportionment:US.BlockGroups;PointsLayer:US.BlockPoints,2.19100000,2.57600000,1,50.00000000,0.00000000,3.70000000,0.00000000,0.00000000,0.00000000,2.50000000,12.82000000,0,0
1246,3,1246,AG-13,45,US,1246,BlockApportionment:US.BlockGroups;PointsLayer:US.BlockPoints,2.19100000,2.57600000,1,105.00000000,252.00000000,94.00000000,81,37.30000000,2.38000000,135,45,US,1246,BlockApportionment:US.BlockGroups;PointsLayer:US.BlockPoints,2.19100000,2.57600000,1,20.83000000,5.56000000,13.14000000,6.25000000,6.99000000,1.69000000,2.00000000,13.98000000,123,125
1247,0,1247,AH-13,46,US,1247,BlockApportionment:US.BlockGroups;PointsLayer:US.BlockPoints,2.19100000,2.57600000,0,0.00000000,0.00000000,0.00000000,0,0.00000000,0.00000000,0,46,US,1247,BlockApportionment:US.BlockGroups;PointsLayer:US.BlockPoints,2.19100000,2.57600000,0,0.00000000,0.00000000,0.00000000,0.00000000,0.00000000,0.00000000,0.00000000,0.00000000,0,0
1248,0,1248,AR-13,47,US,1248,BlockApportionment:US.BlockGroups;PointsLayer:US.BlockPoints,2.19100000,2.57600000,1,58.00000000,448.00000000,92.00000000,176,19.42000000,6.25000000,132,47,US,1248,BlockApportionment:US.BlockGroups;PointsLayer:US.BlockPoints,2.19100000,2.57600000,1,27.70000000,5.41000000,5.25000000,26.67000000,5.69000000,6.75000000,5.76000000,19.06000000,105,109
1249,0,1249,D-12,48,US,1249,BlockApportionment:US.BlockGroups;PointsLayer:US.BlockPoints,2.19100000,2.57600000,1,133.00000000,1186.00000000,80.00000000,71,33.56000000,4.56000000,158,48,US,1249,BlockApportionment:US.BlockGroups;PointsLayer:US.BlockPoints,2.19100000,2.57600000,1,28.12000000,2.93000000,6.13000000,23.63000000,1.37000000,3.43000000,4.09000000,14.68000000,133,137
1250,3,1250,E-12,49,US,1250,BlockApportionment:US.BlockGroups;PointsLayer:US.BlockPoints,2.19100000,2.57600000,1,170.00000000,482.00000000,97.00000000,76,30.08000000,5.92000000,196,49,US,1250,BlockApportionment:US.BlockGroups;PointsLayer:US.BlockPoints,2.19100000,2.57600000,1,34.97000000,1.09000000,6.19000000,16.22000000,1.39000000,4.07000000,5.47000000,12.30000000,146,151
1251,0,1251,F-12,0,US,1251,BlockApportionment:US.BlockGroups;PointsLayer:US.BlockPoints,2.19100000,2.57600000,1,74.00000000,2566.00000000,42.00000000,140,44.51000000,1.92000000,109,0,US,1251,BlockApportionment:US.BlockGroups;PointsLayer:US.BlockPoints,2.19100000,2.57600000,1,16.93000000,3.21000000,7.36000000,10.26000000,2.22000000,5.92000000,2.14000000,21.88000000,93,94
1252,0,1252,G-12,1,US,1252,BlockApportionment:US.BlockGroups;PointsLayer:US.BlockPoints,2.19100000,2.57600000,1,174.00000000,578.00000000,88.00000000,50,46.02000000,9.70000000,124,1,US,1252,BlockApportionment:US.BlockGroups;PointsLayer:US.BlockPoints,2.19100000,2.57600000,1,30.71000000,5.71000000,10.48000000,14.29000000,2.58000000,2.55000000,8.08000000,29.03000000,100,103
1253,0,1253,H-12,2,US,1253,BlockApportionment:US.BlockGroups;PointsLayer:US.BlockPoints,2.19100000,2.57600000,1,102.00000000,1585.00000000,66.00000000,121,35.77000000,3.83000000,143,2,US,1253,BlockApportionment:US.BlockGroups;PointsLayer:US.BlockPoints,2.19100000,2.57600000,1,20.47000000,3.15000000,6.40000000,23.08000000,2.31000000,2.76000000,3.74000000,16.00000000,125,126
1254,0,1254,O-12,3,US,1254,BlockApportionment:US.BlockGroups;PointsLayer:US.BlockPoints,2.19100000,2.57600000,1,68.00000000,957.00000000,59.00000000,131,20.48000000,4.10000000,204,3,US,1254,BlockApportionment:US.BlockGroups;PointsLayer:US.BlockPoints,2.19100000,2.57600000,1,27.64000000,1.63000000,9.23000000,24.64000000,5.20000000,3.06000000,3.57000000,9.17000000,150,157
1255,0,1255,P-12,4,US,1255,BlockApportionment:US.BlockGroups;PointsLayer:US.BlockPoints,2.19100000,2.57600000,1,84.00000000,732.00000000,59.00000000,93,19.81000000,4.02000000,211,4,US,1255,BlockApportionment:US.BlockGroups;PointsLayer:US.BlockPoints,2.19100000,2.57600000,1,18.89000000,0.37000000,8.35000000,24.39000000,8.42000000,4.77000000,2.52000000,10.27000000,152,157
1256,0,1256,Q-12,5,US,1256,BlockApportionment:US.BlockGroups;PointsLayer:US.BlockPoints,2.19100000,2.57600000,1,47.00000000,1508.00000000,58.00000000,98,31.96000000,4.39000000,187,5,US,1256,BlockApportionment:US.BlockGroups;PointsLayer:US.BlockPoints,2.19100000,2.57600000,1,29.31000000,0.59000000,3.89000000,23.81000000,1.25000000,1.13000000,4.91000000,10.78000000,141,142
1257,0,1257,R-12,6,US,1257,BlockApportionment:US.BlockGroups;PointsLayer:US.BlockPoints,2.19100000,2.57600000,1,51.00000000,1307.00000000,69.00000000,126,34.66000000,3.83000000,162,6,US,1257,BlockApportionment:US.BlockGroups;PointsLayer:US.BlockPoints,2.19100000,2.57600000,1,27.21000000,3.72000000,4.84000000,36.52000000,0.63000000,2.23000000,3.72000000,14.03000000,131,132
1258,1,1258,S-12,7,US,1258,BlockApportionment:US.BlockGroups;PointsLayer:US.BlockPoints,2.19100000,2.57600000,1,46.00000000,1797.00000000,65.00000000,233,36.45000000,7.46000000,148,7,US,1258,BlockApportionment:US.BlockGroups;PointsLayer:US.BlockPoints,2.19100000,2.57600000,1,34.02000000,6.30000000,6.30000000,26.24000000,4.90000000,3.46000000,8.57000000,16.17000000,118,120
1259,0,1259,T-12,8,US,1259,BlockApportionment:US.BlockGroups;PointsLayer:US.BlockPoints,2.19100000,2.57600000,1,36.00000000,987.00000000,66.00000000,105,49.44000000,4.43000000,132,8,US,1259,BlockApportionment:US.BlockGroups;PointsLayer:US.BlockPoints,2.19100000,2.57600000,1,32.79000000,4.86000000,9.09000000,41.11000000,2.55000000,7.54000000,4.29000000,20.40000000,113,117
1260,0,1260,U-12,9,US,1260,BlockApportionment:US.BlockGroups;PointsLayer:US.BlockPoints,2.19100000,2.57600000,1,29.00000000,2138.00000000,39.00000000,110,59.07000000,4.67000000,95,9,US,1260,BlockApportionment:US.BlockGroups;PointsLayer:US.BlockPoints,2.19100000,2.57600000,1,29.86000000,3.66000000,14.87000000,52.01000000,3.07000000,8.65000000,4.83000000,26.45000000,80,81
1261,0,1261,V-12,10,US,1261,BlockApportionment:US.BlockGroups;PointsLayer:US.BlockPoints,2.19100000,2.57600000,1,66.00000000,1456.00000000,69.00000000,129,63.74000000,2.89000000,141,10,US,1261,BlockApportionment:US.BlockGroups;PointsLayer:US.BlockPoints,2.19100000,2.57600000,1,15.54000000,9.89000000,9.67000000,66.67000000,1.37000000,4.26000000,2.56000000,33.12000000,102,102
1262,1,1262,W-12,11,US,1262,BlockApportionment:US.BlockGroups;PointsLayer:US.BlockPoints,2.19100000,2.57600000,1,48.00000000,5561.00000000,49.00000000,162,73.33000000,0.85000000,98,11,US,1262,BlockApportionment:US.BlockGroups;PointsLayer:US.BlockPoints,2.19100000,2.57600000,1,36.60000000,2.45000000,14.18000000,33.81000000,4.14000000,7.29000000,1.15000000,18.90000000,85,89
1263,0,1263,X-12,12,US,1263,BlockApportionment:US.BlockGroups;PointsLayer:US.BlockPoints,2.19100000,2.57600000,1,94.00000000,3086.00000000,93.00000000,119,85.61000000,1.23000000,126,12,US,1263,BlockApportionment:US.BlockGroups;PointsLayer:US.BlockPoints,2.19100000,2.57600000,1,26.85000000,2.16000000,6.37000000,24.27000000,6.69000000,4.42000000,0.71000000,30.60000000,101,102
1264,0,1264,Y-12,13,US,1264,BlockApportionment:US.BlockGroups;PointsLayer:US.BlockPoints,2.19100000,2.57600000,1,56.00000000,2832.00000000,73.00000000,188,85.91000000,1.10000000,127,13,US,1264,BlockApportionment:US.BlockGroups;PointsLayer:US.BlockPoints,2.19100000,2.57600000,1,47.98000000,2.75000000,14.37000000,33.10000000,9.82000000,6.50000000,1.48000000,24.43000000,100,103
1265,0,1265,Z-12,14,US,1265,BlockApportionment:US.BlockGroups;PointsLayer:US.BlockPoints,2.19100000,2.57600000,1,120.00000000,3033.00000000,121.00000000,157,86.28000000,1.83000000,116,14,US,1265,BlockApportionment:US.BlockGroups;PointsLayer:US.BlockPoints,2.19100000,2.57600000,1,37.75000000,2.28000000,13.04000000,32.84000000,7.38000000,6.96000000,1.08000000,24.67000000,95,98
1266,2,1266,AA-12,15,US,1266,BlockApportionment:US.BlockGroups;PointsLayer:US.BlockPoints,2.19100000,2.57600000,1,136.00000000,2650.00000000,144.00000000,155,89.13000000,0.95000000,97,15,US,1266,BlockApportionment:US.BlockGroups;PointsLayer:US.BlockPoints,2.19100000,2.57600000,1,37.79000000,6.21000000,17.97000000,22.17000000,7.53000000,6.83000000,0.90000000,26.99000000,80,83
1267,0,1267,AB-12,16,US,1267,BlockApportionment:US.BlockGroups;PointsLayer:US.BlockPoints,2.19100000,2.57600000,1,150.00000000,3212.00000000,163.00000000,90,80.35000000,2.98000000,127,16,US,1267,BlockApportionment:US.BlockGroups;PointsLayer:US.BlockPoints,2.19100000,2.57600000,1,41.50000000,9.83000000,12.30000000,49.21000000,5.31000000,5.96000000,2.90000000,22.12000000,107,107
1268,1,1268,AC-12,17,US,1268,BlockApportionment:US.BlockGroups;PointsLayer:US.BlockPoints,2.19100000,2.57600000,1,167.00000000,276.00000000,130.00000000,152,72.46000000,1.79000000,82,17,US,1268,BlockApportionment:US.BlockGroups;PointsLayer:US.BlockPoints,2.19100000,2.57600000,1,62.11000000,1.05000000,13.85000000,18.60000000,14.58000000,8.72000000,3.70000000,25.00000000,83,93
1269,0,1269,AD-12,18,US,1269,BlockApportionment:US.BlockGroups;PointsLayer:US.BlockPoints,2.19100000,2.57600000,1,234.00000000,21.00000000,139.00000000,198,57.14000000,7.69000000,0,18,US,1269,BlockApportionment:US.BlockGroups;PointsLayer:US.BlockPoints,2.19100000,2.57600000,1,0.00000000,0.00000000,0.00000000,0.00000000,0.00000000,0.00000000,0.00000000,10.00000000,0,0
1270,0,1270,AE-12,19,US,1270,BlockApportionment:US.BlockGroups;PointsLayer:US.BlockPoints,2.19100000,2.57600000,0,0.00000000,0.00000000,0.00000000,0,0.00000000,0.00000000,0,19,US,1270,BlockApportionment:US.BlockGroups;PointsLayer:US.BlockPoints,2.19100000,2.57600000,0,0.00000000,0.00000000,0.00000000,0.00000000,0.00000000,0.00000000,0.00000000,0.00000000,0,0
1271,0,1271,AF-12,20,US,1271,BlockApportionment:US.BlockGroups;PointsLayer:US.BlockPoints,2.19100000,2.57600000,1,206.00000000,183.00000000,124.00000000,90,27.32000000,4.81000000,102,20,US,1271,BlockApportionment:US.BlockGroups;PointsLayer:US.BlockPoints,2.19100000,2.57600000,1,20.31000000,0.00000000,6.04000000,75.00000000,0.91000000,1.34000000,2.54000000,21.82000000,88,90
1272,0,1272,AG-12,21,US,1272,BlockApportionment:US.BlockGroups;PointsLayer:US.BlockPoints,2.19100000,2.57600000,1,128.00000000,404.00000000,93.00000000,67,28.47000000,3.65000000,132,21,US,1272,BlockApportionment:US.BlockGroups;PointsLayer:US.BlockPoints,2.19100000,2.57600000,1,21.82000000,3.64000000,10.11000000,18.75000000,3.08000000,1.06000000,2.22000000,18.49000000,119,120
1273,0,1273,AP-12,22,US,1273,BlockApportionment:US.BlockGroups;PointsLayer:US.BlockPoints,2.19100000,2.57600000,1,65.00000000,423.00000000,95.00000000,157,18.68000000,5.67000000,147,22,US,1273,BlockApportionment:US.BlockGroups;PointsLayer:US.BlockPoints,2.19100000,2.57600000,1,31.82000000,1.52000000,5.53000000,44.44000000,6.71000000,9.74000000,5.85000000,21.55000000,113,120
1274,0,1274,AQ-12,23,US,1274,BlockApportionment:US.BlockGroups;PointsLayer:US.BlockPoints,2.19100000,2.57600000,1,63.00000000,657.00000000,98.00000000,164,21.16000000,5.93000000,111,23,US,1274,BlockApportionment:US.BlockGroups;PointsLayer:US.BlockPoints,2.19100000,2.57600000,1,22.94000000,10.09000000,6.26000000,4.17000000,4.81000000,3.55000000,4.91000000,18.99000000,93,96
1275,1,1275,AR-12,24,US,1275,BlockApportionment:US.BlockGroups;PointsLayer:US.BlockPoints,2.19100000,2.57600000,1,77.00000000,2629.00000000,98.00000000,231,32.86000000,4.75000000,94,24,US,1275,BlockApportionment:US.BlockGroups;PointsLayer:US.BlockPoints,2.19100000,2.57600000,1,25.93000000,7.41000000,11.58000000,13.40000000,2.41000000,6.77000000,3.38000000,17.67000000,86,87
1276,0,1276,AS-12,25,US,1276,BlockApportionment:US.BlockGroups;PointsLayer:US.BlockPoints,2.19100000,2.57600000,1,53.00000000,1169.00000000,55.00000000,98,11.29000000,4.03000000,168,25,US,1276,BlockApportionment:US.BlockGroups;PointsLayer:US.BlockPoints,2.19100000,2.57600000,1,32.24000000,9.65000000,6.60000000,29.85000000,2.60000000,3.15000000,3.81000000,20.33000000,137,141
1277,0,1277,AT-12,26,US,1277,BlockApportionment:US.BlockGroups;PointsLayer:US.BlockPoints,2.19100000,2.57600000,1,26.00000000,1271.00000000,43.00000000,62,12.67000000,6.47000000,141,26,US,1277,BlockApportionment:US.BlockGroups;PointsLayer:US.BlockPoints,2.19100000,2.57600000,1,17.44000000,6.92000000,2.94000000,29.41000000,0.12000000,1.52000000,5.28000000,13.75000000,141,144
1278,0,1278,E-11,27,US,1278,BlockApportionment:US.BlockGroups;PointsLayer:US.BlockPoints,2.19100000,2.57600000,1,85.00000000,1386.00000000,49.00000000,95,34.92000000,1.92000000,129,27,US,1278,BlockApportionment:US.BlockGroups;PointsLayer:US.BlockPoints,2.19100000,2.57600000,1,20.45000000,3.98000000,6.96000000,25.95000000,1.90000000,1.77000000,0.88000000,20.51000000,110,116
1279,1,1279,F-11,28,US,1279,BlockApportionment:US.BlockGroups;PointsLayer:US.BlockPoints,2.19100000,2.57600000,1,72.00000000,2503.00000000,43.00000000,217,43.71000000,1.53000000,107,28,US,1279,BlockApportionment:US.BlockGroups;PointsLayer:US.BlockPoints,2.19100000,2.57600000,1,15.58000000,4.67000000,9.43000000,10.20000000,3.33000000,4.23000000,2.64000000,19.02000000,92,93
1280,0,1280,G-11,29,US,1280,BlockApportionment:US.BlockGroups;PointsLayer:US.BlockPoints,2.19100000,2.57600000,1,104.00000000,1946.00000000,73.00000000,48,34.22000000,4.45000000,136,29,US,1280,BlockApportionment:US.BlockGroups;PointsLayer:US.BlockPoints,2.19100000,2.57600000,1,28.23000000,3.27000000,15.40000000,35.75000000,6.72000000,1.77000000,3.74000000,21.64000000,101,104
1281,0,1281,H-11,30,US,1281,BlockApportionment:US.BlockGroups;PointsLayer:US.BlockPoints,2.19100000,2.57600000,1,61.00000000,1437.00000000,65.00000000,95,25.89000000,2.21000000,150,30,US,1281,BlockApportionment:US.BlockGroups;PointsLayer:US.BlockPoints,2.19100000,2.57600000,1,29.88000000,3.78000000,11.19000000,38.46000000,5.40000000,2.14000000,1.99000000,11.96000000,129,132
1282,0,1282,O-11,31,US,1282,BlockApportionment:US.BlockGroups;PointsLayer:US.BlockPoints,2.19100000,2.57600000,1,53.00000000,1019.00000000,39.00000000,76,21.69000000,2.99000000,200,31,US,1282,BlockApportionment:US.BlockGroups;PointsLayer:US.BlockPoints,2.19100000,2.57600000,1,25.14000000,3.43000000,7.39000000,19.54000000,5.34000000,2.70000000,2.07000000,9.18000000,153,155
1283,0,1283,P-11,32,US,1283,BlockApportionment:US.BlockGroups;PointsLayer:US.BlockPoints,2.19100000,2.57600000,1,67.00000000,1420.00000000,61.00000000,55,29.79000000,7.72000000,171,32,US,1283,BlockApportionment:US.BlockGroups;PointsLayer:US.BlockPoints,2.19100000,2.57600000,1,27.37000000,3.79000000,9.71000000,38.32000000,2.94000000,5.01000000,7.73000000,20.57000000,129,131
1284,0,1284,Q-11,33,US,1284,BlockApportionment:US.BlockGroups;PointsLayer:US.BlockPoints,2.19100000,2.57600000,1,63.00000000,1686.00000000,72.00000000,90,35.82000000,5.33000000,169,33,US,1284,BlockApportionment:US.BlockGroups;PointsLayer:US.BlockPoints,2.19100000,2.57600000,1,23.85000000,8.08000000,6.58000000,37.12000000,0.71000000,2.17000000,3.46000000,16.73000000,135,137
1285,0,1285,R-11,34,US,1285,BlockApportionment:US.BlockGroups;PointsLayer:US.BlockPoints,2.19100000,2.57600000,1,57.00000000,2021.00000000,64.00000000,79,40.52000000,5.76000000,135,34,US,1285,BlockApportionment:US.BlockGroups;PointsLayer:US.BlockPoints,2.19100000,2.57600000,1,25.58000000,5.09000000,14.43000000,45.60000000,1.84000000,3.42000000,5.13000000,18.94000000,116,119
1286,0,1286,S-11,35,US,1286,BlockApportionment:US.BlockGroups;PointsLayer:US.BlockPoints,2.19100000,2.57600000,1,51.00000000,1442.00000000,82.00000000,105,50.76000000,6.12000000,134,35,US,1286,BlockApportionment:US.BlockGroups;PointsLayer:US.BlockPoints,2.19100000,2.57600000,1,40.05000000,6.32000000,2.75000000,23.29000000,5.58000000,5.99000000,5.80000000,28.26000000,107,107
1287,0,1287,T-11,36,US,1287,BlockApportionment:US.BlockGroups;PointsLayer:US.BlockPoints,2.19100000,2.57600000,1,61.00000000,2141.00000000,86.00000000,105,56.42000000,7.09000000,131,36,US,1287,BlockApportionment:US.BlockGroups;PointsLayer:US.BlockPoints,2.19100000,2.57600000,1,30.17000000,5.25000000,4.41000000,48.00000000,2.27000000,1.48000000,9.32000000,23.60000000,101,101
1288,0,1288,U-11,37,US,1288,BlockApportionment:US.BlockGroups;PointsLayer:US.BlockPoints,2.19100000,2.57600000,1,53.00000000,2932.00000000,70.00000000,143,64.77000000,2.29000000,102,37,US,1288,BlockApportionment:US.BlockGroups;PointsLayer:US.BlockPoints,2.19100000,2.57600000,1,27.96000000,5.61000000,11.65000000,33.61000000,2.95000000,3.83000000,1.88000000,26.13000000,89,92
1289,0,1289,V-11,38,US,1289,BlockApportionment:US.BlockGroups;PointsLayer:US.BlockPoints,2.19100000,2.57600000,1,56.00000000,2409.00000000,74.00000000,181,68.24000000,2.90000000,136,38,US,1289,BlockApportionment:US.BlockGroups;PointsLayer:US.BlockPoints,2.19100000,2.57600000,1,29.65000000,9.53000000,8.55000000,28.45000000,3.48000000,6.52000000,3.63000000,20.70000000,114,114
1290,0,1290,W-11,39,US,1290,BlockApportionment:US.BlockGroups;PointsLayer:US.BlockPoints,2.19100000,2.57600000,1,58.00000000,2079.00000000,68.00000000,71,70.71000000,2.53000000,118,39,US,1290,BlockApportionment:US.BlockGroups;PointsLayer:US.BlockPoints,2.19100000,2.57600000,1,35.96000000,3.55000000,16.44000000,41.45000000,3.56000000,4.15000000,1.99000000,26.21000000,93,97
1291,0,1291,X-11,40,US,1291,BlockApportionment:US.BlockGroups;PointsLayer:US.BlockPoints,2.19100000,2.57600000,1,80.00000000,2275.00000000,101.00000000,133,88.44000000,1.28000000,111,40,US,1291,BlockApportionment:US.BlockGroups;PointsLayer:US.BlockPoints,2.19100000,2.57600000,1,48.21000000,4.60000000,18.53000000,20.25000000,6.09000000,4.72000000,0.99000000,20.42000000,90,91
1292,0,1292,Y-11,41,US,1292,BlockApportionment:US.BlockGroups;PointsLayer:US.BlockPoints,2.19100000,2.57600000,1,113.00000000,3039.00000000,133.00000000,121,90.36000000,3.61000000,132,41,US,1292,BlockApportionment:US.BlockGroups;PointsLayer:US.BlockPoints,2.19100000,2.57600000,1,33.23000000,5.32000000,24.57000000,45.25000000,15.46000000,9.62000000,1.90000000,26.81000000,106,110
1293,0,1293,Z-11,42,US,1293,BlockApportionment:US.BlockGroups;PointsLayer:US.BlockPoints,2.19100000,2.57600000,1,141.00000000,3857.00000000,150.00000000,148,94.56000000,0.89000000,111,42,US,1293,BlockApportionment:US.BlockGroups;PointsLayer:US.BlockPoints,2.19100000,2.57600000,1,37.83000000,7.94000000,31.38000000,42.79000000,17.10000000,4.92000000,0.65000000,20.41000000,96,101
1294,0,1294,AA-11,43,US,1294,BlockApportionment:US.BlockGroups;PointsLayer:US.BlockPoints,2.19100000,2.57600000,1,122.00000000,3388.00000000,140.00000000,64,93.68000000,0.42000000,106,43,US,1294,BlockApportionment:US.BlockGroups;PointsLayer:US.BlockPoints,2.19100000,2.57600000,1,39.11000000,17.88000000,22.46000000,42.94000000,15.75000000,4.68000000,0.71000000,14.68000000,86,87
1295,1,1295,AB-11,44,US,1295,BlockApportionment:US.BlockGroups;PointsLayer:US.BlockPoints,2.19100000,2.57600000,1,161.00000000,1549.00000000,147.00000000,79,91.93000000,1.46000000,98,44,US,1295,BlockApportionment:US.BlockGroups;PointsLayer:US.BlockPoints,2.19100000,2.57600000,1,32.48000000,4.14000000,15.43000000,42.00000000,4.84000000,8.98000000,1.45000000,27.25000000,89,92
1296,2,1296,AC-11,45,US,1296,BlockApportionment:US.BlockGroups;PointsLayer:US.BlockPoints,2.19100000,2.57600000,1,139.00000000,423.00000000,125.00000000,14,86.76000000,0.00000000,62,45,US,1296,BlockApportionment:US.BlockGroups;PointsLayer:US.BlockPoints,2.19100000,2.57600000,1,44.44000000,4.44000000,9.09000000,33.33000000,5.21000000,8.87000000,0.79000000,34.20000000,59,60
1297,0,1297,AD-11,46,US,1297,BlockApportionment:US.BlockGroups;PointsLayer:US.BlockPoints,2.19100000,2.57600000,1,173.00000000,8.00000000,99.00000000,0,87.50000000,0.00000000,0,46,US,1297,BlockApportionment:US.BlockGroups;PointsLayer:US.BlockPoints,2.19100000,2.57600000,1,0.00000000,0.00000000,28.57000000,0.00000000,0.00000000,0.00000000,0.00000000,25.00000000,0,0
1298,0,1298,AE-11,47,US,1298,BlockApportionment:US.BlockGroups;PointsLayer:US.BlockPoints,2.19100000,2.57600000,1,234.00000000,1.00000000,139.00000000,0,100.00000000,0.00000000,0,47,US,1298,BlockApportionment:US.BlockGroups;PointsLayer:US.BlockPoints,2.19100000,2.57600000,1,0.00000000,0.00000000,0.00000000,0.00000000,0.00000000,0.00000000,0.00000000,0.00000000,0,0
1299,0,1299,AF-11,48,US,1299,BlockApportionment:US.BlockGroups;PointsLayer:US.BlockPoints,2.19100000,2.57600000,1,234.00000000,348.00000000,139.00000000,162,54.89000000,4.27000000,97,48,US,1299,BlockApportionment:US.BlockGroups;PointsLayer:US.BlockPoints,2.19100000,2.57600000,1,27.88000000,8.65000000,2.95000000,53.70000000,0.00000000,0.00000000,2.81000000,12.87000000,104,106
1300,0,1300,AG-11,49,US,1300,BlockApportionment:US.BlockGroups;PointsLayer:US.BlockPoints,2.19100000,2.57600000,1,175.00000000,913.00000000,108.00000000,86,31.22000000,4.58000000,123,49,US,1300,BlockApportionment:US.BlockGroups;PointsLayer:US.BlockPoints,2.19100000,2.57600000,1,23.26000000,4.17000000,6.62000000,45.28000000,1.40000000,0.93000000,2.62000000,20.53000000,113,114
1301,0,1301,AL-11,0,US,1301,BlockApportionment:US.BlockGroups;PointsLayer:US.BlockPoints,2.19100000,2.57600000,1,39.00000000,163.00000000,58.00000000,148,25.77000000,4.62000000,140,0,US,1301,BlockApportionment:US.BlockGroups;PointsLayer:US.BlockPoints,2.19100000,2.57600000,1,20.31000000,3.12000000,7.98000000,28.57000000,1.57000000,2.45000000,4.51000000,13.39000000,101,105
1302,0,1302,AM-11,1,US,1302,BlockApportionment:US.BlockGroups;PointsLayer:US.BlockPoints,2.19100000,2.57600000,1,25.00000000,137.00000000,48.00000000,169,22.63000000,5.56000000,142,1,US,1302,BlockApportionment:US.BlockGroups;PointsLayer:US.BlockPoints,2.19100000,2.57600000,1,20.51000000,2.56000000,5.63000000,33.33000000,0.92000000,2.82000000,5.26000000,13.76000000,97,102
1303,2,1303,AN-11,2,US,1303,BlockApportionment:US.BlockGroups;PointsLayer:US.BlockPoints,2.19100000,2.57600000,1,58.00000000,1949.00000000,74.00000000,100,25.14000000,7.23000000,165,2,US,1303,BlockApportionment:US.BlockGroups;PointsLayer:US.BlockPoints,2.19100000,2.57600000,1,21.42000000,1.47000000,7.71000000,21.62000000,0.06000000,1.55000000,10.30000000,19.23000000,131,135
1304,0,1304,AO-11,3,US,1304,BlockApportionment:US.BlockGroups;PointsLayer:US.BlockPoints,2.19100000,2.57600000,1,84.00000000,904.00000000,104.00000000,90,30.53000000,8.60000000,141,3,US,1304,BlockApportionment:US.BlockGroups;PointsLayer:US.BlockPoints,2.19100000,2.57600000,1,24.84000000,0.31000000,6.73000000,28.00000000,3.19000000,1.65000000,8.44000000,17.31000000,108,107
1305,1,1305,AP-11,4,US,1305,BlockApportionment:US.BlockGroups;PointsLayer:US.BlockPoints,2.19100000,2.57600000,1,112.00000000,4074.00000000,111.00000000,81,33.58000000,3.54000000,97,4,US,1305,BlockApportionment:US.BlockGroups;PointsLayer:US.BlockPoints,2.19100000,2.57600000,1,39.39000000,7.05000000,11.30000000,31.91000000,4.15000000,5.06000000,4.03000000,23.36000000,92,97
1306,1,1306,AQ-11,5,US,1306,BlockApportionment:US.BlockGroups;PointsLayer:US.BlockPoints,2.19100000,2.57600000,1,104.00000000,4744.00000000,112.00000000,176,38.36000000,2.83000000,55,5,US,1306,BlockApportionment:US.BlockGroups;PointsLayer:US.BlockPoints,2.19100000,2.57600000,1,40.81000000,5.63000000,15.03000000,44.22000000,6.19000000,3.84000000,3.20000000,17.62000000,68,72
1307,0,1307,AR-11,6,US,1307,BlockApportionment:US.BlockGroups;PointsLayer:US.BlockPoints,2.19100000,2.57600000,1,82.00000000,1415.00000000,101.00000000,221,26.86000000,1.40000000,101,6,US,1307,BlockApportionment:US.BlockGroups;PointsLayer:US.BlockPoints,2.19100000,2.57600000,1,31.14000000,6.06000000,20.11000000,30.15000000,3.80000000,2.06000000,2.53000000,20.71000000,107,113
1308,0,1308,AS-11,7,US,1308,BlockApportionment:US.BlockGroups;PointsLayer:US.BlockPoints,2.19100000,2.57600000,1,43.00000000,1318.00000000,58.00000000,126,15.10000000,5.44000000,144,7,US,1308,BlockApportionment:US.BlockGroups;PointsLayer:US.BlockPoints,2.19100000,2.57600000,1,27.46000000,6.08000000,9.64000000,17.70000000,2.30000000,2.26000000,4.16000000,22.51000000,121,124
1309,0,1309,E-10,8,US,1309,BlockApportionment:US.BlockGroups;PointsLayer:US.BlockPoints,2.19100000,2.57600000,1,70.00000000,2047.00000000,57.00000000,231,29.02000000,3.43000000,133,8,US,1309,BlockApportionment:US.BlockGroups;PointsLayer:US.BlockPoints,2.19100000,2.57600000,1,21.87000000,1.64000000,4.58000000,32.35000000,1.99000000,2.25000000,2.35000000,15.95000000,111,115
1310,0,1310,F-10,9,US,1310,BlockApportionment:US.BlockGroups;PointsLayer:US.BlockPoints,2.19100000,2.57600000,1,65.00000000,1077.00000000,52.00000000,119,26.56000000,2.27000000,156,9,US,1310,BlockApportionment:US.BlockGroups;PointsLayer:US.BlockPoints,2.19100000,2.57600000,1,24.38000000,3.23000000,13.02000000,57.78000000,0.95000000,0.72000000,3.56000000,6.39000000,135,142
1311,0,1311,G-10,10,US,1311,BlockApportionment:US.BlockGroups;PointsLayer:US.BlockPoints,2.19100000,2.57600000,1,59.00000000,1584.00000000,58.00000000,81,26.01000000,2.56000000,151,10,US,1311,BlockApportionment:US.BlockGroups;PointsLayer:US.BlockPoints,2.19100000,2.57600000,1,24.50000000,3.67000000,16.99000000,54.20000000,3.95000000,0.57000000,3.60000000,11.30000000,123,126
1312,0,1312,P-10,11,US,1312,BlockApportionment:US.BlockGroups;PointsLayer:US.BlockPoints,2.19100000,2.57600000,1,99.00000000,2803.00000000,100.00000000,138,39.42000000,4.04000000,146,11,US,1312,BlockApportionment:US.BlockGroups;PointsLayer:US.BlockPoints,2.19100000,2.57600000,1,31.76000000,3.92000000,7.51000000,27.27000000,4.68000000,7.02000000,4.72000000,13.34000000,117,119
1313,3,1313,Q-10,12,US,1313,BlockApportionment:US.BlockGroups;PointsLayer:US.BlockPoints,2.19100000,2.57600000,1,79.00000000,3026.00000000,62.00000000,136,39.85000000,5.88000000,87,12,US,1313,BlockApportionment:US.BlockGroups;PointsLayer:US.BlockPoints,2.19100000,2.57600000,1,19.67000000,2.02000000,7.92000000,18.76000000,3.08000000,9.61000000,4.30000000,24.53000000,85,86
1314,0,1314,R-10,13,US,1314,BlockApportionment:US.BlockGroups;PointsLayer:US.BlockPoints,2.19100000,2.57600000,1,65.00000000,1842.00000000,61.00000000,60,39.14000000,3.45000000,95,13,US,1314,BlockApportionment:US.BlockGroups;PointsLayer:US.BlockPoints,2.19100000,2.57600000,1,29.48000000,6.96000000,15.24000000,29.53000000,8.15000000,5.34000000,3.40000000,21.75000000,84,85
1315,0,1315,S-10,14,US,1315,BlockApportionment:US.BlockGroups;PointsLayer:US.BlockPoints,2.19100000,2.57600000,1,60.00000000,2506.00000000,75.00000000,148,40.74000000,5.92000000,123,14,US,1315,BlockApportionment:US.BlockGroups;PointsLayer:US.BlockPoints,2.19100000,2.57600000,1,34.65000000,1.08000000,9.83000000,41.20000000,3.03000000,3.69000000,5.03000000,17.52000000,96,97
1316,0,1316,T-10,15,US,1316,BlockApportionment:US.BlockGroups;PointsLayer:US.BlockPoints,2.19100000,2.57600000,1,60.00000000,1432.00000000,72.00000000,69,55.73000000,7.37000000,177,15,US,1316,BlockApportionment:US.BlockGroups;PointsLayer:US.BlockPoints,2.19100000,2.57600000,1,37.02000000,0.45000000,3.11000000,33.05000000,2.47000000,1.04000000,9.95000000,20.60000000,142,143
1317,0,1317,U-10,16,US,1317,BlockApportionment:US.BlockGroups;PointsLayer:US.BlockPoints,2.19100000,2.57600000,1,94.00000000,1268.00000000,93.00000000,79,69.32000000,3.61000000,129,16,US,1317,BlockApportionment:US.BlockGroups;PointsLayer:US.BlockPoints,2.19100000,2.57600000,1,26.05000000,6.16000000,9.17000000,34.55000000,5.75000000,4.14000000,3.20000000,23.54000000,91,92
1318,0,1318,V-10,17,US,1318,BlockApportionment:US.BlockGroups;PointsLayer:US.BlockPoints,2.19100000,2.57600000,1,78.00000000,1440.00000000,85.00000000,95,70.14000000,4.13000000,147,17,US,1318,BlockApportionment:US.BlockGroups;PointsLayer:US.BlockPoints,2.19100000,2.57600000,1,28.33000000,4.43000000,9.62000000,21.05000000,3.95000000,6.49000000,5.49000000,26.13000000,117,117
1319,0,1319,W-10,18,US,1319,BlockApportionment:US.BlockGroups;PointsLayer:US.BlockPoints,2.19100000,2.57600000,1,61.00000000,1097.00000000,84.00000000,38,72.38000000,5.32000000,133,18,US,1319,BlockApportionment:US.BlockGroups;PointsLayer:US.BlockPoints,2.19100000,2.57600000,1,27.76000000,5.38000000,14.16000000,42.59000000,2.69000000,4.69000000,4.41000000,26.99000000,106,110
1320,0,1320,X-10,19,US,1320,BlockApportionment:US.BlockGroups;PointsLayer:US.BlockPoints,2.19100000,2.57600000,1,73.00000000,1297.00000000,84.00000000,188,88.43000000,1.66000000,127,19,US,1320,BlockApportionment:US.BlockGroups;PointsLayer:US.BlockPoints,2.19100000,2.57600000,1,32.57000000,3.07000000,5.00000000,18.87000000,2.85000000,4.82000000,4.44000000,28.78000000,98,96
1321,0,1321,Y-10,20,US,1321,BlockApportionment:US.BlockGroups;PointsLayer:US.BlockPoints,2.19100000,2.57600000,1,117.00000000,2432.00000000,140.00000000,155,94.20000000,1.47000000,101,20,US,1321,BlockApportionment:US.BlockGroups;PointsLayer:US.BlockPoints,2.19100000,2.57600000,1,24.89000000,3.62000000,18.63000000,33.85000000,10.28000000,7.44000000,1.37000000,17.05000000,108,107
1322,0,1322,Z-10,21,US,1322,BlockApportionment:US.BlockGroups;PointsLayer:US.BlockPoints,2.19100000,2.57600000,1,142.00000000,4413.00000000,146.00000000,148,94.40000000,2.00000000,101,21,US,1322,BlockApportionment:US.BlockGroups;PointsLayer:US.BlockPoints,2.19100000,2.57600000,1,37.08000000,5.48000000,18.05000000,43.22000000,14.07000000,5.09000000,1.93000000,21.11000000,89,94
1323,2,1323,AA-10,22,US,1323,BlockApportionment:US.BlockGroups;PointsLayer:US.BlockPoints,2.19100000,2.57600000,1,142.00000000,2775.00000000,156.00000000,79,94.63000000,2.23000000,108,22,US,1323,BlockApportionment:US.BlockGroups;PointsLayer:US.BlockPoints,2.19100000,2.57600000,1,42.10000000,5.16000000,11.75000000,24.44000000,15.59000000,2.96000000,2.60000000,22.75000000,96,102
1324,0,1324,AB-10,23,US,1324,BlockApportionment:US.BlockGroups;PointsLayer:US.BlockPoints,2.19100000,2.57600000,1,0.00000000,0.00000000,0.00000000,0,0.00000000,0.00000000,0,23,US,1324,BlockApportionment:US.BlockGroups;PointsLayer:US.BlockPoints,2.19100000,2.57600000,1,0.00000000,0.00000000,0.00000000,0.00000000,0.00000000,0.00000000,0.00000000,0.00000000,0,0
1325,0,1325,AC-10,24,US,1325,BlockApportionment:US.BlockGroups;PointsLayer:US.BlockPoints,2.19100000,2.57600000,1,102.00000000,4589.00000000,75.00000000,76,80.15000000,2.28000000,94,24,US,1325,BlockApportionment:US.BlockGroups;PointsLayer:US.BlockPoints,2.19100000,2.57600000,1,31.35000000,4.67000000,23.18000000,30.10000000,3.26000000,6.11000000,1.74000000,21.74000000,80,83
1326,0,1326,AD-10,25,US,1326,BlockApportionment:US.BlockGroups;PointsLayer:US.BlockPoints,2.19100000,2.57600000,1,199.00000000,18.00000000,51.00000000,0,38.89000000,0.00000000,0,25,US,1326,BlockApportionment:US.BlockGroups;PointsLayer:US.BlockPoints,2.19100000,2.57600000,1,100.00000000,0.00000000,0.00000000,0.00000000,0.00000000,0.00000000,0.00000000,66.67000000,0,0
1327,0,1327,AE-10,26,US,1327,BlockApportionment:US.BlockGroups;PointsLayer:US.BlockPoints,2.19100000,2.57600000,0,0.00000000,0.00000000,0.00000000,0,0.00000000,0.00000000,0,26,US,1327,BlockApportionment:US.BlockGroups;PointsLayer:US.BlockPoints,2.19100000,2.57600000,0,0.00000000,0.00000000,0.00000000,0.00000000,0.00000000,0.00000000,0.00000000,0.00000000,0,0
1328,0,1328,AF-10,27,US,1328,BlockApportionment:US.BlockGroups;PointsLayer:US.BlockPoints,2.19100000,2.57600000,0,0.00000000,0.00000000,0.00000000,0,0.00000000,0.00000000,0,27,US,1328,BlockApportionment:US.BlockGroups;PointsLayer:US.BlockPoints,2.19100000,2.57600000,0,0.00000000,0.00000000,0.00000000,0.00000000,0.00000000,0.00000000,0.00000000,0.00000000,0,0
1329,0,1329,AG-10,28,US,1329,BlockApportionment:US.BlockGroups;PointsLayer:US.BlockPoints,2.19100000,2.57600000,1,89.00000000,56.00000000,63.00000000,71,23.21000000,2.50000000,190,28,US,1329,BlockApportionment:US.BlockGroups;PointsLayer:US.BlockPoints,2.19100000,2.57600000,1,30.77000000,7.69000000,9.80000000,33.33000000,2.50000000,0.00000000,2.27000000,22.50000000,157,167
1330,0,1330,AH-10,29,US,1330,BlockApportionment:US.BlockGroups;PointsLayer:US.BlockPoints,2.19100000,2.57600000,1,89.00000000,442.00000000,63.00000000,38,23.98000000,3.47000000,192,29,US,1330,BlockApportionment:US.BlockGroups;PointsLayer:US.BlockPoints,2.19100000,2.57600000,1,27.69000000,9.23000000,9.18000000,19.23000000,1.87000000,0.00000000,2.30000000,21.81000000,157,159
1331,0,1331,AI-10,30,US,1331,BlockApportionment:US.BlockGroups;PointsLayer:US.BlockPoints,2.19100000,2.57600000,1,75.00000000,232.00000000,65.00000000,214,23.71000000,2.75000000,195,30,US,1331,BlockApportionment:US.BlockGroups;PointsLayer:US.BlockPoints,2.19100000,2.57600000,1,24.00000000,8.00000000,8.21000000,50.00000000,0.55000000,3.20000000,1.57000000,17.13000000,144,148
1332,0,1332,AJ-10,31,US,1332,BlockApportionment:US.BlockGroups;PointsLayer:US.BlockPoints,2.19100000,2.57600000,1,75.00000000,446.00000000,65.00000000,224,23.54000000,2.88000000,194,31,US,1332,BlockApportionment:US.BlockGroups;PointsLayer:US.BlockPoints,2.19100000,2.57600000,1,23.84000000,7.95000000,8.05000000,53.85000000,0.87000000,2.99000000,1.65000000,17.10000000,142,147
1333,0,1333,AK-10,32,US,1333,BlockApportionment:US.BlockGroups;PointsLayer:US.BlockPoints,2.19100000,2.57600000,1,75.00000000,288.00000000,73.00000000,148,28.47000000,2.69000000,168,32,US,1333,BlockApportionment:US.BlockGroups;PointsLayer:US.BlockPoints,2.19100000,2.57600000,1,22.35000000,7.06000000,11.00000000,16.67000000,3.38000000,2.40000000,1.82000000,14.98000000,135,137
1334,0,1334,AL-10,33,US,1334,BlockApportionment:US.BlockGroups;PointsLayer:US.BlockPoints,2.19100000,2.57600000,1,23.00000000,555.00000000,27.00000000,298,24.14000000,10.91000000,122,33,US,1334,BlockApportionment:US.BlockGroups;PointsLayer:US.BlockPoints,2.19100000,2.57600000,1,28.82000000,3.06000000,1.38000000,41.18000000,5.83000000,8.73000000,12.87000000,33.08000000,87,87
1335,0,1335,AM-10,34,US,1335,BlockApportionment:US.BlockGroups;PointsLayer:US.BlockPoints,2.19100000,2.57600000,1,49.00000000,3643.00000000,58.00000000,90,36.40000000,5.36000000,128,34,US,1335,BlockApportionment:US.BlockGroups;PointsLayer:US.BlockPoints,2.19100000,2.57600000,1,20.92000000,3.69000000,11.53000000,31.41000000,3.41000000,3.68000000,5.23000000,23.46000000,93,95
1336,0,1336,AN-10,35,US,1336,BlockApportionment:US.BlockGroups;PointsLayer:US.BlockPoints,2.19100000,2.57600000,1,95.00000000,2307.00000000,85.00000000,155,25.75000000,3.36000000,104,35,US,1336,BlockApportionment:US.BlockGroups;PointsLayer:US.BlockPoints,2.19100000,2.57600000,1,37.21000000,8.34000000,7.49000000,35.20000000,4.41000000,2.89000000,4.06000000,21.02000000,97,99
1337,1,1337,AO-10,36,US,1337,BlockApportionment:US.BlockGroups;PointsLayer:US.BlockPoints,2.19100000,2.57600000,1,98.00000000,2427.00000000,86.00000000,117,32.43000000,1.57000000,104,36,US,1337,BlockApportionment:US.BlockGroups;PointsLayer:US.BlockPoints,2.19100000,2.57600000,1,35.21000000,19.58000000,11.81000000,34.82000000,3.69000000,3.85000000,3.85000000,17.25000000,84,85
1338,0,1338,AP-10,37,US,1338,BlockApportionment:US.BlockGroups;PointsLayer:US.BlockPoints,2.19100000,2.57600000,1,86.00000000,1847.00000000,88.00000000,140,21.17000000,3.79000000,123,37,US,1338,BlockApportionment:US.BlockGroups;PointsLayer:US.BlockPoints,2.19100000,2.57600000,1,21.08000000,2.90000000,12.56000000,13.55000000,6.07000000,2.52000000,4.58000000,13.36000000,104,106
1339,0,1339,AQ-10,38,US,1339,BlockApportionment:US.BlockGroups;PointsLayer:US.BlockPoints,2.19100000,2.57600000,1,84.00000000,2399.00000000,105.00000000,105,28.35000000,1.89000000,89,38,US,1339,BlockApportionment:US.BlockGroups;PointsLayer:US.BlockPoints,2.19100000,2.57600000,1,29.97000000,1.96000000,13.41000000,41.39000000,2.68000000,1.37000000,1.44000000,17.25000000,82,86
1340,0,1340,AS-10,39,US,1340,BlockApportionment:US.BlockGroups;PointsLayer:US.BlockPoints,2.19100000,2.57600000,1,44.00000000,157.00000000,51.00000000,250,13.38000000,8.26000000,121,39,US,1340,BlockApportionment:US.BlockGroups;PointsLayer:US.BlockPoints,2.19100000,2.57600000,1,24.19000000,4.84000000,2.86000000,27.78000000,0.91000000,1.43000000,5.31000000,19.09000000,103,110
1341,0,1341,G-9,40,US,1341,BlockApportionment:US.BlockGroups;PointsLayer:US.BlockPoints,2.19100000,2.57600000,1,71.00000000,988.00000000,55.00000000,140,25.20000000,1.63000000,175,40,US,1341,BlockApportionment:US.BlockGroups;PointsLayer:US.BlockPoints,2.19100000,2.57600000,1,32.30000000,1.24000000,4.37000000,0.00000000,1.67000000,1.46000000,4.05000000,5.70000000,147,150
1342,0,1342,Q-9,41,US,1342,BlockApportionment:US.BlockGroups;PointsLayer:US.BlockPoints,2.19100000,2.57600000,1,70.00000000,2524.00000000,64.00000000,98,44.22000000,3.63000000,85,41,US,1342,BlockApportionment:US.BlockGroups;PointsLayer:US.BlockPoints,2.19100000,2.57600000,1,31.24000000,11.65000000,17.09000000,25.99000000,10.60000000,2.23000000,3.24000000,24.19000000,83,85
1343,0,1343,S-9,42,US,1343,BlockApportionment:US.BlockGroups;PointsLayer:US.BlockPoints,2.19100000,2.57600000,1,56.00000000,1690.00000000,67.00000000,131,46.63000000,5.93000000,136,42,US,1343,BlockApportionment:US.BlockGroups;PointsLayer:US.BlockPoints,2.19100000,2.57600000,1,25.57000000,7.01000000,4.84000000,30.60000000,1.55000000,3.25000000,6.34000000,27.24000000,105,106
1344,1,1344,T-9,43,US,1344,BlockApportionment:US.BlockGroups;PointsLayer:US.BlockPoints,2.19100000,2.57600000,1,81.00000000,1859.00000000,78.00000000,60,54.06000000,3.86000000,133,43,US,1344,BlockApportionment:US.BlockGroups;PointsLayer:US.BlockPoints,2.19100000,2.57600000,1,25.46000000,4.32000000,3.87000000,42.68000000,0.72000000,0.51000000,2.48000000,16.73000000,106,107
1345,0,1345,U-9,44,US,1345,BlockApportionment:US.BlockGroups;PointsLayer:US.BlockPoints,2.19100000,2.57600000,1,99.00000000,2310.00000000,84.00000000,71,66.36000000,3.91000000,99,44,US,1345,BlockApportionment:US.BlockGroups;PointsLayer:US.BlockPoints,2.19100000,2.57600000,1,26.97000000,3.33000000,8.22000000,13.92000000,4.00000000,3.07000000,3.37000000,28.06000000,95,95
1346,0,1346,V-9,45,US,1346,BlockApportionment:US.BlockGroups;PointsLayer:US.BlockPoints,2.19100000,2.57600000,1,84.00000000,1127.00000000,103.00000000,100,76.66000000,5.25000000,107,45,US,1346,BlockApportionment:US.BlockGroups;PointsLayer:US.BlockPoints,2.19100000,2.57600000,1,32.42000000,3.03000000,6.12000000,21.74000000,5.75000000,4.45000000,5.30000000,23.12000000,103,106
1347,0,1347,W-9,46,US,1347,BlockApportionment:US.BlockGroups;PointsLayer:US.BlockPoints,2.19100000,2.57600000,1,83.00000000,1425.00000000,100.00000000,121,80.91000000,5.76000000,132,46,US,1347,BlockApportionment:US.BlockGroups;PointsLayer:US.BlockPoints,2.19100000,2.57600000,1,28.73000000,2.76000000,4.16000000,50.00000000,4.86000000,5.40000000,6.76000000,22.09000000,105,109
1348,0,1348,X-9,47,US,1348,BlockApportionment:US.BlockGroups;PointsLayer:US.BlockPoints,2.19100000,2.57600000,1,128.00000000,2468.00000000,125.00000000,162,91.73000000,0.89000000,86,47,US,1348,BlockApportionment:US.BlockGroups;PointsLayer:US.BlockPoints,2.19100000,2.57600000,1,30.32000000,7.24000000,11.18000000,41.38000000,6.03000000,4.71000000,3.68000000,25.27000000,80,85
1349,3,1349,Y-9,48,US,1349,BlockApportionment:US.BlockGroups;PointsLayer:US.BlockPoints,2.19100000,2.57600000,1,140.00000000,2572.00000000,149.00000000,98,95.92000000,1.56000000,97,48,US,1349,BlockApportionment:US.BlockGroups;PointsLayer:US.BlockPoints,2.19100000,2.57600000,1,40.00000000,6.12000000,18.19000000,33.84000000,11.92000000,8.06000000,1.43000000,24.11000000,90,93
1350,0,1350,Z-9,49,US,1350,BlockApportionment:US.BlockGroups;PointsLayer:US.BlockPoints,2.19100000,2.57600000,1,177.00000000,1807.00000000,158.00000000,133,94.69000000,2.63000000,99,49,US,1350,BlockApportionment:US.BlockGroups;PointsLayer:US.BlockPoints,2.19100000,2.57600000,1,29.47000000,4.05000000,17.68000000,21.72000000,13.89000000,3.53000000,2.04000000,22.70000000,97,100
1351,0,1351,AA-9,0,US,1351,BlockApportionment:US.BlockGroups;PointsLayer:US.BlockPoints,2.19100000,2.57600000,1,157.00000000,4547.00000000,156.00000000,207,93.49000000,1.41000000,55,0,US,1351,BlockApportionment:US.BlockGroups;PointsLayer:US.BlockPoints,2.19100000,2.57600000,1,41.31000000,10.09000000,24.15000000,21.03000000,8.81000000,4.06000000,2.08000000,25.20000000,57,55
1352,1,1352,AB-9,1,US,1352,BlockApportionment:US.BlockGroups;PointsLayer:US.BlockPoints,2.19100000,2.57600000,1,103.00000000,5075.00000000,109.00000000,179,91.39000000,0.57000000,54,1,US,1352,BlockApportionment:US.BlockGroups;PointsLayer:US.BlockPoints,2.19100000,2.57600000,1,35.67000000,10.04000000,37.07000000,47.16000000,10.06000000,5.31000000,0.60000000,16.48000000,57,59
1353,0,1353,AC-9,2,US,1353,BlockApportionment:US.BlockGroups;PointsLayer:US.BlockPoints,2.19100000,2.57600000,1,87.00000000,2297.00000000,71.00000000,262,80.80000000,1.95000000,86,2,US,1353,BlockApportionment:US.BlockGroups;PointsLayer:US.BlockPoints,2.19100000,2.57600000,1,27.32000000,13.11000000,21.39000000,39.30000000,1.79000000,2.78000000,1.70000000,45.97000000,88,94
1354,1,1354,AD-9,3,US,1354,BlockApportionment:US.BlockGroups;PointsLayer:US.BlockPoints,2.19100000,2.57600000,1,115.00000000,1058.00000000,72.00000000,57,77.60000000,3.20000000,75,3,US,1354,BlockApportionment:US.BlockGroups;PointsLayer:US.BlockPoints,2.19100000,2.57600000,1,47.58000000,6.97000000,10.21000000,26.37000000,7.09000000,4.16000000,4.55000000,16.79000000,84,92
1355,0,1355,AE-9,4,US,1355,BlockApportionment:US.BlockGroups;PointsLayer:US.BlockPoints,2.19100000,2.57600000,0,0.00000000,0.00000000,0.00000000,0,0.00000000,0.00000000,0,4,US,1355,BlockApportionment:US.BlockGroups;PointsLayer:US.BlockPoints,2.19100000,2.57600000,0,0.00000000,0.00000000,0.00000000,0.00000000,0.00000000,0.00000000,0.00000000,0.00000000,0,0
1356,0,1356,AF-9,5,US,1356,BlockApportionment:US.BlockGroups;PointsLayer:US.BlockPoints,2.19100000,2.57600000,1,199.00000000,9.00000000,51.00000000,0,33.33000000,0.00000000,0,5,US,1356,BlockApportionment:US.BlockGroups;PointsLayer:US.BlockPoints,2.19100000,2.57600000,1,0.00000000,0.00000000,0.00000000,0.00000000,0.00000000,0.00000000,0.00000000,50.00000000,0,0
1357,0,1357,AG-9,6,US,1357,BlockApportionment:US.BlockGroups;PointsLayer:US.BlockPoints,2.19100000,2.57600000,1,199.00000000,12.00000000,51.00000000,0,41.67000000,0.00000000,0,6,US,1357,BlockApportionment:US.BlockGroups;PointsLayer:US.BlockPoints,2.19100000,2.57600000,1,100.00000000,0.00000000,0.00000000,0.00000000,0.00000000,0.00000000,0.00000000,66.67000000,0,0
1358,0,1358,AH-9,7,US,1358,BlockApportionment:US.BlockGroups;PointsLayer:US.BlockPoints,2.19100000,2.57600000,1,39.00000000,140.00000000,12.00000000,33,37.14000000,7.38000000,157,7,US,1358,BlockApportionment:US.BlockGroups;PointsLayer:US.BlockPoints,2.19100000,2.57600000,1,13.73000000,0.00000000,2.13000000,0.00000000,0.00000000,0.71000000,4.35000000,16.07000000,122,121
1359,0,1359,AI-9,8,US,1359,BlockApportionment:US.BlockGroups;PointsLayer:US.BlockPoints,2.19100000,2.57600000,0,0.00000000,0.00000000,0.00000000,0,0.00000000,0.00000000,0,8,US,1359,BlockApportionment:US.BlockGroups;PointsLayer:US.BlockPoints,2.19100000,2.57600000,0,0.00000000,0.00000000,0.00000000,0.00000000,0.00000000,0.00000000,0.00000000,0.00000000,0,0
1360,0,1360,AJ-9,9,US,1360,BlockApportionment:US.BlockGroups;PointsLayer:US.BlockPoints,2.19100000,2.57600000,1,39.00000000,92.00000000,12.00000000,0,36.96000000,6.94000000,153,9,US,1360,BlockApportionment:US.BlockGroups;PointsLayer:US.BlockPoints,2.19100000,2.57600000,1,15.38000000,0.00000000,2.41000000,0.00000000,0.00000000,0.00000000,4.41000000,15.15000000,116,126
1361,1,1361,AK-9,10,US,1361,BlockApportionment:US.BlockGroups;PointsLayer:US.BlockPoints,2.19100000,2.57600000,1,75.00000000,150.00000000,65.00000000,219,23.33000000,2.70000000,196,10,US,1361,BlockApportionment:US.BlockGroups;PointsLayer:US.BlockPoints,2.19100000,2.57600000,1,23.40000000,8.51000000,8.19000000,50.00000000,0.90000000,2.91000000,1.71000000,17.12000000,144,145
1362,0,1362,AL-9,11,US,1362,BlockApportionment:US.BlockGroups;PointsLayer:US.BlockPoints,2.19100000,2.57600000,1,39.00000000,8.00000000,12.00000000,0,37.50000000,0.00000000,0,11,US,1362,BlockApportionment:US.BlockGroups;PointsLayer:US.BlockPoints,2.19100000,2.57600000,1,0.00000000,0.00000000,0.00000000,0.00000000,0.00000000,0.00000000,0.00000000,16.67000000,0,0
1363,0,1363,AM-9,12,US,1363,BlockApportionment:US.BlockGroups;PointsLayer:US.BlockPoints,2.19100000,2.57600000,1,40.00000000,1686.00000000,42.00000000,207,32.74000000,9.29000000,118,12,US,1363,BlockApportionment:US.BlockGroups;PointsLayer:US.BlockPoints,2.19100000,2.57600000,1,27.00000000,3.56000000,6.09000000,37.59000000,5.89000000,7.44000000,10.73000000,32.94000000,87,89
1364,1,1364,AN-9,13,US,1364,BlockApportionment:US.BlockGroups;PointsLayer:US.BlockPoints,2.19100000,2.57600000,1,34.00000000,832.00000000,66.00000000,119,22.60000000,2.85000000,153,13,US,1364,BlockApportionment:US.BlockGroups;PointsLayer:US.BlockPoints,2.19100000,2.57600000,1,27.33000000,4.33000000,4.03000000,30.77000000,0.87000000,7.44000000,3.12000000,26.41000000,125,130
1365,0,1365,AO-9,14,US,1365,BlockApportionment:US.BlockGroups;PointsLayer:US.BlockPoints,2.19100000,2.57600000,1,56.00000000,1828.00000000,77.00000000,224,22.65000000,4.33000000,130,14,US,1365,BlockApportionment:US.BlockGroups;PointsLayer:US.BlockPoints,2.19100000,2.57600000,1,16.45000000,7.07000000,8.86000000,12.58000000,1.70000000,5.35000000,4.47000000,28.55000000,105,107
1366,0,1366,AP-9,15,US,1366,BlockApportionment:US.BlockGroups;PointsLayer:US.BlockPoints,2.19100000,2.57600000,1,50.00000000,1207.00000000,68.00000000,181,16.74000000,5.67000000,158,15,US,1366,BlockApportionment:US.BlockGroups;PointsLayer:US.BlockPoints,2.19100000,2.57600000,1,28.78000000,5.71000000,7.26000000,34.67000000,15.07000000,1.41000000,5.44000000,16.29000000,127,130
1367,0,1367,AQ-9,16,US,1367,BlockApportionment:US.BlockGroups;PointsLayer:US.BlockPoints,2.19100000,2.57600000,1,55.00000000,1204.00000000,73.00000000,217,16.11000000,3.49000000,146,16,US,1367,BlockApportionment:US.BlockGroups;PointsLayer:US.BlockPoints,2.19100000,2.57600000,1,23.86000000,4.57000000,6.02000000,29.82000000,10.29000000,2.54000000,3.00000000,12.97000000,124,127
1368,0,1368,U-8,17,US,1368,BlockApportionment:US.BlockGroups;PointsLayer:US.BlockPoints,2.19100000,2.57600000,1,128.00000000,315.00000000,78.00000000,81,57.14000000,4.17000000,95,17,US,1368,BlockApportionment:US.BlockGroups;PointsLayer:US.BlockPoints,2.19100000,2.57600000,1,26.09000000,4.35000000,9.19000000,16.67000000,1.75000000,3.31000000,3.33000000,27.95000000,97,94
1369,0,1369,V-8,18,US,1369,BlockApportionment:US.BlockGroups;PointsLayer:US.BlockPoints,2.19100000,2.57600000,1,194.00000000,726.00000000,163.00000000,155,61.16000000,2.16000000,109,18,US,1369,BlockApportionment:US.BlockGroups;PointsLayer:US.BlockPoints,2.19100000,2.57600000,1,26.67000000,3.33000000,8.55000000,59.63000000,3.39000000,5.76000000,0.50000000,27.45000000,99,100
1370,0,1370,W-8,19,US,1370,BlockApportionment:US.BlockGroups;PointsLayer:US.BlockPoints,2.19100000,2.57600000,1,136.00000000,2356.00000000,141.00000000,88,80.43000000,4.56000000,100,19,US,1370,BlockApportionment:US.BlockGroups;PointsLayer:US.BlockPoints,2.19100000,2.57600000,1,38.77000000,3.16000000,14.12000000,48.79000000,6.37000000,5.73000000,4.04000000,22.66000000,89,92
1371,0,1371,X-8,20,US,1371,BlockApportionment:US.BlockGroups;PointsLayer:US.BlockPoints,2.19100000,2.57600000,1,108.00000000,2828.00000000,110.00000000,98,94.20000000,2.70000000,74,20,US,1371,BlockApportionment:US.BlockGroups;PointsLayer:US.BlockPoints,2.19100000,2.57600000,1,21.79000000,2.52000000,8.74000000,33.69000000,4.24000000,1.42000000,3.17000000,18.05000000,72,76
1372,0,1372,Y-8,21,US,1372,BlockApportionment:US.BlockGroups;PointsLayer:US.BlockPoints,2.19100000,2.57600000,1,166.00000000,1367.00000000,135.00000000,117,94.81000000,0.18000000,118,21,US,1372,BlockApportionment:US.BlockGroups;PointsLayer:US.BlockPoints,2.19100000,2.57600000,1,52.72000000,7.67000000,9.07000000,52.50000000,10.94000000,9.36000000,2.12000000,28.58000000,105,111
1373,0,1373,Z-8,22,US,1373,BlockApportionment:US.BlockGroups;PointsLayer:US.BlockPoints,2.19100000,2.57600000,1,189.00000000,1903.00000000,151.00000000,176,94.01000000,1.79000000,108,22,US,1373,BlockApportionment:US.BlockGroups;PointsLayer:US.BlockPoints,2.19100000,2.57600000,1,49.87000000,2.10000000,18.34000000,9.86000000,12.11000000,3.61000000,1.39000000,24.96000000,97,97
1374,1,1374,AA-8,23,US,1374,BlockApportionment:US.BlockGroups;PointsLayer:US.BlockPoints,2.19100000,2.57600000,1,167.00000000,3378.00000000,148.00000000,117,89.93000000,1.21000000,87,23,US,1374,BlockApportionment:US.BlockGroups;PointsLayer:US.BlockPoints,2.19100000,2.57600000,1,33.00000000,9.80000000,12.35000000,30.89000000,13.78000000,6.63000000,1.06000000,28.29000000,83,85
1375,0,1375,AB-8,24,US,1375,BlockApportionment:US.BlockGroups;PointsLayer:US.BlockPoints,2.19100000,2.57600000,1,93.00000000,3647.00000000,93.00000000,117,90.51000000,2.36000000,82,24,US,1375,BlockApportionment:US.BlockGroups;PointsLayer:US.BlockPoints,2.19100000,2.57600000,1,49.69000000,1.37000000,19.43000000,42.24000000,6.72000000,5.21000000,2.58000000,30.99000000,81,86
1376,0,1376,AC-8,25,US,1376,BlockApportionment:US.BlockGroups;PointsLayer:US.BlockPoints,2.19100000,2.57600000,1,99.00000000,3460.00000000,98.00000000,174,82.46000000,1.66000000,102,25,US,1376,BlockApportionment:US.BlockGroups;PointsLayer:US.BlockPoints,2.19100000,2.57600000,1,22.91000000,6.10000000,6.23000000,25.68000000,5.25000000,2.62000000,0.94000000,28.47000000,98,100
1377,2,1377,AD-8,26,US,1377,BlockApportionment:US.BlockGroups;PointsLayer:US.BlockPoints,2.19100000,2.57600000,1,87.00000000,1721.00000000,94.00000000,114,73.97000000,2.98000000,134,26,US,1377,BlockApportionment:US.BlockGroups;PointsLayer:US.BlockPoints,2.19100000,2.57600000,1,40.77000000,5.23000000,11.09000000,34.51000000,3.30000000,4.89000000,3.26000000,16.71000000,111,116
1378,0,1378,AE-8,27,US,1378,BlockApportionment:US.BlockGroups;PointsLayer:US.BlockPoints,2.19100000,2.57600000,1,103.00000000,1452.00000000,79.00000000,102,72.93000000,2.55000000,71,27,US,1378,BlockApportionment:US.BlockGroups;PointsLayer:US.BlockPoints,2.19100000,2.57600000,1,42.22000000,4.44000000,10.48000000,33.90000000,5.75000000,3.51000000,2.78000000,19.25000000,75,81
1379,0,1379,AF-8,28,US,1379,BlockApportionment:US.BlockGroups;PointsLayer:US.BlockPoints,2.19100000,2.57600000,1,72.00000000,1238.00000000,86.00000000,250,56.54000000,1.56000000,97,28,US,1379,BlockApportionment:US.BlockGroups;PointsLayer:US.BlockPoints,2.19100000,2.57600000,1,30.14000000,0.82000000,10.19000000,36.23000000,2.53000000,2.69000000,1.21000000,19.58000000,83,87
1380,0,1380,AG-8,29,US,1380,BlockApportionment:US.BlockGroups;PointsLayer:US.BlockPoints,2.19100000,2.57600000,1,43.00000000,187.00000000,27.00000000,74,39.04000000,6.08000000,152,29,US,1380,BlockApportionment:US.BlockGroups;PointsLayer:US.BlockPoints,2.19100000,2.57600000,1,16.95000000,0.00000000,3.86000000,0.00000000,0.00000000,0.97000000,3.49000000,16.36000000,118,116
1381,0,1381,AH-8,30,US,1381,BlockApportionment:US.BlockGroups;PointsLayer:US.BlockPoints,2.19100000,2.57600000,1,39.00000000,627.00000000,12.00000000,21,36.84000000,7.24000000,157,30,US,1381,BlockApportionment:US.BlockGroups;PointsLayer:US.BlockPoints,2.19100000,2.57600000,1,14.43000000,0.00000000,2.48000000,0.00000000,0.00000000,0.50000000,4.23000000,15.73000000,120,120
1382,0,1382,AI-8,31,US,1382,BlockApportionment:US.BlockGroups;PointsLayer:US.BlockPoints,2.19100000,2.57600000,1,39.00000000,530.00000000,12.00000000,26,36.79000000,7.27000000,157,31,US,1382,BlockApportionment:US.BlockGroups;PointsLayer:US.BlockPoints,2.19100000,2.57600000,1,14.05000000,0.00000000,2.48000000,0.00000000,0.00000000,0.57000000,4.19000000,15.79000000,119,122
1383,0,1383,AK-8,32,US,1383,BlockApportionment:US.BlockGroups;PointsLayer:US.BlockPoints,2.19100000,2.57600000,1,39.00000000,177.00000000,12.00000000,26,36.72000000,7.14000000,157,32,US,1383,BlockApportionment:US.BlockGroups;PointsLayer:US.BlockPoints,2.19100000,2.57600000,1,14.93000000,0.00000000,2.25000000,0.00000000,0.00000000,0.56000000,4.11000000,15.49000000,118,121
1384,0,1384,AM-8,33,US,1384,BlockApportionment:US.BlockGroups;PointsLayer:US.BlockPoints,2.19100000,2.57600000,1,39.00000000,35.00000000,12.00000000,0,37.14000000,6.90000000,160,33,US,1384,BlockApportionment:US.BlockGroups;PointsLayer:US.BlockPoints,2.19100000,2.57600000,1,11.11000000,0.00000000,2.94000000,0.00000000,0.00000000,0.00000000,3.70000000,14.81000000,135,136
1385,1,1385,AN-8,34,US,1385,BlockApportionment:US.BlockGroups;PointsLayer:US.BlockPoints,2.19100000,2.57600000,1,28.00000000,49.00000000,46.00000000,176,20.41000000,6.25000000,162,34,US,1385,BlockApportionment:US.BlockGroups;PointsLayer:US.BlockPoints,2.19100000,2.57600000,1,23.08000000,0.00000000,5.26000000,50.00000000,3.12000000,2.63000000,5.71000000,25.00000000,112,117
1386,0,1386,AO-8,35,US,1386,BlockApportionment:US.BlockGroups;PointsLayer:US.BlockPoints,2.19100000,2.57600000,1,22.00000000,640.00000000,45.00000000,200,21.25000000,7.33000000,157,35,US,1386,BlockApportionment:US.BlockGroups;PointsLayer:US.BlockPoints,2.19100000,2.57600000,1,19.92000000,3.59000000,4.96000000,22.73000000,1.68000000,3.01000000,7.20000000,25.68000000,119,122
1387,0,1387,V-7,36,US,1387,BlockApportionment:US.BlockGroups;PointsLayer:US.BlockPoints,2.19100000,2.57600000,1,62.00000000,1068.00000000,88.00000000,131,75.75000000,4.33000000,122,36,US,1387,BlockApportionment:US.BlockGroups;PointsLayer:US.BlockPoints,2.19100000,2.57600000,1,25.76000000,0.00000000,3.61000000,63.64000000,10.45000000,4.08000000,3.82000000,29.46000000,98,98
1388,0,1388,W-7,37,US,1388,BlockApportionment:US.BlockGroups;PointsLayer:US.BlockPoints,2.19100000,2.57600000,1,71.00000000,3499.00000000,87.00000000,102,92.60000000,2.85000000,97,37,US,1388,BlockApportionment:US.BlockGroups;PointsLayer:US.BlockPoints,2.19100000,2.57600000,1,21.16000000,3.57000000,12.59000000,32.02000000,8.43000000,2.89000000,2.73000000,23.35000000,81,84
1389,0,1389,X-7,38,US,1389,BlockApportionment:US.BlockGroups;PointsLayer:US.BlockPoints,2.19100000,2.57600000,1,77.00000000,2602.00000000,84.00000000,162,91.66000000,1.04000000,63,38,US,1389,BlockApportionment:US.BlockGroups;PointsLayer:US.BlockPoints,2.19100000,2.57600000,1,35.12000000,13.03000000,19.14000000,38.72000000,6.87000000,5.21000000,0.85000000,28.15000000,85,89
1390,0,1390,Y-7,39,US,1390,BlockApportionment:US.BlockGroups;PointsLayer:US.BlockPoints,2.19100000,2.57600000,1,120.00000000,1405.00000000,93.00000000,174,90.75000000,1.72000000,51,39,US,1390,BlockApportionment:US.BlockGroups;PointsLayer:US.BlockPoints,2.19100000,2.57600000,1,47.36000000,3.96000000,13.57000000,37.93000000,2.87000000,4.24000000,1.66000000,15.30000000,62,64
1391,0,1391,Z-7,40,US,1391,BlockApportionment:US.BlockGroups;PointsLayer:US.BlockPoints,2.19100000,2.57600000,1,141.00000000,1624.00000000,114.00000000,145,90.76000000,1.53000000,145,40,US,1391,BlockApportionment:US.BlockGroups;PointsLayer:US.BlockPoints,2.19100000,2.57600000,1,42.54000000,1.38000000,10.94000000,32.61000000,3.98000000,1.94000000,1.19000000,27.15000000,124,128
1392,0,1392,AA-7,41,US,1392,BlockApportionment:US.BlockGroups;PointsLayer:US.BlockPoints,2.19100000,2.57600000,1,155.00000000,2970.00000000,148.00000000,110,91.62000000,3.35000000,112,41,US,1392,BlockApportionment:US.BlockGroups;PointsLayer:US.BlockPoints,2.19100000,2.57600000,1,44.64000000,2.72000000,16.63000000,35.33000000,7.61000000,3.06000000,2.26000000,30.09000000,104,109
1393,1,1393,AB-7,42,US,1393,BlockApportionment:US.BlockGroups;PointsLayer:US.BlockPoints,2.19100000,2.57600000,1,148.00000000,1939.00000000,129.00000000,131,84.94000000,1.61000000,106,42,US,1393,BlockApportionment:US.BlockGroups;PointsLayer:US.BlockPoints,2.19100000,2.57600000,1,37.34000000,1.50000000,13.60000000,31.79000000,6.28000000,3.28000000,1.39000000,24.87000000,113,120
1394,0,1394,AC-7,43,US,1394,BlockApportionment:US.BlockGroups;PointsLayer:US.BlockPoints,2.19100000,2.57600000,1,70.00000000,2434.00000000,84.00000000,81,71.98000000,3.21000000,106,43,US,1394,BlockApportionment:US.BlockGroups;PointsLayer:US.BlockPoints,2.19100000,2.57600000,1,33.87000000,8.06000000,13.30000000,27.49000000,5.99000000,2.31000000,2.07000000,26.02000000,101,106
1395,0,1395,AD-7,44,US,1395,BlockApportionment:US.BlockGroups;PointsLayer:US.BlockPoints,2.19100000,2.57600000,1,55.00000000,1910.00000000,83.00000000,81,74.14000000,2.51000000,140,44,US,1395,BlockApportionment:US.BlockGroups;PointsLayer:US.BlockPoints,2.19100000,2.57600000,1,42.91000000,5.06000000,11.41000000,38.96000000,5.54000000,6.68000000,1.69000000,21.61000000,124,130
1396,0,1396,AE-7,45,US,1396,BlockApportionment:US.BlockGroups;PointsLayer:US.BlockPoints,2.19100000,2.57600000,1,70.00000000,2158.00000000,90.00000000,195,63.39000000,2.27000000,118,45,US,1396,BlockApportionment:US.BlockGroups;PointsLayer:US.BlockPoints,2.19100000,2.57600000,1,33.88000000,2.48000000,11.57000000,49.54000000,2.07000000,3.35000000,2.26000000,17.02000000,98,101
1397,0,1397,AF-7,46,US,1397,BlockApportionment:US.BlockGroups;PointsLayer:US.BlockPoints,2.19100000,2.57600000,1,18.00000000,272.00000000,40.00000000,60,25.00000000,13.85000000,139,46,US,1397,BlockApportionment:US.BlockGroups;PointsLayer:US.BlockPoints,2.19100000,2.57600000,1,22.99000000,4.60000000,1.75000000,0.00000000,5.99000000,1.75000000,9.04000000,16.17000000,92,92
1398,0,1398,AG-7,47,US,1398,BlockApportionment:US.BlockGroups;PointsLayer:US.BlockPoints,2.19100000,2.57600000,1,54.00000000,755.00000000,66.00000000,224,44.90000000,2.83000000,136,47,US,1398,BlockApportionment:US.BlockGroups;PointsLayer:US.BlockPoints,2.19100000,2.57600000,1,21.74000000,0.00000000,7.91000000,3.70000000,0.85000000,2.01000000,2.01000000,17.72000000,108,111
1399,0,1399,AM-7,48,US,1399,BlockApportionment:US.BlockGroups;PointsLayer:US.BlockPoints,2.19100000,2.57600000,1,0.00000000,0.00000000,0.00000000,0,0.00000000,0.00000000,0,48,US,1399,BlockApportionment:US.BlockGroups;PointsLayer:US.BlockPoints,2.19100000,2.57600000,1,0.00000000,0.00000000,0.00000000,0.00000000,0.00000000,0.00000000,0.00000000,0.00000000,0,0
1400,0,1400,AN-7,49,US,1400,BlockApportionment:US.BlockGroups;PointsLayer:US.BlockPoints,2.19100000,2.57600000,1,0.00000000,0.00000000,0.00000000,0,0.00000000,0.00000000,0,49,US,1400,BlockApportionment:US.BlockGroups;PointsLayer:US.BlockPoints,2.19100000,2.57600000,1,0.00000000,0.00000000,0.00000000,0.00000000,0.00000000,0.00000000,0.00000000,0.00000000,0,0
1401,0,1401,AO-7,0,US,1401,BlockApportionment:US.BlockGroups;PointsLayer:US.BlockPoints,2.19100000,2.57600000,1,0.00000000,0.00000000,0.00000000,0,0.00000000,0.00000000,0,0,US,1401,BlockApportionment:US.BlockGroups;PointsLayer:US.BlockPoints,2.19100000,2.57600000,1,0.00000000,0.00000000,0.00000000,0.00000000,0.00000000,0.00000000,0.00000000,0.00000000,0,0
1402,0,1402,U-6,1,US,1402,BlockApportionment:US.BlockGroups;PointsLayer:US.BlockPoints,2.19100000,2.57600000,1,94.00000000,393.00000000,122.00000000,114,57.51000000,1.00000000,160,1,US,1402,BlockApportionment:US.BlockGroups;PointsLayer:US.BlockPoints,2.19100000,2.57600000,1,18.89000000,0.00000000,7.72000000,35.71000000,20.63000000,2.47000000,1.41000000,9.87000000,126,123
1403,0,1403,V-6,2,US,1403,BlockApportionment:US.BlockGroups;PointsLayer:US.BlockPoints,2.19100000,2.57600000,1,73.00000000,3168.00000000,108.00000000,55,82.51000000,2.37000000,117,2,US,1403,BlockApportionment:US.BlockGroups;PointsLayer:US.BlockPoints,2.19100000,2.57600000,1,28.50000000,7.76000000,9.62000000,25.41000000,7.30000000,4.14000000,1.57000000,23.59000000,102,107
1404,0,1404,W-6,3,US,1404,BlockApportionment:US.BlockGroups;PointsLayer:US.BlockPoints,2.19100000,2.57600000,1,79.00000000,3019.00000000,111.00000000,55,87.31000000,2.52000000,83,3,US,1404,BlockApportionment:US.BlockGroups;PointsLayer:US.BlockPoints,2.19100000,2.57600000,1,32.54000000,6.59000000,16.36000000,39.05000000,4.49000000,3.98000000,2.44000000,25.16000000,73,78
1405,0,1405,X-6,4,US,1405,BlockApportionment:US.BlockGroups;PointsLayer:US.BlockPoints,2.19100000,2.57600000,1,50.00000000,2752.00000000,66.00000000,81,87.57000000,1.20000000,108,4,US,1405,BlockApportionment:US.BlockGroups;PointsLayer:US.BlockPoints,2.19100000,2.57600000,1,21.11000000,4.58000000,4.51000000,23.19000000,11.26000000,8.21000000,1.02000000,27.23000000,108,114
1406,0,1406,Y-6,5,US,1406,BlockApportionment:US.BlockGroups;PointsLayer:US.BlockPoints,2.19100000,2.57600000,1,60.00000000,2903.00000000,72.00000000,43,91.18000000,1.76000000,115,5,US,1406,BlockApportionment:US.BlockGroups;PointsLayer:US.BlockPoints,2.19100000,2.57600000,1,31.57000000,3.32000000,8.98000000,54.95000000,10.17000000,3.45000000,1.88000000,24.30000000,106,114
1407,0,1407,Z-6,6,US,1407,BlockApportionment:US.BlockGroups;PointsLayer:US.BlockPoints,2.19100000,2.57600000,1,70.00000000,2784.00000000,78.00000000,81,92.71000000,0.95000000,126,6,US,1407,BlockApportionment:US.BlockGroups;PointsLayer:US.BlockPoints,2.19100000,2.57600000,1,23.25000000,0.53000000,12.99000000,37.50000000,4.48000000,7.06000000,1.03000000,29.65000000,120,125
1408,0,1408,AA-6,7,US,1408,BlockApportionment:US.BlockGroups;PointsLayer:US.BlockPoints,2.19100000,2.57600000,1,158.00000000,1508.00000000,134.00000000,140,89.66000000,0.69000000,129,7,US,1408,BlockApportionment:US.BlockGroups;PointsLayer:US.BlockPoints,2.19100000,2.57600000,1,33.62000000,0.00000000,9.77000000,36.49000000,4.06000000,1.54000000,0.83000000,25.47000000,133,138
1409,0,1409,AB-6,8,US,1409,BlockApportionment:US.BlockGroups;PointsLayer:US.BlockPoints,2.19100000,2.57600000,1,88.00000000,8.00000000,39.00000000,0,50.00000000,9.09000000,0,8,US,1409,BlockApportionment:US.BlockGroups;PointsLayer:US.BlockPoints,2.19100000,2.57600000,1,0.00000000,0.00000000,13.33000000,0.00000000,0.00000000,6.67000000,7.69000000,33.33000000,0,0
1410,0,1410,AC-6,9,US,1410,BlockApportionment:US.BlockGroups;PointsLayer:US.BlockPoints,2.19100000,2.57600000,1,27.00000000,668.00000000,44.00000000,88,77.84000000,0.49000000,117,9,US,1410,BlockApportionment:US.BlockGroups;PointsLayer:US.BlockPoints,2.19100000,2.57600000,1,44.00000000,4.00000000,12.17000000,37.93000000,3.91000000,4.10000000,0.16000000,28.71000000,108,116
1411,0,1411,T-5,10,US,1411,BlockApportionment:US.BlockGroups;PointsLayer:US.BlockPoints,2.19100000,2.57600000,1,226.00000000,1139.00000000,179.00000000,33,81.04000000,4.63000000,97,10,US,1411,BlockApportionment:US.BlockGroups;PointsLayer:US.BlockPoints,2.19100000,2.57600000,1,35.53000000,1.72000000,9.01000000,39.88000000,8.61000000,3.28000000,6.51000000,15.21000000,98,107
1412,0,1412,U-5,11,US,1412,BlockApportionment:US.BlockGroups;PointsLayer:US.BlockPoints,2.19100000,2.57600000,1,211.00000000,1479.00000000,194.00000000,45,79.24000000,1.64000000,98,11,US,1412,BlockApportionment:US.BlockGroups;PointsLayer:US.BlockPoints,2.19100000,2.57600000,1,20.85000000,13.62000000,14.23000000,13.87000000,9.67000000,8.07000000,1.37000000,13.54000000,104,105
1413,2,1413,V-5,12,US,1413,BlockApportionment:US.BlockGroups;PointsLayer:US.BlockPoints,2.19100000,2.57600000,1,150.00000000,3099.00000000,151.00000000,162,87.74000000,3.15000000,107,12,US,1413,BlockApportionment:US.BlockGroups;PointsLayer:US.BlockPoints,2.19100000,2.57600000,1,19.94000000,10.28000000,24.16000000,31.21000000,6.34000000,6.75000000,3.48000000,24.72000000,95,99
1414,0,1414,W-5,13,US,1414,BlockApportionment:US.BlockGroups;PointsLayer:US.BlockPoints,2.19100000,2.57600000,1,65.00000000,3353.00000000,94.00000000,93,85.45000000,3.76000000,111,13,US,1414,BlockApportionment:US.BlockGroups;PointsLayer:US.BlockPoints,2.19100000,2.57600000,1,26.28000000,1.91000000,12.56000000,48.62000000,2.53000000,4.73000000,3.69000000,20.21000000,92,98
1415,0,1415,X-5,14,US,1415,BlockApportionment:US.BlockGroups;PointsLayer:US.BlockPoints,2.19100000,2.57600000,1,117.00000000,2804.00000000,129.00000000,86,91.01000000,2.62000000,111,14,US,1415,BlockApportionment:US.BlockGroups;PointsLayer:US.BlockPoints,2.19100000,2.57600000,1,46.05000000,3.19000000,8.87000000,23.48000000,7.99000000,5.40000000,2.30000000,22.30000000,102,111
1416,0,1416,Y-5,15,US,1416,BlockApportionment:US.BlockGroups;PointsLayer:US.BlockPoints,2.19100000,2.57600000,1,43.00000000,3598.00000000,60.00000000,81,89.58000000,4.34000000,137,15,US,1416,BlockApportionment:US.BlockGroups;PointsLayer:US.BlockPoints,2.19100000,2.57600000,1,30.51000000,4.23000000,7.32000000,35.86000000,7.41000000,4.34000000,2.82000000,26.01000000,119,124
1417,0,1417,Z-5,16,US,1417,BlockApportionment:US.BlockGroups;PointsLayer:US.BlockPoints,2.19100000,2.57600000,1,52.00000000,3286.00000000,59.00000000,88,80.25000000,2.13000000,134,16,US,1417,BlockApportionment:US.BlockGroups;PointsLayer:US.BlockPoints,2.19100000,2.57600000,1,29.47000000,7.22000000,17.81000000,42.79000000,4.37000000,2.81000000,1.77000000,20.61000000,115,116
1418,0,1418,AA-5,17,US,1418,BlockApportionment:US.BlockGroups;PointsLayer:US.BlockPoints,2.19100000,2.57600000,1,106.00000000,1782.00000000,104.00000000,100,81.37000000,5.11000000,91,17,US,1418,BlockApportionment:US.BlockGroups;PointsLayer:US.BlockPoints,2.19100000,2.57600000,1,35.46000000,8.17000000,31.04000000,45.93000000,14.44000000,5.36000000,1.04000000,29.94000000,83,89
1419,0,1419,R-4,18,US,1419,BlockApportionment:US.BlockGroups;PointsLayer:US.BlockPoints,2.19100000,2.57600000,1,0.00000000,0.00000000,0.00000000,0,0.00000000,0.00000000,0,18,US,1419,BlockApportionment:US.BlockGroups;PointsLayer:US.BlockPoints,2.19100000,2.57600000,1,0.00000000,0.00000000,0.00000000,0.00000000,0.00000000,0.00000000,0.00000000,0.00000000,0,0
1420,0,1420,S-4,19,US,1420,BlockApportionment:US.BlockGroups;PointsLayer:US.BlockPoints,2.19100000,2.57600000,1,0.00000000,0.00000000,0.00000000,0,0.00000000,0.00000000,0,19,US,1420,BlockApportionment:US.BlockGroups;PointsLayer:US.BlockPoints,2.19100000,2.57600000,1,0.00000000,0.00000000,0.00000000,0.00000000,0.00000000,0.00000000,0.00000000,0.00000000,0,0
1421,0,1421,T-4,20,US,1421,BlockApportionment:US.BlockGroups;PointsLayer:US.BlockPoints,2.19100000,2.57600000,1,195.00000000,922.00000000,147.00000000,29,79.39000000,1.90000000,113,20,US,1421,BlockApportionment:US.BlockGroups;PointsLayer:US.BlockPoints,2.19100000,2.57600000,1,30.30000000,1.30000000,13.71000000,60.76000000,9.48000000,4.61000000,4.03000000,17.35000000,113,118
1422,1,1422,U-4,21,US,1422,BlockApportionment:US.BlockGroups;PointsLayer:US.BlockPoints,2.19100000,2.57600000,1,146.00000000,2203.00000000,126.00000000,67,84.70000000,5.32000000,89,21,US,1422,BlockApportionment:US.BlockGroups;PointsLayer:US.BlockPoints,2.19100000,2.57600000,1,32.68000000,2.96000000,12.52000000,37.35000000,7.24000000,7.01000000,6.20000000,21.93000000,83,89
1423,0,1423,V-4,22,US,1423,BlockApportionment:US.BlockGroups;PointsLayer:US.BlockPoints,2.19100000,2.57600000,1,134.00000000,1716.00000000,133.00000000,62,87.94000000,5.84000000,98,22,US,1423,BlockApportionment:US.BlockGroups;PointsLayer:US.BlockPoints,2.19100000,2.57600000,1,39.24000000,8.25000000,14.22000000,39.31000000,14.11000000,10.48000000,4.11000000,27.22000000,92,97
1424,0,1424,W-4,23,US,1424,BlockApportionment:US.BlockGroups;PointsLayer:US.BlockPoints,2.19100000,2.57600000,1,110.00000000,2810.00000000,129.00000000,88,91.14000000,2.00000000,104,23,US,1424,BlockApportionment:US.BlockGroups;PointsLayer:US.BlockPoints,2.19100000,2.57600000,1,38.00000000,3.50000000,8.59000000,16.50000000,11.86000000,8.35000000,3.55000000,21.05000000,96,100
1425,0,1425,X-4,24,US,1425,BlockApportionment:US.BlockGroups;PointsLayer:US.BlockPoints,2.19100000,2.57600000,1,70.00000000,3275.00000000,76.00000000,88,86.41000000,1.59000000,89,24,US,1425,BlockApportionment:US.BlockGroups;PointsLayer:US.BlockPoints,2.19100000,2.57600000,1,32.37000000,10.75000000,25.81000000,32.18000000,9.36000000,4.22000000,1.85000000,27.62000000,76,79
1426,0,1426,Y-4,25,US,1426,BlockApportionment:US.BlockGroups;PointsLayer:US.BlockPoints,2.19100000,2.57600000,1,53.00000000,5342.00000000,46.00000000,136,83.98000000,3.93000000,76,25,US,1426,BlockApportionment:US.BlockGroups;PointsLayer:US.BlockPoints,2.19100000,2.57600000,1,37.12000000,7.41000000,17.55000000,38.26000000,9.23000000,4.51000000,3.11000000,23.64000000,79,82
1427,4,1427,Z-4,26,US,1427,BlockApportionment:US.BlockGroups;PointsLayer:US.BlockPoints,2.19100000,2.57600000,1,70.00000000,1993.00000000,67.00000000,160,75.82000000,1.97000000,136,26,US,1427,BlockApportionment:US.BlockGroups;PointsLayer:US.BlockPoints,2.19100000,2.57600000,1,21.27000000,2.19000000,9.33000000,40.00000000,2.32000000,5.53000000,2.75000000,24.65000000,123,127
1428,0,1428,AA-4,27,US,1428,BlockApportionment:US.BlockGroups;PointsLayer:US.BlockPoints,2.19100000,2.57600000,1,88.00000000,2205.00000000,76.00000000,86,75.37000000,6.31000000,152,27,US,1428,BlockApportionment:US.BlockGroups;PointsLayer:US.BlockPoints,2.19100000,2.57600000,1,31.18000000,1.49000000,10.51000000,39.06000000,10.42000000,4.18000000,5.23000000,25.41000000,120,123
1429,0,1429,R-3,28,US,1429,BlockApportionment:US.BlockGroups;PointsLayer:US.BlockPoints,2.19100000,2.57600000,1,105.00000000,537.00000000,100.00000000,29,57.36000000,2.51000000,136,28,US,1429,BlockApportionment:US.BlockGroups;PointsLayer:US.BlockPoints,2.19100000,2.57600000,1,11.84000000,1.32000000,10.55000000,0.00000000,3.09000000,1.51000000,2.28000000,9.50000000,100,95
1430,0,1430,S-3,29,US,1430,BlockApportionment:US.BlockGroups;PointsLayer:US.BlockPoints,2.19100000,2.57600000,1,95.00000000,588.00000000,103.00000000,429,73.47000000,3.69000000,126,29,US,1430,BlockApportionment:US.BlockGroups;PointsLayer:US.BlockPoints,2.19100000,2.57600000,1,28.18000000,2.73000000,11.38000000,34.29000000,3.44000000,6.96000000,2.39000000,29.89000000,89,92
1431,0,1431,T-3,30,US,1431,BlockApportionment:US.BlockGroups;PointsLayer:US.BlockPoints,2.19100000,2.57600000,1,98.00000000,920.00000000,90.00000000,207,75.54000000,2.16000000,112,30,US,1431,BlockApportionment:US.BlockGroups;PointsLayer:US.BlockPoints,2.19100000,2.57600000,1,24.50000000,2.81000000,17.48000000,57.89000000,5.35000000,8.41000000,1.37000000,26.92000000,100,101
1432,0,1432,U-3,31,US,1432,BlockApportionment:US.BlockGroups;PointsLayer:US.BlockPoints,2.19100000,2.57600000,1,118.00000000,1110.00000000,93.00000000,74,83.06000000,1.51000000,123,31,US,1432,BlockApportionment:US.BlockGroups;PointsLayer:US.BlockPoints,2.19100000,2.57600000,1,28.96000000,2.32000000,17.62000000,60.26000000,8.50000000,8.02000000,2.55000000,26.83000000,107,107
1433,0,1433,V-3,32,US,1433,BlockApportionment:US.BlockGroups;PointsLayer:US.BlockPoints,2.19100000,2.57600000,1,103.00000000,1925.00000000,120.00000000,79,76.88000000,2.18000000,126,32,US,1433,BlockApportionment:US.BlockGroups;PointsLayer:US.BlockPoints,2.19100000,2.57600000,1,38.02000000,1.58000000,5.21000000,15.28000000,5.26000000,8.76000000,2.95000000,23.09000000,109,116
1434,0,1434,W-3,33,US,1434,BlockApportionment:US.BlockGroups;PointsLayer:US.BlockPoints,2.19100000,2.57600000,1,76.00000000,824.00000000,103.00000000,40,80.58000000,1.14000000,102,33,US,1434,BlockApportionment:US.BlockGroups;PointsLayer:US.BlockPoints,2.19100000,2.57600000,1,32.22000000,13.81000000,25.83000000,9.80000000,18.31000000,2.61000000,1.62000000,15.53000000,92,97
1435,0,1435,X-3,34,US,1435,BlockApportionment:US.BlockGroups;PointsLayer:US.BlockPoints,2.19100000,2.57600000,1,58.00000000,3076.00000000,69.00000000,174,80.59000000,0.86000000,106,34,US,1435,BlockApportionment:US.BlockGroups;PointsLayer:US.BlockPoints,2.19100000,2.57600000,1,28.12000000,9.63000000,14.93000000,9.45000000,16.10000000,4.15000000,1.25000000,21.02000000,92,93
1436,0,1436,Y-3,35,US,1436,BlockApportionment:US.BlockGroups;PointsLayer:US.BlockPoints,2.19100000,2.57600000,1,57.00000000,2488.00000000,65.00000000,69,86.17000000,0.12000000,82,35,US,1436,BlockApportionment:US.BlockGroups;PointsLayer:US.BlockPoints,2.19100000,2.57600000,1,34.57000000,1.93000000,30.88000000,30.78000000,11.74000000,5.32000000,1.17000000,28.80000000,76,76
1437,0,1437,Z-3,36,US,1437,BlockApportionment:US.BlockGroups;PointsLayer:US.BlockPoints,2.19100000,2.57600000,1,66.00000000,2580.00000000,90.00000000,124,83.99000000,3.25000000,135,36,US,1437,BlockApportionment:US.BlockGroups;PointsLayer:US.BlockPoints,2.19100000,2.57600000,1,32.75000000,0.78000000,11.88000000,28.57000000,4.95000000,4.20000000,3.97000000,22.56000000,116,119
1438,0,1438,R-2,37,US,1438,BlockApportionment:US.BlockGroups;PointsLayer:US.BlockPoints,2.19100000,2.57600000,1,105.00000000,368.00000000,100.00000000,31,57.34000000,2.48000000,136,37,US,1438,BlockApportionment:US.BlockGroups;PointsLayer:US.BlockPoints,2.19100000,2.57600000,1,12.32000000,1.45000000,10.37000000,0.00000000,3.02000000,1.60000000,2.25000000,9.73000000,99,93
1439,3,1439,S-2,38,US,1439,BlockApportionment:US.BlockGroups;PointsLayer:US.BlockPoints,2.19100000,2.57600000,1,101.00000000,535.00000000,100.00000000,110,61.12000000,2.67000000,134,38,US,1439,BlockApportionment:US.BlockGroups;PointsLayer:US.BlockPoints,2.19100000,2.57600000,1,15.49000000,1.41000000,10.82000000,13.64000000,3.06000000,2.80000000,2.24000000,14.59000000,97,94
1440,0,1440,T-2,39,US,1440,BlockApportionment:US.BlockGroups;PointsLayer:US.BlockPoints,2.19100000,2.57600000,1,101.00000000,827.00000000,100.00000000,117,61.55000000,2.77000000,134,39,US,1440,BlockApportionment:US.BlockGroups;PointsLayer:US.BlockPoints,2.19100000,2.57600000,1,16.02000000,1.56000000,10.82000000,17.07000000,3.15000000,3.09000000,2.14000000,15.14000000,97,94
1441,1,1441,U-2,40,US,1441,BlockApportionment:US.BlockGroups;PointsLayer:US.BlockPoints,2.19100000,2.57600000,1,96.00000000,1840.00000000,96.00000000,93,74.08000000,2.44000000,121,40,US,1441,BlockApportionment:US.BlockGroups;PointsLayer:US.BlockPoints,2.19100000,2.57600000,1,32.26000000,2.51000000,11.51000000,44.52000000,6.34000000,9.21000000,2.44000000,23.35000000,107,110
1442,0,1442,V-2,41,US,1442,BlockApportionment:US.BlockGroups;PointsLayer:US.BlockPoints,2.19100000,2.57600000,1,90.00000000,642.00000000,104.00000000,76,71.96000000,3.48000000,126,41,US,1442,BlockApportionment:US.BlockGroups;PointsLayer:US.BlockPoints,2.19100000,2.57600000,1,40.58000000,2.42000000,3.57000000,18.87000000,5.83000000,9.08000000,3.51000000,21.91000000,109,114
1443,0,1443,W-2,42,US,1443,BlockApportionment:US.BlockGroups;PointsLayer:US.BlockPoints,2.19100000,2.57600000,1,71.00000000,2247.00000000,97.00000000,17,76.55000000,2.00000000,129,42,US,1443,BlockApportionment:US.BlockGroups;PointsLayer:US.BlockPoints,2.19100000,2.57600000,1,30.90000000,4.87000000,2.98000000,12.58000000,4.23000000,5.24000000,1.54000000,17.66000000,117,121
1444,0,1444,X-2,43,US,1444,BlockApportionment:US.BlockGroups;PointsLayer:US.BlockPoints,2.19100000,2.57600000,1,66.00000000,815.00000000,63.00000000,57,74.72000000,5.11000000,161,43,US,1444,BlockApportionment:US.BlockGroups;PointsLayer:US.BlockPoints,2.19100000,2.57600000,1,45.75000000,7.55000000,4.07000000,37.29000000,5.40000000,1.49000000,4.65000000,30.11000000,130,134
1445,0,1445,Y-2,44,US,1445,BlockApportionment:US.BlockGroups;PointsLayer:US.BlockPoints,2.19100000,2.57600000,1,57.00000000,1431.00000000,68.00000000,86,74.84000000,5.14000000,170,44,US,1445,BlockApportionment:US.BlockGroups;PointsLayer:US.BlockPoints,2.19100000,2.57600000,1,39.33000000,4.49000000,5.41000000,25.37000000,7.61000000,1.78000000,6.08000000,23.50000000,137,137
1446,0,1446,U-1,45,US,1446,BlockApportionment:US.BlockGroups;PointsLayer:US.BlockPoints,2.19100000,2.57600000,1,91.00000000,695.00000000,105.00000000,79,71.80000000,3.50000000,126,45,US,1446,BlockApportionment:US.BlockGroups;PointsLayer:US.BlockPoints,2.19100000,2.57600000,1,41.25000000,2.33000000,3.74000000,18.18000000,6.03000000,9.50000000,3.75000000,22.54000000,108,114
1447,0,1447,W-1,46,US,1447,BlockApportionment:US.BlockGroups;PointsLayer:US.BlockPoints,2.19100000,2.57600000,1,0.00000000,0.00000000,0.00000000,0,0.00000000,0.00000000,0,46,US,1447,BlockApportionment:US.BlockGroups;PointsLayer:US.BlockPoints,2.19100000,2.57600000,1,0.00000000,0.00000000,0.00000000,0.00000000,0.00000000,0.00000000,0.00000000,0.00000000,0,0
1448,0,1448,Y-1,47,US,1448,BlockApportionment:US.BlockGroups;PointsLayer:US.BlockPoints,2.19100000,2.57600000,1,34.00000000,693.00000000,53.00000000,162,66.09000000,9.48000000,176,47,US,1448,BlockApportionment:US.BlockGroups;PointsLayer:US.BlockPoints,2.19100000,2.57600000,1,35.85000000,4.15000000,7.02000000,16.67000000,12.75000000,2.64000000,9.36000000,19.42000000,130,130
