source_run,latitude,longitude,address,heading,filename,tent_prediction_count,max_conf,classes_seen
api_test_workflow_v2_5pct_2026-04-25,33.9899801558,-118.29168821,"5717 S VERMONT AVE, 90037",90,33.9899801558_-118.29168821_90.jpg,2,0.6092,tent
api_test_workflow_v2_5pct_2026-04-25,34.0776050666,-118.2886588,"3766 W OAKWOOD AVE, 90004",0,34.0776050666_-118.2886588_0.jpg,1,0.8522,tent
api_test_workflow_v2_5pct_2026-04-25,34.0851757123,-118.333793017,"6360 W WARING AVE, 90038",90,34.0851757123_-118.333793017_90.jpg,1,0.6955,tent
api_test_workflow_v2_5pct_2026-04-25,34.0191933226,-118.271169292,"125 E 33RD ST, 90011",270,34.0191933226_-118.271169292_270.jpg,1,0.807,tent
api_test_workflow_v2_5pct_2026-04-25,34.0300407414,-118.387561848,"8877 W VENICE BLVD, 90034",270,34.0300407414_-118.387561848_270.jpg,1,0.6105,tent
api_test_workflow_v2_5pct_2026-04-25,34.0285034981,-118.249820631,"1100 E 14TH PL, 90021",0,34.0285034981_-118.249820631_0.jpg,2,0.6477,tent
api_test_workflow_v2_5pct_2026-04-25,34.0285034981,-118.249820631,"1100 E 14TH PL, 90021",270,34.0285034981_-118.249820631_270.jpg,2,0.7597,tent
api_test_workflow_v2_5pct_2026-04-25,33.9961997491,-118.475142648,"334 S 3RD AVE, 90291",0,33.9961997491_-118.475142648_0.jpg,1,0.7588,tent
api_test_workflow_v2_5pct_2026-04-25,33.9961997491,-118.475142648,"334 S 3RD AVE, 90291",90,33.9961997491_-118.475142648_90.jpg,1,0.7746,tent
api_test_workflow_v2_5pct_2026-04-25,34.0668384191,-118.23210546,"1418 N NORTH SPRING ST, 90012",180,34.0668384191_-118.23210546_180.jpg,1,0.782,tent
api_test_workflow_v2_5pct_2026-04-25,34.0756761771,-118.220782227,"141 N AVENUE 21, 90031",0,34.0756761771_-118.220782227_0.jpg,1,0.6938,tent
api_test_workflow_v2_5pct_2026-04-25,33.9360205635,-118.291388445,"10962 S VERMONT AVE, 90044",270,33.9360205635_-118.291388445_270.jpg,1,0.6852,tent
api_test_workflow_v2_5pct_2026-04-25,34.0546455981,-118.41819594,"2048 S FOX HILLS DR, 90025",0,34.0546455981_-118.41819594_0.jpg,1,0.7538,tent
api_test_workflow_v2_5pct_2026-04-25,33.9737450039,-118.283294961,"533 W 73RD ST, 90044",90,33.9737450039_-118.283294961_90.jpg,2,0.7916,tent
api_test_workflow_v2_5pct_2026-04-25,34.0764380053,-118.300969178,"4221 W BEVERLY BLVD, 90004",90,34.0764380053_-118.300969178_90.jpg,1,0.7027,tent
api_test_workflow_v2_5pct_2026-04-25,34.2155526337,-118.386230704,"11650 W STRATHERN ST, 91605",90,34.2155526337_-118.386230704_90.jpg,1,0.7482,tent
api_test_workflow_v2_5pct_2026-04-25,34.0207664332,-118.245586497,"1918 S TARLETON ST, 90011",0,34.0207664332_-118.245586497_0.jpg,1,0.8477,tent
api_test_workflow_v2_5pct_2026-04-25,34.0207664332,-118.245586497,"1918 S TARLETON ST, 90011",90,34.0207664332_-118.245586497_90.jpg,1,0.773,tent
api_test_workflow_v2_5pct_2026-04-25,33.9356757528,-118.291112783,"848 W 110TH ST, 90044",90,33.9356757528_-118.291112783_90.jpg,1,0.7184,tent
api_test_workflow_v2_5pct_2026-04-25,33.9356757528,-118.291112783,"848 W 110TH ST, 90044",270,33.9356757528_-118.291112783_270.jpg,1,0.8292,tent
api_test_workflow_v2_5pct_2026-04-25,34.0433873987,-118.24748995,"260 E 6TH ST, 90014",90,34.0433873987_-118.24748995_90.jpg,2,0.6776,tent
api_test_workflow_v2_5pct_2026-04-25,33.958828337,-118.448233169,"200 E CULVER BLVD, 90293",270,33.958828337_-118.448233169_270.jpg,1,0.6118,tent
api_test_workflow_v2_5pct_2026-04-25,34.0364269951,-118.435837854,"11110 W PICO BLVD, 90064",0,34.0364269951_-118.435837854_0.jpg,1,0.6527,tent
api_test_workflow_v2_5pct_2026-04-25,34.0663366414,-118.269241404,"104 N MOUNTAIN VIEW AVE, 90026",90,34.0663366414_-118.269241404_90.jpg,1,0.7842,tent
api_test_workflow_v2_5pct_2026-04-25,33.9785548122,-118.461942796,"3526 S VIA DOLCE, 90292",0,33.9785548122_-118.461942796_0.jpg,1,0.8452,tent
api_test_workflow_v2_5pct_2026-04-25,33.9785548122,-118.461942796,"3526 S VIA DOLCE, 90292",270,33.9785548122_-118.461942796_270.jpg,1,0.7318,tent
api_test_workflow_v2_5pct_2026-04-25,34.1671383556,-118.583969214,"20639 W VENTURA BLVD, 91364",270,34.1671383556_-118.583969214_270.jpg,1,0.6219,tent
api_test_workflow_v2_5pct_2026-04-25,34.0443618675,-118.292862417,"1727 W VENICE BLVD, 90006",90,34.0443618675_-118.292862417_90.jpg,1,0.6818,tent
api_test_workflow_v2_5pct_2026-04-25,34.0442977883,-118.241897184,"418 S CROCKER ST, 90013",0,34.0442977883_-118.241897184_0.jpg,1,0.7217,tent
api_test_workflow_v2_5pct_2026-04-25,34.0442977883,-118.241897184,"418 S CROCKER ST, 90013",270,34.0442977883_-118.241897184_270.jpg,1,0.6362,tent
api_test_workflow_v2_5pct_2026-04-25,34.101840122,-118.317809656,"5873 W HOLLYWOOD BLVD, 90028",90,34.101840122_-118.317809656_90.jpg,1,0.6633,tent
api_test_workflow_v2_5pct_2026-04-25,34.101840122,-118.317809656,"5873 W HOLLYWOOD BLVD, 90028",180,34.101840122_-118.317809656_180.jpg,1,0.6238,tent
api_test_workflow_v2_5pct_2026-04-25,34.0716085614,-118.366006828,"309 S CRESCENT HEIGHTS BLVD, 90048",0,34.0716085614_-118.366006828_0.jpg,1,0.8944,tent
api_test_workflow_v2_5pct_2026-04-25,34.0497227559,-118.437993969,"10885 W SANTA MONICA BLVD, 90025",0,34.0497227559_-118.437993969_0.jpg,1,0.6611,tent
api_test_workflow_v2_5pct_2026-04-25,34.0561492891,-118.294322227,"863 S BERENDO ST, 90005",0,34.0561492891_-118.294322227_0.jpg,1,0.6871,tent
api_test_workflow_v2_5pct_2026-04-25,34.0642251574,-118.248871436,"511 N CUSTER AVE, 90012",270,34.0642251574_-118.248871436_270.jpg,1,0.7045,tent
api_test_workflow_v2_5pct_2026-04-25,33.9248239155,-118.254012511,"1200 E 119TH ST, 90059",0,33.9248239155_-118.254012511_0.jpg,1,0.7386,tent
api_test_workflow_v2_5pct_2026-04-25,34.2187915874,-118.390828785,"8145 N WEBB AVE, 91605",90,34.2187915874_-118.390828785_90.jpg,1,0.7542,tent
api_test_workflow_v2_5pct_2026-04-25,34.003159179,-118.265051148,"4424 S AVALON BLVD, 90011",0,34.003159179_-118.265051148_0.jpg,1,0.8465,tent
api_test_workflow_v2_5pct_2026-04-25,34.003159179,-118.265051148,"4424 S AVALON BLVD, 90011",90,34.003159179_-118.265051148_90.jpg,1,0.791,tent
api_test_workflow_v2_5pct_2026-04-25,34.0692790074,-118.281083997,"2ND ST AT OCCIDENTAL BLVD, 90057",0,34.0692790074_-118.281083997_0.jpg,1,0.7704,tent
api_test_workflow_v2_5pct_2026-04-25,34.0568843005,-118.239451437,"535 N NORTH MAIN ST, 90012",0,34.0568843005_-118.239451437_0.jpg,2,0.7684,tent
api_test_workflow_v2_5pct_2026-04-25,34.0515888001,-118.274560909,"1703 W JAMES M. WOOD BLVD, 90015",270,34.0515888001_-118.274560909_270.jpg,1,0.7004,tent
api_test_workflow_v2_5pct_2026-04-25,34.0283112081,-118.24942819,"1140 E 14TH PL, 90021",0,34.0283112081_-118.24942819_0.jpg,1,0.7638,tent
api_test_workflow_v2_5pct_2026-04-25,34.0401940472,-118.286277515,"1389 W WASHINGTON BLVD, 90007",0,34.0401940472_-118.286277515_0.jpg,1,0.7832,tent
api_test_workflow_v2_5pct_2026-04-25,34.0493986201,-118.267655965,"1180 W 8TH PL, 90017",270,34.0493986201_-118.267655965_270.jpg,1,0.8229,tent
api_test_workflow_v2_5pct_2026-04-25,34.005483977,-118.278900347,"308 W 43RD ST, 90037",180,34.005483977_-118.278900347_180.jpg,1,0.6543,tent
api_test_workflow_v2_5pct_2026-04-25,34.0372571592,-118.240244449,"1313 E INDUSTRIAL ST, 90021",0,34.0372571592_-118.240244449_0.jpg,1,0.8034,tent
api_test_workflow_v2_5pct_2026-04-25,34.0372571592,-118.240244449,"1313 E INDUSTRIAL ST, 90021",90,34.0372571592_-118.240244449_90.jpg,1,0.6623,tent
api_test_workflow_v2_5pct_2026-04-25,33.9738299354,-118.283272683,"7225 S FIGUEROA ST, 90003",90,33.9738299354_-118.283272683_90.jpg,2,0.7916,tent
api_test_workflow_v2_5pct_2026-04-25,34.0384260609,-118.266642736,"1341 S HOPE ST, 90015",270,34.0384260609_-118.266642736_270.jpg,1,0.6248,tent
api_test_workflow_v2_5pct_2026-04-25,34.0863569438,-118.190924902,"3517 N MCKENZIE AVE, 90032",90,34.0863569438_-118.190924902_90.jpg,1,0.693,tent
api_test_workflow_v2_5pct_2026-04-25,34.1555455381,-118.370258998,"VINELAND AVE AT KLING ST, 91602",0,34.1555455381_-118.370258998_0.jpg,1,0.7756,tent
api_test_workflow_v2_5pct_2026-04-25,34.0699265486,-118.27277209,"212 N PARK VIEW ST, 90026",180,34.0699265486_-118.27277209_180.jpg,1,0.8591,tent
api_test_workflow_v2_5pct_2026-04-25,34.0685515487,-118.296521198,"310 S KENMORE AVE, 90020",180,34.0685515487_-118.296521198_180.jpg,1,0.8713,tent
api_test_workflow_v2_5pct_2026-04-25,34.0685515487,-118.296521198,"310 S KENMORE AVE, 90020",270,34.0685515487_-118.296521198_270.jpg,1,0.6211,tent
api_test_workflow_v2_5pct_fresh_2026-04-28,34.0357415348,-118.24606124,"1002 E 8TH ST, 90021",180,34.0357415348_-118.24606124_180.jpg,1,0.7958,tent
api_test_workflow_v2_5pct_fresh_2026-04-28,34.0782919237,-118.222434175,"333 N AVENUE 21, 90031",0,34.0782919237_-118.222434175_0.jpg,1,0.6176,tent
api_test_workflow_v2_5pct_fresh_2026-04-28,34.0782919237,-118.222434175,"333 N AVENUE 21, 90031",180,34.0782919237_-118.222434175_180.jpg,1,0.7276,tent
api_test_workflow_v2_5pct_fresh_2026-04-28,34.1523539689,-118.361808316,"10601 W RIVERSIDE DR, 91602",270,34.1523539689_-118.361808316_270.jpg,2,0.7359,tent
api_test_workflow_v2_5pct_fresh_2026-04-28,34.2524314547,-118.296229616,"7523 W VALMONT ST, 91042",0,34.2524314547_-118.296229616_0.jpg,1,0.6918,tent
api_test_workflow_v2_5pct_fresh_2026-04-28,34.1701095119,-118.372172594,"11055 W CUMPSTON ST, 91601",180,34.1701095119_-118.372172594_180.jpg,1,0.833,tent
api_test_workflow_v2_5pct_fresh_2026-04-28,34.0822508864,-118.219755718,"2620 N LACY ST, 90031",270,34.0822508864_-118.219755718_270.jpg,1,0.8157,tent
api_test_workflow_v2_5pct_fresh_2026-04-28,34.0372931256,-118.216870403,"646 S CHICAGO ST, 90023",0,34.0372931256_-118.216870403_0.jpg,1,0.6846,tent
api_test_workflow_v2_5pct_fresh_2026-04-28,34.2147965969,-118.390008298,"BLYTHE ST AT MORELLA AVE, 91605",180,34.2147965969_-118.390008298_180.jpg,1,0.6536,tent
api_test_workflow_v2_5pct_fresh_2026-04-28,34.0424314196,-118.249615215,"701 S MAPLE AVE, 90014",0,34.0424314196_-118.249615215_0.jpg,2,0.7365,tent
api_test_workflow_v2_5pct_fresh_2026-04-28,34.0424314196,-118.249615215,"701 S MAPLE AVE, 90014",270,34.0424314196_-118.249615215_270.jpg,2,0.8021,tent
api_test_workflow_v2_5pct_fresh_2026-04-28,34.0919019656,-118.162311676,"5442 E HUNTINGTON DR SOUTH, 90032",90,34.0919019656_-118.162311676_90.jpg,1,0.8658,tent
api_test_workflow_v2_5pct_fresh_2026-04-28,34.1809013793,-118.368255484,"6053 N CLEON AVE, 91606",180,34.1809013793_-118.368255484_180.jpg,1,0.7797,tent
api_test_workflow_v2_5pct_fresh_2026-04-28,34.0310633623,-118.283078407,"948 W ADAMS BLVD, 90007",0,34.0310633623_-118.283078407_0.jpg,2,0.8761,tent
api_test_workflow_v2_5pct_fresh_2026-04-28,34.0310633623,-118.283078407,"948 W ADAMS BLVD, 90007",90,34.0310633623_-118.283078407_90.jpg,1,0.6243,tent
api_test_workflow_v2_5pct_fresh_2026-04-28,34.2680021667,-118.47291145,"10858 N BLUCHER AVE, 91344",90,34.2680021667_-118.47291145_90.jpg,1,0.7969,tent
api_test_workflow_v2_5pct_fresh_2026-04-28,34.0446333697,-118.243445992,"442 S SAN PEDRO ST, 90013",90,34.0446333697_-118.243445992_90.jpg,1,0.7565,tent
api_test_workflow_v2_5pct_fresh_2026-04-28,34.0446333697,-118.243445992,"442 S SAN PEDRO ST, 90013",180,34.0446333697_-118.243445992_180.jpg,1,0.6456,tent
api_test_workflow_v2_5pct_fresh_2026-04-28,34.2550907303,-118.401320742,"12303 W MONTAGUE ST, 91331",270,34.2550907303_-118.401320742_270.jpg,1,0.7545,tent
api_test_workflow_v2_5pct_fresh_2026-04-28,34.0609181787,-118.283006063,"2706 W WILSHIRE BLVD, 90057",0,34.0609181787_-118.283006063_0.jpg,1,0.7314,tent
api_test_workflow_v2_5pct_fresh_2026-04-28,34.042250097,-118.245282439,"6TH ST AT SAN PEDRO ST, 90013",270,34.042250097_-118.245282439_270.jpg,2,0.7468,tent
api_test_workflow_v2_5pct_fresh_2026-04-28,34.1536212999,-118.351550523,"4544 N TALOFA AVE, 91602",270,34.1536212999_-118.351550523_270.jpg,1,0.6295,tent
api_test_workflow_v2_5pct_fresh_2026-04-28,34.101096824,-118.311613171,"1669 N ST ANDREWS PL, 90028",0,34.101096824_-118.311613171_0.jpg,1,0.8692,tent
api_test_workflow_v2_5pct_fresh_2026-04-28,34.101096824,-118.311613171,"1669 N ST ANDREWS PL, 90028",180,34.101096824_-118.311613171_180.jpg,1,0.8235,tent
api_test_workflow_v2_5pct_fresh_2026-04-28,34.101096824,-118.311613171,"1669 N ST ANDREWS PL, 90028",270,34.101096824_-118.311613171_270.jpg,1,0.6735,tent
api_test_workflow_v2_5pct_fresh_2026-04-28,34.0419479525,-118.248329734,"401 E 7TH ST, 90014",0,34.0419479525_-118.248329734_0.jpg,1,0.8044,tent
api_test_workflow_v2_5pct_fresh_2026-04-28,34.0419479525,-118.248329734,"401 E 7TH ST, 90014",90,34.0419479525_-118.248329734_90.jpg,1,0.8744,tent
api_test_workflow_v2_5pct_fresh_2026-04-28,34.0419479525,-118.248329734,"401 E 7TH ST, 90014",270,34.0419479525_-118.248329734_270.jpg,1,0.7268,tent
api_test_workflow_v2_5pct_fresh_2026-04-28,34.0008722711,-118.45202642,"2017 S LOUELLA AVE, 90291",0,34.0008722711_-118.45202642_0.jpg,1,0.6262,tent
api_test_workflow_v2_5pct_fresh_2026-04-28,34.0573227353,-118.298941125,"811 S MARIPOSA AVE, 90005",180,34.0573227353_-118.298941125_180.jpg,1,0.7733,tent
api_test_workflow_v2_5pct_fresh_2026-04-28,34.2186299869,-118.396361177,"8130 N LAUREL CANYON BLVD, 91605",270,34.2186299869_-118.396361177_270.jpg,1,0.8154,tent
api_test_workflow_v2_5pct_fresh_2026-04-28,34.0305958263,-118.430375124,"2738 S SEPULVEDA BLVD, 90064",0,34.0305958263_-118.430375124_0.jpg,2,0.7988,tent
api_test_workflow_v2_5pct_fresh_2026-04-28,34.0425130882,-118.245465092,"421 E 6TH ST, 90014",0,34.0425130882_-118.245465092_0.jpg,1,0.7807,tent
api_test_workflow_v2_5pct_fresh_2026-04-28,34.0425130882,-118.245465092,"421 E 6TH ST, 90014",90,34.0425130882_-118.245465092_90.jpg,2,0.8355,tent
api_test_workflow_v2_5pct_fresh_2026-04-28,34.069329985,-118.281200661,"OCCIDENTAL BLVD AT 2ND ST, 90057",0,34.069329985_-118.281200661_0.jpg,1,0.8381,tent
api_test_workflow_v2_5pct_fresh_2026-04-28,34.1894612183,-118.47519975,"6529 N HASKELL AVE, 91406",270,34.1894612183_-118.47519975_270.jpg,1,0.8174,tent
api_test_workflow_v2_5pct_fresh_2026-04-28,34.0835661463,-118.212765356,"3314 N SMITH ST, 90031",0,34.0835661463_-118.212765356_0.jpg,1,0.7104,tent
api_test_workflow_v2_5pct_fresh_2026-04-28,33.9973758631,-118.420030878,"11924 W LOUISE AVE, 90066",0,33.9973758631_-118.420030878_0.jpg,1,0.7536,tent
api_test_workflow_v2_5pct_fresh_2026-04-28,34.0393524922,-118.317579497,"1914 S ARLINGTON AVE, 90018",0,34.0393524922_-118.317579497_0.jpg,1,0.6815,tent
api_test_workflow_v2_5pct_fresh_2026-04-28,34.0624205676,-118.303976684,"628 S HARVARD BLVD, 90005",0,34.0624205676_-118.303976684_0.jpg,1,0.8321,tent
api_test_workflow_v2_5pct_fresh_2026-04-28,34.0624205676,-118.303976684,"628 S HARVARD BLVD, 90005",90,34.0624205676_-118.303976684_90.jpg,2,0.8611,tent
api_test_workflow_v2_5pct_fresh_2026-04-28,34.208647556,-118.621642651,"7612 N PONCE AVE, 91304",180,34.208647556_-118.621642651_180.jpg,1,0.6224,tent
api_test_workflow_v2_5pct_fresh_2026-04-28,34.0273114583,-118.406408014,"3501 S JASMINE AVE, 90034",270,34.0273114583_-118.406408014_270.jpg,1,0.8984,tent
api_test_workflow_v2_5pct_fresh_2026-04-28,34.0425081628,-118.24349834,"536 S CROCKER ST, 90013",90,34.0425081628_-118.24349834_90.jpg,1,0.8984,tent
api_test_workflow_v2_5pct_fresh_2026-04-28,34.0425081628,-118.24349834,"536 S CROCKER ST, 90013",180,34.0425081628_-118.24349834_180.jpg,1,0.7848,tent
api_test_workflow_v2_5pct_fresh_2026-04-28,34.058384099,-118.238483794,"113 W CESAR E CHAVEZ AVE, 90012",180,34.058384099_-118.238483794_180.jpg,2,0.7479,tent
api_test_workflow_v2_5pct_fresh_2026-04-28,34.2063780053,-118.594364774,"21200 W COHASSET ST, 91303",180,34.2063780053_-118.594364774_180.jpg,1,0.7196,tent
api_test_workflow_v2_5pct_fresh_2026-04-28,34.1719774976,-118.383159132,"11524 W BURBANK BLVD, 91601",0,34.1719774976_-118.383159132_0.jpg,1,0.637,tent
api_test_workflow_v2_5pct_fresh_2026-04-28,34.1719774976,-118.383159132,"11524 W BURBANK BLVD, 91601",270,34.1719774976_-118.383159132_270.jpg,1,0.763,tent
api_test_workflow_v2_5pct_fresh_2026-04-28,34.0539792709,-118.26750991,"1316 W WILSHIRE BLVD, 90017",0,34.0539792709_-118.26750991_0.jpg,1,0.8572,tent
api_test_workflow_v2_5pct_fresh_2026-04-28,34.0539792709,-118.26750991,"1316 W WILSHIRE BLVD, 90017",90,34.0539792709_-118.26750991_90.jpg,3,0.7879,tent
api_test_workflow_v2_5pct_fresh_2026-04-28,34.0542174427,-118.267180233,"1317 W WILSHIRE BLVD, 90017",90,34.0542174427_-118.267180233_90.jpg,1,0.7284,tent
api_test_workflow_v2_5pct_fresh_2026-04-28,34.1668877459,-118.371700145,"11058 W WEDDINGTON ST, 91601",90,34.1668877459_-118.371700145_90.jpg,1,0.8366,tent
api_test_workflow_v2_5pct_fresh_2026-04-28,34.0563526582,-118.272610213,"1800 W WILSHIRE BLVD, 90057",270,34.0563526582_-118.272610213_270.jpg,1,0.7046,tent
api_test_workflow_v2_5pct_fresh_2026-04-28,34.0347000841,-118.269035951,"1803 S HOPE ST, 90015",180,34.0347000841_-118.269035951_180.jpg,2,0.7981,tent
api_test_workflow_v2_5pct_fresh_2026-04-28,34.0347000841,-118.269035951,"1803 S HOPE ST, 90015",270,34.0347000841_-118.269035951_270.jpg,1,0.7745,tent
api_test_workflow_v2_5pct_fresh_2026-04-28,34.1051623935,-118.337513771,"FRANKLIN AVE AT HIGHLAND AVE, 90028",270,34.1051623935_-118.337513771_270.jpg,1,0.7489,tent
api_test_workflow_v2_5pct_fresh_2026-04-28,34.0575577575,-118.348186184,"953 S CLOVERDALE AVE, 90036",270,34.0575577575_-118.348186184_270.jpg,1,0.6024,tent
api_test_workflow_v2_5pct_fresh_2026-04-28,34.324013665,-118.469919894,"15455 N GLENOAKS BLVD, 91342",90,34.324013665_-118.469919894_90.jpg,1,0.8915,tent
api_test_workflow_v2_5pct_fresh_2026-04-28,34.1550010677,-118.378862056,"4632 N TUJUNGA AVE, 91602",180,34.1550010677_-118.378862056_180.jpg,1,0.7451,tent
api_test_workflow_v2_5pct_fresh_2026-04-28,34.0608335461,-118.28340081,"656 S LA FAYETTE PARK PL, 90057",90,34.0608335461_-118.28340081_90.jpg,2,0.8747,tent
api_test_workflow_v2_5pct_fresh_2026-04-28,34.0721359191,-118.215799774,"2309 N DALY ST, 90031",270,34.0721359191_-118.215799774_270.jpg,2,0.8143,tent
api_test_workflow_v2_5pct_fresh_2026-04-28,34.2085922287,-118.585482335,"7603 N IRONDALE AVE, 91306",180,34.2085922287_-118.585482335_180.jpg,1,0.8962,tent
api_test_workflow_v2_5pct_fresh_2026-04-28,33.954377736,-118.413311872,"9386 S LINCOLN BLVD, 90045",0,33.954377736_-118.413311872_0.jpg,1,0.6593,tent
api_test_workflow_v2_5pct_fresh_2026-04-28,34.0172967523,-118.30769385,"3802 S HOBART BLVD, 90062",270,34.0172967523_-118.30769385_270.jpg,1,0.8542,tent
api_test_workflow_v2_5pct_fresh_2026-04-28,34.0778086339,-118.279835437,"520 N SILVER LAKE BLVD, 90026",90,34.0778086339_-118.279835437_90.jpg,1,0.6024,tent
api_test_workflow_v2_5pct_fresh_2026-04-28,34.0001064789,-118.242245392,"4815 S STAUNTON AVE, 90058",0,34.0001064789_-118.242245392_0.jpg,1,0.8265,tent
api_test_workflow_v2_5pct_fresh_2026-04-28,34.0001064789,-118.242245392,"4815 S STAUNTON AVE, 90058",90,34.0001064789_-118.242245392_90.jpg,1,0.7197,tent
api_test_workflow_v2_5pct_fresh_2026-04-28,34.2237709346,-118.45181523,"8425 N TOBIAS AVE, 91402",180,34.2237709346_-118.45181523_180.jpg,1,0.8264,tent
api_test_workflow_v2_5pct_fresh_2026-04-28,33.9971601549,-118.459644658,"1507 S LINCOLN BLVD, 90291",0,33.9971601549_-118.459644658_0.jpg,1,0.6013,tent
api_test_workflow_v2_5pct_fresh_2026-04-28,33.9943591275,-118.291377802,"5230 S VERMONT AVE, 90037",180,33.9943591275_-118.291377802_180.jpg,2,0.7784,tent
api_test_workflow_v2_10pct_model6_2026-05-06_live,34.0001699687,-118.242248395,"4809 S STAUNTON AVE, 90058",270,34.0001699687_-118.242248395_270.jpg,1,0.8887,tent
api_test_workflow_v2_10pct_model6_2026-05-06_live,34.0474963773,-118.443938545,"11090 W SANTA MONICA BLVD, 90025",0,34.0474963773_-118.443938545_0.jpg,1,0.7675,tent
api_test_workflow_v2_10pct_model6_2026-05-06_live,34.085094036,-118.260598043,"1641 N ALLESANDRO ST, 90026",90,34.085094036_-118.260598043_90.jpg,1,0.7338,tent
api_test_workflow_v2_10pct_model6_2026-05-06_live,34.2184823567,-118.390430997,"8159 N WEBB AVE, 91605",270,34.2184823567_-118.390430997_270.jpg,3,0.8561,tent
api_test_workflow_v2_10pct_model6_2026-05-06_live,34.0251205356,-118.268770073,"2531 S MAIN ST, 90007",0,34.0251205356_-118.268770073_0.jpg,1,0.8691,tent
api_test_workflow_v2_10pct_model6_2026-05-06_live,34.0251205356,-118.268770073,"2531 S MAIN ST, 90007",270,34.0251205356_-118.268770073_270.jpg,1,0.8698,tent
api_test_workflow_v2_10pct_model6_2026-05-06_live,34.0548876806,-118.194800828,"1266 N EVERGREEN AVE, 90033",90,34.0548876806_-118.194800828_90.jpg,1,0.8062,tent
api_test_workflow_v2_10pct_model6_2026-05-06_live,33.9391426568,-118.291614111,"899 W 107TH ST, 90044",270,33.9391426568_-118.291614111_270.jpg,1,0.7327,tent
api_test_workflow_v2_10pct_model6_2026-05-06_live,34.0765102976,-118.290694664,"301 N JUANITA AVE, 90004",270,34.0765102976_-118.290694664_270.jpg,2,0.8504,tent
api_test_workflow_v2_10pct_model6_2026-05-06_live,34.0434845361,-118.245859526,"545 S SAN JULIAN ST, 90013",270,34.0434845361_-118.245859526_270.jpg,3,0.8215,tent
api_test_workflow_v2_10pct_model6_2026-05-06_live,34.0269525466,-118.24228843,"1221 S COMPTON AVE, 90021",90,34.0269525466_-118.24228843_90.jpg,1,0.8921,tent
api_test_workflow_v2_10pct_model6_2026-05-06_live,34.0171096198,-118.20658018,"3406 E 14TH ST, 90023",90,34.0171096198_-118.20658018_90.jpg,1,0.8676,tent
api_test_workflow_v2_10pct_model6_2026-05-06_live,34.0401885774,-118.285453527,"1349 W WASHINGTON BLVD, 90007",0,34.0401885774_-118.285453527_0.jpg,1,0.8731,tent
api_test_workflow_v2_10pct_model6_2026-05-06_live,34.0670033341,-118.292804115,"408 S NEW HAMPSHIRE AVE, 90020",90,34.0670033341_-118.292804115_90.jpg,1,0.8952,tent
api_test_workflow_v2_10pct_model6_2026-05-06_live,33.9725792321,-118.30049919,"7403 S NORMANDIE AVE, 90044",180,33.9725792321_-118.30049919_180.jpg,1,0.6876,tent
api_test_workflow_v2_10pct_model6_2026-05-06_live,34.1052995849,-118.333960529,"6615 W FRANKLIN AVE, 90028",270,34.1052995849_-118.333960529_270.jpg,1,0.7689,tent
api_test_workflow_v2_10pct_model6_2026-05-06_live,34.0440931804,-118.443352922,"1840 S COTNER AVE, 90025",0,34.0440931804_-118.443352922_0.jpg,3,0.8704,tent
api_test_workflow_v2_10pct_model6_2026-05-06_live,34.1851190797,-118.465204103,"6317 N HALBRENT AVE, 91411",270,34.1851190797_-118.465204103_270.jpg,1,0.6306,tent
api_test_workflow_v2_10pct_model6_2026-05-06_live,33.980145216,-118.265423786,"6515 S AVALON BLVD, 90003",0,33.980145216_-118.265423786_0.jpg,1,0.8789,tent
api_test_workflow_v2_10pct_model6_2026-05-06_live,34.1698566984,-118.372347722,"11054 W CUMPSTON ST, 91601",180,34.1698566984_-118.372347722_180.jpg,1,0.8639,tent
api_test_workflow_v2_10pct_model6_2026-05-06_live,34.1698566984,-118.372347722,"11054 W CUMPSTON ST, 91601",270,34.1698566984_-118.372347722_270.jpg,1,0.7782,tent
api_test_workflow_v2_10pct_model6_2026-05-06_live,33.7293748714,-118.27971855,"1600 S HARBOR BLVD, 90731",270,33.7293748714_-118.27971855_270.jpg,1,0.6501,tent
api_test_workflow_v2_10pct_model6_2026-05-06_live,33.9462491233,-118.23958499,"9910 S BANDERA ST, 90002",90,33.9462491233_-118.23958499_90.jpg,1,0.913,tent
api_test_workflow_v2_10pct_model6_2026-05-06_live,33.9979623861,-118.23886356,"5001 S ALAMEDA ST, 90058",270,33.9979623861_-118.23886356_270.jpg,1,0.8063,tent
api_test_workflow_v2_10pct_model6_2026-05-06_live,34.0274214693,-118.24661571,"1338 E NEWTON ST, 90021",180,34.0274214693_-118.24661571_180.jpg,2,0.9165,tent
api_test_workflow_v2_10pct_model6_2026-05-06_live,34.0274214693,-118.24661571,"1338 E NEWTON ST, 90021",270,34.0274214693_-118.24661571_270.jpg,1,0.9123,tent
api_test_workflow_v2_10pct_model6_2026-05-06_live,34.0370605853,-118.243992965,"736 S CERES AVE, 90021",0,34.0370605853_-118.243992965_0.jpg,1,0.838,tent
api_test_workflow_v2_10pct_model6_2026-05-06_live,34.0428457391,-118.246204297,"6TH ST AT SAN JULIAN ST, 90013",0,34.0428457391_-118.246204297_0.jpg,3,0.8099,tent
api_test_workflow_v2_10pct_model6_2026-05-06_live,34.0428457391,-118.246204297,"6TH ST AT SAN JULIAN ST, 90013",180,34.0428457391_-118.246204297_180.jpg,1,0.6206,tent
api_test_workflow_v2_10pct_model6_2026-05-06_live,33.976322667,-118.265387649,"6921 S AVALON BLVD, 90003",270,33.976322667_-118.265387649_270.jpg,1,0.6986,tent
api_test_workflow_v2_10pct_model6_2026-05-06_live,34.0496636138,-118.284507122,"1167 S HOOVER ST, 90006",270,34.0496636138_-118.284507122_270.jpg,1,0.6526,tent
api_test_workflow_v2_10pct_model6_2026-05-06_live,34.0540254906,-118.278599217,"835 S ALVARADO ST, 90057",90,34.0540254906_-118.278599217_90.jpg,1,0.6686,tent
api_test_workflow_v2_10pct_model6_2026-05-06_live,34.0540254906,-118.278599217,"835 S ALVARADO ST, 90057",270,34.0540254906_-118.278599217_270.jpg,1,0.8824,tent
api_test_workflow_v2_10pct_model6_2026-05-06_live,34.0870629863,-118.224813984,"624 W AVENUE 27, 90065",0,34.0870629863_-118.224813984_0.jpg,2,0.6685,tent
api_test_workflow_v2_10pct_model6_2026-05-06_live,34.0831831814,-118.348819152,"647 N POINSETTIA PL, 90036",270,34.0831831814_-118.348819152_270.jpg,1,0.6658,tent
api_test_workflow_v2_10pct_model6_2026-05-06_live,34.0785791305,-118.261168559,"1927 W RESERVOIR ST, 90026",180,34.0785791305_-118.261168559_180.jpg,1,0.8725,tent
api_test_workflow_v2_10pct_model6_2026-05-06_live,34.044592007,-118.211472721,"2219 E 1ST ST, 90033",270,34.044592007_-118.211472721_270.jpg,1,0.812,tent
api_test_workflow_v2_10pct_model6_2026-05-06_live,34.0285422864,-118.267897243,"2211 S BROADWAY, 90007",0,34.0285422864_-118.267897243_0.jpg,1,0.8054,tent
api_test_workflow_v2_10pct_model6_2026-05-06_live,34.0285422864,-118.267897243,"2211 S BROADWAY, 90007",270,34.0285422864_-118.267897243_270.jpg,1,0.7932,tent
api_test_workflow_v2_10pct_model6_2026-05-06_live,34.0894158171,-118.31236228,"5526 W SIERRA VISTA AVE, 90038",270,34.0894158171_-118.31236228_270.jpg,1,0.6445,tent
api_test_workflow_v2_10pct_model6_2026-05-06_live,33.9725015793,-118.274137953,"7409 S MAIN ST, 90003",270,33.9725015793_-118.274137953_270.jpg,1,0.8594,tent
api_test_workflow_v2_10pct_model6_2026-05-06_live,33.9888550066,-118.269464468,"5830 S SAN PEDRO ST, 90003",90,33.9888550066_-118.269464468_90.jpg,1,0.9427,tent
api_test_workflow_v2_10pct_model6_2026-05-06_live,34.0435760015,-118.246847823,"560 S WALL ST, 90013",90,34.0435760015_-118.246847823_90.jpg,4,0.8824,tent
api_test_workflow_v2_10pct_model6_2026-05-06_live,34.0435760015,-118.246847823,"560 S WALL ST, 90013",180,34.0435760015_-118.246847823_180.jpg,2,0.8927,tent
api_test_workflow_v2_10pct_model6_2026-05-06_live,34.0435760015,-118.246847823,"560 S WALL ST, 90013",270,34.0435760015_-118.246847823_270.jpg,1,0.6976,tent
api_test_workflow_v2_10pct_model6_2026-05-06_live,34.0727288879,-118.215484519,"2330 N DALY ST, 90031",90,34.0727288879_-118.215484519_90.jpg,1,0.6869,tent
api_test_workflow_v2_10pct_model6_2026-05-06_live,34.1809995368,-118.368255705,"6055 N CLEON AVE, 91606",0,34.1809995368_-118.368255705_0.jpg,1,0.7752,tent
api_test_workflow_v2_10pct_model6_2026-05-06_live,34.0497531033,-118.267308901,"1163 W 8TH ST, 90017",90,34.0497531033_-118.267308901_90.jpg,1,0.6247,tent
api_test_workflow_v2_10pct_model6_2026-05-06_live,34.0497531033,-118.267308901,"1163 W 8TH ST, 90017",270,34.0497531033_-118.267308901_270.jpg,1,0.7393,tent
api_test_workflow_v2_10pct_model6_2026-05-06_live,34.105061608,-118.329036859,"6400 W FRANKLIN AVE, 90028",270,34.105061608_-118.329036859_270.jpg,1,0.6824,tent
api_test_workflow_v2_10pct_model6_2026-05-06_live,34.0936171917,-118.281837686,"1156 N MYRA AVE, 90029",90,34.0936171917_-118.281837686_90.jpg,3,0.8673,tent
api_test_workflow_v2_10pct_model6_2026-05-06_live,34.0936171917,-118.281837686,"1156 N MYRA AVE, 90029",180,34.0936171917_-118.281837686_180.jpg,1,0.8654,tent
api_test_workflow_v2_10pct_model6_2026-05-06_live,34.01884066,-118.425457533,"3450 SAWTELLE BLVD, 90066",90,34.01884066_-118.425457533_90.jpg,1,0.7536,tent
api_test_workflow_v2_10pct_model6_2026-05-06_live,33.9717541782,-118.317478843,"2152 W 75TH ST, 90047",0,33.9717541782_-118.317478843_0.jpg,1,0.659,tent
api_test_workflow_v2_10pct_model6_2026-05-06_live,34.1808208951,-118.452906577,"14660 W BESSEMER ST, 91411",90,34.1808208951_-118.452906577_90.jpg,1,0.9018,tent
api_test_workflow_v2_10pct_model6_2026-05-06_live,34.1808208951,-118.452906577,"14660 W BESSEMER ST, 91411",180,34.1808208951_-118.452906577_180.jpg,1,0.9163,tent
api_test_workflow_v2_10pct_model6_2026-05-06_live,34.0756957719,-118.289534661,"243 N MADISON AVE, 90004",180,34.0756957719_-118.289534661_180.jpg,1,0.8354,tent
api_test_workflow_v2_10pct_model6_2026-05-06_live,34.0756957719,-118.289534661,"243 N MADISON AVE, 90004",270,34.0756957719_-118.289534661_270.jpg,3,0.9026,tent
api_test_workflow_v2_10pct_model6_2026-05-06_live,34.1807917667,-118.453119344,"CEDROS AVE AT BESSEMER ST, 91411",270,34.1807917667_-118.453119344_270.jpg,1,0.8188,tent
api_test_workflow_v2_10pct_model6_2026-05-06_live,34.0523888156,-118.290749016,"OLYMPIC BLVD AT MENLO AVE, 90006",0,34.0523888156_-118.290749016_0.jpg,1,0.8536,tent
api_test_workflow_v2_10pct_model6_2026-05-06_live,34.1018053284,-118.322057947,"6051 W HOLLYWOOD BLVD, 90028",180,34.1018053284_-118.322057947_180.jpg,2,0.8612,tent
api_test_workflow_v2_10pct_model6_2026-05-06_live,34.0754497445,-118.220638329,"131 N AVENUE 21, 90031",90,34.0754497445_-118.220638329_90.jpg,1,0.8417,tent
api_test_workflow_v2_10pct_model6_2026-05-06_live,34.0628403784,-118.277104269,"2347 W OCEAN VIEW AVE, 90057",0,34.0628403784_-118.277104269_0.jpg,1,0.7256,tent
api_test_workflow_v2_10pct_model6_2026-05-06_live,34.0438952155,-118.275913528,"1314 S TOBERMAN ST, 90015",0,34.0438952155_-118.275913528_0.jpg,1,0.8319,tent
api_test_workflow_v2_10pct_model6_2026-05-06_live,33.9629408228,-118.269019509,"315 E 84TH ST, 90003",270,33.9629408228_-118.269019509_270.jpg,1,0.8155,tent
api_test_workflow_v2_10pct_model6_2026-05-06_live,34.0977396818,-118.299342712,"1442 N MARIPOSA AVE, 90027",180,34.0977396818_-118.299342712_180.jpg,1,0.8836,tent
api_test_workflow_v2_10pct_model6_2026-05-06_live,33.9892136578,-118.426832525,"12600 W GREENE AVE, 90066",0,33.9892136578_-118.426832525_0.jpg,1,0.7053,tent
api_test_workflow_v2_10pct_model6_2026-05-06_live,34.0051663107,-118.255862653,"4322 S CENTRAL AVE, 90011",0,34.0051663107_-118.255862653_0.jpg,1,0.6139,tent
api_test_workflow_v2_10pct_model6_2026-05-06_live,34.1097103512,-118.256751874,"3110 W HOLLYDALE DR, 90039",270,34.1097103512_-118.256751874_270.jpg,1,0.625,tent
api_test_workflow_v2_10pct_model6_2026-05-06_live,34.0332124428,-118.266815702,"1820 S OLIVE ST, 90015",90,34.0332124428_-118.266815702_90.jpg,1,0.9104,tent
api_test_workflow_v2_10pct_model6_2026-05-06_live,34.0332124428,-118.266815702,"1820 S OLIVE ST, 90015",180,34.0332124428_-118.266815702_180.jpg,2,0.8826,tent
api_test_workflow_v2_10pct_model6_2026-05-06_live,34.0260555562,-118.241892161,"1636 E 14TH ST, 90021",90,34.0260555562_-118.241892161_90.jpg,1,0.89,tent
api_test_workflow_v2_10pct_model6_2026-05-06_live,34.1221321572,-118.382516371,"8346 W MULHOLLAND DR, 90046",90,34.1221321572_-118.382516371_90.jpg,1,0.8966,tent
api_test_workflow_v2_10pct_model6_2026-05-06_live,34.0054570289,-118.456723713,"1500 S GLYNDON AVE, 90291",0,34.0054570289_-118.456723713_0.jpg,1,0.6825,tent
api_test_workflow_v2_10pct_model6_2026-05-06_live,34.0144724053,-118.243893365,"1620 E 25TH ST, 90011",90,34.0144724053_-118.243893365_90.jpg,1,0.8296,tent
api_test_workflow_v2_10pct_model6_2026-05-06_live,34.0144724053,-118.243893365,"1620 E 25TH ST, 90011",180,34.0144724053_-118.243893365_180.jpg,1,0.9111,tent
api_test_workflow_v2_10pct_model6_2026-05-06_live,34.0470355016,-118.256616654,"700 S GRAND AVE, 90017",0,34.0470355016_-118.256616654_0.jpg,1,0.666,tent
api_test_workflow_v2_10pct_model6_2026-05-06_live,34.097964833,-118.337600364,"SUNSET BLVD AT MCCADDEN PL, 90028",270,34.097964833_-118.337600364_270.jpg,1,0.8083,tent
api_test_workflow_v2_10pct_model6_2026-05-06_live,34.2316907096,-118.374942185,"11182 W TUXFORD ST, 91352",180,34.2316907096_-118.374942185_180.jpg,1,0.6769,tent
api_test_workflow_v2_10pct_model6_2026-05-06_live,34.1668925778,-118.371776647,"11042 W WEDDINGTON ST, 91601",90,34.1668925778_-118.371776647_90.jpg,1,0.8754,tent
api_test_workflow_v2_10pct_model6_2026-05-06_live,34.228060177,-118.569756174,"20020 W PARTHENIA ST, 91324",90,34.228060177_-118.569756174_90.jpg,1,0.6586,tent
api_test_workflow_v2_10pct_model6_2026-05-06_live,34.2192545855,-118.390724937,"8160 N WEBB AVE, 91605",180,34.2192545855_-118.390724937_180.jpg,1,0.7616,tent
api_test_workflow_v2_10pct_model6_2026-05-06_live,34.0103617807,-118.278588446,"4023 S BROADWAY, 90037",270,34.0103617807_-118.278588446_270.jpg,1,0.7842,tent
api_test_workflow_v2_10pct_model6_2026-05-06_live,34.0454100636,-118.243050985,"400 S SAN PEDRO ST, 90013",0,34.0454100636_-118.243050985_0.jpg,1,0.8331,tent
api_test_workflow_v2_10pct_model6_2026-05-06_live,34.0284607605,-118.255448502,"734 E 17TH ST, 90021",180,34.0284607605_-118.255448502_180.jpg,1,0.8378,tent
api_test_workflow_v2_10pct_model6_2026-05-06_live,34.0284607605,-118.255448502,"734 E 17TH ST, 90021",270,34.0284607605_-118.255448502_270.jpg,2,0.8238,tent
api_test_workflow_v2_10pct_model6_2026-05-06_live,34.0895756898,-118.21196494,"3703 N ARROYO SECO AVE, 90065",90,34.0895756898_-118.21196494_90.jpg,1,0.7637,tent
api_test_workflow_v2_10pct_model6_2026-05-06_live,34.063700667,-118.300629994,"3601 W 6TH ST, 90020",180,34.063700667_-118.300629994_180.jpg,1,0.6283,tent
api_test_workflow_v2_10pct_model6_2026-05-06_live,34.024028821,-118.272831038,"2809 S OLIVE ST, 90007",0,34.024028821_-118.272831038_0.jpg,1,0.7782,tent
api_test_workflow_v2_10pct_model6_2026-05-06_live,34.2076367916,-118.428983938,"13601 W RAYMER ST, 91405",270,34.2076367916_-118.428983938_270.jpg,1,0.7868,tent
api_test_workflow_v2_10pct_model6_2026-05-06_live,34.0977459348,-118.337631635,"6730 W SUNSET BLVD, 90028",270,34.0977459348_-118.337631635_270.jpg,1,0.8083,tent
api_test_workflow_v2_10pct_model6_2026-05-06_live,34.0871183389,-118.212318299,"3548 N PASADENA AVE, 90031",0,34.0871183389_-118.212318299_0.jpg,1,0.6815,tent
api_test_workflow_v2_10pct_model6_2026-05-06_live,34.0138675666,-118.281049516,"39TH ST AT HARBOR FRWY, 90037",270,34.0138675666_-118.281049516_270.jpg,1,0.6372,tent
api_test_workflow_v2_10pct_model6_2026-05-06_live,33.9340715254,-118.28131178,"421 W 111TH PL, 90061",90,33.9340715254_-118.28131178_90.jpg,3,0.8617,tent
api_test_workflow_v2_10pct_model6_2026-05-06_live,34.0493618378,-118.195915301,"3018 E WABASH AVE, 90063",270,34.0493618378_-118.195915301_270.jpg,1,0.8258,tent
api_test_workflow_v2_10pct_model6_2026-05-06_live,34.0364694971,-118.365692473,"5573 W WASHINGTON BLVD, 90016",180,34.0364694971_-118.365692473_180.jpg,1,0.7049,tent
api_test_workflow_v2_10pct_model6_2026-05-06_live,34.0364694971,-118.365692473,"5573 W WASHINGTON BLVD, 90016",270,34.0364694971_-118.365692473_270.jpg,1,0.7585,tent
api_test_workflow_v2_10pct_model6_2026-05-06_live,34.1917311075,-118.403223214,"6643 N RHODES AVE, 91606",0,34.1917311075_-118.403223214_0.jpg,1,0.8105,tent
api_test_workflow_v2_10pct_model6_2026-05-06_live,33.9389350129,-118.290980609,"844 W 107TH ST, 90044",90,33.9389350129_-118.290980609_90.jpg,1,0.8652,tent
api_test_workflow_v2_10pct_model6_2026-05-06_live,34.2205525542,-118.370203646,"8256 N SAN FERNANDO ROAD, 91352",270,34.2205525542_-118.370203646_270.jpg,1,0.8539,tent
api_test_workflow_v2_10pct_model6_2026-05-06_live,33.9963692633,-118.279822424,"342 W 51ST ST, 90037",0,33.9963692633_-118.279822424_0.jpg,1,0.6768,tent
api_test_workflow_v2_10pct_model6_2026-05-06_live,33.9963692633,-118.279822424,"342 W 51ST ST, 90037",270,33.9963692633_-118.279822424_270.jpg,1,0.8584,tent
api_test_workflow_v2_10pct_model6_2026-05-06_live,34.1090667034,-118.1922359,"125 S AVENUE 57, 90042",0,34.1090667034_-118.1922359_0.jpg,1,0.6252,tent
api_test_workflow_v2_10pct_model6_2026-05-06_live,34.0443626241,-118.292822507,"1721 W VENICE BLVD, 90006",90,34.0443626241_-118.292822507_90.jpg,2,0.7762,tent
api_test_workflow_v2_10pct_model6_2026-05-06_live,33.7479509512,-118.281581028,"604 N PALOS VERDES ST, 90731",0,33.7479509512_-118.281581028_0.jpg,1,0.8274,tent
api_test_workflow_v2_10pct_model6_2026-05-06_live,33.7792178061,-118.267487709,"728 N LAGOON AVE, 90744",270,33.7792178061_-118.267487709_270.jpg,1,0.6676,tent
api_test_workflow_v2_10pct_model6_2026-05-06_live,34.1054261393,-118.337738581,"1907 N HIGHLAND AVE, 90068",180,34.1054261393_-118.337738581_180.jpg,1,0.7263,tent
api_test_workflow_v2_10pct_model6_2026-05-06_live,34.0369259108,-118.245237051,"760 S GLADYS AVE, 90021",180,34.0369259108_-118.245237051_180.jpg,1,0.6828,tent
api_test_workflow_v2_10pct_model6_2026-05-06_live,34.0381247682,-118.258671439,"1128 S MAIN ST, 90015",0,34.0381247682_-118.258671439_0.jpg,2,0.7421,tent
api_test_workflow_v2_10pct_model6_2026-05-06_live,34.0381247682,-118.258671439,"1128 S MAIN ST, 90015",270,34.0381247682_-118.258671439_270.jpg,3,0.8689,tent
api_test_workflow_v2_10pct_model6_2026-05-06_live,34.0284388621,-118.241943028,"1005 S HOOPER AVE, 90021",180,34.0284388621_-118.241943028_180.jpg,1,0.6625,tent
api_test_workflow_v2_10pct_model6_2026-05-06_live,34.1625385164,-118.522523864,"17900 W SANTA RITA ST, 91316",180,34.1625385164_-118.522523864_180.jpg,1,0.8243,tent
api_test_workflow_v2_10pct_model6_2026-05-06_live,34.0851949503,-118.185599143,"4624 N HUNTINGTON DR SOUTH, 90032",270,34.0851949503_-118.185599143_270.jpg,1,0.7273,tent
api_test_workflow_v2_10pct_model6_2026-05-06_live,34.1996729768,-118.466433956,"7111 N SEPULVEDA BLVD, 91405",90,34.1996729768_-118.466433956_90.jpg,1,0.8301,tent
api_test_workflow_v2_10pct_model6_2026-05-06_live,34.1939059862,-118.466229042,"VANOWEN ST AT SEPULVEDA BLVD, 91406",180,34.1939059862_-118.466229042_180.jpg,1,0.682,tent
api_test_workflow_v2_10pct_model6_2026-05-06_live,34.0120184695,-118.277112434,"3901 S BROADWAY PL, 90037",180,34.0120184695_-118.277112434_180.jpg,1,0.8287,tent
api_test_workflow_v2_10pct_model6_2026-05-06_live,33.9965757757,-118.279951295,"393 W 51ST ST, 90037",0,33.9965757757_-118.279951295_0.jpg,1,0.7773,tent
api_test_workflow_v2_10pct_model6_2026-05-06_live,33.9965757757,-118.279951295,"393 W 51ST ST, 90037",90,33.9965757757_-118.279951295_90.jpg,1,0.7375,tent
api_test_workflow_v2_10pct_model6_2026-05-06_live,34.2261360571,-118.375620993,"PENROSE ST AT GOLDEN STATE FRWY, 91352",0,34.2261360571_-118.375620993_0.jpg,1,0.8243,tent
api_test_workflow_v2_10pct_model6_2026-05-06_live,34.0779540598,-118.293441851,"401 N NEW HAMPSHIRE AVE, 90004",90,34.0779540598_-118.293441851_90.jpg,1,0.7307,tent
api_test_workflow_v2_10pct_model6_2026-05-06_live,34.226258549,-118.450486519,"8555 N VESPER AVE, 91402",90,34.226258549_-118.450486519_90.jpg,1,0.6465,tent
api_test_workflow_v2_10pct_model6_2026-05-06_live,34.0528100892,-118.313337011,"10TH ST AT GRAMERCY PL, 90019",270,34.0528100892_-118.313337011_270.jpg,1,0.7689,tent
api_test_workflow_v2_10pct_model6_2026-05-06_live,34.2182040032,-118.367981392,"10900 W RATNER ST, 91352",270,34.2182040032_-118.367981392_270.jpg,1,0.7492,tent
api_test_workflow_v2_10pct_model6_2026-05-06_live,34.0598292078,-118.304615645,"3531 W 7TH ST, 90005",0,34.0598292078_-118.304615645_0.jpg,1,0.7431,tent
api_test_workflow_v2_10pct_model6_2026-05-06_live,34.1650305981,-118.368466006,"10915 W MAGNOLIA BLVD, 91601",0,34.1650305981_-118.368466006_0.jpg,1,0.7209,tent
api_test_workflow_v2_10pct_model6_2026-05-06_live,34.2175218524,-118.379270934,"8101 N TUJUNGA AVE, 91352",90,34.2175218524_-118.379270934_90.jpg,1,0.7858,tent
api_test_workflow_v2_10pct_model6_2026-05-06_live,33.9815113709,-118.296344128,"1219 W 64TH ST, 90044",270,33.9815113709_-118.296344128_270.jpg,1,0.8262,tent
api_test_workflow_v2_10pct_model6_2026-05-06_live,34.103845354,-118.322151438,"6072 W YUCCA ST, 90028",0,34.103845354_-118.322151438_0.jpg,1,0.7943,tent
api_test_workflow_v2_10pct_model6_2026-05-06_live,34.056912158,-118.288715259,"2879 W FRANCIS AVE, 90005",0,34.056912158_-118.288715259_0.jpg,1,0.7055,tent
api_test_workflow_v2_20pct_model6_2026-05-07,34.0174232944,-118.273903051,"100 W 35TH ST, 90007",180,34.0174232944_-118.273903051_180.jpg,1,0.8917,tent
api_test_workflow_v2_20pct_model6_2026-05-07,34.0752221048,-118.223541796,"1819 N BARRANCA ST, 90031",0,34.0752221048_-118.223541796_0.jpg,1,0.9025,tent
api_test_workflow_v2_20pct_model6_2026-05-07,34.1914453609,-118.588724113,"6663 N DE SOTO AVE, 91303",0,34.1914453609_-118.588724113_0.jpg,1,0.7137,tent
api_test_workflow_v2_20pct_model6_2026-05-07,34.1914453609,-118.588724113,"6663 N DE SOTO AVE, 91303",90,34.1914453609_-118.588724113_90.jpg,1,0.7499,tent
api_test_workflow_v2_20pct_model6_2026-05-07,34.0232408174,-118.243664391,"1600 E 16TH ST, 90021",180,34.0232408174_-118.243664391_180.jpg,1,0.8167,tent
api_test_workflow_v2_20pct_model6_2026-05-07,34.0232408174,-118.243664391,"1600 E 16TH ST, 90021",270,34.0232408174_-118.243664391_270.jpg,1,0.8666,tent
api_test_workflow_v2_20pct_model6_2026-05-07,34.1332747883,-118.211108412,"1984 W ADDISON WAY, 90041",90,34.1332747883_-118.211108412_90.jpg,1,0.7562,tent
api_test_workflow_v2_20pct_model6_2026-05-07,34.0239401994,-118.235041674,"14TH ST AT WILSON ST, 90021",0,34.0239401994_-118.235041674_0.jpg,1,0.7936,tent
api_test_workflow_v2_20pct_model6_2026-05-07,34.2627467379,-118.420413614,"10617 N ILEX AVE, 91331",0,34.2627467379_-118.420413614_0.jpg,1,0.819,tent
api_test_workflow_v2_20pct_model6_2026-05-07,34.0510610252,-118.307324714,"1056 S OXFORD AVE, 90006",0,34.0510610252_-118.307324714_0.jpg,1,0.9023,tent
api_test_workflow_v2_20pct_model6_2026-05-07,34.0510610252,-118.307324714,"1056 S OXFORD AVE, 90006",90,34.0510610252_-118.307324714_90.jpg,2,0.9183,tent
api_test_workflow_v2_20pct_model6_2026-05-07,34.0141481377,-118.265421513,"3511 AVALON BLVD, 90011",270,34.0141481377_-118.265421513_270.jpg,2,0.7686,tent
api_test_workflow_v2_20pct_model6_2026-05-07,34.0703595831,-118.280767056,"121 S OCCIDENTAL BLVD, 90057",180,34.0703595831_-118.280767056_180.jpg,1,0.7565,tent
api_test_workflow_v2_20pct_model6_2026-05-07,34.027383809,-118.24614879,"1337 1/2 E NEWTON ST, 90021",0,34.027383809_-118.24614879_0.jpg,2,0.9712,tent
api_test_workflow_v2_20pct_model6_2026-05-07,34.027383809,-118.24614879,"1337 1/2 E NEWTON ST, 90021",180,34.027383809_-118.24614879_180.jpg,1,0.7123,tent
api_test_workflow_v2_20pct_model6_2026-05-07,34.0359093401,-118.207076571,"2815 E LANFRANCO ST, 90033",0,34.0359093401_-118.207076571_0.jpg,1,0.7828,tent
api_test_workflow_v2_20pct_model6_2026-05-07,33.9871683199,-118.283978019,"5901 S DENVER AVE, 90044",0,33.9871683199_-118.283978019_0.jpg,1,0.8483,tent
api_test_workflow_v2_20pct_model6_2026-05-07,34.0291278775,-118.250598848,"1430 S GRIFFITH AVE, 90021",0,34.0291278775_-118.250598848_0.jpg,1,0.787,tent
api_test_workflow_v2_20pct_model6_2026-05-07,34.1933140514,-118.457300558,"6738 N KESTER AVE, 91405",0,34.1933140514_-118.457300558_0.jpg,1,0.8762,tent
api_test_workflow_v2_20pct_model6_2026-05-07,34.1011446886,-118.311615848,"1671 N ST ANDREWS PL, 90028",180,34.1011446886_-118.311615848_180.jpg,2,0.9138,tent
api_test_workflow_v2_20pct_model6_2026-05-07,34.1011446886,-118.311615848,"1671 N ST ANDREWS PL, 90028",270,34.1011446886_-118.311615848_270.jpg,1,0.8964,tent
api_test_workflow_v2_20pct_model6_2026-05-07,34.2540053861,-118.408242214,"12615 W WINGO ST, 91331",270,34.2540053861_-118.408242214_270.jpg,1,0.7705,tent
api_test_workflow_v2_20pct_model6_2026-05-07,34.1568848499,-118.370035,"4751 N LANKERSHIM BLVD, 91602",0,34.1568848499_-118.370035_0.jpg,1,0.6976,tent
api_test_workflow_v2_20pct_model6_2026-05-07,33.791377106,-118.268992193,"1411 N RAVENNA AVE, 90744",0,33.791377106_-118.268992193_0.jpg,1,0.8261,tent
api_test_workflow_v2_20pct_model6_2026-05-07,34.1015103629,-118.305958093,"5300 W HOLLYWOOD BLVD, 90027",90,34.1015103629_-118.305958093_90.jpg,1,0.6799,tent
api_test_workflow_v2_20pct_model6_2026-05-07,34.1232666692,-118.221724716,"4348 N EAGLE ROCK BLVD, 90041",270,34.1232666692_-118.221724716_270.jpg,1,0.7231,tent
api_test_workflow_v2_20pct_model6_2026-05-07,34.0401898847,-118.285376545,"1347 W WASHINGTON BLVD, 90007",270,34.0401898847_-118.285376545_270.jpg,1,0.696,tent
api_test_workflow_v2_20pct_model6_2026-05-07,33.9925627395,-118.264735358,"603 E 55TH ST, 90011",270,33.9925627395_-118.264735358_270.jpg,1,0.8287,tent
api_test_workflow_v2_20pct_model6_2026-05-07,34.0642753551,-118.211775546,"1801 N GRIFFIN AVE, 90031",90,34.0642753551_-118.211775546_90.jpg,1,0.7425,tent
api_test_workflow_v2_20pct_model6_2026-05-07,34.0213089417,-118.242629679,"1668 S LONG BEACH AVE, 90021",270,34.0213089417_-118.242629679_270.jpg,1,0.8338,tent
api_test_workflow_v2_20pct_model6_2026-05-07,34.0588398423,-118.28859572,"2967 W LEEWARD AVE, 90005",90,34.0588398423_-118.28859572_90.jpg,1,0.8888,tent
api_test_workflow_v2_20pct_model6_2026-05-07,34.0588398423,-118.28859572,"2967 W LEEWARD AVE, 90005",180,34.0588398423_-118.28859572_180.jpg,2,0.845,tent
api_test_workflow_v2_20pct_model6_2026-05-07,34.0902073959,-118.295186249,"1027 N HELIOTROPE DR, 90029",180,34.0902073959_-118.295186249_180.jpg,1,0.6366,tent
api_test_workflow_v2_20pct_model6_2026-05-07,34.0673582006,-118.292969975,"NEW HAMPSHIRE AVE AT 4TH ST, 90020",90,34.0673582006_-118.292969975_90.jpg,1,0.6557,tent
api_test_workflow_v2_20pct_model6_2026-05-07,34.0673582006,-118.292969975,"NEW HAMPSHIRE AVE AT 4TH ST, 90020",180,34.0673582006_-118.292969975_180.jpg,2,0.8279,tent
api_test_workflow_v2_20pct_model6_2026-05-07,34.2713611525,-118.418894394,"13133 W MERCER ST, 91331",270,34.2713611525_-118.418894394_270.jpg,1,0.8784,tent
api_test_workflow_v2_20pct_model6_2026-05-07,34.0457090862,-118.239835617,"313 S CENTRAL AVE, 90013",90,34.0457090862_-118.239835617_90.jpg,1,0.6834,tent
api_test_workflow_v2_20pct_model6_2026-05-07,34.0457090862,-118.239835617,"313 S CENTRAL AVE, 90013",270,34.0457090862_-118.239835617_270.jpg,1,0.805,tent
api_test_workflow_v2_20pct_model6_2026-05-07,34.0780076115,-118.22196384,"316 W AVENUE 21, 90031",0,34.0780076115_-118.22196384_0.jpg,1,0.664,tent
api_test_workflow_v2_20pct_model6_2026-05-07,34.2234686295,-118.451816693,"8413 N TOBIAS AVE, 91402",0,34.2234686295_-118.451816693_0.jpg,1,0.8285,tent
api_test_workflow_v2_20pct_model6_2026-05-07,34.2234686295,-118.451816693,"8413 N TOBIAS AVE, 91402",270,34.2234686295_-118.451816693_270.jpg,1,0.8834,tent
api_test_workflow_v2_20pct_model6_2026-05-07,34.1995726518,-118.466432452,"7107 N SEPULVEDA BLVD, 91405",90,34.1995726518_-118.466432452_90.jpg,1,0.8095,tent
api_test_workflow_v2_20pct_model6_2026-05-07,34.0253638477,-118.260312268,"ADAIR ST AT 22ND ST, 90011",90,34.0253638477_-118.260312268_90.jpg,1,0.8981,tent
api_test_workflow_v2_20pct_model6_2026-05-07,34.0555584635,-118.441395239,"10869 W WILKINS AVE, 90024",180,34.0555584635_-118.441395239_180.jpg,2,0.9066,tent
api_test_workflow_v2_20pct_model6_2026-05-07,34.198351129,-118.411679783,"12800 W VOSE ST, 91605",270,34.198351129_-118.411679783_270.jpg,1,0.7551,tent
api_test_workflow_v2_20pct_model6_2026-05-07,34.0159237536,-118.204544517,"3447 E 15TH ST, 90023",0,34.0159237536_-118.204544517_0.jpg,1,0.8744,tent
api_test_workflow_v2_20pct_model6_2026-05-07,34.0159237536,-118.204544517,"3447 E 15TH ST, 90023",90,34.0159237536_-118.204544517_90.jpg,1,0.8508,tent
api_test_workflow_v2_20pct_model6_2026-05-07,34.2572945133,-118.499705704,"16844 W DEVONSHIRE ST, 91344",90,34.2572945133_-118.499705704_90.jpg,1,0.6051,tent
api_test_workflow_v2_20pct_model6_2026-05-07,34.1609570469,-118.372086281,"4936 N LANKERSHIM BLVD, 91601",90,34.1609570469_-118.372086281_90.jpg,2,0.7779,tent
api_test_workflow_v2_20pct_model6_2026-05-07,34.0375667343,-118.297440783,"20TH ST AT RAYMOND AVE, 90007",180,34.0375667343_-118.297440783_180.jpg,1,0.8986,tent
api_test_workflow_v2_20pct_model6_2026-05-07,34.2100313035,-118.38911353,"7659 N SIMPSON AVE, 91605",0,34.2100313035_-118.38911353_0.jpg,1,0.7951,tent
api_test_workflow_v2_20pct_model6_2026-05-07,34.2100313035,-118.38911353,"7659 N SIMPSON AVE, 91605",90,34.2100313035_-118.38911353_90.jpg,1,0.8214,tent
api_test_workflow_v2_20pct_model6_2026-05-07,34.0250940132,-118.235073073,"1361 S WILSON ST, 90021",270,34.0250940132_-118.235073073_270.jpg,1,0.8312,tent
api_test_workflow_v2_20pct_model6_2026-05-07,34.247785006,-118.401875643,"9750 N SAN FERNANDO ROAD, 91352",0,34.247785006_-118.401875643_0.jpg,1,0.7517,tent
api_test_workflow_v2_20pct_model6_2026-05-07,34.31908813,-118.484212514,"16225 W FILBERT ST, 91342",0,34.31908813_-118.484212514_0.jpg,1,0.7619,tent
api_test_workflow_v2_20pct_model6_2026-05-07,34.31908813,-118.484212514,"16225 W FILBERT ST, 91342",270,34.31908813_-118.484212514_270.jpg,2,0.9352,tent
api_test_workflow_v2_20pct_model6_2026-05-07,34.0043084525,-118.272149986,"4360 S SAN PEDRO PL, 90011",90,34.0043084525_-118.272149986_90.jpg,3,0.8347,tent
api_test_workflow_v2_20pct_model6_2026-05-07,34.0320320698,-118.431513993,"2642 S SEPULVEDA BLVD, 90064",180,34.0320320698_-118.431513993_180.jpg,1,0.8459,tent
api_test_workflow_v2_20pct_model6_2026-05-07,34.0762328696,-118.367397399,"8161 W BEVERLY BLVD, 90048",0,34.0762328696_-118.367397399_0.jpg,1,0.8669,tent
api_test_workflow_v2_20pct_model6_2026-05-07,34.1095331814,-118.191600756,"117 S AVENUE 58, 90042",90,34.1095331814_-118.191600756_90.jpg,1,0.677,tent
api_test_workflow_v2_20pct_model6_2026-05-07,33.9830437277,-118.26973833,"6207 S SAN PEDRO ST, 90003",0,33.9830437277_-118.26973833_0.jpg,1,0.893,tent
api_test_workflow_v2_20pct_model6_2026-05-07,34.0490273303,-118.461118244,"11712 W WILSHIRE BLVD, 90025",180,34.0490273303_-118.461118244_180.jpg,1,0.6789,tent
api_test_workflow_v2_20pct_model6_2026-05-07,33.9961144132,-118.47543821,"335 S 3RD AVE, 90291",0,33.9961144132_-118.47543821_0.jpg,1,0.7077,tent
api_test_workflow_v2_20pct_model6_2026-05-07,34.0516616862,-118.285269145,"1024 S ARAPAHOE ST, 90006",270,34.0516616862_-118.285269145_270.jpg,1,0.7509,tent
api_test_workflow_v2_20pct_model6_2026-05-07,34.1668884202,-118.371559505,"11032 W WEDDINGTON ST, 91601",270,34.1668884202_-118.371559505_270.jpg,1,0.8357,tent
api_test_workflow_v2_20pct_model6_2026-05-07,34.0544621266,-118.267725065,"1335 W WILSHIRE BLVD, 90017",0,34.0544621266_-118.267725065_0.jpg,2,0.8913,tent
api_test_workflow_v2_20pct_model6_2026-05-07,34.0544621266,-118.267725065,"1335 W WILSHIRE BLVD, 90017",90,34.0544621266_-118.267725065_90.jpg,1,0.8654,tent
api_test_workflow_v2_20pct_model6_2026-05-07,34.1471361225,-118.367532696,"4243 N SATSUMA AVE, 91602",270,34.1471361225_-118.367532696_270.jpg,1,0.7526,tent
api_test_workflow_v2_20pct_model6_2026-05-07,33.992388666,-118.256661655,"5501 S CENTRAL AVE, 90011",270,33.992388666_-118.256661655_270.jpg,1,0.6958,tent
api_test_workflow_v2_20pct_model6_2026-05-07,34.076606688,-118.290423655,"320 N JUANITA AVE, 90004",180,34.076606688_-118.290423655_180.jpg,2,0.8803,tent
api_test_workflow_v2_20pct_model6_2026-05-07,34.0453849312,-118.242107717,"390 S OMAR AVE, 90013",0,34.0453849312_-118.242107717_0.jpg,1,0.7809,tent
api_test_workflow_v2_20pct_model6_2026-05-07,33.9950290495,-118.418365913,"4471 S INGLEWOOD BLVD, 90066",270,33.9950290495_-118.418365913_270.jpg,1,0.8113,tent
api_test_workflow_v2_20pct_model6_2026-05-07,34.0854608643,-118.338824367,"805 N HIGHLAND AVE, 90038",270,34.0854608643_-118.338824367_270.jpg,1,0.7915,tent
api_test_workflow_v2_20pct_model6_2026-05-07,34.2294660294,-118.549100805,"8744 N VANALDEN AVE, 91324",270,34.2294660294_-118.549100805_270.jpg,1,0.714,tent
api_test_workflow_v2_20pct_model6_2026-05-07,34.0337956477,-118.269622048,"1843 S HOPE ST, 90015",270,34.0337956477_-118.269622048_270.jpg,1,0.8718,tent
api_test_workflow_v2_20pct_model6_2026-05-07,34.2006329983,-118.534918052,"7145 N CANBY AVE, 91335",90,34.2006329983_-118.534918052_90.jpg,1,0.7919,tent
api_test_workflow_v2_20pct_model6_2026-05-07,34.2006329983,-118.534918052,"7145 N CANBY AVE, 91335",180,34.2006329983_-118.534918052_180.jpg,1,0.6342,tent
api_test_workflow_v2_20pct_model6_2026-05-07,34.2184446506,-118.370531237,"8133 N VINELAND AVE, 91352",90,34.2184446506_-118.370531237_90.jpg,1,0.6301,tent
api_test_workflow_v2_20pct_model6_2026-05-07,34.1831254939,-118.396749731,"6205 N LAUREL CANYON BLVD, 91606",270,34.1831254939_-118.396749731_270.jpg,1,0.6464,tent
api_test_workflow_v2_20pct_model6_2026-05-07,34.2159841607,-118.404049532,"8000 N WILKINSON AVE, 91605",0,34.2159841607_-118.404049532_0.jpg,1,0.6815,tent
api_test_workflow_v2_20pct_model6_2026-05-07,34.0612912762,-118.27537199,"463 S LAKE ST, 90057",0,34.0612912762_-118.27537199_0.jpg,1,0.8928,tent
api_test_workflow_v2_20pct_model6_2026-05-07,34.0612912762,-118.27537199,"463 S LAKE ST, 90057",270,34.0612912762_-118.27537199_270.jpg,2,0.7826,tent
api_test_workflow_v2_20pct_model6_2026-05-07,34.0296158283,-118.397233074,"9411 W HARLOW AVE, 90034",0,34.0296158283_-118.397233074_0.jpg,1,0.8763,tent
api_test_workflow_v2_20pct_model6_2026-05-07,34.0850520015,-118.185631903,"4622 E HUNTINGTON DR SOUTH, 90032",270,34.0850520015_-118.185631903_270.jpg,1,0.7273,tent
api_test_workflow_v2_20pct_model6_2026-05-07,34.2107987472,-118.449310663,"14485 W RAYMER ST, 91405",270,34.2107987472_-118.449310663_270.jpg,1,0.8799,tent
api_test_workflow_v2_20pct_model6_2026-05-07,33.9891025257,-118.289293838,"MENLO AVE AT SLAUSON AVE, 90044",180,33.9891025257_-118.289293838_180.jpg,1,0.6911,tent
api_test_workflow_v2_20pct_model6_2026-05-07,34.0293854842,-118.242928552,"927 E NAOMI AVE, 90021",270,34.0293854842_-118.242928552_270.jpg,1,0.8284,tent
api_test_workflow_v2_20pct_model6_2026-05-07,34.2029158185,-118.605782171,"7302 N TOPANGA CANYON BLVD, 91303",0,34.2029158185_-118.605782171_0.jpg,1,0.8208,tent
api_test_workflow_v2_20pct_model6_2026-05-07,34.2029158185,-118.605782171,"7302 N TOPANGA CANYON BLVD, 91303",90,34.2029158185_-118.605782171_90.jpg,1,0.9004,tent
api_test_workflow_v2_20pct_model6_2026-05-07,33.9971436462,-118.459608061,"1509 S LINCOLN BLVD, 90291",0,33.9971436462_-118.459608061_0.jpg,1,0.6044,tent
api_test_workflow_v2_20pct_model6_2026-05-07,34.0301457497,-118.346670694,"2745 S PALM GROVE AVE, 90016",180,34.0301457497_-118.346670694_180.jpg,1,0.6816,tent
api_test_workflow_v2_20pct_model6_2026-05-07,34.1868120138,-118.44829027,"14449 W VICTORY BLVD, 91401",0,34.1868120138_-118.44829027_0.jpg,1,0.8906,tent
api_test_workflow_v2_20pct_model6_2026-05-07,34.1068503814,-118.330891931,"1947 N CAHUENGA BLVD, 90068",270,34.1068503814_-118.330891931_270.jpg,1,0.6079,tent
api_test_workflow_v2_20pct_model6_2026-05-07,34.0190171408,-118.271310162,"130 E 33RD ST, 90011",270,34.0190171408_-118.271310162_270.jpg,1,0.8865,tent
api_test_workflow_v2_20pct_model6_2026-05-07,34.2282988507,-118.473158838,"PARTHENIA ST AT SAN DIEGO FRWY, 91343",270,34.2282988507_-118.473158838_270.jpg,1,0.6628,tent
api_test_workflow_v2_20pct_model6_2026-05-07,34.0246328527,-118.242885605,"1529 E 15TH ST, 90021",270,34.0246328527_-118.242885605_270.jpg,1,0.7692,tent
api_test_workflow_v2_20pct_model6_2026-05-07,34.0455171371,-118.2422775,"389 S OMAR AVE, 90013",0,34.0455171371_-118.2422775_0.jpg,2,0.8722,tent
api_test_workflow_v2_20pct_model6_2026-05-07,34.0508724395,-118.273765266,"1616 W JAMES M. WOOD BLVD, 90015",180,34.0508724395_-118.273765266_180.jpg,1,0.7151,tent
api_test_workflow_v2_20pct_model6_2026-05-07,33.972369697,-118.274133106,"7411 S MAIN ST, 90003",0,33.972369697_-118.274133106_0.jpg,1,0.6926,tent
api_test_workflow_v2_20pct_model6_2026-05-07,34.0530884966,-118.273581837,"1709 W 8TH ST, 90017",180,34.0530884966_-118.273581837_180.jpg,2,0.8554,tent
api_test_workflow_v2_20pct_model6_2026-05-07,34.0422053947,-118.280331969,"1147 W VENICE BLVD, 90015",180,34.0422053947_-118.280331969_180.jpg,2,0.8539,tent
api_test_workflow_v2_20pct_model6_2026-05-07,33.9416040492,-118.291441644,"10422 S VERMONT AVE, 90044",0,33.9416040492_-118.291441644_0.jpg,1,0.7431,tent
api_test_workflow_v2_20pct_model6_2026-05-07,34.0897893996,-118.294847409,"1012 N HELIOTROPE DR, 90029",0,34.0897893996_-118.294847409_0.jpg,1,0.8618,tent
api_test_workflow_v2_20pct_model6_2026-05-07,34.0455089013,-118.205276589,"2600 E CESAR E CHAVEZ AVE, 90033",0,34.0455089013_-118.205276589_0.jpg,1,0.8621,tent
api_test_workflow_v2_20pct_model6_2026-05-07,34.0633773746,-118.297520313,"3470 W 6TH ST, 90020",90,34.0633773746_-118.297520313_90.jpg,1,0.8682,tent
api_test_workflow_v2_20pct_model6_2026-05-07,34.0633773746,-118.297520313,"3470 W 6TH ST, 90020",180,34.0633773746_-118.297520313_180.jpg,1,0.9035,tent
api_test_workflow_v2_20pct_model6_2026-05-07,34.041565499,-118.240063073,"505 S CENTRAL AVE, 90013",0,34.041565499_-118.240063073_0.jpg,2,0.8182,tent
api_test_workflow_v2_20pct_model6_2026-05-07,34.041565499,-118.240063073,"505 S CENTRAL AVE, 90013",180,34.041565499_-118.240063073_180.jpg,1,0.86,tent
api_test_workflow_v2_20pct_model6_2026-05-07,34.041565499,-118.240063073,"505 S CENTRAL AVE, 90013",270,34.041565499_-118.240063073_270.jpg,2,0.9055,tent
api_test_workflow_v2_20pct_model6_2026-05-07,34.1977109008,-118.533404509,"7006 N DARBY AVE, 91335",270,34.1977109008_-118.533404509_270.jpg,1,0.6296,tent
api_test_workflow_v2_20pct_model6_2026-05-07,34.0762779718,-118.300452245,"BEVERLY BLVD AT NORMANDIE AVE, 90004",270,34.0762779718_-118.300452245_270.jpg,1,0.6005,tent
api_test_workflow_v2_20pct_model6_2026-05-07,34.0145035462,-118.265095614,"3430 S AVALON BLVD, 90011",270,34.0145035462_-118.265095614_270.jpg,1,0.7172,tent
api_test_workflow_v2_20pct_model6_2026-05-07,34.0576902838,-118.300934638,"IROLO ST AT 8TH ST, 90005",270,34.0576902838_-118.300934638_270.jpg,1,0.832,tent
api_test_workflow_v2_20pct_model6_2026-05-07,34.0488791688,-118.236103092,"627 E 1ST ST, 90012",90,34.0488791688_-118.236103092_90.jpg,1,0.705,tent
api_test_workflow_v2_20pct_model6_2026-05-07,34.0752319503,-118.280694488,"3111 W TEMPLE ST, 90026",270,34.0752319503_-118.280694488_270.jpg,1,0.6988,tent
api_test_workflow_v2_20pct_model6_2026-05-07,34.0173214673,-118.274236323,"3510 S BROADWAY PL, 90007",270,34.0173214673_-118.274236323_270.jpg,1,0.8075,tent
api_test_workflow_v2_20pct_model6_2026-05-07,34.089702448,-118.306334107,"1056 N SERRANO AVE, 90029",0,34.089702448_-118.306334107_0.jpg,1,0.708,tent
api_test_workflow_v2_20pct_model6_2026-05-07,34.1812576537,-118.384778704,"6103 N LANKERSHIM BLVD, 91606",0,34.1812576537_-118.384778704_0.jpg,1,0.7967,tent
api_test_workflow_v2_20pct_model6_2026-05-07,34.0623649576,-118.278533073,"505 S CARONDELET ST, 90057",0,34.0623649576_-118.278533073_0.jpg,1,0.6513,tent
api_test_workflow_v2_20pct_model6_2026-05-07,34.0420243581,-118.243120984,"539 S TOWNE AVE, 90013",90,34.0420243581_-118.243120984_90.jpg,1,0.6637,tent
api_test_workflow_v2_20pct_model6_2026-05-07,34.0420243581,-118.243120984,"539 S TOWNE AVE, 90013",180,34.0420243581_-118.243120984_180.jpg,1,0.7843,tent
api_test_workflow_v2_20pct_model6_2026-05-07,34.0587227929,-118.275614762,"631 S ALVARADO ST, 90057",180,34.0587227929_-118.275614762_180.jpg,1,0.7076,tent
api_test_workflow_v2_20pct_model6_2026-05-07,34.3077411668,-118.470777974,"13071 N SAN FERNANDO ROAD, 91342",90,34.3077411668_-118.470777974_90.jpg,1,0.8949,tent
api_test_workflow_v2_20pct_model6_2026-05-07,34.0136918439,-118.417635751,"3754 S SEPULVEDA BLVD, 90034",0,34.0136918439_-118.417635751_0.jpg,1,0.6733,tent
api_test_workflow_v2_20pct_model6_2026-05-07,34.0517596242,-118.32240428,"4017 W COUNTRY CLUB DR, 90019",180,34.0517596242_-118.32240428_180.jpg,1,0.8521,tent
api_test_workflow_v2_20pct_model6_2026-05-07,34.058366279,-118.284006597,"741 S RAMPART BLVD, 90057",90,34.058366279_-118.284006597_90.jpg,1,0.8193,tent
api_test_workflow_v2_20pct_model6_2026-05-07,33.7731408315,-118.257879811,"300 N QUAY AVE, 90744",270,33.7731408315_-118.257879811_270.jpg,2,0.795,tent
api_test_workflow_v2_20pct_model6_2026-05-07,34.0191655427,-118.263290441,"654 E 29TH ST, 90011",180,34.0191655427_-118.263290441_180.jpg,3,0.8445,tent
api_test_workflow_v2_20pct_model6_2026-05-07,34.0191655427,-118.263290441,"654 E 29TH ST, 90011",270,34.0191655427_-118.263290441_270.jpg,4,0.845,tent
api_test_workflow_v2_20pct_model6_2026-05-07,34.05090612,-118.240726274,"101 N JUDGE JOHN AISO ST, 90012",270,34.05090612_-118.240726274_270.jpg,3,0.8642,tent
api_test_workflow_v2_20pct_model6_2026-05-07,34.1680869827,-118.377439239,"BAKMAN AVE AT CHANDLER BLVD, 91601",180,34.1680869827_-118.377439239_180.jpg,1,0.7817,tent
api_test_workflow_v2_20pct_model6_2026-05-07,34.1680869827,-118.377439239,"BAKMAN AVE AT CHANDLER BLVD, 91601",270,34.1680869827_-118.377439239_270.jpg,1,0.6527,tent
api_test_workflow_v2_20pct_model6_2026-05-07,33.9974341087,-118.460046219,"1501 S LINCOLN BLVD, 90291",270,33.9974341087_-118.460046219_270.jpg,1,0.7104,tent
api_test_workflow_v2_20pct_model6_2026-05-07,34.0183367772,-118.244616977,"2078 S COMPTON AVE, 90011",90,34.0183367772_-118.244616977_90.jpg,2,0.8852,tent
api_test_workflow_v2_20pct_model6_2026-05-07,34.061863761,-118.27024386,"BONNIE BRAE ST AT 3RD ST, 90057",90,34.061863761_-118.27024386_90.jpg,1,0.6997,tent
api_test_workflow_v2_20pct_model6_2026-05-07,34.0894144929,-118.312032003,"5514 W SIERRA VISTA AVE, 90038",270,34.0894144929_-118.312032003_270.jpg,2,0.8347,tent
api_test_workflow_v2_20pct_model6_2026-05-07,34.0417070269,-118.279919058,"1120 W VENICE BLVD, 90015",0,34.0417070269_-118.279919058_0.jpg,1,0.8061,tent
api_test_workflow_v2_20pct_model6_2026-05-07,34.0417070269,-118.279919058,"1120 W VENICE BLVD, 90015",270,34.0417070269_-118.279919058_270.jpg,1,0.7116,tent
api_test_workflow_v2_20pct_model6_2026-05-07,33.7880760667,-118.301476165,"1402 W 259TH ST, 90710",180,33.7880760667_-118.301476165_180.jpg,1,0.8226,tent
api_test_workflow_v2_20pct_model6_2026-05-07,33.7880760667,-118.301476165,"1402 W 259TH ST, 90710",270,33.7880760667_-118.301476165_270.jpg,1,0.7026,tent
api_test_workflow_v2_20pct_model6_2026-05-07,34.0642163084,-118.248481728,"1000 W SUNSET BLVD, 90012",270,34.0642163084_-118.248481728_270.jpg,2,0.8421,tent
api_test_workflow_v2_20pct_model6_2026-05-07,34.1924362599,-118.475243917,"6711 N HASKELL AVE, 91406",0,34.1924362599_-118.475243917_0.jpg,1,0.8217,tent
api_test_workflow_v2_20pct_model6_2026-05-07,34.0270532806,-118.242016385,"1228 S COMPTON AVE, 90021",180,34.0270532806_-118.242016385_180.jpg,1,0.6507,tent
api_test_workflow_v2_20pct_model6_2026-05-07,34.0615396375,-118.275195828,"451 S LAKE ST, 90057",270,34.0615396375_-118.275195828_270.jpg,1,0.6959,tent
api_test_workflow_v2_20pct_model6_2026-05-07,34.1517668205,-118.428683569,"13576 W RYE ST, 91423",0,34.1517668205_-118.428683569_0.jpg,1,0.8562,tent
api_test_workflow_v2_20pct_model6_2026-05-07,34.0562602719,-118.266310119,"531 S COLUMBIA AVE, 90017",90,34.0562602719_-118.266310119_90.jpg,1,0.7894,tent
api_test_workflow_v2_20pct_model6_2026-05-07,34.0562602719,-118.266310119,"531 S COLUMBIA AVE, 90017",180,34.0562602719_-118.266310119_180.jpg,1,0.8897,tent
api_test_workflow_v2_20pct_model6_2026-05-07,34.0704944303,-118.291088039,"3441 W 2ND ST, 90004",180,34.0704944303_-118.291088039_180.jpg,1,0.8436,tent
api_test_workflow_v2_20pct_model6_2026-05-07,34.0633248249,-118.214024295,"2300 N ALHAMBRA AVE, 90031",0,34.0633248249_-118.214024295_0.jpg,1,0.8483,tent
api_test_workflow_v2_20pct_model6_2026-05-07,34.0633248249,-118.214024295,"2300 N ALHAMBRA AVE, 90031",180,34.0633248249_-118.214024295_180.jpg,2,0.8009,tent
api_test_workflow_v2_20pct_model6_2026-05-07,33.9854657016,-118.282961918,"5967 S FIGUEROA ST, 90003",270,33.9854657016_-118.282961918_270.jpg,1,0.8404,tent
api_test_workflow_v2_20pct_model6_2026-05-07,34.0536413677,-118.28340711,"2411 W 10TH ST, 90006",180,34.0536413677_-118.28340711_180.jpg,1,0.9478,tent
api_test_workflow_v2_20pct_model6_2026-05-07,34.0536413677,-118.28340711,"2411 W 10TH ST, 90006",270,34.0536413677_-118.28340711_270.jpg,1,0.8243,tent
api_test_workflow_v2_20pct_model6_2026-05-07,34.0897496361,-118.211508016,"3712 N MARMION WAY, 90065",0,34.0897496361_-118.211508016_0.jpg,1,0.8347,tent
api_test_workflow_v2_20pct_model6_2026-05-07,34.0897496361,-118.211508016,"3712 N MARMION WAY, 90065",270,34.0897496361_-118.211508016_270.jpg,1,0.8527,tent
api_test_workflow_v2_20pct_model6_2026-05-07,34.0104972266,-118.278190614,"4030 S BROADWAY, 90037",180,34.0104972266_-118.278190614_180.jpg,1,0.6292,tent
api_test_workflow_v2_20pct_model6_2026-05-07,33.9745944812,-118.257708099,"922 E FLORENCE AVE, 90001",180,33.9745944812_-118.257708099_180.jpg,1,0.6863,tent
api_test_workflow_v2_20pct_model6_2026-05-07,34.2746109141,-118.395791447,"12060 W TERRA BELLA ST, 91331",270,34.2746109141_-118.395791447_270.jpg,1,0.6901,tent
api_test_workflow_v2_20pct_model6_2026-05-07,34.2707991513,-118.315562763,"11104 N ORO VISTA AVE, 91040",270,34.2707991513_-118.315562763_270.jpg,1,0.8297,tent
api_test_workflow_v2_20pct_model6_2026-05-07,34.0684312624,-118.295300315,"316 S CATALINA ST, 90020",180,34.0684312624_-118.295300315_180.jpg,1,0.8384,tent
api_test_workflow_v2_20pct_model6_2026-05-07_batch2,34.0781784815,-118.222074756,"322 N AVENUE 21, 90031",0,34.0781784815_-118.222074756_0.jpg,1,0.8887,tent
api_test_workflow_v2_20pct_model6_2026-05-07_batch2,34.0781784815,-118.222074756,"322 N AVENUE 21, 90031",90,34.0781784815_-118.222074756_90.jpg,1,0.6645,tent
api_test_workflow_v2_20pct_model6_2026-05-07_batch2,34.0359295757,-118.244122897,"765 S KOHLER ST, 90021",0,34.0359295757_-118.244122897_0.jpg,1,0.883,tent
api_test_workflow_v2_20pct_model6_2026-05-07_batch2,34.1866672627,-118.446458025,"6400 N SYLMAR AVE, 91401",270,34.1866672627_-118.446458025_270.jpg,1,0.6918,tent
api_test_workflow_v2_20pct_model6_2026-05-07_batch2,34.0272439911,-118.246336711,"1354 E NEWTON ST, 90021",90,34.0272439911_-118.246336711_90.jpg,2,0.9087,tent
api_test_workflow_v2_20pct_model6_2026-05-07_batch2,34.0272439911,-118.246336711,"1354 E NEWTON ST, 90021",270,34.0272439911_-118.246336711_270.jpg,1,0.7627,tent
api_test_workflow_v2_20pct_model6_2026-05-07_batch2,34.0057425301,-118.25652746,"43RD ST AT CENTRAL AVE, 90011",0,34.0057425301_-118.25652746_0.jpg,3,0.7739,tent
api_test_workflow_v2_20pct_model6_2026-05-07_batch2,34.0277756867,-118.26774512,"120 W 23RD ST, 90007",90,34.0277756867_-118.26774512_90.jpg,1,0.8282,tent
api_test_workflow_v2_20pct_model6_2026-05-07_batch2,33.9759899372,-118.265442722,"7007 S AVALON BLVD, 90003",270,33.9759899372_-118.265442722_270.jpg,1,0.6986,tent
api_test_workflow_v2_20pct_model6_2026-05-07_batch2,34.2025066956,-118.418375908,"7251 N ETHEL AVE, 91605",0,34.2025066956_-118.418375908_0.jpg,1,0.8536,tent
api_test_workflow_v2_20pct_model6_2026-05-07_batch2,34.2025066956,-118.418375908,"7251 N ETHEL AVE, 91605",180,34.2025066956_-118.418375908_180.jpg,1,0.6694,tent
api_test_workflow_v2_20pct_model6_2026-05-07_batch2,34.0373136622,-118.24417807,"729 S CERES AVE, 90021",0,34.0373136622_-118.24417807_0.jpg,1,0.8844,tent
api_test_workflow_v2_20pct_model6_2026-05-07_batch2,34.0232251315,-118.243397711,"1610 E 16TH ST, 90021",90,34.0232251315_-118.243397711_90.jpg,1,0.8328,tent
api_test_workflow_v2_20pct_model6_2026-05-07_batch2,34.0299035348,-118.442772995,"GATEWAY BLVD AT SANTA MONICA FRWY, 90064",270,34.0299035348_-118.442772995_270.jpg,1,0.8743,tent
api_test_workflow_v2_20pct_model6_2026-05-07_batch2,34.0420792328,-118.280045648,"1135 W VENICE BLVD, 90015",180,34.0420792328_-118.280045648_180.jpg,2,0.8768,tent
api_test_workflow_v2_20pct_model6_2026-05-07_batch2,34.0420792328,-118.280045648,"1135 W VENICE BLVD, 90015",270,34.0420792328_-118.280045648_270.jpg,1,0.9188,tent
api_test_workflow_v2_20pct_model6_2026-05-07_batch2,34.0734949083,-118.372365255,"131 S KINGS ROAD, 90048",270,34.0734949083_-118.372365255_270.jpg,1,0.7296,tent
api_test_workflow_v2_20pct_model6_2026-05-07_batch2,34.0448547983,-118.243349329,"426 S SAN PEDRO ST, 90013",0,34.0448547983_-118.243349329_0.jpg,2,0.8618,tent
api_test_workflow_v2_20pct_model6_2026-05-07_batch2,34.0448547983,-118.243349329,"426 S SAN PEDRO ST, 90013",180,34.0448547983_-118.243349329_180.jpg,2,0.7431,tent
api_test_workflow_v2_20pct_model6_2026-05-07_batch2,34.0235789871,-118.274493872,"301 W 30TH ST, 90007",0,34.0235789871_-118.274493872_0.jpg,2,0.8494,tent
api_test_workflow_v2_20pct_model6_2026-05-07_batch2,34.115106499,-118.183741626,"6218 N YORK BLVD, 90042",90,34.115106499_-118.183741626_90.jpg,1,0.7643,tent
api_test_workflow_v2_20pct_model6_2026-05-07_batch2,34.0759038501,-118.367233688,"8154 W BEVERLY BLVD, 90048",270,34.0759038501_-118.367233688_270.jpg,1,0.847,tent
api_test_workflow_v2_20pct_model6_2026-05-07_batch2,34.1668884569,-118.371605787,"11036 W WEDDINGTON ST, 91601",180,34.1668884569_-118.371605787_180.jpg,1,0.896,tent
api_test_workflow_v2_20pct_model6_2026-05-07_batch2,34.1040732511,-118.253631289,"2332 W RIVERSIDE DR, 90039",90,34.1040732511_-118.253631289_90.jpg,1,0.6286,tent
api_test_workflow_v2_20pct_model6_2026-05-07_batch2,33.9855067701,-118.437300373,"MINDANAO WAY AT GLENCOE AVE, 90292",270,33.9855067701_-118.437300373_270.jpg,1,0.6616,tent
api_test_workflow_v2_20pct_model6_2026-05-07_batch2,34.1877816925,-118.447082366,"14411 W GILMORE ST, 91401",0,34.1877816925_-118.447082366_0.jpg,1,0.6577,tent
api_test_workflow_v2_20pct_model6_2026-05-07_batch2,34.0185684609,-118.263561235,"655 E 30TH ST, 90011",0,34.0185684609_-118.263561235_0.jpg,1,0.9061,tent
api_test_workflow_v2_20pct_model6_2026-05-07_batch2,34.0185684609,-118.263561235,"655 E 30TH ST, 90011",270,34.0185684609_-118.263561235_270.jpg,2,0.8001,tent
api_test_workflow_v2_20pct_model6_2026-05-07_batch2,34.3008823548,-118.460238735,"15031 W OSWALD ST, 91342",180,34.3008823548_-118.460238735_180.jpg,1,0.9059,tent
api_test_workflow_v2_20pct_model6_2026-05-07_batch2,34.0443732314,-118.244029663,"429 E 5TH ST, 90013",180,34.0443732314_-118.244029663_180.jpg,1,0.6877,tent
api_test_workflow_v2_20pct_model6_2026-05-07_batch2,34.0443732314,-118.244029663,"429 E 5TH ST, 90013",270,34.0443732314_-118.244029663_270.jpg,1,0.7671,tent
api_test_workflow_v2_20pct_model6_2026-05-07_batch2,34.1105572168,-118.190849156,"AVENUE 59 AT FIGUEROA ST, 90042",90,34.1105572168_-118.190849156_90.jpg,2,0.9207,tent
api_test_workflow_v2_20pct_model6_2026-05-07_batch2,34.1105572168,-118.190849156,"AVENUE 59 AT FIGUEROA ST, 90042",180,34.1105572168_-118.190849156_180.jpg,2,0.9126,tent
api_test_workflow_v2_20pct_model6_2026-05-07_batch2,34.0026495399,-118.280363271,"356 1/2 W 45TH ST, 90037",270,34.0026495399_-118.280363271_270.jpg,1,0.6899,tent
api_test_workflow_v2_20pct_model6_2026-05-07_batch2,34.0841027676,-118.347664721,"717 N ALTA VISTA BLVD, 90046",180,34.0841027676_-118.347664721_180.jpg,1,0.941,tent
api_test_workflow_v2_20pct_model6_2026-05-07_batch2,33.9965891064,-118.279792226,"341 W 51ST ST, 90037",270,33.9965891064_-118.279792226_270.jpg,1,0.6305,tent
api_test_workflow_v2_20pct_model6_2026-05-07_batch2,34.0940440576,-118.32136696,"1255 N BEACHWOOD DR, 90038",90,34.0940440576_-118.32136696_90.jpg,1,0.8847,tent
api_test_workflow_v2_20pct_model6_2026-05-07_batch2,34.0334693773,-118.441583237,"11460 W GATEWAY BLVD, 90064",180,34.0334693773_-118.441583237_180.jpg,1,0.881,tent
api_test_workflow_v2_20pct_model6_2026-05-07_batch2,34.0342801787,-118.333104873,"2507 S BRONSON AVE, 90018",90,34.0342801787_-118.333104873_90.jpg,1,0.6923,tent
api_test_workflow_v2_20pct_model6_2026-05-07_batch2,34.042829577,-118.274500053,"1317 S ALBANY ST, 90015",0,34.042829577_-118.274500053_0.jpg,1,0.6363,tent
api_test_workflow_v2_20pct_model6_2026-05-07_batch2,34.0180897691,-118.408718135,"10757 W VENICE BLVD, 90034",90,34.0180897691_-118.408718135_90.jpg,1,0.772,tent
api_test_workflow_v2_20pct_model6_2026-05-07_batch2,34.0902401189,-118.286759203,"1014 N VIRGIL AVE, 90029",0,34.0902401189_-118.286759203_0.jpg,1,0.8887,tent
api_test_workflow_v2_20pct_model6_2026-05-07_batch2,33.973977651,-118.260210907,"815 E 73RD ST, 90001",180,33.973977651_-118.260210907_180.jpg,1,0.8321,tent
api_test_workflow_v2_20pct_model6_2026-05-07_batch2,34.1135452892,-118.244827768,"3020 W SAN FERNANDO ROAD, 90065",90,34.1135452892_-118.244827768_90.jpg,1,0.6133,tent
api_test_workflow_v2_20pct_model6_2026-05-07_batch2,34.2399733094,-118.400965291,"9415 N TELFAIR AVE, 91352",90,34.2399733094_-118.400965291_90.jpg,1,0.8362,tent
api_test_workflow_v2_20pct_model6_2026-05-07_batch2,34.0755123861,-118.383629073,"102 N ROBERTSON BLVD, 90048",180,34.0755123861_-118.383629073_180.jpg,1,0.6323,tent
api_test_workflow_v2_20pct_model6_2026-05-07_batch2,34.0899244465,-118.295178363,"1017 N HELIOTROPE DR, 90029",270,34.0899244465_-118.295178363_270.jpg,1,0.6485,tent
api_test_workflow_v2_20pct_model6_2026-05-07_batch2,34.0180879931,-118.204231023,"3463 E PICO BLVD, 90023",180,34.0180879931_-118.204231023_180.jpg,1,0.9018,tent
api_test_workflow_v2_20pct_model6_2026-05-07_batch2,34.0769257241,-118.290685966,"311 N JUANITA AVE, 90004",180,34.0769257241_-118.290685966_180.jpg,1,0.6523,tent
api_test_workflow_v2_20pct_model6_2026-05-07_batch2,34.0769257241,-118.290685966,"311 N JUANITA AVE, 90004",270,34.0769257241_-118.290685966_270.jpg,1,0.9046,tent
api_test_workflow_v2_20pct_model6_2026-05-07_batch2,34.0571767663,-118.298942823,"819 S MARIPOSA AVE, 90005",0,34.0571767663_-118.298942823_0.jpg,1,0.7541,tent
api_test_workflow_v2_20pct_model6_2026-05-07_batch2,34.0236284901,-118.233484474,"2193 E 14TH ST, 90021",270,34.0236284901_-118.233484474_270.jpg,1,0.7301,tent
api_test_workflow_v2_20pct_model6_2026-05-07_batch2,34.0573299657,-118.274219747,"1917 W WILSHIRE BLVD, 90057",90,34.0573299657_-118.274219747_90.jpg,1,0.7544,tent
api_test_workflow_v2_20pct_model6_2026-05-07_batch2,34.0804273469,-118.309806429,"4911 W MAPLEWOOD AVE, 90004",270,34.0804273469_-118.309806429_270.jpg,2,0.8548,tent
api_test_workflow_v2_20pct_model6_2026-05-07_batch2,34.061617946,-118.258461238,"114 N TOLUCA ST, 90026",180,34.061617946_-118.258461238_180.jpg,1,0.7141,tent
api_test_workflow_v2_20pct_model6_2026-05-07_batch2,34.2367230496,-118.368617354,"10909 W TUXFORD ST, 91352",90,34.2367230496_-118.368617354_90.jpg,1,0.7015,tent
api_test_workflow_v2_20pct_model6_2026-05-07_batch2,34.0738788001,-118.210262706,"3001 N NORTH BROADWAY, 90031",180,34.0738788001_-118.210262706_180.jpg,1,0.6487,tent
api_test_workflow_v2_20pct_model6_2026-05-07_batch2,34.0796661922,-118.293049851,"517 N NEW HAMPSHIRE AVE, 90004",270,34.0796661922_-118.293049851_270.jpg,1,0.8905,tent
api_test_workflow_v2_20pct_model6_2026-05-07_batch2,34.0728358409,-118.290421975,"108 S BIMINI PL, 90004",270,34.0728358409_-118.290421975_270.jpg,1,0.6779,tent
api_test_workflow_v2_20pct_model6_2026-05-07_batch2,33.9819590507,-118.311242494,"1969 W GAGE AVE, 90047",180,33.9819590507_-118.311242494_180.jpg,1,0.8154,tent
api_test_workflow_v2_20pct_model6_2026-05-07_batch2,34.0563606521,-118.265866823,"520 S COLUMBIA AVE, 90017",90,34.0563606521_-118.265866823_90.jpg,1,0.7463,tent
api_test_workflow_v2_20pct_model6_2026-05-07_batch2,34.1857560424,-118.450371559,"14575 W FRIAR ST, 91411",180,34.1857560424_-118.450371559_180.jpg,1,0.7431,tent
api_test_workflow_v2_20pct_model6_2026-05-07_batch2,33.9888962687,-118.27273065,"5830 S WOODLAWN AVE, 90003",270,33.9888962687_-118.27273065_270.jpg,1,0.6916,tent
api_test_workflow_v2_20pct_model6_2026-05-07_batch2,34.0347812768,-118.269034063,"1801 S HOPE ST, 90015",0,34.0347812768_-118.269034063_0.jpg,1,0.8562,tent
api_test_workflow_v2_20pct_model6_2026-05-07_batch2,34.0347812768,-118.269034063,"1801 S HOPE ST, 90015",90,34.0347812768_-118.269034063_90.jpg,1,0.88,tent
api_test_workflow_v2_20pct_model6_2026-05-07_batch2,34.1798293135,-118.533278246,"18374 W OXNARD ST, 91356",0,34.1798293135_-118.533278246_0.jpg,1,0.7888,tent
api_test_workflow_v2_20pct_model6_2026-05-07_batch2,34.0526189827,-118.298977144,"OLYMPIC BLVD AT MARIPOSA AVE, 90006",0,34.0526189827_-118.298977144_0.jpg,1,0.8249,tent
api_test_workflow_v2_20pct_model6_2026-05-07_batch2,33.9945872948,-118.475867807,"202 E SUNSET AVE, 90291",90,33.9945872948_-118.475867807_90.jpg,2,0.8447,tent
api_test_workflow_v2_20pct_model6_2026-05-07_batch2,33.9945872948,-118.475867807,"202 E SUNSET AVE, 90291",180,33.9945872948_-118.475867807_180.jpg,3,0.8529,tent
api_test_workflow_v2_20pct_model6_2026-05-07_batch2,34.0665498433,-118.269368054,"115 N MOUNTAIN VIEW AVE, 90026",90,34.0665498433_-118.269368054_90.jpg,1,0.9463,tent
api_test_workflow_v2_20pct_model6_2026-05-07_batch2,34.2378124932,-118.603811881,"9218 N JORDAN AVE, 91311",0,34.2378124932_-118.603811881_0.jpg,2,0.804,tent
api_test_workflow_v2_20pct_model6_2026-05-07_batch2,33.7836684679,-118.239202724,"939 N VREELAND AVE, 90744",0,33.7836684679_-118.239202724_0.jpg,1,0.9069,tent
api_test_workflow_v2_20pct_model6_2026-05-07_batch2,34.2254999041,-118.386936001,"8567 N CAYUGA AVE, 91352",180,34.2254999041_-118.386936001_180.jpg,1,0.7644,tent
api_test_workflow_v2_20pct_model6_2026-05-07_batch2,34.1756905494,-118.570170201,"20066 W HATTERAS ST, 91367",270,34.1756905494_-118.570170201_270.jpg,1,0.8085,tent
api_test_workflow_v2_20pct_model6_2026-05-07_batch2,34.0493473218,-118.437191747,"10872 W SANTA MONICA BLVD, 90025",90,34.0493473218_-118.437191747_90.jpg,1,0.8193,tent
api_test_workflow_v2_20pct_model6_2026-05-07_batch2,34.0706770823,-118.164219265,"2238 N LILLYVALE AVE, 90032",90,34.0706770823_-118.164219265_90.jpg,1,0.6108,tent
api_test_workflow_v2_20pct_model6_2026-05-07_batch2,34.2426661739,-118.594777521,"9501 N ETON AVE, 91311",180,34.2426661739_-118.594777521_180.jpg,1,0.7417,tent
api_test_workflow_v2_20pct_model6_2026-05-07_batch2,33.9967228251,-118.417361379,"4460 S KENSINGTON ROAD, 90066",270,33.9967228251_-118.417361379_270.jpg,1,0.6905,tent
api_test_workflow_v2_20pct_model6_2026-05-07_batch2,34.0284320737,-118.240937702,"918 S LONG BEACH AVE, 90021",90,34.0284320737_-118.240937702_90.jpg,1,0.8862,tent
api_test_workflow_v2_20pct_model6_2026-05-07_batch2,34.0618505406,-118.310809481,"3855 W WILSHIRE BLVD, 90010",270,34.0618505406_-118.310809481_270.jpg,1,0.9117,tent
api_test_workflow_v2_20pct_model6_2026-05-07_batch2,34.1906988639,-118.399714917,"6620 N ST CLAIR AVE, 91606",270,34.1906988639_-118.399714917_270.jpg,1,0.7039,tent
api_test_workflow_v2_20pct_model6_2026-05-07_batch2,34.0863313579,-118.308656761,"5123 W LEMON GROVE AVE, 90029",0,34.0863313579_-118.308656761_0.jpg,2,0.8404,tent
api_test_workflow_v2_20pct_model6_2026-05-07_batch2,34.0539006743,-118.27401772,"736 S BURLINGTON AVE, 90057",180,34.0539006743_-118.27401772_180.jpg,1,0.8288,tent
api_test_workflow_v2_20pct_model6_2026-05-07_batch2,34.0275166473,-118.232006005,"1484 S MATEO ST, 90021",270,34.0275166473_-118.232006005_270.jpg,1,0.6382,tent
api_test_workflow_v2_20pct_model6_2026-05-07_batch2,34.1735415997,-118.553506445,"TAMPA AVE AT VENTURA FRWY, 91356",270,34.1735415997_-118.553506445_270.jpg,1,0.7247,tent
api_test_workflow_v2_20pct_model6_2026-05-07_batch2,33.9981121784,-118.256044874,"1119 E 50TH ST, 90011",0,33.9981121784_-118.256044874_0.jpg,1,0.9093,tent
api_test_workflow_v2_20pct_model6_2026-05-07_batch2,34.2573981436,-118.586806865,"20801 W DEVONSHIRE ST, 91311",90,34.2573981436_-118.586806865_90.jpg,1,0.6324,tent
api_test_workflow_v2_20pct_model6_2026-05-07_batch2,34.3006458634,-118.459986924,"15030 W OSWALD ST, 91342",90,34.3006458634_-118.459986924_90.jpg,1,0.8418,tent
api_test_workflow_v2_20pct_model6_2026-05-07_batch2,34.0184555379,-118.244843713,"2015 S COMPTON AVE, 90011",90,34.0184555379_-118.244843713_90.jpg,2,0.8852,tent
api_test_workflow_v2_20pct_model6_2026-05-07_batch2,34.0417489552,-118.205060229,"2727 E 1ST ST, 90033",0,34.0417489552_-118.205060229_0.jpg,1,0.6654,tent
api_test_workflow_v2_20pct_model6_2026-05-07_batch2,34.0417489552,-118.205060229,"2727 E 1ST ST, 90033",180,34.0417489552_-118.205060229_180.jpg,2,0.764,tent
api_test_workflow_v2_20pct_model6_2026-05-07_batch2,34.0282012286,-118.248515067,"1428 S ESSEX ST, 90021",270,34.0282012286_-118.248515067_270.jpg,1,0.8322,tent
api_test_workflow_v2_20pct_model6_2026-05-07_batch2,34.0237339478,-118.233882585,"2181 E 14TH ST, 90021",180,34.0237339478_-118.233882585_180.jpg,1,0.7408,tent
api_test_workflow_v2_20pct_model6_2026-05-07_batch2,34.0237339478,-118.233882585,"2181 E 14TH ST, 90021",270,34.0237339478_-118.233882585_270.jpg,2,0.8271,tent
api_test_workflow_v2_20pct_model6_2026-05-07_batch2,34.0341037335,-118.269062898,"1824 S HOPE ST, 90015",90,34.0341037335_-118.269062898_90.jpg,1,0.8619,tent
api_test_workflow_v2_20pct_model6_2026-05-07_batch2,34.0898850708,-118.306549494,"SIERRA VISTA AVE AT SERRANO AVE, 90029",0,34.0898850708_-118.306549494_0.jpg,1,0.8719,tent
api_test_workflow_v2_20pct_model6_2026-05-07_batch2,34.0898850708,-118.306549494,"SIERRA VISTA AVE AT SERRANO AVE, 90029",90,34.0898850708_-118.306549494_90.jpg,2,0.8049,tent
api_test_workflow_v2_20pct_model6_2026-05-07_batch2,34.0898850708,-118.306549494,"SIERRA VISTA AVE AT SERRANO AVE, 90029",270,34.0898850708_-118.306549494_270.jpg,1,0.6664,tent
api_test_workflow_v2_20pct_model6_2026-05-07_batch2,33.972923926,-118.278537885,"7329 S BROADWAY, 90003",90,33.972923926_-118.278537885_90.jpg,1,0.729,tent
api_test_workflow_v2_20pct_model6_2026-05-07_batch2,34.0467609758,-118.285536042,"1315 S ARAPAHOE ST, 90006",270,34.0467609758_-118.285536042_270.jpg,1,0.8624,tent
api_test_workflow_v2_20pct_model6_2026-05-07_batch2,34.0340719105,-118.440811672,"11406 W PICO BLVD, 90064",90,34.0340719105_-118.440811672_90.jpg,1,0.8212,tent
api_test_workflow_v2_20pct_model6_2026-05-07_batch2,34.1571957602,-118.379984239,"4750 N KRAFT AVE, 91602",0,34.1571957602_-118.379984239_0.jpg,1,0.8643,tent
api_test_workflow_v2_20pct_model6_2026-05-07_batch2,33.9976832828,-118.460724632,"1407 S LINCOLN BLVD, 90291",180,33.9976832828_-118.460724632_180.jpg,1,0.7032,tent
api_test_workflow_v2_20pct_model6_2026-05-07_batch2,34.1713079812,-118.376431014,"5547 N ELMER AVE, 91601",0,34.1713079812_-118.376431014_0.jpg,1,0.6929,tent
api_test_workflow_v2_20pct_model6_2026-05-07_batch2,34.0672484763,-118.292482147,"3322 W 4TH ST, 90020",270,34.0672484763_-118.292482147_270.jpg,1,0.826,tent
api_test_workflow_v2_20pct_model6_2026-05-07_batch2,34.0786691653,-118.164666864,"5516 E ALHAMBRA AVE, 90032",90,34.0786691653_-118.164666864_90.jpg,1,0.6434,tent
api_test_workflow_v2_20pct_model6_2026-05-07_batch2,34.027282254,-118.366404223,"5501 W BODEN ST, 90016",0,34.027282254_-118.366404223_0.jpg,1,0.8369,tent
api_test_workflow_v2_20pct_model6_2026-05-07_batch2,34.030129648,-118.387543932,"8875 W VENICE BLVD, 90034",180,34.030129648_-118.387543932_180.jpg,1,0.6459,tent
api_test_workflow_v2_20pct_model6_2026-05-07_batch2,34.027073309,-118.245655773,"1355 E NEWTON ST, 90021",270,34.027073309_-118.245655773_270.jpg,1,0.8071,tent
api_test_workflow_v2_20pct_model6_2026-05-07_batch2,33.9896798354,-118.475992282,"1017 S OCEAN FRONT WALK, 90291",0,33.9896798354_-118.475992282_0.jpg,1,0.7244,tent
api_test_workflow_v2_20pct_model6_2026-05-07_batch2,34.0497338717,-118.219970974,"214 N ECHANDIA ST, 90033",90,34.0497338717_-118.219970974_90.jpg,1,0.794,tent
api_test_workflow_v2_20pct_model6_2026-05-07_batch2,34.1685977143,-118.364893154,"10732 W CHANDLER BLVD, 91601",270,34.1685977143_-118.364893154_270.jpg,1,0.7334,tent
api_test_workflow_v2_20pct_model6_2026-05-07_batch2,34.2276549847,-118.533009993,"18342 W EDDY ST, 91325",180,34.2276549847_-118.533009993_180.jpg,1,0.8319,tent
api_test_workflow_v2_20pct_model6_2026-05-07_batch2,34.0494021322,-118.196010401,"3016 E WABASH AVE, 90063",180,34.0494021322_-118.196010401_180.jpg,2,0.8144,tent
api_test_workflow_v2_20pct_model6_2026-05-07_batch2,34.0328209459,-118.267510749,"1843 S OLIVE ST, 90015",0,34.0328209459_-118.267510749_0.jpg,1,0.7678,tent
api_test_workflow_v2_20pct_model6_2026-05-07_batch2,34.0328209459,-118.267510749,"1843 S OLIVE ST, 90015",270,34.0328209459_-118.267510749_270.jpg,1,0.9127,tent
api_test_workflow_v2_20pct_model6_2026-05-07_batch2,34.0297018907,-118.397562835,"3358 S OAKHURST AVE, 90034",270,34.0297018907_-118.397562835_270.jpg,1,0.8878,tent
api_test_workflow_v2_20pct_model6_2026-05-07_batch2,34.0342864939,-118.360677029,"5421 W APPLE ST, 90016",90,34.0342864939_-118.360677029_90.jpg,1,0.7529,tent
api_test_workflow_v2_20pct_model6_2026-05-07_batch2,34.2573030157,-118.499084315,"16830 W DEVONSHIRE ST, 91344",0,34.2573030157_-118.499084315_0.jpg,2,0.8588,tent
api_test_workflow_v2_20pct_model6_2026-05-07_batch2,34.0276327093,-118.267428334,"114 W 23RD ST, 90007",180,34.0276327093_-118.267428334_180.jpg,1,0.6539,tent
api_test_workflow_v2_20pct_model6_2026-05-07_batch2,34.0315749618,-118.33124858,"4061 W 28TH ST, 90018",270,34.0315749618_-118.33124858_270.jpg,1,0.7518,tent
api_test_workflow_v2_20pct_model6_2026-05-07_batch2,34.0628949213,-118.362613024,"6128 W WILSHIRE BLVD, 90048",0,34.0628949213_-118.362613024_0.jpg,3,0.8535,tent
api_test_workflow_v2_20pct_model6_2026-05-07_batch2,34.0628949213,-118.362613024,"6128 W WILSHIRE BLVD, 90048",90,34.0628949213_-118.362613024_90.jpg,1,0.8534,tent
api_test_workflow_v2_20pct_model6_2026-05-07_batch2,34.0786438642,-118.376416968,"418 N LA CIENEGA BLVD, 90048",270,34.0786438642_-118.376416968_270.jpg,1,0.6084,tent
api_test_workflow_v2_20pct_model6_2026-05-07_batch2,34.0764191302,-118.373056872,"308 N ORLANDO AVE, 90048",270,34.0764191302_-118.373056872_270.jpg,1,0.8716,tent
api_test_workflow_v2_20pct_model6_2026-05-07_batch2,34.0833595412,-118.29648496,"672 N KENMORE AVE, 90004",180,34.0833595412_-118.29648496_180.jpg,1,0.8025,tent
api_test_workflow_v2_20pct_model6_2026-05-07_batch2,34.0572410165,-118.295579913,"813 S CATALINA ST, 90005",180,34.0572410165_-118.295579913_180.jpg,2,0.8444,tent
api_test_workflow_v2_20pct_model6_2026-05-07_batch2,34.0572410165,-118.295579913,"813 S CATALINA ST, 90005",270,34.0572410165_-118.295579913_270.jpg,1,0.9224,tent
api_test_workflow_v2_20pct_model6_2026-05-07_batch2,34.0683304861,-118.295297024,"322 S CATALINA ST, 90020",90,34.0683304861_-118.295297024_90.jpg,1,0.8616,tent
api_test_workflow_v2_20pct_model6_2026-05-07_batch2,34.0526069634,-118.272316141,"759 S UNION AVE, 90017",0,34.0526069634_-118.272316141_0.jpg,1,0.7376,tent
api_test_workflow_v2_20pct_model6_2026-05-07_batch2,34.0222346983,-118.240334447,"1630 S MCGARRY ST, 90021",0,34.0222346983_-118.240334447_0.jpg,1,0.7412,tent
api_test_workflow_v2_20pct_model6_2026-05-07_batch2,34.0160919208,-118.230553511,"2401 S SANTA FE AVE, 90058",0,34.0160919208_-118.230553511_0.jpg,1,0.779,tent
api_test_workflow_v2_20pct_model6_2026-05-07_batch2,34.0160919208,-118.230553511,"2401 S SANTA FE AVE, 90058",90,34.0160919208_-118.230553511_90.jpg,1,0.9043,tent
api_test_workflow_v2_20pct_model6_2026-05-07_batch2,34.0781457517,-118.291932362,"411 N VERMONT AVE, 90004",180,34.0781457517_-118.291932362_180.jpg,1,0.8273,tent
api_test_workflow_v2_20pct_model6_2026-05-07_batch2,34.036681774,-118.251282912,"967 S SAN PEDRO ST, 90015",0,34.036681774_-118.251282912_0.jpg,2,0.8408,tent
api_test_workflow_v2_20pct_model6_2026-05-07_batch2,34.036681774,-118.251282912,"967 S SAN PEDRO ST, 90015",270,34.036681774_-118.251282912_270.jpg,3,0.8477,tent
api_test_workflow_v2_20pct_model6_2026-05-07_batch2,34.1466789227,-118.396004802,"12095 W VALLEYHEART DR, 91604",90,34.1466789227_-118.396004802_90.jpg,1,0.6526,tent
api_test_workflow_v2_20pct_model6_2026-05-07_batch2,34.0150030956,-118.265105549,"3400 S AVALON BLVD, 90011",180,34.0150030956_-118.265105549_180.jpg,1,0.7387,tent
api_test_workflow_v2_20pct_model6_2026-05-07_batch2,34.0269526144,-118.242022678,"1230 S COMPTON AVE, 90021",90,34.0269526144_-118.242022678_90.jpg,1,0.8921,tent
api_test_workflow_v2_20pct_model6_2026-05-07_batch2,34.0707745371,-118.280460663,"101 S OCCIDENTAL BLVD, 90057",270,34.0707745371_-118.280460663_270.jpg,4,0.868,tent
api_test_workflow_v2_20pct_model6_2026-05-07_batch2,34.0302761704,-118.24580665,"1174 E 12TH ST, 90021",180,34.0302761704_-118.24580665_180.jpg,1,0.8363,tent
api_test_workflow_v2_20pct_model6_2026-05-07_batch2,34.0919816498,-118.162177641,"5444 E HUNTINGTON DR SOUTH, 90032",180,34.0919816498_-118.162177641_180.jpg,1,0.8464,tent
api_test_workflow_v2_20pct_model6_2026-05-07_batch2,34.0978055583,-118.299341319,"1444 N MARIPOSA AVE, 90027",180,34.0978055583_-118.299341319_180.jpg,1,0.8836,tent
api_test_workflow_v2_20pct_model6_2026-05-07_batch2,34.0511929213,-118.307325004,"1048 S OXFORD AVE, 90006",90,34.0511929213_-118.307325004_90.jpg,1,0.94,tent
api_test_workflow_v2_20pct_model6_2026-05-07_batch2,34.0511929213,-118.307325004,"1048 S OXFORD AVE, 90006",180,34.0511929213_-118.307325004_180.jpg,2,0.748,tent
api_test_workflow_v2_20pct_model6_2026-05-07_batch2,34.0442026249,-118.224777924,"1440 E BOYD ST, 90033",90,34.0442026249_-118.224777924_90.jpg,1,0.8494,tent
api_test_workflow_v2_20pct_model6_2026-05-07_batch2,34.0377476837,-118.297711443,"2013 1/2 S RAYMOND AVE, 90007",90,34.0377476837_-118.297711443_90.jpg,1,0.8515,tent
api_test_workflow_v2_20pct_model6_2026-05-07_batch2,34.3089983591,-118.428923319,"13535 W HUBBARD ST, 91342",90,34.3089983591_-118.428923319_90.jpg,1,0.7981,tent
api_test_workflow_v2_20pct_model6_2026-05-07_batch2,34.0258146069,-118.245569541,"1385 E 15TH ST, 90021",180,34.0258146069_-118.245569541_180.jpg,1,0.779,tent
api_test_workflow_v2_20pct_model6_2026-05-07_batch2,34.0612913581,-118.257879004,"1301 W 1ST ST, 90026",270,34.0612913581_-118.257879004_270.jpg,1,0.8252,tent
api_test_workflow_v2_20pct_model6_2026-05-07_batch2,33.7799198082,-118.26678487,"401 W ANAHEIM ST, 90744",0,33.7799198082_-118.26678487_0.jpg,1,0.6671,tent
api_test_workflow_v2_20pct_model6_2026-05-07_batch2,34.1668884643,-118.371724796,"11038 W WEDDINGTON ST, 91601",90,34.1668884643_-118.371724796_90.jpg,1,0.8754,tent
api_test_workflow_v2_20pct_model6_2026-05-07_batch2,34.0661042576,-118.27017707,"109 S MOUNTAIN VIEW AVE, 90057",0,34.0661042576_-118.27017707_0.jpg,1,0.7155,tent
api_test_workflow_v2_20pct_model6_2026-05-07_batch2,34.0661042576,-118.27017707,"109 S MOUNTAIN VIEW AVE, 90057",90,34.0661042576_-118.27017707_90.jpg,1,0.8353,tent
api_test_workflow_v2_20pct_model6_2026-05-07_batch2,34.0661042576,-118.27017707,"109 S MOUNTAIN VIEW AVE, 90057",270,34.0661042576_-118.27017707_270.jpg,1,0.8487,tent
api_test_workflow_v2_20pct_model6_2026-05-07_batch2,34.0030076484,-118.273721257,"105 E 45TH ST, 90011",180,34.0030076484_-118.273721257_180.jpg,2,0.9029,tent
api_test_workflow_v2_20pct_model6_2026-05-07_batch2,34.0030076484,-118.273721257,"105 E 45TH ST, 90011",270,34.0030076484_-118.273721257_270.jpg,1,0.6438,tent
api_test_workflow_v2_20pct_model6_2026-05-07_batch2,34.0517513163,-118.368921639,"5930 W PICO BLVD, 90035",90,34.0517513163_-118.368921639_90.jpg,1,0.7063,tent
api_test_workflow_v2_20pct_model6_2026-05-07_batch2,34.1699798219,-118.376329077,"CUMPSTON ST AT ELMER AVE, 91601",270,34.1699798219_-118.376329077_270.jpg,1,0.8947,tent
api_test_workflow_v2_20pct_model6_2026-05-07_batch2,33.9904888708,-118.31698699,"5714 S VAN NESS AVE, 90062",270,33.9904888708_-118.31698699_270.jpg,1,0.788,tent
api_test_workflow_v2_20pct_model6_2026-05-07_batch2,33.9536702885,-118.268728946,"320 E 91ST ST, 90003",180,33.9536702885_-118.268728946_180.jpg,1,0.6014,tent
api_test_workflow_v2_20pct_model6_2026-05-07_batch2,34.0475828461,-118.443635707,"11072 W SANTA MONICA BLVD, 90025",90,34.0475828461_-118.443635707_90.jpg,1,0.7807,tent
api_test_workflow_v2_20pct_model6_2026-05-07_batch2,34.2524082835,-118.29193551,"7323 W VALMONT ST, 91042",270,34.2524082835_-118.29193551_270.jpg,1,0.7685,tent
api_test_workflow_v2_20pct_model6_2026-05-07_batch2,34.0578575242,-118.256999512,"1155 W HUNTLEY DR, 90026",180,34.0578575242_-118.256999512_180.jpg,1,0.6415,tent
api_test_workflow_v2_20pct_model6_2026-05-07_batch2,34.0981534941,-118.349424879,"7315 W SUNSET BLVD, 90046",180,34.0981534941_-118.349424879_180.jpg,1,0.6521,tent
api_test_workflow_v2_20pct_model6_2026-05-07_batch2,34.2234408575,-118.451806795,"8421 N TOBIAS AVE, 91402",0,34.2234408575_-118.451806795_0.jpg,1,0.8285,tent
api_test_workflow_v2_20pct_model6_2026-05-07_batch2,34.2234408575,-118.451806795,"8421 N TOBIAS AVE, 91402",270,34.2234408575_-118.451806795_270.jpg,1,0.8834,tent
api_test_workflow_v2_20pct_model6_2026-05-07_batch2,34.2464734128,-118.276146255,"FOOTHILL BLVD AT TUJUNGA CANYON BLVD, 91042",0,34.2464734128_-118.276146255_0.jpg,1,0.6569,tent
api_test_workflow_v2_30pct_model6_2026-05-08,34.0572128019,-118.278888694,"2226 W 7TH ST, 90057",180,34.0572128019_-118.278888694_180.jpg,1,0.6412,tent
api_test_workflow_v2_30pct_model6_2026-05-08,34.2172237481,-118.614991225,"22401 W LANARK ST, 91304",90,34.2172237481_-118.614991225_90.jpg,1,0.7946,tent
api_test_workflow_v2_30pct_model6_2026-05-08,34.0585662802,-118.288393974,"2960 W LEEWARD AVE, 90005",180,34.0585662802_-118.288393974_180.jpg,1,0.8814,tent
api_test_workflow_v2_30pct_model6_2026-05-08,34.0585662802,-118.288393974,"2960 W LEEWARD AVE, 90005",270,34.0585662802_-118.288393974_270.jpg,1,0.8048,tent
api_test_workflow_v2_30pct_model6_2026-05-08,34.0438970911,-118.246563876,"538 S WALL ST, 90013",180,34.0438970911_-118.246563876_180.jpg,2,0.7119,tent
api_test_workflow_v2_30pct_model6_2026-05-08,34.0663764089,-118.269477322,"101 N MOUNTAIN VIEW AVE, 90026",0,34.0663764089_-118.269477322_0.jpg,1,0.8249,tent
api_test_workflow_v2_30pct_model6_2026-05-08,34.0663764089,-118.269477322,"101 N MOUNTAIN VIEW AVE, 90026",90,34.0663764089_-118.269477322_90.jpg,1,0.658,tent
api_test_workflow_v2_30pct_model6_2026-05-08,34.0105748001,-118.278041375,"4021 S BROADWAY PL, 90037",270,34.0105748001_-118.278041375_270.jpg,1,0.8053,tent
api_test_workflow_v2_30pct_model6_2026-05-08,34.2753623513,-118.396385602,"11930 W FOOTHILL BLVD, 91342",180,34.2753623513_-118.396385602_180.jpg,1,0.793,tent
api_test_workflow_v2_30pct_model6_2026-05-08,33.9734611922,-118.28298544,"7301 S FIGUEROA ST, 90003",270,33.9734611922_-118.28298544_270.jpg,1,0.8355,tent
api_test_workflow_v2_30pct_model6_2026-05-08,34.1865084352,-118.51437599,"17500 W VICTORY BLVD, 91406",180,34.1865084352_-118.51437599_180.jpg,1,0.6788,tent
api_test_workflow_v2_30pct_model6_2026-05-08,34.0760418186,-118.298524116,"223 N ALEXANDRIA AVE, 90004",180,34.0760418186_-118.298524116_180.jpg,1,0.7034,tent
api_test_workflow_v2_30pct_model6_2026-05-08,34.0242105053,-118.234889844,"1412 S WILSON ST, 90021",90,34.0242105053_-118.234889844_90.jpg,1,0.833,tent
api_test_workflow_v2_30pct_model6_2026-05-08,34.0242105053,-118.234889844,"1412 S WILSON ST, 90021",270,34.0242105053_-118.234889844_270.jpg,1,0.8305,tent
api_test_workflow_v2_30pct_model6_2026-05-08,34.0292550062,-118.242419833,"1607 E 10TH ST, 90021",90,34.0292550062_-118.242419833_90.jpg,1,0.9071,tent
api_test_workflow_v2_30pct_model6_2026-05-08,34.0292550062,-118.242419833,"1607 E 10TH ST, 90021",180,34.0292550062_-118.242419833_180.jpg,2,0.7193,tent
api_test_workflow_v2_30pct_model6_2026-05-08,34.0287784586,-118.241737912,"925 S HOOPER AVE, 90021",90,34.0287784586_-118.241737912_90.jpg,1,0.8253,tent
api_test_workflow_v2_30pct_model6_2026-05-08,34.058441716,-118.272465007,"6TH ST AT BONNIE BRAE ST, 90057",0,34.058441716_-118.272465007_0.jpg,1,0.6146,tent
api_test_workflow_v2_30pct_model6_2026-05-08,34.058441716,-118.272465007,"6TH ST AT BONNIE BRAE ST, 90057",90,34.058441716_-118.272465007_90.jpg,1,0.8195,tent
api_test_workflow_v2_30pct_model6_2026-05-08,34.0389207093,-118.244370894,"700 S STANFORD AVE, 90021",180,34.0389207093_-118.244370894_180.jpg,1,0.8251,tent
api_test_workflow_v2_30pct_model6_2026-05-08,34.0389207093,-118.244370894,"700 S STANFORD AVE, 90021",270,34.0389207093_-118.244370894_270.jpg,1,0.7972,tent
api_test_workflow_v2_30pct_model6_2026-05-08,34.2629994273,-118.420271114,"10620 N ILEX AVE, 91331",90,34.2629994273_-118.420271114_90.jpg,1,0.7884,tent
api_test_workflow_v2_30pct_model6_2026-05-08,33.988834746,-118.475511599,"1216 S OCEAN FRONT WALK, 90291",270,33.988834746_-118.475511599_270.jpg,1,0.715,tent
api_test_workflow_v2_30pct_model6_2026-05-08,34.1007210402,-118.309130747,"1652 N WESTERN AVE, 90027",0,34.1007210402_-118.309130747_0.jpg,1,0.6071,tent
api_test_workflow_v2_30pct_model6_2026-05-08,34.0569231955,-118.295677222,"827 S CATALINA ST, 90005",0,34.0569231955_-118.295677222_0.jpg,1,0.6136,tent
api_test_workflow_v2_30pct_model6_2026-05-08,34.273985745,-118.411795468,"11208 N GLENOAKS BLVD, 91331",180,34.273985745_-118.411795468_180.jpg,2,0.8752,tent
api_test_workflow_v2_30pct_model6_2026-05-08,34.0298387177,-118.241900953,"1600 E OLYMPIC BLVD, 90021",180,34.0298387177_-118.241900953_180.jpg,1,0.6872,tent
api_test_workflow_v2_30pct_model6_2026-05-08,34.0531532193,-118.274841246,"807 S BURLINGTON AVE, 90057",0,34.0531532193_-118.274841246_0.jpg,1,0.7618,tent
api_test_workflow_v2_30pct_model6_2026-05-08,34.0372816073,-118.214330671,"611 S SOTO ST, 90023",180,34.0372816073_-118.214330671_180.jpg,1,0.8442,tent
api_test_workflow_v2_30pct_model6_2026-05-08,33.7743104695,-118.260607776,"402 N BROAD AVE, 90744",0,33.7743104695_-118.260607776_0.jpg,1,0.6938,tent
api_test_workflow_v2_30pct_model6_2026-05-08,34.1974577538,-118.423085589,"13300 W HART ST, 91605",90,34.1974577538_-118.423085589_90.jpg,1,0.7764,tent
api_test_workflow_v2_30pct_model6_2026-05-08,34.0191124114,-118.263192912,"656 E 29TH ST, 90011",180,34.0191124114_-118.263192912_180.jpg,2,0.9283,tent
api_test_workflow_v2_30pct_model6_2026-05-08,34.0191124114,-118.263192912,"656 E 29TH ST, 90011",270,34.0191124114_-118.263192912_270.jpg,5,0.8166,tent
api_test_workflow_v2_30pct_model6_2026-05-08,33.9761778648,-118.265210325,"70TH ST AT AVALON BLVD, 90003",270,33.9761778648_-118.265210325_270.jpg,1,0.8395,tent
api_test_workflow_v2_30pct_model6_2026-05-08,34.0962524319,-118.205465448,"138 E SYCAMORE PARK DR, 90031",270,34.0962524319_-118.205465448_270.jpg,1,0.6115,tent
api_test_workflow_v2_30pct_model6_2026-05-08,34.1149389299,-118.235775474,"3500 N EAGLE ROCK BLVD, 90065",90,34.1149389299_-118.235775474_90.jpg,1,0.627,tent
api_test_workflow_v2_30pct_model6_2026-05-08,34.0686443071,-118.26086182,"520 N GLENDALE BLVD, 90026",270,34.0686443071_-118.26086182_270.jpg,1,0.7235,tent
api_test_workflow_v2_30pct_model6_2026-05-08,34.061682418,-118.309128168,"WESTERN AVE AT WILSHIRE BLVD, 90010",0,34.061682418_-118.309128168_0.jpg,1,0.7192,tent
api_test_workflow_v2_30pct_model6_2026-05-08,34.0189631593,-118.26437817,"629 E 30TH ST, 90011",90,34.0189631593_-118.26437817_90.jpg,1,0.77,tent
api_test_workflow_v2_30pct_model6_2026-05-08,34.0189631593,-118.26437817,"629 E 30TH ST, 90011",180,34.0189631593_-118.26437817_180.jpg,2,0.8441,tent
api_test_workflow_v2_30pct_model6_2026-05-08,34.0526579691,-118.264928205,"658 S LUCAS AVE, 90017",90,34.0526579691_-118.264928205_90.jpg,1,0.8514,tent
api_test_workflow_v2_30pct_model6_2026-05-08,34.0526579691,-118.264928205,"658 S LUCAS AVE, 90017",180,34.0526579691_-118.264928205_180.jpg,1,0.848,tent
api_test_workflow_v2_30pct_model6_2026-05-08,34.0794228511,-118.164532552,"2911 N DORCHESTER AVE, 90032",180,34.0794228511_-118.164532552_180.jpg,3,0.7529,tent
api_test_workflow_v2_30pct_model6_2026-05-08,33.9771628571,-118.332580161,"6739 S VICTORIA AVE, 90043",270,33.9771628571_-118.332580161_270.jpg,2,0.7,tent
api_test_workflow_v2_30pct_model6_2026-05-08,34.1690635118,-118.385750135,"5409 N WESTPARK DR, 91601",90,34.1690635118_-118.385750135_90.jpg,1,0.6959,tent
api_test_workflow_v2_30pct_model6_2026-05-08,34.1526938125,-118.452838791,"14659 W MOORPARK ST, 91403",180,34.1526938125_-118.452838791_180.jpg,1,0.8727,tent
api_test_workflow_v2_30pct_model6_2026-05-08,34.3192042159,-118.484141427,"16211 W FILBERT ST, 91342",270,34.3192042159_-118.484141427_270.jpg,1,0.8249,tent
api_test_workflow_v2_30pct_model6_2026-05-08,34.0315541896,-118.431371319,"SEPULVEDA BLVD AT SANTA MONICA FRWY, 90064",180,34.0315541896_-118.431371319_180.jpg,1,0.8739,tent
api_test_workflow_v2_30pct_model6_2026-05-08,34.0315541896,-118.431371319,"SEPULVEDA BLVD AT SANTA MONICA FRWY, 90064",270,34.0315541896_-118.431371319_270.jpg,1,0.875,tent
api_test_workflow_v2_30pct_model6_2026-05-08,33.9152636809,-118.290816373,"840 W 129TH ST, 90247",90,33.9152636809_-118.290816373_90.jpg,1,0.818,tent
api_test_workflow_v2_30pct_model6_2026-05-08,34.029399009,-118.256543922,"1623 S SAN PEDRO ST, 90015",0,34.029399009_-118.256543922_0.jpg,1,0.8551,tent
api_test_workflow_v2_30pct_model6_2026-05-08,33.9972244402,-118.459789243,"1501 S LINCOLN BLVD, 90291",270,33.9972244402_-118.459789243_270.jpg,1,0.647,tent
api_test_workflow_v2_30pct_model6_2026-05-08,34.1633757717,-118.544261452,"5213 N CREBS AVE, 91356",180,34.1633757717_-118.544261452_180.jpg,1,0.8579,tent
api_test_workflow_v2_30pct_model6_2026-05-08,33.9882398788,-118.475275811,"1309 S OCEAN FRONT WALK, 90291",0,33.9882398788_-118.475275811_0.jpg,1,0.7543,tent
api_test_workflow_v2_30pct_model6_2026-05-08,34.0406937296,-118.301043979,"1819 S NORMANDIE AVE, 90006",90,34.0406937296_-118.301043979_90.jpg,1,0.8946,tent
api_test_workflow_v2_30pct_model6_2026-05-08,34.1525964936,-118.45792235,"14911 W VENTURA BLVD, 91403",0,34.1525964936_-118.45792235_0.jpg,1,0.8034,tent
api_test_workflow_v2_30pct_model6_2026-05-08,34.0451671418,-118.243618282,"427 S SAN PEDRO ST, 90013",0,34.0451671418_-118.243618282_0.jpg,1,0.8651,tent
api_test_workflow_v2_30pct_model6_2026-05-08,34.0451671418,-118.243618282,"427 S SAN PEDRO ST, 90013",180,34.0451671418_-118.243618282_180.jpg,1,0.7497,tent
api_test_workflow_v2_30pct_model6_2026-05-08,34.050836374,-118.434012082,"SANTA MONICA BLVD AT SELBY AVE, 90025",0,34.050836374_-118.434012082_0.jpg,1,0.774,tent
api_test_workflow_v2_30pct_model6_2026-05-08,34.0374781817,-118.243603963,"720 S CERES AVE, 90021",90,34.0374781817_-118.243603963_90.jpg,1,0.9026,tent
api_test_workflow_v2_30pct_model6_2026-05-08,34.0374781817,-118.243603963,"720 S CERES AVE, 90021",180,34.0374781817_-118.243603963_180.jpg,1,0.8675,tent
api_test_workflow_v2_30pct_model6_2026-05-08,34.0502690346,-118.323858732,"1178 S BRONSON AVE, 90019",0,34.0502690346_-118.323858732_0.jpg,1,0.7727,tent
api_test_workflow_v2_30pct_model6_2026-05-08,33.9804035904,-118.265409253,"6501 S AVALON BLVD, 90003",270,33.9804035904_-118.265409253_270.jpg,1,0.8788,tent
api_test_workflow_v2_30pct_model6_2026-05-08,34.0542246091,-118.283896605,"943 S CARONDELET ST, 90006",0,34.0542246091_-118.283896605_0.jpg,1,0.8157,tent
api_test_workflow_v2_30pct_model6_2026-05-08,34.0615226283,-118.258654227,"TOLUCA ST AT 1ST ST, 90026",180,34.0615226283_-118.258654227_180.jpg,1,0.7845,tent
api_test_workflow_v2_30pct_model6_2026-05-08,34.0574773283,-118.29558074,"805 S CATALINA ST, 90005",180,34.0574773283_-118.29558074_180.jpg,1,0.7812,tent
api_test_workflow_v2_30pct_model6_2026-05-08,34.0574773283,-118.29558074,"805 S CATALINA ST, 90005",270,34.0574773283_-118.29558074_270.jpg,1,0.7872,tent
api_test_workflow_v2_30pct_model6_2026-05-08,34.1953179411,-118.448506888,"6850 N VAN NUYS BLVD, 91405",0,34.1953179411_-118.448506888_0.jpg,1,0.7457,tent
api_test_workflow_v2_30pct_model6_2026-05-08,34.0557905211,-118.277499387,"727 S ALVARADO ST, 90057",270,34.0557905211_-118.277499387_270.jpg,1,0.6633,tent
api_test_workflow_v2_30pct_model6_2026-05-08,34.0677937097,-118.281804602,"256 S OCCIDENTAL BLVD, 90057",0,34.0677937097_-118.281804602_0.jpg,1,0.925,tent
api_test_workflow_v2_30pct_model6_2026-05-08,34.0677937097,-118.281804602,"256 S OCCIDENTAL BLVD, 90057",270,34.0677937097_-118.281804602_270.jpg,1,0.9035,tent
api_test_workflow_v2_30pct_model6_2026-05-08,34.0303176703,-118.391098242,"3310 S ROBERTSON BLVD, 90034",270,34.0303176703_-118.391098242_270.jpg,1,0.7823,tent
api_test_workflow_v2_30pct_model6_2026-05-08,34.2160126494,-118.4115447,"8000 N GOSFORD AVE, 91605",0,34.2160126494_-118.4115447_0.jpg,1,0.6484,tent
api_test_workflow_v2_30pct_model6_2026-05-08,34.2160126494,-118.4115447,"8000 N GOSFORD AVE, 91605",180,34.2160126494_-118.4115447_180.jpg,1,0.7207,tent
api_test_workflow_v2_30pct_model6_2026-05-08,34.0751010278,-118.289236503,"220 N MADISON AVE, 90004",180,34.0751010278_-118.289236503_180.jpg,2,0.8607,tent
api_test_workflow_v2_30pct_model6_2026-05-08,34.0751010278,-118.289236503,"220 N MADISON AVE, 90004",270,34.0751010278_-118.289236503_270.jpg,2,0.8247,tent
api_test_workflow_v2_30pct_model6_2026-05-08,34.1646974325,-118.373336516,"11122 W MAGNOLIA BLVD, 91601",0,34.1646974325_-118.373336516_0.jpg,1,0.6822,tent
api_test_workflow_v2_30pct_model6_2026-05-08,34.1809972334,-118.452979756,"6108 N CEDROS AVE, 91411",90,34.1809972334_-118.452979756_90.jpg,1,0.9018,tent
api_test_workflow_v2_30pct_model6_2026-05-08,34.1809972334,-118.452979756,"6108 N CEDROS AVE, 91411",180,34.1809972334_-118.452979756_180.jpg,1,0.9163,tent
api_test_workflow_v2_30pct_model6_2026-05-08,34.063145281,-118.362229341,"6141 W WILSHIRE BLVD, 90048",90,34.063145281_-118.362229341_90.jpg,1,0.6219,tent
api_test_workflow_v2_30pct_model6_2026-05-08,33.9861271779,-118.256480043,"59TH PL AT CENTRAL AVE, 90001",180,33.9861271779_-118.256480043_180.jpg,1,0.6728,tent
api_test_workflow_v2_30pct_model6_2026-05-08,34.0772523889,-118.279261177,"3112 W LONDON ST, 90026",180,34.0772523889_-118.279261177_180.jpg,1,0.638,tent
api_test_workflow_v2_30pct_model6_2026-05-08,34.0366849726,-118.268808616,"1600 S FLOWER ST, 90015",270,34.0366849726_-118.268808616_270.jpg,1,0.6981,tent
api_test_workflow_v2_30pct_model6_2026-05-08,34.044407089,-118.272348404,"1312 W 12TH ST, 90015",0,34.044407089_-118.272348404_0.jpg,1,0.8137,tent
api_test_workflow_v2_30pct_model6_2026-05-08,34.0286032465,-118.249539628,"1101 E 14TH PL, 90021",90,34.0286032465_-118.249539628_90.jpg,2,0.9351,tent
api_test_workflow_v2_30pct_model6_2026-05-08,34.059917064,-118.302988233,"696 S KINGSLEY DR, 90005",90,34.059917064_-118.302988233_90.jpg,1,0.8095,tent
api_test_workflow_v2_30pct_model6_2026-05-08,34.0507686054,-118.290744622,"11TH ST AT MENLO AVE, 90006",0,34.0507686054_-118.290744622_0.jpg,2,0.7178,tent
api_test_workflow_v2_30pct_model6_2026-05-08,34.0976796821,-118.299332712,"1440 N MARIPOSA AVE, 90027",270,34.0976796821_-118.299332712_270.jpg,1,0.8757,tent
api_test_workflow_v2_30pct_model6_2026-05-08,34.1023388305,-118.235812664,"2011 W CYPRESS AVE, 90065",0,34.1023388305_-118.235812664_0.jpg,1,0.6961,tent
api_test_workflow_v2_30pct_model6_2026-05-08,34.0741716417,-118.205390985,"2409 N THOMAS ST, 90031",270,34.0741716417_-118.205390985_270.jpg,1,0.7676,tent
api_test_workflow_v2_30pct_model6_2026-05-08,33.9734309187,-118.376454683,"7133 S LA TIJERA BLVD, 90045",0,33.9734309187_-118.376454683_0.jpg,1,0.7047,tent
api_test_workflow_v2_30pct_model6_2026-05-08,34.0282340742,-118.248487058,"1426 S ESSEX ST, 90021",270,34.0282340742_-118.248487058_270.jpg,1,0.8322,tent
api_test_workflow_v2_30pct_model6_2026-05-08,33.9488670425,-118.265357827,"9611 S AVALON BLVD, 90003",180,33.9488670425_-118.265357827_180.jpg,1,0.6768,tent
api_test_workflow_v2_30pct_model6_2026-05-08,34.0490226878,-118.203738169,"620 N FICKETT ST, 90033",90,34.0490226878_-118.203738169_90.jpg,1,0.6115,tent
api_test_workflow_v2_30pct_model6_2026-05-08,34.1676825056,-118.604536232,"21913 W COSTANSO ST, 91364",0,34.1676825056_-118.604536232_0.jpg,1,0.85,tent
api_test_workflow_v2_30pct_model6_2026-05-08,34.0256806767,-118.235773825,"1330 S ELWOOD ST, 90021",0,34.0256806767_-118.235773825_0.jpg,1,0.8942,tent
api_test_workflow_v2_30pct_model6_2026-05-08,34.150454838,-118.370940323,"11013 W MOORPARK ST, 91602",0,34.150454838_-118.370940323_0.jpg,1,0.8703,tent
api_test_workflow_v2_30pct_model6_2026-05-08,34.0615780773,-118.235319091,"901 N NORTH MAIN ST, 90012",270,34.0615780773_-118.235319091_270.jpg,1,0.8246,tent
api_test_workflow_v2_30pct_model6_2026-05-08,34.0540981133,-118.26793607,"1340 W WILSHIRE BLVD, 90017",0,34.0540981133_-118.26793607_0.jpg,2,0.8913,tent
api_test_workflow_v2_30pct_model6_2026-05-08,34.0540981133,-118.26793607,"1340 W WILSHIRE BLVD, 90017",90,34.0540981133_-118.26793607_90.jpg,1,0.8654,tent
api_test_workflow_v2_30pct_model6_2026-05-08,33.9921726812,-118.47571696,"808 S PACIFIC AVE, 90291",90,33.9921726812_-118.47571696_90.jpg,1,0.8506,tent
api_test_workflow_v2_30pct_model6_2026-05-08,34.0419236185,-118.243200267,"543 S TOWNE AVE, 90013",270,34.0419236185_-118.243200267_270.jpg,1,0.9088,tent
api_test_workflow_v2_30pct_model6_2026-05-08,34.0684791742,-118.295296306,"314 S CATALINA ST, 90020",180,34.0684791742_-118.295296306_180.jpg,1,0.7616,tent
api_test_workflow_v2_30pct_model6_2026-05-08,34.1925299631,-118.475179149,"6721 N HASKELL AVE, 91406",180,34.1925299631_-118.475179149_180.jpg,1,0.7484,tent
api_test_workflow_v2_30pct_model6_2026-05-08,34.2231690131,-118.451816083,"8401 N TOBIAS AVE, 91402",0,34.2231690131_-118.451816083_0.jpg,1,0.851,tent
api_test_workflow_v2_30pct_model6_2026-05-08,34.1874483115,-118.447089078,"14412 W GILMORE ST, 91401",0,34.1874483115_-118.447089078_0.jpg,1,0.8183,tent
api_test_workflow_v2_30pct_model6_2026-05-08,34.1874483115,-118.447089078,"14412 W GILMORE ST, 91401",90,34.1874483115_-118.447089078_90.jpg,1,0.7344,tent
api_test_workflow_v2_30pct_model6_2026-05-08,34.0275144854,-118.246326191,"1327 E NEWTON ST, 90021",90,34.0275144854_-118.246326191_90.jpg,1,0.6026,tent
api_test_workflow_v2_30pct_model6_2026-05-08,34.0275144854,-118.246326191,"1327 E NEWTON ST, 90021",180,34.0275144854_-118.246326191_180.jpg,2,0.8563,tent
api_test_workflow_v2_30pct_model6_2026-05-08,34.0275144854,-118.246326191,"1327 E NEWTON ST, 90021",270,34.0275144854_-118.246326191_270.jpg,1,0.7998,tent
api_test_workflow_v2_30pct_model6_2026-05-08,34.0362296877,-118.298449708,"1732 W 22ND ST, 90007",0,34.0362296877_-118.298449708_0.jpg,1,0.9096,tent
api_test_workflow_v2_30pct_model6_2026-05-08,34.0963491637,-118.298682401,"1337 N ALEXANDRIA AVE, 90027",90,34.0963491637_-118.298682401_90.jpg,1,0.6881,tent
api_test_workflow_v2_30pct_model6_2026-05-08,33.9980906212,-118.313222519,"1853 W 50TH ST, 90062",180,33.9980906212_-118.313222519_180.jpg,1,0.7815,tent
api_test_workflow_v2_30pct_model6_2026-05-08,34.0620006424,-118.309313008,"647 S WESTERN AVE, 90010",0,34.0620006424_-118.309313008_0.jpg,3,0.813,tent
api_test_workflow_v2_30pct_model6_2026-05-08,34.0931506735,-118.327543783,"6324 W LA MIRADA AVE, 90038",90,34.0931506735_-118.327543783_90.jpg,1,0.7465,tent
api_test_workflow_v2_30pct_model6_2026-05-08,34.0491175919,-118.274563144,"1600 W OLYMPIC BLVD, 90015",0,34.0491175919_-118.274563144_0.jpg,1,0.7472,tent
api_test_workflow_v2_30pct_model6_2026-05-08,34.0491175919,-118.274563144,"1600 W OLYMPIC BLVD, 90015",90,34.0491175919_-118.274563144_90.jpg,1,0.774,tent
api_test_workflow_v2_30pct_model6_2026-05-08,34.0491175919,-118.274563144,"1600 W OLYMPIC BLVD, 90015",180,34.0491175919_-118.274563144_180.jpg,1,0.728,tent
api_test_workflow_v2_30pct_model6_2026-05-08,34.0186793345,-118.264278152,"656 E 30TH ST, 90011",90,34.0186793345_-118.264278152_90.jpg,1,0.8126,tent
api_test_workflow_v2_30pct_model6_2026-05-08,34.0186793345,-118.264278152,"656 E 30TH ST, 90011",180,34.0186793345_-118.264278152_180.jpg,2,0.8783,tent
api_test_workflow_v2_30pct_model6_2026-05-08,34.0186793345,-118.264278152,"656 E 30TH ST, 90011",270,34.0186793345_-118.264278152_270.jpg,1,0.8714,tent
api_test_workflow_v2_30pct_model6_2026-05-08,34.0498310185,-118.267805697,"1203 W 8TH ST, 90017",90,34.0498310185_-118.267805697_90.jpg,1,0.7836,tent
api_test_workflow_v2_30pct_model6_2026-05-08,34.0937048815,-118.282043466,"1157 N MYRA AVE, 90029",90,34.0937048815_-118.282043466_90.jpg,3,0.8673,tent
api_test_workflow_v2_30pct_model6_2026-05-08,34.0937048815,-118.282043466,"1157 N MYRA AVE, 90029",180,34.0937048815_-118.282043466_180.jpg,1,0.8654,tent
api_test_workflow_v2_30pct_model6_2026-05-08,33.9913819635,-118.477511229,"723 S OCEAN FRONT WALK, 90291",270,33.9913819635_-118.477511229_270.jpg,1,0.9031,tent
api_test_workflow_v2_30pct_model6_2026-05-08,34.0904796982,-118.294842718,"1036 N HELIOTROPE DR, 90029",0,34.0904796982_-118.294842718_0.jpg,2,0.8631,tent
api_test_workflow_v2_30pct_model6_2026-05-08,34.0418393345,-118.280100582,"1128 W VENICE BLVD, 90015",0,34.0418393345_-118.280100582_0.jpg,1,0.877,tent
api_test_workflow_v2_30pct_model6_2026-05-08,34.0418393345,-118.280100582,"1128 W VENICE BLVD, 90015",270,34.0418393345_-118.280100582_270.jpg,2,0.7824,tent
api_test_workflow_v2_30pct_model6_2026-05-08,34.2594030511,-118.305094693,"7902 W FOOTHILL BLVD, 91040",180,34.2594030511_-118.305094693_180.jpg,1,0.8996,tent
api_test_workflow_v2_30pct_model6_2026-05-08,33.9363904868,-118.279063195,"314 W 109TH PL, 90061",270,33.9363904868_-118.279063195_270.jpg,1,0.8518,tent
api_test_workflow_v2_30pct_model6_2026-05-08,34.0540864353,-118.266890031,"1303 W WILSHIRE BLVD, 90017",0,34.0540864353_-118.266890031_0.jpg,1,0.7915,tent
api_test_workflow_v2_30pct_model6_2026-05-08,34.0540864353,-118.266890031,"1303 W WILSHIRE BLVD, 90017",90,34.0540864353_-118.266890031_90.jpg,2,0.8118,tent
api_test_workflow_v2_30pct_model6_2026-05-08,34.0540864353,-118.266890031,"1303 W WILSHIRE BLVD, 90017",270,34.0540864353_-118.266890031_270.jpg,1,0.7523,tent
api_test_workflow_v2_30pct_model6_2026-05-08,34.0375641137,-118.297304166,"2018 S RAYMOND AVE, 90007",180,34.0375641137_-118.297304166_180.jpg,1,0.8986,tent
api_test_workflow_v2_30pct_model6_2026-05-08,34.1953159379,-118.590505857,"6854 N INDEPENDENCE AVE, 91303",180,34.1953159379_-118.590505857_180.jpg,1,0.8763,tent
api_test_workflow_v2_30pct_model6_2026-05-08,34.0315675554,-118.331295358,"4063 W 28TH ST, 90018",270,34.0315675554_-118.331295358_270.jpg,1,0.7518,tent
api_test_workflow_v2_30pct_model6_2026-05-08,34.0268423182,-118.242032225,"1236 S COMPTON AVE, 90021",0,34.0268423182_-118.242032225_0.jpg,1,0.8135,tent
api_test_workflow_v2_30pct_model6_2026-05-08,34.0268423182,-118.242032225,"1236 S COMPTON AVE, 90021",90,34.0268423182_-118.242032225_90.jpg,1,0.8512,tent
api_test_workflow_v2_30pct_model6_2026-05-08,34.0186041239,-118.24470737,"2013 S COMPTON AVE, 90011",90,34.0186041239_-118.24470737_90.jpg,1,0.8237,tent
api_test_workflow_v2_30pct_model6_2026-05-08,34.0297299644,-118.280281708,"806 1/2 W ADAMS BLVD, 90007",180,34.0297299644_-118.280281708_180.jpg,1,0.8219,tent
api_test_workflow_v2_30pct_model6_2026-05-08,34.2053347502,-118.44900753,"7411 N VAN NUYS BLVD, 91405",0,34.2053347502_-118.44900753_0.jpg,1,0.679,tent
api_test_workflow_v2_30pct_model6_2026-05-08,34.241229723,-118.59842214,"21420 W GLEDHILL ST, 91311",0,34.241229723_-118.59842214_0.jpg,1,0.8354,tent
api_test_workflow_v2_30pct_model6_2026-05-08,34.241229723,-118.59842214,"21420 W GLEDHILL ST, 91311",270,34.241229723_-118.59842214_270.jpg,2,0.8295,tent
api_test_workflow_v2_30pct_model6_2026-05-08,34.0514040489,-118.290568137,"1036 S MENLO AVE, 90006",270,34.0514040489_-118.290568137_270.jpg,2,0.6198,tent
api_test_workflow_v2_30pct_model6_2026-05-08,34.2572428544,-118.499555448,"16840 W DEVONSHIRE ST, 91344",0,34.2572428544_-118.499555448_0.jpg,1,0.8239,tent
api_test_workflow_v2_30pct_model6_2026-05-08,34.0511463739,-118.284418417,"1091 S HOOVER ST, 90006",270,34.0511463739_-118.284418417_270.jpg,1,0.7482,tent
api_test_workflow_v2_30pct_model6_2026-05-08,34.0977963857,-118.367002079,"8166 W SUNSET BLVD, 90046",90,34.0977963857_-118.367002079_90.jpg,1,0.66,tent
api_test_workflow_v2_30pct_model6_2026-05-08,33.9741273225,-118.265025294,"7218 S AVALON BLVD, 90003",90,33.9741273225_-118.265025294_90.jpg,1,0.745,tent
api_test_workflow_v2_30pct_model6_2026-05-08,33.9506998108,-118.265013562,"9410 S AVALON BLVD, 90003",270,33.9506998108_-118.265013562_270.jpg,1,0.8066,tent
api_test_workflow_v2_30pct_model6_2026-05-08,34.0282793885,-118.248868009,"1129 E 14TH PL, 90021",0,34.0282793885_-118.248868009_0.jpg,1,0.8594,tent
api_test_workflow_v2_30pct_model6_2026-05-08,34.0282793885,-118.248868009,"1129 E 14TH PL, 90021",90,34.0282793885_-118.248868009_90.jpg,1,0.6594,tent
api_test_workflow_v2_30pct_model6_2026-05-08,34.0668105943,-118.2928045,"416 S NEW HAMPSHIRE AVE, 90020",0,34.0668105943_-118.2928045_0.jpg,1,0.7744,tent
api_test_workflow_v2_30pct_model6_2026-05-08,34.0668105943,-118.2928045,"416 S NEW HAMPSHIRE AVE, 90020",90,34.0668105943_-118.2928045_90.jpg,2,0.8611,tent
api_test_workflow_v2_30pct_model6_2026-05-08,34.0365592238,-118.242192782,"716 S MERCHANT ST, 90021",90,34.0365592238_-118.242192782_90.jpg,1,0.7369,tent
api_test_workflow_v2_30pct_model6_2026-05-08,34.0296364193,-118.387213868,"8886 W VENICE BLVD, 90034",0,34.0296364193_-118.387213868_0.jpg,1,0.7247,tent
api_test_workflow_v2_30pct_model6_2026-05-08,34.0264506526,-118.210174364,"1107 S EUCLID AVE, 90023",90,34.0264506526_-118.210174364_90.jpg,1,0.8771,tent
api_test_workflow_v2_30pct_model6_2026-05-08,34.0722481762,-118.215800399,"2313 N DALY ST, 90031",270,34.0722481762_-118.215800399_270.jpg,2,0.9,tent
api_test_workflow_v2_30pct_model6_2026-05-08,34.0424606999,-118.243538061,"540 S CROCKER ST, 90013",90,34.0424606999_-118.243538061_90.jpg,2,0.8551,tent
api_test_workflow_v2_30pct_model6_2026-05-08,34.0424606999,-118.243538061,"540 S CROCKER ST, 90013",180,34.0424606999_-118.243538061_180.jpg,3,0.8463,tent
api_test_workflow_v2_30pct_model6_2026-05-08,34.0289536519,-118.240845128,"1700 E OLYMPIC BLVD, 90021",180,34.0289536519_-118.240845128_180.jpg,1,0.8293,tent
api_test_workflow_v2_30pct_model6_2026-05-08,34.0897483763,-118.306587609,"1057 N SERRANO AVE, 90029",0,34.0897483763_-118.306587609_0.jpg,2,0.8663,tent
api_test_workflow_v2_30pct_model6_2026-05-08,34.2248678553,-118.384594619,"TUXFORD ST AT TELFAIR AVE, 91352",90,34.2248678553_-118.384594619_90.jpg,1,0.8507,tent
api_test_workflow_v2_30pct_model6_2026-05-08,34.0410360868,-118.274493966,"1407 OAK ST, 90015",0,34.0410360868_-118.274493966_0.jpg,1,0.6816,tent
api_test_workflow_v2_30pct_model6_2026-05-08,34.0247953675,-118.4119223,"3469 S OVERLAND AVE, 90034",90,34.0247953675_-118.4119223_90.jpg,1,0.725,tent
api_test_workflow_v2_30pct_model6_2026-05-08,34.0544005389,-118.283481649,"932 S CARONDELET ST, 90006",270,34.0544005389_-118.283481649_270.jpg,1,0.7885,tent
api_test_workflow_v2_30pct_model6_2026-05-08,34.0571363316,-118.269967488,"1624 W 6TH ST, 90017",0,34.0571363316_-118.269967488_0.jpg,1,0.6915,tent
api_test_workflow_v2_30pct_model6_2026-05-08,34.1937818521,-118.379994076,"11428 W VANOWEN ST, 91605",270,34.1937818521_-118.379994076_270.jpg,1,0.6351,tent
api_test_workflow_v2_30pct_model6_2026-05-08,34.0201976626,-118.24679719,"2002 S HOOPER AVE, 90011",0,34.0201976626_-118.24679719_0.jpg,4,0.6773,tent
api_test_workflow_v2_30pct_model6_2026-05-08,34.0517263065,-118.322238988,"4013 1/2 W COUNTRY CLUB DR, 90019",270,34.0517263065_-118.322238988_270.jpg,1,0.8745,tent
api_test_workflow_v2_30pct_model6_2026-05-08,34.0586650797,-118.283557245,"738 S RAMPART BLVD, 90057",90,34.0586650797_-118.283557245_90.jpg,1,0.8775,tent
api_test_workflow_v2_30pct_model6_2026-05-08,34.0586650797,-118.283557245,"738 S RAMPART BLVD, 90057",180,34.0586650797_-118.283557245_180.jpg,1,0.8961,tent
api_test_workflow_v2_30pct_model6_2026-05-08,33.9361639478,-118.291391477,"10956 S VERMONT AVE, 90044",270,33.9361639478_-118.291391477_270.jpg,1,0.8356,tent
api_test_workflow_v2_30pct_model6_2026-05-08,34.0754873356,-118.383628652,"100 N ROBERTSON BLVD, 90048",180,34.0754873356_-118.383628652_180.jpg,1,0.6323,tent
api_test_workflow_v2_30pct_model6_2026-05-08,34.0109792711,-118.271503196,"200 E MARTIN LUTHER KING, JR BLVD, 90011",270,34.0109792711_-118.271503196_270.jpg,2,0.7086,tent
api_test_workflow_v2_30pct_model6_2026-05-08,34.1643781543,-118.377608282,"5149 N BAKMAN AVE, 91601",0,34.1643781543_-118.377608282_0.jpg,1,0.7425,tent
api_test_workflow_v2_30pct_model6_2026-05-08,34.2348677866,-118.369428735,"10941 W LA TUNA CANYON ROAD, 91352",180,34.2348677866_-118.369428735_180.jpg,3,0.8248,tent
api_test_workflow_v2_30pct_model6_2026-05-08,34.2348677866,-118.369428735,"10941 W LA TUNA CANYON ROAD, 91352",270,34.2348677866_-118.369428735_270.jpg,2,0.7775,tent
api_test_workflow_v2_30pct_model6_2026-05-08,34.0034473071,-118.291775032,"4403 S VERMONT AVE, 90037",0,34.0034473071_-118.291775032_0.jpg,1,0.7511,tent
api_test_workflow_v2_30pct_model6_2026-05-08,34.035124715,-118.453851486,"11871 W LA GRANGE AVE, 90025",0,34.035124715_-118.453851486_0.jpg,1,0.8757,tent
api_test_workflow_v2_30pct_model6_2026-05-08,34.0458641259,-118.271078892,"11TH ST AT BLAINE ST, 90015",270,34.0458641259_-118.271078892_270.jpg,1,0.8259,tent
api_test_workflow_v2_30pct_model6_2026-05-08,34.0493854889,-118.437050757,"10866 W SANTA MONICA BLVD, 90025",0,34.0493854889_-118.437050757_0.jpg,1,0.7541,tent
api_test_workflow_v2_30pct_model6_2026-05-08,34.0493854889,-118.437050757,"10866 W SANTA MONICA BLVD, 90025",180,34.0493854889_-118.437050757_180.jpg,2,0.8327,tent
api_test_workflow_v2_30pct_model6_2026-05-08,34.200136553,-118.466037391,"7134 N SEPULVEDA BLVD, 91405",270,34.200136553_-118.466037391_270.jpg,1,0.811,tent
api_test_workflow_v2_30pct_model6_2026-05-08,34.0310704224,-118.391382604,"9014 W NATIONAL BLVD, 90034",180,34.0310704224_-118.391382604_180.jpg,2,0.7329,tent
api_test_workflow_v2_30pct_model6_2026-05-08,34.0219125464,-118.276922084,"3300 S HOPE ST, 90007",0,34.0219125464_-118.276922084_0.jpg,1,0.8358,tent
api_test_workflow_v2_30pct_model6_2026-05-08,34.0219125464,-118.276922084,"3300 S HOPE ST, 90007",270,34.0219125464_-118.276922084_270.jpg,3,0.8736,tent
api_test_workflow_v2_30pct_model6_2026-05-08,34.1726621232,-118.372944195,"5614 N FULCHER AVE, 91601",180,34.1726621232_-118.372944195_180.jpg,1,0.73,tent
api_test_workflow_v2_30pct_model6_2026-05-08,34.0573399373,-118.295580333,"811 S CATALINA ST, 90005",180,34.0573399373_-118.295580333_180.jpg,2,0.878,tent
api_test_workflow_v2_30pct_model6_2026-05-08,34.0573399373,-118.295580333,"811 S CATALINA ST, 90005",270,34.0573399373_-118.295580333_270.jpg,1,0.863,tent
api_test_workflow_v2_30pct_model6_2026-05-08,34.2275227748,-118.387164285,"8712 N TELFAIR AVE, 91352",90,34.2275227748_-118.387164285_90.jpg,1,0.6404,tent
api_test_workflow_v2_30pct_model6_2026-05-08,34.1670807932,-118.371725378,"11041 W WEDDINGTON ST, 91601",90,34.1670807932_-118.371725378_90.jpg,1,0.8754,tent
api_test_workflow_v2_30pct_model6_2026-05-08,34.0117325984,-118.277287345,"3925 S BROADWAY PL, 90037",0,34.0117325984_-118.277287345_0.jpg,1,0.6545,tent
api_test_workflow_v2_30pct_model6_2026-05-08,34.0517468229,-118.368822703,"1405 S HI POINT ST, 90035",90,34.0517468229_-118.368822703_90.jpg,1,0.7063,tent
api_test_workflow_v2_30pct_model6_2026-05-08,33.9987196581,-118.447539187,"WALGROVE AVE AT LUCILLE AVE, 90066",90,33.9987196581_-118.447539187_90.jpg,1,0.6774,tent
api_test_workflow_v2_30pct_model6_2026-05-08,34.140813146,-118.386006351,"11641 W VENTURA BLVD, 91604",0,34.140813146_-118.386006351_0.jpg,1,0.7336,tent
api_test_workflow_v2_30pct_model6_2026-05-08,34.2753809253,-118.396408567,"11932 W FOOTHILL BLVD, 91342",180,34.2753809253_-118.396408567_180.jpg,1,0.7407,tent
api_test_workflow_v2_30pct_model6_2026-05-08,34.0834234371,-118.353808464,"7514 W MELROSE AVE, 90046",0,34.0834234371_-118.353808464_0.jpg,1,0.6577,tent
api_test_workflow_v2_30pct_model6_2026-05-08,34.111887084,-118.246912131,"3013 W CASITAS AVE, 90039",270,34.111887084_-118.246912131_270.jpg,2,0.8541,tent
api_test_workflow_v2_30pct_model6_2026-05-08,34.0524062397,-118.281014552,"957 S LAKE ST, 90006",0,34.0524062397_-118.281014552_0.jpg,1,0.6992,tent
api_test_workflow_v2_30pct_model6_2026-05-08,34.2248496105,-118.572405114,"8500 N COMANCHE AVE, 91306",270,34.2248496105_-118.572405114_270.jpg,1,0.8512,tent
api_test_workflow_v2_30pct_model6_2026-05-08,34.0366505333,-118.268832804,"1606 S FLOWER ST, 90015",270,34.0366505333_-118.268832804_270.jpg,1,0.6981,tent
api_test_workflow_v2_30pct_model6_2026-05-08,34.0291674221,-118.242663217,"1600 E 10TH ST, 90021",90,34.0291674221_-118.242663217_90.jpg,1,0.8269,tent
api_test_workflow_v2_30pct_model6_2026-05-08,34.0291674221,-118.242663217,"1600 E 10TH ST, 90021",180,34.0291674221_-118.242663217_180.jpg,1,0.805,tent
api_test_workflow_v2_30pct_model6_2026-05-08,34.1546376182,-118.448936414,"4561 N VAN NUYS BLVD, 91403",90,34.1546376182_-118.448936414_90.jpg,1,0.8785,tent
api_test_workflow_v2_30pct_model6_2026-05-08,34.0187690517,-118.240425174,"1944 S MCGARRY ST, 90058",180,34.0187690517_-118.240425174_180.jpg,1,0.6639,tent
api_test_workflow_v2_30pct_model6_2026-05-08,34.246478842,-118.421673778,"SUNBURST ST AT REMICK AVE, 91331",0,34.246478842_-118.421673778_0.jpg,1,0.8315,tent
api_test_workflow_v2_30pct_model6_2026-05-08,34.246478842,-118.421673778,"SUNBURST ST AT REMICK AVE, 91331",180,34.246478842_-118.421673778_180.jpg,1,0.7971,tent
api_test_workflow_v2_30pct_model6_2026-05-08,34.0226446593,-118.240686287,"1617 S MCGARRY ST, 90021",0,34.0226446593_-118.240686287_0.jpg,2,0.8916,tent
api_test_workflow_v2_30pct_model6_2026-05-08,34.0226446593,-118.240686287,"1617 S MCGARRY ST, 90021",90,34.0226446593_-118.240686287_90.jpg,3,0.9155,tent
api_test_workflow_v2_30pct_model6_2026-05-08,34.0531490741,-118.3145544,"10TH ST AT WILTON PL, 90019",90,34.0531490741_-118.3145544_90.jpg,1,0.666,tent
api_test_workflow_v2_30pct_model6_2026-05-08,34.1163412185,-118.267038602,"SUNNYNOOK DR AT LEGION LANE, 90039",0,34.1163412185_-118.267038602_0.jpg,1,0.7358,tent
api_test_workflow_v2_30pct_model6_2026-05-08,34.2836449075,-118.407395094,"11814 N BROMONT AVE, 91331",180,34.2836449075_-118.407395094_180.jpg,1,0.6665,tent
api_test_workflow_v2_30pct_model6_2026-05-08,34.1050237524,-118.323526659,"6138 W FRANKLIN AVE, 90028",270,34.1050237524_-118.323526659_270.jpg,1,0.7859,tent
api_test_workflow_v2_30pct_model6_2026-05-08,34.1936950627,-118.496640733,"16654 W VANOWEN ST, 91406",90,34.1936950627_-118.496640733_90.jpg,1,0.7484,tent
api_test_workflow_v2_30pct_model6_2026-05-08,34.0342099391,-118.360923476,"RIDGELEY DR AT APPLE ST, 90016",270,34.0342099391_-118.360923476_270.jpg,1,0.8931,tent
api_test_workflow_v2_30pct_model6_2026-05-08,34.0170344711,-118.244131663,"1661 E 22ND ST, 90011",270,34.0170344711_-118.244131663_270.jpg,1,0.7982,tent
api_test_workflow_v2_30pct_model6_2026-05-08,34.0320126975,-118.377476533,"6105 W MELVIL ST, 90034",90,34.0320126975_-118.377476533_90.jpg,1,0.8419,tent
api_test_workflow_v2_30pct_model6_2026-05-08,33.9627860075,-118.273802898,"8400 S MAIN ST, 90003",180,33.9627860075_-118.273802898_180.jpg,1,0.8364,tent
api_test_workflow_v2_30pct_model6_2026-05-08,33.9903868387,-118.300069378,"5720 S NORMANDIE AVE, 90037",180,33.9903868387_-118.300069378_180.jpg,1,0.8928,tent
api_test_workflow_v2_30pct_model6_2026-05-08,34.0650579716,-118.25239243,"460 N BOYLSTON ST, 90012",90,34.0650579716_-118.25239243_90.jpg,1,0.8682,tent
api_test_workflow_v2_30pct_model6_2026-05-08,34.078246497,-118.2221058,"326 N AVENUE 21, 90031",90,34.078246497_-118.2221058_90.jpg,2,0.9209,tent
api_test_workflow_v2_30pct_model6_2026-05-08,34.0624296939,-118.278491101,"503 S CARONDELET ST, 90057",0,34.0624296939_-118.278491101_0.jpg,1,0.7454,tent
api_test_workflow_v2_remaining_model6_2026-05-08,34.0378554942,-118.219422089,"BOYLE AVE AT HOLLENBECK DR, 90023",270,34.0378554942_-118.219422089_270.jpg,1,0.6267,tent
api_test_workflow_v2_remaining_model6_2026-05-08,33.9271368526,-118.278931351,"316 W 117TH ST, 90061",90,33.9271368526_-118.278931351_90.jpg,1,0.641,tent
api_test_workflow_v2_remaining_model6_2026-05-08,34.2187587098,-118.390675807,"8175 N WEBB AVE, 91605",90,34.2187587098_-118.390675807_90.jpg,1,0.9021,tent
api_test_workflow_v2_remaining_model6_2026-05-08,34.1011901661,-118.31161481,"1673 N ST ANDREWS PL, 90028",180,34.1011901661_-118.31161481_180.jpg,2,0.9138,tent
api_test_workflow_v2_remaining_model6_2026-05-08,34.1011901661,-118.31161481,"1673 N ST ANDREWS PL, 90028",270,34.1011901661_-118.31161481_270.jpg,1,0.8964,tent
api_test_workflow_v2_remaining_model6_2026-05-08,34.0749550902,-118.224155741,"1809 N BARRANCA ST, 90031",180,34.0749550902_-118.224155741_180.jpg,2,0.7786,tent
api_test_workflow_v2_remaining_model6_2026-05-08,33.931213788,-118.230841389,"MONA BLVD AT 114TH ST, 90059",180,33.931213788_-118.230841389_180.jpg,1,0.7492,tent
api_test_workflow_v2_remaining_model6_2026-05-08,34.0456203122,-118.311460891,"1422 S ST ANDREWS PL, 90019",180,34.0456203122_-118.311460891_180.jpg,1,0.6763,tent
api_test_workflow_v2_remaining_model6_2026-05-08,34.2426559141,-118.450282766,"VAN NUYS BLVD AT PLUMMER ST, 91402",270,34.2426559141_-118.450282766_270.jpg,1,0.8036,tent
api_test_workflow_v2_remaining_model6_2026-05-08,33.9786131649,-118.461948957,"3516 S VIA DOLCE, 90292",180,33.9786131649_-118.461948957_180.jpg,1,0.6095,tent
api_test_workflow_v2_remaining_model6_2026-05-08,34.0143985212,-118.278097236,"3800 S HILL ST, 90037",0,34.0143985212_-118.278097236_0.jpg,1,0.7911,tent
api_test_workflow_v2_remaining_model6_2026-05-08,34.0143985212,-118.278097236,"3800 S HILL ST, 90037",90,34.0143985212_-118.278097236_90.jpg,1,0.8359,tent
api_test_workflow_v2_remaining_model6_2026-05-08,34.0143985212,-118.278097236,"3800 S HILL ST, 90037",180,34.0143985212_-118.278097236_180.jpg,1,0.889,tent
api_test_workflow_v2_remaining_model6_2026-05-08,34.0215921785,-118.273512092,"3130 S HILL ST, 90007",90,34.0215921785_-118.273512092_90.jpg,1,0.7828,tent
api_test_workflow_v2_remaining_model6_2026-05-08,34.0417034826,-118.24440386,"6TH ST AT CROCKER ST, 90021",90,34.0417034826_-118.24440386_90.jpg,4,0.862,tent
api_test_workflow_v2_remaining_model6_2026-05-08,34.0152175638,-118.244578123,"1567 E 25TH ST, 90011",180,34.0152175638_-118.244578123_180.jpg,1,0.8478,tent
api_test_workflow_v2_remaining_model6_2026-05-08,34.1995794198,-118.46604241,"7108 N SEPULVEDA BLVD, 91405",270,34.1995794198_-118.46604241_270.jpg,1,0.6938,tent
api_test_workflow_v2_remaining_model6_2026-05-08,34.0180871659,-118.204360313,"3459 E PICO BLVD, 90023",90,34.0180871659_-118.204360313_90.jpg,1,0.9105,tent
api_test_workflow_v2_remaining_model6_2026-05-08,34.2803231025,-118.316061296,"11540 N DOANE CANYON ROAD, 91040",90,34.2803231025_-118.316061296_90.jpg,1,0.6277,tent
api_test_workflow_v2_remaining_model6_2026-05-08,33.9862335499,-118.410832794,"12057 W ALBERTA DR, 90230",0,33.9862335499_-118.410832794_0.jpg,1,0.8696,tent
api_test_workflow_v2_remaining_model6_2026-05-08,34.0195266025,-118.263534901,"665 E 29TH ST, 90011",90,34.0195266025_-118.263534901_90.jpg,1,0.8353,tent
api_test_workflow_v2_remaining_model6_2026-05-08,34.241995405,-118.483392402,"16113 W GLEDHILL ST, 91343",0,34.241995405_-118.483392402_0.jpg,1,0.7028,tent
api_test_workflow_v2_remaining_model6_2026-05-08,34.0525526983,-118.272398862,"1601 W 8TH ST, 90017",0,34.0525526983_-118.272398862_0.jpg,1,0.8338,tent
api_test_workflow_v2_remaining_model6_2026-05-08,33.9874069022,-118.403382195,"11807 S BEATRICE ST, 90230",0,33.9874069022_-118.403382195_0.jpg,1,0.7482,tent
api_test_workflow_v2_remaining_model6_2026-05-08,34.021157192,-118.271295638,"3027 S MAIN ST, 90007",0,34.021157192_-118.271295638_0.jpg,1,0.8861,tent
api_test_workflow_v2_remaining_model6_2026-05-08,34.021157192,-118.271295638,"3027 S MAIN ST, 90007",180,34.021157192_-118.271295638_180.jpg,1,0.8204,tent
api_test_workflow_v2_remaining_model6_2026-05-08,34.2198180853,-118.595103015,"ROSCOE BLVD AT DEERING AVE, 91304",270,34.2198180853_-118.595103015_270.jpg,1,0.6231,tent
api_test_workflow_v2_remaining_model6_2026-05-08,34.0389074126,-118.28167429,"1115 W WASHINGTON BLVD, 90015",90,34.0389074126_-118.28167429_90.jpg,1,0.8995,tent
api_test_workflow_v2_remaining_model6_2026-05-08,34.0411451559,-118.274500525,"1405 S OAK ST, 90015",90,34.0411451559_-118.274500525_90.jpg,1,0.8988,tent
api_test_workflow_v2_remaining_model6_2026-05-08,34.0927574804,-118.16251296,"5417 E HUNTINGTON DR NORTH, 90032",90,34.0927574804_-118.16251296_90.jpg,1,0.8116,tent
api_test_workflow_v2_remaining_model6_2026-05-08,34.0724380148,-118.173539159,"5150 E ALHAMBRA AVE, 90032",180,34.0724380148_-118.173539159_180.jpg,1,0.8524,tent
api_test_workflow_v2_remaining_model6_2026-05-08,34.2319659802,-118.375223999,"11185 W TUXFORD ST, 91352",180,34.2319659802_-118.375223999_180.jpg,1,0.6769,tent
api_test_workflow_v2_remaining_model6_2026-05-08,34.2067039605,-118.447668986,"14435 W COHASSET ST, 91405",0,34.2067039605_-118.447668986_0.jpg,1,0.7685,tent
api_test_workflow_v2_remaining_model6_2026-05-08,34.2276476274,-118.434283359,"8685 N WOODMAN AVE, 91331",0,34.2276476274_-118.434283359_0.jpg,1,0.7715,tent
api_test_workflow_v2_remaining_model6_2026-05-08,34.04089166,-118.440593418,"2056 S COTNER AVE, 90025",180,34.04089166_-118.440593418_180.jpg,1,0.6029,tent
api_test_workflow_v2_remaining_model6_2026-05-08,34.0525331303,-118.281303177,"2215 W 10TH ST, 90006",90,34.0525331303_-118.281303177_90.jpg,2,0.7979,tent
api_test_workflow_v2_remaining_model6_2026-05-08,34.0587397698,-118.283485134,"720 S RAMPART BLVD, 90057",90,34.0587397698_-118.283485134_90.jpg,2,0.8266,tent
api_test_workflow_v2_remaining_model6_2026-05-08,34.0587397698,-118.283485134,"720 S RAMPART BLVD, 90057",180,34.0587397698_-118.283485134_180.jpg,1,0.8585,tent
api_test_workflow_v2_remaining_model6_2026-05-08,34.0570938412,-118.273648345,"1901 W WILSHIRE BLVD, 90057",90,34.0570938412_-118.273648345_90.jpg,2,0.8046,tent
api_test_workflow_v2_remaining_model6_2026-05-08,34.0585650964,-118.288592063,"2966 W LEEWARD AVE, 90005",90,34.0585650964_-118.288592063_90.jpg,1,0.8888,tent
api_test_workflow_v2_remaining_model6_2026-05-08,34.0585650964,-118.288592063,"2966 W LEEWARD AVE, 90005",180,34.0585650964_-118.288592063_180.jpg,2,0.845,tent
api_test_workflow_v2_remaining_model6_2026-05-08,34.0767622216,-118.307071453,"315 N SERRANO AVE, 90004",180,34.0767622216_-118.307071453_180.jpg,1,0.6748,tent
api_test_workflow_v2_remaining_model6_2026-05-08,34.0488395268,-118.235903544,"633 E 1ST ST, 90012",0,34.0488395268_-118.235903544_0.jpg,1,0.8427,tent
api_test_workflow_v2_remaining_model6_2026-05-08,34.0493321543,-118.267461552,"1172 W 8TH PL, 90017",90,34.0493321543_-118.267461552_90.jpg,1,0.7622,tent
api_test_workflow_v2_remaining_model6_2026-05-08,34.0282994188,-118.248769067,"1429 S ESSEX ST, 90021",270,34.0282994188_-118.248769067_270.jpg,1,0.8322,tent
api_test_workflow_v2_remaining_model6_2026-05-08,34.1987561036,-118.449143939,"7045 N VAN NUYS BLVD, 91405",90,34.1987561036_-118.449143939_90.jpg,1,0.6191,tent
api_test_workflow_v2_remaining_model6_2026-05-08,34.0898271319,-118.287255716,"4409 W WILLOW BROOK AVE, 90029",0,34.0898271319_-118.287255716_0.jpg,1,0.697,tent
api_test_workflow_v2_remaining_model6_2026-05-08,34.0898271319,-118.287255716,"4409 W WILLOW BROOK AVE, 90029",270,34.0898271319_-118.287255716_270.jpg,2,0.8588,tent
api_test_workflow_v2_remaining_model6_2026-05-08,34.0453915178,-118.245538666,"437 S WALL ST, 90013",180,34.0453915178_-118.245538666_180.jpg,1,0.6592,tent
api_test_workflow_v2_remaining_model6_2026-05-08,34.0182637723,-118.208823454,"1456 S CONCORD ST, 90023",180,34.0182637723_-118.208823454_180.jpg,1,0.7574,tent
api_test_workflow_v2_remaining_model6_2026-05-08,34.1018412739,-118.317513961,"5871 W HOLLYWOOD BLVD, 90028",180,34.1018412739_-118.317513961_180.jpg,2,0.8414,tent
api_test_workflow_v2_remaining_model6_2026-05-08,34.0477280467,-118.344006236,"4930 W PICO BLVD, 90019",0,34.0477280467_-118.344006236_0.jpg,1,0.6302,tent
api_test_workflow_v2_remaining_model6_2026-05-08,33.7742098882,-118.259005789,"320 E D ST, 90744",0,33.7742098882_-118.259005789_0.jpg,1,0.9212,tent
api_test_workflow_v2_remaining_model6_2026-05-08,33.7742098882,-118.259005789,"320 E D ST, 90744",90,33.7742098882_-118.259005789_90.jpg,2,0.9005,tent
api_test_workflow_v2_remaining_model6_2026-05-08,33.7742098882,-118.259005789,"320 E D ST, 90744",270,33.7742098882_-118.259005789_270.jpg,2,0.8533,tent
api_test_workflow_v2_remaining_model6_2026-05-08,34.0044863077,-118.272110495,"4360 S SAN PEDRO PL, 90011",180,34.0044863077_-118.272110495_180.jpg,2,0.8285,tent
api_test_workflow_v2_remaining_model6_2026-05-08,34.1015343152,-118.338737697,"HOLLYWOOD BLVD AT HIGHLAND AVE, 90028",0,34.1015343152_-118.338737697_0.jpg,1,0.8946,tent
api_test_workflow_v2_remaining_model6_2026-05-08,34.0352249897,-118.273539531,"651 W WASHINGTON BLVD, 90015",0,34.0352249897_-118.273539531_0.jpg,1,0.7754,tent
api_test_workflow_v2_remaining_model6_2026-05-08,34.0990384847,-118.313419045,"1528 N WILTON PL, 90028",180,34.0990384847_-118.313419045_180.jpg,2,0.8978,tent
api_test_workflow_v2_remaining_model6_2026-05-08,34.0106249298,-118.277984873,"4017 S BROADWAY PL, 90037",270,34.0106249298_-118.277984873_270.jpg,1,0.7281,tent
api_test_workflow_v2_remaining_model6_2026-05-08,34.0450538841,-118.444314972,"COTNER AVE AT NEBRASKA AVE, 90025",0,34.0450538841_-118.444314972_0.jpg,1,0.8141,tent
api_test_workflow_v2_remaining_model6_2026-05-08,34.0450538841,-118.444314972,"COTNER AVE AT NEBRASKA AVE, 90025",180,34.0450538841_-118.444314972_180.jpg,1,0.6381,tent
api_test_workflow_v2_remaining_model6_2026-05-08,34.1726180683,-118.373307432,"5611 N FULCHER AVE, 91601",180,34.1726180683_-118.373307432_180.jpg,1,0.9002,tent
api_test_workflow_v2_remaining_model6_2026-05-08,34.1726180683,-118.373307432,"5611 N FULCHER AVE, 91601",270,34.1726180683_-118.373307432_270.jpg,1,0.9195,tent
api_test_workflow_v2_remaining_model6_2026-05-08,34.0475165738,-118.443755998,"11078 W SANTA MONICA BLVD, 90025",90,34.0475165738_-118.443755998_90.jpg,1,0.6545,tent
api_test_workflow_v2_remaining_model6_2026-05-08,34.0480186263,-118.22860249,"1137 E 1ST ST, 90033",90,34.0480186263_-118.22860249_90.jpg,1,0.8466,tent
api_test_workflow_v2_remaining_model6_2026-05-08,34.2241264174,-118.433211231,"8426 N MINUET PL, 91402",0,34.2241264174_-118.433211231_0.jpg,1,0.604,tent
api_test_workflow_v2_remaining_model6_2026-05-08,34.0585697657,-118.283592726,"732 S RAMPART BLVD, 90057",90,34.0585697657_-118.283592726_90.jpg,1,0.8498,tent
api_test_workflow_v2_remaining_model6_2026-05-08,33.9965111574,-118.477013401,"ROSE AVE AT HAMPTON DR, 90291",90,33.9965111574_-118.477013401_90.jpg,2,0.7733,tent
api_test_workflow_v2_remaining_model6_2026-05-08,34.1599727446,-118.370816103,"11002 W HUSTON ST, 91601",180,34.1599727446_-118.370816103_180.jpg,1,0.7596,tent
api_test_workflow_v2_remaining_model6_2026-05-08,34.0981556058,-118.349336871,"7311 W SUNSET BLVD, 90046",90,34.0981556058_-118.349336871_90.jpg,1,0.7075,tent
api_test_workflow_v2_remaining_model6_2026-05-08,34.2700726369,-118.437978112,"13995 W DEL SUR ST, 91331",0,34.2700726369_-118.437978112_0.jpg,1,0.7747,tent
api_test_workflow_v2_remaining_model6_2026-05-08,34.2700726369,-118.437978112,"13995 W DEL SUR ST, 91331",90,34.2700726369_-118.437978112_90.jpg,2,0.7769,tent
api_test_workflow_v2_remaining_model6_2026-05-08,34.0448545993,-118.241765537,"472 E 4TH ST, 90013",270,34.0448545993_-118.241765537_270.jpg,3,0.7949,tent
api_test_workflow_v2_remaining_model6_2026-05-08,34.0274526206,-118.246679381,"1320 E NEWTON ST, 90021",180,34.0274526206_-118.246679381_180.jpg,1,0.7998,tent
api_test_workflow_v2_remaining_model6_2026-05-08,34.0751662063,-118.216892361,"126 S AVENUE 24, 90031",0,34.0751662063_-118.216892361_0.jpg,2,0.8627,tent
api_test_workflow_v2_remaining_model6_2026-05-08,34.0751662063,-118.216892361,"126 S AVENUE 24, 90031",90,34.0751662063_-118.216892361_90.jpg,1,0.7271,tent
api_test_workflow_v2_remaining_model6_2026-05-08,34.0405698071,-118.268572748,"1301 S FIGUEROA ST, 90015",90,34.0405698071_-118.268572748_90.jpg,1,0.7751,tent
api_test_workflow_v2_remaining_model6_2026-05-08,34.0405698071,-118.268572748,"1301 S FIGUEROA ST, 90015",180,34.0405698071_-118.268572748_180.jpg,1,0.693,tent
api_test_workflow_v2_remaining_model6_2026-05-08,34.0204235197,-118.219643307,"2801 E PICO BLVD, 90023",0,34.0204235197_-118.219643307_0.jpg,1,0.8172,tent
api_test_workflow_v2_remaining_model6_2026-05-08,33.9347900926,-118.291373976,"11036 S VERMONT AVE, 90044",270,33.9347900926_-118.291373976_270.jpg,1,0.7832,tent
api_test_workflow_v2_remaining_model6_2026-05-08,34.0169544933,-118.245863091,"2216 S COMPTON AVE, 90011",0,34.0169544933_-118.245863091_0.jpg,1,0.8532,tent
api_test_workflow_v2_remaining_model6_2026-05-08,34.0537604547,-118.267020647,"1302 W WILSHIRE BLVD, 90017",0,34.0537604547_-118.267020647_0.jpg,1,0.7915,tent
api_test_workflow_v2_remaining_model6_2026-05-08,34.0537604547,-118.267020647,"1302 W WILSHIRE BLVD, 90017",90,34.0537604547_-118.267020647_90.jpg,2,0.8118,tent
api_test_workflow_v2_remaining_model6_2026-05-08,34.0537604547,-118.267020647,"1302 W WILSHIRE BLVD, 90017",270,34.0537604547_-118.267020647_270.jpg,1,0.7523,tent
api_test_workflow_v2_remaining_model6_2026-05-08,34.2145266012,-118.387628286,"7918 N LANKERSHIM BLVD, 91605",90,34.2145266012_-118.387628286_90.jpg,1,0.8818,tent
api_test_workflow_v2_remaining_model6_2026-05-08,34.0232302916,-118.243527724,"1604 E 16TH ST, 90021",270,34.0232302916_-118.243527724_270.jpg,3,0.7695,tent
api_test_workflow_v2_remaining_model6_2026-05-08,34.1939289241,-118.401912754,"RHODES AVE AT VANOWEN ST, 91606",180,34.1939289241_-118.401912754_180.jpg,1,0.851,tent
api_test_workflow_v2_remaining_model6_2026-05-08,34.1939289241,-118.401912754,"RHODES AVE AT VANOWEN ST, 91606",270,34.1939289241_-118.401912754_270.jpg,1,0.7069,tent
api_test_workflow_v2_remaining_model6_2026-05-08,34.1008633396,-118.311616093,"1665 N ST ANDREWS PL, 90028",0,34.1008633396_-118.311616093_0.jpg,1,0.9213,tent
api_test_workflow_v2_remaining_model6_2026-05-08,34.1008633396,-118.311616093,"1665 N ST ANDREWS PL, 90028",270,34.1008633396_-118.311616093_270.jpg,1,0.8875,tent
api_test_workflow_v2_remaining_model6_2026-05-08,33.9518740113,-118.291654504,"VERMONT AVE AT 93RD ST, 90044",0,33.9518740113_-118.291654504_0.jpg,1,0.7682,tent
api_test_workflow_v2_remaining_model6_2026-05-08,34.0032735508,-118.265063952,"4418 S AVALON BLVD, 90011",90,34.0032735508_-118.265063952_90.jpg,1,0.9297,tent
api_test_workflow_v2_remaining_model6_2026-05-08,34.0032735508,-118.265063952,"4418 S AVALON BLVD, 90011",180,34.0032735508_-118.265063952_180.jpg,1,0.9098,tent
api_test_workflow_v2_remaining_model6_2026-05-08,34.0614724902,-118.27385886,"357 S ALVARADO ST, 90057",180,34.0614724902_-118.27385886_180.jpg,1,0.6889,tent
api_test_workflow_v2_remaining_model6_2026-05-08,34.0053720927,-118.293018283,"1040 W 43RD ST, 90037",90,34.0053720927_-118.293018283_90.jpg,1,0.6681,tent
api_test_workflow_v2_remaining_model6_2026-05-08,34.0238253527,-118.234229322,"2169 E 14TH ST, 90021",90,34.0238253527_-118.234229322_90.jpg,1,0.8814,tent
api_test_workflow_v2_remaining_model6_2026-05-08,34.0238253527,-118.234229322,"2169 E 14TH ST, 90021",180,34.0238253527_-118.234229322_180.jpg,1,0.8361,tent
api_test_workflow_v2_remaining_model6_2026-05-08,33.9752482629,-118.265021483,"7106 S AVALON BLVD, 90003",0,33.9752482629_-118.265021483_0.jpg,1,0.8773,tent
api_test_workflow_v2_remaining_model6_2026-05-08,33.9752482629,-118.265021483,"7106 S AVALON BLVD, 90003",270,33.9752482629_-118.265021483_270.jpg,2,0.7665,tent
api_test_workflow_v2_remaining_model6_2026-05-08,34.0757749633,-118.202951387,"2503 N LINCOLN PARK AVE, 90031",180,34.0757749633_-118.202951387_180.jpg,1,0.723,tent
api_test_workflow_v2_remaining_model6_2026-05-08,34.2265005814,-118.375430303,"11219 W PENROSE ST, 91352",270,34.2265005814_-118.375430303_270.jpg,1,0.8642,tent
api_test_workflow_v2_remaining_model6_2026-05-08,34.0832451422,-118.344560668,"7100 W MELROSE AVE, 90046",90,34.0832451422_-118.344560668_90.jpg,2,0.8157,tent
api_test_workflow_v2_remaining_model6_2026-05-08,34.0986842468,-118.348880936,"1518 N FULLER AVE, 90046",180,34.0986842468_-118.348880936_180.jpg,1,0.7923,tent
api_test_workflow_v2_remaining_model6_2026-05-08,33.9981195211,-118.239089203,"1865 E 50TH ST, 90058",180,33.9981195211_-118.239089203_180.jpg,1,0.7539,tent
api_test_workflow_v2_remaining_model6_2026-05-08,33.9981195211,-118.239089203,"1865 E 50TH ST, 90058",270,33.9981195211_-118.239089203_270.jpg,1,0.7393,tent
api_test_workflow_v2_remaining_model6_2026-05-08,34.0421433149,-118.249207682,"310 E 7TH ST, 90014",180,34.0421433149_-118.249207682_180.jpg,3,0.7794,tent
api_test_workflow_v2_remaining_model6_2026-05-08,34.0421433149,-118.249207682,"310 E 7TH ST, 90014",270,34.0421433149_-118.249207682_270.jpg,2,0.7843,tent
api_test_workflow_v2_remaining_model6_2026-05-08,34.0664011853,-118.269461712,"103 N MOUNTAIN VIEW AVE, 90026",0,34.0664011853_-118.269461712_0.jpg,1,0.8249,tent
api_test_workflow_v2_remaining_model6_2026-05-08,34.0664011853,-118.269461712,"103 N MOUNTAIN VIEW AVE, 90026",90,34.0664011853_-118.269461712_90.jpg,1,0.658,tent
api_test_workflow_v2_remaining_model6_2026-05-08,34.0531333972,-118.313777536,"3461 W 10TH ST, 90019",0,34.0531333972_-118.313777536_0.jpg,5,0.8653,tent
api_test_workflow_v2_remaining_model6_2026-05-08,34.0531333972,-118.313777536,"3461 W 10TH ST, 90019",90,34.0531333972_-118.313777536_90.jpg,2,0.9267,tent
api_test_workflow_v2_remaining_model6_2026-05-08,33.9896787521,-118.310059349,"5740 S MANHATTAN PL, 90062",90,33.9896787521_-118.310059349_90.jpg,1,0.8636,tent
api_test_workflow_v2_remaining_model6_2026-05-08,33.9867736743,-118.424917001,"12701 W CULVER BLVD, 90066",270,33.9867736743_-118.424917001_270.jpg,1,0.8654,tent
api_test_workflow_v2_remaining_model6_2026-05-08,34.0900722337,-118.211672383,"3727 N MARMION WAY, 90065",180,34.0900722337_-118.211672383_180.jpg,1,0.7238,tent
api_test_workflow_v2_remaining_model6_2026-05-08,34.0607442727,-118.274299479,"421 S ALVARADO ST, 90057",90,34.0607442727_-118.274299479_90.jpg,1,0.669,tent
api_test_workflow_v2_remaining_model6_2026-05-08,34.1809298801,-118.45325141,"6103 N CEDROS AVE, 91411",270,34.1809298801_-118.45325141_270.jpg,1,0.7653,tent
api_test_workflow_v2_remaining_model6_2026-05-08,34.0577215995,-118.27510986,"2013 W WILSHIRE BLVD, 90057",0,34.0577215995_-118.27510986_0.jpg,1,0.6054,tent
api_test_workflow_v2_remaining_model6_2026-05-08,34.1398844986,-118.379000275,"TUJUNGA AVE AT VENTURA BLVD, 91604",90,34.1398844986_-118.379000275_90.jpg,1,0.6282,tent
api_test_workflow_v2_remaining_model6_2026-05-08,33.9724887554,-118.273797092,"7414 S MAIN ST, 90003",270,33.9724887554_-118.273797092_270.jpg,1,0.8594,tent
api_test_workflow_v2_remaining_model6_2026-05-08,34.0286014208,-118.249792727,"14TH PL AT PALOMA ST, 90021",0,34.0286014208_-118.249792727_0.jpg,1,0.7758,tent
api_test_workflow_v2_remaining_model6_2026-05-08,34.0286014208,-118.249792727,"14TH PL AT PALOMA ST, 90021",90,34.0286014208_-118.249792727_90.jpg,1,0.7051,tent
api_test_workflow_v2_remaining_model6_2026-05-08,34.0286014208,-118.249792727,"14TH PL AT PALOMA ST, 90021",270,34.0286014208_-118.249792727_270.jpg,2,0.7066,tent
api_test_workflow_v2_remaining_model6_2026-05-08,33.9940261036,-118.300734366,"1412 W 53RD ST, 90062",90,33.9940261036_-118.300734366_90.jpg,1,0.7487,tent
api_test_workflow_v2_remaining_model6_2026-05-08,34.1500342612,-118.394110395,"11976 W MOORPARK ST, 91604",90,34.1500342612_-118.394110395_90.jpg,1,0.7447,tent
api_test_workflow_v2_remaining_model6_2026-05-08,34.0832466384,-118.344638067,"7110 W MELROSE AVE, 90046",90,34.0832466384_-118.344638067_90.jpg,2,0.8157,tent
api_test_workflow_v2_remaining_model6_2026-05-08,34.1808198855,-118.452814419,"14656 W BESSEMER ST, 91411",90,34.1808198855_-118.452814419_90.jpg,1,0.8628,tent
api_test_workflow_v2_remaining_model6_2026-05-08,34.1808198855,-118.452814419,"14656 W BESSEMER ST, 91411",180,34.1808198855_-118.452814419_180.jpg,1,0.9321,tent
api_test_workflow_v2_remaining_model6_2026-05-08,34.1808198855,-118.452814419,"14656 W BESSEMER ST, 91411",270,34.1808198855_-118.452814419_270.jpg,1,0.8512,tent
api_test_workflow_v2_remaining_model6_2026-05-08,34.0306640275,-118.305247573,"2700 S LA SALLE AVE, 90018",90,34.0306640275_-118.305247573_90.jpg,1,0.7894,tent
api_test_workflow_v2_remaining_model6_2026-05-08,34.0144435289,-118.268127761,"500 E 36TH ST, 90011",90,34.0144435289_-118.268127761_90.jpg,1,0.6504,tent
api_test_workflow_v2_remaining_model6_2026-05-08,34.1147180554,-118.244522162,"3027 N ROSWELL ST, 90065",0,34.1147180554_-118.244522162_0.jpg,1,0.6099,tent
api_test_workflow_v2_remaining_model6_2026-05-08,33.9408344471,-118.285450319,"613 W 105TH ST, 90044",0,33.9408344471_-118.285450319_0.jpg,1,0.898,tent
api_test_workflow_v2_remaining_model6_2026-05-08,34.1611388987,-118.371991512,"11065 W MORRISON ST, 91601",0,34.1611388987_-118.371991512_0.jpg,2,0.8529,tent
api_test_workflow_v2_remaining_model6_2026-05-08,34.2051104365,-118.418331878,"7407 N ETHEL AVE, 91605",180,34.2051104365_-118.418331878_180.jpg,1,0.7854,tent
api_test_workflow_v2_remaining_model6_2026-05-08,34.0701173601,-118.280908886,"127 S OCCIDENTAL BLVD, 90057",0,34.0701173601_-118.280908886_0.jpg,1,0.6465,tent
api_test_workflow_v2_remaining_model6_2026-05-08,34.1727099495,-118.372944435,"5616 N FULCHER AVE, 91601",180,34.1727099495_-118.372944435_180.jpg,1,0.73,tent
api_test_workflow_v2_remaining_model6_2026-05-08,34.0439127445,-118.244482575,"505 S SAN PEDRO ST, 90013",0,34.0439127445_-118.244482575_0.jpg,2,0.8945,tent
api_test_workflow_v2_remaining_model6_2026-05-08,34.0439127445,-118.244482575,"505 S SAN PEDRO ST, 90013",90,34.0439127445_-118.244482575_90.jpg,2,0.8475,tent
api_test_workflow_v2_remaining_model6_2026-05-08,34.0439127445,-118.244482575,"505 S SAN PEDRO ST, 90013",180,34.0439127445_-118.244482575_180.jpg,2,0.8159,tent
api_test_workflow_v2_remaining_model6_2026-05-08,34.0189422264,-118.200411866,"3621 E OLYMPIC BLVD, 90023",270,34.0189422264_-118.200411866_270.jpg,1,0.6214,tent
api_test_workflow_v2_remaining_model6_2026-05-08,34.2014068045,-118.396003666,"12082 W SHERMAN ROAD, 91605",270,34.2014068045_-118.396003666_270.jpg,1,0.7605,tent
api_test_workflow_v2_remaining_model6_2026-05-08,34.0012098854,-118.250186066,"1387 E 47TH ST, 90011",0,34.0012098854_-118.250186066_0.jpg,1,0.7948,tent
api_test_workflow_v2_remaining_model6_2026-05-08,34.0257794686,-118.268325481,"2501 S MAIN ST, 90007",90,34.0257794686_-118.268325481_90.jpg,1,0.8471,tent
api_test_workflow_v2_remaining_model6_2026-05-08,34.2197148495,-118.595554993,"21316 W ROSCOE BLVD, 91304",180,34.2197148495_-118.595554993_180.jpg,1,0.6401,tent
api_test_workflow_v2_remaining_model6_2026-05-08,34.0398072421,-118.241019174,"905 E 6TH ST, 90021",180,34.0398072421_-118.241019174_180.jpg,3,0.8954,tent
api_test_workflow_v2_remaining_model6_2026-05-08,34.0398072421,-118.241019174,"905 E 6TH ST, 90021",270,34.0398072421_-118.241019174_270.jpg,3,0.9206,tent
api_test_workflow_v2_remaining_model6_2026-05-08,34.0031412784,-118.256294886,"4424 S CENTRAL AVE, 90011",90,34.0031412784_-118.256294886_90.jpg,1,0.7874,tent
api_test_workflow_v2_remaining_model6_2026-05-08,34.1654189943,-118.492399657,"HAYVENHURST AVE AT VENTURA FRWY, 91436",90,34.1654189943_-118.492399657_90.jpg,1,0.7759,tent
api_test_workflow_v2_remaining_model6_2026-05-08,34.0494268846,-118.27580157,"1011 S BEACON AVE, 90015",270,34.0494268846_-118.27580157_270.jpg,1,0.7953,tent
api_test_workflow_v2_remaining_model6_2026-05-08,34.05008147,-118.291482717,"1120 S VERMONT AVE, 90006",270,34.05008147_-118.291482717_270.jpg,2,0.7206,tent
api_test_workflow_v2_remaining_model6_2026-05-08,33.9361947841,-118.291539343,"10960 S VERMONT AVE, 90044",270,33.9361947841_-118.291539343_270.jpg,1,0.8646,tent
api_test_workflow_v2_remaining_model6_2026-05-08,33.9982624836,-118.457406697,"1055 E NOWITA PL, 90291",0,33.9982624836_-118.457406697_0.jpg,1,0.8233,tent
api_test_workflow_v2_remaining_model6_2026-05-08,34.2655748055,-118.439134827,"10736 N LAUREL CANYON BLVD, 91331",270,34.2655748055_-118.439134827_270.jpg,1,0.7098,tent
api_test_workflow_v2_remaining_model6_2026-05-08,34.049216699,-118.275940613,"1019 S BEACON AVE, 90015",270,34.049216699_-118.275940613_270.jpg,2,0.7909,tent
api_test_workflow_v2_remaining_model6_2026-05-08,33.9897034836,-118.310059363,"5738 S MANHATTAN PL, 90062",90,33.9897034836_-118.310059363_90.jpg,1,0.8636,tent
api_test_workflow_v2_remaining_model6_2026-05-08,34.2248973742,-118.447998296,"14431 W CHASE ST, 91402",180,34.2248973742_-118.447998296_180.jpg,2,0.7562,tent
api_test_workflow_v2_remaining_model6_2026-05-08,33.7332059136,-118.296085521,"865 W 12TH ST, 90731",0,33.7332059136_-118.296085521_0.jpg,1,0.8994,tent
api_test_workflow_v2_remaining_model6_2026-05-08,34.0071202275,-118.239948877,"1857 E 41ST PL, 90058",90,34.0071202275_-118.239948877_90.jpg,1,0.825,tent
api_test_workflow_v2_remaining_model6_2026-05-08,34.0500606052,-118.279640273,"1047 S WESTLAKE AVE, 90006",180,34.0500606052_-118.279640273_180.jpg,1,0.7095,tent
api_test_workflow_v2_remaining_model6_2026-05-08,33.9359827306,-118.291389017,"10964 S VERMONT AVE, 90044",270,33.9359827306_-118.291389017_270.jpg,1,0.8584,tent
api_test_workflow_v2_remaining_model6_2026-05-08,34.0555665673,-118.441370809,"10865 W WILKINS AVE, 90024",180,34.0555665673_-118.441370809_180.jpg,2,0.7755,tent
api_test_workflow_v2_remaining_model6_2026-05-08,34.0543473426,-118.26747116,"1325 W WILSHIRE BLVD, 90017",0,34.0543473426_-118.26747116_0.jpg,1,0.7991,tent
api_test_workflow_v2_remaining_model6_2026-05-08,34.0543473426,-118.26747116,"1325 W WILSHIRE BLVD, 90017",90,34.0543473426_-118.26747116_90.jpg,4,0.8499,tent
api_test_workflow_v2_remaining_model6_2026-05-08,34.0169310722,-118.274509299,"118 W 36TH ST, 90007",180,34.0169310722_-118.274509299_180.jpg,1,0.7786,tent
api_test_workflow_v2_remaining_model6_2026-05-08,34.0932278782,-118.161749986,"5451 E HUNTINGTON DR NORTH, 90032",270,34.0932278782_-118.161749986_270.jpg,1,0.8362,tent
api_test_workflow_v2_remaining_model6_2026-05-08,34.0898404353,-118.306715388,"1063 N SERRANO AVE, 90029",270,34.0898404353_-118.306715388_270.jpg,1,0.8655,tent
api_test_workflow_v2_remaining_model6_2026-05-08,34.0361913016,-118.255717534,"1132 S MAPLE AVE, 90015",180,34.0361913016_-118.255717534_180.jpg,3,0.8358,tent
api_test_workflow_v2_remaining_model6_2026-05-08,33.9793284495,-118.292018309,"6569 S VERMONT AVE, 90044",0,33.9793284495_-118.292018309_0.jpg,1,0.7848,tent
api_test_workflow_v2_remaining_model6_2026-05-08,34.2166448754,-118.370377412,"VINELAND AVE AT RATNER ST, 91352",270,34.2166448754_-118.370377412_270.jpg,1,0.7189,tent
api_test_workflow_v2_remaining_model6_2026-05-08,34.0776088171,-118.287464691,"3716 W OAKWOOD AVE, 90004",0,34.0776088171_-118.287464691_0.jpg,1,0.8564,tent
api_test_workflow_v2_remaining_model6_2026-05-08,34.0776088171,-118.287464691,"3716 W OAKWOOD AVE, 90004",90,34.0776088171_-118.287464691_90.jpg,2,0.7718,tent
api_test_workflow_v2_remaining_model6_2026-05-08,34.0496901254,-118.275599514,"1708 W OLYMPIC BLVD, 90015",270,34.0496901254_-118.275599514_270.jpg,1,0.774,tent
api_test_workflow_v2_remaining_model6_2026-05-08,34.0770251665,-118.282195198,"SILVER LAKE BLVD AT HOLLYWOOD FRWY, 90026",270,34.0770251665_-118.282195198_270.jpg,1,0.7109,tent
api_test_workflow_v2_remaining_model6_2026-05-08,34.0971345272,-118.325012645,"6235 W LELAND WAY, 90028",90,34.0971345272_-118.325012645_90.jpg,1,0.8516,tent
api_test_workflow_v2_remaining_model6_2026-05-08,34.0971345272,-118.325012645,"6235 W LELAND WAY, 90028",180,34.0971345272_-118.325012645_180.jpg,1,0.901,tent
api_test_workflow_v2_remaining_model6_2026-05-08,34.0971345272,-118.325012645,"6235 W LELAND WAY, 90028",270,34.0971345272_-118.325012645_270.jpg,1,0.9019,tent
api_test_workflow_v2_remaining_model6_2026-05-08,34.0543213534,-118.291824854,"941 S VERMONT AVE, 90006",0,34.0543213534_-118.291824854_0.jpg,2,0.7444,tent
api_test_workflow_v2_remaining_model6_2026-05-08,34.0543213534,-118.291824854,"941 S VERMONT AVE, 90006",270,34.0543213534_-118.291824854_270.jpg,3,0.7538,tent
api_test_workflow_v2_remaining_model6_2026-05-08,34.0555229092,-118.239370694,"415 N LOS ANGELES ST, 90012",180,34.0555229092_-118.239370694_180.jpg,1,0.6399,tent
api_test_workflow_v2_remaining_model6_2026-05-08,34.0475686085,-118.35166937,"1416 S CLOVERDALE AVE, 90019",180,34.0475686085_-118.35166937_180.jpg,2,0.6962,tent
api_test_workflow_v2_remaining_model6_2026-05-08,34.2155587424,-118.389761524,"11756 W STRATHERN ST, 91605",90,34.2155587424_-118.389761524_90.jpg,1,0.6727,tent
api_test_workflow_v2_remaining_model6_2026-05-08,34.052929797,-118.265164946,"1200 W WILSHIRE BLVD, 90017",0,34.052929797_-118.265164946_0.jpg,3,0.8503,tent
api_test_workflow_v2_remaining_model6_2026-05-08,34.0446533166,-118.211614248,"2215 E 1ST ST, 90033",270,34.0446533166_-118.211614248_270.jpg,1,0.812,tent
api_test_workflow_v2_remaining_model6_2026-05-08,34.3079594648,-118.430731853,"13649 W FOOTHILL BLVD, 91342",90,34.3079594648_-118.430731853_90.jpg,1,0.8713,tent
api_test_workflow_v2_remaining_model6_2026-05-08,34.0361858607,-118.2921592,"1516 W 22ND ST, 90007",0,34.0361858607_-118.2921592_0.jpg,1,0.8399,tent
api_test_workflow_v2_remaining_model6_2026-05-08,33.974551399,-118.260241016,"812 E FLORENCE AVE, 90001",270,33.974551399_-118.260241016_270.jpg,1,0.6511,tent
api_test_workflow_v2_remaining_model6_2026-05-08,34.0956403158,-118.284384278,"4342 W FOUNTAIN AVE, 90029",0,34.0956403158_-118.284384278_0.jpg,1,0.8092,tent
api_test_workflow_v2_remaining_model6_2026-05-08,34.0956403158,-118.284384278,"4342 W FOUNTAIN AVE, 90029",90,34.0956403158_-118.284384278_90.jpg,1,0.8173,tent
api_test_workflow_v2_remaining_model6_2026-05-08,34.1741167834,-118.361412611,"5700 N CAHUENGA BLVD, 91601",90,34.1741167834_-118.361412611_90.jpg,1,0.6726,tent
api_test_workflow_v2_remaining_model6_2026-05-08,33.9193039175,-118.429005787,"12600 S VISTA DEL MAR, 90245",180,33.9193039175_-118.429005787_180.jpg,1,0.6416,tent
api_test_workflow_v2_remaining_model6_2026-05-08,34.2237947677,-118.451817341,"8427 N TOBIAS AVE, 91402",180,34.2237947677_-118.451817341_180.jpg,1,0.8361,tent
api_test_workflow_v2_remaining_model6_2026-05-08,34.2246769916,-118.590858275,"21001 W CHASE ST, 91304",180,34.2246769916_-118.590858275_180.jpg,1,0.8087,tent
api_test_workflow_v2_remaining_model6_2026-05-08,34.1896376348,-118.475208851,"6535 N HASKELL AVE, 91406",180,34.1896376348_-118.475208851_180.jpg,1,0.8255,tent
api_test_workflow_v2_remaining_model6_2026-05-08,34.0879438115,-118.276288935,"3424 W SUNSET BLVD, 90026",90,34.0879438115_-118.276288935_90.jpg,7,0.7745,tent
api_test_workflow_v2_remaining_model6_2026-05-08,34.1546058285,-118.448937351,"4559 N VAN NUYS BLVD, 91403",90,34.1546058285_-118.448937351_90.jpg,1,0.8785,tent
api_test_workflow_v2_remaining_model6_2026-05-08,34.0412758087,-118.27434364,"1403 S OAK ST, 90015",180,34.0412758087_-118.27434364_180.jpg,3,0.9213,tent
api_test_workflow_v2_remaining_model6_2026-05-08,34.1094417101,-118.191540125,"119 S AVENUE 58, 90042",90,34.1094417101_-118.191540125_90.jpg,1,0.677,tent
api_test_workflow_v2_remaining_model6_2026-05-08,34.0669655485,-118.292804008,"410 S NEW HAMPSHIRE AVE, 90020",90,34.0669655485_-118.292804008_90.jpg,1,0.8952,tent
api_test_workflow_v2_remaining_model6_2026-05-08,34.1673700141,-118.377604357,"5311 N BAKMAN AVE, 91601",90,34.1673700141_-118.377604357_90.jpg,1,0.7777,tent
api_test_workflow_v2_remaining_model6_2026-05-08,34.0177803508,-118.271116412,"150 E JEFFERSON BLVD, 90011",0,34.0177803508_-118.271116412_0.jpg,1,0.8317,tent
api_test_workflow_v2_remaining_model6_2026-05-08,34.0261053358,-118.394314723,"VENICE BLVD AT CANFIELD AVE, 90232",270,34.0261053358_-118.394314723_270.jpg,1,0.8437,tent
api_test_workflow_v2_remaining_model6_2026-05-08,34.053185013,-118.265100017,"1213 W WILSHIRE BLVD, 90017",0,34.053185013_-118.265100017_0.jpg,2,0.8766,tent
api_test_workflow_v2_remaining_model6_2026-05-08,34.053185013,-118.265100017,"1213 W WILSHIRE BLVD, 90017",90,34.053185013_-118.265100017_90.jpg,1,0.9048,tent
api_test_workflow_v2_remaining_model6_2026-05-08,34.2284871955,-118.533262397,"18400 W PARTHENIA ST, 91325",90,34.2284871955_-118.533262397_90.jpg,1,0.6245,tent
api_test_workflow_v2_remaining_model6_2026-05-08,34.057563446,-118.213728143,"1690 E POMEROY AVE, 90033",270,34.057563446_-118.213728143_270.jpg,1,0.9029,tent
api_test_workflow_v2_remaining_model6_2026-05-08,34.203282055,-118.597507732,"7324 N CANOGA AVE, 91303",90,34.203282055_-118.597507732_90.jpg,2,0.8153,tent
api_test_workflow_v2_remaining_model6_2026-05-08,33.7741742083,-118.259244368,"302 E D ST, 90744",0,33.7741742083_-118.259244368_0.jpg,1,0.8396,tent
api_test_workflow_v2_remaining_model6_2026-05-08,34.0397484784,-118.302563743,"1972 W WASHINGTON BLVD, 90018",180,34.0397484784_-118.302563743_180.jpg,1,0.8221,tent
api_test_workflow_v2_remaining_model6_2026-05-08,34.0548369304,-118.308902695,"928 S WESTERN AVE, 90006",90,34.0548369304_-118.308902695_90.jpg,1,0.6228,tent
api_test_workflow_v2_remaining_model6_2026-05-08,34.2238500888,-118.360988082,"8465 N GLENOAKS BLVD, 91352",0,34.2238500888_-118.360988082_0.jpg,1,0.6611,tent
api_test_workflow_v2_remaining_model6_2026-05-08,34.0589225257,-118.241942568,"500 N HILL ST, 90012",90,34.0589225257_-118.241942568_90.jpg,1,0.7736,tent
api_test_workflow_v2_remaining_model6_2026-05-08,34.0706375456,-118.279506025,"OCCIDENTAL BLVD AT BEVERLY BLVD, 90057",270,34.0706375456_-118.279506025_270.jpg,1,0.7785,tent
api_test_workflow_v2_remaining_model6_2026-05-08,34.0216423916,-118.275989501,"313 W 33RD ST, 90007",270,34.0216423916_-118.275989501_270.jpg,2,0.8355,tent
api_test_workflow_v2_remaining_model6_2026-05-08,34.2086150209,-118.39908226,"12205 W SATICOY ST, 91605",90,34.2086150209_-118.39908226_90.jpg,1,0.6577,tent
api_test_workflow_v2_remaining_model6_2026-05-08,33.9924536413,-118.306219067,"1645 W 55TH ST, 90062",0,33.9924536413_-118.306219067_0.jpg,1,0.7719,tent
api_test_workflow_v2_remaining_model6_2026-05-08,34.0670070853,-118.268799252,"124 N MOUNTAIN VIEW AVE, 90026",90,34.0670070853_-118.268799252_90.jpg,1,0.7306,tent
api_test_workflow_v2_remaining_model6_2026-05-08,34.0492977641,-118.267763792,"806 S GARLAND AVE, 90017",0,34.0492977641_-118.267763792_0.jpg,2,0.8816,tent
api_test_workflow_v2_remaining_model6_2026-05-08,34.0492977641,-118.267763792,"806 S GARLAND AVE, 90017",270,34.0492977641_-118.267763792_270.jpg,1,0.7368,tent
api_test_workflow_v2_remaining_model6_2026-05-08,34.2380093337,-118.585305559,"9182 N KELVIN AVE, 91311",180,34.2380093337_-118.585305559_180.jpg,1,0.7146,tent
api_test_workflow_v2_remaining_model6_2026-05-08,34.0455303265,-118.309300002,"1423 S WESTERN AVE, 90006",270,34.0455303265_-118.309300002_270.jpg,1,0.7816,tent
api_test_workflow_v2_remaining_model6_2026-05-08,34.0053863191,-118.430886307,"12125 W VENICE BLVD, 90066",0,34.0053863191_-118.430886307_0.jpg,2,0.6476,tent
api_test_workflow_v2_remaining_model6_2026-05-08,34.0053863191,-118.430886307,"12125 W VENICE BLVD, 90066",180,34.0053863191_-118.430886307_180.jpg,2,0.8281,tent
api_test_workflow_v2_remaining_model6_2026-05-08,34.1683030258,-118.535365997,"18458 W VENTURA BLVD, 91356",90,34.1683030258_-118.535365997_90.jpg,1,0.8211,tent
api_test_workflow_v2_remaining_model6_2026-05-08,34.0955190244,-118.297487648,"1301 N KENMORE AVE, 90027",180,34.0955190244_-118.297487648_180.jpg,1,0.7235,tent
api_test_workflow_v2_remaining_model6_2026-05-08,34.218650589,-118.368715248,"8165 N SAN FERNANDO ROAD, 91352",270,34.218650589_-118.368715248_270.jpg,1,0.6024,tent
api_test_workflow_v2_remaining_model6_2026-05-08,34.0816554198,-118.284658998,"3800 W CLINTON ST, 90004",270,34.0816554198_-118.284658998_270.jpg,1,0.6726,tent
api_test_workflow_v2_remaining_model6_2026-05-08,33.9630376896,-118.378911312,"8333 S OSAGE AVE, 90045",180,33.9630376896_-118.378911312_180.jpg,1,0.6039,tent
api_test_workflow_v2_remaining_model6_2026-05-08,34.0427556542,-118.274239204,"1316 S ALBANY ST, 90015",0,34.0427556542_-118.274239204_0.jpg,1,0.7709,tent
api_test_workflow_v2_remaining_model6_2026-05-08,34.0427556542,-118.274239204,"1316 S ALBANY ST, 90015",90,34.0427556542_-118.274239204_90.jpg,1,0.6867,tent
api_test_workflow_v2_remaining_model6_2026-05-08,34.0614085019,-118.269646191,"1818 W 3RD ST, 90057",0,34.0614085019_-118.269646191_0.jpg,1,0.7728,tent
api_test_workflow_v2_remaining_model6_2026-05-08,34.068567518,-118.277152104,"126 S RAMPART BLVD, 90057",90,34.068567518_-118.277152104_90.jpg,1,0.8683,tent
api_test_workflow_v2_remaining_model6_2026-05-08,34.2202366095,-118.597796789,"8301 N CANOGA AVE, 91304",270,34.2202366095_-118.597796789_270.jpg,1,0.635,tent
api_test_workflow_v2_remaining_model6_2026-05-08,34.1806515229,-118.396740617,"6041 N LAUREL CANYON BLVD, 91606",180,34.1806515229_-118.396740617_180.jpg,1,0.6451,tent
api_test_workflow_v2_remaining_model6_2026-05-08,33.9979377725,-118.238908281,"1868 E 50TH ST, 90058",270,33.9979377725_-118.238908281_270.jpg,2,0.7963,tent
api_test_workflow_v2_remaining_model6_2026-05-08,34.0569123633,-118.2886748,"2877 W FRANCIS AVE, 90005",0,34.0569123633_-118.2886748_0.jpg,1,0.8491,tent
api_test_workflow_v2_remaining_model6_2026-05-08,34.0782204524,-118.374811557,"8455 W OAKWOOD AVE, 90048",270,34.0782204524_-118.374811557_270.jpg,1,0.7324,tent
api_test_workflow_v2_remaining_model6_2026-05-08,34.064544859,-118.262920902,"200 N BELMONT AVE, 90026",90,34.064544859_-118.262920902_90.jpg,1,0.8621,tent
api_test_workflow_v2_remaining_model6_2026-05-08,33.9482269383,-118.264430964,"620 E 97TH ST, 90002",270,33.9482269383_-118.264430964_270.jpg,1,0.651,tent
api_test_workflow_v2_remaining_model6_2026-05-08,34.0294620263,-118.442634796,"2496 S BARRY AVE, 90064",90,34.0294620263_-118.442634796_90.jpg,1,0.8266,tent
api_test_workflow_v2_remaining_model6_2026-05-08,34.1412702654,-118.222678372,"5116 N SIERRA VILLA DR, 90041",270,34.1412702654_-118.222678372_270.jpg,1,0.647,tent
api_test_workflow_v2_remaining_model6_2026-05-08,34.09779839,-118.337548322,"6726 W SUNSET BLVD, 90028",270,34.09779839_-118.337548322_270.jpg,1,0.6125,tent
api_test_workflow_v2_remaining_model6_2026-05-08,34.0588410318,-118.288397631,"2959 W LEEWARD AVE, 90005",180,34.0588410318_-118.288397631_180.jpg,1,0.8814,tent
api_test_workflow_v2_remaining_model6_2026-05-08,34.0588410318,-118.288397631,"2959 W LEEWARD AVE, 90005",270,34.0588410318_-118.288397631_270.jpg,1,0.8048,tent
api_test_workflow_v2_remaining_model6_2026-05-08,34.1806936662,-118.370148977,"6050 N VINELAND AVE, 91606",180,34.1806936662_-118.370148977_180.jpg,1,0.8965,tent
api_test_workflow_v2_remaining_model6_2026-05-08,34.1562530555,-118.418070456,"4750 ETHEL AV, 91423",90,34.1562530555_-118.418070456_90.jpg,1,0.8264,tent
api_test_workflow_v2_remaining_model6_2026-05-08,34.0108707515,-118.271535976,"4002 S WALL ST, 90011",270,34.0108707515_-118.271535976_270.jpg,2,0.7086,tent
api_test_workflow_v2_remaining_model6_2026-05-08,34.0001386209,-118.408962812,"BRADDOCK DR AT SAN DIEGO FRWY, 90230",90,34.0001386209_-118.408962812_90.jpg,1,0.795,tent
api_test_workflow_v2_remaining_model6_2026-05-08,34.0001386209,-118.408962812,"BRADDOCK DR AT SAN DIEGO FRWY, 90230",270,34.0001386209_-118.408962812_270.jpg,2,0.8229,tent
api_test_workflow_v2_remaining_model6_2026-05-08,34.2369495603,-118.603828725,"9160 N JORDAN AVE, 91311",0,34.2369495603_-118.603828725_0.jpg,1,0.8527,tent
api_test_workflow_v2_remaining_model6_2026-05-08,34.2369495603,-118.603828725,"9160 N JORDAN AVE, 91311",270,34.2369495603_-118.603828725_270.jpg,1,0.7016,tent
api_test_workflow_v2_remaining_model6_2026-05-08,34.062462282,-118.29650515,"630 S KENMORE AVE, 90005",0,34.062462282_-118.29650515_0.jpg,1,0.7962,tent
api_test_workflow_v2_remaining_model6_2026-05-08,34.0529422738,-118.283375933,"1015 S PARK VIEW ST, 90006",90,34.0529422738_-118.283375933_90.jpg,1,0.7795,tent
api_test_workflow_v2_remaining_model6_2026-05-08,34.3089551529,-118.428773038,"13573 W HUBBARD ST, 91342",90,34.3089551529_-118.428773038_90.jpg,1,0.9255,tent
api_test_workflow_v2_remaining_model6_2026-05-08,34.3089551529,-118.428773038,"13573 W HUBBARD ST, 91342",180,34.3089551529_-118.428773038_180.jpg,1,0.9267,tent
api_test_workflow_v2_remaining_model6_2026-05-08,34.1120756299,-118.291486919,"4654 W GAINSBOROUGH AVE, 90027",270,34.1120756299_-118.291486919_270.jpg,1,0.7474,tent
api_test_workflow_v2_remaining_model6_2026-05-08,34.0203761456,-118.219534385,"2821 E PICO BLVD, 90023",0,34.0203761456_-118.219534385_0.jpg,1,0.6693,tent
api_test_workflow_v2_remaining_model6_2026-05-08,34.1706978452,-118.508044233,"17210 W KILLION ST, 91316",90,34.1706978452_-118.508044233_90.jpg,1,0.7943,tent
api_test_workflow_v2_remaining_model6_2026-05-08,34.0558105041,-118.239823109,"416 N NORTH MAIN ST, 90012",270,34.0558105041_-118.239823109_270.jpg,1,0.6978,tent
api_test_workflow_v2_remaining_model6_2026-05-08,33.9836666419,-118.398663863,"5752 S MESMER AVE, 90230",180,33.9836666419_-118.398663863_180.jpg,1,0.8659,tent
api_test_workflow_v2_remaining_model6_2026-05-08,34.2156828811,-118.370376522,"VINELAND AVE AT STRATHERN ST, 91352",180,34.2156828811_-118.370376522_180.jpg,1,0.63,tent
api_test_workflow_v2_remaining_model6_2026-05-08,34.0151717366,-118.242941547,"24TH ST AT LONG BEACH AVE EAST, 90058",180,34.0151717366_-118.242941547_180.jpg,1,0.9187,tent
api_test_workflow_v2_remaining_model6_2026-05-08,33.9927364674,-118.422891335,"4500 S CENTINELA AVE, 90066",180,33.9927364674_-118.422891335_180.jpg,1,0.6139,tent
api_test_workflow_v2_remaining_model6_2026-05-08,34.0417124304,-118.280069774,"1128 W VENICE BLVD, 90015",0,34.0417124304_-118.280069774_0.jpg,1,0.8367,tent
api_test_workflow_v2_remaining_model6_2026-05-08,34.0417124304,-118.280069774,"1128 W VENICE BLVD, 90015",270,34.0417124304_-118.280069774_270.jpg,1,0.6483,tent
api_test_workflow_v2_remaining_model6_2026-05-08,34.0695162194,-118.281290908,"161 S OCCIDENTAL BLVD, 90057",0,34.0695162194_-118.281290908_0.jpg,1,0.9185,tent
api_test_workflow_v2_remaining_model6_2026-05-08,34.043120097,-118.24773167,"615 S WALL ST, 90014",0,34.043120097_-118.24773167_0.jpg,1,0.6849,tent
api_test_workflow_v2_remaining_model6_2026-05-08,34.043120097,-118.24773167,"615 S WALL ST, 90014",90,34.043120097_-118.24773167_90.jpg,1,0.6872,tent
api_test_workflow_v2_remaining_model6_2026-05-08,34.043120097,-118.24773167,"615 S WALL ST, 90014",270,34.043120097_-118.24773167_270.jpg,2,0.8749,tent
api_test_workflow_v2_remaining_model6_2026-05-08,34.06671938,-118.292791864,"420 S NEW HAMPSHIRE AVE, 90020",90,34.06671938_-118.292791864_90.jpg,1,0.8323,tent
api_test_workflow_v2_remaining_model6_2026-05-08,34.0017794202,-118.239574776,"1871 E 46TH ST, 90058",0,34.0017794202_-118.239574776_0.jpg,1,0.6142,tent
api_test_workflow_v2_remaining_model6_2026-05-08,34.0622624992,-118.311442825,"634 S ST ANDREWS PL, 90005",0,34.0622624992_-118.311442825_0.jpg,1,0.7244,tent
api_test_workflow_v2_remaining_model6_2026-05-08,33.9897093407,-118.308977099,"WESTERN AVE AT 58TH ST, 90062",0,33.9897093407_-118.308977099_0.jpg,1,0.8239,tent
api_test_workflow_v2_remaining_model6_2026-05-08,34.0542401929,-118.268229528,"1346 W WILSHIRE BLVD, 90017",90,34.0542401929_-118.268229528_90.jpg,2,0.9032,tent
api_test_workflow_v2_remaining_model6_2026-05-08,34.0092249994,-118.280490659,"41ST ST AT GRAND AVE, 90037",0,34.0092249994_-118.280490659_0.jpg,1,0.8753,tent
api_test_workflow_v2_remaining_model6_2026-05-08,34.0092249994,-118.280490659,"41ST ST AT GRAND AVE, 90037",180,34.0092249994_-118.280490659_180.jpg,2,0.8506,tent
api_test_workflow_v2_remaining_model6_2026-05-08,34.0713069241,-118.267193497,"440 N ALVARADO ST, 90026",270,34.0713069241_-118.267193497_270.jpg,1,0.6921,tent
api_test_workflow_v2_remaining_model6_2026-05-08,34.2577606837,-118.314996373,"10359 N ELDORA AVE, 91040",0,34.2577606837_-118.314996373_0.jpg,1,0.7998,tent
api_test_workflow_v2_remaining_model6_2026-05-08,34.2577606837,-118.314996373,"10359 N ELDORA AVE, 91040",180,34.2577606837_-118.314996373_180.jpg,1,0.8544,tent
api_test_workflow_v2_remaining_model6_2026-05-08,34.1681720489,-118.465795069,"5350 N SEPULVEDA BLVD, 91411",180,34.1681720489_-118.465795069_180.jpg,1,0.6152,tent
api_test_workflow_v2_remaining_model6_2026-05-08,34.0375783701,-118.240666636,"659 S CENTRAL AVE, 90021",270,34.0375783701_-118.240666636_270.jpg,2,0.8296,tent
api_test_workflow_v2_remaining_model6_2026-05-08,34.0771953894,-118.281780317,"SILVER LAKE BLVD AT HOLLYWOOD FRWY, 90026",90,34.0771953894_-118.281780317_90.jpg,1,0.8424,tent
api_test_workflow_v2_remaining_model6_2026-05-08,34.0771953894,-118.281780317,"SILVER LAKE BLVD AT HOLLYWOOD FRWY, 90026",180,34.0771953894_-118.281780317_180.jpg,1,0.8881,tent
api_test_workflow_v2_remaining_model6_2026-05-08,33.9383416652,-118.290985397,"845 W 108TH ST, 90044",270,33.9383416652_-118.290985397_270.jpg,1,0.7563,tent
api_test_workflow_v2_remaining_model6_2026-05-08,34.0234334016,-118.23350999,"2190 E 14TH ST, 90021",0,34.0234334016_-118.23350999_0.jpg,1,0.6888,tent
api_test_workflow_v2_remaining_model6_2026-05-08,34.0285845877,-118.267546815,"2218 S BROADWAY, 90007",270,34.0285845877_-118.267546815_270.jpg,1,0.8686,tent
api_test_workflow_v2_remaining_model6_2026-05-08,34.0497219368,-118.203702611,"701 N FICKETT ST, 90033",0,34.0497219368_-118.203702611_0.jpg,2,0.8277,tent
api_test_workflow_v2_remaining_model6_2026-05-08,34.0418172696,-118.280167645,"1130 W VENICE BLVD, 90015",0,34.0418172696_-118.280167645_0.jpg,1,0.877,tent
api_test_workflow_v2_remaining_model6_2026-05-08,34.0418172696,-118.280167645,"1130 W VENICE BLVD, 90015",270,34.0418172696_-118.280167645_270.jpg,2,0.7824,tent
api_test_workflow_v2_remaining_model6_2026-05-08,34.0934642115,-118.281825055,"4124 W SUNSET BLVD, 90029",0,34.0934642115_-118.281825055_0.jpg,1,0.734,tent
api_test_workflow_v2_remaining_model6_2026-05-08,34.0934642115,-118.281825055,"4124 W SUNSET BLVD, 90029",90,34.0934642115_-118.281825055_90.jpg,2,0.8187,tent
api_test_workflow_v2_remaining_model6_2026-05-08,34.0356824523,-118.441477309,"11374 W TENNESSEE AVE, 90064",0,34.0356824523_-118.441477309_0.jpg,1,0.8839,tent
api_test_workflow_v2_remaining_model6_2026-05-08,34.0748477305,-118.289502317,"211 N MADISON AVE, 90004",0,34.0748477305_-118.289502317_0.jpg,1,0.8365,tent
api_test_workflow_v2_remaining_model6_2026-05-08,34.0748477305,-118.289502317,"211 N MADISON AVE, 90004",270,34.0748477305_-118.289502317_270.jpg,1,0.8476,tent
api_test_workflow_v2_remaining_model6_2026-05-08,33.9943784621,-118.282514396,"5270 S FIGUEROA ST, 90037",0,33.9943784621_-118.282514396_0.jpg,1,0.9077,tent
api_test_workflow_v2_remaining_model6_2026-05-08,33.9752993404,-118.265560301,"7101 S AVALON BLVD, 90003",90,33.9752993404_-118.265560301_90.jpg,1,0.9163,tent
api_test_workflow_v2_remaining_model6_2026-05-08,33.9752993404,-118.265560301,"7101 S AVALON BLVD, 90003",180,33.9752993404_-118.265560301_180.jpg,1,0.7987,tent
api_test_workflow_v2_remaining_model6_2026-05-08,34.0469746248,-118.46395492,"WESTGATE AVE AT WILSHIRE BLVD, 90025",180,34.0469746248_-118.46395492_180.jpg,1,0.7565,tent
api_test_workflow_v2_remaining_model6_2026-05-08,33.9903721564,-118.300399249,"5701 S NORMANDIE AVE, 90037",180,33.9903721564_-118.300399249_180.jpg,1,0.8928,tent
api_test_workflow_v2_remaining_model6_2026-05-08,34.0280261978,-118.276342056,"2601 S FIGUEROA ST, 90007",270,34.0280261978_-118.276342056_270.jpg,1,0.792,tent
api_test_workflow_v2_remaining_model6_2026-05-08,34.0283575656,-118.241287591,"1011 S LONG BEACH AVE, 90021",0,34.0283575656_-118.241287591_0.jpg,1,0.873,tent
api_test_workflow_v2_remaining_model6_2026-05-08,34.0283575656,-118.241287591,"1011 S LONG BEACH AVE, 90021",90,34.0283575656_-118.241287591_90.jpg,1,0.8781,tent
api_test_workflow_v2_remaining_model6_2026-05-08,33.9940504512,-118.465665811,"657 E SAN JUAN AVE, 90291",90,33.9940504512_-118.465665811_90.jpg,1,0.6454,tent
api_test_workflow_v2_remaining_model6_2026-05-08,34.2654261098,-118.336921317,"9416 W BENGAL ST, 91040",270,34.2654261098_-118.336921317_270.jpg,1,0.8715,tent
api_test_workflow_v2_remaining_model6_2026-05-08,33.9874619759,-118.409335944,"5300 S INGLEWOOD BLVD, 90230",90,33.9874619759_-118.409335944_90.jpg,1,0.8623,tent
api_test_workflow_v2_remaining_model6_2026-05-08,34.0423554149,-118.242823073,"529 S TOWNE AVE, 90013",270,34.0423554149_-118.242823073_270.jpg,1,0.7777,tent
api_test_workflow_v2_remaining_model6_2026-05-08,34.101475778,-118.321534196,"6044 W HOLLYWOOD BLVD, 90028",0,34.101475778_-118.321534196_0.jpg,1,0.6858,tent
api_test_workflow_v2_remaining_model6_2026-05-08,34.0398556588,-118.23847498,"551 S ALAMEDA ST, 90013",270,34.0398556588_-118.23847498_270.jpg,1,0.9222,tent
api_test_workflow_v2_remaining_model6_2026-05-08,34.0277162546,-118.267611299,"116 W 23RD ST, 90007",0,34.0277162546_-118.267611299_0.jpg,1,0.7995,tent
api_test_workflow_v2_remaining_model6_2026-05-08,34.0277162546,-118.267611299,"116 W 23RD ST, 90007",180,34.0277162546_-118.267611299_180.jpg,1,0.778,tent
api_test_workflow_v2_remaining_model6_2026-05-08,34.0277162546,-118.267611299,"116 W 23RD ST, 90007",270,34.0277162546_-118.267611299_270.jpg,1,0.8976,tent
api_test_workflow_v2_remaining_model6_2026-05-08,34.0143503607,-118.244719069,"ADAMS BLVD AT NEVIN AVE, 90011",0,34.0143503607_-118.244719069_0.jpg,2,0.8491,tent
api_test_workflow_v2_remaining_model6_2026-05-08,34.0287101809,-118.265856204,"2100 S MAIN ST, 90007",270,34.0287101809_-118.265856204_270.jpg,1,0.8251,tent
api_test_workflow_v2_remaining_model6_2026-05-08,34.0722096784,-118.215803586,"2311 N DALY ST, 90031",270,34.0722096784_-118.215803586_270.jpg,2,0.9,tent
api_test_workflow_v2_remaining_model6_2026-05-08,34.0558676654,-118.271733013,"1644 W WILSHIRE BLVD, 90017",90,34.0558676654_-118.271733013_90.jpg,1,0.6656,tent
api_test_workflow_v2_remaining_model6_2026-05-08,34.051146317,-118.307320099,"1054 S OXFORD AVE, 90006",90,34.051146317_-118.307320099_90.jpg,1,0.94,tent
api_test_workflow_v2_remaining_model6_2026-05-08,34.051146317,-118.307320099,"1054 S OXFORD AVE, 90006",180,34.051146317_-118.307320099_180.jpg,2,0.748,tent
api_test_workflow_v2_remaining_model6_2026-05-08,34.028736687,-118.240938766,"910 S LONG BEACH AVE, 90021",90,34.028736687_-118.240938766_90.jpg,2,0.9212,tent
api_test_workflow_v2_remaining_model6_2026-05-08,34.2156655806,-118.599324028,"21433 W STRATHERN ST, 91304",0,34.2156655806_-118.599324028_0.jpg,1,0.7614,tent
api_test_workflow_v2_remaining_model6_2026-05-08,34.076725235,-118.306797975,"312 N SERRANO AVE, 90004",180,34.076725235_-118.306797975_180.jpg,1,0.6748,tent
api_test_workflow_v2_remaining_model6_2026-05-08,34.0702914018,-118.280235572,"116 S OCCIDENTAL BLVD, 90057",0,34.0702914018_-118.280235572_0.jpg,2,0.7774,tent
api_test_workflow_v8_remaining_location_deduped_10pct_2026-05-22,34.0446497434,-118.443833926,"1816 S COTNER AVE, 90025",270,34.0446497434_-118.443833926_270.jpg,2,0.882,tent
api_test_workflow_v8_remaining_location_deduped_10pct_2026-05-22,33.9588783063,-118.278486578,"8667 S BROADWAY, 90003",90,33.9588783063_-118.278486578_90.jpg,1,0.6769,tent
api_test_workflow_v8_remaining_location_deduped_10pct_2026-05-22,34.0426317873,-118.240226169,"441 S GLADYS AVE, 90013",0,34.0426317873_-118.240226169_0.jpg,3,0.8647,tent
api_test_workflow_v8_remaining_location_deduped_10pct_2026-05-22,34.0426317873,-118.240226169,"441 S GLADYS AVE, 90013",270,34.0426317873_-118.240226169_270.jpg,1,0.8387,tent
api_test_workflow_v8_remaining_location_deduped_10pct_2026-05-22,33.9639484421,-118.282543714,"8300 S FIGUEROA ST, 90003",180,33.9639484421_-118.282543714_180.jpg,1,0.644,tent
api_test_workflow_v8_remaining_location_deduped_10pct_2026-05-22,34.0614653327,-118.27524889,"457 S LAKE ST, 90057",270,34.0614653327_-118.27524889_270.jpg,2,0.8342,tent
api_test_workflow_v8_remaining_location_deduped_10pct_2026-05-22,34.1013387538,-118.31161875,"1685 N ST ANDREWS PL, 90028",180,34.1013387538_-118.31161875_180.jpg,1,0.8409,tent
api_test_workflow_v8_remaining_location_deduped_10pct_2026-05-22,34.1013387538,-118.31161875,"1685 N ST ANDREWS PL, 90028",270,34.1013387538_-118.31161875_270.jpg,1,0.8065,tent
api_test_workflow_v8_remaining_location_deduped_10pct_2026-05-22,33.9852002684,-118.313469782,"60TH ST AT GRAMERCY PL, 90047",270,33.9852002684_-118.313469782_270.jpg,1,0.8847,tent
api_test_workflow_v8_remaining_location_deduped_10pct_2026-05-22,33.774236576,-118.258919912,"336 E D ST, 90744",0,33.774236576_-118.258919912_0.jpg,3,0.9341,tent
api_test_workflow_v8_remaining_location_deduped_10pct_2026-05-22,33.774236576,-118.258919912,"336 E D ST, 90744",90,33.774236576_-118.258919912_90.jpg,2,0.9095,tent
api_test_workflow_v8_remaining_location_deduped_10pct_2026-05-22,33.774236576,-118.258919912,"336 E D ST, 90744",270,33.774236576_-118.258919912_270.jpg,1,0.7926,tent
api_test_workflow_v8_remaining_location_deduped_10pct_2026-05-22,34.2138458041,-118.601224144,"21621 W ARMINTA ST, 91304",90,34.2138458041_-118.601224144_90.jpg,1,0.9477,tent
api_test_workflow_v8_remaining_location_deduped_10pct_2026-05-22,34.0611645816,-118.278572032,"PARK VIEW ST AT 6TH ST, 90057",0,34.0611645816_-118.278572032_0.jpg,1,0.6192,tent
api_test_workflow_v8_remaining_location_deduped_10pct_2026-05-22,34.21123616,-118.449304399,"14505 W RAYMER ST, 91405",0,34.21123616_-118.449304399_0.jpg,2,0.8849,tent
api_test_workflow_v8_remaining_location_deduped_10pct_2026-05-22,34.21123616,-118.449304399,"14505 W RAYMER ST, 91405",90,34.21123616_-118.449304399_90.jpg,2,0.8768,tent
api_test_workflow_v8_remaining_location_deduped_10pct_2026-05-22,34.2001135499,-118.596560489,"7132 N DEERING AVE, 91303",180,34.2001135499_-118.596560489_180.jpg,2,0.8894,tent
api_test_workflow_v8_remaining_location_deduped_10pct_2026-05-22,34.2001135499,-118.596560489,"7132 N DEERING AVE, 91303",270,34.2001135499_-118.596560489_270.jpg,1,0.84,tent
api_test_workflow_v8_remaining_location_deduped_10pct_2026-05-22,34.0361659536,-118.29881884,"1744 W 22ND ST, 90007",270,34.0361659536_-118.29881884_270.jpg,1,0.8972,tent
api_test_workflow_v8_remaining_location_deduped_10pct_2026-05-22,33.9817519436,-118.311205008,"1900 W GAGE AVE, 90047",0,33.9817519436_-118.311205008_0.jpg,2,0.8445,tent
api_test_workflow_v8_remaining_location_deduped_10pct_2026-05-22,34.0318370044,-118.412643015,"10335 W WALAVISTA ROAD, 90064",0,34.0318370044_-118.412643015_0.jpg,2,0.9089,tent
api_test_workflow_v8_remaining_location_deduped_10pct_2026-05-22,34.0379567146,-118.300085969,"1886 W 20TH ST, 90007",0,34.0379567146_-118.300085969_0.jpg,1,0.6372,tent
api_test_workflow_v8_remaining_location_deduped_10pct_2026-05-22,34.0379567146,-118.300085969,"1886 W 20TH ST, 90007",90,34.0379567146_-118.300085969_90.jpg,1,0.6651,tent
api_test_workflow_v8_remaining_location_deduped_10pct_2026-05-22,34.0682919118,-118.199443528,"3839 E SELIG PL, 90031",270,34.0682919118_-118.199443528_270.jpg,1,0.6115,tent
api_test_workflow_v8_remaining_location_deduped_10pct_2026-05-22,34.2659304364,-118.433437212,"13781 W WEIDNER ST, 91331",180,34.2659304364_-118.433437212_180.jpg,1,0.8928,tent
api_test_workflow_v8_remaining_location_deduped_10pct_2026-05-22,34.0448949716,-118.241537987,"CROCKER ST AT 4TH ST, 90013",270,34.0448949716_-118.241537987_270.jpg,2,0.8658,tent
api_test_workflow_v8_remaining_location_deduped_10pct_2026-05-22,34.040770841,-118.209633595,"2533 E 3RD ST, 90033",270,34.040770841_-118.209633595_270.jpg,1,0.6068,tent
api_test_workflow_v8_remaining_location_deduped_10pct_2026-05-22,33.9990160391,-118.470272303,"641 E FLOWER AVE, 90291",90,33.9990160391_-118.470272303_90.jpg,1,0.6357,tent
api_test_workflow_v8_remaining_location_deduped_10pct_2026-05-22,33.9529064529,-118.308034825,"9155 S HOBART BLVD, 90047",90,33.9529064529_-118.308034825_90.jpg,1,0.6301,tent
api_test_workflow_v8_remaining_location_deduped_10pct_2026-05-22,34.0021209955,-118.273643939,"4524 S SAN PEDRO PL, 90011",270,34.0021209955_-118.273643939_270.jpg,1,0.839,tent
api_test_workflow_v8_remaining_location_deduped_10pct_2026-05-22,34.0064849449,-118.312568281,"1835 W 42ND PL, 90062",180,34.0064849449_-118.312568281_180.jpg,1,0.6803,tent
api_test_workflow_v8_remaining_location_deduped_10pct_2026-05-22,34.0762491447,-118.363247214,"7963 W BEVERLY BLVD, 90048",0,34.0762491447_-118.363247214_0.jpg,1,0.6771,tent
api_test_workflow_v8_remaining_location_deduped_10pct_2026-05-22,33.9832081012,-118.269708981,"6213 S SAN PEDRO ST, 90003",180,33.9832081012_-118.269708981_180.jpg,1,0.8435,tent
api_test_workflow_v8_remaining_location_deduped_10pct_2026-05-22,33.9832081012,-118.269708981,"6213 S SAN PEDRO ST, 90003",270,33.9832081012_-118.269708981_270.jpg,1,0.7411,tent
api_test_workflow_v8_remaining_location_deduped_10pct_2026-05-22,34.0211584119,-118.242634712,"1674 S LONG BEACH AVE, 90021",270,34.0211584119_-118.242634712_270.jpg,1,0.6917,tent
api_test_workflow_v8_remaining_location_deduped_10pct_2026-05-22,34.002476703,-118.273900701,"4546 S MAIN ST, 90037",180,34.002476703_-118.273900701_180.jpg,1,0.6544,tent
api_test_workflow_v8_remaining_location_deduped_10pct_2026-05-22,34.2059462432,-118.421345856,"13244 W RAYMER ST, 91605",90,34.2059462432_-118.421345856_90.jpg,1,0.8611,tent
api_test_workflow_v8_remaining_location_deduped_10pct_2026-05-22,34.0212511387,-118.274062651,"3131 S HILL ST, 90007",0,34.0212511387_-118.274062651_0.jpg,1,0.7635,tent
api_test_workflow_v8_remaining_location_deduped_10pct_2026-05-22,34.0574602132,-118.295316534,"812 S CATALINA ST, 90005",270,34.0574602132_-118.295316534_270.jpg,1,0.7332,tent
api_test_workflow_v8_remaining_location_deduped_10pct_2026-05-22,34.2265638884,-118.485189184,"NAPA ST AT WOODLEY AVE, 91343",90,34.2265638884_-118.485189184_90.jpg,1,0.8492,tent
api_test_workflow_v8_remaining_location_deduped_10pct_2026-05-22,34.0416545688,-118.244019595,"607 E 6TH ST, 90021",0,34.0416545688_-118.244019595_0.jpg,3,0.9118,tent
api_test_workflow_v8_remaining_location_deduped_10pct_2026-05-22,34.0416545688,-118.244019595,"607 E 6TH ST, 90021",90,34.0416545688_-118.244019595_90.jpg,4,0.8926,tent
api_test_workflow_v8_remaining_location_deduped_10pct_2026-05-22,34.0416545688,-118.244019595,"607 E 6TH ST, 90021",180,34.0416545688_-118.244019595_180.jpg,2,0.827,tent
api_test_workflow_v8_remaining_location_deduped_10pct_2026-05-22,34.0897469254,-118.211733252,"3719 N MARMION WAY, 90065",0,34.0897469254_-118.211733252_0.jpg,1,0.8566,tent
api_test_workflow_v8_remaining_location_deduped_10pct_2026-05-22,34.0897469254,-118.211733252,"3719 N MARMION WAY, 90065",180,34.0897469254_-118.211733252_180.jpg,1,0.7312,tent
api_test_workflow_v8_remaining_location_deduped_10pct_2026-05-22,34.0897469254,-118.211733252,"3719 N MARMION WAY, 90065",270,34.0897469254_-118.211733252_270.jpg,1,0.887,tent
api_test_workflow_v8_remaining_location_deduped_10pct_2026-05-22,34.0384479848,-118.243956764,"1000 E 7TH ST, 90021",0,34.0384479848_-118.243956764_0.jpg,2,0.842,tent
api_test_workflow_v8_remaining_location_deduped_10pct_2026-05-22,34.0384479848,-118.243956764,"1000 E 7TH ST, 90021",270,34.0384479848_-118.243956764_270.jpg,2,0.8557,tent
api_test_workflow_v8_remaining_location_deduped_10pct_2026-05-22,34.0472174387,-118.326789964,"1310 S CRENSHAW BLVD, 90019",0,34.0472174387_-118.326789964_0.jpg,1,0.9093,tent
api_test_workflow_v8_remaining_location_deduped_10pct_2026-05-22,34.0256718501,-118.274864379,"405 W 28TH ST, 90007",270,34.0256718501_-118.274864379_270.jpg,1,0.8169,tent
api_test_workflow_v8_remaining_location_deduped_10pct_2026-05-22,34.0429004167,-118.277460321,"1565 W 14TH ST, 90015",270,34.0429004167_-118.277460321_270.jpg,1,0.9232,tent
api_test_workflow_v8_remaining_location_deduped_10pct_2026-05-22,34.0788749206,-118.162550306,"5582 E ALHAMBRA AVE, 90032",0,34.0788749206_-118.162550306_0.jpg,1,0.8369,tent
api_test_workflow_v8_remaining_location_deduped_10pct_2026-05-22,34.284401084,-118.408539861,"BROMONT AVE AT MONTFORD ST, 91331",270,34.284401084_-118.408539861_270.jpg,1,0.7281,tent
api_test_workflow_v8_remaining_location_deduped_10pct_2026-05-22,34.0091162504,-118.280254651,"378 W 41ST ST, 90037",270,34.0091162504_-118.280254651_270.jpg,1,0.7089,tent
api_test_workflow_v8_remaining_location_deduped_10pct_2026-05-22,33.9598190071,-118.266506037,"8614 S METTLER ST, 90003",0,33.9598190071_-118.266506037_0.jpg,1,0.6542,tent
api_test_workflow_v8_remaining_location_deduped_10pct_2026-05-22,34.030312052,-118.391464417,"3323 S ROBERTSON BLVD, 90034",0,34.030312052_-118.391464417_0.jpg,1,0.6335,tent
api_test_workflow_v8_remaining_location_deduped_10pct_2026-05-22,33.9625103946,-118.282527843,"8426 S FIGUEROA ST, 90003",0,33.9625103946_-118.282527843_0.jpg,1,0.8374,tent
api_test_workflow_v8_remaining_location_deduped_10pct_2026-05-22,34.0664507379,-118.269430493,"107 N MOUNTAIN VIEW AVE, 90026",90,34.0664507379_-118.269430493_90.jpg,2,0.8997,tent
api_test_workflow_v8_remaining_location_deduped_10pct_2026-05-22,34.0518102981,-118.279595196,"958 S ALVARADO ST, 90006",180,34.0518102981_-118.279595196_180.jpg,1,0.7828,tent
api_test_workflow_v8_remaining_location_deduped_10pct_2026-05-22,34.0330899009,-118.44691747,"EXPOSITION BOULEVARD N/R AT BARRINGTON AVE, 90064",270,34.0330899009_-118.44691747_270.jpg,1,0.6363,tent
api_test_workflow_v8_remaining_location_deduped_10pct_2026-05-22,34.0211286712,-118.245312713,"1916 S TARLETON ST, 90011",90,34.0211286712_-118.245312713_90.jpg,1,0.8765,tent
api_test_workflow_v8_remaining_location_deduped_10pct_2026-05-22,34.0211286712,-118.245312713,"1916 S TARLETON ST, 90011",180,34.0211286712_-118.245312713_180.jpg,2,0.8808,tent
api_test_workflow_v8_remaining_location_deduped_10pct_2026-05-22,34.0225874542,-118.243783662,"1622 S COMPTON AVE, 90021",0,34.0225874542_-118.243783662_0.jpg,1,0.8789,tent
api_test_workflow_v8_remaining_location_deduped_10pct_2026-05-22,34.1014140594,-118.311384541,"1668 N ST ANDREWS PL, 90028",180,34.1014140594_-118.311384541_180.jpg,1,0.8409,tent
api_test_workflow_v8_remaining_location_deduped_10pct_2026-05-22,34.1014140594,-118.311384541,"1668 N ST ANDREWS PL, 90028",270,34.1014140594_-118.311384541_270.jpg,1,0.8065,tent
api_test_workflow_v8_remaining_location_deduped_10pct_2026-05-22,34.0466735625,-118.242756273,"SAN PEDRO ST AT BOYD ST, 90013",180,34.0466735625_-118.242756273_180.jpg,1,0.76,tent
api_test_workflow_v8_remaining_location_deduped_10pct_2026-05-22,34.217715674,-118.378979666,"8102 N TUJUNGA AVE, 91352",180,34.217715674_-118.378979666_180.jpg,1,0.7686,tent
api_test_workflow_v8_remaining_location_deduped_10pct_2026-05-22,34.0497101561,-118.195894019,"3031 E WABASH AVE, 90063",180,34.0497101561_-118.195894019_180.jpg,2,0.8977,tent
api_test_workflow_v8_remaining_location_deduped_10pct_2026-05-22,34.0681483261,-118.282151604,"249 S OCCIDENTAL BLVD, 90057",0,34.0681483261_-118.282151604_0.jpg,1,0.7346,tent
api_test_workflow_v8_remaining_location_deduped_10pct_2026-05-22,34.1981954518,-118.533403672,"7022 N DARBY AVE, 91335",270,34.1981954518_-118.533403672_270.jpg,1,0.9298,tent
api_test_workflow_v8_remaining_location_deduped_10pct_2026-05-22,34.2012646098,-118.573387151,"20211 W SHERMAN WAY, 91306",180,34.2012646098_-118.573387151_180.jpg,1,0.7638,tent
api_test_workflow_v8_remaining_location_deduped_10pct_2026-05-22,34.0599161281,-118.303251986,"699 S KINGSLEY DR, 90005",90,34.0599161281_-118.303251986_90.jpg,1,0.8387,tent
api_test_workflow_v8_remaining_location_deduped_10pct_2026-05-22,34.0445704876,-118.245025831,"SAN JULIAN ST AT 5TH ST, 90013",90,34.0445704876_-118.245025831_90.jpg,1,0.7598,tent
api_test_workflow_v8_remaining_location_deduped_10pct_2026-05-22,34.0658570353,-118.270330342,"121 S MOUNTAIN VIEW AVE, 90057",0,34.0658570353_-118.270330342_0.jpg,1,0.8851,tent
api_test_workflow_v8_remaining_location_deduped_10pct_2026-05-22,34.0329232651,-118.389959033,"ROBERTSON BLVD AT SANTA MONICA FRWY, 90034",270,34.0329232651_-118.389959033_270.jpg,1,0.8661,tent
api_test_workflow_v8_remaining_location_deduped_10pct_2026-05-22,33.9737563088,-118.377423475,"THORNBURN ST AT FLIGHT AVE, 90045",180,33.9737563088_-118.377423475_180.jpg,1,0.7273,tent
api_test_workflow_v8_remaining_location_deduped_10pct_2026-05-22,34.1939351916,-118.364899303,"VANOWEN ST AT DENNY AVE, 91606",270,34.1939351916_-118.364899303_270.jpg,2,0.7058,tent
api_test_workflow_v8_remaining_location_deduped_10pct_2026-05-22,34.0497476489,-118.275732029,"1720 W OLYMPIC BLVD, 90015",270,34.0497476489_-118.275732029_270.jpg,1,0.9316,tent
api_test_workflow_v8_remaining_location_deduped_10pct_2026-05-22,34.0379043554,-118.437038572,"2311 S PONTIUS AVE, 90064",90,34.0379043554_-118.437038572_90.jpg,1,0.6158,tent
api_test_workflow_v8_remaining_location_deduped_10pct_2026-05-22,34.0897926617,-118.306598674,"1063 N SERRANO AVE, 90029",0,34.0897926617_-118.306598674_0.jpg,1,0.9188,tent
api_test_workflow_v8_remaining_location_deduped_10pct_2026-05-22,34.0897926617,-118.306598674,"1063 N SERRANO AVE, 90029",90,34.0897926617_-118.306598674_90.jpg,1,0.9021,tent
api_test_workflow_v8_remaining_location_deduped_10pct_2026-05-22,34.0586174656,-118.288293781,"2974 LEEWARD AV, 90005",90,34.0586174656_-118.288293781_90.jpg,1,0.8747,tent
api_test_workflow_v8_remaining_location_deduped_10pct_2026-05-22,34.0586174656,-118.288293781,"2974 LEEWARD AV, 90005",270,34.0586174656_-118.288293781_270.jpg,1,0.9118,tent
api_test_workflow_v8_remaining_location_deduped_10pct_2026-05-22,34.0212286508,-118.333922789,"BRONSON AVE AT OBAMA BLVD, 90018",180,34.0212286508_-118.333922789_180.jpg,1,0.8667,tent
api_test_workflow_v8_remaining_location_deduped_10pct_2026-05-22,34.2155026231,-118.599349612,"7998 N ALABAMA AVE, 91304",0,34.2155026231_-118.599349612_0.jpg,1,0.8419,tent
api_test_workflow_v8_remaining_location_deduped_10pct_2026-05-22,34.0159255996,-118.204432897,"3457 E 15TH ST, 90023",0,34.0159255996_-118.204432897_0.jpg,1,0.9419,tent
api_test_workflow_v8_remaining_location_deduped_10pct_2026-05-22,34.0159255996,-118.204432897,"3457 E 15TH ST, 90023",90,34.0159255996_-118.204432897_90.jpg,2,0.9142,tent
api_test_workflow_v8_remaining_location_deduped_10pct_2026-05-22,33.7956683896,-118.290698452,"25200 S VERMONT AVE, 90710",90,33.7956683896_-118.290698452_90.jpg,1,0.7515,tent
api_test_workflow_v8_remaining_location_deduped_10pct_2026-05-22,34.0570604193,-118.295282323,"820 S CATALINA ST, 90005",0,34.0570604193_-118.295282323_0.jpg,4,0.8318,tent
api_test_workflow_v8_remaining_location_deduped_10pct_2026-05-22,34.0570604193,-118.295282323,"820 S CATALINA ST, 90005",270,34.0570604193_-118.295282323_270.jpg,1,0.6956,tent
api_test_workflow_v8_remaining_location_deduped_10pct_2026-05-22,33.9760727357,-118.265094768,"7012 S AVALON BLVD, 90003",0,33.9760727357_-118.265094768_0.jpg,2,0.791,tent
api_test_workflow_v8_remaining_location_deduped_10pct_2026-05-22,34.0367256143,-118.251248809,"963 S SAN PEDRO ST, 90015",0,34.0367256143_-118.251248809_0.jpg,3,0.8827,tent
api_test_workflow_v8_remaining_location_deduped_10pct_2026-05-22,34.0367256143,-118.251248809,"963 S SAN PEDRO ST, 90015",270,34.0367256143_-118.251248809_270.jpg,2,0.8308,tent
api_test_workflow_v8_remaining_location_deduped_10pct_2026-05-22,34.0346134095,-118.268731367,"1800 S HOPE ST, 90015",0,34.0346134095_-118.268731367_0.jpg,1,0.7618,tent
api_test_workflow_v8_remaining_location_deduped_10pct_2026-05-22,34.0346134095,-118.268731367,"1800 S HOPE ST, 90015",180,34.0346134095_-118.268731367_180.jpg,1,0.8877,tent
api_test_workflow_v8_remaining_location_deduped_10pct_2026-05-22,34.0346134095,-118.268731367,"1800 S HOPE ST, 90015",270,34.0346134095_-118.268731367_270.jpg,1,0.8726,tent
api_test_workflow_v8_remaining_location_deduped_10pct_2026-05-22,34.0444968219,-118.272245441,"1198 S BLAINE ST, 90015",0,34.0444968219_-118.272245441_0.jpg,1,0.8596,tent
api_test_workflow_v8_remaining_location_deduped_10pct_2026-05-22,34.0444968219,-118.272245441,"1198 S BLAINE ST, 90015",90,34.0444968219_-118.272245441_90.jpg,1,0.7505,tent
api_test_workflow_v8_remaining_location_deduped_10pct_2026-05-22,34.0097532796,-118.256358532,"4060 S CENTRAL AVE, 90011",0,34.0097532796_-118.256358532_0.jpg,1,0.6768,tent
api_test_workflow_v8_remaining_location_deduped_10pct_2026-05-22,34.2595490579,-118.309057768,"8068 W FOOTHILL BLVD, 91040",180,34.2595490579_-118.309057768_180.jpg,1,0.9213,tent
api_test_workflow_v8_remaining_location_deduped_10pct_2026-05-22,34.2182975501,-118.361917044,"10600 W RAINIER ST, 91352",0,34.2182975501_-118.361917044_0.jpg,1,0.8772,tent
api_test_workflow_v8_remaining_location_deduped_10pct_2026-05-22,34.0671127143,-118.29285353,"410 S NEW HAMPSHIRE AVE, 90020",0,34.0671127143_-118.29285353_0.jpg,1,0.8413,tent
api_test_workflow_v8_remaining_location_deduped_10pct_2026-05-22,34.0671127143,-118.29285353,"410 S NEW HAMPSHIRE AVE, 90020",180,34.0671127143_-118.29285353_180.jpg,1,0.8475,tent
api_test_workflow_v8_remaining_location_deduped_10pct_2026-05-22,34.0434980521,-118.242792269,"5TH ST AT CROCKER ST, 90013",0,34.0434980521_-118.242792269_0.jpg,2,0.7862,tent
api_test_workflow_v8_remaining_location_deduped_10pct_2026-05-22,34.0434980521,-118.242792269,"5TH ST AT CROCKER ST, 90013",90,34.0434980521_-118.242792269_90.jpg,1,0.8491,tent
api_test_workflow_v8_remaining_location_deduped_10pct_2026-05-22,34.0434980521,-118.242792269,"5TH ST AT CROCKER ST, 90013",180,34.0434980521_-118.242792269_180.jpg,2,0.8356,tent
api_test_workflow_v8_remaining_location_deduped_10pct_2026-05-22,34.0434980521,-118.242792269,"5TH ST AT CROCKER ST, 90013",270,34.0434980521_-118.242792269_270.jpg,4,0.8461,tent
api_test_workflow_v8_remaining_location_deduped_10pct_2026-05-22,34.0642616498,-118.282577583,"525 S LA FAYETTE PARK PL, 90057",0,34.0642616498_-118.282577583_0.jpg,1,0.8102,tent
api_test_workflow_v8_remaining_location_deduped_10pct_2026-05-22,34.045971162,-118.244763265,"412 S WALL ST, 90013",270,34.045971162_-118.244763265_270.jpg,2,0.7184,tent
api_test_workflow_v8_remaining_location_deduped_10pct_2026-05-22,34.0857849611,-118.297891316,"ALEXANDRIA AVE AT MONROE ST, 90029",270,34.0857849611_-118.297891316_270.jpg,1,0.8326,tent
api_test_workflow_v8_remaining_location_deduped_10pct_2026-05-22,33.9911721763,-118.477565513,"800 S OCEAN FRONT WALK, 90291",180,33.9911721763_-118.477565513_180.jpg,1,0.8929,tent
api_test_workflow_v8_remaining_location_deduped_10pct_2026-05-22,34.0466585677,-118.268644099,"OLYMPIC BLVD AT HARBOR FRWY, 90015",0,34.0466585677_-118.268644099_0.jpg,3,0.8145,tent
api_test_workflow_v8_remaining_location_deduped_10pct_2026-05-22,34.0466585677,-118.268644099,"OLYMPIC BLVD AT HARBOR FRWY, 90015",270,34.0466585677_-118.268644099_270.jpg,1,0.6084,tent
api_test_workflow_v8_remaining_location_deduped_10pct_2026-05-22,34.0475264107,-118.266107466,"1040 W JAMES M. WOOD BLVD, 90015",0,34.0475264107_-118.266107466_0.jpg,1,0.8094,tent
api_test_workflow_v8_remaining_location_deduped_10pct_2026-05-22,34.0475264107,-118.266107466,"1040 W JAMES M. WOOD BLVD, 90015",270,34.0475264107_-118.266107466_270.jpg,1,0.6672,tent
api_test_workflow_v8_remaining_location_deduped_10pct_2026-05-22,34.0572512947,-118.295547023,"825 S CATALINA ST, 90005",180,34.0572512947_-118.295547023_180.jpg,2,0.9071,tent
api_test_workflow_v8_remaining_location_deduped_10pct_2026-05-22,34.0572512947,-118.295547023,"825 S CATALINA ST, 90005",270,34.0572512947_-118.295547023_270.jpg,2,0.9411,tent
api_test_workflow_v8_remaining_location_deduped_10pct_2026-05-22,34.0913245672,-118.329757199,"1122 N COLE AVE, 90038",180,34.0913245672_-118.329757199_180.jpg,1,0.6994,tent
api_test_workflow_v8_remaining_location_deduped_10pct_2026-05-22,34.0162274393,-118.23039589,"24TH ST AT SANTA FE AVE, 90058",0,34.0162274393_-118.23039589_0.jpg,2,0.8184,tent
api_test_workflow_v8_remaining_location_deduped_10pct_2026-05-22,34.0162274393,-118.23039589,"24TH ST AT SANTA FE AVE, 90058",90,34.0162274393_-118.23039589_90.jpg,1,0.9268,tent
api_test_workflow_v8_remaining_location_deduped_10pct_2026-05-22,34.0455318205,-118.245242049,"WINSTON ST AT WALL ST, 90013",90,34.0455318205_-118.245242049_90.jpg,1,0.8105,tent
api_test_workflow_v8_remaining_location_deduped_10pct_2026-05-22,33.9629180307,-118.269479342,"301 E 84TH ST, 90003",180,33.9629180307_-118.269479342_180.jpg,1,0.666,tent
api_test_workflow_v8_remaining_location_deduped_10pct_2026-05-22,34.0540255463,-118.283724945,"946 S CARONDELET ST, 90006",0,34.0540255463_-118.283724945_0.jpg,1,0.8453,tent
api_test_workflow_v8_remaining_location_deduped_10pct_2026-05-22,34.0009318874,-118.436660132,"12615 W PACIFIC AVE, 90066",0,34.0009318874_-118.436660132_0.jpg,1,0.8175,tent
api_test_workflow_v8_remaining_location_deduped_10pct_2026-05-22,34.058291592,-118.299679873,"750 S NORMANDIE AVE, 90005",180,34.058291592_-118.299679873_180.jpg,1,0.8239,tent
api_test_workflow_v8_remaining_location_deduped_30pct_after10_2026-05-22,34.2487294505,-118.402899186,"9800 N SAN FERNANDO ROAD, 91331",270,34.2487294505_-118.402899186_270.jpg,1,0.6712,tent
api_test_workflow_v8_remaining_location_deduped_30pct_after10_2026-05-22,34.0214104747,-118.240626941,"1661 S MCGARRY ST, 90021",90,34.0214104747_-118.240626941_90.jpg,1,0.6077,tent
api_test_workflow_v8_remaining_location_deduped_30pct_after10_2026-05-22,34.058565826,-118.283879715,"731 S RAMPART BLVD, 90057",90,34.058565826_-118.283879715_90.jpg,1,0.8592,tent
api_test_workflow_v8_remaining_location_deduped_30pct_after10_2026-05-22,34.0447061828,-118.443881893,"1826 S COTNER AVE, 90025",270,34.0447061828_-118.443881893_270.jpg,2,0.9064,tent
api_test_workflow_v8_remaining_location_deduped_30pct_after10_2026-05-22,34.1502125635,-118.370943449,"11012 W MOORPARK ST, 91602",0,34.1502125635_-118.370943449_0.jpg,1,0.8994,tent
api_test_workflow_v8_remaining_location_deduped_30pct_after10_2026-05-22,34.0454994428,-118.226880003,"AZUSA ST AT ANDERSON ST, 90033",270,34.0454994428_-118.226880003_270.jpg,1,0.8834,tent
api_test_workflow_v8_remaining_location_deduped_30pct_after10_2026-05-22,33.9735145988,-118.3773111,"5550 W THORNBURN ST, 90045",270,33.9735145988_-118.3773111_270.jpg,1,0.8716,tent
api_test_workflow_v8_remaining_location_deduped_30pct_after10_2026-05-22,34.0203395672,-118.247000222,"2007 S HOOPER AVE, 90011",0,34.0203395672_-118.247000222_0.jpg,5,0.775,tent
api_test_workflow_v8_remaining_location_deduped_30pct_after10_2026-05-22,34.2282008088,-118.472871221,"15636 W PARTHENIA ST, 91343",270,34.2282008088_-118.472871221_270.jpg,1,0.7718,tent
api_test_workflow_v8_remaining_location_deduped_30pct_after10_2026-05-22,34.1480574046,-118.370438394,"VINELAND AVE AT WHIPPLE ST, 91602",270,34.1480574046_-118.370438394_270.jpg,1,0.6219,tent
api_test_workflow_v8_remaining_location_deduped_30pct_after10_2026-05-22,34.0302811813,-118.39145014,"3331 S ROBERTSON BLVD, 90034",0,34.0302811813_-118.39145014_0.jpg,1,0.6335,tent
api_test_workflow_v8_remaining_location_deduped_30pct_after10_2026-05-22,34.049551285,-118.459815909,"1215 S BARRY AVE, 90025",0,34.049551285_-118.459815909_0.jpg,1,0.7299,tent
api_test_workflow_v8_remaining_location_deduped_30pct_after10_2026-05-22,34.0151374284,-118.254404993,"1155 E 29TH ST, 90011",0,34.0151374284_-118.254404993_0.jpg,1,0.7905,tent
api_test_workflow_v8_remaining_location_deduped_30pct_after10_2026-05-22,34.1009593164,-118.311385403,"1668 N ST ANDREWS PL, 90028",270,34.1009593164_-118.311385403_270.jpg,2,0.8689,tent
api_test_workflow_v8_remaining_location_deduped_30pct_after10_2026-05-22,34.0015707517,-118.28887038,"4600 S ORCHARD AVE, 90037",90,34.0015707517_-118.28887038_90.jpg,1,0.7315,tent
api_test_workflow_v8_remaining_location_deduped_30pct_after10_2026-05-22,34.0434591782,-118.243055684,"534 E 5TH ST, 90013",0,34.0434591782_-118.243055684_0.jpg,2,0.9063,tent
api_test_workflow_v8_remaining_location_deduped_30pct_after10_2026-05-22,34.0434591782,-118.243055684,"534 E 5TH ST, 90013",90,34.0434591782_-118.243055684_90.jpg,3,0.8492,tent
api_test_workflow_v8_remaining_location_deduped_30pct_after10_2026-05-22,34.0434591782,-118.243055684,"534 E 5TH ST, 90013",180,34.0434591782_-118.243055684_180.jpg,4,0.9493,tent
api_test_workflow_v8_remaining_location_deduped_30pct_after10_2026-05-22,34.0434591782,-118.243055684,"534 E 5TH ST, 90013",270,34.0434591782_-118.243055684_270.jpg,2,0.9421,tent
api_test_workflow_v8_remaining_location_deduped_30pct_after10_2026-05-22,34.2233484187,-118.451575276,"8414 N TOBIAS AVE, 91402",0,34.2233484187_-118.451575276_0.jpg,2,0.8325,tent
api_test_workflow_v8_remaining_location_deduped_30pct_after10_2026-05-22,34.2233484187,-118.451575276,"8414 N TOBIAS AVE, 91402",90,34.2233484187_-118.451575276_90.jpg,1,0.7213,tent
api_test_workflow_v8_remaining_location_deduped_30pct_after10_2026-05-22,34.2233484187,-118.451575276,"8414 N TOBIAS AVE, 91402",180,34.2233484187_-118.451575276_180.jpg,1,0.866,tent
api_test_workflow_v8_remaining_location_deduped_30pct_after10_2026-05-22,33.9869904088,-118.467059088,"501 E VENICE BLVD, 90291",0,33.9869904088_-118.467059088_0.jpg,1,0.727,tent
api_test_workflow_v8_remaining_location_deduped_30pct_after10_2026-05-22,33.9518950031,-118.280768206,"FLOWER ST AT 93RD ST, 90003",0,33.9518950031_-118.280768206_0.jpg,1,0.7683,tent
api_test_workflow_v8_remaining_location_deduped_30pct_after10_2026-05-22,34.0898144234,-118.28742202,"4419 W WILLOW BROOK AVE, 90029",180,34.0898144234_-118.28742202_180.jpg,1,0.9071,tent
api_test_workflow_v8_remaining_location_deduped_30pct_after10_2026-05-22,34.0146083734,-118.278168772,"HILL ST AT 38TH ST, 90037",0,34.0146083734_-118.278168772_0.jpg,1,0.7847,tent
api_test_workflow_v8_remaining_location_deduped_30pct_after10_2026-05-22,34.0321785485,-118.26390079,"1801 S MAIN ST, 90015",270,34.0321785485_-118.26390079_270.jpg,1,0.7261,tent
api_test_workflow_v8_remaining_location_deduped_30pct_after10_2026-05-22,34.0387972619,-118.243844273,"915 E 7TH ST, 90021",0,34.0387972619_-118.243844273_0.jpg,1,0.9487,tent
api_test_workflow_v8_remaining_location_deduped_30pct_after10_2026-05-22,34.0387972619,-118.243844273,"915 E 7TH ST, 90021",90,34.0387972619_-118.243844273_90.jpg,1,0.8846,tent
api_test_workflow_v8_remaining_location_deduped_30pct_after10_2026-05-22,34.0387972619,-118.243844273,"915 E 7TH ST, 90021",270,34.0387972619_-118.243844273_270.jpg,1,0.7109,tent
api_test_workflow_v8_remaining_location_deduped_30pct_after10_2026-05-22,34.224899281,-118.447616554,"14415 W CHASE ST, 91402",90,34.224899281_-118.447616554_90.jpg,1,0.7849,tent
api_test_workflow_v8_remaining_location_deduped_30pct_after10_2026-05-22,34.0293248739,-118.248958401,"1112 E 14TH ST, 90021",90,34.0293248739_-118.248958401_90.jpg,1,0.8908,tent
api_test_workflow_v8_remaining_location_deduped_30pct_after10_2026-05-22,34.0516404976,-118.275840376,"907 S BURLINGTON AVE, 90006",0,34.0516404976_-118.275840376_0.jpg,1,0.8584,tent
api_test_workflow_v8_remaining_location_deduped_30pct_after10_2026-05-22,34.0533612372,-118.274525169,"8TH ST AT BURLINGTON AVE, 90017",90,34.0533612372_-118.274525169_90.jpg,1,0.743,tent
api_test_workflow_v8_remaining_location_deduped_30pct_after10_2026-05-22,34.1783805638,-118.381752412,"11480 W TIARA ST, 91601",180,34.1783805638_-118.381752412_180.jpg,1,0.8117,tent
api_test_workflow_v8_remaining_location_deduped_30pct_after10_2026-05-22,34.0370359758,-118.300314763,"NORMANDIE AVE AT SANTA MONICA FRWY, 90007",180,34.0370359758_-118.300314763_180.jpg,1,0.8961,tent
api_test_workflow_v8_remaining_location_deduped_30pct_after10_2026-05-22,34.0370359758,-118.300314763,"NORMANDIE AVE AT SANTA MONICA FRWY, 90007",270,34.0370359758_-118.300314763_270.jpg,1,0.8611,tent
api_test_workflow_v8_remaining_location_deduped_30pct_after10_2026-05-22,34.2472880988,-118.422422243,"9740 N REMICK AVE, 91331",0,34.2472880988_-118.422422243_0.jpg,1,0.8846,tent
api_test_workflow_v8_remaining_location_deduped_30pct_after10_2026-05-22,34.0924157489,-118.291782248,"VERMONT AVE AT VERMONT PL, 90029",180,34.0924157489_-118.291782248_180.jpg,1,0.7589,tent
api_test_workflow_v8_remaining_location_deduped_30pct_after10_2026-05-22,34.0348096657,-118.268784733,"18TH ST AT HOPE ST, 90015",0,34.0348096657_-118.268784733_0.jpg,1,0.872,tent
api_test_workflow_v8_remaining_location_deduped_30pct_after10_2026-05-22,34.0348096657,-118.268784733,"18TH ST AT HOPE ST, 90015",270,34.0348096657_-118.268784733_270.jpg,1,0.7581,tent
api_test_workflow_v8_remaining_location_deduped_30pct_after10_2026-05-22,34.0935378865,-118.281886512,"1154 N MYRA AVE, 90029",0,34.0935378865_-118.281886512_0.jpg,1,0.825,tent
api_test_workflow_v8_remaining_location_deduped_30pct_after10_2026-05-22,34.0935378865,-118.281886512,"1154 N MYRA AVE, 90029",90,34.0935378865_-118.281886512_90.jpg,2,0.8798,tent
api_test_workflow_v8_remaining_location_deduped_30pct_after10_2026-05-22,33.9755972174,-118.265389342,"7019 S AVALON BLVD, 90003",270,33.9755972174_-118.265389342_270.jpg,2,0.9083,tent
api_test_workflow_v8_remaining_location_deduped_30pct_after10_2026-05-22,34.0320872199,-118.390242252,"3040 S ROBERTSON BLVD, 90034",270,34.0320872199_-118.390242252_270.jpg,1,0.7645,tent
api_test_workflow_v8_remaining_location_deduped_30pct_after10_2026-05-22,33.9912650165,-118.315108621,"5607 S WILTON PL, 90062",90,33.9912650165_-118.315108621_90.jpg,1,0.6185,tent
api_test_workflow_v8_remaining_location_deduped_30pct_after10_2026-05-22,33.9915843339,-118.478212137,"723 S OCEAN FRONT WALK, 90291",0,33.9915843339_-118.478212137_0.jpg,2,0.8214,tent
api_test_workflow_v8_remaining_location_deduped_30pct_after10_2026-05-22,34.1017883656,-118.314009017,"5711 W HOLLYWOOD BLVD, 90028",0,34.1017883656_-118.314009017_0.jpg,1,0.7059,tent
api_test_workflow_v8_remaining_location_deduped_30pct_after10_2026-05-22,34.0183731098,-118.302935861,"HALLDALE AVE AT EXPOSITION BOULEVARD N/R, 90018",90,34.0183731098_-118.302935861_90.jpg,1,0.7157,tent
api_test_workflow_v8_remaining_location_deduped_30pct_after10_2026-05-22,34.1806286737,-118.37018055,"6042 N VINELAND AVE, 91606",90,34.1806286737_-118.37018055_90.jpg,1,0.8749,tent
api_test_workflow_v8_remaining_location_deduped_30pct_after10_2026-05-22,34.0253771583,-118.245395671,"1402 E 15TH ST, 90021",270,34.0253771583_-118.245395671_270.jpg,1,0.7159,tent
api_test_workflow_v8_remaining_location_deduped_30pct_after10_2026-05-22,34.0394635263,-118.258178359,"1055 S MAIN ST, 90015",0,34.0394635263_-118.258178359_0.jpg,2,0.8596,tent
api_test_workflow_v8_remaining_location_deduped_30pct_after10_2026-05-22,34.0394635263,-118.258178359,"1055 S MAIN ST, 90015",270,34.0394635263_-118.258178359_270.jpg,2,0.8716,tent
api_test_workflow_v8_remaining_location_deduped_30pct_after10_2026-05-22,34.0572358061,-118.27403954,"1915 W WILSHIRE BLVD, 90057",0,34.0572358061_-118.27403954_0.jpg,1,0.8546,tent
api_test_workflow_v8_remaining_location_deduped_30pct_after10_2026-05-22,34.0572358061,-118.27403954,"1915 W WILSHIRE BLVD, 90057",90,34.0572358061_-118.27403954_90.jpg,2,0.9111,tent
api_test_workflow_v8_remaining_location_deduped_30pct_after10_2026-05-22,34.0445555784,-118.272715402,"1322 W 12TH ST, 90015",0,34.0445555784_-118.272715402_0.jpg,1,0.8172,tent
api_test_workflow_v8_remaining_location_deduped_30pct_after10_2026-05-22,34.0338107448,-118.220268289,"2381 E 7TH ST, 90023",0,34.0338107448_-118.220268289_0.jpg,1,0.8215,tent
api_test_workflow_v8_remaining_location_deduped_30pct_after10_2026-05-22,34.094320833,-118.341669586,"ORANGE DR AT FOUNTAIN AVE, 90038",180,34.094320833_-118.341669586_180.jpg,1,0.6749,tent
api_test_workflow_v8_remaining_location_deduped_30pct_after10_2026-05-22,34.0303569844,-118.391082631,"3300 S ROBERTSON BLVD, 90034",270,34.0303569844_-118.391082631_270.jpg,3,0.9011,tent
api_test_workflow_v8_remaining_location_deduped_30pct_after10_2026-05-22,34.0895937195,-118.287262427,"4410 W WILLOW BROOK AVE, 90029",270,34.0895937195_-118.287262427_270.jpg,2,0.854,tent
api_test_workflow_v8_remaining_location_deduped_30pct_after10_2026-05-22,34.0421789071,-118.243787063,"550 S CROCKER ST, 90013",90,34.0421789071_-118.243787063_90.jpg,2,0.8406,tent
api_test_workflow_v8_remaining_location_deduped_30pct_after10_2026-05-22,34.0421789071,-118.243787063,"550 S CROCKER ST, 90013",180,34.0421789071_-118.243787063_180.jpg,1,0.8282,tent
api_test_workflow_v8_remaining_location_deduped_30pct_after10_2026-05-22,34.051053977,-118.369151259,"5933 W LUNA PARK, 90035",0,34.051053977_-118.369151259_0.jpg,1,0.7052,tent
api_test_workflow_v8_remaining_location_deduped_30pct_after10_2026-05-22,34.0213220188,-118.272522842,"3115 S BROADWAY, 90007",90,34.0213220188_-118.272522842_90.jpg,1,0.9054,tent
api_test_workflow_v8_remaining_location_deduped_30pct_after10_2026-05-22,34.086572861,-118.215291952,"3439 N MARMION WAY, 90065",180,34.086572861_-118.215291952_180.jpg,1,0.6064,tent
api_test_workflow_v8_remaining_location_deduped_30pct_after10_2026-05-22,34.0164256747,-118.198470529,"3650 E UNION PACIFIC AVE, 90023",90,34.0164256747_-118.198470529_90.jpg,1,0.7831,tent
api_test_workflow_v8_remaining_location_deduped_30pct_after10_2026-05-22,33.9906896093,-118.307771327,"1727 W 57TH ST, 90062",270,33.9906896093_-118.307771327_270.jpg,1,0.8089,tent
api_test_workflow_v8_remaining_location_deduped_30pct_after10_2026-05-22,34.0902211678,-118.164257365,"5375 E POPLAR BLVD, 90032",90,34.0902211678_-118.164257365_90.jpg,1,0.9156,tent
api_test_workflow_v8_remaining_location_deduped_30pct_after10_2026-05-22,34.007408612,-118.34285582,"3842 W DON FELIPE DR, 90008",180,34.007408612_-118.34285582_180.jpg,1,0.8284,tent
api_test_workflow_v8_remaining_location_deduped_30pct_after10_2026-05-22,34.0816691801,-118.284525596,"3800 W CLINTON ST, 90004",180,34.0816691801_-118.284525596_180.jpg,1,0.7096,tent
api_test_workflow_v8_remaining_location_deduped_30pct_after10_2026-05-22,34.0418136648,-118.248531401,"700 S WALL ST, 90014",0,34.0418136648_-118.248531401_0.jpg,1,0.886,tent
api_test_workflow_v8_remaining_location_deduped_30pct_after10_2026-05-22,34.0418136648,-118.248531401,"700 S WALL ST, 90014",90,34.0418136648_-118.248531401_90.jpg,1,0.8869,tent
api_test_workflow_v8_remaining_location_deduped_30pct_after10_2026-05-22,34.0418136648,-118.248531401,"700 S WALL ST, 90014",270,34.0418136648_-118.248531401_270.jpg,1,0.7809,tent
api_test_workflow_v8_remaining_location_deduped_30pct_after10_2026-05-22,33.7838284638,-118.239086944,"VREELAND AVE AT OPP ST, 90744",90,33.7838284638_-118.239086944_90.jpg,1,0.9057,tent
api_test_workflow_v8_remaining_location_deduped_30pct_after10_2026-05-22,34.1504547342,-118.370703218,"11007 W MOORPARK ST, 91602",0,34.1504547342_-118.370703218_0.jpg,1,0.7493,tent
api_test_workflow_v8_remaining_location_deduped_30pct_after10_2026-05-22,34.1504547342,-118.370703218,"11007 W MOORPARK ST, 91602",270,34.1504547342_-118.370703218_270.jpg,1,0.8581,tent
api_test_workflow_v8_remaining_location_deduped_30pct_after10_2026-05-22,34.0516706095,-118.438444199,"1700 S WESTWOOD BLVD, 90024",90,34.0516706095_-118.438444199_90.jpg,2,0.832,tent
api_test_workflow_v8_remaining_location_deduped_30pct_after10_2026-05-22,34.0444350453,-118.224879298,"1441 E BOYD ST, 90033",90,34.0444350453_-118.224879298_90.jpg,1,0.9058,tent
api_test_workflow_v8_remaining_location_deduped_30pct_after10_2026-05-22,33.7904080908,-118.241198177,"MAURETANIA ST AT ALAMEDA ST, 90744",90,33.7904080908_-118.241198177_90.jpg,1,0.8371,tent
api_test_workflow_v8_remaining_location_deduped_30pct_after10_2026-05-22,34.0761745986,-118.288228785,"3660 W BEVERLY BLVD, 90004",0,34.0761745986_-118.288228785_0.jpg,1,0.6725,tent
api_test_workflow_v8_remaining_location_deduped_30pct_after10_2026-05-22,34.003757771,-118.281590065,"VERNON AVE AT FLOWER ST, 90037",0,34.003757771_-118.281590065_0.jpg,1,0.8597,tent
api_test_workflow_v8_remaining_location_deduped_30pct_after10_2026-05-22,34.003757771,-118.281590065,"VERNON AVE AT FLOWER ST, 90037",180,34.003757771_-118.281590065_180.jpg,1,0.8024,tent
api_test_workflow_v8_remaining_location_deduped_30pct_after10_2026-05-22,34.0618487741,-118.310143939,"3841 W WILSHIRE BLVD, 90010",90,34.0618487741_-118.310143939_90.jpg,1,0.8903,tent
api_test_workflow_v8_remaining_location_deduped_30pct_after10_2026-05-22,34.0208696949,-118.271121334,"100 E 31ST ST, 90011",0,34.0208696949_-118.271121334_0.jpg,1,0.6709,tent
api_test_workflow_v8_remaining_location_deduped_30pct_after10_2026-05-22,34.0187085068,-118.319029243,"3792 S 2ND AVE, 90018",90,34.0187085068_-118.319029243_90.jpg,1,0.9122,tent
api_test_workflow_v8_remaining_location_deduped_30pct_after10_2026-05-22,34.0187085068,-118.319029243,"3792 S 2ND AVE, 90018",180,34.0187085068_-118.319029243_180.jpg,1,0.8608,tent
api_test_workflow_v8_remaining_location_deduped_30pct_after10_2026-05-22,34.0763199901,-118.290538453,"BEVERLY BLVD AT JUANITA AVE, 90004",0,34.0763199901_-118.290538453_0.jpg,1,0.885,tent
api_test_workflow_v8_remaining_location_deduped_30pct_after10_2026-05-22,34.2283805045,-118.470956172,"15549 W PARTHENIA ST, 91343",270,34.2283805045_-118.470956172_270.jpg,1,0.6531,tent
api_test_workflow_v8_remaining_location_deduped_30pct_after10_2026-05-22,34.0362105199,-118.266367702,"1513 S GRAND AVE, 90015",180,34.0362105199_-118.266367702_180.jpg,1,0.6456,tent
api_test_workflow_v8_remaining_location_deduped_30pct_after10_2026-05-22,33.9754526857,-118.265209474,"71ST ST AT AVALON BLVD, 90003",90,33.9754526857_-118.265209474_90.jpg,1,0.8635,tent
api_test_workflow_v8_remaining_location_deduped_30pct_after10_2026-05-22,34.0159361608,-118.245823699,"1525 E 24TH ST, 90011",180,34.0159361608_-118.245823699_180.jpg,1,0.7718,tent
api_test_workflow_v8_remaining_location_deduped_30pct_after10_2026-05-22,34.2236313143,-118.383584419,"8501 N TELFAIR AVE, 91352",0,34.2236313143_-118.383584419_0.jpg,1,0.7915,tent
api_test_workflow_v8_remaining_location_deduped_30pct_after10_2026-05-22,34.2473380571,-118.447652174,"14474 W VAN NUYS BLVD, 91331",180,34.2473380571_-118.447652174_180.jpg,1,0.9244,tent
api_test_workflow_v8_remaining_location_deduped_30pct_after10_2026-05-22,34.0030065057,-118.273565066,"113 E 45TH ST, 90011",180,34.0030065057_-118.273565066_180.jpg,4,0.8974,tent
api_test_workflow_v8_remaining_location_deduped_30pct_after10_2026-05-22,34.0030065057,-118.273565066,"113 E 45TH ST, 90011",270,34.0030065057_-118.273565066_270.jpg,1,0.8465,tent
api_test_workflow_v8_remaining_location_deduped_30pct_after10_2026-05-22,34.0254387563,-118.395515557,"9431 VENICE BLVD, 90232",0,34.0254387563_-118.395515557_0.jpg,1,0.886,tent
api_test_workflow_v8_remaining_location_deduped_30pct_after10_2026-05-22,34.0254387563,-118.395515557,"9431 VENICE BLVD, 90232",270,34.0254387563_-118.395515557_270.jpg,1,0.6846,tent
api_test_workflow_v8_remaining_location_deduped_30pct_after10_2026-05-22,34.0150604127,-118.244360949,"25TH ST AT NEVIN AVE, 90011",180,34.0150604127_-118.244360949_180.jpg,1,0.6884,tent
api_test_workflow_v8_remaining_location_deduped_30pct_after10_2026-05-22,34.0802682306,-118.217543884,"2630 N HUMBOLDT ST, 90031",270,34.0802682306_-118.217543884_270.jpg,1,0.9014,tent
api_test_workflow_v8_remaining_location_deduped_30pct_after10_2026-05-22,34.039774669,-118.455372911,"1720 S GRANVILLE AVE, 90025",180,34.039774669_-118.455372911_180.jpg,1,0.6297,tent
api_test_workflow_v8_remaining_location_deduped_30pct_after10_2026-05-22,34.0152079015,-118.254768282,"1147 E 29TH ST, 90011",180,34.0152079015_-118.254768282_180.jpg,1,0.6616,tent
api_test_workflow_v8_remaining_location_deduped_30pct_after10_2026-05-22,34.0451864956,-118.44455923,"1793 S COTNER AVE, 90025",0,34.0451864956_-118.44455923_0.jpg,1,0.8286,tent
api_test_workflow_v8_remaining_location_deduped_30pct_after10_2026-05-22,34.0451864956,-118.44455923,"1793 S COTNER AVE, 90025",180,34.0451864956_-118.44455923_180.jpg,1,0.6614,tent
api_test_workflow_v8_remaining_location_deduped_30pct_after10_2026-05-22,33.98956317,-118.291983672,"1016 W 58TH ST, 90037",90,33.98956317_-118.291983672_90.jpg,1,0.6506,tent
api_test_workflow_v8_remaining_location_deduped_30pct_after10_2026-05-22,34.0218024856,-118.273724076,"3101 S HILL ST, 90007",180,34.0218024856_-118.273724076_180.jpg,1,0.8161,tent
api_test_workflow_v8_remaining_location_deduped_30pct_after10_2026-05-22,34.0317814443,-118.237651865,"1511 E BAY ST, 90021",90,34.0317814443_-118.237651865_90.jpg,1,0.8932,tent
api_test_workflow_v8_remaining_location_deduped_30pct_after10_2026-05-22,34.0125358723,-118.418165272,"TULLER AVE AT VENICE BLVD, 90066",180,34.0125358723_-118.418165272_180.jpg,1,0.7387,tent
api_test_workflow_v8_remaining_location_deduped_30pct_after10_2026-05-22,34.0125358723,-118.418165272,"TULLER AVE AT VENICE BLVD, 90066",270,34.0125358723_-118.418165272_270.jpg,1,0.9196,tent
api_test_workflow_v8_remaining_location_deduped_30pct_after10_2026-05-22,34.3183429393,-118.484657727,"16230 W FILBERT ST, 91342",270,34.3183429393_-118.484657727_270.jpg,1,0.6637,tent
api_test_workflow_v8_remaining_location_deduped_30pct_after10_2026-05-22,34.1978063717,-118.533652349,"7017 N DARBY AVE, 91335",90,34.1978063717_-118.533652349_90.jpg,1,0.8734,tent
api_test_workflow_v8_remaining_location_deduped_30pct_after10_2026-05-22,34.0381641096,-118.243536151,"1020 E 7TH ST, 90021",0,34.0381641096_-118.243536151_0.jpg,2,0.8916,tent
api_test_workflow_v8_remaining_location_deduped_30pct_after10_2026-05-22,34.0381641096,-118.243536151,"1020 E 7TH ST, 90021",90,34.0381641096_-118.243536151_90.jpg,2,0.9535,tent
api_test_workflow_v8_remaining_location_deduped_30pct_after10_2026-05-22,33.7062228729,-118.288973882,"540 W PASEO DEL MAR, 90731",90,33.7062228729_-118.288973882_90.jpg,1,0.852,tent
api_test_workflow_v8_remaining_location_deduped_30pct_after10_2026-05-22,33.7062228729,-118.288973882,"540 W PASEO DEL MAR, 90731",270,33.7062228729_-118.288973882_270.jpg,1,0.8591,tent
api_test_workflow_v8_remaining_location_deduped_30pct_after10_2026-05-22,34.0445328995,-118.244500193,"411 E 5TH ST, 90013",0,34.0445328995_-118.244500193_0.jpg,1,0.8972,tent
api_test_workflow_v8_remaining_location_deduped_30pct_after10_2026-05-22,34.0445328995,-118.244500193,"411 E 5TH ST, 90013",90,34.0445328995_-118.244500193_90.jpg,1,0.9311,tent
api_test_workflow_v8_remaining_location_deduped_30pct_after10_2026-05-22,34.0445328995,-118.244500193,"411 E 5TH ST, 90013",180,34.0445328995_-118.244500193_180.jpg,1,0.841,tent
api_test_workflow_v8_remaining_location_deduped_30pct_after10_2026-05-22,34.3079416952,-118.430709226,"13647 W FOOTHILL BLVD, 91342",90,34.3079416952_-118.430709226_90.jpg,1,0.8072,tent
api_test_workflow_v8_remaining_location_deduped_30pct_after10_2026-05-22,33.733459505,-118.294483284,"1186 S CABRILLO AVE, 90731",270,33.733459505_-118.294483284_270.jpg,1,0.873,tent
api_test_workflow_v8_remaining_location_deduped_30pct_after10_2026-05-22,34.0028728411,-118.256517648,"CENTRAL AVE AT 45TH ST, 90011",270,34.0028728411_-118.256517648_270.jpg,1,0.8014,tent
api_test_workflow_v8_remaining_location_deduped_30pct_after10_2026-05-22,34.0000322359,-118.27836815,"47TH PL AT BROADWAY, 90037",90,34.0000322359_-118.27836815_90.jpg,2,0.8256,tent
api_test_workflow_v8_remaining_location_deduped_30pct_after10_2026-05-22,34.1011970235,-118.311386731,"1678 N ST ANDREWS PL, 90028",180,34.1011970235_-118.311386731_180.jpg,2,0.904,tent
api_test_workflow_v8_remaining_location_deduped_30pct_after10_2026-05-22,34.1011970235,-118.311386731,"1678 N ST ANDREWS PL, 90028",270,34.1011970235_-118.311386731_270.jpg,1,0.8602,tent
api_test_workflow_v8_remaining_location_deduped_30pct_after10_2026-05-22,34.2307847225,-118.539761085,"8800 N YOLANDA AVE, 91324",180,34.2307847225_-118.539761085_180.jpg,1,0.8341,tent
api_test_workflow_v8_remaining_location_deduped_30pct_after10_2026-05-22,34.0375447105,-118.241118772,"1226 E INDUSTRIAL ST, 90021",180,34.0375447105_-118.241118772_180.jpg,2,0.9466,tent
api_test_workflow_v8_remaining_location_deduped_30pct_after10_2026-05-22,34.0375447105,-118.241118772,"1226 E INDUSTRIAL ST, 90021",270,34.0375447105_-118.241118772_270.jpg,4,0.9253,tent
api_test_workflow_v8_remaining_location_deduped_30pct_after10_2026-05-22,34.040099866,-118.245961615,"CROCKER ST AT 7TH ST, 90021",180,34.040099866_-118.245961615_180.jpg,2,0.8738,tent
api_test_workflow_v8_remaining_location_deduped_30pct_after10_2026-05-22,34.040099866,-118.245961615,"CROCKER ST AT 7TH ST, 90021",270,34.040099866_-118.245961615_270.jpg,2,0.8471,tent
api_test_workflow_v8_remaining_location_deduped_30pct_after10_2026-05-22,33.9597399533,-118.311452616,"8701 S ST ANDREWS PL, 90047",180,33.9597399533_-118.311452616_180.jpg,1,0.8548,tent
api_test_workflow_v8_remaining_location_deduped_30pct_after10_2026-05-22,34.0430206965,-118.242025417,"5TH ST AT TOWNE AVE, 90013",0,34.0430206965_-118.242025417_0.jpg,1,0.6926,tent
api_test_workflow_v8_remaining_location_deduped_30pct_after10_2026-05-22,34.0430206965,-118.242025417,"5TH ST AT TOWNE AVE, 90013",90,34.0430206965_-118.242025417_90.jpg,1,0.7394,tent
api_test_workflow_v8_remaining_location_deduped_30pct_after10_2026-05-22,34.0430206965,-118.242025417,"5TH ST AT TOWNE AVE, 90013",180,34.0430206965_-118.242025417_180.jpg,1,0.8142,tent
api_test_workflow_v8_remaining_location_deduped_30pct_after10_2026-05-22,34.0430206965,-118.242025417,"5TH ST AT TOWNE AVE, 90013",270,34.0430206965_-118.242025417_270.jpg,3,0.8567,tent
api_test_workflow_v8_remaining_location_deduped_30pct_after10_2026-05-22,34.0378964656,-118.279852017,"SANTA MONICA FRWY AT WASHINGTON BLVD, 90007",0,34.0378964656_-118.279852017_0.jpg,1,0.8983,tent
api_test_workflow_v8_remaining_location_deduped_30pct_after10_2026-05-22,34.2002914223,-118.531857549,"7133 N ETIWANDA AVE, 91335",90,34.2002914223_-118.531857549_90.jpg,1,0.6718,tent
api_test_workflow_v8_remaining_location_deduped_30pct_after10_2026-05-22,33.9926093342,-118.476073125,"712 S PACIFIC AVE, 90291",270,33.9926093342_-118.476073125_270.jpg,1,0.6568,tent
api_test_workflow_v8_remaining_location_deduped_30pct_after10_2026-05-22,33.975891066,-118.3735769,"6925 S LA TIJERA BLVD, 90045",270,33.975891066_-118.3735769_270.jpg,1,0.7601,tent
api_test_workflow_v8_remaining_location_deduped_30pct_after10_2026-05-22,34.0564026814,-118.272408379,"648 S BURLINGTON AVE, 90057",0,34.0564026814_-118.272408379_0.jpg,3,0.8165,tent
api_test_workflow_v8_remaining_location_deduped_30pct_after10_2026-05-22,34.0941047659,-118.342711765,"1256 N SYCAMORE AVE, 90038",270,34.0941047659_-118.342711765_270.jpg,1,0.8472,tent
api_test_workflow_v8_remaining_location_deduped_30pct_after10_2026-05-22,34.0614440252,-118.274995668,"456 S LAKE ST, 90057",270,34.0614440252_-118.274995668_270.jpg,1,0.8631,tent
api_test_workflow_v8_remaining_location_deduped_30pct_after10_2026-05-22,34.1875493807,-118.447121412,"14402 GILMORE ST, 91401",90,34.1875493807_-118.447121412_90.jpg,1,0.863,tent
api_test_workflow_v8_remaining_location_deduped_30pct_after10_2026-05-22,34.0898285451,-118.306713756,"1061 N SERRANO AVE, 90029",270,34.0898285451_-118.306713756_270.jpg,1,0.874,tent
api_test_workflow_v8_remaining_location_deduped_30pct_after10_2026-05-22,34.0012099197,-118.25009957,"1389 E 47TH ST, 90011",0,34.0012099197_-118.25009957_0.jpg,1,0.7123,tent
api_test_workflow_v8_remaining_location_deduped_30pct_after10_2026-05-22,33.9895470548,-118.412879839,"12029 W CULVER DR, 90230",270,33.9895470548_-118.412879839_270.jpg,1,0.8275,tent
api_test_workflow_v8_remaining_location_deduped_30pct_after10_2026-05-22,34.0038174963,-118.274020865,"VERNON AVE AT MAIN ST, 90037",180,34.0038174963_-118.274020865_180.jpg,1,0.6675,tent
api_test_workflow_v8_remaining_location_deduped_30pct_after10_2026-05-22,34.0038174963,-118.274020865,"VERNON AVE AT MAIN ST, 90037",270,34.0038174963_-118.274020865_270.jpg,1,0.8527,tent
api_test_workflow_v8_remaining_location_deduped_30pct_after10_2026-05-22,34.322273322,-118.446104055,"14360 W BLEDSOE ST, 91342",180,34.322273322_-118.446104055_180.jpg,1,0.8019,tent
api_test_workflow_v8_remaining_location_deduped_30pct_after10_2026-05-22,33.9696335656,-118.288215741,"830 W 77TH ST, 90044",0,33.9696335656_-118.288215741_0.jpg,1,0.6902,tent
api_test_workflow_v8_remaining_location_deduped_30pct_after10_2026-05-22,34.0776121671,-118.287612553,"3722 W OAKWOOD AVE, 90004",90,34.0776121671_-118.287612553_90.jpg,1,0.6996,tent
api_test_workflow_v8_remaining_location_deduped_30pct_after10_2026-05-22,34.027905425,-118.213880372,"1099 S MARIETTA ST, 90023",180,34.027905425_-118.213880372_180.jpg,1,0.6528,tent
api_test_workflow_v8_remaining_location_deduped_30pct_after10_2026-05-22,33.9573586719,-118.280239321,"88TH ST AT GRAND AVE, 90003",0,33.9573586719_-118.280239321_0.jpg,1,0.8472,tent
api_test_workflow_v8_remaining_location_deduped_30pct_after10_2026-05-22,34.0867935251,-118.215399394,"3441 N MARMION WAY, 90065",180,34.0867935251_-118.215399394_180.jpg,1,0.6064,tent
api_test_workflow_v8_remaining_location_deduped_30pct_after10_2026-05-22,34.0068751492,-118.241014299,"1810 E 41ST PL, 90058",90,34.0068751492_-118.241014299_90.jpg,1,0.7341,tent
api_test_workflow_v8_remaining_location_deduped_30pct_after10_2026-05-22,34.0075040964,-118.270539976,"4177 S SAN PEDRO PL, 90011",270,34.0075040964_-118.270539976_270.jpg,1,0.7881,tent
api_test_workflow_v8_remaining_location_deduped_30pct_after10_2026-05-22,34.0211586781,-118.245570382,"1911 S TARLETON ST, 90011",90,34.0211586781_-118.245570382_90.jpg,1,0.9168,tent
api_test_workflow_v8_remaining_location_deduped_30pct_after10_2026-05-22,34.0402881616,-118.242128861,"GLADYS AVE AT 6TH ST, 90021",270,34.0402881616_-118.242128861_270.jpg,1,0.6557,tent
api_test_workflow_v8_remaining_location_deduped_30pct_after10_2026-05-22,34.0578766218,-118.293380876,"3049 W 8TH ST, 90005",270,34.0578766218_-118.293380876_270.jpg,1,0.6991,tent
api_test_workflow_v8_remaining_location_deduped_30pct_after10_2026-05-22,34.1138551516,-118.244616088,"3017 W SAN FERNANDO ROAD, 90065",0,34.1138551516_-118.244616088_0.jpg,1,0.8314,tent
api_test_workflow_v8_remaining_location_deduped_30pct_after10_2026-05-22,34.0435020993,-118.243147757,"530 E 5TH ST, 90013",0,34.0435020993_-118.243147757_0.jpg,5,0.9179,tent
api_test_workflow_v8_remaining_location_deduped_30pct_after10_2026-05-22,34.0435020993,-118.243147757,"530 E 5TH ST, 90013",90,34.0435020993_-118.243147757_90.jpg,3,0.8995,tent
api_test_workflow_v8_remaining_location_deduped_30pct_after10_2026-05-22,34.0435020993,-118.243147757,"530 E 5TH ST, 90013",180,34.0435020993_-118.243147757_180.jpg,3,0.8823,tent
api_test_workflow_v8_remaining_location_deduped_30pct_after10_2026-05-22,34.0435020993,-118.243147757,"530 E 5TH ST, 90013",270,34.0435020993_-118.243147757_270.jpg,4,0.9155,tent
api_test_workflow_v8_remaining_location_deduped_30pct_after10_2026-05-22,34.2348192529,-118.584351269,"9067 N LURLINE AVE, 91311",0,34.2348192529_-118.584351269_0.jpg,2,0.6975,tent
api_test_workflow_v8_remaining_location_deduped_30pct_after10_2026-05-22,34.2348192529,-118.584351269,"9067 N LURLINE AVE, 91311",90,34.2348192529_-118.584351269_90.jpg,1,0.8634,tent
api_test_workflow_v8_remaining_location_deduped_30pct_after10_2026-05-22,33.9904541592,-118.447815154,"WASHINGTON BLVD AT LINCOLN BLVD, 90292",270,33.9904541592_-118.447815154_270.jpg,1,0.823,tent
api_test_workflow_v8_remaining_location_deduped_30pct_after10_2026-05-22,34.0998374977,-118.326595169,"1600 N VINE ST, 90028",0,34.0998374977_-118.326595169_0.jpg,1,0.8716,tent
api_test_workflow_v8_remaining_location_deduped_30pct_after10_2026-05-22,34.0405791396,-118.241670172,"560 S GLADYS AVE, 90013",0,34.0405791396_-118.241670172_0.jpg,1,0.8808,tent
api_test_workflow_v8_remaining_location_deduped_30pct_after10_2026-05-22,34.0405791396,-118.241670172,"560 S GLADYS AVE, 90013",90,34.0405791396_-118.241670172_90.jpg,1,0.869,tent
api_test_workflow_v8_remaining_location_deduped_30pct_after10_2026-05-22,34.0757188935,-118.289274998,"240 N MADISON AVE, 90004",180,34.0757188935_-118.289274998_180.jpg,1,0.8942,tent
api_test_workflow_v8_remaining_location_deduped_30pct_after10_2026-05-22,34.0757188935,-118.289274998,"240 N MADISON AVE, 90004",270,34.0757188935_-118.289274998_270.jpg,3,0.9225,tent
api_test_workflow_v8_remaining_location_deduped_30pct_after10_2026-05-22,34.0973782134,-118.354906064,"1440 N CURSON AVE, 90046",0,34.0973782134_-118.354906064_0.jpg,1,0.8628,tent
api_test_workflow_v8_remaining_location_deduped_30pct_after10_2026-05-22,34.055749088,-118.271264378,"1634 W WILSHIRE BLVD, 90017",0,34.055749088_-118.271264378_0.jpg,1,0.6469,tent
api_test_workflow_v8_remaining_location_deduped_30pct_after10_2026-05-22,34.0215954193,-118.24411974,"1659 S COMPTON AVE, 90021",90,34.0215954193_-118.24411974_90.jpg,1,0.9584,tent
api_test_workflow_v8_remaining_location_deduped_30pct_after10_2026-05-22,34.2021208223,-118.563465167,"CANTLAY ST AT JUMILLA AVE, 91306",0,34.2021208223_-118.563465167_0.jpg,1,0.9026,tent
api_test_workflow_v8_remaining_location_deduped_30pct_after10_2026-05-22,34.0558564909,-118.26777826,"1402 W 6TH ST, 90017",270,34.0558564909_-118.26777826_270.jpg,1,0.7553,tent
api_test_workflow_v8_remaining_location_deduped_30pct_after10_2026-05-22,34.0145011013,-118.244840171,"1571 E ADAMS BLVD, 90011",0,34.0145011013_-118.244840171_0.jpg,1,0.894,tent
api_test_workflow_v8_remaining_location_deduped_30pct_after10_2026-05-22,34.0528420975,-118.273032758,"1629 W 8TH ST, 90017",270,34.0528420975_-118.273032758_270.jpg,1,0.7773,tent
api_test_workflow_v8_remaining_location_deduped_30pct_after10_2026-05-22,34.0544132615,-118.26761599,"1329 W WILSHIRE BLVD, 90017",0,34.0544132615_-118.26761599_0.jpg,2,0.941,tent
api_test_workflow_v8_remaining_location_deduped_30pct_after10_2026-05-22,34.0544132615,-118.26761599,"1329 W WILSHIRE BLVD, 90017",270,34.0544132615_-118.26761599_270.jpg,1,0.7079,tent
api_test_workflow_v8_remaining_location_deduped_30pct_after10_2026-05-22,34.3069153636,-118.428875901,"12944 N FOUR PALMS LANE, 91342",0,34.3069153636_-118.428875901_0.jpg,1,0.7702,tent
api_test_workflow_v8_remaining_location_deduped_30pct_after10_2026-05-22,34.0530900488,-118.274400409,"1720 W 8TH ST, 90017",90,34.0530900488_-118.274400409_90.jpg,1,0.6346,tent
api_test_workflow_v8_remaining_location_deduped_30pct_after10_2026-05-22,34.0760941373,-118.36147243,"FAIRFAX AVE AT BEVERLY BLVD, 90048",90,34.0760941373_-118.36147243_90.jpg,1,0.6516,tent
api_test_workflow_v8_remaining_location_deduped_30pct_after10_2026-05-22,34.1610566052,-118.46518689,"15252 W VALLEYHEART DR, 91403",180,34.1610566052_-118.46518689_180.jpg,1,0.7078,tent
api_test_workflow_v8_remaining_location_deduped_30pct_after10_2026-05-22,34.2028554286,-118.528909673,"18100 WYANDOTTE ST, 91335",0,34.2028554286_-118.528909673_0.jpg,1,0.8843,tent
api_test_workflow_v8_remaining_location_deduped_30pct_after10_2026-05-22,34.2028554286,-118.528909673,"18100 WYANDOTTE ST, 91335",90,34.2028554286_-118.528909673_90.jpg,1,0.6335,tent
api_test_workflow_v8_remaining_location_deduped_30pct_after10_2026-05-22,33.729846039,-118.277885937,"1500 S HARBOR BLVD, 90731",0,33.729846039_-118.277885937_0.jpg,1,0.7871,tent
api_test_workflow_v8_remaining_location_deduped_30pct_after10_2026-05-22,33.729846039,-118.277885937,"1500 S HARBOR BLVD, 90731",90,33.729846039_-118.277885937_90.jpg,1,0.8228,tent
api_test_workflow_v8_remaining_location_deduped_30pct_after10_2026-05-22,34.0370689364,-118.250868251,"925 S SAN PEDRO ST, 90015",90,34.0370689364_-118.250868251_90.jpg,2,0.8298,tent
api_test_workflow_v8_remaining_location_deduped_30pct_after10_2026-05-22,34.0370689364,-118.250868251,"925 S SAN PEDRO ST, 90015",270,34.0370689364_-118.250868251_270.jpg,4,0.8349,tent
api_test_workflow_v8_remaining_location_deduped_30pct_after10_2026-05-22,34.027311637,-118.266862613,"2230 S MAIN ST, 90007",0,34.027311637_-118.266862613_0.jpg,1,0.7097,tent
api_test_workflow_v8_remaining_location_deduped_30pct_after10_2026-05-22,33.9873725041,-118.409549222,"5299 S INGLEWOOD BLVD, 90230",90,33.9873725041_-118.409549222_90.jpg,1,0.9092,tent
api_test_workflow_v8_remaining_location_deduped_30pct_after10_2026-05-22,34.2011733736,-118.571034137,"WINNETKA AVE AT SHERMAN WAY, 91306",0,34.2011733736_-118.571034137_0.jpg,1,0.7116,tent
api_test_workflow_v8_remaining_location_deduped_30pct_after10_2026-05-22,34.1940773824,-118.402048673,"12345 W VANOWEN ST, 91605",180,34.1940773824_-118.402048673_180.jpg,1,0.8587,tent
api_test_workflow_v8_remaining_location_deduped_30pct_after10_2026-05-22,34.0358972916,-118.207077521,"2813 E LANFRANCO ST, 90033",0,34.0358972916_-118.207077521_0.jpg,1,0.8065,tent
api_test_workflow_v8_remaining_location_deduped_30pct_after10_2026-05-22,34.0765319328,-118.29065461,"315 N JUANITA AVE, 90004",270,34.0765319328_-118.29065461_270.jpg,2,0.9068,tent
api_test_workflow_v8_remaining_location_deduped_30pct_after10_2026-05-22,34.2061305212,-118.594460651,"7451 N MILWOOD AVE, 91303",90,34.2061305212_-118.594460651_90.jpg,1,0.7369,tent
api_test_workflow_v8_remaining_location_deduped_30pct_after10_2026-05-22,34.0130353035,-118.206185465,"1785 S INDUSTRIAL WAY, 90023",0,34.0130353035_-118.206185465_0.jpg,1,0.895,tent
api_test_workflow_v8_remaining_location_deduped_30pct_after10_2026-05-22,34.0130353035,-118.206185465,"1785 S INDUSTRIAL WAY, 90023",270,34.0130353035_-118.206185465_270.jpg,1,0.851,tent
api_test_workflow_v8_remaining_location_deduped_30pct_after10_2026-05-22,34.0037614265,-118.281139344,"VERNON AVE AT HARBOR FRWY, 90037",90,34.0037614265_-118.281139344_90.jpg,1,0.8588,tent
api_test_workflow_v8_remaining_location_deduped_30pct_after10_2026-05-22,34.0037614265,-118.281139344,"VERNON AVE AT HARBOR FRWY, 90037",270,34.0037614265_-118.281139344_270.jpg,1,0.7446,tent
api_test_workflow_v8_remaining_location_deduped_30pct_after10_2026-05-22,34.0398739518,-118.238358185,"PALMETTO ST AT ALAMEDA ST, 90013",270,34.0398739518_-118.238358185_270.jpg,1,0.9288,tent
api_test_workflow_v8_remaining_location_deduped_30pct_after10_2026-05-22,34.1054745776,-118.305836968,"5321 W FRANKLIN AVE, 90027",90,34.1054745776_-118.305836968_90.jpg,1,0.6645,tent
api_test_workflow_v8_remaining_location_deduped_30pct_after10_2026-05-22,34.0440882319,-118.243445103,"511 E 5TH ST, 90013",0,34.0440882319_-118.243445103_0.jpg,3,0.9207,tent
api_test_workflow_v8_remaining_location_deduped_30pct_after10_2026-05-22,34.0440882319,-118.243445103,"511 E 5TH ST, 90013",90,34.0440882319_-118.243445103_90.jpg,3,0.9065,tent
api_test_workflow_v8_remaining_location_deduped_30pct_after10_2026-05-22,34.0440882319,-118.243445103,"511 E 5TH ST, 90013",180,34.0440882319_-118.243445103_180.jpg,6,0.9097,tent
api_test_workflow_v8_remaining_location_deduped_30pct_after10_2026-05-22,34.0440882319,-118.243445103,"511 E 5TH ST, 90013",270,34.0440882319_-118.243445103_270.jpg,3,0.8913,tent
api_test_workflow_v8_remaining_location_deduped_30pct_after10_2026-05-22,34.0768365214,-118.306798445,"316 N SERRANO AVE, 90004",90,34.0768365214_-118.306798445_90.jpg,1,0.6893,tent
api_test_workflow_v8_remaining_location_deduped_30pct_after10_2026-05-22,34.0436733696,-118.246756898,"548 S WALL ST, 90013",90,34.0436733696_-118.246756898_90.jpg,1,0.9293,tent
api_test_workflow_v8_remaining_location_deduped_30pct_after10_2026-05-22,34.0436733696,-118.246756898,"548 S WALL ST, 90013",180,34.0436733696_-118.246756898_180.jpg,5,0.825,tent
api_test_workflow_v8_remaining_location_deduped_30pct_after10_2026-05-22,34.0781279631,-118.279179788,"520 N SILVER LAKE BLVD, 90026",270,34.0781279631_-118.279179788_270.jpg,1,0.8325,tent
api_test_workflow_v8_remaining_location_deduped_30pct_after10_2026-05-22,34.0217638118,-118.276899077,"338 1/2 W 33RD ST, 90007",270,34.0217638118_-118.276899077_270.jpg,3,0.8599,tent
api_test_workflow_v8_remaining_location_deduped_30pct_after10_2026-05-22,34.0829591269,-118.208220317,"491 E FENN ST, 90031",90,34.0829591269_-118.208220317_90.jpg,2,0.7636,tent
api_test_workflow_v8_remaining_location_deduped_30pct_after10_2026-05-22,33.9990085199,-118.473418246,"251 S DIMMICK AVE, 90291",180,33.9990085199_-118.473418246_180.jpg,3,0.6233,tent
api_test_workflow_v8_remaining_location_deduped_30pct_after10_2026-05-22,34.0552116465,-118.277395334,"740 S ALVARADO ST, 90057",90,34.0552116465_-118.277395334_90.jpg,1,0.8538,tent
api_test_workflow_v8_remaining_location_deduped_30pct_after10_2026-05-22,34.0552116465,-118.277395334,"740 S ALVARADO ST, 90057",270,34.0552116465_-118.277395334_270.jpg,1,0.608,tent
api_test_workflow_v8_remaining_location_deduped_30pct_after10_2026-05-22,34.0251818018,-118.268736175,"2521 S MAIN ST, 90007",0,34.0251818018_-118.268736175_0.jpg,1,0.8921,tent
api_test_workflow_v8_remaining_location_deduped_30pct_after10_2026-05-22,34.0251818018,-118.268736175,"2521 S MAIN ST, 90007",270,34.0251818018_-118.268736175_270.jpg,2,0.8882,tent
api_test_workflow_v8_remaining_location_deduped_30pct_after10_2026-05-22,34.2019255652,-118.54151815,"18720 W CANTLAY ST, 91335",180,34.2019255652_-118.54151815_180.jpg,1,0.9016,tent
api_test_workflow_v8_remaining_location_deduped_30pct_after10_2026-05-22,33.7427846987,-118.317026903,"1848 W 1ST ST, 90732",0,33.7427846987_-118.317026903_0.jpg,1,0.6383,tent
api_test_workflow_v8_remaining_location_deduped_30pct_after10_2026-05-22,34.0888595143,-118.306314327,"1010 N SERRANO AVE, 90029",180,34.0888595143_-118.306314327_180.jpg,1,0.7558,tent
api_test_workflow_v8_remaining_location_deduped_30pct_after10_2026-05-22,33.9990750609,-118.274176553,"102 W 48TH ST, 90037",0,33.9990750609_-118.274176553_0.jpg,1,0.6323,tent
api_test_workflow_v8_remaining_location_deduped_30pct_after10_2026-05-22,34.0572944715,-118.298619365,"812 S MARIPOSA AVE, 90005",270,34.0572944715_-118.298619365_270.jpg,1,0.9198,tent
api_test_workflow_v8_remaining_location_deduped_30pct_after10_2026-05-22,34.0549079074,-118.223909245,"554 N MISSION ROAD, 90033",270,34.0549079074_-118.223909245_270.jpg,1,0.7097,tent
api_test_workflow_v8_remaining_location_deduped_30pct_after10_2026-05-22,34.0289545434,-118.241304686,"906 S HOOPER AVE, 90021",0,34.0289545434_-118.241304686_0.jpg,1,0.8895,tent
api_test_workflow_v8_remaining_location_deduped_30pct_after10_2026-05-22,34.042543272,-118.241258451,"5TH ST AT STANFORD AVE, 90013",0,34.042543272_-118.241258451_0.jpg,2,0.8463,tent
api_test_workflow_v8_remaining_location_deduped_30pct_after10_2026-05-22,34.042543272,-118.241258451,"5TH ST AT STANFORD AVE, 90013",180,34.042543272_-118.241258451_180.jpg,4,0.8299,tent
api_test_workflow_v8_remaining_location_deduped_30pct_after10_2026-05-22,34.042543272,-118.241258451,"5TH ST AT STANFORD AVE, 90013",270,34.042543272_-118.241258451_270.jpg,5,0.8716,tent
api_test_workflow_v8_remaining_location_deduped_30pct_after10_2026-05-22,33.9912227146,-118.253838951,"1213 E 57TH ST, 90011",180,33.9912227146_-118.253838951_180.jpg,1,0.8754,tent
api_test_workflow_v8_remaining_location_deduped_30pct_after10_2026-05-22,34.2935314591,-118.451975935,"TRUMAN AVE AT SAN FERNANDO ROAD SOUTHWEST RDWY, 91342",180,34.2935314591_-118.451975935_180.jpg,1,0.8093,tent
api_test_workflow_v8_remaining_location_deduped_30pct_after10_2026-05-22,34.0509842889,-118.285261834,"1050 S ARAPAHOE ST, 90006",0,34.0509842889_-118.285261834_0.jpg,1,0.8145,tent
api_test_workflow_v8_remaining_location_deduped_30pct_after10_2026-05-22,34.202113108,-118.531727585,"ETIWANDA AVE AT CANTLAY ST, 91335",90,34.202113108_-118.531727585_90.jpg,1,0.6681,tent
api_test_workflow_v8_remaining_location_deduped_30pct_after10_2026-05-22,34.0542823826,-118.267325703,"1321 W WILSHIRE BLVD, 90017",0,34.0542823826_-118.267325703_0.jpg,1,0.8671,tent
api_test_workflow_v8_remaining_location_deduped_30pct_after10_2026-05-22,34.0542823826,-118.267325703,"1321 W WILSHIRE BLVD, 90017",90,34.0542823826_-118.267325703_90.jpg,4,0.8794,tent
api_test_workflow_v8_remaining_location_deduped_30pct_after10_2026-05-22,34.0542823826,-118.267325703,"1321 W WILSHIRE BLVD, 90017",270,34.0542823826_-118.267325703_270.jpg,1,0.777,tent
api_test_workflow_v8_remaining_location_deduped_30pct_after10_2026-05-22,34.0762648168,-118.359815315,"7811 W BEVERLY BLVD, 90036",180,34.0762648168_-118.359815315_180.jpg,1,0.6925,tent
api_test_workflow_v8_remaining_location_deduped_30pct_after10_2026-05-22,34.1837177141,-118.386270493,"6223 N LANKERSHIM BLVD, 91606",270,34.1837177141_-118.386270493_270.jpg,1,0.8257,tent
api_test_workflow_v8_remaining_location_deduped_30pct_after10_2026-05-22,34.0475084001,-118.227278705,"1214 E 1ST ST, 90033",0,34.0475084001_-118.227278705_0.jpg,2,0.7319,tent
api_test_workflow_v8_remaining_location_deduped_30pct_after10_2026-05-22,33.994428792,-118.476332889,"MAIN ST AT SUNSET AVE, 90291",90,33.994428792_-118.476332889_90.jpg,1,0.8288,tent
api_test_workflow_v8_remaining_location_deduped_30pct_after10_2026-05-22,34.0290852261,-118.396862468,"BAGLEY AVE AT SANTA MONICA FRWY, 90034",0,34.0290852261_-118.396862468_0.jpg,1,0.9104,tent
api_test_workflow_v8_remaining_location_deduped_30pct_after10_2026-05-22,33.9734046558,-118.376056186,"7122 S LA TIJERA BLVD, 90045",270,33.9734046558_-118.376056186_270.jpg,2,0.8433,tent
api_test_workflow_v8_remaining_location_deduped_30pct_after10_2026-05-22,34.0896274093,-118.306583903,"1053 N SERRANO AVE, 90029",0,34.0896274093_-118.306583903_0.jpg,1,0.6185,tent
api_test_workflow_v8_remaining_location_deduped_30pct_after10_2026-05-22,34.0616290363,-118.233052779,"201 E COLLEGE ST, 90012",0,34.0616290363_-118.233052779_0.jpg,1,0.8228,tent
api_test_workflow_v8_remaining_location_deduped_30pct_after10_2026-05-22,34.2344199988,-118.36884167,"10906 W LA TUNA CANYON ROAD, 91352",270,34.2344199988_-118.36884167_270.jpg,1,0.6952,tent
api_test_workflow_v8_remaining_location_deduped_30pct_after10_2026-05-22,34.0057361687,-118.329980236,"3313 W 43RD ST, 90008",90,34.0057361687_-118.329980236_90.jpg,1,0.8166,tent
api_test_workflow_v8_remaining_location_deduped_30pct_after10_2026-05-22,34.196067645,-118.401038471,"6911 N LAURELGROVE AVE, 91605",90,34.196067645_-118.401038471_90.jpg,1,0.6812,tent
api_test_workflow_v8_remaining_location_deduped_30pct_after10_2026-05-22,34.1807621066,-118.449029754,"6073 N VAN NUYS BLVD, 91401",270,34.1807621066_-118.449029754_270.jpg,1,0.7231,tent
api_test_workflow_v8_remaining_location_deduped_30pct_after10_2026-05-22,34.2625027704,-118.420163281,"10603 N ILEX AVE, 91331",0,34.2625027704_-118.420163281_0.jpg,1,0.921,tent
api_test_workflow_v8_remaining_location_deduped_30pct_after10_2026-05-22,34.2625027704,-118.420163281,"10603 N ILEX AVE, 91331",90,34.2625027704_-118.420163281_90.jpg,1,0.8747,tent
api_test_workflow_v8_remaining_location_deduped_30pct_after10_2026-05-22,34.0466180412,-118.294622909,"1316 S CATALINA ST, 90006",90,34.0466180412_-118.294622909_90.jpg,1,0.8383,tent
api_test_workflow_v8_remaining_location_deduped_30pct_after10_2026-05-22,34.0871960212,-118.217772066,"3350 N FIGUEROA ST, 90065",0,34.0871960212_-118.217772066_0.jpg,2,0.764,tent
api_test_workflow_v8_remaining_location_deduped_30pct_after10_2026-05-22,33.9896956773,-118.466281076,"532 E ALTAIR PL, 90291",0,33.9896956773_-118.466281076_0.jpg,1,0.6769,tent
api_test_workflow_v8_remaining_location_deduped_30pct_after10_2026-05-22,34.2487026771,-118.402859023,"9800 N SAN FERNANDO ROAD, 91331",270,34.2487026771_-118.402859023_270.jpg,1,0.6712,tent
api_test_workflow_v8_remaining_location_deduped_30pct_after10_2026-05-22,34.1689031285,-118.530734962,"5400 N ETIWANDA AVE, 91356",90,34.1689031285_-118.530734962_90.jpg,1,0.7846,tent
api_test_workflow_v8_remaining_location_deduped_30pct_after10_2026-05-22,34.1689031285,-118.530734962,"5400 N ETIWANDA AVE, 91356",180,34.1689031285_-118.530734962_180.jpg,1,0.8584,tent
api_test_workflow_v8_remaining_location_deduped_30pct_after10_2026-05-22,34.0839093325,-118.223771788,"2310 N HURON ST, 90065",270,34.0839093325_-118.223771788_270.jpg,2,0.8761,tent
api_test_workflow_v8_remaining_location_deduped_30pct_after10_2026-05-22,34.0258563153,-118.245717407,"1419 E 15TH ST, 90021",180,34.0258563153_-118.245717407_180.jpg,1,0.821,tent
api_test_workflow_v8_remaining_location_deduped_30pct_after10_2026-05-22,34.0302734637,-118.39144657,"3333 S ROBERTSON BLVD, 90034",0,34.0302734637_-118.39144657_0.jpg,1,0.6335,tent
api_test_workflow_v8_remaining_location_deduped_30pct_after10_2026-05-22,34.1784941532,-118.382894406,"TIARA ST AT LANKERSHIM BLVD, 91601",0,34.1784941532_-118.382894406_0.jpg,1,0.7758,tent
api_test_workflow_v8_remaining_location_deduped_30pct_after10_2026-05-22,34.0193380155,-118.262986839,"2825 S SAN PEDRO ST, 90011",180,34.0193380155_-118.262986839_180.jpg,2,0.9115,tent
api_test_workflow_v8_remaining_location_deduped_30pct_after10_2026-05-22,34.0193380155,-118.262986839,"2825 S SAN PEDRO ST, 90011",270,34.0193380155_-118.262986839_270.jpg,5,0.8333,tent
api_test_workflow_v8_remaining_location_deduped_30pct_after10_2026-05-22,34.0608302852,-118.266204793,"233 S LOMA PL, 90026",180,34.0608302852_-118.266204793_180.jpg,1,0.6775,tent
api_test_workflow_v8_remaining_location_deduped_30pct_after10_2026-05-22,34.0343341454,-118.244036294,"1249 E 8TH ST, 90021",270,34.0343341454_-118.244036294_270.jpg,1,0.6135,tent
api_test_workflow_v8_remaining_location_deduped_30pct_after10_2026-05-22,34.2000523477,-118.534913218,"7143 N CANBY AVE, 91335",0,34.2000523477_-118.534913218_0.jpg,1,0.8774,tent
api_test_workflow_v8_remaining_location_deduped_30pct_after10_2026-05-22,34.2000523477,-118.534913218,"7143 N CANBY AVE, 91335",90,34.2000523477_-118.534913218_90.jpg,1,0.8318,tent
api_test_workflow_v8_remaining_location_deduped_30pct_after10_2026-05-22,34.0548674938,-118.277560745,"2029 W 8TH ST, 90057",0,34.0548674938_-118.277560745_0.jpg,1,0.7942,tent
api_test_workflow_v8_remaining_location_deduped_30pct_after10_2026-05-22,34.2533677886,-118.296043103,"7517 W FOOTHILL BLVD, 91042",0,34.2533677886_-118.296043103_0.jpg,1,0.7609,tent
api_test_workflow_v8_remaining_location_deduped_30pct_after10_2026-05-22,34.0410505697,-118.367508493,"5861 W VENICE BLVD, 90019",90,34.0410505697_-118.367508493_90.jpg,1,0.6554,tent
api_test_workflow_v8_remaining_location_deduped_30pct_after10_2026-05-22,34.2265069687,-118.374846035,"11200 W PENROSE ST, 91352",270,34.2265069687_-118.374846035_270.jpg,1,0.61,tent
api_test_workflow_v8_remaining_location_deduped_30pct_after10_2026-05-22,34.2095244208,-118.428821115,"13601 W SATICOY ST, 91402",270,34.2095244208_-118.428821115_270.jpg,1,0.7185,tent
api_test_workflow_v8_remaining_location_deduped_30pct_after10_2026-05-22,34.0011338545,-118.293888616,"4649 S KANSAS AVE, 90037",180,34.0011338545_-118.293888616_180.jpg,1,0.8477,tent
api_test_workflow_v8_remaining_location_deduped_30pct_after10_2026-05-22,33.7555117762,-118.29370788,"761 W BASIN ST, 90731",90,33.7555117762_-118.29370788_90.jpg,2,0.8339,tent
api_test_workflow_v8_remaining_location_deduped_30pct_after10_2026-05-22,34.0038732434,-118.265271834,"VERNON AVE AT AVALON BLVD, 90011",90,34.0038732434_-118.265271834_90.jpg,1,0.6746,tent
api_test_workflow_v8_remaining_location_deduped_30pct_after10_2026-05-22,34.0038732434,-118.265271834,"VERNON AVE AT AVALON BLVD, 90011",180,34.0038732434_-118.265271834_180.jpg,1,0.8124,tent
api_test_workflow_v8_remaining_location_deduped_30pct_after10_2026-05-22,34.0456506325,-118.243010215,"404 S SAN PEDRO ST, 90013",90,34.0456506325_-118.243010215_90.jpg,1,0.7664,tent
api_test_workflow_v8_remaining_location_deduped_30pct_after10_2026-05-22,33.7424696993,-118.281567523,"200 W 2ND ST, 90731",0,33.7424696993_-118.281567523_0.jpg,1,0.8542,tent
api_test_workflow_v8_remaining_location_deduped_30pct_after10_2026-05-22,33.7424696993,-118.281567523,"200 W 2ND ST, 90731",270,33.7424696993_-118.281567523_270.jpg,1,0.7633,tent
api_test_workflow_v8_remaining_location_deduped_30pct_after10_2026-05-22,34.0451706806,-118.44426938,"1798 S COTNER AVE, 90025",180,34.0451706806_-118.44426938_180.jpg,1,0.7849,tent
api_test_workflow_v8_remaining_location_deduped_30pct_after10_2026-05-22,34.169990394,-118.53883074,"18609 W VENTURA BLVD, 91356",90,34.169990394_-118.53883074_90.jpg,1,0.7409,tent
api_test_workflow_v8_remaining_location_deduped_30pct_after10_2026-05-22,34.0027639812,-118.25861025,"978 E 45TH ST, 90011",270,34.0027639812_-118.25861025_270.jpg,1,0.7233,tent
api_test_workflow_v8_remaining_location_deduped_30pct_after10_2026-05-22,33.9879979661,-118.270685681,"5863 S LOS ANGELES ST, 90003",180,33.9879979661_-118.270685681_180.jpg,1,0.8802,tent
api_test_workflow_v8_remaining_location_deduped_30pct_after10_2026-05-22,34.0842505115,-118.300618449,"725 N NORMANDIE AVE, 90029",270,34.0842505115_-118.300618449_270.jpg,1,0.8333,tent
api_test_workflow_v8_remaining_location_deduped_30pct_after10_2026-05-22,34.0391549091,-118.273965175,"VENICE BLVD AT HARBOR FRWY, 90015",0,34.0391549091_-118.273965175_0.jpg,1,0.8133,tent
api_test_workflow_v8_remaining_location_deduped_30pct_after10_2026-05-22,34.0165317839,-118.194264899,"UNION PACIFIC AVE AT PRADO ST, 90023",270,34.0165317839_-118.194264899_270.jpg,1,0.8785,tent
api_test_workflow_v8_remaining_location_deduped_30pct_after10_2026-05-22,34.0966943971,-118.299309441,"1402 N MARIPOSA AVE, 90027",270,34.0966943971_-118.299309441_270.jpg,1,0.9405,tent
api_test_workflow_v8_remaining_location_deduped_30pct_after10_2026-05-22,34.0753281427,-118.289378042,"MADISON AVE AT COSMOPOLITAN ST, 90004",0,34.0753281427_-118.289378042_0.jpg,1,0.7696,tent
api_test_workflow_v8_remaining_location_deduped_30pct_after10_2026-05-22,34.0753281427,-118.289378042,"MADISON AVE AT COSMOPOLITAN ST, 90004",270,34.0753281427_-118.289378042_270.jpg,3,0.8181,tent
api_test_workflow_v8_remaining_location_deduped_30pct_after10_2026-05-22,34.0577209754,-118.2401769,"555 N SPRING ST, 90012",90,34.0577209754_-118.2401769_90.jpg,1,0.8245,tent
api_test_workflow_v8_remaining_location_deduped_30pct_after10_2026-05-22,34.0585412985,-118.283632586,"746 S RAMPART BLVD, 90057",90,34.0585412985_-118.283632586_90.jpg,1,0.8874,tent
api_test_workflow_v8_remaining_location_deduped_30pct_after10_2026-05-22,34.0518698132,-118.275503684,"JAMES M. WOOD BLVD AT BURLINGTON AVE, 90006",270,34.0518698132_-118.275503684_270.jpg,4,0.864,tent
api_test_workflow_v8_remaining_location_deduped_30pct_after10_2026-05-22,34.0776738926,-118.307891846,"400 N OXFORD AVE, 90004",270,34.0776738926_-118.307891846_270.jpg,1,0.7481,tent
api_test_workflow_v8_remaining_location_deduped_30pct_after10_2026-05-22,33.791728261,-118.243554453,"1320 N COIL AVE, 90744",0,33.791728261_-118.243554453_0.jpg,2,0.89,tent
api_test_workflow_v8_remaining_location_deduped_30pct_after10_2026-05-22,33.9772351287,-118.279043873,"314 W 69TH ST, 90003",180,33.9772351287_-118.279043873_180.jpg,1,0.813,tent
api_test_workflow_v8_remaining_location_deduped_30pct_after10_2026-05-22,34.0898132407,-118.287148356,"4407 W WILLOW BROOK AVE, 90029",270,34.0898132407_-118.287148356_270.jpg,2,0.854,tent
api_test_workflow_v8_remaining_location_deduped_30pct_after10_2026-05-22,34.0264534916,-118.234857577,"WILSON ST AT OLYMPIC BLVD, 90021",270,34.0264534916_-118.234857577_270.jpg,1,0.6582,tent
api_test_workflow_v8_remaining_location_deduped_30pct_after10_2026-05-22,34.0876496602,-118.309321241,"935 N WESTERN AVE, 90029",90,34.0876496602_-118.309321241_90.jpg,1,0.804,tent
api_test_workflow_v8_remaining_location_deduped_30pct_after10_2026-05-22,34.0532472719,-118.265238124,"1221 W WILSHIRE BLVD, 90017",90,34.0532472719_-118.265238124_90.jpg,1,0.9299,tent
api_test_workflow_v8_remaining_location_deduped_30pct_after10_2026-05-22,34.022354507,-118.400051573,"10020 W VENICE BLVD, 90232",90,34.022354507_-118.400051573_90.jpg,1,0.8867,tent
api_test_workflow_v8_remaining_location_deduped_30pct_after10_2026-05-22,34.1523892059,-118.370446647,"VINELAND AVE AT RIVERSIDE DR, 91602",0,34.1523892059_-118.370446647_0.jpg,1,0.6124,tent
api_test_workflow_v8_remaining_location_deduped_30pct_after10_2026-05-22,34.0179350656,-118.230601098,"2209 S SANTA FE AVE, 90058",270,34.0179350656_-118.230601098_270.jpg,1,0.8126,tent
api_test_workflow_v8_remaining_location_deduped_30pct_after10_2026-05-22,34.0475812468,-118.228908804,"105 S MYERS ST, 90033",0,34.0475812468_-118.228908804_0.jpg,1,0.8922,tent
api_test_workflow_v8_remaining_location_deduped_30pct_after10_2026-05-22,34.0490653938,-118.272143077,"939 S VALENCIA ST, 90015",0,34.0490653938_-118.272143077_0.jpg,1,0.6393,tent
api_test_workflow_v8_remaining_location_deduped_30pct_after10_2026-05-22,34.1842522056,-118.545113517,"6251 N WILBUR AVE, 91335",0,34.1842522056_-118.545113517_0.jpg,1,0.7805,tent
api_test_workflow_v8_remaining_location_deduped_30pct_after10_2026-05-22,34.2547445219,-118.285421717,"7077 W DAY ST, 91042",180,34.2547445219_-118.285421717_180.jpg,1,0.8864,tent
api_test_workflow_v8_remaining_location_deduped_30pct_after10_2026-05-22,33.7742009541,-118.259064746,"304 E D ST, 90744",0,33.7742009541_-118.259064746_0.jpg,1,0.9528,tent
api_test_workflow_v8_remaining_location_deduped_30pct_after10_2026-05-22,33.7742009541,-118.259064746,"304 E D ST, 90744",90,33.7742009541_-118.259064746_90.jpg,2,0.8061,tent
api_test_workflow_v8_remaining_location_deduped_30pct_after10_2026-05-22,33.7742009541,-118.259064746,"304 E D ST, 90744",270,33.7742009541_-118.259064746_270.jpg,1,0.9042,tent
api_test_workflow_v8_remaining_location_deduped_30pct_after10_2026-05-22,34.0058743881,-118.254478698,"1187 E 43RD ST, 90011",90,34.0058743881_-118.254478698_90.jpg,1,0.7077,tent
api_test_workflow_v8_remaining_location_deduped_30pct_after10_2026-05-22,34.0569375875,-118.272323321,"637 S BURLINGTON AVE, 90057",180,34.0569375875_-118.272323321_180.jpg,1,0.879,tent
api_test_workflow_v8_remaining_location_deduped_30pct_after10_2026-05-22,34.1909485617,-118.601464688,"6640 N OWENSMOUTH AVE, 91303",180,34.1909485617_-118.601464688_180.jpg,1,0.754,tent
api_test_workflow_v8_remaining_location_deduped_30pct_after10_2026-05-22,34.0175834241,-118.273117393,"3500 S MAIN ST, 90007",270,34.0175834241_-118.273117393_270.jpg,2,0.8749,tent
api_test_workflow_v8_remaining_location_deduped_30pct_after10_2026-05-22,34.0907478412,-118.295046378,"4850 W SANTA MONICA BLVD, 90029",180,34.0907478412_-118.295046378_180.jpg,1,0.8227,tent
api_test_workflow_v8_remaining_location_deduped_30pct_after10_2026-05-22,34.0309808497,-118.264721776,"MAIN ST AT WASHINGTON BLVD, 90007",180,34.0309808497_-118.264721776_180.jpg,2,0.8095,tent
api_test_workflow_v8_remaining_location_deduped_30pct_after10_2026-05-22,33.9328604477,-118.273356946,"106 E 112TH ST, 90061",0,33.9328604477_-118.273356946_0.jpg,1,0.6557,tent
api_test_workflow_v8_remaining_location_deduped_30pct_after10_2026-05-22,34.0390194031,-118.244420733,"STANFORD AVE AT 7TH ST, 90021",180,34.0390194031_-118.244420733_180.jpg,1,0.797,tent
api_test_workflow_v8_remaining_location_deduped_30pct_after10_2026-05-22,34.0390194031,-118.244420733,"STANFORD AVE AT 7TH ST, 90021",270,34.0390194031_-118.244420733_270.jpg,3,0.8718,tent
api_test_workflow_v8_remaining_location_deduped_30pct_after10_2026-05-22,34.0513819704,-118.274665744,"1720 W JAMES M. WOOD BLVD, 90015",270,34.0513819704_-118.274665744_270.jpg,1,0.8032,tent
api_test_workflow_v8_remaining_location_deduped_30pct_after10_2026-05-22,34.0409477364,-118.247569026,"500 E 7TH ST, 90014",90,34.0409477364_-118.247569026_90.jpg,1,0.9194,tent
api_test_workflow_v8_remaining_location_deduped_30pct_after10_2026-05-22,34.0409477364,-118.247569026,"500 E 7TH ST, 90014",180,34.0409477364_-118.247569026_180.jpg,2,0.8828,tent
api_test_workflow_v8_remaining_location_deduped_30pct_after10_2026-05-22,34.0420822657,-118.240517889,"5TH ST AT GLADYS AVE, 90013",180,34.0420822657_-118.240517889_180.jpg,2,0.8934,tent
api_test_workflow_v8_remaining_location_deduped_30pct_after10_2026-05-22,34.0420822657,-118.240517889,"5TH ST AT GLADYS AVE, 90013",270,34.0420822657_-118.240517889_270.jpg,3,0.7825,tent
api_test_workflow_v8_remaining_location_deduped_30pct_after10_2026-05-22,34.0283945455,-118.249101866,"1117 E 14TH PL, 90021",90,34.0283945455_-118.249101866_90.jpg,3,0.8507,tent
api_test_workflow_v8_remaining_location_deduped_30pct_after10_2026-05-22,34.0640178338,-118.361422055,"ORANGE ST AT FAIRFAX AVE, 90048",180,34.0640178338_-118.361422055_180.jpg,1,0.7536,tent
api_test_workflow_v8_remaining_location_deduped_30pct_after10_2026-05-22,34.0497811313,-118.266564101,"1141 W 8TH ST, 90017",270,34.0497811313_-118.266564101_270.jpg,2,0.8521,tent
api_test_workflow_v8_remaining_location_deduped_30pct_after10_2026-05-22,34.1037535706,-118.322529348,"YUCCA ST AT GOWER ST, 90028",180,34.1037535706_-118.322529348_180.jpg,1,0.6284,tent
api_test_workflow_v8_remaining_location_deduped_30pct_after10_2026-05-22,34.1011485881,-118.311617687,"1677 N ST ANDREWS PL, 90028",180,34.1011485881_-118.311617687_180.jpg,2,0.904,tent
api_test_workflow_v8_remaining_location_deduped_30pct_after10_2026-05-22,34.1011485881,-118.311617687,"1677 N ST ANDREWS PL, 90028",270,34.1011485881_-118.311617687_270.jpg,1,0.8602,tent
api_test_workflow_v8_remaining_location_deduped_30pct_after10_2026-05-22,34.0897316245,-118.211732101,"3719 MARMION WY, 90065",0,34.0897316245_-118.211732101_0.jpg,1,0.8498,tent
api_test_workflow_v8_remaining_location_deduped_30pct_after10_2026-05-22,34.0897316245,-118.211732101,"3719 MARMION WY, 90065",270,34.0897316245_-118.211732101_270.jpg,2,0.8448,tent
api_test_workflow_v8_remaining_location_deduped_30pct_after10_2026-05-22,34.0374958758,-118.288136411,"2018 S ORCHARD AVE, 90007",90,34.0374958758_-118.288136411_90.jpg,1,0.9387,tent
api_test_workflow_v8_remaining_location_deduped_30pct_after10_2026-05-22,33.9858477619,-118.468549241,"308 E NORTH VENICE BLVD, 90291",270,33.9858477619_-118.468549241_270.jpg,1,0.8091,tent
api_test_workflow_v8_remaining_location_deduped_30pct_after10_2026-05-22,33.9802741214,-118.465320824,"3005 S STRONG'S DR, 90291",270,33.9802741214_-118.465320824_270.jpg,1,0.8373,tent
api_test_workflow_v8_remaining_location_deduped_30pct_after10_2026-05-22,34.0135601079,-118.244078314,"1629 E ADAMS BLVD, 90011",270,34.0135601079_-118.244078314_270.jpg,1,0.8089,tent
api_test_workflow_v8_remaining_location_deduped_30pct_after10_2026-05-22,34.0403255727,-118.377013709,"GUTHRIE AVE AT LA CIENEGA BLVD, 90034",90,34.0403255727_-118.377013709_90.jpg,1,0.8145,tent
api_test_workflow_v8_remaining_location_deduped_30pct_after10_2026-05-22,34.1018523377,-118.3193646,"5941 W HOLLYWOOD BLVD, 90028",180,34.1018523377_-118.3193646_180.jpg,1,0.7108,tent
api_test_workflow_v8_remaining_location_deduped_30pct_after10_2026-05-22,34.0500847502,-118.343184177,"4901 W SAN VICENTE BLVD, 90019",0,34.0500847502_-118.343184177_0.jpg,1,0.7955,tent
api_test_workflow_v8_remaining_location_deduped_30pct_after10_2026-05-22,33.7817965749,-118.263775251,"922 N MARINE AVE, 90744",90,33.7817965749_-118.263775251_90.jpg,1,0.7853,tent
api_test_workflow_v8_remaining_location_deduped_30pct_after10_2026-05-22,34.3128966598,-118.469257996,"13290 N BRADLEY AVE, 91342",0,34.3128966598_-118.469257996_0.jpg,1,0.6384,tent
api_test_workflow_v8_remaining_location_deduped_30pct_after10_2026-05-22,33.990483266,-118.317347051,"5715 S VAN NESS AVE, 90062",270,33.990483266_-118.317347051_270.jpg,1,0.8575,tent
api_test_workflow_v8_remaining_location_deduped_30pct_after10_2026-05-22,34.0259831721,-118.275833637,"28TH ST AT FLOWER ST, 90007",0,34.0259831721_-118.275833637_0.jpg,1,0.7613,tent
api_test_workflow_v8_remaining_location_deduped_30pct_after10_2026-05-22,34.1039859145,-118.322465141,"GOWER ST AT YUCCA ST, 90028",0,34.1039859145_-118.322465141_0.jpg,4,0.8176,tent
api_test_workflow_v8_remaining_location_deduped_30pct_after10_2026-05-22,34.0447595174,-118.443930278,"1810 S COTNER AVE, 90025",270,34.0447595174_-118.443930278_270.jpg,2,0.9064,tent
api_test_workflow_v8_remaining_location_deduped_30pct_after10_2026-05-22,34.0357948839,-118.328612103,"2311 S 10TH AVE, 90018",270,34.0357948839_-118.328612103_270.jpg,1,0.7199,tent
api_test_workflow_v8_remaining_location_deduped_30pct_after10_2026-05-22,34.0121672268,-118.275838507,"179 W 39TH ST, 90037",0,34.0121672268_-118.275838507_0.jpg,1,0.8409,tent
api_test_workflow_v8_remaining_location_deduped_30pct_after10_2026-05-22,34.0121672268,-118.275838507,"179 W 39TH ST, 90037",180,34.0121672268_-118.275838507_180.jpg,1,0.8834,tent
api_test_workflow_v8_remaining_location_deduped_30pct_after10_2026-05-22,34.0469728759,-118.244619341,"339 S WALL ST, 90013",270,34.0469728759_-118.244619341_270.jpg,1,0.7079,tent
api_test_workflow_v8_remaining_location_deduped_30pct_after10_2026-05-22,34.0423025899,-118.225510235,"4TH ST AT ANDERSON ST, 90033",270,34.0423025899_-118.225510235_270.jpg,1,0.7856,tent
api_test_workflow_v8_remaining_location_deduped_30pct_after10_2026-05-22,34.1898042856,-118.474843223,"6554 N HASKELL AVE, 91406",180,34.1898042856_-118.474843223_180.jpg,1,0.7793,tent
api_test_workflow_v8_remaining_location_deduped_30pct_after10_2026-05-22,34.0789890701,-118.16238031,"5588 E ALHAMBRA AVE, 90032",90,34.0789890701_-118.16238031_90.jpg,1,0.6673,tent
api_test_workflow_v8_remaining_location_deduped_30pct_after10_2026-05-22,34.0789890701,-118.16238031,"5588 E ALHAMBRA AVE, 90032",180,34.0789890701_-118.16238031_180.jpg,1,0.6844,tent
api_test_workflow_v8_remaining_location_deduped_30pct_after10_2026-05-22,34.030288899,-118.391453709,"3329 S ROBERTSON BLVD, 90034",0,34.030288899_-118.391453709_0.jpg,1,0.6335,tent
api_test_workflow_v8_remaining_location_deduped_30pct_after10_2026-05-22,34.0291018079,-118.250813496,"14TH PL AT GRIFFITH AVE, 90021",0,34.0291018079_-118.250813496_0.jpg,2,0.8392,tent
api_test_workflow_v8_remaining_location_deduped_30pct_after10_2026-05-22,33.9873491154,-118.283845554,"DENVER AVE AT 59TH ST, 90044",180,33.9873491154_-118.283845554_180.jpg,1,0.9011,tent
api_test_workflow_v8_remaining_location_deduped_30pct_after10_2026-05-22,34.0343875768,-118.246853848,"1001 E OLYMPIC BLVD, 90021",0,34.0343875768_-118.246853848_0.jpg,1,0.8804,tent
api_test_workflow_v8_remaining_location_deduped_30pct_after10_2026-05-22,34.0376773159,-118.297711909,"2015 1/2 S RAYMOND AVE, 90007",90,34.0376773159_-118.297711909_90.jpg,1,0.7961,tent
api_test_workflow_v8_remaining_location_deduped_30pct_after10_2026-05-22,34.0379023409,-118.250771697,"615 E 9TH ST, 90015",0,34.0379023409_-118.250771697_0.jpg,1,0.8017,tent
api_test_workflow_v8_remaining_location_deduped_30pct_after10_2026-05-22,34.038026912,-118.243006642,"7TH ST AT CERES AVE, 90021",0,34.038026912_-118.243006642_0.jpg,2,0.7228,tent
api_test_workflow_v8_remaining_location_deduped_30pct_after10_2026-05-22,34.038026912,-118.243006642,"7TH ST AT CERES AVE, 90021",90,34.038026912_-118.243006642_90.jpg,3,0.8861,tent
api_test_workflow_v8_remaining_location_deduped_30pct_after10_2026-05-22,33.9615224674,-118.278325452,"85TH ST AT BROADWAY, 90003",90,33.9615224674_-118.278325452_90.jpg,1,0.6408,tent
api_test_workflow_v8_remaining_location_deduped_30pct_after10_2026-05-22,34.0195292615,-118.263507528,"639 E 29TH ST, 90011",90,34.0195292615_-118.263507528_90.jpg,1,0.8479,tent
api_test_workflow_v8_remaining_location_deduped_30pct_after10_2026-05-22,34.1007706034,-118.328313967,"1655 N IVAR AVE, 90028",0,34.1007706034_-118.328313967_0.jpg,1,0.8459,tent
api_test_workflow_v8_remaining_location_deduped_30pct_after10_2026-05-22,34.0618983367,-118.338946715,"5032 W WILSHIRE BLVD, 90036",0,34.0618983367_-118.338946715_0.jpg,1,0.8395,tent
api_test_workflow_v8_remaining_location_deduped_30pct_after10_2026-05-22,34.015829425,-118.204027542,"15TH ST AT BOYNE ST, 90023",270,34.015829425_-118.204027542_270.jpg,1,0.8376,tent
api_test_workflow_v8_remaining_location_deduped_30pct_after10_2026-05-22,34.0513341616,-118.281416431,"1032 S LAKE ST, 90006",90,34.0513341616_-118.281416431_90.jpg,1,0.8028,tent
api_test_workflow_v8_remaining_location_deduped_30pct_after10_2026-05-22,34.0513341616,-118.281416431,"1032 S LAKE ST, 90006",180,34.0513341616_-118.281416431_180.jpg,1,0.7683,tent
api_test_workflow_v8_remaining_location_deduped_30pct_after10_2026-05-22,33.971753783,-118.317313936,"2146 W 75TH ST, 90047",0,33.971753783_-118.317313936_0.jpg,1,0.7431,tent
api_test_workflow_v8_remaining_location_deduped_30pct_after10_2026-05-22,33.9891277803,-118.267436497,"5820 S TOWNE AVE, 90003",90,33.9891277803_-118.267436497_90.jpg,1,0.8446,tent
api_test_workflow_v8_remaining_location_deduped_30pct_after10_2026-05-22,34.0522272491,-118.283557151,"1042 S PARK VIEW ST, 90006",270,34.0522272491_-118.283557151_270.jpg,1,0.6024,tent
api_test_workflow_v8_remaining_location_deduped_30pct_after10_2026-05-22,34.0734231145,-118.379094434,"8562 W 3RD ST, 90048",0,34.0734231145_-118.379094434_0.jpg,1,0.7803,tent
api_test_workflow_v8_remaining_location_deduped_30pct_after10_2026-05-22,34.0734231145,-118.379094434,"8562 W 3RD ST, 90048",180,34.0734231145_-118.379094434_180.jpg,1,0.6505,tent
api_test_workflow_v8_remaining_location_deduped_30pct_after10_2026-05-22,34.0667830287,-118.230474382,"1477 N NAUD ST, 90012",270,34.0667830287_-118.230474382_270.jpg,1,0.796,tent
api_test_workflow_v8_remaining_location_deduped_30pct_after10_2026-05-22,34.0294748205,-118.388382974,"VENICE BLVD AT NATIONAL BLVD, 90034",90,34.0294748205_-118.388382974_90.jpg,2,0.7017,tent
api_test_workflow_v8_remaining_location_deduped_30pct_after10_2026-05-22,34.0220665708,-118.240351555,"1638 S MCGARRY ST, 90021",0,34.0220665708_-118.240351555_0.jpg,1,0.7104,tent
api_test_workflow_v8_remaining_location_deduped_30pct_after10_2026-05-22,34.0258820213,-118.245676201,"1383 E 15TH ST, 90021",180,34.0258820213_-118.245676201_180.jpg,1,0.821,tent
api_test_workflow_v8_remaining_location_deduped_30pct_after10_2026-05-22,34.1013918654,-118.311618266,"1679 N ST ANDREWS PL, 90028",180,34.1013918654_-118.311618266_180.jpg,1,0.8409,tent
api_test_workflow_v8_remaining_location_deduped_30pct_after10_2026-05-22,34.1013918654,-118.311618266,"1679 N ST ANDREWS PL, 90028",270,34.1013918654_-118.311618266_270.jpg,1,0.8065,tent
api_test_workflow_v8_remaining_location_deduped_30pct_after10_2026-05-22,34.0213777884,-118.241703492,"1665 S STAUNTON AVE, 90021",270,34.0213777884_-118.241703492_270.jpg,1,0.7899,tent
api_test_workflow_v8_remaining_location_deduped_30pct_after10_2026-05-22,34.0146224783,-118.265499636,"3421 S AVALON BLVD, 90011",0,34.0146224783_-118.265499636_0.jpg,1,0.6067,tent
api_test_workflow_v8_remaining_location_deduped_30pct_after10_2026-05-22,34.057692204,-118.275049389,"2011 W WILSHIRE BLVD, 90057",0,34.057692204_-118.275049389_0.jpg,1,0.6111,tent
api_test_workflow_v8_remaining_location_deduped_30pct_after10_2026-05-22,34.1626136429,-118.448953936,"5049 N VAN NUYS BLVD, 91403",0,34.1626136429_-118.448953936_0.jpg,1,0.8277,tent
api_test_workflow_v8_remaining_location_deduped_30pct_after10_2026-05-22,34.0078363349,-118.270278266,"4159 S SAN PEDRO PL, 90011",270,34.0078363349_-118.270278266_270.jpg,1,0.7383,tent
api_test_workflow_v8_remaining_location_deduped_30pct_after10_2026-05-22,34.0575904332,-118.292241117,"3012 W 8TH ST, 90005",270,34.0575904332_-118.292241117_270.jpg,1,0.7208,tent
api_test_workflow_v8_remaining_location_deduped_30pct_after10_2026-05-22,34.0370356321,-118.250908305,"929 S SAN PEDRO ST, 90015",90,34.0370356321_-118.250908305_90.jpg,2,0.8298,tent
api_test_workflow_v8_remaining_location_deduped_30pct_after10_2026-05-22,34.0370356321,-118.250908305,"929 S SAN PEDRO ST, 90015",270,34.0370356321_-118.250908305_270.jpg,4,0.8349,tent
api_test_workflow_v8_remaining_location_deduped_30pct_after10_2026-05-22,34.0232159765,-118.273670745,"237 W 30TH ST, 90007",0,34.0232159765_-118.273670745_0.jpg,1,0.9316,tent
api_test_workflow_v8_remaining_location_deduped_30pct_after10_2026-05-22,34.0357579068,-118.207292092,"2806 E LANFRANCO ST, 90033",0,34.0357579068_-118.207292092_0.jpg,1,0.684,tent
api_test_workflow_v8_remaining_location_deduped_30pct_after10_2026-05-22,34.0345054383,-118.437649342,"11270 EXPOSITION BLVD, 90064",90,34.0345054383_-118.437649342_90.jpg,1,0.7322,tent
api_test_workflow_v8_remaining_location_deduped_30pct_after10_2026-05-22,34.0345054383,-118.437649342,"11270 EXPOSITION BLVD, 90064",180,34.0345054383_-118.437649342_180.jpg,1,0.7978,tent
api_test_workflow_v8_remaining_location_deduped_30pct_after10_2026-05-22,33.9627297611,-118.267070502,"406 E 84TH ST, 90003",0,33.9627297611_-118.267070502_0.jpg,1,0.7784,tent
api_test_workflow_v8_remaining_location_deduped_final_after10_30_2026-05-23,34.0250360318,-118.235093832,"1367 S WILSON ST, 90021",90,34.0250360318_-118.235093832_90.jpg,1,0.9389,tent
api_test_workflow_v8_remaining_location_deduped_final_after10_30_2026-05-23,33.9866134682,-118.471388584,"MILDRED AVE AT PACIFIC AVE, 90291",270,33.9866134682_-118.471388584_270.jpg,1,0.628,tent
api_test_workflow_v8_remaining_location_deduped_final_after10_30_2026-05-23,34.0950693545,-118.252846486,"LAKE SHORE AVE AT ALVARADO ST, 90039",0,34.0950693545_-118.252846486_0.jpg,1,0.7842,tent
api_test_workflow_v8_remaining_location_deduped_final_after10_30_2026-05-23,34.241351846,-118.600093751,"21539 W GLEDHILL ST, 91311",0,34.241351846_-118.600093751_0.jpg,2,0.9033,tent
api_test_workflow_v8_remaining_location_deduped_final_after10_30_2026-05-23,34.241351846,-118.600093751,"21539 W GLEDHILL ST, 91311",180,34.241351846_-118.600093751_180.jpg,2,0.8736,tent
api_test_workflow_v8_remaining_location_deduped_final_after10_30_2026-05-23,34.0571117982,-118.273685471,"1903 W WILSHIRE BLVD, 90057",90,34.0571117982_-118.273685471_90.jpg,2,0.8112,tent
api_test_workflow_v8_remaining_location_deduped_final_after10_30_2026-05-23,34.063670785,-118.214129674,"WORKMAN ST AT ALHAMBRA AVE, 90031",180,34.063670785_-118.214129674_180.jpg,1,0.7269,tent
api_test_workflow_v8_remaining_location_deduped_final_after10_30_2026-05-23,34.2019178103,-118.59304109,"7229 N VARIEL AVE, 91303",90,34.2019178103_-118.59304109_90.jpg,1,0.6744,tent
api_test_workflow_v8_remaining_location_deduped_final_after10_30_2026-05-23,34.193255108,-118.457374113,"6740 KESTER AV, 91405",180,34.193255108_-118.457374113_180.jpg,1,0.7199,tent
api_test_workflow_v8_remaining_location_deduped_final_after10_30_2026-05-23,34.0046621951,-118.330141765,"4366 S LEIMERT BLVD, 90008",90,34.0046621951_-118.330141765_90.jpg,1,0.8062,tent
api_test_workflow_v8_remaining_location_deduped_final_after10_30_2026-05-23,34.0982769355,-118.300754788,"5103 W SUNSET BLVD, 90027",180,34.0982769355_-118.300754788_180.jpg,1,0.7257,tent
api_test_workflow_v8_remaining_location_deduped_final_after10_30_2026-05-23,34.1955766574,-118.590639377,"BASSETT ST AT INDEPENDENCE AVE, 91303",180,34.1955766574_-118.590639377_180.jpg,1,0.8977,tent
api_test_workflow_v8_remaining_location_deduped_final_after10_30_2026-05-23,34.2369313018,-118.447785578,"14481 W TERRA BELLA ST, 91402",0,34.2369313018_-118.447785578_0.jpg,2,0.8812,tent
api_test_workflow_v8_remaining_location_deduped_final_after10_30_2026-05-23,34.0120654756,-118.27683897,"39TH ST AT BROADWAY PL, 90037",270,34.0120654756_-118.27683897_270.jpg,2,0.8837,tent
api_test_workflow_v8_remaining_location_deduped_final_after10_30_2026-05-23,34.0369501948,-118.240271073,"1312 E INDUSTRIAL ST, 90021",0,34.0369501948_-118.240271073_0.jpg,1,0.8387,tent
api_test_workflow_v8_remaining_location_deduped_final_after10_30_2026-05-23,34.0369501948,-118.240271073,"1312 E INDUSTRIAL ST, 90021",90,34.0369501948_-118.240271073_90.jpg,1,0.7304,tent
api_test_workflow_v8_remaining_location_deduped_final_after10_30_2026-05-23,34.2573004614,-118.499510419,"16836 W DEVONSHIRE ST, 91344",0,34.2573004614_-118.499510419_0.jpg,1,0.8579,tent
api_test_workflow_v8_remaining_location_deduped_final_after10_30_2026-05-23,34.2573004614,-118.499510419,"16836 W DEVONSHIRE ST, 91344",90,34.2573004614_-118.499510419_90.jpg,1,0.6836,tent
api_test_workflow_v8_remaining_location_deduped_final_after10_30_2026-05-23,34.0501686688,-118.275961909,"1721 W OLYMPIC BLVD, 90015",180,34.0501686688_-118.275961909_180.jpg,1,0.7761,tent
api_test_workflow_v8_remaining_location_deduped_final_after10_30_2026-05-23,34.2935640039,-118.413402533,"ARROYO ST AT FOOTHILL FRWY, 91342",0,34.2935640039_-118.413402533_0.jpg,1,0.6784,tent
api_test_workflow_v8_remaining_location_deduped_final_after10_30_2026-05-23,34.058696025,-118.283538409,"736 S RAMPART BLVD, 90057",90,34.058696025_-118.283538409_90.jpg,1,0.9331,tent
api_test_workflow_v8_remaining_location_deduped_final_after10_30_2026-05-23,34.058696025,-118.283538409,"736 S RAMPART BLVD, 90057",180,34.058696025_-118.283538409_180.jpg,1,0.9015,tent
api_test_workflow_v8_remaining_location_deduped_final_after10_30_2026-05-23,34.0908621084,-118.289330988,"SANTA MONICA BLVD AT MADISON AVE, 90029",180,34.0908621084_-118.289330988_180.jpg,1,0.8425,tent
api_test_workflow_v8_remaining_location_deduped_final_after10_30_2026-05-23,34.0616013786,-118.192871543,"2800 E MEDFORD ST, 90033",180,34.0616013786_-118.192871543_180.jpg,1,0.7667,tent
api_test_workflow_v8_remaining_location_deduped_final_after10_30_2026-05-23,34.0192160089,-118.263389879,"652 E 29TH ST, 90011",0,34.0192160089_-118.263389879_0.jpg,1,0.8715,tent
api_test_workflow_v8_remaining_location_deduped_final_after10_30_2026-05-23,34.0192160089,-118.263389879,"652 E 29TH ST, 90011",180,34.0192160089_-118.263389879_180.jpg,5,0.9031,tent
api_test_workflow_v8_remaining_location_deduped_final_after10_30_2026-05-23,34.0192160089,-118.263389879,"652 E 29TH ST, 90011",270,34.0192160089_-118.263389879_270.jpg,3,0.8742,tent
api_test_workflow_v8_remaining_location_deduped_final_after10_30_2026-05-23,34.0759417243,-118.35671902,"7660 W BEVERLY BLVD, 90036",180,34.0759417243_-118.35671902_180.jpg,1,0.6208,tent
api_test_workflow_v8_remaining_location_deduped_final_after10_30_2026-05-23,33.9791036337,-118.276136108,"199 W 67TH ST, 90003",90,33.9791036337_-118.276136108_90.jpg,1,0.8989,tent
api_test_workflow_v8_remaining_location_deduped_final_after10_30_2026-05-23,34.1895271677,-118.449567,"14520 W HAYNES ST, 91411",90,34.1895271677_-118.449567_90.jpg,1,0.8676,tent
api_test_workflow_v8_remaining_location_deduped_final_after10_30_2026-05-23,34.0152500157,-118.304702728,"3871 S DENKER AVE, 90062",270,34.0152500157_-118.304702728_270.jpg,1,0.7591,tent
api_test_workflow_v8_remaining_location_deduped_final_after10_30_2026-05-23,34.0644483876,-118.248614126,"543 N CUSTER AVE, 90012",270,34.0644483876_-118.248614126_270.jpg,2,0.7196,tent
api_test_workflow_v8_remaining_location_deduped_final_after10_30_2026-05-23,34.0476085436,-118.291442934,"1250 S VERMONT AVE, 90006",270,34.0476085436_-118.291442934_270.jpg,1,0.8315,tent
api_test_workflow_v8_remaining_location_deduped_final_after10_30_2026-05-23,34.0578850871,-118.276093734,"2100 W WILSHIRE BLVD, 90057",90,34.0578850871_-118.276093734_90.jpg,1,0.856,tent
api_test_workflow_v8_remaining_location_deduped_final_after10_30_2026-05-23,34.0578850871,-118.276093734,"2100 W WILSHIRE BLVD, 90057",180,34.0578850871_-118.276093734_180.jpg,1,0.7961,tent
api_test_workflow_v8_remaining_location_deduped_final_after10_30_2026-05-23,34.0568496956,-118.273525502,"648 S BONNIE BRAE ST, 90057",270,34.0568496956_-118.273525502_270.jpg,1,0.6285,tent
api_test_workflow_v8_remaining_location_deduped_final_after10_30_2026-05-23,34.0441985687,-118.443447207,"1836 S COTNER AVE, 90025",0,34.0441985687_-118.443447207_0.jpg,2,0.857,tent
api_test_workflow_v8_remaining_location_deduped_final_after10_30_2026-05-23,34.0441985687,-118.443447207,"1836 S COTNER AVE, 90025",90,34.0441985687_-118.443447207_90.jpg,2,0.8824,tent
api_test_workflow_v8_remaining_location_deduped_final_after10_30_2026-05-23,34.0376405529,-118.319976156,"2106 S 3RD AVE, 90018",0,34.0376405529_-118.319976156_0.jpg,1,0.7799,tent
api_test_workflow_v8_remaining_location_deduped_final_after10_30_2026-05-23,34.0504796426,-118.280924326,"1059 S ALVARADO ST, 90006",180,34.0504796426_-118.280924326_180.jpg,1,0.7458,tent
api_test_workflow_v8_remaining_location_deduped_final_after10_30_2026-05-23,33.9566197253,-118.258238235,"911 E 88TH PL, 90002",270,33.9566197253_-118.258238235_270.jpg,1,0.8714,tent
api_test_workflow_v8_remaining_location_deduped_final_after10_30_2026-05-23,33.9882599875,-118.475293212,"1305 S OCEAN FRONT WALK, 90291",0,33.9882599875_-118.475293212_0.jpg,1,0.6875,tent
api_test_workflow_v8_remaining_location_deduped_final_after10_30_2026-05-23,34.0369993318,-118.250944009,"933 S SAN PEDRO ST, 90015",270,34.0369993318_-118.250944009_270.jpg,5,0.8891,tent
api_test_workflow_v8_remaining_location_deduped_final_after10_30_2026-05-23,34.1017294904,-118.307137812,"SERRANO AVE AT HOLLYWOOD BLVD, 90027",180,34.1017294904_-118.307137812_180.jpg,1,0.6079,tent
api_test_workflow_v8_remaining_location_deduped_final_after10_30_2026-05-23,34.087504372,-118.225314051,"2615 N MCCLURE ST, 90065",90,34.087504372_-118.225314051_90.jpg,1,0.8742,tent
api_test_workflow_v8_remaining_location_deduped_final_after10_30_2026-05-23,33.9912253077,-118.240098173,"BANDERA ST AT 57TH ST, 90058",270,33.9912253077_-118.240098173_270.jpg,1,0.8603,tent
api_test_workflow_v8_remaining_location_deduped_final_after10_30_2026-05-23,33.99467077,-118.426687076,"12449 W LOUISE AVE, 90066",270,33.99467077_-118.426687076_270.jpg,1,0.7871,tent
api_test_workflow_v8_remaining_location_deduped_final_after10_30_2026-05-23,34.0420068812,-118.267189827,"1201 S FIGUEROA ST, 90015",0,34.0420068812_-118.267189827_0.jpg,1,0.7054,tent
api_test_workflow_v8_remaining_location_deduped_final_after10_30_2026-05-23,34.2178649665,-118.474773982,"8100 N HASKELL AVE, 91406",180,34.2178649665_-118.474773982_180.jpg,1,0.8036,tent
api_test_workflow_v8_remaining_location_deduped_final_after10_30_2026-05-23,34.2314356149,-118.373517936,"8960 N HERRICK AVE, 91352",270,34.2314356149_-118.373517936_270.jpg,1,0.814,tent
api_test_workflow_v8_remaining_location_deduped_final_after10_30_2026-05-23,34.1085438402,-118.330772977,"2042 N CAHUENGA BLVD, 90068",0,34.1085438402_-118.330772977_0.jpg,1,0.8426,tent
api_test_workflow_v8_remaining_location_deduped_final_after10_30_2026-05-23,34.1085438402,-118.330772977,"2042 N CAHUENGA BLVD, 90068",270,34.1085438402_-118.330772977_270.jpg,1,0.8227,tent
api_test_workflow_v8_remaining_location_deduped_final_after10_30_2026-05-23,34.0510455372,-118.369103079,"5931 W LUNA PARK, 90035",0,34.0510455372_-118.369103079_0.jpg,1,0.7052,tent
api_test_workflow_v8_remaining_location_deduped_final_after10_30_2026-05-23,33.9192932518,-118.282978622,"12430 S FIGUEROA ST, 90061",180,33.9192932518_-118.282978622_180.jpg,1,0.6061,tent
api_test_workflow_v8_remaining_location_deduped_final_after10_30_2026-05-23,34.1490840822,-118.379212341,"4359 1/2 N TUJUNGA AVE, 91604",270,34.1490840822_-118.379212341_270.jpg,1,0.606,tent
api_test_workflow_v8_remaining_location_deduped_final_after10_30_2026-05-23,34.0731011193,-118.261663525,"800 N GLENDALE BLVD, 90026",270,34.0731011193_-118.261663525_270.jpg,1,0.8694,tent
api_test_workflow_v8_remaining_location_deduped_final_after10_30_2026-05-23,34.028559445,-118.250056563,"1020 E 14TH PL, 90021",0,34.028559445_-118.250056563_0.jpg,1,0.9096,tent
api_test_workflow_v8_remaining_location_deduped_final_after10_30_2026-05-23,34.0236836106,-118.234454172,"2162 E 14TH ST, 90021",90,34.0236836106_-118.234454172_90.jpg,1,0.8396,tent
api_test_workflow_v8_remaining_location_deduped_final_after10_30_2026-05-23,34.100910881,-118.311616359,"1667 N ST ANDREWS PL, 90028",0,34.100910881_-118.311616359_0.jpg,1,0.9162,tent
api_test_workflow_v8_remaining_location_deduped_final_after10_30_2026-05-23,34.100910881,-118.311616359,"1667 N ST ANDREWS PL, 90028",270,34.100910881_-118.311616359_270.jpg,1,0.7386,tent
api_test_workflow_v8_remaining_location_deduped_final_after10_30_2026-05-23,34.023641802,-118.234318102,"2166 E 14TH ST, 90021",90,34.023641802_-118.234318102_90.jpg,1,0.8671,tent
api_test_workflow_v8_remaining_location_deduped_final_after10_30_2026-05-23,34.023641802,-118.234318102,"2166 E 14TH ST, 90021",180,34.023641802_-118.234318102_180.jpg,1,0.7719,tent
api_test_workflow_v8_remaining_location_deduped_final_after10_30_2026-05-23,34.023622266,-118.234230951,"2168 E 14TH ST, 90021",180,34.023622266_-118.234230951_180.jpg,1,0.7201,tent
api_test_workflow_v8_remaining_location_deduped_final_after10_30_2026-05-23,34.0406934609,-118.246807742,"7TH ST AT SAN PEDRO ST, 90014",90,34.0406934609_-118.246807742_90.jpg,4,0.8598,tent
api_test_workflow_v8_remaining_location_deduped_final_after10_30_2026-05-23,34.0406934609,-118.246807742,"7TH ST AT SAN PEDRO ST, 90014",270,34.0406934609_-118.246807742_270.jpg,3,0.7856,tent
api_test_workflow_v8_remaining_location_deduped_final_after10_30_2026-05-23,34.1012341751,-118.311614738,"1675 N ST ANDREWS PL, 90028",0,34.1012341751_-118.311614738_0.jpg,1,0.7957,tent
api_test_workflow_v8_remaining_location_deduped_final_after10_30_2026-05-23,34.1012341751,-118.311614738,"1675 N ST ANDREWS PL, 90028",180,34.1012341751_-118.311614738_180.jpg,1,0.8606,tent
api_test_workflow_v8_remaining_location_deduped_final_after10_30_2026-05-23,34.1012341751,-118.311614738,"1675 N ST ANDREWS PL, 90028",270,34.1012341751_-118.311614738_270.jpg,1,0.8403,tent
api_test_workflow_v8_remaining_location_deduped_final_after10_30_2026-05-23,34.0776082023,-118.288567432,"3750 W OAKWOOD AVE, 90004",0,34.0776082023_-118.288567432_0.jpg,2,0.8458,tent
api_test_workflow_v8_remaining_location_deduped_final_after10_30_2026-05-23,34.0776082023,-118.288567432,"3750 W OAKWOOD AVE, 90004",90,34.0776082023_-118.288567432_90.jpg,1,0.898,tent
api_test_workflow_v8_remaining_location_deduped_final_after10_30_2026-05-23,34.058773185,-118.270415504,"470 S BURLINGTON AVE, 90017",270,34.058773185_-118.270415504_270.jpg,1,0.8813,tent
api_test_workflow_v8_remaining_location_deduped_final_after10_30_2026-05-23,34.0254954815,-118.245528591,"1436 E 15TH ST, 90021",180,34.0254954815_-118.245528591_180.jpg,1,0.7581,tent
api_test_workflow_v8_remaining_location_deduped_final_after10_30_2026-05-23,33.9966271602,-118.243523797,"51ST ST AT LONG BEACH AVE WEST, 90011",270,33.9966271602_-118.243523797_270.jpg,1,0.7446,tent
api_test_workflow_v8_remaining_location_deduped_final_after10_30_2026-05-23,34.0596910421,-118.304210324,"HARVARD BLVD AT 7TH ST, 90005",270,34.0596910421_-118.304210324_270.jpg,1,0.8953,tent
api_test_workflow_v8_remaining_location_deduped_final_after10_30_2026-05-23,34.2573155843,-118.498429249,"16800 W DEVONSHIRE ST, 91344",0,34.2573155843_-118.498429249_0.jpg,1,0.8634,tent
api_test_workflow_v8_remaining_location_deduped_final_after10_30_2026-05-23,34.0532710404,-118.314718524,"987 S WILTON PL, 90019",90,34.0532710404_-118.314718524_90.jpg,1,0.7847,tent
api_test_workflow_v8_remaining_location_deduped_final_after10_30_2026-05-23,34.0289419612,-118.266093262,"21ST ST AT MAIN ST, 90007",180,34.0289419612_-118.266093262_180.jpg,1,0.8774,tent
api_test_workflow_v8_remaining_location_deduped_final_after10_30_2026-05-23,34.0134174399,-118.24437472,"1622 E ADAMS BLVD, 90011",0,34.0134174399_-118.24437472_0.jpg,1,0.8577,tent
api_test_workflow_v8_remaining_location_deduped_final_after10_30_2026-05-23,34.0255807713,-118.332765871,"JEFFERSON BLVD AT NORTON AVE, 90018",180,34.0255807713_-118.332765871_180.jpg,1,0.605,tent
api_test_workflow_v8_remaining_location_deduped_final_after10_30_2026-05-23,34.0038324873,-118.265156232,"4400 S AVALON BLVD, 90011",180,34.0038324873_-118.265156232_180.jpg,1,0.8668,tent
api_test_workflow_v8_remaining_location_deduped_final_after10_30_2026-05-23,34.0703762025,-118.280201755,"112 S OCCIDENTAL BLVD, 90057",0,34.0703762025_-118.280201755_0.jpg,1,0.8881,tent
api_test_workflow_v8_remaining_location_deduped_final_after10_30_2026-05-23,34.019145177,-118.271570621,"120 E 33RD ST, 90011",180,34.019145177_-118.271570621_180.jpg,1,0.8742,tent
api_test_workflow_v8_remaining_location_deduped_final_after10_30_2026-05-23,34.019145177,-118.271570621,"120 E 33RD ST, 90011",270,34.019145177_-118.271570621_270.jpg,1,0.8656,tent
api_test_workflow_v8_remaining_location_deduped_final_after10_30_2026-05-23,34.0068894676,-118.23982481,"1862 E 41ST PL, 90058",180,34.0068894676_-118.23982481_180.jpg,1,0.7203,tent
api_test_workflow_v8_remaining_location_deduped_final_after10_30_2026-05-23,34.0585639038,-118.288790152,"2974 W LEEWARD AVE, 90005",90,34.0585639038_-118.288790152_90.jpg,1,0.6676,tent
api_test_workflow_v8_remaining_location_deduped_final_after10_30_2026-05-23,34.0585639038,-118.288790152,"2974 W LEEWARD AVE, 90005",180,34.0585639038_-118.288790152_180.jpg,1,0.7788,tent
api_test_workflow_v8_remaining_location_deduped_final_after10_30_2026-05-23,33.9606179153,-118.267517002,"8511 S TOWNE AVE, 90003",270,33.9606179153_-118.267517002_270.jpg,1,0.7532,tent
api_test_workflow_v8_remaining_location_deduped_final_after10_30_2026-05-23,34.0583384983,-118.29403167,"748 S BERENDO ST, 90005",0,34.0583384983_-118.29403167_0.jpg,1,0.835,tent
api_test_workflow_v8_remaining_location_deduped_final_after10_30_2026-05-23,34.0633833889,-118.214124619,"ALHAMBRA AVE AT WORKMAN ST, 90031",0,34.0633833889_-118.214124619_0.jpg,1,0.8381,tent
api_test_workflow_v8_remaining_location_deduped_final_after10_30_2026-05-23,34.0633833889,-118.214124619,"ALHAMBRA AVE AT WORKMAN ST, 90031",90,34.0633833889_-118.214124619_90.jpg,1,0.7571,tent
api_test_workflow_v8_remaining_location_deduped_final_after10_30_2026-05-23,34.0633833889,-118.214124619,"ALHAMBRA AVE AT WORKMAN ST, 90031",180,34.0633833889_-118.214124619_180.jpg,1,0.6209,tent
api_test_workflow_v8_remaining_location_deduped_final_after10_30_2026-05-23,34.0633833889,-118.214124619,"ALHAMBRA AVE AT WORKMAN ST, 90031",270,34.0633833889_-118.214124619_270.jpg,2,0.8956,tent
api_test_workflow_v8_remaining_location_deduped_final_after10_30_2026-05-23,34.0177667725,-118.242910733,"21ST ST AT LONG BEACH AVE EAST, 90058",270,34.0177667725_-118.242910733_270.jpg,1,0.7593,tent
api_test_workflow_v8_remaining_location_deduped_final_after10_30_2026-05-23,34.1039176182,-118.329856526,"1801 N CAHUENGA BLVD, 90028",0,34.1039176182_-118.329856526_0.jpg,1,0.6857,tent
api_test_workflow_v8_remaining_location_deduped_final_after10_30_2026-05-23,34.0721516623,-118.36546541,"8075 W 3RD ST, 90048",0,34.0721516623_-118.36546541_0.jpg,1,0.6286,tent
api_test_workflow_v8_remaining_location_deduped_final_after10_30_2026-05-23,34.0405453975,-118.286265565,"1824 S MAGNOLIA AVE, 90006",90,34.0405453975_-118.286265565_90.jpg,1,0.9046,tent
api_test_workflow_v8_remaining_location_deduped_final_after10_30_2026-05-23,34.0405453975,-118.286265565,"1824 S MAGNOLIA AVE, 90006",180,34.0405453975_-118.286265565_180.jpg,1,0.8781,tent
api_test_workflow_v8_remaining_location_deduped_final_after10_30_2026-05-23,34.0608073877,-118.274259269,"419 S ALVARADO ST, 90057",90,34.0608073877_-118.274259269_90.jpg,1,0.8125,tent
api_test_workflow_v8_remaining_location_deduped_final_after10_30_2026-05-23,34.0918909572,-118.309640068,"5503 W VIRGINIA AVE, 90038",90,34.0918909572_-118.309640068_90.jpg,1,0.7,tent
api_test_workflow_v8_remaining_location_deduped_final_after10_30_2026-05-23,34.024303685,-118.270457028,"27TH ST AT BROADWAY, 90007",270,34.024303685_-118.270457028_270.jpg,1,0.8099,tent
api_test_workflow_v8_remaining_location_deduped_final_after10_30_2026-05-23,34.0242418438,-118.241454322,"1711 E 15TH ST, 90021",0,34.0242418438_-118.241454322_0.jpg,1,0.8017,tent
api_test_workflow_v8_remaining_location_deduped_final_after10_30_2026-05-23,34.0242418438,-118.241454322,"1711 E 15TH ST, 90021",180,34.0242418438_-118.241454322_180.jpg,3,0.794,tent
api_test_workflow_v8_remaining_location_deduped_final_after10_30_2026-05-23,34.101852582,-118.319298796,"5939 W HOLLYWOOD BLVD, 90028",180,34.101852582_-118.319298796_180.jpg,1,0.7108,tent
api_test_workflow_v8_remaining_location_deduped_final_after10_30_2026-05-23,34.0375575383,-118.378605841,"2335 S CHARITON ST, 90034",0,34.0375575383_-118.378605841_0.jpg,1,0.6169,tent
api_test_workflow_v8_remaining_location_deduped_final_after10_30_2026-05-23,34.0564942381,-118.272611621,"649 S BURLINGTON AVE, 90057",0,34.0564942381_-118.272611621_0.jpg,1,0.7654,tent
api_test_workflow_v8_remaining_location_deduped_final_after10_30_2026-05-23,34.1821994529,-118.396732682,"6159 N LAUREL CANYON BLVD, 91607",270,34.1821994529_-118.396732682_270.jpg,1,0.8931,tent
api_test_workflow_v8_remaining_location_deduped_final_after10_30_2026-05-23,34.2365994817,-118.368239296,"10900 W TUXFORD ST, 91352",180,34.2365994817_-118.368239296_180.jpg,1,0.8676,tent
api_test_workflow_v8_remaining_location_deduped_final_after10_30_2026-05-23,34.0796953633,-118.28873229,"3870 W MIDDLEBURY ST, 90004",0,34.0796953633_-118.28873229_0.jpg,1,0.8124,tent
api_test_workflow_v8_remaining_location_deduped_final_after10_30_2026-05-23,33.9935329803,-118.466208766,"628 E SAN JUAN AVE, 90291",270,33.9935329803_-118.466208766_270.jpg,1,0.6241,tent
api_test_workflow_v8_remaining_location_deduped_final_after10_30_2026-05-23,33.9879491633,-118.474592802,"HORIZON AVE AT OCEAN FRONT WALK, 90291",180,33.9879491633_-118.474592802_180.jpg,3,0.92,tent
api_test_workflow_v8_remaining_location_deduped_final_after10_30_2026-05-23,33.9879491633,-118.474592802,"HORIZON AVE AT OCEAN FRONT WALK, 90291",270,33.9879491633_-118.474592802_270.jpg,1,0.8859,tent
api_test_workflow_v8_remaining_location_deduped_final_after10_30_2026-05-23,33.9837246245,-118.398721951,"5750 S MESMER AVE, 90230",180,33.9837246245_-118.398721951_180.jpg,1,0.8751,tent
api_test_workflow_v8_remaining_location_deduped_final_after10_30_2026-05-23,34.0926339755,-118.325283499,"6223 W LEXINGTON AVE, 90038",0,34.0926339755_-118.325283499_0.jpg,1,0.8409,tent
api_test_workflow_v8_remaining_location_deduped_final_after10_30_2026-05-23,34.257394542,-118.499384026,"16860 W DEVONSHIRE ST, 91344",180,34.257394542_-118.499384026_180.jpg,1,0.8122,tent
api_test_workflow_v8_remaining_location_deduped_final_after10_30_2026-05-23,34.2139704767,-118.387044685,"11673 W ARMINTA ST, 91605",270,34.2139704767_-118.387044685_270.jpg,1,0.7885,tent
api_test_workflow_v8_remaining_location_deduped_final_after10_30_2026-05-23,34.1998572086,-118.604251851,"7120 N VASSAR AVE, 91303",90,34.1998572086_-118.604251851_90.jpg,1,0.7264,tent
api_test_workflow_v8_remaining_location_deduped_final_after10_30_2026-05-23,34.0028591819,-118.280527791,"45TH ST AT GRAND AVE, 90037",180,34.0028591819_-118.280527791_180.jpg,2,0.7213,tent
api_test_workflow_v8_remaining_location_deduped_final_after10_30_2026-05-23,34.0514954329,-118.290555514,"1030 S MENLO AVE, 90006",180,34.0514954329_-118.290555514_180.jpg,1,0.6362,tent
api_test_workflow_v8_remaining_location_deduped_final_after10_30_2026-05-23,34.0514954329,-118.290555514,"1030 S MENLO AVE, 90006",270,34.0514954329_-118.290555514_270.jpg,1,0.858,tent
api_test_workflow_v8_remaining_location_deduped_final_after10_30_2026-05-23,34.0241025161,-118.268945869,"2634 S MAIN ST, 90007",90,34.0241025161_-118.268945869_90.jpg,1,0.8453,tent
api_test_workflow_v8_remaining_location_deduped_final_after10_30_2026-05-23,34.225268379,-118.396683584,"LAUREL CANYON BLVD AT WEBB AVE, 91352",0,34.225268379_-118.396683584_0.jpg,1,0.821,tent
api_test_workflow_v8_remaining_location_deduped_final_after10_30_2026-05-23,34.0779075038,-118.280064172,"511 N SILVER LAKE BLVD, 90026",90,34.0779075038_-118.280064172_90.jpg,1,0.7283,tent
api_test_workflow_v8_remaining_location_deduped_final_after10_30_2026-05-23,33.9728341997,-118.281893167,"443 1/2 W 74TH ST, 90003",180,33.9728341997_-118.281893167_180.jpg,2,0.773,tent
api_test_workflow_v8_remaining_location_deduped_final_after10_30_2026-05-23,34.0359957987,-118.417737889,"NORTHVALE ROAD AT BUTTERFIELD ROAD, 90064",90,34.0359957987_-118.417737889_90.jpg,1,0.804,tent
api_test_workflow_v8_remaining_location_deduped_final_after10_30_2026-05-23,33.9833676793,-118.311519047,"62ND ST AT ST ANDREWS PL, 90047",90,33.9833676793_-118.311519047_90.jpg,1,0.8773,tent
api_test_workflow_v8_remaining_location_deduped_final_after10_30_2026-05-23,34.1888974606,-118.590559667,"20999 W DEERING CIR, 91303",90,34.1888974606_-118.590559667_90.jpg,2,0.8897,tent
api_test_workflow_v8_remaining_location_deduped_final_after10_30_2026-05-23,34.1888974606,-118.590559667,"20999 W DEERING CIR, 91303",180,34.1888974606_-118.590559667_180.jpg,2,0.909,tent
api_test_workflow_v8_remaining_location_deduped_final_after10_30_2026-05-23,34.1888974606,-118.590559667,"20999 W DEERING CIR, 91303",270,34.1888974606_-118.590559667_270.jpg,1,0.7852,tent
api_test_workflow_v8_remaining_location_deduped_final_after10_30_2026-05-23,34.0542423521,-118.230940036,"555 E RAMIREZ ST, 90012",270,34.0542423521_-118.230940036_270.jpg,1,0.7663,tent
api_test_workflow_v8_remaining_location_deduped_final_after10_30_2026-05-23,34.077756258,-118.280116404,"SILVER LAKE BLVD AT LONDON ST, 90026",90,34.077756258_-118.280116404_90.jpg,1,0.7779,tent
api_test_workflow_v8_remaining_location_deduped_final_after10_30_2026-05-23,33.986080601,-118.466015878,"475 CARROLL CANAL WK, 90291",90,33.986080601_-118.466015878_90.jpg,1,0.6207,tent
api_test_workflow_v8_remaining_location_deduped_final_after10_30_2026-05-23,33.986080601,-118.466015878,"475 CARROLL CANAL WK, 90291",180,33.986080601_-118.466015878_180.jpg,1,0.6033,tent
api_test_workflow_v8_remaining_location_deduped_final_after10_30_2026-05-23,33.7756342132,-118.260827068,"E ST AT BROAD AVE, 90744",90,33.7756342132_-118.260827068_90.jpg,4,0.8362,tent
api_test_workflow_v8_remaining_location_deduped_final_after10_30_2026-05-23,33.7756342132,-118.260827068,"E ST AT BROAD AVE, 90744",180,33.7756342132_-118.260827068_180.jpg,1,0.8012,tent
api_test_workflow_v8_remaining_location_deduped_final_after10_30_2026-05-23,34.1982180269,-118.533668353,"7023 N DARBY AVE, 91335",270,34.1982180269_-118.533668353_270.jpg,1,0.9298,tent
api_test_workflow_v8_remaining_location_deduped_final_after10_30_2026-05-23,34.0578202835,-118.275296455,"2021 W WILSHIRE BLVD, 90057",0,34.0578202835_-118.275296455_0.jpg,1,0.6111,tent
api_test_workflow_v8_remaining_location_deduped_final_after10_30_2026-05-23,34.0578176779,-118.210205467,"MARENGO ST AT STATE ST, 90033",180,34.0578176779_-118.210205467_180.jpg,1,0.7995,tent
api_test_workflow_v8_remaining_location_deduped_final_after10_30_2026-05-23,34.1064090323,-118.330821757,"1950 N WILCOX AVE, 90068",0,34.1064090323_-118.330821757_0.jpg,1,0.887,tent
api_test_workflow_v8_remaining_location_deduped_final_after10_30_2026-05-23,34.257298974,-118.499960528,"16850 W DEVONSHIRE ST, 91344",0,34.257298974_-118.499960528_0.jpg,1,0.7492,tent
api_test_workflow_v8_remaining_location_deduped_final_after10_30_2026-05-23,33.9539713444,-118.447017239,"REDLANDS ST AT VISTA DEL MAR LANE, 90293",180,33.9539713444_-118.447017239_180.jpg,1,0.947,tent
api_test_workflow_v8_remaining_location_deduped_final_after10_30_2026-05-23,34.2084523252,-118.390015615,"SATICOY ST AT MORELLA AVE, 91605",270,34.2084523252_-118.390015615_270.jpg,1,0.7983,tent
api_test_workflow_v8_remaining_location_deduped_final_after10_30_2026-05-23,34.051667945,-118.275483921,"902 S BURLINGTON AVE, 90006",0,34.051667945_-118.275483921_0.jpg,3,0.8631,tent
api_test_workflow_v8_remaining_location_deduped_final_after10_30_2026-05-23,34.051667945,-118.275483921,"902 S BURLINGTON AVE, 90006",270,34.051667945_-118.275483921_270.jpg,2,0.8877,tent
api_test_workflow_v8_remaining_location_deduped_final_after10_30_2026-05-23,34.2171475615,-118.474806677,"8048 N HASKELL AVE, 91406",270,34.2171475615_-118.474806677_270.jpg,2,0.7615,tent
api_test_workflow_v8_remaining_location_deduped_final_after10_30_2026-05-23,34.0227035328,-118.240724639,"1615 S MCGARRY ST, 90021",0,34.0227035328_-118.240724639_0.jpg,2,0.9041,tent
api_test_workflow_v8_remaining_location_deduped_final_after10_30_2026-05-23,34.0227035328,-118.240724639,"1615 S MCGARRY ST, 90021",90,34.0227035328_-118.240724639_90.jpg,2,0.9347,tent
api_test_workflow_v8_remaining_location_deduped_final_after10_30_2026-05-23,34.0345603795,-118.26210828,"1421 S MAIN ST, 90015",0,34.0345603795_-118.26210828_0.jpg,1,0.7549,tent
api_test_workflow_v8_remaining_location_deduped_final_after10_30_2026-05-23,34.2002898458,-118.533409524,"7130 N DARBY AVE, 91335",0,34.2002898458_-118.533409524_0.jpg,1,0.7883,tent
api_test_workflow_v8_remaining_location_deduped_final_after10_30_2026-05-23,34.0624224544,-118.281366545,"6TH ST AT RAMPART BLVD, 90057",0,34.0624224544_-118.281366545_0.jpg,1,0.6565,tent
api_test_workflow_v8_remaining_location_deduped_final_after10_30_2026-05-23,34.3093028655,-118.428382208,"13551 W HUBBARD ST, 91342",180,34.3093028655_-118.428382208_180.jpg,1,0.7549,tent
api_test_workflow_v8_remaining_location_deduped_final_after10_30_2026-05-23,34.0231254905,-118.241440856,"1800 E 16TH ST, 90021",90,34.0231254905_-118.241440856_90.jpg,1,0.8672,tent
api_test_workflow_v8_remaining_location_deduped_final_after10_30_2026-05-23,34.0231254905,-118.241440856,"1800 E 16TH ST, 90021",180,34.0231254905_-118.241440856_180.jpg,1,0.8552,tent
api_test_workflow_v8_remaining_location_deduped_final_after10_30_2026-05-23,33.7486299433,-118.292205362,"630 N GAFFEY PL, 90731",270,33.7486299433_-118.292205362_270.jpg,1,0.8704,tent
api_test_workflow_v8_remaining_location_deduped_final_after10_30_2026-05-23,34.0191112422,-118.26290714,"29TH ST AT SAN PEDRO ST, 90011",270,34.0191112422_-118.26290714_270.jpg,1,0.8222,tent
api_test_workflow_v8_remaining_location_deduped_final_after10_30_2026-05-23,34.2205302468,-118.358689018,"8266 N DE GARMO AVE, 91352",270,34.2205302468_-118.358689018_270.jpg,1,0.7491,tent
api_test_workflow_v8_remaining_location_deduped_final_after10_30_2026-05-23,34.2184581871,-118.390122098,"8150 N WEBB AVE, 91605",270,34.2184581871_-118.390122098_270.jpg,1,0.7272,tent
api_test_workflow_v8_remaining_location_deduped_final_after10_30_2026-05-23,34.0212226833,-118.271583878,"105 W 31ST ST, 90007",90,34.0212226833_-118.271583878_90.jpg,2,0.8833,tent
api_test_workflow_v8_remaining_location_deduped_final_after10_30_2026-05-23,34.0373036038,-118.27899577,"950 W WASHINGTON BLVD, 90015",90,34.0373036038_-118.27899577_90.jpg,1,0.7518,tent
api_test_workflow_v8_remaining_location_deduped_final_after10_30_2026-05-23,34.0496212105,-118.267515958,"HARBOR FRWY AT 8TH ST, 90017",0,34.0496212105_-118.267515958_0.jpg,1,0.7852,tent
api_test_workflow_v8_remaining_location_deduped_final_after10_30_2026-05-23,34.0496212105,-118.267515958,"HARBOR FRWY AT 8TH ST, 90017",90,34.0496212105_-118.267515958_90.jpg,1,0.9248,tent
api_test_workflow_v8_remaining_location_deduped_final_after10_30_2026-05-23,34.0496212105,-118.267515958,"HARBOR FRWY AT 8TH ST, 90017",180,34.0496212105_-118.267515958_180.jpg,1,0.7218,tent
api_test_workflow_v8_remaining_location_deduped_final_after10_30_2026-05-23,34.0448736327,-118.240602568,"351 S TOWNE AVE, 90013",90,34.0448736327_-118.240602568_90.jpg,1,0.6642,tent
api_test_workflow_v8_remaining_location_deduped_final_after10_30_2026-05-23,34.0214248788,-118.240640789,"1661 S MCGARRY ST, 90021",90,34.0214248788_-118.240640789_90.jpg,1,0.6077,tent
api_test_workflow_v8_remaining_location_deduped_final_after10_30_2026-05-23,34.0231028964,-118.241293675,"1800 E 16TH ST, 90021",90,34.0231028964_-118.241293675_90.jpg,1,0.8672,tent
api_test_workflow_v8_remaining_location_deduped_final_after10_30_2026-05-23,34.0231028964,-118.241293675,"1800 E 16TH ST, 90021",180,34.0231028964_-118.241293675_180.jpg,1,0.8552,tent
api_test_workflow_v8_remaining_location_deduped_final_after10_30_2026-05-23,34.0762323935,-118.367561943,"8169 W BEVERLY BLVD, 90048",90,34.0762323935_-118.367561943_90.jpg,1,0.918,tent
api_test_workflow_v8_remaining_location_deduped_final_after10_30_2026-05-23,34.1817080776,-118.544298702,"18856 W CALVERT ST, 91335",90,34.1817080776_-118.544298702_90.jpg,1,0.8001,tent
api_test_workflow_v8_remaining_location_deduped_final_after10_30_2026-05-23,34.0488717395,-118.26691679,"1136 W 8TH PL, 90017",0,34.0488717395_-118.26691679_0.jpg,2,0.8118,tent
api_test_workflow_v8_remaining_location_deduped_final_after10_30_2026-05-23,34.0488717395,-118.26691679,"1136 W 8TH PL, 90017",90,34.0488717395_-118.26691679_90.jpg,1,0.7687,tent
api_test_workflow_v8_remaining_location_deduped_final_after10_30_2026-05-23,34.0488717395,-118.26691679,"1136 W 8TH PL, 90017",180,34.0488717395_-118.26691679_180.jpg,2,0.8133,tent
api_test_workflow_v8_remaining_location_deduped_final_after10_30_2026-05-23,34.0558616293,-118.278791362,"739 S LAKE ST, 90057",0,34.0558616293_-118.278791362_0.jpg,1,0.7214,tent
api_test_workflow_v8_remaining_location_deduped_final_after10_30_2026-05-23,34.0558616293,-118.278791362,"739 S LAKE ST, 90057",270,34.0558616293_-118.278791362_270.jpg,1,0.8432,tent
api_test_workflow_v8_remaining_location_deduped_final_after10_30_2026-05-23,34.0918147341,-118.294885258,"1132 N HELIOTROPE DR, 90029",90,34.0918147341_-118.294885258_90.jpg,1,0.6457,tent
api_test_workflow_v8_remaining_location_deduped_final_after10_30_2026-05-23,34.0615691692,-118.283596059,"2801 W WILSHIRE BLVD, 90057",0,34.0615691692_-118.283596059_0.jpg,1,0.6245,tent
api_test_workflow_v8_remaining_location_deduped_final_after10_30_2026-05-23,34.0302794539,-118.391447371,"3335 S ROBERTSON BLVD, 90034",0,34.0302794539_-118.391447371_0.jpg,1,0.6335,tent
api_test_workflow_v8_remaining_location_deduped_final_after10_30_2026-05-23,34.1404159642,-118.36330556,"10709 W BLUFFSIDE DR, 91604",90,34.1404159642_-118.36330556_90.jpg,1,0.8329,tent
api_test_workflow_v8_remaining_location_deduped_final_after10_30_2026-05-23,34.1404159642,-118.36330556,"10709 W BLUFFSIDE DR, 91604",180,34.1404159642_-118.36330556_180.jpg,1,0.9099,tent
api_test_workflow_v8_remaining_location_deduped_final_after10_30_2026-05-23,34.2017570328,-118.503465562,"7217 N GENESTA AVE, 91406",90,34.2017570328_-118.503465562_90.jpg,1,0.6869,tent
api_test_workflow_v8_remaining_location_deduped_final_after10_30_2026-05-23,33.9627086181,-118.268905699,"316 E 84TH ST, 90003",270,33.9627086181_-118.268905699_270.jpg,1,0.9002,tent
api_test_workflow_v8_remaining_location_deduped_final_after10_30_2026-05-23,34.2355004179,-118.370330171,"10983 W TUXFORD ST, 91352",270,34.2355004179_-118.370330171_270.jpg,1,0.6489,tent
api_test_workflow_v8_remaining_location_deduped_final_after10_30_2026-05-23,34.2448770031,-118.590935348,"21001 W ITASCA ST, 91311",0,34.2448770031_-118.590935348_0.jpg,1,0.6866,tent
api_test_workflow_v8_remaining_location_deduped_final_after10_30_2026-05-23,34.2448770031,-118.590935348,"21001 W ITASCA ST, 91311",270,34.2448770031_-118.590935348_270.jpg,1,0.898,tent
api_test_workflow_v8_remaining_location_deduped_final_after10_30_2026-05-23,33.9841514067,-118.265857509,"514 E 61ST ST, 90003",270,33.9841514067_-118.265857509_270.jpg,1,0.7071,tent
api_test_workflow_v8_remaining_location_deduped_final_after10_30_2026-05-23,34.2539406567,-118.402996093,"12371 W MONTAGUE ST, 91331",0,34.2539406567_-118.402996093_0.jpg,1,0.8143,tent
api_test_workflow_v8_remaining_location_deduped_final_after10_30_2026-05-23,34.0728460553,-118.389652886,"358 S DOHENY DR, 90048",0,34.0728460553_-118.389652886_0.jpg,1,0.6183,tent
api_test_workflow_v8_remaining_location_deduped_final_after10_30_2026-05-23,34.1888011123,-118.590623702,"INDEPENDENCE AVE AT DEERING CIR, 91303",90,34.1888011123_-118.590623702_90.jpg,2,0.8897,tent
api_test_workflow_v8_remaining_location_deduped_final_after10_30_2026-05-23,34.1888011123,-118.590623702,"INDEPENDENCE AVE AT DEERING CIR, 91303",180,34.1888011123_-118.590623702_180.jpg,2,0.909,tent
api_test_workflow_v8_remaining_location_deduped_final_after10_30_2026-05-23,34.1888011123,-118.590623702,"INDEPENDENCE AVE AT DEERING CIR, 91303",270,34.1888011123_-118.590623702_270.jpg,1,0.7852,tent
api_test_workflow_v8_remaining_location_deduped_final_after10_30_2026-05-23,34.1637403926,-118.396762955,"5127 N LAUREL CANYON BLVD, 91607",90,34.1637403926_-118.396762955_90.jpg,1,0.629,tent
api_test_workflow_v8_remaining_location_deduped_final_after10_30_2026-05-23,34.0978332953,-118.335209507,"1490 N CHEROKEE AVE, 90028",90,34.0978332953_-118.335209507_90.jpg,1,0.6647,tent
api_test_workflow_v8_remaining_location_deduped_final_after10_30_2026-05-23,33.7743061868,-118.25941567,"LAKME AVE AT D ST, 90744",0,33.7743061868_-118.25941567_0.jpg,1,0.9193,tent
api_test_workflow_v8_remaining_location_deduped_final_after10_30_2026-05-23,33.7743061868,-118.25941567,"LAKME AVE AT D ST, 90744",90,33.7743061868_-118.25941567_90.jpg,1,0.6809,tent
api_test_workflow_v8_remaining_location_deduped_final_after10_30_2026-05-23,34.016526056,-118.309250015,"1613 W 38TH PL, 90062",0,34.016526056_-118.309250015_0.jpg,1,0.8511,tent
api_test_workflow_v8_remaining_location_deduped_final_after10_30_2026-05-23,33.7797086794,-118.263373995,"140 W ANAHEIM ST, 90744",270,33.7797086794_-118.263373995_270.jpg,1,0.7725,tent
api_test_workflow_v8_remaining_location_deduped_final_after10_30_2026-05-23,33.9625870319,-118.269377951,"8406 S SAN PEDRO ST, 90003",0,33.9625870319_-118.269377951_0.jpg,1,0.6134,tent
api_test_workflow_v8_remaining_location_deduped_final_after10_30_2026-05-23,34.0443004125,-118.212073053,"2208 E 1ST ST, 90033",90,34.0443004125_-118.212073053_90.jpg,1,0.8071,tent
api_test_workflow_v8_remaining_location_deduped_final_after10_30_2026-05-23,33.9319606764,-118.282634771,"113TH ST AT FIGUEROA ST, 90044",270,33.9319606764_-118.282634771_270.jpg,1,0.7184,tent
api_test_workflow_v8_remaining_location_deduped_final_after10_30_2026-05-23,34.0362518667,-118.255670177,"1130 1/2 S MAPLE AVE, 90015",90,34.0362518667_-118.255670177_90.jpg,4,0.9155,tent
api_test_workflow_v8_remaining_location_deduped_final_after10_30_2026-05-23,34.0362518667,-118.255670177,"1130 1/2 S MAPLE AVE, 90015",180,34.0362518667_-118.255670177_180.jpg,1,0.6456,tent
api_test_workflow_v8_remaining_location_deduped_final_after10_30_2026-05-23,34.0362518667,-118.255670177,"1130 1/2 S MAPLE AVE, 90015",270,34.0362518667_-118.255670177_270.jpg,1,0.8526,tent
api_test_workflow_v8_remaining_location_deduped_final_after10_30_2026-05-23,34.2345853601,-118.482892932,"GAVIOTA AVE AT SUNBURST ST, 91343",270,34.2345853601_-118.482892932_270.jpg,1,0.6255,tent
api_test_workflow_v8_remaining_location_deduped_final_after10_30_2026-05-23,33.9985460889,-118.293484627,"1050 W 49TH ST, 90037",90,33.9985460889_-118.293484627_90.jpg,1,0.7023,tent
api_test_workflow_v8_remaining_location_deduped_final_after10_30_2026-05-23,34.2175232451,-118.378979848,"8100 N TUJUNGA AVE, 91352",90,34.2175232451_-118.378979848_90.jpg,1,0.836,tent
api_test_workflow_v8_remaining_location_deduped_final_after10_30_2026-05-23,34.0455246726,-118.24003573,"321 S TOWNE AVE, 90013",0,34.0455246726_-118.24003573_0.jpg,1,0.9157,tent
api_test_workflow_v8_remaining_location_deduped_final_after10_30_2026-05-23,34.0455246726,-118.24003573,"321 S TOWNE AVE, 90013",270,34.0455246726_-118.24003573_270.jpg,1,0.7749,tent
api_test_workflow_v8_remaining_location_deduped_final_after10_30_2026-05-23,34.0157431959,-118.245741912,"1536 E 24TH ST, 90011",270,34.0157431959_-118.245741912_270.jpg,1,0.872,tent
api_test_workflow_v8_remaining_location_deduped_final_after10_30_2026-05-23,34.234984389,-118.48280981,"9050 N GAVIOTA AVE, 91343",270,34.234984389_-118.48280981_270.jpg,1,0.8422,tent
api_test_workflow_v8_remaining_location_deduped_final_after10_30_2026-05-23,34.221277648,-118.473703516,"15660 W ROSCOE BLVD, 91406",270,34.221277648_-118.473703516_270.jpg,1,0.8348,tent
api_test_workflow_v8_remaining_location_deduped_final_after10_30_2026-05-23,34.0801841507,-118.217674234,"2626 N HUMBOLDT ST, 90031",270,34.0801841507_-118.217674234_270.jpg,1,0.9526,tent
api_test_workflow_v8_remaining_location_deduped_final_after10_30_2026-05-23,34.0122215998,-118.276502196,"3858 S BROADWAY PL, 90037",180,34.0122215998_-118.276502196_180.jpg,1,0.6013,tent
api_test_workflow_v8_remaining_location_deduped_final_after10_30_2026-05-23,34.0122215998,-118.276502196,"3858 S BROADWAY PL, 90037",270,34.0122215998_-118.276502196_270.jpg,1,0.657,tent
api_test_workflow_v8_remaining_location_deduped_final_after10_30_2026-05-23,34.008267524,-118.265829302,"495 E 41ST PL, 90011",0,34.008267524_-118.265829302_0.jpg,1,0.9257,tent
api_test_workflow_v8_remaining_location_deduped_final_after10_30_2026-05-23,34.0545294556,-118.27285452,"1716 W 7TH ST, 90017",180,34.0545294556_-118.27285452_180.jpg,1,0.6637,tent
api_test_workflow_v8_remaining_location_deduped_final_after10_30_2026-05-23,34.0373840135,-118.240604372,"INDUSTRIAL ST AT CENTRAL AVE, 90021",0,34.0373840135_-118.240604372_0.jpg,1,0.8116,tent
api_test_workflow_v8_remaining_location_deduped_final_after10_30_2026-05-23,34.0106989064,-118.278578473,"4001 S BROADWAY, 90037",90,34.0106989064_-118.278578473_90.jpg,1,0.784,tent
api_test_workflow_v8_remaining_location_deduped_final_after10_30_2026-05-23,34.0161917658,-118.230557724,"2349 S SANTA FE AVE, 90058",0,34.0161917658_-118.230557724_0.jpg,2,0.8184,tent
api_test_workflow_v8_remaining_location_deduped_final_after10_30_2026-05-23,34.0161917658,-118.230557724,"2349 S SANTA FE AVE, 90058",90,34.0161917658_-118.230557724_90.jpg,1,0.9268,tent
api_test_workflow_v8_remaining_location_deduped_final_after10_30_2026-05-23,33.9600157617,-118.291493672,"VERMONT AVE AT MANCHESTER AVE, 90044",180,33.9600157617_-118.291493672_180.jpg,1,0.7745,tent
api_test_workflow_v8_remaining_location_deduped_final_after10_30_2026-05-23,34.002581629,-118.274250099,"4507 S MAIN ST, 90037",180,34.002581629_-118.274250099_180.jpg,1,0.641,tent
api_test_workflow_v8_remaining_location_deduped_final_after10_30_2026-05-23,33.7839457364,-118.243484806,"1018 N ALAMEDA ST, 90744",180,33.7839457364_-118.243484806_180.jpg,1,0.8528,tent
api_test_workflow_v8_remaining_location_deduped_final_after10_30_2026-05-23,34.0766468709,-118.290687211,"305 N JUANITA AVE, 90004",0,34.0766468709_-118.290687211_0.jpg,1,0.7795,tent
api_test_workflow_v8_remaining_location_deduped_final_after10_30_2026-05-23,34.0766468709,-118.290687211,"305 N JUANITA AVE, 90004",180,34.0766468709_-118.290687211_180.jpg,1,0.743,tent
api_test_workflow_v8_remaining_location_deduped_final_after10_30_2026-05-23,34.0068939028,-118.240355204,"1842 E 41ST PL, 90058",90,34.0068939028_-118.240355204_90.jpg,1,0.831,tent
api_test_workflow_v8_remaining_location_deduped_final_after10_30_2026-05-23,34.0429536538,-118.422897353,"PICO BLVD AT MANNING AVE, 90064",270,34.0429536538_-118.422897353_270.jpg,1,0.6597,tent
api_test_workflow_v8_remaining_location_deduped_final_after10_30_2026-05-23,34.0541513496,-118.267035518,"1311 W WILSHIRE BLVD, 90017",90,34.0541513496_-118.267035518_90.jpg,2,0.8513,tent
api_test_workflow_v8_remaining_location_deduped_final_after10_30_2026-05-23,34.0470190756,-118.264738082,"FRANCISCO ST AT JAMES M. WOOD BLVD, 90017",270,34.0470190756_-118.264738082_270.jpg,1,0.9194,tent
api_test_workflow_v8_remaining_location_deduped_final_after10_30_2026-05-23,33.9868925876,-118.467024194,"NORTH VENICE BLVD AT VENICE BLVD, 90291",0,33.9868925876_-118.467024194_0.jpg,1,0.727,tent
api_test_workflow_v8_remaining_location_deduped_final_after10_30_2026-05-23,34.0367568622,-118.240039268,"1326 E INDUSTRIAL ST, 90021",0,34.0367568622_-118.240039268_0.jpg,1,0.884,tent
api_test_workflow_v8_remaining_location_deduped_final_after10_30_2026-05-23,34.2764288725,-118.383992007,"11359 N HELA AVE, 91342",90,34.2764288725_-118.383992007_90.jpg,1,0.7616,tent
api_test_workflow_v8_remaining_location_deduped_final_after10_30_2026-05-23,34.0165229176,-118.198020589,"UNION PACIFIC AVE AT CALADA ST, 90023",270,34.0165229176_-118.198020589_270.jpg,1,0.8179,tent
api_test_workflow_v8_remaining_location_deduped_final_after10_30_2026-05-23,34.0390000375,-118.244697995,"826 E 7TH ST, 90021",0,34.0390000375_-118.244697995_0.jpg,2,0.9224,tent
api_test_workflow_v8_remaining_location_deduped_final_after10_30_2026-05-23,34.0390000375,-118.244697995,"826 E 7TH ST, 90021",90,34.0390000375_-118.244697995_90.jpg,2,0.9331,tent
api_test_workflow_v8_remaining_location_deduped_final_after10_30_2026-05-23,34.0390000375,-118.244697995,"826 E 7TH ST, 90021",180,34.0390000375_-118.244697995_180.jpg,3,0.9146,tent
api_test_workflow_v8_remaining_location_deduped_final_after10_30_2026-05-23,34.0390000375,-118.244697995,"826 E 7TH ST, 90021",270,34.0390000375_-118.244697995_270.jpg,2,0.956,tent
api_test_workflow_v8_remaining_location_deduped_final_after10_30_2026-05-23,34.0913866872,-118.212605765,"325 W AVENUE 38, 90065",90,34.0913866872_-118.212605765_90.jpg,1,0.8522,tent
api_test_workflow_v8_remaining_location_deduped_final_after10_30_2026-05-23,34.18293088,-118.60168766,"21701 W ERWIN ST, 91367",90,34.18293088_-118.60168766_90.jpg,1,0.7343,tent
api_test_workflow_v8_remaining_location_deduped_final_after10_30_2026-05-23,33.9980115637,-118.460607172,"1400 S LINCOLN BLVD, 90291",270,33.9980115637_-118.460607172_270.jpg,1,0.6664,tent
api_test_workflow_v8_remaining_location_deduped_final_after10_30_2026-05-23,33.9850185296,-118.274790459,"120 W 60TH ST, 90003",180,33.9850185296_-118.274790459_180.jpg,1,0.7856,tent
api_test_workflow_v8_remaining_location_deduped_final_after10_30_2026-05-23,34.0435149652,-118.242626528,"611 E 5TH ST, 90013",0,34.0435149652_-118.242626528_0.jpg,3,0.8518,tent
api_test_workflow_v8_remaining_location_deduped_final_after10_30_2026-05-23,34.0435149652,-118.242626528,"611 E 5TH ST, 90013",180,34.0435149652_-118.242626528_180.jpg,1,0.7235,tent
api_test_workflow_v8_remaining_location_deduped_final_after10_30_2026-05-23,34.0435149652,-118.242626528,"611 E 5TH ST, 90013",270,34.0435149652_-118.242626528_270.jpg,4,0.8699,tent
api_test_workflow_v8_remaining_location_deduped_final_after10_30_2026-05-23,34.055901636,-118.277077532,"730 S ALVARADO ST, 90057",180,34.055901636_-118.277077532_180.jpg,2,0.8342,tent
api_test_workflow_v8_remaining_location_deduped_final_after10_30_2026-05-23,34.0434231551,-118.442791699,"1904 S COTNER AVE, 90025",0,34.0434231551_-118.442791699_0.jpg,2,0.8943,tent
api_test_workflow_v8_remaining_location_deduped_final_after10_30_2026-05-23,34.0434231551,-118.442791699,"1904 S COTNER AVE, 90025",90,34.0434231551_-118.442791699_90.jpg,3,0.9172,tent
api_test_workflow_v8_remaining_location_deduped_final_after10_30_2026-05-23,34.0300984622,-118.254880158,"720 E 15TH ST, 90021",0,34.0300984622_-118.254880158_0.jpg,1,0.7817,tent
api_test_workflow_v8_remaining_location_deduped_final_after10_30_2026-05-23,34.0233433501,-118.243758573,"1600 S COMPTON AVE, 90021",0,34.0233433501_-118.243758573_0.jpg,2,0.8408,tent
api_test_workflow_v8_remaining_location_deduped_final_after10_30_2026-05-23,34.0233433501,-118.243758573,"1600 S COMPTON AVE, 90021",90,34.0233433501_-118.243758573_90.jpg,1,0.8534,tent
api_test_workflow_v8_remaining_location_deduped_final_after10_30_2026-05-23,34.0233433501,-118.243758573,"1600 S COMPTON AVE, 90021",180,34.0233433501_-118.243758573_180.jpg,1,0.7293,tent
api_test_workflow_v8_remaining_location_deduped_final_after10_30_2026-05-23,34.0546510378,-118.194832985,"1270 N EVERGREEN AVE, 90033",270,34.0546510378_-118.194832985_270.jpg,1,0.7201,tent
api_test_workflow_v8_remaining_location_deduped_final_after10_30_2026-05-23,34.049419381,-118.196060216,"3014 E WABASH AVE, 90063",180,34.049419381_-118.196060216_180.jpg,2,0.8977,tent
api_test_workflow_v8_remaining_location_deduped_final_after10_30_2026-05-23,34.0948542822,-118.281062653,"1198 N MYRA AVE, 90029",90,34.0948542822_-118.281062653_90.jpg,1,0.8556,tent
api_test_workflow_v8_remaining_location_deduped_final_after10_30_2026-05-23,33.9666117203,-118.285482211,"636 W 80TH ST, 90044",0,33.9666117203_-118.285482211_0.jpg,1,0.7426,tent
api_test_workflow_v8_remaining_location_deduped_final_after10_30_2026-05-23,34.1066123887,-118.232105294,"2221 W AVENUE 33, 90065",90,34.1066123887_-118.232105294_90.jpg,1,0.8445,tent
api_test_workflow_v8_remaining_location_deduped_final_after10_30_2026-05-23,34.0293522706,-118.242711016,"10TH ST AT NAOMI AVE, 90021",180,34.0293522706_-118.242711016_180.jpg,1,0.7677,tent
api_test_workflow_v8_remaining_location_deduped_final_after10_30_2026-05-23,34.0293522706,-118.242711016,"10TH ST AT NAOMI AVE, 90021",270,34.0293522706_-118.242711016_270.jpg,1,0.7728,tent
api_test_workflow_v8_remaining_location_deduped_final_after10_30_2026-05-23,33.9730673578,-118.265726638,"555 E 74TH ST, 90003",0,33.9730673578_-118.265726638_0.jpg,1,0.6635,tent
api_test_workflow_v8_remaining_location_deduped_final_after10_30_2026-05-23,34.0710140857,-118.261985903,"1661 W BELLEVUE AVE, 90026",90,34.0710140857_-118.261985903_90.jpg,1,0.7751,tent
api_test_workflow_v8_remaining_location_deduped_final_after10_30_2026-05-23,34.0182578799,-118.24499412,"2101 S COMPTON AVE, 90011",90,34.0182578799_-118.24499412_90.jpg,1,0.7181,tent
api_test_workflow_v8_remaining_location_deduped_final_after10_30_2026-05-23,34.027920377,-118.23237076,"1401 S MATEO ST, 90021",90,34.027920377_-118.23237076_90.jpg,1,0.7275,tent
api_test_workflow_v8_remaining_location_deduped_final_after10_30_2026-05-23,34.2330380939,-118.574619535,"20235 W BAHAMA ST, 91311",180,34.2330380939_-118.574619535_180.jpg,1,0.7025,tent
api_test_workflow_v8_remaining_location_deduped_final_after10_30_2026-05-23,33.9985683304,-118.44894327,"2233 S GLENCOE AVE, 90291",180,33.9985683304_-118.44894327_180.jpg,1,0.9078,tent
api_test_workflow_v8_remaining_location_deduped_final_after10_30_2026-05-23,34.0394998655,-118.20035726,"1ST ST AT DACOTAH ST, 90063",0,34.0394998655_-118.20035726_0.jpg,1,0.7607,tent
api_test_workflow_v8_remaining_location_deduped_final_after10_30_2026-05-23,33.9831330897,-118.269725481,"6203 S SAN PEDRO ST, 90003",270,33.9831330897_-118.269725481_270.jpg,1,0.6306,tent
api_test_workflow_v8_remaining_location_deduped_final_after10_30_2026-05-23,34.0834124763,-118.374392246,"8428 W MELROSE PL, 90069",90,34.0834124763_-118.374392246_90.jpg,1,0.7222,tent
api_test_workflow_v8_remaining_location_deduped_final_after10_30_2026-05-23,34.0417379002,-118.246848385,"640 S SAN JULIAN ST, 90014",0,34.0417379002_-118.246848385_0.jpg,1,0.812,tent
api_test_workflow_v8_remaining_location_deduped_final_after10_30_2026-05-23,34.0417379002,-118.246848385,"640 S SAN JULIAN ST, 90014",270,34.0417379002_-118.246848385_270.jpg,2,0.8746,tent
api_test_workflow_v8_remaining_location_deduped_final_after10_30_2026-05-23,34.0248370884,-118.268714173,"ADAMS BLVD AT MAIN ST, 90011",270,34.0248370884_-118.268714173_270.jpg,1,0.7631,tent
api_test_workflow_v8_remaining_location_deduped_final_after10_30_2026-05-23,34.0158928567,-118.245654477,"1529 E 24TH ST, 90011",270,34.0158928567_-118.245654477_270.jpg,1,0.872,tent
